time_s,L_fx1,L_fy1,L_fz1,L_fx2,L_fy2,L_fz2,L_proximity,L_roll,L_pitch,L_yaw,R_fx1,R_fy1,R_fz1,R_fx2,R_fy2,R_fz2,R_proximity,R_roll,R_pitch,R_yaw
0.0,0.0,0.0,0.0,0.0,0.0,0.0,0.0157335774776836,-4.129999999999996,-16.900000000000002,3.950000000000017,0.0,0.0,0.0,0.0,0.0,0.0,0.0053925383382925,1.6999999999999886,17.3,29.6
0.0160000007599592,0.0,0.0,0.0,0.0,0.0,0.0,0.0158098725871671,-4.129999999999996,-16.900000000000002,3.950000000000017,0.0,0.0,0.0,0.0,0.0,0.0,0.0053925383382925,1.6999999999999886,17.3,29.6
0.0310000013560056,0.0,0.0,0.0,0.0,0.0,0.0,0.0158098725871671,-4.129999999999996,-16.900000000000002,3.950000000000017,0.0,0.0,0.0,0.0,0.0,0.0,0.0053772793163958,1.6999999999999886,17.3,29.6
0.0470000002533197,0.0,0.0,0.0,0.0,0.0,0.0,0.0158556496528572,-4.129999999999996,-16.900000000000002,3.950000000000017,0.0,0.0,0.0,0.0,0.0,0.0,0.0053925383382925,1.6999999999999886,17.3,29.6
0.0620000008493661,0.0,0.0,0.0,0.0,0.0,0.0,0.0158709086747539,-4.029999999999987,-16.900000000000002,3.950000000000017,0.0,0.0,0.0,0.0,0.0,0.0,0.0053925383382925,1.799999999999983,17.3,29.6
0.0780000016093254,0.0,0.0,0.0,0.0,0.0,0.0,0.0159624628061341,-4.029999999999987,-16.900000000000002,3.950000000000017,0.0,0.0,0.0,0.0,0.0,0.0,0.0054077973601892,1.799999999999983,17.3,29.6
0.1090000011026859,0.0,0.0,0.0,0.0,0.0,0.0,0.0159624628061341,-4.029999999999987,-16.900000000000002,3.950000000000017,0.0,0.0,0.0,0.0,0.0,0.0,0.0054077973601892,1.799999999999983,17.3,29.7
0.125,0.0,0.0,0.0,0.0,0.0,0.0,0.0160082398718242,-4.029999999999987,-16.900000000000002,3.950000000000017,0.0,0.0,0.0,0.0,0.0,0.0,0.0060944533455405,1.799999999999983,17.3,29.7
0.1410000007599592,0.0,0.0,0.0,0.0,0.0,0.0,0.0160082398718242,-3.9299999999999926,-17.0,3.850000000000023,0.0,0.0,0.0,0.0,0.0,0.0,0.0054230563820859,1.8999999999999773,17.3,29.7
0.1560000013560056,0.0,0.0,0.0,0.0,0.0,0.0,0.0162218661783779,-3.9299999999999926,-17.0,3.850000000000023,0.0,0.0,0.0,0.0,0.0,0.0,0.0060028992141603,1.8999999999999773,17.3,29.7
0.1720000002533197,0.0,0.0,0.0,0.0,0.0,0.0,0.0163744563973449,-3.9299999999999926,-17.0,3.850000000000023,0.0,0.0,0.0,0.0,0.0,0.0,0.005514610513466,1.8999999999999773,17.3,29.7
0.1870000008493662,0.0,0.0,0.0,0.0,0.0,0.0,0.0164965285725185,-3.9299999999999926,-17.0,3.850000000000023,0.0,0.0,0.0,0.0,0.0,0.0,0.0069031815060654,1.8999999999999773,17.3,29.7
0.2030000016093254,0.0,0.0,0.0,0.0,0.0,0.0,0.0166948958571755,-3.9299999999999926,-17.0,3.850000000000023,0.0,0.0,0.0,0.0,0.0,0.0,0.0057282368200198,1.8999999999999773,17.3,29.7
0.2190000005066394,0.0,0.0,0.0,0.0,0.0,0.0,0.0168474860761425,-3.829999999999984,-17.0,3.850000000000023,0.0,0.0,0.0,0.0,0.0,0.0,0.0060028992141603,1.8999999999999773,17.3,29.7
0.2340000011026859,0.0,0.0,0.0,0.0,0.0,0.0,0.0170763714045929,-3.829999999999984,-17.0,3.850000000000023,0.0,0.0,0.0,0.0,0.0,0.0,0.0060944533455405,1.8999999999999773,17.3,29.7
0.25,0.0,0.0,0.0,0.0,0.0,0.0,0.0172442206454566,-3.9299999999999926,-17.0,3.850000000000023,0.0,0.0,0.0,0.0,0.0,0.0,0.0069031815060654,1.8999999999999773,17.3,29.7
0.2660000007599592,0.0,0.0,0.0,0.0,0.0,0.0,0.0175646601052872,-3.9299999999999926,-17.0,3.850000000000023,0.0,0.0,0.0,0.0,0.0,0.0,0.0072846570534828,1.8999999999999773,17.3,29.6
0.2810000013560056,0.0,0.0,0.0,0.0,0.0,0.0,0.017824063477531,-3.9299999999999926,-17.0,3.850000000000023,0.0,0.0,0.0,0.0,0.0,0.0,0.007376211184863,1.8999999999999773,17.3,29.6
0.2970000002533197,0.0,0.0,0.0,0.0,0.0,0.0,0.0180987258716716,-3.9299999999999926,-17.0,3.850000000000023,0.0,0.0,0.0,0.0,0.0,0.0,0.0082154573891813,1.8999999999999773,17.3,29.6
0.3120000008493662,0.0,0.0,0.0,0.0,0.0,0.0,0.0182360570687418,-3.9299999999999926,-17.0,3.850000000000023,0.0,0.0,0.0,0.0,0.0,0.0,0.0083985656519417,1.8999999999999773,17.3,29.7
0.3280000016093254,0.0,0.0,0.0,0.0,0.0,0.0,0.0185107194628824,-3.9299999999999926,-17.0,3.850000000000023,0.0,0.0,0.0,0.0,0.0,0.0,0.0088563363088425,1.8999999999999773,17.3,29.7
0.3590000011026859,0.0,0.0,0.0,0.0,0.0,0.0,0.0188921950102998,-3.829999999999984,-17.0,3.850000000000023,0.0,0.0,0.0,0.0,0.0,0.0,0.0089021133745326,1.8999999999999773,17.3,29.7
0.375,0.0,0.0,0.0,0.0,0.0,0.0,0.0191363393606469,-3.829999999999984,-17.0,3.850000000000023,0.0,0.0,0.0,0.0,0.0,0.0,0.009436179140917,1.9999999999999856,17.3,29.7
0.3910000007599592,0.0,0.0,0.0,0.0,0.0,0.0,0.0194720378423743,-3.829999999999984,-17.0,3.850000000000023,0.0,0.0,0.0,0.0,0.0,0.0,0.0098939497978179,1.9999999999999856,17.3,29.7
0.4060000013560056,0.0,0.0,0.0,0.0,0.0,0.0,0.0197772182803082,-3.829999999999984,-17.0,3.850000000000023,0.0,0.0,0.0,0.0,0.0,0.0,0.0100007629510948,1.9999999999999856,17.3,29.7
0.4220000002533197,0.0,0.0,0.0,0.0,0.0,0.0,0.0201586938277256,-3.829999999999984,-17.0,3.850000000000023,0.0,0.0,0.0,0.0,0.0,0.0,0.0107637140459296,1.9999999999999856,17.3,29.6
0.4370000008493662,0.0,0.0,0.0,0.0,0.0,0.0,0.0206164644846265,-3.829999999999984,-17.0,3.850000000000023,0.0,0.0,0.0,0.0,0.0,0.0,0.0111299305714503,1.8999999999999773,17.3,29.6
0.4530000016093254,0.0,0.0,0.0,0.0,0.0,0.0,0.0210131990539406,-3.9299999999999926,-17.0,3.850000000000023,0.0,0.0,0.0,0.0,0.0,0.0,0.0114198519874875,1.8999999999999773,17.200000000000003,29.6
0.4690000005066395,0.0,0.1096,0.0458,0.0,0.0,0.0,0.0214251926451514,-3.9299999999999926,-17.0,3.850000000000023,0.0,0.0,0.0,0.0,0.0,0.0,0.0123964293888761,1.8999999999999773,17.200000000000003,29.6
0.4840000011026859,0.0,0.247,0.2261999999999998,0.0,0.0,0.0,0.0219439993896391,-4.029999999999987,-17.0,3.850000000000023,0.0695,0.1703,0.3873999999999998,0.0,0.0,0.0,0.01265583276112,1.799999999999983,17.200000000000003,29.6
0.5,0.0,0.4925,0.5734,0.0,0.0,0.0,0.0224933241779202,-4.129999999999996,-17.0,3.850000000000023,0.0931,0.3337,0.6512,0.0,0.0,0.0,0.0132967116807812,1.799999999999983,17.3,29.6
0.5310000013560057,0.0,0.7978,1.0134,0.0,0.0,0.0,0.0228290226596475,-4.129999999999996,-17.0,3.950000000000017,0.148,0.6649,1.201,0.0,0.0,0.0,0.0136629282063019,1.6999999999999886,17.3,29.6
0.5470000002533197,0.0,1.1181,1.5116000000000003,0.0,0.0,0.0,0.0230731670099946,-4.22999999999999,-16.900000000000002,3.950000000000017,0.2023,1.001,1.7396,0.0,0.0,0.0,0.014212252994583,1.6999999999999886,17.3,29.6
0.5620000008493662,0.0,1.4264,2.0326,0.0,0.0,0.0208,0.0236530098420691,-4.329999999999984,-16.900000000000002,3.950000000000017,0.2556,1.3716,2.2968,0.0,0.0,0.0,0.0143343251697566,1.59999999999998,17.3,29.6
0.5780000016093254,0.0,1.7077,2.56,0.0,0.0,0.1409999999999996,0.0237750820172427,-4.429999999999993,-16.900000000000002,4.050000000000026,0.3296,1.7352,2.868,0.0,0.0,0.0,0.0146547646295872,1.59999999999998,17.3,29.6
0.6090000011026859,0.0,1.9628,3.08,0.0,0.0218,0.2693999999999996,0.0242786297398336,-4.529999999999987,-16.900000000000002,4.050000000000026,0.3979,2.0954,3.433,0.0,0.0,0.0,0.0154024567025253,1.4999999999999858,17.3,29.6
0.625,0.0,2.2126,3.6318000000000006,0.0,0.0573,0.4118,0.0249195086594949,-4.629999999999996,-16.900000000000002,4.050000000000026,0.4837,2.449,4.018,0.0,0.0,0.0,0.0159822995345998,1.3999999999999773,17.3,29.6
0.6410000007599592,0.0,2.4655,4.218,0.0,0.1223,0.5928,0.0252246890974288,-4.629999999999996,-16.900000000000002,4.15000000000002,0.587,2.7963,4.656,0.0,0.0386,0.0,0.0163332570382238,1.3999999999999773,17.3,29.6
0.6560000013560057,0.0,2.7115,4.8216,0.0,0.1885,0.7483999999999998,0.0260334172579537,-4.72999999999999,-16.900000000000002,4.15000000000002,0.7181,3.1679,5.331000000000001,0.0065,0.0898,0.0537999999999996,0.0166689555199511,1.299999999999983,17.3,29.6
0.6720000002533197,0.0,2.9309,5.3764,0.0,0.2424,0.9006,0.0266285191119249,-4.829999999999984,-16.900000000000002,4.15000000000002,0.8334,3.525,5.9904,0.0645,0.1429,0.1529999999999996,0.0171114671549553,1.1999999999999886,17.3,29.6
0.6870000008493662,0.0,2.991,5.499,0.0,0.2485,0.918,0.02752880140383,-4.929999999999993,-16.900000000000002,4.250000000000014,0.9205,3.7732,6.456600000000001,0.0895,0.1684,0.1905999999999996,0.0173861295490958,1.1999999999999886,17.3,29.6
0.7190000005066395,0.0,3.0118,5.5928,0.0,0.2525,0.9508,0.0279102769512474,-5.029999999999987,-16.900000000000002,4.250000000000014,0.9408,3.8147,6.5486,0.0978,0.1915,0.2177999999999996,0.0177065690089265,1.09999999999998,17.3,29.6
0.7340000011026859,0.0,3.0186,5.6634,0.0,0.2567,0.9818,0.0284748607614252,-5.029999999999987,-16.900000000000002,4.250000000000014,0.9671,3.8223,6.648,0.1014,0.2013,0.2293999999999996,0.0181033035782406,1.09999999999998,17.3,29.6
0.75,0.0,3.0122,5.7126,0.0,0.2714,0.9994,0.0294819562066071,-5.129999999999996,-16.8,4.350000000000023,0.9572,3.8035,6.7278,0.1036,0.2157,0.25,0.018484779125658,0.9999999999999858,17.400000000000002,29.5
0.7660000007599592,0.0,3.0332,5.745,0.0,0.2626,1.0102,0.0294972152285038,-5.129999999999996,-16.8,4.350000000000023,0.9554,3.7981,6.7754,0.1131,0.2267,0.2782,0.0187747005416952,0.9999999999999858,17.400000000000002,29.5
0.7810000013560057,0.0,2.8435,5.316000000000002,0.0,0.2052,0.8828,0.0297261005569543,-5.22999999999999,-16.8,4.450000000000017,0.9586,3.7403,6.7178,0.1067,0.2138,0.2648,0.0195223926146333,0.9999999999999858,17.400000000000002,29.5
0.7970000002533197,0.0,2.5751,4.6818,0.0,0.145,0.7022,0.0298481727321278,-5.22999999999999,-16.8,4.450000000000017,0.8229,3.3951,6.0432,0.0611,0.1589,0.1794,0.0195223926146333,0.9999999999999858,17.400000000000002,29.6
0.8280000016093254,0.0,2.2537,4.0288,0.0,0.0741,0.5572,0.0298481727321278,-5.22999999999999,-16.8,4.450000000000017,0.6951,2.9314,5.2436,0.0224,0.1137,0.0988,0.0195223926146333,0.9999999999999858,17.400000000000002,29.6
0.8440000005066395,0.0,1.9233,3.3856,0.0,0.0204,0.4036,0.0298481727321278,-5.22999999999999,-16.8,4.450000000000017,0.5543,2.459,4.4424,0.0,0.0716,0.0451999999999996,0.0193087663080796,0.9999999999999858,17.3,29.6
0.8590000011026859,0.0024,1.8268,3.2002,0.0,0.0044,0.3684,0.0291767757686732,-5.129999999999996,-16.8,4.450000000000017,0.4604,2.1189,3.8526,0.0,0.037,0.0,0.018988326848249,0.9999999999999858,17.400000000000002,29.7
0.875,0.0,1.8168,3.1422000000000003,0.0,0.0069,0.3486,0.0281086442359044,-5.129999999999996,-16.8,4.450000000000017,0.4668,2.1009,3.8578,0.0,0.027,0.0046,0.0188204776073853,1.09999999999998,17.400000000000002,29.7
0.9060000013560056,0.0,1.8251,3.0646,0.0,0.0,0.2906,0.0279560540169375,-5.029999999999987,-16.8,4.450000000000017,0.4556,2.0871,3.785,0.0,0.0307,0.0,0.0187747005416952,1.09999999999998,17.400000000000002,29.7
0.9220000002533196,0.0,1.8369,3.0243999999999995,0.0,0.0,0.2728,0.0278950179293507,-5.029999999999987,-16.8,4.350000000000023,0.4549,2.0929,3.6936,0.0,0.0137,0.0,0.0186678873884183,1.09999999999998,17.400000000000002,29.8
0.9370000008493662,0.0,1.8356,3.0222,0.0,0.0,0.2728,0.0277119096665903,-4.929999999999993,-16.8,4.350000000000023,0.4351,2.1015,3.6502,0.0,0.0032,0.0,0.0185305561913481,1.1999999999999886,17.400000000000002,29.8
0.9530000016093254,0.0,1.8189,3.0130000000000003,0.0,0.0023,0.2771999999999996,0.0276661326009002,-4.929999999999993,-16.8,4.350000000000023,0.4361,2.0965,3.6486,0.0,0.0084,0.0,0.0183169298847943,1.1999999999999886,17.400000000000002,29.8
0.9690000005066396,0.0,1.7948,3.0160000000000005,0.0,0.0,0.2914,0.0276661326009002,-4.929999999999993,-16.900000000000002,4.250000000000014,0.4389,2.0862,3.6722,0.0,0.0,0.0,0.0179049362935835,1.1999999999999886,17.400000000000002,29.9
0.984000001102686,0.0,1.8025,3.0108,0.0,0.0,0.3038,0.0276661326009002,-4.829999999999984,-16.900000000000002,4.250000000000014,0.4534,2.0744,3.7042,0.0,0.0095,0.0,0.0178133821622033,1.1999999999999886,17.400000000000002,29.9
1.0,0.0,1.7915,3.0012000000000003,0.0,0.0,0.2793999999999996,0.0276661326009002,-4.829999999999984,-16.900000000000002,4.250000000000014,0.4386,2.0749,3.7158,0.0,0.0087,0.0,0.0178133821622033,1.1999999999999886,17.400000000000002,29.9
1.0310000013560057,0.0,1.8095,2.9876000000000005,0.0,0.0021,0.2789999999999998,0.0276661326009002,-4.829999999999984,-16.900000000000002,4.250000000000014,0.4384,2.0833,3.6952,0.0,0.0033,0.0,0.0178133821622033,1.1999999999999886,17.400000000000002,29.9
1.0470000002533195,0.0,1.8129,2.9966000000000004,0.0,0.0,0.2637999999999998,0.0277424277103837,-4.72999999999999,-16.900000000000002,4.250000000000014,0.439,2.0668,3.667,0.0,0.0,0.0,0.0178133821622033,1.1999999999999886,17.400000000000002,30.0
1.0620000008493662,0.0,1.8212,2.9786,0.0,0.0061,0.2579999999999996,0.0277424277103837,-4.72999999999999,-16.900000000000002,4.250000000000014,0.4372,2.0777,3.6494,0.0,0.0,0.0,0.0177065690089265,1.1999999999999886,17.400000000000002,30.0
1.0780000016093254,0.0,1.8098,2.9652,0.0,0.0,0.2582,0.0277424277103837,-4.72999999999999,-16.900000000000002,4.250000000000014,0.43,2.0861,3.66,0.0,0.0,0.0,0.0177065690089265,1.1999999999999886,17.400000000000002,30.0
1.0940000005066397,0.0,1.7985,2.9812,0.0,0.0,0.2713999999999998,0.0274219882505531,-4.72999999999999,-16.900000000000002,4.15000000000002,0.4396,2.093,3.6642,0.0,0.0,0.0,0.0177065690089265,1.1999999999999886,17.400000000000002,30.0
1.125,0.0,1.7871,2.9827999999999997,0.0,0.0008,0.2752,0.0274067292286564,-4.629999999999996,-16.900000000000002,4.15000000000002,0.439,2.079,3.686,0.0,0.0,0.0,0.0177065690089265,1.1999999999999886,17.400000000000002,30.1
1.1410000007599592,0.0,1.8005,2.9827999999999997,0.0,0.0,0.2766,0.0274067292286564,-4.629999999999996,-16.900000000000002,4.15000000000002,0.4422,2.0777,3.6878000000000006,0.0,0.0002,0.0,0.0177065690089265,1.1999999999999886,17.400000000000002,30.1
1.1560000013560057,0.0,1.7969,2.9666,0.0,0.0,0.2733999999999998,0.0274067292286564,-4.529999999999987,-17.0,4.050000000000026,0.4376,2.0691,3.67,0.0,0.0,0.0,0.0177065690089265,1.1999999999999886,17.400000000000002,30.1
1.1720000002533195,0.0,1.8122,2.9654,0.0,0.0031,0.2688,0.0273609521629663,-4.529999999999987,-17.0,4.050000000000026,0.4351,2.0796,3.6546,0.0,0.0,0.0,0.0177065690089265,1.1999999999999886,17.400000000000002,30.1
1.1870000008493662,0.0,1.815,2.9664,0.0,0.006,0.2534,0.0273609521629663,-4.529999999999987,-17.0,4.050000000000026,0.4431,2.0846,3.6524,0.0,0.0,0.0,0.0177065690089265,1.1999999999999886,17.400000000000002,30.1
1.2030000016093254,0.0,1.8015,2.9553999999999996,0.0,0.0002,0.254,0.0273304341191729,-4.429999999999993,-17.0,4.050000000000026,0.4411,2.0791,3.6478,0.0,0.0,0.0,0.0177981231403067,1.1999999999999886,17.400000000000002,30.1
1.2190000005066397,0.0,1.7929,2.9646000000000003,0.0,0.0,0.2708,0.0273304341191729,-4.429999999999993,-17.0,4.050000000000026,0.4431,2.0863,3.6754,0.0,0.0,0.0,0.0178286411841,1.1999999999999886,17.400000000000002,30.1
1.25,0.0,1.795,2.9644,0.0,0.0,0.2604,0.0273304341191729,-4.429999999999993,-17.0,3.950000000000017,0.4368,2.0833,3.6658,0.0,0.0,0.0,0.0181795986877241,1.1999999999999886,17.400000000000002,30.1
1.2660000007599592,0.0,1.8014,2.972,0.0,0.0,0.2706,0.0273304341191729,-4.429999999999993,-17.0,3.950000000000017,0.4422,2.0777,3.6742,0.0,0.0,0.0,0.0181795986877241,1.1999999999999886,17.400000000000002,30.1
1.2810000013560057,0.0,1.8019,2.971,0.0,0.0,0.2577999999999998,0.0273304341191729,-4.429999999999993,-17.0,3.950000000000017,0.438,2.0741,3.6768,0.0,0.0,0.0,0.0181795986877241,1.1999999999999886,17.400000000000002,30.1
1.2970000002533195,0.0,1.803,2.9644,0.0,0.0,0.2515999999999998,0.0274372472724498,-4.329999999999984,-17.1,3.950000000000017,0.4283,2.0911,3.659,0.0,0.0,0.0,0.0178744182497901,1.299999999999983,17.400000000000002,30.1
1.3120000008493662,0.0,1.8042,2.956,0.0,0.0,0.256,0.0275440604257267,-4.329999999999984,-17.1,3.850000000000023,0.4425,2.0864,3.6486,0.0,0.0,0.0,0.0177981231403067,1.299999999999983,17.400000000000002,30.1
1.3440000005066397,0.0,1.7949,2.9598,0.0,0.0,0.2642,0.0275440604257267,-4.329999999999984,-17.1,3.850000000000023,0.4379,2.0833,3.6614,0.0,0.0018,0.0,0.0177676050965133,1.299999999999983,17.400000000000002,30.1
1.359000001102686,0.0,1.7895,2.9664,0.0,0.0,0.2654,0.0275440604257267,-4.22999999999999,-17.1,3.850000000000023,0.4473,2.0739,3.669,0.0,0.0,0.0,0.0177523460746166,1.299999999999983,17.400000000000002,30.0
1.375,0.0,1.7972,2.9612,0.0,0.0,0.2592,0.0274372472724498,-4.22999999999999,-17.1,3.750000000000014,0.4393,2.0742,3.6754,0.0,0.0016,0.0,0.0176913099870298,1.299999999999983,17.3,30.0
1.3910000007599592,0.0,1.7966,2.9648,0.0,0.0009,0.2611999999999996,0.0273914702067597,-4.22999999999999,-17.1,3.750000000000014,0.4475,2.0849,3.6752,0.0,0.0,0.0,0.0177523460746166,1.299999999999983,17.3,30.0
1.4060000013560057,0.0,1.7993,2.969,0.0,0.0007,0.26,0.0273914702067597,-4.129999999999996,-17.1,3.750000000000014,0.4454,2.0742,3.6676,0.0,0.0,0.0,0.0177523460746166,1.299999999999983,17.3,30.0
1.4220000002533195,0.0,1.7943,2.954,0.0,0.0,0.2579999999999996,0.0273914702067597,-4.129999999999996,-17.1,3.750000000000014,0.4347,2.0745,3.6548,0.0,0.0,0.0,0.0177065690089265,1.299999999999983,17.3,29.9
1.4370000008493662,0.0,1.8015,2.9558,0.0,0.0001,0.2473999999999998,0.0273914702067597,-4.129999999999996,-17.200000000000003,3.65000000000002,0.4407,2.078,3.6638,0.0,0.0,0.0,0.0177065690089265,1.299999999999983,17.3,29.9
1.4690000005066397,0.0,1.8012,2.9624,0.0,0.0,0.2601999999999996,0.0273914702067597,-4.129999999999996,-17.200000000000003,3.65000000000002,0.4341,2.0799,3.6648,0.0,0.0,0.0,0.0177065690089265,1.299999999999983,17.3,29.9
1.4690000005066397,0.0,1.7946,2.9552,0.0,0.0066,0.2656,0.0273914702067597,-4.029999999999987,-17.200000000000003,3.65000000000002,0.4436,2.0795,3.6748,0.0,0.0,0.0,0.0177523460746166,1.299999999999983,17.3,29.9
1.5,0.0,1.8051,2.9512000000000005,0.0,0.0,0.2595999999999996,0.027376211184863,-4.029999999999987,-17.200000000000003,3.5500000000000256,0.4397,2.0924,3.686,0.0,0.0,0.0,0.0177981231403067,1.299999999999983,17.3,29.9
1.5160000007599592,0.0,1.8015,2.966,0.0,0.0004,0.2614,0.0273914702067597,-4.029999999999987,-17.200000000000003,3.5500000000000256,0.4395,2.0912,3.669,0.0,0.0,0.0,0.0178133821622033,1.299999999999983,17.3,29.9
1.5310000013560057,0.0,1.7914,2.9507999999999996,0.0,0.0,0.254,0.0273914702067597,-3.9299999999999926,-17.200000000000003,3.5500000000000256,0.4422,2.0835,3.674,0.0,0.0,0.0,0.0178896772716868,1.299999999999983,17.3,29.9
1.5470000002533195,0.0,1.7965,2.9496,0.0,0.0,0.26,0.027376211184863,-3.9299999999999926,-17.200000000000003,3.450000000000017,0.4511,2.0965,3.6802000000000006,0.0,0.0,0.0,0.0179354543373769,1.299999999999983,17.3,29.9
1.5620000008493662,0.0,1.8014,2.9602000000000004,0.0,0.0,0.263,0.027376211184863,-3.9299999999999926,-17.200000000000003,3.450000000000017,0.4305,2.0929,3.6732,0.0,0.0,0.0,0.0181490806439307,1.299999999999983,17.3,29.9
1.5780000016093254,0.0,1.8147,2.9586,0.0,0.0,0.2584,0.027376211184863,-3.9299999999999926,-17.200000000000003,3.450000000000017,0.4379,2.0895,3.665,0.0,0.0,0.0,0.0181490806439307,1.299999999999983,17.3,29.9
1.609000001102686,0.0,1.8061,2.9686,0.0,0.0,0.2571999999999996,0.0273914702067597,-3.9299999999999926,-17.200000000000003,3.450000000000017,0.4357,2.0955,3.6762,0.0,0.0,0.0,0.0181490806439307,1.299999999999983,17.3,29.9
1.625,0.0,1.7925,2.9576,0.0,0.0,0.252,0.0274067292286564,-3.829999999999984,-17.200000000000003,3.3500000000000227,0.4371,2.0778,3.67,0.0,0.0,0.0,0.0178896772716868,1.299999999999983,17.3,29.9
1.6410000007599592,0.0,1.8003,2.9498,0.0,0.0,0.2571999999999996,0.0274067292286564,-3.829999999999984,-17.3,3.3500000000000227,0.4423,2.0882,3.6680000000000006,0.0,0.0,0.0,0.0178744182497901,1.299999999999983,17.3,29.9
1.6560000013560057,0.0,1.8096,2.963200000000001,0.0,0.0,0.2479999999999996,0.0274677653162432,-3.829999999999984,-17.3,3.3500000000000227,0.4393,2.0905,3.677,0.0,0.0,0.0,0.0178439002059967,1.299999999999983,17.3,29.9
1.6720000002533195,0.0,1.8069,2.9562000000000004,0.0,0.0,0.2526,0.0274677653162432,-3.829999999999984,-17.3,3.250000000000014,0.4356,2.0977,3.6772,0.0,0.0,0.0,0.0177523460746166,1.299999999999983,17.3,29.9
1.7030000016093254,0.0,1.7946,2.954600000000001,0.0,0.0,0.2517999999999998,0.0274677653162432,-3.829999999999984,-17.3,3.250000000000014,0.4393,2.0926,3.6758,0.0,0.0,0.0,0.0177523460746166,1.299999999999983,17.3,30.0
1.7190000005066397,0.0,1.8034,2.954,0.0,0.0,0.259,0.027376211184863,-3.7299999999999898,-17.3,3.250000000000014,0.438,2.094,3.6792,0.0,0.0,0.0,0.0177523460746166,1.299999999999983,17.3,30.0
1.734000001102686,0.0,1.7966,2.9594,0.0,0.0022,0.2584,0.027376211184863,-3.7299999999999898,-17.3,3.250000000000014,0.4358,2.0996,3.6778,0.0,0.0,0.0,0.0177523460746166,1.299999999999983,17.3,30.0
1.75,0.0,1.802,2.9564,0.0,0.0,0.261,0.027376211184863,-3.7299999999999898,-17.3,3.250000000000014,0.4416,2.0912,3.6766,0.0,0.0,0.0,0.0177523460746166,1.299999999999983,17.3,30.0
1.7660000007599592,0.0,1.8154,2.9524000000000004,0.0,0.0,0.2568,0.0273456931410696,-3.829999999999984,-17.3,3.250000000000014,0.4414,2.0927,3.68,0.0,0.0,0.0,0.0177523460746166,1.299999999999983,17.3,30.0
1.7810000013560057,0.0,1.8055,2.947000000000001,0.0,0.0,0.2632,0.0273456931410696,-3.829999999999984,-17.3,3.250000000000014,0.4445,2.0872,3.6776,0.0,0.0,0.0,0.0177370870527199,1.299999999999983,17.3,30.0
1.7970000002533195,0.0,1.7952,2.9486000000000003,0.0,0.0,0.2615999999999998,0.0273456931410696,-3.829999999999984,-17.3,3.250000000000014,0.4413,2.0913,3.6792,0.0,0.0,0.0,0.0177523460746166,1.299999999999983,17.3,30.1
1.8120000008493664,0.0,1.787,2.9518,0.0,0.0032,0.2535999999999996,0.0273609521629663,-3.829999999999984,-17.3,3.250000000000014,0.4284,2.0899,3.6768,0.0,0.0,0.0,0.0177523460746166,1.299999999999983,17.3,30.1
1.84400000050664,0.0,1.7942,2.9476,0.0,0.0,0.2554,0.0273609521629663,-3.829999999999984,-17.200000000000003,3.250000000000014,0.4332,2.0998,3.6766,0.0,0.0,0.0,0.0177523460746166,1.299999999999983,17.3,30.1
1.859000001102686,0.0,1.8031,2.9556,0.0,0.0,0.2605999999999996,0.0273456931410696,-3.829999999999984,-17.200000000000003,3.250000000000014,0.441,2.0937,3.6802000000000006,0.0,0.0,0.0,0.0178133821622033,1.299999999999983,17.400000000000002,30.1
1.875,0.0,1.7987,2.9504,0.0,0.0,0.2514,0.0273456931410696,-3.7299999999999898,-17.3,3.15000000000002,0.4341,2.0861,3.6782,0.0,0.0,0.0,0.018133821622034,1.299999999999983,17.400000000000002,30.1
1.8910000007599592,0.0,1.7986,2.9488,0.0,0.0,0.2579999999999996,0.0273609521629663,-3.7299999999999898,-17.200000000000003,3.15000000000002,0.4324,2.0941,3.6762,0.0,0.0,0.0,0.018133821622034,1.299999999999983,17.3,30.1
1.9060000013560057,0.0,1.8103,2.9564,0.0,0.0018,0.2574,0.0273609521629663,-3.7299999999999898,-17.200000000000003,3.15000000000002,0.4299,2.0928,3.692,0.0,0.0,0.0,0.018133821622034,1.299999999999983,17.3,30.1
1.92200000025332,0.0,1.8159,2.9454,0.0,0.0,0.2451999999999996,0.0273914702067597,-3.829999999999984,-17.200000000000003,3.15000000000002,0.4363,2.101,3.676,0.0,0.0,0.0,0.0181185626001373,1.299999999999983,17.3,30.1
1.9530000016093247,0.0,1.8237,2.9172,0.0,0.0,0.2276,0.0274372472724498,-3.829999999999984,-17.200000000000003,3.250000000000014,0.4329,2.1065,3.6636,0.0,0.0,0.0,0.0178439002059967,1.299999999999983,17.3,30.1
1.96900000050664,0.0,1.8282,2.8952000000000004,0.0,0.0,0.2096,0.0274067292286564,-3.829999999999984,-17.200000000000003,3.250000000000014,0.424,2.114,3.6288,0.0,0.0,0.0,0.0178286411841,1.299999999999983,17.3,30.1
1.984000001102686,0.0,1.8439,2.8684,0.0,0.0,0.1794,0.0274067292286564,-3.829999999999984,-17.200000000000003,3.250000000000014,0.4117,2.1369,3.6068,0.0,0.0,0.0,0.0177218280308232,1.299999999999983,17.3,30.1
2.0,0.0,1.8619,2.8348,0.0,0.0,0.1633999999999996,0.0274067292286564,-3.829999999999984,-17.200000000000003,3.250000000000014,0.4025,2.1346,3.5494,0.0,0.0,0.0,0.0175692378118562,1.299999999999983,17.3,30.1
2.016000000759959,0.0,1.877,2.8052000000000006,0.0,0.0,0.1146,0.0271473258564126,-3.829999999999984,-17.200000000000003,3.250000000000014,0.3811,2.1601,3.4826,0.0,0.0,0.0,0.0174471656366826,1.299999999999983,17.3,30.1
2.0310000013560057,0.0,1.8902,2.7696,0.0,0.0,0.0774,0.0267353322652018,-3.9299999999999926,-17.200000000000003,3.250000000000014,0.3898,2.1639,3.4128,0.0,0.0,0.0,0.0174166475928892,1.299999999999983,17.3,30.1
2.062000000849366,0.0,1.9089,2.7396,0.0,0.0,0.0511999999999998,0.0263843747615777,-3.9299999999999926,-17.200000000000003,3.250000000000014,0.3837,2.1662,3.3108,0.0,0.0,0.0,0.0172335393301289,1.299999999999983,17.3,30.0
2.0780000016093254,0.0,1.9127,2.7178,0.0,0.0,0.0325999999999996,0.0262165255207141,-3.9299999999999926,-17.200000000000003,3.250000000000014,0.3614,2.1614,3.24,0.0,0.0,0.0,0.0170199130235751,1.299999999999983,17.3,30.0
2.0940000005066395,0.0,1.9143,2.709,0.0,0.0,0.0249999999999998,0.0259571221484702,-3.9299999999999926,-17.200000000000003,3.3500000000000227,0.3527,2.1731,3.2014,0.0,0.0,0.0,0.0167147325856412,1.299999999999983,17.3,30.0
2.109000001102686,0.0,1.9352,2.6942,0.0,0.0,0.0007999999999998,0.0257282368200198,-3.9299999999999926,-17.200000000000003,3.3500000000000227,0.3316,2.1651,3.140600000000001,0.0,0.0,0.0,0.0165316243228808,1.299999999999983,17.3,30.0
2.125,0.0,1.9349,2.6854,0.0,0.0,0.0123999999999996,0.0255451285572594,-4.029999999999987,-17.200000000000003,3.3500000000000227,0.3097,2.1644,3.1126,0.0,0.0,0.0,0.0165316243228808,1.299999999999983,17.3,30.0
2.141000000759959,0.0,1.9414,2.6712,0.0,0.0,0.0067999999999998,0.0253925383382925,-4.029999999999987,-17.200000000000003,3.3500000000000227,0.2953,2.1653,3.084000000000001,0.0,0.0,0.0,0.0165316243228808,1.299999999999983,17.3,29.9
2.1560000013560057,0.0,1.9609,2.66,0.0,0.0,0.0018,0.0252399481193255,-4.129999999999996,-17.200000000000003,3.450000000000017,0.2801,2.1761,3.0622,0.0,0.0,0.0,0.0165316243228808,1.299999999999983,17.3,29.9
2.17200000025332,0.0,1.948,2.6516,0.0,0.0,0.0,0.025163653009842,-4.129999999999996,-17.200000000000003,3.450000000000017,0.2658,2.1621,3.0318,0.0,0.0,0.0,0.0165316243228808,1.299999999999983,17.3,29.9
2.2030000016093254,0.0,1.9472,2.6456000000000004,0.0,0.0,0.0,0.0250263218127718,-4.129999999999996,-17.200000000000003,3.450000000000017,0.2841,2.1751,3.022,0.0,0.0,0.0,0.0164705882352941,1.299999999999983,17.400000000000002,29.9
2.2190000005066395,0.0,1.9647,2.6436,0.0,0.0,0.0,0.0249958037689784,-4.129999999999996,-17.200000000000003,3.5500000000000256,0.2814,2.1701,3.01,0.0,0.0,0.0,0.0163637750820172,1.299999999999983,17.400000000000002,29.9
2.234000001102686,0.0,1.9523,2.6188,0.0,0.0,0.0,0.0249500267032883,-4.22999999999999,-17.200000000000003,3.5500000000000256,0.2814,2.1635,2.9768000000000003,0.0,0.0,0.0,0.0163637750820172,1.299999999999983,17.400000000000002,29.9
2.25,0.0,1.9454,2.6186,0.0,0.0,0.0,0.0249500267032883,-4.22999999999999,-17.200000000000003,3.5500000000000256,0.2779,2.1637,2.954,0.0,0.0,0.0,0.0161043717097734,1.299999999999983,17.400000000000002,29.9
2.266000000759959,0.0,1.9505,2.6106,0.0,0.0,0.0,0.0249347676813916,-4.329999999999984,-17.200000000000003,3.65000000000002,0.2716,2.1725,2.9515999999999996,0.0,0.0,0.0,0.015768673228046,1.299999999999983,17.400000000000002,29.9
2.29700000025332,0.0,1.9546,2.5996,0.0,0.0,0.0,0.0249042496375982,-4.329999999999984,-17.200000000000003,3.65000000000002,0.2571,2.1686,2.923,0.0,0.0,0.0,0.015768673228046,1.299999999999983,17.5,29.9
2.312000000849366,0.0,1.9585,2.6030000000000006,0.0,0.0,0.0,0.024812695506218,-4.429999999999993,-17.200000000000003,3.750000000000014,0.2486,2.1677,2.9149999999999996,0.0,0.0,0.0,0.0156771190966658,1.3999999999999773,17.5,29.9
2.3280000016093254,0.0,1.9531,2.6002,0.0,0.0,0.0,0.0247974364843213,-4.429999999999993,-17.200000000000003,3.750000000000014,0.2512,2.1721,2.893,0.0,0.0,0.0,0.0154482337682154,1.3999999999999773,17.5,29.9
2.3440000005066395,0.0,1.9539,2.5868,0.0,0.0,0.0,0.0247058823529411,-4.429999999999993,-17.200000000000003,3.750000000000014,0.2387,2.1689,2.8867999999999996,0.0,0.0,0.0,0.0154482337682154,1.3999999999999773,17.5,29.9
2.359000001102686,0.0,1.9597,2.576,0.0,0.0,0.0,0.0244159609369039,-4.529999999999987,-17.200000000000003,3.850000000000023,0.2441,2.1646,2.8752,0.0,0.0,0.0,0.0153566796368352,1.3999999999999773,17.6,29.9
2.375,0.0,1.9564,2.5796,0.0,0.0,0.0,0.0243549248493171,-4.529999999999987,-17.200000000000003,3.850000000000023,0.2556,2.1611,2.8654,0.0,0.0,0.0,0.0153566796368352,1.3999999999999773,17.6,30.0
2.391000000759959,0.0,1.9558,2.5716,0.0,0.0,0.0,0.0242786297398336,-4.529999999999987,-17.3,3.850000000000023,0.2435,2.1667,2.854000000000001,0.0,0.0,0.0,0.0153566796368352,1.3999999999999773,17.6,30.0
2.42200000025332,0.0,1.9581,2.566,0.0,0.0,0.0,0.0242023346303502,-4.629999999999996,-17.3,3.950000000000017,0.2355,2.1676,2.8616000000000006,0.0,0.0,0.0,0.0152956435492484,1.3999999999999773,17.700000000000003,30.0
2.437000000849366,0.0,1.9617,2.5584,0.0,0.0,0.0,0.0242023346303502,-4.629999999999996,-17.3,3.950000000000017,0.2433,2.1605,2.8379999999999996,0.0,0.0,0.0,0.0152498664835583,1.3999999999999773,17.700000000000003,30.0
2.4530000016093254,0.0,1.9523,2.5606,0.0,0.0,0.0,0.0241870756084535,-4.629999999999996,-17.3,3.950000000000017,0.2391,2.1576,2.8264,0.0,0.0,0.0,0.0152498664835583,1.3999999999999773,17.700000000000003,30.0
2.4690000005066395,0.0,1.9684,2.5576,0.0,0.0,0.0,0.0240650034332799,-4.72999999999999,-17.400000000000002,4.050000000000026,0.2242,2.1583,2.8096,0.0,0.0,0.0,0.0152956435492484,1.3999999999999773,17.8,30.0
2.484000001102686,0.0,1.9571,2.5514,0.0,0.0,0.0,0.0239734493018997,-4.72999999999999,-17.400000000000002,4.050000000000026,0.2228,2.1558,2.797800000000001,0.0,0.0,0.0,0.0153566796368352,1.3999999999999773,17.8,30.0
2.5,0.0,1.9546,2.557,0.0,0.0,0.0,0.023958190280003,-4.72999999999999,-17.400000000000002,4.050000000000026,0.2173,2.1485,2.789,0.0,0.0,0.0,0.0153719386587319,1.3999999999999773,17.900000000000002,30.0
2.516000000759959,0.0,1.9575,2.5426,0.0,0.0,0.0,0.023958190280003,-4.72999999999999,-17.5,4.050000000000026,0.2314,2.16,2.799,0.0,0.0,0.0,0.0154329747463187,1.3999999999999773,17.900000000000002,30.1
2.54700000025332,0.0,1.9555,2.5506,0.0,0.0,0.0,0.023958190280003,-4.829999999999984,-17.5,4.050000000000026,0.226,2.1483,2.7876,0.0,0.0,0.0,0.0154329747463187,1.3999999999999773,17.900000000000002,30.1
2.562000000849366,0.0,1.9524,2.537,0.0,0.0,0.0,0.0239429312581063,-4.829999999999984,-17.5,4.15000000000002,0.2158,2.15,2.7798,0.0,0.0,0.0,0.0154329747463187,1.3999999999999773,18.0,30.1
2.5780000016093254,0.0,1.9631,2.5296,0.0,0.0,0.0,0.0239429312581063,-4.829999999999984,-17.6,4.15000000000002,0.23,2.1514,2.765400000000001,0.0,0.0,0.0,0.0151888303959716,1.3999999999999773,18.0,30.1
2.5940000005066395,0.0,1.9544,2.5332,0.0,0.0,0.0,0.0239429312581063,-4.829999999999984,-17.6,4.15000000000002,0.2215,2.1361,2.7546000000000004,0.0,0.0,0.0,0.0151430533302815,1.3999999999999773,18.1,30.1
2.609000001102686,0.0,1.9537,2.5258,0.0,0.0,0.0,0.0239734493018997,-4.829999999999984,-17.700000000000003,4.15000000000002,0.22,2.1354,2.7446,0.0,0.0,0.0,0.0151277943083848,1.3999999999999773,18.1,30.1
2.625,0.0,1.9551,2.5286,0.0,0.0,0.0,0.0241260395208667,-4.829999999999984,-17.700000000000003,4.15000000000002,0.2046,2.1446,2.751,0.0,0.0,0.0,0.0151277943083848,1.3999999999999773,18.200000000000003,30.1
2.641000000759959,0.0,1.9487,2.5174,0.0,0.0,0.0,0.0241260395208667,-4.929999999999993,-17.8,4.15000000000002,0.2059,2.1386,2.7326,0.0,0.0,0.0,0.0150972762645914,1.3999999999999773,18.200000000000003,30.1
2.67200000025332,0.0,1.9643,2.5232,0.0,0.0,0.0,0.0241260395208667,-4.929999999999993,-17.8,4.250000000000014,0.2093,2.1464,2.7308,0.0,0.0,0.0,0.0150972762645914,1.3999999999999773,18.3,30.1
2.687000000849366,0.0,1.9615,2.5104,0.0,0.0,0.0,0.0241260395208667,-4.929999999999993,-17.900000000000002,4.250000000000014,0.2029,2.1239,2.7144,0.0,0.0,0.0,0.0150972762645914,1.3999999999999773,18.3,30.1
2.7030000016093254,0.0,1.9534,2.5044,0.0,0.0,0.0,0.0240802624551766,-4.929999999999993,-17.900000000000002,4.250000000000014,0.2003,2.128,2.7052,0.0,0.0,0.0,0.0150972762645914,1.3999999999999773,18.4,30.1
2.7190000005066395,0.0,1.9409,2.5012,0.0,0.0,0.0,0.0240344853894865,-4.929999999999993,-18.0,4.250000000000014,0.1921,2.1312,2.702,0.0,0.0,0.0,0.0150972762645914,1.4999999999999858,18.4,30.1
2.734000001102686,0.0,1.9493,2.505,0.0,0.0,0.0,0.0240344853894865,-4.929999999999993,-18.0,4.250000000000014,0.2013,2.1166,2.6986000000000003,0.0,0.0,0.0,0.0151277943083848,1.4999999999999858,18.5,30.1
2.75,0.0,1.9527,2.503,0.0,0.0,0.0,0.0240344853894865,-5.029999999999987,-18.1,4.250000000000014,0.2038,2.1182,2.6926,0.0,0.0,0.0,0.0151735713740749,1.4999999999999858,18.5,30.1
2.7810000013560057,0.0,1.9501,2.5034,0.0,0.0,0.0,0.0240344853894865,-5.029999999999987,-18.200000000000003,4.250000000000014,0.2056,2.1152,2.6809999999999996,0.0,0.0,0.0,0.0152346074616617,1.4999999999999858,18.6,30.1
2.79700000025332,0.0,1.9537,2.4940000000000007,0.0,0.0,0.0,0.0240344853894865,-5.029999999999987,-18.200000000000003,4.250000000000014,0.202,2.1222,2.6752,0.0,0.0,0.0,0.0152498664835583,1.4999999999999858,18.700000000000003,30.0
2.812000000849366,0.0,1.9574,2.4912,0.0,0.0,0.0,0.0240650034332799,-5.029999999999987,-18.3,4.250000000000014,0.1848,2.1095,2.6682,0.0,0.0,0.0,0.0153871976806286,1.4999999999999858,18.700000000000003,30.0
2.8280000016093254,0.0,1.9466,2.486,0.0,0.0,0.0,0.024309147783627,-5.029999999999987,-18.4,4.250000000000014,0.1943,2.1117,2.657,0.0,0.0,0.0,0.0154329747463187,1.4999999999999858,18.8,30.0
2.8440000005066395,0.0,1.9533,2.48,0.0,0.0,0.0,0.0245685511558709,-5.029999999999987,-18.4,4.250000000000014,0.2,2.1161,2.6618,0.0,0.0,0.0,0.0162111848630502,1.4999999999999858,18.9,30.0
2.859000001102686,0.0,1.9506,2.4828,0.0,0.0,0.0,0.0247058823529411,-5.029999999999987,-18.5,4.250000000000014,0.1944,2.1053,2.6596,0.0,0.0,0.0,0.0164095521477073,1.4999999999999858,18.9,30.0
2.875,0.0,1.9359,2.4762000000000004,0.0,0.0,0.0,0.0247821774624246,-5.029999999999987,-18.6,4.250000000000014,0.1918,2.1093,2.6494,0.0,0.0,0.0,0.0164400701915007,1.4999999999999858,19.0,30.0
2.9060000013560057,0.0,1.939,2.4726,0.0,0.0,0.0,0.0249500267032883,-5.029999999999987,-18.700000000000003,4.250000000000014,0.2051,2.0962,2.6418,0.0,0.0,0.0,0.0169130998702983,1.4999999999999858,19.1,30.0
2.92200000025332,0.0,1.9482,2.4684,0.0,0.0,0.0,0.0255298695353627,-5.029999999999987,-18.700000000000003,4.250000000000014,0.1872,2.1096,2.6396,0.0,0.0,0.0,0.0174624246585793,1.59999999999998,19.1,30.0
2.937000000849366,0.0,1.9631,2.4694,0.0,0.0,0.0,0.0259418631265735,-5.029999999999987,-18.8,4.250000000000014,0.2021,2.1012,2.649,0.0,0.0,0.0,0.0179964904249637,1.59999999999998,19.200000000000003,30.0
2.9530000016093254,0.0,1.9417,2.475200000000001,0.0,0.0,0.0,0.0267963683527885,-5.029999999999987,-18.9,4.250000000000014,0.1862,2.0962,2.618,0.0,0.0,0.0,0.020193789578088,1.59999999999998,19.3,30.0
2.9690000005066395,0.0,1.9468,2.475200000000001,0.0,0.0,0.0,0.0284443427176318,-5.129999999999996,-19.0,4.250000000000014,0.1908,2.0961,2.621,0.0,0.0,0.0,0.02124666208896,1.59999999999998,19.3,30.0
3.0,0.0,1.9466,2.4620000000000006,0.0,0.0,0.0,0.0300770580605783,-5.129999999999996,-19.0,4.250000000000014,0.1698,2.0916,2.6196,0.0,0.0,0.0,0.0231998168917372,1.59999999999998,19.4,30.0
3.016000000759959,0.0,1.9478,2.4528,0.0,0.0,0.0,0.0322438391699092,-5.129999999999996,-19.1,4.250000000000014,0.1899,2.0963,2.6036,0.0,0.0,0.0,0.0256260013733119,1.59999999999998,19.5,30.0
3.0310000013560057,0.0,1.9455,2.4598,0.0,0.0,0.0,0.0346700236514839,-5.129999999999996,-19.200000000000003,4.250000000000014,0.179,2.0847,2.599,0.0,0.0,0.0,0.0280216678110933,1.59999999999998,19.6,30.1
3.04700000025332,0.0,1.9449,2.4486,0.0,0.0,0.0,0.0377981231403067,-5.129999999999996,-19.3,4.250000000000014,0.1779,2.0782,2.6102,0.0,0.0,0.0,0.0296391241321431,1.59999999999998,19.700000000000003,30.1
3.062000000849366,0.0,1.9574,2.4646,0.0,0.0,0.0,0.0410330357824063,-5.129999999999996,-19.4,4.250000000000014,0.1771,2.0824,2.5902,0.0,0.0,0.0,0.0307835507743953,1.59999999999998,19.700000000000003,30.1
3.0780000016093254,0.0,1.9507,2.4496,0.0,0.0,0.0,0.0533775844968337,-5.129999999999996,-19.5,4.250000000000014,0.1947,2.0837,2.5956,0.0,0.0,0.0,0.0321873807888914,1.59999999999998,19.8,30.1
3.0940000005066395,0.0,1.9471,2.4454,0.0,0.0,0.0,0.062914473182269,-5.129999999999996,-19.6,4.250000000000014,0.1961,2.0827,2.58,0.0,0.0,0.0,0.0346288242923628,1.59999999999998,19.9,30.1
3.125,0.0,1.9429,2.4400000000000004,0.0,0.0,0.0,0.0729091325246051,-5.129999999999996,-19.700000000000003,4.250000000000014,0.1766,2.0709,2.5778,0.0,0.0,0.0,0.0376806286717021,1.6999999999999886,20.0,30.1
3.141000000759959,0.0,1.9446,2.4434,0.0,0.0,0.0,0.0842313267719539,-5.129999999999996,-19.8,4.250000000000014,0.183,2.0757,2.579,0.0,0.0,0.0,0.0414343480582894,1.6999999999999886,20.1,30.1
3.1560000013560057,0.0,1.9501,2.4396,0.0,0.0,0.0,0.0941802090485999,-5.129999999999996,-19.9,4.250000000000014,0.1897,2.0732,2.569,0.0,0.0,0.0,0.0455390249485008,1.6999999999999886,20.200000000000003,30.1
3.17200000025332,0.0,1.937,2.4452,0.0,0.0,0.0,0.1048920424200808,-5.129999999999996,-20.0,4.250000000000014,0.1788,2.0729,2.561,0.0,0.0,0.0,0.0503761348897535,1.6999999999999886,20.3,30.1
3.187000000849366,0.0,1.9389,2.428,0.0,0.0,0.0,0.1114991989013504,-5.129999999999996,-20.0,4.250000000000014,0.1869,2.0633,2.5528,0.0,0.0,0.0,0.0535347524223697,1.6999999999999886,20.4,30.1
3.2030000016093254,0.0,1.9358,2.4366,0.0,0.0,0.0,0.1160769054703593,-5.22999999999999,-20.1,4.15000000000002,0.1768,2.0554,2.5426,0.0,0.0,0.0,0.0628885328450446,1.6999999999999886,20.5,30.2
3.2190000005066395,0.0,1.9441,2.4144,0.0,0.0,0.0,0.119311818112459,-5.22999999999999,-20.200000000000003,4.15000000000002,0.1935,2.0569,2.5386,0.0,0.0,0.0,0.0664591439688715,1.6999999999999886,20.6,30.2
3.234000001102686,0.0,1.9326,2.4136,0.0,0.0,0.0,0.1206698710612649,-5.22999999999999,-20.3,4.15000000000002,0.1741,2.059,2.53,0.0,0.0,0.0,0.0664591439688715,1.6999999999999886,20.700000000000003,30.2
3.266000000759959,0.0,1.9375,2.408,0.0,0.0,0.0,0.1214938582436865,-5.22999999999999,-20.4,4.15000000000002,0.1804,2.0516,2.5232,0.0,0.0,0.0,0.0666575112535286,1.6999999999999886,20.8,30.2
3.2810000013560057,0.0,1.931,2.408,0.0,0.0,0.0,0.1221347371633478,-5.22999999999999,-20.5,4.15000000000002,0.1735,2.0488,2.5086,0.0,0.0,0.0,0.0669016556038757,1.799999999999983,20.9,30.2
3.29700000025332,0.0,1.9307,2.3864,0.0,0.0,0.0,0.1226840619516289,-5.22999999999999,-20.700000000000003,4.15000000000002,0.1787,2.0475,2.4942,0.0,0.0,0.0,0.0711436636911573,1.799999999999983,21.0,30.2
3.312000000849366,0.0,1.9336,2.3976,0.0,0.0,0.0,0.1214938582436865,-5.22999999999999,-20.8,4.15000000000002,0.1602,2.0354,2.4808,0.0,0.0,0.0,0.0714946211947814,1.799999999999983,21.1,30.2
3.3280000016093254,0.0,1.934,2.3726,0.0,0.0,0.0,0.1214938582436865,-5.22999999999999,-20.9,4.15000000000002,0.153,2.0358,2.4724,0.0,0.0,0.0,0.0726390478370336,1.799999999999983,21.200000000000003,30.2
3.3440000005066395,0.0,1.9247,2.367,0.0,0.0019,0.0,0.1214938582436865,-5.329999999999984,-21.0,4.15000000000002,0.1623,2.0397,2.4622,0.0,0.0,0.0,0.0726390478370336,1.799999999999983,21.3,30.2
3.359000001102686,0.0,1.9465,2.3742,0.0,0.0,0.0,0.1269260700389105,-5.329999999999984,-21.1,4.15000000000002,0.155,2.0295,2.447,0.0,0.0,0.0,0.0730510414282444,1.799999999999983,21.4,30.2
3.375,0.0,1.9403,2.371,0.0,0.0,0.0,0.1275211718928816,-5.329999999999984,-21.200000000000003,4.15000000000002,0.156,2.0363,2.4336,0.0,0.0,0.0,0.0731578545815213,1.799999999999983,21.5,30.2
3.4060000013560057,0.0,1.9339,2.363,0.0,0.0011,0.0,0.1275211718928816,-5.329999999999984,-21.3,4.15000000000002,0.1518,2.0248,2.4214,0.0,0.0,0.0,0.0731425955596246,1.8999999999999773,21.6,30.2
3.42200000025332,0.0,1.935,2.3504000000000005,0.0,0.0002,0.0,0.1275211718928816,-5.429999999999993,-21.4,4.250000000000014,0.1502,2.0109,2.4048,0.0,0.0,0.0,0.0731425955596246,1.8999999999999773,21.700000000000003,30.2
3.437000000849366,0.0,1.9274,2.3346,0.0,0.0,0.0,0.1278416113527123,-5.429999999999993,-21.5,4.250000000000014,0.1408,2.0022,2.3824,0.0,0.0,0.0,0.0731425955596246,1.8999999999999773,21.8,30.1
3.4530000016093254,0.0,1.9318,2.3206,0.0,0.0125,0.0,0.1278416113527123,-5.429999999999993,-21.6,4.250000000000014,0.1367,2.0175,2.3687999999999994,0.0,0.0,0.0,0.0731578545815213,1.8999999999999773,21.9,30.1
3.484000001102686,0.0,1.9339,2.3214,0.0,0.0141,0.0,0.1283299000534065,-5.429999999999993,-21.8,4.250000000000014,0.1025,2.0073,2.3527999999999993,0.0,0.0,0.0,0.073173113603418,1.8999999999999773,22.0,30.1
3.5,0.0,1.9405,2.317,0.0,0.0077,0.0,0.1289402609292744,-5.529999999999987,-21.9,4.250000000000014,0.097,2.0082,2.327,0.0,0.0,0.0,0.0735545891508354,1.8999999999999773,22.1,30.1
3.516000000759959,0.0,1.9333,2.3034,0.0,0.0242,0.0,0.1295963988708323,-5.529999999999987,-22.0,4.250000000000014,0.0836,1.9967,2.3176,0.0,0.0,0.0,0.0735545891508354,1.8999999999999773,22.200000000000003,30.1
3.5310000013560057,0.0,1.9237,2.299000000000001,0.0,0.0339,0.0,0.1301609826810101,-5.629999999999996,-22.1,4.250000000000014,0.0764,1.9981,2.2956000000000003,0.0,0.0,0.0,0.0737376974135957,1.9999999999999856,22.3,30.1
3.54700000025332,0.0,1.9355,2.2892,0.0,0.0343,0.0,0.1308476386663614,-5.629999999999996,-22.200000000000003,4.250000000000014,0.0587,1.9922,2.2712,0.0,0.0,0.0,0.0737529564354924,1.9999999999999856,22.5,30.1
3.562000000849366,0.0,1.9293,2.2824000000000004,0.0,0.0222,0.0,0.1312291142137789,-5.629999999999996,-22.3,4.250000000000014,0.0455,1.9805,2.2612,0.0,0.0,0.0,0.0737529564354924,1.9999999999999856,22.6,30.1
3.5780000016093254,0.0,1.926,2.269200000000001,0.0,0.0385,0.0,0.1318089570458533,-5.72999999999999,-22.5,4.350000000000023,0.0327,1.9669,2.234,0.0,0.0,0.0,0.0737529564354924,1.9999999999999856,22.700000000000003,30.1
3.609000001102686,0.0,1.9164,2.2612,0.0,0.0435,0.0,0.1323887998779278,-5.72999999999999,-22.6,4.350000000000023,0.0192,1.9739,2.2066,0.0,0.0,0.0,0.0737529564354924,1.9999999999999856,22.8,30.1
3.625,0.0,1.9231,2.2602,0.0,0.0487,0.0,0.1332890821698329,-5.72999999999999,-22.700000000000003,4.350000000000023,0.0048,1.9566,2.1884,0.0,0.0,0.0,0.0739208056763561,1.9999999999999856,23.0,30.1
3.641000000759959,0.0,1.9249,2.257,0.0,0.0438,0.0,0.1340520332646677,-5.829999999999984,-22.8,4.350000000000023,0.0,1.9684,2.1666,0.0,0.0,0.0,0.0741191729610132,1.9999999999999856,23.1,30.1
3.6560000013560057,0.0,1.9188,2.243,0.0,0.0485,0.0,0.1340520332646677,-5.829999999999984,-23.0,4.350000000000023,0.0,1.9621,2.1496,0.0,0.0,0.0,0.0744090943770504,2.09999999999998,23.200000000000003,30.1
3.67200000025332,0.0,1.9313,2.2484,0.0,0.0546,0.0,0.1343572137026016,-5.929999999999993,-23.1,4.350000000000023,0.0,1.9555,2.128,0.0,0.0,0.0,0.0746074616617074,2.09999999999998,23.3,30.1
3.687000000849366,0.0,1.9205,2.2202,0.0,0.0626,0.0,0.1343572137026016,-5.929999999999993,-23.200000000000003,4.450000000000017,0.0,1.9511,2.1058,0.0,0.0,0.0,0.0748516060120546,2.09999999999998,23.5,30.1
3.71900000050664,0.0,1.9118,2.2328,0.0,0.0568,0.0,0.1342656595712215,-6.029999999999987,-23.3,4.450000000000017,0.0,1.9427,2.096,0.0,0.0,0.0,0.0748973830777447,2.09999999999998,23.6,30.1
3.734000001102686,0.0,1.9049,2.209,0.0,0.0684,0.0,0.1342198825055314,-6.029999999999987,-23.4,4.450000000000017,0.0,1.9422,2.062,0.0,0.0,0.0,0.0749279011215381,2.09999999999998,23.700000000000003,30.1
3.75,0.0,1.9097,2.198599999999999,0.0,0.055,0.0,0.1338841840238041,-6.129999999999996,-23.6,4.450000000000017,0.0,1.9207,2.0610000000000004,0.0,0.0,0.0,0.0750347142748149,2.09999999999998,23.9,30.2
3.766000000759959,0.0,1.9104,2.1860000000000004,0.0,0.0427,0.0,0.133838406958114,-6.129999999999996,-23.700000000000003,4.550000000000026,0.0,1.9002,2.0572,0.0,0.0,0.0,0.0751873044937819,2.1999999999999886,24.0,30.2
3.7810000013560057,0.0,1.8986,2.1622,0.0,0.0415,0.0,0.133838406958114,-6.22999999999999,-23.8,4.550000000000026,0.0,1.9037,2.0434,0.0,0.0,0.0,0.0751873044937819,2.1999999999999886,24.1,30.2
3.79700000025332,0.0,1.9086,2.1526,0.0,0.035,0.0,0.1336247806515602,-6.329999999999984,-24.0,4.550000000000026,0.0,1.8681,2.0358,0.0,0.0,0.0,0.075233081559472,2.1999999999999886,24.3,30.2
3.812000000849366,0.0,1.9052,2.1506,0.0,0.0265,0.0,0.1334569314106966,-6.329999999999984,-24.1,4.65000000000002,0.0,1.8591,2.028,0.0,0.0,0.0,0.0756145571068894,2.1999999999999886,24.4,30.2
3.828000001609325,0.0,1.8982,2.1422,0.0,0.0121,0.0,0.1333653772793164,-6.429999999999993,-24.200000000000003,4.65000000000002,0.0,1.8571,2.0146,0.0,0.0,0.0,0.0756145571068894,2.1999999999999886,24.6,30.2
3.84400000050664,0.0,1.8915,2.1252000000000004,0.0,0.0075,0.0,0.1331517509727626,-6.429999999999993,-24.4,4.65000000000002,0.0,1.8409,2.0132,0.0,0.0,0.0,0.0756145571068894,2.299999999999983,24.700000000000003,30.3
3.875,0.0,1.8805,2.1198,0.0,0.0013,0.0,0.1331059739070725,-6.529999999999987,-24.5,4.750000000000014,0.0,1.827,1.9976,0.0,0.0,0.0,0.0753551537346456,2.299999999999983,24.8,30.3
3.891000000759959,0.0,1.8859,2.1027999999999993,0.0,0.0,0.0,0.1329533836881056,-6.629999999999996,-24.6,4.750000000000014,0.0,1.8252,1.9996,0.0,0.0,0.0,0.0752635996032654,2.299999999999983,25.0,30.3
3.9060000013560057,0.0,1.8822,2.1036,0.0,0.0,0.0,0.1329381246662089,-6.629999999999996,-24.700000000000003,4.850000000000023,0.0,1.8011,1.9944,0.0,0.0,0.0,0.0752178225375753,2.299999999999983,25.1,30.3
3.92200000025332,0.0,1.8677,2.0992,0.0,0.0,0.0,0.1328618295567254,-6.72999999999999,-24.9,4.850000000000023,0.0,1.8007,1.994,0.0,0.0,0.0,0.0752178225375753,2.299999999999983,25.3,30.3
3.953000001609325,0.0,1.8565,2.0902,0.0,0.0,0.0,0.1328618295567254,-6.72999999999999,-25.0,4.850000000000023,0.001,1.7962,1.9954,0.0,0.0,0.0,0.0752178225375753,2.3999999999999773,25.4,30.3
3.96900000050664,0.0,1.8632,2.095,0.0,0.0,0.0,0.1327702754253452,-6.829999999999984,-25.200000000000003,4.950000000000017,0.0135,1.7891,1.982,0.0,0.0,0.0,0.0752178225375753,2.3999999999999773,25.6,30.3
3.984000001102686,0.0,1.8613,2.082,0.0,0.0,0.0,0.1325108720531014,-6.929999999999993,-25.3,4.950000000000017,0.003,1.7908,1.9802,0.0,0.0,0.0,0.0752025635156786,2.3999999999999773,25.8,30.3
4.0,0.0,1.8585,2.075,0.0,0.0,0.0,0.1319157701991302,-6.929999999999993,-25.4,5.050000000000026,0.0001,1.7859,1.9716,0.0,0.0,0.0,0.0752025635156786,2.3999999999999773,25.9,30.3
4.016000000759959,0.0,1.8567,2.0698,0.0,0.0,0.0,0.1314274814984359,-7.029999999999987,-25.6,5.050000000000026,0.0,1.791,1.9648,0.0,0.0,0.0,0.0752483405813687,2.3999999999999773,26.1,30.3
4.031000001356006,0.0,1.8594,2.0661999999999994,0.0,0.0015,0.0,0.1310460059510185,-7.129999999999996,-25.700000000000003,5.050000000000026,0.0,1.7864,1.9506,0.0,0.0,0.0,0.0752483405813687,2.499999999999986,26.200000000000003,30.3
4.04700000025332,0.0,1.8511,2.0678,0.0,0.0018,0.0,0.1309544518196383,-7.129999999999996,-25.9,5.15000000000002,0.0,1.7801,1.9548,0.0,0.0,0.0,0.0753246356908522,2.499999999999986,26.4,30.3
4.062000000849366,0.0,1.8418,2.0562,0.0,0.0108,0.0,0.1308171206225681,-7.22999999999999,-26.0,5.15000000000002,0.0,1.7803,1.9442,0.0,0.0,0.0,0.0753246356908522,2.499999999999986,26.5,30.3
4.09400000050664,0.0,1.8515,2.0676,0.0,0.0219,0.0,0.1307408255130846,-7.22999999999999,-26.1,5.250000000000014,0.0,1.7867,1.9386,0.0,0.0,0.0,0.0753398947127489,2.499999999999986,26.700000000000003,30.3
4.109000001102686,0.0,1.8602,2.076,0.0,0.0192,0.0,0.1306950484473945,-7.329999999999984,-26.3,5.250000000000014,0.0,1.7821,1.9296,0.0,0.0,0.0,0.0754467078660257,2.499999999999986,26.8,30.3
4.125,0.0,1.8626,2.0674,0.0,0.0073,0.0,0.130618753337911,-7.429999999999993,-26.4,5.250000000000014,0.0,1.7773,1.9256,0.0,0.0,0.0,0.0755535210193026,2.59999999999998,27.0,30.3
4.141000000759959,0.0,1.8498,2.0714,0.0,0.0149,0.0,0.1305577172503242,-7.429999999999993,-26.6,5.350000000000023,0.0,1.7594,1.9174,0.0,0.0,0.0,0.0761028458075837,2.59999999999998,27.1,30.3
4.156000001356006,0.0,1.8383,2.0638,0.0,0.0175,0.0,0.1305577172503242,-7.529999999999987,-26.700000000000003,5.350000000000023,0.0,1.7648,1.9232,0.0,0.0,0.0,0.0761333638513771,2.59999999999998,27.3,30.3
4.17200000025332,0.0,1.8372,2.0622,0.0,0.0145,0.0,0.1305577172503242,-7.529999999999987,-26.9,5.350000000000023,0.0,1.755,1.9196,0.0,0.0,0.0,0.0761333638513771,2.59999999999998,27.4,30.3
4.203000001609325,0.0,1.8417,2.0556,0.0,0.0152,0.0,0.1305577172503242,-7.6299999999999955,-27.0,5.450000000000017,0.0,1.7545,1.9006,0.0,0.0,0.0,0.0761638818951705,2.6999999999999886,27.6,30.3
4.203000001609325,0.0,1.8534,2.0494000000000003,0.0,0.0188,0.0,0.130618753337911,-7.6299999999999955,-27.200000000000003,5.450000000000017,0.0,1.7472,1.8988,0.0,0.0,0.0,0.0762096589608606,2.6999999999999886,27.700000000000003,30.3
4.234000001102686,0.0,1.8499,2.0416,0.0,0.0081,0.0,0.1307866025787747,-7.72999999999999,-27.3,5.450000000000017,0.0,1.7584,1.8912,0.0,0.0,0.0,0.0762249179827573,2.6999999999999886,27.9,30.3
4.25,0.0,1.8489,2.0454,0.0,0.0282,0.0,0.1308018616006714,-7.829999999999984,-27.4,5.550000000000026,0.0,1.7523,1.8966,0.0,0.0,0.0,0.0763317311360341,2.6999999999999886,28.0,30.3
4.266000000759959,0.0,1.8398,2.036,0.0,0.0115,0.0,0.1308171206225681,-7.829999999999984,-27.6,5.550000000000026,0.0,1.7463,1.898,0.0,0.0,0.0,0.0763927672236209,2.6999999999999886,28.200000000000003,30.3
4.29700000025332,0.0,1.831,2.033,0.0,0.0135,0.0,0.1309086747539482,-7.929999999999993,-27.700000000000003,5.550000000000026,0.0,1.736,1.8896,0.0,0.0,0.0,0.0763927672236209,2.6999999999999886,28.3,30.3
4.29700000025332,0.0,1.8394,2.0412000000000003,0.0,0.0138,0.0,0.1313359273670557,-7.929999999999993,-27.9,5.65000000000002,0.0,1.7277,1.8866,0.0,0.0,0.0,0.0765758754863813,2.799999999999983,28.5,30.3
4.312000000849366,0.0,1.8252,2.0212,0.0,0.0128,0.0,0.1315495536736095,-8.029999999999987,-28.1,5.65000000000002,0.0,1.7267,1.8896,0.0,0.0,0.0,0.076789501792935,2.799999999999983,28.6,30.3
4.34400000050664,0.0,1.8287,2.0178,0.0,0.0242,0.0,0.1315495536736095,-8.029999999999987,-28.200000000000003,5.65000000000002,0.0,1.7132,1.8758,0.0,0.0,0.0,0.0770183871213855,2.799999999999983,28.8,30.3
4.359000001102686,0.0,1.8063,2.0158,0.0,0.005,0.0,0.1318547341115434,-8.029999999999987,-28.4,5.65000000000002,0.0,1.7279,1.875,0.0,0.0,0.0,0.0773846036469062,2.799999999999983,29.0,30.3
4.375,0.0,1.8239,2.0124,0.0,0.0111,0.0,0.132129396505684,-8.129999999999995,-28.5,5.750000000000014,0.0,1.7147,1.8612,0.0,0.0,0.0,0.0774914168001831,2.8999999999999773,29.1,30.3
4.391000000759959,0.0,1.8169,2.0064,0.0,0.0053,0.0,0.1327855344472419,-8.129999999999995,-28.700000000000003,5.750000000000014,0.0,1.7105,1.8646,0.0,0.0,0.0,0.0776287479972533,2.8999999999999773,29.3,30.3
4.406000001356006,0.0,1.7997,1.9894,0.0,0.0002,0.0,0.133685816739147,-8.22999999999999,-28.8,5.750000000000014,0.0,1.6988,1.8595999999999997,0.0,0.0,0.0,0.0777050431067368,2.8999999999999773,29.4,30.3
4.437000000849366,0.0,1.7978,1.9914,0.0,0.0,0.0,0.134387731746395,-8.22999999999999,-28.9,5.750000000000014,0.0,1.6968,1.8492,0.0,0.0,0.0,0.0777508201724269,2.8999999999999773,29.6,30.4
4.453000001609325,0.0,1.8002,1.9822,0.0,0.0026,0.0,0.1350286106660563,-8.22999999999999,-29.1,5.850000000000023,0.0,1.6922,1.8500000000000003,0.0,0.0,0.0,0.0778118562600137,2.8999999999999773,29.700000000000003,30.4
4.46900000050664,0.0,1.8141,1.9862,0.0,0.0,0.0,0.135547417410544,-8.329999999999984,-29.200000000000003,5.850000000000023,0.0,1.6903,1.8554,0.0,0.0,0.0,0.0783306630045014,2.999999999999986,29.9,30.4
4.484000001102686,0.0,1.7906,1.9944,0.0,0.0,0.0,0.1363561455710689,-8.329999999999984,-29.4,5.850000000000023,0.0,1.6857,1.8514,0.0,0.0,0.0,0.0783306630045014,2.999999999999986,30.0,30.4
4.5,0.0,1.7882,1.9794,0.0,0.0,0.0,0.1372716868848706,-8.429999999999993,-29.6,5.850000000000023,0.0,1.6759,1.8435999999999997,0.0,0.0,0.0,0.0784679942015716,2.999999999999986,30.200000000000003,30.4
4.516000000759959,0.0,1.7934,1.9732,0.0,0.0,0.0,0.1381872281986724,-8.429999999999993,-29.700000000000003,5.850000000000023,0.0,1.6713,1.832,0.0,0.0,0.0,0.0786053253986419,3.09999999999998,30.4,30.5
4.531000001356006,0.0,1.7841,1.9672,0.0,0.0,0.0,0.1390264744029907,-8.429999999999993,-29.9,5.850000000000023,0.0,1.6589,1.8352,0.0,0.0,0.0,0.0786663614862287,3.09999999999998,30.5,30.5
4.54700000025332,0.0,1.7888,1.9668,0.0,0.0,0.0,0.1399114976729991,-8.529999999999987,-30.0,5.850000000000023,0.0,1.6544,1.828,0.0,0.0,0.0,0.0786968795300221,3.09999999999998,30.700000000000003,30.5
4.578000001609325,0.0,1.783,1.967,0.0,0.0,0.0,0.1410101472495613,-8.529999999999987,-30.200000000000003,5.950000000000017,0.0,1.6461,1.8096000000000003,0.0,0.0,0.0,0.0790936140993362,3.09999999999998,30.8,30.5
4.59400000050664,0.0,1.7827,1.9746,0.0,0.0,0.0,0.1421393148699168,-8.529999999999987,-30.3,5.950000000000017,0.0,1.6525,1.823,0.0,0.0,0.0,0.0791393911650263,3.09999999999998,31.0,30.5
4.609000001102686,0.0,1.7787,1.9622,0.0,0.0013,0.0,0.1437567711909666,-8.529999999999987,-30.5,5.950000000000017,0.0,1.6589,1.8044,0.0,0.0,0.0,0.0791851682307164,3.1999999999999886,31.1,30.5
4.625,0.0,1.7822,1.9672,0.0,0.0,0.0,0.1451758602273594,-8.629999999999995,-30.6,5.950000000000017,0.0,1.6428,1.808,0.0,0.0,0.0,0.0792156862745098,3.1999999999999886,31.3,30.5
4.641000000759959,0.0,1.7673,1.974,0.0,0.0044,0.0,0.1467170214389257,-8.629999999999995,-30.8,5.950000000000017,0.0,1.6319,1.7936000000000003,0.0,0.0,0.0,0.0792767223620965,3.1999999999999886,31.4,30.5
4.67200000025332,0.0,1.7822,1.9604,0.0,0.0103,0.0,0.1471900511177233,-8.629999999999995,-30.9,5.950000000000017,0.0,1.6471,1.8036,0.0,0.0,0.0,0.07935301747158,3.1999999999999886,31.6,30.5
4.67200000025332,0.0,1.78,1.958,0.0,0.0004,0.0,0.1485786221103227,-8.629999999999995,-31.1,5.950000000000017,0.0,1.6394,1.7995999999999999,0.0,0.0,0.0,0.0795666437781338,3.299999999999983,31.700000000000003,30.5
4.703000001609325,0.0,1.7723,1.9552,0.0,0.0106,0.0,0.1501350423437857,-8.72999999999999,-31.3,5.950000000000017,0.0,1.6336,1.7990000000000002,0.0,0.0,0.0,0.0795971618219272,3.299999999999983,31.9,30.6
4.71900000050664,0.0,1.7697,1.9514,0.0,0.0,0.0,0.1506538490882734,-8.72999999999999,-31.4,5.950000000000017,0.0,1.6273,1.793,0.0,0.0,0.0,0.0799023422598611,3.299999999999983,32.1,30.6
4.75,0.0,1.7592,1.947,0.0,0.0095,0.0,0.1524391546501869,-8.72999999999999,-31.6,5.950000000000017,0.0,1.6319,1.7914,0.0,0.0,0.0,0.0800549324788281,3.299999999999983,32.2,30.6
4.766000000759959,0.0,1.7683,1.9494,0.0,0.0014,0.0,0.1532326237888151,-8.72999999999999,-31.700000000000003,5.950000000000017,0.0,1.6267,1.7820000000000007,0.0,0.0,0.0,0.080360112916762,3.299999999999983,32.300000000000004,30.6
4.781000001356006,0.0,1.7543,1.9488,0.0,0.0145,0.0,0.1547737850003814,-8.829999999999984,-31.9,5.950000000000017,0.0,1.6235,1.7880000000000005,0.0,0.0,0.0,0.0805279621576256,3.3999999999999773,32.5,30.6
4.79700000025332,0.0,1.7674,1.9492,0.0,0.0,0.0,0.156406500343328,-8.829999999999984,-32.0,6.050000000000026,0.0,1.6229,1.781,0.0,0.0,0.0,0.0811841000991836,3.3999999999999773,32.6,30.6
4.812000000849366,0.0,1.7444,1.9434,0.0,0.0,0.0,0.1578255893797207,-8.829999999999984,-32.1,6.050000000000026,0.0,1.6128,1.763,0.0,0.0,0.0,0.0812451361867704,3.3999999999999773,32.800000000000004,30.5
4.828000001609325,0.0,1.7552,1.9374,0.0,0.0033,0.0,0.1578255893797207,-8.829999999999984,-32.3,6.050000000000026,0.0,1.6079,1.774,0.0,0.0,0.0,0.0812756542305638,3.3999999999999773,32.9,30.5
4.84400000050664,0.0,1.7384,1.9342,0.0,0.0,0.0,0.1578255893797207,-8.929999999999993,-32.5,6.050000000000026,0.0,1.6068,1.7708000000000002,0.0,0.0,0.0,0.0814587624933241,3.3999999999999773,33.1,30.5
4.859000001102686,0.0,1.7418,1.9256,0.0,0.0,0.0,0.1550942244602121,-8.929999999999993,-32.6,6.050000000000026,0.0,1.6121,1.765,0.0,0.0,0.0,0.0815503166247043,3.499999999999986,33.2,30.5
4.875,0.0,1.7387,1.928,0.0,0.0,0.0,0.1528511482413977,-8.929999999999993,-32.800000000000004,6.050000000000026,0.0,1.6094,1.7742000000000002,0.0,0.0,0.0,0.0816113527122911,3.499999999999986,33.4,30.6
4.891000000759959,0.0,1.7375,1.919,0.0,0.0,0.0,0.1485328450446326,-9.029999999999989,-32.9,6.050000000000026,0.0,1.5916,1.7632,0.0,0.0,0.0,0.0819623102159151,3.499999999999986,33.5,30.6
4.92200000025332,0.0,1.7276,1.9178,0.0,0.0057,0.0,0.1448249027237354,-9.029999999999989,-33.1,6.050000000000026,0.0,1.5979,1.7598,0.0,0.0,0.0,0.0820080872816052,3.499999999999986,33.7,30.6
4.937000000849366,0.0,1.7345,1.9102,0.0,0.0,0.0,0.1413916227969787,-9.029999999999989,-33.2,6.050000000000026,0.0,1.5839,1.7539999999999998,0.0,0.0,0.0,0.0821759365224689,3.59999999999998,33.800000000000004,30.6
4.953000001609325,0.0,1.7376,1.9166,0.0,0.0,0.0,0.1351354238193332,-9.129999999999995,-33.300000000000004,6.15000000000002,0.0,1.5966,1.7608,0.0,0.0,0.0,0.0824048218509193,3.59999999999998,33.9,30.6
4.96900000050664,0.0,1.7295,1.9216,0.0,0.0048,0.0,0.1304051270313573,-9.129999999999995,-33.4,6.15000000000002,0.0,1.5961,1.7455999999999998,0.0,0.0,0.0,0.0825879301136797,3.59999999999998,34.1,30.6
4.984000001102686,0.0,1.7165,1.9138,0.0,0.0,0.0,0.1270176241702907,-9.22999999999999,-33.6,6.15000000000002,0.0,1.5819,1.7420000000000002,0.0,0.0,0.0,0.0826947432669565,3.59999999999998,34.2,30.6
5.016000000759959,0.0,1.7231,1.9154,0.0,0.0,0.0,0.1268650339513237,-9.22999999999999,-33.7,6.15000000000002,0.0,1.5794,1.735,0.0,0.0,0.0,0.0829388876173037,3.59999999999998,34.300000000000004,30.6
5.031000001356006,0.0,1.7223,1.9092,0.0,0.0,0.0,0.125842679484245,-9.22999999999999,-33.800000000000004,6.15000000000002,0.0,1.5771,1.737,0.0,0.0,0.0,0.083427176317998,3.6999999999999886,34.5,30.6
5.04700000025332,0.0,1.7184,1.9024,0.0,0.0,0.0,0.125842679484245,-9.329999999999984,-34.0,6.250000000000014,0.0,1.5716,1.7466000000000002,0.0,0.0,0.0,0.0840070191500724,3.6999999999999886,34.6,30.6
5.062000000849366,0.0,1.7165,1.9006,0.0,0.0,0.0,0.125842679484245,-9.329999999999984,-34.1,6.250000000000014,0.0,1.5586,1.7262000000000002,0.0,0.0,0.0,0.0843884946974898,3.6999999999999886,34.7,30.7
5.078000001609325,0.0,1.7065,1.9028,0.0,0.0,0.0,0.125842679484245,-9.429999999999993,-34.2,6.250000000000014,0.0,1.5527,1.7276,0.0,0.0,0.0,0.0848004882887007,3.6999999999999886,34.9,30.7
5.09400000050664,0.0,1.7011,1.8926,0.0,0.0,0.0,0.1266514076447699,-9.429999999999993,-34.300000000000004,6.250000000000014,0.0,1.5538,1.7302000000000002,0.0,0.0,0.0,0.0853040360112916,3.799999999999983,35.0,30.7
5.109000001102686,0.0,1.7303,1.8872,0.0,0.0,0.0,0.1266514076447699,-9.529999999999989,-34.5,6.350000000000023,0.0,1.5534,1.7204,0.0,0.0,0.0,0.0864484626535439,3.799999999999983,35.1,30.7
5.141000000759959,0.0,1.7022,1.8836,0.0,0.0062,0.0,0.1277195391775387,-9.529999999999989,-34.6,6.350000000000023,0.0,1.5502,1.7131999999999998,0.0,0.0,0.0,0.0871808957045853,3.799999999999983,35.300000000000004,30.7
5.156000001356006,0.0,1.7062,1.8948,0.0,0.0,0.0,0.1289707789730678,-9.629999999999995,-34.7,6.350000000000023,0.0,1.5495,1.7212000000000003,0.0,0.0,0.0,0.0897138933394369,3.799999999999983,35.4,30.7
5.17200000025332,0.0,1.7087,1.8794,0.0,0.0,0.0,0.1299931334401464,-9.629999999999995,-34.800000000000004,6.450000000000017,0.0,1.5459,1.7068,0.0,0.0,0.0,0.0881269550621805,3.799999999999983,35.5,30.7
5.187000000849366,0.0,1.7069,1.8834,0.0,0.0,0.0,0.1308171206225681,-9.72999999999999,-34.9,6.450000000000017,0.0,1.5405,1.7055999999999998,0.0,0.0,0.0,0.0894392309452964,3.899999999999977,35.6,30.7
5.203000001609325,0.0,1.6942,1.8726,0.0,0.0,0.0,0.1319157701991302,-9.72999999999999,-35.0,6.450000000000017,0.0,1.5369,1.7092,0.0,0.0,0.0,0.0896681162737468,3.899999999999977,35.7,30.8
5.21900000050664,0.0,1.6808,1.879,0.0,0.0,0.0,0.1332127870603494,-9.829999999999984,-35.1,6.550000000000026,0.0,1.5177,1.7008,0.0,0.0,0.0,0.0897138933394369,3.899999999999977,35.9,30.8
5.234000001102686,0.0,1.685,1.8688,0.0,0.0,0.0,0.1346013580529488,-9.829999999999984,-35.2,6.550000000000026,0.0,1.5337,1.6962,0.0,0.0,0.0,0.0904921034561684,3.899999999999977,36.0,30.8
5.25,0.0,1.6903,1.8756,0.0,0.0,0.0,0.1358373388265812,-9.929999999999993,-35.300000000000004,6.550000000000026,0.0,1.5174,1.6936,0.0,0.0,0.0,0.0913008316166933,3.899999999999977,36.1,30.8
5.281000001356006,0.0,1.6853,1.8722,0.0,0.0,0.0,0.1372411688410773,-9.929999999999993,-35.4,6.65000000000002,0.0,1.5168,1.6884,0.0,0.0,0.0,0.0929640650034332,3.999999999999986,36.2,30.8
5.29700000025332,0.0,1.6827,1.8604,0.0,0.0,0.0,0.138461890592813,-10.029999999999989,-35.5,6.65000000000002,0.0,1.5292,1.6974,0.0,0.0,0.0,0.0950698100251773,3.999999999999986,36.3,30.8
5.312000000849366,0.0,1.6696,1.8546,0.0,0.0,0.0,0.1400640878919661,-10.029999999999989,-35.6,6.65000000000002,0.0,1.525,1.6912000000000005,0.0,0.0,0.0,0.0967177843900206,3.999999999999986,36.4,30.8
5.328000001609325,0.0,1.6648,1.8488,0.0,0.0,0.0,0.141025406271458,-10.129999999999995,-35.7,6.750000000000014,0.0,1.5118,1.6748,0.0,0.0,0.0,0.0984725719081406,3.999999999999986,36.5,30.8
5.359000001102686,0.0,1.6794,1.853,0.0,0.0,0.0,0.1419867246509498,-10.129999999999995,-35.800000000000004,6.750000000000014,0.0,1.5071,1.6727999999999998,0.0,0.0,0.0,0.1001510643167772,3.999999999999986,36.6,30.8
5.375,0.0,1.6592,1.8468,0.0,0.0,0.0,0.1428564888990615,-10.22999999999999,-35.9,6.750000000000014,0.0,1.4991,1.6773999999999998,0.0,0.0,0.0,0.1025467307545586,3.999999999999986,36.7,30.8
5.391000000759959,0.0,1.6642,1.8536,0.0,0.0,0.0,0.143588921950103,-10.22999999999999,-36.0,6.850000000000023,0.0,1.4986,1.6722000000000001,0.0,0.0,0.0,0.1078110933089188,4.09999999999998,36.8,30.8
5.406000001356006,0.0,1.6677,1.8542,0.0,0.0,0.0,0.1456183718623636,-10.329999999999984,-36.1,6.850000000000023,0.0,1.5026,1.6740000000000002,0.0,0.0,0.0,0.1116868848706797,4.09999999999998,37.0,30.9
5.42200000025332,0.0,1.6499,1.8354,0.0,0.0,0.0,0.1461371786068513,-10.329999999999984,-36.2,6.850000000000023,0.0,1.4875,1.663,0.0,0.0,0.0,0.1144640268558785,4.09999999999998,37.0,30.9
5.437000000849366,0.0,1.6488,1.8322,0.0,0.0,0.0,0.1467780575265125,-10.429999999999993,-36.3,6.850000000000023,0.0,1.4912,1.6665999999999999,0.0,0.0,0.0,0.1144640268558785,4.09999999999998,37.1,30.9
5.453000001609325,0.0,1.6509,1.8338,0.0,0.0,0.0,0.1467780575265125,-10.429999999999993,-36.4,6.950000000000017,0.0,1.479,1.6529999999999998,0.0,0.0,0.0,0.1144640268558785,4.09999999999998,37.2,30.9
5.46900000050664,0.0,1.6483,1.828,0.0,0.0,0.0,0.147556267643244,-10.529999999999989,-36.5,6.950000000000017,0.0,1.4847,1.6463999999999999,0.0,0.0,0.0,0.113380636301213,4.199999999999989,37.3,30.9
5.5,0.0,1.6492,1.8292,0.0,0.0,0.0,0.1482429236285954,-10.529999999999989,-36.6,6.950000000000017,0.0,1.4751,1.651,0.0,0.0,0.0,0.1083909361409933,4.199999999999989,37.4,30.9
5.516000000759959,0.0,1.6495,1.8282,0.0,0.0,0.0,0.149219501029984,-10.529999999999989,-36.7,7.050000000000026,0.0,1.4662,1.6444,0.0,0.0,0.0,0.0938185702296482,4.199999999999989,37.5,30.9
5.531000001356006,0.0,1.6451,1.818,0.0,0.0,0.0,0.1497383077744716,-10.629999999999995,-36.8,7.050000000000026,0.0,1.4719,1.6404000000000003,0.0,0.0,0.0,0.0938185702296482,4.199999999999989,37.6,30.9
5.54700000025332,0.0,1.6212,1.8234,0.0,0.0,0.0,0.1505317769130998,-10.629999999999995,-36.8,7.050000000000026,0.0,1.462,1.6348000000000005,0.0,0.0,0.0,0.0938185702296482,4.199999999999989,37.7,30.9
5.562000000849366,0.0,1.6363,1.8246,0.0,0.0,0.0,0.1511573968108644,-10.72999999999999,-36.9,7.15000000000002,0.0,1.4622,1.6255999999999997,0.0,0.0,0.0,0.0938185702296482,4.199999999999989,37.8,30.9
5.578000001609325,0.0,1.6387,1.8138,0.0,0.0,0.0,0.1514168001831082,-10.72999999999999,-37.0,7.15000000000002,0.0,1.4611,1.6214000000000002,0.0,0.0,0.0,0.0938185702296482,4.199999999999989,37.9,30.9
5.59400000050664,0.0,1.6295,1.8146,0.0,0.0,0.0,0.1520424200808728,-10.829999999999984,-37.1,7.15000000000002,0.0,1.4581,1.6260000000000001,0.0,0.0,0.0,0.0942610818646524,4.299999999999983,38.0,30.9
5.625,0.0,1.6258,1.8076,0.0,0.0,0.0,0.1521797512779431,-10.829999999999984,-37.2,7.250000000000014,0.0,1.4502,1.6258,0.0,0.0,0.0,0.097099259937438,4.299999999999983,38.0,30.9
5.641000000759959,0.0,1.6255,1.8108,0.0,0.0,0.0,0.1525764858472572,-10.829999999999984,-37.2,7.250000000000014,0.0,1.4495,1.627,0.0,0.0,0.0,0.0977401388570992,4.299999999999983,38.1,30.9
5.656000001356006,0.0,1.6192,1.8054,0.0,0.0,0.0,0.1526375219348439,-10.929999999999993,-37.3,7.250000000000014,0.0,1.4453,1.6142,0.0,0.0,0.0,0.0988998245212481,4.299999999999983,38.2,30.9
5.67200000025332,0.0,1.6272,1.8004,0.0,0.0,0.0,0.1528969253070878,-10.929999999999993,-37.4,7.250000000000014,0.0,1.4379,1.6116000000000001,0.0,0.0,0.0,0.0997390707255664,4.299999999999983,38.3,30.9
5.687000000849366,0.0,1.6252,1.8024,0.0,0.0,0.0,0.1528969253070878,-11.029999999999989,-37.5,7.350000000000023,0.0,1.4375,1.6056,0.0,0.0,0.0,0.1006088349736781,4.299999999999983,38.4,31.0
5.703000001609325,0.0,1.6131,1.7972000000000001,0.0,0.0,0.0,0.1529121843289845,-11.029999999999989,-37.5,7.350000000000023,0.0,1.4337,1.6101999999999999,0.0,0.0,0.0,0.1014175631342031,4.399999999999977,38.5,31.0
5.734000001102686,0.0,1.6127,1.789,0.0,0.0,0.0,0.1528969253070878,-11.029999999999989,-37.6,7.350000000000023,0.0,1.4388,1.6028,0.0,0.0,0.0,0.1017380025940337,4.399999999999977,38.5,31.0
5.734000001102686,0.0,1.6033,1.7862,0.0,0.0,0.0,0.1528816662851911,-11.029999999999989,-37.7,7.350000000000023,0.0,1.4318,1.5942,0.0,0.0,0.0,0.1025467307545586,4.399999999999977,38.6,31.0
5.766000000759959,0.0,1.6131,1.7862,0.0,0.0,0.0,0.1526985580224307,-11.129999999999995,-37.8,7.350000000000023,0.0,1.4193,1.5972,0.0,0.0,0.0,0.1035233081559472,4.399999999999977,38.7,31.0
5.781000001356006,0.0,1.6052,1.7868000000000002,0.0,0.0,0.0,0.1526070038910505,-11.129999999999995,-37.8,7.450000000000017,0.0,1.4214,1.5838,0.0,0.0,0.0,0.1038742656595712,4.399999999999977,38.8,31.0
5.79700000025332,0.0,1.5998,1.7898000000000003,0.0,0.0,0.0,0.1526070038910505,-11.129999999999995,-37.9,7.450000000000017,0.0,1.4272,1.5881999999999998,0.0,0.0,0.0,0.1040421149004348,4.399999999999977,38.9,31.0
5.812000000849366,0.0,1.6025,1.7762,0.0,0.0,0.0,0.1526070038910505,-11.22999999999999,-38.0,7.450000000000017,0.0,1.4291,1.5775999999999997,0.0,0.0,0.0,0.1042252231631952,4.499999999999986,38.9,31.1
5.828000001609325,0.0,1.6053,1.7787999999999997,0.0,0.0,0.0,0.1526070038910505,-11.22999999999999,-38.1,7.450000000000017,0.0,1.404,1.5792,0.0,0.0,0.0,0.104286259250782,4.499999999999986,39.0,31.1
5.84400000050664,0.0,1.5933,1.7682,0.0,0.0,0.0,0.1526070038910505,-11.22999999999999,-38.1,7.450000000000017,0.0,1.4176,1.5792,0.0,0.0,0.0,0.1043930724040589,4.499999999999986,39.1,31.1
5.859000001102686,0.0,1.5933,1.7604,0.0,0.0,0.0,0.1526070038910505,-11.22999999999999,-38.2,7.550000000000026,0.0,1.4191,1.567,0.0,0.0,0.0,0.1045151445792324,4.499999999999986,39.2,31.1
5.891000000759959,0.0,1.5838,1.7588,0.0,0.0,0.0,0.1526680399786373,-11.329999999999984,-38.2,7.550000000000026,0.0,1.4016,1.5652,0.0,0.0,0.0,0.1046677347981994,4.499999999999986,39.2,31.1
5.906000001356006,0.0,1.5853,1.76,0.0,0.0,0.0,0.1527443350881208,-11.329999999999984,-38.3,7.550000000000026,0.0,1.3932,1.5566000000000002,0.0,0.0,0.0,0.1049423971923399,4.499999999999986,39.3,31.1
5.92200000025332,0.0,1.589,1.7676,0.0,0.0,0.0,0.1528511482413977,-11.329999999999984,-38.4,7.550000000000026,0.0,1.3923,1.5606,0.0,0.0,0.0,0.1050339513237201,4.499999999999986,39.3,31.1
5.937000000849366,0.0,1.5865,1.7558,0.0,0.0,0.0,0.1528664072632944,-11.329999999999984,-38.4,7.550000000000026,0.0,1.3936,1.5578,0.0,0.0,0.0,0.1051865415426871,4.499999999999986,39.4,31.1
5.96900000050664,0.0,1.5753,1.7514,0.0,0.0,0.0,0.1529732204165713,-11.329999999999984,-38.5,7.550000000000026,0.0,1.39,1.5592,0.0,0.0,0.0,0.1052933546959639,4.59999999999998,39.5,31.1
5.984000001102686,0.0,1.5757,1.7552,0.0,0.0,0.0,0.1533241779201953,-11.429999999999993,-38.5,7.550000000000026,0.0,1.3879,1.5444000000000002,0.0,0.0,0.0,0.1053696498054474,4.59999999999998,39.5,31.1
6.0,0.0,1.5637,1.7451999999999999,0.0,0.0,0.0,0.1533241779201953,-11.429999999999993,-38.6,7.65000000000002,0.0,1.3908,1.5477999999999998,0.0,0.0,0.0,0.1054764629587243,4.59999999999998,39.6,31.1
6.016000000759959,0.0,1.5698,1.7516,0.0,0.0,0.0,0.1533241779201953,-11.429999999999993,-38.7,7.65000000000002,0.0,1.3761,1.5502,0.0,0.0,0.0,0.1055222400244144,4.59999999999998,39.6,31.2
6.031000001356006,0.0,1.574,1.7426000000000001,0.0,0.0,0.0,0.1533241779201953,-11.429999999999993,-38.7,7.65000000000002,0.0,1.3694,1.5396,0.0,0.0,0.0,0.1057511253528648,4.59999999999998,39.7,31.2
6.04700000025332,0.0,1.5576,1.7404,0.0,0.0,0.0,0.1533241779201953,-11.429999999999993,-38.8,7.65000000000002,0.0,1.3752,1.5450000000000002,0.0,0.0,0.0,0.1058274204623483,4.59999999999998,39.7,31.2
6.062000000849366,0.0,1.549,1.7206000000000001,0.0,0.0,0.0,0.1533241779201953,-11.429999999999993,-38.8,7.65000000000002,0.0,1.3668,1.5393999999999999,0.0,0.0,0.0,0.1063004501411459,4.59999999999998,39.8,31.2
6.09400000050664,0.0,1.5528,1.7304000000000002,0.0,0.0,0.0,0.1532784008545052,-11.429999999999993,-38.8,7.65000000000002,0.0,1.3767,1.5412,0.0,0.0,0.0,0.1063004501411459,4.59999999999998,39.8,31.2
6.109000001102686,0.0,1.5521,1.7268,0.0,0.0,0.0,0.1532784008545052,-11.429999999999993,-38.9,7.65000000000002,0.0,1.3562,1.5316,0.0,0.0,0.0,0.1063004501411459,4.59999999999998,39.9,31.2
6.125,0.0,1.5417,1.7288,0.0,0.0,0.0,0.1532784008545052,-11.529999999999989,-39.0,7.65000000000002,0.0,1.3688,1.5286,0.0,0.0,0.0,0.1062394140535591,4.699999999999989,39.9,31.2
6.141000000759959,0.0,1.5507,1.7274,0.0,0.0,0.0,0.1532936598764019,-11.529999999999989,-39.0,7.65000000000002,0.0,1.3689,1.5302,0.0,0.0,0.0,0.1062241550316624,4.699999999999989,40.0,31.2
6.156000001356006,0.0,1.5414,1.7187999999999999,0.0,0.0,0.0,0.1532936598764019,-11.529999999999989,-39.1,7.65000000000002,0.0,1.3467,1.5244000000000002,0.0,0.0,0.0,0.1062241550316624,4.699999999999989,40.0,31.2
6.17200000025332,0.0,1.5356,1.7206000000000001,0.0,0.0,0.0,0.153339436942092,-11.529999999999989,-39.1,7.65000000000002,0.0,1.3506,1.516,0.0,0.0,0.0,0.1062241550316624,4.699999999999989,40.1,31.2
6.203000001609325,0.0,1.5367,1.7124,0.0,0.0,0.0,0.153339436942092,-11.529999999999989,-39.1,7.65000000000002,0.0,1.3344,1.5148000000000001,0.0,0.0,0.0,0.1062241550316624,4.699999999999989,40.1,31.2
6.21900000050664,0.0,1.5353,1.7112,0.0,0.0,0.0,0.1533546959639887,-11.529999999999989,-39.2,7.65000000000002,0.0,1.346,1.5044000000000002,0.0,0.0,0.0,0.1062394140535591,4.699999999999989,40.1,31.2
6.234000001102686,0.0,1.5278,1.7112,0.0,0.0,0.0,0.1533546959639887,-11.529999999999989,-39.2,7.65000000000002,0.0,1.3423,1.502,0.0,0.0,0.0,0.1062851911192492,4.699999999999989,40.2,31.2
6.25,0.0,1.5357,1.7078,0.0,0.0,0.0,0.1533699549858854,-11.529999999999989,-39.3,7.65000000000002,0.0,1.3323,1.5002000000000002,0.0,0.0,0.0,0.1062851911192492,4.699999999999989,40.2,31.2
6.266000000759959,0.0,1.5273,1.704,0.0,0.0,0.0,0.1534004730296788,-11.529999999999989,-39.3,7.65000000000002,0.0,1.3333,1.4910000000000003,0.0,0.0,0.0,0.1062851911192492,4.699999999999989,40.3,31.2
6.281000001356006,0.0,1.5272,1.7016,0.0,0.0,0.0,0.1534920271610589,-11.529999999999989,-39.3,7.65000000000002,0.0,1.3236,1.4851999999999999,0.0,0.0,0.0,0.106346227206836,4.699999999999989,40.3,31.2
6.29700000025332,0.0,1.504,1.6947999999999999,0.0,0.0,0.0,0.1535988403143358,-11.529999999999989,-39.4,7.65000000000002,0.0,1.3212,1.4829999999999999,0.0,0.0,0.0,0.106346227206836,4.699999999999989,40.3,31.2
6.328000001609325,0.0,1.5089,1.6988,0.0,0.0,0.0,0.1535988403143358,-11.529999999999989,-39.4,7.65000000000002,0.0,1.3142,1.4886,0.0,0.0,0.0,0.106346227206836,4.699999999999989,40.3,31.2
6.34400000050664,0.0,1.516,1.6891999999999998,0.0,0.0,0.0,0.1535988403143358,-11.629999999999995,-39.4,7.750000000000014,0.0,1.3115,1.4833999999999998,0.0,0.0,0.0,0.106346227206836,4.699999999999989,40.4,31.2
6.359000001102686,0.0,1.5119,1.6876000000000007,0.0,0.0,0.0,0.1534462500953688,-11.629999999999995,-39.5,7.750000000000014,0.0,1.3078,1.4807999999999997,0.0,0.0,0.0,0.1063614862287327,4.799999999999983,40.4,31.2
6.375,0.0,1.5201,1.6900000000000002,0.0,0.0,0.0,0.1534462500953688,-11.629999999999995,-39.5,7.750000000000014,0.0,1.3102,1.4704,0.0,0.0,0.0,0.1063614862287327,4.799999999999983,40.4,31.2
6.391000000759959,0.0,1.5117,1.6848,0.0,0.0,0.0,0.1534462500953688,-11.629999999999995,-39.5,7.750000000000014,0.0,1.3079,1.4748,0.0,0.0,0.0,0.1064072632944228,4.799999999999983,40.4,31.2
6.406000001356006,0.0,1.5104,1.6858000000000002,0.0,0.0,0.0,0.1534462500953688,-11.629999999999995,-39.5,7.750000000000014,0.0,1.3116,1.466,0.0,0.0,0.0,0.1067887388418402,4.799999999999983,40.5,31.2
6.437000000849366,0.0,1.4875,1.6810000000000007,0.0,0.0,0.0,0.1534309910734722,-11.629999999999995,-39.6,7.750000000000014,0.0,1.2984,1.4694,0.0,0.0,0.0,0.1067887388418402,4.799999999999983,40.5,31.2
6.453000001609325,0.0,1.4984,1.6773999999999998,0.0,0.0,0.0,0.1534309910734722,-11.629999999999995,-39.6,7.750000000000014,0.0,1.2877,1.4646,0.0,0.0,0.0,0.1067887388418402,4.799999999999983,40.5,31.2
6.46900000050664,0.0,1.4974,1.6616,0.0,0.0,0.0,0.1534615091172655,-11.629999999999995,-39.6,7.750000000000014,0.0,1.2822,1.4542,0.0,0.0,0.0,0.106498817425803,4.799999999999983,40.5,31.2
6.484000001102686,0.0,1.4955,1.6769999999999998,0.0,0.0,0.0,0.1534615091172655,-11.629999999999995,-39.6,7.750000000000014,0.0,1.2781,1.4509999999999998,0.0,0.0,0.0,0.106498817425803,4.799999999999983,40.6,31.2
6.5,0.0,1.4923,1.6621999999999997,0.0,0.0,0.0,0.1534462500953688,-11.629999999999995,-39.6,7.750000000000014,0.0,1.2935,1.4524,0.0,0.0,0.0,0.106498817425803,4.799999999999983,40.6,31.3
6.531000001356006,0.0,1.4887,1.6626,0.0,0.0,0.0,0.1534462500953688,-11.629999999999995,-39.7,7.750000000000014,0.0,1.2689,1.4458,0.0,0.0,0.0,0.106498817425803,4.799999999999983,40.6,31.3
6.531000001356006,0.0,1.4816,1.6580000000000001,0.0,0.0,0.0,0.1533699549858854,-11.629999999999995,-39.7,7.750000000000014,0.0,1.2782,1.441,0.0,0.0,0.0,0.106498817425803,4.799999999999983,40.6,31.3
6.54700000025332,0.0,1.4783,1.6508,0.0,0.0,0.0,0.1534462500953688,-11.629999999999995,-39.7,7.750000000000014,0.0,1.266,1.4318,0.0,0.0,0.0,0.1065751125352864,4.799999999999983,40.6,31.3
6.562000000849366,0.0,1.4782,1.6468,0.0,0.0,0.0,0.1534462500953688,-11.629999999999995,-39.7,7.750000000000014,0.0,1.2628,1.4294000000000002,0.0,0.0,0.0,0.1065751125352864,4.799999999999983,40.6,31.3
6.59400000050664,0.0,1.4767,1.6524,0.0,0.0,0.0,0.1534462500953688,-11.629999999999995,-39.7,7.750000000000014,0.0,1.2593,1.4292,0.0,0.0,0.0,0.1066361486228732,4.799999999999983,40.6,31.3
6.609000001102686,0.0,1.4618,1.6418,0.0,0.0,0.0,0.1534615091172655,-11.629999999999995,-39.7,7.750000000000014,0.0,1.2638,1.4096,0.0,0.0,0.0,0.1067124437323567,4.799999999999983,40.7,31.3
6.625,0.0,1.4651,1.6323999999999999,0.0,0.0,0.0,0.1536293583581292,-11.629999999999995,-39.7,7.750000000000014,0.0,1.2605,1.4146,0.0,0.0,0.0,0.1067734798199435,4.799999999999983,40.6,31.3
6.641000000759959,0.0,1.4652,1.6406,0.0,0.0,0.0,0.1537819485770962,-11.629999999999995,-39.7,7.750000000000014,0.0,1.2489,1.4156000000000002,0.0,0.0,0.0,0.1067734798199435,4.799999999999983,40.6,31.3
6.67200000025332,0.0,1.4644,1.6426,0.0,0.0,0.0,0.1537819485770962,-11.629999999999995,-39.7,7.750000000000014,0.0,1.2415,1.4085999999999999,0.0,0.0,0.0,0.1067734798199435,4.799999999999983,40.7,31.3
6.687000000849366,0.0,1.4584,1.6255999999999997,0.0,0.0,0.0,0.1537819485770962,-11.629999999999995,-39.7,7.750000000000014,0.0,1.2497,1.4071999999999998,0.0,0.0,0.0,0.1067887388418402,4.799999999999983,40.7,31.3
6.703000001609325,0.0,1.4487,1.6246,0.0,0.0,0.0,0.1535530632486457,-11.72999999999999,-39.7,7.750000000000014,0.0,1.246,1.4064000000000003,0.0,0.0,0.0,0.1068802929732204,4.799999999999983,40.7,31.3
6.71900000050664,0.0,1.4571,1.6219999999999999,0.0,0.0,0.0,0.1535530632486457,-11.72999999999999,-39.7,7.750000000000014,0.0,1.2308,1.4056000000000004,0.0,0.0,0.0,0.1073075455863279,4.799999999999983,40.6,31.3
6.734000001102686,0.0,1.4564,1.6136,0.0,0.0,0.0,0.1535225452048523,-11.72999999999999,-39.7,7.850000000000023,0.0,1.2365,1.404,0.0,0.0,0.0,0.1073075455863279,4.799999999999983,40.6,31.3
6.75,0.0,1.4503,1.619,0.0,0.0,0.0,0.1534767681391622,-11.72999999999999,-39.7,7.850000000000023,0.0,1.2285,1.3963999999999999,0.0,0.0,0.0,0.1073075455863279,4.799999999999983,40.6,31.3
6.766000000759959,0.0,1.447,1.6118,0.0,0.0,0.0,0.1534767681391622,-11.72999999999999,-39.7,7.850000000000023,0.0,1.2261,1.3826,0.0,0.0,0.0,0.1072312504768444,4.799999999999983,40.6,31.3
6.781000001356006,0.0,1.436,1.6154,0.0,0.0,0.0,0.1535225452048523,-11.72999999999999,-39.7,7.850000000000023,0.0,1.2167,1.3846,0.0,0.0,0.0,0.1071091783016708,4.799999999999983,40.6,31.3
6.812000000849366,0.0,1.4207,1.6079999999999999,0.0,0.0,0.0,0.1535225452048523,-11.72999999999999,-39.6,7.850000000000023,0.0,1.2275,1.3812000000000006,0.0,0.0,0.0,0.1071091783016708,4.799999999999983,40.6,31.3
6.828000001609325,0.0,1.4294,1.6026,0.0,0.0,0.0,0.1535225452048523,-11.72999999999999,-39.6,7.850000000000023,0.0,1.224,1.3766000000000005,0.0,0.0,0.0,0.1071091783016708,4.799999999999983,40.6,31.2
6.84400000050664,0.0,1.4157,1.5984,0.0,0.0,0.0,0.1535225452048523,-11.72999999999999,-39.6,7.850000000000023,0.0,1.2294,1.3708,0.0,0.0,0.0,0.1071091783016708,4.799999999999983,40.6,31.2
6.859000001102686,0.0,1.4227,1.5899999999999999,0.0,0.0,0.0,0.1535683222705424,-11.72999999999999,-39.6,7.850000000000023,0.0,1.2052,1.3705999999999998,0.0,0.0,0.0,0.1071091783016708,4.799999999999983,40.6,31.2
6.891000000759959,0.0,1.4094,1.5816,0.0,0.0,0.0,0.1535835812924391,-11.72999999999999,-39.6,7.850000000000023,0.0,1.2115,1.3583999999999998,0.0,0.0,0.0,0.1071091783016708,4.799999999999983,40.6,31.2
6.891000000759959,0.0,1.4233,1.5892000000000002,0.0,0.0,0.0,0.1535835812924391,-11.72999999999999,-39.6,7.850000000000023,0.0,1.2063,1.3582,0.0,0.0,0.0,0.1071244373235675,4.799999999999983,40.6,31.2
6.92200000025332,0.0,1.4148,1.5881999999999998,0.0,0.0,0.0,0.1536140993362325,-11.72999999999999,-39.6,7.850000000000023,0.0,1.2044,1.3586,0.0,0.0,0.0,0.1071244373235675,4.799999999999983,40.6,31.2
6.937000000849366,0.0,1.4104,1.5896,0.0,0.0,0.0,0.1536446173800259,-11.72999999999999,-39.6,7.850000000000023,0.0,1.2058,1.3545999999999998,0.0,0.0,0.0,0.1071244373235675,4.799999999999983,40.6,31.2
6.953000001609325,0.0,1.4074,1.5824,0.0,0.0,0.0,0.1537819485770962,-11.72999999999999,-39.6,7.850000000000023,0.0,1.2002,1.3536000000000001,0.0,0.0,0.0,0.107200732433051,4.799999999999983,40.6,31.2
6.96900000050664,0.0,1.4017,1.5738,0.0,0.0,0.0,0.1537819485770962,-11.72999999999999,-39.6,7.850000000000023,0.0,1.1971,1.3414000000000001,0.0,0.0,0.0,0.1072312504768444,4.799999999999983,40.6,31.2
6.984000001102686,0.0,1.4001,1.574,0.0,0.0,0.0,0.1537819485770962,-11.829999999999984,-39.6,7.850000000000023,0.0,1.198,1.3456000000000001,0.0,0.0,0.0,0.1072617685206378,4.799999999999983,40.6,31.2
7.016000000759959,0.0,1.4015,1.5718000000000003,0.0,0.0,0.0,0.1537819485770962,-11.829999999999984,-39.6,7.950000000000017,0.0,1.1747,1.3328,0.0,0.0,0.0,0.1072922865644312,4.799999999999983,40.6,31.2
7.031000001356006,0.0,1.3875,1.5655999999999999,0.0,0.0,0.0,0.1536140993362325,-11.829999999999984,-39.5,7.950000000000017,0.0,1.1698,1.3302,0.0,0.0,0.0,0.107353322652018,4.799999999999983,40.5,31.2
7.04700000025332,0.0,1.4008,1.5626,0.0,0.0,0.0,0.1536140993362325,-11.829999999999984,-39.5,7.950000000000017,0.0,1.1715,1.3282,0.0,0.0,0.0,0.1076279850461585,4.799999999999983,40.5,31.2
7.062000000849366,0.0,1.3845,1.5612000000000001,0.0,0.0,0.0,0.1536140993362325,-11.829999999999984,-39.5,7.950000000000017,0.0,1.1781,1.3270000000000002,0.0,0.0,0.0,0.1076279850461585,4.799999999999983,40.5,31.2
7.078000001609325,0.0,1.391,1.5599999999999998,0.0,0.0,0.0,0.1535988403143358,-11.829999999999984,-39.5,7.950000000000017,0.0,1.1684,1.3146,0.0,0.0,0.0,0.1076279850461585,4.799999999999983,40.5,31.2
7.09400000050664,0.0,1.3831,1.5566000000000002,0.0,0.0,0.0,0.1535988403143358,-11.829999999999984,-39.5,7.950000000000017,0.0,1.1758,1.3264,0.0,0.0,0.0,0.1074448767833981,4.799999999999983,40.5,31.2
7.109000001102686,0.0,1.3865,1.5504,0.0,0.0,0.0,0.1535988403143358,-11.829999999999984,-39.5,7.950000000000017,0.0,1.1653,1.3102,0.0,0.0,0.0,0.1072465094987411,4.799999999999983,40.5,31.3
7.125,0.0,1.383,1.5556,0.0,0.0,0.0,0.1535988403143358,-11.829999999999984,-39.5,7.950000000000017,0.0,1.1551,1.3112000000000001,0.0,0.0,0.0,0.1072159914549477,4.799999999999983,40.5,31.3
7.156000001356006,0.0,1.3656,1.5452000000000001,0.0,0.0,0.0,0.1535988403143358,-11.829999999999984,-39.5,7.950000000000017,0.0,1.1435,1.311,0.0,0.0,0.0,0.1072159914549477,4.799999999999983,40.5,31.3
7.17200000025332,0.0,1.3593,1.5346,0.0,0.0,0.0,0.1535988403143358,-11.829999999999984,-39.5,7.950000000000017,0.0,1.1524,1.3012,0.0,0.0,0.0,0.1072159914549477,4.799999999999983,40.5,31.3
7.187000000849366,0.0,1.3626,1.5393999999999999,0.0,0.0,0.0,0.1535683222705424,-11.829999999999984,-39.5,7.950000000000017,0.0,1.1467,1.3032000000000001,0.0,0.0,0.0,0.1072159914549477,4.799999999999983,40.5,31.3
7.203000001609325,0.0,1.3606,1.53,0.0,0.0,0.0,0.1535683222705424,-11.829999999999984,-39.5,7.950000000000017,0.0,1.1409,1.297,0.0,0.0,0.0,0.1072159914549477,4.799999999999983,40.5,31.3
7.234000001102686,0.0,1.3506,1.5312000000000001,0.0,0.0,0.0,0.1535988403143358,-11.829999999999984,-39.5,7.950000000000017,0.0,1.1428,1.2926,0.0,0.0,0.0,0.1072159914549477,4.799999999999983,40.5,31.3
7.234000001102686,0.0,1.3501,1.5216,0.0,0.0,0.0,0.1535988403143358,-11.829999999999984,-39.5,7.950000000000017,0.0,1.1421,1.298,0.0,0.0,0.0,0.1073075455863279,4.899999999999977,40.5,31.3
7.266000000759959,0.0,1.3461,1.5208000000000002,0.0,0.0,0.0,0.1536751354238193,-11.829999999999984,-39.5,7.950000000000017,0.0,1.1304,1.2935999999999999,0.0,0.0,0.0,0.1073380636301213,4.899999999999977,40.5,31.3
7.266000000759959,0.0,1.3563,1.5146000000000004,0.0,0.0,0.0,0.153690394445716,-11.829999999999984,-39.5,7.950000000000017,0.0,1.1266,1.2884000000000002,0.0,0.0,0.0,0.1074448767833981,4.899999999999977,40.5,31.3
7.29700000025332,0.0,1.3409,1.5154000000000003,0.0,0.0,0.0,0.1537209124895094,-11.829999999999984,-39.5,7.950000000000017,0.0,1.1247,1.2772,0.0,0.0,0.0,0.1074601358052948,4.899999999999977,40.5,31.3
7.312000000849366,0.0,1.3531,1.5176,0.0,0.0,0.0,0.1537819485770962,-11.829999999999984,-39.5,7.950000000000017,0.0,1.1201,1.2724,0.0,0.0,0.0,0.1075364309147783,4.899999999999977,40.5,31.3
7.328000001609325,0.0,1.3361,1.5100000000000007,0.0,0.0,0.0,0.1537819485770962,-11.829999999999984,-39.5,7.950000000000017,0.0,1.1145,1.2676,0.0,0.0,0.0,0.107551689936675,4.899999999999977,40.5,31.3
7.344000000506639,0.0,1.3371,1.502,0.0,0.0,0.0,0.1521034561684596,-11.829999999999984,-39.5,7.950000000000017,0.0,1.111,1.2502,0.0,0.0,0.0,0.107551689936675,4.899999999999977,40.5,31.3
7.375,0.0,1.3353,1.502,0.0,0.0,0.0,0.1537819485770962,-11.829999999999984,-39.4,7.950000000000017,0.0,1.1198,1.2571999999999999,0.0,0.0,0.0,0.1075669489585717,4.899999999999977,40.5,31.3
7.391000000759959,0.0,1.3291,1.4960000000000002,0.0,0.0,0.0,0.1537209124895094,-11.829999999999984,-39.4,7.950000000000017,0.0,1.0968,1.2598,0.0,0.0,0.0,0.1080704966811627,4.899999999999977,40.5,31.3
7.406000001356006,0.0,1.3258,1.495,0.0,0.0,0.0,0.1537209124895094,-11.829999999999984,-39.4,8.050000000000026,0.0,1.1111,1.252,0.0,0.0,0.0,0.1080704966811627,4.899999999999977,40.5,31.3
7.42200000025332,0.0,1.3246,1.486,0.0,0.0,0.0,0.1537056534676127,-11.829999999999984,-39.4,8.050000000000026,0.0,1.1046,1.246,0.0,0.0,0.0,0.1080704966811627,4.799999999999983,40.5,31.3
7.437000000849366,0.0,1.3093,1.4786000000000001,0.0,0.0,0.0,0.153690394445716,-11.829999999999984,-39.4,7.950000000000017,0.0,1.0924,1.2546,0.0,0.0,0.0,0.1079942015716792,4.799999999999983,40.5,31.3
7.453000001609325,0.0,1.3091,1.4868,0.0,0.0,0.0,0.153690394445716,-11.829999999999984,-39.4,7.950000000000017,0.0,1.0908,1.2406,0.0,0.0,0.0,0.1079789425497825,4.799999999999983,40.5,31.3
7.469000000506639,0.0,1.3091,1.484,0.0,0.0,0.0,0.153690394445716,-11.829999999999984,-39.4,7.950000000000017,0.0,1.0934,1.2416,0.0,0.0,0.0,0.1079789425497825,4.799999999999983,40.4,31.3
7.484000001102686,0.0,1.3111,1.4762000000000002,0.0,0.0,0.0,0.153690394445716,-11.829999999999984,-39.4,7.950000000000017,0.0,1.1085,1.2324,0.0,0.0,0.0,0.1079789425497825,4.799999999999983,40.4,31.3
7.516000000759959,0.0,1.3034,1.4702,0.0,0.0,0.0,0.153690394445716,-11.829999999999984,-39.4,7.950000000000017,0.0,1.0851,1.2394,0.0,0.0,0.0,0.1079789425497825,4.799999999999983,40.4,31.2
7.531000001356006,0.0,1.3079,1.4757999999999998,0.0,0.0,0.0,0.153690394445716,-11.829999999999984,-39.4,7.950000000000017,0.0,1.0716,1.223,0.0,0.0,0.0,0.1079942015716792,4.799999999999983,40.4,31.2
7.54700000025332,0.0,1.3032,1.4736,0.0,0.0,0.0,0.1537056534676127,-11.829999999999984,-39.4,7.950000000000017,0.0,1.071,1.2328,0.0,0.0,0.0,0.1080094605935759,4.799999999999983,40.4,31.2
7.562000000849366,0.0,1.3058,1.4642,0.0,0.0,0.0,0.1537209124895094,-11.829999999999984,-39.4,7.950000000000017,0.0,1.0722,1.2244,0.0,0.0,0.0,0.1080247196154726,4.799999999999983,40.4,31.2
7.578000001609325,0.0,1.2905,1.4642,0.0,0.0,0.0,0.1537666895551995,-11.829999999999984,-39.4,7.950000000000017,0.0,1.0773,1.2174,0.0,0.0,0.0,0.1081315327687495,4.799999999999983,40.4,31.2
7.594000000506639,0.0,1.3028,1.4588,0.0,0.0,0.0,0.1538124666208896,-11.72999999999999,-39.4,7.950000000000017,0.0,1.0595,1.21,0.0,0.0,0.0,0.1081925688563363,4.799999999999983,40.4,31.2
7.609000001102686,0.0,1.2917,1.4563999999999997,0.0,0.0,0.0,0.1539650568398565,-11.72999999999999,-39.4,7.950000000000017,0.0,1.0649,1.2154,0.0,0.0,0.0,0.1081925688563363,4.799999999999983,40.4,31.2
7.641000000759959,0.0,1.2821,1.4525999999999997,0.0,0.0,0.0,0.1538735027084763,-11.72999999999999,-39.4,7.950000000000017,0.0,1.0575,1.2074,0.0,0.0,0.0,0.108207827878233,4.799999999999983,40.4,31.2
7.656000001356006,0.0,1.2843,1.4400000000000002,0.0,0.0,0.0,0.1538735027084763,-11.72999999999999,-39.4,7.950000000000017,0.0,1.0539,1.2086,0.0,0.0,0.0,0.1082383459220264,4.799999999999983,40.4,31.2
7.67200000025332,0.0,1.2795,1.4478000000000002,0.0,0.0,0.0,0.1538735027084763,-11.72999999999999,-39.4,7.950000000000017,0.0,1.0471,1.2068,0.0,0.0,0.0,0.1082536049439231,4.799999999999983,40.4,31.2
7.687000000849366,0.0,1.2689,1.4462,0.0,0.0,0.0,0.1538735027084763,-11.72999999999999,-39.4,7.950000000000017,0.0,1.0521,1.1984,0.0,0.0,0.0,0.1088792248416876,4.799999999999983,40.4,31.2
7.719000000506639,0.0,1.2625,1.421,0.0,0.0,0.0,0.1538735027084763,-11.72999999999999,-39.4,7.950000000000017,0.0,1.0401,1.1894000000000002,0.0,0.0,0.0,0.1088792248416876,4.799999999999983,40.4,31.2
7.734000001102686,0.0,1.2754,1.4342,0.0,0.0,0.0,0.1537972075989929,-11.72999999999999,-39.4,7.950000000000017,0.0,1.0367,1.1782,0.0,0.0,0.0,0.1088792248416876,4.799999999999983,40.4,31.2
7.75,0.0,1.2821,1.4336,0.0,0.0,0.0,0.1537972075989929,-11.72999999999999,-39.4,7.950000000000017,0.0,1.0301,1.1898,0.0,0.0,0.0,0.1087418936446173,4.799999999999983,40.4,31.2
7.766000000759959,0.0,1.2688,1.4269999999999998,0.0,0.0,0.0,0.1537972075989929,-11.72999999999999,-39.4,7.950000000000017,0.0,1.0356,1.1874000000000002,0.0,0.0,0.0,0.108558785381857,4.799999999999983,40.4,31.2
7.781000001356006,0.0,1.2636,1.431,0.0,0.0,0.0,0.1537972075989929,-11.629999999999995,-39.4,7.850000000000023,0.0,1.0185,1.1776,0.0,0.0,0.0,0.1085130083161669,4.799999999999983,40.4,31.2
7.79700000025332,0.0,1.2544,1.4156000000000002,0.0,0.0,0.0,0.1538277256427863,-11.629999999999995,-39.4,7.850000000000023,0.0,1.0276,1.171,0.0,0.0,0.0,0.1085130083161669,4.799999999999983,40.4,31.2
7.812000000849366,0.0,1.2561,1.4102,0.0,0.0,0.0,0.1538277256427863,-11.629999999999995,-39.4,7.850000000000023,0.0,1.0295,1.1712000000000002,0.0,0.0,0.0,0.1085130083161669,4.799999999999983,40.4,31.2
7.828000001609325,0.0,1.2553,1.4189999999999998,0.0,0.0,0.0,0.1538277256427863,-11.629999999999995,-39.4,7.850000000000023,0.0,1.016,1.168,0.0,0.0,0.0,0.1085130083161669,4.899999999999977,40.4,31.2
7.859000001102686,0.0,1.2393,1.4108,0.0,0.0,0.0,0.1538277256427863,-11.629999999999995,-39.4,7.850000000000023,0.0,1.0125,1.167,0.0,0.0,0.0,0.1085130083161669,4.899999999999977,40.4,31.2
7.875,0.0,1.2392,1.4074,0.0,0.0,0.0,0.1538277256427863,-11.629999999999995,-39.4,7.850000000000023,0.0,1.0158,1.1642,0.0,0.0,0.0,0.1085130083161669,4.899999999999977,40.4,31.2
7.891000000759959,0.0,1.2326,1.4010000000000005,0.0,0.0,0.0,0.1538277256427863,-11.629999999999995,-39.4,7.850000000000023,0.0,1.0137,1.1582,0.0,0.0,0.0,0.1085282673380636,4.899999999999977,40.4,31.2
7.906000001356006,0.0,1.2349,1.4048,0.0,0.0,0.0,0.153842984664683,-11.629999999999995,-39.4,7.850000000000023,0.0,1.0026,1.1496,0.0,0.0,0.0,0.1085435263599603,4.899999999999977,40.4,31.3
7.92200000025332,0.0,1.2348,1.3952,0.0,0.0,0.0,0.1538582436865797,-11.629999999999995,-39.4,7.850000000000023,0.0,0.9958,1.1408,0.0,0.0,0.0,0.1085740444037537,4.899999999999977,40.4,31.3
7.953000001609325,0.0,1.2321,1.397,0.0,0.0,0.0,0.1539192797741664,-11.629999999999995,-39.4,7.850000000000023,0.0,0.9976,1.1368,0.0,0.0,0.0,0.1085893034256504,4.899999999999977,40.4,31.3
7.953000001609325,0.0,1.2359,1.3920000000000001,0.0,0.0,0.0,0.1540566109712367,-11.629999999999995,-39.4,7.850000000000023,0.0,0.9852,1.1386,0.0,0.0,0.0,0.1086350804913405,4.899999999999977,40.4,31.3
7.969000000506639,0.0,1.2277,1.3808,0.0,0.0,0.0,0.1540871290150301,-11.629999999999995,-39.4,7.850000000000023,0.0,0.9969,1.1294,0.0,0.0,0.0,0.1086503395132372,4.899999999999977,40.4,31.3
8.0,0.0,1.214,1.3852000000000002,0.0,0.0,0.0,0.1540871290150301,-11.629999999999995,-39.4,7.850000000000023,0.0,0.9847,1.1324,0.0,0.0,0.0,0.1086808575570306,4.899999999999977,40.4,31.3
8.01600000075996,0.0,1.2218,1.3796,0.0,0.0,0.0,0.1540871290150301,-11.629999999999995,-39.4,7.850000000000023,0.0,0.977,1.1234,0.0,0.0,0.0,0.1093217364766918,4.899999999999977,40.4,31.3
8.031000001356006,0.0,1.201,1.3758,0.0,0.0,0.0,0.1539040207522697,-11.529999999999989,-39.4,7.850000000000023,0.0,0.9853,1.1223999999999998,0.0,0.0,0.0,0.1093217364766918,4.899999999999977,40.4,31.3
8.04700000025332,0.0,1.2184,1.368,0.0,0.0,0.0,0.1538735027084763,-11.529999999999989,-39.4,7.850000000000023,0.0,0.9793,1.1234,0.0,0.0,0.0,0.1093217364766918,4.899999999999977,40.4,31.3
8.062000000849366,0.0,1.2097,1.373,0.0,0.0,0.0,0.1538582436865797,-11.529999999999989,-39.4,7.850000000000023,0.0,0.9709,1.1104,0.0,0.0,0.0,0.1089860379949645,4.899999999999977,40.4,31.3
8.09400000050664,0.0,1.2049,1.36,0.0,0.0,0.0,0.1538582436865797,-11.529999999999989,-39.4,7.850000000000023,0.0,0.9843,1.111,0.0,0.0,0.0,0.1089402609292744,4.899999999999977,40.4,31.3
8.09400000050664,0.0,1.1968,1.3586,0.0,0.0,0.0,0.1538582436865797,-11.529999999999989,-39.4,7.850000000000023,0.0,0.9612,1.1064,0.0,0.0,0.0,0.1089402609292744,4.899999999999977,40.4,31.3
8.125,0.0,1.1925,1.3566,0.0,0.0,0.0,0.1538735027084763,-11.529999999999989,-39.4,7.850000000000023,0.0,0.9709,1.0974,0.0,0.0,0.0,0.1089402609292744,4.899999999999977,40.4,31.2
8.14100000075996,0.0,1.1797,1.3524,0.0,0.0,0.0,0.1538735027084763,-11.529999999999989,-39.4,7.850000000000023,0.0,0.9596,1.1058,0.0,0.0,0.0,0.1089402609292744,4.899999999999977,40.4,31.2
8.156000001356006,0.0,1.1834,1.3468,0.0,0.0,0.0,0.1538735027084763,-11.529999999999989,-39.4,7.850000000000023,0.0,0.9528,1.1046,0.0,0.0,0.0,0.1089402609292744,4.899999999999977,40.4,31.2
8.187000000849366,0.0,1.1762,1.3422,0.0,0.0,0.0,0.153888761730373,-11.529999999999989,-39.4,7.850000000000023,0.0,0.9405,1.1014,0.0,0.0,0.0,0.1089402609292744,4.899999999999977,40.4,31.2
8.203000001609325,0.0,1.1709,1.3394000000000001,0.0,0.0,0.0,0.1539040207522697,-11.529999999999989,-39.4,7.850000000000023,0.0,0.9482,1.0908,0.0,0.0,0.0,0.1089555199511711,4.899999999999977,40.3,31.2
8.21900000050664,0.0,1.1748,1.3306,0.0,0.0,0.0,0.1539040207522697,-11.529999999999989,-39.4,7.850000000000023,0.0,0.9579,1.0964,0.0,0.0,0.0,0.1089707789730678,4.899999999999977,40.3,31.2
8.234000001102686,0.0,1.1733,1.3354,0.0,0.0,0.0,0.1539192797741664,-11.529999999999989,-39.4,7.850000000000023,0.0,0.9411,1.075,0.0,0.0,0.0,0.1090165560387579,4.899999999999977,40.3,31.2
8.25,0.0,1.1646,1.3338,0.0,0.0,0.0,0.1539345387960631,-11.529999999999989,-39.4,7.850000000000023,0.0,0.9409,1.0734,0.0,0.0,0.0,0.1090775921263447,4.899999999999977,40.3,31.2
8.26600000075996,0.0,1.1477,1.3152000000000001,0.0,0.0,0.0,0.1539955748836499,-11.529999999999989,-39.4,7.850000000000023,0.0,0.9295,1.0744,0.0,0.0,0.0,0.1090928511482414,4.899999999999977,40.3,31.2
8.281000001356006,0.0,1.1529,1.316,0.0,0.0,0.0,0.1540566109712367,-11.629999999999995,-39.4,7.850000000000023,0.0,0.9327,1.0796,0.0,0.0,0.0,0.1090928511482414,4.899999999999977,40.3,31.2
8.312000000849366,0.0,1.1516,1.3034000000000001,0.0,0.0,0.0,0.1539955748836499,-11.629999999999995,-39.4,7.850000000000023,0.0,0.9378,1.0634,0.0,0.0,0.0,0.1091691462577248,4.899999999999977,40.3,31.2
8.328000001609325,0.0,1.1436,1.2986,0.0,0.0,0.0,0.1539955748836499,-11.629999999999995,-39.4,7.850000000000023,0.0,0.9292,1.0604,0.0,0.0,0.0,0.1091844052796215,4.899999999999977,40.3,31.2
8.34400000050664,0.0,1.1396,1.305,0.0,0.0,0.0,0.15404135194934,-11.629999999999995,-39.4,7.850000000000023,0.0,0.9191,1.0590000000000002,0.0,0.0,0.0,0.1097337300679026,4.899999999999977,40.3,31.2
8.359000001102686,0.0,1.1317,1.3066,0.0,0.0,0.0,0.15404135194934,-11.629999999999995,-39.4,7.850000000000023,0.0,0.9233,1.0478,0.0,0.0,0.0,0.1097337300679026,4.899999999999977,40.3,31.2
8.375,0.0,1.1253,1.2952000000000001,0.0,0.0,0.0,0.1540108339055466,-11.629999999999995,-39.4,7.850000000000023,0.0,0.9225,1.0564,0.0,0.0,0.0,0.1097337300679026,4.899999999999977,40.3,31.2
8.406000001356006,0.0,1.1313,1.2968,0.0,0.0,0.0,0.1540108339055466,-11.629999999999995,-39.4,7.950000000000017,0.0,0.9016,1.0584,0.0,0.0,0.0,0.1092759594110017,4.899999999999977,40.3,31.2
8.406000001356006,0.0,1.124,1.2790000000000001,0.0,0.0,0.0,0.1539955748836499,-11.629999999999995,-39.4,7.950000000000017,0.0,0.9107,1.0438,0.0,0.0,0.0,0.109260700389105,4.899999999999977,40.3,31.2
8.42200000025332,0.0,1.1157,1.2691999999999999,0.0,0.0,0.0,0.1540108339055466,-11.629999999999995,-39.4,7.950000000000017,0.0,0.9019,1.0446,0.0,0.0,0.0,0.109260700389105,4.899999999999977,40.3,31.2
8.453000001609325,0.0,1.1218,1.2708,0.0,0.0,0.0,0.15404135194934,-11.629999999999995,-39.4,7.950000000000017,0.0,0.9027,1.0486,0.0,0.0,0.0,0.1092454413672083,4.899999999999977,40.3,31.2
8.46900000050664,0.0,1.1275,1.2754,0.0,0.0,0.0,0.1540108339055466,-11.72999999999999,-39.4,7.950000000000017,0.0,0.8917,1.0456,0.0,0.0,0.0,0.1091844052796215,4.899999999999977,40.3,31.2
8.484000001102686,0.0,1.1232,1.2716,0.0,0.0,0.0,0.1540108339055466,-11.72999999999999,-39.3,7.950000000000017,0.0,0.8867,1.0334,0.0,0.0,0.0,0.1091691462577248,4.899999999999977,40.3,31.2
8.5,0.0,1.1097,1.2604,0.0,0.0,0.0,0.1540108339055466,-11.72999999999999,-39.3,7.950000000000017,0.0,0.8749,1.0318,0.0,0.0,0.0,0.1091538872358281,4.899999999999977,40.3,31.2
8.51600000075996,0.0,1.1066,1.2552,0.0,0.0,0.0,0.1540108339055466,-11.72999999999999,-39.3,7.950000000000017,0.0,0.8873,1.02,0.0,0.0,0.0,0.1091538872358281,4.899999999999977,40.3,31.2
8.54700000025332,0.0,1.0909,1.246,0.0,0.0,0.0,0.1540108339055466,-11.72999999999999,-39.3,7.950000000000017,0.0,0.8835,1.0224,0.0,0.0,0.0,0.1091233691920347,4.899999999999977,40.3,31.2
8.562000000849366,0.0,1.0937,1.2489999999999999,0.0,0.0,0.0,0.1540108339055466,-11.829999999999984,-39.3,7.950000000000017,0.0,0.8755,1.0146,0.0,0.0,0.0,0.109108110170138,4.999999999999986,40.3,31.2
8.578000001609325,0.0,1.0749,1.2514,0.0,0.0,0.0,0.1540108339055466,-11.829999999999984,-39.3,7.950000000000017,0.0,0.8747,1.0206000000000002,0.0,0.0,0.0,0.109108110170138,4.999999999999986,40.3,31.2
8.59400000050664,0.0,1.0861,1.2406,0.0,0.0,0.0,0.1541481651026169,-11.829999999999984,-39.2,7.950000000000017,0.0,0.8727,1.0134,0.0,0.0,0.0,0.109108110170138,4.999999999999986,40.3,31.2
8.609000001102686,0.0,1.0841,1.2448,0.0,0.0,0.0,0.1541786831464103,-11.829999999999984,-39.2,7.950000000000017,0.0,0.8719,1.0082,0.0,0.0,0.0,0.109108110170138,4.999999999999986,40.3,31.2
8.625,0.0,1.0866,1.231,0.0,0.0,0.0,0.1542854962996871,-11.929999999999993,-39.2,7.950000000000017,0.0,0.8606,0.997,0.0,0.0,0.0,0.1091691462577248,4.999999999999986,40.3,31.2
8.656000001356006,0.0,1.0698,1.2286,0.0,0.0,0.0,0.1541786831464103,-11.929999999999993,-39.2,7.950000000000017,0.0,0.8539,0.9941999999999998,0.0,0.0,0.0,0.1091691462577248,4.999999999999986,40.3,31.2
8.67200000025332,0.0,1.0734,1.2218,0.0,0.0,0.0,0.1541786831464103,-11.929999999999993,-39.2,7.950000000000017,0.0,0.8473,0.9857999999999998,0.0,0.0,0.0,0.1099320973525597,5.09999999999998,40.3,31.2
8.687000000849366,0.0,1.0656,1.2212,0.0,0.0,0.0,0.1540566109712367,-11.929999999999993,-39.2,7.950000000000017,0.0,0.8479,0.9886,0.0,0.0,0.0,0.1099320973525597,5.09999999999998,40.3,31.2
8.703000001609325,0.0,1.0554,1.2214,0.0,0.0,0.0,0.1540566109712367,-11.929999999999993,-39.2,7.950000000000017,0.0,0.8506,0.9818,0.0,0.0,0.0,0.1099320973525597,5.09999999999998,40.3,31.1
8.71900000050664,0.0,1.062,1.2116,0.0,0.0,0.0,0.1540566109712367,-11.929999999999993,-39.2,7.850000000000023,0.0,0.846,0.9861999999999999,0.0,0.0,0.0,0.1095201037613489,5.09999999999998,40.3,31.1
8.734000001102686,0.0,1.0551,1.2102,0.0,0.0,0.0,0.1540566109712367,-11.929999999999993,-39.2,7.850000000000023,0.0,0.8465,0.9728,0.0,0.0,0.0,0.1095201037613489,5.09999999999998,40.3,31.1
8.76600000075996,0.0,1.0613,1.2074,0.0,0.0,0.0,0.15404135194934,-12.029999999999989,-39.2,7.850000000000023,0.0,0.8245,0.9884,0.0,0.0,0.0,0.1095201037613489,5.09999999999998,40.3,31.0
8.781000001356006,0.0,1.0411,1.1964,0.0,0.0,0.0,0.15404135194934,-12.029999999999989,-39.2,7.750000000000014,0.0,0.8397,0.9654000000000001,0.0,0.0,0.0,0.1095201037613489,5.09999999999998,40.3,31.0
8.781000001356006,0.0,1.0463,1.2032,0.0,0.0,0.0,0.1540566109712367,-12.029999999999989,-39.2,7.750000000000014,0.0,0.8263,0.9601999999999998,0.0,0.0,0.0,0.1095201037613489,5.09999999999998,40.3,30.9
8.812000000849366,0.0,1.0432,1.1912,0.0,0.0,0.0,0.1540566109712367,-12.029999999999989,-39.2,7.65000000000002,0.0,0.8283,0.9617999999999998,0.0,0.0,0.0,0.1095811398489356,5.09999999999998,40.3,30.9
8.828000001609325,0.0,1.0298,1.1932,0.0,0.0,0.0,0.1540871290150301,-12.029999999999989,-39.2,7.65000000000002,0.0,0.8241,0.9608,0.0,0.0,0.0,0.1095963988708323,5.09999999999998,40.3,30.8
8.84400000050664,0.0,1.0366,1.1948,0.0,0.0,0.0,0.15404135194934,-12.029999999999989,-39.2,7.550000000000026,0.0,0.8235,0.9688,0.0,0.0,0.0,0.1095963988708323,5.199999999999989,40.3,30.8
8.859000001102686,0.0,1.0277,1.1800000000000002,0.0,0.0,0.0,0.1540871290150301,-12.029999999999989,-39.2,7.550000000000026,0.0,0.8195,0.9499999999999998,0.0,0.0,0.0,0.109611657892729,5.199999999999989,40.3,30.7
8.89100000075996,0.0,1.0345,1.1808,0.0,0.0,0.0,0.1541176470588235,-12.129999999999995,-39.2,7.450000000000017,0.0,0.8047,0.9498,0.0,0.0,0.0,0.109611657892729,5.199999999999989,40.3,30.6
8.89100000075996,0.0,1.0222,1.1804,0.0,0.0,0.0,0.1541329060807202,-12.129999999999995,-39.2,7.450000000000017,0.0,0.8091,0.9508,0.0,0.0,0.0,0.1096269169146257,5.199999999999989,40.3,30.6
8.92200000025332,0.0,1.0338,1.1996000000000002,0.0,0.0,0.0,0.1541329060807202,-12.129999999999995,-39.2,7.350000000000023,0.0,0.811,0.9434,0.0,0.0,0.0,0.1096421759365224,5.199999999999989,40.3,30.5
8.937000000849366,0.0,1.0126,1.174,0.0,0.0,0.0,0.1541634241245136,-12.129999999999995,-39.1,7.250000000000014,0.0,0.8116,0.9508,0.0,0.0,0.0,0.1096421759365224,5.09999999999998,40.3,30.4
8.953000001609325,0.0,1.0076,1.1446,0.0,0.0,0.0,0.1543160143434805,-12.129999999999995,-39.2,7.15000000000002,0.0,0.7967,0.9464,0.0,0.0,0.0,0.1096879530022125,5.09999999999998,40.3,30.3
8.96900000050664,0.0,1.021,1.1772,0.0,0.0,0.0,0.1543160143434805,-12.129999999999995,-39.2,7.15000000000002,0.0,0.8018,0.9289999999999998,0.0,0.0,0.0,0.1098252841992828,5.199999999999989,40.3,30.2
8.984000001102686,0.0,1.0264,1.198,0.0,0.0,0.0,0.1542854962996871,-12.129999999999995,-39.1,7.050000000000026,0.0,0.7993,0.9434,0.0,0.0,0.0,0.110267795834287,5.199999999999989,40.3,30.1
9.0,0.0,1.0065,1.1634,0.0,0.0,0.0,0.1542854962996871,-12.129999999999995,-39.2,6.950000000000017,0.0,0.7983,0.9342,0.0,0.0,0.0,0.110267795834287,5.09999999999998,40.3,30.0
9.031000001356006,0.0,1.0033,1.1422,0.0,0.0,0.0,0.1541481651026169,-12.129999999999995,-39.2,6.850000000000023,0.0,0.7945,0.9324,0.0,0.0,0.0,0.110267795834287,5.09999999999998,40.3,29.9
9.04700000025332,0.0,1.0153,1.1752000000000002,0.0,0.0,0.0,0.1541481651026169,-12.129999999999995,-39.2,6.750000000000014,0.0,0.7984,0.9331999999999998,0.0,0.0,0.0,0.1102372777904936,5.199999999999989,40.3,29.9
9.062000000849366,0.0,1.0176,1.1788,0.0,0.0,0.0,0.1541481651026169,-12.129999999999995,-39.1,6.65000000000002,0.0,0.7851,0.939,0.0,0.0,0.0,0.1098100251773861,5.199999999999989,40.3,29.8
9.078000001609324,0.0,0.9725,1.1324,0.0,0.0,0.0,0.1541481651026169,-12.129999999999995,-39.2,6.550000000000026,0.0,0.7839,0.9278,0.0,0.0,0.0,0.1098100251773861,5.199999999999989,40.3,29.7
9.09400000050664,0.0,0.983,1.1548,0.0,0.0,0.0,0.1541481651026169,-12.129999999999995,-39.2,6.450000000000017,0.0,0.7813,0.9206,0.0,0.0,0.0,0.1097489890897993,5.199999999999989,40.3,29.6
9.109000001102686,0.0,1.0041,1.1664,0.0,0.0,0.0,0.1541481651026169,-12.129999999999995,-39.2,6.350000000000023,0.0,0.7844,0.9244,0.0,0.0,0.0,0.1097337300679026,5.199999999999989,40.3,29.5
9.125,0.0,0.9941,1.1528,0.0,0.0,0.0,0.1541481651026169,-12.129999999999995,-39.2,6.250000000000014,0.0,0.7928,0.9284,0.0,0.0,0.0,0.1097337300679026,5.199999999999989,40.3,29.4
9.156000001356006,0.0,0.9745,1.1222,0.0,0.0,0.0,0.1541329060807202,-12.129999999999995,-39.2,6.15000000000002,0.0,0.769,0.9104,0.0,0.0,0.0,0.1097337300679026,5.199999999999989,40.3,29.3
9.17200000025332,0.0,0.987,1.1338,0.0,0.0,0.0,0.1541481651026169,-12.129999999999995,-39.2,5.950000000000017,0.0,0.7631,0.916,0.0,0.0,0.0,0.1096879530022125,5.299999999999983,40.3,29.2
9.187000000849366,0.0,0.9861,1.1592,0.0,0.0,0.0,0.1541481651026169,-12.129999999999995,-39.2,5.850000000000023,0.0,0.767,0.9068,0.0,0.0,0.0,0.1095963988708323,5.199999999999989,40.3,29.0
9.203000001609324,0.0,0.9664,1.1318,0.0,0.0,0.0,0.1541634241245136,-12.129999999999995,-39.2,5.750000000000014,0.0,0.7723,0.9108,0.0,0.0,0.0,0.1095963988708323,5.199999999999989,40.3,28.9
9.234000001102686,0.0,0.9625,1.1094000000000002,0.0,0.0,0.0,0.1541634241245136,-12.129999999999995,-39.2,5.550000000000026,0.0,0.7639,0.8994,0.0,0.0,0.0,0.1095811398489356,5.199999999999989,40.3,28.8
9.25,0.0,0.9606,1.1302,0.0,0.0,0.0,0.154193942168307,-12.129999999999995,-39.2,5.450000000000017,0.0,0.7528,0.9028,0.0,0.0,0.0,0.1095811398489356,5.299999999999983,40.3,28.7
9.26600000075996,0.0,0.9901,1.1414,0.0,0.0,0.0,0.1542092011902037,-12.129999999999995,-39.2,5.350000000000023,0.0,0.7662,0.9006,0.0,0.0,0.0,0.1095811398489356,5.299999999999983,40.3,28.6
9.281000001356006,0.0,0.9692,1.124,0.0,0.0,0.0,0.1542549782558938,-12.129999999999995,-39.2,5.15000000000002,0.0,0.7492,0.9062,0.0,0.0,0.0,0.1095811398489356,5.199999999999989,40.3,28.4
9.29700000025332,0.0,0.9468,1.1104,0.0,0.0,0.0,0.1544228274967574,-12.129999999999995,-39.2,5.050000000000026,0.0,0.755,0.884,0.0,0.0,0.0,0.1096269169146257,5.199999999999989,40.3,28.3
9.312000000849366,0.0,0.9477,1.0974,0.0,0.0,0.0,0.1542549782558938,-12.129999999999995,-39.2,4.850000000000023,0.0,0.7457,0.8918,0.0,0.0,0.0,0.1101915007248035,5.299999999999983,40.3,28.1
9.328000001609324,0.0,0.9454,1.1156,0.0,0.0,0.0,0.1542549782558938,-12.129999999999995,-39.2,4.750000000000014,0.0,0.7348,0.8884,0.0,0.0,0.0,0.1101915007248035,5.299999999999983,40.3,28.0
9.34400000050664,0.0,0.9597,1.119,0.0,0.0,0.0,0.1542549782558938,-12.129999999999995,-39.2,4.550000000000026,0.0,0.7502,0.8943999999999998,0.0,0.0,0.0,0.1101915007248035,5.299999999999983,40.3,27.9
9.375,0.0,0.9707,1.1344,0.0,0.0,0.0,0.1542397192339971,-12.129999999999995,-39.2,4.450000000000017,0.0,0.7406,0.8834,0.0,0.0,0.0,0.1098710612649729,5.299999999999983,40.3,27.7
9.39100000075996,0.0,0.9559,1.1202,0.0,0.0,0.0,0.1542397192339971,-12.129999999999995,-39.2,4.350000000000023,0.0,0.7435,0.8774,0.0,0.0,0.0,0.1098710612649729,5.299999999999983,40.3,27.5
9.406000001356006,0.0,0.9296,1.0926,0.0,0.0,0.0,0.1542092011902037,-12.129999999999995,-39.2,4.15000000000002,0.0,0.7273,0.8736,0.0,0.0,0.0,0.1098710612649729,5.299999999999983,40.3,27.4
9.42200000025332,0.0,0.9296,1.0832,0.0,0.0,0.0,0.1542092011902037,-12.129999999999995,-39.2,3.950000000000017,0.0,0.7253,0.8642,0.0,0.0,0.0,0.1098710612649729,5.299999999999983,40.3,27.2
9.437000000849366,0.0,0.9383,1.1018,0.0,0.0,0.0,0.1542092011902037,-12.129999999999995,-39.2,3.750000000000014,0.0,0.7343,0.8706,0.0,0.0,0.0,0.1098710612649729,5.299999999999983,40.3,27.1
9.453000001609324,0.0,0.9621,1.116,0.0,0.0,0.0,0.1542092011902037,-12.129999999999995,-39.2,3.65000000000002,-0.004,0.7332,0.8816,0.0,0.0,0.0,0.1098710612649729,5.299999999999983,40.3,26.9
9.46900000050664,0.0,0.9313,1.0974,0.0,0.0,0.0,0.1542092011902037,-12.129999999999995,-39.2,3.450000000000017,-0.002,0.7149,0.8649999999999998,0.0,0.0,0.0,0.1098710612649729,5.199999999999989,40.3,26.7
9.5,0.0,0.9249,1.0796,0.0,0.0,0.0,0.1542244602121004,-12.029999999999989,-39.2,3.250000000000014,-0.0041,0.7303,0.8716,0.0,0.0,0.0,0.1098558022430762,5.199999999999989,40.3,26.5
9.51600000075996,0.0,0.9217,1.082,0.0,0.0,0.0,0.1542092011902037,-12.029999999999989,-39.3,3.0500000000000256,-0.003,0.7199,0.8628,0.0,0.0,0.0,0.1098558022430762,5.199999999999989,40.3,26.3
9.531000001356006,0.0,0.9395,1.0998,0.0,0.0,0.0,0.1542244602121004,-12.029999999999989,-39.2,2.8500000000000227,0.0,0.7177,0.864,0.0,0.0,0.0,0.1097795071335927,5.199999999999989,40.3,26.1
9.54700000025332,0.0,0.9244,1.104,0.0,0.0,0.0,0.1542092011902037,-12.029999999999989,-39.2,2.750000000000014,-0.0174,0.7167,0.853,0.0,0.0,0.0,0.1097795071335927,5.199999999999989,40.3,25.9
9.562000000849366,0.0,0.9127,1.0662,0.0,0.0,0.0,0.1542092011902037,-12.029999999999989,-39.3,2.5500000000000256,-0.0163,0.7078,0.847,0.0,0.0,0.0,0.1097795071335927,5.199999999999989,40.3,25.8
9.578000001609324,0.0,0.9278,1.0854,0.0,0.0,0.0,0.1542244602121004,-12.029999999999989,-39.3,2.3500000000000227,-0.0147,0.7153,0.8568,0.0,0.0,0.0,0.1097795071335927,5.199999999999989,40.3,25.6
9.59400000050664,0.0,0.912,1.0944,0.0,0.0,0.0,0.1542549782558938,-12.029999999999989,-39.2,2.15000000000002,-0.0192,0.694,0.847,0.0,0.0,0.0,0.1097795071335927,5.199999999999989,40.3,25.4
9.625,0.0,0.8919,1.0590000000000002,0.0,0.0,0.0,0.1542854962996871,-12.029999999999989,-39.3,1.950000000000017,-0.014,0.7005,0.8416,0.0,0.0,0.0,0.109916838330663,5.199999999999989,40.3,25.2
9.64100000075996,0.0,0.8986,1.0784,0.0,0.0,0.0,0.1544228274967574,-12.029999999999989,-39.3,1.7500000000000142,-0.0106,0.6963,0.836,0.0,0.0,0.0,0.1099473563744563,5.199999999999989,40.3,25.0
9.656000001356006,0.0,0.9225,1.1008,0.0,0.0,0.0,0.1544228274967574,-12.029999999999989,-39.3,1.65000000000002,-0.0229,0.6861,0.8422,0.0,0.0,0.0,0.1099473563744563,5.199999999999989,40.3,24.8
9.67200000025332,0.0,0.8857,1.0474,0.0,0.0,0.0,0.1544228274967574,-12.029999999999989,-39.3,1.450000000000017,-0.0156,0.6848,0.8386,0.0,0.0,0.0,0.1099473563744563,5.09999999999998,40.3,24.6
9.703000001609324,0.0,0.9015,1.0628,0.0,0.0,0.0,0.1542549782558938,-11.929999999999993,-39.3,1.2500000000000142,-0.0075,0.6896,0.8214,0.0,0.0,0.0,0.1098710612649729,5.09999999999998,40.3,24.4
9.71900000050664,0.0,0.9045,1.0746,0.0,0.0,0.0,0.1542549782558938,-12.029999999999989,-39.3,1.0500000000000256,-0.0178,0.68,0.8356,0.0,0.0,0.0,0.1098558022430762,5.09999999999998,40.3,24.2
9.734000001102686,0.0,0.8863,1.042,0.0,0.0,0.0,0.1542549782558938,-11.929999999999993,-39.3,0.8500000000000227,-0.0178,0.6946,0.8264,0.0,0.0,0.0,0.1098100251773861,5.09999999999998,40.3,24.1
9.75,0.0,0.8862,1.0444,0.0,0.0,0.0,0.1542549782558938,-11.929999999999993,-39.3,0.6500000000000199,-0.0303,0.6766,0.819,0.0,0.0,0.0,0.109764248111696,5.09999999999998,40.3,23.9
9.76600000075996,0.0,0.8902,1.062,0.0,0.0,0.0,0.1542549782558938,-11.929999999999993,-39.3,0.5500000000000256,-0.0272,0.6787,0.8152,0.0,0.0,0.0,0.109764248111696,5.09999999999998,40.2,23.700000000000003
9.781000001356006,0.0,0.8675,1.0344,0.0,0.0,0.0,0.1542397192339971,-11.929999999999993,-39.3,0.3500000000000227,-0.0308,0.6783,0.8116,0.0,0.0,0.0,0.1098100251773861,5.09999999999998,40.3,23.5
9.79700000025332,0.0,0.8707,1.0338,0.0,0.0,0.0,0.1542549782558938,-11.929999999999993,-39.3,0.1500000000000199,-0.0285,0.6735,0.8106,0.0,0.0,0.0,0.1098558022430762,5.09999999999998,40.3,23.3
9.812000000849366,0.0,0.8727,1.0542,0.0,0.0,0.0,0.1542702372777905,-11.929999999999993,-39.3,-0.0499999999999829,-0.0354,0.6669,0.8096,0.0,0.0,0.0,0.1098558022430762,5.09999999999998,40.2,23.1
9.84400000050664,0.0,0.8556,1.0286,0.0,0.0,0.0,0.1542549782558938,-11.929999999999993,-39.3,-0.2499999999999858,-0.0329,0.6627,0.7976,0.0,0.0,0.0,0.1098558022430762,5.09999999999998,40.3,23.0
9.859000001102686,0.0,0.8621,1.0262,0.0,0.0,0.0,0.1542397192339971,-11.929999999999993,-39.3,-0.3499999999999801,-0.0396,0.6525,0.8098,0.0,0.0,0.0,0.109916838330663,5.09999999999998,40.3,22.8
9.875,0.0,0.877,1.048,0.0,0.0,0.0,0.1542397192339971,-11.929999999999993,-39.3,-0.549999999999983,-0.042,0.673,0.8116,0.0,0.0,0.0,0.109962615396353,5.09999999999998,40.3,22.6
9.89100000075996,0.0,0.8556,1.0378,0.0,0.0,0.0,0.1542397192339971,-11.929999999999993,-39.3,-0.7499999999999858,-0.0384,0.6483,0.8004,0.0,0.0,0.0,0.1100846875715266,5.09999999999998,40.2,22.4
9.906000001356006,0.0,0.8507,1.0168,0.0,0.0,0.0,0.1542549782558938,-11.929999999999993,-39.3,-0.9499999999999744,-0.0557,0.6652,0.798,0.0,0.0,0.0,0.11011520561532,5.09999999999998,40.3,22.200000000000003
9.92200000025332,0.0,0.8645,1.0252,0.0,0.0,0.0,0.1542549782558938,-11.929999999999993,-39.3,-1.049999999999983,-0.044,0.6597,0.7966,0.0,0.0,0.0,0.1101304646372167,5.09999999999998,40.3,22.1
9.937000000849366,0.0,0.8531,1.032,0.0,0.0,0.0,0.1542549782558938,-11.929999999999993,-39.3,-1.2499999999999858,-0.0528,0.6443,0.7982,0.0,0.0,0.0,0.1104356450751506,4.999999999999986,40.2,21.9
9.953000001609324,0.0,0.8397,1.0032,0.0,0.0,0.0,0.1544075684748607,-11.929999999999993,-39.3,-1.4499999999999744,-0.0512,0.6478,0.7996,0.0,0.0,0.0,0.110466163118944,5.09999999999998,40.2,21.700000000000003
9.984000001102686,0.0,0.8459,1.0096,0.0,0.0,0.0,0.1544228274967574,-11.929999999999993,-39.3,-1.6499999999999773,-0.0516,0.6495,0.7925999999999997,0.0,0.0,0.0,0.110466163118944,4.999999999999986,40.3,21.5
10.0,0.0,0.8574,1.0298,0.0,0.0,0.0,0.1544228274967574,-11.929999999999993,-39.3,-1.7499999999999858,-0.0472,0.663,0.7948,0.0,0.0,0.0,0.110466163118944,4.999999999999986,40.2,21.3
10.01600000075996,0.0,0.853,1.0156,0.0,0.0,0.0,0.1544380865186541,-11.929999999999993,-39.3,-1.9499999999999744,-0.0445,0.6455,0.7757999999999998,0.0,0.0,0.0,0.1101915007248035,4.999999999999986,40.2,21.1
10.04700000025332,0.0,0.8228,0.9972,0.0,0.0,0.0,0.1544380865186541,-12.029999999999989,-39.3,-2.1499999999999773,-0.0469,0.6434,0.7774,0.0,0.0,0.0,0.1101915007248035,4.999999999999986,40.3,21.0
10.062000000849366,0.0,0.8304,0.9978,0.0,0.0,0.0,0.1544228274967574,-12.029999999999989,-39.3,-2.249999999999986,-0.0584,0.6352,0.7719999999999998,0.0,0.0,0.0,0.1101915007248035,4.999999999999986,40.3,20.8
10.078000001609324,0.0,0.8362,1.0098,0.0,0.0,0.0,0.1544228274967574,-12.029999999999989,-39.2,-2.4499999999999744,-0.0512,0.6541,0.7814,0.0,0.0,0.0,0.1101915007248035,4.999999999999986,40.3,20.6
10.078000001609324,0.0,0.8389,1.0118,0.0,0.0,0.0,0.1544228274967574,-12.029999999999989,-39.2,-2.549999999999983,-0.0604,0.6325,0.7808,0.0,0.0,0.0,0.1101915007248035,4.999999999999986,40.3,20.4
10.109000001102686,0.0,0.823,1.0034,0.0,0.0,0.0,0.1544228274967574,-12.029999999999989,-39.2,-2.749999999999986,-0.0606,0.6292,0.777,0.0,0.0,0.0,0.1102220187685969,4.999999999999986,40.3,20.3
10.125,0.0,0.8222,0.9882,0.0,0.0,0.0,0.1544380865186541,-12.029999999999989,-39.3,-2.9499999999999744,-0.0567,0.6375,0.7772,0.0,0.0,0.0,0.1102220187685969,4.999999999999986,40.3,20.1
10.14100000075996,0.0,0.8149,0.9804,0.0,0.0,0.0,0.1544533455405508,-12.029999999999989,-39.3,-3.1499999999999773,-0.054,0.6472,0.7639999999999998,0.0,0.0,0.0,0.1102372777904936,4.999999999999986,40.3,19.9
10.156000001356006,0.0,0.8246,0.9932,0.0,0.0,0.0,0.1544533455405508,-12.029999999999989,-39.3,-3.34999999999998,-0.0733,0.6431,0.7621999999999995,0.0,0.0,0.0,0.1102372777904936,4.999999999999986,40.2,19.700000000000003
10.17200000025332,0.0,0.8205,0.9902,0.0,0.0,0.0,0.1544838635843442,-12.029999999999989,-39.3,-3.4499999999999744,-0.0744,0.6332,0.7606,0.0,0.0,0.0,0.1102525368123903,4.999999999999986,40.2,19.5
10.203000001609324,0.0,0.8249,1.0056,0.0,0.0,0.0,0.1544838635843442,-12.029999999999989,-39.2,-3.649999999999977,-0.0704,0.6384,0.7486,0.0,0.0,0.0,0.110267795834287,4.999999999999986,40.2,19.3
10.21900000050664,0.0,0.8156,0.9818,0.0,0.0,0.0,0.1544838635843442,-12.029999999999989,-39.2,-3.84999999999998,-0.0726,0.6201,0.7728,0.0,0.0,0.0,0.110267795834287,4.999999999999986,40.2,19.1
10.234000001102686,0.0,0.8011,0.9644,0.0,0.0,0.0,0.1544991226062409,-12.029999999999989,-39.2,-3.9499999999999744,-0.0685,0.6176,0.7478,0.0,0.0,0.0,0.1103440909437705,4.999999999999986,40.2,19.0
10.25,0.0,0.8047,0.9739999999999998,0.0,0.0,0.0,0.1544991226062409,-12.029999999999989,-39.2,-4.149999999999977,-0.0694,0.6232,0.745,0.0,0.0,0.0,0.110466163118944,4.999999999999986,40.2,18.8
10.26600000075996,0.0,0.8114,0.98,0.0,0.0,0.0,0.1544991226062409,-12.029999999999989,-39.2,-4.34999999999998,-0.0707,0.6227,0.7512,0.0,0.0,0.0,0.1106340123598077,4.999999999999986,40.2,18.6
10.281000001356006,0.0,0.8133,0.9918,0.0,0.0,0.0,0.154697489890898,-12.029999999999989,-39.2,-4.549999999999983,-0.0806,0.6201,0.7402,0.0,0.0,0.0,0.1108018616006713,4.899999999999977,40.2,18.4
10.312000000849366,0.0,0.781,0.9617999999999998,0.0,0.0,0.0,0.154697489890898,-12.029999999999989,-39.2,-4.749999999999986,-0.082,0.6064,0.7538,0.0,0.0,0.0,0.1108018616006713,4.899999999999977,40.2,18.200000000000003
10.328000001609324,0.0,0.7961,0.9613999999999998,0.0,0.0,0.0,0.1548195620660715,-12.029999999999989,-39.2,-4.84999999999998,-0.0812,0.606,0.738,0.0,0.0,0.0,0.1108018616006713,4.899999999999977,40.2,18.0
10.34400000050664,0.0,0.8063,0.9704,0.0,0.0,0.0,0.1548195620660715,-12.029999999999989,-39.2,-5.049999999999983,-0.0869,0.6185,0.7361999999999999,0.0,0.0,0.0,0.1102220187685969,4.899999999999977,40.2,17.799999999999997
10.359000001102686,0.0,0.7895,0.9617999999999998,0.0,0.0,0.0,0.1548195620660715,-12.029999999999989,-39.2,-5.249999999999986,-0.0924,0.6031,0.7414,0.0,0.0,0.0,0.1101915007248035,4.899999999999977,40.2,17.6
10.375,0.0,0.7882,0.9444,0.0,0.0,0.0,0.1546822308690013,-12.029999999999989,-39.2,-5.449999999999974,-0.0818,0.6093,0.7352,0.0,0.0,0.0,0.1101915007248035,4.899999999999977,40.2,17.5
10.39100000075996,0.0,0.7833,0.9554,0.0,0.0,0.0,0.1546517128252079,-12.029999999999989,-39.2,-5.549999999999983,-0.0839,0.6189,0.7333999999999998,0.0,0.0,0.0,0.1101304646372167,4.899999999999977,40.2,17.299999999999997
10.406000001356006,0.0,0.7798,0.9532000000000002,0.0,0.0,0.0,0.1546517128252079,-12.029999999999989,-39.2,-5.749999999999986,-0.0792,0.6061,0.7344,0.0,0.0,0.0,0.1101304646372167,4.899999999999977,40.2,17.1
10.42200000025332,0.0,0.7686,0.9394,0.0,0.0,0.0,0.1546517128252079,-12.029999999999989,-39.2,-5.949999999999974,-0.0949,0.5973,0.7281999999999998,0.0,0.0,0.0,0.1101304646372167,4.899999999999977,40.2,16.9
10.453000001609324,0.0,0.7818,0.944,0.0,0.0,0.0,0.1546211947814145,-12.029999999999989,-39.2,-6.149999999999977,-0.091,0.6007,0.7248,0.0,0.0,0.0,0.1101304646372167,4.899999999999977,40.2,16.700000000000003
10.46900000050664,0.0,0.7829,0.9504,0.0,0.0,0.0,0.1546211947814145,-12.029999999999989,-39.2,-6.249999999999986,-0.0996,0.6073,0.7266,0.0,0.0,0.0,0.1101304646372167,4.899999999999977,40.2,16.5
10.484000001102686,0.0,0.7605,0.9364,0.0,0.0,0.0,0.1546517128252079,-12.029999999999989,-39.2,-6.449999999999974,-0.0947,0.5937,0.7222,0.0,0.0,0.0,0.1101609826810101,4.899999999999977,40.2,16.4
10.5,0.0,0.7603,0.9369999999999998,0.0,0.0,0.0,0.1546517128252079,-12.029999999999989,-39.2,-6.649999999999977,-0.1047,0.603,0.722,0.0,0.0,0.0,0.1101609826810101,4.899999999999977,40.2,16.200000000000003
10.51600000075996,0.0,0.7674,0.9434,0.0,0.0,0.0,0.1546669718471046,-12.029999999999989,-39.2,-6.84999999999998,-0.0958,0.5995,0.7239999999999998,0.0,0.0,0.0,0.1101762417029068,4.899999999999977,40.2,16.0
10.54700000025332,0.0,0.755,0.935,0.0,0.0,0.0,0.1546669718471046,-12.029999999999989,-39.2,-7.049999999999983,-0.105,0.5911,0.7168,0.0,0.0,0.0,0.1102220187685969,4.899999999999977,40.2,15.799999999999995
10.562000000849366,0.0,0.7523,0.9216,0.0,0.0,0.0,0.1546669718471046,-12.029999999999989,-39.2,-7.149999999999977,-0.107,0.6021,0.7188,0.0,0.0,0.0,0.1103135728999771,4.899999999999977,40.2,15.6
10.578000001609324,0.0,0.757,0.936,0.0,0.0,0.0,0.1547127489127946,-12.029999999999989,-39.2,-7.34999999999998,-0.1105,0.5885,0.7197999999999998,0.0,0.0,0.0,0.1103593499656672,4.899999999999977,40.2,15.5
10.59400000050664,0.0,0.7553,0.9299999999999998,0.0,0.0,0.0,0.1547127489127946,-12.029999999999989,-39.2,-7.549999999999983,-0.116,0.5927,0.7192,0.0,0.0,0.0,0.110618753337911,4.899999999999977,40.2,15.299999999999995
10.609000001102686,0.0,0.7489,0.9171999999999998,0.0,0.0,0.0,0.1547127489127946,-11.929999999999993,-39.2,-7.749999999999986,-0.0979,0.58,0.7168,0.0,0.0,0.0,0.110618753337911,4.899999999999977,40.2,15.1
10.625,0.0,0.7559,0.9288,0.0,0.0,0.0,0.1548043030441748,-11.929999999999993,-39.2,-7.949999999999974,-0.111,0.5888,0.718,0.0,0.0,0.0,0.110618753337911,4.899999999999977,40.2,14.9
10.64100000075996,0.0,0.7409,0.9084,0.0,0.0,0.0,0.1550026703288319,-11.929999999999993,-39.2,-8.149999999999977,-0.1118,0.5802,0.7014,0.0,0.0,0.0,0.11011520561532,4.899999999999977,40.2,14.700000000000005
10.67200000025332,0.0,0.7385,0.9168,0.0,0.0,0.0,0.1550026703288319,-11.929999999999993,-39.2,-8.34999999999998,-0.1117,0.5868,0.6982,0.0,0.0,0.0,0.1099931334401464,4.899999999999977,40.2,14.6
10.687000000849366,0.0,0.7405,0.9154,0.0,0.0,0.0,0.1550026703288319,-11.929999999999993,-39.2,-8.449999999999974,-0.1307,0.6013,0.718,0.0,0.0,0.0,0.109962615396353,4.799999999999983,40.2,14.4
10.703000001609324,0.0,0.7386,0.9221999999999998,0.0,0.0,0.0,0.1548805981536583,-11.929999999999993,-39.2,-8.649999999999977,-0.1156,0.5797,0.7064,0.0,0.0,0.0,0.109962615396353,4.899999999999977,40.2,14.200000000000005
10.71900000050664,0.0,0.734,0.907,0.0,0.0,0.0,0.1548653391317616,-11.829999999999984,-39.3,-8.84999999999998,-0.105,0.582,0.7042,0.0,0.0,0.0,0.1099320973525597,4.799999999999983,40.2,14.0
10.734000001102686,0.0,0.7365,0.9251999999999998,0.0,0.0,0.0,0.1548653391317616,-11.929999999999993,-39.3,-9.049999999999985,-0.1285,0.583,0.7075999999999998,0.0,0.0,0.0,0.1099320973525597,4.799999999999983,40.1,13.799999999999995
10.75,0.0,0.7318,0.9065999999999996,0.0,0.0,0.0,0.1548653391317616,-11.829999999999984,-39.3,-9.249999999999986,-0.1274,0.5813,0.6984,0.0,0.0,0.0,0.1099320973525597,4.799999999999983,40.1,13.700000000000005
10.76600000075996,0.0,0.7203,0.8992,0.0,0.0,0.0,0.1548653391317616,-11.829999999999984,-39.3,-9.449999999999974,-0.1211,0.5935,0.6915999999999998,0.0,0.0,0.0,0.1099320973525597,4.799999999999983,40.2,13.5
10.79700000025332,0.0,0.7463,0.9212,0.0,0.0,0.0,0.1548653391317616,-11.829999999999984,-39.3,-9.649999999999975,-0.1239,0.5801,0.6915999999999998,0.0,0.0,0.0,0.1099320973525597,4.799999999999983,40.1,13.299999999999995
10.812000000849366,0.0,0.7458,0.9206,0.0,0.0,0.0,0.1548653391317616,-11.829999999999984,-39.3,-9.749999999999986,-0.1163,0.5921,0.6859999999999998,0.0,0.0,0.0,0.1099320973525597,4.799999999999983,40.1,13.1
10.828000001609324,0.0,0.7211,0.8892,0.0,0.0,0.0,0.154895857175555,-11.829999999999984,-39.3,-9.949999999999974,-0.1264,0.5863,0.6966,0.0,0.0,0.0,0.1099778744182497,4.799999999999983,40.2,12.9
10.84400000050664,0.0,0.7339,0.9122,0.0,0.0,0.0,0.154895857175555,-11.829999999999984,-39.3,-10.149999999999975,-0.1316,0.5678,0.6934,0.0,0.0,0.0,0.1099931334401464,4.799999999999983,40.1,12.700000000000005
10.859000001102686,0.0,0.7271,0.9072,0.0,0.0,0.0,0.154895857175555,-11.72999999999999,-39.3,-10.34999999999998,-0.1167,0.5808,0.6792,0.0,0.0,0.0,0.1099931334401464,4.799999999999983,40.1,12.5
10.875,0.0,0.7231,0.9006,0.0,0.0,0.0,0.154895857175555,-11.72999999999999,-39.3,-10.549999999999985,-0.1271,0.5792,0.6873999999999998,0.0,0.0,0.0,0.1100083924620431,4.799999999999983,40.1,12.4
10.89100000075996,0.0,0.7218,0.8792,0.0,0.0,0.0,0.1549416342412451,-11.72999999999999,-39.3,-10.749999999999986,-0.1379,0.5823,0.6914,0.0,0.0,0.0,0.11011520561532,4.799999999999983,40.1,12.200000000000005
10.92200000025332,0.0,0.719,0.8916,0.0,0.0,0.0,0.1549416342412451,-11.72999999999999,-39.3,-10.949999999999974,-0.1307,0.5867,0.6918,0.0,0.0,0.0,0.1103898680094605,4.799999999999983,40.1,12.0
10.937000000849366,0.0,0.7091,0.8916,0.0,0.0,0.0,0.1549416342412451,-11.72999999999999,-39.3,-11.149999999999975,-0.1384,0.5645,0.6838,0.0,0.0,0.0,0.1103898680094605,4.799999999999983,40.1,11.799999999999995
10.953000001609324,0.0,0.7167,0.8864,0.0,0.0,0.0,0.155048447394522,-11.72999999999999,-39.3,-11.249999999999986,-0.1446,0.5695,0.6826,0.0,0.0,0.0,0.1103898680094605,4.799999999999983,40.1,11.6
10.96900000050664,0.0,0.6959,0.874,0.0,0.0,0.0,0.1550789654383154,-11.72999999999999,-39.3,-11.449999999999974,-0.1533,0.5803,0.6888,0.0,0.0,0.0,0.1099473563744563,4.799999999999983,40.1,11.4
11.0,0.0,0.7043,0.8798,0.0,0.0,0.0,0.1552925917448691,-11.629999999999995,-39.3,-11.649999999999975,-0.1493,0.5721,0.6872,0.0,0.0,0.0,0.1096879530022125,4.799999999999983,40.1,11.200000000000005
11.0,0.0,0.7046,0.8782,0.0,0.0,0.0,0.1552925917448691,-11.629999999999995,-39.3,-11.84999999999998,-0.157,0.5693,0.6806,0.0,0.0,0.0,0.1096421759365224,4.799999999999983,40.1,11.1
11.031000001356006,0.0,0.7,0.8851999999999998,0.0,0.0,0.0,0.1552925917448691,-11.629999999999995,-39.3,-12.049999999999985,-0.1368,0.5755,0.6682,0.0,0.0,0.0,0.1096269169146257,4.799999999999983,40.1,10.9
11.04700000025332,0.0,0.6821,0.8746,0.0,0.0,0.0,0.1552925917448691,-11.629999999999995,-39.3,-12.249999999999986,-0.1515,0.5615,0.6732,0.0,0.0,0.0,0.109611657892729,4.799999999999983,40.1,10.700000000000005
11.062000000849366,0.0,0.6802,0.8632,0.0,0.0,0.0,0.1551094834821088,-11.629999999999995,-39.3,-12.449999999999974,-0.1577,0.5678,0.6816,0.0,0.0,0.0,0.1095963988708323,4.799999999999983,40.1,10.5
11.078000001609324,0.0,0.6942,0.8786,0.0,0.0,0.0,0.1550637064164187,-11.629999999999995,-39.3,-12.649999999999975,-0.1543,0.559,0.676,0.0,0.0,0.0,0.1095963988708323,4.799999999999983,40.1,10.299999999999995
11.09400000050664,0.0,0.6866,0.8708,0.0,0.0,0.0,0.1550637064164187,-11.629999999999995,-39.3,-12.749999999999986,-0.1593,0.5705,0.6748,0.0,0.0,0.0,0.1095963988708323,4.799999999999983,40.1,10.200000000000005
11.125,0.0,0.6723,0.8558,0.0,0.0,0.0,0.1550637064164187,-11.629999999999995,-39.3,-12.949999999999974,-0.163,0.5618,0.676,0.0,0.0,0.0,0.1095963988708323,4.799999999999983,40.1,10.0
11.14100000075996,0.0,0.6866,0.852,0.0,0.0,0.0,0.1550637064164187,-11.629999999999995,-39.3,-13.149999999999975,-0.1674,0.5615,0.6758,0.0,0.0,0.0,0.109611657892729,4.799999999999983,40.1,9.799999999999995
11.156000001356006,0.0,0.6959,0.8724,0.0,0.0,0.0,0.1550637064164187,-11.629999999999995,-39.3,-13.34999999999998,-0.1561,0.5684,0.6674,0.0,0.0,0.0,0.109611657892729,4.799999999999983,40.1,9.6
11.17200000025332,0.0,0.6829,0.8542,0.0,0.0,0.0,0.1551094834821088,-11.529999999999989,-39.3,-13.549999999999985,-0.1549,0.5574,0.6652,0.0,0.0,0.0,0.1096269169146257,4.799999999999983,40.1,9.4
11.187000000849366,0.0,0.677,0.8428,0.0,0.0,0.0,0.1550637064164187,-11.529999999999989,-39.3,-13.749999999999986,-0.1628,0.5531,0.6758,0.0,0.0,0.0,0.1096574349584191,4.799999999999983,40.1,9.200000000000005
11.203000001609324,0.0,0.6621,0.8558,0.0,0.0,0.0,0.1551247425040055,-11.529999999999989,-39.3,-13.949999999999974,-0.1709,0.5556,0.664,0.0,0.0,0.0,0.1096574349584191,4.799999999999983,40.1,9.1
11.21900000050664,0.0,0.6714,0.8648,0.0,0.0,0.0,0.1551400015259021,-11.529999999999989,-39.3,-14.049999999999985,-0.1716,0.5611,0.6565999999999999,0.0,0.0,0.0,0.1097032120241092,4.799999999999983,40.1,8.899999999999999
11.25,0.0,0.6539,0.836,0.0,0.0,0.0,0.1551552605477988,-11.529999999999989,-39.3,-14.249999999999986,-0.1623,0.5656,0.6622,0.0,0.0,0.0,0.1102525368123903,4.699999999999989,40.1,8.700000000000003
11.26600000075996,0.0,0.6754,0.8506,0.0,0.0,0.0,0.1551552605477988,-11.529999999999989,-39.3,-14.449999999999974,-0.1752,0.5619,0.6626,0.0,0.0,0.0,0.1102525368123903,4.699999999999989,40.1,8.5
11.281000001356006,0.0,0.664,0.8542,0.0,0.0,0.0,0.1551705195696955,-11.529999999999989,-39.3,-14.649999999999975,-0.1831,0.5732,0.673,0.0,0.0,0.0,0.1102525368123903,4.699999999999989,40.1,8.399999999999999
11.29700000025332,0.0,0.6546,0.8276,0.0,0.0,0.0,0.155246814679179,-11.429999999999993,-39.3,-14.749999999999986,-0.1765,0.5626,0.663,0.0,0.0,0.0,0.109764248111696,4.699999999999989,40.1,8.200000000000003
11.312000000849366,0.0,0.6643,0.8405999999999998,0.0,0.0,0.0,0.1554299229419394,-11.429999999999993,-39.3,-14.949999999999974,-0.1736,0.5692,0.6494,0.0,0.0,0.0,0.1095201037613489,4.699999999999989,40.1,8.0
11.328000001609324,0.0,0.6532,0.8424,0.0,0.0,0.0,0.1554299229419394,-11.429999999999993,-39.3,-15.149999999999975,-0.1666,0.5647,0.6567999999999996,0.0,0.0,0.0,0.1094895857175555,4.699999999999989,40.1,7.799999999999997
11.34400000050664,0.0,0.6477,0.8116,0.0,0.0,0.0,0.1554299229419394,-11.429999999999993,-39.3,-15.249999999999986,-0.1752,0.5651,0.6657999999999998,0.0,0.0,0.0,0.1094590676737621,4.59999999999998,40.1,7.700000000000003
11.359000001102686,0.0,0.6459,0.8158,0.0,0.0,0.0,0.1553231097886625,-11.429999999999993,-39.3,-15.449999999999974,-0.1932,0.5456,0.6557999999999998,0.0,0.0,0.0,0.1094590676737621,4.59999999999998,40.1,7.5
11.39100000075996,0.0,0.6403,0.8302,0.0,0.0,0.0,0.1552773327229724,-11.429999999999993,-39.3,-15.549999999999985,-0.1964,0.5556,0.6626,0.0,0.0,0.0,0.109413290608072,4.59999999999998,40.1,7.399999999999999
11.406000001356006,0.0,0.6231,0.8085999999999998,0.0,0.0,0.0,0.1552773327229724,-11.429999999999993,-39.3,-15.749999999999986,-0.1916,0.5482,0.6522,0.0,0.0,0.0,0.1093980315861753,4.59999999999998,40.1,7.200000000000003
11.42200000025332,0.0,0.6294,0.8122,0.0,0.0,0.0,0.1552620737010757,-11.429999999999993,-39.3,-15.84999999999998,-0.1882,0.5546,0.6435999999999998,0.0,0.0,0.0,0.1093980315861753,4.59999999999998,40.1,7.100000000000001
11.437000000849366,0.0,0.6457,0.8446,0.0,0.0,0.0,0.1552620737010757,-11.429999999999993,-39.3,-16.049999999999983,-0.1887,0.5473,0.6487999999999998,0.0,0.0,0.0,0.1093980315861753,4.59999999999998,40.1,6.899999999999999
11.46900000050664,0.0,0.6365,0.8052,0.0,0.0,0.0,0.1552773327229724,-11.329999999999984,-39.3,-16.149999999999977,-0.1971,0.5496,0.6494,0.0,0.0,0.0,0.1093980315861753,4.59999999999998,40.1,6.799999999999997
11.484000001102686,0.0,0.6187,0.8062,0.0,0.0,0.0,0.1552773327229724,-11.329999999999984,-39.3,-16.34999999999998,-0.1929,0.5481,0.6321999999999998,0.0,0.0,0.0,0.1093980315861753,4.59999999999998,40.0,6.600000000000001
11.484000001102686,0.0,0.6186,0.8118,0.0,0.0,0.0,0.1552773327229724,-11.429999999999993,-39.2,-16.449999999999974,-0.2049,0.5538,0.6445999999999998,0.0,0.0,0.0,0.1093980315861753,4.59999999999998,40.0,6.5
11.5,0.0,0.6138,0.785,0.0,0.0,0.0,0.1552773327229724,-11.329999999999984,-39.2,-16.549999999999983,-0.1859,0.5453,0.6382,0.0,0.0,0.0,0.109413290608072,4.499999999999986,40.0,6.299999999999997
11.531000001356006,0.0,0.6292,0.7832,0.0,0.0,0.0,0.1552773327229724,-11.329999999999984,-39.2,-16.649999999999977,-0.2015,0.5464,0.6342,0.0,0.0,0.0,0.1094285496299687,4.499999999999986,40.0,6.200000000000003
11.54700000025332,0.0,0.6368,0.8165999999999998,0.0,0.0,0.0,0.1552773327229724,-11.429999999999993,-39.2,-16.749999999999986,-0.2149,0.5353,0.633,0.0,0.0,0.0,0.1095658808270389,4.499999999999986,40.0,6.100000000000001
11.562000000849366,0.0,0.5931,0.7868,0.0,0.0,0.0,0.1552773327229724,-11.329999999999984,-39.2,-16.949999999999974,-0.197,0.5291,0.6438,0.0,0.0,0.0,0.1099931334401464,4.499999999999986,40.0,5.899999999999999
11.59400000050664,0.0,0.6039,0.7756,0.0,0.0,0.0,0.1552773327229724,-11.329999999999984,-39.2,-17.049999999999983,-0.2098,0.5375,0.6302,0.0,0.0,0.0,0.1099931334401464,4.499999999999986,40.0,5.799999999999997
11.609000001102686,0.0,0.5982,0.768,0.0,0.0,0.0,0.1553383688105592,-11.329999999999984,-39.2,-17.149999999999977,-0.2002,0.5437,0.6377999999999996,0.0,0.0,0.0,0.1099931334401464,4.499999999999986,40.0,5.700000000000003
11.625,0.0,0.5984,0.7802,0.0,0.0,0.0,0.1553383688105592,-11.329999999999984,-39.2,-17.249999999999986,-0.2213,0.5339,0.6298,0.0,0.0,0.0,0.109413290608072,4.499999999999986,40.0,5.600000000000001
11.64100000075996,0.0,0.6051,0.789,0.0,0.0,0.0,0.1555672541390097,-11.429999999999993,-39.2,-17.34999999999998,-0.2175,0.5264,0.6292,0.0,0.0,0.0,0.1092149233234149,4.499999999999986,40.0,5.5
11.656000001356006,0.0,0.5882,0.7574,0.0,0.0,0.0,0.1555977721828031,-11.429999999999993,-39.2,-17.449999999999974,-0.2162,0.534,0.6278,0.0,0.0,0.0,0.1092149233234149,4.499999999999986,40.0,5.399999999999999
11.67200000025332,0.0,0.5733,0.7402,0.0,0.0,0.0,0.1556282902265965,-11.329999999999984,-39.2,-17.549999999999983,-0.2119,0.5308,0.6168,0.0,0.0,0.0,0.1091844052796215,4.499999999999986,40.0,5.200000000000003
11.687000000849366,0.0,0.5801,0.7677999999999998,0.0,0.0,0.0,0.1556282902265965,-11.329999999999984,-39.2,-17.649999999999977,-0.216,0.5211,0.6108,0.0,0.0,0.0,0.1091844052796215,4.499999999999986,40.0,5.100000000000001
11.71900000050664,0.0,0.5648,0.763,0.0,0.0,0.0,0.1555977721828031,-11.329999999999984,-39.2,-17.749999999999986,-0.2252,0.513,0.6113999999999998,0.0,0.0,0.0,0.1091691462577248,4.499999999999986,40.0,5.0
11.734000001102686,0.0,0.5549,0.7392,0.0,0.0,0.0,0.1555825131609064,-11.329999999999984,-39.2,-17.84999999999998,-0.233,0.5264,0.6272,0.0,0.0,0.0,0.1091538872358281,4.399999999999977,40.0,4.899999999999999
11.75,0.0,0.5735,0.7386,0.0,0.0,0.0,0.1555825131609064,-11.329999999999984,-39.2,-17.949999999999974,-0.2119,0.5171,0.6142,0.0,0.0,0.0,0.109108110170138,4.399999999999977,40.0,4.799999999999997
11.76600000075996,0.0,0.5599,0.736,0.0,0.0,0.0,0.155551995117113,-11.329999999999984,-39.1,-17.949999999999974,-0.2265,0.5148,0.6102,0.0,0.0,0.0,0.109108110170138,4.399999999999977,40.0,4.700000000000003
11.781000001356006,0.0,0.5605,0.7306,0.0,0.0,0.0,0.155551995117113,-11.329999999999984,-39.1,-18.049999999999983,-0.2345,0.5134,0.623,0.0,0.0,0.0,0.109108110170138,4.399999999999977,40.0,4.600000000000001
11.79700000025332,0.0,0.5432,0.7092,0.0,0.0,0.0,0.1555367360952163,-11.329999999999984,-39.1,-18.149999999999977,-0.2278,0.5053,0.6046,0.0,0.0,0.0,0.1090775921263447,4.399999999999977,40.0,4.5
11.828000001609324,0.0,0.5477,0.718,0.0,0.0,0.0,0.155551995117113,-11.329999999999984,-39.1,-18.249999999999982,-0.2399,0.5066,0.6103999999999998,0.0,0.0,0.0,0.1090775921263447,4.399999999999977,39.9,4.5
11.828000001609324,0.0,0.54,0.7088,0.0,0.0,0.0,0.1555672541390097,-11.329999999999984,-39.1,-18.249999999999982,-0.2233,0.5034,0.6054,0.0,0.0,0.0,0.109108110170138,4.399999999999977,39.9,4.399999999999999
11.859000001102686,0.0,0.5293,0.7048,0.0,0.0,0.0,0.1555672541390097,-11.329999999999984,-39.1,-18.34999999999998,-0.2355,0.5033,0.61,0.0,0.0,0.0,0.109108110170138,4.399999999999977,39.9,4.299999999999997
11.875,0.0,0.5446,0.7126,0.0,0.0,0.0,0.1555672541390097,-11.329999999999984,-39.1,-18.44999999999997,-0.2454,0.498,0.6063999999999998,0.0,0.0,0.0,0.109108110170138,4.399999999999977,39.9,4.299999999999997
11.89100000075996,0.0,0.5302,0.7082,0.0,0.0,0.0,0.1556435492484932,-11.329999999999984,-39.1,-18.44999999999997,-0.2494,0.5083,0.6078,0.0,0.0,0.0,0.1093980315861753,4.399999999999977,39.9,4.200000000000003
11.906000001356006,0.0,0.5224,0.7001999999999998,0.0,0.0,0.0,0.1556435492484932,-11.329999999999984,-39.1,-18.549999999999983,-0.2372,0.5165,0.6222,0.0,0.0,0.0,0.1093980315861753,4.399999999999977,39.9,4.100000000000001
11.937000000849366,0.0,0.5272,0.699,0.0,0.0,0.0,0.1556588082703899,-11.329999999999984,-39.1,-18.649999999999977,-0.2384,0.4967,0.6196,0.0,0.0,0.0,0.1093980315861753,4.299999999999983,39.9,4.100000000000001
11.953000001609324,0.0,0.542,0.72,0.0,0.0,0.0,0.1556588082703899,-11.329999999999984,-39.1,-18.649999999999977,-0.2535,0.4994,0.6218,0.0,0.0,0.0,0.109108110170138,4.399999999999977,39.9,4.0
11.96900000050664,0.0,0.5083,0.6772,0.0,0.0,0.0,0.1559182116426337,-11.329999999999984,-39.1,-18.649999999999977,-0.2474,0.4957,0.6113999999999998,0.0,0.0,0.0,0.1087724116884107,4.299999999999983,39.9,4.0
11.984000001102686,0.0,0.5333,0.703,0.0,0.0,0.0,0.1559945067521172,-11.329999999999984,-39.1,-18.749999999999982,-0.2575,0.4886,0.6123999999999998,0.0,0.0,0.0,0.1087418936446173,4.399999999999977,39.9,4.0
12.0,0.0,0.5143,0.6968,0.0,0.0,0.0,0.1559945067521172,-11.329999999999984,-39.0,-18.749999999999982,-0.2485,0.4941,0.6248,0.0,0.0,0.0,0.1086961165789272,4.399999999999977,39.9,3.899999999999999
12.01600000075996,0.0,0.5077,0.6766,0.0,0.0,0.0,0.1559945067521172,-11.22999999999999,-39.1,-18.84999999999998,-0.2508,0.4936,0.6188,0.0,0.0,0.0,0.1086350804913405,4.399999999999977,39.9,3.899999999999999
12.031000001356006,0.0,0.511,0.6882,0.0,0.0,0.0,0.155902952620737,-11.22999999999999,-39.1,-18.84999999999998,-0.258,0.4795,0.6011999999999998,0.0,0.0,0.0,0.1086350804913405,4.399999999999977,39.9,3.899999999999999
12.062000000849366,0.0,0.4953,0.6557999999999998,0.0,0.0,0.0,0.1557961394674601,-11.329999999999984,-39.1,-18.84999999999998,-0.2682,0.4801,0.6208,0.0,0.0,0.0,0.1086198214694438,4.399999999999977,39.9,3.799999999999997
12.078000001609324,0.0,0.483,0.661,0.0,0.0,0.0,0.1557961394674601,-11.22999999999999,-39.0,-18.94999999999997,-0.258,0.487,0.6233999999999998,0.0,0.0,0.0,0.1085893034256504,4.299999999999983,39.9,3.799999999999997
12.09400000050664,0.0,0.4933,0.6492,0.0,0.0,0.0,0.1557961394674601,-11.22999999999999,-39.0,-18.94999999999997,-0.2553,0.4735,0.6078,0.0,0.0,0.0,0.1085282673380636,4.399999999999977,39.9,3.799999999999997
12.109000001102686,0.0,0.4799,0.6308,0.0,0.0,0.0,0.1557961394674601,-11.22999999999999,-39.0,-19.049999999999983,-0.2587,0.4686,0.6023999999999998,0.0,0.0,0.0,0.1085282673380636,4.299999999999983,39.9,3.700000000000003
12.125,0.0,0.4704,0.6144,0.0,0.0,0.0,0.1557961394674601,-11.22999999999999,-39.1,-19.049999999999983,-0.2385,0.4576,0.5943999999999998,0.0,0.0,0.0,0.1084977492942702,4.299999999999983,39.9,3.700000000000003
12.14100000075996,0.0,0.4631,0.6016,0.0,0.0,0.0,0.1557656214236667,-11.22999999999999,-39.1,-19.049999999999983,-0.2472,0.4539,0.5938,0.0,0.0,0.0,0.1084977492942702,4.299999999999983,39.9,3.700000000000003
12.156000001356006,0.0,0.4367,0.5778,0.0,0.0,0.0,0.1557961394674601,-11.22999999999999,-39.1,-19.049999999999983,-0.2375,0.4374,0.5669999999999998,0.0,0.0,0.0,0.1084977492942702,4.299999999999983,39.9,3.700000000000003
12.187000000849366,0.0,0.4224,0.5668,0.0,0.0,0.0,0.1557656214236667,-11.22999999999999,-39.1,-19.049999999999983,-0.2378,0.4264,0.5614,0.0,0.0,0.0,0.1085282673380636,4.399999999999977,39.9,3.700000000000003
12.203000001609324,0.0,0.4222,0.537,0.0,0.0,0.0,0.1557656214236667,-11.129999999999995,-39.1,-19.049999999999983,-0.2175,0.4027,0.5273999999999998,0.0,0.0,0.0,0.1085282673380636,4.399999999999977,39.9,3.700000000000003
12.21900000050664,0.0,0.3835,0.516,0.0,0.0,0.0,0.1557656214236667,-11.129999999999995,-39.1,-19.049999999999983,-0.2167,0.3841,0.5343999999999998,0.0,0.0,0.0,0.1088029297322041,4.399999999999977,39.9,3.700000000000003
12.234000001102686,0.0,0.3843,0.4858,0.0,0.0,0.0,0.1557656214236667,-11.129999999999995,-39.1,-19.149999999999977,-0.2039,0.3659,0.497,0.0,0.0,0.0,0.1088029297322041,4.399999999999977,39.9,3.700000000000003
12.25,0.0,0.3274,0.4124,0.0,0.0,0.0,0.1557656214236667,-11.029999999999989,-39.1,-19.149999999999977,-0.1565,0.305,0.3844,0.0,0.0,0.0,0.1088029297322041,4.399999999999977,39.9,3.700000000000003
12.26600000075996,0.0,0.2301,0.2939999999999998,0.0,0.0,0.0,0.1557656214236667,-11.029999999999989,-39.1,-19.149999999999977,-0.1117,0.2218,0.2131999999999998,0.0,0.0,0.0,0.1082383459220264,4.499999999999986,39.9,3.700000000000003
12.281000001356006,0.0,0.1649,0.227,0.0,0.0,0.0,0.1557656214236667,-10.929999999999993,-39.1,-19.149999999999977,-0.0699,0.1625,0.1328,0.0,0.0,0.0,0.1077347981994354,4.499999999999986,39.9,3.700000000000003
12.29700000025332,0.0,0.1529,0.1848,0.0,0.0,0.0,0.1557656214236667,-10.929999999999993,-39.1,-19.149999999999977,-0.058,0.1465,0.086,0.0,0.0,0.0,0.1065140764476997,4.499999999999986,39.9,3.700000000000003
12.328000001609324,0.0,0.1188,0.1477999999999996,0.0,0.0,0.0,0.1548500801098649,-10.829999999999984,-39.1,-19.149999999999977,-0.0468,0.121,0.0553999999999996,0.0,0.0,0.0,0.1046982528419928,4.499999999999986,39.9,3.700000000000003
12.34400000050664,0.0,0.1065,0.1125999999999998,0.0,0.0,0.0,0.1538277256427863,-10.829999999999984,-39.1,-19.249999999999982,-0.0151,0.0868,0.0052,0.0,0.0,0.0,0.1033859769588769,4.59999999999998,39.9,3.700000000000003
12.359000001102686,0.0,0.0772,0.0916,0.0,0.0,0.0,0.1531563286793316,-10.829999999999984,-39.1,-19.249999999999982,-0.0066,0.0821,0.0,0.0,0.0,0.0,0.1027908751049057,4.59999999999998,39.9,3.700000000000003
12.375,0.0,0.0583,0.08,0.0,0.0,0.0,0.1526222629129472,-10.72999999999999,-39.1,-19.249999999999982,-0.0057,0.0462,0.0,0.0,0.0,0.0,0.1027298390173189,4.59999999999998,39.9,3.700000000000003
12.39100000075996,0.0,0.0452,0.0599999999999996,0.0,0.0,0.0,0.1525917448691539,-10.72999999999999,-39.1,-19.249999999999982,0.0,0.0541,0.0,0.0,0.0,0.0,0.1027145799954222,4.59999999999998,39.9,3.700000000000003
12.406000001356006,0.0,0.0317,0.0448,0.0,0.0,0.0,0.1525917448691539,-10.72999999999999,-39.1,-19.249999999999982,0.0,0.0295,0.0,0.0,0.0,0.0,0.1027145799954222,4.59999999999998,39.9,3.700000000000003
12.42200000025332,0.0,0.0277,0.0215999999999998,0.0,0.0,0.0,0.1525764858472572,-10.72999999999999,-39.1,-19.249999999999982,0.0,0.0332,0.0,0.0,0.0,0.0,0.1027145799954222,4.699999999999989,39.9,3.700000000000003
12.453000001609324,0.0,0.0089,0.0168,0.0,0.0,0.0,0.1525459678034638,-10.629999999999995,-39.1,-19.249999999999982,0.0,0.0165,0.0,0.0,0.0,0.0,0.1027145799954222,4.699999999999989,39.9,3.700000000000003
12.453000001609324,0.0,0.0106,0.0063999999999998,0.0,0.0,0.0,0.1525459678034638,-10.629999999999995,-39.1,-19.249999999999982,0.0,0.0019,0.0,0.0,0.0,0.0,0.1027298390173189,4.699999999999989,39.9,3.700000000000003
12.484000001102686,0.0,0.0049,0.0006,0.0,0.0,0.0,0.1525459678034638,-10.629999999999995,-39.1,-19.249999999999982,0.0,0.0,0.0,0.0,0.0,0.0,0.1027603570611123,4.699999999999989,39.9,3.700000000000003
12.5,0.0,0.0045,0.0,0.0,0.0,0.0,0.1525917448691539,-10.629999999999995,-39.1,-19.249999999999982,0.0,0.0,0.0,0.0,0.0,0.0,0.1028061341268024,4.699999999999989,39.9,3.700000000000003
12.51600000075996,0.0,0.0,0.0,0.0,0.0,0.0,0.1526070038910505,-10.629999999999995,-39.1,-19.249999999999982,0.0,0.0,0.0,0.0,0.0,0.0,0.1028366521705958,4.699999999999989,39.9,3.700000000000003
12.531000001356006,0.0,0.0,0.0,0.0,0.0,0.0,0.1525917448691539,-10.629999999999995,-39.1,-19.34999999999998,0.0,0.0,0.0,0.0,0.0,0.0,0.1028366521705958,4.699999999999989,39.9,3.700000000000003
12.54700000025332,0.0,0.0,0.0,0.0,0.0,0.0,0.1526070038910505,-10.629999999999995,-39.1,-19.34999999999998,0.0,0.0,0.0,0.0,0.0,0.0,0.1028519111924925,4.699999999999989,39.9,3.700000000000003
12.562000000849366,0.0,0.0,0.0,0.0,0.0,0.0,0.1526070038910505,-10.629999999999995,-39.1,-19.34999999999998,0.0,0.0,0.0,0.0,0.0,0.0,0.1028519111924925,4.699999999999989,39.9,3.700000000000003
12.578000001609324,0.0,0.0,0.0,0.0,0.0,0.0,0.1526070038910505,-10.629999999999995,-39.1,-19.249999999999982,0.0,0.0,0.0,0.0,0.0,0.0,0.1028519111924925,4.799999999999983,39.9,3.700000000000003
12.609000001102686,0.0,0.0,0.0,0.0,0.0,0.0,0.1526070038910505,-10.629999999999995,-39.1,-19.249999999999982,0.0,0.0,0.0,0.0,0.0,0.0,0.1028519111924925,4.799999999999983,39.9,3.700000000000003
12.625,0.0,0.0,0.0,0.0,0.0,0.0,0.1526070038910505,-10.629999999999995,-39.1,-19.249999999999982,0.0,0.0,0.0,0.0,0.0,0.0,0.1028519111924925,4.799999999999983,39.9,3.700000000000003
12.625,0.0,0.0,0.0,0.0,0.0,0.0,0.1526070038910505,-10.629999999999995,-39.1,-19.249999999999982,0.0,0.0,0.0,0.0,0.0,0.0,0.1028519111924925,4.799999999999983,39.9,3.700000000000003
12.656000001356006,0.0,0.0,0.0,0.0,0.0,0.0,0.1526070038910505,-10.629999999999995,-39.1,-19.249999999999982,0.0,0.0,0.0,0.0,0.0,0.0,0.1028519111924925,4.799999999999983,39.9,3.700000000000003
12.67200000025332,0.0,0.0,0.0,0.0,0.0,0.0,0.1526070038910505,-10.629999999999995,-39.1,-19.249999999999982,0.0,0.0,0.0,0.0,0.0,0.0,0.1028671702143892,4.799999999999983,39.9,3.700000000000003
12.687000000849366,0.0,0.0,0.0,0.0,0.0,0.0,0.1525764858472572,-10.629999999999995,-39.1,-19.249999999999982,0.0,0.0,0.0,0.0,0.0,0.0,0.1028671702143892,4.799999999999983,39.9,3.700000000000003
12.703000001609324,0.0,0.0,0.0,0.0,0.0,0.0,0.1525459678034638,-10.629999999999995,-39.1,-19.249999999999982,0.0,0.0,0.0,0.0,0.0,0.0,0.1028671702143892,4.799999999999983,39.9,3.799999999999997
12.71900000050664,0.0,0.0,0.0,0.0,0.0,0.0,0.1525459678034638,-10.629999999999995,-39.1,-19.249999999999982,0.0,0.0,0.0,0.0,0.0,0.0,0.1028671702143892,4.799999999999983,39.9,3.799999999999997
12.734000001102686,0.0,0.0,0.0,0.0,0.0,0.0,0.1525459678034638,-10.629999999999995,-39.1,-19.249999999999982,0.0,0.0,0.0,0.0,0.0,0.0,0.1028671702143892,4.799999999999983,39.9,3.799999999999997
12.75,0.0,0.0,0.0,0.0,0.0,0.0,0.1525459678034638,-10.629999999999995,-39.1,-19.249999999999982,0.0,0.0,0.0,0.0,0.0,0.0,0.1028671702143892,4.799999999999983,39.9,3.799999999999997
12.76600000075996,0.0,0.0,0.0,0.0,0.0,0.0,0.1525459678034638,-10.629999999999995,-39.1,-19.249999999999982,0.0,0.0,0.0,0.0,0.0,0.0,0.1028213931486991,4.799999999999983,39.9,3.799999999999997
12.781000001356006,0.0,0.0,0.0,0.0,0.0,0.0,0.1525459678034638,-10.629999999999995,-39.1,-19.249999999999982,0.0,0.0,0.0,0.0,0.0,0.0,0.1028213931486991,4.799999999999983,39.9,3.799999999999997
12.812000000849366,0.0,0.0,0.0,0.0,0.0,0.0,0.1525612268253605,-10.629999999999995,-39.1,-19.249999999999982,0.0,0.0,0.0,0.0,0.0,0.0,0.1028213931486991,4.799999999999983,39.9,3.799999999999997
12.828000001609324,0.0,0.0,0.0,0.0,0.0,0.0,0.1526070038910505,-10.629999999999995,-39.1,-19.249999999999982,0.0,0.0,0.0,0.0,0.0,0.0,0.1028366521705958,4.799999999999983,39.9,3.799999999999997
12.84400000050664,0.0,0.0,0.0,0.0,0.0,0.0,0.1526070038910505,-10.629999999999995,-39.1,-19.249999999999982,0.0,0.0,0.0,0.0,0.0,0.0,0.1028366521705958,4.799999999999983,39.9,3.799999999999997
12.859000001102686,0.0,0.0,0.0,0.0,0.0,0.0,0.1526222629129472,-10.72999999999999,-39.1,-19.249999999999982,0.0,0.0,0.0,0.0,0.0,0.0,0.1028213931486991,4.799999999999983,39.9,3.799999999999997
12.875,0.0,0.0,0.0,0.0,0.0,0.0,0.1526527809567406,-10.72999999999999,-39.1,-19.249999999999982,0.0,0.0,0.0,0.0,0.0,0.0,0.1028213931486991,4.799999999999983,39.9,3.799999999999997
12.89100000075996,0.0,0.0,0.0,0.0,0.0,0.0,0.152683299000534,-10.72999999999999,-39.1,-19.249999999999982,0.0,0.0,0.0,0.0,0.0,0.0,0.1028061341268024,4.799999999999983,39.9,3.799999999999997
12.906000001356006,0.0,0.0,0.0,0.0,0.0,0.0,0.152683299000534,-10.72999999999999,-39.1,-19.249999999999982,0.0,0.0,0.0,0.0,0.0,0.0,0.1028061341268024,4.799999999999983,39.9,3.799999999999997
12.92200000025332,0.0,0.0,0.0,0.0,0.0,0.0,0.1526527809567406,-10.72999999999999,-39.1,-19.249999999999982,0.0,0.0,0.0,0.0,0.0,0.0,0.1027603570611123,4.899999999999977,39.9,3.799999999999997
12.937000000849366,0.0,0.0,0.0,0.0,0.0,0.0,0.1526527809567406,-10.72999999999999,-39.1,-19.249999999999982,0.0,0.0,0.0,0.0,0.0,0.0,0.1027603570611123,4.899999999999977,39.9,3.799999999999997
12.953000001609324,0.0,0.0,0.0,0.0,0.0,0.0,0.152683299000534,-10.72999999999999,-39.1,-19.149999999999977,0.0,0.0,0.0,0.0,0.0,0.0,0.1027603570611123,4.899999999999977,39.9,3.799999999999997
12.96900000050664,0.0,0.0,0.0,0.0,0.0,0.0,0.1526527809567406,-10.72999999999999,-39.1,-19.149999999999977,0.0,0.0,0.0,0.0,0.0,0.0,0.102775616083009,4.899999999999977,39.9,3.799999999999997
12.984000001102686,0.0,0.0,0.0,0.0,0.0,0.0,0.1526527809567406,-10.72999999999999,-39.1,-19.149999999999977,0.0,0.0,0.0,0.0,0.0,0.0,0.1027603570611123,4.899999999999977,39.9,3.799999999999997
13.0,0.0,0.0,0.0,0.0,0.0,0.0,0.1526527809567406,-10.72999999999999,-39.1,-19.149999999999977,0.0,0.0,0.0,0.0,0.0,0.0,0.102775616083009,4.899999999999977,39.9,3.799999999999997
13.031000001356006,0.0,0.0,0.0,0.0,0.0,0.0,0.1526680399786373,-10.72999999999999,-39.1,-19.149999999999977,0.0,0.0,0.0,0.0,0.0,0.0,0.1027603570611123,4.899999999999977,39.9,3.799999999999997
13.04700000025332,0.0,0.0,0.0,0.0,0.0,0.0,0.152683299000534,-10.72999999999999,-39.1,-19.149999999999977,0.0,0.0,0.0,0.0,0.0,0.0,0.102775616083009,4.899999999999977,39.9,3.799999999999997
13.062000000849366,0.0,0.0,0.0,0.0,0.0,0.0,0.1526680399786373,-10.72999999999999,-39.1,-19.149999999999977,0.0,0.0,0.0,0.0,0.0,0.0,0.102775616083009,4.899999999999977,39.9,3.799999999999997
13.078000001609324,0.0,0.0,0.0,0.0,0.0,0.0,0.1526680399786373,-10.72999999999999,-39.1,-19.149999999999977,0.0,0.0,0.0,0.0,0.0,0.0,0.1027450980392156,4.899999999999977,39.9,3.799999999999997
13.09400000050664,0.0,0.0,0.0,0.0,0.0,0.0,0.1526985580224307,-10.72999999999999,-39.1,-19.149999999999977,0.0,0.0,0.0,0.0,0.0,0.0,0.1027450980392156,4.899999999999977,39.9,3.799999999999997
13.109000001102686,0.0,0.0,0.0,0.0,0.0,0.0,0.1526985580224307,-10.72999999999999,-39.1,-19.149999999999977,0.0,0.0,0.0,0.0,0.0,0.0,0.1027908751049057,4.899999999999977,39.9,3.799999999999997
13.125,0.0,0.0,0.0,0.0,0.0,0.0,0.1527290760662241,-10.72999999999999,-39.1,-19.149999999999977,0.0,0.0,0.0,0.0,0.0,0.0,0.1027603570611123,4.899999999999977,39.9,3.799999999999997
13.14100000075996,0.0,0.0,0.0,0.0,0.0,0.0,0.1527290760662241,-10.72999999999999,-39.1,-19.149999999999977,0.0,0.0,0.0,0.0,0.0,0.0,0.1027908751049057,4.899999999999977,39.9,3.799999999999997
13.156000001356006,0.0,0.0,0.0,0.0,0.0,0.0,0.1527290760662241,-10.829999999999984,-39.1,-19.149999999999977,0.0,0.0,0.0,0.0,0.0,0.0,0.1027908751049057,4.899999999999977,39.9,3.799999999999997
13.17200000025332,0.0,0.0,0.0,0.0,0.0,0.0,0.1527290760662241,-10.829999999999984,-39.1,-19.149999999999977,0.0,0.0,0.0,0.0,0.0,0.0,0.102775616083009,4.899999999999977,39.9,3.799999999999997
13.203000001609324,0.0,0.0,0.0,0.0,0.0,0.0,0.1527595941100175,-10.829999999999984,-39.1,-19.149999999999977,0.0,0.0,0.0,0.0,0.0,0.0,0.102775616083009,4.899999999999977,39.9,3.799999999999997
13.21900000050664,0.0,0.0,0.0,0.0,0.0,0.0,0.1527595941100175,-10.829999999999984,-39.1,-19.149999999999977,0.0,0.0,0.0,0.0,0.0,0.0,0.1027603570611123,4.899999999999977,39.9,3.799999999999997
13.234000001102686,0.0,0.0,0.0,0.0,0.0,0.0,0.1527595941100175,-10.829999999999984,-39.1,-19.149999999999977,0.0,0.0,0.0,0.0,0.0,0.0,0.1027603570611123,4.899999999999977,39.9,3.799999999999997
13.25,0.0,0.0,0.0,0.0,0.0,0.0,0.1527595941100175,-10.829999999999984,-39.1,-19.149999999999977,0.0,0.0,0.0,0.0,0.0,0.0,0.102775616083009,4.899999999999977,39.9,3.799999999999997
13.26600000075996,0.0,0.0,0.0,0.0,0.0,0.0,0.1527595941100175,-10.829999999999984,-39.1,-19.149999999999977,0.0,0.0,0.0,0.0,0.0,0.0,0.102775616083009,4.899999999999977,39.9,3.799999999999997
13.281000001356006,0.0,0.0,0.0,0.0,0.0,0.0,0.1527595941100175,-10.829999999999984,-39.1,-19.149999999999977,0.0,0.0,0.0,0.0,0.0,0.0,0.102775616083009,4.899999999999977,39.9,3.799999999999997
13.29700000025332,0.0,0.0,0.0,0.0,0.0,0.0,0.1527595941100175,-10.829999999999984,-39.1,-19.149999999999977,0.0,0.0,0.0,0.0,0.0,0.0,0.1027450980392156,4.899999999999977,39.9,3.799999999999997
13.312000000849366,0.0,0.0,0.0,0.0,0.0,0.0,0.1527595941100175,-10.829999999999984,-39.1,-19.149999999999977,0.0,0.0,0.0,0.0,0.0,0.0,0.1027450980392156,4.899999999999977,39.9,3.799999999999997
13.328000001609324,0.0,0.0,0.0,0.0,0.0,0.0,0.1527595941100175,-10.829999999999984,-39.1,-19.149999999999977,0.0,0.0,0.0,0.0,0.0,0.0,0.102775616083009,4.899999999999977,39.9,3.799999999999997
13.34400000050664,0.0,0.0,0.0,0.0,0.0,0.0,0.1528053711757076,-10.829999999999984,-39.1,-19.149999999999977,0.0,0.0,0.0,0.0,0.0,0.0,0.102775616083009,4.899999999999977,39.9,3.799999999999997
13.359000001102686,0.0,0.0,0.0,0.0,0.0,0.0,0.1528053711757076,-10.829999999999984,-39.1,-19.149999999999977,0.0,0.0,0.0,0.0,0.0,0.0,0.102775616083009,4.899999999999977,39.9,3.799999999999997
13.375,0.0,0.0,0.0,0.0,0.0,0.0,0.152835889219501,-10.829999999999984,-39.1,-19.149999999999977,0.0,0.0,0.0,0.0,0.0,0.0,0.1027450980392156,4.899999999999977,39.9,3.799999999999997
13.39100000075996,0.0,0.0,0.0,0.0,0.0,0.0,0.1528206301976043,-10.829999999999984,-39.1,-19.149999999999977,0.0,0.0,0.0,0.0,0.0,0.0,0.1027450980392156,4.899999999999977,39.9,3.799999999999997
13.42200000025332,0.0,0.0,0.0,0.0,0.0,0.0,0.152835889219501,-10.829999999999984,-39.1,-19.149999999999977,0.0,0.0,0.0,0.0,0.0,0.0,0.1027450980392156,4.899999999999977,39.9,3.799999999999997
13.437000000849366,0.0,0.0,0.0,0.0,0.0,0.0,0.1528206301976043,-10.829999999999984,-39.0,-19.149999999999977,0.0,0.0,0.0,0.0,0.0,0.0,0.1027450980392156,4.899999999999977,39.9,3.799999999999997
13.453000001609324,0.0,0.0,0.0,0.0,0.0,0.0,0.1528511482413977,-10.829999999999984,-39.0,-19.149999999999977,0.0,0.0,0.0,0.0,0.0,0.0,0.1027450980392156,4.899999999999977,39.9,3.799999999999997
13.46900000050664,0.0,0.0,0.0,0.0,0.0,0.0,0.1528206301976043,-10.829999999999984,-39.0,-19.149999999999977,0.0,0.0,0.0,0.0,0.0,0.0,0.1027298390173189,4.899999999999977,39.8,3.799999999999997
13.484000001102686,0.0,0.0,0.0,0.0,0.0,0.0,0.1528206301976043,-10.829999999999984,-39.0,-19.149999999999977,0.0,0.0,0.0,0.0,0.0,0.0,0.1027298390173189,4.899999999999977,39.8,3.799999999999997
13.5,0.0,0.0,0.0,0.0,0.0,0.0,0.1528511482413977,-10.829999999999984,-39.0,-19.149999999999977,0.0,0.0,0.0,0.0,0.0,0.0,0.1027450980392156,4.899999999999977,39.8,3.799999999999997
13.51600000075996,0.0,0.0,0.0,0.0,0.0,0.0,0.1528206301976043,-10.829999999999984,-39.0,-19.149999999999977,0.0,0.0,0.0,0.0,0.0,0.0,0.102775616083009,4.899999999999977,39.8,3.799999999999997
13.531000001356006,0.0,0.0,0.0,0.0,0.0,0.0,0.1528511482413977,-10.829999999999984,-39.0,-19.149999999999977,0.0,0.0,0.0,0.0,0.0,0.0,0.102775616083009,4.899999999999977,39.8,3.799999999999997
13.562000000849366,0.0,0.0,0.0,0.0,0.0,0.0,0.1528206301976043,-10.829999999999984,-38.9,-19.149999999999977,0.0,0.0,0.0,0.0,0.0,0.0,0.1027908751049057,4.899999999999977,39.8,3.799999999999997
13.578000001609324,0.0,0.0,0.0,0.0,0.0,0.0,0.1528206301976043,-10.72999999999999,-38.9,-19.149999999999977,0.0,0.0,0.0,0.0,0.0,0.0,0.102775616083009,4.899999999999977,39.8,3.799999999999997
13.59400000050664,0.0,0.0,0.0,0.0,0.0,0.0,0.1528206301976043,-10.72999999999999,-38.9,-19.149999999999977,0.0,0.0,0.0,0.0,0.0,0.0,0.102775616083009,4.899999999999977,39.7,3.799999999999997
13.609000001102686,0.0,0.0,0.0,0.0,0.0,0.0,0.1528206301976043,-10.72999999999999,-38.8,-19.149999999999977,0.0,0.0,0.0,0.0,0.0,0.0,0.102775616083009,4.899999999999977,39.7,3.799999999999997
13.625,0.0,0.0,0.0,0.0,0.0,0.0,0.1528206301976043,-10.72999999999999,-38.8,-19.149999999999977,0.0,0.0,0.0,0.0,0.0,0.0,0.102775616083009,4.899999999999977,39.7,3.799999999999997
13.64100000075996,0.0,0.0,0.0,0.0,0.0,0.0,0.152835889219501,-10.72999999999999,-38.7,-19.149999999999977,0.0,0.0,0.0,0.0,0.0,0.0,0.1027298390173189,4.899999999999977,39.6,3.799999999999997
13.656000001356006,0.0,0.0,0.0,0.0,0.0,0.0,0.152835889219501,-10.72999999999999,-38.7,-19.149999999999977,0.0,0.0,0.0,0.0,0.0,0.0,0.1027145799954222,4.899999999999977,39.6,3.799999999999997
13.687000000849366,0.0,0.0,0.0,0.0,0.0,0.0,0.1528511482413977,-10.72999999999999,-38.7,-19.149999999999977,0.0,0.0,0.0,0.0,0.0,0.0,0.1027145799954222,4.899999999999977,39.5,3.799999999999997
13.687000000849366,0.0,0.0,0.0,0.0,0.0,0.0,0.152835889219501,-10.72999999999999,-38.6,-19.149999999999977,0.0,0.0,0.0,0.0,0.0,0.0,0.1027145799954222,4.899999999999977,39.5,3.799999999999997
13.703000001609324,0.0,0.0,0.0,0.0,0.0,0.0,0.1528816662851911,-10.629999999999995,-38.5,-19.149999999999977,0.0,0.0,0.0,0.0,0.0,0.0,0.1027145799954222,4.899999999999977,39.4,3.799999999999997
13.71900000050664,0.0,0.0,0.0,0.0,0.0,0.0,0.1529121843289845,-10.629999999999995,-38.5,-19.249999999999982,0.0,0.0,0.0,0.0,0.0,0.0,0.1026993209735255,4.899999999999977,39.4,3.799999999999997
13.75,0.0,0.0,0.0,0.0,0.0,0.0,0.1529274433508812,-10.629999999999995,-38.4,-19.249999999999982,0.0,0.0,0.0,0.0,0.0,0.0,0.1026993209735255,4.899999999999977,39.3,3.799999999999997
13.75,0.0,0.0,0.0,0.0,0.0,0.0,0.1529274433508812,-10.629999999999995,-38.3,-19.249999999999982,0.0,0.0,0.0,0.0,0.0,0.0,0.1026993209735255,4.899999999999977,39.2,3.799999999999997
13.781000001356006,0.0,0.0,0.0,0.0,0.0,0.0,0.1529427023727779,-10.529999999999989,-38.3,-19.249999999999982,0.0,0.0,0.0,0.0,0.0,0.0,0.1027450980392156,4.899999999999977,39.2,3.799999999999997
13.79700000025332,0.0,0.0,0.0,0.0,0.0,0.0,0.1529427023727779,-10.529999999999989,-38.2,-19.249999999999982,0.0,0.0,0.0,0.0,0.0,0.0,0.1027450980392156,4.899999999999977,39.1,3.700000000000003
13.812000000849366,0.0,0.0,0.0,0.0,0.0,0.0,0.1529732204165713,-10.529999999999989,-38.1,-19.34999999999998,0.0,0.0,0.0,0.0,0.0,0.0,0.1027450980392156,4.799999999999983,39.0,3.700000000000003
13.828000001609324,0.0,0.0,0.0,0.0,0.0,0.0,0.1529732204165713,-10.429999999999993,-38.0,-19.34999999999998,0.0,0.0,0.0,0.0,0.0,0.0,0.1027450980392156,4.799999999999983,38.9,3.700000000000003
13.84400000050664,0.0,0.0,0.0,0.0,0.0,0.0,0.1529732204165713,-10.429999999999993,-37.9,-19.34999999999998,0.0,0.0,0.0,0.0,0.0,0.0,0.1027603570611123,4.799999999999983,38.8,3.700000000000003
13.859000001102686,0.0,0.0,0.0,0.0,0.0,0.0,0.1529732204165713,-10.429999999999993,-37.8,-19.34999999999998,0.0,0.0,0.0,0.0,0.0,0.0,0.1027603570611123,4.799999999999983,38.7,3.700000000000003
13.875,0.0,0.0,0.0,0.0,0.0,0.0,0.152988479438468,-10.329999999999984,-37.7,-19.34999999999998,0.0,0.0,0.0,0.0,0.0,0.0,0.102775616083009,4.799999999999983,38.6,3.700000000000003
13.89100000075996,0.0,0.0,0.0,0.0,0.0,0.0,0.152988479438468,-10.329999999999984,-37.6,-19.44999999999997,0.0,0.0,0.0,0.0,0.0,0.0,0.102775616083009,4.799999999999983,38.5,3.700000000000003
13.906000001356006,0.0,0.0,0.0,0.0,0.0,0.0,0.152988479438468,-10.22999999999999,-37.5,-19.44999999999997,0.0,0.0,0.0,0.0,0.0,0.0,0.102775616083009,4.799999999999983,38.4,3.700000000000003
13.92200000025332,0.0,0.0,0.0,0.0,0.0,0.0,0.152988479438468,-10.22999999999999,-37.4,-19.44999999999997,0.0,0.0,0.0,0.0,0.0,0.0,0.1027603570611123,4.699999999999989,38.3,3.700000000000003
13.953000001609324,0.0,0.0,0.0,0.0,0.0,0.0,0.152988479438468,-10.22999999999999,-37.3,-19.44999999999997,0.0,0.0,0.0,0.0,0.0,0.0,0.1027603570611123,4.699999999999989,38.2,3.700000000000003
13.953000001609324,0.0,0.0,0.0,0.0,0.0,0.0,0.152988479438468,-10.129999999999995,-37.2,-19.549999999999983,0.0,0.0,0.0,0.0,0.0,0.0,0.1027603570611123,4.699999999999989,38.1,3.700000000000003
13.984000001102686,0.0,0.0,0.0,0.0,0.0,0.0,0.1530495155260547,-10.129999999999995,-37.1,-19.549999999999983,0.0,0.0,0.0,0.0,0.0,0.0,0.1027145799954222,4.699999999999989,38.0,3.6000000000000014
14.0,0.0,0.0,0.0,0.0,0.0,0.0,0.1529579613946746,-10.029999999999989,-36.9,-19.549999999999983,0.0,0.0,0.0,0.0,0.0,0.0,0.1027145799954222,4.699999999999989,37.8,3.6000000000000014
14.01600000075996,0.0,0.0,0.0,0.0,0.0,0.0,0.1515693904020752,-10.029999999999989,-36.8,-19.649999999999977,0.0,0.0,0.0,0.0,0.0,0.0,0.1027145799954222,4.59999999999998,37.7,3.6000000000000014
14.031000001356006,0.0,0.0,0.0,0.0,0.0,0.0,0.1529579613946746,-9.929999999999993,-36.7,-19.649999999999977,0.0,0.0,0.0,0.0,0.0,0.0,0.1027145799954222,4.59999999999998,37.6,3.6000000000000014
14.04700000025332,0.0,0.0,0.0,0.0,0.0,0.0,0.1529274433508812,-9.829999999999984,-36.5,-19.649999999999977,0.0,0.0,0.0,0.0,0.0,0.0,0.1027298390173189,4.59999999999998,37.4,3.6000000000000014
14.062000000849366,0.0,0.0,0.0,0.0,0.0,0.0,0.1522255283436331,-9.829999999999984,-36.4,-19.749999999999982,0.0,0.0,0.0,0.0,0.0,0.0,0.1027145799954222,4.59999999999998,37.3,3.6000000000000014
14.078000001609324,0.0,0.0,0.0,0.0,0.0,0.0,0.1522255283436331,-9.72999999999999,-36.2,-19.749999999999982,0.0,0.0,0.0,0.0,0.0,0.0,0.1027298390173189,4.59999999999998,37.1,3.6000000000000014
14.09400000050664,0.0,0.0,0.0,0.0,0.0,0.0,0.1522255283436331,-9.72999999999999,-36.1,-19.749999999999982,0.0,0.0,0.0,0.0,0.0,0.0,0.1027298390173189,4.499999999999986,37.0,3.5
14.109000001102686,0.0,0.0,0.0,0.0,0.0,0.0,0.1522255283436331,-9.629999999999995,-35.9,-19.84999999999998,0.0,0.0,0.0,0.0,0.0,0.0,0.1027298390173189,4.499999999999986,36.8,3.5
14.125,0.0,0.0,0.0,0.0,0.0,0.0,0.1525612268253605,-9.629999999999995,-35.800000000000004,-19.84999999999998,0.0,0.0,0.0,0.0,0.0,0.0,0.1027298390173189,4.499999999999986,36.6,3.5
14.156000001356006,0.0,0.0,0.0,0.0,0.0,0.0,0.1525612268253605,-9.529999999999989,-35.6,-19.84999999999998,0.0,0.0,0.0,0.0,0.0,0.0,0.1027298390173189,4.499999999999986,36.5,3.5
14.17200000025332,0.0,0.0,0.0,0.0,0.0,0.0,0.1532173647669184,-9.529999999999989,-35.4,-19.94999999999997,0.0,0.0,0.0,0.0,0.0,0.0,0.1027298390173189,4.399999999999977,36.3,3.5
14.187000000849366,0.0,0.0,0.0,0.0,0.0,0.0,0.1532173647669184,-9.429999999999993,-35.2,-19.94999999999997,0.0,0.0,0.0,0.0,0.0,0.0,0.1027450980392156,4.399999999999977,36.1,3.5
14.203000001609324,0.0,0.0,0.0,0.0,0.0,0.0,0.1532173647669184,-9.329999999999984,-35.1,-19.94999999999997,0.0,0.0,0.0,0.0,0.0,0.0,0.1027450980392156,4.399999999999977,35.9,3.5
14.21900000050664,0.0,0.0,0.0,0.0,0.0,0.0,0.1532173647669184,-9.329999999999984,-34.9,-20.049999999999983,0.0,0.0,0.0,0.0,0.0,0.0,0.1027450980392156,4.399999999999977,35.800000000000004,3.3999999999999986
14.234000001102686,0.0,0.0,0.0,0.0,0.0,0.0,0.1532021057450217,-9.22999999999999,-34.7,-20.049999999999983,0.0,0.0,0.0,0.0,0.0,0.0,0.102775616083009,4.299999999999983,35.6,3.3999999999999986
14.25,0.0,0.0,0.0,0.0,0.0,0.0,0.1532021057450217,-9.129999999999995,-34.5,-20.049999999999983,0.0,0.0,0.0,0.0,0.0,0.0,0.102775616083009,4.299999999999983,35.4,3.3999999999999986
14.26600000075996,0.0,0.0,0.0,0.0,0.0,0.0,0.1531563286793316,-9.029999999999989,-34.300000000000004,-20.149999999999977,0.0,0.0,0.0,0.0,0.0,0.0,0.102775616083009,4.299999999999983,35.2,3.3999999999999986
14.281000001356006,0.0,0.0,0.0,0.0,0.0,0.0,0.1531563286793316,-9.029999999999989,-34.1,-20.149999999999977,0.0,0.0,0.0,0.0,0.0,0.0,0.102775616083009,4.199999999999989,35.0,3.3999999999999986
14.29700000025332,0.0,0.0,0.0,0.0,0.0,0.0,0.1531563286793316,-8.929999999999993,-33.9,-20.249999999999982,0.0,0.0,0.0,0.0,0.0,0.0,0.102775616083009,4.199999999999989,34.800000000000004,3.3999999999999986
14.312000000849366,0.0,0.0,0.0,0.0,0.0,0.0,0.1531563286793316,-8.829999999999984,-33.7,-20.249999999999982,0.0,0.0,0.0,0.0,0.0,0.0,0.102775616083009,4.199999999999989,34.6,3.299999999999997
14.34400000050664,0.0,0.0,0.0,0.0,0.0,0.0,0.1531563286793316,-8.72999999999999,-33.5,-20.34999999999998,0.0,0.0,0.0,0.0,0.0,0.0,0.102775616083009,4.09999999999998,34.300000000000004,3.299999999999997
14.359000001102686,0.0,0.0,0.0,0.0,0.0,0.0,0.1531715877012283,-8.72999999999999,-33.300000000000004,-20.34999999999998,0.0,0.0,0.0,0.0,0.0,0.0,0.102775616083009,4.09999999999998,34.1,3.299999999999997
14.375,0.0,0.0,0.0,0.0,0.0,0.0,0.1532173647669184,-8.629999999999995,-33.0,-20.44999999999997,0.0,0.0,0.0,0.0,0.0,0.0,0.1027908751049057,4.09999999999998,33.9,3.299999999999997
14.39100000075996,0.0,0.0,0.0,0.0,0.0,0.0,0.1532631418326085,-8.529999999999987,-32.800000000000004,-20.44999999999997,0.0,0.0,0.0,0.0,0.0,0.0,0.1027908751049057,4.09999999999998,33.7,3.299999999999997
14.406000001356006,0.0,0.0,0.0,0.0,0.0,0.0,0.1533089188982986,-8.429999999999993,-32.6,-20.44999999999997,0.0,0.0,0.0,0.0,0.0,0.0,0.1027908751049057,3.999999999999986,33.4,3.299999999999997
14.42200000025332,0.0,0.0,0.0,0.0,0.0,0.0,0.1533699549858854,-8.429999999999993,-32.4,-20.549999999999983,0.0,0.0,0.0,0.0,0.0,0.0,0.1027908751049057,3.999999999999986,33.2,3.200000000000003
14.437000000849366,0.0,0.0,0.0,0.0,0.0,0.0,0.1533699549858854,-8.329999999999984,-32.1,-20.549999999999983,0.0,0.0,0.0,0.0,0.0,0.0,0.1028213931486991,3.999999999999986,33.0,3.200000000000003
14.453000001609324,0.0,0.0,0.0,0.0,0.0,0.0,0.1533699549858854,-8.22999999999999,-31.9,-20.649999999999977,0.0,0.0,0.0,0.0,0.0,0.0,0.1028213931486991,3.899999999999977,32.7,3.200000000000003
14.46900000050664,0.0,0.0,0.0,0.0,0.0,0.0,0.1534920271610589,-8.129999999999995,-31.6,-20.649999999999977,0.0,0.0,0.0,0.0,0.0,0.0,0.1028213931486991,3.899999999999977,32.5,3.200000000000003
14.484000001102686,0.0,0.0,0.0,0.0,0.0,0.0,0.1535072861829556,-8.129999999999995,-31.4,-20.649999999999977,0.0,0.0,0.0,0.0,0.0,0.0,0.1028671702143892,3.799999999999983,32.2,3.200000000000003
14.5,0.0,0.0,0.0,0.0,0.0,0.0,0.1536446173800259,-8.029999999999987,-31.200000000000003,-20.749999999999982,0.0,0.0,0.0,0.0,0.0,0.0,0.1028671702143892,3.799999999999983,32.0,3.1000000000000014
14.51600000075996,0.0,0.0,0.0,0.0,0.0,0.0,0.1536446173800259,-7.929999999999993,-30.9,-20.749999999999982,0.0,0.0,0.0,0.0,0.0,0.0,0.1028824292362859,3.799999999999983,31.700000000000003,3.1000000000000014
14.54700000025332,0.0,0.0,0.0,0.0,0.0,0.0,0.1536751354238193,-7.829999999999984,-30.700000000000003,-20.84999999999998,0.0,0.0,0.0,0.0,0.0,0.0,0.1028824292362859,3.6999999999999886,31.5,3.1000000000000014
14.562000000849366,0.0,0.0,0.0,0.0,0.0,0.0,0.1537361715114061,-7.72999999999999,-30.4,-20.84999999999998,0.0,0.0,0.0,0.0,0.0,0.0,0.1028671702143892,3.6999999999999886,31.200000000000003,3.1000000000000014
14.578000001609324,0.0,0.0,0.0,0.0,0.0,0.0,0.1537361715114061,-7.6299999999999955,-30.200000000000003,-20.94999999999997,0.0,0.0,0.0,0.0,0.0,0.0,0.1000442511635004,3.6999999999999886,31.0,3.1000000000000014
14.59400000050664,0.0,0.0,0.0,0.0,0.0,0.0,0.1537361715114061,-7.6299999999999955,-30.0,-20.94999999999997,0.0,0.0,0.0,0.0,0.0,0.0,0.1000442511635004,3.59999999999998,30.700000000000003,3.1000000000000014
14.609000001102686,0.0,0.0,0.0,0.0,0.0,0.0,0.1537361715114061,-7.529999999999987,-29.700000000000003,-20.94999999999997,0.0,0.0,0.0,0.0,0.0,0.0,0.0975417715724422,3.59999999999998,30.5,3.0
14.625,0.0,0.0,0.0,0.0,0.0,0.0,0.1518593118181124,-7.429999999999993,-29.5,-21.049999999999983,0.0,0.0,0.0,0.0,0.0,0.0,0.0975417715724422,3.59999999999998,30.200000000000003,3.0
14.64100000075996,0.0,0.0,0.0,0.0,0.0,0.0,0.1481055924315251,-7.329999999999984,-29.200000000000003,-21.049999999999983,0.0,0.0,0.0,0.0,0.0,0.0,0.0975417715724422,3.499999999999986,30.0,3.0
14.656000001356006,0.0,0.0,0.0,0.0,0.0,0.0,0.1481055924315251,-7.22999999999999,-29.0,-21.149999999999977,0.0,0.0,0.0,0.0,0.0,0.0,0.0975417715724422,3.499999999999986,29.700000000000003,3.0
14.67200000025332,0.0,0.0,0.0,0.0,0.0,0.0,0.1481055924315251,-7.22999999999999,-28.700000000000003,-21.149999999999977,0.0,0.0,0.0,0.0,0.0,0.0,0.1028061341268024,3.499999999999986,29.5,3.0
14.687000000849366,0.0,0.0,0.0,0.0,0.0,0.0,0.1537819485770962,-7.129999999999996,-28.5,-21.149999999999977,0.0,0.0,0.0,0.0,0.0,0.0,0.1029587243457694,3.3999999999999773,29.200000000000003,3.0
14.703000001609324,0.0,0.0,0.0,0.0,0.0,0.0,0.1538124666208896,-7.029999999999987,-28.200000000000003,-21.249999999999982,0.0,0.0,0.0,0.0,0.0,0.0,0.1029587243457694,3.3999999999999773,29.0,2.8999999999999986
14.734000001102686,0.0,0.0,0.0,0.0,0.0,0.0,0.1538277256427863,-7.029999999999987,-28.0,-21.249999999999982,0.0,0.0,0.0,0.0,0.0,0.0,0.1029587243457694,3.3999999999999773,28.700000000000003,2.8999999999999986
14.75,0.0,0.0,0.0,0.0,0.0,0.0,0.1538277256427863,-6.929999999999993,-27.700000000000003,-21.249999999999982,0.0,0.0,0.0,0.0,0.0,0.0,0.1029892423895628,3.299999999999983,28.5,2.8999999999999986
14.76600000075996,0.0,0.0,0.0,0.0,0.0,0.0,0.1539040207522697,-6.829999999999984,-27.5,-21.34999999999998,0.0,0.0,0.0,0.0,0.0,0.0,0.1029587243457694,3.299999999999983,28.200000000000003,2.8999999999999986
14.781000001356006,0.0,0.0,0.0,0.0,0.0,0.0,0.1539040207522697,-6.72999999999999,-27.3,-21.34999999999998,0.0,0.0,0.0,0.0,0.0,0.0,0.1029587243457694,3.299999999999983,28.0,2.8999999999999986
14.79700000025332,0.0,0.0,0.0,0.0,0.0,0.0,0.1539040207522697,-6.629999999999996,-27.0,-21.34999999999998,0.0,0.0,0.0,0.0,0.0,0.0,0.1029434653238727,3.1999999999999886,27.700000000000003,2.8999999999999986
14.812000000849366,0.0,0.0,0.0,0.0,0.0,0.0,0.1539040207522697,-6.629999999999996,-26.8,-21.44999999999997,0.0,0.0,0.0,0.0,0.0,0.0,0.1028519111924925,3.1999999999999886,27.5,2.8999999999999986
14.828000001609324,0.0,0.0,0.0,0.0,0.0,0.0,0.1539192797741664,-6.529999999999987,-26.5,-21.44999999999997,0.0,0.0,0.0,0.0,0.0,0.0,0.1028519111924925,3.1999999999999886,27.200000000000003,2.799999999999997
14.84400000050664,0.0,0.0,0.0,0.0,0.0,0.0,0.1539650568398565,-6.429999999999993,-26.3,-21.549999999999983,0.0,0.0,0.0,0.0,0.0,0.0,0.1028519111924925,3.09999999999998,26.9,2.799999999999997
14.859000001102686,0.0,0.0,0.0,0.0,0.0,0.0,0.1539650568398565,-6.329999999999984,-26.0,-21.549999999999983,0.0,0.0,0.0,0.0,0.0,0.0,0.1028519111924925,3.09999999999998,26.700000000000003,2.799999999999997
14.875,0.0,0.0,0.0,0.0,0.0,0.0,0.1539650568398565,-6.329999999999984,-25.8,-21.549999999999983,0.0,0.0,0.0,0.0,0.0,0.0,0.1028519111924925,3.09999999999998,26.4,2.799999999999997
14.89100000075996,0.0,0.0,0.0,0.0,0.0,0.0,0.1539650568398565,-6.22999999999999,-25.5,-21.549999999999983,0.0,0.0,0.0,0.0,0.0,0.0,0.1028519111924925,2.999999999999986,26.200000000000003,2.799999999999997
14.906000001356006,0.0,0.0,0.0,0.0,0.0,0.0,0.1540108339055466,-6.129999999999996,-25.3,-21.649999999999977,0.0,0.0,0.0,0.0,0.0,0.0,0.1028671702143892,2.999999999999986,26.0,2.799999999999997
14.92200000025332,0.0,0.0,0.0,0.0,0.0,0.0,0.1540260929274433,-6.129999999999996,-25.0,-21.649999999999977,0.0,0.0,0.0,0.0,0.0,0.0,0.1028671702143892,2.999999999999986,25.700000000000003,2.799999999999997
14.953000001609324,0.0,0.0,0.0,0.0,0.0,0.0,0.1540566109712367,-6.029999999999987,-24.8,-21.649999999999977,0.0,0.0,0.0,0.0,0.0,0.0,0.1028366521705958,2.999999999999986,25.4,2.700000000000003
14.96900000050664,0.0,0.0,0.0,0.0,0.0,0.0,0.1540718699931334,-5.929999999999993,-24.5,-21.749999999999982,0.0,0.0,0.0,0.0,0.0,0.0,0.1028366521705958,2.8999999999999773,25.200000000000003,2.700000000000003
14.984000001102686,0.0,0.0,0.0,0.0,0.0,0.0,0.1540718699931334,-5.829999999999984,-24.3,-21.749999999999982,0.0,0.0,0.0,0.0,0.0,0.0,0.1028366521705958,2.8999999999999773,24.9,2.700000000000003
15.0,0.0,0.0,0.0,0.0,0.0,0.0,0.1540718699931334,-5.829999999999984,-24.1,-21.749999999999982,0.0,0.0,0.0,0.0,0.0,0.0,0.1028366521705958,2.8999999999999773,24.700000000000003,2.700000000000003
15.01600000075996,0.0,0.0,0.0,0.0,0.0,0.0,0.1540718699931334,-5.72999999999999,-23.8,-21.749999999999982,0.0,0.0,0.0,0.0,0.0,0.0,0.1028366521705958,2.799999999999983,24.4,2.700000000000003
15.031000001356006,0.0,0.0,0.0,0.0,0.0,0.0,0.1541023880369268,-5.629999999999996,-23.6,-21.84999999999998,0.0,0.0,0.0,0.0,0.0,0.0,0.1028366521705958,2.799999999999983,24.200000000000003,2.700000000000003
15.04700000025332,0.0,0.0,0.0,0.0,0.0,0.0,0.1541329060807202,-5.629999999999996,-23.3,-21.84999999999998,0.0,0.0,0.0,0.0,0.0,0.0,0.1028519111924925,2.799999999999983,23.9,2.700000000000003
15.078000001609324,0.0,0.0,0.0,0.0,0.0,0.0,0.154193942168307,-5.529999999999987,-23.1,-21.84999999999998,0.0,0.0,0.0,0.0,0.0,0.0,0.1028824292362859,2.6999999999999886,23.700000000000003,2.700000000000003
15.078000001609324,0.0,0.0,0.0,0.0,0.0,0.0,0.1542702372777905,-5.429999999999993,-22.8,-21.94999999999997,0.0,0.0,0.0,0.0,0.0,0.0,0.1028824292362859,2.6999999999999886,23.4,2.700000000000003
15.09400000050664,0.0,0.0,0.0,0.0,0.0,0.0,0.1542854962996871,-5.329999999999984,-22.6,-21.94999999999997,0.0,0.0,0.0,0.0,0.0,0.0,0.1028824292362859,2.6999999999999886,23.200000000000003,2.6000000000000014
15.109000001102686,0.0,0.0,0.0,0.0,0.0,0.0,0.1543312733653772,-5.329999999999984,-22.4,-21.94999999999997,0.0,0.0,0.0,0.0,0.0,0.0,0.1028976882581826,2.59999999999998,22.9,2.6000000000000014
15.14100000075996,0.0,0.0,0.0,0.0,0.0,0.0,0.1543312733653772,-5.22999999999999,-22.1,-22.049999999999983,0.0,0.0,0.0,0.0,0.0,0.0,0.1028976882581826,2.59999999999998,22.700000000000003,2.6000000000000014
15.156000001356006,0.0,0.0,0.0,0.0,0.0,0.0,0.1543465323872739,-5.129999999999996,-21.9,-22.049999999999983,0.0,0.0,0.0,0.0,0.0,0.0,0.1028824292362859,2.59999999999998,22.4,2.6000000000000014
15.17200000025332,0.0,0.0,0.0,0.0,0.0,0.0,0.1543617914091706,-5.129999999999996,-21.6,-22.049999999999983,0.0,0.0,0.0,0.0,0.0,0.0,0.1028519111924925,2.59999999999998,22.200000000000003,2.6000000000000014
15.187000000849366,0.0,0.0,0.0,0.0,0.0,0.0,0.154392309452964,-5.029999999999987,-21.4,-22.049999999999983,0.0,0.0,0.0,0.0,0.0,0.0,0.1028366521705958,2.499999999999986,22.0,2.6000000000000014
15.203000001609324,0.0,0.0,0.0,0.0,0.0,0.0,0.1544380865186541,-4.929999999999993,-21.200000000000003,-22.049999999999983,0.0,0.0,0.0,0.0,0.0,0.0,0.1028213931486991,2.499999999999986,21.700000000000003,2.6000000000000014
15.21900000050664,0.0,0.0,0.0,0.0,0.0,0.0,0.1544838635843442,-4.929999999999993,-20.9,-22.149999999999977,0.0,0.0,0.0,0.0,0.0,0.0,0.102775616083009,2.499999999999986,21.5,2.6000000000000014
15.234000001102686,0.0,0.0,0.0,0.0,0.0,0.0,0.154544899671931,-4.829999999999984,-20.700000000000003,-22.149999999999977,0.0,0.0,0.0,0.0,0.0,0.0,0.102775616083009,2.3999999999999773,21.200000000000003,2.6000000000000014
15.25,0.0,0.0,0.0,0.0,0.0,0.0,0.1545906767376211,-4.72999999999999,-20.4,-22.149999999999977,0.0,0.0,0.0,0.0,0.0,0.0,0.1027450980392156,2.3999999999999773,21.0,2.6000000000000014
15.26600000075996,0.0,0.0,0.0,0.0,0.0,0.0,0.1545906767376211,-4.72999999999999,-20.200000000000003,-22.149999999999977,0.0,0.0,0.0,0.0,0.0,0.0,0.1026993209735255,2.3999999999999773,20.700000000000003,2.5
15.281000001356006,0.0,0.0,0.0,0.0,0.0,0.0,0.1545906767376211,-4.629999999999996,-20.0,-22.249999999999982,0.0,0.0,0.0,0.0,0.0,0.0,0.1027450980392156,2.299999999999983,20.5,2.5
15.29700000025332,0.0,0.0,0.0,0.0,0.0,0.0,0.1545906767376211,-4.529999999999987,-19.700000000000003,-22.249999999999982,0.0,0.0,0.0,0.0,0.0,0.0,0.1027450980392156,2.299999999999983,20.200000000000003,2.5
15.328000001609324,0.0,0.0,0.0,0.0,0.0,0.0,0.1545906767376211,-4.529999999999987,-19.5,-22.249999999999982,0.0,0.0,0.0,0.0,0.0,0.0,0.1027298390173189,2.299999999999983,19.9,2.5
15.34400000050664,0.0,0.0,0.0,0.0,0.0,0.0,0.1545754177157244,-4.429999999999993,-19.200000000000003,-22.249999999999982,0.0,0.0,0.0,0.0,0.0,0.0,0.1027298390173189,2.299999999999983,19.700000000000003,2.5
15.359000001102686,0.0,0.0,0.0,0.0,0.0,0.0,0.1545754177157244,-4.329999999999984,-19.0,-22.34999999999998,0.0,0.0,0.0,0.0,0.0,0.0,0.1027298390173189,2.1999999999999886,19.4,2.5
15.375,0.0,0.0,0.0,0.0,0.0,0.0,0.1545754177157244,-4.329999999999984,-18.8,-22.34999999999998,0.0,0.0,0.0,0.0,0.0,0.0,0.1027603570611123,2.1999999999999886,19.200000000000003,2.5
15.39100000075996,0.0,0.0,0.0,0.0,0.0,0.0,0.1545601586938277,-4.22999999999999,-18.5,-22.34999999999998,0.0,0.0,0.0,0.0,0.0,0.0,0.1027298390173189,2.1999999999999886,19.0,2.5
15.406000001356006,0.0,0.0,0.0,0.0,0.0,0.0,0.154544899671931,-4.129999999999996,-18.3,-22.34999999999998,0.0,0.0,0.0,0.0,0.0,0.0,0.1027603570611123,2.09999999999998,18.700000000000003,2.5
15.42200000025332,0.0,0.0,0.0,0.0,0.0,0.0,0.154544899671931,-4.129999999999996,-18.0,-22.34999999999998,0.0,0.0,0.0,0.0,0.0,0.0,0.105842679484245,2.09999999999998,18.5,2.5
15.437000000849366,0.0,0.0,0.0,0.0,0.0,0.0,0.154544899671931,-4.029999999999987,-17.8,-22.44999999999997,0.0,0.0,0.0,0.0,0.0,0.0,0.1027603570611123,2.09999999999998,18.200000000000003,2.5
15.46900000050664,0.0,0.0,0.0,0.0,0.0,0.0,0.154544899671931,-4.029999999999987,-17.5,-22.44999999999997,0.0,0.0,0.0,0.0,0.0,0.0,0.1049576562142366,1.9999999999999856,18.0,2.3999999999999986
15.484000001102686,0.0,0.0,0.0,0.0,0.0,0.0,0.154544899671931,-3.9299999999999926,-17.3,-22.44999999999997,0.0,0.0,0.0,0.0,0.0,0.0,0.102775616083009,1.9999999999999856,17.700000000000003,2.3999999999999986
15.5,0.0,0.0,0.0,0.0,0.0,0.0,0.1545143816281376,-3.829999999999984,-17.1,-22.44999999999997,0.0,0.0,0.0,0.0,0.0,0.0,0.1029129472800793,1.9999999999999856,17.5,2.3999999999999986
15.51600000075996,0.0,0.0,0.0,0.0,0.0,0.0,0.1545143816281376,-3.829999999999984,-16.8,-22.44999999999997,0.0,0.0,0.0,0.0,0.0,0.0,0.1029129472800793,1.9999999999999856,17.200000000000003,2.3999999999999986
15.531000001356006,0.0,0.0,0.0,0.0,0.0,0.0,0.1545143816281376,-3.7299999999999898,-16.6,-22.549999999999983,0.0,0.0,0.0,0.0,0.0,0.0,0.1029129472800793,1.8999999999999773,17.0,2.3999999999999986
15.54700000025332,0.0,0.0,0.0,0.0,0.0,0.0,0.1545143816281376,-3.629999999999996,-16.3,-22.549999999999983,0.0,0.0,0.0,0.0,0.0,0.0,0.1029129472800793,1.8999999999999773,16.700000000000003,2.3999999999999986
15.562000000849366,0.0,0.0,0.0,0.0,0.0,0.0,0.1545143816281376,-3.629999999999996,-16.1,-22.549999999999983,0.0,0.0,0.0,0.0,0.0,0.0,0.1028213931486991,1.8999999999999773,16.5,2.3999999999999986
15.578000001609324,0.0,0.0,0.0,0.0,0.0,0.0,0.1545143816281376,-3.529999999999987,-15.9,-22.549999999999983,0.0,0.0,0.0,0.0,0.0,0.0,0.1027603570611123,1.799999999999983,16.200000000000003,2.3999999999999986
15.59400000050664,0.0,0.0,0.0,0.0,0.0,0.0,0.1544838635843442,-3.529999999999987,-15.6,-22.549999999999983,0.0,0.0,0.0,0.0,0.0,0.0,0.1027603570611123,1.799999999999983,15.999999999999998,2.3999999999999986
15.609000001102686,0.0,0.0,0.0,0.0,0.0,0.0,0.1544838635843442,-3.4299999999999926,-15.4,-22.649999999999977,0.0,0.0,0.0,0.0,0.0,0.0,0.1027298390173189,1.799999999999983,15.7,2.3999999999999986
15.625,0.0,0.0,0.0,0.0,0.0,0.0,0.1544838635843442,-3.329999999999984,-15.2,-22.649999999999977,0.0,0.0,0.0,0.0,0.0,0.0,0.1027298390173189,1.799999999999983,15.5,2.3999999999999986
15.64100000075996,0.0,0.0,0.0,0.0,0.0,0.0,0.1544838635843442,-3.329999999999984,-14.9,-22.649999999999977,0.0,0.0,0.0,0.0,0.0,0.0,0.1026688029297322,1.6999999999999886,15.3,2.3999999999999986
15.656000001356006,0.0,0.0,0.0,0.0,0.0,0.0,0.1544838635843442,-3.2299999999999898,-14.7,-22.649999999999977,0.0,0.0,0.0,0.0,0.0,0.0,0.1026688029297322,1.6999999999999886,15.0,2.3999999999999986
15.687000000849366,0.0,0.0,0.0,0.0,0.0,0.0,0.1544838635843442,-3.1299999999999955,-14.4,-22.649999999999977,0.0,0.0,0.0,0.0,0.0,0.0,0.1026688029297322,1.6999999999999886,14.7,2.3999999999999986
15.703000001609324,0.0,0.0,0.0,0.0,0.0,0.0,0.1545601586938277,-3.1299999999999955,-14.2,-22.649999999999977,0.0,0.0,0.0,0.0,0.0,0.0,0.1026688029297322,1.59999999999998,14.5,2.3999999999999986
15.71900000050664,0.0,0.0,0.0,0.0,0.0,0.0,0.1545906767376211,-3.029999999999987,-13.9,-22.649999999999977,0.0,0.0,0.0,0.0,0.0,0.0,0.1026688029297322,1.59999999999998,14.3,2.299999999999997
15.734000001102686,0.0,0.0,0.0,0.0,0.0,0.0,0.1546059357595178,-3.029999999999987,-13.7,-22.749999999999982,0.0,0.0,0.0,0.0,0.0,0.0,0.1026688029297322,1.59999999999998,14.0,2.299999999999997
15.75,0.0,0.0,0.0,0.0,0.0,0.0,0.1545906767376211,-2.9299999999999926,-13.4,-22.749999999999982,0.0,0.0,0.0,0.0,0.0,0.0,0.1026688029297322,1.59999999999998,13.8,2.299999999999997
15.76600000075996,0.0,0.0,0.0,0.0,0.0,0.0,0.1546059357595178,-2.829999999999984,-13.2,-22.749999999999982,0.0,0.0,0.0,0.0,0.0,0.0,0.1026840619516289,1.4999999999999858,13.5,2.299999999999997
15.781000001356006,0.0,0.0,0.0,0.0,0.0,0.0,0.1546059357595178,-2.829999999999984,-13.0,-22.749999999999982,0.0,0.0,0.0,0.0,0.0,0.0,0.1027298390173189,1.4999999999999858,13.3,2.299999999999997
15.812000000849366,0.0,0.0,0.0,0.0,0.0,0.0,0.1546364538033112,-2.7299999999999898,-12.7,-22.749999999999982,0.0,0.0,0.0,0.0,0.0,0.0,0.1027298390173189,1.4999999999999858,13.0,2.299999999999997
15.812000000849366,0.0,0.0,0.0,0.0,0.0,0.0,0.1546364538033112,-2.6299999999999955,-12.5,-22.749999999999982,0.0,0.0,0.0,0.0,0.0,0.0,0.102775616083009,1.3999999999999773,12.8,2.299999999999997
15.828000001609324,0.0,0.0,0.0,0.0,0.0,0.0,0.1546364538033112,-2.6299999999999955,-12.3,-22.84999999999998,0.0,0.0,0.0,0.0,0.0,0.0,0.102775616083009,1.3999999999999773,12.5,2.299999999999997
15.84400000050664,0.0,0.0,0.0,0.0,0.0,0.0,0.1546364538033112,-2.529999999999987,-12.0,-22.84999999999998,0.0,0.0,0.0,0.0,0.0,0.0,0.102775616083009,1.3999999999999773,12.3,2.299999999999997
15.859000001102686,0.0,0.0,0.0,0.0,0.0,0.0,0.1547280079346913,-2.529999999999987,-11.8,-22.84999999999998,0.0,0.0,0.0,0.0,0.0,0.0,0.1028061341268024,1.3999999999999773,12.1,2.299999999999997
15.89100000075996,0.0,0.0,0.0,0.0,0.0,0.0,0.1548043030441748,-2.4299999999999926,-11.5,-22.84999999999998,0.0,0.0,0.0,0.0,0.0,0.0,0.1028366521705958,1.299999999999983,11.8,2.299999999999997
15.906000001356006,0.0,0.0,0.0,0.0,0.0,0.0,0.1547737850003814,-2.329999999999984,-11.3,-22.84999999999998,0.0,0.0,0.0,0.0,0.0,0.0,0.1028366521705958,1.299999999999983,11.6,2.299999999999997
15.92200000025332,0.0,0.0,0.0,0.0,0.0,0.0,0.1548043030441748,-2.329999999999984,-11.0,-22.84999999999998,0.0,0.0,0.0,0.0,0.0,0.0,0.1028366521705958,1.299999999999983,11.3,2.299999999999997
15.937000000849366,0.0,0.0,0.0,0.0,0.0,0.0,0.1548043030441748,-2.2299999999999898,-10.8,-22.84999999999998,0.0,0.0,0.0,0.0,0.0,0.0,0.1028366521705958,1.1999999999999886,11.1,2.299999999999997
15.953000001609324,0.0,0.0,0.0,0.0,0.0,0.0,0.1548043030441748,-2.2299999999999898,-10.6,-22.84999999999998,0.0,0.0,0.0,0.0,0.0,0.0,0.1028366521705958,1.1999999999999886,10.8,2.299999999999997
15.96900000050664,0.0,0.0,0.0,0.0,0.0,0.0,0.1548043030441748,-2.1299999999999955,-10.3,-22.94999999999997,0.0,0.0,0.0,0.0,0.0,0.0,0.1028366521705958,1.1999999999999886,10.6,2.299999999999997
15.984000001102686,0.0,0.0,0.0,0.0,0.0,0.0,0.1548043030441748,-2.029999999999987,-10.1,-22.94999999999997,0.0,0.0,0.0,0.0,0.0,0.0,0.1028366521705958,1.1999999999999886,10.3,2.299999999999997
16.0,0.0,0.0,0.0,0.0,0.0,0.0,0.1548348210879682,-2.029999999999987,-9.8,-22.94999999999997,0.0,0.0,0.0,0.0,0.0,0.0,0.1028671702143892,1.09999999999998,10.1,2.299999999999997
16.031000001356006,0.0,0.0,0.0,0.0,0.0,0.0,0.1548348210879682,-1.9299999999999928,-9.6,-22.94999999999997,0.0,0.0,0.0,0.0,0.0,0.0,0.1030045014114595,1.09999999999998,9.8,2.299999999999997
16.04700000025332,0.0,0.0,0.0,0.0,0.0,0.0,0.1548348210879682,-1.9299999999999928,-9.4,-22.94999999999997,0.0,0.0,0.0,0.0,0.0,0.0,0.1030045014114595,1.09999999999998,9.6,2.299999999999997
16.062000000849366,0.0,0.0,0.0,0.0,0.0,0.0,0.1548348210879682,-1.829999999999984,-9.1,-22.94999999999997,0.0,0.0,0.0,0.0,0.0,0.0,0.1030045014114595,0.9999999999999858,9.4,2.299999999999997
16.062000000849366,0.0,0.0,0.0,0.0,0.0,0.0,0.1548348210879682,-1.7299999999999898,-8.9,-22.94999999999997,0.0,0.0,0.0,0.0,0.0,0.0,0.1030045014114595,0.9999999999999858,9.1,2.299999999999997
16.09400000050664,0.0,0.0,0.0,0.0,0.0,0.0,0.1548348210879682,-1.7299999999999898,-8.6,-22.94999999999997,0.0,0.0,0.0,0.0,0.0,0.0,0.1030350194552529,0.9999999999999858,8.9,2.299999999999997
16.109000001102686,0.0,0.0,0.0,0.0,0.0,0.0,0.1549721522850385,-1.6299999999999957,-8.4,-22.94999999999997,0.0,0.0,0.0,0.0,0.0,0.0,0.1030960555428397,0.9999999999999858,8.6,2.299999999999997
16.125,0.0,0.0,0.0,0.0,0.0,0.0,0.1549874113069352,-1.6299999999999957,-8.2,-23.049999999999983,0.0,0.0,0.0,0.0,0.0,0.0,0.103126573586633,0.8999999999999773,8.4,2.299999999999997
16.14100000075996,0.0,0.0,0.0,0.0,0.0,0.0,0.1550026703288319,-1.529999999999987,-7.899999999999999,-23.049999999999983,0.0,0.0,0.0,0.0,0.0,0.0,0.1032181277180132,0.8999999999999773,8.2,2.299999999999997
16.156000001356006,0.0,0.0,0.0,0.0,0.0,0.0,0.1550026703288319,-1.4299999999999926,-7.699999999999999,-23.049999999999983,0.0,0.0,0.0,0.0,0.0,0.0,0.1032486457618066,0.8999999999999773,7.9,2.200000000000003
16.17200000025332,0.0,0.0,0.0,0.0,0.0,0.0,0.1550026703288319,-1.4299999999999926,-7.5,-23.049999999999983,0.0,0.0,0.0,0.0,0.0,0.0,0.1032486457618066,0.8999999999999773,7.699999999999999,2.200000000000003
16.187000000849366,0.0,0.0,0.0,0.0,0.0,0.0,0.155048447394522,-1.329999999999984,-7.199999999999999,-23.049999999999983,0.0,0.0,0.0,0.0,0.0,0.0,0.1032944228274967,0.799999999999983,7.399999999999999,2.200000000000003
16.203000001609325,0.0,0.0,0.0,0.0,0.0,0.0,0.155048447394522,-1.329999999999984,-7.0,-23.049999999999983,0.0,0.0,0.0,0.0,0.0,0.0,0.1032944228274967,0.799999999999983,7.199999999999999,2.200000000000003
16.234000001102686,0.0,0.0,0.0,0.0,0.0,0.0,0.155048447394522,-1.2299999999999898,-6.699999999999999,-23.049999999999983,0.0,0.0,0.0,0.0,0.0,0.0,0.1032944228274967,0.799999999999983,6.9,2.200000000000003
16.234000001102686,0.0,0.0,0.0,0.0,0.0,0.0,0.155048447394522,-1.2299999999999898,-6.5,-23.049999999999983,0.0,0.0,0.0,0.0,0.0,0.0,0.1032944228274967,0.799999999999983,6.699999999999999,2.200000000000003
16.26600000075996,0.0,0.0,0.0,0.0,0.0,0.0,0.155048447394522,-1.1299999999999957,-6.3,-23.049999999999983,0.0,0.0,0.0,0.0,0.0,0.0,0.1032944228274967,0.6999999999999886,6.5,2.200000000000003
16.281000001356006,0.0,0.0,0.0,0.0,0.0,0.0,0.155048447394522,-1.1299999999999957,-6.1,-23.049999999999983,0.0,0.0,0.0,0.0,0.0,0.0,0.1033249408712901,0.6999999999999886,6.199999999999999,2.200000000000003
16.29700000025332,0.0,0.0,0.0,0.0,0.0,0.0,0.1550637064164187,-1.029999999999987,-5.9,-23.049999999999983,0.0,0.0,0.0,0.0,0.0,0.0,0.1033554589150835,0.6999999999999886,6.0,2.200000000000003
16.312000000849366,0.0,0.0,0.0,0.0,0.0,0.0,0.1550637064164187,-0.9299999999999926,-5.699999999999999,-23.049999999999983,0.0,0.0,0.0,0.0,0.0,0.0,0.1033554589150835,0.6999999999999886,5.8,2.200000000000003
16.328000001609325,0.0,0.0,0.0,0.0,0.0,0.0,0.1550637064164187,-0.9299999999999926,-5.4,-23.049999999999983,0.0,0.0,0.0,0.0,0.0,0.0,0.1033554589150835,0.5999999999999801,5.6,2.200000000000003
16.34400000050664,0.0,0.0,0.0,0.0,0.0,0.0,0.155048447394522,-0.8299999999999841,-5.199999999999999,-23.049999999999983,0.0,0.0,0.0,0.0,0.0,0.0,0.1034012359807736,0.5999999999999801,5.4,2.200000000000003
16.359000001102686,0.0,0.0,0.0,0.0,0.0,0.0,0.155048447394522,-0.8299999999999841,-5.0,-23.149999999999977,0.0,0.0,0.0,0.0,0.0,0.0,0.1034164950026703,0.5999999999999801,5.199999999999999,2.200000000000003
16.375,0.0,0.0,0.0,0.0,0.0,0.0,0.1550789654383154,-0.7299999999999898,-4.8,-23.149999999999977,0.0,0.0,0.0,0.0,0.0,0.0,0.1033554589150835,0.5999999999999801,5.0,2.200000000000003
16.39100000075996,0.0,0.0,0.0,0.0,0.0,0.0,0.155048447394522,-0.7299999999999898,-4.6,-23.149999999999977,0.0,0.0,0.0,0.0,0.0,0.0,0.1034012359807736,0.4999999999999858,4.8,2.200000000000003
16.42200000025332,0.0,0.0,0.0,0.0,0.0,0.0,0.155048447394522,-0.6299999999999955,-4.4,-23.149999999999977,0.0,0.0,0.0,0.0,0.0,0.0,0.1034012359807736,0.4999999999999858,4.6,2.200000000000003
16.437000000849366,0.0,0.0,0.0,0.0,0.0,0.0,0.155048447394522,-0.6299999999999955,-4.3,-23.149999999999977,0.0,0.0,0.0,0.0,0.0,0.0,0.1034012359807736,0.4999999999999858,4.4,2.200000000000003
16.453000001609325,0.0,0.0,0.0,0.0,0.0,0.0,0.1550789654383154,-0.6299999999999955,-4.1,-23.149999999999977,0.0,0.0,0.0,0.0,0.0,0.0,0.1034012359807736,0.4999999999999858,4.199999999999999,2.200000000000003
16.453000001609325,0.0,0.0,0.0,0.0,0.0,0.0,0.1551094834821088,-0.5299999999999869,-3.9,-23.149999999999977,0.0,0.0,0.0,0.0,0.0,0.0,0.1034012359807736,0.3999999999999772,4.0,2.200000000000003
16.46900000050664,0.0,0.0,0.0,0.0,0.0,0.0,0.1551094834821088,-0.5299999999999869,-3.7,-23.149999999999977,0.0,0.0,0.0,0.0,0.0,0.0,0.1034012359807736,0.3999999999999772,3.8,2.200000000000003
16.5,0.0,0.0,0.0,0.0,0.0,0.0,0.1551552605477988,-0.4299999999999926,-3.6,-23.149999999999977,0.0,0.0,0.0,0.0,0.0,0.0,0.1034012359807736,0.3999999999999772,3.6,2.200000000000003
16.51600000075996,0.0,0.0,0.0,0.0,0.0,0.0,0.1551705195696955,-0.4299999999999926,-3.3999999999999995,-23.149999999999977,0.0,0.0,0.0,0.0,0.0,0.0,0.103431754024567,0.3999999999999772,3.5,2.200000000000003
16.531000001356006,0.0,0.0,0.0,0.0,0.0,0.0,0.1551552605477988,-0.4299999999999926,-3.2,-23.149999999999977,0.0,0.0,0.0,0.0,0.0,0.0,0.1034622720683604,0.3999999999999772,3.3000000000000003,2.200000000000003
16.54700000025332,0.0,0.0,0.0,0.0,0.0,0.0,0.1551552605477988,-0.3299999999999841,-3.1,-23.149999999999977,0.0,0.0,0.0,0.0,0.0,0.0,0.1034622720683604,0.2999999999999829,3.1,2.200000000000003
16.562000000849366,0.0,0.0,0.0,0.0,0.0,0.0,0.1551705195696955,-0.3299999999999841,-2.8999999999999995,-23.149999999999977,0.0,0.0,0.0,0.0,0.0,0.0,0.1034622720683604,0.2999999999999829,3.0,2.200000000000003
16.578000001609325,0.0,0.0,0.0,0.0,0.0,0.0,0.1551857785915922,-0.2299999999999897,-2.8,-23.149999999999977,0.0,0.0,0.0,0.0,0.0,0.0,0.1034622720683604,0.2999999999999829,2.8000000000000003,2.200000000000003
16.59400000050664,0.0,0.0,0.0,0.0,0.0,0.0,0.1551857785915922,-0.2299999999999897,-2.6,-23.149999999999977,0.0,0.0,0.0,0.0,0.0,0.0,0.1034622720683604,0.2999999999999829,2.7,2.200000000000003
16.625,0.0,0.0,0.0,0.0,0.0,0.0,0.1551857785915922,-0.2299999999999897,-2.5,-23.149999999999977,0.0,0.0,0.0,0.0,0.0,0.0,0.1034622720683604,0.2999999999999829,2.5,2.200000000000003
16.64100000075996,0.0,0.0,0.0,0.0,0.0,0.0,0.1551857785915922,-0.1299999999999954,-2.4,-23.149999999999977,0.0,0.0,0.0,0.0,0.0,0.0,0.1034622720683604,0.2999999999999829,2.4,2.200000000000003
16.656000001356006,0.0,0.0,0.0,0.0,0.0,0.0,0.1551857785915922,-0.1299999999999954,-2.2,-23.149999999999977,0.0,0.0,0.0,0.0,0.0,0.0,0.1034622720683604,0.1999999999999886,2.2,2.200000000000003
16.67200000025332,0.0,0.0,0.0,0.0,0.0,0.0,0.1551857785915922,-0.1299999999999954,-2.1,-23.149999999999977,0.0,0.0,0.0,0.0,0.0,0.0,0.1034622720683604,0.1999999999999886,2.1,2.200000000000003
16.687000000849366,0.0,0.0,0.0,0.0,0.0,0.0,0.1552162966353856,-0.0299999999999869,-2.0,-23.149999999999977,0.0,0.0,0.0,0.0,0.0,0.0,0.1034775310902571,0.1999999999999886,2.0,2.200000000000003
16.703000001609325,0.0,0.0,0.0,0.0,0.0,0.0,0.1552162966353856,-0.0299999999999869,-1.9,-23.149999999999977,0.0,0.0,0.0,0.0,0.0,0.0,0.1034927901121538,0.1999999999999886,1.9,2.200000000000003
16.71900000050664,0.0,0.0,0.0,0.0,0.0,0.0,0.1552162966353856,-0.0299999999999869,-1.7,-23.149999999999977,0.0,0.0,0.0,0.0,0.0,0.0,0.1034927901121538,0.1999999999999886,1.7000000000000002,2.200000000000003
16.734000001102686,0.0,0.0,0.0,0.0,0.0,0.0,0.1552162966353856,-0.0299999999999869,-1.6,-23.149999999999977,0.0,0.0,0.0,0.0,0.0,0.0,0.1034622720683604,0.1999999999999886,1.6,2.200000000000003
16.75,0.0,0.0,0.0,0.0,0.0,0.0,0.1552773327229724,0.0700000000000073,-1.5,-23.149999999999977,0.0,0.0,0.0,0.0,0.0,0.0,0.1034622720683604,0.0999999999999801,1.5,2.200000000000003
16.76600000075996,0.0,0.0,0.0,0.0,0.0,0.0,0.1553231097886625,0.0700000000000073,-1.4,-23.149999999999977,0.0,0.0,0.0,0.0,0.0,0.0,0.1034622720683604,0.0999999999999801,1.4,2.200000000000003
16.781000001356006,0.0,0.0,0.0,0.0,0.0,0.0,0.1553383688105592,0.0700000000000073,-1.2999999999999998,-23.149999999999977,0.0,0.0,0.0,0.0,0.0,0.0,0.1034622720683604,0.0999999999999801,1.3,2.200000000000003
16.79700000025332,0.0,0.0,0.0,0.0,0.0,0.0,0.155399404898146,0.0700000000000073,-1.1999999999999995,-23.149999999999977,0.0,0.0,0.0,0.0,0.0,0.0,0.1034622720683604,0.0999999999999801,1.2000000000000002,2.200000000000003
16.812000000849366,0.0,0.0,0.0,0.0,0.0,0.0,0.1553383688105592,0.1700000000000159,-1.1,-23.149999999999977,0.0,0.0,0.0,0.0,0.0,0.0,0.1034622720683604,0.0999999999999801,1.1,2.200000000000003
16.84400000050664,0.0,0.0,0.0,0.0,0.0,0.0,0.155399404898146,0.1700000000000159,-1.0,-23.149999999999977,0.0,0.0,0.0,0.0,0.0,0.0,0.1034622720683604,0.0999999999999801,1.0,2.200000000000003
16.859000001102686,0.0,0.0,0.0,0.0,0.0,0.0,0.155399404898146,0.1700000000000159,-1.0,-23.149999999999977,0.0,0.0,0.0,0.0,0.0,0.0,0.1034622720683604,0.0999999999999801,0.9000000000000001,2.200000000000003
16.875,0.0,0.0,0.0,0.0,0.0,0.0,0.1554299229419394,0.1700000000000159,-0.8999999999999999,-23.149999999999977,0.0,0.0,0.0,0.0,0.0,0.0,0.1034927901121538,0.0999999999999801,0.9000000000000001,2.200000000000003
16.89100000075996,0.0,0.0,0.0,0.0,0.0,0.0,0.1554451819638361,0.2700000000000102,-0.7999999999999998,-23.149999999999977,0.0,0.0,0.0,0.0,0.0,0.0,0.1034927901121538,0.0999999999999801,0.8,2.200000000000003
16.906000001356006,0.0,0.0,0.0,0.0,0.0,0.0,0.1554451819638361,0.2700000000000102,-0.7999999999999998,-23.149999999999977,0.0,0.0,0.0,0.0,0.0,0.0,0.1034927901121538,-1.4210854715202004e-14,0.7000000000000002,2.200000000000003
16.92200000025332,0.0,0.0,0.0,0.0,0.0,0.0,0.1554909590295262,0.2700000000000102,-0.6999999999999998,-23.149999999999977,0.0,0.0,0.0,0.0,0.0,0.0,0.1034927901121538,-1.4210854715202004e-14,0.6000000000000001,2.200000000000003
16.937000000849366,0.0,0.0,0.0,0.0,0.0,0.0,0.1555062180514229,0.2700000000000102,-0.5999999999999999,-23.149999999999977,0.0,0.0,0.0,0.0,0.0,0.0,0.1035233081559472,-1.4210854715202004e-14,0.6000000000000001,2.200000000000003
16.953000001609325,0.0,0.0,0.0,0.0,0.0,0.0,0.1555214770733196,0.2700000000000102,-0.5999999999999999,-23.149999999999977,0.0,0.0,0.0,0.0,0.0,0.0,0.1035538261997405,-1.4210854715202004e-14,0.5,2.200000000000003
16.96900000050664,0.0,0.0,0.0,0.0,0.0,0.0,0.1555367360952163,0.2700000000000102,-0.4999999999999999,-23.149999999999977,0.0,0.0,0.0,0.0,0.0,0.0,0.1035538261997405,-1.4210854715202004e-14,0.4000000000000001,2.200000000000003
16.984000001102686,0.0,0.0,0.0,0.0,0.0,0.0,0.155551995117113,0.2700000000000102,-0.4999999999999999,-23.149999999999977,0.0,0.0,0.0,0.0,0.0,0.0,0.1035538261997405,-1.4210854715202004e-14,0.4000000000000001,2.200000000000003
17.0,0.0,0.0,0.0,0.0,0.0,0.0,0.155551995117113,0.2700000000000102,-0.3999999999999998,-23.149999999999977,0.0,0.0,0.0,0.0,0.0,0.0,0.1035690852216372,-1.4210854715202004e-14,0.4000000000000001,2.200000000000003
17.01600000075996,0.0,0.0,0.0,0.0,0.0,0.0,0.1556130312046998,0.3700000000000045,-0.3999999999999998,-23.149999999999977,0.0,0.0,0.0,0.0,0.0,0.0,0.1035996032654306,-1.4210854715202004e-14,0.3,2.200000000000003
17.04700000025332,0.0,0.0,0.0,0.0,0.0,0.0,0.1556435492484932,0.3700000000000045,-0.3999999999999998,-23.149999999999977,0.0,0.0,0.0,0.0,0.0,0.0,0.1035538261997405,-1.4210854715202004e-14,0.3,2.200000000000003
17.062000000849366,0.0,0.0,0.0,0.0,0.0,0.0,0.1556588082703899,0.3700000000000045,-0.2999999999999999,-23.149999999999977,0.0,0.0,0.0,0.0,0.0,0.0,0.1035538261997405,-1.4210854715202004e-14,0.2,2.200000000000003
17.078000001609325,0.0,0.0,0.0,0.0,0.0,0.0,0.1557045853360799,0.3700000000000045,-0.2999999999999999,-23.149999999999977,0.0,0.0,0.0,0.0,0.0,0.0,0.1035538261997405,-1.4210854715202004e-14,0.2,2.200000000000003
17.09400000050664,0.0,0.0,0.0,0.0,0.0,0.0,0.1557198443579766,0.3700000000000045,-0.2999999999999999,-23.149999999999977,0.0,0.0,0.0,0.0,0.0,0.0,0.103630121309224,-1.4210854715202004e-14,0.2,2.200000000000003
17.109000001102686,0.0,0.0,0.0,0.0,0.0,0.0,0.1557198443579766,0.3700000000000045,-0.2999999999999999,-23.149999999999977,0.0,0.0,0.0,0.0,0.0,0.0,0.1035538261997405,-1.4210854715202004e-14,0.2,2.200000000000003
17.125,0.0,0.0,0.0,0.0,0.0,0.0,0.1557351033798733,0.3700000000000045,-0.2999999999999999,-23.149999999999977,0.0,0.0,0.0,0.0,0.0,0.0,0.1035385671778438,-1.4210854715202004e-14,0.2,2.200000000000003
17.14100000075996,0.0,0.0,0.0,0.0,0.0,0.0,0.15575036240177,0.3700000000000045,-0.1999999999999998,-23.149999999999977,0.0,0.0,0.0,0.0,0.0,0.0,0.1035385671778438,-1.4210854715202004e-14,0.2,2.200000000000003
17.17200000025332,0.0,0.0,0.0,0.0,0.0,0.0,0.1558571755550469,0.3700000000000045,-0.1999999999999998,-23.149999999999977,0.0,0.0,0.0,0.0,0.0,0.0,0.1035538261997405,-1.4210854715202004e-14,0.2,2.200000000000003
17.187000000849366,0.0,0.0,0.0,0.0,0.0,0.0,0.1558876935988403,0.3700000000000045,-0.1999999999999998,-23.149999999999977,0.0,0.0,0.0,0.0,0.0,0.0,0.1035843442435339,-1.4210854715202004e-14,0.1,2.200000000000003
17.187000000849366,0.0,0.0,0.0,0.0,0.0,0.0,0.155902952620737,0.3700000000000045,-0.1999999999999998,-23.149999999999977,0.0,0.0,0.0,0.0,0.0,0.0,0.1035385671778438,-1.4210854715202004e-14,0.2,2.200000000000003
17.203000001609325,0.0,0.0,0.0,0.0,0.0,0.0,0.1559487296864271,0.3700000000000045,-0.1999999999999998,-23.149999999999977,0.0,0.0,0.0,0.0,0.0,0.0,0.1035385671778438,-1.4210854715202004e-14,0.2,2.200000000000003
17.21900000050664,0.0,0.0,0.0,0.0,0.0,0.0,0.1559792477302205,0.3700000000000045,-0.1999999999999998,-23.149999999999977,0.0,0.0,0.0,0.0,0.0,0.0,0.1035385671778438,-1.4210854715202004e-14,0.2,2.200000000000003
17.25,0.0,0.0,0.0,0.0,0.0,0.0,0.1559792477302205,0.3700000000000045,-0.1999999999999998,-23.149999999999977,0.0,0.0,0.0,0.0,0.0,0.0,0.1035843442435339,-1.4210854715202004e-14,0.2,2.200000000000003
17.26600000075996,0.0,0.0,0.0,0.0,0.0,0.0,0.1560097657740139,0.3700000000000045,-0.1999999999999998,-23.149999999999977,0.0,0.0,0.0,0.0,0.0,0.0,0.1035690852216372,-1.4210854715202004e-14,0.2,2.200000000000003
17.281000001356006,0.0,0.0,0.0,0.0,0.0,0.0,0.1560097657740139,0.3700000000000045,-0.2999999999999999,-23.149999999999977,0.0,0.0,0.0,0.0,0.0,0.0,0.1035690852216372,-1.4210854715202004e-14,0.2,2.200000000000003
17.29700000025332,0.0,0.0,0.0,0.0,0.0,0.0,0.1560250247959106,0.3700000000000045,-0.2999999999999999,-23.149999999999977,0.0,0.0,0.0,0.0,0.0,0.0,0.1035690852216372,-1.4210854715202004e-14,0.2,2.200000000000003
17.312000000849366,0.0,0.0,0.0,0.0,0.0,0.0,0.156101319905394,0.3700000000000045,-0.2999999999999999,-23.149999999999977,0.0,0.0,0.0,0.0,0.0,0.0,0.1035690852216372,-0.1000000000000227,0.2,2.200000000000003
17.328000001609325,0.0,0.0,0.0,0.0,0.0,0.0,0.1561318379491874,0.3700000000000045,-0.2999999999999999,-23.149999999999977,0.0,0.0,0.0,0.0,0.0,0.0,0.1035233081559472,-0.1000000000000227,0.2,2.200000000000003
17.34400000050664,0.0,0.0,0.0,0.0,0.0,0.0,0.1561470969710841,0.3700000000000045,-0.2999999999999999,-23.149999999999977,0.0,0.0,0.0,0.0,0.0,0.0,0.1035233081559472,-0.1000000000000227,0.2,2.200000000000003
17.359000001102686,0.0,0.0,0.0,0.0,0.0,0.0,0.1561776150148775,0.3700000000000045,-0.2999999999999999,-23.149999999999977,0.0,0.0,0.0,0.0,0.0,0.0,0.1035080491340505,-0.1000000000000227,0.2,2.200000000000003
17.39100000075996,0.0,0.0,0.0,0.0,0.0,0.0,0.1562081330586709,0.3700000000000045,-0.2999999999999999,-23.149999999999977,0.0,0.0,0.0,0.0,0.0,0.0,0.1035080491340505,-0.1000000000000227,0.2,2.200000000000003
17.406000001356006,0.0,0.0,0.0,0.0,0.0,0.0,0.1562081330586709,0.3700000000000045,-0.2999999999999999,-23.149999999999977,0.0,0.0,0.0,0.0,0.0,0.0,0.1034775310902571,-0.1000000000000227,0.2,2.200000000000003
17.406000001356006,0.0,0.0,0.0,0.0,0.0,0.0,0.1562233920805676,0.3700000000000045,-0.2999999999999999,-23.149999999999977,0.0,0.0,0.0,0.0,0.0,0.0,0.1034622720683604,-0.1000000000000227,0.2,2.200000000000003
17.42200000025332,0.0,0.0,0.0,0.0,0.0,0.0,0.1562233920805676,0.3700000000000045,-0.2999999999999999,-23.149999999999977,0.0,0.0,0.0,0.0,0.0,0.0,0.1034622720683604,-0.1000000000000227,0.2,2.200000000000003
17.453000001609325,0.0,0.0,0.0,0.0,0.0,0.0,0.1562996871900511,0.3700000000000045,-0.2999999999999999,-23.149999999999977,0.0,0.0,0.0,0.0,0.0,0.0,0.1032791638056,-0.1000000000000227,0.2,2.200000000000003
17.46900000050664,0.0,0.0,0.0,0.0,0.0,0.0,0.1562996871900511,0.3700000000000045,-0.2999999999999999,-23.149999999999977,0.0,0.0,0.0,0.0,0.0,0.0,0.1031723506523231,-0.1000000000000227,0.3,2.200000000000003
17.484000001102686,0.0,0.0,0.0,0.0,0.0,0.0,0.1563454642557412,0.3700000000000045,-0.3999999999999998,-23.149999999999977,0.0,0.0,0.0,0.0,0.0,0.0,0.103126573586633,-0.1000000000000227,0.3,2.200000000000003
17.5,0.0,0.0,0.0,0.0,0.0,0.0,0.1563454642557412,0.3700000000000045,-0.3999999999999998,-23.149999999999977,0.0,0.0,0.0,0.0,0.0,0.0,0.1030960555428397,-0.1000000000000227,0.3,2.200000000000003
17.51600000075996,0.0,0.0,0.0,0.0,0.0,0.0,0.1563759822995346,0.3700000000000045,-0.3999999999999998,-23.149999999999977,0.0,0.0,0.0,0.0,0.0,0.0,0.1030197604333562,-0.1000000000000227,0.3,2.200000000000003
17.531000001356006,0.0,0.0,0.0,0.0,0.0,0.0,0.1564370183871214,0.3700000000000045,-0.3999999999999998,-23.149999999999977,0.0,0.0,0.0,0.0,0.0,0.0,0.1030197604333562,-0.1000000000000227,0.3,2.200000000000003
17.54700000025332,0.0,0.0,0.0,0.0,0.0,0.0,0.1564827954528115,0.3700000000000045,-0.3999999999999998,-23.149999999999977,0.0,0.0,0.0,0.0,0.0,0.0,0.1029587243457694,-0.1000000000000227,0.3,2.200000000000003
17.578000001609325,0.0,0.0,0.0,0.0,0.0,0.0,0.1565438315403982,0.3700000000000045,-0.3999999999999998,-23.149999999999977,0.0,0.0,0.0,0.0,0.0,0.0,0.1028824292362859,-0.1000000000000227,0.3,2.200000000000003
17.578000001609325,0.0,0.0,0.0,0.0,0.0,0.0,0.1564980544747082,0.3700000000000045,-0.3999999999999998,-23.149999999999977,0.0,0.0,0.0,0.0,0.0,0.0,0.1027603570611123,-0.1000000000000227,0.3,2.200000000000003
17.609000001102686,0.0,0.0,0.0,0.0,0.0,0.0,0.1564980544747082,0.3700000000000045,-0.3999999999999998,-23.149999999999977,0.0,0.0,0.0,0.0,0.0,0.0,0.1027603570611123,-0.1000000000000227,0.3,2.200000000000003
17.625,0.0,0.0,0.0,0.0,0.0,0.0,0.1566201266498817,0.3700000000000045,-0.3999999999999998,-23.149999999999977,0.0,0.0,0.0,0.0,0.0,0.0,0.1027298390173189,-0.1000000000000227,0.3,2.200000000000003
17.64100000075996,0.0,0.0,0.0,0.0,0.0,0.0,0.1565133134966048,0.3700000000000045,-0.3999999999999998,-23.149999999999977,0.0,0.0,0.0,0.0,0.0,0.0,0.1027298390173189,-0.1000000000000227,0.3,2.200000000000003
17.656000001356006,0.0,0.0,0.0,0.0,0.0,0.0,0.1572152285038529,0.3700000000000045,-0.3999999999999998,-23.149999999999977,0.0,0.0,0.0,0.0,0.0,0.0,0.1027298390173189,-0.1000000000000227,0.3,2.200000000000003
17.67200000025332,0.0,0.0,0.0,0.0,0.0,0.0,0.1565133134966048,0.3700000000000045,-0.4999999999999999,-23.149999999999977,0.0,0.0,0.0,0.0,0.0,0.0,0.1027298390173189,-0.1000000000000227,0.4000000000000001,2.200000000000003
17.687000000849366,0.0,0.0,0.0,0.0,0.0,0.0,0.1565438315403982,0.2700000000000102,-0.4999999999999999,-23.149999999999977,0.0,0.0,0.0,0.0,0.0,0.0,0.1027298390173189,-0.1000000000000227,0.4000000000000001,2.200000000000003
17.703000001609325,0.0,0.0,0.0,0.0,0.0,0.0,0.1565438315403982,0.2700000000000102,-0.4999999999999999,-23.149999999999977,0.0,0.0,0.0,0.0,0.0,0.0,0.1027298390173189,-0.1000000000000227,0.4000000000000001,2.200000000000003
17.71900000050664,0.0,0.0,0.0,0.0,0.0,0.0,0.1565133134966048,0.2700000000000102,-0.4999999999999999,-23.149999999999977,0.0,0.0,0.0,0.0,0.0,0.0,0.1026993209735255,-0.1000000000000227,0.4000000000000001,2.200000000000003
17.734000001102686,0.0,0.0,0.0,0.0,0.0,0.0,0.1561165789272907,0.2700000000000102,-0.4999999999999999,-23.149999999999977,0.0,0.0,0.0,0.0,0.0,0.0,0.1026688029297322,-0.1000000000000227,0.4000000000000001,2.200000000000003
17.76600000075996,0.0,0.0,0.0,0.0,0.0,0.0,0.1561165789272907,0.2700000000000102,-0.4999999999999999,-23.149999999999977,0.0,0.0,0.0,0.0,0.0,0.0,0.1026688029297322,-0.1000000000000227,0.4000000000000001,2.200000000000003
17.781000001356006,0.0,0.0,0.0,0.0,0.0,0.0,0.1561165789272907,0.2700000000000102,-0.4999999999999999,-23.149999999999977,0.0,0.0,0.0,0.0,0.0,0.0,0.1026688029297322,-0.1000000000000227,0.4000000000000001,2.200000000000003
17.781000001356006,0.0,0.0,0.0,0.0,0.0,0.0,0.1561165789272907,0.2700000000000102,-0.4999999999999999,-23.149999999999977,0.0,0.0,0.0,0.0,0.0,0.0,0.1026688029297322,-0.1000000000000227,0.4000000000000001,2.200000000000003
17.79700000025332,0.0,0.0,0.0,0.0,0.0,0.0,0.1561165789272907,0.2700000000000102,-0.4999999999999999,-23.149999999999977,0.0,0.0,0.0,0.0,0.0,0.0,0.1026688029297322,-0.1000000000000227,0.4000000000000001,2.200000000000003
17.828000001609325,0.0,0.0,0.0,0.0,0.0,0.0,0.1563454642557412,0.2700000000000102,-0.4999999999999999,-23.149999999999977,0.0,0.0,0.0,0.0,0.0,0.0,0.1026688029297322,-0.1000000000000227,0.4000000000000001,2.200000000000003
17.84400000050664,0.0,0.0,0.0,0.0,0.0,0.0,0.1563759822995346,0.2700000000000102,-0.4999999999999999,-23.149999999999977,0.0,0.0,0.0,0.0,0.0,0.0,0.1026688029297322,-0.1000000000000227,0.4000000000000001,2.200000000000003
17.859000001102686,0.0,0.0,0.0,0.0,0.0,0.0,0.1567269398031586,0.2700000000000102,-0.4999999999999999,-23.149999999999977,0.0,0.0,0.0,0.0,0.0,0.0,0.1026688029297322,-0.1000000000000227,0.4000000000000001,2.200000000000003
17.875,0.0,0.0,0.0,0.0,0.0,0.0,0.1567269398031586,0.2700000000000102,-0.4999999999999999,-23.149999999999977,0.0,0.0,0.0,0.0,0.0,0.0,0.1026535439078355,-0.1000000000000227,0.4000000000000001,2.200000000000003
17.89100000075996,0.0,0.0,0.0,0.0,0.0,0.0,0.1567879758907454,0.2700000000000102,-0.4999999999999999,-23.149999999999977,0.0,0.0,0.0,0.0,0.0,0.0,0.102577248798352,-0.1000000000000227,0.5,2.200000000000003
17.906000001356006,0.0,0.0,0.0,0.0,0.0,0.0,0.1567879758907454,0.2700000000000102,-0.5999999999999999,-23.149999999999977,0.0,0.0,0.0,0.0,0.0,0.0,0.102577248798352,-0.1000000000000227,0.5,2.200000000000003
17.937000000849366,0.0,0.0,0.0,0.0,0.0,0.0,0.1567879758907454,0.2700000000000102,-0.5999999999999999,-23.149999999999977,0.0,0.0,0.0,0.0,0.0,0.0,0.1025314717326619,-0.1000000000000227,0.5,2.200000000000003
17.953000001609325,0.0,0.0,0.0,0.0,0.0,0.0,0.1567879758907454,0.2700000000000102,-0.5999999999999999,-23.149999999999977,0.0,0.0,0.0,0.0,0.0,0.0,0.1025314717326619,-0.1000000000000227,0.5,2.200000000000003
17.953000001609325,0.0,0.0,0.0,0.0,0.0,0.0,0.1567879758907454,0.2700000000000102,-0.5999999999999999,-23.149999999999977,0.0,0.0,0.0,0.0,0.0,0.0,0.1025314717326619,-0.1000000000000227,0.5,2.200000000000003
17.984000001102686,0.0,0.0,0.0,0.0,0.0,0.0,0.1569253070878156,0.2700000000000102,-0.5999999999999999,-23.149999999999977,0.0,0.0,0.0,0.0,0.0,0.0,0.1025009536888685,-0.1000000000000227,0.5,2.200000000000003
18.0,0.0,0.0,0.0,0.0,0.0,0.0,0.1569863431754024,0.2700000000000102,-0.5999999999999999,-23.149999999999977,0.0,0.0,0.0,0.0,0.0,0.0,0.1025314717326619,-0.1000000000000227,0.5,2.200000000000003
18.01600000075996,0.0,0.0,0.0,0.0,0.0,0.0,0.1570016021972991,0.2700000000000102,-0.5999999999999999,-23.149999999999977,0.0,0.0,0.0,0.0,0.0,0.0,0.1025467307545586,-0.1000000000000227,0.5,2.200000000000003
18.03100000135601,0.0,0.0,0.0,0.0,0.0,0.0,0.1570168612191958,0.2700000000000102,-0.5999999999999999,-23.149999999999977,0.0,0.0,0.0,0.0,0.0,0.0,0.1025009536888685,-0.1000000000000227,0.5,2.200000000000003
18.04700000025332,0.0,0.0,0.0,0.0,0.0,0.0,0.1571236743724727,0.2700000000000102,-0.5999999999999999,-23.149999999999977,0.0,0.0,0.0,0.0,0.0,0.0,0.1025162127107652,-0.1000000000000227,0.5,2.200000000000003
18.06200000084937,0.0,0.0,0.0,0.0,0.0,0.0,0.1571236743724727,0.2700000000000102,-0.5999999999999999,-23.149999999999977,0.0,0.0,0.0,0.0,0.0,0.0,0.1025162127107652,-0.1000000000000227,0.5,2.200000000000003
18.078000001609325,0.0,0.0,0.0,0.0,0.0,0.0,0.1571847104600595,0.2700000000000102,-0.5999999999999999,-23.149999999999977,0.0,0.0,0.0,0.0,0.0,0.0,0.1025162127107652,-0.1000000000000227,0.5,2.200000000000003
18.09400000050664,0.0,0.0,0.0,0.0,0.0,0.0,0.1572152285038529,0.2700000000000102,-0.5999999999999999,-23.149999999999977,0.0,0.0,0.0,0.0,0.0,0.0,0.1025619897764553,-0.1000000000000227,0.5,2.200000000000003
18.10900000110269,0.0,0.0,0.0,0.0,0.0,0.0,0.1572762645914397,0.2700000000000102,-0.5999999999999999,-23.149999999999977,0.0,0.0,0.0,0.0,0.0,0.0,0.102577248798352,-0.1000000000000227,0.5,2.200000000000003
18.125,0.0,0.0,0.0,0.0,0.0,0.0,0.1572762645914397,0.2700000000000102,-0.5999999999999999,-23.149999999999977,0.0,0.0,0.0,0.0,0.0,0.0,0.1025925078202487,-0.1000000000000227,0.5,2.200000000000003
18.17200000025332,0.0,0.0,0.0,0.0,0.0,0.0,0.1573373006790265,0.2700000000000102,-0.5999999999999999,-23.149999999999977,0.0,0.0,0.0,0.0,0.0,0.0,0.1026077668421454,-0.1000000000000227,0.5,2.200000000000003
18.18700000084937,0.0,0.0,0.0,0.0,0.0,0.0,0.1573373006790265,0.2700000000000102,-0.5999999999999999,-23.149999999999977,0.0,0.0,0.0,0.0,0.0,0.0,0.1025925078202487,-0.1000000000000227,0.5,2.200000000000003
18.203000001609325,0.0,0.0,0.0,0.0,0.0,0.0,0.1573830777447165,0.2700000000000102,-0.6999999999999998,-23.149999999999977,0.0,0.0,0.0,0.0,0.0,0.0,0.1025619897764553,-0.1000000000000227,0.6000000000000001,2.200000000000003
18.21900000050664,0.0,0.0,0.0,0.0,0.0,0.0,0.1574135957885099,0.2700000000000102,-0.6999999999999998,-23.149999999999977,0.0,0.0,0.0,0.0,0.0,0.0,0.1025009536888685,-0.1000000000000227,0.6000000000000001,2.200000000000003
18.23400000110269,0.0,0.0,0.0,0.0,0.0,0.0,0.1574135957885099,0.2700000000000102,-0.6999999999999998,-23.149999999999977,0.0,0.0,0.0,0.0,0.0,0.0,0.1025009536888685,-0.1000000000000227,0.6000000000000001,2.200000000000003
18.25,0.0,0.0,0.0,0.0,0.0,0.0,0.1574135957885099,0.2700000000000102,-0.6999999999999998,-23.149999999999977,0.0,0.0,0.0,0.0,0.0,0.0,0.1024856946669718,-0.1000000000000227,0.6000000000000001,2.200000000000003
18.26600000075996,0.0,0.0,0.0,0.0,0.0,0.0,0.1574135957885099,0.2700000000000102,-0.6999999999999998,-23.149999999999977,0.0,0.0,0.0,0.0,0.0,0.0,0.1023788815136949,-0.1000000000000227,0.6000000000000001,2.200000000000003
18.28100000135601,0.0,0.0,0.0,0.0,0.0,0.0,0.1574288548104066,0.2700000000000102,-0.6999999999999998,-23.149999999999977,0.0,0.0,0.0,0.0,0.0,0.0,0.102424658579385,-0.1000000000000227,0.6000000000000001,2.200000000000003
18.29700000025332,0.0,0.0,0.0,0.0,0.0,0.0,0.1574288548104066,0.1700000000000159,-0.6999999999999998,-23.149999999999977,0.0,0.0,0.0,0.0,0.0,0.0,0.102424658579385,-0.1000000000000227,0.6000000000000001,2.200000000000003
18.328000001609325,0.0,0.0,0.0,0.0,0.0,0.0,0.1574288548104066,0.1700000000000159,-0.6999999999999998,-23.149999999999977,0.0,0.0,0.0,0.0,0.0,0.0,0.1023483634699015,-0.1000000000000227,0.6000000000000001,2.200000000000003
18.34400000050664,0.0,0.0,0.0,0.0,0.0,0.0,0.1573983367666132,0.0700000000000073,-0.6999999999999998,-23.149999999999977,0.0,0.0,0.0,0.0,0.0,0.0,0.1023025864042114,-0.200000000000017,0.6000000000000001,2.200000000000003
18.35900000110269,0.0,0.0,0.0,0.0,0.0,0.0,0.1573983367666132,0.0700000000000073,-0.6999999999999998,-23.149999999999977,0.0,0.0,0.0,0.0,0.0,0.0,0.1023025864042114,-0.200000000000017,0.6000000000000001,2.1000000000000014
18.375,0.0,0.0,0.0,0.0,0.0,0.0,0.1572915236133364,0.0700000000000073,-0.6999999999999998,-23.149999999999977,0.0,0.0,0.0,0.0,0.0,0.0,0.1022415503166247,-0.200000000000017,0.6000000000000001,2.1000000000000014
18.39100000075996,0.0,0.0,0.0,0.0,0.0,0.0,0.1571999694819562,0.0700000000000073,-0.6999999999999998,-23.149999999999977,0.0,0.0,0.0,0.0,0.0,0.0,0.1021957732509346,-0.3000000000000113,0.6000000000000001,2.1000000000000014
18.40600000135601,0.0,0.0,0.0,0.0,0.0,0.0,0.1570321202410925,0.0700000000000073,-0.6999999999999998,-23.149999999999977,0.0,0.0,0.0,0.0,0.0,0.0,0.1019821469443808,-0.3000000000000113,0.6000000000000001,2.1000000000000014
18.42200000025332,0.0,0.0,0.0,0.0,0.0,0.0,0.1570016021972991,0.0700000000000073,-0.6999999999999998,-23.149999999999977,0.0,0.0,0.0,0.0,0.0,0.0,0.1018905928130006,-0.3000000000000113,0.6000000000000001,2.1000000000000014
18.43700000084937,0.0,0.0,0.0,0.0,0.0,0.0,0.1569405661097123,0.0700000000000073,-0.6999999999999998,-23.149999999999977,0.0,0.0,0.0,0.0,0.0,0.0,0.1018142977035172,-0.3000000000000113,0.6000000000000001,2.1000000000000014
18.453000001609325,0.0,0.0,0.0,0.0,0.0,0.0,0.1569253070878156,0.0700000000000073,-0.6999999999999998,-23.049999999999983,0.0,0.0,0.0,0.0,0.0,0.0,0.101722743572137,-0.3000000000000113,0.6000000000000001,2.1000000000000014
18.46900000050664,0.0,0.0,0.0,0.0,0.0,0.0,0.1567727168688487,0.0700000000000073,-0.6999999999999998,-23.049999999999983,0.0,0.0,0.0,0.0,0.0,0.0,0.1016311894407568,-0.3000000000000113,0.6000000000000001,2.1000000000000014
18.48400000110269,0.0,0.0,0.0,0.0,0.0,0.0,0.156757457846952,-0.0299999999999869,-0.6999999999999998,-23.049999999999983,0.0,0.0,0.0,0.0,0.0,0.0,0.1016311894407568,-0.3000000000000113,0.6000000000000001,2.1000000000000014
18.51600000075996,0.0,0.0,0.0,0.0,0.0,0.0,0.1566659037155718,-0.0299999999999869,-0.6999999999999998,-23.049999999999983,0.0,0.0,0.0,0.0,0.0,0.0,0.1016006713969634,-0.3000000000000113,0.6000000000000001,2.1000000000000014
18.53100000135601,0.0,0.0,0.0,0.0,0.0,0.0,0.1566659037155718,-0.0299999999999869,-0.6999999999999998,-23.049999999999983,0.0,0.0,0.0,0.0,0.0,0.0,0.1015396353093766,-0.3000000000000113,0.7000000000000002,2.1000000000000014
18.54700000025332,0.0,0.0,0.0,0.0,0.0,0.0,0.1566659037155718,-0.0299999999999869,-0.6999999999999998,-23.049999999999983,0.0,0.0,0.0,0.0,0.0,0.0,0.101371786068513,-0.3000000000000113,0.7000000000000002,2.1000000000000014
18.56200000084937,0.0,0.0,0.0,0.0,0.0,0.0,0.1566659037155718,-0.0299999999999869,-0.6999999999999998,-23.049999999999983,0.0,0.0,0.0,0.0,0.0,0.0,0.101371786068513,-0.3000000000000113,0.7000000000000002,2.1000000000000014
18.578000001609325,0.0,0.0,0.0,0.0,0.0,0.0,0.1566506446936751,0.0700000000000073,-0.6999999999999998,-23.049999999999983,0.0,0.0,0.0,0.0,0.0,0.0,0.101371786068513,-0.3000000000000113,0.7000000000000002,2.1000000000000014
18.59400000050664,0.0,0.0,0.0,0.0,0.0,0.0,0.1566353856717784,0.0700000000000073,-0.6999999999999998,-23.049999999999983,0.0,0.0,0.0,0.0,0.0,0.0,0.101371786068513,-0.3000000000000113,0.7000000000000002,2.1000000000000014
18.60900000110269,0.0,0.0,0.0,0.0,0.0,0.0,0.1566506446936751,0.0700000000000073,-0.6999999999999998,-23.049999999999983,0.0,0.0,0.0,0.0,0.0,0.0,0.101371786068513,-0.200000000000017,0.7000000000000002,2.1000000000000014
18.625,0.0,0.0,0.0,0.0,0.0,0.0,0.1566659037155718,0.1700000000000159,-0.6999999999999998,-23.049999999999983,0.0,0.0,0.0,0.0,0.0,0.0,0.1013870450904097,-0.200000000000017,0.7000000000000002,2.1000000000000014
18.64100000075996,0.0,0.0,0.0,0.0,0.0,0.0,0.1566811627374685,0.1700000000000159,-0.6999999999999998,-23.049999999999983,0.0,0.0,0.0,0.0,0.0,0.0,0.1013870450904097,-0.200000000000017,0.7000000000000002,2.1000000000000014
18.65600000135601,0.0,0.0,0.0,0.0,0.0,0.0,0.1566811627374685,0.1700000000000159,-0.7999999999999998,-23.049999999999983,0.0,0.0,0.0,0.0,0.0,0.0,0.1013870450904097,-0.200000000000017,0.7000000000000002,2.1000000000000014
18.67200000025332,0.0,0.0,0.0,0.0,0.0,0.0,0.1566811627374685,0.1700000000000159,-0.7999999999999998,-23.049999999999983,0.0,0.0,0.0,0.0,0.0,0.0,0.101371786068513,-0.200000000000017,0.7000000000000002,2.1000000000000014
18.703000001609325,0.0,0.0,0.0,0.0,0.0,0.0,0.1567269398031586,0.1700000000000159,-0.7999999999999998,-23.049999999999983,0.0,0.0,0.0,0.0,0.0,0.0,0.1013260090028229,-0.200000000000017,0.7000000000000002,2.1000000000000014
18.71900000050664,0.0,0.0,0.0,0.0,0.0,0.0,0.1567269398031586,0.1700000000000159,-0.7999999999999998,-23.049999999999983,0.0,0.0,0.0,0.0,0.0,0.0,0.1013260090028229,-0.200000000000017,0.7000000000000002,2.1000000000000014
18.71900000050664,0.0,0.0,0.0,0.0,0.0,0.0,0.1567421988250553,0.1700000000000159,-0.7999999999999998,-23.049999999999983,0.0,0.0,0.0,0.0,0.0,0.0,0.1013260090028229,-0.200000000000017,0.7000000000000002,2.1000000000000014
18.75,0.0,0.0,0.0,0.0,0.0,0.0,0.1567727168688487,0.1700000000000159,-0.7999999999999998,-23.049999999999983,0.0,0.0,0.0,0.0,0.0,0.0,0.1012954909590295,-0.200000000000017,0.7000000000000002,2.1000000000000014
18.76600000075996,0.0,0.0,0.0,0.0,0.0,0.0,0.1567727168688487,0.1700000000000159,-0.7999999999999998,-23.049999999999983,0.0,0.0,0.0,0.0,0.0,0.0,0.1012649729152361,-0.200000000000017,0.7000000000000002,2.1000000000000014
18.78100000135601,0.0,0.0,0.0,0.0,0.0,0.0,0.1567727168688487,0.1700000000000159,-0.7999999999999998,-23.049999999999983,0.0,0.0,0.0,0.0,0.0,0.0,0.1012649729152361,-0.200000000000017,0.7000000000000002,2.1000000000000014
18.79700000025332,0.0,0.0,0.0,0.0,0.0,0.0,0.1567879758907454,0.1700000000000159,-0.7999999999999998,-23.049999999999983,0.0,0.0,0.0,0.0,0.0,0.0,0.1012649729152361,-0.200000000000017,0.7000000000000002,2.1000000000000014
18.81200000084937,0.0,0.0,0.0,0.0,0.0,0.0,0.1567421988250553,0.1700000000000159,-0.7999999999999998,-23.049999999999983,0.0,0.0,0.0,0.0,0.0,0.0,0.1012649729152361,-0.200000000000017,0.7000000000000002,2.1000000000000014
18.828000001609325,0.0,0.0,0.0,0.0,0.0,0.0,0.1567421988250553,0.1700000000000159,-0.7999999999999998,-23.049999999999983,0.0,0.0,0.0,0.0,0.0,0.0,0.1012649729152361,-0.200000000000017,0.7000000000000002,2.1000000000000014
18.84400000050664,0.0,0.0,0.0,0.0,0.0,0.0,0.1567116807812619,0.1700000000000159,-0.7999999999999998,-23.049999999999983,0.0,0.0,0.0,0.0,0.0,0.0,0.1012344548714427,-0.200000000000017,0.7000000000000002,2.1000000000000014
18.85900000110269,0.0,0.0,0.0,0.0,0.0,0.0,0.1566811627374685,0.1700000000000159,-0.7999999999999998,-23.049999999999983,0.0,0.0,0.0,0.0,0.0,0.0,0.1012344548714427,-0.200000000000017,0.7000000000000002,2.1000000000000014
18.875,0.0,0.0,0.0,0.0,0.0,0.0,0.156604867627985,0.1700000000000159,-0.7999999999999998,-23.049999999999983,0.0,0.0,0.0,0.0,0.0,0.0,0.1012649729152361,-0.200000000000017,0.7000000000000002,2.1000000000000014
18.90600000135601,0.0,0.0,0.0,0.0,0.0,0.0,0.1564827954528115,0.1700000000000159,-0.7999999999999998,-23.049999999999983,0.0,0.0,0.0,0.0,0.0,0.0,0.1012039368276493,-0.200000000000017,0.7000000000000002,2.1000000000000014
18.92200000025332,0.0,0.0,0.0,0.0,0.0,0.0,0.1564675364309148,0.1700000000000159,-0.7999999999999998,-23.049999999999983,0.0,0.0,0.0,0.0,0.0,0.0,0.1012039368276493,-0.200000000000017,0.7000000000000002,2.1000000000000014
18.92200000025332,0.0,0.0,0.0,0.0,0.0,0.0,0.1564217593652247,0.1700000000000159,-0.7999999999999998,-23.049999999999983,0.0,0.0,0.0,0.0,0.0,0.0,0.101219195849546,-0.200000000000017,0.7000000000000002,2.1000000000000014
18.953000001609325,0.0,0.0,0.0,0.0,0.0,0.0,0.156406500343328,0.1700000000000159,-0.7999999999999998,-23.049999999999983,0.0,0.0,0.0,0.0,0.0,0.0,0.101219195849546,-0.200000000000017,0.7000000000000002,2.1000000000000014
18.96900000050664,0.0,0.0,0.0,0.0,0.0,0.0,0.156406500343328,0.1700000000000159,-0.7999999999999998,-23.049999999999983,0.0,0.0,0.0,0.0,0.0,0.0,0.1012649729152361,-0.200000000000017,0.7000000000000002,2.1000000000000014
18.98400000110269,0.0,0.0,0.0,0.0,0.0,0.0,0.1563759822995346,0.1700000000000159,-0.7999999999999998,-23.049999999999983,0.0,0.0,0.0,0.0,0.0,0.0,0.1012649729152361,-0.200000000000017,0.7000000000000002,2.1000000000000014
19.0,0.0,0.0,0.0,0.0,0.0,0.0,0.1563149462119478,0.1700000000000159,-0.7999999999999998,-23.049999999999983,0.0,0.0,0.0,0.0,0.0,0.0,0.101219195849546,-0.200000000000017,0.7000000000000002,2.1000000000000014
19.01600000075996,0.0,0.0,0.0,0.0,0.0,0.0,0.1563149462119478,0.1700000000000159,-0.7999999999999998,-23.049999999999983,0.0,0.0,0.0,0.0,0.0,0.0,0.1012649729152361,-0.200000000000017,0.7000000000000002,2.1000000000000014
19.03100000135601,0.0,0.0,0.0,0.0,0.0,0.0,0.1563149462119478,0.1700000000000159,-0.7999999999999998,-23.049999999999983,0.0,0.0,0.0,0.0,0.0,0.0,0.1012802319371328,-0.200000000000017,0.7000000000000002,2.1000000000000014
19.04700000025332,0.0,0.0,0.0,0.0,0.0,0.0,0.1563149462119478,0.0700000000000073,-0.7999999999999998,-23.049999999999983,0.0,0.0,0.0,0.0,0.0,0.0,0.1012649729152361,-0.200000000000017,0.8,2.1000000000000014
19.06200000084937,0.0,0.0,0.0,0.0,0.0,0.0,0.1562996871900511,0.0700000000000073,-0.7999999999999998,-23.049999999999983,0.0,0.0,0.0,0.0,0.0,0.0,0.101219195849546,-0.200000000000017,0.8,2.1000000000000014
19.078000001609325,0.0,0.0,0.0,0.0,0.0,0.0,0.1562996871900511,0.0700000000000073,-0.7999999999999998,-23.049999999999983,0.0,0.0,0.0,0.0,0.0,0.0,0.101219195849546,-0.200000000000017,0.8,2.1000000000000014
19.10900000110269,0.0,0.0,0.0,0.0,0.0,0.0,0.1563149462119478,0.0700000000000073,-0.7999999999999998,-23.049999999999983,0.0,0.0,0.0,0.0,0.0,0.0,0.101219195849546,-0.200000000000017,0.8,2.0
19.125,0.0,0.0,0.0,0.0,0.0,0.0,0.1563302052338445,0.0700000000000073,-0.7999999999999998,-23.049999999999983,0.0,0.0,0.0,0.0,0.0,0.0,0.101219195849546,-0.200000000000017,0.8,2.0
19.14100000075996,0.0,0.0,0.0,0.0,0.0,0.0,0.1563302052338445,0.0700000000000073,-0.7999999999999998,-23.049999999999983,0.0,0.0,0.0,0.0,0.0,0.0,0.101219195849546,-0.200000000000017,0.8,2.0
19.15600000135601,0.0,0.0,0.0,0.0,0.0,0.0,0.1563302052338445,0.0700000000000073,-0.7999999999999998,-23.049999999999983,0.0,0.0,0.0,0.0,0.0,0.0,0.101219195849546,-0.200000000000017,0.8,2.0
19.17200000025332,0.0,0.0,0.0,0.0,0.0,0.0,0.1563302052338445,0.0700000000000073,-0.7999999999999998,-23.049999999999983,0.0,0.0,0.0,0.0,0.0,0.0,0.1012344548714427,-0.200000000000017,0.8,2.0
19.18700000084937,0.0,0.0,0.0,0.0,0.0,0.0,0.1565285725185015,0.0700000000000073,-0.7999999999999998,-23.049999999999983,0.0,0.0,0.0,0.0,0.0,0.0,0.1012649729152361,-0.200000000000017,0.8,2.0
19.203000001609325,0.0,0.0,0.0,0.0,0.0,0.0,0.1565285725185015,0.0700000000000073,-0.7999999999999998,-23.049999999999983,0.0,0.0,0.0,0.0,0.0,0.0,0.1012649729152361,-0.200000000000017,0.8,2.0
19.21900000050664,0.0,0.0,0.0,0.0,0.0,0.0,0.1565285725185015,0.0700000000000073,-0.7999999999999998,-23.049999999999983,0.0,0.0,0.0,0.0,0.0,0.0,0.1012344548714427,-0.200000000000017,0.8,2.0
19.23400000110269,0.0,0.0,0.0,0.0,0.0,0.0,0.1564217593652247,0.0700000000000073,-0.7999999999999998,-23.049999999999983,0.0,0.0,0.0,0.0,0.0,0.0,0.1012344548714427,-0.200000000000017,0.8,2.0
19.25,0.0,0.0,0.0,0.0,0.0,0.0,0.1564217593652247,0.0700000000000073,-0.7999999999999998,-23.049999999999983,0.0,0.0,0.0,0.0,0.0,0.0,0.1012344548714427,-0.200000000000017,0.8,2.0
19.26600000075996,0.0,0.0,0.0,0.0,0.0,0.0,0.1563912413214313,0.0700000000000073,-0.7999999999999998,-23.049999999999983,0.0,0.0,0.0,0.0,0.0,0.0,0.1012344548714427,-0.200000000000017,0.8,2.0
19.28100000135601,0.0,0.0,0.0,0.0,0.0,0.0,0.1563759822995346,0.0700000000000073,-0.7999999999999998,-23.049999999999983,0.0,0.0,0.0,0.0,0.0,0.0,0.1012344548714427,-0.200000000000017,0.8,2.0
19.29700000025332,0.0,0.0,0.0,0.0,0.0,0.0,0.1563759822995346,0.0700000000000073,-0.7999999999999998,-23.049999999999983,0.0,0.0,0.0,0.0,0.0,0.0,0.1012344548714427,-0.200000000000017,0.8,2.0
19.328000001609325,0.0,0.0,0.0,0.0,0.0,0.0,0.1563912413214313,0.0700000000000073,-0.7999999999999998,-23.049999999999983,0.0,0.0,0.0,0.0,0.0,0.0,0.1012344548714427,-0.200000000000017,0.8,2.0
19.34400000050664,0.0,0.0,0.0,0.0,0.0,0.0,0.1564217593652247,0.0700000000000073,-0.7999999999999998,-23.049999999999983,0.0,0.0,0.0,0.0,0.0,0.0,0.1012497138933394,-0.200000000000017,0.8,2.0
19.35900000110269,0.0,0.0,0.0,0.0,0.0,0.0,0.1565590905622949,0.0700000000000073,-0.7999999999999998,-23.049999999999983,0.0,0.0,0.0,0.0,0.0,0.0,0.1012344548714427,-0.200000000000017,0.8,2.0
19.375,0.0,0.0,0.0,0.0,0.0,0.0,0.1565590905622949,0.0700000000000073,-0.7999999999999998,-23.049999999999983,0.0,0.0,0.0,0.0,0.0,0.0,0.1012344548714427,-0.200000000000017,0.8,2.0
19.39100000075996,0.0,0.0,0.0,0.0,0.0,0.0,0.1565590905622949,0.0700000000000073,-0.7999999999999998,-23.049999999999983,0.0,0.0,0.0,0.0,0.0,0.0,0.1012497138933394,-0.200000000000017,0.8,2.0
19.40600000135601,0.0,0.0,0.0,0.0,0.0,0.0,0.1565590905622949,0.0700000000000073,-0.7999999999999998,-23.049999999999983,0.0,0.0,0.0,0.0,0.0,0.0,0.1012344548714427,-0.200000000000017,0.8,2.0
19.42200000025332,0.0,0.0,0.0,0.0,0.0,0.0,0.1565590905622949,0.0700000000000073,-0.7999999999999998,-23.049999999999983,0.0,0.0,0.0,0.0,0.0,0.0,0.1012344548714427,-0.200000000000017,0.8,2.0
19.43700000084937,0.0,0.0,0.0,0.0,0.0,0.0,0.1565590905622949,0.0700000000000073,-0.7999999999999998,-23.049999999999983,0.0,0.0,0.0,0.0,0.0,0.0,0.1012649729152361,-0.200000000000017,0.8,2.0
19.46900000050664,0.0,0.0,0.0,0.0,0.0,0.0,0.1564980544747082,0.0700000000000073,-0.7999999999999998,-23.049999999999983,0.0,0.0,0.0,0.0,0.0,0.0,0.1012344548714427,-0.200000000000017,0.8,2.0
19.46900000050664,0.0,0.0,0.0,0.0,0.0,0.0,0.1564980544747082,0.0700000000000073,-0.7999999999999998,-23.049999999999983,0.0,0.0,0.0,0.0,0.0,0.0,0.1012802319371328,-0.200000000000017,0.8,2.0
19.5,0.0,0.0,0.0,0.0,0.0,0.0,0.1564980544747082,0.0700000000000073,-0.7999999999999998,-23.049999999999983,0.0,0.0,0.0,0.0,0.0,0.0,0.1012802319371328,-0.200000000000017,0.8,2.0
19.51600000075996,0.0,0.0,0.0,0.0,0.0,0.0,0.1564980544747082,0.0700000000000073,-0.7999999999999998,-23.049999999999983,0.0,0.0,0.0,0.0,0.0,0.0,0.101219195849546,-0.200000000000017,0.8,2.0
19.51600000075996,0.0,0.0,0.0,0.0,0.0,0.0,0.1567421988250553,0.0700000000000073,-0.7999999999999998,-23.049999999999983,0.0,0.0,0.0,0.0,0.0,0.0,0.1012649729152361,-0.200000000000017,0.8,2.0
19.54700000025332,0.0,0.0,0.0,0.0,0.0,0.0,0.1567879758907454,0.0700000000000073,-0.7999999999999998,-23.049999999999983,0.0,0.0,0.0,0.0,0.0,0.0,0.101219195849546,-0.200000000000017,0.8,2.0
19.56200000084937,0.0,0.0,0.0,0.0,0.0,0.0,0.1567421988250553,0.0700000000000073,-0.7999999999999998,-23.049999999999983,0.0,0.0,0.0,0.0,0.0,0.0,0.101219195849546,-0.200000000000017,0.8,2.0
19.578000001609325,0.0,0.0,0.0,0.0,0.0,0.0,0.1567879758907454,0.0700000000000073,-0.7999999999999998,-23.049999999999983,0.0,0.0,0.0,0.0,0.0,0.0,0.101219195849546,-0.200000000000017,0.8,2.0
19.59400000050664,0.0,0.0,0.0,0.0,0.0,0.0,0.1568490119783322,0.0700000000000073,-0.7999999999999998,-23.049999999999983,0.0,0.0,0.0,0.0,0.0,0.0,0.101219195849546,-0.200000000000017,0.8,2.0
19.60900000110269,0.0,0.0,0.0,0.0,0.0,0.0,0.1568490119783322,0.0700000000000073,-0.8999999999999999,-23.049999999999983,0.0,0.0,0.0,0.0,0.0,0.0,0.101219195849546,-0.200000000000017,0.8,2.0
19.625,0.0,0.0,0.0,0.0,0.0,0.0,0.1568947890440223,0.0700000000000073,-0.8999999999999999,-23.049999999999983,0.0,0.0,0.0,0.0,0.0,0.0,0.1012344548714427,-0.200000000000017,0.8,2.0
19.64100000075996,0.0,0.0,0.0,0.0,0.0,0.0,0.1569253070878156,0.0700000000000073,-0.8999999999999999,-23.049999999999983,0.0,0.0,0.0,0.0,0.0,0.0,0.101219195849546,-0.200000000000017,0.8,2.0
19.65600000135601,0.0,0.0,0.0,0.0,0.0,0.0,0.1569710841535057,0.0700000000000073,-0.8999999999999999,-23.049999999999983,0.0,0.0,0.0,0.0,0.0,0.0,0.1012344548714427,-0.200000000000017,0.8,2.0
19.68700000084937,0.0,0.0,0.0,0.0,0.0,0.0,0.1570016021972991,0.0700000000000073,-0.8999999999999999,-23.049999999999983,0.0,0.0,0.0,0.0,0.0,0.0,0.1012344548714427,-0.200000000000017,0.8,2.0
19.68700000084937,0.0,0.0,0.0,0.0,0.0,0.0,0.1570321202410925,0.0700000000000073,-0.8999999999999999,-23.049999999999983,0.0,0.0,0.0,0.0,0.0,0.0,0.1012649729152361,-0.200000000000017,0.8,2.0
19.71900000050664,0.0,0.0,0.0,0.0,0.0,0.0,0.1570321202410925,0.0700000000000073,-0.8999999999999999,-23.049999999999983,0.0,0.0,0.0,0.0,0.0,0.0,0.1012649729152361,-0.200000000000017,0.8,2.0
19.71900000050664,0.0,0.0,0.0,0.0,0.0,0.0,0.1570473792629892,0.0700000000000073,-0.8999999999999999,-23.049999999999983,0.0,0.0,0.0,0.0,0.0,0.0,0.1012954909590295,-0.200000000000017,0.8,2.0
19.75,0.0,0.0,0.0,0.0,0.0,0.0,0.1570626382848859,0.0700000000000073,-0.8999999999999999,-23.049999999999983,0.0,0.0,0.0,0.0,0.0,0.0,0.1012649729152361,-0.200000000000017,0.8,2.0
19.76600000075996,0.0,0.0,0.0,0.0,0.0,0.0,0.157108415350576,0.0700000000000073,-0.8999999999999999,-23.049999999999983,0.0,0.0,0.0,0.0,0.0,0.0,0.1012954909590295,-0.200000000000017,0.8,2.0
19.78100000135601,0.0,0.0,0.0,0.0,0.0,0.0,0.1571236743724727,0.0700000000000073,-0.8999999999999999,-23.049999999999983,0.0,0.0,0.0,0.0,0.0,0.0,0.1012954909590295,-0.200000000000017,0.8,2.0
19.79700000025332,0.0,0.0,0.0,0.0,0.0,0.0,0.1571999694819562,0.0700000000000073,-0.8999999999999999,-23.049999999999983,0.0,0.0,0.0,0.0,0.0,0.0,0.1013107499809262,-0.200000000000017,0.8,2.0
19.81200000084937,0.0,0.0,0.0,0.0,0.0,0.0,0.1572152285038529,0.0700000000000073,-0.8999999999999999,-23.049999999999983,0.0,0.0,0.0,0.0,0.0,0.0,0.1012954909590295,-0.200000000000017,0.8,2.0
19.828000001609325,0.0,0.0,0.0,0.0,0.0,0.0,0.1572457465476463,0.0700000000000073,-0.8999999999999999,-23.049999999999983,0.0,0.0,0.0,0.0,0.0,0.0,0.1013107499809262,-0.200000000000017,0.8,2.0
19.84400000050664,0.0,0.0,0.0,0.0,0.0,0.0,0.1572457465476463,0.0700000000000073,-0.8999999999999999,-23.049999999999983,0.0,0.0,0.0,0.0,0.0,0.0,0.1013107499809262,-0.200000000000017,0.8,2.0
19.875,0.0,0.0,0.0,0.0,0.0,0.0,0.157261005569543,0.0700000000000073,-0.8999999999999999,-23.049999999999983,0.0,0.0,0.0,0.0,0.0,0.0,0.1013107499809262,-0.200000000000017,0.8,2.0
19.89100000075996,0.0,0.0,0.0,0.0,0.0,0.0,0.1573067826352331,0.0700000000000073,-0.8999999999999999,-23.049999999999983,0.0,0.0,0.0,0.0,0.0,0.0,0.1013260090028229,-0.200000000000017,0.8,2.0
19.90600000135601,0.0,0.0,0.0,0.0,0.0,0.0,0.1573067826352331,0.0700000000000073,-0.8999999999999999,-23.049999999999983,0.0,0.0,0.0,0.0,0.0,0.0,0.1013107499809262,-0.200000000000017,0.8,2.0
19.92200000025332,0.0,0.0,0.0,0.0,0.0,0.0,0.1573983367666132,0.0700000000000073,-0.8999999999999999,-23.049999999999983,0.0,0.0,0.0,0.0,0.0,0.0,0.1013107499809262,-0.200000000000017,0.8,2.0
19.93700000084937,0.0,0.0,0.0,0.0,0.0,0.0,0.1574288548104066,0.0700000000000073,-0.8999999999999999,-23.049999999999983,0.0,0.0,0.0,0.0,0.0,0.0,0.1013260090028229,-0.200000000000017,0.8,2.0
19.953000001609325,0.0,0.0,0.0,0.0,0.0,0.0,0.1574441138323033,0.0700000000000073,-0.8999999999999999,-23.049999999999983,0.0,0.0,0.0,0.0,0.0,0.0,0.1013260090028229,-0.200000000000017,0.8,2.0
19.96900000050664,0.0,0.0,0.0,0.0,0.0,0.0,0.1574441138323033,0.0700000000000073,-0.8999999999999999,-23.049999999999983,0.0,0.0,0.0,0.0,0.0,0.0,0.1013412680247196,-0.200000000000017,0.8,2.0
19.98400000110269,0.0,0.0,0.0,0.0,0.0,0.0,0.1575204089417868,0.0700000000000073,-0.8999999999999999,-23.049999999999983,0.0,0.0,0.0,0.0,0.0,0.0,0.1013412680247196,-0.200000000000017,0.8,2.0
20.0,0.0,0.0,0.0,0.0,0.0,0.0,0.1575356679636835,0.0700000000000073,-0.8999999999999999,-23.049999999999983,0.0,0.0,0.0,0.0,0.0,0.0,0.1013870450904097,-0.200000000000017,0.8,2.0
20.01600000075996,0.0,0.0,0.0,0.0,0.0,0.0,0.1575356679636835,0.0700000000000073,-0.8999999999999999,-23.049999999999983,0.0,0.0,0.0,0.0,0.0,0.0,0.1014023041123064,-0.200000000000017,0.8,2.0
20.03100000135601,0.0,0.0,0.0,0.0,0.0,0.0,0.1575814450293736,0.0700000000000073,-0.8999999999999999,-22.94999999999997,0.0,0.0,0.0,0.0,0.0,0.0,0.1014328221560997,-0.200000000000017,0.8,2.0
20.04700000025332,0.0,0.0,0.0,0.0,0.0,0.0,0.1575814450293736,0.0700000000000073,-0.8999999999999999,-22.94999999999997,0.0,0.0,0.0,0.0,0.0,0.0,0.1014328221560997,-0.200000000000017,0.8,2.0
20.06200000084937,0.0,0.0,0.0,0.0,0.0,0.0,0.1575814450293736,0.0700000000000073,-0.8999999999999999,-22.94999999999997,0.0,0.0,0.0,0.0,0.0,0.0,0.1014328221560997,-0.200000000000017,0.8,2.0
20.078000001609325,0.0,0.0,0.0,0.0,0.0,0.0,0.1575967040512703,0.0700000000000073,-0.8999999999999999,-22.94999999999997,0.0,0.0,0.0,0.0,0.0,0.0,0.1014328221560997,-0.200000000000017,0.8,2.0
20.10900000110269,0.0,0.0,0.0,0.0,0.0,0.0,0.1575967040512703,0.0700000000000073,-0.8999999999999999,-23.049999999999983,0.0,0.0,0.0,0.0,0.0,0.0,0.1014328221560997,-0.200000000000017,0.8,2.0
20.125,0.0,0.0,0.0,0.0,0.0,0.0,0.1576424811169604,0.0700000000000073,-0.8999999999999999,-23.049999999999983,0.0,0.0,0.0,0.0,0.0,0.0,0.1014328221560997,-0.200000000000017,0.8,2.0
20.14100000075996,0.0,0.0,0.0,0.0,0.0,0.0,0.1576424811169604,0.0700000000000073,-0.8999999999999999,-23.049999999999983,0.0,0.0,0.0,0.0,0.0,0.0,0.1013870450904097,-0.200000000000017,0.8,2.0
20.15600000135601,0.0,0.0,0.0,0.0,0.0,0.0,0.1576577401388571,0.0700000000000073,-0.8999999999999999,-23.049999999999983,0.0,0.0,0.0,0.0,0.0,0.0,0.1013870450904097,-0.200000000000017,0.8,2.0
20.17200000025332,0.0,0.0,0.0,0.0,0.0,0.0,0.1576577401388571,0.0700000000000073,-0.8999999999999999,-23.049999999999983,0.0,0.0,0.0,0.0,0.0,0.0,0.1013870450904097,-0.200000000000017,0.8,2.0
20.18700000084937,0.0,0.0,0.0,0.0,0.0,0.0,0.1576729991607538,0.0700000000000073,-0.8999999999999999,-23.049999999999983,0.0,0.0,0.0,0.0,0.0,0.0,0.1014175631342031,-0.200000000000017,0.8,2.0
20.203000001609325,0.0,0.0,0.0,0.0,0.0,0.0,0.1576729991607538,0.0700000000000073,-0.8999999999999999,-23.049999999999983,0.0,0.0,0.0,0.0,0.0,0.0,0.1014023041123064,-0.200000000000017,0.8,2.0
20.21900000050664,0.0,0.0,0.0,0.0,0.0,0.0,0.1576577401388571,0.0700000000000073,-0.8999999999999999,-23.049999999999983,0.0,0.0,0.0,0.0,0.0,0.0,0.1014023041123064,-0.200000000000017,0.8,2.0
20.23400000110269,0.0,0.0,0.0,0.0,0.0,0.0,0.1576729991607538,0.0700000000000073,-0.8999999999999999,-23.049999999999983,0.0,0.0,0.0,0.0,0.0,0.0,0.1014023041123064,-0.200000000000017,0.8,2.0
20.25,0.0,0.0,0.0,0.0,0.0,0.0,0.1576424811169604,0.0700000000000073,-0.8999999999999999,-23.049999999999983,0.0,0.0,0.0,0.0,0.0,0.0,0.1014175631342031,-0.200000000000017,0.8,2.0
20.26600000075996,0.0,0.0,0.0,0.0,0.0,0.0,0.1576424811169604,0.0700000000000073,-0.8999999999999999,-22.94999999999997,0.0,0.0,0.0,0.0,0.0,0.0,0.1014175631342031,-0.200000000000017,0.8,2.0
20.28100000135601,0.0,0.0,0.0,0.0,0.0,0.0,0.1576729991607538,0.0700000000000073,-0.8999999999999999,-22.94999999999997,0.0,0.0,0.0,0.0,0.0,0.0,0.1014023041123064,-0.200000000000017,0.8,2.0
20.31200000084937,0.0,0.0,0.0,0.0,0.0,0.0,0.1576729991607538,0.0700000000000073,-0.8999999999999999,-22.94999999999997,0.0,0.0,0.0,0.0,0.0,0.0,0.1014023041123064,-0.200000000000017,0.8,2.0
20.328000001609325,0.0,0.0,0.0,0.0,0.0,0.0,0.1576729991607538,0.0700000000000073,-0.8999999999999999,-22.94999999999997,0.0,0.0,0.0,0.0,0.0,0.0,0.1013870450904097,-0.200000000000017,0.8,2.0
20.34400000050664,0.0,0.0,0.0,0.0,0.0,0.0,0.1577492942702373,0.0700000000000073,-0.8999999999999999,-22.94999999999997,0.0,0.0,0.0,0.0,0.0,0.0,0.1013870450904097,-0.200000000000017,0.8,2.0
20.35900000110269,0.0,0.0,0.0,0.0,0.0,0.0,0.1577492942702373,0.0700000000000073,-0.8999999999999999,-22.94999999999997,0.0,0.0,0.0,0.0,0.0,0.0,0.1013870450904097,-0.200000000000017,0.8,2.0
20.375,0.0,0.0,0.0,0.0,0.0,0.0,0.1577492942702373,0.0700000000000073,-0.8999999999999999,-22.94999999999997,0.0,0.0,0.0,0.0,0.0,0.0,0.1013870450904097,-0.200000000000017,0.8,2.0
20.39100000075996,0.0,0.0,0.0,0.0,0.0,0.0,0.1577492942702373,0.0700000000000073,-0.8999999999999999,-22.94999999999997,0.0,0.0,0.0,0.0,0.0,0.0,0.1013870450904097,-0.200000000000017,0.8,2.0
20.40600000135601,0.0,0.0,0.0,0.0,0.0,0.0,0.1577340352483406,0.0700000000000073,-0.8999999999999999,-22.94999999999997,0.0,0.0,0.0,0.0,0.0,0.0,0.1014328221560997,-0.200000000000017,0.8,2.0
20.42200000025332,0.0,0.0,0.0,0.0,0.0,0.0,0.1577187762264439,0.0700000000000073,-0.8999999999999999,-23.049999999999983,0.0,0.0,0.0,0.0,0.0,0.0,0.1014480811779964,-0.200000000000017,0.8,2.0
20.43700000084937,0.0,0.0,0.0,0.0,0.0,0.0,0.1577187762264439,0.0700000000000073,-0.8999999999999999,-23.049999999999983,0.0,0.0,0.0,0.0,0.0,0.0,0.1014633401998931,-0.200000000000017,0.8,2.0
20.453000001609325,0.0,0.0,0.0,0.0,0.0,0.0,0.1577187762264439,0.0700000000000073,-0.8999999999999999,-23.049999999999983,0.0,0.0,0.0,0.0,0.0,0.0,0.1014785992217898,-0.200000000000017,0.8,2.0
20.46900000050664,0.0,0.0,0.0,0.0,0.0,0.0,0.1577340352483406,0.0700000000000073,-0.8999999999999999,-23.049999999999983,0.0,0.0,0.0,0.0,0.0,0.0,0.1014785992217898,-0.200000000000017,0.8,2.0
20.5,0.0,0.0,0.0,0.0,0.0,0.0,0.1577187762264439,0.0700000000000073,-0.8999999999999999,-22.94999999999997,0.0,0.0,0.0,0.0,0.0,0.0,0.1014633401998931,-0.200000000000017,0.8,2.0
20.51600000075996,0.0,0.0,0.0,0.0,0.0,0.0,0.1577187762264439,0.0700000000000073,-0.8999999999999999,-22.94999999999997,0.0,0.0,0.0,0.0,0.0,0.0,0.1014633401998931,-0.200000000000017,0.8,2.0
20.53100000135601,0.0,0.0,0.0,0.0,0.0,0.0,0.1577187762264439,0.0700000000000073,-0.8999999999999999,-22.94999999999997,0.0,0.0,0.0,0.0,0.0,0.0,0.1014480811779964,-0.200000000000017,0.8,2.0
20.54700000025332,0.0,0.0,0.0,0.0,0.0,0.0,0.1577187762264439,0.0700000000000073,-0.8999999999999999,-22.94999999999997,0.0,0.0,0.0,0.0,0.0,0.0,0.1014480811779964,-0.200000000000017,0.8,2.0
20.56200000084937,0.0,0.0,0.0,0.0,0.0,0.0,0.1577187762264439,0.0700000000000073,-0.8999999999999999,-22.94999999999997,0.0,0.0,0.0,0.0,0.0,0.0,0.1014480811779964,-0.200000000000017,0.9000000000000001,2.0
20.578000001609325,0.0,0.0,0.0,0.0,0.0,0.0,0.1577187762264439,0.0700000000000073,-0.8999999999999999,-22.94999999999997,0.0,0.0,0.0,0.0,0.0,0.0,0.1014480811779964,-0.200000000000017,0.8,2.0
20.59400000050664,0.0,0.0,0.0,0.0,0.0,0.0,0.1577187762264439,0.0700000000000073,-0.8999999999999999,-22.94999999999997,0.0,0.0,0.0,0.0,0.0,0.0,0.1014480811779964,-0.200000000000017,0.8,2.0
20.60900000110269,0.0,0.0,0.0,0.0,0.0,0.0,0.1577187762264439,0.0700000000000073,-0.8999999999999999,-22.94999999999997,0.0,0.0,0.0,0.0,0.0,0.0,0.1014328221560997,-0.200000000000017,0.9000000000000001,2.0
20.64100000075996,0.0,0.0,0.0,0.0,0.0,0.0,0.1577340352483406,0.0700000000000073,-0.8999999999999999,-22.94999999999997,0.0,0.0,0.0,0.0,0.0,0.0,0.1014480811779964,-0.200000000000017,0.9000000000000001,2.0
20.65600000135601,0.0,0.0,0.0,0.0,0.0,0.0,0.1577340352483406,0.0700000000000073,-0.8999999999999999,-22.94999999999997,0.0,0.0,0.0,0.0,0.0,0.0,0.1014328221560997,-0.200000000000017,0.9000000000000001,2.0
20.67200000025332,0.0,0.0,0.0,0.0,0.0,0.0,0.1577645532921339,0.0700000000000073,-0.8999999999999999,-22.94999999999997,0.0,0.0,0.0,0.0,0.0,0.0,0.1014328221560997,-0.200000000000017,0.9000000000000001,2.0
20.68700000084937,0.0,0.0,0.0,0.0,0.0,0.0,0.1577950713359273,0.0700000000000073,-0.8999999999999999,-22.94999999999997,0.0,0.0,0.0,0.0,0.0,0.0,0.1014328221560997,-0.200000000000017,0.9000000000000001,2.0
20.703000001609325,0.0,0.0,0.0,0.0,0.0,0.0,0.1577950713359273,0.0700000000000073,-0.8999999999999999,-22.94999999999997,0.0,0.0,0.0,0.0,0.0,0.0,0.1014328221560997,-0.200000000000017,0.9000000000000001,2.0
