time_s,L_fx1,L_fy1,L_fz1,L_fx2,L_fy2,L_fz2,L_proximity,L_roll,L_pitch,L_yaw,R_fx1,R_fy1,R_fz1,R_fx2,R_fy2,R_fz2,R_proximity,R_roll,R_pitch,R_yaw
0.0,-0.0,0.0,-0.0,-0.0,0.0,-0.0,0.0,0.0075937174081959,0.024459015355332,-1.1378921608848993,-0.0,0.0,0.0,-0.0,0.0,0.0,0.0001696412886052,-0.0171127678745243,0.0131098483841763,-0.8270164042897937
0.0184309172345058,-0.0,0.0,-0.0,-0.0,0.0,-0.0,0.0,0.0138452201855221,0.0232563562348052,-1.1758333120476243,-0.0,0.0,0.0,0.0,0.0,-0.0,0.0004202481830385,-0.0176205659000294,0.01409689276184,-0.8618908733961163
0.0368618344690116,-0.0,0.0,-0.0,-0.0,0.0,-0.0,0.0,0.0237898307885189,0.0266530185698887,-1.2207684042816582,-0.0,0.0,0.0,-0.0,0.0,0.0,0.0003307803665446,-0.011614573424477,0.0184595908633886,-0.9069968037372952
0.0552927517035174,-0.0,0.0,-0.0,-0.0,0.0,-0.0,0.0,0.0353609490988292,0.0306863466842224,-1.26777306980787,-0.0,0.0,0.0,-0.0,0.0,-0.0,0.0001181166415257,-0.004061794999564,0.0242464714808231,-0.9582570150938086
0.0737236689380232,-0.0,0.0,-0.0,-0.0,0.0,-0.0,0.0,0.0404169000764996,0.0322831160896024,-1.3060790925797028,-0.0,0.0,-0.0,-0.0,0.0,-0.0,0.000126284886417,0.0076998876758088,0.0246080988966135,-0.9999060669622072
0.092154586172529,-0.0,0.0,-0.0,-0.0,0.0,-0.0,0.0,0.0513317204421486,0.0342103755437189,-1.3413527513879668,-0.0,0.0,-0.0,-0.0,0.0,-0.0,0.0001358914361095,0.0287846474656602,0.0305323628955086,-1.0422247625181655
0.1105855034070348,-0.0,0.0,-0.0,-0.0,0.0,-0.0,0.0,0.0697105528186688,0.0372721960616518,-1.372136117807412,-0.0,0.0,-0.0,-0.0,0.0,0.0,0.0001524784307975,0.0662731389421997,0.0450951462767775,-1.081586353729491
0.1290164206415406,-0.0,0.0,-0.0,-0.0,0.0,-0.0,1.135068314550019e-05,0.0913871050251909,0.0406637477040273,-1.4088930285662362,-0.0,0.0,-0.0,-0.0,0.0,-0.0,0.0001589018239667,0.0888227292466258,0.0532349479042653,-1.1204021809994291
0.1474473378760464,-0.0,0.0,-0.0,-0.0,0.0,-0.0,2.524180961052351e-05,0.1152895564032392,0.04006161672901,-1.440996241537042,-0.0,0.0,0.0,-0.0,0.0,0.0,0.0001748889566564,0.1082960228518294,0.0574588211273216,-1.159225859698315
0.1658782551105522,-0.0,0.0,-0.0,-0.0,0.0,-0.0,4.907145979793802e-05,0.1279227901130522,0.0348175074881385,-1.4873018795328472,-0.0,-0.0,-0.0,-0.0,0.0,0.0,0.000200401081969,0.1469128838820894,0.0576760068512486,-1.2039051499187792
0.184309172345058,-0.0,0.0,-0.0,-0.0,-0.0,-0.0,7.366631314914524e-05,0.1422287937203727,0.032675382271864,-1.5315596214490992,-0.0,-0.0,-0.0,-0.0,-0.0,0.0,0.0002379824265047,0.1718586317617643,0.054589065148528,-1.2486724986524729
0.2027400895795638,-0.0,0.0,-0.0,-0.0,0.0,-0.0,9.53726562480286e-05,0.1592846250268006,0.0324318249507,-1.5756989518432438,-0.0,-0.0,-0.0,-0.0,-0.0,-0.0,0.0002820790159799,0.1817269987907418,0.0541602636279363,-1.2949400808032376
0.2211710068140696,-0.0,0.0,-0.0,-0.0,-0.0,-0.0,0.0001112152300576,0.1724761507940826,0.031216957413189,-1.6174320409993728,-0.0,-0.0,-0.0,-0.0,-0.0,-0.0,0.000336962716701,0.1905948366828349,0.054199340876612,-1.332522133309377
0.2396019240485754,-0.0,-0.0,-0.0,0.0,0.0,0.0,0.0001392041078911,0.1840398543521425,0.0285262836418729,-1.6595508637823313,0.0,-0.0,-0.0,-0.0,-0.0,0.0,0.0004026625348994,0.1931010926153612,0.0570545967655263,-1.3716430913084885
0.2580328412830812,-0.0,-0.0,-0.0,0.0,0.0,0.0,0.0001479723612402,0.1847578241117073,0.0247762719290186,-1.7026841790351308,0.0,-0.0,-0.0,-0.0,-0.0,0.0,0.0004670373002517,0.1933506984214957,0.0663727534060085,-1.4174176067708246
0.276463758517587,-0.0,-0.0,-0.0,-0.0,0.0,0.0,0.0001568106622612,0.1832410454955401,0.0263148992563276,-1.7510501218642824,0.0,-0.0,-0.0,-0.0,0.0,0.0,0.0005328413764468,0.1995672526882908,0.0724760175658556,-1.4614779450098891
0.2948946757520928,-0.0,-0.0,-0.0,-0.0,0.0,0.0,0.0001757908304281,0.1843735916946706,0.0313925342784642,-1.802980878134448,-0.0,-0.0,-0.0,-0.0,0.0,-0.0,0.0006023062196084,0.2120347104740214,0.072112140247328,-1.500148325809753
0.3133255929865986,-0.0,-0.0,-0.0,0.0,0.0,0.0,0.0002210165207205,0.1834425003594854,0.035223363232063,-1.856704533497876,-0.0,-0.0,-0.0,-0.0,0.0,0.0,0.0006803999921407,0.215090445131644,0.0688411003751901,-1.5429097757417298
0.3317565102211044,-0.0,-0.0,-0.0,-0.0,0.0,0.0,0.0002576175308609,0.1827332869813754,0.035536217299619,-1.898186963717697,-0.0,-0.0,-0.0,-0.0,0.0,-0.0,0.0007832500966747,0.2192407102398334,0.0626877549411286,-1.5877819813777347
0.3501874274556102,-0.0,-0.0,-0.0,-0.0,0.0,0.0,0.0002958465920577,0.183362549474236,0.0406000311219457,-1.9195154370740808,-0.0,-0.0,-0.0,0.0,0.0,-0.0,0.0009103146400594,0.2375575030521697,0.0599705862646191,-1.632206957046488
0.368618344690116,-0.0,-0.0,-0.0,-0.0,0.0,0.0,0.000355612090866,0.1840178681454665,0.0444248294826637,-1.9488999236770563,0.0,-0.0,-0.0,0.0,0.0,-0.0,0.001002237569041,0.2478427247928213,0.0617901507576001,-1.6754471757764822
0.3870492619246218,-0.0,-0.0,-0.0,-0.0,0.0,0.0,0.0004313360751959,0.1829113658071393,0.044486507716555,-1.9837065879718625,0.0,-0.0,-0.0,0.0,0.0,-0.0,0.0010887102599987,0.252005732584928,0.0678548740797572,-1.723390306733574
0.4054801791591276,0.0,4.628646299955122e-07,0.0,0.0,5.811136803556643e-07,0.0,0.0004898208272641,0.1869267255943435,0.0494236489881811,-2.028513449122345,5.394147148838516e-08,-1.664516062312254e-06,0.0,2.486627182728696e-07,2.9109071956343225e-06,0.0,0.0012077090864565,0.2598571197917806,0.0671337264492272,-1.7592093761494825
0.4239110963936334,0.0,7.824831965838395e-07,0.0,0.0,3.785213883308781e-08,0.0,0.0005483541682312,0.1903762796516268,0.0483801535925226,-2.071649486999788,0.0,-2.41953763731157e-06,1.7542615367921684e-06,3.5431051292441656e-06,5.145136924068256e-06,0.0,0.0013077532158022,0.2637387411768733,0.0687971738270481,-1.79613072136181
0.4423420136281392,0.0,-3.341072880081082e-07,0.0,1.5366746471676777e-06,-8.955614150012104e-07,0.0,0.0006326030846342,0.1843713411550799,0.0368024177379918,-2.1117324256178582,0.0,-7.358322906466028e-06,8.387389956456048e-06,6.920182675621171e-06,5.785257211105076e-06,0.0,0.0014105596154014,0.2651782850314539,0.0671668919575806,-1.8380411392135712
0.460772930862645,8.850056688525511e-05,2.167323799005744e-06,0.0,3.075937416879155e-06,-3.81741649092555e-07,0.0,0.000721554832164,0.1800514117667632,0.0316320692072897,-2.157907110132294,5.121064016691063e-06,-1.1517195424859577e-05,7.0534905459042435e-06,8.390075217119006e-06,4.909987828637278e-06,1.5375720071053865e-07,0.0015163405830536,0.2651929512680747,0.0626045992039752,-1.8727544338107665
0.4792038480971508,0.0005780474441281,3.9230923412638895e-06,0.0,4.786500075170147e-06,-8.124681756254209e-06,0.0,0.0007826613612503,0.1762487888465288,0.0289782738816061,-2.20614803460349,6.792651175838488e-06,-1.265826206165772e-05,8.768705191147469e-06,3.4993312331883782e-06,1.0372106199791054e-06,6.614808658549116e-07,0.0016382543074502,0.264920883181645,0.0567418288084654,-1.9116567500705888
0.4976347653316566,0.0058826553569533,6.426563577840179e-06,0.0,0.0011740533423888,-1.5446373795933274e-05,6.019118241410528e-05,0.0008664789901864,0.1584884442636493,0.0357435702949925,-2.258022426026956,7.769216757541149e-06,-1.1783540805490678e-05,8.243630893582385e-06,0.0,-0.0010119260975738,0.00014565711676000002,0.0017600298172683,0.2478593365695811,0.0570100085932271,-1.9562457409152023
0.5160656825661625,0.0316803638885552,-3.438644616877164e-06,0.004291901437621,0.0103746921336241,5.282791949089109e-05,0.0031248293147268,0.0009533033585636,0.1377518381965856,0.0393813992973892,-2.3102382695083983,4.209112961601663e-06,-1.0858344431365589e-05,3.194616570644335e-06,0.0,-0.0025350180283469,0.008422968005977,0.0018875469258156,0.2278589786350306,0.0576586592797217,-1.999737938377972
0.5344965998006682,0.0449288624042016,1.1549917861285428e-06,0.0175758518781178,0.0358818074911356,0.000544914705113,0.0083027566043568,0.0010273230770739,0.1148169297986998,0.0342373053245475,-2.3548307270827484,0.0004134102442415,8.034295628528786e-08,1.6369224776805705e-05,0.0,-0.0048011407370172,0.0386874816936064,0.0020227082746361,0.2071712227651076,0.0582190783416552,-2.0423636814345576
0.5529275170351741,0.0956437711039514,1.115423406871436e-06,0.0,0.1208711212489851,0.0020860168483441,0.0336162025825256,0.0011196762290341,0.0639346684097816,0.0367771631526002,-2.4001999504694767,0.0024906539425561,0.0018471793048123,0.0118905749014724,0.0,-0.0057426236086948,0.1431907175011292,0.0021400184033204,0.1777433654223201,0.0579668176765673,-2.0929540393236765
0.5713584342696798,0.1589476351475344,-8.160606901727399e-06,0.108691595080039,0.2451503008317175,0.0168620067327069,0.072055605322058,0.0012110563678722,0.005922009526602,0.0436313104879304,-2.44583588411642,0.0,0.0080325590498962,0.0267805744629888,0.0,-0.0067547574469543,0.3053380251003116,0.0022733697667065,0.1422183162771929,0.0574726080852324,-2.1474404018316338
0.5897893515041857,0.2908397345154478,5.315901589145984e-05,0.284743958360246,0.3585077684155248,0.0230760642579879,0.21066769253128,0.0013666099952124,-0.048452763050667,0.0497402808178664,-2.485747983380684,0.008963887675983,0.0143598668926086,0.0610211436275484,0.0,-0.0093197735380037,0.42583217049781,0.0024079348136905,0.1035981029204813,0.053341341649874,-2.1970574519703203
0.6082202687386915,0.5081656113322326,0.0005700340750763,0.491495461212152,0.5065537627520799,0.0502077613141569,0.4525496835244128,0.0015757328817032,-0.0987658047415876,0.0580089573220166,-2.525807310517161,0.0184520597543614,0.0260674236774762,0.0981301539270812,0.0,-0.0096155974548959,0.5383011810259838,0.0024993393479159,0.0653136790674044,0.0527957686926753,-2.23818283536145
0.6266511859731972,0.7326694154447765,0.0009538105858912,0.7382686388692784,0.6156369430130912,0.0887491118417411,0.6517913762191624,0.0018443441805989,-0.1492206879238304,0.0672054125259503,-2.558954720452669,0.0,0.0509628600155927,0.1616509336989152,0.0,-0.0103021529770164,0.7104458055147078,0.0025764474371192,0.0278054356444246,0.050932080085193,-2.277999384534178
0.6450821032077031,0.9866643576609327,0.0015377249296813,1.0886685100549696,0.8134909791592795,0.1674944341128255,0.956641202487528,0.0021772654100678,-0.2056890650245688,0.0798602621623616,-2.6052503309841035,0.0,0.0852677569231969,0.2948960506042528,0.0,-0.0071782616145366,0.9843521953012638,0.0026457351984137,-0.0069734992247829,0.0509707552831433,-2.322825221066936
0.6635130204422088,1.2025813554804214,0.0056331947224876,1.487900732766155,1.119540292754711,0.2571782762277587,1.4217513733085811,0.002579250154398,-0.2640371497844043,0.0893907098511805,-2.6487804882450647,0.0,0.1207072721931551,0.4585722182122426,0.0,-0.0053335203463157,1.3385397928026286,0.0027178520991133,-0.0391263019253534,0.0525707485714249,-2.369667090263446
0.6819439376767147,1.3439090990916016,0.013417695846087,1.9284416503836728,1.4236138130252147,0.3204077444672722,1.7937730122425213,0.0030592769658323,-0.3224492396758628,0.0770454102896401,-2.6896774915338546,0.0,0.1684318058805061,0.731535296817217,0.0,-0.0015250671877045,1.6988413578195332,0.0027955050019646,-0.0817615270009844,0.0532957931533591,-2.4211100784246
0.7003748549112204,1.6672458457104566,0.0194770369496324,2.245500344891878,1.6300626771822442,0.3563475501692386,2.202565371794476,0.0035864083504586,-0.3816627929300716,0.0718570247831923,-2.7354678314916456,0.0,0.1944497804963167,0.8290931891548974,0.0,3.503668888745691e-05,1.876108980525864,0.0028672018875462,-0.1184929652361159,0.0445492719119333,-2.4698767478039434
0.7188057721457263,1.9039588750475311,0.0290314931535554,2.5261175340811346,1.8005284841385394,0.386201657037776,2.371256520638862,0.0041925536645189,-0.4282909001543037,0.0739237753604559,-2.7763421054004134,0.0,0.2230906914602062,1.0164859201601548,0.0,4.9865409675011184e-05,2.0865917255135313,0.0029552068344703,-0.1439618916002993,0.0271358307711018,-2.506168574676144
0.737236689380232,2.137852383843992,0.0469697682551459,2.7696133475233418,1.9106417491231664,0.4313516034072794,2.6409038949797745,0.0049740997536142,-0.4565092731376269,0.0724959635439884,-2.8345073065441806,0.0,0.2250899129661395,1.3002543023035018,0.0,4.362721975338976e-05,2.199968280903734,0.0030785347065485,-0.1629300085683885,0.0285448356314827,-2.5505797348120782
0.7556676066147379,2.2508691530960454,0.0427798101835643,2.819166572282365,2.0868674960040634,0.4914569205039376,2.7549332001959748,0.005765402025226,-0.4875030174486269,0.0733537776857757,-2.8895545189021834,0.0,0.2498676543032862,1.6588334912101415,0.0,5.082179169559514e-05,2.501336883029762,0.0032114076153534,-0.1839424349868124,0.0325829155437998,-2.597394048468593
0.7740985238492437,2.408801684671208,0.0414215846688371,3.1555380256893586,2.188405324268477,0.501734790469187,2.9340749607403738,0.006474118928655,-0.5173018391711605,0.0751652196511616,-2.9250851657363697,0.0,0.2723029858938836,1.8204179169568635,0.0,4.597101935948983e-05,2.6830242802524418,0.0033260191211844,-0.1934012933569308,0.0308575122588892,-2.649274470345086
0.7925294410837495,2.415908821000229,0.0546047421977495,3.4551698359459695,2.2986174380070343,0.5095535719833003,3.096932646019536,0.0071912428611267,-0.543262241423202,0.0689731949744541,-2.992339338214188,0.0,0.2819533074387463,2.03617045468694,0.0,0.001705120910911,2.8431702152732914,0.0034151080667871,-0.2041967924392725,0.0276323395302907,-2.695071224161945
0.8109603583182553,2.497108354344244,0.0716884163931801,3.6777860624085696,2.309352819092919,0.5243078862713835,3.1963679830401452,0.0079039567608216,-0.5540305834973743,0.053043852973804,-3.0585412052174274,0.0,0.2777076616068444,2.1663588562889946,0.0,0.0029688778937471,2.9372281686707304,0.003487182751156,-0.2138591605209054,0.0219118921876235,-2.740763870438779
0.829391275552761,2.589271390681938,0.0467725145487356,3.695814810651234,2.267739928818928,0.5053179049181197,3.2249976534396083,0.0085472190553971,-0.5633213947391736,0.0380048522279078,-3.1026239073127795,0.0,0.301862602595861,2.248748538722704,0.0,0.0105547136094082,2.906033609716705,0.0035905255471121,-0.2067862986204177,0.0148020650236712,-2.7948845958376145
0.8478221927872669,2.6521115961181185,0.0462139357014593,3.7229475061295214,2.227267605782483,0.4930213386543314,3.2593977659005406,0.0092276783242209,-0.5673347858276416,0.0295882308403462,-3.1460834662154675,0.0,0.2907176816724037,2.244342339516431,0.0,0.0139969162171146,2.833390928224635,0.0037018952777259,-0.1932667933352891,0.0057687557055547,-2.849041206816381
0.8662531100217726,2.604644047671365,0.0277283792930043,3.7317106103746287,2.1996882745356503,0.4910193047010598,3.23485864104156,0.0097453200296585,-0.5629117416247705,0.0280938820274151,-3.1944551652199644,0.0,0.2860923190857246,2.2404257140490342,0.0,0.0136767980948354,2.831649227847437,0.0038290488711991,-0.1901152173720374,-0.0002844309296165,-2.904647474187944
0.8846840272562785,2.5105225770780537,0.0115872032561166,3.583616628521526,2.0697321961339936,0.5021159558457232,3.234741253390941,0.0100881287157129,-0.5605216140140385,0.0296967618404095,-3.2389048907281506,0.0,0.2555713942174722,2.2080794626478424,0.0,0.009070496541411,2.7783863940822418,0.0039513402559742,-0.1974598845648329,-0.0057007658406094,-2.9607567560749355
0.9031149444907844,2.4185170336725714,0.0226973110886625,3.487877331577357,2.076430513058098,0.4966084433345655,3.130356532011658,0.0103907124263238,-0.5698762997218458,0.0364216875447934,-3.2849901596066444,0.0,0.263559561408424,2.1761202070837897,0.0,0.0097553346530503,2.7587586300373945,0.0040715242263478,-0.2056049873706088,-0.0121051893516628,-3.019295937189544
0.92154586172529,2.377690451438889,0.0238104563851122,3.51326673866131,2.0245107569374268,0.4649148791116623,3.0933381442765104,0.0106396400542226,-0.5678299484050493,0.0392646534678878,-3.3353494443819014,0.0,0.2340120202257735,2.117317635781179,0.0,0.0123833141846374,2.652162321056308,0.0041926336321313,-0.200958909446819,-0.0129550671529908,-3.068521111435069
0.939976778959796,2.3446521552808863,0.02967894166449,3.4242398969371,1.959769780643628,0.4865035417350357,3.0164181432781234,0.0108374663769984,-0.5683823939793714,0.0412886361969806,-3.3815415228973413,0.0,0.2320692447458762,2.051779676447892,0.0,0.0029691975758313,2.6186949708528653,0.0043083727368286,-0.2054596705713862,-0.0144918871360108,-3.126519968172984
0.9584076961943016,2.381730577303644,0.0300541381873067,3.347554800546286,1.9521933993598224,0.4961522719413916,2.9721422620165576,0.0108345640116976,-0.5700887134261808,0.0521849530815014,-3.4222459869573254,0.0,0.2284986989272598,1.9312141496422963,0.0,-0.0015707052017315,2.584436441010855,0.0044045835869458,-0.2052429286648474,-0.0174154986697997,-3.1774602806693
0.9768386134288076,2.421408623206671,0.0116594713193183,3.3507409102605688,2.004867278939875,0.5182462239914344,2.9498321329459594,0.0107708668195019,-0.5708502641206565,0.0592654758371444,-3.4701796479335387,0.0,0.2607968621204787,1.8614901924398444,0.0,0.0109993895545952,2.5807694305998345,0.0044662134233637,-0.2091538990280115,-0.0208661073564589,-3.2294231264071414
0.9952695306633133,2.39582411837394,0.016836895355613,3.3115668400206366,2.0049333909443328,0.5291614069643956,2.924926031375955,0.0106716780607005,-0.5675621416082598,0.0583006690613251,-3.5255090486574026,0.0,0.2276613636055766,1.7923282453500151,0.0,0.0092398055523512,2.514747348184824,0.0045032851833215,-0.2163496445221261,-0.0265615030921879,-3.270851466876556
1.013700447897819,2.4485392650983897,0.022549897439417,3.3007884970275465,1.9793386344052173,0.5471118762932623,2.878607775198572,0.010599002483037,-0.5595931923862333,0.0523796218574622,-3.5621413461870484,0.0,0.2463363691191447,1.8039686461453524,0.0,0.0113835067184715,2.506009955602438,0.0045385664779561,-0.2266815584914382,-0.0271826873015044,-3.314664694967005
1.032131365132325,2.432264329269833,0.0245527879799881,3.29949932699329,1.9732289930118248,0.5549634976821206,2.863756256218488,0.0105436763854406,-0.5611651226364655,0.0437981094160438,-3.594408367416886,0.0,0.2399336439926278,1.8340749552841924,0.0,0.0113851657853602,2.5111262433250987,0.0045815631180433,-0.2349651299391504,-0.0301844098325638,-3.3516273833065227
1.0505622823668308,2.48078665309166,0.023433750145183,3.380846393523372,2.08361427633183,0.5528305380491463,2.868802507755701,0.010537465711852,-0.5688995328161974,0.0325362872471843,-3.6252448283546177,0.0,0.2367062625543152,1.7998384949205697,0.0,0.007958237196927,2.5015715591835046,0.0045982622850589,-0.2308948440856158,-0.0354817954507545,-3.383371161337168
1.0689931996013364,2.498532959947619,0.0112518086561847,3.3721142462159626,2.024079931861701,0.5603699212034552,2.909566658947682,0.0104976164131113,-0.569304863470727,0.0348077495313044,-3.658929155516351,0.0,0.2414551359233329,1.796094165020681,0.0,0.0059076173038266,2.450656652357337,0.004604701939468,-0.2365161128942634,-0.0380543974868325,-3.416486415295318
1.0874241168358425,2.525299385590087,0.0102438593454859,3.333250452938457,2.010534247991989,0.5724093344928182,2.8901822250447444,0.0104877157599996,-0.5706252551897464,0.0391265701349534,-3.706019790021496,0.0,0.2381195830057759,1.69448068535074,0.0,0.0043521883284321,2.433572366129097,0.0046051525949866,-0.2488793483563744,-0.0382214249656619,-3.462897846050135
1.105855034070348,2.529237132001233,0.0116465870276344,3.3703044799585817,2.06029183244978,0.5669273931542888,2.8839880963202944,0.0105062785268725,-0.5740640738337592,0.0448218635969696,-3.74772152865434,0.0,0.2368243897169516,1.7796007473740942,0.0,0.0111728544844143,2.450617679311307,0.0045885989743872,-0.2600534751290466,-0.0397506819246155,-3.4937832356753216
1.124285951304854,2.549875748455532,0.0283944969816703,3.353929981464455,2.1081589083765704,0.5643592836323174,2.937234243396859,0.0105182760358749,-0.5735139169797885,0.0449592361601474,-3.7884596889820767,0.0,0.2595033173051937,1.8655524222917412,0.0,0.019852065369737,2.4871611840439214,0.0045704228236886,-0.269763557550839,-0.0404636461428372,-3.540390058151649
1.1427168685393596,2.4659468299570686,0.0398438945473005,3.287578814371486,2.1096289890353663,0.549823987026168,3.0067279589652274,0.0105244677137281,-0.5876876985449445,0.041779149823333,-3.830367141277089,0.0,0.2529588595341716,1.9300994314113031,0.0,0.0085141157298317,2.4213760052976383,0.0045725176691816,-0.2766781628263533,-0.0405480572644371,-3.581585060926724
1.1611477857738657,2.471290991240374,0.0370111680017232,3.256592432309949,2.086454116496763,0.5291558328620882,3.012726860160592,0.0105214726538487,-0.5773175905522905,0.0417093423050262,-3.869032905278933,0.0,0.2555087365479198,2.002762868045236,0.0,0.0088555490905651,2.465955021297578,0.0045993443816545,-0.2765926979957612,-0.0394690844580846,-3.6275575011657697
1.1795787030083713,2.406338658759126,0.0220139847146018,3.167079213599274,2.0985002634280687,0.5341142221888298,3.102194704951996,0.0105224855305938,-0.5632654671542942,0.0411066100078072,-3.9180983366037214,0.0,0.2415920986153907,2.029167087731455,0.0,0.0133149392620612,2.497606095142273,0.0046398609955504,-0.276501310237863,-0.0399470388136568,-3.657041572783712
1.1980096202428772,2.4292812623799502,0.0266511121941033,3.1497138884171263,2.1264483293358185,0.5453018366118526,3.1405300493387185,0.0105352031375326,-0.560606322136747,0.0425441032499003,-3.9660908450433663,0.0,0.2271896617494352,1.9266906992271629,0.0,0.0079664725457725,2.486158293884396,0.0046588317049376,-0.2835617963311782,-0.0370047889329859,-3.696482113558135
1.216440537477383,2.4154636480552587,0.0268204762853346,3.131634732827264,2.0498539549835564,0.5357255856346363,3.1727307940516822,0.0105473296688772,-0.5572774788920023,0.0415084586406575,-4.0084398658544025,0.0,0.2379511359121058,1.9863511167209875,0.0,0.0127616239155159,2.4500120414131006,0.0046371092188705,-0.2946895872636643,-0.0374048345479202,-3.738408736831214
1.2348714547118886,2.391984792025705,0.039944141253661,3.203876698145598,2.087739653047106,0.5265495280875664,3.1575875389557564,0.0105581505974079,-0.5566742112417675,0.0330094368718864,-4.062192637522125,0.0,0.231242546765123,1.988092157930172,0.0,0.0133726816379745,2.4642406498459137,0.0045728328238735,-0.294638445027283,-0.0351689865494403,-3.774916041485222
1.2533023719463945,2.42115926468362,0.0477558275752524,3.230869410247105,2.1187280734605825,0.5285783598724774,3.1329300511840223,0.0104768536913774,-0.5585853244118196,0.0307346765553046,-4.101203063555505,0.0,0.2415571622681582,2.122146621523086,0.0,0.0129510207206857,2.465715253490615,0.0044729495530267,-0.3022678079063773,-0.0380961205576578,-3.796130941893021
1.2717332891809003,2.380788742780604,0.0391491533923408,3.289572665098401,2.115542650874978,0.5144954860540283,3.143908648572707,0.0102920811891171,-0.5568599096401118,0.0277546003249396,-4.13922730655008,0.0,0.2363873371137241,2.0760973024468936,0.0,0.0096255349377169,2.4906215115893686,0.0043678978859546,-0.3052137293129672,-0.0373177646503081,-3.842546302107014
1.2901642064154062,2.3339102773395544,0.0209497896723073,3.3210722218524005,2.1164846224081093,0.5049609120279683,3.106554794169902,0.0099326280824193,-0.563539156928683,0.0270632433308324,-4.168358306904591,0.0,0.2416975935792622,2.016189103410379,0.0,0.016051810772132,2.4624143305216,0.0043406140905309,-0.3038501559480298,-0.0273299424008131,-3.8932960350309513
1.3085951236499118,2.3831233328668,0.0310732774225638,3.3360342761911252,2.162001159918283,0.5054836792831885,3.022150109349059,0.0096293241817576,-0.5590080713147417,0.0288859959311057,-4.2086197174025335,0.0,0.2541708247622752,1.981585860310392,0.0,0.0215245389224848,2.483414855574809,0.0041624166913007,-0.3041972883244346,-0.0213817231901132,-3.930845052173022
1.3270260408844177,2.399844743870185,0.0383894514591401,3.3472088354825025,2.172064973873672,0.5072226510804226,3.043976865735162,0.0093446551103316,-0.5512087778056068,0.0298603250981389,-4.250046100697811,0.0,0.2742601729659904,1.9053466401407175,0.0,0.023498673407309,2.5124752982683765,0.0038254417203333,-0.3026701321997854,-0.0168464387297117,-3.9600619183980745
1.3454569581189235,2.462506121068215,0.0542897635879333,3.414175865799838,2.2842207782044857,0.4914621854500334,2.9826359465315697,0.0091618046401081,-0.5519451277322613,0.0257358054984013,-4.287166591408923,0.0,0.2706030609305691,1.9273281864088636,0.0,0.0190127448487985,2.4818185514418305,0.0036823985940505,-0.3093380239420754,-0.0156569256464809,-4.005514990080547
1.3638878753534294,2.4609340803373145,0.0628783314153974,3.4025776647877333,2.317380343004521,0.4655322269489703,2.979097208486549,0.0090526719707365,-0.5511399981901649,0.023042557388752,-4.321016350675233,0.0,0.2769042829384238,2.0102951171243206,0.0,0.0186480528222467,2.4625094386585262,0.0035661950262506,-0.3150955320772435,-0.0141156925492816,-4.0377817926775545
1.3823187925879352,2.4254465912215704,0.0848014253287818,3.5018745174671366,2.364812399127924,0.4619701356054757,2.929616439255996,0.0092481263761462,-0.5497639320773945,0.022618050724283,-4.356502561852524,0.0,0.2639706425963652,2.0002525761566874,0.0,0.0171171734816226,2.487510362323003,0.0035788396115737,-0.3149256021584711,-0.0144982593402471,-4.071239576033542
1.4007497098224408,2.4322754318517936,0.072522225564272,3.502068185583296,2.359497741809764,0.4638520920397431,2.889144031002568,0.0099386248594202,-0.5430805220518033,0.0247809493263993,-4.395926520666904,0.0,0.2719260512865514,2.02863390814392,0.0,0.0218582432595855,2.5191687402683782,0.00358453352316,-0.3160122597116503,-0.0152191200636839,-4.115670036459567
1.4191806270569467,2.37581203126952,0.0679404463459943,3.499048412970424,2.304124816224449,0.4621218144359585,2.9211341776880246,0.0108985037906243,-0.5309114979747662,0.0226748046009002,-4.4328780723975045,0.0,0.2806502844554103,1.9547853387715448,0.0,0.0248366968015512,2.58756338617194,0.0035309845316695,-0.3083231359456905,-0.0139681007954622,-4.164841899793883
1.4376115442914523,2.425684204326124,0.0748925538510178,3.452307138827184,2.295398716573676,0.4640127941891038,2.949614866684264,0.0110193007899846,-0.5207487352812126,0.0215234843383461,-4.479832232422432,0.0,0.2723377193412444,1.9641792927913593,0.0,0.025805321919612,2.550760541153771,0.0038014695108383,-0.3077797934237388,-0.020803489014319,-4.205770015490596
1.4560424615259584,2.4189739583976304,0.0785946606568805,3.441716032173296,2.223012048100596,0.4643042765352279,2.926610048310448,0.0110211672740529,-0.5195147090107736,0.0209696035661039,-4.542039311562057,0.0,0.2664682703707399,1.994968144010476,0.0,0.0160752699498528,2.536196783905238,0.0041050782135293,-0.3061646907413612,-0.0254785804486539,-4.252464578291504
1.474473378760464,2.33825871866281,0.0662764333650797,3.4309876104599057,2.167687831865673,0.4494206279867297,2.9330872738925766,0.0109002949919308,-0.5185011738025981,0.0180622195148122,-4.602368221821402,0.0,0.2506112096534169,1.9694641601818863,0.0,0.015876338431109,2.5662745531838898,0.0045038094779878,-0.303047906271685,-0.0265850960446075,-4.318443672676443
1.49290429599497,2.337016319687229,0.066753391873188,3.4174672639058734,2.2037469944921617,0.4437552009990655,2.9250828890156693,0.0108049009579831,-0.5097573465371628,0.0186622788960055,-4.658172432277501,0.0,0.2459770850278604,1.8886347481648864,0.0,0.0126238627485112,2.5154699364994086,0.0046743298847298,-0.2947502248493141,-0.0284320886158291,-4.37550382713534
1.5113352132294755,2.299148551045332,0.0709312877336795,3.3920410418847857,2.083419755079869,0.4358203398275149,2.9998571272547117,0.0107213108315649,-0.4874004364408023,0.0207993021627031,-4.70335777967157,0.0,0.2588251383368317,1.841723142393648,0.0,0.0163006488396378,2.550610662933573,0.0047360888828928,-0.2776574892275669,-0.028926725555264,-4.418262031278525
1.5297661304639816,2.23536897471431,0.0759389385512099,3.4361127606725472,2.02810870693016,0.4427600063887652,2.928831996220501,0.0107308987532571,-0.4813028739859596,0.0131497613212643,-4.754092207771042,0.0,0.2745447321237497,1.7571098898618678,0.0,0.0206599773552155,2.5970545638783102,0.0047399494990893,-0.2794214887386164,-0.0362886111892724,-4.481501771693879
1.5481970476984874,2.266765000640269,0.0669044789231094,3.3453461613946556,1.980204414627358,0.453167097805707,2.9559424401699546,0.0107524999100934,-0.4846221078491005,0.0010992256344747,-4.817559363661272,0.0,0.2878543461010299,1.7531150607241328,0.0,0.0194890015590503,2.628442468291141,0.0047474837672391,-0.2766145597262446,-0.040296495821059,-4.547817630483101
1.566627964932993,2.2660994851027096,0.0712793867815241,3.2848975634095106,1.913529171117274,0.4508821581919496,2.9822439586385756,0.0107393830225965,-0.4865656406265024,-0.0088481208577415,-4.854064476861424,0.0,0.2954730253532052,1.7118846053881922,0.0,0.017976600328768,2.6326363216726896,0.0047372640404185,-0.2737468333314266,-0.0443704861423127,-4.591804151659035
1.585058882167499,2.2512916928765296,0.0880556946617447,3.2689632057775206,1.918694474432653,0.4477188175130703,2.9866862860451255,0.0107236364180211,-0.482883311133194,-0.0107032702296731,-4.904891365965723,0.0,0.2920441312113893,1.6995946501889783,0.0,0.0114650234825753,2.61130326390263,0.0047296486562443,-0.2696081506925202,-0.0493540212271464,-4.652483124841843
1.6034897994020048,2.1721218261240907,0.0803013038999316,3.229773663769416,1.930645101321532,0.4564058226612944,3.013725896643573,0.0107360962061303,-0.4845942018456776,-0.0074126827020105,-4.940552917071448,0.0,0.2856384189601342,1.7438563907421545,0.0,0.0111191890656285,2.6270002927274896,0.0047152104129368,-0.2614750452801127,-0.0509087721753412,-4.707032675124098
1.6219207166365106,2.185678264331953,0.0807886486077075,3.238639200734598,2.0074142611101307,0.4574530316485599,3.0579744915651283,0.0107598186869884,-0.4928867882697439,0.0034681521960947,-4.960185316632984,0.0,0.2803203621981601,1.7113087147467507,0.0,0.0137150110485094,2.6275222977204087,0.0047047852645992,-0.2578869572465163,-0.0510610548932259,-4.754833679620614
1.6403516338710165,2.2352868099793177,0.0805122543365302,3.2602228740553936,1.979728874286336,0.4648585293540277,3.038000469172582,0.0107505626977309,-0.4954825956686001,0.0138211543941271,-4.990879112681314,0.0,0.2707388758449542,1.7298862981633538,0.0,0.0111161821095748,2.5942179859139,0.0046951387968235,-0.251202425623944,-0.0538622449399828,-4.800233114946954
1.658782551105522,2.205239598858169,0.0848503869097654,3.319589388271942,1.946950883001676,0.4869740782833968,3.0084834679189876,0.0107672208277191,-0.4942103582057269,0.0172429452159554,-5.02382087885753,0.0,0.2729126161372629,1.8218306569439555,0.0,0.0123453307595048,2.586028591357856,0.0046991471949067,-0.2425244266192021,-0.0595945933318233,-4.854280641507347
1.677213468340028,2.147167262670613,0.0715970884456647,3.3148487007597978,1.994889725168932,0.4995676668631347,2.8931605311598942,0.0107658448497803,-0.5069755616514608,0.0212890358351683,-5.055402361825352,0.0,0.2723274973755162,1.827971712602951,0.0,0.0078018936871745,2.578484367852162,0.0047006683404567,-0.240568598938624,-0.0645978542318944,-4.905548915475017
1.6956443855745338,2.172648105961414,0.0697527833665331,3.2337727888087184,1.9698654325465768,0.5077459354238064,2.944522162373248,0.0107870197068541,-0.5156894009894901,0.0227699408978263,-5.0915849885893305,0.0,0.2552862037273176,1.8960373137562865,0.0,0.0037412136948142,2.592161371855663,0.004712479111853,-0.2432905924279093,-0.0701893826055341,-4.959145801118028
1.7140753028090396,2.1572517587635214,0.0582134008384058,3.2552783607157196,2.038547896715846,0.4921682670563033,2.878436609888676,0.0107885433249918,-0.5220301040593017,0.0219276363504074,-5.115035667606473,0.0,0.2537534921179888,1.857816446156676,0.0,0.0090823660853637,2.6049699027677846,0.0047163313780086,-0.2491262768794277,-0.0670160462639934,-4.989156694142657
1.7325062200435453,2.1857844174046583,0.0748735648978023,3.336919257805027,2.0364400102919724,0.4838747405467644,2.9637692397381508,0.0107847389405474,-0.5221449809272433,0.0210503858629137,-5.149683179889996,0.0,0.2466540752157524,1.8205665267894888,0.0,0.006701597427632,2.5621215218954023,0.0047161141762462,-0.2502439830255034,-0.0658242847836253,-5.027468045620031
1.7509371372780511,2.1895097516501862,0.0634991474685888,3.3792403776763407,2.063799076234224,0.4736925859239271,2.9962616769704,0.0108048528534235,-0.5209703987433978,0.0202287575396413,-5.1693480136403975,0.0,0.2252531926243056,1.8450357655108975,0.0,0.0134253178966354,2.6035550562296015,0.0047151471641301,-0.2509268335742972,-0.0591848801167116,-5.062284632021366
1.769368054512557,2.202802717693046,0.0624497572717031,3.462596862448993,2.0225314690058043,0.470530733706681,2.962967609497371,0.0107972255425233,-0.5340386488045814,0.0179819955331624,-5.212500361961298,0.0,0.2306715019612643,1.9053362822213296,0.0,0.007319093470863,2.569550234649445,0.0047185093383287,-0.2557456713898871,-0.0541521745196449,-5.107508782897903
1.7877989717470628,2.215526147593424,0.0540666681026448,3.507635120651752,1.9954488465432367,0.4772258540044326,2.8896608572710307,0.0107980110316479,-0.5442622913459458,0.0149658192991352,-5.25633492884929,0.0,0.2262276903472038,1.958712352318948,0.0,0.0027187308368804,2.5656109780761382,0.0047200661612448,-0.2588752578400804,-0.049692502834382,-5.130114800428332
1.8062298889815689,2.209442178625595,0.063288288942802,3.49139310276895,1.994821658907504,0.4755625145577231,2.941816349661849,0.0107636611691358,-0.5328426423859894,0.0084618501048137,-5.30491370461428,0.0,0.237364135465298,1.9738650505036863,0.0,0.0043261708633498,2.5787829722240265,0.0047331056488046,-0.2595318889140585,-0.046412679185101,-5.180054492074572
1.8246608062160743,2.2092907330079106,0.0549369505296089,3.4392351221917283,1.9670762000029487,0.4731442172597156,2.936279083609865,0.0107526429342527,-0.5261871502821018,0.0129159692558329,-5.362947096275174,0.0,0.2174950108312405,2.003779746502336,0.0,-0.0024927039806437,2.608861016919412,0.0047343245020256,-0.2644561324602544,-0.040927801464091,-5.19748519626408
1.84309172345058,2.263006853757498,0.0621724568618137,3.4809269113552825,1.9697228194666867,0.4806871528773445,2.9587441248549973,0.0107484757660643,-0.5130699629326583,0.0187688696876139,-5.416728172972834,0.0,0.2169378731219438,1.9168850519025016,0.0,0.0039548179596667,2.661282196222116,0.0047380332657265,-0.2788305162483581,-0.0370147460990323,-5.222624434852845
1.861522640685086,2.2790186387460207,0.0441744148666903,3.5655276760067207,2.026011958018425,0.4756352489817745,2.9482263514161127,0.0107567620626758,-0.5051872970106185,0.026175443205603,-5.4580975720887865,0.0,0.2250881864868785,1.960246973307672,0.0,0.0019210582796298,2.67011947891307,0.0047391569104599,-0.2880171921085701,-0.0322282605791853,-5.26183130667282
1.879953557919592,2.236625622266977,0.041025326568611,3.58204154275242,1.9867967504316315,0.5017458935555501,2.9703517707085534,0.0107624286540251,-0.4929786691763156,0.0257280153864607,-5.51592899870475,0.0,0.2350004840004058,1.980657811429756,0.0,-0.0108309931010537,2.671707286240664,0.0047435616440347,-0.3044021851574373,-0.0336481623816432,-5.288623947348823
1.8983844751540973,2.1457176440621133,0.0173378128978213,3.523862670785201,2.0775714337785134,0.5042558285466869,2.946976088695056,0.0107694383738865,-0.4800117136313827,0.0258631101058212,-5.567263662940161,0.0,0.2231047489595493,2.002846013859512,0.0,-0.0146973872590366,2.6855646796439845,0.0047429061224591,-0.3218765159615653,-0.030775584424661,-5.3171817310290646
1.9168153923886035,2.1451246109456137,0.0159203527483246,3.480485433661435,2.038307172762206,0.5123233399506429,2.9705709732681806,0.0107585947455365,-0.4692309499643648,0.0208712485314389,-5.623924883860932,0.0,0.224376348769752,2.087426170399336,0.0,-0.02,2.6579309482823748,0.0047372116770811,-0.3278749433194091,-0.0282702640836143,-5.34666923371102
1.9352463096231087,2.2099973286073427,0.0193727671271539,3.3936256525473456,2.076403079014428,0.5103461266928049,2.9814637630382372,0.01078461722678,-0.4601116828723229,0.0133262858805485,-5.665370044435953,0.0,0.2256562418150977,2.00356207411484,0.0,-0.0104495787201136,2.700282535697145,0.0047322699844741,-0.3326213163882897,-0.025899737153939,-5.374713234050971
1.953677226857615,2.1599148599663094,0.0442845420997293,3.4226065066889206,2.029595000105202,0.5000333767988567,2.96020889285906,0.0107623575773878,-0.4638323148110706,0.0068556544938597,-5.709768037146989,0.0,0.2172072171198287,1.9937151341882515,0.0,0.0029813654935294,2.684892512721243,0.004727123760786,-0.3310497306108945,-0.0264397327447084,-5.413328802144273
1.9721081440921209,2.1933818101535985,0.0380885839272619,3.44760049373644,2.007004267923292,0.5029336062325331,2.9418030656983736,0.0108057638753012,-0.4683345377689547,0.0011524216712547,-5.755290690746564,0.0,0.2077766281466871,1.9631538980085104,0.0,-0.0015837598188571,2.6974234748238253,0.0047214222442333,-0.3340137920316219,-0.0232540947371793,-5.443797107585137
1.9905390613266265,2.1780915661890337,0.0312256110180413,3.506722981611492,2.0995450068810886,0.5032910996147693,2.9255242129123498,0.0108225744632698,-0.4731543099150485,0.0022083125666344,-5.788452372286779,0.0,0.2274973163430585,1.9135301892674352,0.0,0.0039502165801363,2.721031236528192,0.0047137994364581,-0.3369455426522844,-0.0238863001860595,-5.478145705467155
2.008969978561133,2.184676774236891,0.0228835999260601,3.482317587153846,2.073296324489797,0.4972909170653157,3.004526334393963,0.010857209859558,-0.4739421038010573,0.0166396636327494,-5.821164165280528,0.0,0.2319336182709171,2.027524061812199,0.0,0.003699639815237,2.653017085092569,0.0047146904697642,-0.3394105086704764,-0.0231784480031114,-5.511904084653448
2.027400895795638,2.21604274157914,0.0425388300545726,3.451216129938228,2.050486019833956,0.4973136108396245,2.9860573077877093,0.0108316067941237,-0.4779502506927537,0.024473532789722,-5.854827095913151,0.0,0.2283183311331608,1.9466532910606,0.0,0.0045265767783152,2.614500276457401,0.0047165671362068,-0.3409801460036403,-0.0221643806979837,-5.541363027584008
2.045831813030144,2.3026403146794743,0.0468789536008451,3.384228456485405,2.0653126221891145,0.4856028930296596,3.0333457319157526,0.0108236949848941,-0.4867234923288694,0.0316041996642848,-5.880592068793542,0.0,0.2135776585334916,1.8779050553133847,0.0,0.0167086224239312,2.553161055647049,0.0047212297947779,-0.3519923123605721,-0.0177623280374897,-5.590235913667897
2.06426273026465,2.3843056832021894,0.050916939239038,3.4087342846773456,2.0045706313213265,0.4812520072321575,2.990246165880816,0.0108533635196341,-0.4925179151293319,0.0335427166651657,-5.907785804878533,0.0,0.2153135983123835,1.8546472497594528,0.0,0.0290316599602946,2.5225703425708423,0.0047233158331017,-0.3608831805921698,-0.0119202831875453,-5.63380726781543
2.0826936474991555,2.3693210254972024,0.0413677747377065,3.4154991600730065,2.129838951857158,0.4803644438809616,2.962648722922825,0.0108537679450799,-0.4980910846887303,0.0308521711888742,-5.950881382716321,0.0,0.2246723464394356,1.7171839590653215,0.0,0.0335373246495866,2.521087311691068,0.0047277067469672,-0.364515530573167,-0.0092132521766025,-5.674824122434669
2.1011245647336616,2.322904673371346,0.0427022298620381,3.4668027417115694,2.1840670114814915,0.4730109954009791,2.9562583379965304,0.0107861570844671,-0.5084124227739326,0.0348126082747851,-5.991145322593172,0.0,0.2180731294392471,1.7177078598351525,0.0,0.0222497207582161,2.5313705507971114,0.0047138843062722,-0.3693743791004565,-0.0120452369308371,-5.702781698213535
2.1195554819681672,2.371972245350412,0.0241477135491686,3.334645304571336,2.200163908527339,0.4553479186642171,3.0229973964338623,0.0107230819955325,-0.5166336778575409,0.0346520116448865,-6.021346122681133,0.0,0.2161531251439463,1.7395115807814256,0.0,0.0068601173072844,2.5646301601653834,0.004695164241347,-0.3810605361553586,-0.0135172766460205,-5.745548696506005
2.137986399202673,2.301434909125172,0.0119974496180727,3.3369473887464576,2.281345219153943,0.4584620096559457,2.9983830004708114,0.0105487262273416,-0.5149736579692213,0.0299030997567415,-6.074408498169083,0.0,0.210065763549528,1.7841831186895292,0.0,0.0113479576790741,2.4893353320217293,0.0046800154285155,-0.3775738420023042,-0.0196218618433673,-5.777294566527886
2.156417316437179,2.3001446802249763,0.0045858573893662,3.293914318353067,2.2406954769850578,0.4306633355924382,2.977488911753228,0.0103404874923878,-0.5105130653409172,0.0279785821125393,-6.127987512642395,0.0,0.1872288767058826,1.7875129969908683,0.0,0.0125264906824839,2.4770498803969834,0.0046523144790298,-0.3731842462174828,-0.023579997824653,-5.8113740674411485
2.174848233671685,2.2467942402205634,0.0008563223693281,3.2680324587137046,2.2666030121030607,0.3826543680358109,2.9016713494532222,0.0100130054599165,-0.5132334748467742,0.0258366726709472,-6.164207520844233,0.0,0.1732929745730486,1.740413957192447,0.0,0.0062396121152204,2.4957536668720404,0.0046018206395422,-0.3763073383838216,-0.0223822376416242,-5.851988943743084
2.19327915090619,2.233849429851639,-0.0003929530147514,3.262297587352785,2.221695806043742,0.3594383728186223,2.9355988502992454,0.0096771057606029,-0.5169574705266772,0.0291540467163611,-6.21005321009604,0.0,0.1609993438622893,1.757554256019172,0.0,0.0057026437964421,2.531113177892838,0.0045057987599009,-0.3825613000055871,-0.026697115274602,-5.90526010442061
2.2117100681406963,2.222018745737155,-0.0022310260400938,3.242587043902134,2.15974098471234,0.3113916444312006,2.860370412982474,0.0092396448994966,-0.5181291291620128,0.0334293122911931,-6.243421972466738,0.0,0.1564430854715244,1.8009683265088483,0.0,-0.0039207856953905,2.5714005550663206,0.0043427115859434,-0.392524736216587,-0.0284676588187399,-5.957502076343736
2.230140985375202,2.235213555857715,-0.0089240518831576,3.177693996939092,2.136245819865315,0.2627029935501132,2.8496648110510314,0.0086371504313538,-0.5174739924868244,0.0364600634468029,-6.298553915404695,0.0,0.1497144635532655,1.788722316752266,0.0,-0.0176204547703987,2.6555759453853383,0.0040120120264834,-0.3937442922743832,-0.0296442457881694,-5.996732209880513
2.248571902609708,2.2280231599109226,-0.0175223305379578,3.147304289223696,2.077743884077346,0.2224380129675935,2.812123156827436,0.0078959348664097,-0.5093465542536731,0.0356674466166343,-6.348409331223262,0.0,0.125397925850816,1.8544545721005663,0.0,-0.02,2.65514703622364,0.003685068670808,-0.4042780947114885,-0.0348819525653895,-6.0433899572604
2.2670028198442136,2.2119699812706104,-0.02,3.0937543936583,2.0149981643128823,0.2113452669510698,2.7880902228364124,0.0069448342874778,-0.5010170104754376,0.0345015961432762,-6.389599076702122,0.0,0.1224475109221948,1.7925580866097135,0.0,-0.0169813142432674,2.586284729057134,0.00337704959728,-0.4044097896491094,-0.0383836763659406,-6.121278169775411
2.285433737078719,2.191019246726541,-0.02,3.156370031265167,2.010991534732119,0.2165045811365919,2.716435774026744,0.0061072713799549,-0.4857347194833066,0.0255214060556063,-6.4349651784378326,0.0,0.1064069346030059,1.699330281687687,0.0,-0.0057610050106729,2.6213561125869216,0.0030420568306121,-0.4066269697237804,-0.0462781493183379,-6.159120948037608
2.3038646543132253,2.302469335531565,-0.02,3.111740396099046,1.8586534758259927,0.1692870950078184,2.6820905412887135,0.0053364823461151,-0.47323344435604,0.0116758866107474,-6.4885934110517685,0.0,0.1051547174035939,1.71774695044652,0.0,-0.0097979005927846,2.6807500883499618,0.0026894885457966,-0.4145670931859385,-0.0489452582252475,-6.196750363661216
2.322295571547731,2.3604177900852727,-0.02,3.0551126803986066,1.840810600587732,0.1480682930619694,2.739633340282347,0.0045005026978894,-0.4832622364420728,0.0016115560036826,-6.5474908424316265,0.0,0.1178948578836079,1.7197872873594378,0.0,-0.0045393076059529,2.6759685483632456,0.0023474842357718,-0.4202112611385474,-0.0458759955539172,-6.256199744897044
2.340726488782237,2.4133210090612014,-0.02,3.045045065052612,1.8154593951743283,0.1402649258536007,2.81497766291399,0.0038980524039757,-0.4854664447271695,-0.0084535909296442,-6.613492911807769,0.0,0.109801828739197,1.7201907308962234,0.0,-0.0039073635281137,2.697239940337932,0.002112952630362,-0.4185547321413791,-0.0456982287790177,-6.311507722734541
2.3591574060167426,2.3988676875573947,-0.02,3.0433595249996324,1.8548138127737712,0.1195099785978772,2.795978000140576,0.0032882550666783,-0.483169344673238,-0.0090522155632145,-6.659441524068151,0.0,0.1368177160124599,1.7377697409485735,0.0,-0.0005132463833248,2.6604895025112216,0.0019620665916673,-0.4318192714064761,-0.0453399080413786,-6.372916717463469
2.377588323251248,2.342004389862074,-0.02,3.01455866306848,1.872948311981184,0.1382364772048405,2.848928913607212,0.0029646859609688,-0.4828589951518142,-0.0044048166599251,-6.704132640854586,0.0,0.1317972331711671,1.7403947971321718,0.0,0.0065669708599061,2.678330794085196,0.0018655076470556,-0.4255573941824552,-0.044831970231153,-6.419515337592255
2.3960192404857543,2.305546125071023,-0.02,3.134259963304588,1.9610442058449729,0.1568911973165489,2.8198013046973656,0.0027924588128161,-0.4895366948072044,-0.0029609142400324,-6.736900773261982,0.0,0.134474127003123,1.7295996465216232,0.0,0.005952411793614,2.6177692291019414,0.0018291428928428,-0.4331984894029674,-0.0462814358255574,-6.471221053926649
2.41445015772026,2.322224161813474,-0.02,3.106913503968612,1.943706757341515,0.1533547966502869,2.7297275334502946,0.002783698181196,-0.5065109994706622,0.00060869774052,-6.767824969921772,0.0,0.1546204732506998,1.6993747799025687,0.0,0.0116639096201648,2.647467060075807,0.0018855330297996,-0.4194759889356994,-0.0435509113192524,-6.523814176009954
2.432881074954766,2.342747715204049,-0.02,3.0843021963204857,1.9175130701292284,0.1501572039572361,2.715477791447544,0.002844314913423,-0.5170997817465733,0.0018011137554581,-6.801494393218551,0.0,0.1644156182460012,1.7160109488981476,0.0,0.0126072115993379,2.6712226248655977,0.0019421321064953,-0.4200781396314628,-0.0478437312310411,-6.550711149627129
2.451311992189272,2.408371552799447,-0.02,3.011157806465708,1.8669060110739784,0.1424058132697828,2.727363419686564,0.0028910031548646,-0.5267142102237642,0.0045376337090332,-6.856302622167805,0.0,0.1963744309754515,1.7977776631032805,0.0,-0.0072158357423209,2.6035229906895307,0.0020241907323871,-0.4102512577671428,-0.0550610676253753,-6.617412821494168
2.4697429094237773,2.3812346603626806,-0.02,2.97781429561055,1.9613432152786368,0.149166296008776,2.750451830037403,0.0031021748196726,-0.5458677072520188,0.0037808076323548,-6.897364958792986,0.0,0.2055687459390312,1.7644335615494338,0.0,-0.0147248397556973,2.5933397163075886,0.0021294545951203,-0.4025247970157228,-0.0571822065950209,-6.679998756538879
2.488173826658284,2.3922010530837814,-0.02,3.0500237807573156,1.9794494991923537,0.1647810302053683,2.708263055216561,0.0033668564486046,-0.5534133150861544,0.0017432659548326,-6.931328954307968,0.0,0.2000920091211956,1.7672576985043429,0.0,-0.02,2.5694988085332886,0.0022574932084554,-0.3959023961695805,-0.0542389884180309,-6.725897807051357
2.506604743892789,2.3406909650964187,-0.02,3.063633500960577,1.987507091651664,0.1772533464222588,2.646997707265154,0.0037111205063343,-0.5493934861834802,0.0087009828918006,-6.961224699843857,0.0,0.2279198016474848,1.7703376536291853,0.0,-0.02,2.554841797720647,0.0024056656520912,-0.3944784053501347,-0.0619845796321528,-6.764472176908401
2.525035661127295,2.345883046031884,-0.02,3.037797443386126,1.977281563129328,0.1861650351649351,2.643916017801712,0.0039541416392363,-0.5493335754722131,0.0157805571940134,-7.0000187698170215,0.0,0.2161967509535515,1.7931418552143847,0.0,-0.02,2.5407101951937947,0.0025261942409386,-0.3868811409242047,-0.0637868686295178,-6.807950492616306
2.5434665783618007,2.3263164306133457,-0.02,3.124734757275996,2.006828654233776,0.1902318258302302,2.617366479046703,0.004119868627797,-0.5524778534033128,0.0209149740894953,-7.029993758023863,0.0,0.2233757133495722,1.7985271079309009,0.0,-0.02,2.467460510536933,0.0025972339279239,-0.3932748810078909,-0.0643227204441502,-6.866229925118414
2.5618974955963063,2.3574623750080304,-0.02,3.04538740937362,1.937086384209235,0.1789882962832333,2.7166134514681204,0.0042549292559458,-0.5525706180815508,0.0169902369658836,-7.061282741408718,0.0,0.2185625398912636,1.8435046417653027,0.0,-0.02,2.5025203691621183,0.0026894158533148,-0.4035691702392358,-0.0551599996070762,-6.90227969614492
2.5803284128308124,2.3387599402369776,-0.02,3.0265977349117876,1.8802816887821647,0.1969746394990437,2.7925005697650302,0.0044626665928967,-0.5496032629862125,0.0143752894776645,-7.113113811977152,0.0,0.2321696725702134,1.8296807666725776,0.0,-0.02,2.437541298316877,0.0027798806808199,-0.4096099101467695,-0.0495302618683652,-6.9504015869094165
2.598759330065318,2.339900247427734,-0.02,2.9900118720436377,1.8609939804504707,0.1905911007807238,2.850951231951884,0.0045412778091955,-0.5411304501755959,0.0161837946557064,-7.1489327172098704,0.0,0.2450414760083165,1.8133047000201847,0.0,-0.02,2.3675377514811,0.0028684603192503,-0.4065162823424398,-0.0506509625576913,-6.987110563779461
2.617190247299824,2.264970214720012,-0.02,3.0472310846962745,1.930831516752332,0.1985509984321409,2.899257140548268,0.0046130196192555,-0.5363417804212234,0.0186331619469005,-7.20125780385196,0.0,0.2570478993994898,1.7770616381530588,0.0,-0.02,2.383803304213812,0.0029436835088866,-0.4065620765352409,-0.0482951750256179,-6.999910841176253
2.6356211645343297,2.24319942363102,-0.02,3.0508877711672726,1.926661170124591,0.1936624773705359,2.971764308193648,0.004682588945515,-0.5313091417910876,0.0217796552270363,-7.252785956461167,0.0,0.2660511785855724,1.796998916331458,0.0,-0.02,2.323023831166017,0.003008088795754,-0.4018926374731277,-0.0466849366552827,-7.026090588378176
2.654052081768836,2.183551923777671,-0.02,3.0252393388231886,1.9223088282659464,0.1830432652587538,2.973096941115544,0.0047403108123765,-0.5423636907776654,0.0122057807797533,-7.2961186985484145,0.0,0.2787205218955448,1.7835525427388257,0.0,-0.02,2.310702006877857,0.0030607225013672,-0.4025276692400849,-0.0505283697753025,-7.094757562233479
2.6724829990033414,2.194166951995624,-0.02,3.035667505914496,1.9142020685770968,0.1819370907953003,2.942984696924064,0.0047335795420442,-0.5412032911593496,0.005702946782686,-7.335672575830909,0.0,0.2637116861365946,1.768428995189205,0.0,0.0020252827565967,2.2777316647744006,0.0030989796981385,-0.3909025994447548,-0.0498154583736661,-7.129485616744723
2.690913916237847,2.1621029790572104,-0.02,3.072153331121162,1.8824323841508888,0.1502675070997997,2.88361697125632,0.0048095882367136,-0.5299533547970894,0.0023164417548173,-7.38450993302184,0.0,0.2667301210363876,1.7115742714089086,0.0,0.0114217852311786,2.354216984024436,0.003130490059731,-0.3888821063334859,-0.0547013096497078,-7.151213930799838
2.7093448334723527,2.2103804655730643,-0.02,3.043337156068824,1.857715481205216,0.1304952202707328,2.851698289890704,0.0048989460119531,-0.5236644421309327,0.0016391272744728,-7.417780786308186,0.0,0.2690031799041777,1.7232799833876562,0.0,0.0296084880761076,2.412999787900352,0.0031802698535149,-0.3920307101381509,-0.0583792253433999,-7.188719495713713
2.7277757507068587,2.1271593573707928,-0.02,3.016873988058929,1.83677144813192,0.1428013542254711,2.7134511096916505,0.0049285863985699,-0.5197731809751286,0.0013054291829699,-7.45445102918403,0.0,0.2945171916058021,1.7517519065569995,0.0,0.0262352079747543,2.398197208842073,0.0032435353537028,-0.3901971429413639,-0.0592050638408621,-7.220600305099674
2.7462066679413644,2.1142432230500585,-0.02,3.035435957476386,1.8967757745552432,0.124707283876322,2.740145115939276,0.0049665001769134,-0.5244156344554369,0.0026658643308626,-7.488572801608693,0.0,0.3001877914684199,1.7272926563503637,0.0,0.0302335899822841,2.4109557286949665,0.0033018267193296,-0.3866169579425328,-0.0632530832227014,-7.247912657572279
2.7646375851758704,2.0586270710340866,-0.02,3.059741547581478,1.9132156515679548,0.1315548353876319,2.805578588049644,0.0050062796288117,-0.522903034130337,0.002642436169506,-7.534589121072014,0.0,0.2828330597800285,1.8089057638397723,0.0,0.044700280302336,2.461882381345006,0.0033534482472497,-0.3847684059939341,-0.0621586993695546,-7.303768642134236
2.783068502410376,2.034580349260381,-0.02,2.9990961662151587,1.9111632099061835,0.125557357455204,2.7656857942260102,0.0050264131251394,-0.5203696511151823,0.009203096095114,-7.567826760557734,0.0,0.2761606242117752,1.864641814459504,0.0,0.0512838581761652,2.4306638629938613,0.0034047822518151,-0.3830281415829523,-0.0627540221701482,-7.342076585737102
2.8014994196448817,2.05682378730176,-0.02,3.014131145150014,1.8878331577699896,0.1266428362879748,2.7180478697771377,0.0050089388127481,-0.5278428248222774,0.0067805790755428,-7.6072871764376,0.0,0.2658052485065701,1.8232082913564471,0.0,0.0627097270996671,2.507860927332207,0.0034426761831127,-0.3875007287610263,-0.0701123315441844,-7.3786728083100765
2.819930336879388,2.0262056768113585,-0.02,2.960439171751356,1.9060296765486504,0.1176274998396859,2.7698912234794304,0.0049807965609803,-0.5303285753091929,0.0069189143508322,-7.637934759881503,0.0,0.2493191711317933,1.8470807251536945,0.0,0.0564912826745309,2.5445024784345183,0.0034734377100879,-0.389113833086251,-0.0698798064151944,-7.408329517990311
2.8383612541138934,2.0556969712754825,-0.02,2.953482883305609,1.9462325322662493,0.1278611188259087,2.883154029191467,0.0050090228757172,-0.5317931730652703,0.0135749508642764,-7.66517140805822,0.0,0.2401710765852789,1.864857179606074,0.0,0.0337373487389874,2.566942731047414,0.003495927030558,-0.393408589174034,-0.0715905192886545,-7.444223641382956
2.8567921713483995,2.0631656984703506,-0.02,2.8933478968194137,2.016946054448024,0.1469020434822799,2.9396024491101795,0.0049903077697172,-0.5311886938468321,0.0243791233785681,-7.710202094511492,0.0,0.2468305317948082,1.9084448216684653,0.0,0.0455130321147809,2.499322748258824,0.003505282442392,-0.3903929068697039,-0.0711871756527545,-7.477000850512864
2.875223088582905,2.060101558968254,-0.02,2.9219756895922746,2.104346305452353,0.1544571964063848,2.9264582252878975,0.0049795557554249,-0.5297383856617681,0.0315756913300282,-7.755192647087036,0.0,0.2682563217986504,1.8685948811228943,0.0,0.0332952612317754,2.447449868711856,0.0035153237554006,-0.3937571231883814,-0.0656218500575817,-7.504003591571442
2.8936540058174107,2.047735573830201,-0.02,2.9123231944193866,2.1117060706562327,0.1499200342898092,3.009986882962472,0.0050363602815329,-0.5326319135183953,0.0291555525745582,-7.807447872506759,0.0,0.2528619328955043,1.8225288129117,0.0,0.0423394497552524,2.395846125485251,0.0035236232883894,-0.3914148996782406,-0.0601092085496635,-7.582641777773007
2.912084923051917,2.143252533646347,-0.02,3.008934945834946,2.1992932161151715,0.1622643495941001,2.998488458789694,0.005014167526951,-0.5369093709088693,0.0261297956209999,-7.844223455448933,0.0,0.2507257374538972,1.885547115500608,0.0,0.044935152753014,2.386003057248681,0.0035320152874666,-0.3921239195241822,-0.055392332632447,-7.6295450066816946
2.9305158402864224,2.166570783893858,-0.02,2.99953738137496,2.234772718029371,0.1390390796171261,2.8305951022364817,0.004966946437429,-0.5412351073097101,0.0258935322047744,-7.90472385298514,0.0,0.2588074181978291,1.8361229132585248,0.0,0.0311331164188483,2.4044330480187988,0.0035451137725675,-0.3983045643669869,-0.0506693640763936,-7.661736561219349
2.948946757520928,2.1919200860545813,-0.02,2.9837727181373785,2.216603107072963,0.1425278036414706,2.906552313257358,0.0049161359655537,-0.5461255042736884,0.0245459362727921,-7.947513260885092,0.0,0.2675845368418678,1.7622647299598235,0.0,0.0194364493100178,2.468822519097294,0.0034968324693191,-0.4004137201636285,-0.0491382130682971,-7.7208922742277135
2.967377674755434,2.151889584453388,-0.02,2.970662285396999,2.2650494590934382,0.1129681889729325,2.7488259412405136,0.0048194403522746,-0.5486462139212923,0.0261933280499572,-7.979098864859571,0.0,0.2579907481568238,1.7558013359120304,0.0,0.0201285155483375,2.415333152482664,0.0034202432296473,-0.3978300261077806,-0.0482742118664511,-7.779404452600224
2.98580859198994,2.201095902658025,-0.02,3.0458961408346625,2.2883351457386647,0.1094752388817686,2.6882010537184806,0.0047672638618207,-0.5430437167507021,0.0248164540695324,-8.015803296942225,0.0,0.2897979424279446,1.7684886137768798,0.0,0.0150769545878033,2.3640953459015086,0.0033504016777933,-0.3864604718580304,-0.0545355496419548,-7.834964904358582
3.004239509224446,2.146668494347228,-0.02,3.0239872916585555,2.1793475767589188,0.0989230095096604,2.6722584793051554,0.0046983780796421,-0.5356724126891542,0.02650278698369,-8.075345725116664,0.0,0.3235493083875793,1.7662974335014716,0.0,0.021211256691456,2.362649399114253,0.0032806118172067,-0.3831876921625042,-0.059213769646217,-7.890244096108817
3.0226704264589515,2.146601915740769,-0.02,3.0451961661214573,2.111113520333161,0.10604881041497,2.658553566894017,0.0046650506965666,-0.5409759655238222,0.020145050765072,-8.127117560710165,0.0,0.3177319917319815,1.7923447190289965,0.0,0.000619611539342,2.35490060765522,0.0032072784877589,-0.3875770978754289,-0.0596682319464271,-7.928462972261367
3.041101343693457,2.120633896445112,-0.02,3.0129177890177714,2.0084235797638303,0.0975977205106125,2.6231162734656945,0.0046162973548464,-0.5449316571372124,0.0171397607517031,-8.156672406298142,0.0,0.2900907191105865,1.82154502920624,0.0,-0.0007030577196469,2.358623521755644,0.0030992471551987,-0.3822889503722882,-0.0643257445333394,-7.968839006425295
3.059532260927963,2.1791928182661624,-0.02,3.079491830251603,2.024389573126866,0.1048120169030906,2.6808097438953724,0.0045153636561447,-0.5468344566383871,0.0156718914747652,-8.195548037602341,0.0,0.2818780524198878,1.87454557789535,0.0,-0.009149338529167,2.388430919014207,0.0029751412556755,-0.3809595893322102,-0.0694344146397829,-7.99063817308186
3.077963178162469,2.124687002558886,-0.02,2.9294262783505345,1.9048098900812696,0.0993836323435881,2.697304196711377,0.0045028051801199,-0.5492599635573129,0.0153312088154312,-8.232221854932208,0.0,0.2622404279752734,1.8554397996041727,0.0,-0.0178151076817378,2.409925525985124,0.0028631413415107,-0.3811907727875915,-0.0761767894819779,-8.038329350793894
3.096394095396975,2.074319486348667,-0.02,2.9565124665025806,1.856282649801916,0.1167771802452531,2.796999907038185,0.0044809213126403,-0.5456148830375229,0.0161209841981824,-8.269713449619077,0.0,0.2665530585130347,1.8547777273605952,0.0,-0.0142193728027942,2.3725825038993804,0.00278111806928,-0.3804409871652191,-0.0804601842274398,-8.085840977021753
3.1148250126314805,2.119026968765342,-0.02,3.071188524114968,1.9029016759991515,0.1171136859230063,2.7878882864471612,0.0044807863933804,-0.5351517267692646,0.0202533162565063,-8.323701450798074,0.0,0.2669930123364799,1.9006233467702744,0.0,-0.0024854193126692,2.298768153582311,0.002721143187215,-0.3864790108381872,-0.0857322502150749,-8.127663209684373
3.133255929865986,2.144893342722382,-0.02,3.06161403277498,1.8673475157548816,0.1665611487201717,2.9151551131189257,0.0045510666823806,-0.5349177040310971,0.0227031114845407,-8.36020604461546,0.0,0.2816215154305539,1.922913577537648,0.0,0.0002158035004776,2.359797143457472,0.0027704572253597,-0.3843292086800586,-0.0844362118483326,-8.1749249488372
3.151686847100492,2.089163567872272,-0.02,3.029179499682507,1.8799708987566508,0.1586180380391467,2.901450305392973,0.0046527870968122,-0.5306669561252543,0.0290481040237529,-8.385692572768484,0.0,0.2539451047787707,1.870630905778228,0.0,0.007516876706272,2.387569953602771,0.0028485438136611,-0.3816142644101629,-0.0885815068140128,-8.22380342882735
3.170117764334998,2.0481083038266674,-0.02,3.076054738150992,2.0037143999933344,0.1507043358477147,2.7906126317583086,0.0048947364771916,-0.5337536119011251,0.030691560879663,-8.409477937347617,0.0,0.2467531830495522,1.8370726280343268,0.0,0.0111877655430362,2.386059515176626,0.0030197388689159,-0.3818749867679937,-0.0856899680517797,-8.252168901818981
3.188548681569504,2.0654797050825464,-0.02,3.0630628927518257,2.045075972278785,0.1410477222770068,2.809083594709898,0.0052063881337093,-0.5362543040659521,0.0316387813893495,-8.434025491835605,0.0,0.2581080052667331,1.8518825162378407,0.0,0.020031015589629,2.3711036994843395,0.003302548860957,-0.3811178970347482,-0.0845058179375587,-8.300340654943177
3.206979598804009,2.1177793271837144,-0.02,3.149470705691016,2.097281270832931,0.1446636794412391,2.910239144794889,0.005576820197195,-0.5388271947942567,0.0325479149898809,-8.492658782263332,0.0,0.2705280439506022,1.868932841823918,0.0,0.0093640957632894,2.437852316548166,0.0036699820938967,-0.3856960178814702,-0.0822077017415244,-8.349012883338384
3.225410516038515,2.073382696585792,-0.02,3.0327890719939616,2.161592337887553,0.1248490390258961,2.815750534053836,0.0066912408842373,-0.533874236499411,0.033503573195984,-8.515892696884837,0.0,0.2996230810560705,1.86745376709072,0.0,0.0051873430506772,2.452268088629993,0.0049854073103874,-0.3917745986520005,-0.0812818454591762,-8.412995454501633
3.243841433273021,2.0752205945223903,-0.02,3.123245526279782,2.1702744161004706,0.1118107836803186,2.808172418997892,0.008247392166951,-0.530631201777628,0.0373976549841465,-8.551667818432792,0.0,0.3068149706272573,1.823199397822072,0.0,0.0166726563697916,2.467362366054447,0.0066685545133066,-0.3935223050303861,-0.0783345173657945,-8.472871737748996
3.262272350507527,2.1407912753994225,-0.02,3.0950126390592256,2.227812791149224,0.1090129414354506,2.808906839338665,0.0105209074290681,-0.5265540973177367,0.0444891444267073,-8.597838581853045,0.0,0.3048767110018412,1.8224261276391829,0.0,0.0226387443372467,2.494999976402673,0.0089594561280346,-0.3984941994035827,-0.0768554886658775,-8.52144877765181
3.280703267742033,2.048043073631654,-0.02,3.076403252964704,2.245832991106101,0.0929746811728823,2.634634917111548,0.0153826210430589,-0.5296606641731437,0.0483191061858941,-8.646255515787482,0.0,0.3068520216705312,1.809259728153952,0.0,0.01682416442225,2.476740140368492,0.0153817348636336,-0.3982681520694397,-0.0723456878755296,-8.572588740384443
3.2991341849765385,2.0315508476978748,-0.02,3.0547884360825286,2.281248345766904,0.0660413828766081,2.6347500066878062,0.0215485214816849,-0.5336941613332219,0.0513125568238447,-8.68277132715607,0.0,0.3031663057461227,1.8148399548772909,0.0,0.0159463748847675,2.4311190936165312,0.0235744162895629,-0.4022176443270776,-0.0693763333519486,-8.633521545110227
3.317565102211044,2.086935405023472,-0.02,3.0778316983731657,2.2817475165648013,0.0833391862597252,2.689774119792393,0.0326345631550273,-0.54163613614675,0.0390249773841034,-8.730735941682102,0.0,0.3201885084958978,1.8712944377330267,0.0,0.0152661293244793,2.421305920111656,0.0300922747670931,-0.4065519205776995,-0.0669466740509614,-8.644893900491695
3.3359960194455502,2.1499541966037183,-0.02,3.074130570737518,2.255056652385787,0.0777772542490719,2.75375401599211,0.0445972627777592,-0.5474562694010949,0.0321149533647661,-8.784021999893888,0.0,0.3111537686517634,1.9499155868606943,0.0,0.0225872698346638,2.407629499262852,0.0384386341275306,-0.4053950413487359,-0.0687763016605797,-8.683030983356462
3.354426936680056,2.144495787364697,-0.02,3.016973006296466,2.245574444740528,0.0830777564096794,2.7455723544072494,0.0580957424858919,-0.5459241423138158,0.0325035233633743,-8.825707296017104,0.0,0.3092256964135731,1.9150912582557,0.0,0.0166861719540124,2.422221613167336,0.0478962408513145,-0.4048009555764677,-0.0687807969511866,-8.736712405824456
3.372857853914561,2.064587770120768,-0.02,2.975405695770424,2.299471679624046,0.0771078692847885,2.6390242176708214,0.0732899831377771,-0.5426097047623505,0.0344173775894448,-8.860047252697699,0.0,0.299285604796202,1.8785344242107191,0.0,0.0213859859947998,2.368729957252928,0.0550615593451835,-0.401242224528911,-0.0704505695078573,-8.769847276055275
3.391288771149068,2.082273485904875,-0.02,3.0038717057647264,2.2826217465585543,0.0812770591985552,2.602740856147991,0.0889470881003619,-0.5403055753370462,0.0336903561778496,-8.927092307137078,0.0,0.2965864705671382,1.8638689540772904,0.0,0.0217408080429366,2.338747303400345,0.0621127095809555,-0.3956289247816698,-0.0727335640782973,-8.794988905288319
3.409719688383573,2.0895921562620514,-0.02,2.9627925588182538,2.301945834292296,0.1066493533669704,2.535022252707284,0.1022438549150491,-0.5363148758646551,0.0330402542857212,-8.977778596840912,0.0,0.3022458983745592,1.9405724901670736,0.0,0.0110185784294437,2.275586208318585,0.0692514132527716,-0.4059541371856634,-0.0728779227370071,-8.83202566980015
3.42815060561808,2.129036816308385,-0.02,3.064285163956485,2.300738274087462,0.1128633876987496,2.487106368469348,0.1114956025946737,-0.5354271559368424,0.029950501297519,-9.024813971358366,0.0,0.3131844066785161,1.9398851321253765,0.0,0.0172839348451966,2.2531585950037587,0.0740018672706592,-0.4090544271123811,-0.0738684814731651,-8.865586328791139
3.446581522852585,2.1287481590611907,-0.02,3.057341047156218,2.2521678843190283,0.1328490159225592,2.7555190906581775,0.1186542155848019,-0.5372857772478437,0.0244570062762553,-9.061034566045535,0.0,0.2985392108240534,1.9228786211489273,0.0,0.0184927050922471,2.274160546972066,0.077379748719722,-0.4164820073294562,-0.0751891439471448,-8.887424148128062
3.4650124400870905,2.1548076030388503,-0.02,3.1244017709921827,2.1934251113150225,0.1397489098144909,2.7147402132969227,0.1205526298865493,-0.5381417550888874,0.0311000818026561,-9.099758322756196,0.0,0.2753478232418213,1.884631816593148,0.0,-0.0002953653814657,2.2687511998247287,0.0820518698055984,-0.4256695143361544,-0.0703490422268441,-8.91541489082737
3.4834433573215966,2.100515986981629,-0.02,3.150068249986685,2.1147967457282792,0.1404102567834982,2.604388557643791,0.1216469916963955,-0.5412000130064086,0.038041609379925,-9.125496999690274,0.0,0.2829360435751296,1.8406315501075272,0.0,0.0121020617338716,2.2748054763639285,0.0868629183295158,-0.4306239558429425,-0.0668010682478725,-8.95925579845314
3.5018742745561022,2.1371641345399994,-0.02,3.1712602972888413,2.132559681615887,0.1416392365848411,2.605445746045497,0.121670830224376,-0.5445881326732122,0.0402131924130801,-9.164269344996493,0.0,0.3093769648515272,1.8325497699302864,0.0,0.0044913695231483,2.2241617662500053,0.090878854779983,-0.434760978030226,-0.0592572840407487,-9.006187371563904
3.5203051917906083,2.166023367191169,-0.02,3.2485321353419656,2.123651630458159,0.1379071895260798,2.5331916970572244,0.121625807951064,-0.553060604314974,0.0430185779705752,-9.201981720754764,0.0,0.3160155192675513,1.8503270320097056,0.0,0.0003697120693741,2.213672473991165,0.0959012889074883,-0.4346341087837526,-0.0537723162628071,-9.041307030017858
3.538736109025114,2.1645962162256205,-0.02,3.1706135201791183,2.053329641591862,0.1403739678458061,2.633542902302714,0.1216945697047818,-0.5598391241510962,0.0501166972055835,-9.230819324251216,0.0,0.3242612603351755,1.919516107283552,0.0,0.0009247309496601,2.153459196205908,0.1007282457642747,-0.4310249106363881,-0.0479328946011793,-9.081879882267168
3.55716702625962,2.211271194304314,-0.02,3.2843027050935234,2.013055632369782,0.1478177279964477,2.7024492439227523,0.1222757609991751,-0.5624814373710583,0.0522630712527641,-9.245713007690018,0.0,0.3198819675780009,1.8516184070211137,0.0,0.0053882456078261,2.172831719782692,0.1037541083547794,-0.4270736072029204,-0.0492361291642937,-9.129447119718698
3.5755979434941256,2.2212927586232523,-0.02,3.2922790161651516,1.9766128977449475,0.1213502515168712,2.7266484632408865,0.1230979255289177,-0.5646550130646393,0.054218354538429,-9.268881510859634,0.0,0.33064520658177,1.843978831397232,0.0,0.0127779687209442,2.235149395564215,0.1069480211965319,-0.4223245102899959,-0.0533635344363518,-9.190794195105608
3.594028860728632,2.1335399080945208,-0.02,3.1757423487753607,1.929823121706251,0.1163547961110182,2.74226218871272,0.1241090169390155,-0.564824390786361,0.0528638059729394,-9.293467406065124,0.0,0.3225310758377293,1.8556455993522945,0.0,-0.0045182457122631,2.2332962902882154,0.1105458678312755,-0.42230135048607,-0.0540156307130327,-9.235897842380844
3.612459777963137,2.201405121867549,-0.02,3.149759089804596,1.929431294141024,0.1056035275847098,2.612262437677347,0.125531732815628,-0.5619816621052633,0.0428145531494588,-9.33243839305693,0.0,0.3167130373872897,1.8806415331823347,0.0,0.0004972912188528,2.259198980190271,0.1122026203253211,-0.4313015974588358,-0.0485328630917943,-9.283513244886388
3.630890695197643,2.1519611851605025,-0.02,3.219868434589801,2.027220195126993,0.1033982307474233,2.663333778925009,0.1268791950482057,-0.5568009411735528,0.0344751552544881,-9.367885906321677,0.0,0.3519516795901288,1.8828426730450785,0.0,0.0174022593924178,2.262021158954692,0.1135112979725259,-0.4321144637140255,-0.0477169074679278,-9.323125602362431
3.6493216124321486,2.17640353150604,-0.02,3.2077833185375293,2.0347040036957624,0.1024495569243188,2.710081177259718,0.1275836943520883,-0.5566294287095762,0.0388628668130525,-9.430612514371044,0.0,0.326820692930486,1.921309474998108,0.0,0.0230917663823419,2.185147651788576,0.1150319581011663,-0.4279532047347983,-0.053897661996773,-9.3960413304675
3.667752529666655,2.1395828027253843,-0.02,3.17409105147032,2.052489586613981,0.0981297930661115,2.6501871466086464,0.1279154381208886,-0.547856141683453,0.0483035070328893,-9.471378788408153,0.0,0.3004354579392237,1.8969254972084295,0.0,0.023447863984661,2.2659420536286072,0.1162688574675017,-0.4219445863641688,-0.0530432195430811,-9.44887901141718
3.68618344690116,2.1051993838666654,-0.02,3.171693808893051,2.055198662609845,0.0903795724788383,2.68738535791252,0.1281863617370345,-0.5308028967137143,0.0633694614622652,-9.5260835895625,0.0,0.2837938596589738,1.8241159517199936,0.0,0.0260090383813782,2.253668517262213,0.1172599327571079,-0.4065196309617177,-0.0484253025127615,-9.489273710662829
3.7046143641356655,2.135208026765879,-0.02,3.1319176779054434,2.1387664473261694,0.0834575216899332,2.5762718963559346,0.12791342060133,-0.5329012847518376,0.0449211250924954,-9.578363156233072,0.0,0.2781166294533636,1.7820095701973566,0.0,0.0321437242830447,2.2939052349381006,0.1176686752519824,-0.3986379483110062,-0.0485409730046732,-9.534890486407312
3.723045281370172,2.10758122004404,-0.02,3.1198826311266017,2.187682910351575,0.0674507628549748,2.516303562605744,0.1275419167722029,-0.5329256077258929,0.0342923748310087,-9.63560432041005,0.0,0.2761104886898936,1.8393003694574892,0.0,0.0141673207853549,2.28423939825024,0.1178981557190646,-0.391844334851333,-0.0486677226915903,-9.574698347239352
3.7414761986046776,2.107339836061377,-0.02,3.1984289847999876,2.3128522414746824,0.0633667083100928,2.483684661103809,0.1268935736448273,-0.5223696369971297,0.0343038260864647,-9.67598704026364,0.0,0.2588857764950337,1.8073605818067409,0.0,0.0162856918982471,2.2141680891424644,0.1177142674083921,-0.3814598784072193,-0.0476307488105759,-9.621536008588006
3.759907115839184,2.1282983104355897,-0.02,3.1923101356658257,2.4138856041516434,0.0542911068551116,2.4259848929370103,0.1259897278983472,-0.5169112527066555,0.0331018524006862,-9.744800483359406,0.0,0.2630005362593425,1.8034690262334,0.0,0.0285496812045972,2.278175315565899,0.1176248780982173,-0.3814448666897459,-0.0517312447450934,-9.689914760864534
3.778338033073689,2.165511510570437,-0.02,3.255122266723963,2.4185515233755046,0.0527120283269208,2.4613970982313793,0.1252454034079799,-0.5160127951910173,0.0306970296011469,-9.824525363744227,0.0,0.2929823080735578,1.8083387951638976,0.0,0.0103170726483851,2.2346252096812806,0.1175983366084706,-0.3829089997342259,-0.0580426366609781,-9.739624578975066
3.796768950308195,2.2571706231188244,-0.02,3.132567178254451,2.3911785207316494,0.0459170079969588,2.477954988086433,0.1243661165920357,-0.5211462399768245,0.0255959248040001,-9.865613754533612,0.0,0.2959962801068381,1.8338793215042732,0.0,0.0130392649447079,2.2309955836534336,0.1177586656782745,-0.3783066994473816,-0.0529617673802173,-9.772047738888732
3.815199867542701,2.2246823249158467,-0.02,3.1723021653396963,2.4339763414968365,0.0302542381781859,2.640218600937868,0.1237655160249686,-0.5288100619459342,0.0244482207082647,-9.909240381611651,0.0,0.3125052503885423,1.8889886563229357,0.0,-0.0126298394450801,2.305119499983729,0.1180553107768771,-0.3790765507441948,-0.0512921766990494,-9.807881832493887
3.833630784777207,2.176436321527784,-0.02,3.1309648211347,2.4131655042381834,0.0506023155877769,2.7556004199949276,0.1236004993966727,-0.5415881685842309,0.0301105607087274,-9.97198334223329,0.0,0.3271072861680147,1.9336323155254824,0.0,-0.0042771292119079,2.2563464990030586,0.1185397248707708,-0.3855413870280023,-0.0549833613111593,-9.848965857736411
3.8520617020117127,2.153874672309364,-0.02,3.122895858428864,2.42735915827756,0.0635915086279346,2.784805593934205,0.1234427799791695,-0.5503360309990382,0.0316584993665099,-9.987978171541863,0.0,0.3428211086703556,2.040860409863297,0.0,0.0203115426365886,2.279521360857261,0.1190399453552552,-0.3944819616206271,-0.0592031055890935,-9.90375728457844
3.8704926192462175,2.17246405567136,-0.02,3.227101310935984,2.266941543917209,0.0613453730884025,2.78914503560105,0.1233920729310561,-0.5523350855431877,0.033801933778421,-10.01168795774402,0.0,0.3574396412275373,2.078519759989952,0.0,0.0133904321728346,2.250879450643682,0.1194792963731523,-0.4058199971007983,-0.0648870491257996,-9.955117007462308
3.888923536480724,2.1743740098010926,-0.02,3.117897547463927,2.233364054620601,0.0591022272472098,2.8744639668535377,0.1234706575001984,-0.547765879834822,0.0393443444392685,-10.03247027631157,0.0,0.3862139407524154,2.0665043149685074,0.0,0.0432214230623095,2.298668759457425,0.1203299703228119,-0.4045206808087999,-0.0691212504273545,-10.008089236151632
3.90735445371523,2.100100590957715,-0.02,3.0175547047691023,2.1906976358154693,0.0791760944157823,2.938052057410984,0.1235591928724767,-0.5458262423591183,0.0453861577427125,-10.06326591426062,0.0,0.3783159266849318,2.053183282065519,0.0,0.0215660794397039,2.3267834266665663,0.1207936842279761,-0.409196777442299,-0.0746568158894522,-10.042436662326828
3.925785370949736,2.097587337437169,-0.02,3.080135301964864,2.147119960174815,0.0696147500187459,3.144278275563916,0.123720971068175,-0.5452364324156188,0.0504475107275506,-10.099196745470044,0.0,0.4001364723499608,2.029520601603799,0.0,0.0094968404270048,2.221121181295031,0.1208179905941665,-0.4172291284889839,-0.079849840847543,-10.07421400683064
3.9442162881842417,2.0414195892484908,-0.02,3.0582323590495704,2.060043222098953,0.0612903081862605,3.172155417149273,0.1229722753923722,-0.5476568776942224,0.05167078521792,-10.123226364549446,0.0,0.38417425300854,2.0193156373207097,0.0,0.0243535370003204,2.253847408150018,0.1208836939101745,-0.4104339099845075,-0.0757196062164989,-10.133823780153673
3.9626472054187474,1.9453089326899764,-0.02,3.0796765089516978,2.092394370586133,0.0544135817980651,3.1167649719625814,0.1224393134550785,-0.5506265052480277,0.0507483265538132,-10.158357278775528,0.0,0.3520121628414381,2.056823365355384,0.0,0.0291634343909327,2.227716236108152,0.1209501097978488,-0.4070756950196492,-0.0743052723083767,-10.203610279638426
3.981078122653253,2.035431729010781,-0.02,3.021270719374252,2.064074802959371,0.0557759953918055,2.98227865108958,0.1218226300460406,-0.5522397340374476,0.0519030408060013,-10.199444555336727,0.0,0.3573370426978876,2.039347283235146,0.0,0.040623262161393,2.265003800548677,0.1208647201762839,-0.4081451082718867,-0.0773088425410812,-10.251304623560094
3.999509039887759,2.085399058411058,-0.02,3.078856195699727,2.017964988641161,0.0395404871201212,3.043281719285105,0.1218008149016345,-0.550587725552901,0.0490976759706826,-10.2282770897931,0.0,0.3600833248229995,2.0359660226779286,0.0,0.0239303853869891,2.223676476701512,0.1203034335517544,-0.4021495134489514,-0.0749578769427613,-10.299931842904076
4.017939957122265,2.0768917183380258,-0.02,3.1475195563918774,2.026129837183849,0.0340817496830369,2.965308019456188,0.1221229575749983,-0.5529405798183741,0.049107518498513,-10.284265263091346,0.0,0.3381373879243021,1.9619941331317905,0.0,0.0066387317584389,2.1835379338971017,0.1195590938457728,-0.3983134728627062,-0.068208749741065,-10.363472213650134
4.036370874356771,2.058091308889819,-0.02,3.08187047052094,2.1007400582104045,0.0381609465789022,2.955607829378904,0.1224211997812031,-0.5558172009578277,0.0509048223770673,-10.336828425412318,0.0,0.32042068091989,1.9527124172589871,0.0,0.0124796854231139,2.2250689345521257,0.1197986949647763,-0.39953854968883,-0.0718992691221352,-10.390388577037257
4.054801791591276,2.0540186157129807,-0.02,3.131267226607628,2.162482998948521,0.0430725390175579,2.858094751291819,0.1228824214123509,-0.5538324694267274,0.0520491906721544,-10.396422037646344,0.0,0.2861295949541974,1.9660916900114864,0.0,0.001128276500206,2.1335073310038934,0.119984395779144,-0.3995587983510338,-0.0751036983235352,-10.433439840797144
4.073232708825782,2.17942121176933,-0.02,3.1517892000787326,2.143432198212229,0.0349873740486929,2.861474108805464,0.1238226991098882,-0.5479616497299988,0.0465657435889504,-10.432458274023404,0.0,0.3005196350971875,1.965755975217868,0.0,0.0202955697781865,2.1422145928195326,0.1201706058529994,-0.3957148694619171,-0.0703265085168583,-10.467300245535736
4.091663626060288,2.2354464796058013,-0.02,3.198959638559242,2.0968438436422088,0.0294463104791568,2.6697842078038847,0.1245025024619521,-0.5494405852183472,0.0509623493487287,-10.473005823043197,0.0,0.2826221819789677,1.9744102277267983,0.0,0.0243936424711851,2.154978225722126,0.1211284528387101,-0.3880582043820516,-0.0694134867146994,-10.51234356110734
4.110094543294794,2.273193966429596,-0.02,3.258526906006415,2.162800476566899,0.0335832797399944,2.710253222211217,0.1252019055322715,-0.5495703671153882,0.0564313056356415,-10.528027599430516,0.0,0.2985603270944301,1.9734778576162249,0.0,0.0220293363999676,2.1411978750370464,0.1219339076883648,-0.3865244778978128,-0.0704343193592058,-10.560659275625826
4.1285254605293,2.2540263427104987,-0.02,3.313821968621117,2.105283430998365,0.0441829607954295,2.792735665307427,0.1253039300623956,-0.541847907015083,0.0519637506375028,-10.554996944085651,0.0,0.3277175026325214,1.970209492571638,0.0,0.0061676507126027,2.1753275775023275,0.1220616736137476,-0.386130282712493,-0.0789703001373278,-10.59983926061724
4.146956377763805,2.215754600275936,-0.02,3.3476531495499,2.138225564896709,0.0435979948920023,2.8170017948397104,0.1253787593232859,-0.5407991624039267,0.0533431188599874,-10.584357556748405,0.0,0.3246258197374714,1.9601845336864787,0.0,-0.0020678002216735,2.102423975194692,0.1220079851984459,-0.3855890488847382,-0.0780342412751912,-10.64497418638296
4.165387294998311,2.2288569202950548,-0.02,3.371854957819091,2.2112338149568496,0.0485034016994507,2.6949008527144884,0.1254225357468,-0.5390922468459872,0.0557602431772062,-10.6481498653246,0.0,0.3226168636049349,1.9498365555761208,0.0,0.0094709740856187,2.187321832773786,0.1220474517579485,-0.3914047277161987,-0.0671034553564835,-10.697293550866268
4.183818212232817,2.2591300976863824,-0.02,3.295456065481744,2.202490072287941,0.03857205692086,2.7536318537711733,0.1252916881905771,-0.5445105699826877,0.0463027452895994,-10.67388860954227,0.0,0.333710531601132,1.9201578368038463,0.0,0.0099395329934558,2.2233631882309908,0.1219931641303655,-0.387786511807955,-0.0672404424208239,-10.72961710484158
4.202249129467323,2.264216209084194,-0.02,3.367557175652228,2.1616004426607907,0.0379704969585016,2.826831548736737,0.1256119539794866,-0.5481632195021114,0.0410911822150949,-10.720385797619546,0.0,0.3553698279303087,1.816418205715624,0.0,-0.00314639110619,2.1670541194080988,0.1219533040095863,-0.3898630866600497,-0.0675745028967649,-10.782374193232595
4.220680046701829,2.276408268532604,-0.02,3.3482754394681193,2.1283945077633373,0.061675073799071,2.906830102058068,0.1260099714561666,-0.5482224872522258,0.0348143706805555,-10.748602911512664,0.0,0.3836982088618301,1.8155613844696477,0.0,-0.0107255446333116,2.207011172115384,0.1217773153765588,-0.409816392014101,-0.0641074805360074,-10.813493649479865
4.239110963936335,2.284440103352204,-0.02,3.345700148255292,2.077456581814528,0.0483953397256408,2.9003745250677504,0.1262059269801868,-0.5429740780590924,0.0329959528292862,-10.790044237180435,0.0,0.3802249919039395,1.8030342147908367,0.0,-0.0104566345279623,2.1798798574983445,0.1217535403435895,-0.4109824771271657,-0.0616641487541579,-10.85123255612342
4.25754188117084,2.2276948652916366,-0.02,3.3597718513556014,2.087303434989573,0.0742944972291043,3.01583097534218,0.1263935566876495,-0.5423102482244919,0.0331032451517692,-10.8345050496287,0.0,0.3923008697016807,1.8158237117921667,0.0,-0.0081977313258063,2.200965027441872,0.1217995952345881,-0.4097380827921354,-0.0614163284748413,-10.886292167097912
4.275972798405346,2.2628076788607814,-0.02,3.285447536034708,2.1608101063745364,0.0657129503025782,2.869496681477232,0.1261979932692286,-0.5505064435694804,0.030865215741576,-10.866548807114716,0.0,0.4012729690101487,1.8339760525016844,0.0,-0.0135976322700235,2.1885648458034543,0.1216521210543491,-0.4010937011222734,-0.0600858480537814,-10.934762653257222
4.294403715639852,2.3074189791880326,-0.02,3.317198496284876,2.093387671001504,0.0762907021450772,2.9286263846510505,0.1261883024680192,-0.557625007375841,0.0325618381537592,-10.90849018742559,0.0,0.403349601479276,1.7956711859376753,0.0,-0.0070682364505425,2.239479990125448,0.1217344391925906,-0.3944397136520202,-0.0587504558675289,-10.959465895943492
4.312834632874358,2.25676742249157,-0.02,3.345631128444731,1.99680539601816,0.0783835404110642,2.920037262291403,0.1262181822625033,-0.5593431323299894,0.0354840875651697,-10.956865610801517,0.0,0.4216678763707648,1.7949052870615745,0.0,-0.0006974346824491,2.2704671243688286,0.1222722308324272,-0.389839007726638,-0.0583526865523692,-10.986566408593683
4.331265550108864,2.292934588913876,-0.02,3.314272463837016,1.900333743675596,0.0859910305688439,2.877136196115133,0.1262832241763406,-0.5660357125985369,0.0344106385914725,-10.978585645558756,0.0,0.4113387752352869,1.779599445326632,0.0,-0.0122026466178666,2.256725883159808,0.1223095178052101,-0.3899944941271333,-0.0627565234424794,-11.02822985481477
4.349696467343369,2.3506588670307496,-0.02,3.371684772633932,1.9532842485866668,0.0823929090884368,2.8569907714030065,0.1264692257682074,-0.5696209939244593,0.0331380741885629,-11.021836948156768,0.0,0.4033984563140773,1.8134758554258577,0.0,-0.0120322556177582,2.20054478954823,0.122415962297161,-0.3979358961589836,-0.0664146145912839,-11.066449105953984
4.368127384577875,2.3808517861761627,-0.02,3.37521258134525,1.9502213641045976,0.0770764808792187,2.701235877518277,0.1263285654866416,-0.5646347028156565,0.0333656531253376,-11.04912951915552,0.0,0.4026170095842394,1.8594351056231648,0.0,-0.0016170590466824,2.2304066490628025,0.1228972332119111,-0.3918070683985433,-0.0593242773939843,-11.1151827320832
4.38655830181238,2.409136763851946,-0.02,3.427379827512296,2.0308886416528567,0.0522116028717762,2.7728436688624427,0.1263343095571863,-0.558150153916167,0.0344504596620265,-11.09515580898659,0.0,0.3927527190010041,1.8813301282993635,0.0,0.0056218256366061,2.2541940630283643,0.123217250972685,-0.390701396857343,-0.0592229892996628,-11.152372887897554
4.404989219046887,2.2685050760042094,-0.02,3.394424299731523,2.092360769367053,0.0589001570345858,2.703674914506441,0.126654025019772,-0.5548949534349094,0.0350955981282683,-11.136738828414654,0.0,0.4135478285780027,1.913178413176486,0.0,0.0041811345128993,2.2653827943328926,0.1232781830135335,-0.3899469605311408,-0.0624370315367892,-11.20096257789967
4.4234201362813925,2.29669089433576,-0.02,3.3529275470438527,2.151560453800472,0.0516917779450506,2.549894931766196,0.1267932360214949,-0.553561546425181,0.0340183763256627,-11.192975901410056,0.0,0.374638122471323,1.8568996533803903,0.0,0.0113320980216825,2.271660149291175,0.1232208427183315,-0.3884771819407753,-0.0641127099804049,-11.257608152626474
4.441851053515898,2.2022407756684097,-0.02,3.363570052649364,2.08874893066753,0.070323403699998,2.679617463047548,0.1267687451825261,-0.5435661026283037,0.0334185605427589,-11.250967424541612,0.0,0.3396277317644452,1.8295236561169368,0.0,0.0210012250574369,2.256148201448704,0.1234342551573542,-0.3899650808107736,-0.0675716173486395,-11.30918130317266
4.460281970750404,2.160831335985598,-0.02,3.3393471141341062,2.142733240520874,0.0656033370854124,2.5752118299029347,0.1267706036810864,-0.5357092226722977,0.0349462630525219,-11.28700679725254,0.0,0.3145691301110855,1.7763532341755852,0.0,0.0183548710866394,2.129888807659064,0.1235052013821839,-0.3879382143284892,-0.0702672683837596,-11.370072694974144
4.478712887984909,2.1656859873399634,-0.02,3.224044415974825,2.218935283129144,0.0650745349779903,2.5538640199969365,0.1267081373037662,-0.535648615201385,0.0320080184197856,-11.335405410498067,0.0,0.2945712559283759,1.756281282316757,0.0,0.0127037221141149,2.118793270913062,0.1235770928745259,-0.3907258193043526,-0.0709698064816743,-11.418634462645246
4.497143805219416,2.138259730544101,-0.02,3.1648787609732856,2.2879159897255104,0.0440048805967397,2.66977841464542,0.126631288968154,-0.5325657284773303,0.0276400397508851,-11.40463806684101,0.0,0.292330911280729,1.7273741113728172,0.0,0.0144544031377791,2.07838207894802,0.1237349512553542,-0.3925129730485024,-0.0691096530047808,-11.453969959033406
4.5155747224539216,2.045906302140949,-0.02,3.1484207235017116,2.134442561364488,0.0363997285183171,2.797174321644595,0.1264806167346399,-0.5245121845195791,0.0362800564429732,-11.433620361589025,0.0,0.2933204737622852,1.7306983260883726,0.0,0.0106355871505907,2.21855174224434,0.1238122283805281,-0.3912766576183232,-0.0603853611949434,-11.48469066248422
4.534005639688427,2.011229936315324,-0.02,3.183820578374448,2.134954150696713,0.0392831680373635,3.023644331036636,0.1263410610997671,-0.5232948834847321,0.0353460883336866,-11.491671398777347,0.0,0.2847583637437509,1.7794060311530526,0.0,0.009123298788864,2.2313628787485302,0.1240192457499589,-0.3933599889101332,-0.0601516451426118,-11.533271305561492
4.552436556922933,1.919128241226382,-0.02,3.126230124693538,2.1376344959917426,0.0463754961918868,2.9003443569949225,0.1261851056954549,-0.5242183056095202,0.0178845210387925,-11.5281143604534,0.0,0.2670226950283858,1.7717562996737648,0.0,0.0135915159412681,2.181032704395902,0.1241196888100579,-0.3919100698541133,-0.0636591219596122,-11.57170714387142
4.570867474157438,1.94625948157848,-0.02,3.1878986565310607,2.126206223821976,0.0613966695031414,2.9429424124101007,0.1261615713197504,-0.5296555818984285,0.0140643160424088,-11.589052471995204,0.0,0.2438881467302835,1.7847786613248993,0.0,0.0194902143919277,2.154332062796122,0.1241750132781848,-0.3946679370262211,-0.0670919888913325,-11.598900964092202
4.589298391391945,1.899605312754722,-0.02,3.2407464772450294,2.1389791514677,0.0588062170966847,3.1118623878631406,0.1261337613671144,-0.5317814309143591,0.0158140602825269,-11.634981134703851,0.0,0.28538634525918,1.8574734607860697,0.0,0.014447593866049,2.1714109105037376,0.1242935957026506,-0.3979280455593877,-0.068980667303514,-11.660555591060104
4.607729308626451,1.8785124997415537,-0.02,3.2597500606078462,2.203924958145824,0.053821720163243,3.0554173593903857,0.1260926687663161,-0.5332759257250651,0.0231225316914888,-11.666694268179166,0.0,0.3008056944086725,1.884271636685608,0.0,0.0022042741614067,2.164490354359501,0.1242824857929761,-0.3928274596818745,-0.0685085700576293,-11.704524806916815
4.626160225860956,1.86320036967112,-0.02,3.228836971461837,2.259802575896168,0.0373524129996987,2.980555659054558,0.1255741235424546,-0.53599628413681,0.0165822624376001,-11.678254344429586,0.0,0.3338749377605626,1.925588246144658,0.0,0.0056152895142748,2.190205430888724,0.1244465370460882,-0.3917647378286801,-0.0680441797606993,-11.740611200081553
4.644591143095462,1.792976741862072,-0.02,3.279107176830525,2.2557291121168945,0.0435842594253155,2.833236569137328,0.1254391385149557,-0.5317927290618361,0.0094791237803185,-11.730360472468968,0.0,0.3384613278219613,1.9225826009257752,0.0,0.0124505929404006,2.221667398249892,0.1244269611367569,-0.3901908562634817,-0.0620733178237642,-11.787744357739168
4.663022060329968,1.784403497910669,-0.02,3.288834377943592,2.260730677867895,0.0525098176939562,2.802849824199806,0.1253316311274606,-0.5308868699092871,0.0082351834096165,-11.78184372254249,0.0,0.3342478686445536,1.9394133684564403,0.0,0.0107874757390451,2.221619038827584,0.1242909619918999,-0.3878840947583923,-0.0594961941051194,-11.81940426852913
4.681452977564474,1.807149278522272,-0.02,3.3287420552002023,2.350380728205426,0.067035414533661,2.685257662661513,0.1252834435483502,-0.5311148209717623,0.0069656236568469,-11.833792539950494,0.0,0.335651927173219,1.9260100798554511,0.0,0.0193410525040856,2.175403387011342,0.124218060921353,-0.3904743617230456,-0.0608155244796119,-11.89004567186952
4.69988389479898,1.8238817210322933,-0.02,3.2448997308312446,2.382813750078953,0.0846819220088392,2.578846129184624,0.1252863058641726,-0.5238221392324202,0.0069428472486903,-11.848517576839791,0.0,0.3410791474144622,1.9145042491406736,0.0,0.022387715028739,2.1462814471545872,0.1241744473562899,-0.3937595650261322,-0.0593813807005407,-11.923890250832445
4.718314812033485,1.798527788350326,-0.02,3.265567558668193,2.306415335009138,0.1037864542108599,2.6256364206596152,0.1255962533885833,-0.5168029575344155,0.0095642181533701,-11.901671876153832,0.0,0.3554229417113029,1.9254111519583648,0.0,0.021361433113952,2.1615975667727647,0.1241084913554348,-0.4019293694890425,-0.0545560266700645,-11.970945944615147
4.736745729267991,1.817067909157572,-0.02,3.3206900388302194,2.330402201087749,0.1105558531696017,2.518968041248648,0.1255743769638743,-0.5075979688217844,0.0098341185315473,-11.949847650116798,0.0,0.348657691748841,1.90328211560772,0.0,0.0153190654362645,2.2562140996190143,0.1240891737227995,-0.4175040790691111,-0.0478348597807116,-12.026919636173076
4.7551766465024965,1.8644949721375688,-0.02,3.2264482619899986,2.2752833950530054,0.1178620731969968,2.468610398238289,0.1256007503099268,-0.5120943355718625,0.0153625884081594,-11.977169137325824,0.0,0.3234609493538001,1.89659895849682,0.0,0.0116974930503254,2.227796446649768,0.1240603746376921,-0.4102878148067599,-0.0466123116866433,-12.0672926536689
4.773607563737003,1.901160632419172,-0.02,3.152807201518383,2.120293318055193,0.1191696536024135,2.4359851799607894,0.1256122678849925,-0.5173855160447025,0.0204495149984686,-12.00966315083111,0.0,0.3259793549921714,1.8324869374627453,0.0,0.016546427791494,2.324317301711398,0.1241302243241986,-0.4062097076618313,-0.0468866613570458,-12.104670905516134
4.792038480971509,1.9241598785314755,-0.02,3.0712919605355595,2.00182212652418,0.1182399781487503,2.38923498785452,0.1261289227758789,-0.5206360960684208,0.0272834855899595,-12.078129554536307,0.0,0.2919366826286684,1.883786533188748,0.0,0.02891200499221,2.28399785730348,0.1242143216847583,-0.4097953327157355,-0.0479348224438498,-12.147458954762495
4.810469398206014,1.934820458274624,-0.02,3.069837490485884,1.904940219381964,0.1250863064940636,2.4513918856198966,0.1266950070170417,-0.517525571633705,0.0302752951555802,-12.117264205043556,0.0,0.2807084629083893,1.8659649853227505,0.0,0.0411053663593558,2.2019757150932286,0.1242673047173449,-0.4114668001928942,-0.0518135650944042,-12.202799666456537
4.82890031544052,1.9285360722279383,-0.02,3.1566292960928446,1.9472053683892712,0.1352226932492414,2.325839303490896,0.1269179477370553,-0.5101752866334394,0.0283546137386287,-12.167313699822596,0.0,0.3201642811205624,1.8288939633048809,0.0,0.0361468445386342,2.160385736242423,0.1245310082862935,-0.4052470848428134,-0.055909130512859,-12.258767733534269
4.8473312326750255,1.9465388396922108,-0.02,3.0461458723348978,1.906555719903681,0.1403139487397778,2.4104383636552815,0.1270848012529589,-0.5090716983820526,0.0205635608130543,-12.194917771295495,0.0,0.3296247908653114,1.8346971853185383,0.0,0.0328675930418427,2.0142816529023886,0.1247380703075891,-0.396638303682884,-0.0536668066626528,-12.286834137701186
4.865762149909532,1.954572144001444,-0.02,3.06526108737021,1.857492414396242,0.1236326187837497,2.4246698414123498,0.1274869766077702,-0.5075440038527304,0.0165314282997496,-12.244061562299464,0.0,0.3262075475883011,1.817951494028244,0.0,0.0283418184833535,2.052590200087558,0.1246973518404275,-0.3917354461130897,-0.0562660905672592,-12.335417703721914
4.884193067144038,1.9876359877236487,-0.02,3.072556014553488,1.7765366526242912,0.10998338312951,2.4292758647875856,0.1275511263066026,-0.5050341196356567,0.0141025222406291,-12.29290198747191,0.0,0.3151198485675328,1.7914025597368586,0.0,0.0253689361503107,1.9525696805332409,0.1249155547695218,-0.3941412132189636,-0.0580216907888825,-12.380072806806323
4.902623984378543,2.0268908058398285,-0.02,3.0241636149239604,1.803241775087295,0.0819893548530251,2.461985123515159,0.1275718367499941,-0.493950110477444,0.012161606217332,-12.341595007354586,0.0,0.3471704917779408,1.775941559033847,0.0,0.0289510253643159,1.9109376492421752,0.125120622994985,-0.3948852798436517,-0.0589254748313787,-12.40822925533119
4.921054901613049,2.0696480804184505,-0.02,3.0644093297189148,1.7398645506175243,0.0850347519283589,2.3946333000248976,0.127783207271748,-0.4845410054822081,0.0100725248436263,-12.405799049281503,0.0,0.3653281538144525,1.7691231807705252,0.0,0.0333758665769901,1.838163822024604,0.1252424572072256,-0.3950833234089136,-0.0595414313240649,-12.44992770552552
4.9394858188475546,2.0444057127934414,-0.02,3.125859719761085,1.7902045992695612,0.0724998399835163,2.223051235334584,0.1281207176061271,-0.4924117649460395,0.006300041586977,-12.448195059745322,0.0,0.319431615056864,1.7716442748336012,0.0,0.0387494258743238,1.7777721564699769,0.1253272892634635,-0.3973872616967305,-0.0592383605379465,-12.48327025212664
4.957916736082061,2.0546729969867807,-0.02,3.248804296545263,1.8654846956286464,0.0690233392607206,2.3351135522296067,0.1282533010408929,-0.4965715171844481,0.0069898757380589,-12.488017709044346,0.0,0.3476437449214652,1.7076841670708809,0.0,0.0363756995312154,1.800532457142224,0.1253902499536503,-0.3970195492015888,-0.0576235286746185,-12.534756790307714
4.976347653316567,2.219070370208597,-0.02,3.281178531988075,2.064006587846352,0.0587344522803907,2.3101742541883823,0.128193974097888,-0.5031796555676056,0.0051084443430848,-12.516169600549876,0.0,0.3444529904033541,1.7310882510265297,0.0,0.0399027550389503,1.831992896646876,0.1254954315876587,-0.3962485455174005,-0.0551572020522243,-12.5613911805437
4.994778570551072,2.138758874023474,-0.02,3.267113655191194,2.008796918952197,0.0450700072606327,2.4822583204858826,0.1283129094791043,-0.5092996455829192,0.0045434978227326,-12.556041127353769,0.0,0.3479653088235446,1.7373439828409325,0.0,0.0482777043916271,1.9796080928993869,0.1254330435574545,-0.3880579565065253,-0.0511169293899553,-12.621799722821349
5.013209487785578,2.190884212319001,-0.02,3.3375402855489646,1.9633289546633552,0.0393782415886625,2.4366859229570443,0.1285317995632196,-0.5146787240865809,0.0060460018205721,-12.61863901337575,0.0,0.3426462852672354,1.766894448783753,0.0,0.0409629788278793,2.0434760150691886,0.1254564075463014,-0.3851810503587539,-0.049802581284419,-12.657610650276984
5.031640405020084,2.1863749244099817,-0.02,3.3901879632738425,1.981001395112544,0.0282847489037923,2.4890503684587246,0.1285157877049987,-0.5172002338350302,0.0069874277067439,-12.67749816067209,0.0,0.3695187085387867,1.8092166947682509,0.0,0.0414044839290083,2.0356305001386703,0.1256225296946047,-0.3827723016876909,-0.0475758205185376,-12.695412262523996
5.05007132225459,2.2678744350111897,-0.02,3.378732612928127,1.9618642399128847,0.017010327197462,2.489113836106577,0.1286578862834867,-0.5124220157158531,0.0068930380714729,-12.7274275307256,0.0,0.3568074989402667,1.8207088950464847,0.0,0.0493595030535697,2.082367157285189,0.1256496164951724,-0.3856233280740055,-0.047049575845052,-12.729613442478495
5.068502239489096,2.189795467522789,-0.02,3.394803609742008,1.820102586750675,0.0312515239069109,2.58200478328582,0.128925769507073,-0.5083626624045026,0.0057972578247752,-12.786102890867104,0.0,0.3500086308792587,1.817902066223696,0.0,0.0332603088494485,1.912227153275692,0.1255480871715704,-0.3937942545576481,-0.0452463403798782,-12.77736331967813
5.086933156723601,2.105281099110725,-0.02,3.377263049010083,1.9226151817367143,0.0205044600186596,2.609052450063148,0.1289981461933933,-0.5071620772764558,0.005630811788932,-12.804075375498378,0.0,0.3387195696912221,1.799127998180696,0.0,0.0323554212555469,2.0512089746013102,0.1257216711275975,-0.3899166306108008,-0.0488644539993272,-12.823419390389317
5.105364073958107,2.092484128800361,-0.02,3.334016400172557,1.9989412356746536,0.0475571966168097,2.790531855295329,0.1290900481923201,-0.4999870307382719,0.0022338241424566,-12.853117814094524,0.0,0.3869931766491052,1.8629673209124769,0.0,0.0255298207978818,1.9834080603266269,0.1257928572931153,-0.3848259754133156,-0.0482526891603913,-12.87293329406508
5.123794991192613,2.1261225411544364,-0.02,3.334475337585866,1.993585571791796,0.0530453955095349,2.7544336875278166,0.129274684498407,-0.4964358790302539,-0.0053289510266541,-12.911200682706712,0.0,0.3852197499941414,1.8732904850569037,0.0,0.0091159924584412,2.060352452164965,0.1258117647601342,-0.3785509446600111,-0.0440039085652764,-12.90595745746801
5.142225908427118,2.116397933347635,-0.02,3.38160405538692,1.922035048263884,0.0475274406132893,2.8694973283264447,0.1295773325298056,-0.4884656709613239,1.8980492621860443e-05,-12.944860409231786,0.0,0.3915459445723217,1.867686820630228,0.0,-0.0008279506920189,2.0162400978858668,0.1258571576331051,-0.3721428577270498,-0.043379013102921,-12.973732581801531
5.160656825661625,2.223053655674364,-0.02,3.3568964998139266,1.8998347221824303,0.0607116999165108,2.704386462588389,0.1302026908266981,-0.4860139863639514,0.0050973748948248,-12.984822260366116,0.0,0.35782805688882,1.8898971369010864,0.0,-0.0089788697483208,1.8764585721506015,0.1259648335755028,-0.3741446306876488,-0.0440447866414359,-13.028571010425209
5.17908774289613,2.1112856074226034,-0.02,3.3825083922548713,1.9237932299723155,0.045063074029134,2.637976161245076,0.1302497555682738,-0.4929731941293996,0.00384645230972,-13.017359855176045,0.0,0.3657429748455269,1.8535135557841091,0.0,-0.0001673296476904,1.8956661446334897,0.1260792881431806,-0.3773872774973446,-0.0436100334200638,-13.100317077190097
5.197518660130636,2.129144523109628,-0.02,3.3520963449333308,1.8996488279948225,0.048127768980843,2.585796386312957,0.1304680374762554,-0.4981248886598695,0.0066513701240098,-13.057092735936996,0.0,0.3293772202784019,1.8706516566487,0.0,0.0042008571901491,1.8672494956264096,0.1261356278799897,-0.3790611954805524,-0.0449223037096664,-13.142416725250602
5.215949577365142,2.08914077795932,-0.02,3.25988698435283,1.865243804548248,0.0534403273876348,2.511594773983542,0.1304443193610118,-0.5044489655463258,0.01140422997637,-13.095317679172457,0.0,0.3506825544899509,1.8491351883209104,0.0,-0.0047445667743632,1.9550477392954428,0.1260070367079237,-0.3764119869320561,-0.0418409922667218,-13.176995852538772
5.234380494599647,2.1857161523455435,-0.02,3.2205401446601445,1.888908480615897,0.0505488499999499,2.494609311135652,0.1303401333036552,-0.5031802516676883,0.0125172642621868,-13.132355968931842,0.0,0.3598584891520749,1.854615864932203,0.0,0.0037775998163696,2.1395481314977074,0.1262436117951626,-0.3775546657115996,-0.0424182309177213,-13.207172909388824
5.252811411834154,2.1924301679320184,-0.02,3.325645524537397,1.8184328903179208,0.0567082075684955,2.237937291021307,0.1304718987126128,-0.5069403415183926,0.0118520914575369,-13.191238461529828,0.0,0.3798529361216404,1.8516075663914109,0.0,0.0105398861290043,2.073943034974122,0.1263108725454907,-0.3827429131555686,-0.0433713861638883,-13.249874033646597
5.271242329068659,2.216579053127359,-0.02,3.36665481386471,1.793767324459317,0.0430330375871819,2.190168147108829,0.1304225820655372,-0.5090887937307698,0.011873825915751,-13.23331853372537,0.0,0.3528612671804438,1.8166896799247736,0.0,0.0156053495800271,2.17056593020287,0.1262470703381243,-0.3868959201694479,-0.0442581044259511,-13.281613387526455
5.289673246303165,2.161859627484582,-0.02,3.327163219387512,1.762109953345689,0.0330626092350125,2.0904612757206857,0.1304665676581796,-0.5053110012455557,0.0125087326893224,-13.271629771816771,0.0,0.3253931969174792,1.8512028330938015,0.0,0.0232667081644121,2.120114164507226,0.1262333669111037,-0.3930641762136009,-0.0417400592467726,-13.3234757428547
5.308104163537671,2.211956712428406,-0.02,3.283852759417505,1.6965537771829102,0.0421991691104485,2.1303621859763178,0.1302555548686345,-0.5005512423217835,0.0127425227529478,-13.32591204837225,0.0,0.3385938414261366,1.8686711964363447,0.0,0.023093115094192,2.1934648838671724,0.1262676328532646,-0.3906836653407746,-0.0407334495798189,-13.379324971093286
5.326535080772176,2.223012729279372,-0.02,3.362373835589208,1.6957467320413808,0.0391968589767359,2.249102000924552,0.1299439284651769,-0.5000173951244532,0.0079765062117508,-13.349400700359682,0.0,0.3580446197918522,1.865055502451446,0.0,0.0327235472431329,2.2780199093540814,0.126161566864519,-0.3975841983396048,-0.0413376211140198,-13.397771827187883
5.344965998006683,2.280908735911792,-0.02,3.3355764175536056,1.7648053884088637,0.0511712691592813,2.421727527233956,0.1299609679530366,-0.4954309638967496,0.0052764113461066,-13.40294733693034,0.0,0.2844534863164958,1.9041199052686024,0.0,0.0262796412662476,2.2220580392216216,0.1260340854585168,-0.4017635587727692,-0.0411761091202612,-13.432267724140903
5.3633969152411884,2.235158276138015,-0.02,3.3650307392638292,1.7940720350157984,0.0425756572903977,2.397500857129043,0.1300457756627636,-0.4897816645252549,0.004115962719289,-13.443004756937802,0.0,0.3361155904605917,1.8743091968430976,0.0,0.021578138596444,2.1992349521752543,0.1261205623784293,-0.3944892795408328,-0.041328993236043,-13.487653327525686
5.381827832475694,2.320994288197249,-0.02,3.4696567286568527,1.867137349020365,0.0402122244538465,2.478163172289521,0.1302217676060818,-0.4826252176699942,-4.902049336208067e-05,-13.502896196142329,0.0,0.285794441686308,1.8344682783168709,0.0,0.0131114234943473,2.1506913157491243,0.1261722887127264,-0.3997429767473675,-0.0435191501674029,-13.52828240270652
5.4002587497102,2.262980864194142,-0.02,3.420877649632476,1.9074105661939107,0.0373483370653744,2.4235575730769585,0.1302799324823553,-0.4725942031719129,-0.0029337231485691,-13.547228962406637,0.0,0.2697869531690155,1.859017237446592,0.0,0.0128192162215847,2.103702444588352,0.1261361849141094,-0.3984959089535729,-0.0446953667337868,-13.582436168894194
5.418689666944705,2.3202101480876896,-0.02,3.1096040324636536,2.031205428107957,0.02899220102833,2.69727589463857,0.130274200258806,-0.4577775541871822,-0.0042858001033046,-13.598682784601731,0.0,0.1886139665152249,1.8178616105346237,0.0,0.0092604856278042,2.097010231207947,0.1260267906397306,-0.3994378249867997,-0.0429464551375382,-13.63729101115696
5.437120584179212,2.319625501169345,-0.02,3.0845337684912564,1.981242400036059,0.0322501601523732,2.689039963091196,0.1302316980939237,-0.4498668176864718,-0.0081027720468573,-13.63974544161511,0.0,0.1781056383083898,1.7872857350037223,0.0,0.0089649943234372,1.9843044756272,0.1260017281298157,-0.3976973858720716,-0.0419113590681131,-13.687460476982125
5.4555515014137175,2.4226248050644403,-0.02,3.039521416354764,2.005486837519662,0.0368816877590942,2.760124395940303,0.1301729365458828,-0.4414096261125136,-0.0128649118555937,-13.672047115505451,0.0,0.2149443266594247,1.732385801191513,0.0,0.0115629321058216,1.912262096145121,0.1258963661373746,-0.3901146892689761,-0.0428814897820409,-13.74406180257811
5.473982418648223,2.2413640018831886,-0.02,3.02946273229263,2.007001990859384,0.0384398031456349,2.679863873329932,0.1302243237156158,-0.4409099689491584,-0.0130822904975633,-13.736041559822016,0.0,0.2294610272816952,1.6826973991058771,0.0,0.0133263746003046,1.9695568834549453,0.1258233672438329,-0.3781948131833266,-0.0388533451595727,-13.77862593704471
5.492413335882729,2.2222028970960745,-0.02,2.8460721946342935,2.047608504990373,0.032730905833316,2.4588601672034502,0.1299923043371566,-0.4340535109662433,-0.0159922629301603,-13.802792478827277,0.0,0.2189522615392852,1.70338201458848,0.0,0.0103941480444334,1.8983892928875448,0.1257924685265781,-0.3706171383560099,-0.0366149321868175,-13.818747866260972
5.510844253117234,2.195104514567264,-0.02,2.8902844271661596,1.9969300262663725,0.0349543612966235,2.571417716667536,0.1300728835498259,-0.420523909228279,-0.0161892197173533,-13.8388919633896,0.0,0.2657052473630575,1.6642038110507436,0.0,0.0137410844127468,1.9344429642925107,0.1257705268268317,-0.3727175209572186,-0.0437876467261889,-13.861881295245745
5.529275170351741,2.254517010835696,-0.02,2.679951421569044,2.09561549016579,0.0446816651494456,2.676023857244742,0.1302061053793793,-0.4204799257593772,-0.0111041355500248,-13.88528109300179,0.0,0.2795426510037559,1.622765209207066,0.0,0.0095201916649445,1.9457692094155528,0.1256022121649023,-0.3773671572175702,-0.0406182036094198,-13.904785370253007
5.547706087586247,2.1551835375796755,-0.02,2.631456268646255,2.133583046792726,0.0344525522982388,2.544268050051884,0.1300345047900324,-0.4273853866017236,-0.0041200002861447,-13.925498809089934,0.0,0.2978660905350583,1.60277433307259,0.0,0.0162110147952683,1.9384036978835075,0.1256596730940415,-0.3668158090171806,-0.0361968518191051,-13.955828768558131
5.566137004820752,2.1307874308988266,-0.02,2.817888866719484,2.064586799615172,0.0326520750789522,2.678938464057071,0.1298979804930649,-0.4364439966844212,-0.0055672185381443,-13.968458710088306,0.0,0.3029353735218371,1.5264599084664414,0.0,0.0160803217300764,1.9282603032198085,0.125568253140652,-0.3708143636024906,-0.033749457191297,-13.99474746155764
5.584567922055258,2.0555781093292427,-0.02,3.0738109401800098,1.9006177651953773,0.0397499721456916,2.632944579053576,0.129708322703671,-0.4505561589821903,-0.0051905260890581,-13.992347375281431,0.0,0.3722612812253356,1.5940795528631009,0.0,0.0198938054302564,1.9831915015736352,0.1256893895409807,-0.3753799848351667,-0.0373286056147732,-14.046894287763424
5.602998839289763,2.0786368960294754,-0.02,3.085163188505786,2.023268177951299,0.0350788267677015,2.6865698783133616,0.1296922661974962,-0.4583283812939059,-0.0055948580954357,-14.029261745734791,0.0,0.4048361677230805,1.6177510162289213,0.0,0.0216057428248054,2.02711053330954,0.1258371516285818,-0.3687788114973555,-0.0367752944650927,-14.108015281324912
5.62142975652427,1.9872925953988,-0.02,3.212475464864825,2.085244967843839,0.0310295264469581,2.7252771578426462,0.1299895879088781,-0.4633272662305045,-0.0011298024333655,-14.08645777950349,0.0,0.4270796584990012,1.611009123263355,0.0,0.0218107404259554,2.1770349466974546,0.1259850641774743,-0.3643168640494832,-0.0370798674117387,-14.13345717462018
5.639860673758776,2.090470954796312,-0.02,2.7853344009580456,2.1106453571585746,0.0188850572701531,2.672022086189673,0.129916336492067,-0.4645211546429056,0.0025725611205845,-14.097741969017957,0.0,0.4247531253578481,1.5610785505298084,0.0,0.0242295974663983,2.129198418217541,0.1259434602732369,-0.3575976597543588,-0.0375943472826982,-14.172226985241544
5.658291590993281,2.013412029019622,-0.02,2.759600090481614,2.1593179510324307,0.0156043227124792,2.908107211895435,0.1302433218713602,-0.4679571451644999,0.0043664576198497,-14.11746345242736,0.0,0.4119189153770957,1.4752401317768908,0.0,0.0300155438805951,2.2001478339771907,0.126067658665812,-0.3527056624449811,-0.0393004378101312,-14.2127517468386
5.676722508227787,1.95476330118167,-0.02,2.8677349380546486,2.155661647077127,0.0132111261989065,2.498436936746172,0.1304370630784206,-0.4660591211170121,0.0045780103136403,-14.17150068203018,0.0,0.3922473032653208,1.4586864229779486,0.0,0.0261908536963378,2.0837763124346567,0.1261761100054274,-0.3538034015557645,-0.0425276275902638,-14.255911461407294
5.695153425462292,1.867044782775196,-0.02,3.041922138660589,2.1105215948821465,0.0135617992057601,2.4101461743118406,0.1304606974646953,-0.4601058987236354,0.0052901898695752,-14.202514070050508,0.0,0.3269678264294176,1.5009451712004631,0.0,0.0282023599047484,2.0884180817879208,0.126398432579516,-0.3550421289877565,-0.0399030641822298,-14.296689687598803
5.713584342696799,1.8600171074284115,-0.02,3.071807796916611,2.127802971734285,0.022702836613246,2.321343043764332,0.130597844130863,-0.4448565715905223,0.0026772697230704,-14.200706020857387,0.0,0.335833474186127,1.522384765149143,0.0,0.023560984690794,2.0870074655341098,0.1264807519461751,-0.3608573480911746,-0.0393040561369862,-14.318609120514544
5.732015259931305,1.900890507076979,-0.02,3.203300684181864,2.2724519725358103,0.0164017858690651,2.1895266866805296,0.1306844221290261,-0.4371429151613577,0.0030986786224089,-14.263926951587637,0.0,0.3439113676862717,1.5370692587122106,0.0,0.0189737061130503,2.11076086114372,0.1265738111197933,-0.3567936902761502,-0.0416826879638655,-14.350011664949491
5.75044617716581,2.0109896267829126,-0.02,3.1402856547045173,2.279317164822157,0.021385634438494,2.1714339633074164,0.1305123589712155,-0.4296630025629174,0.0006099796996552,-14.319374781932195,0.0,0.3289381213772597,1.496556358679662,0.0,0.0181237191840841,2.12876414443256,0.1266085079045373,-0.3505152930934619,-0.0401898403290149,-14.391059529075392
5.768877094400316,2.062795246929378,-0.02,3.031216223390136,2.077461296848382,0.0184137478180721,2.178785583169357,0.1305387724276243,-0.4326155353191228,-0.0015859672109967,-14.35434265130618,0.0,0.3255704206113323,1.5005003015807228,0.0,0.0114498473591644,2.17591685472977,0.1266083052754096,-0.3509321272060197,-0.0404658433933139,-14.422427153480877
5.787308011634821,2.1297045730370336,-0.02,2.895269371994543,2.1461536494635856,0.0161764425148141,2.107232269918134,0.1304268378864514,-0.4271082589328193,-0.0042784055301702,-14.397211876365448,0.0,0.2973046780734843,1.5185846126409146,0.0,0.009118362270269,2.121812038143118,0.1265733658707636,-0.349659346362326,-0.0416416329293,-14.465168529193894
5.805738928869328,1.9501730505264443,-0.02,3.0951421898410345,2.1931103012255075,0.034261998627358,2.1945626414059984,0.1307479518175426,-0.4282487558867963,-0.0106347111594766,-14.44148759177824,0.0,0.2733618542166701,1.5880282206873464,0.0,0.0052655623329359,2.0826930870173093,0.1266243759604173,-0.353883782696084,-0.0390034115110901,-14.49861878097346
5.824169846103834,1.9838987074795424,-0.02,2.9930164046969714,2.1657607476085428,0.0415286610461439,2.147055108754229,0.1311817900476,-0.4288953586437506,-0.0102132509412799,-14.48862239894081,0.0,0.2854642913194419,1.775499087277555,0.0,0.0068266573203561,2.0266191250146663,0.1265807559283125,-0.3579972837605125,-0.038295569521514,-14.55492762257457
5.842600763338339,2.119165324998737,-0.02,2.713619580125517,2.2879579000567856,0.0300699964542516,2.3709270050307576,0.1310115478557128,-0.4283161568523293,-0.0030930118341001,-14.512807985025963,0.0,0.2843358503643894,1.801834670174848,0.0,0.0096766969278647,2.148621051970039,0.126509845155864,-0.3581648233925335,-0.0375940909531614,-14.61298448198181
5.861031680572845,2.178714583266856,-0.02,2.645298009176692,2.377004031604629,0.0268116642279319,2.44848961209431,0.131020872681462,-0.4258452501807288,-0.0023962415442801,-14.57682676034297,0.0,0.3122774637272259,1.7327757046043375,0.0,0.0084139450916064,2.1480241281098498,0.1267967494562578,-0.3597986225561754,-0.0393759498124431,-14.64552125430898
5.879462597807351,2.103376787350337,-0.02,2.585076600056834,2.3827261647568307,0.0279808623317334,2.538629298385644,0.1310377376006729,-0.4307682996624268,-0.0014308055602034,-14.65190742985589,0.0,0.3217708225849099,1.735056509913133,0.0,0.0096294205652931,2.173980180145042,0.1271539305388107,-0.3571805022340254,-0.0381985221647757,-14.703873814034337
5.897893515041856,2.1135710366275533,-0.02,2.4233689398923173,2.3258265339995123,0.0314873409319614,2.5341793093642075,0.1312368696257743,-0.430042608649091,-0.0047707627801869,-14.683463093834671,0.0,0.2790116931124066,1.687874757982886,0.0,0.0104481875707588,2.0216450623138207,0.127751684792283,-0.3637107560196067,-0.0373282847487125,-14.765860284884312
5.916324432276363,2.2453068668344573,-0.02,2.468758547720116,2.3807435194118103,0.016550406402922,2.403537700488285,0.1315852440949607,-0.4310797347897666,-0.0072505126575607,-14.742676995024397,0.0,0.2858787770744495,1.6596571681854464,0.0,0.0114830896687874,2.0696031823612486,0.1279250850373193,-0.3738012576340833,-0.0367400567086404,-14.797815242444033
5.934755349510868,2.182820202009172,-0.02,2.507687390608085,2.437486464637273,0.0203100777753392,2.310834544204978,0.1318102946047608,-0.4246046663868339,-0.0098662204472388,-14.802160488109289,0.0,0.2814974810857682,1.6627333430049276,0.0,0.0148014689862476,1.9984400279055967,0.1279077813242128,-0.3738843977614949,-0.0378027773101607,-14.840311262428465
5.953186266745374,2.108051528520968,-0.02,2.541347969518148,2.25194115666614,0.0184660231006289,2.418769898683608,0.131836083461972,-0.4345245779254559,-0.0018489597408842,-14.849110323461092,0.0,0.277469977331685,1.6987362088081106,0.0,0.0110732528077557,2.047744036610172,0.1272690672785331,-0.3705709399099871,-0.0374856289565365,-14.883331496678617
5.97161718397988,2.138227229400066,-0.02,2.8927733095113943,2.13870809468047,0.0148679757036165,2.5337699452332707,0.131754819682353,-0.4426870659905215,0.0067453394780278,-14.900696791470075,0.0,0.2797249128253357,1.6118052002679615,0.0,0.0119643036585354,2.066130387847593,0.1268761354287653,-0.3647607241865946,-0.0404526603935633,-14.948443188612476
5.990048101214385,2.2261174318110624,-0.02,3.196346083261394,2.0235527326644345,0.0195099896705453,2.5733820323179626,0.1317201069718689,-0.4473816961646149,0.0132586394243155,-14.92172450570074,0.0,0.2404975278449367,1.4297571869115793,0.0,0.0108982757984179,1.9923816016909208,0.1267349267616385,-0.3502588506307055,-0.0397037351110867,-14.99692824213408
6.008479018448892,2.166146718018676,-0.02,3.2555358002338415,1.940147947617785,0.0279449497069549,2.428666605927986,0.13209814143021,-0.4464496394701344,0.0159456091288158,-14.943687843566355,0.0,0.25026558992976,1.5657000295896368,0.0,0.0086757250474566,1.946327076483176,0.1266257554415389,-0.3427435498230277,-0.0361942531167156,-15.017640441701586
6.026909935683397,2.064997637089433,-0.02,3.156187893963287,1.931499318623308,0.0228584501848644,2.4064203303610907,0.1325861679682302,-0.447255039302918,0.0150022080155438,-14.981167291092635,0.0,0.248001992859438,1.6170844723627313,0.0,0.0085720874536579,1.9888295327740704,0.1264671266504423,-0.3380831330387194,-0.0368329517097832,-15.068133258082524
6.045340852917903,2.001867847231344,-0.02,3.231548910597265,2.0459302496491185,0.0255446924910317,2.621939761944352,0.1328197334976864,-0.4432612015884952,0.0156437505663932,-15.02260037385926,0.0,0.2393674296812014,1.7077316005085887,0.0,0.0045839180871876,1.9156418795825512,0.1265499655815788,-0.3481986188312888,-0.0367299430828325,-15.10510193184212
6.0637717701524085,2.0970359929025024,-0.02,2.938151084843613,2.082126556959464,0.0232980199255394,2.6534164467996497,0.1329688875274163,-0.4465566098058426,0.0139907602054043,-15.08005388563084,0.0,0.2540993031126079,1.7275694852673682,0.0,0.0082293166643799,2.114100394191212,0.126407503837524,-0.3517897239304188,-0.0359716710312175,-15.148360336250173
6.082202687386914,1.9420464832775963,-0.02,2.8686463954548014,2.1347428889571103,0.0268594006983374,2.833178184929235,0.1332224382812775,-0.4458931656132979,0.0127840711695213,-15.108391339737688,0.0,0.2318865710329708,1.679562865376801,0.0,0.008866091848204,1.9441172047045108,0.1263265981288134,-0.3591156086393674,-0.034728648181275,-15.212042608220132
6.100633604621421,1.9650237493205656,-0.02,2.8432176811094787,2.1962058529661066,0.0278405027552534,2.87730850986682,0.1334572667169537,-0.4521471375614894,0.0138871142733075,-15.13782347227323,0.0,0.2326065124964788,1.6470958078372329,0.0,0.0104251332870326,2.032527699064822,0.1262297365249184,-0.3595786067708344,-0.0336365846343852,-15.252999833833137
6.119064521855926,2.0478416069474568,-0.02,2.7713218655645693,2.231896519149484,0.0371850139932243,2.880440494820228,0.1337655900961894,-0.4580836321252198,0.0140038157057947,-15.176973617597572,0.0,0.2362606729392871,1.676958954089918,0.0,0.0103835590913079,2.048166680551752,0.1262078523268464,-0.3674334564034292,-0.0310121355084507,-15.310932995273198
6.137495439090432,2.2442670804664835,-0.02,2.4425901571356228,2.2899858513512075,0.0297028262118796,2.9053933866788246,0.1342346668341353,-0.4594831546881576,0.0144413251137445,-15.22457152622948,0.0,0.2240566145161096,1.6818312745968271,0.0,0.0127544605639038,1.9955852854526128,0.1261259645427597,-0.36899025812215,-0.0315946813003197,-15.334830112757087
6.155926356324938,2.134160975355557,-0.02,2.2434706877170862,2.4314289666836832,0.0280788625108467,2.8663659035657374,0.1345985485985984,-0.4575893910482799,0.0106714768893147,-15.29054927563562,0.0,0.2479934255002333,1.7644689746408975,0.0,0.0095426975231214,2.152317694102692,0.1262724955955572,-0.3646618612078008,-0.0300284835428841,-15.383022577823748
6.174357273559443,2.217437466364297,-0.02,2.262257033019219,2.420178293249001,0.0193657494193596,2.821119223592444,0.1348000190998622,-0.4475061696614814,0.0051172839456565,-15.326892807902889,0.0,0.2507317761912915,1.604197093425465,0.0,0.0081073332489899,2.144063492307192,0.1262646067780854,-0.3605401816074817,-0.0318301537952541,-15.421028979443038
6.19278819079395,2.342392747680089,-0.02,2.3914624195552188,2.3871010258719467,0.0330798795052097,2.868454686809532,0.1346867145664163,-0.4463039852151201,-0.0036425077025818,-15.365923624430062,0.0,0.2525747313669909,1.5522635010559354,0.0,0.0102000372095488,2.153183741275956,0.1265056814887014,-0.3540262170329994,-0.0306165230688,-15.456904651661713
6.211219108028455,2.5651348028693723,-0.02,2.2332358350091264,2.342745139152288,0.0312919940309189,2.741161565372604,0.134985725819754,-0.4462588548211996,-0.0078489857294068,-15.427288333849097,0.0,0.267244166088261,1.403381968383164,0.0,0.0138825302454043,2.1712048248536417,0.126574142250162,-0.351389546357139,-0.0316112875110907,-15.497981296750485
6.229650025262961,2.5246730557084387,-0.02,2.402869852522738,2.1787760589566774,0.0379377600305306,2.815886465510064,0.1353470061165673,-0.4427456238062199,-0.003685610134182,-15.473291020197982,0.0,0.2713160559573118,1.3310065412852417,0.0,0.0112592564667154,2.0285741667149644,0.1267582124644676,-0.3561959929004979,-0.0322829017794159,-15.53549220604601
6.248080942497467,2.5698746830950365,-0.02,2.410668783113075,2.172388639430964,0.0413699977422751,2.703819454167086,0.1356608669194466,-0.4447321005079881,-0.0041611734422367,-15.526113094558168,0.0,0.2803077867697826,1.4393695270855495,0.0,0.010643089665712,2.110861509793139,0.1266548463388847,-0.3551969684953406,-0.034591163692833,-15.578062703401184
6.266511859731972,2.5873786863059145,-0.02,2.2722459713112846,2.135648254335287,0.047154213767517,2.7491591552902968,0.1356231575492155,-0.4433439121504059,-0.0067866154492843,-15.564594307373214,0.0,0.2967186399509642,1.4475273733788316,0.0,0.0096257587980903,2.1242633207409742,0.1267237551879778,-0.3581515562616881,-0.0347679824355145,-15.626932155354664
6.284942776966479,2.497781749163878,-0.02,2.2601410625681604,2.2696157507432,0.0387044711993581,2.795705973983456,0.1357116395323231,-0.4455367243260008,-0.0060913950214009,-15.603861759712377,0.0,0.2868230016853337,1.3933845111025835,0.0,0.0135826135431342,2.0724331640014344,0.1267078340797193,-0.3624207430862144,-0.036721581731701,-15.657712589740315
6.303373694200984,2.3952847255852268,-0.02,2.3130848209617567,2.3743538650937976,0.0430864242193367,2.5499825700831855,0.1360573899772355,-0.4477611011181108,-0.0067714308702863,-15.653783570944196,0.0,0.2626463173882908,1.48939466326114,0.0,0.0073816201982062,2.091026344728375,0.1267267393470026,-0.3679044502802265,-0.0356640863997633,-15.708280724013733
6.32180461143549,2.484269685185661,-0.02,2.4134792922315897,2.206173289525111,0.0379982999517498,2.586573040437252,0.1361890730369266,-0.4551110644896821,-0.0067106642166761,-15.688972984223769,0.0,0.2585380507941663,1.425760049995047,0.0,0.0066865249386026,1.9553300104718727,0.1266120592678445,-0.3737415393960892,-0.0355984187007849,-15.745179660906931
6.340235528669996,2.479198621377789,-0.02,2.44145029840984,2.169717600101484,0.055913146400262,2.6786676904868494,0.1362328037193847,-0.4529381058050179,-0.0026232818687847,-15.747970299060476,0.0,0.2662561845853685,1.4668483949233204,0.0,0.0071929241205786,2.1327123311138627,0.1267996789877236,-0.3773722516886399,-0.0341901286415222,-15.795155933262766
6.358666445904501,2.25818011617565,-0.02,2.364721837167681,2.112995041889945,0.0482523116175535,2.635221867260852,0.1366380912984372,-0.4576708890215429,0.0040332283734018,-15.803074136935985,0.0,0.2559730519551935,1.4737675419111789,0.0,0.0093689657012432,2.1185525816360298,0.126704332385606,-0.3865448975986698,-0.0339931930361261,-15.851047576743316
6.377097363139008,2.165292644733,-0.02,2.617231033405662,1.998182222458197,0.0490203954865342,2.651250909577501,0.1366739341923589,-0.4569562028084698,0.0067800434641946,-15.837652076444527,0.0,0.2622082392164938,1.5281473655247202,0.0,0.0136868225240368,2.099008028224095,0.1266993107028455,-0.3810935426902165,-0.031916730106329,-15.880185952885451
6.395528280373513,2.1250381780241656,-0.02,2.585680558795244,2.2150839755018312,0.0468059954566293,2.738256756180205,0.1366663073715855,-0.4503407988122416,0.0080468229777389,-15.864473007148316,0.0,0.2477526378075173,1.6315174308653042,0.0,0.0118261871042491,2.1286971030087334,0.126593225072831,-0.3690901424163635,-0.0322418605542001,-15.91969025645215
6.413959197608019,2.018504764603908,-0.02,2.590354949386308,2.172544878576156,0.0462803342318737,2.861456041278876,0.1364955930990935,-0.4503995308917429,0.0072387789284456,-15.9094742700867,0.0,0.2309361318212607,1.5692965962053478,0.0,0.0120016930782259,2.196473776640668,0.1265827226497714,-0.3579739592930984,-0.034217070120058,-15.962303679878298
6.432390114842525,2.018764729867571,-0.02,3.056420201177827,2.3554500444521222,0.0365033219196956,2.654485239124937,0.1368825951570408,-0.4527570475985573,0.007525883658149,-15.970075390251496,0.0,0.2066428715134937,1.6403429787016297,0.0,0.0159118480952942,2.234521025025632,0.1265050886502312,-0.3532806042367626,-0.0344387327995171,-16.00821579983114
6.45082103207703,2.02121288806167,-0.02,3.111206320222236,2.2833716504095145,0.0393071998675178,2.543038638473677,0.1370804298062325,-0.4526503298489512,0.0092777011374598,-16.01120203586638,0.0,0.1994703442426383,1.5742481298022957,0.0,0.0180392629053761,2.213290801489004,0.1265471791906943,-0.3542756225358265,-0.0355574665774591,-16.057924602109477
6.469251949311537,1.967941542323004,-0.02,3.15032497286253,2.298832338324191,0.0402527083473495,2.6253415215085547,0.1372531848487765,-0.4428545898765113,0.0118824895923696,-16.034069274283357,0.0,0.2365466496977084,1.638446478884369,0.0,0.0177848289832959,2.1792490573878216,0.1266110533321396,-0.3475782524983502,-0.0361108263379558,-16.109073595823347
6.487682866546042,1.959516138283756,-0.02,3.0539364545266694,2.380094274450488,0.0399248288641518,2.696077384432257,0.1375822376913769,-0.4364736615506278,0.0139047201316995,-16.072053143658586,0.0,0.2465488123720914,1.754270608270731,0.0,0.02646883815795,2.2639419503958744,0.1265038630878444,-0.3442514076358763,-0.0380902033448409,-16.15462937100352
6.506113783780548,1.7452714878230275,-0.02,3.1624137466962217,2.483101663480045,0.0269427233922258,2.719332425105806,0.1379258100092798,-0.4394419117319612,0.0155681326170214,-16.125222033011788,0.0,0.2059085159201323,1.7897844077294467,0.0,0.0269618333806814,2.0949620698299887,0.1264959129911239,-0.3395451570435401,-0.0397101512043685,-16.20190065193624
6.524544701015054,1.9732631652858232,-0.02,3.044588909265024,2.5663836329413177,0.0307642932070933,2.7334880880683965,0.1381018692181883,-0.4307309747777733,0.0149795549370507,-16.144093823937997,0.0,0.1978229697322451,1.9377198968155889,0.0,0.0222534820365572,2.080186066087895,0.1265604535429013,-0.3393376963871162,-0.0394651375241033,-16.262178649663838
6.542975618249559,2.038703252550365,-0.02,3.019955138107966,2.590771675393281,0.0213420265804483,2.658763144220601,0.1383493875843137,-0.4300820089245374,0.0152556096013831,-16.184303303966747,0.0,0.1592238767859601,1.925045663423302,0.0,0.0179475400873188,2.106983855343666,0.1265124767146224,-0.3472078835819067,-0.0403566658044624,-16.308538122016273
6.561406535484066,2.0437949846650407,-0.02,3.023873655533684,2.4607498274632307,0.0298354111821897,2.572090737349058,0.1385965105789977,-0.4424439682672024,0.0158021978965493,-16.242510763302498,0.0,0.1808834395120158,1.934819324445848,0.0,0.0213376653570909,2.1601900810418084,0.1264172802746459,-0.3509514090723465,-0.0414672867361768,-16.341031431394157
6.579837452718572,2.1304862225169585,-0.02,3.0031783642705574,2.574607471874736,0.0346415285912457,2.4386070728779896,0.1387998613717183,-0.4425908832702589,0.0171436551745052,-16.295476228796257,0.0,0.2161998421846517,1.9924855617762431,0.0,0.0246482362938615,2.0171793963140265,0.1265009029416561,-0.3632091916353284,-0.0373302116763503,-16.3790777070878
6.598268369953077,2.1911330141583294,-0.02,2.66574946115482,2.4377249874926186,0.0271907699094429,2.727303897489888,0.1389825077024598,-0.4251631789324304,0.0159657689666845,-16.332609850224408,0.0,0.2780531214086248,1.8991453010678103,0.0,0.0230268011827047,1.8765923810585692,0.1266244854107747,-0.3687162713183434,-0.0328672332090749,-16.432091074817613
6.616699287187583,2.190022412885335,-0.02,2.952798635333863,2.2981633346207,0.0282098031461861,2.830866217655712,0.1390501268441663,-0.4315142467588139,0.0100606327760733,-16.378658659705668,0.0,0.3115935478898739,2.007085533357829,0.0,0.0201193177955826,1.7944375497065215,0.126691296421063,-0.3666677578525072,-0.0332047911437453,-16.502755677542257
6.635130204422088,2.236014350241361,-0.02,3.10305084937132,2.314061567907532,0.0208205895253569,2.898833734793809,0.1390805137583075,-0.4360368174344826,0.0077570044371656,-16.42603943852627,0.0,0.3078185614222851,1.832835928669408,0.0,0.0259911742546216,1.8898199627562264,0.1267685390279335,-0.3729036487038197,-0.0329429863984747,-16.553460760781384
6.653561121656595,2.1285490962037312,-0.02,3.0724485469977494,2.451651513015702,0.0137684171890722,2.895979342998191,0.1390766823914986,-0.4384693412063865,0.0075074744604536,-16.485475378465495,0.0,0.3288778323529466,1.7968456203549403,0.0,0.0226371234504805,1.886222988082964,0.1269408851513156,-0.3688905522982897,-0.0340793932828802,-16.586107217199395
6.6719920388911005,2.352822364610321,-0.02,3.167825812283033,2.5860131854636133,0.0079929262161674,2.821355651553221,0.1391136039577123,-0.4385441897160098,0.0077792824305625,-16.516240592317715,0.0,0.3573100602875418,1.814276786069998,0.0,0.0194553028616431,1.9394703816312484,0.1269621680510138,-0.3716345571601919,-0.0353412271745353,-16.631748644818625
6.690422956125606,2.224382933036618,-0.02,3.2390876305928926,2.5480162791068897,-0.0042466302723302,2.643562117175275,0.1390711106764489,-0.4463578470608608,0.0043326478893352,-16.568567902936405,0.0,0.3830556018163749,1.6950797942754707,0.0,0.0228588967871538,1.9688406348729053,0.126985740370509,-0.3659059177988979,-0.0348947672330973,-16.656585119244752
6.708853873360112,2.1393298076669685,-0.02,3.210381061889649,2.545471889361244,0.005534625389381,2.6797040958431615,0.1391154680325691,-0.449338266379283,0.0001155097184218,-16.60728944788865,0.0,0.3822280677800734,1.84066696345016,0.0,0.0227462058997143,1.9289689177260467,0.1270139858010737,-0.3554997057475884,-0.0360547058303037,-16.713235841594162
6.727284790594617,2.192166353880576,-0.02,3.1556415592575964,2.566511067970536,-0.0041830330214376,2.483237927807833,0.1391425863662569,-0.4404616322752743,-0.0002926072910231,-16.648694702606164,0.0,0.3927177598787792,1.9220726487247304,0.0,0.0235006783062939,1.9152730984640136,0.1271003770242076,-0.3621135522658906,-0.0366010580083406,-16.75718496598925
6.745715707829123,2.0583441303884915,-0.02,3.261585792527931,2.5027884200832853,-0.02,2.5033616169666866,0.1392563123884154,-0.4392397122862215,0.0009898820643323,-16.665871534711947,0.0,0.3747756658242415,1.9127707739871191,0.0,0.0124630328159318,1.87438356488808,0.1270253934689446,-0.3579947959067406,-0.037874235957146,-16.795424899498595
6.7641466250636295,1.8954708467830568,-0.02,3.2281144520733753,2.440047495386409,-0.015730030371777,2.435439004208896,0.1390512108304911,-0.4526437830568735,0.0051606755267333,-16.70525532362725,0.0,0.333600453053343,1.8827303327332248,0.0,0.0182705359697497,1.7742370997730064,0.1270682047009025,-0.358616076367507,-0.0407262023309445,-16.840733073608174
6.782577542298135,1.9563723375411408,-0.02,2.8736386011255477,2.5404546220616235,-0.0198175492724196,2.3408283722706886,0.1392301550323379,-0.4518701820849128,0.0089637274764835,-16.76067710470439,0.0,0.29600407218609,1.7744465117330268,0.0,0.017674080879801,1.8029198910929785,0.1269404269542485,-0.3623049388379883,-0.0430052249221603,-16.850172149959594
6.801008459532641,1.8872363428064047,-0.02,2.775743074165978,2.422218575934505,-0.0141784179991043,2.398331242699814,0.1393663240843368,-0.4525311505962452,0.0139716899795752,-16.80672903347197,0.0,0.2906075140280162,1.85173038515524,0.0,0.0235220423031388,1.7819511416731988,0.1268843593696168,-0.3616084914133204,-0.043658839499613,-16.871701613167097
6.819439376767146,1.9784129315981869,-0.02,2.729145632825593,2.3828040368761787,-0.0021831387071532,2.336022900160373,0.1395177330641448,-0.4502580974272024,0.0152816608738348,-16.842923068195365,0.0,0.2544027331997831,1.8378342616221368,0.0,0.0218713533350189,1.8060636646641817,0.1268559742946292,-0.3569858225749643,-0.036146700629718,-16.916065526181416
6.837870294001652,1.973988040516943,-0.02,2.6284577470632406,2.196443554149348,-0.0046281644835957,2.6222325792418566,0.1397420762573936,-0.452339524334567,0.0149913097288329,-16.887698642697842,0.0,0.2491381310049562,1.7876735374016104,0.0,0.0255925430003882,1.794453712367752,0.1268482928963997,-0.3568309411565628,-0.0312621107233643,-16.951732574675095
6.856301211236159,2.0642118025354,-0.02,2.629024044579302,2.194429721554696,-0.0001477005049959,2.922507715226604,0.1397782974875279,-0.4488773966764093,0.0156184591660347,-16.934667545148304,0.0,0.243827750960164,1.8018423694597137,0.0,0.0244563234814575,1.7937504816426302,0.1268739968465026,-0.3689959829156952,-0.0334782907906671,-17.01052289069357
6.874732128470664,2.210933236458982,-0.02,2.6604366204249494,2.210218838141874,-0.0052859783563414,3.032037486680748,0.1400607713589498,-0.4530468904513743,0.0149053007872494,-16.973633348192276,0.0,0.2505972639047805,1.669747300613156,0.0,0.025551306153099,1.8073435256833223,0.1268989667359863,-0.3661775272223156,-0.0331134204971897,-17.027731608560153
6.89316304570517,2.2058335021195656,-0.02,2.6180107931148564,2.2450946333161754,-0.0074317940133475,3.043369296322022,0.1400141987256724,-0.4644327303941881,0.016015837136577,-17.013312647694303,0.0,0.2373692358382429,1.629983188031531,0.0,0.0267505005895208,1.7834378966772058,0.1268937724993531,-0.3578486610616957,-0.0308475939370529,-17.062234835422384
6.911593962939675,2.2456916010460195,-0.02,2.438828341200875,2.179725774245517,0.0091663074637089,3.3318727232856795,0.1402429182195971,-0.4743348904274164,0.0108786146911203,-17.066927075999928,0.0,0.238340124973063,1.6178100715690518,0.0,0.0328616880344066,1.8282754274259985,0.1269260051074455,-0.3652739881206001,-0.0331139157037806,-17.12154912136062
6.930024880174181,2.351854256594525,-0.02,2.714595777086929,2.146286995411644,0.0179771867929418,3.288553573938581,0.1404559433684736,-0.4734512917239633,0.007924411181082,-17.112562483958396,0.0,0.2890619712063307,1.658037797314465,0.0,0.0268858552900331,2.044636869755753,0.1268168114083929,-0.3724061801104448,-0.0338079571822171,-17.166865864804116
6.948455797408688,2.3031385436229685,-0.02,2.821129491129296,2.185546511600004,0.0239207117681808,3.2473080708626525,0.1403744307635929,-0.4741940781352631,0.0080531132504847,-17.13668878991869,0.0,0.3268985157129629,1.700663557957908,0.0,0.0242889608085542,2.121683005561406,0.126749865807016,-0.3707145345617835,-0.0334707037079974,-17.21670824524667
6.966886714643193,2.434454331475524,-0.02,2.652484178038497,2.174614928478571,0.0208544546156703,3.163641561443784,0.1404664263697816,-0.4868699785486386,0.0085330358218922,-17.18106184978943,0.0,0.3388150286907211,1.665556500740382,0.0,0.0147172891470991,2.0824411785257864,0.1266717839907276,-0.3668993627026551,-0.0325745539239806,-17.276003132123115
6.985317631877699,2.319888578968667,-0.02,2.904299873333608,2.059377578709733,0.0204695664646977,3.096471197552796,0.140645180225053,-0.4901816799747399,0.0074486422343267,-17.21973816194334,0.0,0.3447682026002685,1.7036992899609131,0.0,0.0162860988789566,2.1424752312277606,0.1265834870337469,-0.3737113200669866,-0.0338631890909911,-17.33270053776171
7.0037485491122045,2.214287119622938,-0.02,2.734945304661283,2.137989133124772,0.0380794638887589,2.806173172544092,0.1407235392024409,-0.4817191805486248,0.0076373420112126,-17.264560871787918,0.0,0.3277474036735172,1.7884270968992653,0.0,0.0155433083732743,2.2187533751562154,0.1264879179885936,-0.3736931085581856,-0.0321146565013928,-17.367100886474446
7.02217946634671,2.1991394435942184,-0.02,2.8287311736803056,2.156257745391561,0.0423077669030547,2.5810498395605825,0.1409173414706153,-0.4755160519394896,0.0079262236408907,-17.302318782117244,0.0,0.3024187659276087,1.6441533287928298,0.0,0.0171915261788551,2.0915630443286166,0.1265637168928701,-0.3706285010800266,-0.0319626496015725,-17.382680642774947
7.040610383581217,2.150638934068832,-0.02,2.5050770159431406,2.1329415378117385,0.0470565587437527,2.436222156631638,0.140831112175797,-0.464763676830378,0.0076844319626649,-17.336636208001405,0.0,0.2979047137766521,1.780630656210036,0.0,0.0149585768005052,2.183123514443811,0.1265325511631789,-0.3735226133210694,-0.0294835953712681,-17.435398189861896
7.059041300815722,2.148835741414331,-0.02,2.5927468279142745,2.0246851378991546,0.0487012871493368,2.62837989015688,0.1411327241458169,-0.4573967721974555,0.0061017321576629,-17.368955502507085,0.0,0.3263518400326595,1.8049481256005135,0.0,0.0183085039282148,2.269366607841953,0.1264933990236193,-0.3824319810340844,-0.0291509824829824,-17.48341042108502
7.077472218050228,2.2072498838761416,-0.02,2.729307669982313,1.9766056153965927,0.0473096005192995,2.3919512489643573,0.1412321014791075,-0.4530658772196342,0.0048613740171923,-17.40506978253618,0.0,0.3074915886759955,1.7994125737475812,0.0,0.0140394364613554,2.2691353273827004,0.1265603964489579,-0.3806174891690331,-0.025561666775376,-17.530353485715416
7.0959031352847335,2.0600539997063674,-0.02,2.440717943126343,2.045433871880947,0.042032649203475,2.3313256160012887,0.1412642141869509,-0.4465133785184915,0.0045759129145017,-17.43031687053198,0.0,0.2441094092693318,1.9288875699315808,0.0,0.0186004038977853,2.2313724490203257,0.1264529806913939,-0.3808252476626627,-0.0235052077867652,-17.57483956996215
7.114334052519239,2.095585065200372,-0.02,2.5421416842768747,1.958628222410792,0.0407130591904838,2.370750526281971,0.1414565031871899,-0.4373683414819408,0.0046237993622742,-17.478879453479482,0.0,0.2196874245104838,1.9238056129336167,0.0,0.0187963925609705,2.2672988574470394,0.1265220675050546,-0.3817316794896732,-0.0243325650677026,-17.618332701276294
7.132764969753746,2.057165917829084,-0.02,2.9299343611290034,1.83815615297474,0.0449298977793356,2.343701852114174,0.141579492874861,-0.4270963338605896,0.0038875138220285,-17.549567807059244,0.0,0.226039419779951,1.98814360776412,0.0,0.0231182805889719,2.150978812355444,0.1266421584659496,-0.384421012233158,-0.0246175632054087,-17.664074392253294
7.151195886988251,2.1320354243493846,-0.02,2.6858226948688553,1.831733785731977,0.0398150641533388,2.322008278529598,0.141557774990423,-0.4274260153905443,0.0059956143523113,-17.590691545663944,0.0,0.224941341065856,1.941258468950062,0.0,0.0208636710634915,1.9205179490637088,0.1267095339286894,-0.3820684530281547,-0.0254608046953173,-17.701435615135853
7.169626804222757,2.1960489496787723,-0.02,2.8625028327829942,1.720943176881688,0.032410199801521,2.414179833719054,0.1415934199538181,-0.4297747841450833,0.0059173871476965,-17.615108459446414,0.0,0.2973957133694563,1.7986652179688984,0.0,0.0296258711296452,1.7335329320307815,0.1268051278545377,-0.3780213067244124,-0.0252362922934161,-17.73603934534742
7.188057721457263,2.1202442699801973,-0.02,2.854497032162765,1.7116310464763638,0.0300057709419003,2.4624608844342566,0.1418266535206976,-0.434663755357057,0.0080786763824477,-17.654787353949413,0.0,0.3269759616185473,1.9859337290593728,0.0,0.0297484945238689,1.6670581653766046,0.1267796163167004,-0.370297608726922,-0.0253641727456553,-17.787585076713075
7.206488638691768,2.0588746287793014,-0.02,3.2361209551756054,1.798051249643227,0.0237656659304431,2.4610395391763986,0.1419935908134419,-0.4343918933929398,0.0094126736486454,-17.708273242177544,0.0,0.3558910804529717,1.7915893069013331,0.0,0.0333377182101175,1.5613608641185597,0.1267889079912948,-0.3741451249257604,-0.0248515934974974,-17.823661437275387
7.224919555926275,1.9374286464262511,-0.02,3.406098266713464,1.9735085776791643,0.0271821623735364,2.3213102117001663,0.1420063049134307,-0.4350972861303506,0.008980083516235,-17.76917144183096,0.0,0.3419080075513344,1.7110747988984887,0.0,0.0262219020800643,1.4542966146281782,0.1268234143145599,-0.3757983685619978,-0.0236787145137106,-17.85882862076424
7.24335047316078,1.9198583865945136,-0.02,3.4154133074005046,1.96620365207729,0.0328543721236377,2.28316646714113,0.1418289923278887,-0.4324371051995276,0.0099230473314285,-17.827335626933493,0.0,0.3421336758178626,1.7244804371601878,0.0,0.0325400710931824,1.4450443803480597,0.1266316253791492,-0.3679905588639165,-0.0234413503091092,-17.908038473278047
7.261781390395286,2.0074209572098454,-0.02,3.6085328704945874,1.924060182494208,0.0277614034345263,2.275711617347595,0.1418650807617182,-0.4332645266843957,0.0093383046955209,-17.888323149609715,0.0,0.3419989373246139,1.5334175914542711,0.0,0.0273433917187824,1.4785372266631036,0.1266267484780726,-0.3630634584672408,-0.0235537235225174,-17.958607088251124
7.280212307629791,1.967395380941916,-0.02,3.3180149160317023,1.9798030364182968,0.0260978932601185,2.2189028915197504,0.1419143669010483,-0.4339927020718196,0.0096192743175653,-17.92190214233108,0.0,0.3298322141255179,1.4698841407582315,0.0,0.0319569883632751,1.3214108836957001,0.1265972551668382,-0.357946643175499,-0.0209334879498905,-18.011564665331825
7.298643224864297,1.9401390799834344,-0.02,3.1374551212300736,2.1022930879395254,0.0317879038645042,2.1685061649924022,0.1419179040998943,-0.4413091799238562,0.0100342169372288,-17.94140041333498,0.0,0.2961920775786397,1.4984362574544363,0.0,0.026922408117112,1.3676985990128585,0.126535479060062,-0.3542298185236174,-0.0202081536711352,-18.04476784307284
7.317074142098804,1.819466213614162,-0.02,3.2814973910508805,2.171073661824527,0.0328879410871957,2.0883913077084686,0.1420898430729273,-0.4431443534443726,0.0089819333392222,-17.978242283931987,0.0,0.3112280166213712,1.5065810057371645,0.0,0.0389321619797459,1.42024290450427,0.126488164220449,-0.3521260989113515,-0.019649984091338,-18.08847068989012
7.335505059333309,1.8423167440887904,-0.02,3.198980199477351,2.232317337004695,0.0266983102334528,2.0392536526894687,0.1421355820438065,-0.4479580399101677,0.0085899859887731,-18.02515554872783,0.0,0.253214351986366,1.5511150322170275,0.0,0.028451282717234,1.5468792101430051,0.1264658716132001,-0.3561620843408927,-0.0200082526500524,-18.159844223399432
7.353935976567815,1.893177657361168,-0.02,2.941822577027672,2.213989170313635,0.023998594760743,2.0491937548318417,0.1421687978203248,-0.4453179253153151,0.0072275363958429,-18.07324152195163,0.0,0.2501234203549005,1.5164970488777956,0.0,0.0278822367738778,1.71403793948652,0.1263999497718624,-0.3668498942965388,-0.0195122702116895,-18.212279016550568
7.372366893802321,1.942542247658524,-0.02,2.688436383810579,2.0739815149512064,0.0370991435606211,2.172243195486466,0.1420917582076133,-0.4383710240622419,0.0062183023305562,-18.12552262349482,0.0,0.2760354084005723,1.6871182260351354,0.0,0.0278386903642232,1.681039811554169,0.1264570227880863,-0.3713337628719496,-0.019592055961961,-18.264977359028947
7.390797811036826,1.8530932396184927,-0.02,2.530863467995365,2.06897049994871,0.029523100027489,2.2411172411280256,0.1420864886876937,-0.4444275387341413,0.0115026813315388,-18.14723542288176,0.0,0.2807164358284761,1.6691170924009746,0.0,0.0260021935438504,1.6937703647126465,0.1265286447398932,-0.3703830824314776,-0.0228927728387823,-18.329637348951863
7.409228728271333,1.7449978105852328,-0.02,2.370512582041545,2.1682143760384647,0.0176899136533815,2.3108790389631,0.1420598620743283,-0.4492768452209797,0.0165417483040624,-18.19336959218125,0.0,0.3064966716826589,1.683220091768721,0.0,0.0254337740674973,1.665482703116968,0.1265168766675279,-0.3741921841415085,-0.0262419137704046,-18.36999795305302
7.427659645505838,1.7560999671877098,-0.02,2.3166228679867022,2.2024251211244104,0.0286405138671654,2.531172211589668,0.1422614112611852,-0.459110974950375,0.016488165235596,-18.22691607030519,0.0,0.32876337615019,1.7327012805632176,0.0,0.0250147246423087,1.5498838771064278,0.1265345548192463,-0.374041907231657,-0.0269398975102302,-18.42752117662889
7.446090562740344,1.7847801224380462,-0.02,2.400898926818708,2.090851968256037,0.0340460047884574,2.6624288623170886,0.1424293399760964,-0.4600681301561153,0.0133069252610078,-18.265779382144604,0.0,0.359217419583153,1.85551048664104,0.0,0.0228373546163668,1.6983900648657926,0.1265785316580477,-0.3714195239431957,-0.0270452904364142,-18.464886546256245
7.46452147997485,1.681933620315613,-0.02,2.415475765321456,2.0503705828270804,0.0298079128672272,2.8486087265925017,0.1425601115367745,-0.453675943518995,0.0091789331711563,-18.33002332958048,0.0,0.3646716222200952,1.7585792851181496,0.0,0.0238113606251158,1.7762730414545749,0.1267141509760495,-0.3594011640910666,-0.0280925730205974,-18.496228681834705
7.482952397209355,1.8566608829647195,-0.02,2.1157793120342703,2.075470756733852,0.0258544950737855,3.0682534566745043,0.1424343443502952,-0.4546308660772737,0.0133158028611,-18.35734235466313,0.0,0.3569332487006636,1.771253481167147,0.0,0.0168583620242475,1.7944114343202242,0.1266603996648522,-0.356297180234472,-0.0285545291480514,-18.52996422835361
7.501383314443861,1.713078311612122,-0.02,2.16398504728988,2.029324315795668,0.0258771437222805,3.1428505808979117,0.1425747613974542,-0.4548735711334975,0.0138124170588703,-18.39676642357132,0.0,0.3662120134761839,1.9120643808953857,0.0,0.0182873737401938,1.8151045277049789,0.126630238437889,-0.3673762716018818,-0.0303959848710965,-18.57464781731204
7.519814231678367,1.6245388581676763,-0.02,2.5652298952430246,1.9907881753458123,0.0324014813045074,3.104231694491488,0.1426179738393324,-0.4536789191901558,0.014368851098273,-18.44792636118398,0.0,0.3275560570973683,1.8878507546008936,0.0,0.0159136604405255,1.801413991094423,0.1265971509755721,-0.3691836199575306,-0.0346682362562842,-18.601745671118103
7.538245148912873,1.576031798991944,-0.02,2.3928607441798926,2.099234596818196,0.0078681512708749,3.037544778717107,0.1429148693611074,-0.4516595177432336,0.015099440827615,-18.50297360532559,0.0,0.2739607376139891,1.7158667905779736,0.0,0.0044829126500273,1.8395923301278547,0.1265533942619202,-0.3727395292573738,-0.0365827081222098,-18.62852612450069
7.556676066147379,1.6147987055673738,-0.02,2.1614785345199072,2.006640800424686,0.0085432682050636,2.821165847081877,0.1429094827313781,-0.4472758748070646,0.0163272282830924,-18.56521773226809,0.0,0.2712882442042476,1.8199360666628743,0.0,0.0130776124173467,1.904143606020198,0.1265324583391981,-0.3728820610753863,-0.0359126898175466,-18.666474517562303
7.575106983381884,1.7053722083038192,-0.02,2.109707731120307,1.9463530353426053,0.0151763699644589,2.675249251810252,0.1429460920605924,-0.4399738340076495,0.0160127811014549,-18.600843227842688,0.0,0.2920696625119396,1.7219740837569957,0.0,0.0090161129078872,1.9680095551194017,0.1265681450780233,-0.3698700700061857,-0.0326905558662612,-18.72680704440109
7.59353790061639,1.7931375621846175,-0.02,2.0283489527692136,1.9338819167910728,0.0080350921753451,2.5489604450170704,0.1429376942507335,-0.4346914700907654,0.0156678211548619,-18.62939330174642,0.0,0.2768519213846082,1.7648129527620504,0.0,0.0163100578400231,1.9638822831374432,0.1265009916019287,-0.3665901633943638,-0.0345616956744568,-18.758268977855906
7.611968817850896,1.8757096562697049,-0.02,1.9600056177374363,2.123717238226727,-0.0016703557433477,2.538718186556768,0.1429862208074184,-0.4394967015900529,0.0154783573696671,-18.66909677308275,0.0,0.2861570280539941,1.696065359065308,0.0,0.0279601337420049,1.923285376084904,0.1264578801180395,-0.3635163932767197,-0.0348817704051432,-18.798179825393795
7.630399735085402,1.9560563169017176,-0.02,2.0850932573722742,2.2944335573968693,-0.0042161419433752,2.351281886131544,0.143101562465527,-0.4379271900701009,0.015252333492864,-18.69803377289408,0.0,0.2480981072942604,1.796695346671548,0.0,0.03109862936643,2.119404061414272,0.1263291154917845,-0.3661882016934867,-0.0353854132744417,-18.844972739022
7.648830652319908,1.8055680460397383,-0.02,2.382572243562828,2.2136872975201256,0.0024616955526293,2.3511055581994955,0.1431660509531653,-0.431407656813406,0.0125703170348781,-18.782630029114674,0.0,0.2664997922613685,1.6744110340005147,0.0,0.021467362007733,2.1766134730863365,0.126389168013225,-0.368192044070647,-0.0352005830684897,-18.893798262683017
7.667261569554413,1.9410226391959384,-0.02,2.351959573522697,2.340007439887745,0.0066245511558299,2.5083771338375143,0.1431909216996951,-0.4361860911101963,0.0090378052811169,-18.834759954532178,0.0,0.2704162700028326,1.5238272082203899,0.0,0.0372247168817031,2.122239554883002,0.1263536720240504,-0.3590194948748378,-0.0344352461562343,-18.92613418513635
7.685692486788919,2.127588145685779,-0.02,1.916019517936316,2.4055767706691955,0.0113741608402968,2.549657894661727,0.1433274867276242,-0.4340596088491965,0.0057279938086082,-18.85881939029949,0.0,0.3066586958458141,1.5074975414923053,0.0,0.044701201118605,2.074401972398416,0.1263129051103757,-0.3610017637127148,-0.0374926089627535,-18.982739047310027
7.704123404023425,2.0991738256502246,-0.02,2.1352207597848354,2.4299262865027407,0.0300520659173214,2.439962220823817,0.1432856808558443,-0.4285978029101204,0.0061383110547134,-18.89262388852641,0.0,0.3276447545130002,1.728509409551697,0.0,0.0517809913789487,2.21877186747172,0.1263727671345385,-0.364455390105734,-0.0395091203899616,-19.04994522973089
7.722554321257931,2.169604049830552,-0.02,2.369380238228166,2.537740791654659,0.0342708486934484,2.600501761832835,0.1431887773532055,-0.425910484095232,0.0047165367901621,-18.950264993388004,0.0,0.2702276748281863,1.6129743579049416,0.0,0.0452011485391611,2.1996002653391127,0.1263941379551951,-0.3647089699560631,-0.0388361506301622,-19.097612638959152
7.740985238492437,2.239670172656886,-0.02,2.4770562741927606,2.670479740557892,0.0300164611181566,2.8524202172823867,0.1434271652901825,-0.4282445788546174,0.0051677240886759,-19.00824968798974,0.0,0.2467455211160119,1.7339452836582316,0.0,0.0386001856998327,2.1863135198693326,0.1265060918083086,-0.3783881868340115,-0.0427255645283608,-19.13971093607046
7.759416155726942,2.167034203341496,-0.02,2.627750030407299,2.6782139136609047,0.0366775145982546,2.9194939920167795,0.1435103312139345,-0.417584966152411,0.0122174800037077,-19.05879929759087,0.0,0.2615245383625061,1.7279279742910234,0.0,0.0399035269201979,2.223373362603222,0.1265242866215429,-0.3770460314980799,-0.0418961894181252,-19.1793998787134
7.777847072961448,2.193338171682713,-0.02,2.834232429157087,2.5602426063145027,0.0480665293721398,2.9123260120146575,0.1433505065850279,-0.4157851953107856,0.0141017772030979,-19.104660769155,0.0,0.2767460314521077,1.711608561884835,0.0,0.0313809306382988,2.1160325719081827,0.1264785384299233,-0.3815816908285183,-0.0441841991159407,-19.23382609146564
7.796277990195954,2.225336358048659,-0.02,2.614768839055664,2.563111735205358,0.0528577550536731,3.113178144130156,0.1432722434955247,-0.4181750108176411,0.0147442225091191,-19.16676312875088,0.0,0.2958372984922286,1.6709557400119464,0.0,0.0419478738623212,1.87576456152698,0.1264516076581845,-0.3868418100028149,-0.0440624029706882,-19.277272637491432
7.81470890743046,2.296771954058828,-0.02,2.5174354765282305,2.58574637259308,0.0536120767941245,2.954151683744779,0.1432921215793169,-0.4233390185389463,0.0155444306915304,-19.196871960213816,0.0,0.2752976194425222,1.830159620351462,0.0,0.0519912974645991,1.8082687897333904,0.1264558423934829,-0.3927588551128799,-0.0433132536050192,-19.32015889453584
7.833139824664966,2.2644618278701643,-0.02,2.493997279084637,2.46984621250064,0.0544043018558691,2.6366243307455504,0.1433512054778894,-0.4246599478641483,0.012649135862368,-19.2293885760718,0.0,0.2823024013232666,1.7625854718303937,0.0,0.0458705737071532,1.8947826602945896,0.1264563956889081,-0.3908766733659994,-0.0460474242323099,-19.34579875825265
7.851570741899471,2.2540656099824616,-0.02,2.731724727605099,2.418509306289496,0.0421587009799636,2.659121757315506,0.1433215992590718,-0.4166844356795962,0.0071406507810168,-19.28140697318922,0.0,0.297354273193649,1.6607684358191694,0.0,0.0409486738880998,2.023942237843775,0.1265086413174288,-0.3912861421811148,-0.0440741033430157,-19.403967939453462
7.870001659133977,2.2629139115975154,-0.02,2.760825064658881,2.3191970098647987,0.0413785401778046,2.8306807640784206,0.143521663979903,-0.4195772630443688,0.0113145940902377,-19.31316347773408,0.0,0.2547876084843431,1.5977438137199773,0.0,0.041670432747811,1.7801704560876057,0.1266012666272691,-0.3887395073531142,-0.0419964816762899,-19.447377871346664
7.8884325763684835,2.236456523336513,-0.02,2.874737162957708,2.0991782382131325,0.0349151711988111,2.8801867916957904,0.1437236227463569,-0.4205221220668638,0.0159036171415351,-19.344813830674145,0.0,0.32009738051236,1.6262172168746496,0.0,0.0422988312407074,1.8520754690549024,0.1265451607016118,-0.3939009339743383,-0.0419913108227811,-19.47657043575823
7.906863493602989,2.086719629574568,-0.02,3.117557917806382,2.075870481525446,0.0338843645209496,2.8791340972365,0.1437014204124126,-0.4148786899245982,0.016095268900078,-19.393285528412186,0.0,0.3141946239072415,1.5651698804991916,0.0,0.0562174616569341,1.905433057123008,0.1264613790263076,-0.3902083227852932,-0.0383779984956623,-19.525102356280566
7.925294410837495,2.0931904425839347,-0.02,2.893865104165615,2.100491012864825,0.03269084077618,2.781546547151155,0.1437627069757182,-0.4203127040945453,0.0155207672673574,-19.44495585041833,0.0,0.3012730492931066,1.528890876685214,0.0,0.0583241773469579,2.000841449227758,0.126410696738614,-0.3911921646261747,-0.0384585962547951,-19.56043083466005
7.943725328072,2.006218258097261,-0.02,2.671953358785911,1.932505204083058,0.0296923826515316,2.7321042198397865,0.1439539459273259,-0.427112584938206,0.0162959724822184,-19.48957566400373,0.0,0.2584999004572495,1.626520306105417,0.0,0.0501626981461139,2.0333539140014047,0.1264076501468637,-0.3948023421094812,-0.0368667770850293,-19.59180119660631
7.962156245306506,1.972894935935656,-0.02,2.6027831403605868,1.8982686265147777,0.0199711994004022,2.55251225353213,0.1438963224872741,-0.4299554797523999,0.0158936454530369,-19.54787938527257,0.0,0.2748514705349221,1.554463253647642,0.0,0.0390832614760851,2.1670332658517824,0.1264282069977333,-0.3927835038275955,-0.0353414183922767,-19.63442201907772
7.980587162541012,1.9546247438234523,-0.02,2.7809274502045858,1.892840169958224,0.0157334559840352,2.58399405270034,0.1439922053233077,-0.4274250734909259,0.0157618665898108,-19.588065904962207,0.0,0.3009908860118809,1.4566099386648534,0.0,0.025093982331312,2.1822755348898686,0.126390309336846,-0.3932342674586511,-0.0351133800845284,-19.689155963687853
7.999018079775518,2.0792144463556754,-0.02,2.7812898422135057,1.9915072942098504,0.0222641535109324,2.724029107425959,0.1440903639204293,-0.422937826624501,0.0157077141287694,-19.627185777744145,0.0,0.3104614681847344,1.5652634306285265,0.0,0.019665172423382,2.175395081568934,0.1264190483551994,-0.3932144922310537,-0.0353393901295412,-19.73316551874208
8.017448997010023,2.0119930849409657,-0.02,2.8071980963661596,1.988609034978685,0.0328356457686184,2.6128409600593367,0.1441984616219594,-0.4326148949327917,0.0110943921763966,-19.65849236108987,0.0,0.3293231479139588,1.620978228604183,0.0,0.0269872090154341,2.102713740843306,0.1263552563273765,-0.3885689378855941,-0.037389357667198,-19.77051521721795
8.03587991424453,2.046965634976472,-0.02,2.8908557965184607,2.161366364712851,0.0278148759034399,2.5415732692016064,0.1440941439029467,-0.4236671191475969,0.0060220069939042,-19.71474069004493,0.0,0.3711352832403022,1.4972236310451874,0.0,0.0343420923717182,2.247025093384996,0.1262609412949129,-0.3904017878830809,-0.0384403325375735,-19.81450925024784
8.054310831479036,2.0781685323366976,-0.02,2.793414547563272,2.1293357112663007,0.0210059943799498,2.4696988690226807,0.1441683442987502,-0.4214926239041084,0.0056223110324436,-19.76195902200791,0.0,0.3614861012518148,1.5453709929294697,0.0,0.0255942000329419,2.0019432710886234,0.1263648797147871,-0.3848346068427421,-0.0383288750069877,-19.86731325484998
8.072741748713542,2.285118969101556,-0.02,2.7488434669697615,2.1621020236817063,0.0218851003953662,2.2234374884349126,0.14425317713406,-0.4175997118370522,0.0067854615635487,-19.821072359905823,0.0,0.3561411392304013,1.5087089566977474,0.0,0.0200643144068266,2.0607168698362224,0.1263641891666355,-0.3837768215816975,-0.0382626192354199,-19.900274897044177
8.091172665948047,2.1616304973845546,-0.02,2.797117042087225,2.173254112078572,0.0182142715653552,2.161636874279355,0.1441466414101238,-0.4216461046899916,0.0067379858233202,-19.860501807819244,0.0,0.3728997014833987,1.565589328803468,0.0,0.0185183097042516,1.970267664772612,0.126344866716097,-0.3915109135692118,-0.0365211095274767,-19.95949461698763
8.109603583182553,2.2096231488757114,-0.02,3.124255617420177,2.3246152085712226,0.0056476620387471,2.09132720505926,0.1442059976475931,-0.4171741754147784,0.0057180110412957,-19.88499652576808,0.0,0.3816784432736497,1.4373736722534736,0.0,0.021061677693964,2.09233481246886,0.1263394218862208,-0.388777379674333,-0.0368718301321519,-20.004542086217644
8.128034500417058,2.281754153394198,-0.02,3.3638745119804496,2.2108437775994174,0.0156421837260286,2.1635411809432266,0.1444364557248197,-0.4122380862597304,0.0056045930667096,-19.90651548529709,0.0,0.3843201635425397,1.415691602794474,0.0,0.0205156032878551,2.1432077728127124,0.1263249851973719,-0.3832062621672841,-0.0393142195596871,-20.05174211072277
8.146465417651564,2.180868242383636,-0.02,3.255715319399213,2.1769166506905364,0.0193471692141871,2.2117048129004817,0.1445954464887782,-0.4155884755412976,0.0039443888648653,-19.958407976048413,0.0,0.3828326268321355,1.4003153403956068,0.0,0.025705736624869,2.210923385898788,0.1262938693887801,-0.3818693569724715,-0.0387152042685476,-20.091600334048668
8.16489633488607,2.055251195268204,-0.02,3.089138801055842,1.9837917410333832,0.0225417673338642,2.21286286249656,0.1445839316953512,-0.4059644004603773,0.0038061399806878,-20.00694505032898,0.0,0.3638202168876173,1.341133948323743,0.0,0.0307633512637805,2.222866782235798,0.1262171319509633,-0.3784711085716034,-0.0352762446699262,-20.14607728942757
8.183327252120575,2.147393917544224,-0.02,3.154488205814229,2.0196164187448136,0.0135595772723324,2.24117424825851,0.1446650159315134,-0.4057993520088554,0.0056120021500544,-20.0588362017656,0.0,0.3224135686069106,1.3677384983535579,0.0,0.0209546194711895,2.294352885589231,0.1262806675666939,-0.3807196137679854,-0.0312421134183241,-20.183371742797167
8.201758169355081,2.1144486475883792,-0.02,3.163764793703956,1.98138417137151,0.0228258152738436,2.1133925788751577,0.1447571736961348,-0.406622562260206,0.0050991479214067,-20.07196709832854,0.0,0.2988165761388499,1.4063890059567303,0.0,0.0207267709441265,2.140473728287924,0.1263321740592147,-0.3857641469209141,-0.0300467536567724,-20.200094373642656
8.220189086589588,2.045744013115926,-0.02,3.01955034570318,2.143164180720146,0.0475101439116167,2.1639334994120274,0.1449151076257963,-0.4018974037593701,0.0059634605787917,-20.11828520790604,0.0,0.3247634858903168,1.4100759978783504,0.0,0.0234373694519454,2.263544707506291,0.1263070064655933,-0.3957611746588287,-0.0305699069018128,-20.244704648863102
8.238620003824094,1.8222603494826728,-0.02,2.9318236074179125,2.0863844718214146,0.0549912472950369,2.313684967985115,0.1448190175482566,-0.4045723989721754,0.0055516436707583,-20.157568656647427,0.0,0.3138636795180052,1.4221530654880956,0.0,0.0166711418356023,2.2008214001837083,0.1263240967222378,-0.3976455405694451,-0.0297870078918159,-20.31445335790221
8.2570509210586,2.028525062895097,-0.02,2.8471950619281507,2.120281826591029,0.0556303869204665,2.387378135471028,0.1449134238574,-0.4032242667915046,0.0047031768695639,-20.207737423147893,0.0,0.3148475409178393,1.4200812120525177,0.0,0.0148301637915605,2.2206934963797966,0.1263292614513147,-0.3933155540107592,-0.0292619649892521,-20.35307008910451
8.275481838293105,2.081593222844978,-0.02,2.6008294783665686,2.2534615233005675,0.0594276920590151,2.590894237034497,0.1447942567017648,-0.4086165068181785,0.0038280159964676,-20.27185478475608,0.0,0.3181586268387847,1.5064304274773834,0.0,0.0187590798953014,2.185362003670412,0.1262745629716731,-0.3900842776067326,-0.0285682267810063,-20.38774390260604
8.29391275552761,1.9653864494692967,-0.02,2.51272696431323,2.203661347582673,0.0505885738389168,2.67332120096892,0.1446335220923093,-0.4165514406499486,0.0055844770047566,-20.332308595225168,0.0,0.3402247801613217,1.5313539179277662,0.0,0.0158134826603979,1.9832455179324375,0.1262846841140142,-0.3880083161902535,-0.0266771911292683,-20.43075149065615
8.312343672762116,2.171904537220669,-0.02,2.374400137081587,2.188599097548709,0.0509315355700789,2.57947940593161,0.1445881247920082,-0.4154660788146159,0.0067779748574219,-20.371816126291964,0.0,0.3076823236611865,1.5739684418336146,0.0,0.015446767758045,1.9271997902380296,0.1264370402794189,-0.3944381741482267,-0.0284241501581322,-20.473069569669207
8.330774589996622,2.1918703667091424,-0.02,2.4794790212608175,2.328607973209372,0.0415869230676819,2.384684387429568,0.1446809355430111,-0.4245226810166113,0.0061918414632174,-20.414283243364988,0.0,0.2806493227378235,1.6479135845750434,0.0,0.0093416160025872,1.834830665388428,0.1263801500541918,-0.4015833233355731,-0.0317629391819792,-20.514599145623897
8.349205507231128,2.203216459250376,-0.02,2.0196690655038174,2.3971209275638623,0.0530979313243221,2.360573906904951,0.14465093831407,-0.4146889283971294,0.0043815949080684,-20.457664434292035,0.0,0.2731286358101281,1.7307678642995397,0.0,0.0182087445394715,1.735001725060476,0.1263588213049257,-0.4011738751571852,-0.0344214470297827,-20.54137664535567
8.367636424465633,2.207624969068257,-0.02,1.8683445644481005,2.291648575593645,0.0546185735820189,2.3806446771099874,0.1446501633988752,-0.4124798703602829,0.0054888465094488,-20.50221692891341,0.0,0.312117383664941,1.7142794909888843,0.0,0.0129519898328195,1.854337636488364,0.1263885311447774,-0.398952967286809,-0.0345513845728334,-20.601850035524667
8.386067341700139,2.175108068184789,-0.02,1.9984540942698616,2.2448929906822936,0.0414946074813199,2.479798151653444,0.1445336072065273,-0.4135268058087016,0.0055968598690826,-20.548137458680326,0.0,0.2781799906842797,1.6761383286351113,0.0,0.011804069753665,1.89647474877522,0.1264120578439168,-0.4023558264268047,-0.0346138732007821,-20.63947047894398
8.404498258934646,2.285961003708887,-0.02,1.929802324315942,2.123403727107073,0.0380387098873937,2.459800150646801,0.1446158521691015,-0.4107921434401007,0.0057645766081731,-20.576640724248165,0.0,0.2893983278502963,1.6394362304998698,0.0,0.0188264063467293,1.9168017134425663,0.1264329023038204,-0.4004047171899456,-0.0367857985541338,-20.685351661627497
8.422929176169152,2.1722104659218866,-0.02,1.984393674131632,2.158962751071928,0.0221006021856011,2.52286064421718,0.1445730852307724,-0.4169649272949541,0.0070444176995535,-20.609911806718248,0.0,0.245484090669784,1.5468774023866596,0.0,0.0209300836235596,1.7757123759687932,0.1264673965445037,-0.3982566463269824,-0.0383216217298459,-20.72220039458951
8.441360093403658,2.1021650031869314,-0.02,1.891821547619776,1.9768311009878257,0.0275628124136815,2.4183675679149887,0.1445558080870159,-0.4187628081950638,0.0113665791380742,-20.635551994799265,0.0,0.2147845210009789,1.4968731757462004,0.0,0.0272352636468049,1.736035826840583,0.1264968316644237,-0.401038523547843,-0.0386111144248603,-20.75897652215908
8.459791010638163,2.117304117271509,-0.02,1.875746063295602,2.007859005132965,0.0414482537122955,2.3638535700951624,0.1446609394022977,-0.4065340843326637,0.0136324162491101,-20.670729634593474,0.0,0.2231471907139404,1.5150304573635018,0.0,0.0344067285668977,1.7720955428836922,0.1266144430573841,-0.4072119125453913,-0.0388967893681021,-20.791692617947227
8.478221927872669,2.063080408661493,-0.02,1.9594345108384223,2.125125953034485,0.0280886864510555,2.390992786714336,0.1446923638324043,-0.4041570860000897,0.0164586608912596,-20.7087644209532,0.0,0.2479694935092331,1.4626873463715053,0.0,0.0429986499132244,1.8368906680865689,0.1265358453615694,-0.3999845464456585,-0.0382948525455501,-20.828022490610124
8.496652845107175,2.069490769678356,-0.02,1.7667191928832178,2.0417663526009964,0.0318792145685507,2.6422426004608353,0.1446334003607418,-0.4014642062639881,0.0173072856465599,-20.75892079981222,0.0,0.2533075674216702,1.4698203337586258,0.0,0.0370279580147421,1.920515103739642,0.1266468216596105,-0.3941500829912015,-0.0374379252876122,-20.86948210520293
8.51508376234168,1.9259413844434508,-0.02,2.218738915024623,1.924076998551716,0.0300056211711901,2.828548596251133,0.14464418010445,-0.3996227785078838,0.0172754818541597,-20.80477235960965,0.0,0.2747158626044371,1.3600517774905805,0.0,0.0298873134911679,1.905552412659508,0.1267639073719698,-0.3801686909327256,-0.0361459337929703,-20.92023104084639
8.533514679576186,1.7769523700906855,-0.02,2.4093936968308216,1.927770947593089,0.0303991529958312,2.903266029800799,0.1445751751761479,-0.4039240570987641,0.0171652695831265,-20.82391918293525,0.0,0.2548429776619319,1.4049346789619837,0.0,0.0268634120620566,2.0149185778066765,0.1266690997054457,-0.378983775077819,-0.0370050742937032,-20.962515686833992
8.551945596810691,1.9418432620453536,-0.02,2.553723521585821,2.032415423725166,0.0335405844346694,2.838875928610676,0.1446322640427036,-0.4004521085197036,0.017664877690045,-20.868832396125704,0.0,0.2290337444358323,1.4143051229667989,0.0,0.0438530018093612,1.9778009059001191,0.1266621694319284,-0.3705728379631807,-0.0372518054891413,-21.00151703902657
8.570376514045197,1.9052524667323376,-0.02,2.689707913706261,2.0877080978833096,0.0192142202672329,2.9356600199836818,0.1446247212242059,-0.4003998011472477,0.017632705622527,-20.909371027386427,0.0,0.2170898161008219,1.5185620195787835,0.0,0.0318040227056792,2.0491042250183136,0.1266577524117919,-0.368550365386006,-0.0376584914219441,-21.040546787005585
8.588807431279704,2.0114773449891605,-0.02,2.8937554279537374,2.0790846224187205,0.0219394603082319,2.855831952901436,0.144678241922055,-0.4016990445536176,0.01698780431051,-20.96047060571172,0.0,0.2224906380720784,1.5947921905267348,0.0,0.0344158434438333,2.1568779636355417,0.1266470764275319,-0.3701539758671741,-0.04036284782224,-21.10941938169982
8.60723834851421,1.9886443518619856,-0.02,2.889413150722888,2.1686074384585727,0.0155697670902377,2.744321453832868,0.1448106969004016,-0.3998111390073317,0.0159925036753095,-21.019413580926543,0.0,0.2261783090638587,1.537680942614072,0.0,0.0284076561742874,2.144259710997208,0.1264069174276447,-0.3708427425641037,-0.043830971861685,-21.16802460820291
8.625669265748716,2.091501429234134,-0.02,2.8918994553890536,2.1498677274607205,0.0059548835053082,2.7915230866637457,0.1449005647783256,-0.4078405639136901,0.0149655630584368,-21.05757576722916,0.0,0.2351845141557555,1.59393819197875,0.0,0.0270234122584215,2.157916468740171,0.1257485203931261,-0.380388220676371,-0.043495085584997,-21.210872940112424
8.644100182983221,1.925066108065412,-0.02,2.850761983589806,2.0565914218071484,0.0020584132316861,2.826897774213512,0.1449020479503957,-0.4071586750281776,0.0170123492277474,-21.11828247134458,0.0,0.2266297341940876,1.534287004743482,0.0,0.0203539510970812,2.1262381354824766,0.1251425060552606,-0.382514692378201,-0.0452236553585001,-21.26364248461184
8.662531100217727,1.847848379054157,-0.02,2.9696299227107414,2.1352786728946174,-0.0119260408685479,2.7731644722918336,0.1450011743120928,-0.4146995715510512,0.0196537396556107,-21.161202843133587,0.0,0.2961055896260307,1.403546137399978,0.0,0.0290808377862558,2.0387160540332263,0.1244539152099277,-0.3787984779007803,-0.0516730635464801,-21.31511821252196
8.680962017452233,2.014025339737725,-0.02,3.068328621109657,2.2818755575563805,-0.0137856989995609,2.664102105030926,0.1449799180389357,-0.4135041819425688,0.0362210872338671,-21.21624015962217,0.0,0.321197503125208,1.4810786486696719,0.0,0.0266963385209115,2.0391811605091066,0.1243968402909165,-0.3852430017581764,-0.0783072837415357,-21.368867880750937
8.699392934686738,2.077682604804453,-0.02,3.175060793987732,2.2165386481349545,-0.02,2.5705469404412886,0.1449069603515774,-0.4064385846711112,0.0530663072023334,-21.28919387467304,0.0,0.3067492942285449,1.5078288040079506,0.0,0.0295114042699811,1.9796950205160784,0.1245602633086477,-0.3892334077323941,-0.0941149933690809,-21.4219650655391
8.717823851921244,2.030468984431266,-0.02,3.18349677955907,2.1920265690833336,-0.02,2.54245120616253,0.1445090972130283,-0.3996452659167619,0.0653385452331872,-21.335735252262985,0.0,0.3091937638822054,1.50438653491082,0.0,0.0121513739291669,1.921010633747492,0.12471290447299,-0.3995390748191997,-0.0960684330367896,-21.48246667312309
8.73625476915575,2.036873625422262,-0.02,3.033844801983592,2.28729159728891,-0.02,2.4989169433007894,0.1444764962035271,-0.4003313904771359,0.0774704032289411,-21.40695615285749,0.0,0.3271433719738114,1.3872742975591283,0.0,0.0155513801593519,1.7871366193653395,0.1253593856400609,-0.3939943731058877,-0.0965291293656348,-21.52480962454793
8.754685686390255,2.003969922765845,-0.02,2.8569634291901473,2.223670672621428,-0.0133514442394166,2.4236594280041843,0.1446845378504648,-0.3960795911484587,0.0885591294218507,-21.449692554598307,0.0,0.3432369981600471,1.3574334202698877,0.0,0.0104429355179856,1.778215457855203,0.1261319891969065,-0.3904500670583343,-0.1034286204760562,-21.56595839025143
8.77311660362476,2.003246095161269,-0.02,3.0045366702771017,2.200724753803118,0.002184039581308,2.487719059983133,0.1447745568714512,-0.397469778218089,0.0974081177061944,-21.51529853321737,0.0,0.3729961547229544,1.4362534347419622,0.0,0.0107205453715904,1.7890961183760128,0.1262259810411485,-0.3979516470320388,-0.1075244460368145,-21.64007057463636
8.791547520859268,2.007351545044976,-0.02,2.9604768399147416,2.3105514547086936,-0.0089306626720429,2.408427283689321,0.1449859765171602,-0.3984964519805242,0.1032207524554902,-21.580807146985723,0.0,0.3324697749783177,1.345501913207326,0.0,0.0099461612193363,1.705984954497343,0.1262717718069344,-0.3974806012727176,-0.1157075680699189,-21.700446099079823
8.809978438093774,2.0276706373757114,-0.02,3.1463893173547626,2.4067536483905307,0.0008586632489981,2.4716475246577994,0.1452944493643413,-0.4044705303373488,0.1043411102947231,-21.637788838452146,0.0,0.3268021016506737,1.3504874538908214,0.0,0.0160860910891955,1.7176248052906573,0.1262806011055495,-0.3957564125432724,-0.1326500155746266,-21.73035612359412
8.82840935532828,1.9427527889148373,-0.02,3.1813114689568684,2.255171692360989,0.0199599332268877,2.34674822160065,0.1456070492724618,-0.3989125283630426,0.104079633525106,-21.69560748753145,0.0,0.2780703059906168,1.3555870842125115,0.0,0.0082155161882522,1.7667060829088763,0.1263196689748709,-0.3927600021896374,-0.1409079035083164,-21.800331384689468
8.846840272562785,1.8100205333772927,-0.02,2.909428040078766,2.1395886137714206,0.0212936636277529,2.2212810873751754,0.1457663094627952,-0.4000827140792369,0.1067684888876916,-21.77162239633117,0.0,0.2588570136312751,1.3691886828117326,0.0,0.0075962864572247,1.7068096249895814,0.1262720802761417,-0.385785246276854,-0.1490450581406528,-21.872832942583603
8.86527118979729,1.9103526096302343,-0.02,2.6223863793994004,2.248424021195841,0.0342598297296845,2.185566740410012,0.1453257364719163,-0.3997700263220334,0.1166776980774447,-21.852952848950075,0.0,0.2472957325292989,1.4217679195421313,0.0,0.013671879059936,1.7130754529708199,0.1263165924930633,-0.3819304550688708,-0.1553112753435917,-21.951120022369047
8.883702107031796,1.6931323635842124,-0.02,2.7255261343505297,2.281624952996675,0.036032102972725,2.1943205514627206,0.144548497147926,-0.3980399245651513,0.1313452845978867,-21.917060113692163,0.0,0.2354630943211728,1.4578909485853508,0.0,0.0290392248895101,1.7805656263761076,0.126451654809014,-0.3797284786539981,-0.1660904329916321,-22.010735209149544
8.902133024266302,1.7076646160194136,-0.02,2.6512890467339982,2.214380236384867,0.0451927988257301,2.1755319034771654,0.1436442323298954,-0.3958911913344191,0.1408281747702149,-21.96505647077887,0.0,0.2381523923179347,1.5224042634513755,0.0,0.0313772363211204,1.6501693905904056,0.1264718743071377,-0.3717062507651466,-0.1770746915120834,-22.061529799159548
8.920563941500808,1.705016177375522,-0.02,2.6580567104398294,2.2025256241523814,0.0371578284607292,2.3809134501937246,0.1432763780926495,-0.3945610550925739,0.160012444516267,-22.05428533511333,0.0,0.2783118437169189,1.6227268963514865,0.0,0.0314673194817416,1.6582974800126404,0.1266259648401482,-0.3711694108287804,-0.184736568072465,-22.14715248158189
8.938994858735313,1.663876418060918,-0.02,2.6391344796292224,2.3191249283983644,0.0360010891115573,2.33744438492698,0.1432237188976084,-0.3892055613011996,0.1776510191118164,-22.11352733839039,0.0,0.2614565998989204,1.5647255245583231,0.0,0.0296982028088131,1.6156826839705003,0.1266970791444914,-0.3731922549704726,-0.1950914989329973,-22.226321225848665
8.957425775969819,1.5951671329213126,-0.02,2.514358800093864,2.234478207445945,0.0439807498436804,2.4150333484741178,0.1437567098288274,-0.3906443907184549,0.1901926166377935,-22.17906923567932,0.0,0.2822470705364555,1.6731274259202868,0.0,0.0208005573911301,1.734710415926968,0.1265256164684995,-0.3807696911723125,-0.2057059881657262,-22.284244976558853
8.975856693204326,1.71933454356922,-0.02,2.2218992264363733,2.093787071971472,0.035793435509917,2.208175533438191,0.144675410479702,-0.3838316106708798,0.1950795538025048,-22.25358729149582,0.0,0.2915724938452332,1.76640467109248,0.0,0.0171517474222938,1.7210361322816148,0.1264335528522423,-0.3830580172147446,-0.2118147319142989,-22.37142990463767
8.994287610438832,1.9210166766546912,-0.02,2.4464937588703903,2.2255802247025915,0.0246121655449083,2.246074594037148,0.1456534881090959,-0.3866271515052109,0.1968789371744994,-22.37659808796624,0.0,0.3047187072437193,1.899634385028838,0.0,0.020042817244178,1.567109903589199,0.1264586443413297,-0.384722967078408,-0.2180569643368217,-22.43674697301788
9.012718527673336,1.967351614800961,-0.02,2.470755639087583,2.3201513589911595,0.0184337270837741,2.2912364370972176,0.1457296245094336,-0.3854940814647732,0.1979643643931291,-22.463405830349263,0.0,0.3154409068636385,1.8309967398717868,0.0,0.026860808922694,1.5920935632853095,0.1264260584135045,-0.3809008090423075,-0.233043901506622,-22.539621473878043
9.031149444907845,1.9239077524310333,-0.02,2.609492498308704,2.3077376820356728,0.0136237490198892,2.336220597691683,0.1457993680398981,-0.3833532808442984,0.1987413182306553,-22.5520211398735,0.0,0.3138326961856308,1.8162951209899008,0.0,0.0204154811094343,1.5467259215810003,0.126335412936922,-0.3831631746013075,-0.2414897838825938,-22.635930071197546
9.049580362142349,2.0916711068225045,-0.02,2.523716925460972,2.283482307551596,0.0170757349658047,2.1587076083532817,0.1457464040399109,-0.3846818579722222,0.1983364274366124,-22.662987065345803,0.0,0.3609490755759958,1.8004940858532439,0.0,0.0084130284025651,1.4529348138787188,0.1261174533207698,-0.375981868218972,-0.2470587840522396,-22.72545181148928
9.068011279376854,2.108432058859647,-0.02,2.5790735764400505,2.37350632302899,0.0104317817032319,2.097022012336326,0.1458240972741339,-0.3796211908319625,0.2047137488112493,-22.77183429952772,0.0,0.4112883904138987,1.7923124426252288,0.0,0.0188856241205016,1.566922071229769,0.1260702393258263,-0.3760787332742087,-0.2508460854898481,-22.819905956854573
9.08644219661136,2.039471812281544,-0.02,2.49882470576147,2.4248876036016327,0.0160449883863101,1.8279118663941585,0.1459653630076663,-0.3826386163518199,0.2081058297015749,-22.8816698823677,0.0,0.3860846163731387,1.7999063254578385,0.0,0.0148274256168842,1.594684329085417,0.1259344033415708,-0.3787645884895481,-0.2510155987280336,-22.92562485723969
9.104873113845866,2.021139042733059,-0.02,2.695654012274981,2.3396731704913463,0.0244572904219402,1.8539383425611928,0.1460988885527318,-0.3826755497856526,0.2164251271769393,-22.998164191154217,0.0,0.3913758448552354,1.8501920908047744,0.0,0.0160305261756246,1.6869485881616928,0.125975652877257,-0.3798907380960201,-0.2592079466016461,-23.02974239188129
9.123304031080371,2.098278156970692,-0.02,2.7379547674251463,2.342899740406512,0.0299579681287376,1.6724420837943732,0.1461583881209834,-0.3787585128656772,0.2318117621167372,-23.118850051112485,0.0,0.3873906012847814,1.7355075759858118,0.0,0.0297742418868461,1.6110026717273056,0.1260565994904446,-0.3731457745318227,-0.272135145624908,-23.15633906537698
9.141734948314877,2.222106744836188,-0.02,2.8174588667360454,2.465884952607521,0.0394211121683378,1.8650011299549825,0.1461422216153713,-0.3740448932805227,0.2534250168200146,-23.22708074586991,0.0,0.3766496425362638,1.7431752525554056,0.0,0.0280243098814124,1.625806788849488,0.1261561822412591,-0.3696426226602201,-0.2861195479056245,-23.268008194844043
9.160165865549384,2.2191144584726423,-0.02,2.8227130060831684,2.6012233092778763,0.0397283879300991,2.006083800526034,0.1462216238738362,-0.3739570295202691,0.2513798836202064,-23.319012381915588,0.0,0.3508407104645394,1.6331920050019002,0.0,0.0266373749356446,1.754382812939508,0.1260216994796772,-0.3711369973873538,-0.2829570007174404,-23.38011632605388
9.17859678278389,2.2137051488612367,-0.02,2.9217937144801027,2.571438589646916,0.048659351612386,2.183466730712396,0.1462269743110535,-0.3719918570794325,0.254956788094298,-23.442579215038133,0.0,0.327075339084815,1.6289655225864415,0.0,0.0346362240412574,1.7306107980441163,0.1261540348829825,-0.37658564951671,-0.2796754163822606,-23.49543070950629
9.197027700018396,2.2416993908824887,-0.02,2.836723629062422,2.743084470687802,0.0498651808742168,2.2855904048491578,0.1462542045109653,-0.3690268773867851,0.2711635290032651,-23.567678864640264,0.0,0.3190013666872904,1.5027804239471234,0.0,0.030073858435248,1.7568396507034076,0.1261286411069241,-0.3765104635229769,-0.278997509228382,-23.639238273958817
9.2154586172529,2.30864931925556,-0.02,2.53202680849495,2.572593782102766,0.0450604969014477,2.400146356301798,0.1463377154467646,-0.3681759658338246,0.2757952026759379,-23.688203563917387,0.0,0.3012040162074673,1.514384522008693,0.0,0.0390214673177837,1.7704181453809265,0.1261230139157221,-0.3838453058479762,-0.290395841634274,-23.761595182525703
9.233889534487409,2.3924190649432493,-0.02,2.692719307782092,2.462231770230583,0.0354723167510934,2.421004903745972,0.1462620440697687,-0.3742832796429235,0.2779743056143695,-23.80939870050828,0.0,0.2649121361622495,1.5584885291902886,0.0,0.0434476968682023,1.8687831983300665,0.1261604063729334,-0.3840357812041896,-0.3023102891522695,-23.882253315113683
9.252320451721912,2.3077154243846207,-0.02,2.64105517097687,2.358570502544684,0.036446888597929,2.643655243085822,0.1462425152134459,-0.3744288162273424,0.2867879954578817,-23.91371389008497,0.0,0.2752680678472597,1.4973698919109195,0.0,0.0432972717041265,1.806121343939333,0.1262517030801875,-0.3818408872860517,-0.3059887530387115,-23.99828820812225
9.270751368956418,2.437891660913817,-0.02,2.337316178620919,2.3605650727298086,0.0295842470960348,2.7209990044199412,0.1462336956899391,-0.3811417898678759,0.2922444278280952,-24.034809795101364,0.0,0.2693372929247668,1.5156291094428138,0.0,0.0533145123793119,1.73538901977963,0.1260528718232582,-0.3847284091495399,-0.3098610289928132,-24.12338016621784
9.289182286190924,2.284768817069638,-0.02,2.5954528771182592,2.2697573973743093,0.0300143790698475,2.6562539980651145,0.1462748123731004,-0.3793684179026416,0.297538990238588,-24.144346266919065,0.0,0.2594493287935381,1.6474593048204316,0.0,0.0478680420783764,1.703898441520524,0.1260591371781621,-0.3801890082085549,-0.319456112654799,-24.24345151776092
9.30761320342543,2.1923627847203138,-0.02,2.7450998253088783,2.1888836622253014,0.0310502226487722,2.5812346615816413,0.146372822251796,-0.3808457257286937,0.2986184016341117,-24.285605857899554,0.0,0.3059912627948761,1.603610479558035,0.0,0.0428319097460059,1.5988308438855559,0.1260873151387971,-0.3798617985299098,-0.3215881958178937,-24.383988274358067
9.326044120659937,2.1191972775750383,-0.02,2.252462732152519,2.0967115359356923,0.0306742305951996,2.5992897592183803,0.1462690441048766,-0.3717949034014149,0.3001535344613663,-24.40182083549746,0.0,0.3713172535613691,1.5496737250364216,0.0,0.0583023561958314,1.5408425288511962,0.1261980852618638,-0.3814433477769567,-0.3256760283898029,-24.5373612070233
9.344475037894442,2.100677244410483,-0.02,1.973560121171612,2.1257197288440635,0.0237021891096129,2.549426151158939,0.1463057703603323,-0.3674043366326846,0.3014176513111752,-24.556053431766976,0.0,0.3874105619448552,1.615454870314179,0.0,0.051207976141046,1.46252132875006,0.1261594057133316,-0.3855645283733594,-0.3252488506369584,-24.670788720975583
9.362905955128948,2.119586556874994,-0.02,1.9681898087242984,1.955477150885604,0.0211564090717253,2.39632538629788,0.1463275114895488,-0.3703751620196115,0.3022469828395803,-24.718198344982795,0.0,0.3922638006497457,1.6290278964376927,0.0,0.0602447490753738,1.5612200640097758,0.1261789333884718,-0.3857608794351468,-0.3282246709632773,-24.792758929485167
9.381336872363454,2.139428202875012,-0.02,2.0538271423957646,2.01053732432343,0.0276294738607159,2.4883126650961143,0.1464713788957493,-0.366982723588149,0.3031172493437266,-24.86852125649332,0.0,0.3654147237587134,1.6648578035926562,0.0,0.0486802342205011,1.6672205929829735,0.1262946451807212,-0.3890143928485908,-0.3353040388937752,-24.928919998992185
9.39976778959796,2.0924051991178554,-0.02,2.046448452472817,2.076846261547449,0.0348555179431307,2.51104199373636,0.1464788812650136,-0.3618792707887541,0.3068654789045743,-25.03119218242788,0.0,0.3692950984379699,1.6233914574812485,0.0,0.0454713284904341,1.6604909662190177,0.1262973055590796,-0.3905564296371387,-0.3377056630396957,-25.09283566195084
9.418198706832465,2.3211494364674903,-0.02,1.9619642269151765,2.1204287437430893,0.035882826822401,2.47535595077037,0.1464258158855545,-0.3617914211801003,0.3121143833888738,-25.20097801308838,0.0,0.3461927588062669,1.616085589307511,0.0,0.0437465895557962,1.735584235950121,0.1261673877489323,-0.3883399840456621,-0.3374330832949822,-25.245133437030866
9.43662962406697,2.2852177049416773,-0.02,1.9454559178570736,2.202198345542869,0.0255593902363377,2.630586497909833,0.1465014344202883,-0.3572038333862332,0.3202356387012098,-25.341597693304298,0.0,0.3586617981087657,1.6674649997886437,0.0,0.0233212505912858,1.834587774825392,0.1262930111558465,-0.3832363538057649,-0.337134875768654,-25.379715544936268
9.455060541301476,2.419549730847485,-0.02,1.7384176886998801,2.3430736277799444,0.00558991830403,2.72457524836095,0.1465622956647269,-0.3594630493930247,0.32656634326998,-25.505915249313222,0.0,0.3964935368157392,1.6418803220152054,0.0,0.0245586953615247,2.01168210556665,0.126386551202296,-0.3901423905124196,-0.3385515358012202,-25.542972361297814
9.473491458535982,2.402814593735621,-0.02,1.8162378829758403,2.418927880774892,0.0044154039301956,2.7059214253669066,0.1465789575826064,-0.3593058757356493,0.3337784207902955,-25.646401919507028,0.0,0.3826484434785848,1.5888938612922907,0.0,0.0264875281669101,2.0269383533950545,0.1263680331151139,-0.3992493494920744,-0.3432815545487473,-25.69888572629732
9.491922375770487,2.324364942848628,-0.02,2.170293570585746,2.4663460778089124,0.0190317584392449,2.5671704280043905,0.1465313518069891,-0.3666459803767772,0.3351058689465219,-25.803745819240245,0.0,0.3381127193106156,1.554338836868891,0.0,0.0207214361960693,2.001514166354584,0.1264559724245892,-0.3905280622226176,-0.3425519177326087,-25.853832134661285
9.510353293004991,2.488085414960584,-0.02,2.525109403362976,2.305637495309339,0.0117889523587451,2.612132137997605,0.1463896582262279,-0.374832773945512,0.3385118275609401,-25.982848856074245,0.0,0.328454803409674,1.5148563515907003,0.0,0.019204931841714,2.162854004603737,0.1263890705717356,-0.3798597955489796,-0.3453379347242064,-26.03549677962568
9.5287842102395,2.575022051421916,-0.02,2.4626541257427967,2.118269052717021,0.0162226555265847,2.706146845753708,0.1465227785815247,-0.3755746683839627,0.3503856926434029,-26.14789643938652,0.0,0.3337406050934636,1.597678945346164,0.0,0.0179871896273358,2.067195999164299,0.1263556717661117,-0.3858210016543053,-0.3524878282967497,-26.20876271329678
9.547215127474006,2.50750037384966,-0.02,2.5426711859362694,2.147202149597509,0.0083209458371047,2.6356164624613494,0.1466047406948872,-0.3819075108158222,0.3551234175333385,-26.295200788280027,0.0,0.3387310583136471,1.4519873765079456,0.0,0.0261732039749924,1.9801983703577064,0.1262608508545533,-0.3874350484655252,-0.3608454697468332,-26.37988034767911
9.565646044708512,2.576526852263744,-0.02,2.361617116121314,2.067537877746836,0.0043627825734182,2.659394277900528,0.1468307004515047,-0.3802534468226421,0.3608245513945534,-26.48184185443612,0.0,0.3318689816166854,1.5251575216658655,0.0,0.01520809700424,1.9930709608719364,0.1261301920281571,-0.3894713407696651,-0.3607569409150276,-26.53871983339076
9.584076961943016,2.427436183613281,-0.02,2.3552887258581867,2.022789071387635,0.0103880739534253,2.621347191971395,0.1468058749604656,-0.370619103052439,0.3637145957980147,-26.644339588241188,0.0,0.3451258310057947,1.4637538754538262,0.0,0.0114579416023353,1.9622197659791007,0.1260883061042188,-0.3897083905454528,-0.3618854733909054,-26.711073268268155
9.602507879177525,2.4414786242035125,-0.02,2.543856057268806,1.764052995617852,0.0112406404737045,2.5029537701746736,0.1468571197122997,-0.3676365951321366,0.3652233494706102,-26.84703929757401,0.0,0.3594590284755309,1.4069310425865187,0.0,0.0222444528920994,1.8091988455644048,0.1259545245256877,-0.3988617104105312,-0.361763423146744,-26.9004059173935
9.620938796412029,2.47688451858934,-0.02,2.603221583306506,1.7884928557377944,0.0204915371251738,2.6758643341351793,0.1469243559424422,-0.3717473836431756,0.3635405017292295,-27.04195213032472,0.0,0.3096545530853132,1.4060487838570692,0.0,0.0362692337621618,1.8079287648216464,0.1259971179618009,-0.3940484298547954,-0.3617553728108017,-27.079759188015288
9.639369713646534,2.4075349676499367,-0.02,2.348695231060716,1.7527045153788827,0.0153602948617279,2.5201687236044203,0.1469963942323109,-0.381256192924325,0.3529156132056391,-27.193837169267955,0.0,0.3142964897643635,1.446786457121726,0.0,0.0398025993391545,1.9797200034917737,0.1259921233136992,-0.390443774618433,-0.3588043329463011,-27.22426653630598
9.65780063088104,2.516577462826327,-0.02,2.2139622911369248,1.7156560414061914,0.0060611673066374,2.5622983121311766,0.146987493994025,-0.3800155362846228,0.3460061787205987,-27.37281533866244,0.0,0.3324143629442148,1.5277536924570538,0.0,0.0339191498617781,2.0597235513359258,0.1259845545496828,-0.3870137394920436,-0.355087497686456,-27.41505733769748
9.676231548115544,2.232683937725965,-0.02,2.364057157760724,1.7943394545283244,0.0115951610163005,2.3963961549546005,0.1470297375345154,-0.3782920799204289,0.3429550135919282,-27.547860922427365,0.0,0.3123503583899171,1.492867300743162,0.0,0.0430542363892051,2.095097383247316,0.1261158301261172,-0.3900888780387354,-0.3524457697551726,-27.597437130563023
9.694662465350053,2.106682481044287,-0.02,2.5501178184827538,2.0577379200860886,0.0126680828327167,2.415802812355936,0.1470686786634002,-0.3730954298237899,0.3376462174750932,-27.72807077254253,0.0,0.3326753903921673,1.5571674217369889,0.0,0.0380113068920043,2.0342682659604416,0.1261042564916315,-0.3912493273341357,-0.3510590440592328,-27.749755107699976
9.713093382584557,2.2075858272244213,-0.02,2.616214460034111,2.019126313545318,0.0197532658449006,2.2475011457879166,0.14715973930753,-0.3738153922055434,0.3293054916019434,-27.923710835929363,0.0,0.3797495197941226,1.6271346442625283,0.0,0.0408292886649847,1.9951110215310592,0.1261476619467715,-0.3964824460929685,-0.3500751986244019,-27.95832785549996
9.731524299819064,2.1402427313805665,-0.02,2.6120891675018076,2.0734218550067545,0.0292198411696306,2.384490954868298,0.1471550166385931,-0.3756208874318572,0.3227877453492954,-28.08972510735686,0.0,0.3778566174304393,1.4780743584502265,0.0,0.0474961103836475,1.853863277016239,0.1261601888553237,-0.392492716772853,-0.3458447250494293,-28.154860444335288
9.74995521705357,2.1758140660591883,-0.02,2.894595763539362,2.220288103900624,0.0220369814398031,2.4297105866443576,0.1472738324832177,-0.3779448258044617,0.3173759252013657,-28.276072857189035,0.0,0.3670444287729323,1.5233383834243401,0.0,0.0486924760263226,1.854851444595868,0.1262702749601632,-0.3881898291767177,-0.3425206258835911,-28.322798985128948
9.768386134288075,2.1226303421356256,-0.02,2.962074428799978,2.241479128925234,0.0224867765846565,2.1862046224621667,0.1473188565377789,-0.3784532968868207,0.3153141085961419,-28.45618381239297,0.0,0.318777494686364,1.6148622158155745,0.0,0.0429077520915091,1.7993512989379734,0.126410698415613,-0.3797101013953486,-0.3404778070210575,-28.483642634179084
9.78681705152258,1.911400514705284,-0.02,2.890493459737304,2.2590422846926828,0.0251922514135827,2.166954324517541,0.1472803075182926,-0.3806553984562831,0.3097159959064698,-28.62694207232034,0.0,0.343186189970365,1.613504202029988,0.0,0.0325526873155239,1.7843101379264326,0.1263659695214557,-0.3823142705238936,-0.3376262778444973,-28.667404989263503
9.805247968757088,1.9577850340360663,-0.02,3.003688174386897,2.1159080886065125,0.0309071507373827,2.2929056879459115,0.1472494621960251,-0.381213376577374,0.3041293557585495,-28.825206258952065,0.0,0.285367335571993,1.663290178957143,0.0,0.0312111497340446,1.6543838827036792,0.1263410179172395,-0.3747480570044742,-0.3323541373342374,-28.858706207657978
9.823678885991592,1.6932060538923748,-0.02,3.1941487247184184,2.120946194176085,0.0350399751106891,2.248190158841375,0.1472116851659573,-0.3787457663327629,0.2957249007555002,-29.014795944638745,0.0,0.2705892521630527,1.700979778206684,0.0,0.038128566698055,1.644108310770105,0.126307337423591,-0.3774343469618444,-0.3288910604337282,-29.07281563044616
9.842109803226098,1.8122236145531856,-0.02,2.8482901448595253,2.0622805392761085,0.0321650714843397,2.260037642231088,0.1473524092112249,-0.3773241287627503,0.2850063028066334,-29.1946555602204,0.0,0.2685064499751251,1.8281709526936272,0.0,0.0190497858908432,1.7405837533594386,0.1263211460188961,-0.3774642329383299,-0.3260198928338851,-29.292803431282085
9.860540720460603,1.813981480091039,-0.02,2.91884139190809,1.974778660642868,0.0258447117145547,2.1427605369745946,0.1473888251397674,-0.382571810277578,0.2735002905594115,-29.40558150050994,0.0,0.2607452359445328,1.7907630737484592,0.0,0.0214163471203639,1.711595274006897,0.1263826678828571,-0.3855055752780581,-0.3257857998856857,-29.52964225150317
9.878971637695107,1.7179856908737174,-0.02,2.990506047235959,2.056730613644822,0.0242608858933451,2.3071405404602303,0.1474852037580786,-0.371149770431209,0.2740405824178819,-29.59233771637433,0.0,0.2495737329967559,1.766062059728316,0.0,0.0220988270540396,1.7647448294414907,0.126458078213773,-0.3852141378835433,-0.3183965158077116,-29.70578246832047
9.897402554929617,1.6309973626487706,-0.02,3.127756960705098,1.838044419613448,0.0269705489726767,2.2516260464948754,0.1474808670362549,-0.3737351685634076,0.2680441300729433,-29.770961967325206,0.0,0.2392464837168475,1.9289683563243072,0.0,0.0234178655280261,1.757426685288425,0.1264554285565752,-0.398471177089319,-0.3142897619898467,-29.894230368392936
9.915833472164122,1.6161413307675838,-0.02,2.9901885634824055,1.8128945285274016,0.0223486795097229,2.060796267894299,0.147343004345413,-0.396077173148385,0.2522055973577247,-29.95487493601112,0.0,0.2421582371742117,1.9528311438581347,0.0,0.0277823131952458,1.7962510221552777,0.1263642099353526,-0.4078798946672521,-0.3075804327984111,-30.101595442178464
9.934264389398628,1.5939602867665723,-0.02,2.76954785013169,1.8916044093902509,0.0215499603443326,2.091324404151782,0.1473145831752847,-0.4039293282817924,0.2451947493634933,-30.123947272684443,0.0,0.3090507103053376,1.9293954476027249,0.0,0.0470828760286345,1.9271990591656032,0.126363902085693,-0.3971970488815824,-0.3063862649856538,-30.295118619782883
9.952695306633132,1.5820719175857922,-0.02,2.828210986294774,1.7108081207124803,0.0429720125042038,1.8801779396262723,0.1473473448482198,-0.4114906055108576,0.243639945926467,-30.31870409737175,0.0,0.3005227521680598,1.941263442203122,0.0,0.0454778954189795,1.875159889556376,0.1263498725923257,-0.392400641433889,-0.3040625813034073,-30.483888650198715
9.97112622386764,1.6607488880946313,-0.02,2.8340303011208863,1.8471417300162325,0.0419007387850998,2.054687410570591,0.1474165666906202,-0.4073296374446529,0.2315076899535586,-30.511675830862984,0.0,0.3456754479535227,2.0101586620952663,0.0,0.0362189987477641,1.8108339413538317,0.1264009417656492,-0.3990943264900909,-0.290089224421315,-30.70534630810541
9.989557141102145,1.9319287975948427,-0.02,2.720182310191096,1.786255600974207,0.0402373076629689,2.1700461616503386,0.1474847459881268,-0.4152381926889942,0.2249411919736027,-30.696588518244702,0.0,0.3443013241236526,1.9653280551488257,0.0,0.0331916408360202,1.7044674237125987,0.1264210553623296,-0.3972492559827665,-0.2717606797127738,-30.878711858220115
10.00798805833665,1.8898693466420289,-0.02,2.7478496044942338,1.9374096415238733,0.0501835217943092,2.2474983877438106,0.1473777360579202,-0.4190906388564059,0.2236609559981405,-30.89159256527145,0.0,0.3594368368829784,1.7950330573935487,0.0,0.041058760245572,1.7138548255988908,0.1263219382894051,-0.397063205025767,-0.2574695686783934,-31.072346491696344
10.026418975571156,2.004338253040775,-0.02,2.613990396446751,2.007234583034166,0.0620616576079031,2.534662786852928,0.1473278230966215,-0.4098058495788044,0.2235211744857771,-31.073873496448577,0.0,0.384775948458341,1.8482126413912872,0.0,0.042592795535341,1.7906707858887774,0.1263085206964474,-0.4006072770472089,-0.2441158346312589,-31.24450429477297
10.044849892805662,1.902936167314487,-0.02,2.597969276743446,2.108969563137918,0.0587843180690274,2.649560118211092,0.1473164885540173,-0.4225853010664462,0.2257450977238431,-31.242817462334592,0.0,0.3747673475936956,1.8377839199865,0.0,0.0360504544170079,1.8160548400334384,0.1262045302248593,-0.4085004444866837,-0.236377390371044,-31.43187311235208
10.063280810040167,2.0132789821317343,-0.02,2.760434983942608,2.3586681035425725,0.0473968078719384,2.654605076091174,0.1472900791560625,-0.4281794410980955,0.2226509492784795,-31.45663473089185,0.0,0.3743967187902004,1.8274253286203832,0.0,0.0192938095829023,1.9811528617801015,0.1261915014192501,-0.3984636325505165,-0.2329741293991971,-31.641935414148257
10.081711727274673,2.047284708129352,-0.02,2.9041065691596373,2.327592252605034,0.0526782383442769,2.7365010522267954,0.1473035756598854,-0.4244770970643187,0.2149244669724099,-31.633656882793176,0.0,0.387931959858437,1.751116082058499,0.0,0.0229800360154639,1.9781979933468712,0.1262495569120255,-0.3883646494978695,-0.234051001084535,-31.841507731966907
10.10014264450918,2.0309549874721755,-0.02,3.1182105031342062,2.434119005097408,0.0610645080087356,2.9118616474366283,0.147239761869461,-0.4277850341029543,0.2088511608439855,-31.81186128060233,0.0,0.3663835406051383,1.727917341510114,0.0,0.0175835055064896,1.9681304285424024,0.1261671600416609,-0.3907258673120516,-0.2361835070161973,-32.02948940758164
10.118573561743686,2.212638916544681,-0.02,3.301883325303192,2.3917865259622326,0.0501169057269655,2.847769324780716,0.1472942252485695,-0.4156187205738539,0.2099325640321871,-31.982362551120705,0.0,0.3737029941742976,1.6762789688902855,0.0,0.0133912302294255,1.960130608169308,0.1260966977959786,-0.4035526403626844,-0.2386309699159002,-32.19633573057254
10.137004478978191,2.203496911300652,-0.02,3.4414582951996855,2.4373483698688823,0.0508401038878479,2.6906024811703566,0.1472697132354906,-0.4150697720184657,0.2079871095519879,-32.179906032146015,0.0,0.375844972400506,1.6515876862131986,0.0,0.0174341923197056,2.1169044928187257,0.1261608485263243,-0.4135950321582354,-0.2368657458661283,-32.3819843945649
10.155435396212695,2.0155896561723456,-0.02,3.38484404684033,2.410085928912981,0.0591313395425398,2.699230210957428,0.1472508584573457,-0.4148446766804026,0.2022631267994784,-32.39955616160995,0.0,0.4016306906503569,1.7819465458389374,0.0,-0.0005050094220631,2.252239159054545,0.1260622600015427,-0.414557352974557,-0.2380944927794684,-32.58332974445636
10.173866313447204,2.0570433055671025,-0.02,3.550435318296048,2.2547094585796543,0.0568123951731747,2.8173266430408304,0.1472831178271273,-0.4095798339213781,0.197380227247417,-32.59521989525561,0.0,0.3997694987022326,1.9255065282380068,0.0,0.015031604732042,2.1646175205514417,0.1260169304045329,-0.4116104372634171,-0.2354982080030933,-32.75113934038627
10.192297230681708,1.9451011678902688,-0.02,3.5201524423055286,2.194102511231049,0.0531842652539375,2.6464504024511264,0.1472743320442153,-0.4263424641543495,0.1936955085883221,-32.80052882098187,0.0,0.3633941152501588,1.8818618163730896,0.0,0.0281235691969451,2.1243261406025344,0.1259095451981404,-0.3978172590196044,-0.2305724687297428,-32.93861150532354
10.210728147916214,1.908723294999696,-0.02,3.3893964589915337,2.155858853865765,0.0457291589223384,2.54295502473718,0.1472510111291433,-0.4270257332175672,0.1758986560921099,-33.00895523800584,0.0,0.3339601205871003,1.8905627049801752,0.0,0.0307519674039926,2.184467690466793,0.1259278168251012,-0.3917600709722822,-0.2281764544542777,-33.14471968215639
10.22915906515072,1.8495990815961407,-0.02,3.134130262630966,2.25479488883907,0.0557008435286122,2.373429142773438,0.1473556703240985,-0.4263478064802894,0.1654691351965063,-33.17431365849171,0.0,0.3198704663395428,1.7699431273416544,0.0,0.0500835180087957,2.0819226763689445,0.1259391383646997,-0.3893075108163216,-0.2265603967750945,-33.337501034751824
10.247589982385223,1.6775119838503307,-0.02,3.491509607270136,2.3078051527526107,0.0528006491171787,2.5760139174016974,0.1474363947254624,-0.4246038547118848,0.162192402266274,-33.3917221919315,0.0,0.3110331718598895,1.8521984179023212,0.0,0.0446217224167493,2.056452760303638,0.1259174372077771,-0.385682825070878,-0.2258087439386789,-33.520571418486384
10.26602089961973,1.784037039271143,-0.02,3.419603594283952,2.331743950918289,0.0408548284513834,2.5060544525567425,0.147532746186442,-0.421961748369445,0.1523375637391668,-33.61141889945064,0.0,0.2863196131270802,1.803848432917404,0.0,0.0437957613336706,2.1789365207297,0.1259659229135406,-0.3877368657600583,-0.2229653456778757,-33.7243068923968
10.284451816854236,1.726562542459324,-0.02,3.2556189140011096,2.4853271831710133,0.0417703873585532,2.7303136515403907,0.1475305903400738,-0.4178641443026532,0.1414215830295006,-33.81844031788008,0.0,0.2523656376708921,1.8012443023379632,0.0,0.0619428279873007,2.128475764098554,0.1259948195007512,-0.3850448102330641,-0.2240587113006729,-33.906953078837645
10.302882734088744,1.6887946297939895,-0.02,3.2546245458309246,2.3708393212364203,0.0435504028896823,2.936169168045119,0.1475821250315122,-0.4108579779469215,0.1411871768448316,-34.02151293456607,0.0,0.2084680732730857,1.8099800582447407,0.0,0.0671725569140506,2.0459182208635167,0.1259047317607803,-0.3943791471011372,-0.22318838771775,-34.11376210874087
10.32131365132325,1.9405732102748368,-0.02,3.0449474094806614,2.329046022317145,0.0251958956845055,2.7568034656396505,0.1475550719830919,-0.4124644510801597,0.1397923121322055,-34.21866584336497,0.0,0.1833155265466358,1.7075569544870615,0.0,0.0857485513140613,1.906291766665028,0.125919914482624,-0.3987994138200971,-0.218933241834449,-34.33376286037151
10.339744568557755,1.912720915717335,-0.02,2.9824627345102748,2.278326827911722,0.0136941896733199,2.6397667812059114,0.1475844431392517,-0.4166457438625397,0.137755136283864,-34.41789866603063,0.0,0.1887847536649343,1.6017929179347965,0.0,0.0791785128761867,1.8087119390884383,0.1259700398478867,-0.4027347193698545,-0.2111537828277807,-34.571389260915566
10.35817548579226,1.9059732399852705,-0.02,2.8242656833759177,2.2799683021261274,0.0125082457873597,2.62121017351046,0.1476654602687203,-0.4204898847517616,0.1338463002990498,-34.60921623521617,0.0,0.2189504926186717,1.5348882970297468,0.0,0.0695287412200136,1.830875253019596,0.126100386816025,-0.4106444986157138,-0.205858709896824,-34.80821609878495
10.376606403026766,2.1141871679362594,-0.02,2.76854598129446,2.285877769922205,0.0252882700271608,2.9654999163027416,0.1476643106528297,-0.4249279146928775,0.1317783805731517,-34.79822711540979,0.0,0.2105951818843489,1.5636389887298547,0.0,0.061795156924734,1.7652653141237076,0.1260795946524423,-0.4131160824817322,-0.2017259188893053,-34.97426819436025
10.395037320261272,2.141207855972977,-0.02,2.7804670834007865,2.12126236068338,0.0248254377366177,3.0887275804999255,0.1476565690168218,-0.4223345351775366,0.132733957554675,-35.00835056638873,0.0,0.2417883327767598,1.6186024595047843,0.0,0.0476286789182403,1.7776050201807745,0.1260616763270553,-0.420887602662598,-0.2051621839755667,-35.15122292733339
10.413468237495778,2.260118529774645,-0.02,2.4696545793435702,2.0134172714623166,0.0296528909336155,3.0075863326424184,0.1476999769695141,-0.4185391003791411,0.1312610701536154,-35.204417611718775,0.0,0.2338916113512086,1.557681038029643,0.0,0.0384861241522351,1.7892417819942554,0.1260417139035836,-0.4276285418646991,-0.1917605597844046,-35.36228086722304
10.431899154730283,2.213082192423565,-0.02,2.4215562625756166,1.859526616806461,0.0371122948823221,3.058815116379868,0.1477048625753684,-0.4135448826874272,0.1256336510619654,-35.39352653279782,0.0,0.2331999620128188,1.5274296271042391,0.0,0.0369024057460247,1.556459379500169,0.1260214807300933,-0.4179355684446764,-0.1732172357250108,-35.55829909352176
10.450330071964787,2.4767204369610627,-0.02,2.4756886170477426,1.924210483325954,0.0104804388876371,3.124686571641132,0.1476372359265449,-0.4137449062754276,0.1271636576356856,-35.55356394060726,0.0,0.2645599242916792,1.5512775371471073,0.0,0.025860433980219,1.6133022805365818,0.1259434673206197,-0.418918899601236,-0.1633799965124253,-35.76498866950767
10.468760989199296,2.429564643439781,-0.02,2.321705397498444,1.9249786775511868,-0.0002996157561603,2.995157913072454,0.1475007411354068,-0.4137867027003448,0.1275353020437962,-35.71167726857629,0.0,0.2561448607504016,1.4214362268551213,0.0,0.0297042804289412,1.6882430304897469,0.1259925172959225,-0.4165252109775926,-0.1591331296141637,-35.941796715275565
10.487191906433802,2.262112079398152,-0.02,2.437987089865663,1.888054215932988,0.0053427987525726,3.0654501150686464,0.1475211214839994,-0.4088847352520777,0.1272459118940724,-35.88336001068576,0.0,0.2588240839295875,1.5588171626287748,0.0,0.0362415349488532,1.7322546233949039,0.1260697643478925,-0.4252911695851207,-0.1530030974789816,-36.10691219524204
10.505622823668308,2.272056210261576,-0.02,2.291918804307753,1.946638856339144,0.0191283837642306,2.972449888430114,0.1475253311717123,-0.4179334194004874,0.1277266819404697,-36.08761935247168,0.0,0.2317569118527713,1.6447881572065324,0.0,0.0275806300560594,1.672735880792276,0.1261291909944289,-0.4278611396683227,-0.1482236034905402,-36.309287082834864
10.524053740902811,2.385561347029486,-0.02,2.3507856736810764,2.0666343024308054,-0.000794333599741,2.865984311953744,0.1474860337876945,-0.4092173098591935,0.1295164741927243,-36.27563931309533,0.0,0.2222036404456582,1.5781115819899527,0.0,0.0307998407303277,1.6796550146709652,0.1260719253661117,-0.4337787091771531,-0.1461455279480661,-36.47372217089945
10.54248465813732,2.3292571537185194,-0.02,2.5230027907282127,1.8411839250088708,-0.0112578820993142,2.524081580573646,0.147427142606945,-0.4113067971841547,0.1312062980000895,-36.457563485723526,0.0,0.2563144708996618,1.631106610021088,0.0,0.0365212907526359,1.6161272546121597,0.1260613335326383,-0.4368389640881288,-0.1399395239377724,-36.66591672950369
10.560915575371824,2.126931532616072,-0.02,2.442968703861666,1.870565165239804,-0.02,2.597085601235114,0.1474556640389605,-0.4109395272917707,0.1296023596299506,-36.63922899840978,0.0,0.2499134932091715,1.6715147634704126,0.0,0.0452888338889753,1.6739638334017746,0.1260764494122393,-0.4339401393985216,-0.1365526882946239,-36.85154454358754
10.57934649260633,2.232206811979238,-0.02,2.5217194993516214,1.9218336876911888,-0.02,2.6032190789231247,0.1474750824558474,-0.4205467524340864,0.1261707764889106,-36.79897784678114,0.0,0.2743722205695875,1.6680791474306165,0.0,0.0575320560442093,1.6524358853878411,0.1260263760207957,-0.4334265221375342,-0.1377114567585169,-37.06517318540855
10.597777409840836,2.284638083341864,-0.02,2.639322822369062,2.066306730750568,-0.02,2.4953501168816934,0.1474196737122449,-0.4251629435665864,0.1185665187163647,-37.02535964957976,0.0,0.3116154561525279,1.6627750707556466,0.0,0.0600842965183085,1.72775993536306,0.1259923841113612,-0.4463192838453911,-0.140855856999029,-37.28470057242429
10.61620832707534,1.980713079503852,-0.02,2.6049160279697925,2.18850336854305,-0.0011264153970118,2.5151878926794033,0.1474288639720857,-0.4274080802628249,0.1086811341194453,-37.2292383692973,0.0,0.2838962207008246,1.6530022827648212,0.0,0.0450983164394564,1.6903391195849522,0.1260692606855866,-0.4508769102272015,-0.1402268703837871,-37.49133400977312
10.634639244309849,2.0740448513518914,-0.02,2.60071695226758,2.177050004918666,-0.0017668427929585,2.337557396164871,0.1475978289199186,-0.4283651481399396,0.1020955439176557,-37.408261402994896,0.0,0.3142194489543793,1.759241912179183,0.0,0.0419159791719555,1.6437670786786807,0.12602099843093,-0.4489524602399769,-0.1393962438526594,-37.6727231222312
10.653070161544353,2.1221783535010137,-0.02,2.9208578548226014,2.346982532899843,-0.003720118096603,2.2884539236040897,0.1476242447708616,-0.4320499036288753,0.096831852480572,-37.59584517836998,0.0,0.2895448003781838,1.6635132053780068,0.0,0.0255948891032121,1.698216935352204,0.1259410795318106,-0.4456053526703151,-0.1415645222836959,-37.87729438031017
10.67150107877886,2.1590439483864903,-0.02,2.927476715733579,2.489714286443119,-0.0016573200783527,2.356815810933891,0.1476380686421568,-0.422427764434306,0.0983390155230352,-37.77992883727357,0.0,0.3424686459728753,1.6504379142927696,0.0,0.035997598094715,1.855402123914886,0.125849774420373,-0.434670102594468,-0.1432085067463262,-38.04453814120546
10.689931996013366,2.033268400937104,-0.02,3.1562554579000506,2.2231352920027416,0.016351752164336,2.405308500707249,0.1476966840159431,-0.4117941527678953,0.1008312164254621,-37.98391428836311,0.0,0.3457548801188338,1.6745151926307626,0.0,0.0343649192821319,1.971917671814024,0.1258337487635218,-0.4274678020841697,-0.1414150116938623,-38.23250165085329
10.708362913247871,2.076235003341893,-0.02,3.0308518437847227,2.321267660434878,0.0336193678359,2.415890314945384,0.1478578187788661,-0.406452074917866,0.0985124204880815,-38.17224420734199,0.0,0.3227910287741299,1.6352149038029171,0.0,0.0384734369716815,2.124616500422668,0.1258677968913638,-0.4231592577054442,-0.1408044398688923,-38.420847468489015
10.726793830482375,2.2935675933715007,-0.02,3.0545470281781895,2.2765761099229564,0.0449816063581581,2.2351655135380493,0.1478726001575361,-0.4097490185487195,0.094339335110443,-38.347951241523575,0.0,0.2883520984180815,1.4692368081676388,0.0,0.0383021095874822,2.178054115306756,0.1258561863378824,-0.4247919822961268,-0.1400128912923641,-38.603804714403104
10.745224747716884,2.210793422603235,-0.02,2.9528672247009182,2.258015436182945,0.0463834696207173,2.113915413024012,0.1479158266240552,-0.4027900887590899,0.0864937390508964,-38.554035516149625,0.0,0.2474452695559995,1.4465897844333824,0.0,0.0417621196956302,2.239934435039342,0.1258544194542598,-0.4268134034925585,-0.1379487744111178,-38.78046741815894
10.763655664951388,2.1183563720584315,-0.02,2.89325995343095,2.225097203448688,0.0595889852902223,2.2150648276113127,0.1479902014988309,-0.4041516786491693,0.0802414045400453,-38.73216447073677,0.0,0.2080454388494567,1.480035538827706,0.0,0.0327746118862358,2.403795742286872,0.125860919248205,-0.4288290213220252,-0.1327817020445111,-38.9788700955121
10.782086582185894,2.3559620462630795,-0.02,2.707495400083648,2.1860994452456737,0.0560651003449894,2.074673765193182,0.1480478197568616,-0.404340266191356,0.0782299602351263,-38.95758495666811,0.0,0.2417967487767962,1.5435773816678935,0.0,0.0416213763799952,2.4770479408639536,0.1258292216896619,-0.4285580170130594,-0.1392907874585157,-39.189914975312085
10.8005174994204,2.3136926559018174,-0.02,2.600741866468653,2.091432427346498,0.0751318512516579,2.265011001910622,0.1479639112258585,-0.406692148650726,0.0712494062068949,-39.16776730962586,0.0,0.2463943789134295,1.4639411582892967,0.0,0.0379762880579583,2.465552052741126,0.1258696560191456,-0.4229834184744847,-0.1394166173042241,-39.3961624078522
10.818948416654903,2.3413122875300414,-0.02,2.301183967171272,2.0617801646460374,0.0753392607226913,2.3152082736568302,0.1479546054934283,-0.408661011492657,0.0693278896513397,-39.35955137991412,0.0,0.2756581161029029,1.4413061685521713,0.0,0.0528755554570772,2.4533750861661017,0.1258668246494796,-0.4133922787076771,-0.1350486034966278,-39.57194533785209
10.83737933388941,2.420515812250468,-0.02,2.566521701185924,2.0009066895962246,0.0722061541036632,2.253608041582455,0.1480127148980526,-0.4231007566328842,0.0622270087561938,-39.533692623249856,0.0,0.2358435442947822,1.3933618645561083,0.0,0.0552709545906233,2.449341737715213,0.1259535037594637,-0.4243022438243358,-0.1301075364588852,-39.78090409072644
10.855810251123918,2.405469680756372,-0.02,2.5530254583324874,1.9897211969770336,0.0710344207689646,2.3878614949683006,0.1479922837815445,-0.4289109285720448,0.0550051240102129,-39.70567464327512,0.0,0.2275532519513697,1.478689099836477,0.0,0.0438831586917275,2.3424619287753736,0.1259099043187515,-0.4273256868278376,-0.1282081092164957,-39.961478918841735
10.874241168358424,2.4041125295244377,-0.02,2.5748902898122217,2.065552722038809,0.0556478329393164,2.404290761046603,0.147941318201202,-0.4272093185990614,0.0504339677091757,-39.91266141097604,0.0,0.2409386675052675,1.5024339135636906,0.0,0.0418945064456381,2.341704467484264,0.1259129020012362,-0.427624014076739,-0.1277214674294245,-40.14017853112784
10.89267208559293,2.380553796730998,-0.02,2.781682415929271,2.1661461489976324,0.0547313946467075,2.4251677898578627,0.1479069009672371,-0.4309392449932721,0.047894353432471,-40.1194720480796,0.0,0.2851343843577941,1.604417987554103,0.0,0.0436829381379357,2.234680238785157,0.1258676995223805,-0.4143315083016661,-0.1278783506940472,-40.31770473213857
10.911103002827437,2.3695525290380512,-0.02,2.542970885330656,2.1327381693757643,0.0565745262852708,2.5543089596784845,0.1479048005578553,-0.4363844892410102,0.0422563611583673,-40.32819989729832,0.0,0.3204613167439548,1.6640018352091197,0.0,0.0338363617133098,2.0764559410539265,0.1258567981847282,-0.4013858786906572,-0.126189391986822,-40.50063381434343
10.92953392006194,2.457276251721641,-0.02,2.5986399965275497,2.1406942942838074,0.0438163107511747,2.63007336008765,0.1478533678368908,-0.4255195472141826,0.0363245356454399,-40.52940952791162,0.0,0.2851017809817061,1.5586126567067888,0.0,0.0280156209454967,1.9201621667001467,0.1258785544964748,-0.4087970585094059,-0.1286347423799351,-40.71470881391377
10.947964837296446,2.195710399379794,-0.02,2.669518830283623,2.0408402025185417,0.030111447642137,2.5589557415344286,0.1478562869359829,-0.418848391923412,0.0339755144086025,-40.71298172551519,0.0,0.3076154331982309,1.3534387635324887,0.0,0.0372366272834713,1.8860539713185107,0.1258817425592105,-0.4185397262280143,-0.1261238917497104,-40.9334123777629
10.966395754530952,2.076189880408143,-0.02,2.755824338589376,2.103006428482104,0.0234554763788597,2.5240091521218218,0.147861203426205,-0.4239784479990715,0.0383927681640589,-40.88934844093525,0.0,0.3424567744156046,1.360327659094951,0.0,0.0318538758896605,1.9279837464709353,0.1258482312986777,-0.4403900235466259,-0.126943678183229,-41.12840265070146
10.984826671765456,2.019564178284614,-0.02,2.87603577375603,2.0546682574404294,0.0207119710384382,2.7276500784830726,0.147890910462914,-0.4349178144051216,0.0397413109035701,-41.06509787480427,0.0,0.3682031141361211,1.3206647150096784,0.0,0.0241297662890318,1.9507752640082776,0.125844453340902,-0.4423253616659708,-0.1266100376255135,-41.32576874104654
11.003257588999965,1.933423574019023,-0.02,2.498593365518592,1.9550946398620384,0.0202244670883477,2.8215737075228184,0.1478468063381128,-0.438901153094879,0.0419639070090014,-41.26463219952769,0.0,0.3669354844358722,1.3083928062736763,0.0,0.0219664045275817,1.8667770233016656,0.1258751315198584,-0.4498234253593715,-0.1291989894723468,-41.48480522526497
11.021688506234469,2.0153363710601693,-0.02,2.307702439304325,2.1546797538433937,0.0116901404601367,2.784038407352057,0.147827193400648,-0.4500327968562372,0.0400956386781492,-41.50190169397585,0.0,0.3553061452897619,1.298462873078111,0.0,0.036932352476721,1.8331169934634144,0.1259882696158442,-0.472232598481405,-0.1323410985589329,-41.70842241985445
11.040119423468974,2.022266469976189,-0.02,2.402323376340044,2.205700414171212,0.0247353401167091,2.633076083900012,0.1478151623024855,-0.4467597097498043,0.0357469444548188,-41.677470583613584,0.0,0.3294972912884871,1.249957132707976,0.0,0.0409642572251145,1.8683609047409668,0.1258560620537125,-0.4787399760029972,-0.1335840754487069,-41.90978569352054
11.058550340703482,2.035907557069269,-0.02,2.1402703588168883,2.226449215860652,0.0097295889524343,2.558621509072548,0.1478668920614174,-0.4379576371693738,0.0294519673749398,-41.84707485843517,0.0,0.3155550989501987,1.3319183141726254,0.0,0.0420833907088962,2.0556784167336333,0.1258641512399403,-0.4670548570462455,-0.1335164336300042,-42.10769527344231
11.076981257937987,1.9902268513788104,-0.02,2.183914541608047,2.179460337446759,-0.0014354764548607,2.4979733078666326,0.1478135462947526,-0.4342893206070144,0.0302909780321574,-42.01187376547955,0.0,0.3467659591388495,1.3978787887243829,0.0,0.048622802424994,2.1699330761069926,0.1258017741214953,-0.4762023475532648,-0.1331593428845544,-42.287254358830936
11.095412175172491,1.877443426453956,-0.02,1.996718578390288,2.087619341505692,-0.0080631862878821,2.2273334355105465,0.1478623558275208,-0.4291415306176329,0.0290188615615044,-42.19540145276913,0.0,0.4053863799502672,1.5105805739621576,0.0,0.0575381244720628,2.210329479439588,0.1257786451153499,-0.4810252270305645,-0.133017726083663,-42.48410799346484
11.113843092407,1.981514795529656,-0.02,2.1520912384067694,1.9610579115820577,0.0140663400996082,2.2525538515253674,0.1479435633240454,-0.428693872203005,0.0286776494978028,-42.406887048367366,0.0,0.3811542783404838,1.653684315226594,0.0,0.0532959022599143,2.094647750439862,0.1258158731320006,-0.4853483738672777,-0.1413664646299685,-42.7064933189215
11.132274009641504,2.035730244872501,-0.02,2.032422608712422,2.1761802974687354,0.0198214692167952,2.176199656556363,0.1480108328146119,-0.4259702010298534,0.0265172803083954,-42.59180967674687,0.0,0.3304881626321151,1.7414416734683478,0.0,0.0532418589354105,2.033314156000321,0.1258384581646952,-0.4850430514511755,-0.1398284239440288,-42.89926461589417
11.15070492687601,2.078565162074052,-0.02,1.927365866936846,2.2831479172757847,0.0122588725117124,2.050774278934266,0.1480429436555693,-0.4174778053586431,0.0270378039651685,-42.778661737387154,0.0,0.2986458969970461,1.7629840901953344,0.0,0.03743262579882,2.100184984015846,0.1258868174304059,-0.4867837593078987,-0.1354873323442236,-43.07004276961273
11.169135844110516,2.1821253483633605,-0.02,2.1182611504702056,2.2797041201881822,0.0092082954996417,1.979694545999524,0.148061012687711,-0.4094012197997377,0.0271460311752197,-42.97645650587885,0.0,0.3275082007761331,1.8849165147731253,0.0,0.0417193232330819,2.1033089490682344,0.1257749538011748,-0.4835960417781156,-0.1298829261817422,-43.27964764781722
11.18756676134502,2.14792873593297,-0.02,2.18583717825984,2.235038165723381,0.0024086241595483,1.9961868504127436,0.1481869961493795,-0.4080038605364385,0.0270992545870859,-43.17529782529565,0.0,0.3380854026530301,1.8606733627015992,0.0,0.0448936927635732,2.200472072198654,0.1257296482542662,-0.473198673972854,-0.1264383377182571,-43.47743502129756
11.205997678579529,2.103152074864256,-0.02,2.0117780465218664,2.069294937611099,0.0021709055454247,2.2316260928662257,0.1482174943776375,-0.4105359740802471,0.0249009087131483,-43.3670134212064,0.0,0.3686001540306157,1.822300730254012,0.0,0.0311720333969095,2.1466045220290484,0.1258247308288515,-0.4709606213956063,-0.1296459528218036,-43.68992767540669
11.224428595814032,2.021302588322692,-0.02,2.108135369999165,2.055502251393152,-0.0003502464504743,2.527438997252433,0.1481965521610646,-0.4104851335061915,0.0182767611804735,-43.55878461095095,0.0,0.3548423727007216,1.8339328956517544,0.0,0.0289192219783957,2.1087482874914976,0.1259085241322499,-0.4907944705855597,-0.1202183704612208,-43.87909470368571
11.24285951304854,1.9674508552555048,-0.02,2.394159824558886,2.075068801709277,0.001112342295582,2.4518234905392817,0.148220824818153,-0.4109729796928821,0.0092659386228073,-43.75259627925516,0.0,0.3288399531027689,1.8891615816207297,0.0,0.0221368113726482,2.0842635245739225,0.1259590804636996,-0.4951126863488845,-0.1076551471683609,-44.03691380957893
11.261290430283044,2.0543676667837,-0.02,2.490725179272926,2.182644289214435,0.0048190124737918,2.555509548757051,0.1482208961938039,-0.3993218610686675,0.0058831941431249,-43.93032233139082,0.0,0.3059856222987422,1.9745486473245015,0.0,0.0285052480058022,2.131161084832913,0.1259505783602306,-0.4951474293066685,-0.1034377709639394,-44.200340224490624
11.279721347517553,1.9594993080013827,-0.02,2.5858416721006185,2.267995579634748,0.0082277565291692,2.707537835166874,0.1481467940525602,-0.3924755424833296,-0.0006571606997942,-44.09915583802948,0.0,0.293989369968311,1.9714387534619773,0.0,0.0224910474848175,2.284878240950049,0.1258774261431396,-0.4930061780486902,-0.0925916957538217,-44.37054383384588
11.298152264752057,2.059037299815487,-0.02,2.7746833324741087,2.0710191282391808,0.0028530337245295,2.6143900351357807,0.1481892802044013,-0.3867596255045616,-0.0108782014295846,-44.2740118119962,0.0,0.2892484485231436,1.9753669497424893,0.0,0.0342061061193411,2.290376164768021,0.125860579171733,-0.4999135192414918,-0.0824348244958687,-44.600344869654585
11.316583181986562,2.0928990907356027,-0.02,2.9507344514139704,1.9874309329855548,0.0111771328173607,2.5914162568863826,0.1481945530253316,-0.3950274610351562,-0.0356236170037735,-44.46610877218203,0.0,0.2752534536931459,2.155739351105464,0.0,0.043609527179525,2.1659289119827703,0.1257998655115114,-0.5095874403735702,-0.0615801700649921,-44.81249373627684
11.335014099221068,1.9049362781093493,-0.02,3.00918371592275,1.9565005795374284,0.013099768188382,2.589851016496675,0.1482235461190079,-0.3930218250467075,-0.0560121638428744,-44.660672295557134,0.0,0.2690755358848551,2.080896665843844,0.0,0.0390711060682341,2.1895172878507068,0.1258351019432126,-0.5149317366674608,-0.0444219007270006,-45.01155902935739
11.353445016455574,1.8286407911510736,-0.02,3.205285329232302,1.9350579460540929,0.0311895179342487,2.752262354375135,0.1481574412582712,-0.3775402445627151,-0.0674781196042823,-44.82488704667399,0.0,0.2567422300224609,2.0573920553496627,0.0,0.0284888311179644,1.8969300171451728,0.1258060526310697,-0.5308670528734433,-0.0380241529529976,-45.21081462839116
11.37187593369008,1.7667031597112608,-0.02,3.391011506001387,2.0082827790188973,0.0165055814956762,2.5921565593101774,0.148135542200099,-0.3697752843788783,-0.0699862837409562,-44.992259824645714,0.0,0.2757837012835507,2.0385215967071004,0.0,0.0497036571465935,1.7372759827165825,0.125864269942349,-0.5400430510330699,-0.030761553455177,-45.39588879645626
11.390306850924585,1.7865555074164632,-0.02,3.6690721595594216,1.8970175377430687,0.0308678230832455,2.29381997980062,0.1481465535951429,-0.3512152946609091,-0.07022462043518,-45.16276367296233,0.0,0.2796340994539039,1.999450224283232,0.0,0.0334813415884689,1.6877561278232678,0.1257456331357886,-0.5432942431222524,-0.0243929806909126,-45.56257485777095
11.40873776815909,1.9876638614673643,-0.02,3.654754234009431,1.9144968677181933,0.0257184605457126,2.3632474138288466,0.1480747142019925,-0.3514638468776678,-0.0750620050781101,-45.33820032173947,0.0,0.2487967980107269,1.8429179229606376,0.0,0.0435650372518738,1.689528978040859,0.1257328465503241,-0.5433033124266199,-0.0208791565138532,-45.76563568493859
11.427168685393598,1.8856911862421195,-0.02,3.670875025910153,1.9962629731555976,0.0314045244270938,2.49297200492085,0.1480028150005655,-0.3612832789389193,-0.0816040870558823,-45.521933227921984,0.0,0.2287544995263976,1.720770693871868,0.0,0.0411687464091819,1.7440924654416727,0.1256956890352811,-0.5377036407558606,-0.0169624705078236,-45.94412894267207
11.445599602628103,1.9523090501490663,-0.02,3.479569642695056,2.1262707043475384,0.0224298492941584,2.450601578424956,0.1480380322208049,-0.361304434471697,-0.0905816342274714,-45.69718235027177,0.0,0.2386476959352733,1.7538607137722793,0.0,0.0384826467873618,1.6162755363940127,0.1257098951415938,-0.5426298967815877,-0.0189932470985017,-46.12289269850422
11.46403051986261,1.8472153261527784,-0.02,3.5655769109461937,2.2563473241316867,0.0088693358745364,2.6651155081096944,0.1479022583114033,-0.3646580243792714,-0.1127615219842079,-45.87862454391048,0.0,0.2906351303844749,1.6999283292096479,0.0,0.0440079060497425,1.6469199914715276,0.1257042301260515,-0.5359931921144216,-0.000131630948849,-46.32247834611919
11.482461437097117,1.7884522294706358,-0.02,3.4901021062864017,2.2957527104645403,0.0133874476281685,2.752773903344633,0.147841318912575,-0.3507251711983901,-0.1345582748950089,-46.02748150660368,0.0,0.2926044724556133,1.4799620207077613,0.0,0.05700384743667,1.7291264660159313,0.1258089873709804,-0.5401463444045543,0.0205553156885134,-46.51203936528817
11.50089235433162,1.9312761798562608,-0.02,3.5384513667124424,2.382147496677099,0.0076938410979071,2.689193287662413,0.1478045366867839,-0.3389822375315222,-0.1417905725949631,-46.18325892904391,0.0,0.2887176092415767,1.4312764645424074,0.0,0.0466293119524469,1.7853078195490069,0.1257865505776531,-0.534286367691542,0.0252552748741366,-46.66556700657604
11.519323271566126,1.9836242208727488,-0.02,3.214280735012899,2.380638022340396,-0.00493197897203,2.387597929028892,0.1479444489322743,-0.3397017583619263,-0.15200201178849,-46.32245265328255,0.0,0.2863804003942116,1.4529517679765214,0.0,0.0611760834368473,1.886632114512062,0.1258211911794803,-0.5309603296355346,0.0356056210250893,-46.80788878007123
11.537754188800632,2.053131473846242,-0.02,3.2610688539495314,2.334758147423877,-8.541893156207431e-05,2.476860641304059,0.1480143702655213,-0.3326630908930255,-0.1674201053436863,-46.49345599306029,0.0,0.2512969377721679,1.484887365364892,0.0,0.0539253113775823,2.0206886718852046,0.1257360393279517,-0.5314505092545291,0.0481587924694321,-46.951619034087166
11.556185106035135,2.003966361044349,-0.02,2.9534131729363984,2.4264683165181262,0.003732797284372,2.483141650129779,0.1480451486095328,-0.3378613742825597,-0.1759401085077185,-46.65695276453816,0.0,0.267879492030474,1.5414033320267588,0.0,0.0621029587046493,1.979715623194514,0.125716742842194,-0.5412501923072268,0.053853492825071,-47.110886933315584
11.574616023269645,1.9119413927500304,-0.02,3.03137735649247,2.4848180084395173,0.0327490821021092,2.5438756862606584,0.1481091393988069,-0.3459154373511093,-0.1819568780722168,-46.81984793828406,0.0,0.2946266198302604,1.5842385181522165,0.0,0.0515578757850811,1.9732124617582347,0.125628178763979,-0.5454191499615696,0.0592645593683108,-47.26210280380131
11.593046940504149,1.9788949600664,-0.02,2.735162984659574,2.360755592526205,0.0327187029420278,2.58250534627654,0.1481444462308572,-0.3461334550979457,-0.184044470870539,-46.9518418621813,0.0,0.3221204543891066,1.621721632530316,0.0,0.0596513694748022,1.891721648524292,0.1256662062598216,-0.5482549373729334,0.0647536054712233,-47.407541807979925
11.611477857738656,2.035387773194988,-0.02,2.8780757245208544,2.298807977650856,0.0106719149498231,2.5736956169682186,0.148173155621304,-0.3429527014638771,-0.1838268086731789,-47.08488493345661,0.0,0.3452753214204787,1.7062320720839823,0.0,0.0664595056995957,1.9775528185220888,0.1256755422075778,-0.551049339228633,0.0716963954310934,-47.54112954982613
11.629908774973162,2.1587867882175926,-0.02,2.6012101182374354,2.3626590365219786,0.0183060710407298,2.496555337166668,0.1482103223500079,-0.3412913761239636,-0.1828558108203365,-47.25483855331142,0.0,0.2956347574019181,1.7023445348931883,0.0,0.0576435130009111,1.8891398181545485,0.1257134197760042,-0.5568068022837682,0.0731654450046238,-47.67011733343083
11.648339692207667,2.134983570873741,-0.02,2.866733219510176,2.457776263810942,0.0261949858548837,2.290287841012977,0.1483363529402545,-0.3490004822131231,-0.1955521789394391,-47.40052446645648,0.0,0.3462961100418826,1.709329845489848,0.0,0.0611380027349773,1.889199967644596,0.1256452596272037,-0.5552321247198033,0.0778949433954915,-47.823476740374005
11.666770609442173,2.2051285724304632,-0.02,2.8077390923157455,2.424697403636798,0.0231330368034752,2.3172680859316706,0.1484474267359318,-0.354735391955199,-0.2089418557564966,-47.534700922348,0.0,0.3190232837694092,1.8236615338416928,0.0,0.0771400059483602,1.79002860393008,0.125620411717392,-0.5620496257057503,0.0918664402885781,-47.97548268665979
11.685201526676678,2.218795145014289,-0.02,2.854914689417669,2.5178771748937154,0.0324670129256406,2.2227545174987258,0.1483955182234175,-0.349102834906126,-0.2248612006738137,-47.688866032795126,0.0,0.3437274376881356,1.742191886091585,0.0,0.0682247701258444,1.8200071508984204,0.1256454648568073,-0.5654683699351233,0.1055252215806327,-48.13624859657274
11.703632443911184,2.239981656003902,-0.02,2.467574072558514,2.555507519287655,0.0291407558763752,2.2790427119113006,0.1484105771679964,-0.3482956839216449,-0.2347415130905355,-47.81768132716575,0.0,0.3471958676256243,1.8310945517512256,0.0,0.0687718744156336,1.9109811162676935,0.1256082480401993,-0.5682169874190761,0.1083853530330193,-48.277120411465056
11.72206336114569,2.287867602087014,-0.02,2.562776179052788,2.482907279401079,0.0210442469632015,2.3737068805271493,0.1484208714434545,-0.3369784219556416,-0.2460875275218537,-47.94719162162084,0.0,0.341967944599954,1.7654256882154462,0.0,0.0720434573921999,1.8754257272366344,0.1256394777572248,-0.5662326729878262,0.109931490295621,-48.4067142249186
11.740494278380195,2.2256854676776783,-0.02,2.598321535485161,2.486872886232656,0.0036142976125451,2.1596770019347327,0.1483990922548662,-0.3172951517427798,-0.2466985717142836,-48.07219316249861,0.0,0.382492654021503,1.731841834022261,0.0,0.067806362767506,1.8451406897718243,0.1256863378835145,-0.5714191782343347,0.1274536709521617,-48.54953480513409
11.7589251956147,2.143380592085414,-0.02,2.8430601912729423,2.3583719133774808,0.0070320695810416,2.261770822907345,0.1483909922248714,-0.3064632842783928,-0.2509511889276926,-48.22205205384661,0.0,0.3880777910349191,1.7649211529340605,0.0,0.0555737021049254,1.7824408985895388,0.1257337321539248,-0.5701591116319825,0.1406929833354798,-48.65740790361024
11.777356112849208,2.1685519151247337,-0.02,2.793785426254205,2.311492617202127,0.0161969623352781,2.2125200164467618,0.1482966215198751,-0.3114278584470207,-0.2609703453677388,-48.35822611275211,0.0,0.3434290232257261,1.7854929752430733,0.0,0.0526431880352564,1.647008187929025,0.1256743773131873,-0.5698239779162303,0.1460754525559781,-48.79263903690251
11.795787030083712,2.2396758223867086,-0.02,3.0464503629632422,2.177671456513212,0.0069353258496463,2.116399085063742,0.1484140732979263,-0.3184616246724846,-0.2696266349053351,-48.475606579833645,0.0,0.3567120833818146,1.6894210849685525,0.0,0.0650340823731007,1.7022200593473513,0.1255598768662726,-0.5725656273971419,0.152141876744476,-48.93682721402752
11.81421794731822,2.3548200132417763,-0.02,2.90687289601734,2.2026992878363254,-0.0015193499410161,2.144271665765676,0.1483392690161893,-0.3147662299428207,-0.2757600048185171,-48.583171869462,0.0,0.3037443036617743,1.825973586051358,0.0,0.0521139584648523,1.775262307514948,0.1254862440278848,-0.5783248206022216,0.1569236253495055,-49.06690988331503
11.832648864552723,2.238818186837962,-0.02,2.785433942086218,2.22411002215276,0.0194678607165983,2.217483507296913,0.1483076767187466,-0.3118462987485245,-0.2784497440376775,-48.70652860458696,0.0,0.3400148666257035,1.7908202354209413,0.0,0.0500835486873571,1.8419273580380977,0.1255754605239024,-0.5792519533224025,0.1594785115500122,-49.20290259933177
11.85107978178723,2.192831319947828,-0.02,2.875385240988581,2.148700545597192,0.0221870917606498,2.480045755997984,0.1482815959980566,-0.3166240567602184,-0.283180730057984,-48.82000785349598,0.0,0.3571148885127617,1.938103320579228,0.0,0.0367575835309924,1.86605295378475,0.125491130408361,-0.5867104751845084,0.1669163247452494,-49.30908328349445
11.869510699021736,2.1700300322389285,-0.02,3.1155776337486016,2.1231230630832805,0.0444440774193916,2.3629667713969087,0.1483341523944382,-0.3165296079477169,-0.2874954850372763,-48.94026812121934,0.0,0.3704410897008765,1.951163212386464,0.0,0.0372529504066335,1.7489126043010297,0.1254973789006798,-0.5844271714195981,0.174283022365761,-49.39319341511078
11.887941616256242,2.1499748063353743,-0.02,3.1982445373833013,2.175511283932564,0.0514366419905033,2.354475809012148,0.148246525579503,-0.3179909832131871,-0.2947284473288018,-49.03818285934178,0.0,0.3882730793359772,1.916377838352908,0.0,0.0402549936045388,1.756307254126976,0.1255236068032817,-0.595838992443927,0.1745879317162719,-49.49517000912984
11.906372533490748,2.260588934833892,-0.02,2.8850210003256187,2.0239179641849945,0.0615826034272029,2.582846264062323,0.1482904508138668,-0.32352984657824,-0.3039550078357322,-49.14301773450311,0.0,0.3210509091587883,1.9423806905969192,0.0,0.04714176075716,1.7339640632192586,0.1256067016008381,-0.6004282590347919,0.1730214457296564,-49.605572843636864
11.924803450725252,2.4688094595086487,-0.02,3.070149833087246,2.086327853634113,0.0619468887368017,2.416409889779185,0.1483355458207917,-0.3247690801312376,-0.3154262004965488,-49.23680628348129,0.0,0.3207513055240843,1.895734906214411,0.0,0.0639854096708398,1.7118197451651032,0.1254292688017691,-0.6109997151117416,0.1715132010752861,-49.73460125260007
11.94323436795976,2.300172296405516,-0.02,2.9637015549966907,2.016819013629238,0.0827434220095955,2.4988662266768142,0.1484727533286569,-0.3155061953818223,-0.3181494146145314,-49.33554481958685,0.0,0.3169233405901291,1.6697383365756246,0.0,0.0659520640430403,1.8583983465751952,0.1255290795254563,-0.6106581072092272,0.1726547791505092,-49.831874386954375
11.961665285194265,2.0390989116749827,-0.02,2.7474395234917295,2.009580019953296,0.095810018279267,2.6137975800186286,0.1485108105485815,-0.3102692127942105,-0.318076434419336,-49.42445382107677,0.0,0.3191961979522578,1.7085818163625268,0.0,0.0581376003997068,1.892188955611645,0.1255317189893338,-0.6090993290937858,0.1728001643399481,-49.92982355917966
11.98009620242877,1.8947712513371835,-0.02,2.7207376954698,1.706982533299474,0.0887422102990351,2.5593656580056066,0.1485790942777458,-0.309025036874013,-0.3247167011337374,-49.52822774579575,0.0,0.307153732186318,1.5395777647268012,0.0,0.0645224056007643,1.7562265325523685,0.1255641941402211,-0.6020728293129826,0.1819569003959115,-50.02093218774532
11.998527119663278,1.9367893997311865,-0.02,3.0334717168584446,1.7114899956180478,0.0801772425089664,2.5219342231720856,0.1485186213808773,-0.3103893499265275,-0.3330491940959632,-49.60519147406913,0.0,0.3081233402804752,1.49301549776758,0.0,0.0543564918304189,1.6547542080142321,0.1255148437069967,-0.5953270625508233,0.196653963830361,-50.114651018857465
12.016958036897783,2.1125372549799453,-0.02,3.06179785610674,1.728646166238538,0.0725249009389203,2.4543393906437547,0.1485045355793197,-0.3029041433929526,-0.3414300799886851,-49.67206955384592,0.0,0.2423779276050776,1.3162050388521602,0.0,0.0500688920769717,1.7793348518394154,0.1255214869194317,-0.583481163803607,0.2137760682431995,-50.20642944332167
12.035388954132287,2.095107614250309,-0.02,2.9583001923464862,1.6699227982749285,0.0692451952507682,2.502999214388781,0.1485419414786387,-0.2814950251983504,-0.3470489627728728,-49.76153052488695,0.0,0.247800947530289,1.3296733576879458,0.0,0.0368650547879172,1.7697231437236718,0.1254622118282249,-0.5842203660727295,0.2170126083175362,-50.310261014915554
12.053819871366796,2.2084207553541644,-0.02,2.8444073349632917,1.6353811723657337,0.0694116308948619,2.481808926871668,0.1486010351863476,-0.2722434839685629,-0.3515000771688681,-49.86352862586571,0.0,0.2027005431416101,1.3224474446338157,0.0,0.0254025047321922,1.6730809448738964,0.1255027731637727,-0.589511303638956,0.2172904204193416,-50.39568304064815
12.0722507886013,2.183759280589004,-0.02,3.1175655534265942,1.661630298372472,0.0546211921061656,2.260103116227405,0.148601732805554,-0.2695692494103504,-0.3592434929904731,-49.96371185420574,0.0,0.2225477993564303,1.3798220480496741,0.0,0.012845240727311,1.7402616051874513,0.1253875775582169,-0.6019493265143026,0.2187617186418624,-50.45923753474836
12.090681705835806,2.0800332825395405,-0.02,2.7745470357154267,1.7885054302635723,0.0422880037596026,2.197752126189828,0.1486399137264884,-0.2755431662476723,-0.3621692799073554,-50.04464325559288,0.0,0.2005357302102834,1.3353661094196487,0.0,-0.0105882681506992,1.7473969288049396,0.1254724252969557,-0.6025440266962608,0.2299000565555786,-50.54886755091875
12.109112623070311,2.176231128718796,-0.02,2.9320291640999434,1.91779879514201,-0.0004164146083158,1.963467655582943,0.1486527953915849,-0.2831425194877944,-0.3636979147160716,-50.095193825427366,0.0,0.2155454495353546,1.4556332332070363,0.0,-0.0068449786055356,1.6736346702433493,0.1254172459653311,-0.5980931884930004,0.242699135948338,-50.63810964525396
12.127543540304815,2.354475122662949,-0.02,3.0187586002323776,1.7916733255059951,0.0022864068946191,1.8141021499527223,0.1486348987243108,-0.2859888763377049,-0.3676180427918825,-50.15629130758308,0.0,0.2032469565692544,1.5336066198786718,0.0,-0.0073442765986205,1.6877487836881235,0.1253737288305002,-0.6026532154959693,0.2450896267522886,-50.7020272659086
12.145974457539324,2.408036002236703,-0.02,2.94774317495478,1.89015484064464,0.0054516302713906,1.8193423723373392,0.1485999009469228,-0.2898499583981062,-0.3669800117516707,-50.23207645280859,0.0,0.2145730202009516,1.655196833557829,0.0,-0.0092659835607489,1.7672795395014191,0.1253188510432138,-0.6029130506314995,0.2462641007569423,-50.77203139700472
12.164405374773828,2.3869824667314945,-0.02,2.593064031634533,1.8823502873239544,0.0065309036559078,1.8658849008091831,0.1486923480858944,-0.2882847197454171,-0.3638805840583875,-50.331289973231,0.0,0.2012742177898886,1.605225679036484,0.0,-0.0027024768230443,1.9145509671405527,0.1252900614227054,-0.6033301999138081,0.2524855178276084,-50.853108311393
12.182836292008336,2.343356774913768,-0.02,2.536935604131084,2.041597948661369,0.0146375535092735,1.7643339262709372,0.1487712472318187,-0.2789611028652767,-0.3691347544942643,-50.391187022699626,0.0,0.2561952581366277,1.8282987810946951,0.0,0.0196911984506048,1.906202464416804,0.1252860890416245,-0.608833920924102,0.2603771272457103,-38.99626905765409
12.20126720924284,2.318949175668476,-0.02,2.4730346701369696,2.028258710661724,-0.0025165658830552,1.8170025080299328,0.1487710155023405,-0.2861919429693208,-0.3771383144734428,-50.44961556521066,0.0,0.2507342758495336,1.7106657882020515,0.0,0.0272687275092709,1.8099034200630095,0.1252393242126841,-0.6137127318974326,0.2633751854798947,-22.62601238044259
12.219698126477349,2.347803165937854,-0.02,2.5031563380103425,2.0902656442144445,0.0044328088585255,1.7180011984598187,0.1487893274891317,-0.2798798861302414,-0.3779040897604465,-50.48949186849915,0.0,0.2707325105918352,1.8027561293408327,0.0,0.0392525503867952,1.8750977945866447,0.1252664367658418,-0.6164872154474216,0.2594258254544584,-24.29017696625608
12.238129043711853,2.3064311115177967,-0.02,2.3537463027810004,2.157899741133933,0.0129256491941712,1.783774173490232,0.1488075559254323,-0.2790676484411369,-0.3786156381432303,-50.54596489898241,0.0,0.2756459640491258,1.7255127354173598,0.0,0.0476607586674957,1.8474613894577376,0.1253259488592594,-0.6088036937855241,0.2558488855370107,-20.970504011306325
12.256559960946358,2.3151973763055813,-0.02,2.5616686310084726,2.170463593389817,0.0344804468595914,1.942766972132011,0.1488076957262556,-0.2806769117103647,-0.3823738822410706,-50.60319459630529,0.0,0.2767241133609683,1.7620534421519538,0.0,0.0656403682550411,1.8531525124455,0.1253242603693022,-0.5987163220466029,0.258049295949625,-16.04359637619549
12.274990878180864,2.4275973496590746,-0.02,2.3772285055583287,2.089326673258056,0.078406643571908,2.384991822662902,0.1487101042158357,-0.2802281295606795,-0.3835444699736007,-50.66135418050127,0.0,0.2930474987975749,1.7627413661052411,0.0,0.0600308811058308,1.7571938204201851,0.12530852490129,-0.6072262041256657,0.2591492411519837,-13.073604786103925
12.29342179541537,2.290899881652973,-0.02,2.2421535921959013,2.356948021587603,0.0828579342496178,2.600840782994688,0.1486850736971204,-0.2758578462483368,-0.3807656736504607,-50.72637239531981,0.0,0.291683315742584,1.7908312143399543,0.0,0.0583503360748014,1.7664154828040717,0.1253739386867768,-0.6026865071152901,0.2607419510762467,-9.187003312838378
12.311852712649875,2.2904611391079657,-0.02,2.1089043218340926,2.3611684327639764,0.0948702637974971,2.542079303905705,0.1487274631037579,-0.2787828712551125,-0.3665950128680272,-50.76512810518559,0.0,0.2976196198940729,1.786525505498935,0.0,0.0537111175677482,1.8402226778899753,0.1255560326566484,-0.6089008544845552,0.2565386601150762,-12.567138067059002
12.33028362988438,2.16677963362306,-0.02,2.123897931937952,2.3759520422903515,0.0938750520539511,2.634963982637156,0.148696204474955,-0.2781455926927006,-0.3555951804556563,-50.81291877641012,0.0,0.3058085251497124,1.8320973263715283,0.0,0.0474860038254229,1.84216924289245,0.1256716111787268,-0.6149615319120614,0.2510998069215629,-11.187301968975143
12.348714547118886,2.093866995068202,-0.02,2.145265671345532,2.162255018920088,0.0974414147887742,2.8251961269119072,0.1486475874065654,-0.2916803242132049,-0.3473504803056769,-50.87303175632446,0.0,0.2767440508860878,1.730967191038018,0.0,0.0378242119043549,1.7177023098950783,0.1256951911179744,-0.6167220667903357,0.2446432299606638,-13.368887449217624
12.367145464353394,2.1171099462463685,-0.02,2.3412153302908143,2.400362572411745,0.1018195601757341,2.6447790319848767,0.1486795602890812,-0.2848463091540199,-0.3421496655308978,-50.93360344622708,0.0,0.2684972300879578,1.72314895621931,0.0,0.0360351879112122,1.849368748204015,0.1258330551767718,-0.6057896195728513,0.2302773495042571,-13.537300191385512
12.3855763815879,2.132795564527142,-0.02,2.4152855166189666,2.2044526625101053,0.1008077960524389,2.6753371917623627,0.1486493715320246,-0.2887266442459781,-0.3374861565416222,-50.97812160839991,0.0,0.2576444601983184,1.7188095086940454,0.0,0.0382128830893958,1.8756058521866656,0.1258130702568973,-0.6066834707373023,0.2183815355532397,-9.894221366270283
12.404007298822403,2.206868676978604,-0.02,2.639550129234588,2.270361628333544,0.1166992429377933,2.5836338167166075,0.1485586142114395,-0.2866547131098231,-0.3293720887611567,-50.99206791860576,0.0,0.2488201903674099,1.7215058225175366,0.0,0.0549169128726592,1.771401031937697,0.1257670565378458,-0.6023201978638487,0.2176716615756411,-11.9804216083847
12.42243821605691,2.1160161521918783,-0.02,2.6843199918835787,2.210473993962298,0.1076001725372408,2.556770861077317,0.1484856120018726,-0.2800542762995968,-0.322519894458817,-51.02658820275845,0.0,0.2550948285154381,1.7282481910214305,0.0,0.0360363029166706,1.9263938889293275,0.1258152510526911,-0.6003186634861967,0.2110127831418058,-8.176705434600798
12.440869133291416,2.047987878911283,-0.02,2.7234581671634124,2.305100727616044,0.0902776908478698,2.425257776373756,0.1485433090440489,-0.2734215912391557,-0.3123375268712791,-51.075860081386885,0.0,0.2522951024141385,1.6818125500713033,0.0,0.0304986746496659,2.0734671564100338,0.125840525300735,-0.5928149652914607,0.2098705393326474,-8.056484302951471
12.459300050525922,2.2697376818941635,-0.02,2.686279101605712,2.294063077558782,0.0742249591454727,2.2815543470587354,0.1486160919706208,-0.2802174028300757,-0.2957771857872118,-51.10905892032277,0.0,0.265197034008013,1.6660935613022927,0.0,0.0163875496098047,1.955884553556152,0.1258296886061296,-0.5919652020687564,0.2003165077055602,-9.30382541684502
12.477730967760428,2.298164778896744,-0.02,2.8037056553884105,2.306359064344872,0.0596764714875529,2.3795693619795815,0.1486137561373383,-0.2773700814805342,-0.2877093352453704,-51.156794560595,0.0,0.2640778599316409,1.6804704361662892,0.0,0.0135480616532342,1.8257368785628023,0.1257401214223192,-0.5877493161752257,0.1931394591868622,-8.544228167249601
12.496161884994931,2.308624674546291,-0.02,2.6728300538376986,2.177463795519736,0.0693222702858721,2.213347569757944,0.1486062799167568,-0.2770760516262981,-0.2839330029031802,-51.21658336847111,0.0,0.2979906219623187,1.7292545555128467,0.0,0.0269324737585057,1.8265413618568256,0.1257076666656036,-0.5942138202460867,0.1838602772352615,-9.500884204329743
12.51459280222944,2.3699570283830984,-0.02,2.630566233352888,2.0913447625715103,0.0708263324997341,2.134463717871405,0.1486656871855993,-0.2657164176100612,-0.2841906105166317,-51.27334319246109,0.0,0.334947989499837,1.687167740529725,0.0,0.0304997716829699,1.9643215536228864,0.12573532659209,-0.5973304918669942,0.1769078873421728,-6.168161358003674
12.533023719463944,2.310023283150548,-0.02,2.832271877228257,1.904493165978606,0.0562408095149843,2.33461291268855,0.1486321813975885,-0.2551129298256507,-0.2852200048686626,-51.29821163854543,0.0,0.3613906029769314,1.7132833883993905,0.0,0.0329948595956392,1.8475797518517367,0.1256571724504736,-0.5948723162152577,0.1677551352088115,-7.568111800774858
12.551454636698452,2.328014871165684,-0.02,2.685517470167522,2.004335989665641,0.0338768985981178,2.4135150245316903,0.1486792541215003,-0.2515576026327438,-0.2846168828105195,-51.34425292775552,0.0,0.3730589251363811,1.6517269568321167,0.0,0.0137291610262429,1.8218393910258663,0.1255388021123009,-0.5883520214135864,0.1645508824006394,-7.933571321724405
12.569885553932956,2.392907189005379,-0.02,2.391707734512479,2.030657612643264,0.0225583182500971,2.646728869685976,0.1487570903003586,-0.2508518402638347,-0.2851625590658984,-51.4180336094728,0.0,0.3737130049828639,1.6273093460240615,0.0,-0.0177352067249841,2.061760414189635,0.1255641444482051,-0.5897051736099469,0.162604017625431,-10.562009559312726
12.588316471167465,2.38338648269675,-0.02,2.476495438436588,2.1167303934464314,0.0175580783885799,2.5405867733653498,0.148747291056563,-0.257929187393028,-0.283212856377439,-51.46560761700592,0.0,0.3917026719077496,1.5812239107583357,0.0,0.0044387058391323,1.9394961200197172,0.1254886767967009,-0.5954696311662291,0.1623334356549922,-15.996841418596055
12.606747388401969,2.310377550618174,-0.02,2.484341124050804,1.9357380783664773,0.0182345031223919,2.4457192060624005,0.1487511213470262,-0.2708340569632082,-0.2769925303314947,-51.51000634684258,0.0,0.3859654534403136,1.6378943061288223,0.0,0.0024990138888902,1.951899885906072,0.1253460487290661,-0.5926728188942689,0.1630451607235037,-18.200471907969924
12.625178305636474,2.220491191800135,-0.02,2.6634666738361186,1.7253639716216491,0.031760041474312,2.6011985241967017,0.1487276813079353,-0.2785488345803588,-0.274859049384112,-51.53461143953937,0.0,0.402193175854365,1.6533081323766947,0.0,0.0097255659460233,2.088095603788731,0.1253916453102833,-0.5964356156389518,0.1635594820313882,-17.557135139411546
12.64360922287098,2.237754587205112,-0.02,2.726601648818024,1.769042714723618,0.034238210512203,2.646682738047222,0.1487275293360529,-0.272073095260371,-0.2750017537606722,-51.584367223019306,0.0,0.3901879815712159,1.6476374955771729,0.0,0.0343990265930137,2.105798889591388,0.1253532019455973,-0.5944826002384767,0.1646301708533553,-16.162367852705646
12.662040140105486,2.367656711543712,-0.02,2.758560567984224,2.0078600428216404,0.0359099595375916,2.786373557472613,0.1486918189382078,-0.2677395562123985,-0.2700659816091494,-51.59969933720727,0.0,0.379461043739225,1.5349158655926016,0.0,0.0182283514250077,2.0011502586476086,0.1253181326160435,-0.5893626803963189,0.1596891071759883,-16.9099910339514
12.680471057339991,2.314283368245807,-0.02,2.7706940530784743,2.0712405502775155,0.0355780910830184,2.8626919878851926,0.1487434623704328,-0.2565878373419196,-0.2636776393994602,-51.65064727560559,0.0,0.3590985446290129,1.5518331152199292,0.0,0.0224420099954635,1.8642919713094384,0.1253222465366391,-0.5872496621434005,0.1556387434136055,-18.94727285250132
12.698901974574497,2.46687643768808,-0.02,2.36644913976834,2.170177459684965,0.0485916307996544,2.8177435179440486,0.1487212023129894,-0.2584044463863666,-0.2580426065202524,-51.68615044642242,0.0,0.3111399862643417,1.5547202802424505,0.0,0.032381207610581,1.8973033491715376,0.1252372413565493,-0.5907289889052612,0.1559683446512063,-18.989125211520072
12.717332891809004,2.1925069336478176,-0.02,2.465713073219159,2.2484128121875573,0.0484932401991213,2.783863249171915,0.1486929252644221,-0.2552825697395262,-0.2548979794261807,-51.71489711106524,0.0,0.323803589267355,1.6374474803465155,0.0,0.0332917935849368,1.927129025280192,0.1253323851861829,-0.5922269164375342,0.1553367194345528,-21.27946646328217
12.735763809043508,2.140659894482886,-0.02,2.499465554904696,2.168806283390992,0.0260879656662995,2.7353699539416234,0.1486464599980197,-0.2546243522820885,-0.2533997733057266,-51.779143721270216,0.0,0.2985016488509096,1.7116134803146241,0.0,0.0532804073063424,1.9261113606643976,0.1252907929456708,-0.5908565443523953,0.1550597671771759,-21.254729824587088
12.754194726278016,2.314894964303223,-0.02,2.316466846627599,1.9727827347723408,0.0325399441072442,2.682785774869812,0.148770142242445,-0.2587911607111145,-0.2511799201266412,-51.82192800619959,0.0,0.2854000489873389,1.8088531542316049,0.0,0.0497925955310709,1.8769967577686368,0.1253470295563935,-0.5870071543224933,0.1563739144417892,-17.23275031360236
12.77262564351252,2.3348555909398674,-0.02,2.463193011389238,2.09451510064742,0.0324081557545618,2.6236739588925206,0.1487727302881953,-0.2679473595066858,-0.2445132533516182,-51.85028374387196,0.0,0.3003343688099025,1.787434351285132,0.0,0.0622211576733614,1.8771132981307104,0.1253809243449215,-0.5882324105813668,0.1524352925990462,-13.666631535230954
12.791056560747029,2.335410933610478,-0.02,2.617309830321677,2.182614399814921,0.0148280206834324,2.554073210475979,0.1488105735136514,-0.261657063370325,-0.2347020546166012,-51.90605438908293,0.0,0.2629790408049759,1.7392563777081504,0.0,0.0589774975302106,1.7178840179406365,0.1253031364629555,-0.5876451378660147,0.1447568545425705,-13.709567983111246
12.809487477981532,2.34523366250428,-0.02,2.4610024268177497,2.098251362989942,0.0147154716388637,2.653362738098438,0.1487785065355865,-0.2539095073026677,-0.223628650118333,-51.953130843066354,0.0,0.2746502892214683,1.63367577836631,0.0,0.0367399358436517,1.6708330913561424,0.1252982501784573,-0.593202238291546,0.1401182074346392,-18.11659938082781
12.827918395216038,2.1605382313782915,-0.02,2.783027481991667,2.0148688142414826,0.0093400971589976,2.4683077657896813,0.1488360519670334,-0.2463897982406638,-0.2135434794378051,-52.006444784401694,0.0,0.2747696321573304,1.7278711859408633,0.0,0.0439942906333721,1.7796383851914441,0.1252707735010651,-0.5922637007139255,0.1376556460657863,-17.38006065272295
12.846349312450544,2.2008290633986123,-0.02,2.8781675243086062,1.9729775378425627,-0.0171033873745377,2.278191217069349,0.148777086771977,-0.253846243008104,-0.207270044047134,-52.04145702796281,0.0,0.2940423611343678,1.6034668206854201,0.0,0.0407261722732045,1.8697984036144453,0.1252752035486529,-0.5880676757218761,0.1279899830164375,-14.822884005035586
12.86478022968505,2.151787470872672,-0.02,3.1673673894582777,2.0522546593525544,-0.0134313160295327,2.3217271656318386,0.1488810742043141,-0.2504416185785532,-0.2056364302777121,-52.08623653901404,0.0,0.3335544639506531,1.6213990218440306,0.0,0.0357064789966429,1.9474873928226089,0.1253792152247023,-0.5845594262279783,0.1272295111962241,-12.985209850303496
12.883211146919557,2.276249934243941,-0.02,2.9725126260649044,1.8268690025067595,-0.0056317718064432,2.4161854768608144,0.148876932303814,-0.2507091354846103,-0.2051843915931091,-52.1323057348848,0.0,0.2878795948832672,1.5721291106038329,0.0,0.0510602779915051,1.9360054570348249,0.1252969418579905,-0.574677596995624,0.1246792701993057,-10.720196152845515
12.90164206415406,2.192459321792384,-0.02,2.889654372034476,1.8973172977743047,-0.0097370256303247,2.1857806335561927,0.1488673435197931,-0.2480773015885844,-0.2010813385313756,-52.14463133285065,0.0,0.293232196444949,1.5456022860523975,0.0,0.0475512666679523,1.869793794734852,0.1253809442825894,-0.5762457280620605,0.1184336710926619,-8.9812474008165
12.920072981388566,2.044689683151582,-0.02,2.870167079367359,2.057716947778893,-0.02,2.386500831214128,0.1488464557833668,-0.2455569669489886,-0.1968982744923647,-52.18594317318985,0.0,0.2792345008232756,1.4369556794149891,0.0,0.0319602213694041,1.9964066824940927,0.12542346656182,-0.5685232993301927,0.1143343704560721,-11.51066342013952
12.938503898623074,2.139455875632564,-0.02,2.80436560408546,2.0099964664313665,-0.0167324645497124,2.2940400782950845,0.1488223739880824,-0.2455519409020342,-0.1896686627727163,-52.24028311391543,0.0,0.2613896460916338,1.3577289317265653,0.0,0.0323656833936323,2.079643131056526,0.1254581399948029,-0.5645004615258361,0.110213704026079,-11.342828032945576
12.95693481585758,1.9928584114790768,-0.02,2.7563848416527517,2.1146585427240483,-0.02,2.1546363498479906,0.1487507862433849,-0.2441643794655391,-0.1851305128636147,-52.271226461601536,0.0,0.3530687383434354,1.3174825172157605,0.0,0.0532631954958722,2.195517572850316,0.1254311314496403,-0.5603586940834281,0.1046944692035135,-12.084508571657883
12.975365733092085,1.879340651416725,-0.02,2.8552215966979646,2.1490491584946896,-0.02,1.9500362526154709,0.148815006915746,-0.2459787557724569,-0.1854927157487886,-52.3145220961426,0.0,0.3551290591040956,1.458835234140034,0.0,0.0558790115545774,2.25983305612301,0.1253371159582263,-0.5564396207787691,0.0970009237514187,-8.423916461145174
12.99379665032659,2.0669978906240765,-0.02,2.8393216340148806,2.0798492899280303,-0.02,2.0810105082457766,0.1488467468246266,-0.2449229166368536,-0.1847727267116923,-52.35787442695704,0.0,0.3348734937305875,1.454068103171785,0.0,0.0647670502341966,2.2996854525077373,0.1253582095787641,-0.5704910414684826,0.0952991480225441,-12.89523798605797
13.012227567561096,2.0331772890795423,-0.02,2.581483605261905,2.196398206473744,-0.02,2.107918424580266,0.1487812479892254,-0.2512021654358343,-0.183419934944573,-52.42077181559951,0.0,0.2784422307256544,1.5521560726020718,0.0,0.0660321933260745,2.26036008652928,0.1253644637874023,-0.5751518266429927,0.0934310116293578,-15.43406568225724
13.030658484795602,1.8608916909477324,-0.02,2.4149633744044414,2.172482592794907,-0.02,1.919780784308996,0.1487245882367394,-0.257798739019541,-0.175912424835263,-52.46710465155692,0.0,0.2742784726818295,1.4916316555140705,0.0,0.0601761190811514,2.2120824121325406,0.1253025222149391,-0.579667289132503,0.0793192208083989,-17.41815343807854
13.049089402030107,1.9571434199887083,-0.02,2.5977781289352846,2.4207933919009736,-0.02,1.8885502327250536,0.1487778155763141,-0.264466709269919,-0.1731788334907029,-52.530209102677865,0.0,0.2791646519205192,1.5411621031743985,0.0,0.0643792413066708,2.1924158209145994,0.1253249726397825,-0.5821456926614742,0.073915384479175,-17.704260728973747
13.067520319264611,2.0146551717307104,-0.02,2.726669067332104,2.382442980172912,-0.02,2.101327879747013,0.1488552493938051,-0.2669481540956072,-0.1720447173020979,-52.58481088449267,0.0,0.2904332235090984,1.477016321616637,0.0,0.0732143239722134,2.1837939871873058,0.1252952134848583,-0.5832973872639804,0.0715717851376478,-16.82831866802825
13.08595123649912,2.111280543040722,-0.02,2.527281867570765,2.30325651879698,-0.02,2.0246449818082084,0.1487758617304933,-0.2664639824486503,-0.1723614327636145,-52.62429150762284,0.0,0.3224565728313019,1.613331080561298,0.0,0.0814190972469621,2.053874235915361,0.1252078771277944,-0.5856537657335129,0.062847283940495,-16.341783812953135
13.104382153733624,1.9392048320327235,-0.02,2.543296963510685,2.379589811759809,-0.02,2.079375523089335,0.1488054975036757,-0.2674362361854254,-0.1732995030035974,-52.6772096704452,0.0,0.3221257152945543,1.6222176670438715,0.0,0.0759752764228697,2.0291435980048926,0.1252569647570141,-0.582910438880615,0.05860722894281,-19.380154881434603
13.122813070968132,2.030966434584439,-0.02,2.4263608218801633,2.382043071448064,0.001967393115986,2.2088110569647124,0.1488249212567026,-0.2762537258568176,-0.1745148558660655,-52.737328050606855,0.0,0.2592553551473932,1.6460096903531387,0.0,0.0675051823040751,2.076760802229193,0.1253063311401,-0.5862389690592134,0.0574521626537505,-20.877679549275143
13.141243988202636,2.131686750859709,-0.02,2.3643742288496536,2.364253810266713,0.0134287072632137,2.478246496975885,0.1488188082258837,-0.2661365592717312,-0.1737354291688245,-52.774484989063055,0.0,0.2813935922433669,1.6247041313645811,0.0,0.0737797742820651,2.0062519469574256,0.1253179030853356,-0.583233796042361,0.0573891419011986,-20.788711038425618
13.159674905437145,2.0702578323854643,-0.02,2.231869101653434,2.3807319484383207,0.0362978336205464,2.5402368796456334,0.1488456518975086,-0.262091399001023,-0.1755391085410091,-52.83553703704581,0.0,0.2723391270852318,1.6699665684269636,0.0,0.0665247044069226,1.8665278384633768,0.1252777687534692,-0.5610394722646409,0.0549442270899497,-15.799004781350956
13.178105822671649,1.8735831143725377,-0.02,2.537833642751737,2.272307028425793,0.0190047486645945,2.736798728009971,0.1489219179929098,-0.2600307046839984,-0.1742610894872079,-52.87392105714614,0.0,0.3087639288756518,1.7382922934647074,0.0,0.0778097747927221,1.891449449147216,0.1251803880838702,-0.5587191378418609,0.0535077498648952,-14.718004960324524
13.196536739906154,2.058962851539501,-0.02,2.510357641396514,2.159322934231801,0.0173019421539587,2.8118601602740214,0.1489938672883218,-0.2594635355156938,-0.170403933495804,-52.92558023868968,0.0,0.298366796116232,1.7646284683632512,0.0,0.086087404879948,1.8719564209379425,0.1252010948186861,-0.5539845462792973,0.0556932544905288,-12.872207602440518
13.21496765714066,1.9755075155100204,-0.02,2.549728235142154,1.9579745490289289,0.0423268234904643,2.748647356014132,0.1490163886855211,-0.2556705390125836,-0.1594673520059842,-52.964760099603154,0.0,0.2916119924264213,1.7345239960968006,0.0,0.0872178893415624,1.805098214520136,0.1251802836163453,-0.5618530520513136,0.0604182137489291,-15.704753035428467
13.233398574375164,2.040850520493902,-0.02,2.701088634661283,1.9350883447718568,0.0374987634184701,2.8651852453809905,0.149037739371137,-0.2548482008764065,-0.1576297868472258,-52.98886947309821,0.0,0.3224663745049373,1.744924321018252,0.0,0.0677285853862167,1.7942802940687919,0.1251181029156304,-0.5624450123095933,0.0610444058055692,-17.887817050886692
13.251829491609673,1.9031996002363536,-0.02,2.8229855223677336,2.0140391577184107,0.0310632275123646,2.887884082714385,0.1491537213569488,-0.252723046385325,-0.1576858264617918,-53.01883731729162,0.0,0.3062027242278541,1.8072710212751233,0.0,0.0621453509304018,1.7810276527437632,0.1251645604933745,-0.5601776012513104,0.0620387842427196,-17.912965869753158
13.270260408844177,2.000360141863387,-0.02,2.9258392083162086,1.8951963349957552,0.0392119449576278,2.7854151878087468,0.1491668060143092,-0.2427373381388937,-0.1586290944802314,-53.06425432291688,0.0,0.3112729885248907,1.8745113695992404,0.0,0.0694485391353372,1.691278539368821,0.1251357796116536,-0.559196759517105,0.0618177169079225,-17.83266433750722
13.288691326078682,2.048142389084921,-0.02,2.9167645972452676,1.7829687989332148,0.0202806395850627,2.7695585123867947,0.1491620543422023,-0.2378329017468178,-0.1608283095836445,-53.12824410969183,0.0,0.2760255298102785,1.8969783384708363,0.0,0.0735233281586515,1.6461377955413354,0.1250987631681983,-0.5492653257074822,0.0629467870414892,-17.82124984269897
13.30712224331319,2.0036083652814893,-0.02,2.9617414364543877,1.904810967173817,0.0165516194759366,2.5596182672531658,0.1491627476602275,-0.2447140622754733,-0.1621750817918725,-53.189276237094816,0.0,0.2974552415212594,1.7314314721852968,0.0,0.0811304755617614,1.71995362973258,0.1251548895810219,-0.5424089048030677,0.0635592245509652,-18.265698680518504
13.325553160547695,1.954084585322148,-0.02,3.014350644446252,1.9176863607360293,0.010930505975505,2.4454539688015218,0.1491113974912089,-0.2471125873217752,-0.1520899690006083,-53.22562459645411,0.0,0.3159106562209269,1.7346159344864571,0.0,0.0979350046227205,1.7761936752408374,0.1251705749043547,-0.5446137316117433,0.0672711993495487,-18.42040217574239
13.3439840777822,2.092111476345809,-0.02,2.837117759785672,2.0253268174626906,0.038059572655713,2.3010419093519823,0.1490862260805021,-0.2455729232360675,-0.1444096222367578,-53.244279833988685,0.0,0.315718832851482,1.7234855821748745,0.0,0.10480600457386,1.7842078563184691,0.1251986346490951,-0.5420979332051326,0.066656100332388,-19.06185497171769
13.362414995016708,2.0250188640410256,-0.02,2.8546560100669436,1.938561327578983,0.0389135816456014,2.2441734567417706,0.1490245729647404,-0.2463892852588025,-0.1348395213198053,-53.27086009711978,0.0,0.3157755046624836,1.6369408044424827,0.0,0.0923528160903238,1.7629450308364871,0.125189018705683,-0.5431969316866347,0.0644265880989818,-20.336857176698395
13.380845912251212,2.126382522854988,-0.02,2.830179817611708,2.076021312675806,0.0343471655441641,2.176298105837609,0.1490219429468215,-0.2403706833863363,-0.1268892589202354,-53.304841156662384,0.0,0.3400270671407192,1.5188146562927924,0.0,0.0828217056754138,1.795998318607494,0.1251190084937997,-0.5410418206903634,0.0628309513986613,-18.1368764983539
13.399276829485718,2.002263174994944,-0.02,2.5514981419044944,1.93525290270338,0.0347461384846616,2.026259984791838,0.1489960628305722,-0.2363609835716614,-0.1247682417488978,-53.3451745950076,0.0,0.3258293703017362,1.5352677466229838,0.0,0.0963437126659071,1.798781926239888,0.1251760316772777,-0.5380302166779619,0.0634969137636734,-19.24721122757794
13.417707746720223,1.983499162050648,-0.02,2.63464491618558,1.919122438591395,0.0165558666147955,2.015805922731404,0.1490307127364848,-0.2309791227768875,-0.1261851824512692,-53.38795954002689,0.0,0.3307793603532381,1.390251404302841,0.0,0.0886115748221364,1.878320678914834,0.1251019904736736,-0.5310170953326587,0.0630960367522575,-21.28445366528662
13.436138663954727,1.9415992625871368,-0.02,2.502843723725535,2.1001918522567165,0.0072967934213207,2.0843077131408903,0.1490693571440095,-0.2351834001273745,-0.1255262544511958,-53.4231600710885,0.0,0.309750054693921,1.3361181088183824,0.0,0.0870701683264764,1.8906884070092669,0.1250461432990976,-0.5321848642605325,0.060436802883787,-20.746332904014043
13.454569581189237,1.812457181714093,-0.02,2.585750362804266,2.1569424151363434,0.0251614701444298,2.019786688000692,0.1490610784043785,-0.2372865733434993,-0.1237755716024571,-53.44454632178875,0.0,0.3245495878410969,1.3374866063091495,0.0,0.086534954964357,1.868897242246576,0.1249802937144125,-0.5344930323580863,0.0618781581835948,-17.952073346306815
13.47300049842374,1.891088884709707,-0.02,2.592273046976224,2.1015257140592,0.0360281182366056,2.0911762666073654,0.1489812088212691,-0.2334293833736861,-0.1216691600760322,-53.48745077652838,0.0,0.3023389955958394,1.4251668721615696,0.0,0.0837933187617155,1.8545439843520144,0.1249658696042447,-0.5426547789257089,0.0584757512567438,-17.605780015818073
13.491431415658246,2.0063034912975395,-0.02,2.531796055517116,2.133966145447329,0.0332107404549841,2.0182448945287144,0.1489735959973967,-0.230977757561673,-0.1219276162380667,-53.546754703278125,0.0,0.2752041486543795,1.4913379976899828,0.0,0.0728129043424557,1.929022544146728,0.1249444007334366,-0.5453717581911363,0.0535833231888505,-17.344567515530535
13.509862332892752,2.022899604682644,-0.02,2.35418328010685,1.9719836589475497,0.0189793087215381,1.9892917180513567,0.1489483801672792,-0.2341431052322732,-0.1221975254935915,-53.59906103276347,0.0,0.2927160522638286,1.4033206313893698,0.0,0.0564321481126856,1.8162487100123688,0.1249628228902578,-0.5464641021708896,0.0530586802970446,-16.593915086018292
13.52829325012726,2.0985939889387684,-0.02,2.5679243337995357,2.076239579152675,0.0298830197105315,2.069002733746506,0.1489541504218955,-0.2415560026937508,-0.1221636469650214,-53.64823370694296,0.0,0.3122722110599099,1.4649242629607746,0.0,0.0740968174568302,1.7886373672684723,0.1250031596842155,-0.5457739626895467,0.0553073232202953,-17.36141828682114
13.546724167361765,2.178211937863823,-0.02,2.500833516239435,2.092441951275297,0.0229701571390353,2.3193921078500184,0.1489647184099738,-0.2425224128901652,-0.1240325942213272,-53.70575555267892,0.0,0.3040977062015521,1.546842658376703,0.0,0.0794986628494454,1.8804716555555585,0.1250523408569681,-0.5475006672158383,0.0519676430973787,-16.78289005198708
13.56515508459627,2.3182257038828364,-0.02,2.589470689439556,2.106186261538864,0.0254571169654151,2.308171215732119,0.1489612450146342,-0.2535533316681704,-0.121692982759649,-53.75882047263221,0.0,0.3569278360121729,1.6535351098819087,0.0,0.077911113639928,2.010421690203369,0.124977450315586,-0.5379392056321723,0.0579364578189457,-13.930789236625484
13.583586001830776,2.51244735921505,-0.02,2.561442198379384,1.9711350545937816,0.0218517796943052,2.289197025626115,0.1489181136620223,-0.2584035488147236,-0.1201382484053844,-53.80431746196929,0.0,0.3716941396595935,1.745079285336396,0.0,0.0800057160786734,2.034215508629547,0.1249661873981593,-0.5422914668813983,0.061510993421437,-13.729188935778415
13.602016919065282,2.6378942128636016,-0.02,2.534378687388901,1.877325090730064,0.0228982288187357,2.278534018600014,0.1488504162854821,-0.2726016905708699,-0.1172146637221186,-53.838436273772025,0.0,0.3645529953974276,1.8359386321349351,0.0,0.0623649195201587,2.0538166338405937,0.1249554777072617,-0.5376809535040157,0.0648504069304005,-14.722437631052086
13.620447836299787,2.7894906832459387,-0.02,2.432223068858028,1.8792648314848648,0.0159846307896336,2.3239520789476,0.1489254163229627,-0.2722914719947742,-0.1069124242208285,-53.87884744967951,0.0,0.366495824664934,1.9121903743948336,0.0,0.0445993819722884,2.1068721012452234,0.1249740649653435,-0.5405532649943249,0.0627645352856178,-17.12981332661475
13.638878753534293,2.7924624018743964,-0.02,2.342746970183861,1.771170474804143,0.0204448435292292,2.19507485514514,0.14903869150515,-0.2735617861059998,-0.0948716773536095,-53.93499942255853,0.0,0.3356460152116077,1.92232600996074,0.0,0.0373978829887849,2.142960315399176,0.1250327032800654,-0.5486583857460424,0.062085528690141,-20.085168791244683
13.657309670768798,2.759925696592399,-0.02,2.4034515982195126,1.7332736663124426,0.0139859690456808,2.2696408849248524,0.1489808405007703,-0.274452836780222,-0.0949758597194719,-53.97752198054134,0.0,0.341074777076521,1.7814286957419725,0.0,0.0349534835842506,1.9986866393273064,0.1249639345477651,-0.5410691728239082,0.0583240395492638,-19.53348734740463
13.675740588003304,2.8799111363155223,-0.02,2.7026176782552245,1.834488115288008,0.0168921571487638,2.3724281693078426,0.1490689832285283,-0.2815603500779141,-0.0960089409129632,-54.029019125682446,0.0,0.3165464057843727,1.846369992812476,0.0,0.0222646309468392,2.161266604194777,0.1250373459236577,-0.5376660386992088,0.0553959149824816,-22.17305363566596
13.694171505237811,2.7840651222023896,-0.02,2.7744834698416434,1.805926736860456,0.0099340092878201,2.372851452038925,0.1490709482366607,-0.2652418518411424,-0.1009463712410884,-54.06436753129186,0.0,0.3522130381407732,1.896919908056796,0.0,0.0051923646631795,2.2112349783755136,0.1249920716509703,-0.5399372045922329,0.0548373571209274,-24.436455157979097
13.712602422472315,2.585082619308654,-0.02,2.9080694451957414,1.566892818472485,0.0146611350989993,2.2663091028088465,0.1490967683224716,-0.257746245871543,-0.0997663144462479,-54.09543498353395,0.0,0.3698055746843116,1.8755773101171616,0.0,0.0015762540135898,2.169858987088493,0.1250612304804524,-0.5325748491749496,0.0571667470259605,-30.285058644688952
13.731033339706824,2.386288977819196,-0.02,2.7700916276756424,1.7803303014106255,0.0160437082286077,2.400683297911109,0.149058694393045,-0.2505827502414305,-0.0948381440141381,-54.14996644827414,0.0,0.2842006901395549,1.774869259503756,0.0,0.0123224720620456,2.017853116168742,0.1250261792914729,-0.5271927360002098,0.0532213389792049,-27.423342199980503
13.749464256941328,2.2874927378489938,-0.02,2.736823522086689,1.8361548995893624,0.0314188474800534,2.18913242540766,0.1490350027791829,-0.2563485521042174,-0.0895211371923422,-54.21290845878323,0.0,0.3111077616721864,1.6741968856504197,0.0,0.0178387032787981,2.052320739729211,0.125035530402862,-0.5300403053867376,0.0382856047094969,-29.871088231779265
13.767895174175834,2.2203016712987607,-0.02,2.8746162224418916,1.8683543519250192,0.0305815708758355,2.331252248088342,0.1490268769348614,-0.2540444542101957,-0.0843733882505846,-54.26197625732208,0.0,0.3639347412743974,1.6470927253409735,0.0,0.0159781780239589,2.0389236129797106,0.1250437942706762,-0.534371368657332,0.029549474596515,-29.516356926142848
13.78632609141034,2.151913093548205,-0.02,2.917232840424139,1.8603953750480635,0.0216694064674846,2.337609800878801,0.1489084662390528,-0.2621986546737064,-0.0822646348204539,-54.29412659925325,0.0,0.3636737060264523,1.6031373265411182,0.0,0.0381304351680461,1.9343326529115576,0.1250719898771087,-0.5291556275733977,0.0291251691923352,-30.2979373086178
13.804757008644843,2.2434421883490065,-0.02,2.9464174494315984,1.985494580528251,0.0383721787220283,2.517600168338588,0.1488571464082508,-0.2653553178228339,-0.078093124709168,-54.31951157950256,0.0,0.3548712804436955,1.6440604364231632,0.0,0.0446527369073759,1.875545247150061,0.1251004450169027,-0.520167261535441,0.0285586161869714,-29.965482480432502
13.82318792587935,2.1021101621913973,-0.02,2.7986059654921416,2.049593846539606,0.029211069361237,2.629399357652965,0.1489167042084244,-0.2736173806421322,-0.0741368996161015,-54.36088397927357,0.0,0.377437402182027,1.7030679587125823,0.0,0.0417126452822265,1.8034295143715913,0.1252567108567751,-0.5109142108153402,0.0264670974056768,-31.63269101822924
13.841618843113856,2.0400048030066738,-0.02,2.801394188324028,2.073574060723334,0.0488464035296249,2.652577878210692,0.1489083428655771,-0.2555169465981209,-0.0808148038725809,-54.41436361031309,0.0,0.372495480747112,1.7621548149429318,0.0,0.0574978625797726,1.7635400296782395,0.125233050576271,-0.5075952619796011,0.0274630687054672,-28.178767518307
13.860049760348362,2.058951063124589,-0.02,2.6539500445519626,2.05199186086507,0.0507202551283138,2.6325585657674457,0.1489069699060396,-0.2529425335038018,-0.0826628591930254,-54.45401401611982,0.0,0.3484559344195065,1.6535952375652825,0.0,0.0802834854732968,1.8283698214736948,0.1252644933750816,-0.4976828043179107,0.0237817794050717,-23.732416870114253
13.87848067758287,1.9689081582510408,-0.02,2.6119641031350778,2.225591258873195,0.0499457866866895,2.682699671315541,0.148822272072411,-0.2536603048978384,-0.0815714077029117,-54.49547282058597,0.0,0.3659361327025852,1.6815183065182453,0.0,0.0866195635364152,1.7803685659578015,0.125213614295121,-0.4969704870052521,0.0185161555774247,-17.3028189870956
13.896911594817375,2.009282623822253,-0.02,2.784011361036685,2.038384818123757,0.0620379471074015,2.5322045224865386,0.1488824185793928,-0.2536040348114668,-0.0773083930831974,-54.53029244169137,0.0,0.376049150922952,1.6585588413441936,0.0,0.0617541329707508,1.8030772099225347,0.1252533724311956,-0.4977999318060194,0.0138317467846896,-25.7636274147236
13.91534251205188,2.070507662419537,-0.02,2.902395885254633,2.0105886261569705,0.0716984643824183,2.704130615093728,0.1488558940211366,-0.2521389112807339,-0.0727018287396617,-54.56402762556164,0.0,0.3705498857772553,1.6900340533007399,0.0,0.0616694946743874,1.7097361723646012,0.1252531170231795,-0.4998869076612089,0.0085508231267989,-22.71433216698337
13.933773429286386,2.1912338646082072,-0.02,2.9308593520069404,1.9477321896260509,0.0718054101945463,2.604317457231297,0.1488488069276834,-0.2530291684920207,-0.0748820074258777,-54.59918925381291,0.0,0.3382293179127442,1.6218434440873757,0.0,0.0695161072306697,1.8303607340662424,0.125221667379681,-0.497752834301284,0.0072906316413919,-22.2089258992174
13.952204346520892,2.216096821550133,-0.02,2.850696427405243,1.954559770203634,0.0733470676312716,2.755256974534653,0.1489013557757675,-0.2582087850049089,-0.0752112442599625,-54.65296862544006,0.0,0.3234708920489874,1.63631911976793,0.0,0.0704097251417253,1.8341582586022345,0.1251828871288774,-0.4978796034007611,0.0102705451405825,-19.26802191919619
13.970635263755398,2.057930131899356,-0.02,2.914668156918408,1.926933119737792,0.04925477680323,2.715093289935029,0.1488876267928238,-0.2776877547943808,-0.0741047268996972,-54.705273591796775,0.0,0.3338189653679861,1.644937895653215,0.0,0.0691381182662369,1.8687918061453832,0.1251337392386358,-0.4919611741410764,0.0100984919727366,-21.716723903912417
13.989066180989903,2.193237607915137,-0.02,2.9863878229532,1.900343253056524,0.0632360199656845,2.6147891735082944,0.148864968041383,-0.2741275744460094,-0.073596131434878,-54.756122375713176,0.0,0.3147802060224582,1.5951065268659184,0.0,0.0760462707602666,1.9384304711374891,0.1251132320631415,-0.4925497353180443,0.0009743287871065,-22.61387324814952
14.007497098224407,2.179033933659208,-0.02,2.804335033729779,1.8829920570247485,0.0528076852154731,2.6454137327092337,0.1488174662014159,-0.2785550481895747,-0.0749468876917391,-54.7880015236679,0.0,0.3489947973991079,1.5739288214540588,0.0,0.066382938785264,2.002244326274478,0.1250215912407399,-0.4890018324271624,-0.0017874569158333,-24.73894848116996
14.025928015458916,2.232285799262037,-0.02,2.7312831999317333,1.9206182209307423,0.0577950083851493,2.631654566464682,0.1488133219379649,-0.2820532104629275,-0.0747665912274101,-54.81753618878055,0.0,0.3079289706650835,1.6226644896309337,0.0,0.0521082653535956,1.912503545790308,0.1249744380716147,-0.4920237537913373,-0.0010226471885404,-24.59307467624596
14.04435893269342,2.352677429276672,-0.02,2.653878312933612,1.8415386619802545,0.0594314822950996,2.61563648069576,0.148940970237464,-0.290272837971184,-0.0743033711381712,-54.85918118570874,0.0,0.2661270450152097,1.5623724558305934,0.0,0.0501082514393216,1.9667326856891825,0.1249946363992386,-0.4920329088453778,0.0021230425780696,-25.31773434089245
14.062789849927928,2.270804316807213,-0.02,2.550256632636851,1.994954647849293,0.0441874515140142,2.734458987685492,0.1488685400512921,-0.2976024148813158,-0.0742007258639058,-54.89870553396299,0.0,0.2931713970253846,1.5889800421076483,0.0,0.0778220494645193,1.9656264769133445,0.125044554023156,-0.4979511155203199,0.0067052669557461,-23.17054444964421
14.081220767162431,2.291403278249541,-0.02,2.6957698264608343,2.0671954058337594,0.0269528663008654,2.730420586979617,0.1488784991359805,-0.3047908992509259,-0.0721330030312978,-54.95232212069843,0.0,0.2689968584611256,1.5408861852227413,0.0,0.0702422579461785,1.9727712139262432,0.1249210963195559,-0.4890142970104989,0.0108291771522968,-18.86501689607322
14.09965168439694,2.186035847105356,-0.02,2.4458747177917486,2.178302880730199,0.0249003881596212,2.760938938565357,0.1489729106243134,-0.3042862809630669,-0.072750159341683,-55.01817115319008,0.0,0.2864693773372617,1.5184936629792023,0.0,0.07971233782776,1.7655427438854556,0.1246683852341961,-0.4916587363264853,0.0151433562673056,-19.12324452037904
14.118082601631444,2.059110332355782,-0.02,2.6477614602133297,2.037176733904673,0.0269786413212528,2.526708787071125,0.1489934833499523,-0.30182191298168,-0.0766386209086395,-55.05307743181245,0.0,0.2911927811797641,1.5085573308376514,0.0,0.0530039033733873,1.8878368348866967,0.1243632903293141,-0.496887060424345,0.0177051709911407,-19.984680736534035
14.13651351886595,2.063173475183711,-0.02,2.777450130151891,1.907710135414604,0.0381554653625899,2.5137227275341,0.1489374824954588,-0.289790011821855,-0.072165925375062,-55.08535795865434,0.0,0.2995355670308138,1.498869206899462,0.0,0.0188724924535843,1.91741156469002,0.1242516964976558,-0.5032567286577679,0.0061903717642247,-17.57029386720037
14.154944436100456,2.0412533946680704,-0.02,3.013348313063774,1.6669316089391146,0.0397325546007999,2.467763049601142,0.1488461486600018,-0.2795487545696634,-0.0739844285717401,-55.14246634542878,0.0,0.3519519974264896,1.47779922779912,0.0,0.0118523811708063,2.021050290930081,0.1238292055074038,-0.5034512093221063,0.004511391356646,-15.457004839508208
14.17337535333496,2.065062708285561,-0.02,3.1760883192157774,1.539037730145826,0.0501751587124894,2.4079795592605655,0.1487792742819989,-0.2784547842309841,-0.0773353091010677,-55.18686999445448,0.0,0.3763867240952471,1.448620796836088,0.0,0.0186098875331212,2.075391568223405,0.1233901350073855,-0.5098381183748036,0.006583623318731,-18.60537778751025
14.191806270569469,2.0689249563618004,-0.02,3.194847429348688,1.546681959086107,0.0323664517432942,2.475929034754097,0.1481829449355551,-0.2726333504986519,-0.0779843215358126,-55.24658338927306,0.0,0.400062624452468,1.475435492764137,0.0,0.0050792456138189,2.1207341324620383,0.1230954439775845,-0.5124787717460184,0.0095111065950341,-22.189334675567785
14.210237187803973,1.9878165983013345,-0.02,3.2023334828630396,1.6212921432055984,0.0245498212231559,2.315873440579693,0.1473907161579525,-0.272517657476931,-0.0784480280697226,-55.31201753760711,0.0,0.4207984864952897,1.4433696638265483,0.0,0.0093082684451215,2.113735038728432,0.1227775214405932,-0.5126533481652118,0.0065023214527053,-24.14319885712333
14.228668105038478,2.232018268432118,-0.02,3.223644183302843,1.5970327151543882,0.0336416262409011,2.27152569752634,0.147581700747213,-0.2723078125743093,-0.077200508043366,-55.37160204597311,0.0,0.412961635807584,1.4161396417594825,0.0,0.0007947455150804,2.033591228662104,0.1229427908874534,-0.5084881944133408,-0.0034165709543519,-21.521629840504776
14.247099022272984,2.147400040565308,-0.02,3.176284727413444,1.5800372285286184,0.0387654699307044,2.223196692787216,0.1479952388494175,-0.277446866852464,-0.07742403170212,-55.419342796964166,0.0,0.4027232263527592,1.401871818219244,0.0,0.0134658297189666,2.115764274262889,0.1236564000095728,-0.5094188015688208,-0.0035780063172487,-22.499892504116087
14.265529939507491,2.000888864595988,-0.02,3.4542752743253367,1.3610262859865774,0.055319856113844,2.315021174298696,0.1485540972465976,-0.2874283241700462,-0.0787669804770718,-55.45401604689359,0.0,0.4004543524105671,1.4865250991222136,0.0,0.0184317875340637,2.139685993099679,0.1247763267106132,-0.5049307890888453,0.0046443471229598,-22.00456558271344
14.283960856741995,2.077218669240974,-0.02,3.152051175082588,1.363104981569306,0.0516445296773426,2.298195643011091,0.1486601121241165,-0.2947149512528023,-0.0723864407446573,-55.4992536291983,0.0,0.4084165940423639,1.5045466103579201,0.0,0.0354854325843624,2.007388358304055,0.1247924075509513,-0.4961102543997963,-0.0028347214362509,-22.905498318354404
14.302391773976504,2.0749432968825343,-0.02,2.891660517202656,1.5085482805021782,0.0493703851220556,2.3556078936652,0.1488319315497564,-0.300010837499264,-0.069224908823064,-55.53126757902431,0.0,0.4217068045992479,1.495532760580317,0.0,0.0620151495146902,2.02220597628498,0.1247865992919654,-0.4934106335791393,-0.0058917353787178,-25.326772572300754
14.320822691211008,2.0700899814364675,-0.02,2.6111641125858656,1.7613235087036188,0.0623627539083342,2.399245886892172,0.1488971457865358,-0.2972596117551637,-0.074007634890859,-55.55815493848812,0.0,0.3491052024047537,1.5466516332452185,0.0,0.061178677131478,1.9138850694871528,0.1248712203575258,-0.4958799695306611,-0.0051878005664041,-28.81477996518555
14.339253608445514,1.9231213099467708,-0.02,2.5153877227821897,1.9799445190333151,0.0522452818911918,2.482101361773888,0.1488629817299513,-0.2993550352090011,-0.0694043362426138,-55.61523789545385,0.0,0.3406296288797815,1.526939248405743,0.0,0.0579733978604495,1.7017537952965671,0.1248751611843734,-0.4984866147025617,-0.0088195673713074,-24.08226379557649
14.35768452568002,1.7708893501192964,-0.02,2.5737003588896914,1.9873755798368504,0.0716365759844864,2.3148519524155153,0.148827606072247,-0.3053181733151712,-0.0570044889622144,-55.6504682777013,0.0,0.3314692944596655,1.5879591906602597,0.0,0.0697611893485711,1.6624747729750908,0.1249717697975593,-0.4978084662364394,-0.0176912046077051,-22.884389046539177
14.376115442914523,1.8478732728664,-0.02,2.4736782413988867,2.0572619125758096,0.0808528074216835,2.4001794658619686,0.1488362618603904,-0.3064797192621924,-0.0640633399564221,-55.68363719171482,0.0,0.3563075765078392,1.568452090054719,0.0,0.0668863408558953,1.6309801420461387,0.1249530667075529,-0.5089616284441026,-0.0168718875681322,-20.65098469754016
14.39454636014903,1.68026773628642,-0.02,2.598306453945988,1.9018234833438203,0.0763802855903961,2.359978061813684,0.1488576151070744,-0.3081497764241455,-0.0666315731030879,-55.70042726286919,0.0,0.3755941069149016,1.5882128043083437,0.0,0.0612926478216556,1.7231902212031949,0.1249114046850902,-0.5137103928818609,-0.0146938514858728,-20.089910886806702
14.412977277383536,1.6121711172309532,-0.02,2.310962008207914,1.892932131745384,0.0825538620062521,2.53346365206271,0.1489342827238891,-0.3098741116184373,-0.0562154890514888,-55.73888399645645,0.0,0.3406034171739507,1.6566571377518364,0.0,0.0595320928522622,1.7044905691037158,0.1248430788915478,-0.5116523012514581,-0.0104899712360334,-16.675923264292738
14.431408194618042,1.685000220105084,-0.02,2.130948706378494,1.9967643529156185,0.0706680998231216,2.383277200916898,0.1490044663216704,-0.3070918843170702,-0.0528825176572108,-55.77584415110137,0.0,0.3084224687379329,1.614861419311091,0.0,0.0442692475692212,1.7915443327112286,0.1248068153983401,-0.5052668574301687,-0.012841347534498,-15.48971820382123
14.44983911185255,1.8508885333151668,-0.02,2.30383633015036,2.00694373788219,0.0870801219747016,2.396873283838209,0.148986618077713,-0.3045461065769724,-0.0553192105335985,-55.81827202454707,0.0,0.3183256706924189,1.647130089751984,0.0,0.0440786522083285,1.8943648326135576,0.1248538833699752,-0.5081410469908302,-0.0152162273792175,-14.059816468101904
14.468270029087057,1.8901772218649109,-0.02,2.6316823550583206,1.9417394944936344,0.0865567802688653,2.4623002266769514,0.1489492124532917,-0.2989818302656474,-0.0535117994970625,-55.87493833278629,0.0,0.3121641113718695,1.500157663522679,0.0,0.0391495531565586,1.908419956137578,0.1248882569304205,-0.5081204591309474,-0.0185304463651118,-11.970597792596676
14.48670094632156,1.876509098161732,-0.02,2.814486841189584,1.924551429468636,0.0751053470897799,2.4695735228741973,0.1490032074435829,-0.2962877504024287,-0.050401376520613,-55.907726216060055,0.0,0.3576822979613832,1.3996420811715204,0.0,0.0267828898741644,1.9397100074685392,0.1248155820751117,-0.5054247833731821,-0.0191890696605039,-7.798586166748922
14.505131863556066,2.048798524922746,-0.02,2.78367587800362,1.8867133353426364,0.0755027198185611,2.119933836202444,0.1490916401380392,-0.2901733102151529,-0.0448793772729155,-55.9379851235492,0.0,0.31092503468019,1.2909889449077911,0.0,0.0192857325757014,2.056122216954809,0.1247749845385964,-0.4971676329057363,-0.0157725782043288,-10.0619927696795
14.523562780790572,2.1088426177791897,-0.02,2.77420988257656,1.9281499944921043,0.0803416496177531,2.227827132203523,0.1490714489953023,-0.294319509077302,-0.0461220762274377,-55.999316036991374,0.0,0.3431001001709876,1.3035685054493131,0.0,0.0325149957589502,2.136869574804756,0.1244277783133646,-0.4935548196257762,-0.0084005513924271,-8.359603918948514
14.541993698025076,2.103588282861954,-0.02,2.9912604302147767,1.862718212202924,0.0693280886549445,2.352047920333588,0.1490383685477668,-0.2954106700987973,-0.0487108926035712,-56.0556229663389,0.0,0.3517624340701376,1.354946202718051,0.0,0.03109066530243,2.1516839198351425,0.1242082529172123,-0.4807596567454648,-0.0044904438550922,-8.855151279103303
14.560424615259585,2.101333318682481,-0.02,2.7773362040750142,2.018719234799692,0.0666570002454636,2.397390260926038,0.1490465907394644,-0.2976017974804972,-0.0452390831250282,-56.100031344940646,0.0,0.2961784369722087,1.3558425864765329,0.0,0.0376718435371779,2.0680273196293735,0.1241802608990229,-0.4724592543455526,-0.0048813506286579,-9.312495035915912
14.578855532494089,2.1666959500074,-0.02,2.8010083481031356,2.012346754580163,0.0661478351618075,2.206461935030794,0.1491979752153668,-0.3025337852233229,-0.0437934856919415,-56.15084712785757,0.0,0.3272824888270216,1.33765269556579,0.0,0.0531479120782633,2.160239266998161,0.1242286667361147,-0.4628757146936422,-0.0103621195815329,-14.82295021939699
14.597286449728594,2.250133542972276,-0.02,2.7922547363493355,1.933514249868067,0.0623424942463988,2.2034743427034065,0.1494038815927285,-0.3028430028190749,-0.0452989633676017,-56.20543874309414,0.0,0.3635322357481916,1.3410891821755142,0.0,0.0525411963229899,2.106539079527012,0.1241630620200034,-0.462154490340442,-0.0207391129349736,-16.24712588281087
14.6157173669631,2.0761808501138423,-0.02,2.9113885912736097,2.051379500712222,0.0410872826518738,2.206244068994978,0.1493691293258127,-0.3063346746392133,-0.0410764204228063,-56.25594051601797,0.0,0.3696318343549734,1.3059774487882974,0.0,0.0608443056495252,2.103081144695462,0.1242499398857182,-0.4637711501922553,-0.0141682846948982,-17.85033243433096
14.634148284197607,2.078124077845682,-0.02,2.8239721803278246,2.145527728783564,0.0439467046011202,2.119297902569524,0.1493120688407634,-0.312244936747194,-0.0413184728378711,-56.28448849533464,0.0,0.3541507745157912,1.3371289515499447,0.0,0.0710160156986397,2.073516581023832,0.1244285274027137,-0.4635106625329754,-0.0089794906136279,-16.607568497939937
14.652579201432111,2.050511919815884,-0.02,2.8099793677073603,2.116018614870711,0.0414818344228199,2.103834971782101,0.1492731236627179,-0.3056320954964077,-0.0449054785587171,-56.337205541261554,0.0,0.3313230343450627,1.3954705574985475,0.0,0.0980422420890388,2.170653954849154,0.1248431144954936,-0.4700644697349662,-0.0050529603159514,-16.369970899509838
14.67101011866662,1.946265746838727,-0.02,2.9065339064472884,2.043484297962292,0.0444259855526828,2.2967719786772016,0.1491880803486461,-0.3014009186628799,-0.050382037555213,-56.38289836025801,0.0,0.3249562872837132,1.549320969272855,0.0,0.1028962009462235,2.0284614545151967,0.124924209076106,-0.4701720002322149,-0.0114175719687838,-16.352646853971763
14.689441035901124,2.061089039606855,-0.02,2.7942854279153235,2.0582496140974653,0.04214084372031,2.324801500112732,0.1490851011254571,-0.2924455852547243,-0.0519022155849529,-56.412253125741465,0.0,0.3250563162841737,1.5022288384145608,0.0,0.0865166335629503,2.094077692430388,0.1248581091009203,-0.4850798442278525,-0.0217273295979228,-18.21950401379584
14.70787195313563,2.0140234543145983,-0.02,2.7472574395241462,2.1587201492898256,0.0515897669982526,2.224222410193752,0.1492036913572895,-0.2838221471436836,-0.0497120135560345,-56.44668943933843,0.0,0.3005623594671789,1.4096595063559676,0.0,0.0899537314503355,2.123756877248238,0.1248910936687492,-0.49613470223093,-0.0307526540154665,-18.47237640976396
14.726302870370136,2.10806968265144,-0.02,2.9167217086640616,2.243453086607264,0.0429393437590753,2.1857842839725703,0.1493080151905284,-0.2793526861739581,-0.0473240918558187,-56.48510067076349,0.0,0.3173725828108522,1.5091638906549083,0.0,0.0978209394347813,2.174340055164328,0.1248447832671081,-0.491713642407883,-0.0303745843500613,-15.971690419798689
14.74473378760464,1.846779724585216,-0.02,2.9919663670779686,2.2890139894089936,0.0500707935032883,2.029829763048816,0.1493349240720853,-0.2719064290623954,-0.0497823355979911,-56.52088518889603,0.0,0.3505890674674969,1.5991735806852077,0.0,0.0792839593652567,2.0056309116805777,0.1248499253420224,-0.4925334910827006,-0.0241013818876524,-14.61133437730066
14.763164704839149,1.806933199257302,-0.02,2.939328377478111,2.395543188650887,0.0425246126404008,2.21322939719753,0.1493731029030452,-0.2684594547887931,-0.0489513340763854,-56.55122168173758,0.0,0.3381278202384128,1.5403028452043988,0.0,0.0920719200524328,2.0313575662851484,0.1248892492285958,-0.4856017457289492,-0.0263071623072227,-15.108989309630516
14.781595622073652,1.9095295378152315,-0.02,3.041603828616227,2.4059383684660207,0.0790999101379603,2.2926184968948924,0.1493877973413943,-0.2590845846517544,-0.0462227415900358,-56.59671418053696,0.0,0.3157564642598658,1.4131346705252483,0.0,0.074226553157421,2.021071730407285,0.1248093692070895,-0.483854455128235,-0.0255221051784943,-18.07158439270804
14.800026539308158,1.847530569166921,-0.02,3.0018753652592864,2.456276399910357,0.0657101706299937,2.1496346606156225,0.1493770038422361,-0.2543685185329576,-0.0461754426415397,-56.664319182820336,0.0,0.3066614885332735,1.5637347188612416,0.0,0.076679282729144,2.0046858769171463,0.1247972139879954,-0.4778196006329114,-0.0213778402532207,-17.000204234944892
14.818457456542664,1.8659497905147333,-0.02,2.814361504001876,2.5402697173709217,0.0561907727628184,2.167147538057907,0.1493808260487568,-0.258958769411267,-0.0501038747359701,-56.70937038143981,0.0,0.2967027232231853,1.426579207644502,0.0,0.0528548316254014,1.879696031773339,0.1248402283165725,-0.471231318167194,-0.0215436671220216,-21.918436903663864
14.836888373777173,1.85341434109862,-0.02,2.716073577004192,2.62178104350612,0.0647297012004614,2.3916349618000106,0.1493418279221107,-0.2519744815714541,-0.0483903737526471,-56.75316873571787,0.0,0.3042620842954437,1.291865314419838,0.0,0.040255574118987,1.905165370540868,0.1248564753898801,-0.4731412427303418,-0.020174712774934,-19.55719243636003
14.855319291011677,1.8244814452974043,-0.02,2.7707376386177383,2.66495386572522,0.0482340906583636,2.379183342044762,0.1493906425335057,-0.2526340235232281,-0.0472977516663914,-56.81417629895865,0.0,0.2581487817664802,1.4362718170859532,0.0,0.032151580478232,1.7669755879658915,0.1248858131243654,-0.4639681075658989,-0.0263035254136693,-19.044209457504977
14.873750208246182,1.8476443679980965,-0.02,2.674694711105016,2.577369669303586,0.050700804470656,2.4310429117843952,0.1493509013229232,-0.2578517733065443,-0.0469183655511586,-56.87371694870489,0.0,0.2361863739120732,1.5410779498889748,0.0,0.0369796300900824,1.783951396888252,0.124825984907591,-0.4665153845991963,-0.0320428926596943,-19.89124237955282
14.892181125480688,1.769809434827811,-0.02,2.449215712609459,2.3437750006308544,0.0615119754594172,2.4100896858044956,0.1492255356915774,-0.2547747112229042,-0.0469302952644268,-56.90846530256178,0.0,0.248438241926274,1.447762909702363,0.0,0.0426029406974382,1.7894575663774148,0.1248004845302604,-0.4820248516641895,-0.0360975464465002,-26.33808985901248
14.910612042715194,1.9365900797687228,-0.02,2.0939390240053526,2.2086188659262107,0.0581433892595552,2.450122822932302,0.149244631077193,-0.2547368864143704,-0.0448661158313179,-56.93402281275089,0.0,0.2481310625389713,1.4340043987254152,0.0,0.0399010710632727,1.8297376172289723,0.1248819837854968,-0.4841233554593478,-0.0353092681328775,-26.238740608997524
14.9290429599497,1.8902578690773035,-0.02,2.176240099601819,2.290356195915483,0.1028708898564032,2.1951206484241528,0.1491664152184684,-0.2602017973858829,-0.0429484318600488,-56.97988619929528,0.0,0.2342432752669782,1.541466325108838,0.0,0.0330686781027927,1.8267865428487824,0.1248284456520255,-0.4895444418360345,-0.0313268078179559,-25.88202212303982
14.947473877184205,1.8097812925208028,-0.02,2.201597380315272,2.232707645125496,0.0724365517697931,2.0694544209345622,0.1491835033226468,-0.2683978659337339,-0.0469295745695026,-57.030463814635326,0.0,0.2794696787825808,1.707523029336065,0.0,0.0391238612296356,1.8284699461553968,0.124941173914119,-0.4822208818413858,-0.02714110148228,-24.269994078613827
14.96590479441871,1.746137063008209,-0.02,1.9553075941714109,2.0654659912689324,0.0722427205744272,2.17577324886036,0.1491307599530542,-0.2702912387364707,-0.044905629118038,-57.07586717901047,0.0,0.2668893411314562,1.6910711666700535,0.0,0.0384991813852836,1.738269664898305,0.1249485533684017,-0.4760138784973967,-0.0285678508570329,-25.29188042575913
14.984335711653216,1.7501196397746808,-0.02,2.0601953736153167,1.9980106571343983,0.0843229798235519,2.3096433673817542,0.1491000428128791,-0.2717173119459268,-0.0388199206360574,-57.12315409682151,0.0,0.3100433652606971,1.9242588239945624,0.0,0.0391662124702641,1.6268350893663894,0.1247894912857553,-0.480465260103277,-0.0383532730608018,-20.808769251511617
15.002766628887722,1.9049402398792263,-0.02,2.127868125185536,1.945526070477124,0.0725145891348641,2.044962819281704,0.1491344191117532,-0.2750332341917019,-0.041429366515837,-57.17302188379156,0.0,0.3382120424044849,2.030060324015646,0.0,0.0396868827246333,1.6565796526862815,0.1247773705821304,-0.4764831447128715,-0.0403149926538596,-18.92570622391588
15.02119754612223,1.8047593407240108,-0.02,1.8300391714598192,1.7874146393035244,0.0894916087592656,2.0978983115507184,0.1491302311179993,-0.2759852164781329,-0.0468590350882843,-57.20045196240478,0.0,0.3697256950876307,1.8839659329253584,0.0,0.0493203511802192,1.7954167368386982,0.124773292882945,-0.4703749761648431,-0.0352270493044646,-18.971650095495704
15.039628463356737,1.786830132319528,-0.02,1.684987424383441,1.9056025726320505,0.0837353970523203,2.056691645054239,0.1490797691163593,-0.2798198736172264,-0.0515005558412497,-57.2259091392995,0.0,0.3896147441719002,1.8824988949486896,0.0,0.043852593794876,1.7832515514494647,0.1247510536691317,-0.4776857961097811,-0.0229082429102227,-20.89285334382644
15.05805938059124,1.8757733248346016,-0.02,1.809239769028408,1.8926705537793336,0.081165334447519,2.174687516519944,0.1491114674351747,-0.2783446553708252,-0.049104218692613,-57.28284662678459,0.0,0.4144628581536265,1.8983369708542144,0.0,0.0259155795189291,1.7979095651186212,0.124802504711932,-0.4877799882049462,-0.0185351572509047,-13.883247423835982
15.076490297825746,2.021538621245069,-0.02,2.325536100733497,1.9461596446661256,0.0666984112516907,2.38835418939963,0.1491541102181033,-0.2778114345230319,-0.0378671222256562,-57.31205624692916,0.0,0.4258484414646868,1.8057092272345348,0.0,0.0396245254769413,1.8763022133031904,0.1246660863198483,-0.4932633032615655,-0.0212673343648912,-14.0602415043193
15.094921215060252,1.996848565022301,-0.02,2.325294846724052,1.791811333786275,0.023257511641163,2.489777985576123,0.1492682112811398,-0.262745255384157,-0.0374745962432615,-57.35650450573922,0.0,0.4511860496447329,1.869944372766344,0.0,0.0547258934404506,1.8767837347983864,0.1247261148537368,-0.4985779995931472,-0.0259914433808209,-18.92718135846848
15.113352132294755,2.044215207491221,-0.02,2.164840279185817,1.792004125975214,0.0371089429309298,2.5807805867022973,0.149326926015024,-0.2564260683613912,-0.0380832024024114,-57.39262147679395,0.0,0.4503801515900774,1.7900327493762607,0.0,0.0556916459250314,1.7921340045918057,0.1248117630489774,-0.5070710787687408,-0.0297691484771685,-16.79445245031149
15.131783049529265,2.188903439521154,-0.02,2.5323740836723347,1.9387472164608524,0.0372241040490828,2.5926290969071206,0.1493606808018036,-0.2526946553779809,-0.040599102516017,-57.42648026606876,0.0,0.460581693940889,1.7254348453401815,0.0,0.0503049579404016,1.8952915885618833,0.1247518805567599,-0.5223518597102056,-0.0340904788287929,-14.80607972248562
15.150213966763769,2.184423488938462,-0.02,2.6864402265886578,1.920224072149642,0.0377031942441128,2.6423575105243056,0.1493453504664889,-0.248773267844951,-0.0411592227787015,-57.46544442174108,0.0,0.4404525864592959,1.6824012024958088,0.0,0.0524382312572251,1.9388234331576948,0.1248274149713976,-0.5156793209432332,-0.0292886317522721,-16.570567913851402
15.168644883998274,2.0299577885626303,-0.02,2.783404963280523,1.8566661919733152,0.0554850534652759,2.704860142548682,0.1493204095790138,-0.2516231441343978,-0.041686483733813,-57.47758215629037,0.0,0.4411055316624899,1.590964678524486,0.0,0.0716946154145754,2.022381616515822,0.1247943752940143,-0.5218330408683731,-0.0247449438462563,-18.836777636081138
15.18707580123278,2.022785063514536,-0.02,3.14720305721039,2.058088068993671,0.044117878594134,2.706962695726108,0.1492888524214027,-0.2577331320082873,-0.0387697648701799,-57.52733724120843,0.0,0.382507155659137,1.720049249170354,0.0,0.0822560159437298,1.8841818477140448,0.1248366453688508,-0.5289034294246283,-0.0189431432856175,-19.08646151413281
15.205506718467287,1.9667298506108004,-0.02,3.3092508244338834,1.927199039931034,0.0446345111142142,2.738499185141525,0.1492317277805085,-0.2693844973071977,-0.0400938251449626,-57.583728659682464,0.0,0.4102073387199888,1.6822649404428205,0.0,0.076146712087199,1.9279390514870296,0.1248860569211435,-0.5259034779773624,-0.0179462147795227,-17.325685010376784
15.223937635701793,1.8676104523749868,-0.02,3.4504948399616744,1.966668640050522,0.0490824825077903,2.657747625927786,0.1491811028623778,-0.2790055401803896,-0.039163428835988,-57.606562767696005,0.0,0.4037763242414928,1.750072020819396,0.0,0.0934111100072517,1.9368690910297124,0.124959492276085,-0.5116453957210052,-0.0239109121991963,-16.531828488876343
15.242368552936298,1.751684539270121,-0.02,3.210488614416248,2.0220198967772336,0.0681151313198109,2.52261225942447,0.1491082811826662,-0.2772555854330424,-0.0364053847596748,-57.66561579594097,0.0,0.3713217331617285,1.7862366065520752,0.0,0.098712000754751,1.8498383229174535,0.1250136380539805,-0.511856965830464,-0.027228985575102,-17.40992359469888
15.260799470170804,1.791752846515701,-0.02,3.1868167517086,2.037034921237728,0.0714253792574075,2.5799993963072305,0.1490857534401936,-0.2761257682017652,-0.0320067144527837,-57.6979189409337,0.0,0.3512019905126469,1.75168662639892,0.0,0.0888769227123405,1.9288919930342592,0.124984194364076,-0.5171961682743497,-0.0283747960468987,-11.240469397010251
15.27923038740531,1.6380441495358964,-0.02,3.2158145963785234,1.938865708602476,0.0460476780898227,2.554596127239819,0.149112117913205,-0.283369567039714,-0.0236659768449208,-57.75863988554538,0.0,0.2952465540901308,1.732511345271746,0.0,0.0858482543852636,2.0912170831186128,0.1248764155183995,-0.5153720993738747,-0.0286640793679098,-12.067781511927526
15.297661304639815,1.653328904314714,-0.02,2.9655877890949074,1.901985650251243,0.0480584766463448,2.5291076726793538,0.1491662183144772,-0.2913411602371267,-0.0281305094651958,-57.82540810934088,0.0,0.3157950932630646,1.7156876058279427,0.0,0.081827148707272,2.0295185152270543,0.1249256346589965,-0.5070709897614067,-0.0276052961133458,-13.493327263885954
15.31609222187432,1.62189731770709,-0.02,2.689673375798908,2.0310420107643514,0.0459226919408476,2.2324049628855884,0.1492518635923257,-0.2964371804052937,-0.0369730999018556,-57.89247251136821,0.0,0.3203136825153438,1.678440616262418,0.0,0.0914612901379326,2.103524798317457,0.1249359133295504,-0.5125183240596684,-0.0296787680372191,-11.455102843180812
15.334523139108828,1.612642238678575,-0.02,2.563255562478316,2.04703873758339,0.0402971747675576,2.2732759487438097,0.1492623600593981,-0.2926183674068757,-0.0362972696176293,-57.96635550239557,0.0,0.3347838067457809,1.771434613524428,0.0,0.0915712425637179,1.9709784060480704,0.1243376162205869,-0.5107530271080523,-0.0338559179660033,-11.87900915827661
15.352954056343332,1.5645401090299842,-0.02,2.524938841631886,1.8841951093884373,0.0428115079926419,2.1751888415915928,0.1492859053451426,-0.2881038462180365,-0.0365925088197184,-58.01304192764649,0.0,0.3890587215865372,1.7504636527780295,0.0,0.0871335763652706,2.010604007654023,0.1238507451168975,-0.5168750826666784,-0.0386567331103524,-14.19478302826269
15.371384973577838,1.6929892118667125,-0.02,2.5815332874696297,1.9780254591608928,0.0324521290319736,2.1230228557580246,0.1492810584364552,-0.2827424164697313,-0.0393898161007454,-58.04791046771157,0.0,0.3335668502710877,1.7208749375901684,0.0,0.1044513126679019,1.932600642209832,0.1238195474496323,-0.5182911946033217,-0.0405307419952681,-11.124346090076344
15.389815890812343,1.7528056739731297,-0.02,2.3678854676327594,2.143841762534425,0.031635438009115,2.130581132881554,0.1493518940279438,-0.2838635742411199,-0.0342226990375733,-58.12502452435963,0.0,0.3048394478631332,1.7031618222696434,0.0,0.0909430020595947,1.9347655401008008,0.1241175253732646,-0.5214006179286528,-0.0333762980144793,-15.951894686767144
15.40824680804685,1.8732039391069024,-0.02,2.182727445188908,2.215280532324175,0.0016335507279767,2.266634574989895,0.1493600685734772,-0.2931949166530728,-0.0264094785713063,-58.16845988463877,0.0,0.3038496808632376,1.7159686006088546,0.0,0.0817289761587389,1.9542653430987296,0.1243871102897697,-0.5195725018583963,-0.0278166500028873,-15.749533933630396
15.426677725281357,2.004652453618676,-0.02,2.14796954399774,2.276336900677801,0.00535558326414,2.114356329774673,0.1493796454673029,-0.2927470086554606,-0.0268251360712436,-58.22406585443842,0.0,0.3050561037876104,1.6445555326793435,0.0,0.0760509405378542,1.774131400626234,0.1246753512375609,-0.5109654516703181,-0.0322704535672295,-16.837828885401045
15.445108642515862,2.1544707470875366,-0.02,1.9355486535223545,2.3021391708219183,0.0069492946413046,2.0830053819221264,0.149261333341255,-0.2865014089264662,-0.0251462142642845,-58.251628560094176,0.0,0.3249233675900487,1.6310141396045905,0.0,0.0950238188716454,1.7821058561200467,0.1247451009312522,-0.5123871772102006,-0.0362681729088495,-20.181960757950456
15.463539559750368,1.9710956456707187,-0.02,2.1420829358464126,2.253037209590829,-0.0066706605335238,2.0058886714309394,0.1492606006183107,-0.2759245832627577,-0.0239354630604707,-58.27490083395315,0.0,0.3515933555612119,1.6726153498562109,0.0,0.0994913034924765,1.8000783281482853,0.1247916967616093,-0.508877217729307,-0.0382698871732316,-19.443520665644087
15.481970476984872,1.8664561775567616,-0.02,2.519864440827355,2.119392795135202,-0.007080041389995,2.2072992576050914,0.1492286636657219,-0.2713840088816864,-0.0230242904286853,-58.316743809001096,0.0,0.321347984169724,1.7191046829887142,0.0,0.108979719413748,1.6703517095377227,0.1249415474964732,-0.5026088752030987,-0.0383127494193578,-21.462885982013788
15.50040139421938,1.975685230541117,-0.02,2.6296967241280553,2.1490181897069456,-0.0104427623925181,2.104063916005566,0.1491749578931297,-0.2661118316607357,-0.0190202026850123,-58.363878104673375,0.0,0.2758214244649077,1.627053827468856,0.0,0.1034174802379477,1.662882239646294,0.1250652445737508,-0.502959007893191,-0.0400635901196324,-20.503585756779344
15.518832311453885,2.08259429122584,-0.02,2.736076892973049,2.19080326777852,-0.0118928994142049,2.032327350674219,0.1492074697316832,-0.2704246401563599,-0.0267951900452714,-58.395624214836445,0.0,0.2208671095926902,1.5090576168479544,0.0,0.0977140921293887,1.6153160125739274,0.1250291890655389,-0.5039045936146832,-0.0375933342198063,-19.167688828564792
15.53726322868839,2.102527300359431,-0.02,2.694402786443019,2.1354116571064763,0.0030328573732337,1.97025260202176,0.1492618987598715,-0.2723675053450941,-0.0300498084136572,-58.42430625328751,0.0,0.2530117448998982,1.5710852619358109,0.0,0.0905819248351509,1.6654125966909996,0.1250159381621186,-0.509549733490044,-0.0318215533906905,-23.56923205413788
15.555694145922896,2.197344938219139,-0.02,2.8964981469561484,2.0140720254332747,-0.0048292908317653,2.13865900103038,0.1492953364735838,-0.2623710791907123,-0.0269076657542691,-58.44052565869693,0.0,0.2547521054562138,1.5404826106675813,0.0,0.0717619243644226,1.5709743715695803,0.12508555850797,-0.5017749713969749,-0.0306965662355469,-23.093304518014712
15.574125063157403,2.2548537209482884,-0.02,3.227037767435649,1.907603100099983,0.0158884141545942,2.041334406047997,0.1492230156996273,-0.254834766444106,-0.0243715957877634,-58.49819867853128,0.0,0.2431437745451907,1.5213653220856707,0.0,0.0591540799734461,1.6191742482881486,0.1251348342184786,-0.5035096444959695,-0.0393824524317954,-23.77587586991724
15.592555980391907,2.203917519338876,-0.02,3.172941842858471,1.7792172105107196,0.0154008933102506,2.2500888315474894,0.1492678182959912,-0.2602234334094502,-0.0251969962307055,-58.55691592731949,0.0,0.226153777100346,1.6118740335840849,0.0,0.0585273038677387,1.7179510917694605,0.1249887625653559,-0.5082424773412523,-0.0414205059404833,-23.165912882945484
15.610986897626416,2.1103439278455527,-0.02,3.146949172935378,1.794918230919237,0.0269117200568865,2.331369751116742,0.1493633883560335,-0.2586050822405528,-0.0300003983205774,-58.6111574573934,0.0,0.2248566981918864,1.6712986396472642,0.0,0.0417046547265777,1.5933751000640253,0.1248768857163784,-0.4944097141615604,-0.0309087148222931,-17.85147198804178
15.62941781486092,2.274255869197498,-0.02,3.05689555302582,1.7472460485199972,0.0417648523991964,2.423847087509904,0.1493538068515345,-0.2556018778268898,-0.0275816152707812,-58.65106126075823,0.0,0.201919408141211,1.5438134124346152,0.0,0.0568632214737156,1.7345354510028255,0.1242309200551534,-0.5003491311618483,-0.0307451880996427,-19.098633258877165
15.647848732095426,2.3924252200460185,-0.02,2.840328004315604,1.8317000551202995,0.0406130096769517,2.231027052530659,0.1493766319661102,-0.2537431811340669,-0.0214493421446104,-58.69152806780141,0.0,0.1885624252731494,1.5494386755688974,0.0,0.0416696609167228,1.843890402296832,0.1234212377608853,-0.5142599804385153,-0.0335976744563326,-19.32164885960201
15.666279649329931,2.250172829426319,-0.02,2.869511165719425,1.7207705008868437,0.0298474112291541,2.231526363558616,0.1494099815819265,-0.2694224357148309,-0.0197406269269909,-58.743232226448136,0.0,0.2149269847911581,1.6320391096503364,0.0,0.0394080331323386,1.9638442605610464,0.1232994637981156,-0.5129136435265856,-0.0328598254859779,-24.087560861892683
15.684710566564435,2.2434471046537903,-0.02,2.6742556917753606,1.6804027260756254,0.013441003024461,2.4161555530103698,0.1493627990977512,-0.2675025927875012,-0.0199136422172469,-58.810214185081776,0.0,0.2332885698454501,1.6763463932163034,0.0,0.0446882312450523,1.9839296788389105,0.1235657526325732,-0.512092212363316,-0.0340083723309919,-24.337508652430365
15.703141483798944,2.15256786767945,-0.02,2.4170438498168028,1.7965742702160314,0.019358428501969,2.536870732183071,0.1493917155354423,-0.2646660737792095,-0.0211786152538149,-58.87491887760397,0.0,0.2288017819150281,1.7437245676875286,0.0,0.0484200888279088,1.8853111543141088,0.1244985417786513,-0.5071735853878934,-0.0386129396425387,-20.893080013690973
15.721572401033448,2.0432407687778844,-0.02,2.276974966465892,1.843887503282709,0.0305585782770207,2.3564707963396208,0.1494313059199445,-0.2680775768059414,-0.0229417149755804,-58.93087159933616,0.0,0.2786504846859282,1.6831590508202108,0.0,0.0556104225766469,1.7949665148129226,0.1247800417657111,-0.5000260790908445,-0.0367168249986492,-23.85743345104148
15.740003318267954,2.034885511163303,-0.02,2.3074838271803526,1.9510054825920888,0.0321662027693687,2.5834464498345646,0.1495325646160983,-0.2730077196113326,-0.0249487294359682,-58.96349889536537,0.0,0.2576708603197937,1.7872412639604234,0.0,0.0660721133018074,1.736466407030009,0.1249034607805653,-0.5054733982757331,-0.0337124944628611,-22.54760085775753
15.75843423550246,1.9411113529260733,-0.02,2.257725315631736,2.093732007427437,0.0443481801347646,2.503306798201636,0.1495960703780594,-0.2774484339348249,-0.0171772749841228,-58.969567495852274,0.0,0.2865001367073872,1.662035202015933,0.0,0.0810709698845699,1.7426369055007058,0.1249521025814533,-0.5116748206575947,-0.0357016371752941,-24.60461143945667
15.776865152736969,1.9199236660021908,-0.02,2.278240541900834,2.118017344037702,0.0390127520053712,2.635163959475442,0.1495556557748817,-0.280912865999871,-0.013248531319972,-59.01850461639202,0.0,0.2591671870953208,1.6002493818983508,0.0,0.0853969881541591,1.7516899257376977,0.1249702001686603,-0.5204085460641498,-0.0362902057445366,-26.08052687219815
15.795296069971473,1.8119380283898767,-0.02,2.42739549685862,2.03808671133259,0.0458658358545142,2.5757266304287945,0.1495479264783805,-0.2887775912631495,-0.0124450810092124,-59.060401282441816,0.0,0.2525625228530779,1.7843683041261522,0.0,0.0749830813100073,1.6326413283449883,0.1248634656930739,-0.5176381162921389,-0.0384346597748047,-21.33447679323496
15.813726987205978,1.8704198052097591,-0.02,2.306404489386361,2.028362356132358,0.06779501265546,2.5525985984335273,0.1495573527792876,-0.2878141640673085,-0.0176516129891085,-59.07741923372632,0.0,0.2822278787935568,1.7083879098928592,0.0,0.089571055758897,1.652407913995179,0.124875772679825,-0.5154921838797359,-0.0398841791791556,-21.59259674664556
15.832157904440484,1.9771294879120835,-0.02,2.2231384881801155,2.11614660999207,0.0775263551845556,2.5234320521395004,0.1496112560152584,-0.2774167712327532,-0.0225225356015744,-59.09593352404168,0.0,0.2592625127261821,1.6416741488364013,0.0,0.0960224213334901,1.697983416812779,0.1248157293559592,-0.5170756501272401,-0.0415752957577245,-18.271088928125128
15.85058882167499,2.04393536554118,-0.02,2.098493595623509,2.017948159195828,0.0948481666062472,2.5166277934328805,0.1496174634890565,-0.2860636436569167,-0.018302873680514,-59.11475358944626,0.0,0.2659912840460815,1.6819484398105464,0.0,0.099965371223675,1.806626590349896,0.1249131590420201,-0.5208591982251579,-0.0465506234800764,-16.91687304479207
15.869019738909495,2.0342355303091924,-0.02,2.2409637255438684,1.9317625574881128,0.1059725969315802,2.4584666123829257,0.1496040173159299,-0.2849273295647809,-0.016556144836966,-59.15222691571527,0.0,0.2768784235874381,1.6761117030638824,0.0,0.1153581995279591,1.7686447159550738,0.1248802505401705,-0.5203952531586495,-0.0430863740133848,-18.58249216482128
15.887450656144,1.885628926955872,-0.02,2.2933018816996937,1.903156451251684,0.11431125849568,2.5897611299579286,0.1495904575731173,-0.2811069991236476,-0.0198409366581973,-59.20909329908283,0.0,0.261611485115668,1.6823044737381228,0.0,0.1237496502037097,1.8629802543074072,0.1248017892140834,-0.5218588053044636,-0.0424844814203017,-14.076837506431698
15.905881573378506,1.8458737412604889,-0.02,2.272160858224012,1.794935982638082,0.1160715996415348,2.41518241423675,0.1496006207155574,-0.2805323517918559,-0.0165482441182046,-59.24333502312805,0.0,0.2875713665421142,1.6075198586378023,0.0,0.1168778394638198,1.8214159939813368,0.1248446681075425,-0.5108646836328278,-0.0372724569175387,-15.01723777257743
15.924312490613012,1.9768258171032984,-0.02,2.366010053335717,1.711967898447021,0.1164993750195278,2.3538970558497616,0.149532732703447,-0.2805230386561848,-0.018274218973322,-59.28188678074132,0.0,0.3141288675307218,1.6984211091091392,0.0,0.1119958070585073,1.8843782911101696,0.1247499073159438,-0.5116161037943585,-0.0352212485255367,-16.42521099799656
15.942743407847518,2.079069354632117,-0.02,2.442318809429268,1.838119170311043,0.1234093962121667,2.425923782753429,0.1495393223778131,-0.2783347732755483,-0.0194966450496844,-59.31662373129184,0.0,0.3430075294059266,1.7299838046538032,0.0,0.1110429978840735,1.9009380001641816,0.1247051592992412,-0.4998125206307574,-0.0389054183736168,-16.261364010032764
15.961174325082023,2.0643297091515853,-0.02,2.287462450162188,2.032659511538476,0.1172715062926515,2.3899565820669166,0.1494772919045138,-0.2699227948502,-0.0209426518155968,-59.37540783335052,0.0,0.3399319065350109,1.685248948313081,0.0,0.1339973603163692,1.8353121467616496,0.124798113951144,-0.5006495988449461,-0.0362724494408538,-16.956945921845946
15.97960524231653,2.1577993896362324,-0.02,2.5975679604631026,1.9689987512067624,0.1005942371210834,2.699522536889633,0.1494767506490587,-0.2721992226958481,-0.0262396096559482,-59.45165398498727,0.0,0.3288581338886859,1.814699293973612,0.0,0.1228328163460762,1.9276680268817656,0.1247680743516495,-0.5044068226963592,-0.0344443040461917,-22.11069895458942
15.998036159551036,2.155008174302089,-0.02,2.558168514325397,1.9562952555042887,0.1123896390776014,2.7798406735434527,0.1494267581603401,-0.2724067492772494,-0.0278765894329067,-59.49983094738364,0.0,0.3593637920783308,1.8332649972576325,0.0,0.1244088824744265,1.8240153705608684,0.1248688527844214,-0.5045712461921539,-0.0351899089962124,-18.59044954683823
16.016467076785542,2.210524772349335,-0.02,2.952610433002634,2.109106021393905,0.1239435544659628,2.72236365948706,0.1493674590002809,-0.2661908769351959,-0.0262810545040782,-59.5526930759244,0.0,0.4000991989497483,1.714698220765495,0.0,0.1239864732735951,1.674690743212054,0.1248382014055751,-0.5069770193854266,-0.0399822863138598,-19.46840572117149
16.034897994020046,2.2635677729936257,-0.02,2.9774651893890347,2.0418130904791534,0.0901329342186495,2.676349395837222,0.1493376727965716,-0.2672525000959363,-0.0263435525283041,-59.62381211841517,0.0,0.3883853907346768,1.7091998479776018,0.0,0.1101381576997449,1.7883458592395922,0.1248976355234277,-0.5048719077879854,-0.047230855141278,-18.830658001664684
16.053328911254553,2.4567753715610383,-0.02,2.849302016671936,2.042640253462793,0.073227862980521,2.544791104887664,0.1493421676365874,-0.2740421951622532,-0.0293331718755594,-59.633294090963695,0.0,0.3845084731288,1.6709794621763103,0.0,0.1068420654244337,1.7125222615830078,0.1249839460588636,-0.5058664121861308,-0.0402885000187115,-20.679396396014443
16.07175982848906,2.356270965002305,-0.02,2.930111561631906,2.1546511062590907,0.0530284986309783,2.6649645422093675,0.1493235723794529,-0.2811017774257342,-0.033735501836898,-59.66488778282093,0.0,0.4007607137620546,1.6202007960887006,0.0,0.1129053223423811,1.7207259133339037,0.1249548482903589,-0.5087877496363551,-0.0365591787461205,-22.12126497945265
16.090190745723564,2.235093492658931,-0.02,2.791548502682524,2.2383045121052336,0.0551567784216938,2.6606835639677726,0.1493259751469479,-0.2767739860351969,-0.031214587795632,-59.71159423766834,0.0,0.3717731044066566,1.6879730922221163,0.0,0.1166709078690579,1.7018630333499347,0.1250179211516776,-0.5068399562437839,-0.0393081905964041,-17.078085218743308
16.108621662958072,2.175664710717868,-0.02,2.980799859146916,2.2986760455705646,0.0525418431627379,2.4498280241686508,0.1493826353334182,-0.2767742094172448,-0.0328924416977547,-59.78063404462865,0.0,0.3637788502094821,1.7472305759071602,0.0,0.1256631329162126,1.8205770251286264,0.125082446890794,-0.5147832925570024,-0.0358215023476798,-15.373738301928531
16.127052580192576,2.2464650910136474,-0.02,2.935912083861093,2.2772177476705293,0.0524386023842189,2.71463259694583,0.1494518283106364,-0.280589069850656,-0.0331810300624159,-59.82436032571417,0.0,0.397575883634364,1.8135614882576785,0.0,0.113443132521539,1.8681251413614473,0.1250230271779339,-0.5154959943398356,-0.0308576605121998,-19.17472802449408
16.145483497427083,2.081862454225812,-0.02,2.596367666016762,2.2416205128993307,0.0219183376549538,2.5909111447901547,0.1494248339406479,-0.2751705169440517,-0.0264870684346475,-59.83379910048902,0.0,0.4194357796137362,1.8500305035426527,0.0,0.1260666054419494,1.7398850025354091,0.1249222085021048,-0.5107770838258103,-0.035568357903117,-14.69680097148998
16.163914414661587,2.057079175963399,-0.02,2.5605873593078186,2.316580931862342,0.0216662765610823,2.4909917471707637,0.1494429748626168,-0.2746930446804999,-0.0245472678751582,-59.8934940664485,0.0,0.4359731789955355,1.9116035046336792,0.0,0.1290553348197455,1.7114629204607281,0.1248340573951093,-0.5119565434173698,-0.0377577145995163,-18.895421088811474
16.182345331896094,2.035610337707068,-0.02,2.438477947581396,2.1966206791286806,0.009929547593826,2.590736230186185,0.1495336241857484,-0.2795959831622755,-0.0229651914320408,-59.90886545981425,0.0,0.4463080579031104,1.93222597922946,0.0,0.1198997897978425,1.784469229866622,0.1248952782068887,-0.5081286846828104,-0.0384318863465705,-19.41016300932428
16.200776249130598,2.214998131352311,-0.02,2.4541184897351327,2.3620384500771663,0.0179986486074734,2.74064596918843,0.1496129984392852,-0.2774777320606348,-0.0239454868685791,-59.93367129083893,0.0,0.4461653817122625,1.8933688912978024,0.0,0.1154946944212466,1.7817985532187606,0.1249146168505106,-0.5061718633558605,-0.0377085302198244,-19.6987146856924
16.219207166365106,2.1761875193658446,-0.02,2.7035487032149508,2.2611053740213265,0.038573590853668,2.658816199299957,0.149623681182101,-0.286481401810335,-0.0272063884547312,-59.98851812933751,0.0,0.434649919646554,2.040612077344469,0.0,0.1140530277601215,1.9369139693119743,0.1248642413649326,-0.5087560074737939,-0.0362184664436138,-22.371141666096253
16.237638083599613,2.248563296247774,-0.02,2.3968236242736,2.2376531084871543,0.0583533269024928,2.6538309364509174,0.1496029113106474,-0.2855417441338271,-0.0257760335322901,-60.05679327630367,0.0,0.4336026433894865,2.1523979191835685,0.0,0.1299296277857554,1.9793254387200383,0.1248538724597327,-0.5083966316144047,-0.037304289100544,-22.69143452441084
16.256069000834117,2.2808549977675265,-0.02,2.5764527654469016,2.214491611248244,0.0746965051355251,2.87089573765212,0.1495326947255012,-0.2816741003936538,-0.0279597988779004,-60.10110103661383,0.0,0.4337183953823222,2.05018175893632,0.0,0.1345295879796438,1.93920914857429,0.1249056201787855,-0.506142857714355,-0.0381592611153979,-28.626393667000016
16.274499918068624,2.2475249807164186,-0.02,2.494648824805474,2.0830342764691823,0.0805977676484608,2.8679937039453502,0.1494920791335045,-0.2820560121773587,-0.0315642959831848,-60.10573791704153,0.0,0.457982852200771,2.053799396446664,0.0,0.1355389847432259,1.9150694130999943,0.1248570951430957,-0.5002145004248422,-0.0397274521804853,-31.448424491659285
16.292930835303128,2.241572493828379,-0.02,2.571636172776772,2.071892781316006,0.1016562397577606,2.749115543042928,0.1493741390264464,-0.2754640879623717,-0.0205569059970761,-60.15042274257013,0.0,0.3869195845839298,2.056318913551226,0.0,0.1212960146494772,1.958429205879356,0.1248750819881826,-0.5038759282630416,-0.0402419478364212,-33.10541957414051
16.311361752537636,2.19976249101046,-0.02,2.747493960695373,2.125084761176739,0.1547776420911596,2.598456607025676,0.1493733893612887,-0.2749904132113356,-0.0152459032292799,-60.23677997828891,0.0,0.4159464853487343,2.0458724033333384,0.0,0.1095492778384185,2.0736707884375685,0.1248837022970735,-0.5054392777569051,-0.0388948398289076,-35.073506783027014
16.32979266977214,2.151200441947537,-0.02,2.809364207537864,2.1909102144985715,0.1433553328637966,2.6702836974627515,0.1493395728892248,-0.2807356972234844,-0.0276967453614136,-60.2568950930816,0.0,0.3666793426983802,2.068425373463404,0.0,0.0832071910252023,2.268055909574159,0.1248247364485813,-0.5091893998937235,-0.0378886970204508,-33.825479364012494
16.348223587006647,2.1499289798444385,-0.02,2.9249677168604915,2.3231625720938847,0.1321659783431701,2.690883908141606,0.1492970226071791,-0.2858968546836255,-0.0234875150680035,-60.325532041773485,0.0,0.3154737436302378,2.048703730997328,0.0,0.0864676632790885,2.3566587621534336,0.1246254958617858,-0.5090522211181091,-0.0364399249840311,-35.46779086331361
16.36665450424115,2.036362392303688,-0.02,3.093051382710948,2.217417859499702,0.1368602742846831,2.692876393965405,0.1492414682703549,-0.2925949534293206,-0.0141034579946459,-60.37860675953085,0.0,0.2962838368914431,1.9606818468096625,0.0,0.0846973906762533,2.4393910619024903,0.1245516872900645,-0.514353348539827,-0.0361323502471082,-37.27063477330533
16.385085421475658,2.0665973303481664,-0.02,3.166124358747757,2.39650186381636,0.1154790300583029,2.769855083279624,0.1491697914193333,-0.2820573215460034,-0.0213020715258167,-60.409497623127294,0.0,0.3142238911595309,1.8973429212033504,0.0,0.0891261485845744,2.4411884817111806,0.1245603561978579,-0.5076055053539064,-0.0375971844932914,-35.62280881247858
16.403516338710162,1.9947480492279344,-0.02,3.370614544540997,2.3530654012332164,0.1278240000924938,2.636041342591528,0.1491268950689886,-0.2799704256391505,-0.0276161904537891,-60.43433321288757,0.0,0.2671005745675311,1.7573019056338441,0.0,0.1029510092152052,2.3701513198610886,0.1246415632129665,-0.5093030036040725,-0.0378541961210225,-39.047137037640034
16.42194725594467,1.961831708477724,-0.02,3.537893161301044,2.3206073366237514,0.0920669919190476,2.50597220136698,0.1492371498075168,-0.2748513682435378,-0.0239257739875613,-60.485581476285525,0.0,0.24977679778063,1.804501770185064,0.0,0.0796121810305999,2.316311331444591,0.1246874123483848,-0.5222909800505673,-0.0367614891790151,-38.23323583603636
16.440378173179177,2.047964282276576,-0.02,3.375792653395554,2.324799984583485,0.0852388387803806,2.460272540262839,0.149195612940398,-0.2670727063532789,-0.0206362856092297,-60.53611024446149,0.0,0.2234117276066852,1.7078588654139824,0.0,0.0704473321554418,2.095976708453251,0.1246584876022005,-0.5237592265146331,-0.0303806094709177,-38.71455926213383
16.45880909041368,2.018682503405066,-0.02,3.2538067052816286,2.4175170691773262,0.0734854974439955,2.381724385509748,0.1493344098491316,-0.2681305304509571,-0.0208843296810174,-60.57942577844546,0.0,0.2570172208191361,1.543144409127294,0.0,0.066937546981843,2.05161454364456,0.1246040560290474,-0.5176521135161652,-0.0252119917118369,-40.008142749990654
16.477240007648188,2.120301032241133,-0.02,3.3188054496355104,2.360719784980779,0.0623059211203684,2.4846722134660326,0.1492107440302343,-0.2582823355963086,-0.0272808244535759,-60.60942933013651,0.0,0.1981048956290716,1.4600236213502698,0.0,0.0843706305578737,2.1095076132840527,0.1245799103702297,-0.5121428182744682,-0.0317202860318676,-37.204995817207525
16.495670924882692,2.1509249803132926,-0.02,3.390917446223265,2.261477614622297,0.0579888600056349,2.485014779495984,0.1491568324285745,-0.2597603457065057,-0.0255405988610369,-60.66733889146312,0.0,0.2096537448857275,1.4283814950336702,0.0,0.100340878385357,1.9504551642786607,0.1246169622109857,-0.505827277437094,-0.0340906715330367,-38.24833452667496
16.5141018421172,2.039796316817144,-0.02,3.168598104678245,2.212843649950747,0.0634346864136104,2.364665562700856,0.1491390199345174,-0.2658986155313037,-0.0164877558709958,-60.69722935408364,0.0,0.2339782570917818,1.4574896823664476,0.0,0.1038804690711635,1.878336281198604,0.124653587896141,-0.4975764115798943,-0.0287621775353456,-37.32394609459294
16.532532759351703,2.093722530966323,-0.02,3.1608556856880514,2.217470928231596,0.0712299083971639,2.217392367469724,0.1491053771869965,-0.2624840680940838,-0.0105886295515229,-60.72956654532902,0.0,0.2614515928980784,1.4662129186907693,0.0,0.0882182767853567,1.8362552595401445,0.124590686021076,-0.4993941222742152,-0.0334639731865847,-33.226097641159576
16.55096367658621,2.1440064901681675,-0.02,3.1037845211117916,2.0748857480322167,0.0773839252955957,2.373403166273688,0.1491891423009222,-0.2601003369918861,-0.0124936432942954,-60.78465041582906,0.0,0.222437336237354,1.4418556537077123,0.0,0.0677452639317944,1.6865213878036673,0.1246589164960779,-0.5030211244383358,-0.0348041604697602,-36.77387662219368
16.569394593820714,2.233148554005102,-0.02,3.184459846759851,2.0964343119638014,0.0644909780512333,2.364601986284668,0.1492665979468578,-0.2526587439346799,-0.0224925556191174,-60.844685375590245,0.0,0.2438712987223955,1.4487417441774613,0.0,0.0528122008733221,1.8781401706323049,0.1246942521463899,-0.5072901425448685,-0.0320979202327075,-33.21219327879867
16.58782551105522,2.192409107534865,-0.02,3.122860527017651,2.140536482337771,0.0702434371978254,2.2390182436039665,0.1492196819005064,-0.2568383632642461,-0.0234842115921595,-60.8820626665015,0.0,0.3069748819084893,1.361393225798402,0.0,0.0529034201130276,1.970023653885076,0.1246896574668146,-0.4908951298484275,-0.0326270555718639,-34.68899369434659
16.606256428289726,2.1014536969262623,-0.02,3.3586301412698547,2.06845747891205,0.0802946799157899,2.3505963603492086,0.1493229490705149,-0.2565723110402849,-0.0183980428376001,-60.93457539843976,0.0,0.3369181884098695,1.492151372566737,0.0,0.0558046127470653,2.1088240800462374,0.1247388196451202,-0.4845968274529488,-0.0331573807020459,-33.29038212385068
16.624687345524233,2.1944198427253734,-0.02,3.7121429151907264,1.948039127203734,0.0750784497907939,2.5003385822915862,0.1493027286767875,-0.2657937130484867,-0.0106528933081202,-60.977308271404496,0.0,0.3196912707264523,1.5402569891224085,0.0,0.0807828019692815,2.069589193799412,0.1246509810979629,-0.4873492365942292,-0.0333975780764622,-29.843092053399086
16.64311826275874,2.213648004505156,-0.02,3.5816983836136935,2.003472146666633,0.0466921520995523,2.5846383624967686,0.1494310351683811,-0.2738238312681134,-0.0063188049383769,-61.0212999862064,0.0,0.3129188418176991,1.461590776432658,0.0,0.06909541262359,1.8739620473089729,0.1246690464072907,-0.4872571404964876,-0.0371205680837354,-30.232434057020072
16.661549179993244,2.2631808566750564,-0.02,3.5187235158310224,2.03768290423368,0.0426657535242513,2.476242979668281,0.1494194898479788,-0.2709133618510805,-0.0070741103324846,-61.070745180741255,0.0,0.3295430500284146,1.4201564621259315,0.0,0.0770147383053847,1.9231831093631355,0.1246529726182563,-0.488774813229885,-0.0387014238936127,-30.24954416810776
16.67998009722775,2.317686025585867,-0.02,3.601568237832194,2.038426986059793,0.0461899092756416,2.3899086534123226,0.1495101424122202,-0.2620096490502626,-0.0066743278753518,-61.11086663601707,0.0,0.3108823553434127,1.4689040987916215,0.0,0.0723666886935205,1.7812853047974582,0.1247079660506196,-0.4963855837813252,-0.0351241382761033,-25.783496893480205
16.698411014462256,2.2086944131711777,-0.02,3.4646282667454567,1.9523315465215207,0.0531400176830553,2.3515801209614784,0.1496661603334941,-0.2567757651499393,-0.0074523894201763,-61.16675991930308,0.0,0.2633401092585821,1.6057079588626275,0.0,0.0947646732021788,1.7420912240509463,0.124612822516692,-0.4969117268708136,-0.0336833143225358,-27.695643610296514
16.716841931696763,2.099864626807084,-0.02,3.5152913283989826,2.0214365183833927,0.0464882862118668,2.0480883779200942,0.1496481462135998,-0.2594558737353197,-0.0112283798534417,-61.21041261653397,0.0,0.2495391762521426,1.6051977819167942,0.0,0.1261362086796829,1.790854347547527,0.1245014716770865,-0.4938609944390841,-0.0392104868514338,-20.13643164458793
16.735272848931267,2.065648041319608,-0.02,3.4046171140185115,1.9079457084519604,0.0384173573080988,2.0186793126293674,0.1495237509755399,-0.2605219096056473,-0.0098885701684564,-61.26415810170301,0.0,0.2999817569116992,1.6698539514161927,0.0,0.1056041225555536,1.622308467954442,0.124519133143306,-0.4992574883961239,-0.0404689804589157,-23.512730793712542
16.753703766165774,2.077873643041916,-0.02,3.139273635125992,1.9188420369096413,0.0322696136608197,2.093747636938468,0.1494600602270507,-0.2544376608989353,-0.0073514192497015,-61.30999682221642,0.0,0.2178405855397536,1.6510264704043187,0.0,0.1040222424610312,1.6490749952618582,0.1245394734367494,-0.5079468571784644,-0.0337698447471252,-18.835564022365148
16.772134683400278,2.246240373478136,-0.02,3.195582119081232,2.100263645317148,0.0292113151958989,2.040808077738528,0.149456912567473,-0.2619542447469213,-0.0115583076833219,-61.34849893535512,0.0,0.2173654065140807,1.6086646831214286,0.0,0.0911841029239952,1.605388004576337,0.1245762690306375,-0.5043010690904474,-0.0352769121063332,-22.708868528345395
16.790565600634785,2.114872537904384,-0.02,2.78428260737917,2.1579464015539385,0.0167708354073127,1.9202257682187744,0.1493887221705568,-0.2683209264363206,-0.0150652710829491,-61.41732041069154,0.0,0.2266620474206763,1.7168838271242215,0.0,0.0659449279264404,1.6425168196749071,0.124660627009574,-0.4938695504970481,-0.0356122130446503,-26.29293499054026
16.808996517869293,2.287428721534806,-0.02,2.7987306279525783,2.305958613860732,0.0210368676581194,1.8527194387679191,0.1493025734190285,-0.2668241361099654,-0.0057903004515233,-61.45822077465048,0.0,0.2544417750739084,1.77003653626487,0.0,0.0741642602902936,1.7610173417028907,0.1246834702237978,-0.496976716232635,-0.0347613284343445,-30.31268835751749
16.827427435103797,2.210459755003129,-0.02,2.903053911252828,2.1857028601118134,0.0451204960176347,1.9441837279899488,0.1492955003560183,-0.2657319184477847,-0.0019132773295187,-61.497319437438335,0.0,0.2452709420674266,1.8203010091238432,0.0,0.0786505346036424,1.7671481569958012,0.1246601471894163,-0.4990653412145071,-0.0364338562244637,-32.632411830338874
16.845858352338304,2.162515495344295,-0.02,2.9806113228933584,2.1837576108833288,0.0371187097304852,2.156879432928291,0.1492648744609074,-0.2647451617408368,-0.0017311224308318,-61.56681718946026,0.0,0.2430969012336203,1.800036766971792,0.0,0.0715733029666473,2.04805242905518,0.1246771389723988,-0.5025634277818778,-0.0378816804022643,-33.86648362999569
16.864289269572808,2.113569698400104,-0.02,3.14546445014544,2.401404573422953,0.0286476141875228,2.1497590246173583,0.1491812095095623,-0.2723105215963621,0.0008782055079934,-61.59930421099055,0.0,0.2366829225136648,1.7310427218836903,0.0,0.0536362178208649,1.9220179671252864,0.1247627626913084,-0.5041788434450745,-0.0396375133173117,-35.51801573305716
16.882720186807315,2.208410556292901,-0.02,2.935754035178656,2.497091128429851,0.0391735928279231,2.314972848189701,0.1490605462057633,-0.2761174995737898,0.0050747053118038,-61.64416434120017,0.0,0.2866454458944252,1.7297381783322354,0.0,0.0476493717347182,1.9931817778368328,0.124654784585815,-0.5024553967729989,-0.0419183070955725,-35.408165678265334
16.90115110404182,2.143365128653604,-0.02,2.827924662159607,2.625727571477059,0.0402681111095335,2.462750524765487,0.1491285867369285,-0.2804447310177322,0.0066858053006282,-61.67843437507656,0.0,0.2686780243432298,1.746931412107753,0.0,0.0456406554761007,1.9353360683238112,0.1245910486401154,-0.4957665222529085,-0.0412445672417325,-31.06276552161237
16.919582021276327,2.2551648309968813,-0.02,2.9362416057988168,2.4778339934484603,0.0724176316778681,2.546716585428548,0.1492199525679437,-0.2823070002926922,0.0021736542630447,-61.72818586607597,0.0,0.2774298388120113,1.8393498246653937,0.0,0.0566629396532523,1.7935401239066662,0.124577863455179,-0.490138328231804,-0.042966888507457,-33.10263886024734
16.93801293851083,2.150687230746126,-0.02,2.7639958178054886,2.36549107982822,0.0689571730526113,2.41578797229224,0.1492701174711196,-0.285154318211403,-0.0023388178294431,-61.780792832107146,0.0,0.260941842868161,1.7594454878651729,0.0,0.0698524134290088,1.7587073672798954,0.1245810970356542,-0.502097959997415,-0.0422146559698861,-27.79386423600296
16.956443855745338,2.267173760238408,-0.02,3.0350179099146373,2.323595038559912,0.088263023657245,2.5465477009542443,0.1493934714714749,-0.2789844309173098,-0.0047174798956734,-61.8057989990048,0.0,0.2877579886990445,1.7168736842963828,0.0,0.0909775247240431,1.7312560940389403,0.1245532805262471,-0.520589382121475,-0.0430966879703365,-24.809827612909967
16.97487477297984,1.9917331287991689,-0.02,3.031248738696148,2.1283112224839944,0.0830656708842207,2.585266927148354,0.1493757613404985,-0.2770614812022757,-0.0064579929652271,-61.84119501768339,0.0,0.2938670055500987,1.6725335313253364,0.0,0.0404039278733922,1.6479412155668092,0.1244703472990089,-0.5114292972318234,-0.0438691653622081,-19.577930762026188
16.99330569021435,2.10120948764408,-0.02,2.8483712789246187,2.2516203960131094,0.0765181000737596,2.6220158261269617,0.1493440308505698,-0.275449043227734,-0.0028933745273572,-61.88264051894693,0.0,0.305988127068267,1.635258513894892,0.0,0.0386560847184467,1.6525502656782145,0.1244959419965365,-0.4982887694196285,-0.0421578632889733,-15.99207944123083
17.011736607448857,1.992959469679377,-0.02,2.57544484436006,2.407747058610289,0.0772518946516313,2.497099598882538,0.149303204618996,-0.2749300494227564,-0.0073625816640523,-61.910824491397165,0.0,0.3156449764938325,1.5944167758557872,0.0,0.0442467092824488,1.4875346057397738,0.1245663878819202,-0.4935278437712402,-0.039692760715409,-16.84969223216879
17.03016752468336,1.9811271508075208,-0.02,2.676108276967531,2.325737985447428,0.063348684979679,2.485493165383289,0.1492922035488109,-0.2748361480661916,-0.0095104126684184,-61.97327687956631,0.0,0.3466625735372441,1.6215738026728692,0.0,0.0400234695682082,1.5567861238970844,0.1245565211057344,-0.4870443667302512,-0.0372472172453854,-17.237232068112693
17.048598441917868,1.813479069883468,-0.02,2.758509112270428,2.2469969654197617,0.0405468013183796,2.3562075407598897,0.1493844170379802,-0.281633347250942,-0.0050357872757535,-62.01727394607368,0.0,0.3180089848019591,1.6567219871635437,0.0,0.0593047702374735,1.575696512034275,0.1245986389808593,-0.4889370325427662,-0.0356552632512475,-24.51321706559056
17.06702935915237,1.9319462649747416,-0.02,3.023727811209794,2.171688333778835,0.0691558022151614,2.4449161748789825,0.1493597904766493,-0.2798248580706275,-0.0056259623245982,-62.06536259480621,0.0,0.2849041054502457,1.5962200543349994,0.0,0.0478525528488295,1.7067854974736614,0.1246081741190127,-0.4884152431424924,-0.0372454419548806,-29.211927099029744
17.08546027638688,1.8878035522983,-0.02,3.150591538398371,2.3370734509202897,0.0483492568052355,2.301522614790686,0.149380350060908,-0.2803021447310961,-0.0088969553342588,-62.1012942010604,0.0,0.3148231346797165,1.4996177997623,0.0,0.0535717514591821,1.951754808906501,0.1246146067312895,-0.4918512193122042,-0.0361196244697498,-25.3432681024908
17.103891193621383,1.859362067375188,-0.02,3.1501913574871394,2.422582565224543,0.0435725586716005,2.512452777614108,0.1494056908985573,-0.2710494666477657,-0.0110006885991762,-62.15335072027286,0.0,0.3141223668874648,1.657990459578331,0.0,0.0665306520962364,2.0312461568946616,0.1246432945737132,-0.4886413327334021,-0.0365786284027506,-25.49828376567633
17.12232211085589,1.7815943706765731,-0.02,2.9281788232033974,2.592340193844448,0.0336294814140494,2.309931471936636,0.1493469812737778,-0.2742465811799053,-0.0118480494898215,-62.20738811041496,0.0,0.2885317977187653,1.639980892771006,0.0,0.0380001818385396,2.1562893062796906,0.1245685523714198,-0.4887289744142026,-0.0359041422614465,-25.63165070116494
17.140753028090394,1.9142812615855047,-0.02,2.830066943344375,2.693140890478444,0.0485827046513421,2.266139870416572,0.1493454486107127,-0.2875565859202763,-0.0109108222452827,-62.24581176113788,0.0,0.2948905695160508,1.6725201309426065,0.0,0.0710074851601711,2.155877777183938,0.1245342307874298,-0.5000287350031049,-0.0358894809187637,-23.81884315367712
17.1591839453249,1.823973327999317,-0.02,3.001313136244624,2.7110069164981336,0.0427410571684598,2.323074404659556,0.1494012844566895,-0.282468754838713,-0.012720414179037,-62.274382916175405,0.0,0.2643651904310139,1.7541617737943402,0.0,0.0542762132893425,2.0338731356324,0.124590974682547,-0.503901753885926,-0.0329948164549358,-22.53856336831532
17.17761486255941,1.9962506777897489,-0.02,3.131143049654268,2.507248638811148,0.038764020844874,2.3892481902463474,0.1493971312198582,-0.2814651994960379,-0.014301173823511,-62.31653811592524,0.0,0.2840280120758701,1.8277836978185331,0.0,0.0555571526030469,1.9212047617525456,0.1244918898858108,-0.499096311922624,-0.0369332152624695,-25.53829246039558
17.196045779793913,2.12107824467057,-0.02,2.956944033728784,2.4267493468544385,0.0467713803087195,2.417683401665997,0.1494650764640844,-0.2863673245699703,-0.0073474234219986,-62.32895071846653,0.0,0.3013283630714242,1.7294893565816778,0.0,0.0827420746707191,1.9452544832211889,0.1244961388931885,-0.4924934040801377,-0.0394727306319737,-26.01268422492025
17.21447669702842,2.2893542097707416,-0.02,2.935571272736402,2.4899425158907937,0.0601664142765233,2.682662813191836,0.1493837692846799,-0.2817280303051721,-0.0063700094929246,-62.38309500031126,0.0,0.298241889722711,1.6769911784528528,0.0,0.0525918266473957,1.8648100337287188,0.1242711819940266,-0.4925541187162863,-0.040149109158295,-24.22003833217797
17.232907614262924,2.1589729957430674,-0.02,2.649867699720714,2.6533852142541283,0.0187935350246945,2.4028278022288543,0.1493984346683164,-0.2659359718911703,-0.0088910812205078,-62.44303302621198,0.0,0.3223173093764894,1.6129636633094628,0.0,0.0765992965933685,1.9018862800092409,0.1237871613865782,-0.4950204863887863,-0.0385611226913336,-21.623615762817284
17.25133853149743,2.078301248581404,-0.02,2.590136379325817,2.6952636520185886,0.0147622248697155,2.6135758564365146,0.1494362881486514,-0.2688769124559873,-0.0070744475366903,-62.48908979072773,0.0,0.3459178441966449,1.6262141214149477,0.0,0.0738931628302833,1.7494265195113066,0.1240871341271497,-0.4922962542917426,-0.038475017508764,-26.01775621421824
17.269769448731935,2.10593640754778,-0.02,2.51883722025182,2.6287572514665323,0.015868202457266,2.503459644951308,0.149469878900664,-0.2724793441412257,-0.0051127232942853,-62.5220405014137,0.0,0.3424409786960283,1.5036546575979164,0.0,0.0661877864040024,1.715746995699236,0.1243844720496732,-0.4923553288035914,-0.039318616722208,-29.59335951037057
17.288200365966443,2.3023660601063125,-0.02,2.621724777693388,2.5636625213344857,0.0177965608028114,2.3780617504262183,0.1495319365244068,-0.2689988911808942,0.000201057549564,-62.58801734125548,0.0,0.3662047545363719,1.4696841168497456,0.0,0.0546930475077525,1.5837629629156875,0.1243679656634575,-0.4909881636060223,-0.0391447430086462,-31.89599030738409
17.306631283200947,2.2449339415991885,-0.02,2.6712003587113844,2.3878390722256246,0.026048154115159,2.421872793333845,0.1495151878559818,-0.2681900814345159,-0.0038220274926248,-62.62426084720574,0.0,0.3447618695086766,1.4173101709766895,0.0,0.0443371902800908,1.660367905803528,0.1243142017642347,-0.4868633885127176,-0.0368667998705191,-35.641109985470685
17.325062200435454,2.157558195567067,-0.02,2.7174094765764685,2.319745233892987,0.0129059136729196,2.5923105759173586,0.1494754019326537,-0.2616358453722127,-0.0090780687975455,-62.66646557475594,0.0,0.3462196312965694,1.411886050402538,0.0,0.0348997105411865,1.604712303885308,0.1242448817876813,-0.4914354066361779,-0.0418804123685174,-37.92879688379893
17.343493117669958,2.22373503947714,-0.02,2.590180969889721,2.4442527202015283,0.0309716765210288,2.622196683145028,0.1494984900810371,-0.2542120720831141,-0.0084163028408619,-62.69522793083086,0.0,0.3355918752017555,1.4611275695812527,0.0,0.0292955764528715,1.70566833078912,0.1243374764198725,-0.4889259834675297,-0.0396413649653315,-35.95609396825293
17.361924034904465,2.217678132601644,-0.02,2.6124709367758143,2.5871374869484987,0.0329995062708221,2.7376256374082986,0.1494938119112688,-0.2577717479027903,-0.009949412758733,-62.74268446888717,0.0,0.3130390328681496,1.5360807071865414,0.0,0.0204297649771925,1.6952781649261663,0.1243002728505781,-0.4888216463433296,-0.0381078182378164,-31.52553628351851
17.380354952138973,2.1711889827703645,-0.02,2.6608082461570293,2.578878672157627,0.0526367721658835,2.566234999395286,0.1495455177885387,-0.2609370417934833,-0.0120480332958794,-62.77280588252424,0.0,0.3164114946841844,1.5238671792404397,0.0,0.0211475121608905,1.7272395010096473,0.1242222633915993,-0.4861644293336225,-0.0376982698298143,-29.905348833943403
17.398785869373476,2.2228921623134115,-0.02,2.8928943076774067,2.3612848451797044,0.0893166477477798,2.623267382607811,0.1495107522969068,-0.2671877561479701,-0.0136908695911227,-62.79351180969157,0.0,0.2839478737575663,1.616508404368825,0.0,0.0136983025770041,1.637650963873104,0.1242978389650241,-0.4808804965282267,-0.0378012694266259,-25.855541628336475
17.417216786607984,2.2275878777191447,-0.02,2.751601645227419,2.3938979112256966,0.1159168763332856,2.4623174605257354,0.149492929678919,-0.2765008512490874,-0.0150111345598212,-62.84696632762137,0.0,0.2516567567695696,1.7226876519108008,0.0,0.0185837205309691,1.6307652712400975,0.1245308761173322,-0.4870178094327703,-0.0359846593403844,-24.71461861128424
17.435647703842488,2.283865571025872,-0.02,2.603260776905034,2.45611234169394,0.1070196322287957,2.419015908557408,0.1495380321444301,-0.2849725482366594,-0.0169100235573032,-62.89641226193652,0.0,0.2232716255423246,1.7225181778855416,0.0,0.0276472854468736,1.6748225425209735,0.1246141873068813,-0.4843325976273757,-0.0358248603685987,-27.333916096299028
17.454078621076995,2.256750449549682,-0.02,2.4446164386397338,2.308415680412972,0.1174879204004915,2.7664337486678403,0.1495089343197599,-0.2851530217518715,-0.0175166732672783,-62.92132451624801,0.0,0.2549065512377991,1.7864007934677115,0.0,0.0510188287359995,1.7761544084091103,0.1246616118391227,-0.4879383418334563,-0.0408536365124712,-22.34857991265529
17.4725095383115,2.262722270998171,-0.02,2.4677380007558503,2.46502282829076,0.1140580135126554,2.638592791649337,0.1495017145699351,-0.2804377832161797,-0.0180121923756768,-62.96746736283875,0.0,0.2150655621909423,1.786263747540097,0.0,0.0775812175642197,1.7675279549468252,0.1247335371918463,-0.4972084213781793,-0.0483299393545363,-20.576654221055414
17.490940455546006,2.4270408493083258,-0.02,2.3114682510351185,2.4783644224656425,0.1186316443367707,2.5022013592270405,0.1494904693882904,-0.2876657364152478,-0.0151869814123918,-63.02658005253869,0.0,0.2172472039905258,1.7477372867648484,0.0,0.0746527971975618,2.017274543645396,0.1246987406336948,-0.4939833061596679,-0.0447724658763394,-19.54550184167918
17.50937137278051,2.396161617346822,-0.02,2.448800957370056,2.43025876197894,0.0917550025274913,2.6680529446734536,0.1495239827381883,-0.2972188409243471,-0.0137929536264207,-63.07221380425626,0.0,0.2147525414195962,1.5648186170173257,0.0,0.1012252104340548,2.17657472170284,0.1247609390582047,-0.4921029139773293,-0.0440569186298148,-15.786684485948784
17.527802290015018,2.4009855210491056,-0.02,2.3303342119563624,2.14176497993522,0.0699891353400262,2.641323574567091,0.1494511981401956,-0.2988800005249411,-0.013792587507492,-63.12030844100286,0.0,0.2200035392431197,1.5752476768975348,0.0,0.1023273075971338,2.262178787637064,0.1247767906261489,-0.5033755102129648,-0.0421407502787529,-22.456217929566627
17.54623320724952,2.3712865942259653,-0.02,2.1318436064137622,2.145642472375384,0.0619809166917383,2.579458155070412,0.1494306367062816,-0.3032762892851914,-0.0129073879499063,-63.167719236604576,0.0,0.2544428573460222,1.581983454683188,0.0,0.110584002598057,2.278417467699015,0.1247363233360504,-0.5054256830219914,-0.0443984212270394,-22.421164350494813
17.56466412448403,2.43027257192204,-0.02,1.9897714193707563,2.125684023396106,0.0553277105866668,2.686997473457487,0.14947585184186,-0.3137273731419838,-0.0113781353304936,-63.24569767565978,0.0,0.2675130642107834,1.6916515220363804,0.0,0.1086565537211782,2.2268922746310658,0.1247219564579767,-0.5028925876672711,-0.0408453407941739,-26.373941258223816
17.583095041718536,2.4192353314417017,-0.02,2.1810455688725936,1.876175868585817,0.0586167311394915,2.6809172885268295,0.1495151421157752,-0.3128199371640479,-0.0111743763956159,-63.28729475126877,0.0,0.2790248058534562,1.7084467170605446,0.0,0.0950572110154143,2.1974656408518607,0.1247041716896566,-0.5031656924141458,-0.0412874330923309,-26.55209422559689
17.60152595895304,2.44608320685251,-0.02,2.4215138750893006,1.7951693766312404,0.0723970799650724,2.8759973989121086,0.1495158154840602,-0.3106998171150854,-0.0074455968655487,-63.3529576411616,0.0,0.3403099131779168,1.7278523805382469,0.0,0.0770521726084434,2.1757986948110504,0.1247007449244198,-0.5027030707623581,-0.0375265619724318,-22.332003821599216
17.619956876187548,2.259346241415025,-0.02,2.3452005929474926,1.8421730239008955,0.0622511738029954,2.8374624979414023,0.1496075843062558,-0.3173094906528156,-0.0027849601268145,-63.410432644663175,0.0,0.2813516999953673,1.67491264053306,0.0,0.098357409218494,2.199953128588552,0.1246429770250011,-0.4930950948165283,-0.0344200018198186,-29.593935347197817
17.63838779342205,2.138078165181016,-0.02,2.315720733416099,1.842258499674528,0.0810529080424189,2.9337117403359496,0.1496566394335098,-0.3251387698681885,-0.0079125233523934,-63.445804352444576,0.0,0.3232800090121821,1.67212788741083,0.0,0.0684915555241472,2.067186592146599,0.1246013293165966,-0.4851849600115057,-0.0389544218239337,-32.79545505495452
17.65681871065656,1.889944904479761,-0.02,2.055979454846558,1.9516635084773948,0.0858623229892743,2.780828123393188,0.1497383676208996,-0.3236983979711312,-0.0113093682839973,-63.4939163119185,0.0,0.3223916914700707,1.6892037717006942,0.0,0.0881133295568318,1.9049735728057184,0.1246291105011803,-0.4799048764226919,-0.0429612363396681,-33.193788986435344
17.675249627891063,1.7431339874146523,-0.02,1.9295755258960865,1.972212253532988,0.1191833914622439,2.397498143282076,0.1497248387878912,-0.3190545238889517,-0.0065843161615776,-63.52165130481513,0.0,0.3210141710983704,1.7533171304957813,0.0,0.0440637229352601,1.8657514875070025,0.1245266663349291,-0.4872918475567657,-0.0395621479362662,-39.55116560862832
17.69368054512557,1.626536550628603,-0.02,2.2689283146731425,2.109577650920813,0.1433216552763426,2.524102206005156,0.149779522614391,-0.3128686646282012,-0.0047531866792843,-63.563549155574016,0.0,0.3399352341195966,1.80730799068089,0.0,0.0403186756048209,1.9353080080182687,0.1244987808122425,-0.4797740753342266,-0.0393545521988857,-36.33265667016209
17.712111462360074,1.6457777769544872,-0.02,2.4625803628439185,2.108669982139682,0.1349178254325348,2.5548058555114945,0.1497305509223733,-0.3099700333436279,-0.00370862326281,-63.62175774218791,0.0,0.2982921899561074,1.9988700344582897,0.0,0.0329717517952958,1.8768383659124912,0.124534790814803,-0.475200885819126,-0.0351023121740637,-36.7216791758443
17.73054237959458,1.6342022018381028,-0.02,2.277607419096625,2.163334216839901,0.113879378825617,2.5561121509077034,0.1497358745148073,-0.3048692339343899,-0.0055820995953582,-63.62995452602007,0.0,0.3290913187174533,1.9265611816595751,0.0,0.0317315450579987,1.9761443565022951,0.1245754599616665,-0.4761689622506611,-0.0354193333968171,-35.033241054981346
17.74897329682909,1.8648296127408663,-0.02,2.1942837841075606,2.3394265140489305,0.0978913631166989,2.652094858892858,0.1497332947254133,-0.3089410275829142,-0.0067123885879365,-63.66600123849939,0.0,0.3607552464064631,1.8857269315824168,0.0,0.041096070590966,2.0390508603025563,0.1244571846114667,-0.4707107479790235,-0.0373046585509434,-32.942863004237154
17.767404214063593,1.822329206814114,-0.02,2.0085488660392143,2.4502957844698203,0.0920538458450915,2.4761460276375713,0.149658578823101,-0.3021730884430305,-0.0082756622267692,-63.70615569755103,0.0,0.3185394021025066,1.8576591140989345,0.0,0.0387890696909008,2.05185232444565,0.1245148731128545,-0.4700742517525696,-0.0382422441251623,-30.48452154464832
17.7858351312981,1.8058045088010413,-0.02,2.229931411598638,2.344853494887381,0.0993204275687583,2.312604304400492,0.1496220583753318,-0.2980618751715228,-0.0093007843716009,-63.75226447203292,0.0,0.347815241860875,1.8641786562554004,0.0,0.0193594859876686,1.9114857492571249,0.1245087671646611,-0.4704774556928014,-0.0388662503251541,-29.02953929748895
17.804266048532604,2.0364085996584205,-0.02,2.381582772347139,2.309779217099868,0.0798115098730941,2.446497186094819,0.1496902906326838,-0.2905046675163456,-0.0082002646838681,-63.8154767820527,0.0,0.3528795846217986,1.9695537622456465,0.0,0.0570085223062453,1.9974572457795363,0.1245170098694191,-0.4751161861492128,-0.0385048464591674,-28.447571060783968
17.82269696576711,2.2730352384926817,-0.02,2.4837716412586626,2.0620140141360808,0.0776159879141777,2.6029455810660815,0.1496352593038555,-0.2910972155340081,-0.0172423021370507,-63.83990485098692,0.0,0.3155999818053326,1.8798781978682235,0.0,0.0680084370864857,2.089169264418436,0.1245665613626439,-0.4698212033792385,-0.0387415496326175,-31.493636393152435
17.841127883001615,2.3792618950056563,-0.02,2.6944983755476195,1.962568323962765,0.0671700897807107,2.846827416904093,0.1497061704008023,-0.2912087616047864,-0.0203453608456215,-63.90029592566715,0.0,0.347538008479743,1.948221165805024,0.0,0.1024827528399028,1.8176839548863784,0.1246476894073669,-0.4603499091872175,-0.038060592446203,-30.167271036246223
17.859558800236123,2.471818380960604,-0.02,2.3839440874321096,1.8976862749730417,0.0539835966699462,2.6440931389785938,0.1496838579971275,-0.2955939533325044,-0.0194870365105819,-63.94584086380357,0.0,0.3477575217054563,1.875947055419264,0.0,0.0958617435467746,1.6230442780781689,0.1245954775106493,-0.4668047955045659,-0.0384840445496602,-29.6476232612014
17.877989717470626,2.3749951711464425,-0.02,2.26467076266552,1.810380589443105,0.0460999341447385,2.642278679825254,0.1497662518754078,-0.2908801643871584,-0.0227820002796919,-63.98177705140111,0.0,0.3124556670029936,1.852482539014482,0.0,0.0846337325827371,1.6465803160976489,0.1245460788736645,-0.4831275501219828,-0.039545240088341,-10.794370461232862
17.896420634705134,2.290989686663845,-0.02,2.6546416690025647,1.893176549021378,0.0499657666185437,2.5448446007081498,0.1497656245710722,-0.2899555186453399,-0.0231761899914405,-64.02355405238943,0.0,0.2917883228181218,1.900223726634214,0.0,0.0926841629836569,1.61923477507554,0.1244940197026483,-0.4851529503467207,-0.0413958517242208,4.032608947294938
17.914851551939638,2.1534538306743034,-0.02,2.5492601578309935,1.847740334003939,0.0522095734450246,2.616734284461099,0.1497507404073835,-0.2930770911083887,-0.0209029967377495,-64.06913254155268,0.0,0.24684485330739,1.892414106324992,0.0,0.0826400308907534,1.5637908576001085,0.1245506760152283,-0.4969258068807707,-0.0376289576260986,1.837649780495819
17.933282469174145,2.209309637715674,-0.02,2.685128781650752,1.687927410939844,0.0591298319179589,2.709360724449372,0.1497661558605642,-0.296817066832273,-0.0197229876089362,-64.11707477241367,0.0,0.2853013631693644,1.8895543562151296,0.0,0.1017588723985323,1.5034416729529771,0.1244937072084799,-0.5007939841967158,-0.0368934446027671,-3.732289873491356
17.951713386408652,2.3512571639906525,-0.02,2.8298772161526196,1.7520485413975715,0.0388249241357243,2.81328343599479,0.1496505088744081,-0.2958568432461422,-0.0199749091996713,-64.15282082942535,0.0,0.2615351090294729,1.9615769771137632,0.0,0.0812553520471175,1.5825088804395413,0.1244907835619933,-0.514339628159521,-0.0370917403997413,-2.3247989388848174
17.970144303643156,2.2531664358472505,-0.02,2.7078596455624138,1.912067372144146,0.0313044835079045,2.6502656413146406,0.1495420367833322,-0.2976231389884027,-0.0146880244983686,-64.19503634761573,0.0,0.2442409544801556,1.900624160933932,0.0,0.0723084177025139,1.5782065407144303,0.1244612583022416,-0.513281263001165,-0.0343938441881739,-1.2859200259963357
17.988575220877664,2.107033764453824,-0.02,2.950360971433317,2.14731283069572,0.0378208203356748,2.5599412504293606,0.1495709634839656,-0.2909876696310188,-0.0072307783610452,-64.23944647142164,0.0,0.2981899362519541,1.9987809709699105,0.0,0.0570329464895551,1.549438771597779,0.1244101273389232,-0.5191081755544311,-0.0309515525998759,9.45964693714853
18.007006138112168,2.0757319619670715,-0.02,2.5266616117768055,2.218959740595535,0.0114680482548331,2.4563755947221773,0.149567162828639,-0.2796238334699392,-0.0066188884324984,-64.27629199275589,0.0,0.2697028113073464,1.8931493707543712,0.0,0.0617783581109896,1.6890008018699565,0.1243862671255531,-0.5209858428418187,-0.0354958813434024,12.647987372395349
18.025437055346675,1.989219228952941,-0.02,2.7251256826619024,2.373582710924742,0.0275183472851374,2.589551549375552,0.149619302382215,-0.2774908363525311,-0.0068234344705404,-64.33123994317295,0.0,0.2710983090658744,1.8897334252612976,0.0,0.0712014579464982,1.7797473218303637,0.1243804482767512,-0.5114193238213478,-0.0352349588032288,10.281370194244207
18.04386797258118,2.0529876619527445,-0.02,2.796110024732452,2.543137426470641,0.020061157372309,2.608536579366145,0.1496028965939427,-0.2819907397879937,-0.0048983192260693,-64.36283474592493,0.0,0.3041644686390198,1.7936858162075822,0.0,0.0764476522249486,1.8263129037016868,0.1244024684475077,-0.497171777861104,-0.03178703424479,15.521124315302252
18.06229888981569,2.0077081407790347,-0.02,2.7039779454653616,2.4013775900576264,0.0241727429232305,2.587162841539918,0.149598175381089,-0.2831574542484311,-0.0035002723460564,-64.42775606808942,0.0,0.2674167938144658,1.7562674108306016,0.0,0.0686450122663813,1.84776417762511,0.124392793260964,-0.4955872534539216,-0.0284570476380511,13.416220363078324
18.08072980705019,2.0353200701565592,-0.02,2.7876486043211055,2.354387569811028,0.0307595959102135,2.3852553624142514,0.1495954362265558,-0.2747267194895189,-0.0035076105327647,-64.45738928918503,0.0,0.2905020768943118,1.6563838327846352,0.0,0.0648185008735058,1.9040067848998432,0.1243418644456724,-0.4807021236084068,-0.0307135539930531,15.562472522108663
18.099160724284697,1.94844849509508,-0.02,2.797207107585736,2.5573276793401694,0.0282559355874983,2.2764261199509823,0.1495413593216186,-0.2804698583038287,-0.0017314931772118,-64.4944241178041,0.0,0.2421374059737039,1.755675623751469,0.0,0.0432815449068096,1.946209555916076,0.1242440444459762,-0.4801421371855012,-0.0276130166538086,22.892603605051608
18.1175916415192,1.8626142245225648,-0.02,2.84976880228537,2.5219967910794434,0.056703361943476,2.2293228568672885,0.1496380672668548,-0.2881268327649603,-0.0014573440021131,-64.54267395263027,0.0,0.2864159943746205,1.6530019174941002,0.0,0.0739331067568969,1.946176568867256,0.1242615461806726,-0.4767602349553456,-0.0275654453026177,19.936989473325177
18.13602255875371,1.8106058320126035,-0.02,2.8448352579742258,2.323765225872364,0.0718635235128445,2.1237524881647785,0.149741288395075,-0.2839959532985074,-0.001621472733329,-64.57440587708393,0.0,0.2919512870426661,1.8023591254254212,0.0,0.0868430552154967,2.025232324321525,0.1243294726088384,-0.4736829307239444,-0.0298955101838194,15.55763474325179
18.154453475988216,1.8937477509449308,-0.02,2.67932647758438,2.256254313860381,0.0616360648068456,2.0399484440187527,0.1497503990100648,-0.2903985403114252,-0.0029556455251231,-64.6178146134783,0.0,0.2731580387428577,1.762681896658142,0.0,0.112515666938992,2.058012248606657,0.1243779601122836,-0.4742752487277087,-0.0324047212524609,5.792196166617128
18.17288439322272,1.94059134272088,-0.02,3.209226162633348,2.081949504051925,0.0797326701027031,2.0115873461566616,0.1496870959188586,-0.295302859966547,-0.0081472180198604,-64.66654907115043,0.0,0.2655550083034188,1.8298611297489384,0.0,0.0973778100239748,2.125947051907866,0.1243918019891899,-0.4817897497683615,-0.0312512460275402,2.759922434267308
18.191315310457227,1.8933954755745217,-0.02,3.1544912953221407,2.04023705124992,0.0768012475241663,1.9390116345270905,0.1496773330592428,-0.3022056420514517,-0.0137097683302898,-64.7030589398931,0.0,0.2528846832928791,1.9047253026686208,0.0,0.089844810951157,2.092182384446062,0.1244166122447822,-0.4886075590883375,-0.0328070213502679,3.119904561481093
18.20974622769173,2.051492660541628,-0.02,3.1219163082595167,1.9515653241558149,0.089472972162526,1.931579858852412,0.1496175210538556,-0.2967754277837633,-0.0134075692128595,-64.73993999748417,0.0,0.2342276172777045,1.8607255750409657,0.0,0.109762134848295,2.0358460951360944,0.1243579220850269,-0.4878589328047478,-0.0349024722869711,-3.326733468860195
18.22817714492624,2.0041852045971105,-0.02,3.09543236685327,1.9966315721721228,0.1021904143874213,2.084254319559422,0.1495837900942916,-0.2946246408808569,-0.0134911818766181,-64.78745032016151,0.0,0.2875100669974183,1.6767734456904175,0.0,0.1104433592467794,1.9486232960735277,0.1243625735064577,-0.4938756479339301,-0.0373988333409599,-2.188594686803876
18.246608062160742,1.833644975356464,-0.02,3.226339594852097,2.156604170170065,0.0860753513310872,2.1796657023572696,0.1496448032341431,-0.2994473608431071,-0.0143132770592839,-64.84152787203993,0.0,0.2307402803359862,1.7910248071900776,0.0,0.1191137676363077,1.8626783416700985,0.124391116517178,-0.4991059211560915,-0.0355523007894857,-7.366605624090734
18.26503897939525,1.8304795894214687,-0.02,3.5186545190022898,1.9385190607633849,0.0768239664489764,2.2171518596691784,0.1497415622478318,-0.295478201218188,-0.0165886930475819,-64.90074242473251,0.0,0.2326478669689841,1.6566374937925052,0.0,0.1312573046773502,1.704456851534455,0.1244127359396171,-0.4998727226141729,-0.0359659322080912,-11.65228327249741
18.28346989662976,1.947249759689728,-0.02,3.2663217024693605,1.8326087286266888,0.0607223472588202,2.161911189578289,0.1496953529835531,-0.2887686099218267,-0.0168109972954481,-64.94580515388294,0.0,0.1467786415077285,1.6688430036269721,0.0,0.1168265285125368,1.6953215811597866,0.1244286205084726,-0.498208427898602,-0.036687477773791,-5.282951847358677
18.30190081386426,2.081014747740451,-0.02,3.425585972571511,1.724140265689806,0.0556968186386428,2.217230859851932,0.1496336609146348,-0.2884124886677646,-0.0166673952885866,-64.9708439178882,0.0,0.147509854544256,1.40321019932173,0.0,0.0874222893371131,1.6730400652135353,0.1243713110730057,-0.5034532403965185,-0.0352310449203719,3.192797598875346
18.32033173109877,2.097159456202265,-0.02,3.536257868083117,1.5259023304832176,0.0589142874709338,2.345122377791732,0.1495853331605407,-0.2796220099077294,-0.0164335850128659,-65.01284998857567,0.0,0.1769001341173262,1.3849519778103605,0.0,0.0685950304899841,1.6638037730783097,0.1242413254578701,-0.5032671196356524,-0.0319552425679127,4.879802499107121
18.338762648333272,2.0545491120006503,-0.02,3.265751139127105,1.6589686689450365,0.0516193969394773,2.384331174870108,0.1495855636070075,-0.274409644346065,-0.0148370592128061,-65.05983461349769,0.0,0.1952196688047242,1.3141884746216854,0.0,0.0652453527161775,1.5663870450553812,0.1242172253309854,-0.5034771204386295,-0.0323620753096696,1.9575886990629885
18.35719356556778,2.0787867966880835,-0.02,3.2993805308903785,1.6436075805359165,0.0409590699492825,2.3549138854720035,0.1495779410515506,-0.264711733203791,-0.0152972749717965,-65.11405044578198,0.0,0.1879884578177615,1.304264958939782,0.0,0.0547187018339389,1.540059674835731,0.124176185147911,-0.5010112365340761,-0.0305180221390185,2.269638276492957
18.375624482802284,1.9766034322885808,-0.02,3.0201889646079203,1.6022340802327757,0.0265817876140797,2.414054472292747,0.1497012895731446,-0.2635423036760794,-0.0138975754360847,-65.17489913808151,0.0,0.2569671122107914,1.3173170464415416,0.0,0.0612286218154319,1.5331072899593952,0.1242344946705133,-0.505321258271812,-0.0331415156263569,10.292325029020445
18.39405540003679,2.09607325364485,-0.02,3.0291898629837446,1.6745541089805205,0.0167782960300277,2.4037509696821884,0.1497068213708012,-0.2643886806975405,-0.0151608775281482,-65.21136940970837,0.0,0.2481049498781717,1.4263682268442448,0.0,0.0510335696979372,1.597688719345206,0.1242441347921144,-0.5047729655102728,-0.0304803973069569,12.833497818783371
18.41248631727129,2.242885872832703,-0.02,2.7881680013341015,1.5660474506837057,0.0189989232905996,2.285886241130288,0.1496607800463992,-0.2548924249923451,-0.0132012704277741,-65.2796111658466,0.0,0.2840046513170236,1.4135707933347108,0.0,0.0423462286745293,1.6358213893491886,0.1241537407913535,-0.5075496353851167,-0.0327593629289606,12.039078618840083
18.4309172345058,2.2137681034859584,-0.02,2.5850016290392333,1.6407928618330283,0.0297854315359301,2.337825927815762,0.1496391357525696,-0.2566841386188936,-0.0120256460540556,-65.30023300369359,0.0,0.2580523429544306,1.3983679901686246,0.0,0.0397882130733911,1.9293655383207464,0.1242619483789461,-0.5159184029585244,-0.0345048760914983,10.42916706610513
18.449348151740303,1.918705653539032,-0.02,2.4886934120318074,1.6785833136312298,0.0329903736724884,2.2243295639025056,0.1497542940132248,-0.2582849027569052,-0.0056969553429656,-65.34220626150436,0.0,0.3381061758945214,1.2566547917049955,0.0,0.0540676433256214,1.863869050861194,0.1243013206704301,-0.5169248639278464,-0.0352033625568982,9.919418828352237
18.467779068974814,1.745658835200723,-0.02,2.341646755016784,1.8689089902850269,0.0310744856342503,2.13225107810432,0.1497656152657752,-0.2661010196095532,-0.0038023184611233,-65.37840931670601,0.0,0.3365135860819809,1.2834628870959734,0.0,0.0458807438710086,1.8723147516155072,0.1243723074372988,-0.5163377758027379,-0.0346023137463425,12.003604560332658
18.48620998620932,1.9058215947449924,-0.02,2.079885877928272,1.9229570879717075,0.0077447572533847,1.9135567849548976,0.14986060039901,-0.2686366168459554,-0.003676439004766,-65.41637938804067,0.0,0.2904047294084078,1.220200777519601,0.0,0.0321400794937059,1.6593942093658598,0.1244814653231353,-0.5121884896429455,-0.0373487149378664,14.505493972785889
18.504640903443825,1.6755921099476605,-0.02,2.0708304281837204,1.694063927164596,0.0160306299612095,1.688075206620556,0.1498898669653798,-0.2641603988093152,-0.0057709752380403,-65.44641202527737,0.0,0.2762151347253776,1.1994013875815766,0.0,0.0322050510360866,1.6019021058821759,0.124501904746098,-0.5123536209593335,-0.033872535579198,19.019748312924683
18.52307182067833,1.5461468555751463,-0.02,1.5708651789756722,1.4498924396346768,0.0017700198900777,1.4364163016041227,0.1499644017155289,-0.2553678052214401,-0.0045446520305781,-65.4821921060668,0.0,0.2476040499503112,1.0508596239151764,0.0,0.0528609659287878,1.4056113821832457,0.1245722058626724,-0.5106743803628546,-0.0329811014219069,15.423078128118206
18.54150273791284,1.3623890105342409,-0.02,1.5403286115790735,1.2439589946411065,0.0144789981297779,1.3396824604076285,0.1500366098450796,-0.2450457528164608,-0.0063201978622634,-65.53272438701588,0.0,0.2007602869583595,0.9081486345449986,0.0,0.025503477315725,1.163444118646441,0.124525611270639,-0.5016192231756602,-0.0313275221059598,7.19854749902878
18.559933655147344,1.3476815087789351,-0.02,1.4009518764524362,1.044024870073146,0.0044586509347482,1.1124822568819213,0.1501868731496067,-0.2270378125443862,-0.0060459654773599,-65.58913652692974,0.0,0.1875397634668449,0.725870186445869,0.0,0.0229329095324129,0.9638883505722516,0.124443186616564,-0.4819934766983706,-0.0350003423196267,-0.4517922583196982
18.578364572381847,1.0619682510754735,-0.02,1.289448917004705,0.7633614162901802,0.0067818915982706,0.95291608077966,0.1503568915553018,-0.210471872413555,-0.007724955387715,-65.61768058208997,0.0,0.1587304625178908,0.48087072856151,0.0,0.0138453973704198,0.744011089838348,0.1243537379036868,-0.4613673919306348,-0.0334231922917194,3.77112451864893
18.596795489616355,0.8636328178032198,-0.02,1.0654408933599966,0.6691246832338186,0.0011213915442037,0.7728331130969344,0.1504837271080124,-0.1875975482624615,-0.0072832554119387,-65.67700876774576,0.0,0.156378413451446,0.411061693663232,0.0,0.0062671906719604,0.4931439357405132,0.1239988218667029,-0.444612405848417,-0.0339212425953023,6.145885158991475
18.61522640685086,0.7778114683964868,-0.02,0.891774291547573,0.5951923227896831,-0.0028984841516485,0.6689178257956858,0.1503990923361841,-0.1679013220307035,-0.0061800872150095,-65.71073450261696,0.0,0.1078904402076149,0.3529328153255024,0.0,0.0007776541503064,0.3731577836539568,0.1237218627332717,-0.4298063231312172,-0.0329098671254207,4.493300370662934
18.63365732408537,0.6415983116349273,-0.02,0.7395617713318225,0.4685733097830093,-0.0021144782117113,0.5061794256606578,0.1503248739911632,-0.1436573044696049,-0.0049949750960476,-65.75405023128927,0.0,0.0890543849504113,0.2925337481943296,0.0,8.017295034315342e-05,0.2640827371584716,0.1234915344837857,-0.4084154047314831,-0.0312953512167627,0.3752435332133448
18.65208824131987,0.5119651630709579,-0.02,0.6344107051460924,0.4447677706045649,0.0023227793546469,0.4249856868009944,0.1500630572618048,-0.1383550437130912,0.0011483531833757,-65.77500537075134,0.0,0.0819388936159302,0.205797204923249,0.0,3.952435637652828e-05,0.2248835101381172,0.1231288751243216,-0.3830748162667775,-0.0330077333572689,-1.9528340249839573
18.670519158554377,0.4552034372746348,-0.02,0.5622092130825705,0.4015745663874139,0.0040110931684735,0.3663597772602968,0.1498735325158713,-0.1272899531154193,0.0053121503750757,-65.82847625922122,0.0,0.0582132293303561,0.1782910199618952,0.0,2.4203086296098548e-05,0.195088727431098,0.1227112100470806,-0.361947728464152,-0.0351763875013661,1.2734261325271126
18.688950075788885,0.3930731089359822,-0.02,0.4997082436370618,0.3582208168034394,0.0039455952988,0.3441646990004792,0.1497599695585431,-0.1092939891516257,0.0046915085971418,-65.88272941881692,0.0,0.055662483589645,0.1556992330476148,0.0,7.57649120451254e-06,0.1654373723013636,0.122182683427582,-0.3537810947274825,-0.0363752773683452,2.361490966693956
18.70738099302339,0.3189365162914339,-0.02,0.4801049051568084,0.2881224968761073,0.0027929341109395,0.2705009355709848,0.1496307753557793,-0.0880428619034525,0.0026240307706306,-65.92679987444214,0.0,0.0448609200406067,0.1298957661029686,0.0,8.582883779255016e-06,0.14295834060159,0.1216894427158817,-0.3490003389111258,-0.0359629813600637,2.5364344250985056
18.725811910257896,0.246379192033154,-0.0192563130512279,0.3978828045268248,0.2610192573823412,0.0032654857563974,0.2136839944228052,0.1495077957769067,-0.0692100544835208,0.0032359584151218,-65.96625937677844,0.0,0.0300993397857454,0.1035194644125288,0.0,-8.513030307834782e-06,0.1229418688571608,0.1211533745087805,-0.3369619239377509,-0.0348513645176769,9.47349996167763
18.7442428274924,0.2210533266930107,-0.0121688887375334,0.34272756270021,0.260953864053758,0.0017010322730934,0.1801169271262368,0.1492312026304018,-0.0506782612530174,0.00194691113214,-65.98444922298738,0.0,0.0238132501092034,0.102001725402568,0.0,-6.674996839011381e-06,0.1147601104982524,0.1206502574790641,-0.3254518382645796,-0.0363089100075679,12.424800683154192
18.762673744726907,0.2016925619695114,-0.0126016893623625,0.2767034193018576,0.215064263529766,0.0006742680330413,0.155518630416951,0.1489272591353472,-0.028843423140708,0.0029990843191048,-66.03091031406092,0.0,0.0221419217163476,0.0860433415086892,0.0,-2.318673377198696e-05,0.0990499942967628,0.1201370811796878,-0.3024558263873811,-0.0385328808600189,11.696281246401892
18.78110466196141,0.195270717719076,-0.0143157728637891,0.2758805889326896,0.1970047720156701,0.000342498064673,0.1196437265752192,0.1486728025518373,-0.0043348101264074,0.0022673566431032,-66.07395590604106,0.0,0.0170658462054655,0.0737387048268652,0.0,-2.0874459019334312e-05,0.088458249863064,0.1195032720429659,-0.2605238515489607,-0.0427521492325089,3.356708829804655
18.79953557919592,0.1888874512107754,-0.0187715748507022,0.2561552544906756,0.1802482674222818,0.0001620003465711,0.1330528198077272,0.1485077856726001,0.0129207231085672,0.003170303916475,-66.10022537581975,0.0,0.0133564320970019,0.0565232413114152,0.0,-2.832595632736648e-05,0.0755458742430688,0.1189807396895046,-0.2356282594255626,-0.0456302597658014,4.707203986114897
18.817966496430422,0.1789445057321409,-0.0166085345837935,0.2487223752417174,0.1594649720901699,0.00012952917339,0.1306488847878996,0.1483433710198172,0.0399710386318766,0.0011998462052374,-66.16709722736078,0.0,0.0093790471624324,0.050351239036128,0.0,-3.037083109709805e-05,0.0646354999821288,0.1184953527478098,-0.2127920302026255,-0.0428674532010617,3.942097549850773
18.83639741366493,0.1781049585478491,-0.0137280818062379,0.2209972087532044,0.1524133153260554,-4.962690480070885e-06,0.1261766506317472,0.1482381666947805,0.0611133210749171,0.0010013106779808,-66.1906959402946,0.0,0.0072764280723197,0.0321204932040852,0.0,-1.2821674369268128e-05,0.0581692687154218,0.1181174051998633,-0.1867511348849229,-0.0383382765123326,-0.5420791773361264
18.85482833089944,0.161794282009635,-0.0092333248603996,0.20444589879671,0.1387076634438031,3.5229268679406093e-05,0.1096688727290356,0.1481253180782318,0.0843230280506615,0.0008122017427004,-66.2175692202656,0.0,0.0040094497689209,0.0178717162197242,0.0,-6.84480560701291e-06,0.0529580544886328,0.117787797872291,-0.1628058156260132,-0.0347332536007252,3.862542089859181
18.87325924813394,0.1521292877958242,-0.0072201330134245,0.1854235799441448,0.1271748142515179,-9.672094470294163e-06,0.09693697702134,0.1480294172496442,0.1050511451349504,0.0023926006349673,-66.25953415058899,0.0,0.002301792534627,0.0124045907337412,0.0,-9.472105029182291e-06,0.0436397697088512,0.1175104123986037,-0.1347172023384818,-0.0312106293401921,9.765360678542706
18.89169016536845,0.1329895486230195,-0.0051517633858788,0.1595850867954624,0.1102836742118981,-1.2099497461996498e-05,0.0853902447427796,0.1480282982853667,0.1207315560301599,0.0030332340120163,-66.29202718732772,0.0,0.0013847072604829,0.0117337941274144,0.0,-1.8820951477717608e-06,0.0327491152784732,0.1174527986587031,-0.1304348410692424,-0.0303753054789452,4.788382334487699
18.910121082602952,0.1240418070757262,-0.0041515348095888,0.1355012312771128,0.0989622930378932,-1.4052989390486352e-05,0.0748546583414912,0.1480298318861457,0.1379979416495115,0.0064183018548667,-66.33837845386348,0.0,0.0010702363416049,0.0065240212724528,0.0,-4.3769036027446585e-06,0.0249154244556532,0.1174233437362801,-0.12833951626195,-0.0299588281267269,-4.072708526214189
18.92855199983746,0.1207725348642592,-0.002270818739465,0.1277203883943412,0.0884996164573901,-1.069498286354624e-05,0.0637931885672928,0.1481046772727044,0.1589117097854785,0.0082423960984086,-66.36897516072283,0.0,0.0004349736288824,0.0037285032226888,0.0,-6.266493520908254e-07,0.0182251573429636,0.1174164120298333,-0.1195707613786904,-0.030771915659618,-3.861244342046379
18.946982917071963,0.095962772005346,-0.0013165776299684,0.102685611917032,0.0682506904195652,-6.912289921499665e-06,0.057855287098264,0.1481752949589156,0.1633593279045496,0.0127290665197253,-66.39779167314677,0.0,0.0003718622504135,0.0018403975174172,0.0,4.523012059341992e-07,0.012271052777024,0.1173797338061273,-0.1081605929333732,-0.0322967418913799,4.1522870022573874
18.96541383430647,0.0835345869221207,-0.0008507590580815,0.0821746798538144,0.0582985199476959,-2.611814955704385e-06,0.0450860240272236,0.1481917999172003,0.1679201502329641,0.0147444272974484,-66.46415701515441,0.0,0.0002056916102272,0.00105831241613,0.0,2.836367781556917e-06,0.0103873655460732,0.1174045109982757,-0.0994997268704338,-0.0295182089931828,-0.8459638142860371
18.98384475154097,0.0628165809950788,-0.0007262279854649,0.068841514631372,0.0476311711516326,-6.297973783042485e-06,0.03231901078963,0.14821785304469,0.1725583460377296,0.0151169967919175,-66.49707118466824,0.0,5.664408141198588e-05,0.000324219476396,0.0,1.5300037847651792e-06,0.006915347519512,0.1175746016406966,-0.099060715196449,-0.0279353326068591,-0.886620327762869
19.00227566877548,0.0497973858262913,-0.00052289368928,0.056575227242656,0.0378313653326029,-4.277028618079483e-06,0.0234475237091946,0.1476370948714097,0.1725068109621976,0.0144148654521472,-66.55170668446782,0.0,1.539387649051717e-06,0.0001075666567819,0.0,-2.660158040513856e-06,0.004289703012804,0.1175933554488134,-0.0971405728223554,-0.027498942380423,-2.4075462648824955
19.020706586009982,0.0424106091054937,-0.0005083945972344,0.0453359778080504,0.0294120027160497,-6.038851695853856e-06,0.0167989888617582,0.1466219087137348,0.1717121859704448,0.0153354053642666,-66.59836590439951,0.0,1.798020548189144e-06,5.9934825463266586e-06,0.0,-2.8717067721757004e-06,0.0024178064169328,0.1175068395717526,-0.0957405693857252,-0.0275880007004351,-1.9602977678953024
19.039137503244493,0.0314785148124817,-0.0002825138031915,0.0314113929703156,0.0228650658531985,-2.6976907803473314e-06,0.0106858492907176,0.1474818246153185,0.1693186428219557,0.015693528161047,-66.61233888344393,0.0,2.41528180137099e-06,0.0,0.0,-2.29456227557798e-06,0.0012186250961228,0.1174748655693464,-0.1011117715537172,-0.0283165671203275,-1.9369387367538984
19.057568420479,0.0228609083434052,-0.0001860741640407,0.021801806808774,0.0161609820460053,-1.248598312776566e-06,0.0080244888029552,0.1481319636491042,0.1668392385351826,0.0148326481728723,-66.6529693076786,0.0,3.4678799530099106e-06,0.0,0.0,-7.975193479268109e-07,0.0008309565075378,0.117437197258103,-0.1050956870667616,-0.0288285548553331,1.992609791013467
19.075999337713505,0.0130923974372692,-0.0001272518710028,0.012650399461677,0.009052419600638,-6.211885173726922e-07,0.0043546130896946,0.1483086931614934,0.1656306971832347,0.015544354762688,-66.712981278403,0.0,1.9501711227880067e-06,0.0,0.0,-1.0789464930805668e-06,0.0003609004827094,0.1174315390083356,-0.1066949543114645,-0.0300282790614962,9.114131638750385
19.09443025494801,0.0049191898303533,-3.321404998506469e-05,0.0050509091004744,0.0034581210236079,1.4388133315664144e-07,0.0018332875465428,0.1483146539165862,0.1628947634572212,0.0158236816517336,-66.76220984158658,0.0,8.587786385275817e-07,0.0,0.0,-2.639938575342652e-07,0.0001588137963752,0.1174481784569407,-0.1092256616626711,-0.0313579841299869,9.184206326699222
19.11286117218252,0.0,-0.0,0.0,0.0,0.0,0.0,0.1483294700118737,0.1549846289842315,0.0161109660484665,-66.81400654503784,-0.0,0.0,-0.0,-0.0,-0.0,0.0,0.1175599344802329,-0.1092553464435484,-0.031317200868108,10.07928578140336
19.131292089417023,0.0,-0.0,0.0,0.0,-0.0,0.0,0.1483614910932645,0.1534860833071178,0.0176851658556885,-66.87684794487525,-0.0,0.0,-0.0,-0.0,0.0,0.0,0.1175665882396822,-0.1091567863843698,-0.0243702659675817,13.93002224644253
19.149723006651527,0.0,-0.0,0.0,0.0,0.0,0.0,0.1484052465629289,0.1492285119958183,0.0174227951827692,-66.92005779851937,-0.0,0.0,-0.0,-0.0,0.0,0.0,0.1175805381974756,-0.1091311727422406,-0.0214135832259716,15.541746272693564
19.168153923886035,0.0,-0.0,0.0,0.0,0.0,0.0,0.1484407897692859,0.1517895176478135,0.019167721884787,-66.96766301002937,-0.0,0.0,-0.0,-0.0,0.0,0.0,0.1175942712005638,-0.1091061485789672,-0.0230833611076086,13.134314943577849
19.18658484112054,0.0,-0.0,0.0,0.0,0.0,0.0,0.1484424433617501,0.1485120722370512,0.0174212806134871,-67.00764803926548,-0.0,0.0,-0.0,-0.0,-0.0,0.0,0.1175941676584187,-0.108934324612748,-0.025308705836119,12.017869192314816
19.20501575835505,0.0,-0.0,0.0,0.0,-0.0,0.0,0.1484288816963116,0.1456397637562603,0.0165100899784064,-67.07446087160066,-0.0,0.0,-0.0,-0.0,-0.0,-0.0,0.1175937102072148,-0.1070588219234792,-0.024764481784496,9.646880317568616
19.22344667558955,0.0,-0.0,0.0,0.0,-0.0,0.0,0.1484581510485685,0.1411462243801776,0.0167227834675906,-67.14018811140149,-0.0,0.0,-0.0,-0.0,-0.0,-0.0,0.117636731050544,-0.1081448971429462,-0.025245230567062,14.571540447828152
19.241877592824057,0.0,-0.0,0.0,0.0,-0.0,0.0,0.1484556182246408,0.1414767098617865,0.0159424216707629,-67.17141617572402,0.0,0.0,0.0,-0.0,-0.0,-0.0,0.1176734061454158,-0.1082706091441789,-0.0221090926526242,14.594216486672426
19.260308510058564,0.0,-0.0,0.0,0.0,-0.0,0.0,0.1485306375427084,0.1406591612471042,0.0152643058824575,-67.19914182173528,0.0,0.0,-0.0,-0.0,-0.0,-0.0,0.1177276112954177,-0.1044522698910696,-0.0210943547515129,10.52605831157889
19.27873942729307,0.0,0.0,0.0,0.0,-0.0,0.0,0.1485869512499383,0.1408688181606305,0.0146688121845672,-67.23230145286499,-0.0,0.0,-0.0,-0.0,-0.0,-0.0,0.1177088591053746,-0.103515711243472,-0.0201887802114963,10.203500264609447
19.297170344527576,0.0,0.0,0.0,0.0,-0.0,0.0,0.1485888983818147,0.1424201222031064,0.01421027159371,-67.27608991978333,-0.0,0.0,-0.0,-0.0,-0.0,-0.0,0.1176777387899112,-0.1033920501400966,-0.0197431810718165,9.802682669783916
19.31560126176208,0.0,0.0,0.0,0.0,-0.0,0.0,0.1485970900014146,0.1422282844863352,0.0130249628022647,-67.32352614630723,-0.0,0.0,-0.0,-0.0,-0.0,-0.0,0.1176559882509467,-0.1024401984534636,-0.0180707819340943,6.892429722977839
19.334032178996587,0.0,0.0,0.0,0.0,-0.0,0.0,0.148646869468459,0.142312455382261,0.0113753035443114,-67.36150144260363,-0.0,0.0,-0.0,-0.0,-0.0,0.0,0.1176716686668119,-0.1019299862592318,-0.0158853641095991,8.80473582355862
19.35246309623109,0.0,0.0,0.0,0.0,-0.0,0.0,0.1486368428631935,0.1449593207322113,0.0130422162961042,-67.40382143060837,0.0,0.0,-0.0,-0.0,-0.0,0.0,0.1176948736897341,-0.0992741863135645,-0.0148524469808035,8.805033044798694
19.3708940134656,0.0,0.0,0.0,0.0,-0.0,0.0,0.1485515326743356,0.1434452909438495,0.0140630487982414,-67.43959861564493,0.0,0.0,-0.0,-0.0,0.0,0.0,0.1177005278049218,-0.0994406802630894,-0.0145607866623346,7.254100797400415
19.389324930700106,0.0,0.0,0.0,0.0,-0.0,0.0,0.1484763133828382,0.1442514634377391,0.0136545044244521,-67.47906217590719,0.0,0.0,-0.0,-0.0,0.0,-0.0,0.1176819889873423,-0.0993794760161483,-0.0119618388032478,-0.4281755959555715
19.40775584793461,0.0,0.0,0.0,0.0,0.0,0.0,0.1484080507572919,0.1432568230249143,0.0130906088131875,-67.52438155336912,0.0,0.0,-0.0,-0.0,0.0,-0.0,0.1176923365072452,-0.0994953733969686,-0.0133830088479477,-1.2174522998849635
19.42618676516912,0.0,0.0,0.0,0.0,0.0,0.0,0.1485816863042993,0.1383650482826503,0.013242714484258,-67.55582465950224,0.0,0.0,-0.0,-0.0,0.0,-0.0,0.1176672255096831,-0.1016256393609222,-0.013623288128659,-1.775652974166701
19.44461768240362,0.0,0.0,0.0,0.0,0.0,0.0,0.1486721957055041,0.1393902938733629,0.0131674048811413,-67.59281303169767,0.0,0.0,-0.0,-0.0,0.0,-0.0,0.1176611472612401,-0.1043687944833229,-0.0148141497112663,2.092072962944831
19.463048599638128,0.0,0.0,0.0,0.0,0.0,0.0,0.1486869622709125,0.1385699775386001,0.0136893509279904,-67.62362101151787,0.0,-0.0,-0.0,-0.0,0.0,-0.0,0.1177507827205056,-0.1076631883193907,-0.0175570132564162,0.7004972856102252
19.481479516872632,0.0,0.0,0.0,0.0,0.0,0.0,0.1487668510272245,0.1394921867189089,0.0163160617459268,-67.6633307729339,0.0,0.0,-0.0,-0.0,0.0,-0.0,0.1178131391680466,-0.110733934987894,-0.012132564159621,0.1474732149804958
19.49991043410714,0.0,0.0,0.0,0.0,0.0,0.0,0.1487366302156809,0.1406161656079242,0.0173567886829171,-67.71615414714849,0.0,-0.0,-0.0,-0.0,0.0,-0.0,0.1178035792573142,-0.113006731935467,-0.0065919429761468,4.524512518983513
19.518341351341643,0.0,0.0,0.0,0.0,0.0,0.0,0.148789733887086,0.1391555968958805,0.016198420656787,-67.76568824442508,0.0,-0.0,-0.0,-0.0,0.0,-0.0,0.1177872772070183,-0.1156332498639854,-0.0068740186774319,4.867681019942398
19.53677226857615,0.0,0.0,0.0,0.0,0.0,0.0,0.1488352885325031,0.1371530558580971,0.014541489588577,-67.81119766440784,-0.0,-0.0,-0.0,-0.0,0.0,-0.0,0.1178244121132998,-0.1162892885710643,-0.0096728950164032,5.476066319401509
19.55520318581065,0.0,0.0,0.0,0.0,0.0,0.0,0.1488503887814444,0.1340261313079023,0.0151506158389247,-67.86288449778522,-0.0,-0.0,-0.0,-0.0,0.0,-0.0,0.1178247970363607,-0.1155721137599509,-0.0168966973206798,7.161929037783166
19.57363410304516,0.0,0.0,0.0,0.0,0.0,0.0,0.1489033892640389,0.1313255255848597,0.0149436007025166,-67.92080108006792,-0.0,-0.0,-0.0,-0.0,0.0,-0.0,0.117836217135016,-0.1156126365855716,-0.015727640337851,6.280698384208092
19.592065020279662,0.0,0.0,0.0,0.0,0.0,0.0,0.1489067572532001,0.1339693007015439,0.0151624830288506,-67.98644496585568,-0.0,-0.0,0.0,-0.0,0.0,0.0,0.1178373520056525,-0.1151189865768959,-0.0120469692422506,10.316180786693796
19.610495937514173,0.0,-0.0,0.0,0.0,0.0,0.0,0.148895261047241,0.1396650445759782,0.0156937313864327,-68.03812513520577,-0.0,0.0,0.0,0.0,0.0,0.0,0.1179542044888365,-0.1143267644428094,-0.0125213781419165,4.638865548699209
19.62892685474868,0.0,0.0,0.0,0.0,0.0,0.0,0.1489208290172061,0.1444586625070436,0.0145316802248732,-68.08228115296343,-0.0,0.0,0.0,-0.0,0.0,0.0,0.1179667562443291,-0.114845389750742,-0.0075141888185113,7.0009028858503415
19.647357771983184,0.0,-0.0,0.0,0.0,0.0,0.0,0.1489658172479747,0.145793267509134,0.0138552816103322,-68.11166721042837,-0.0,0.0,0.0,-0.0,0.0,0.0,0.1179680969727366,-0.1143177682547286,-0.0007160207606057,12.516425043198176
19.66578868921769,0.0,-0.0,0.0,0.0,0.0,0.0,0.1490479389075603,0.1440657274927214,0.0130244470068167,-68.17589084040138,-0.0,0.0,0.0,-0.0,0.0,0.0,0.1179424459476377,-0.1134625559403657,-0.0041111947633643,10.586121006888284
19.6842196064522,0.0,-0.0,0.0,0.0,0.0,0.0,0.1490533906608668,0.1448054763849088,0.0137987390865672,-68.23379998913808,-0.0,0.0,0.0,-0.0,0.0,0.0,0.1179573445265656,-0.1122332610106568,-0.0046054873716234,7.446120747185347
19.702650523686703,0.0,-0.0,0.0,0.0,0.0,0.0,0.1490266550656481,0.1467876360386711,0.0151154511157241,-68.25882733513912,-0.0,0.0,0.0,-0.0,0.0,0.0,0.1179645618010574,-0.1125465749290382,-0.0090479759360155,8.864474520226613
19.721081440921207,0.0,0.0,0.0,0.0,-0.0,-0.0,0.1490393794992342,0.1466215694470686,0.0150245533163328,-68.30291792269324,-0.0,0.0,0.0,-0.0,0.0,0.0,0.1179676991241386,-0.1131279292466724,-0.0073919583165761,11.749533468145582
19.739512358155714,0.0,0.0,0.0,0.0,-0.0,-0.0,0.1490369434729881,0.1464995953751216,0.015510141665834,-68.33975700101227,-0.0,0.0,0.0,0.0,-0.0,0.0,0.1179342781664985,-0.1110718998475523,-0.0044090212242286,12.17021989003848
19.75794327539021,0.0,0.0,0.0,0.0,-0.0,-0.0,0.1490559368242125,0.1473113810389176,0.0154881105631537,-68.37961181904082,-0.0,0.0,0.0,-0.0,0.0,0.0,0.1180061506960293,-0.1108090893531048,-0.0058710055234491,10.058011142941757
19.77637419262473,0.0,0.0,0.0,0.0,-0.0,-0.0,0.1490494148527198,0.149127188695016,0.0153791316703784,-68.4037226700203,-0.0,0.0,-0.0,-0.0,0.0,0.0,0.1179965096493409,-0.1113025520852503,-0.0005054599353274,11.50069657657772
19.79480510985923,0.0,0.0,0.0,0.0,-0.0,-0.0,0.1490505970749092,0.1453135733381094,0.0162447054866592,-68.44422172541508,-0.0,0.0,-0.0,-0.0,0.0,0.0,0.1179766433452745,-0.1124594115889371,0.0062931424058989,10.73303988582709
19.813236027093737,0.0,0.0,0.0,0.0,-0.0,0.0,0.1490193543650926,0.1393729062475469,0.0156275757247597,-68.51981824400835,-0.0,0.0,-0.0,-0.0,0.0,0.0,0.1179491755073916,-0.113194543683149,0.0085207983833241,11.70975138074979
19.831666944328244,0.0,0.0,0.0,0.0,-0.0,0.0,0.1490043423033403,0.136909054535123,0.0154886035982892,-68.54067413742669,-0.0,0.0,0.0,-0.0,-0.0,0.0,0.1179367465910565,-0.1143440648332943,0.01341937751488,13.63753869737943
19.850097861562748,0.0,0.0,0.0,0.0,0.0,0.0,0.1489328221614556,0.1375729462506792,0.0151756548188593,-68.56743294986597,-0.0,0.0,-0.0,-0.0,-0.0,0.0,0.1179269551734001,-0.1151839734754001,0.0123988918291693,14.840521911803243
19.868528778797256,0.0,0.0,0.0,0.0,-0.0,-0.0,0.1489893891527173,0.1378817705946869,0.015012081335067,-68.62085094923356,-0.0,0.0,-0.0,-0.0,-0.0,0.0,0.1179815149909345,-0.1118211736659847,0.0076636844054799,14.247728888621117
19.88695969603176,0.0,0.0,0.0,0.0,-0.0,0.0,0.1490432880061652,0.137601615798181,0.0153761908331971,-68.6590403829676,-0.0,0.0,0.0,-0.0,-0.0,0.0,0.1179961623428451,-0.1129709876039484,0.0019601107653775,11.711429114261447
19.905390613266267,0.0,0.0,0.0,0.0,0.0,-0.0,0.1490440483374423,0.1369738242676493,0.0151398102666716,-68.7135868587156,-0.0,0.0,0.0,-0.0,-0.0,0.0,0.1180001474511729,-0.1147187827035077,0.0032776219165196,6.285627657635944
19.92382153050077,0.0,0.0,0.0,0.0,0.0,0.0,0.1490641553032711,0.1356295610929522,0.0145665280587721,-68.74464868814583,-0.0,-0.0,0.0,-0.0,-0.0,-0.0,0.1180111711398052,-0.1149061657098914,0.0065743934009793,4.514411502605123
19.94225244773528,0.0,0.0,0.0,0.0,0.0,-0.0,0.1490980204773155,0.1353035863847474,0.0144317268408289,-68.81907574682084,-0.0,-0.0,0.0,-0.0,-0.0,-0.0,0.1180276753092914,-0.1153014064224131,0.0064323583741419,4.442090677883392
19.960683364969785,0.0,0.0,0.0,0.0,0.0,-0.0,0.1491929838222472,0.1365168792058965,0.0130184247720143,-68.87849939087525,-0.0,0.0,0.0,-0.0,-0.0,-0.0,0.1180257277999188,-0.1144870433792728,0.0101475015598631,0.7793827755397968
19.97911428220429,0.0,0.0,0.0,0.0,-0.0,-0.0,0.1492255064249325,0.1372687875703289,0.0148408085329222,-68.9210591075144,-0.0,0.0,0.0,-0.0,-0.0,-0.0,0.1180663125866942,-0.1154750910652191,0.0113017443056197,-8.949772867282222
19.9975451994388,0.0,0.0,0.0,0.0,-0.0,-0.0,0.149201200458992,0.1376130031010852,0.0168857773717255,-68.97417600501646,-0.0,0.0,-0.0,-0.0,-0.0,-0.0,0.1180940630168827,-0.1154235997493842,0.0098946914410503,-13.574663399495757
20.0159761166733,0.0,-0.0,0.0,0.0,-0.0,-0.0,0.1492365844644566,0.1363739593505537,0.0149170242022183,-69.00726957160934,-0.0,0.0,-0.0,-0.0,-0.0,0.0,0.1180941977807182,-0.1155513989580228,0.0109087829211936,-14.80899021227288
20.034407033907808,0.0,-0.0,0.0,0.0,0.0,-0.0,0.1492524788696627,0.1363204015675623,0.0152297536395457,-69.04559506472272,-0.0,0.0,-0.0,-0.0,-0.0,-0.0,0.1180180876948549,-0.1180328246246334,0.0100364785223672,-20.773226948714434
20.052837951142312,0.0,-0.0,0.0,0.0,0.0,-0.0,0.1492397768444065,0.1367273166590202,0.0144855647036577,-69.09671480372242,-0.0,0.0,-0.0,-0.0,-0.0,-0.0,0.1179524604756933,-0.1163816342466277,0.0114009156024176,-20.938339559388027
20.07126886837682,0.0,-0.0,-0.0,0.0,-0.0,-0.0,0.1492114335030112,0.1380873230973103,0.0155400383246049,-69.14117248985787,-0.0,0.0,-0.0,-0.0,-0.0,-0.0,0.1179496889512043,-0.116792210729626,0.013832150854615,-15.729042685365542
20.089699785611323,0.0,-0.0,0.0,0.0,-0.0,-0.0,0.149145095594345,0.1385580527906552,0.0159553453232107,-69.19249510671878,-0.0,0.0,-0.0,-0.0,-0.0,0.0,0.1178793448253063,-0.1188518953806468,0.0171502373326956,-11.32979862420756
20.10813070284583,0.0,0.0,0.0,0.0,-0.0,-0.0,0.1490741638331241,0.1380751859738406,0.0151451776115803,-69.21203418563722,-0.0,0.0,-0.0,-0.0,-0.0,0.0,0.1178409768935551,-0.1228909273446082,0.0180409978655063,-12.565794852332443
20.12656162008033,0.0,0.0,-0.0,0.0,0.0,-0.0,0.1489910996048197,0.1391152659072884,0.0158092348885144,-69.25821007091221,-0.0,0.0,-0.0,-0.0,-0.0,-0.0,0.1178447405885793,-0.1248197858325738,0.0150304891899093,-7.500775783730763
20.14499253731484,0.0,0.0,-0.0,0.0,0.0,-0.0,0.1490520038394658,0.1382787730898312,0.0148033094238326,-69.2818658891804,-0.0,-0.0,-0.0,-0.0,-0.0,-0.0,0.1178309513026998,-0.1237392465237309,0.0160209579299394,-3.027433940749215
20.163423454549346,0.0,0.0,-0.0,0.0,-0.0,-0.0,0.1490255468023405,0.1366949438597967,0.0140994521093411,-69.32770761116716,-0.0,-0.0,-0.0,0.0,-0.0,0.0,0.1178570315689185,-0.1225893462209975,0.0173087666017446,-3.425039372679201
20.181854371783853,0.0,0.0,-0.0,0.0,-0.0,-0.0,0.1489298033358393,0.1379184118374548,0.0160672540602626,-69.38334379075354,-0.0,-0.0,-0.0,0.0,-0.0,0.0,0.1178774386418661,-0.1221341422864881,0.0176336348334106,-0.7293262539107783
20.20028528901836,0.0,0.0,-0.0,0.0,-0.0,-0.0,0.1490567139329459,0.1386199591452892,0.016076753209107,-69.44802801222784,-0.0,-0.0,-0.0,0.0,-0.0,0.0,0.1178508382899133,-0.1225855713966136,0.0161076073812528,6.016873536943658
20.218716206252864,0.0,0.0,-0.0,0.0,-0.0,-0.0,0.1491150033659962,0.1387206763731745,0.0165958216165362,-69.49259334637817,-0.0,-0.0,-0.0,0.0,-0.0,0.0,0.1179003620581719,-0.1246294578837676,0.0159360785925053,7.202777049379013
20.23714712348737,0.0,0.0,-0.0,0.0,0.0,-0.0,0.1491818967424716,0.1360396633470522,0.0154503616521163,-69.54091561509075,-0.0,-0.0,-0.0,0.0,-0.0,0.0,0.1178880553440971,-0.1272268633100687,0.0157355098328156,4.359921019473179
20.25557804072188,0.0,0.0,-0.0,0.0,-0.0,-0.0,0.1491470232064705,0.1330625390159047,0.0155701591494978,-69.57019743961145,-0.0,-0.0,-0.0,0.0,-0.0,-0.0,0.1179346214459899,-0.1242477093635128,0.0121058919790451,-0.4354071042212388
20.274008957956383,0.0,-0.0,-0.0,-0.0,-0.0,-0.0,0.1491490047500331,0.1295088829520828,0.0151530150065472,-69.61465024059956,-0.0,-0.0,-0.0,0.0,-0.0,-0.0,0.1179121423683845,-0.1216958220295074,0.0125902319045204,5.706049071747742
20.292439875190887,0.0,-0.0,-0.0,0.0,-0.0,-0.0,0.1491413885939942,0.1286955534229786,0.0143120124469343,-69.67595818657637,-0.0,-0.0,-0.0,0.0,-0.0,0.0,0.117843252622138,-0.1309591666067217,0.0112486977021576,0.8501356518984371
20.3108707924254,0.0,-0.0,-0.0,0.0,-0.0,-0.0,0.1491111661252951,0.1276075742190212,0.0147926923406248,-69.72497281994997,-0.0,-0.0,-0.0,0.0,-0.0,0.0,0.1178475861526004,-0.1329195648504789,0.0109531946833243,3.7362509293766974
20.32930170965989,0.0,-0.0,-0.0,0.0,-0.0,-0.0,0.1491104511852979,0.1274218837617641,0.0145454135952819,-69.76603962531512,-0.0,-0.0,-0.0,0.0,0.0,-0.0,0.1179222485064662,-0.1333900798570365,0.0112755424146519,4.602619605849634
20.347732626894405,0.0,-0.0,-0.0,0.0,-0.0,-0.0,0.1491422788328418,0.1280832331838301,0.0137811218183999,-69.82427338560996,-0.0,-0.0,-0.0,0.0,0.0,-0.0,0.1178527322337422,-0.134128213435543,0.0106609353444689,7.786582933163073
20.36616354412891,0.0,0.0,-0.0,0.0,-0.0,-0.0,0.1490865301821137,0.1266241964984472,0.0137618235629575,-69.88023868894284,-0.0,0.0,-0.0,-0.0,-0.0,-0.0,0.1178278211686641,-0.132886363193293,0.0131806103584432,8.582173828954765
20.384594461363417,0.0,0.0,-0.0,0.0,-0.0,-0.0,0.1491196606378189,0.1242604864218769,0.0144357683145615,-69.92476038810639,-0.0,0.0,-0.0,-0.0,-0.0,-0.0,0.1177515360426187,-0.1313321267722029,0.0132971279343159,7.11762199984334
20.403025378597924,0.0,0.0,-0.0,0.0,-0.0,0.0,0.1491361282642345,0.1245762351281332,0.0151984166353113,-69.97076029011731,-0.0,0.0,-0.0,-0.0,-0.0,-0.0,0.1177263262926381,-0.1342816597627332,0.0156016169956292,12.15990025614325
20.421456295832428,0.0,0.0,-0.0,-0.0,-0.0,0.0,0.1492168883247351,0.1244091206108476,0.0158719711306917,-70.0055082665129,-0.0,0.0,-0.0,-0.0,-0.0,-0.0,0.1177348422932374,-0.133320901595776,0.0154325487621167,9.862786886763802
20.43988721306693,0.0,0.0,-0.0,0.0,-0.0,0.0,0.1491614418010762,0.1232895581725881,0.0174172995930484,-70.07069752017524,-0.0,0.0,-0.0,-0.0,-0.0,-0.0,0.1176427755640051,-0.1348426959331234,0.021278588914719,7.866277181380932
20.45831813030144,0.0,0.0,-0.0,0.0,-0.0,0.0,0.1491896559186357,0.1227629642160211,0.017980639690506,-70.08623604115728,0.0,0.0,-0.0,-0.0,-0.0,-0.0,0.1176643536506574,-0.1313634728787193,0.0230429857404689,12.428386034439807
20.476749047535947,0.0,0.0,-0.0,-0.0,-0.0,0.0,0.1492408011402448,0.1242390568791558,0.0164974539855709,-70.130130522684,0.0,0.0,-0.0,-0.0,-0.0,-0.0,0.1178277870886869,-0.1341147081272704,0.0234732980846681,9.375026293597845
20.49517996477045,0.0,0.0,-0.0,-0.0,-0.0,0.0,0.1492185212386713,0.1250336133344966,0.0164699634136118,-70.16013641192255,0.0,0.0,-0.0,-0.0,-0.0,-0.0,0.1177864789725099,-0.1390653405545457,0.0232513578783272,12.68967090595684
20.51361088200496,0.0,0.0,-0.0,-0.0,-0.0,0.0,0.1492073400746317,0.1245749539389624,0.0162593403278699,-70.20337463511332,-0.0,0.0,-0.0,-0.0,0.0,0.0,0.1177490339586567,-0.1449052075664383,0.02073922655302,9.046513413683098
20.53204179923946,0.0,0.0,-0.0,-0.0,-0.0,0.0,0.1492290381670137,0.1243076196214529,0.0155903507901508,-70.22845480570744,-0.0,0.0,-0.0,0.0,-0.0,0.0,0.1178085171046102,-0.1467258893833279,0.0190997725818385,7.661463709975259
20.55047271647397,0.0,0.0,-0.0,0.0,-0.0,0.0,0.1492192469967421,0.1247322364262347,0.0145804724559233,-70.25904530463043,-0.0,0.0,-0.0,0.0,0.0,0.0,0.1178915065150432,-0.1484526159021727,0.018778017094154,10.673962909983244
20.56890363370848,0.0,0.0,-0.0,0.0,-0.0,-0.0,0.1492397924269112,0.1236303818029928,0.0151129486715997,-70.28976838914403,0.0,0.0,-0.0,0.0,0.0,-0.0,0.1179912905164409,-0.1467859778915777,0.0161289710583332,10.945971122709029
20.58733455094298,0.0,0.0,-0.0,0.0,-0.0,0.0,0.1492202552278274,0.1238552429286915,0.0143312254772981,-70.33783178482882,0.0,0.0,-0.0,0.0,-0.0,-0.0,0.1179292368779965,-0.1508166929473556,0.0196144523344677,19.225589786921965
20.605765468177488,0.0,0.0,-0.0,0.0,-0.0,0.0,0.1492971975987057,0.1234606933555733,0.0135723740844848,-70.38870803558355,-0.0,0.0,-0.0,0.0,-0.0,-0.0,0.1179428900227169,-0.1518119554505302,0.0214804117938637,19.1914424625664
20.62419638541199,0.0,0.0,-0.0,0.0,-0.0,0.0,0.1493188987410339,0.1242396495040393,0.0143653891723003,-70.45816360045943,-0.0,0.0,-0.0,0.0,-0.0,-0.0,0.1179604202544799,-0.1521350017389288,0.027162194407304,16.251045500547328
20.6426273026465,0.0,0.0,-0.0,0.0,-0.0,0.0,0.1493730598053377,0.1229757691910751,0.0143653504241612,-70.49774508697413,-0.0,0.0,-0.0,0.0,-0.0,-0.0,0.1179855728459087,-0.1508091698864826,0.0287989486577707,17.253110239678957
20.661058219881003,0.0,0.0,-0.0,0.0,-0.0,0.0,0.1494392347088021,0.1230764654213921,0.0132333868178785,-70.53835865678947,-0.0,0.0,-0.0,0.0,-0.0,-0.0,0.1179809678569244,-0.1487522641562786,0.0319468803375367,17.07487312854187
20.67948913711551,0.0,0.0,-0.0,0.0,-0.0,0.0,0.1494847517468644,0.1225134283412823,0.0142868547479483,-70.57801483329037,-0.0,0.0,-0.0,0.0,-0.0,-0.0,0.1180116538107047,-0.1516463237803501,0.0344849563592973,17.76421356359637
20.69792005435001,0.0,0.0,-0.0,0.0,-0.0,0.0,0.1495229509590366,0.1224040707473119,0.0139889130085738,-70.6172061331897,-0.0,0.0,-0.0,0.0,-0.0,-0.0,0.1180052399020969,-0.1531543558578019,0.0364295401679523,15.567852687961452
20.71635097158452,0.0,0.0,-0.0,0.0,-0.0,0.0,0.1495583113153411,0.1217857619665909,0.0136166823832791,-70.67211293497755,-0.0,0.0,-0.0,-0.0,-0.0,-0.0,0.118008809866971,-0.1549526125532831,0.037059667675563,11.457287865969835
20.734781888819025,0.0,0.0,-0.0,0.0,-0.0,0.0,0.1495299385882253,0.1226055215121751,0.0131154077076895,-70.71658559938903,-0.0,0.0,-0.0,0.0,-0.0,-0.0,0.1179836443101284,-0.1569823421325009,0.0392436467395686,8.962337369096577
20.753212806053533,0.0,0.0,-0.0,0.0,-0.0,0.0,0.1495604730093487,0.1220029358625109,0.0137584545354175,-70.75122960093613,-0.0,0.0,-0.0,0.0,-0.0,-0.0,0.1179607190935132,-0.1574836861408359,0.0395957284614744,-0.5175378292957115
20.77164372328804,0.0,0.0,-0.0,0.0,-0.0,0.0,0.1495382508393811,0.1234610839557169,0.0140850252028546,-70.78625994744705,-0.0,0.0,-0.0,0.0,0.0,-0.0,0.117963982614618,-0.1546040004016119,0.0397664766171349,-3.940966601939859
20.790074640522544,0.0,0.0,-0.0,0.0,-0.0,0.0,0.1495305609878446,0.1229242131961717,0.0137559464205623,-70.83295232065491,-0.0,0.0,-0.0,0.0,0.0,0.0,0.1175774682057365,-0.158222873705453,0.0387046256241509,-4.171855559940743
20.80850555775705,0.0,0.0,-0.0,-0.0,-0.0,0.0,0.1494822622946647,0.1239326000085397,0.0141912271619768,-70.88657020184853,-0.0,0.0,-0.0,0.0,-0.0,0.0,0.117080740829282,-0.1623050523635949,0.0406163072737555,-4.421147949963221
20.826936474991555,0.0,0.0,-0.0,-0.0,-0.0,0.0,0.1494540039598873,0.1235247027092546,0.0149571823764096,-70.93029358931969,-0.0,-0.0,-0.0,0.0,-0.0,0.0,0.1167109898708138,-0.1637934494419542,0.0465265468289525,-5.782135199726592
