time_s,L_fx1,L_fy1,L_fz1,L_fx2,L_fy2,L_fz2,L_proximity,L_roll,L_pitch,L_yaw,R_fx1,R_fy1,R_fz1,R_fx2,R_fy2,R_fz2,R_proximity,R_roll,R_pitch,R_yaw
0.0,0.0,-0.0,0.0,-0.0,0.0,-0.0,0.0,0.0289477090749385,0.0266445206054071,-1.055985380481797,-0.0,0.0,-0.0,-0.0,0.0,0.0,0.0001312413066874,0.0330242738128236,0.0094706833623336,-0.7553288461240325
0.0180463551878537,0.0,-0.0,-0.0,-0.0,0.0,0.0,0.0,0.0346254961531309,0.0226072879198795,-1.09912308349131,-0.0,0.0,-0.0,-0.0,0.0,0.0,0.0003532314272909,0.0324016479521381,0.009445454990333,-0.7949241033311397
0.0360927103757075,0.0,-0.0,-0.0,-0.0,0.0,0.0,0.0,0.0402802729565658,0.0223128386385161,-1.1354527330719646,-0.0,0.0,-0.0,-0.0,0.0,0.0,0.0006953696670328,0.0320127960548312,0.0094903828752099,-0.8286403426542175
0.0541390655635613,0.0,-0.0,-0.0,-0.0,0.0,0.0,0.0,0.0521810813722872,0.0266518174920499,-1.1832463044762045,-0.0,0.0,-0.0,-0.0,0.0,0.0,0.0004100969264226,0.0401655364509056,0.0152386319908453,-0.8784524942565624
0.0721854207514151,0.0,0.0,-0.0,-0.0,0.0,-0.0,0.0,0.0620080414799434,0.0302830988158575,-1.2300480746763414,-0.0,0.0,0.0,-0.0,0.0,0.0,0.0001727035782997,0.0477870070315322,0.0193650376907144,-0.926212960655675
0.0902317759392689,0.0,-0.0,-0.0,-0.0,0.0,-0.0,0.0,0.0675415088895266,0.0315624343267603,-1.264934964001908,-0.0,0.0,0.0,-0.0,0.0,0.0,0.0001730368735366,0.0569773675091293,0.0194485144288577,-0.9670075057058484
0.1082781311271227,0.0,0.0,0.0,-0.0,-0.0,0.0,0.0,0.0808418259495734,0.0332769507143055,-1.2961982511476826,-0.0,0.0,0.0,-0.0,0.0,0.0,0.0001835057943587,0.083222629375982,0.0281467731043098,-1.0054154009186236
0.1263244863149765,0.0,-0.0,0.0,-0.0,-0.0,0.0,0.0,0.0989686252502413,0.036555792113037,-1.32521852450128,-0.0,0.0,0.0,-0.0,0.0,0.0,0.0001938633983351,0.1221787551608276,0.0428491495950734,-1.0462385269210297
0.1443708415028303,0.0,-0.0,0.0,-0.0,-0.0,0.0,0.0,0.1229933345387718,0.0390527691290922,-1.3607660941862263,-0.0,0.0,0.0,0.0,0.0,-0.0,0.0002046144857863,0.1403653599393836,0.0473985530150569,-1.0841528646013716
0.1624171966906841,0.0,0.0,0.0,-0.0,-0.0,0.0,1.2297118020185258e-05,0.1464874231621942,0.0397016969673112,-1.398256369435276,-0.0,0.0,0.0,0.0,0.0,-0.0,0.0002171219369336,0.1641522960610575,0.0519002553537899,-1.1256107412242506
0.1804635518785379,-0.0,0.0,0.0,-0.0,-0.0,0.0,2.743368580515439e-05,0.1598709678345753,0.0353357446669675,-1.4449007869610964,-0.0,0.0,0.0,0.0,0.0,-0.0,0.0002406714933541,0.2030090097510434,0.052114566433437,-1.1702562188596533
0.1985099070663917,0.0,0.0,0.0,-0.0,-0.0,0.0,5.6649343988202187e-05,0.1746148831084151,0.0327617422357784,-1.488039561720308,-0.0,0.0,0.0,0.0,0.0,-0.0,0.0002790381939905,0.2261988732314822,0.0515691863012078,-1.2140917487094671
0.2165562622542455,0.0,0.0,0.0,-0.0,-0.0,0.0,8.553387833914574e-05,0.1900813643816831,0.0331504232392876,-1.5300816340822097,-0.0,0.0,0.0,-0.0,0.0,-0.0,0.0003149666596395,0.2365520372066345,0.0509233193727388,-1.2571828619397
0.2346026174420993,0.0,0.0,0.0,-0.0,-0.0,0.0,0.0001225765105963,0.2019112781788975,0.0316075281678291,-1.5653449285480117,-0.0,0.0,0.0,-0.0,0.0,-0.0,0.0003667097535911,0.2444923695657279,0.0520096219987085,-1.2918400210735446
0.2526489726299531,0.0,0.0,0.0,-0.0,-0.0,0.0,0.0001516789286549,0.2103488980097986,0.0299241851401932,-1.605231718699143,-0.0,0.0,0.0,-0.0,0.0,-0.0,0.000425952747691,0.2512437735604962,0.0556455630605123,-1.330343756103996
0.2706953278178069,0.0,0.0,0.0,-0.0,-0.0,0.0,0.000164733889202,0.2133682637493109,0.0271241919796513,-1.6473776625683272,-0.0,0.0,0.0,-0.0,0.0,-0.0,0.0004910673895838,0.2518880306556263,0.0653098645050471,-1.376922748095004
0.2887416830056607,0.0,0.0,0.0,-0.0,-0.0,-0.0,0.0001839817656447,0.2130624757601046,0.0289793098170068,-1.6939142407863763,-0.0,0.0,0.0,-0.0,0.0,-0.0,0.0005333258848105,0.2559467607349711,0.0682681561354449,-1.4144357941472316
0.3067880381935145,0.0,0.0,0.0,-0.0,-0.0,-0.0,0.000211154896202,0.2129664481773233,0.0340008798651753,-1.7438163908667532,-0.0,0.0,0.0,-0.0,0.0,0.0,0.0005856058813143,0.2671548339299984,0.0691487710118703,-1.4483535362174556
0.3248343933813683,0.0,0.0,0.0,-0.0,-0.0,-0.0,0.0002397018372988,0.2099813800538703,0.0327908450837334,-1.7933277727297057,-0.0,0.0,-0.0,-0.0,0.0,0.0,0.0006620596911541,0.2677049556795895,0.0667149826244465,-1.4891335873526097
0.3428807485692221,0.0,-0.0,0.0,0.0,0.0,-0.0,0.000277047142901,0.210125692394497,0.0340109952477611,-1.832907706247539,-0.0,0.0,0.0,-0.0,0.0,0.0,0.0007439544302557,0.2706411794908431,0.0633501988480656,-1.5325269591755872
0.3609271037570759,0.0,-0.0,0.0,0.0,-0.0,-0.0,0.0003079669747493,0.2097147656115787,0.0395524563290038,-1.85937322167893,0.0,0.0,0.0,-0.0,0.0,0.0,0.0008561781659595,0.2860045337323801,0.0609035265800672,-1.5786827686046867
0.3789734589449297,0.0,-0.0,0.0,0.0,-0.0,-0.0,0.000341812093015,0.2111322692678276,0.0413317437774635,-1.8885325017765544,0.0,0.0,0.0,-0.0,0.0,0.0,0.0009436720575167,0.296592143144216,0.0624979932958242,-1.6194045799950318
0.3970198141327835,0.0,-0.0,0.0,0.0,-0.0,-0.0,0.0003909981703209,0.2109757127317556,0.0416426511305555,-1.927841517700025,0.0,0.0,0.0,-0.0,0.0,0.0,0.0010375864518514,0.3023018660403913,0.0694889748119257,-1.6659073170158665
0.4150661693206373,1.2685932388591132e-06,-3.3091426153162325e-06,6.287413992522158e-06,6.823079099547573e-07,8.352583221660433e-07,0.0,0.0004396791821242,0.216051029281025,0.0452092954165188,-1.970843990899651,6.650515602867255e-07,1.9693099858457222e-06,3.939031147733246e-06,7.82497140968744e-08,2.5508495130968296e-06,3.1282923359583657e-06,0.0011392496924599,0.3075501536558178,0.0700586679711968,-1.7039587152892517
0.4331125245084911,0.0,-6.594878118236288e-06,1.1505643253437306e-05,3.3153813919171207e-06,1.2826486407772932e-06,0.0,0.000502205988591,0.2188773146363819,0.0468288944503309,-2.0171992225170428,2.834480041776232e-06,3.616855150329072e-06,8.13377660283148e-06,1.200109210419942e-06,7.3949005406867955e-06,5.1774477605210415e-06,0.0012434877891064,0.311078030282053,0.06929238075177,-1.7421357672533069
0.4511588796963449,0.0,-9.01771586262244e-06,2.199830424493686e-05,3.752807553161285e-06,4.274470294026637e-06,0.0,0.000552155536841,0.2118111909069052,0.0352855635782891,-2.0552690364980184,3.5225782559382537e-06,3.90693597227052e-06,7.605977345757251e-06,3.187235803511037e-06,9.36469520659233e-06,3.82810690621278e-06,0.0013793494702657,0.3119270357882158,0.0693094107007764,-1.7876817636087194
0.4692052348841987,0.0,-8.174468468245616e-06,2.0892011221801712e-05,2.1115057162667595e-06,5.140253568120614e-06,1.2579455972706592e-06,0.0006175919701377,0.2059179327138555,0.0286412567545119,-2.1010869469949105,4.766210376163771e-06,1.0077668078974465e-05,6.942805803393458e-06,9.566652203705943e-06,1.286566688297313e-05,4.8625417561258326e-06,0.0014939740175076,0.3131036179271751,0.0650293574464954,-1.8262576416337992
0.4872515900720525,0.0007368641427936,-6.627299696273504e-06,1.7591363644712932e-05,0.0,1.2455617069538963e-06,2.1286860708642007e-06,0.0007009110768502,0.2007244713038746,0.0268165903122328,-2.1523737851444635,4.184143874882375e-06,2.0557605304790232e-05,1.699930490525932e-05,1.6826064351456677e-05,2.0057881310016804e-05,4.768457233849945e-06,0.0015843484514282,0.3143350948851626,0.0590436885045361,-1.8640594487968825
0.5052979452599062,0.0038699708550071,-9.075285957770228e-06,0.0078214814545568,0.0001078448435179,-1.578842940624469e-06,9.686479768010528e-05,0.0007704062990732,0.1820814369614244,0.0296511800754224,-2.2017837422827284,8.203807920330627e-06,2.5266443366081592e-05,6.017547435930628e-06,0.0004148452428198,0.0008777903839932,0.00010568571683,0.0016968404883156,0.299248671345421,0.05772529889057,-1.90589818081491
0.52334430044776,0.0059305498113543,-1.108020587084702e-05,0.0241579552038252,0.0029860448983778,0.0001961531026478,0.0021464674417388,0.0008513236865904,0.1633526460500844,0.0335515471964188,-2.2442897335756524,0.0,2.715138728687565e-05,1.356759963536272e-05,0.0,0.0021399744000943,0.0025485010836412,0.0018188341462612,0.2801977634338894,0.0574839837815018,-1.9451722918470389
0.5413906556356138,0.0179695313081735,-7.775140365796922e-06,0.069982676194656,0.0198013403639909,0.0012489537386194,0.0244403482982932,0.0009403604960082,0.137429582985677,0.032325462557302,-2.288722072291072,0.0,2.474913812334714e-05,1.810503919641736e-05,0.0,0.0015615465937175,0.01992155713674,0.0019430800069275,0.2582523572614307,0.0590609760307063,-1.9912962336884823
0.5594370108234676,0.0424101183276115,-1.0880923403202588e-05,0.1630578490489762,0.0572810273332741,0.0049132788669964,0.0919925666278076,0.0010315386090204,0.100845010110646,0.0319358549256768,-2.3332119679144574,0.0,0.0022315624311678,0.0095026036320492,0.0,0.0022363907819747,0.0430116674291016,0.0020590837604438,0.2285681896488561,0.0588789909078323,-2.0415048855985205
0.5774833660113214,0.133792622139331,5.571594402029927e-07,0.2189196387359112,0.1445698555605827,0.0110514858426813,0.1786246401308684,0.0011278305647707,0.0427154298443267,0.0375207516828852,-2.3800184820567027,0.0017064586049475,0.0069088886187797,0.0380439519364436,0.0,0.0012280839307564,0.0914282056647462,0.0021693267463939,0.1935623472295352,0.059940603414433,-2.093513142778895
0.5955297211991752,0.223930762570526,1.7848813518551226e-05,0.3537884153641632,0.2154881084895274,0.0305739572244552,0.2493396452295898,0.0012476270965954,-0.0095737760790205,0.0455839112214317,-2.4181188824576325,0.0,0.0106482193411814,0.106195122310696,0.0,-0.0005201615187092,0.193060367483134,0.002256838655428,0.1588740699777392,0.0587981458608132,-2.1400306338209214
0.613576076387029,0.4164298126113246,0.0002190765023143,0.5108972088656032,0.3252294301619187,0.0378647434007383,0.405475683241526,0.0014258714263739,-0.0621775515436138,0.051491869028592,-2.4592812443816205,0.003597997517545,0.0153371375962853,0.193219437957294,0.0,-0.0005613437156962,0.4021680423021842,0.0023287824991595,0.1214112128904274,0.0547528185014304,-2.183627882075778
0.6316224315748828,0.6089722345845593,0.0012990489278733,0.845414681666651,0.4325647098486236,0.0827594541854187,0.7209503919863322,0.0016794529819595,-0.1133064049366463,0.0615949548006628,-2.496306856589113,0.0,0.0161873144736547,0.2449384136020708,0.0,3.525672925317633e-05,0.5706341628153464,0.0023835486060312,0.0814115167712856,0.0542220078351032,-2.2214706608942123
0.6496687867627366,0.8208628821462673,0.0024255726433306,1.2257582197212271,0.6527644868203457,0.1515874470745416,1.118745064525043,0.0019378083882362,-0.1628098470292347,0.0727036952862104,-2.5396276162210243,0.0,0.0254887906328486,0.3810557553756176,0.0,-0.0011286095407678,0.7154130435653402,0.002452188257266,0.0493427105533902,0.0529216476619773,-2.2608806646251605
0.6677151419505905,1.057340391391454,0.0085811109263691,1.6174699254022575,0.9270083432838144,0.2236392807119067,1.4389439169715637,0.0022600884319336,-0.2137482334024463,0.0863586758638386,-2.587072956478808,0.0,0.0582754376230249,0.6544636328649098,0.0,-0.0025458903364542,0.9876321084506694,0.0025151109284146,0.0185106151230728,0.0533699713972485,-2.3055236688051
0.6857614971384443,1.3023985433602918,0.0149476617795265,2.088216039566064,1.1169078524678284,0.2773067228711897,1.8713765481776936,0.0026760057548337,-0.2672793485592298,0.0802318530269078,-2.6322230920246144,0.0,0.0971709204792703,0.8677949770906102,0.0,-0.0029414462924049,1.2817675805876216,0.0025786364085661,-0.0183474790035045,0.053353456933267,-2.35848738924638
0.7038078523262981,1.5064344337371476,0.0244884287789908,2.5501905337986988,1.27006783192773,0.3786593933984197,2.0896757475564134,0.0031102922714783,-0.3183408322205227,0.0683641859648545,-2.6703270850531573,0.0,0.1436740390369295,1.0810564816924355,0.0,-1.882673809043605e-05,1.5997854735004804,0.0026374505261575,-0.0542722781241322,0.0496139525713379,-2.4095415815253234
0.7218542075141519,1.7448082267026614,0.0360390734666856,2.8013250668063554,1.42263206982467,0.4296299701126211,2.451368946169136,0.0036032812525274,-0.3719709884812421,0.0699853261608622,-2.706995923583152,0.0,0.1679228310229461,1.2403786561163712,0.0,-2.363256928456749e-05,1.9573565443506953,0.0026874115922933,-0.0762635487422474,0.0323468315738984,-2.4466783172457203
0.7399005627020055,1.816332056102232,0.0281600841033966,3.275575527380896,1.5491953302864312,0.4786444207839465,2.6969344312905137,0.0041814645911271,-0.4111527201694888,0.0710355013370882,-2.7578767317299584,0.0,0.1842192514867451,1.4537840505291078,0.0,2.6453089395133662e-05,2.146159629441315,0.0027895043031304,-0.101161123120026,0.0231045893600799,-2.490864569472898
0.7579469178898594,2.0341773093526068,0.0515370849559153,3.6137447351342034,1.7048874652181158,0.5036246757451468,2.996035636088424,0.0049194660422097,-0.4379765836761678,0.0687680454308583,-2.817300417073649,0.0,0.2061231182301628,1.617110453950773,0.0,3.581600417004945e-05,2.2323940951696297,0.0029263046266753,-0.1205255426729312,0.0265077558120993,-2.5387453034504546
0.7759932730777132,2.210744491625136,0.0812143293708553,3.8534307045037934,1.7942187700517604,0.5493195456774964,3.1299640719355857,0.0055664010901617,-0.4660364301915697,0.0692199002285974,-2.862440473561329,0.0,0.2353426166779783,1.8337869148736752,0.0,2.7561719270097573e-05,2.4472895832088404,0.0030341004845359,-0.1318573614283834,0.0251905984049883,-2.5895636956000416
0.794039628265567,2.420233421163492,0.0763946990363787,4.135243500600136,1.9659027271402905,0.5888689372117811,3.2305991851395013,0.0062847510808779,-0.4970162824148755,0.0665053895150989,-2.908411888340464,0.0,0.2583036265717642,2.014763331891397,0.0,0.0003319244283547,2.633794876949654,0.0031236574386385,-0.138496775448023,0.0211739838622549,-2.6395182501486345
0.8120859834534208,2.520816771432358,0.0675333565036739,4.23070884294905,2.1004060444030097,0.6105079642985198,3.337378630393881,0.0069590225189211,-0.518338683396617,0.0543269807978988,-2.9617380941244065,0.0,0.2831093633125728,2.032376022647916,0.0,0.0041544580312291,2.7400231731412834,0.0031872594081829,-0.1555463881496706,0.0144155884110721,-2.6878395695977595
0.8301323386412746,2.6089253808500428,0.0679189903465507,4.273397696826989,2.1871582628878867,0.6215578055696935,3.3761186524723183,0.0076093905662439,-0.5336631028170068,0.0386370413066244,-3.014177931487428,0.0,0.2796627115747328,2.0743296032998444,0.0,0.0095777598690948,2.7892580272614897,0.0032737539365012,-0.1523130351419028,0.0068295806738103,-2.738185696301648
0.8481786938291284,2.7168942242777896,0.0605365776822427,4.395321231348459,2.176465099585883,0.6281622254041368,3.416917625283318,0.0082405671053691,-0.5403489533427573,0.0237028017822995,-3.058278701722978,0.0,0.2810454686107206,2.156457166000534,0.0,0.027247371448741,2.846578285835319,0.0033690508525379,-0.1386746111564785,-0.0006537169213356,-2.7898450424142585
0.8662250490169822,2.751611825766592,0.0510172106080564,4.363100376849076,2.241379711824853,0.6016541764041813,3.425729449786477,0.0087497116095005,-0.5438386020792151,0.0180160704374818,-3.118692436365392,0.0,0.2796082137889887,2.1275325673549865,0.0,0.027103152238441,2.807576242175142,0.0035030676016363,-0.1413010234858826,-0.0043922758639418,-2.8367112652984945
0.884271404204836,2.6173954976533507,0.031661603570417,4.300279894371932,2.219170659316081,0.5985821798675592,3.3680875678392135,0.0092292078507423,-0.5498382580725207,0.0190475802236236,-3.1768547986278213,0.0,0.2832178412803329,2.0651482078097594,0.0,0.0381282090409215,2.7738956083371606,0.0036465601881821,-0.1489256672031977,-0.0090456624134909,-2.893188555617116
0.9023177593926898,2.646062698119126,0.0473023342547153,4.13351947534291,2.1770521809602283,0.577828534972123,3.2841664115893017,0.0094698398457437,-0.5598744100793523,0.0236888174283385,-3.209108978144541,0.0,0.2922509500750839,1.9608199437071991,0.0,0.0325727557289619,2.717336281920377,0.0037455283582175,-0.1488274472862482,-0.0134543317181016,-2.93944930967297
0.9203641145805436,2.596586783781754,0.0346520265902979,4.007365329676842,2.1381013461527285,0.5646461605122793,3.26643024851967,0.0096897791713636,-0.5630158461984501,0.025425740006477,-3.245877912261641,0.0,0.292746797663254,1.9282854303250343,0.0,0.0279397095323698,2.718337349955537,0.0038406277881332,-0.1573877544211429,-0.0159697134556566,-2.988245641702329
0.9384104697683974,2.5014097450470016,0.0276064195866321,3.94324813498596,2.1289587180635325,0.5469747426302004,3.1796675081329746,0.0099315807403519,-0.5611504097515587,0.0311157607084627,-3.287163115436621,0.0,0.2876326975041575,1.8252643681267304,0.0,0.0284148128325134,2.634649771698008,0.003946064408759,-0.1603139530008324,-0.0159659187028877,-3.038540487800465
0.9564568249562512,2.484784794680855,0.0391276448605175,3.806266987089952,2.100899690884817,0.5281157688382742,3.10287774453955,0.0099826445270711,-0.5568495416875404,0.0407437898572319,-3.3297825370850243,0.0,0.2868660666440913,1.847671833951675,0.0,0.0153974721963871,2.5818788694369013,0.0040310377608106,-0.1656454449620778,-0.017772248925843,-3.0841045596625944
0.974503180144105,2.413838612983888,0.0442536005708434,3.74579383421679,2.039883579413049,0.4963970844237989,3.015272293388284,0.0099782962250365,-0.548164572040013,0.0457574235827685,-3.37254214960892,0.0,0.2601964804599777,1.8764167366100368,0.0,0.0166239071545178,2.560726667344832,0.0040920870556099,-0.1614261997475168,-0.0187738265373235,-3.1311188595878576
0.9925495353319588,2.3926423449100107,0.04634944490455,3.726050974077864,2.0042685593616314,0.4892091763426398,3.0069179863818145,0.0099017990923983,-0.5516630215232567,0.0472071648437888,-3.417986904247184,0.0,0.2587572895425304,1.8205965697027693,0.0,0.0158825341039668,2.5682756228277586,0.0041188915479574,-0.1677911006216029,-0.0226382762541838,-3.17292891316234
1.0105958905198125,2.3723510308971125,0.0518127226084222,3.723123322102379,2.021542603365436,0.4961315076907331,2.9370015447664533,0.0098363470177996,-0.5485548430640309,0.0437221906755204,-3.460714015307962,0.0,0.235926333917882,1.8158576285727808,0.0,0.0154919051303083,2.493991596482814,0.0041587218821053,-0.1761828257352856,-0.0255470743071212,-3.217764025803956
1.0286422457076665,2.320332592411064,0.0491032918514069,3.6790725594519658,2.041881471462123,0.4920626276588123,2.897164214607544,0.0097517809254375,-0.5411244842425378,0.0396548253141504,-3.50427229853934,0.0,0.2347083807231308,1.8274812774905709,0.0,0.0270802466779401,2.472412643457854,0.0041928691196164,-0.1839197847234845,-0.0283060869680392,-3.252686578432567
1.04668860089552,2.359238027218001,0.0517576450426302,3.68267387564656,2.017139553851801,0.4781579059999861,2.8467324710804114,0.0097212722318324,-0.5452805940304781,0.029070150727617,-3.53610900418891,0.0,0.236302120123449,1.8303543740885264,0.0,0.0252859919997473,2.456027919818672,0.0042102098469608,-0.1771666134421482,-0.0341893603849729,-3.2905338418098826
1.064734956083374,2.369635119594162,0.0413105441980453,3.727143488112491,1.985130015939053,0.4783312003279068,2.8902326801442686,0.0097403575040587,-0.5478339941162491,0.0188808862410706,-3.570688516627394,0.0,0.2319110423607368,1.8499104215360216,0.0,0.0250042973574432,2.450822704151851,0.0042339002349776,-0.1801602459104916,-0.0414296139229492,-3.3390894835419744
1.0827813112712277,2.346719953909794,0.0399602114140481,3.728470907621259,1.9818220946410603,0.4857559502820102,2.8264047972768847,0.0097394316214462,-0.5462773482371531,0.0273863136516468,-3.622561907668881,0.0,0.2244005359335879,1.8452850561645144,0.0,0.0296554142147646,2.44661209864682,0.0042376324824479,-0.1848373511786533,-0.0418627817794135,-3.373188013514284
1.1008276664590817,2.325027060551706,0.0255999741806371,3.686367506319456,1.9404254977573567,0.4764554067873641,2.8841477601620102,0.0097301049869262,-0.5527265107875795,0.0315525435977737,-3.662602911640939,0.0,0.2122846990939254,1.8107368397843409,0.0,0.0283785167654016,2.429737462536541,0.0042314973487696,-0.1928474893000253,-0.0420510789992147,-3.430192328597741
1.1188740216469353,2.330356641621157,0.009690265981212,3.698194494714029,1.974874663670494,0.4826592704578877,2.950493127333915,0.0097430481057627,-0.558212291560926,0.0332421493644691,-3.6883780149215895,0.0,0.2111589412292964,1.8568883444160809,0.0,0.0293744248861303,2.4346051918111113,0.0042171559112363,-0.2007618239540599,-0.0410289852461868,-3.460526185379938
1.136920376834789,2.350154784381274,0.0076750044037352,3.730266869246353,1.982923548201012,0.4746311817674479,2.932081635190652,0.0097550991869856,-0.5732803020067077,0.0348944708858413,-3.720780381138343,0.0,0.2401030752392654,1.8365884225181623,0.0,0.0210768770226058,2.424465403389467,0.004224781658039,-0.2082633474502978,-0.0430469796880358,-3.509548479142881
1.1549667320226429,2.379485341379137,0.0015672094099775,3.751757576004485,1.9536326321508628,0.4815635644158684,2.946784100573917,0.0097254497335364,-0.5799250084502029,0.0336437394863208,-3.757655649087589,0.0,0.2493653443789892,1.777601735315927,0.0,0.0168395970833883,2.4171654143047627,0.0042332714053366,-0.2123589778928626,-0.0427079750880716,-3.564147500310221
1.173013087210497,2.3671814532878974,-0.0059940607872646,3.7613419186729526,1.9708582709039808,0.4790328621809657,2.935758169030121,0.0097063649912005,-0.5693339771147958,0.0343943579755057,-3.806620647772555,0.0,0.2661900586711793,1.7331200617975675,0.0,0.0103962863744199,2.467032930124996,0.0042612322971205,-0.2137004844756733,-0.0432096048054011,-3.601846478665183
1.1910594423983505,2.436861995557136,0.0077407940049407,3.779856947351942,1.925475552954891,0.4784541248910965,3.040520295974364,0.0097541152441964,-0.5602148789567643,0.0353204545638853,-3.840759810992831,0.0,0.2473499025666592,1.7103524505298535,0.0,0.0078154828596406,2.5035634380911,0.0042850684114292,-0.213250596007285,-0.0426689513140345,-3.6452568994037136
1.2091057975862043,2.446814258729681,0.0093253108434857,3.732187457668525,1.9348064586584013,0.4804445961415548,3.0215209324610215,0.009751976462092,-0.5510386452328218,0.0332299322410123,-3.891338002181605,0.0,0.2368512136719178,1.6621728432802794,0.0,0.0068430757106603,2.5402339540462378,0.0043005718678271,-0.2277282852624797,-0.039931244035733,-3.678511607726798
1.227152152774058,2.427546348880246,0.0233210892098625,3.759306647273432,1.9384271875764407,0.4863962895647795,3.0661902871890585,0.0097535263507845,-0.5493861605891278,0.0286149132886871,-3.937654935443431,0.0,0.2414387678679163,1.6609712838181885,0.0,0.0127265516586171,2.5326807806046876,0.0042702441004476,-0.2319919764689248,-0.0394167035177142,-3.707563716866006
1.245198507961912,2.4223107635412657,0.00368570538536,3.7259327284860166,1.92316219401266,0.4800005502667155,3.1174470558246674,0.0097407761376807,-0.557267284653589,0.0235425352626356,-3.963007822603236,0.0,0.2657014482875223,1.665805974109239,0.0,0.0153765560545614,2.4954434496378206,0.0042261636674675,-0.2385602605170781,-0.0389407417060329,-3.757522750705605
1.2632448631497657,2.443429308965722,0.0024539182914204,3.7470577871105935,1.9693073810973,0.491108905020392,3.108572991210311,0.0096309088229331,-0.5505601622434209,0.0199258895325375,-4.015864739331412,0.0,0.2734564041058239,1.7499750010543762,0.0,0.016201247643065,2.512823861827657,0.0041613220585732,-0.2466882091416775,-0.0425063163109183,-3.7790816275827415
1.2812912183376195,2.392694132099569,0.005130150830925,3.797627481598402,1.9454487457179577,0.4847306850442042,3.034627824452196,0.0094780812491072,-0.5512941261253317,0.0169258185388764,-4.071731710655121,0.0,0.2749671371760997,1.668383110538837,0.0,0.0122325374221674,2.529639916795601,0.0041304950902171,-0.2501376015791501,-0.043096575890048,-3.8310799522653975
1.2993375735254733,2.3839347538376736,0.0059917751235958,3.761285740604365,1.9871898273363195,0.4917708334894469,3.147100306387054,0.009229910783436,-0.5443613445910798,0.0159649467828339,-4.117043487846604,0.0,0.2543844472240187,1.707890255292727,0.0,0.0198797245822505,2.5588440960511347,0.0041329257216963,-0.2502283931217856,-0.0338912567042022,-3.8661842022097503
1.317383928713327,2.360559749844819,0.0130390260916755,3.796517547452897,2.0103853956067264,0.4871358855117103,3.186320101073735,0.0090428023797684,-0.5380924429294951,0.014682490961381,-4.173580677568422,0.0,0.2555210820316689,1.757208122160155,0.0,0.0289419518645778,2.511609321219621,0.0040827489215002,-0.2514168459970232,-0.0287272820154139,-3.883285268327097
1.335430283901181,2.3205057901951407,0.0484553218329056,3.7331127604173338,1.998600838996173,0.5022217837830216,3.269440906972908,0.008815589204388,-0.5283686371769516,0.0125495295186281,-4.219001924720797,0.0,0.2438220785477317,1.8031292578759048,0.0,0.026682848398376,2.5007728635330104,0.0039785766174461,-0.248602522792002,-0.0262463442846563,-3.9142003635041527
1.3534766390890347,2.3560287729176874,0.0414323369467826,3.7369993203873015,1.979814635764022,0.5150636705623692,3.193940698261988,0.0085452791816537,-0.53190604720425,0.010999835949663,-4.259733258197003,0.0,0.2526692343510979,1.8516462654801928,0.0,0.0288740696478069,2.4710942824864808,0.0039095903368173,-0.2564328146982848,-0.0256394570496086,-3.956451285133917
1.3715229942768885,2.240218171811211,0.054027005875365,3.788525070474064,2.038335161715189,0.5158032340673073,3.236746328935236,0.0085262530340228,-0.5304048773355485,0.0153476317942224,-4.288550597640386,0.0,0.258174618386198,1.9205231067252029,0.0,0.0309751858923416,2.437961118495061,0.0038787734709328,-0.2608873148722691,-0.0260888849247995,-3.989405376880254
1.3895693494647423,2.263220303571164,0.0494353609700048,3.7997598170732174,2.0560680176554964,0.5037922722969127,3.184364499132976,0.0086437966306746,-0.5346953773963293,0.0170766369387152,-4.322395521873432,0.0,0.2532304773341863,1.8927727517120176,0.0,0.0253667437873468,2.445626429038012,0.0038587816032102,-0.2634566777726858,-0.0257134049843797,-4.023447342543254
1.407615704652596,2.2948913268670625,0.0699799517435394,3.8406444357387537,2.089654671095505,0.4960236928538484,3.249763424870371,0.0092384192725725,-0.5223437381283158,0.0158058320369559,-4.378286566002877,0.0,0.2489584573425621,1.894420069372165,0.0,0.0153497114713294,2.4598464211110063,0.003852235123968,-0.258634842277104,-0.026904684252736,-4.057216825411347
1.42566205984045,2.2447839862752854,0.0754916568239167,3.8846898520450304,2.138044201750521,0.49559785981383,3.2685715470048375,0.0101005582198282,-0.5108636296833976,0.0161764771732045,-4.419816070740137,0.0,0.2372709315527872,1.8284981102693327,0.0,0.0167439219781575,2.4652832292253084,0.0038612073332408,-0.2565693728613779,-0.0241172827771274,-4.102126091905432
1.4437084150283035,2.2705865315343425,0.0912606304143486,3.8833174474129226,2.1693555423004325,0.4865261192952781,3.3209421096708716,0.0102589288887818,-0.4973255847867696,0.0203277484080859,-4.453867991279176,0.0,0.2329521389688763,1.803585102475748,0.0,0.0195743238089758,2.5054948242584594,0.0039531497983801,-0.2577992357833646,-0.0280460822446327,-4.147994605041285
1.4617547702161573,2.2872721628500328,0.0966666691999567,3.903127838834838,2.1224727791437163,0.4927914358791481,3.2548226472807102,0.0102600206386571,-0.4947423027683945,0.0196313358070915,-4.506012142531087,0.0,0.2298380466767109,1.742521027240126,0.0,0.0190804665203589,2.5580069310849076,0.0040453530898852,-0.2549394049840658,-0.0314981770045807,-4.192283144111142
1.479801125404011,2.2416913749133163,0.0849933865184213,3.871242839622912,2.158058920891293,0.4822789151903423,3.217684972536086,0.0100555503387892,-0.4938156414971674,0.0223400510272375,-4.552848950970786,0.0,0.228505731323833,1.7374938070345454,0.0,0.0145109540607994,2.600377704655664,0.0042113208895191,-0.2591487170716022,-0.0306786543299277,-4.271447542003198
1.497847480591865,2.32428787621164,0.0649000356169883,3.843862775608253,2.1333195216844234,0.4783173927458115,3.1650326022287256,0.0099506680589404,-0.4858077148603775,0.0243236580573588,-4.60999131188776,0.0,0.2316819328308793,1.6729291445434162,0.0,0.0218763437669396,2.620251797558081,0.0043118112039096,-0.2516452520927594,-0.0288496217942249,-4.316139002398726
1.5158938357797187,2.2597661203924204,0.0814232299287952,3.813789905372224,2.1515094513522954,0.4771228946698501,3.0898839321497698,0.009874916992354,-0.4618470529984423,0.0231909367395413,-4.667701323310134,0.0,0.2569899734584473,1.6947715375178012,0.0,0.0169361528865768,2.6201440839686594,0.0043661577847581,-0.2344305263233783,-0.0289874703210267,-4.368667530838378
1.5339401909675725,2.339545273189385,0.0703849935550882,3.8491783899453953,2.0680838127263383,0.4823835763476457,3.119446519025496,0.0098225142858871,-0.4606393664305179,0.0118677431755603,-4.711480535771286,0.0,0.2562198100634249,1.6832482004562639,0.0,0.0093135349891967,2.5793801035450135,0.004371907288262,-0.2376379091327155,-0.0333169603975787,-4.4343286461043805
1.5519865461554263,2.308494789263191,0.0740973141836974,3.787613021219163,2.128618653669979,0.4911857351518921,3.16716152649473,0.0097696474295954,-0.4585358156234626,0.0046712625549577,-4.761804358739351,0.0,0.237886875860377,1.6815501925724776,0.0,0.0187729701253152,2.582330999981553,0.0043765492662692,-0.237411754487321,-0.0372290650771994,-4.4986622701826775
1.57003290134328,2.311892784980429,0.0893737222795178,3.8181431396134737,2.174412228241096,0.499497417092991,3.093467116815568,0.0097461277094213,-0.4584128849467973,-0.0031321536883925,-4.803413842860155,0.0,0.2260808739063584,1.694434581943647,0.0,0.0213090577981798,2.5760859594264,0.0043655863757304,-0.2334273361753627,-0.0412234499018489,-4.534545297066502
1.588079256531134,2.376396512210581,0.1002467698017005,3.8179964389765977,2.1486263881829366,0.4905876886312591,3.078790730963975,0.00972199006481,-0.460445884551575,-0.0032849667339886,-4.845267932371337,0.0,0.2318905949370798,1.810751606747904,0.0,0.0233183099098,2.555769653462415,0.0043604303850914,-0.2287627290668996,-0.0464064975648201,-4.590961314141828
1.6061256117189875,2.3807601390661564,0.0763497889249274,3.8173038337063536,2.1593532664452524,0.4919142501434195,3.086235829144028,0.0097141404287552,-0.4585916286202376,-0.0054506961262628,-4.880827714918522,0.0,0.2617522807347833,1.8327235676901183,0.0,0.0178294204472679,2.4772898869678506,0.004345788899374,-0.2237566429783222,-0.0492970092410773,-4.645274761472731
1.6241719669068415,2.404884155811818,0.0868007446492993,3.8067753451574498,2.1724640609477968,0.4878728520521105,3.1144912985518824,0.009722150233275,-0.4698033980879394,0.002245798149235,-4.9015197389878375,0.0,0.2613958194708243,1.9053663227878197,0.0,0.0195889866911057,2.4007028571211846,0.0043333263512084,-0.2194335034985527,-0.0492027812679473,-4.690340196419584
1.642218322094695,2.446073102315294,0.0944385703454348,3.809296303841195,2.0885966054459053,0.5018335174354295,3.164208525161422,0.0096901928309677,-0.4801246365549579,0.0096687227301891,-4.941011155354351,0.0,0.2453380679398438,1.9002167460521049,0.0,0.0196712067613345,2.386652002290192,0.0043260044873112,-0.210343219832176,-0.0507209422955611,-4.743396641404636
1.6602646772825491,2.393498281430624,0.0924305856094498,3.843088721109004,2.1277367192582943,0.5072290156775598,3.0714957707352055,0.0096975537810337,-0.4789198651035704,0.0159446499521458,-4.966872922598602,0.0,0.2540529053172325,1.9403415450442785,0.0,0.0150014302819188,2.402201155242653,0.00433077800106,-0.2051732332011837,-0.0562312662228917,-4.806684302084031
1.678311032470403,2.4222940827325763,0.0799728445384575,3.834930541388095,2.10093460051686,0.4968099089637572,3.0992099488189546,0.0097297954592485,-0.4862242163066377,0.0244514409496797,-4.981554446213751,0.0,0.2537229323507763,1.907505684255194,0.0,0.0164293184748704,2.4385635859186534,0.004344097068021,-0.2023525120787785,-0.0610391371598874,-4.840368486575086
1.6963573876582567,2.454873099340279,0.0943977274735996,3.772246895325376,2.211488069399605,0.4997049751362499,3.051993063491668,0.0097609621818506,-0.4977567275444182,0.0306099583240881,-5.0281724356357005,0.0,0.2518005770368116,1.8701125585879088,0.0,0.0240338106267332,2.4057295059639103,0.0043453962783637,-0.1977120186626058,-0.0653193397550118,-4.892565037668246
1.7144037428461103,2.424516826412752,0.101598042885257,3.786598612202092,2.183638163412683,0.4823709039941661,2.9562353926388223,0.0098158496610706,-0.502336019240282,0.0315362932970072,-5.05644932360425,0.0,0.2601435146777798,1.8288595213366348,0.0,0.0139477779221622,2.4129131316079206,0.0043518351376946,-0.2015917528355933,-0.0639207303060511,-4.925091767483116
1.7324500980339643,2.3962867330830373,0.076774895184942,3.8142500898099305,2.1226518408641857,0.4884139933321212,2.8880935522290936,0.0098283878248083,-0.506448966989556,0.0278538804768335,-5.094393182881477,0.0,0.2760204986035079,1.7508942428826428,0.0,0.0185764350798024,2.440021053587067,0.0043548078838307,-0.2075208077161222,-0.0605783176374926,-4.97315709458492
1.750496453221818,2.3820129200017184,0.0840920603836873,3.830173658134752,2.1362116298122023,0.4931462951877537,2.845106848685641,0.0098517390909721,-0.5043359579932548,0.023393762369987,-5.118409792578066,0.0,0.2743037116735049,1.654976566121495,0.0,0.0167517917199338,2.427205578936352,0.0043500421955332,-0.2110635004870198,-0.0559173961806571,-5.017068750551228
1.768542808409672,2.386613898657288,0.098323807304915,3.8114783143929065,2.085309855407557,0.4926274700650158,2.8259632541554622,0.0098671968660384,-0.5169030093321442,0.0246689735984337,-5.159588315289849,0.0,0.2564438612757292,1.6811872300707094,0.0,0.033381345128796,2.436858168963103,0.0043502358818001,-0.2113721415561035,-0.0517224620902588,-5.064512359461316
1.7865891635975255,2.385437020565837,0.0854594391896205,3.796882776971221,2.040309726598395,0.5036222052504503,2.8331064353974775,0.00985021850595,-0.5297173049570435,0.0280657236544738,-5.21191140652404,0.0,0.2639076501613555,1.6842840610836032,0.0,0.0297240226374153,2.4579537247322465,0.0043530298313516,-0.2167497766448948,-0.0494031870122362,-5.101978318685449
1.8046355187853795,2.3867638796894872,0.0825022225951814,3.737589228396976,2.0732481071930327,0.5011126868104986,2.79478637372304,0.0098625791629713,-0.5149307690732625,0.0244607198673363,-5.2540933256621845,0.0,0.2754968131091798,1.766297835186163,0.0,0.0293116728854335,2.5046373200848064,0.0043522394043047,-0.2153424001041714,-0.0449997581959402,-5.129636535663619
1.822681873973233,2.392425150635259,0.0915938815160264,3.727660911234058,2.0205414962627337,0.4841651583104612,2.895527486085489,0.0098575420526893,-0.5036074447191236,0.0196619925207711,-5.2991388025675015,0.0,0.2790441388263689,1.7574606676790434,0.0,0.0212800284795596,2.4264717214736566,0.004359873517136,-0.2153777026333098,-0.0437246475117853,-5.16298553155432
1.8407282291610871,2.3405977055628147,0.0863069345402954,3.759249039813432,2.014694364750595,0.5017915169520278,2.915070988133259,0.0098351125460709,-0.4958506500254406,0.0225615611238163,-5.368371005725516,0.0,0.2809841366230574,1.7796401245319806,0.0,0.0175604393405306,2.406401044353073,0.004362062404573,-0.2244608021364794,-0.0412174771363518,-5.1997076566740805
1.858774584348941,2.2741794162856293,0.0703595634281379,3.79269720179139,1.920930979638971,0.5005782511388042,2.912707729453914,0.0098480469437632,-0.4889618453689658,0.0244453827354232,-5.40129775207785,0.0,0.2707784518573385,1.7823052644579989,0.0,0.0188440897615571,2.4312998141304605,0.0043775428825052,-0.2395508507041635,-0.0404808460622,-5.22855118235936
1.8768209395367947,2.348821318953418,0.0677783186519777,3.7790155655544178,1.9204650759925044,0.5060393314029218,2.994911449162886,0.009832170293046,-0.4855154513803263,0.0172195819410755,-5.4579983959788185,0.0,0.2847930746483656,1.86682454867748,0.0,0.0288053708449225,2.4119825816113067,0.0043842065048271,-0.2478221296756751,-0.0429356515065017,-5.266152737363615
1.8948672947246483,2.3758910916869485,0.0879435860128168,3.754260377401293,1.9814916099885944,0.4959433906306175,3.0865003330241874,0.0098786853869453,-0.4731720013110497,0.0226863372245152,-5.50197655799172,0.0,0.2662881941347824,1.9061532025975487,0.0,0.0286638471501766,2.445388060910721,0.0043782153992013,-0.2598206157725791,-0.0398982327254967,-5.289593878242491
1.9129136499125023,2.383446000348135,0.0760844729080177,3.725609159607184,1.8625386889651847,0.5077291158995821,3.0558871736465343,0.0098853184736204,-0.4550654904590174,0.01875224170371,-5.547967848094023,0.0,0.2659739464769368,1.9675088193836432,0.0,0.0208195567012421,2.4921324309675,0.0043808635297455,-0.2687271687194995,-0.0353128268393322,-5.311319411162972
1.930960005100356,2.3602920840736097,0.0804472745563912,3.77705249520136,1.885918754939046,0.5180814128716211,3.0945057576296144,0.0098589091505688,-0.444197012833098,0.0046392242296551,-5.60118179646171,0.0,0.2745279642706145,1.928087506289364,0.0,0.0076536175879994,2.4730657652596375,0.0043790194206405,-0.2700580107448929,-0.0346830966398299,-5.32484597115858
1.94900636028821,2.3009363436032846,0.08781860020893,3.8004869787158646,1.8731325365883904,0.5060922360803491,3.080276320351216,0.0098674893523995,-0.4444033721494204,-0.0085015359310761,-5.647014159817631,0.0,0.2864267792108536,1.9444179916871167,0.0,0.0005456742836059,2.529937168740659,0.0043717791646,-0.2715782796354547,-0.0362342669582231,-5.357239362948063
1.967052715476064,2.3161154297619246,0.0857730388366438,3.854900010181479,1.8773381377955225,0.4979694059406728,3.0727223083736366,0.0098705924868901,-0.4568605230727098,-0.0211559692069144,-5.689062072551177,0.0,0.2727896462196892,1.9455048745982069,0.0,0.00016355277652,2.528215888531812,0.0043597831115177,-0.2740471434442626,-0.0388977182779087,-5.388135666184977
1.9850990706639176,2.311427310145432,0.0729156880025959,3.9191329201374017,1.9461538199315511,0.4974707445102188,3.1120243252040583,0.0098724576798076,-0.4556141151744902,-0.0161534304137055,-5.727816393699577,0.0,0.2537853498638636,1.8917182780554949,0.0,0.0109371121247575,2.5934308450781174,0.0043569225158278,-0.2773157553163354,-0.0366510622335871,-5.422317566264777
2.003145425851771,2.344933084720878,0.0702427100791947,3.930037008799763,2.026398723573444,0.4936698383451077,3.102707646281488,0.00989577679796,-0.4615513309161481,-0.0110317790912721,-5.7639388881592,0.0,0.2352126325011168,1.8344724744957757,0.0,0.0262193833834126,2.623876795415266,0.0043448525975473,-0.2831504067107394,-0.0340490921334841,-5.457077057181763
2.021191781039625,2.42016000814523,0.0931414169916727,3.97580136993089,2.089778654391796,0.4948405708700996,3.068418605046679,0.009892438527067,-0.4588847646272129,0.0004839045042655,-5.794916535437205,0.0,0.2590294587996308,1.9072070753388273,0.0,0.0240778981372415,2.6560937889252068,0.0043464141650865,-0.2870223369875406,-0.0316076829673754,-5.4911319381584685
2.0392381362274787,2.359454623995498,0.0787069538701901,4.019539721533168,2.0328299943401382,0.5031593661911536,3.03985493945279,0.0098935850592068,-0.4629208844184057,0.0089620292898059,-5.818564052103556,0.0,0.2462310063667228,1.9065968491756449,0.0,0.0129278104261324,2.6275814448102603,0.0043396610488945,-0.296732912944387,-0.0279130178658927,-5.525983593465023
2.0572844914153325,2.414610536480777,0.0817574144686025,4.045932710895229,2.0107765520838785,0.5031778836092153,3.0351635135155206,0.009850330378958,-0.4662850311981057,0.0104337416745786,-5.844213416655151,0.0,0.2598407132605966,1.92215617499882,0.0,0.007976234895557,2.6488296044674247,0.0043382290346505,-0.3130586405199474,-0.0262068544395825,-5.5749157650754935
2.0753308466031863,2.395903301893278,0.0704043644775255,3.986530369759078,2.0849812403108414,0.4889565410351494,3.0538501088040606,0.0098630407480758,-0.4803089331633268,0.0094143441665761,-5.872754416022857,0.0,0.2615143260714365,1.9341153388926404,0.0,0.0176413192020927,2.649094377137792,0.0043390114761388,-0.3124601427482078,-0.0220138229486445,-5.602544421494361
2.09337720179104,2.4567918138879783,0.0483253969859257,3.9269023412930166,2.0033743929011685,0.4700781117113168,2.9958641847668503,0.0098755780457358,-0.4799729431486089,0.0093714725585623,-5.903353600308944,0.0,0.2339076659044077,1.9155415753780551,0.0,0.0226557270953577,2.6629485008347182,0.0043368243346008,-0.3156564122272279,-0.0165935125284658,-5.650027979643091
2.111423556978894,2.4701890091809684,0.0282724414285022,3.9208996735276735,2.114379923765486,0.4642040298441661,3.023615429229519,0.0097865672127186,-0.4866106263754041,0.0145170954237499,-5.922324197221546,0.0,0.2170207682581246,1.8531797641156844,0.0,0.0275675946157585,2.624479595167072,0.004327386480163,-0.3235921554573854,-0.0187425962336771,-5.69783647472428
2.129469912166748,2.497964410639684,0.0180288020947642,3.895180671773906,2.148832383058063,0.4635165289491346,3.034244094952651,0.0096873028537614,-0.4848491845792517,0.0163101137720568,-5.957534611645783,0.0,0.2286906435440091,1.7729678151610042,0.0,0.028339657028079,2.5656290906777524,0.0043194976424715,-0.3302374872877525,-0.0179262724444284,-5.748159184636921
2.147516267354601,2.520065622938109,0.0075310511209112,3.859862910443391,2.017378669797369,0.4470531213512173,2.9160851278647333,0.009550339765895,-0.4860257023998017,0.010468576665727,-5.998601603166232,0.0,0.2264402381809005,1.728454164452082,0.0,0.0196356496908327,2.5239648320795594,0.0042991563413469,-0.3222884386940095,-0.0217652442211571,-5.776437753326748
2.165562622542456,2.542177955853944,0.003237626204544,3.853610178027021,1.930461540982084,0.4302172187176584,2.884548482062375,0.009328193133716,-0.4826368302805703,0.0126493518366587,-6.032513693144957,0.0,0.2028366942360664,1.715882422004517,0.0,0.0129846147275853,2.4829247360216384,0.0042714677930553,-0.3204105757190775,-0.0266236670827165,-5.809677855149762
2.183608977730309,2.4540938022373253,-0.0004400109027434,3.779547192035762,1.9272474500770336,0.3940555724509362,2.8792535348543766,0.0090650811686952,-0.4926570419948442,0.0109934554417226,-6.082162787482089,0.0,0.1793183769063167,1.633886423771754,0.0,0.0088424135942184,2.493469472795628,0.0042221759055283,-0.3258663344093546,-0.0241680491345151,-5.8389347886581024
2.201655332918163,2.434342699676616,-0.0054565486260426,3.7260607932150775,1.8969486213526188,0.3561560899374399,2.8290283802163194,0.0087379753505619,-0.4884814876901879,0.017895187047376,-6.115453082874509,0.0,0.1853436186501981,1.59118342369648,0.0,0.0148396464898068,2.5624491793946325,0.0041402782777282,-0.3379333053488712,-0.0274920862962523,-5.896530022025176
2.2197016881060168,2.405042454983952,-0.02,3.6397824442227775,1.837212448481404,0.3368190110818728,2.744062272943019,0.0083362540547023,-0.4912154337807375,0.0239325686463976,-6.144842466058198,0.0,0.1488440616979896,1.5219778585885162,0.0,0.0143513435911151,2.520979687431493,0.0039846376666268,-0.3445156059572346,-0.0318005412069573,-5.951417380344869
2.2377480432938706,2.387268659297209,-0.02,3.623645405375647,1.7930338785074535,0.3000061087243443,2.7624604625214224,0.0077565278609337,-0.4854873728519784,0.025667725356072,-6.200499081186236,0.0,0.1205576063662248,1.4490196435094678,0.0,0.0079466482367875,2.475235439458769,0.0037093943901428,-0.3530004148327774,-0.0360445755390012,-6.011851553256014
2.2557943984817244,2.341153712159223,-0.02,3.6265531825769215,1.825827907566229,0.2849746821685239,2.750613470350338,0.0069834266721599,-0.4858271785767031,0.0241973387505264,-6.261049705373472,0.0,0.1121825093827289,1.4635166715243833,0.0,0.0022260661155855,2.512032484172933,0.0034411833901682,-0.3592340030663792,-0.039115783358365,-6.062453180412263
2.273840753669578,2.352479432175689,-0.02,3.563350350237735,1.7283774602430424,0.2590255830664071,2.7076415951692847,0.0062246561373596,-0.4796576511806921,0.0270453432183806,-6.333380802458166,0.0,0.0925714505687763,1.4504654514156663,0.0,0.0027973527967466,2.483045524950792,0.0031436243384651,-0.3665333520656676,-0.0425261248546494,-6.097440953577784
2.291887108857432,2.336632011924077,-0.02,3.558535762127102,1.6563348006936385,0.2071909357804741,2.7301135816317106,0.0055548181635088,-0.4633096053180884,0.0189062601013373,-6.3938730182511,0.0,0.0827692975713817,1.495652209867946,0.0,0.0055288612490478,2.4743668288426224,0.002843488944711,-0.3754767170759868,-0.0517112914313728,-6.134084146167306
2.3099334640452858,2.352812973582837,-0.02,3.525379353624896,1.777369525123158,0.1990209350017875,2.7427909603706486,0.0048999406625139,-0.4564025939190421,0.0124817428420846,-6.457150435307844,0.0,0.076276572937168,1.5566424741380365,0.0,0.0079867984863583,2.50336205186627,0.0025056300542382,-0.3821644735109872,-0.0556092679267179,-6.184290871015074
2.32797981923314,2.297355705422463,-0.02,3.4485712861038684,1.8114776027232469,0.1523361352779599,2.799794509066869,0.0041411576908114,-0.4626722541561255,-0.0041445214105284,-6.516068326600935,0.0,0.0896782743934933,1.5736378681022292,0.0,0.006832971370323,2.5212669426889542,0.0021848697812856,-0.3822152058709998,-0.0487633487410266,-6.241731296930247
2.3460261744209934,2.318666337687545,-0.02,3.4928468134951474,1.8247410735082048,0.1346366979133605,2.876295139710413,0.0035509123122347,-0.4579648880555829,-0.0099608740011915,-6.555465755076706,0.0,0.1067865476602767,1.622497563925892,0.0,0.0071883775521087,2.545043011029204,0.0020021975091402,-0.3842647428358389,-0.0496260648323277,-6.303729697583835
2.364072529608847,2.32196997946238,-0.02,3.5320153101755785,1.955405835136785,0.1294932006518828,2.901648537137438,0.0030816906226364,-0.4558166805538935,-0.0139382398661942,-6.611250782469622,0.0,0.1054408020018469,1.67081848212137,0.0,0.0072986417590199,2.497794691421646,0.0018428656071417,-0.3856366177460947,-0.0528344410773362,-6.35564384143773
2.382118884796701,2.288201495088253,-0.02,3.5390601621119235,2.027445285867619,0.1220620341665222,2.9335144442091994,0.0027483730438718,-0.451587578884378,-0.0125783053539033,-6.64936959199675,0.0,0.1306750796499858,1.7437611884457214,0.0,0.0090398204705101,2.445432053519227,0.0017479271629305,-0.3914871515906529,-0.0483502627401513,-6.3932830431543
2.4001652399845548,2.2591967858925446,-0.02,3.67882535796531,2.125153638567636,0.1411774739448588,2.9423093632746338,0.0026131734952771,-0.4543792222601854,-0.0082047248705111,-6.689746988938311,0.0,0.1451687237367227,1.7916484244608484,0.0,0.0158399093329033,2.454146432454702,0.0017264476498215,-0.3960740321200537,-0.0425417287999955,-6.434548764918588
2.4182115951724086,2.2405927795372955,-0.02,3.681559534081264,2.1428105835832656,0.1377025352318019,2.9563627641086057,0.0026468585244672,-0.4633830077496427,-0.0011678409731223,-6.724742634144339,0.0,0.173532060076415,1.8240484023451544,0.0,0.0194821553264849,2.395708363582405,0.0017852779866036,-0.3859621564019637,-0.0432518897980736,-6.488654369467587
2.4362579503602624,2.219379300324661,-0.02,3.727592879970168,2.185217140589738,0.1395643884273345,2.882826343346578,0.0026557459123361,-0.4745634587933737,-0.0045511212416119,-6.761431317181709,0.0,0.1999990173008372,1.835087116790028,0.0,0.023484210317989,2.374715398685713,0.0018643412878908,-0.3763857840740031,-0.0474698168346487,-6.557306588076312
2.454304305548116,2.1708555980321185,-0.02,3.680699610999044,2.261111899620633,0.1592775906720067,2.8262400579634064,0.0027610395363585,-0.4816215093657563,-0.002135556976126,-6.801759113012147,0.0,0.216019901463861,1.7714330821857454,0.0,0.0133265280402972,2.3376972916026486,0.0019383257595041,-0.3641534181312715,-0.0525271998407086,-6.586678780778201
2.47235066073597,2.127136852171182,-0.02,3.660266337741624,2.2744988347403856,0.1411026241412005,2.8399005285727994,0.0029094565505056,-0.49229745693775,-0.0074756882995871,-6.843834365278747,0.0,0.2285878461811496,1.7509677753275883,0.0,0.0218193312276349,2.2737363476047,0.0020624757354517,-0.3593295400236292,-0.0577144691717829,-6.63341779594246
2.490397015923824,2.1586899819626395,-0.02,3.7687370552469286,2.2479881212255006,0.1509419691017728,2.799909581766768,0.0031482207051071,-0.4996503922533995,-0.0033036351960333,-6.867797330069239,0.0,0.2373921439394816,1.8337350573959148,0.0,0.0287395196654451,2.320500549394324,0.0021784970589223,-0.3537464531708729,-0.0612162098470647,-6.689919310039486
2.5084433711116776,2.232361422190641,-0.02,3.6966869746090407,2.168396582356434,0.1427095197900086,2.679560074523318,0.003439658371563,-0.4980988096074245,0.001963655570397,-6.905383892626778,0.0,0.2332628640967954,1.7889786265830565,0.0,0.0406337939177316,2.305667793853689,0.0022826515886097,-0.3399536867757495,-0.0673426336071548,-6.735608808228728
2.5264897262995314,2.2794355518798017,-0.02,3.700606623725102,2.093284352676211,0.1379406457208365,2.685432399702524,0.0036684271705678,-0.4998438825331048,0.0104459193359658,-6.926359516278786,0.0,0.240183941206123,1.7524855691546517,0.0,0.0529409350742064,2.3111382876103166,0.0023400158844862,-0.3323455782886215,-0.069714522531347,-6.7710464234109775
2.544536081487385,2.277162250749588,-0.02,3.6954353211787256,2.073460727150839,0.1454955121158431,2.6616876227428428,0.0038595470146909,-0.5006507840112221,0.0175265896102667,-6.973483947166107,0.0,0.2475509509997098,1.765271045244244,0.0,0.0610464507310101,2.2938771881420847,0.0024134183745059,-0.3251458379891451,-0.0710514603113271,-6.8182011574844745
2.562582436675239,2.3067761508727016,-0.02,3.616807488541343,2.068919466712589,0.1316617086545566,2.545132154075004,0.0040124450116595,-0.501366098418546,0.0123143820109483,-7.007050199769711,0.0,0.2453547407291592,1.7352076083735148,0.0,0.0569986662327018,2.2852268323723366,0.0025043491307888,-0.327235211468621,-0.0672919104934438,-6.856692920463881
2.580628791863093,2.316243246117323,-0.02,3.5254456920671218,2.0787342044302,0.1277871959481325,2.5526370542100145,0.0041441212639402,-0.5029129516509446,0.0060288405581131,-7.0465498817684935,0.0,0.2517282150602433,1.731411305092486,0.0,0.051835588424223,2.30825168556066,0.0025752869021151,-0.3308868282644004,-0.0640639044716088,-6.89417850300959
2.5986751470509466,2.280746470729225,-0.02,3.5300635631539934,2.0289728193034104,0.1130610653345901,2.553783035951733,0.0042366118080713,-0.4969783038419255,0.0103792136659411,-7.090243078065647,0.0,0.2542812689470297,1.7636543358068206,0.0,0.0538135057630776,2.328628643015984,0.0026444248567564,-0.3220906499198414,-0.0648228239118968,-6.933077387118027
2.6167215022388004,2.359409840794266,-0.02,3.5969422568502054,2.020045185380187,0.0898139121126458,2.489427620773885,0.0042405804365804,-0.4969275134733194,0.0118552610718532,-7.129604960043734,0.0,0.2496162274434848,1.788417618001476,0.0,0.0697709572909882,2.3754975207256943,0.0026978094954039,-0.3175663272716439,-0.0671558281782474,-6.9764844760429385
2.634767857426654,2.392933959339627,-0.02,3.6306456065327706,1.920361386506496,0.1010142278685099,2.497976524965896,0.0042744952290502,-0.4963415794684565,0.0181703405407711,-7.174061142504753,0.0,0.2552016362411262,1.8410159360377985,0.0,0.0640187197371865,2.374826273872304,0.0027592047446796,-0.3199699697647158,-0.062077004534246,-7.027632154550687
2.652814212614508,2.358620881499581,-0.02,3.605324423233645,2.0167053000161217,0.1006716266789915,2.447589362845472,0.0043015115913084,-0.5031816402916081,0.0109849331137143,-7.219390262352422,0.0,0.2523990473492144,1.8141784905531908,0.0,0.0553126524533605,2.321501339079565,0.0027978468385398,-0.3202927076453583,-0.0580424782421674,-7.082477875499917
2.670860567802362,2.309011844928681,-0.02,3.593998985329898,2.026464083862172,0.089400999436452,2.474319350523551,0.0043972010182484,-0.5102510441204753,0.0039927343866715,-7.244951557902605,0.0,0.2446916692467399,1.8155281503845129,0.0,0.0494060198240472,2.326832735660091,0.0028409804041078,-0.3260539347137103,-0.0639233834431754,-7.11262734947823
2.688906922990216,2.235981231217153,-0.02,3.5614239425446157,2.016862177732616,0.0803053722218562,2.5172278923245974,0.0043938853330771,-0.5027313032856251,0.0026866466762683,-7.297769607581912,0.0,0.2471836123321041,1.855401970074294,0.0,0.0504286431336227,2.327299200075611,0.0028772848492041,-0.3409082672882985,-0.0598911557711766,-7.140370641417937
2.7069532781780694,2.229734711112692,-0.02,3.609882905414539,2.025370339400577,0.0718585205911785,2.53714287473126,0.0044191229451383,-0.4999481247261979,0.0039805820373598,-7.332087382480135,0.0,0.2605671775465092,1.84940602768478,0.0,0.0451649294694319,2.3579730571659634,0.0029103512058467,-0.3445745439157574,-0.0596219265156536,-7.178854132496445
2.724999633365923,2.240450958793109,-0.02,3.621334346729296,1.92976859416874,0.0527830968485149,2.6538807451098068,0.0044416966266586,-0.491357617797318,0.0014538394211191,-7.372233881537949,0.0,0.2881020305521561,1.879811819526564,0.0,0.0391177245400637,2.407933784626844,0.0029630588525042,-0.3511663735412302,-0.0600192081254676,-7.225380183897199
2.743045988553777,2.268054899193419,-0.02,3.629613286935357,1.886313439401018,0.0744258309783445,2.6230189248774742,0.0044793362362412,-0.4964354693544368,0.0039113008617205,-7.408241840950707,0.0,0.2890564225349921,1.88943691594986,0.0,0.043988351898455,2.398306905334119,0.0030185570249625,-0.3488432843695746,-0.0587280993584754,-7.2541077020029565
2.761092343741631,2.280186048058367,-0.02,3.602674922099744,1.9746966822046863,0.0723207671757382,2.630170257838078,0.0044969812761227,-0.4999802218427249,0.0049367564062226,-7.444688058034241,0.0,0.2947614620066727,1.8666503599386783,0.0,0.0372355796450216,2.397257684346051,0.0030724268929595,-0.357654768651586,-0.058698133849301,-7.288177243384157
2.7791386989294846,2.175071248441004,-0.02,3.6123429764834327,1.9317579003968488,0.0697038729917521,2.6724306507432725,0.0045264934860944,-0.4965043826929387,0.0093495638910351,-7.4931402363842095,0.0,0.2918900253952294,1.901037064464096,0.0,0.0324914714124801,2.3760412954382986,0.0031348260826286,-0.3597897286968954,-0.0594665619593493,-7.341673971708969
2.7971850541173384,2.1735754847498114,-0.02,3.598747149740148,2.007194949197046,0.0732425354757626,2.7327304603409046,0.0045748925369198,-0.4981792040095993,0.0083516393708653,-7.542131225632899,0.0,0.2880831993343496,1.8283743259404264,0.0,0.0368041195208315,2.4140090215045946,0.0031790247959997,-0.3644435008296693,-0.0612838533838104,-7.362301005590838
2.815231409305192,2.2126330363296773,-0.02,3.546701076561534,1.961245983082,0.0809515271642998,2.7205801320703684,0.0045903284329081,-0.5069514982132421,0.0040285573433291,-7.569158413996595,0.0,0.3041727501176928,1.8134304284309353,0.0,0.0516425819289069,2.3863682367181887,0.0032164997949596,-0.3547715291456389,-0.0694529223111678,-7.389690963131531
2.833277764493046,2.233244569053484,-0.02,3.573854744548824,1.9704414501146,0.0958835043243099,2.6867250181517974,0.0045488480737452,-0.5039973942427143,0.0131490793553064,-7.623229526179125,0.0,0.3183248055268445,1.835291263686168,0.0,0.0596425994492993,2.3493653053028027,0.0032351277068935,-0.3519750675825746,-0.0721294316496836,-7.419062774715076
2.8513241196809,2.2460019318524966,-0.02,3.555903627226885,1.9063244502126253,0.1052781052842219,2.60553425434873,0.004575534593125,-0.4989256427672445,0.021582453330567,-7.676772091603267,0.0,0.3134829723476477,1.8406045243637577,0.0,0.0463199280403653,2.2969697770248017,0.0032523897597803,-0.3495604187546724,-0.0716957361178186,-7.462049746405078
2.8693704748687536,2.179879124372707,-0.02,3.5553075220834978,1.83851946710689,0.1114162912197427,2.6050715541453604,0.0045939597462765,-0.4989031833772759,0.0313478202088119,-7.714785199300612,0.0,0.3194061775822397,1.8521457754613904,0.0,0.041526501207541,2.3210254917816924,0.0032489768610346,-0.3499178980420912,-0.0669061816364773,-7.4863359707843165
2.8874168300566074,2.19797574624393,-0.02,3.5012292635951727,1.877379595327825,0.1189140068259922,2.62477166818998,0.0046303841555462,-0.5080790100981145,0.0330600160054696,-7.746746290559591,0.0,0.3053533183586056,1.8460066945627631,0.0,0.0469395899480714,2.2646680709664286,0.0032426498002208,-0.3460876252578728,-0.0671342685269349,-7.522027037165955
2.905463185244461,2.1422844552245084,-0.02,3.5308182817233567,1.9085416508852016,0.1072857784539119,2.58428775660934,0.0045963563339856,-0.5129160941061133,0.0299965398661283,-7.799788920564946,0.0,0.2977856800697726,1.8132654465790103,0.0,0.0551591739574223,2.284447602406916,0.0032425749238769,-0.3502804106368654,-0.0639157621112107,-7.581610311808099
2.9235095404323146,2.149269636476056,-0.02,3.554242601800907,1.886179167486967,0.1013026385926917,2.63183933889984,0.0045573876447302,-0.5106640098359462,0.0277271934073398,-7.8462040395498045,0.0,0.2937084122345108,1.8232479766144944,0.0,0.0586858043877127,2.274800204004457,0.0032513569859922,-0.34827475717493,-0.0552776020708302,-7.61884589048421
2.9415558956201684,2.165658674566416,-0.02,3.503043469154919,1.8787745924706865,0.1205038174485878,2.640521574040676,0.0045292061099153,-0.5136618988636262,0.0261540510718761,-7.902858181171863,0.0,0.322270329027247,1.8328044488093191,0.0,0.0525756535764709,2.254543938546467,0.0032335562202535,-0.3551431795234281,-0.0519996689740074,-7.647383994199668
2.959602250808022,2.1567618571160363,-0.02,3.4997857965614823,1.8727532082756004,0.1217532780966069,2.575649115583807,0.0044433884959445,-0.5226120786768382,0.0242119643503162,-7.933845193071356,0.0,0.3273961624448879,1.866100940117824,0.0,0.0692884758705263,2.2356197952253285,0.0031746899690222,-0.3424915405924882,-0.0525106772122499,-7.692288557978375
2.977648605995876,2.1496822616994864,-0.02,3.5460454114060496,1.8327726956581376,0.1216602940862468,2.742484771366352,0.0043838673552882,-0.5209552364805005,0.0237658526427286,-7.985792690480787,0.0,0.3133969579991311,1.8387253570828557,0.0,0.060210398360007,2.244555009538795,0.0031213101055751,-0.3461183843857842,-0.0487132658392835,-7.735391103231276
2.99569496118373,2.1519006992780065,-0.02,3.6156944441927386,1.8244826455386625,0.1261590396375278,2.8075489261764695,0.0043622598851125,-0.5164812320501191,0.022046466722746,-8.008826340807724,0.0,0.2860135253559399,1.874640455047218,0.0,0.0510046341680816,2.248782892517895,0.0030626664275555,-0.3434853921176324,-0.0510543008371234,-7.784400386624397
3.013741316371584,2.18816473309346,-0.02,3.6438939456828288,1.876177587954443,0.1127486840382784,2.8497268607104735,0.0043109206453444,-0.521146125298025,0.0193010352184824,-8.057138272014331,0.0,0.2903398619974299,1.8608473795315816,0.0,0.0537228478859778,2.3227806443328216,0.0030015887264196,-0.3399923771200925,-0.0584447586468667,-7.83214885819296
3.0317876715594374,2.218833783800794,-0.02,3.623641216740312,1.9009109307174448,0.1198617977129422,2.866492745501995,0.0042956079850825,-0.5225907342618236,0.014110799365591,-8.081851008949686,0.0,0.275677582337412,1.8609423585864215,0.0,0.0452837199424338,2.28133623315546,0.0029264979616722,-0.3383542231074969,-0.0621830619275741,-7.871034596774971
3.049834026747291,2.198100336584661,-0.02,3.656725119848088,1.8627736106242008,0.1261396865109386,2.8820458068559804,0.0042677736409526,-0.5239429903208774,0.0121433835890768,-8.1230677259235,0.0,0.281349230716803,1.8187756297423017,0.0,0.0431447173909763,2.3192865073546183,0.0028344813169149,-0.3437681399164987,-0.0599936790781855,-7.917319017335569
3.067880381935145,2.1721473172193564,-0.02,3.7157886558403095,1.958244146072113,0.1200858635397814,2.9908311989684866,0.0043060060298577,-0.5244135497889144,0.0114089533007905,-8.142552057817328,0.0,0.2933461325282868,1.8510924005658576,0.0,0.0424749576232107,2.349821042549479,0.0027329859888784,-0.3426203448569745,-0.0652002665043459,-7.951878504392709
3.085926737122999,2.2442555312054866,-0.02,3.6708476276828335,1.8934283064461097,0.1320163411710064,2.953016770036152,0.0042842937230925,-0.5271397920339044,0.0103581231512137,-8.178103737480434,0.0,0.2962801484578837,1.814928580854608,0.0,0.0492557349660526,2.300913209668883,0.0026413086506788,-0.3366079667319672,-0.0764471843991021,-8.009089204223542
3.1039730923108526,2.3191254783994912,-0.02,3.6693896062636138,1.835688477516937,0.1063598539459634,2.958422957928184,0.0042666433238892,-0.5196909057438696,0.0159499712760968,-8.211191635150273,0.0,0.2740359679511946,1.830854811665592,0.0,0.0500098124802624,2.337849617272195,0.0025965918232252,-0.3318738617626587,-0.0796303880629479,-8.059303416034874
3.1220194474987064,2.3358186149999973,-0.02,3.673761766085621,1.843701163415329,0.1081517394930285,3.071513822871152,0.0042574373254184,-0.512456161363706,0.0210604155852158,-8.270703309944851,0.0,0.2739009144736412,1.8523834640460113,0.0,0.0338078017602966,2.30471098779192,0.0025749386145274,-0.3343866598744036,-0.0819705735132332,-8.108265256690524
3.14006580268656,2.2675107635227523,-0.02,3.622956531046305,1.935854443435704,0.0746591984321395,2.919645139370586,0.0043239818328096,-0.5095541530880293,0.0280228932802347,-8.300772957326076,0.0,0.2789234822755529,1.8856999632028408,0.0,0.031535201870149,2.2654003673593293,0.0026505170038184,-0.3295886576878296,-0.0820031295270102,-8.157891338926675
3.158112157874414,2.167596086040183,-0.02,3.5274761404654345,1.8701587893037408,0.0673947504956755,2.953182333201996,0.0044495460388502,-0.5072759258701087,0.0333715851496487,-8.360368608884132,0.0,0.3023391270609826,1.840514829396676,0.0,0.0238877243991179,2.2532340061337814,0.0028100374834176,-0.3254490622560652,-0.0798262440070577,-8.209042358019907
3.176158513062268,2.162842313439385,-0.02,3.538241022544385,1.8891598099596445,0.0799686295313533,2.9442453604911756,0.0046628458941787,-0.5096477707534897,0.035231837583434,-8.390922036949135,0.0,0.301390427010634,1.8615250851624656,0.0,0.0158899573851358,2.2651282041802947,0.0030494023877147,-0.3297178987701082,-0.0781679693158129,-8.231609999034914
3.1942048682501216,2.209526804654171,-0.02,3.5105937596744465,1.88050781494096,0.079008253207329,2.935607070389588,0.0050361657105009,-0.512700379282117,0.0360858967166036,-8.450552165272263,0.0,0.3091520557422357,1.8018904886395497,0.0,0.0370927612994237,2.277853200736004,0.0034373211480849,-0.3349996618615051,-0.0795093635299662,-8.283127661753436
3.2122512234379754,2.1444206286983696,-0.02,3.440883420749494,1.9058835987486755,0.0788492531972582,2.942802899924601,0.0056791053059135,-0.5132252434237973,0.0378105870171082,-8.503002455072767,0.0,0.2907669434034648,1.7943328556400904,0.0,0.0400878474175351,2.21179559518596,0.0040482226341432,-0.3262754085489758,-0.0773899439062411,-8.322371836929351
3.230297578625829,2.165994059992725,-0.02,3.372871740326984,1.9027259364592128,0.0850196389329915,2.9081828343018272,0.0067633337355795,-0.5112022038447125,0.0368975521232208,-8.550797830119661,0.0,0.2888064537837859,1.8068736649064168,0.0,0.0338162930849749,2.102493513778271,0.0054257233457941,-0.3330485206543641,-0.0785097577442932,-8.380546004442046
3.248343933813683,2.1577667416657973,-0.02,3.4621377919074896,1.9771806303539423,0.0918229470192099,2.907347317794476,0.0085010666472084,-0.5092052627699898,0.0422332876793081,-8.599935216641404,0.0,0.3029192324855689,1.81600326093458,0.0,0.0421558742108039,2.15436510116136,0.0074186041971858,-0.3365057272715733,-0.0789528336583213,-8.41031276423235
3.266390289001537,2.108286138804349,-0.02,3.544741838779038,2.059388234504927,0.1124960601441263,2.8991376598193006,0.0105750738436625,-0.5043974868581222,0.0485055166835093,-8.64514467650846,0.0,0.3253321465703531,1.7640097484388297,0.0,0.0467336033405323,2.1452426745247464,0.009808983304511,-0.3402056918539818,-0.0762914281534392,-8.446434781860065
3.28443664418939,2.100289156130578,-0.02,3.602488642911856,1.9869686561792064,0.1023602020648978,2.8050609823824906,0.0162689452220633,-0.5083289655935971,0.0517747634231148,-8.665724989645586,0.0,0.3360214737408273,1.804155011171696,0.0,0.0453712483075855,2.232137346015123,0.0173924965935424,-0.3438319523691169,-0.0722569755692827,-8.502255913837727
3.3024829993772444,2.1524589979993936,-0.02,3.600059026812992,1.9642813206478464,0.1060860377202572,2.911522551459027,0.0235962472011997,-0.5164232349595068,0.0502348392615143,-8.699664447252514,0.0,0.3352848022518593,1.8495919756807329,0.0,0.0542295320458906,2.2906248583026105,0.0251285796858914,-0.3417320527259221,-0.0692285491327432,-8.54038884230933
3.3205293545650982,2.242696946967802,-0.02,3.6710315876927706,2.0312281588775862,0.1134892369756585,2.9026206197692495,0.0341315943622793,-0.5236628566636923,0.0386977743115577,-8.711958090074459,0.0,0.3189316952856141,1.934405688817072,0.0,0.0634402318706363,2.302063968257799,0.0312354751508664,-0.3433532340314918,-0.0695730168642856,-8.55661953272438
3.338575709752952,2.2122253149971844,-0.02,3.6680159621219945,2.016995185941858,0.1130177898697316,3.000800881870101,0.0451810455078085,-0.5263714368129717,0.0352331645492229,-8.74359081440529,0.0,0.3225280206953556,1.9199301393864112,0.0,0.0751807117698733,2.256325353340262,0.0388124656877102,-0.3402743108567556,-0.0708551695160138,-8.60740763951736
3.356622064940806,2.163898524063787,-0.02,3.654314517207146,2.0214319744150577,0.1117986492803148,2.935945781461358,0.0566498551762451,-0.5285305214422253,0.0339655334456296,-8.794682653594924,0.0,0.3217718157724395,1.9363960066028407,0.0,0.0598458756336458,2.256652176318356,0.0479349837887869,-0.3362241945539231,-0.0696879197790128,-8.655399994274863
3.37466842012866,2.170385137451407,-0.02,3.799293256917725,2.0817731403514355,0.11376036439823,2.907658450379016,0.0687952530243832,-0.5248115908334723,0.0356864400485074,-8.82658279449294,0.0,0.3317495097361261,2.022802497313424,0.0,0.0622911741279484,2.3176409319030915,0.0543659356475024,-0.3400836150365082,-0.0700267804496165,-8.684695786724559
3.392714775316513,2.1924168585081656,-0.02,3.8427711049255713,2.082888214366814,0.1034880964536895,2.9629563790594577,0.0817019717015486,-0.5191378939287845,0.0375644719180476,-8.842691703316776,0.0,0.3429111467432075,1.9975970503537483,0.0,0.0788519807551415,2.377573910119704,0.0596408387378218,-0.3372933438376519,-0.0679266511207259,-8.72364573995269
3.4107611305043672,2.1423469619699285,-0.02,3.8315255664816608,2.0292500483443185,0.1201977528589154,2.8857098456341306,0.0943552783780305,-0.5120061042798368,0.0365595158328384,-8.86197108524615,0.0,0.3371000948485544,1.9835578461745829,0.0,0.0544066445460327,2.399040972466977,0.0645147373938067,-0.3509375065259124,-0.0670870294092719,-8.775297523688899
3.428807485692221,2.1728733938498337,-0.02,3.7538599819342577,1.9891280786601848,0.1106787022269731,2.862171223285148,0.1025588291677945,-0.5068720043411566,0.0329284733064237,-8.91783965871015,0.0,0.3538833841310651,2.00759191752014,0.0,0.0478742190279138,2.4425906837862383,0.0685449573813226,-0.3578033864284149,-0.066778969343558,-8.813829531117308
3.446853840880075,2.180192059103136,-0.02,3.7206786273679473,2.053493850917571,0.1260660486864405,2.7974207549292456,0.1085308383960639,-0.5098759193262379,0.0292229843754713,-8.987732980265173,0.0,0.3539950039547905,1.94600741221921,0.0,0.0379569054228699,2.4339010430291745,0.0715016279414623,-0.3631306797579207,-0.0681203857826489,-8.854272697456901
3.4649001960679287,2.0971079380304007,-0.02,3.771027603362523,2.0067109664505383,0.139419057290492,2.74713593938695,0.1100491261522376,-0.5104670172304873,0.0385838414266951,-9.017701589491075,0.0,0.3647643529576665,1.8738170624863548,0.0,0.0288795652644506,2.44769785729899,0.0760636781278343,-0.3743400883564916,-0.0707949661880488,-8.895590575092346
3.4829465512557825,2.0682769938879417,-0.02,3.771877883705866,2.0561085505668246,0.1282021676877665,2.696087458646891,0.1110099221785081,-0.5147659559916054,0.0443183318272376,-9.048827561668114,0.0,0.3848300224279453,1.8418125850137592,0.0,0.0329812766752011,2.42047146337022,0.0804062126174547,-0.3816774444941087,-0.0702281825775251,-8.939297580449509
3.5009929064436363,2.1017188736371355,-0.02,3.7802160942580496,2.110351657449926,0.1168805242517333,2.651883596686354,0.1109542013296845,-0.5178605398419549,0.0420050477401892,-9.096091833409917,0.0,0.3843999634881574,1.8171809747856815,0.0,0.0113823819877844,2.4145868990728747,0.0842561030613738,-0.3862647026476176,-0.0640813371091555,-8.975599957498408
3.51903926163149,2.08262584213479,-0.02,3.7639454569512,2.1723486302651738,0.1228200352912093,2.7130461622103,0.110904863356093,-0.5237393143147291,0.0444846660902041,-9.112221608173872,0.0,0.3684852705508994,1.783181045401422,0.0,0.0217979414911821,2.342495948105732,0.0887266906079622,-0.385674159808349,-0.0637818949720205,-9.01100539415009
3.537085616819344,2.111662445314085,-0.02,3.647863127259414,2.09288141269331,0.1273743444373848,2.6155664798994938,0.1109051368340278,-0.530277122145755,0.0453064826375572,-9.148254755487583,0.0,0.3656955247496806,1.7999020937463863,0.0,0.0125907665650977,2.317048961506826,0.0925202308866602,-0.3843024762905499,-0.0590748866537525,-9.060076014435063
3.5551319720071977,2.1686281379059205,-0.02,3.619991340005224,2.0808060341556933,0.1207979224728389,2.616768889540227,0.1115462334892424,-0.5362543524327241,0.0465021715570326,-9.201354575322949,0.0,0.3621918021234233,1.847362424909132,0.0,0.0088242948674261,2.304847424460001,0.0955373068418919,-0.3745686611526579,-0.0624589302486641,-9.100587977650257
3.5731783271950515,2.241640594449065,-0.02,3.552570662804238,2.08536022102935,0.1023327159292957,2.757613822836301,0.112194897433999,-0.5435933387579791,0.0466015800942815,-9.248321614791816,0.0,0.3540608985179054,1.8982006452186824,0.0,0.0032370399238248,2.2671149973806863,0.0987004016857499,-0.367381928939422,-0.0650783392983815,-9.148135270077743
3.5912246823829053,2.174482080237085,-0.02,3.56447174763472,2.0428297227971868,0.1063837294459543,2.740241143744752,0.1130761421362236,-0.5457498004899923,0.0439312879398449,-9.280003437364387,0.0,0.3315543979778044,1.9096379646994088,0.0,0.0134981036869899,2.2515907100297934,0.1015955065952288,-0.3633136849251098,-0.0666514007957095,-9.189549052106996
3.609271037570759,2.186268457786599,-0.02,3.62121917091776,1.9784542197803927,0.106790042327769,2.8186960244131583,0.1142864897557832,-0.5414525869251218,0.0368655444513809,-9.293069670622426,0.0,0.3222448775502067,1.875358803313192,0.0,0.0203065656036962,2.186919586640715,0.1033398996484477,-0.3685129474898766,-0.0619650000226582,-9.22735255508426
3.627317392758613,2.260639203363652,-0.02,3.62834139580208,1.9938423961909328,0.0938303212816276,2.820055305264324,0.1155881056317982,-0.5365080036987864,0.0211728815672281,-9.353606556775228,0.0,0.3050872717451591,1.8893698214592236,0.0,0.0159057363206125,2.184194092221804,0.1041689273682175,-0.3765235221723232,-0.0563985139199588,-9.275740190614174
3.645363747946466,2.1715012712704223,-0.02,3.650386949570938,1.960712081911215,0.0990577396264041,2.9239348402545104,0.1161784274040631,-0.536342782263558,0.0281785156284807,-9.401574669292891,0.0,0.3172699454866041,1.8671722908342057,0.0,0.0031654120429084,2.1777930780001498,0.1053829054707979,-0.3765957654331158,-0.0628523588135234,-9.323132565696907
3.663410103134321,2.16118906649148,-0.02,3.654014848381672,1.9752620204826885,0.1077531924564511,2.9139543808078465,0.1165531431577135,-0.5323504443062782,0.038974899683514,-9.450181765664697,0.0,0.3265692518393219,1.882901604154778,0.0,0.0394983424288736,2.1817474724932016,0.1065417160167943,-0.3656251986644847,-0.0628890746282025,-9.38947866432339
3.6814564583221743,2.2199554498850715,-0.02,3.7405546718048366,1.9062949784595584,0.0932951759604374,2.884317462028648,0.1169011219684913,-0.5179805524482297,0.0541233673813837,-9.51079643596719,0.0,0.3322460772666482,1.9327542804728723,0.0,0.0343437476374706,2.245222680470824,0.1071901272833457,-0.3485215055280595,-0.0551726668015125,-9.430958573193392
3.699502813510028,2.30923879851458,-0.02,3.742337406650536,1.913894485097511,0.0706233430957927,3.019898409038296,0.1168671553186541,-0.512737638847639,0.047690128881285,-9.562567307338618,0.0,0.354097106111622,1.8427018852717063,0.0,0.0368999372600006,2.236130662093946,0.1078055573272634,-0.345152222475189,-0.0534215349135264,-9.458260318194606
3.717549168697882,2.328710155543923,-0.02,3.754207205186432,1.7528402921847592,0.0938730001421791,2.8698650441974016,0.1163552274240332,-0.5122641808075389,0.0314773946352213,-9.615119887595132,0.0,0.3606133424396801,1.7842396209110294,0.0,0.0362571843337329,2.289665959212313,0.108007413468698,-0.3395909236016346,-0.0547404096412366,-9.497426684692435
3.735595523885736,2.326791438345379,-0.02,3.7818112633157455,1.875723398360816,0.0893948027220413,2.813394391100854,0.1159270932435803,-0.4978447862384512,0.0324469631745562,-9.638949077714742,0.0,0.3667487700758806,1.7634115801098875,0.0,0.0556279856180287,2.32710233320255,0.1077052311820651,-0.3374347124851597,-0.0542355904409131,-9.537491154549178
3.7536418790735895,2.3484252580737,-0.02,3.8133887024467743,1.9306214791778475,0.0916434729037561,2.856096954060481,0.1151204235684842,-0.4890590187113257,0.0339523067265166,-9.662825594870998,0.0,0.3548866572695227,1.7544917576950987,0.0,0.0493540567908326,2.246301635968998,0.1077094110057918,-0.3378207255785229,-0.0563680030614413,-9.601881196603252
3.7716882342614433,2.263633889154611,-0.02,3.7496754726262806,1.9192756880888824,0.0936372575721622,2.872834626520593,0.1144188664453899,-0.487196247071721,0.0326056694328889,-9.73810603432556,0.0,0.3464501823266581,1.7682634600846343,0.0,0.0461166233381232,2.253481250288528,0.1077632753322482,-0.3457608156213157,-0.0635136897001627,-9.66120370965175
3.789734589449297,2.2862543991106867,-0.02,3.7399292409047526,1.902763743036784,0.1012270717368051,2.860643611240017,0.1137002354953775,-0.4888857483445727,0.0301800955597364,-9.747193790056198,0.0,0.3722226243944745,1.7128116337344002,0.0,0.054203752787218,2.2449498171861486,0.1080480524080553,-0.3418815716947872,-0.0600488835769293,-9.700754050355672
3.807780944637151,2.4073896542546573,-0.02,3.6253788213052576,1.92292163531918,0.0970044790998518,2.8546915263374806,0.1130408627652924,-0.4944248083213136,0.0259134671784314,-9.7923819128167,0.0,0.3759894545172583,1.7700029577470795,0.0,0.0744404529454823,2.2563374512813428,0.1081908968914623,-0.3357178990616909,-0.0548763639917502,-9.743872647635838
3.8258272998250047,2.3651403343617456,-0.02,3.5633416118647148,1.8440088845392857,0.0837086846236213,2.870772332896836,0.1130121803385904,-0.5033095981509107,0.0293924213590087,-9.827775162481664,0.0,0.3654827476127006,1.7445667737099957,0.0,0.0657821918850405,2.237670805567366,0.1085929656591834,-0.3455333204583764,-0.0596701302112773,-9.784655602811425
3.8438736550128585,2.343870372530622,-0.02,3.5173061550394196,1.8840553538845728,0.1010247763370661,2.886282719069116,0.112825869318618,-0.5113416602215786,0.0323640326994665,-9.852411916199015,0.0,0.3554998392946481,1.7312680807749885,0.0,0.0706933063604718,2.2678652579367578,0.1087726047519096,-0.3547934719113226,-0.0628626109081658,-9.832785103547538
3.861920010200712,2.2680341036548133,-0.02,3.558477892911952,1.9605877075472893,0.1035176800667137,2.8820247214199326,0.112738528167851,-0.5196853926369277,0.0336087815282889,-9.878392424657465,0.0,0.3733769462796057,1.7529521596202045,0.0,0.0818919796257229,2.298222998890144,0.1090772344433336,-0.3587300120726608,-0.0683040045406673,-9.89064693010614
3.879966365388566,2.1944725345726384,-0.02,3.4835606333955726,2.007402350175951,0.074462386438908,2.9765595503923468,0.1127095126787905,-0.5245768954303659,0.0399014852104199,-9.908588232282696,0.0,0.3509445440495097,1.7257364600673577,0.0,0.0863012037189551,2.288326402811117,0.1098209314278388,-0.3597161161580272,-0.0691319549586692,-9.949913375298877
3.89801272057642,2.154347513415207,-0.02,3.5091381576195384,1.8801467437803832,0.0917613069597757,2.923048207445666,0.1127488496016916,-0.525325052535799,0.0488259198675954,-9.94475317178794,0.0,0.364385523286455,1.7335146744542096,0.0,0.0841296370953376,2.2304407986481656,0.1105881511440309,-0.3523930489308572,-0.075880648189625,-9.988382969101464
3.9160590757642737,2.193658620694309,-0.02,3.5510145229445116,1.901907924322333,0.0787985925779888,2.912965502490526,0.1129120027969847,-0.5238227245078758,0.0535080764277954,-9.987148634157853,0.0,0.3769501806990257,1.772596742314052,0.0,0.0848193292341593,2.2370129944996098,0.1106919425715932,-0.3521969007283886,-0.0788920386703917,-10.017444705744513
3.934105430952128,2.2597180458570256,-0.02,3.5854395858661925,1.984836904214553,0.0764330633344723,2.7492248390742327,0.1125783206498545,-0.5255477283399138,0.0566998528978796,-10.020904977033975,0.0,0.4160937752448503,1.8794281744967287,0.0,0.0978352107985556,2.2069388356338604,0.1107583375631325,-0.3429515244454309,-0.0799968394612734,-10.049834576729
3.952151786139981,2.27925235673427,-0.02,3.608361211875924,1.898176199533259,0.0751201447151013,2.6286576909809978,0.1121214817876132,-0.5244432717350115,0.0549513150855501,-10.078526391669422,0.0,0.3979677776554622,1.9147441187591792,0.0,0.0960752045090681,2.134171355568915,0.1107890188408185,-0.3400945797290861,-0.0762392002275864,-10.094190476516516
3.970198141327835,2.196399591146563,-0.02,3.6693080697157776,1.8970597240065352,0.0792033258917316,2.694702610567488,0.111590320590538,-0.5243863164545668,0.0545932013462861,-10.108200299870944,0.0,0.3726912608371335,1.8674150015108653,0.0,0.0820668147145699,2.1267795995139807,0.110744755527802,-0.3397686686557106,-0.0789216107478021,-10.156805197042198
3.988244496515689,2.2934463192243904,-0.02,3.664917313273414,1.865758068502429,0.0799503424841848,2.667326678563724,0.1110481686456968,-0.5247919838681834,0.0556450304631421,-10.171101704539586,0.0,0.3818380627018836,1.838090620452273,0.0,0.0729325409215828,2.118270975192849,0.1105773795471427,-0.3370307967494315,-0.0804367022272376,-10.199043398520882
4.006290851703542,2.268110189789356,-0.02,3.743711596464337,1.8502233864472488,0.0492366666061993,2.641989755680135,0.1112694670062879,-0.523890196485208,0.0525972511865969,-10.209674081906574,0.0,0.3908374646156031,1.8648047267404653,0.0,0.0744918705967162,2.1053793836410346,0.1103234298164621,-0.333998198663744,-0.0760300772269606,-10.246783261142454
4.0243372068913965,2.222736395055605,-0.02,3.7327265391176927,1.803103790538101,0.0511089963307293,2.5564538891658986,0.1112670665833751,-0.525169018583645,0.0521360054193585,-10.26149289844444,0.0,0.3886547198023866,1.87276907588072,0.0,0.067770529699105,2.121321424158735,0.1100897183300453,-0.3314542604526518,-0.0754452013712355,-10.29543248717559
4.04238356207925,2.23203011123342,-0.02,3.7789836372638974,1.9284527061735444,0.0595489897299266,2.4989140211070566,0.1115790612066011,-0.5196504847254171,0.0557680377353855,-10.301843554839554,0.0,0.4156873204879672,1.932395100420472,0.0,0.0654975767797335,2.052417442594562,0.1103162402737153,-0.338762399255732,-0.0845617651204599,-10.337050569596276
4.060429917267104,2.281407576608965,-0.02,3.713829370715146,1.934068659287548,0.0446905566086212,2.4725394074981453,0.1124662731685628,-0.5145042975329401,0.0514360809387833,-10.337240974203477,0.0,0.3932248931894307,1.9672602167178432,0.0,0.0620301948775018,2.0803149821219944,0.1103522782008816,-0.3399302766546501,-0.0795198236553049,-10.378300654513286
4.0784762724549575,2.230694026106971,-0.02,3.640534069136624,1.949016840400842,0.05656596523089,2.408462613674339,0.1132067813185839,-0.5081819452584825,0.0457864531648985,-10.373453978040745,0.0,0.380746288264644,1.9052996714774089,0.0,0.0594616999233232,2.0975557010071766,0.1105169206921579,-0.3395923164936691,-0.0740881627746788,-10.413519553278269
4.096522627642812,2.223113369498077,-0.02,3.556843242567964,1.88047361452085,0.0544300322949301,2.482838642722574,0.1141627693913455,-0.5108031851062954,0.0526316768537138,-10.440591254744,0.0,0.3383753436072939,1.7820886575641834,0.0,0.0417690821548843,2.096084479229297,0.1112752442169195,-0.3412632490900433,-0.0736261316207057,-10.472172169731849
4.114568982830665,2.193502900027282,-0.02,3.5131922305430616,1.93050782852284,0.0604608153821712,2.5340549316287206,0.1145002586813389,-0.5123151535499548,0.0539541440540596,-10.501625817314766,0.0,0.3546552918572777,1.8243240332357071,0.0,0.0489769493301432,2.115756585627264,0.1116345991167955,-0.3387272249637734,-0.0791752238985064,-10.51449397299805
4.132615338018519,2.305451443623775,-0.02,3.545306681649413,1.9460097482094607,0.0604220601381347,2.388875977805693,0.114698028703653,-0.5037292909934504,0.0511478619497688,-10.543254657713252,0.0,0.3889678784382557,1.8159749717942055,0.0,0.0514442366420074,2.128984733106901,0.1117028176948902,-0.3326237535556414,-0.0890936698510748,-10.55632372666334
4.150661693206373,2.255264190159951,-0.02,3.6673320834486978,2.024492128398374,0.0617179640664343,2.402748862486495,0.1148748599537994,-0.5030170592367579,0.0514612898717421,-10.591290506278463,0.0,0.3653627009659331,1.8608672553197096,0.0,0.0382627095984086,2.0923656851265195,0.1117382549767994,-0.3341299561258604,-0.0846169461024463,-10.60304296594894
4.168708048394227,2.317906896270785,-0.02,3.634923776664864,2.0239004971596573,0.0739884018675868,2.445520784003796,0.1149086769733089,-0.5051928872864068,0.0513447991249906,-10.647396749146994,0.0,0.3994321059810084,1.8190330715504193,0.0,0.0290236844187236,2.024408869485711,0.1117802700908877,-0.3366837838373928,-0.0746763338675243,-10.643558596275406
4.18675440358208,2.3564728086428355,-0.02,3.662003285992198,2.036534814325203,0.0860478429755282,2.4343879055531823,0.1151062363949058,-0.5119558725672838,0.0431593408832596,-10.665171931645164,0.0,0.3846530453516943,1.8348996622909943,0.0,0.0375225401998297,1.9806574454516823,0.1117362339910949,-0.3358475539662273,-0.0733062113965264,-10.686357225163924
4.204800758769935,2.323083206396252,-0.02,3.7060053144325487,1.9232708632667008,0.0927067062060894,2.4434368333295486,0.1153425852497177,-0.5186542529548084,0.0359734373321802,-10.720947398155182,0.0,0.3592973143577436,1.816053471045256,0.0,0.0372508368207234,1.974324088383292,0.1115647417002795,-0.3428643218788921,-0.0718947685520096,-10.72245397189409
4.222847113957788,2.2609062500222343,-0.02,3.703405582188166,1.9347987984861177,0.0972549296184417,2.560176514330181,0.1154998070681564,-0.5176865754950932,0.0316892293316983,-10.749965269400995,0.0,0.3577467513563269,1.79886955110278,0.0,0.0314215539177153,1.9916175634336917,0.1113885985182594,-0.3594442671360768,-0.0680697003038329,-10.765275894498131
4.240893469145642,2.2965362213761105,-0.02,3.79327255542554,1.8823962599289965,0.0855570020420673,2.6947127062712606,0.1158710198700586,-0.5197640907103079,0.0309285458098092,-10.79487218441984,0.0,0.3469767321108788,1.775074298245282,0.0,0.0262627132438538,1.968974653930408,0.1114168756431664,-0.3586982371869842,-0.0703039151005645,-10.81020368180686
4.258939824333496,2.326654224462897,-0.02,3.8848139533547057,1.932326285910678,0.0750923651741583,2.862913256397143,0.1157496549080403,-0.5215701897249708,0.0293468943768592,-10.829116674048066,0.0,0.3728912632492754,1.829381270560669,0.0,0.0317282986056123,2.0523273780332705,0.1114325445709835,-0.3570747046344538,-0.0709085864435637,-10.8419316371278
4.27698617952135,2.3492850500782483,-0.02,3.9496233145342265,1.9500070282814703,0.0798293215688734,2.900275409902136,0.1153807969501974,-0.5257437105689503,0.0289563849809936,-10.842613601422066,0.0,0.3494613591916548,1.8295553876618884,0.0,0.0108161788012381,2.0647313014463617,0.1114328733446569,-0.3475800066886479,-0.067891264370674,-10.899270278176346
4.295032534709203,2.3490591023285825,-0.02,3.9325278942499176,1.9504317394414288,0.0732873153501565,2.9212111658821542,0.115239819874952,-0.5315157553348642,0.0308996782314155,-10.86552460318537,0.0,0.3381509295283359,1.8495013501721624,0.0,-0.0005007187539117,2.021322274614415,0.1117889999952036,-0.3420217616442654,-0.0659306814338941,-10.934474995499368
4.313078889897057,2.290724868918731,-0.02,3.8770272345826458,1.8974828769925989,0.0777352000734099,2.8560469797718966,0.1151637229224902,-0.5394392429717447,0.0364123112512855,-10.897542886763809,0.0,0.3821636970776676,1.8446718021524395,0.0,0.0085530665850309,2.042323593588452,0.1121655072792914,-0.3397275476986818,-0.0648116249101864,-10.977502979290575
4.331125245084911,2.2750569987681466,-0.02,3.9006642843542294,1.8407125640621207,0.0918688506035572,2.8512662188536084,0.1152607735076653,-0.5426251254097868,0.0372457400528486,-10.916112183989746,0.0,0.3749521894889279,1.8817469347338187,0.0,0.0092845719348942,2.1021968652059257,0.1121831842358763,-0.3422328045511781,-0.0692502631663023,-11.01618956208422
4.349171600272765,2.2304073331258456,-0.02,3.937130406989416,1.8426391412617893,0.0804602603526539,2.898868667802049,0.1152837046016173,-0.5450318847475332,0.0352513487118825,-10.94972282668666,0.0,0.3885130971037576,1.914028550389942,0.0,0.0066308992178129,2.071669752368654,0.1122510836744788,-0.3422149405820173,-0.0717473459650225,-11.051163308008778
4.367217955460618,2.301680877347936,-0.02,3.9516097043854344,1.8248525886002456,0.0653490673194723,2.9266754138134536,0.1154471063401366,-0.5397321468578694,0.0362889687590382,-10.976108868135622,0.0,0.3938797529459863,1.8700189009656512,0.0,-0.0132335095450439,2.107196277842097,0.1128267815734989,-0.3367113688607821,-0.0646723082365026,-11.10101262744814
4.3852643106484726,2.297306889703524,-0.02,3.9654855981489816,1.7920551684721626,0.0631071950481475,2.968588803691014,0.1153102289957096,-0.5332468229346283,0.0359573321577809,-11.0236415412803,0.0,0.4068274066229684,1.85591693912634,0.0,-0.0116651117997913,2.0388690098599858,0.1131356549499879,-0.335365430471462,-0.0618856785435094,-11.136760311784014
4.403310665836326,2.303582011798481,-0.02,3.866795318073916,1.9057083644044868,0.061091908051139,2.847187575920848,0.1153145641164419,-0.5261494864291912,0.0362123924587356,-11.067087310692864,0.0,0.4362165740877368,1.8871229969735424,0.0,-0.0048715331596684,2.092005590892704,0.1132136719598232,-0.3347241181581729,-0.0645714511349922,-11.168700622702245
4.42135702102418,2.201516147521719,-0.02,3.815600758241658,1.8480989278207576,0.0656620378727499,2.606792817143222,0.1154058714572453,-0.5187777306770872,0.0368277189934359,-11.111942864912452,0.0,0.4455548823506805,1.867490410893512,0.0,-0.0063769218922121,2.02378509696359,0.1133627385578815,-0.3311570872891204,-0.0675505993779983,-11.22948407109771
4.4394033762120335,2.1997079192103035,-0.02,3.791693511591737,1.9544211697204168,0.0481380157774134,2.6849836587667415,0.115731227332915,-0.512265295376929,0.0369263892511417,-11.161870791962563,0.0,0.4549707974979282,1.8779742807335176,0.0,-0.0012484855079436,2.0387039319676026,0.1134166970951782,-0.3332903312784641,-0.0709743241689079,-11.282439309293204
4.457449731399888,2.1370745201875487,-0.02,3.800387804284608,1.9828456225269908,0.0336045492555203,2.7085255162459396,0.1157263377440564,-0.507230293058273,0.0354631562382967,-11.21098213923412,0.0,0.4675328371072881,1.8190081445232815,0.0,0.0094457383826102,2.0630224289132184,0.1134426309224766,-0.3297333721496198,-0.0710139504974786,-11.330822490052103
4.475496086587741,2.156762565379722,-0.02,3.783708309247805,2.0117815453186783,0.0380175875708416,2.6427695152865525,0.1157264596724278,-0.5008602276979687,0.0329023210764169,-11.236477813611897,0.0,0.4262142714040069,1.814973004552418,0.0,0.0163889050185256,2.150767297378831,0.11353675583186,-0.3308272644640732,-0.0722007996735003,-11.36799457486818
4.493542441775595,2.160031588295156,-0.02,3.7444577586572048,2.119592320136683,0.0166134849266546,2.535672382556774,0.1156983063468589,-0.4962106776075806,0.0258207628609867,-11.309412647705,0.0,0.4267319946557625,1.803041277742312,0.0,0.025783294967912,2.145425019961007,0.1136113517935524,-0.3343858446494093,-0.0712975405957168,-11.416224659473444
4.511588796963449,2.13317814328789,-0.02,3.678149305767808,2.1223190081290384,0.027686388999298,2.497854415722683,0.1156259659756056,-0.4955736346828002,0.0306593363089995,-11.363648790122426,0.0,0.3829611241404429,1.7290662721891763,0.0,0.0325455031267184,2.080287004641256,0.1136774481385808,-0.3416475820406298,-0.0673162773266321,-11.45939984494152
4.529635152151303,2.1338239732564057,-0.02,3.684066914506339,2.155955251041324,0.0296868077606274,2.3783917211017434,0.1154061336725861,-0.4917573098487501,0.0335689834208221,-11.40717239201176,0.0,0.3983394504253836,1.7803292356761469,0.0,0.0458518500848933,2.060933897545416,0.1136795907930616,-0.3462584370288284,-0.0644650966338794,-11.49280961116628
4.547681507339156,2.1855606547115025,-0.02,3.7127173459445486,2.1618260680986987,0.0305835799502036,2.348688106543241,0.1155202120391278,-0.4945607594712934,0.0184179230794703,-11.447486978198365,0.0,0.393090248075004,1.725945850621521,0.0,0.0423561804883091,2.084670441328985,0.1137422283601681,-0.3458158327447572,-0.0722914659082975,-11.523437203805486
4.565727862527011,2.199362159768574,-0.02,3.771130582005678,2.0071652785374696,0.0539542094671236,2.422607892743633,0.1156214027709912,-0.5010812645715607,0.0113873250792768,-11.496789944128446,0.0,0.3984332603551821,1.7538563009899313,0.0,0.0446605982338098,1.9869845170094032,0.1137504978367021,-0.3451168751954874,-0.0741692781755858,-11.565415493414417
4.583774217714864,2.265394526737144,-0.02,3.76666167238408,2.0610146245103405,0.0435728047068192,2.4771859288514246,0.115469552446034,-0.5080237355721786,0.0099103804457211,-11.549583268463309,0.0,0.4140022234956388,1.7707674092735763,0.0,0.0509926807565303,2.043755809004933,0.1136583886952069,-0.349122160366056,-0.0717334226575954,-11.615962126322462
4.601820572902718,2.243426289963704,-0.02,3.799563246605888,1.9860869290209968,0.0451404464053778,2.4129243854933664,0.1152111758001226,-0.5130447285060002,0.0124513859337881,-11.58770781183716,0.0,0.4318194954351437,1.7600543982371033,0.0,0.0472969323759015,2.015861012159548,0.1135425294594609,-0.3451859680254079,-0.0703440942695304,-11.645706332337827
4.619866928090572,2.1827164265946584,-0.02,3.810679966474682,1.8682137721993952,0.0660623275798396,2.314346169314147,0.1150686487827568,-0.5161213873611218,0.0141867541664366,-11.602218820095334,0.0,0.4014950006135006,1.7933951511900723,0.0,0.0472624989818278,2.0495683549399653,0.113482368642268,-0.3452036839159269,-0.0695783098326622,-11.67748975014089
4.637913283278425,2.225016080223855,-0.02,3.825944777740848,1.901413873656414,0.0503851841955921,2.4016791997682856,0.1149817968158385,-0.5175473111364822,0.0073150143857137,-11.656698945964896,0.0,0.4444321105851085,1.82155262297619,0.0,0.0244147209041958,1.9394955736702828,0.1135630582558226,-0.3427042490992606,-0.0635839672718243,-11.724483842220131
4.655959638466279,2.212722078816816,-0.02,3.810081556307401,1.8714103875088328,0.0558494062112002,2.4600868544806778,0.1149182532083634,-0.5178376461072182,0.0040836435355635,-11.694955874929612,0.0,0.4193821032527337,1.8190646537828947,0.0,0.0220354653971612,1.9311172395915936,0.1136444332698759,-0.3380233656938078,-0.0619040734217009,-11.756579791021087
4.6740059936541325,2.290355792281764,-0.02,3.860688930549408,1.79275789048317,0.0408990166300553,2.4261492876705137,0.1146684354745176,-0.5144341675581596,0.0037549923830552,-11.714561344308695,0.0,0.4245550633376403,1.8202774779515432,0.0,0.018645905737821,2.0642152349408875,0.1136952051133706,-0.3334732953007888,-0.0611661399453886,-11.80595765342052
4.692052348841987,2.2483215131911995,-0.02,3.837839570298472,1.7865626833930035,0.0244361095849712,2.619407423382041,0.1145552553393849,-0.5085616846814702,0.0045499576948014,-11.739623780802276,0.0,0.4248158465912956,1.8025570714796684,0.0,0.0147270316589387,2.064018846955148,0.1137413558966442,-0.3356017044411484,-0.0615351304998567,-11.844203609904186
4.71009870402984,2.222652176900976,-0.02,3.831179697211752,1.8566437172206112,0.0393040217360387,2.4654497056472766,0.1144440505979054,-0.5021881954979829,0.0058461490757566,-11.772986930266883,0.0,0.4124554721261058,1.8828004461533263,0.0,0.02908086270476,2.084402259367238,0.1137403151131338,-0.3390867596162065,-0.0601681594507825,-11.901166950123269
4.728145059217694,2.23159315662325,-0.02,3.775241915476264,1.9831159352989447,0.0297152723399923,2.4429067846062,0.1143551357182826,-0.4933356644968139,0.004826631175683,-11.812421248157024,0.0,0.4210108867626215,1.8695435551049997,0.0,0.0250729101748804,2.0902532413235355,0.1138789261454202,-0.3552216242427691,-0.0543366112820171,-11.937759489234429
4.746191414405548,2.2397036561402563,-0.02,3.774316169357399,1.9345487020309768,0.0334333891942098,2.5317269569923853,0.1145021693083693,-0.492817348457482,0.0088375019759764,-11.860840844186066,0.0,0.3649654804757888,1.8584385221126176,0.0,0.0322726877978016,1.9749231639516376,0.1140134958590753,-0.3638580942303261,-0.0513843648518012,-11.981861541191629
4.764237769593402,2.1291568758518173,-0.02,3.7336288386437686,1.9133615439307468,0.0445836262942525,2.477216233622609,0.114715050901172,-0.4945019127056632,0.0153587879093234,-11.88343214558774,0.0,0.3550664415980538,1.8382027068920983,0.0,0.0396177383696818,2.0215555718805898,0.1142662956073548,-0.3556756800810222,-0.0498450125387323,-12.03491372432323
4.782284124781255,2.1777020952666257,-0.02,3.662212189698328,1.886536568016118,0.0436572487737937,2.6105789335712655,0.114711875722366,-0.4993181966889105,0.0222889001010132,-11.952486140673694,0.0,0.3921982365412722,1.8163198248008992,0.0,0.033494202594003,1.9604502004910704,0.114256000669961,-0.3599213740539431,-0.0541858738138019,-12.0733193342095
4.8003304799691096,2.1187571019490763,-0.02,3.662193800691728,2.002365350440852,0.0545321789163962,2.638027370887236,0.1149171295340922,-0.503153879497724,0.0261015199474188,-12.010233004877296,0.0,0.383948658178606,1.8024598928612745,0.0,0.0495752328974627,2.035436052211409,0.1142200935706659,-0.3604470251728228,-0.0588659733496256,-12.112614939661366
4.818376835156963,2.090814993399658,-0.02,3.7167652375940414,2.0446442889376204,0.0534680610587785,2.58398981488558,0.1149848107543278,-0.4943184109805395,0.0263746842467458,-12.060497014051377,0.0,0.3773265418879725,1.8407738449898243,0.0,0.0390624656972883,2.0983045879274784,0.1141648577573369,-0.35783982198296,-0.060899258580816,-12.164730526746997
4.836423190344817,2.132811187333299,-0.02,3.7761445479886766,2.0682120860783164,0.042016987593544,2.531250607962553,0.1153854483924886,-0.4897906616867964,0.0213887773828245,-12.145480703177295,0.0,0.4217835346369165,1.872137798957948,0.0,0.0391161077422369,2.0787232820387875,0.1143434758511625,-0.3512653538075465,-0.0611740372242041,-12.203429264495188
4.854469545532671,2.100478701428603,-0.02,3.7419180016287408,2.036839985010387,0.0738702043478029,2.2524002266337666,0.1155343817372229,-0.4868293591162169,0.0153101676763421,-12.193327722653969,0.0,0.3931061950051659,1.9008049577098,0.0,0.0473102743021156,2.092016109459632,0.1143227091778551,-0.346663693821702,-0.0612550066843579,-12.255875106260394
4.872515900720525,2.0900442830945907,-0.02,3.7293330968879137,1.9912897361994764,0.0493851030131356,2.468302743315558,0.1156765164773654,-0.48237977662899,0.0121408306651999,-12.241108459841454,0.0,0.4248448781361797,1.8907965902294503,0.0,0.0315703486105255,2.0508716797438105,0.1143651177398635,-0.3469301912028761,-0.0591905932673902,-12.293582417174994
4.890562255908378,2.027630345415329,-0.02,3.8095355142306406,1.92106918193678,0.0434356261120571,2.389448520116086,0.1157678233599715,-0.47700876326837,0.0105445956237421,-12.287765608079406,0.0,0.4167634281393023,1.888074029086996,0.0,0.0335330769447697,2.090293077049074,0.1145010205789798,-0.3498764192095208,-0.0578971615629961,-12.329991589884822
4.908608611096232,2.016679408366456,-0.02,3.883442513185424,1.857680285534549,0.0528253708330079,2.382483247905549,0.1159797350267448,-0.463007436009455,0.0070969844694653,-12.318594870219425,0.0,0.4568486911927498,1.8826761564322512,0.0,0.021162556509998,2.13633317003483,0.1145373723856888,-0.3510896362976196,-0.0583745322903734,-12.368600007903918
4.926654966284086,2.1865418821293177,-0.02,3.920386319158664,1.811934053304004,0.0175457154209333,2.4276876699435026,0.1160728684151884,-0.4613925527360258,0.0034102789950758,-12.373345566027895,0.0,0.4550202486426536,1.839213326639384,0.0,0.0194145950570825,2.191127544004198,0.1145954739658428,-0.3509253420577556,-0.0595269176841401,-12.411457835741542
4.94470132147194,2.2216218105520182,-0.02,3.936570829731288,1.9211068335509367,0.0091760976245157,2.329834381652964,0.1163509989616002,-0.4682528465614102,0.0020964048378959,-12.410228815920831,0.0,0.4460545576075412,1.8973391942585047,0.0,0.0229520675366606,2.189776408723046,0.1147969570064197,-0.3518472422681377,-0.0585353118215191,-12.45439034020855
4.962747676659793,2.280522258706148,-0.02,3.9897041753145177,1.782064430936557,0.0126295508824982,2.3123986437647286,0.1164758774617309,-0.4694565567793249,0.002508316021933,-12.45062676198746,0.0,0.4184421180934697,1.8902675441993653,0.0,0.0319386845623254,2.1518284690245286,0.1149769809823752,-0.3525072573709308,-0.0562357346130453,-12.490591891741934
4.980794031847648,2.2405240735240577,-0.02,3.957811434669358,1.6657918444203528,0.0214213101727926,2.427911033155011,0.1166158756784393,-0.4746246106397701,0.0021377409141661,-12.486012823007291,0.0,0.436168807085097,1.822936581016683,0.0,0.0406938220608939,2.038731792767535,0.1150749319351081,-0.3528137216953571,-0.0541751026415273,-12.538313264904838
4.998840387035501,2.2351277742478395,-0.02,3.890880797060336,1.718619665582416,0.0346031441684147,2.469558939158077,0.11688342038713,-0.4854588434875075,0.0013267426109473,-12.511476660329016,0.0,0.4044534109617005,1.8312588738715176,0.0,0.0403878673063266,2.0072529337715506,0.1150127061787694,-0.3536770367480001,-0.0510476932289938,-12.598964796496734
5.016886742223355,2.2203529283186136,-0.02,3.859942668529456,1.804829947100004,0.0320859316539783,2.8144340946286497,0.1171311818711934,-0.4901999849682455,0.0026473726382247,-12.551020605623256,0.0,0.4348671127240621,1.8101396466788031,0.0,0.0294302868020696,2.0137000665436062,0.1152271057041388,-0.3451956590038953,-0.0498707821183861,-12.642539866465563
5.0349330974112085,2.191521982855396,-0.02,3.8729517074941806,1.830639388785085,0.0253642590100397,2.687108563220116,0.1176128412439842,-0.4914716069016032,0.0031371371485891,-12.582922079811857,0.0,0.4124886735796123,1.7856241161588826,0.0,0.0393860743081972,2.0647304718710937,0.1153562869187016,-0.3414163294605583,-0.0498446185692499,-12.690914772970071
5.052979452599063,2.1840552082937443,-0.02,3.8740033971181376,1.8060378933955905,0.0257604101278444,2.712421444352662,0.117868742768407,-0.4824720343708519,0.002108060388061,-12.633572991737624,0.0,0.3599073393487993,1.8506932707131287,0.0,0.035073919835211,2.0314003709437296,0.1152187305589584,-0.3527924658311979,-0.0517389161413758,-12.72642708762741
5.071025807786916,2.244232934575131,-0.02,3.8255083221182846,1.9240656147314703,0.0076523882390525,2.58050102333805,0.1180022236189991,-0.4783049441487818,0.0036659076492626,-12.69599937965642,0.0,0.3175686875401605,1.7982237498817082,0.0,0.0380801853874659,2.170958748431245,0.1152693406114334,-0.353035602063056,-0.0531074972195592,-12.753339032461394
5.08907216297477,2.234540162067068,-0.02,3.833903051396996,2.036149737720468,0.0485041312089019,2.6289088682977564,0.1182054242355541,-0.4738798970228264,0.0050349240818,-12.723397674276246,0.0,0.3143041532656815,1.8299020941922608,0.0,0.0381893324444423,2.134151705831086,0.11533165594837,-0.3517722815105655,-0.060465999335637,-12.794573766168378
5.107118518162624,2.172674737217408,-0.02,3.8599319914118726,2.023380893942833,0.0626726020682602,2.663090684449777,0.1182772429809736,-0.470408897432339,0.0002474916351294,-12.759558264360107,0.0,0.2782054023941941,1.8209192237189795,0.0,0.0381855464010032,2.1780219911869625,0.115359976331972,-0.3476675401195631,-0.0587942596843119,-12.828256097769607
5.125164873350478,2.1830100692732604,-0.02,3.801515026830772,1.976365020332272,0.0689361660625031,2.6205073347402577,0.1184673527455727,-0.4654456599386364,-0.0048992488663423,-12.797289704983582,0.0,0.3109915531319773,1.821225200888562,0.0,0.0359166059652524,2.15532663620136,0.1153988452771318,-0.3445840243430454,-0.0522267944293883,-12.867271499014477
5.143211228538331,2.169726501397985,-0.02,3.8466297771942335,2.095897288333553,0.0411657959941525,2.6036497600012054,0.1185322565528244,-0.4592004452921463,-0.000237408265913,-12.829734833705466,0.0,0.336669978827995,1.8743645844420709,0.0,0.0364947187346919,2.1812160785012074,0.1154610692860196,-0.3361512850201715,-0.0517890059619282,-12.933998375131686
5.161257583726186,2.099269347485841,-0.02,3.793195807394496,2.044192031870417,0.0301458634591619,2.7265662929176746,0.1187570015970971,-0.4531571092435247,0.0065669786589309,-12.864271242634429,0.0,0.3334889784598357,1.9480021056455823,0.0,0.0235189115156537,2.100263887708788,0.1156922388188834,-0.3280366880557715,-0.0526857714738598,-12.982694288533622
5.179303938914039,2.1325617000019794,-0.02,3.834734856747296,2.061243669505199,0.0331922149819346,2.6181965119391566,0.1189577906010202,-0.4606084819667253,0.0068004594729637,-12.911056858221404,0.0,0.3097577148265851,1.9963921108982976,0.0,0.0301683573291984,2.044411059055214,0.1157036495564478,-0.3337593800455297,-0.0522412221870883,-13.031001226801154
5.197350294101893,2.205080139157356,-0.02,3.8399663844100655,2.0266794352812987,0.0379752156923138,2.578708884228161,0.1192488238821516,-0.4652553336860969,0.009613695614385,-12.952204461246652,0.0,0.2715914853536745,1.9967265301463248,0.0,0.025535537057552,1.9617910500677889,0.1156979425343777,-0.3272434450518118,-0.0524809119706534,-13.068079732694596
5.2153966492897466,2.2301871912170563,-0.02,3.875072379808664,2.06074282500688,0.0392013997084576,2.615872922157479,0.1193219703863071,-0.4716816426719852,0.0142383578819855,-13.01040392864594,0.0,0.329732543136908,1.921358068803944,0.0,0.0224210847137277,2.013027632661351,0.1157418321381596,-0.3191236241020233,-0.0517709290340866,-13.10717988541858
5.233443004477601,2.2448273553273266,-0.02,3.86711367170312,2.100685830399984,0.0526555677844495,2.718724115799116,0.1194128535250563,-0.4681510932391806,0.0142948928567262,-13.046556914103016,0.0,0.4090164354855279,2.0163060871638594,0.0,0.0230701478760152,1.8419371976714347,0.1157162078008072,-0.3234284601621568,-0.0521597114039107,-13.153029036421923
5.251489359665454,2.1190195893849904,-0.02,3.8581062462345153,2.0352672498960125,0.0632542195585933,2.641631416897588,0.119342166745398,-0.4722681777547253,0.0136226367558811,-13.10026619217022,0.0,0.4029638596267039,2.017486534385049,0.0,0.028215197145374,1.7686004179991268,0.1156691311000804,-0.3295723736963946,-0.0503502062916816,-13.19224873028345
5.269535714853308,2.174002945213702,-0.02,3.861675211226248,2.038191965517649,0.0438222104867081,2.6375586813283545,0.1192192880496263,-0.4726594063433744,0.0140750572375341,-13.151725779650844,0.0,0.4424703804665268,2.029313178517972,0.0,0.036830903240724,1.8281068819312225,0.1156982225981495,-0.3294769365271538,-0.0490296832395766,-13.235256951665088
5.287582070041162,2.115239255240548,-0.02,3.785983482156832,2.0912038847894125,0.0478930058492922,2.806914680355033,0.1190329212048746,-0.4736200183225389,0.0132171456358888,-13.18864286213713,0.0,0.4559065000924432,1.998381716207202,0.0,0.0294228016373989,1.927100105409456,0.1156169953760146,-0.3305904424365387,-0.0492315539868673,-13.27576248782434
5.305628425229016,2.1636711983559307,-0.02,3.761411772434189,2.050589614011608,0.0625071278136926,2.880430911656908,0.1191114750104342,-0.470520063562788,0.0132150278176444,-13.228374864850563,0.0,0.4013683107071416,2.048506762056411,0.0,0.0263661231995476,1.963577780543192,0.1156793398438022,-0.3301072252811994,-0.0509782748225743,-13.310223948809789
5.323674780416869,2.1878594365552635,-0.02,3.7804844954659553,2.0992399811198137,0.0723481028333756,2.8097626427974753,0.1189396131592624,-0.4717705887784269,0.0070695301848185,-13.273657246490972,0.0,0.4390780543509077,1.9820484497538755,0.0,0.0362977173994621,2.0507546800953382,0.1156039102861414,-0.3359913254147071,-0.0485670520823232,-13.338184072062246
5.341721135604724,2.19349769758661,-0.02,3.842697211079114,1.874464714523949,0.060955940096781,2.8086429358504006,0.1191010758350686,-0.4685258182857854,0.0021112950101691,-13.31002456029514,0.0,0.4716572199990219,1.9449904802333675,0.0,0.0329138596583796,2.067560973552672,0.1156038169851571,-0.3401810238937411,-0.0467910581191355,-13.377156374905342
5.359767490792577,2.1898602842472448,-0.02,3.827690596743562,1.884614868658292,0.0590204713773392,2.8954078676388524,0.1189627273692185,-0.4637212624542028,0.0016293865307728,-13.369846593698869,0.0,0.5262364362708589,1.9758670689430176,0.0,0.0278347050042543,2.1367580708813887,0.1155720575551027,-0.3459997008096583,-0.0481492698245113,-13.414709506212551
5.377813845980431,2.120086333091008,-0.02,3.6533077044150057,1.9211361499415087,0.0448824162943766,3.074268465678669,0.1193156149877425,-0.4598373769886349,-0.0012326248158269,-13.413410328104446,0.0,0.5390162550955762,1.9767454407959768,0.0,0.025715562439944,2.13784693196364,0.1156530292040064,-0.3501911300515996,-0.0465826919049357,-13.46887363474079
5.395860201168285,2.0154693145403746,-0.02,3.642303393195968,1.844356762052207,0.0421225823101093,3.069907912422852,0.1194018285289298,-0.4525671556803287,-0.0046298363436061,-13.45404979680282,0.0,0.4616563267973701,1.9394296160698368,0.0,0.0207764025479054,2.2044621150541137,0.1157113934054985,-0.350389633804725,-0.0473685206878947,-13.51544210629373
5.413906556356139,2.0397273794459547,-0.02,3.539350326386961,1.7861493999018527,0.0288106132731683,2.9865912305943083,0.1195386603651526,-0.4422829273387247,-0.0071325371890677,-13.499528817800536,0.0,0.4355614568865069,1.9259481680734485,0.0,0.0221286179092816,2.1539229861316898,0.115838398454108,-0.3466293747830723,-0.0487802759180759,-13.56186537340393
5.431952911543992,1.9524406657384976,-0.02,3.584988951437163,1.6359420777489866,0.0320247200676264,2.9493030531277,0.1195791405715895,-0.432168420728189,-0.0121777177996836,-13.56146048423656,0.0,0.4230135083369867,1.8960724748375668,0.0,0.0218539027037898,1.996328954135116,0.115886576843305,-0.3442852587398798,-0.0503949937368066,-13.61065049671014
5.449999266731846,1.976543342362126,-0.02,3.658589647983344,1.652030680336425,0.0171776878875006,2.822907761898549,0.1196376819538763,-0.4222962975781402,-0.0161501999969225,-13.620469085851717,0.0,0.3597228055457787,1.854926481429512,0.0,0.0234805007026949,1.8246714591327609,0.1159448322957663,-0.3374611196862922,-0.0496229069016992,-13.669783609778158
5.4680456219197,2.012960518274757,-0.02,3.647304977127848,1.681767413226576,0.0182275823925409,2.8251770291928566,0.1199123634540527,-0.4184818709465059,-0.017282404568228,-13.662367871520177,0.0,0.3835587120927791,1.6726135577684265,0.0,0.0235697534722663,1.8945617564024255,0.1158393056042222,-0.3324863138074291,-0.042453065594269,-13.708787229733998
5.486091977107554,2.030876794410999,-0.02,3.5988576267555046,1.756385556805435,0.0153564743573973,2.7960436514965656,0.1200062832788572,-0.4123722303481382,-0.0177809970028915,-13.708926167189736,0.0,0.3904964262011538,1.500481558969362,0.0,0.0199117328993824,1.885584180958168,0.1157473069238046,-0.3229571875934519,-0.0374007668247715,-13.751717019387277
5.504138332295407,2.012331327400711,-0.02,3.651233162674584,1.927283891604467,0.0197575675538923,2.631458521654085,0.1201191702395867,-0.4001671358867426,-0.0182207082296537,-13.751327452724103,0.0,0.3319587409167747,1.4772736294415785,0.0,0.0227875556724725,1.8687516204898016,0.1156347913310587,-0.3215194585286038,-0.048370980687671,-13.797323272073864
5.522184687483262,1.8626972651639115,-0.02,3.7344776917217777,1.8505620976122263,0.0144677338746116,2.44700520380722,0.1199462259106677,-0.3879337161087384,-0.0156983547119419,-13.807757455318516,0.0,0.3239465861804868,1.4395226825255356,0.0,0.0189023294813068,1.8109214416561217,0.1157524663574061,-0.3188124498852253,-0.0491420065001664,-13.850508226881828
5.540231042671115,2.016099066663432,-0.02,4.058141375493388,1.819071633223113,0.0091248140349784,2.163962182213304,0.1195462821433663,-0.3883850855861945,-0.0096740102886174,-13.857578293923757,0.0,0.3059938997419193,1.3655457734629504,0.0,0.016209412609249,1.801508737333488,0.115827476849516,-0.3182074171858863,-0.0449755938547028,-13.880917185869476
5.558277397858969,1.9210665894802783,-0.02,3.910883665369008,1.7649532758828876,-0.0050126119536047,2.170911038933964,0.1191905596221686,-0.3887157691968356,-0.007560229079468,-13.928437406449634,0.0,0.3485164569842324,1.3668560153038396,0.0,0.0172065795683021,1.7978108088438212,0.115987706610982,-0.328236835543518,-0.0412236018790892,-13.910724013960955
5.576323753046823,1.877503689309788,-0.02,3.8999607560451865,1.7388097482026372,-0.0047445755749154,2.29285353508906,0.1191918735434526,-0.3879821926281284,-0.006510052681104,-13.970387738566412,0.0,0.3661536682269473,1.4475230110966832,0.0,0.0130515322253074,1.84758316371593,0.1158560234820924,-0.331828232919445,-0.0395448096381394,-13.964376487381696
5.594370108234677,1.865099851047897,-0.02,3.8026986249134063,1.8751063483441257,-0.0048808487786251,2.261006819240956,0.1190348523229292,-0.3962416414241965,-0.0056865422318385,-13.996211170092668,0.0,0.3345924493307948,1.356421672789651,0.0,0.0099421811733833,1.91292487779482,0.115892629073046,-0.3267041375664781,-0.0415730709813054,-14.018741953894256
5.61241646342253,1.8836684833334296,-0.02,3.903219453257088,1.7141725019359866,-0.0038626370497736,2.208310570055004,0.1191279904957324,-0.4010921283572293,-0.0030985145069525,-14.023642094798026,0.0,0.3460677537714134,1.5205793805104175,0.0,0.0087572854008098,2.061623489008215,0.1158117018815875,-0.3237172472141009,-0.0400786455249617,-14.050678878161776
5.630462818610384,1.8526408564261403,-0.02,3.895541572110726,1.6478259931556631,-0.0106660480321889,1.9487627729982375,0.1186461939041306,-0.3963986300371299,0.0026620549900413,-14.077512272930678,0.0,0.3388150988072578,1.5626076231705845,0.0,0.0114608041078069,1.9248429927322317,0.1158478526448811,-0.3137268019718728,-0.0398587404309603,-14.094551718475536
5.648509173798238,1.8411786821240723,-0.02,3.946194491222272,1.5061290905879512,-0.0125260808659678,2.019774417448001,0.11868489690206,-0.3961598544362524,0.0034465541736177,-14.10206828449922,0.0,0.285422654064139,1.7912182723376207,0.0,0.0174701487461687,1.9481572052328853,0.1159725633178897,-0.3115456856252074,-0.0437976171458395,-14.123953582618997
5.666555528986092,1.7359037209473862,-0.02,3.72752009218508,1.5115289654803905,-0.0166080892042298,2.0265615425136314,0.1187846828330445,-0.3959442249247454,0.004767490667426,-14.142044034887965,0.0,0.3504843274088712,1.6732043137618444,0.0,0.0131615731847843,2.041398467514997,0.1160954379932431,-0.3080599183266844,-0.0411221888736705,-14.173231268860588
5.684601884173945,1.871346997054985,-0.02,3.574657505054544,1.6318250188879988,-0.0124935407782244,2.1149152427167945,0.1186113507584109,-0.400373816064159,0.0057057990139492,-14.173380370162077,0.0,0.3606116141758453,1.555521411365156,0.0,0.0164785789808667,2.0016570884897926,0.1159989456563842,-0.3138163557782381,-0.041765006950002,-14.219700461839476
5.7026482393618,1.673287202619521,-0.02,3.2156653937839548,1.5609637693445229,0.0098771812599531,2.3541598585350747,0.1185542096998482,-0.4001920439989261,0.0051881708928122,-14.18942320080373,0.0,0.3595272165431281,1.6598915884608056,0.0,0.0202841031770836,1.9085679946738576,0.1159971865973413,-0.3192147589318605,-0.044773227907679,-14.265528758645209
5.720694594549653,1.6618295635458875,-0.02,3.3417133513399486,1.5399349903162611,0.0239044011976237,2.381101214122748,0.1189196908399573,-0.4048083740094011,0.0056268124289658,-14.204791927897547,0.0,0.3199749896615845,1.54933519173262,0.0,0.0192015794087828,1.8896245514523824,0.1159812732995002,-0.3098994934161377,-0.0466790241363961,-14.313808295376248
5.738740949737507,1.8185277773715287,-0.02,3.5176604401372,1.6847230382173766,0.0263531227982521,2.4726020412134218,0.1187225225468216,-0.4066515676385846,0.0033876063522851,-14.2440746025246,0.0,0.2819982115588001,1.4784691562247627,0.0,0.021650419428168,1.9969026683517603,0.1161740883211259,-0.3114266524442134,-0.0490644850254049,-14.345964805673198
5.756787304925361,1.870562254459461,-0.02,3.476522366260283,1.6136618713996582,0.025859903951764,2.5787217585055693,0.1190032030058908,-0.4061202052329315,0.0004683223872859,-14.287708790682844,0.0,0.3169856294820188,1.4533474547218554,0.0,0.0241509321456753,1.9840083005539908,0.1161599485564316,-0.3061857047951596,-0.0467621457932831,-14.380138153956388
5.774833660113215,1.848741835436504,-0.02,3.327318173675444,1.7158297959966111,0.0273398279836482,2.535187020079817,0.1193464518414839,-0.405821313497483,-0.0048978253037764,-14.360081961703507,0.0,0.3399964754650733,1.331661960983322,0.0,0.0220726208391867,1.8934631832033988,0.1163136853965356,-0.3082208103048401,-0.0487213809722213,-14.431064144133222
5.792880015301068,1.9685869022631644,-0.02,3.22481022368595,1.6493522003374133,0.0365426501412947,2.692129582462209,0.1197828355368753,-0.4150002371685399,-0.0080077885897657,-14.401536520355396,0.0,0.3329161210464926,1.3382393009108622,0.0,0.0226705053549385,1.970423477289042,0.1163454266816125,-0.3075550217749473,-0.0496375710848692,-14.48164569040472
5.810926370488922,2.1074244808641502,-0.02,3.151665430685217,1.7366889233907203,0.0357977826175262,2.63753257744034,0.1197884328048078,-0.4161082604500288,-0.0142507761775653,-14.463849447401143,0.0,0.37069550486528,1.1924949149141917,0.0,0.0224535099392947,1.913369782963604,0.1161742585981299,-0.3065887149362536,-0.0489309252815433,-14.546647111308756
5.828972725676776,2.283115643718912,-0.02,3.066791765387382,1.7309485618793246,0.03937879950877,2.664439957389334,0.1198713197785945,-0.4097419035603126,-0.0109508528074726,-14.490714548250512,0.0,0.3658815009301133,1.3131620610564734,0.0,0.0251771098919433,1.9103191202842928,0.1162407001965888,-0.3075498657387887,-0.0487562258440595,-14.57524984746902
5.847019080864629,2.2392247094682864,-0.02,3.203758021454808,1.5909707890894844,0.0396256639998507,2.892043587029132,0.1203172130743494,-0.4054462401854264,-0.0060297328128106,-14.515634830383654,0.0,0.3829538027018878,1.458707946093038,0.0,0.0259845235739546,1.8913439400409693,0.1164237252153498,-0.2989524496982038,-0.0478200114759727,-14.618518433006246
5.865065436052483,2.3125009459958203,-0.02,3.38159146964742,1.628332898538242,0.03438210028648,2.7188835995660976,0.1208346641232183,-0.3961172468487461,-0.0056426214700386,-14.559531099398518,0.0,0.3639768767786602,1.4855464003176246,0.0,0.0249096207023929,2.015345163424194,0.1168906122936445,-0.2945383543415554,-0.0466810876213958,-14.65179892603929
5.883111791240337,2.3591875188921003,-0.02,3.274628871225,1.7702576875899323,0.0291512364184464,2.4818607290026224,0.1208545564490277,-0.3898907621206541,-0.0093653384721915,-14.620029244544648,0.0,0.3863681057033843,1.5602256508035446,0.0,0.0249350485564014,1.9286657318427585,0.117494767627753,-0.2896500848695072,-0.0470314721753948,-14.666241310792538
5.901158146428191,2.2005829381340334,-0.02,3.145161034171622,1.7927990421833386,0.0196340844365509,2.427955893845439,0.120953501762521,-0.3841488016901479,-0.0147013792289133,-14.67713845373216,0.0,0.3996848278301256,1.4319216486528876,0.0,0.024623560932573,1.7548877184068568,0.1178690576617068,-0.2868064680971054,-0.0446555940532638,-14.723408714963968
5.919204501616044,2.292255406675745,-0.02,3.1033489143055797,1.693862061680867,0.0146795812282304,2.4705912306342825,0.1211246472466702,-0.3853225807770714,-0.0142839135881346,-14.720041070485598,0.0,0.3860739363888374,1.5003176861027454,0.0,0.0239848705361273,1.720096009469372,0.1179415965544934,-0.3073994454781152,-0.0424628013490999,-14.778707710568373
5.937250856803899,2.300632730874732,-0.02,3.461639266260625,1.738249692805144,0.0126506053273652,2.5664291420175984,0.1210641475043515,-0.3884659049458045,-0.0114153215197197,-14.742488154503723,0.0,0.3745730526723309,1.5172172486837041,0.0,0.0241915037224461,1.686900567246432,0.1175517418167436,-0.3068407715471118,-0.0407837276707185,-14.812052247017036
5.955297211991752,2.279733981911245,-0.02,3.545834915708488,1.894932910647245,0.0040792646281447,2.543479525561388,0.1211694400403341,-0.3942454527496413,-0.0055340534264509,-14.796172148564407,0.0,0.3771621161316157,1.6125345312276151,0.0,0.0237460035644224,1.558109998472477,0.1167580428073709,-0.3047995772465883,-0.0413900386871543,-14.851933934908788
5.973343567179606,2.134734421329887,-0.02,3.608904211345744,1.912172906626998,0.0110128031044224,2.50864992141132,0.1216069993119039,-0.4038739805046786,0.003146579439832,-14.832741706879528,0.0,0.3711659611695237,1.5694291950056485,0.0,0.0216962543459967,1.56135867751051,0.1163568425850447,-0.2949962301325606,-0.0375015595192578,-14.893217099003191
5.99138992236746,2.178994998231844,-0.02,3.8594416537205856,1.979068714049786,0.010663557000187,2.5818135821482575,0.1216987183007094,-0.4143590690587384,0.008999787644462,-14.886172173039547,0.0,0.3660091131770536,1.523042571735224,0.0,0.0227701781472253,1.4393397396004655,0.1161969905415454,-0.2857574970058266,-0.0384892102348886,-14.93967382641164
6.009436277555314,2.275040532805492,-0.02,3.9327508784740832,2.0738306282023475,0.0202264676819568,2.34714484225156,0.1217289305806006,-0.4197868934294177,0.0077153600799093,-14.92007848568563,0.0,0.3590981056502458,1.4952541544335094,0.0,0.0225326302371819,1.5630386973646886,0.1160223753512361,-0.2815055254936485,-0.0379077328889451,-14.979642539592708
6.027482632743167,2.332067540623817,-0.02,3.799930942951749,2.1262950793698625,0.004674346291934,2.357000148199933,0.1219786417358483,-0.4202205511686494,0.0084571528928369,-14.98187902216312,0.0,0.378833218772818,1.3884009206095882,0.0,0.0227641237971033,1.5981587049423054,0.1160742838193402,-0.2707356900737091,-0.0381508097335979,-15.003149090093585
6.045528987931021,2.399936455580272,-0.02,3.921897905438564,2.114455629937773,-0.0002259470867892,2.591168147558863,0.1219555269488005,-0.4281079571761605,0.011623729256689,-15.016953083811837,0.0,0.3674971690391995,1.3624280931570112,0.0,0.0247464280569225,1.6575459796466745,0.1160687920910658,-0.2799987178456249,-0.0382699960191103,-15.070588256982642
6.063575343118875,2.5366228057355995,-0.02,3.8254632767351904,2.069870568144075,0.0139223251144397,2.691346651103056,0.1220749877534886,-0.4329469436650108,0.0129062613587683,-15.067816250492056,0.0,0.3767816542968305,1.4947192620717342,0.0,0.0268065103321199,1.809805903388948,0.1160605892222332,-0.2911143224374314,-0.0378572885608305,-15.098113148020362
6.081621698306729,2.432947697108424,-0.02,3.9723024661318664,2.1321532748356105,0.0183239428729855,2.640805137673796,0.1222936923338731,-0.4316874350315279,0.0106137342801475,-15.11165088034564,0.0,0.3792988991111604,1.476610425595285,0.0,0.0269978123628369,1.8277428331273264,0.1159646904694869,-0.2949445978918417,-0.0385734727300215,-15.148443873551988
6.099668053494582,2.5108369256570664,-0.02,3.815142752928391,2.0072320059873423,0.0249569105627681,2.435665808645702,0.1222853051237181,-0.4382573081626593,0.0098166449809083,-15.146684412174652,0.0,0.367803035574802,1.4982882707250298,0.0,0.0335005560755884,1.914030645567789,0.1159570324137237,-0.2961097184775464,-0.0384980464657938,-15.209627468143912
6.117714408682437,2.501319234809502,-0.02,3.825389315553627,1.908700896274068,0.0318173046683835,2.367749588064345,0.1223146198404785,-0.4356596727641518,0.0107844096406427,-15.158016016642833,0.0,0.3652614619592153,1.3483367159577468,0.0,0.0331993426955463,2.0104805898015914,0.1159281743904801,-0.2884800684578351,-0.03761944971376,-15.245389347722824
6.13576076387029,2.51543266443822,-0.02,4.040954292012389,1.7336987422026364,0.0215505754093223,2.434163802443254,0.1225554044046525,-0.4350895985927498,0.011562025368196,-15.187783614252682,0.0,0.3578952728054879,1.405809568049919,0.0,0.0366732536999044,1.9923154316644192,0.1160039307426001,-0.294893735815073,-0.0403916171283395,-15.27486622380196
6.153807119058144,2.4484107591780018,-0.02,4.024835898849697,1.7433755604539796,0.0121830221264952,2.4103517836916852,0.1225612723682134,-0.4318242599273865,0.0080363540138891,-15.211150478686935,0.0,0.3467000053650782,1.4892858040026347,0.0,0.0353322294040626,2.09231489102554,0.1161789568004734,-0.2929460070895845,-0.0407517093605744,-15.320169033488
6.171853474245998,2.2199196361902818,-0.02,3.8272003957893865,1.7502022622170663,0.0089120167333052,2.446197966503524,0.1225197617066095,-0.4193594641986404,0.0045899228718484,-15.273173445915711,0.0,0.3401773118639488,1.4480151152067815,0.0,0.0306383704073433,2.103917335566236,0.1162202632700058,-0.2922048345143856,-0.0392678896041411,-15.358286977538848
6.189899829433852,2.1654851177849386,-0.02,3.9541136089872033,1.7644435223580524,0.017898490989661,2.444942979909444,0.1227195189166619,-0.4207769135943107,-0.0029522493016019,-15.313848004298103,0.0,0.3222195764089275,1.4466023180788428,0.0,0.0345291987565474,1.9354880913564936,0.1162174874938083,-0.2897518086841671,-0.0386189675950487,-15.420417029006996
6.207946184621705,1.98562714143372,-0.02,3.741604979928936,1.6971872296899533,0.0117372184577763,2.390831980083448,0.1229751145783389,-0.4179799677533896,-0.0079068094177541,-15.346372726006743,0.0,0.3054518264905623,1.575417302492699,0.0,0.0377692298001021,2.011337387191999,0.1162322297327121,-0.2952178171294132,-0.0403598191440013,-15.4579973693964
6.22599253980956,1.9826672261659644,-0.02,4.019000540292839,1.702552963763009,-0.0028840269564781,2.289859542667032,0.1231705689623803,-0.4168391109327439,-0.0071823075193237,-15.38469365620078,0.0,0.3050845310915233,1.4875560782361508,0.0,0.0350998910148735,1.9531808268327453,0.1162278156525302,-0.2887916487843018,-0.0396309589692376,-15.504813669673297
6.244038894997413,1.953694400892318,-0.02,4.163531513694249,1.7568787579245155,0.0021935765399531,2.30382912990044,0.1234584910429578,-0.4120264922874589,-0.0079082769995844,-15.432493390362726,0.0,0.3160044998760485,1.4738522013640118,0.0,0.0396307653775955,1.9908104852190815,0.1163486996627932,-0.2770104925741683,-0.0392924900769396,-15.543992629859517
6.262085250185267,1.8069530489955663,-0.02,4.176017101201516,1.989795136543484,-0.003695125166427,2.408812110763332,0.123588542226252,-0.3948818234760349,-0.0090039850068476,-15.46508632149671,0.0,0.3573868503133113,1.448856265045463,0.0,0.0447007125146131,1.957193297522052,0.1163603566877809,-0.2795875077357832,-0.0401789440325201,-15.575596670400357
6.28013160537312,1.848988960266272,-0.02,4.162178831701668,2.0029832665124987,0.0007701018160989,2.454258123757356,0.1235252080612941,-0.4010153246450962,-0.0080100280928271,-15.548363888572007,0.0,0.3718279058087431,1.4959595452621146,0.0,0.0426879902906858,1.89750021086669,0.1164720799436856,-0.3006788987776052,-0.0410480849194893,-15.635632731340772
6.298177960560975,1.8560937206462087,-0.02,3.9574804535009926,2.167125397851338,0.0066850418039282,2.305835977270172,0.1234186762189947,-0.4086528477622789,-0.0073904588310869,-15.59836716804994,0.0,0.359283108887824,1.5326989851109694,0.0,0.03829556912642,1.8254059949433985,0.1163774465620183,-0.3118399776473046,-0.0399180363225774,-15.68953554894206
6.316224315748828,1.7620082913878048,-0.02,3.961982739198475,2.096967151606839,0.01322444811772,2.258495004821479,0.1235904519211177,-0.4072114726767384,-0.0061597329459838,-15.640172682064302,0.0,0.3520499836120496,1.4613278227999178,0.0,0.0393214218446376,1.8020744029015368,0.1162459478878912,-0.3070639945308992,-0.038397448245619,-15.723909154138775
6.334270670936682,1.8299995723073863,-0.02,3.913234929168808,2.1069220924585808,0.0105935272779085,2.173372401450813,0.1240294952737055,-0.4141969526971672,-0.005094858644734,-15.681732033815456,0.0,0.3552289556411364,1.4458257151154703,0.0,0.0408258786166899,1.6986966708348585,0.1163403653864249,-0.3054958113967121,-0.0419731927221007,-15.765564605819993
6.352317026124536,1.7903963957763318,-0.02,3.805348595472672,2.0010020956053496,0.0081271366323306,2.040119722368116,0.1240356768689454,-0.4272146382637067,-0.0017559726613839,-15.714737417710936,0.0,0.3490955537611003,1.489342200127467,0.0,0.0331483636707184,1.8746792541163424,0.1163176333680842,-0.3118772181178508,-0.0416268436359694,-15.807625389830932
6.37036338131239,1.907127263038376,-0.02,3.8551634320682617,2.1265275880301733,0.0209247655824838,1.8417191341878656,0.1242883114965875,-0.424146760881329,0.0015020086463437,-15.754316693617008,0.0,0.318431149781372,1.2924327531055233,0.0,0.0343780211130569,1.9086888258151624,0.1162329776573835,-0.3038329146225484,-0.0358362489102728,-15.848113054371128
6.388409736500243,1.9897789106901,-0.02,3.8272677138558926,2.0937310342652675,0.0333022282318388,1.6642250552246036,0.1245602012519597,-0.417595638866186,0.0038278502551677,-15.804596599109455,0.0,0.3101878211800647,1.2916392788156934,0.0,0.0369653930180233,1.949458532672418,0.116318065087555,-0.2999003849893895,-0.0375217669755923,-15.885257258515969
6.4064560916880975,2.002105088940238,-0.02,3.5497245558150414,2.197669760517246,0.0213265244010796,1.6685756764815178,0.1242969436606686,-0.4207086996920268,0.0055483652499781,-15.81488000539031,0.0,0.3302972151492239,1.370314794750823,0.0,0.0308935643006079,1.8500754991692832,0.1161523940017398,-0.3044291036595662,-0.0409775189159591,-15.93164006480381
6.424502446875951,2.106595472138222,-0.02,3.3227635053473787,2.0735082908338422,0.0207582076508363,1.6572618057504558,0.1245782253600308,-0.4289611054513528,0.005162450794836,-15.859087598568216,0.0,0.2919299847810664,1.3910755672122612,0.0,0.025234271164126,1.7699141954840094,0.1160599219706172,-0.2983135983588443,-0.0412814148274682,-15.972675413343492
6.442548802063805,1.93859041634691,-0.02,3.3381690447227768,2.038383920704564,0.0163043237115313,1.6166309340942895,0.1249669340440166,-0.422396106029669,0.0047375029611037,-15.867344287942176,0.0,0.2715843137173994,1.4627376167606314,0.0,0.0234051839244663,1.7496697691671894,0.1159350085954877,-0.29890211447727,-0.0421320290081715,-15.996166889090777
6.460595157251658,1.9938060642789448,-0.02,3.414799747069028,2.1130964581157574,0.0210383957569275,1.7721332254250963,0.1254040913610322,-0.4142542218743767,0.0070598275470325,-15.919453864497386,0.0,0.2797218533259191,1.453725549456112,0.0,0.02769852036286,1.9028508684193757,0.1160080461613396,-0.2915082674913505,-0.0445212910529054,-16.03017387513401
6.478641512439513,2.050404291391485,-0.02,3.355312921484897,2.059425990605267,0.0226077749967282,1.9040073345487647,0.125891226099872,-0.4134829469297259,0.010839184780471,-15.984114800286006,0.0,0.3129361250732215,1.4492992259430704,0.0,0.0262987689261289,1.8829704428639136,0.1160456914560216,-0.2894376721069936,-0.0457984619978255,-16.070301877926767
6.496687867627366,2.2535717812176785,-0.02,3.7414420841023945,1.950170602985819,0.0170903311133254,1.8760076145055071,0.1260584906525329,-0.4112935994158772,0.0137239353885136,-16.01662788551704,0.0,0.3024840833864261,1.4467060386708817,0.0,0.0316239767214567,2.02472488970564,0.1158511477747162,-0.2923606263956838,-0.0431482326224499,-16.12094583437095
6.51473422281522,2.3219382882854607,-0.02,3.696310653215366,2.0755936688587187,0.0328269464111959,2.208621932065801,0.126024888570678,-0.3993889195103239,0.0155306403630163,-16.0503831832093,0.0,0.3287948237740557,1.399365192435898,0.0,0.0418501921093206,1.9498439577898248,0.1159466777404066,-0.2877259955121966,-0.0434880473083661,-16.165004020455527
6.532780578003074,2.4276029194766098,-0.02,3.7238956236374414,2.059178436589288,0.0342648544122221,2.322269406022494,0.1261591874053315,-0.3904982934590019,0.015346868846698,-16.08803109326833,0.0,0.38915590264847,1.5609680721342267,0.0,0.035828504874419,1.746761381252447,0.1159672004620341,-0.2882368311740095,-0.043927302970613,-16.21677455088341
6.550826933190928,2.3446077270005485,-0.02,3.5076323356761017,1.935320797995884,0.0318012587645682,2.389703569748885,0.1262284064076481,-0.3950065900898578,0.0169841157682084,-16.136991334460575,0.0,0.4264610442551566,1.672889327825582,0.0,0.0335439782598704,1.6487088088313968,0.1159988657663863,-0.289418056973551,-0.0441484086124089,-16.2543120152117
6.568873288378781,2.3193456962522125,-0.02,3.766147095209464,1.8303315738378672,0.0394138408316164,2.4321685171255623,0.1264148257986351,-0.3954990800249267,0.0161957259180923,-16.213145505442217,0.0,0.4105004518481726,1.7135345966141962,0.0,0.0371651080697261,1.8180101686252257,0.1158762278219515,-0.28046151935489,-0.0446805302576982,-16.284424918873714
6.586919643566636,2.3477942606168343,-0.02,4.082785273056267,1.7446749380876976,0.0457619228547477,2.4206749082311534,0.1263835052802779,-0.4000524314901291,0.0159434810394515,-16.271443408372615,0.0,0.4458783829791784,1.758813226813644,0.0,0.0362083298635315,1.926128104050264,0.1159470522213644,-0.2861175603242644,-0.0417466960404818,-16.330909493050964
6.604965998754489,2.329319383703207,-0.02,4.113102005563874,1.8200593733846937,0.0466018559303692,2.411697700112049,0.1264381077982476,-0.4012913561063004,0.0127908692065334,-16.332078341979464,0.0,0.4361349624564853,1.7257416754981667,0.0,0.0346209722601634,2.0166992883526818,0.1159395592928948,-0.2740499533763182,-0.0417038500442837,-16.403143589074464
6.623012353942343,2.193400003470084,-0.02,4.282430877957878,1.7814706229069508,0.0407061593166338,2.4407063818113657,0.1264341185901469,-0.3980576631968673,0.0071510716131939,-16.35981096832565,0.0,0.42705722571426,1.7528839846143278,0.0,0.0314674629790082,1.9452655730382096,0.1160237222365545,-0.2805294083680232,-0.0447750583820064,-16.462418193749127
6.6410587091301965,2.209578203778642,-0.02,4.379331544160504,1.8604913208516107,0.0368599904800688,2.298972262982689,0.126468813384732,-0.404745403176154,0.0050039637654307,-16.40737481769344,0.0,0.4506577934812706,1.9061951652356672,0.0,0.0399939886381262,1.9729701825690769,0.1160233490729352,-0.2822903961747306,-0.044126715758094,-16.506274396499823
6.659105064318051,2.017820771977442,-0.02,4.004864670300438,1.940359710115728,0.0375849927162631,2.462037148170016,0.1266226827075554,-0.3955676203327931,0.0031259744428924,-16.452775042462335,0.0,0.4623312656661311,1.9341894246656253,0.0,0.0367296231255928,1.9061571286526409,0.1162425548204793,-0.2720633069156729,-0.0472134851084865,-16.535723141994694
6.677151419505904,2.078409627029866,-0.02,4.056950240918561,1.974192350756181,0.0264293217703363,2.3085878064885264,0.126936352489337,-0.3865657875585028,0.0032144230621019,-16.49255542237629,0.0,0.425669222550553,2.1036488978737764,0.0,0.0276374051903217,1.9269945938877715,0.1162869414116688,-0.280059150020084,-0.0451366255909689,-16.58031449031014
6.695197774693758,2.14365006064374,-0.02,4.03884293079574,1.8691823133546388,0.0264777375187585,2.542881686416724,0.1269667875729581,-0.3844356896946566,-0.0009067195917949,-16.529752498540905,0.0,0.3770855557448348,2.143046850621648,0.0,0.0277296299733564,2.018956546779127,0.1163798320808524,-0.2824456135126243,-0.0463711936627512,-16.634186127065405
6.713244129881612,2.012912990597642,-0.02,3.965593308746056,1.8909276799216024,0.022186401281088,2.374540387439904,0.1270253066966435,-0.3740297965480935,-0.0070020608174769,-16.55680155167952,0.0,0.3460638185618147,2.0254350118938182,0.0,0.0320534470842253,2.0938895305257,0.1163066510372499,-0.2851341021816118,-0.0440535880226749,-16.68675003424736
6.731290485069466,2.0077831475663275,-0.02,3.6034711367164607,1.770774250846013,0.0232777653810321,2.439318544836169,0.1273025925197974,-0.3734929249149339,-0.0045265989752581,-16.59291770443413,0.0,0.3260904667272724,1.9731160258170564,0.0,0.0280537894073531,2.075826180658341,0.1163537112392489,-0.3024925022130546,-0.0420116839411313,-16.73660669354861
6.749336840257319,2.033565954369199,-0.02,3.364944188178928,1.7845114486132327,0.02576655088659,2.6521783939720303,0.1275056866693389,-0.3727706335890132,-0.0006681523598177,-16.623177707427143,0.0,0.2847888288842561,1.9612045490743173,0.0,0.0272910370128738,2.0481259213729848,0.1163422829093601,-0.3049087893771079,-0.0417060759797835,-16.782427187656708
6.7673831954451735,2.152744761076097,-0.02,3.3941777086424785,1.8839071908776663,0.0201201134119593,2.6945610790707164,0.1278361184933457,-0.3761441967038513,0.0043233300897305,-16.666634183219298,0.0,0.2962679671567584,1.8749755954009677,0.0,0.0314877484564105,2.003696997660136,0.1163007150478568,-0.3132820165660009,-0.0398417187081848,-16.816648762848622
6.785429550633027,2.1797644069940407,-0.02,3.1168485485444566,1.9066779568581225,0.0214483781082133,2.5579152124063103,0.1279803032563571,-0.3809044643086719,0.0076682048387608,-16.704649441977185,0.0,0.3367860892235689,1.8146421659153735,0.0,0.033229401024967,2.0313666491174227,0.116218692167744,-0.3075979104514686,-0.0359940140248908,-16.85571587644476
6.803475905820881,2.1239759653652617,-0.02,3.066362742098583,1.8291934161116064,0.0187551792875398,2.6762225314630026,0.1281324013376248,-0.3748447598941364,0.0121876605856443,-16.73330734812988,0.0,0.3253165687908845,1.843149241590068,0.0,0.0213653301395699,1.9337183943227687,0.1161785159632164,-0.2997686016243561,-0.0344037012557748,-16.88023803553792
6.821522261008735,2.179677898870469,-0.02,3.3094216102867704,1.7778769575480715,0.0158813767687521,2.623880791157941,0.1282574688433383,-0.3872580646898874,0.0134708434875638,-16.77333554677583,0.0,0.3609780701703734,1.873581296912524,0.0,0.0240424295556321,1.949634307690484,0.1160500545569149,-0.3039415132274223,-0.0270149603439186,-16.923347859846
6.839568616196589,2.214118862102373,-0.02,3.2946979637407856,1.7453284245073994,0.018338095193451,2.611109806057318,0.1282703485723609,-0.4007991612506418,0.0117665132496818,-16.811566497608993,0.0,0.3970721158368102,1.667352187648828,0.0,0.0302078638390371,1.955079981492512,0.1159569363194451,-0.3016448012234264,-0.0264475192281451,-16.968926493620526
6.857614971384442,2.025772909846544,-0.02,3.4752539317736217,1.8829922736270983,0.0075901457853337,2.370048112215852,0.1284354730429243,-0.4073550827214793,0.011824739856282,-16.861112871136353,0.0,0.447086140083881,1.6369288087517753,0.0,0.032144502482542,1.9597563123867408,0.1159459669486892,-0.3064341744844185,-0.0279595180487799,-16.985260956397845
6.875661326572296,2.0251497592718706,-0.02,3.5750173476545006,1.951131035385808,0.0078639346602052,2.6228946783363214,0.1284952982226747,-0.4148922275319772,0.0110906991490707,-16.888855816180783,0.0,0.4580740665553475,1.6477144899205387,0.0,0.0280461925849416,1.989391721799317,0.1159705226758909,-0.3098538815617762,-0.0263760126681956,-17.011643149246233
6.89370768176015,2.186528790124323,-0.02,3.73119911225606,2.027218807988796,0.0022152572568687,2.5633517402097343,0.1285102691773983,-0.4203185827321116,0.011505687212036,-16.90885980123989,0.0,0.4546932631377364,1.6112999207412537,0.0,0.0310122652935763,1.9761400354448593,0.1161282254489142,-0.2961695431987923,-0.0266527688532782,-17.042328146397512
6.911754036948004,2.127432138055897,-0.02,3.76699788385392,1.9768339787103504,-0.0037946784795036,2.545157774150278,0.1284655644664213,-0.4237410911089659,0.0051805208897641,-16.951203423515636,0.0,0.457176331144333,1.551821872463402,0.0,0.025847092056003,1.85352343367168,0.1159986759437406,-0.30585045051821,-0.0289931465688543,-17.09716905991135
6.929800392135857,2.067609507835109,-0.02,3.74404874636499,1.7421500236654843,-0.0075560456849964,2.4326392852195857,0.1284200352184896,-0.4262974269665141,-0.0013902792667771,-16.994121184223523,0.0,0.4914814352717301,1.5598373187110857,0.0,0.0244383056678065,1.9146362820323888,0.1160930513280612,-0.3067484417504783,-0.0321577796578858,-17.145220586120963
6.947846747323711,2.1526528819575943,-0.02,4.06913830804072,1.6602802357729052,-0.0062248659486741,2.499945558138572,0.1285578194084512,-0.4256305454540345,0.0004576801242656,-17.052446526748575,0.0,0.4430369453464602,1.589554011153118,0.0,0.0231678666509084,1.906873358319128,0.1160847261387338,-0.3079866314820443,-0.033349751724435,-17.178551659923095
6.965893102511565,2.2167553504964927,-0.02,4.096686213405356,1.790233853525738,0.0064171326807549,2.5325566595616844,0.1286390910988915,-0.4365428070538636,0.0010214833331104,-17.08955582077887,0.0,0.4175335244599962,1.325246854546311,0.0,0.0251514846990194,2.0369597674097384,0.1161134665970863,-0.3111734170418088,-0.0354404357219339,-17.228854020636085
6.983939457699418,2.1629822677492507,-0.02,3.992307660263232,1.7754606381831572,0.0200022181649629,2.6860660666567764,0.1285345386059047,-0.437849205175111,0.000235423568004,-17.133552452839062,0.0,0.3840548068889762,1.216501621045859,0.0,0.0227412195903738,1.9774101533644592,0.1160857047101878,-0.3055347755891991,-0.0348477893023534,-17.289598738153224
7.0019858128872725,2.2078294329908394,-0.02,3.9849583439106495,1.7943331013008137,0.0132794618846182,2.7289390040268056,0.1287911916553618,-0.4299954120468499,0.0019031651838282,-17.176840711493377,0.0,0.369328494011119,1.290471564745457,0.0,0.019268155463303,2.001055804758521,0.1160442805149186,-0.3103843508678974,-0.0328354990222445,-17.31315488310001
7.020032168075126,2.345413003433727,-0.02,3.763956330362264,1.669949082919723,0.0183639228337979,2.790498025875628,0.128712699073244,-0.4188053130493302,0.0020310616300318,-17.238368654323622,0.0,0.3647437080561399,1.3548093300764539,0.0,0.0204575727664192,2.243939076675702,0.11608450386602,-0.3110055875287908,-0.0315942068793298,-17.34844668377421
7.03807852326298,2.464218545749936,-0.02,3.8424802718778768,1.6943950629039246,0.0154366557810025,2.7650297750301625,0.1288058794744346,-0.4184313140508337,0.0040517843174022,-17.290227651298217,0.0,0.3502433882128027,1.5170546882142266,0.0,0.0233105079382961,2.1306362356645225,0.1160765491965834,-0.3016808472573885,-0.0356730434827516,-17.389148380543972
7.0561248784508335,2.446075386526169,-0.02,4.025244485949829,1.7235462008480869,0.0175162038399306,2.6983490445416876,0.1289331397286104,-0.4288041755933298,0.0035610036125791,-17.343728790908152,0.0,0.3515482419824504,1.4858496306417883,0.0,0.0283607419167104,2.131937820020635,0.1159361151116691,-0.3101259871186988,-0.0360660419953414,-17.431490970894842
7.074171233638688,2.360522931160356,-0.02,4.214514103038649,1.791128374091411,0.0298791932168699,2.6126402096680006,0.1291408599973357,-0.4305301977802488,0.0039101147078697,-17.39250660653287,0.0,0.3840160407633209,1.5907434731577392,0.0,0.0290323672438819,2.190647697330881,0.1159656347835402,-0.3029424257730365,-0.034084339860173,-17.47767707615084
7.092217588826541,2.353875416148408,-0.02,4.20687366844055,1.85604033103456,0.0429572092702651,2.661887638910621,0.1293675293072735,-0.4282223837629153,0.003854757454601,-17.418077271506064,0.0,0.3472930327505305,1.7047633464768406,0.0,0.0325602349743738,2.158339535164286,0.1158246900935774,-0.3029437830951718,-0.0307338780982391,-17.52125940605718
7.110263944014395,2.3003045012571333,-0.02,4.034449671771426,1.748424083472817,0.0285345387565184,2.6152700856646183,0.1293774283671863,-0.4370395012320715,0.0036793417496891,-17.441524831338665,0.0,0.360875925072709,1.8431284458052848,0.0,0.0360111518089936,2.1930828312348742,0.1158717083682786,-0.303094144871175,-0.0326916507579047,-17.566690029080398
7.128310299202249,2.268550191767289,-0.02,3.814313373576792,1.68377233061763,0.0138609317009929,2.4728169386145966,0.1293666542507521,-0.4332395512355492,0.0040204711580913,-17.491869497514053,0.0,0.3405262255938178,1.9337261538222383,0.0,0.0374655642662108,2.149463778301287,0.1158834420055656,-0.3035983747284915,-0.0331345653184428,-17.616487592847847
7.146356654390103,2.2510661697561187,-0.02,3.7861516460918048,1.7255821643418288,0.0125351138944415,2.415315516675457,0.1294907930696875,-0.4338096140768177,0.0056233252543557,-17.532891588557018,0.0,0.3387024818919828,1.9200517623762865,0.0,0.0350963254413242,2.272400210218044,0.1159453564347905,-0.3150161463498065,-0.0307024236152969,-17.647497048245224
7.164403009577956,2.0962613102967764,-0.02,4.01439073767181,1.7057468930774784,0.0145340323803784,2.303237157343746,0.1293053415557156,-0.4318368526641754,0.0069166663424091,-17.58960589457625,0.0,0.3652168962369961,1.9095208318061607,0.0,0.0402088283037722,2.140957052817499,0.1159609496834934,-0.3249946127096436,-0.0311995304725291,-17.69256078566674
7.1824493647658105,1.971746880432185,-0.02,4.38093021475327,1.7790012204523695,0.0201555404306918,2.146329954250078,0.1296111745324132,-0.4372977390297736,0.0073807220437022,-17.619373252448327,0.0,0.3534953565301145,1.797799729037007,0.0,0.0393272352393864,1.8777054649716327,0.1158160389090238,-0.3234316368770203,-0.0299855812351455,-17.74195634477623
7.200495719953664,1.9036195395897235,-0.02,4.35157742913608,1.7385327320462705,0.0245428652709257,2.1331516732735274,0.1296997217194803,-0.4405235456351376,0.0049498140128895,-17.671724939907975,0.0,0.3597162355154077,1.713364939413582,0.0,0.0389484265717243,1.834353841647536,0.1159542972714952,-0.3362469026940282,-0.0281111111967432,-17.788625282724805
7.218542075141518,1.7271686588355326,-0.02,4.157398896618465,1.864062861826686,0.0262192207768516,2.0415339585449734,0.1295360033925458,-0.4329950950531588,0.0038647917997682,-17.72607583160426,0.0,0.3316759461624418,1.8133653868912072,0.0,0.0238631106529483,1.8307274461582208,0.1160606656549743,-0.3374713727728302,-0.0278004786380863,-17.82578912674977
7.2365884303293715,1.7590443137788938,-0.02,4.115472205906521,1.80357794509554,0.0125360263805284,2.04834529454556,0.1295233223163552,-0.4247051125409632,0.0031420133904397,-17.766085359477117,0.0,0.3518236054010805,1.857520342330773,0.0,0.0289284105726158,1.8113395028857715,0.1161078829755104,-0.3306452062524405,-0.0280726906110705,-17.866928330950003
7.254634785517226,1.835114321928013,-0.02,4.1617109326308,1.855238712769257,0.005993289347925,2.0256094247494576,0.1293713485772472,-0.427771672300596,0.004613369192866,-17.80012622165392,0.0,0.3334554767486381,1.9126473691499843,0.0,0.0300808168332994,1.673597814204051,0.1161151861680002,-0.3312532470301786,-0.0302334086309686,-17.907258886958772
7.272681140705079,1.845024780216896,-0.02,4.205047221487296,2.030368652879144,0.0158089534510072,1.828650721179499,0.1295218762517277,-0.4168466868025848,0.0042919412050462,-17.848895004458544,0.0,0.3080385311545706,1.74646115944533,0.0,0.025885147937688,1.6213248125685145,0.1160950932829097,-0.3281104177340372,-0.030995239708212,-17.95237255878378
7.290727495892933,1.9431053409140708,-0.02,4.357796716969075,1.9340376359796096,0.021263139701155,1.848966246986646,0.1296097581861192,-0.4162277715879722,0.0046538699273565,-17.898551216739047,0.0,0.3324475742795215,1.8141211502857173,0.0,0.0259763633016157,1.5605021233430516,0.1160574672777145,-0.3238133472095907,-0.0291630299455507,-18.001785660599833
7.308773851080787,1.9644675401527825,-0.02,4.391556111714992,2.1206624295090446,0.0096253419221555,1.7087398965930791,0.1295328755206977,-0.4127943299590735,0.003365600741387,-17.941360237078552,0.0,0.3296054792678395,1.9740405992336016,0.0,0.0310452692919061,1.5161554136117232,0.1160652579310507,-0.3180081456371655,-0.0326152208753248,-18.04464077282527
7.326820206268641,2.0610494571640823,-0.02,4.186442306924256,2.1620395279634588,0.0101068036126986,1.9395474280665843,0.1296696178984429,-0.418719477789371,0.0031767144070089,-17.97076329989937,0.0,0.3191395385503796,2.124179361630808,0.0,0.0223386818005542,1.5904427831180084,0.1160026497382785,-0.3063679527240464,-0.0343208171728002,-18.10766450005392
7.344866561456494,2.0722854811368143,-0.02,3.821073236746421,2.180474046640257,0.0080990597950524,2.2695980798293256,0.129814644368597,-0.4172590520514305,0.0023303632161433,-18.019721763522124,0.0,0.3256292694491009,2.172489282321804,0.0,0.026027214271178,1.6739324565081155,0.1160539978544242,-0.3008695430662301,-0.0350777039603066,-18.17157822339378
7.3629129166443485,2.193257923379582,-0.02,4.000527673207545,2.1111180736611344,0.0160754325971242,2.3235620198569342,0.1298465142382871,-0.4101045079435399,0.0042238114934354,-18.063094448431325,0.0,0.3247164431340421,2.027099695639035,0.0,0.0290072637750296,1.6726618372917732,0.1160456207120395,-0.3025270944690258,-0.036279297101302,-18.2090323344757
7.380959271832202,2.211654627693811,-0.02,4.070627639360202,1.9313472846161632,0.0140358464309815,2.470412424735064,0.1300773869067262,-0.4113402664780425,0.0072716427501361,-18.09857065190073,0.0,0.3540919014287659,1.9328470528751736,0.0,0.0390071956303754,1.5528566172448304,0.1159802337908468,-0.3104003638291731,-0.03709439066506,-18.24387931238104
7.399005627020056,2.2010165820529712,-0.02,3.9336374485983394,2.1359009656984056,0.0226343276901208,2.403146524919612,0.1301385881209452,-0.4223100270728265,0.0134386999799311,-18.131805590382264,0.0,0.2787665831120831,1.860890286838256,0.0,0.0388772632806476,1.5537082382092944,0.115919864096281,-0.3173473620229022,-0.0383754859347083,-18.292670600642
7.417051982207909,2.0730996152693115,-0.02,3.714220697239993,2.1526513620883216,0.0273363519285185,2.5276949046302133,0.1300639420167794,-0.4222702920419801,0.0137657632136597,-18.177384652069627,0.0,0.3009376341852016,1.6489395807747673,0.0,0.039187272952938,1.6620939144408675,0.1159181537443013,-0.3104589353501733,-0.0373821505622282,-18.33272988783937
7.435098337395764,2.1372897596096148,-0.02,3.527874777129824,2.108336319829888,0.0308370472345993,2.888097686362491,0.1301047667511915,-0.4235943287008298,0.0125048913473559,-18.20753383142835,0.0,0.3257419082839718,1.7668239228404865,0.0,0.04130556410614,1.6021595231430308,0.1158236568473422,-0.307630183537891,-0.0350413868945466,-18.368374286075507
7.453144692583617,2.0393857698642783,-0.02,3.559233401538173,2.3244940972684027,0.0390421427144443,2.8732252852839104,0.130168423298231,-0.4276711965830481,0.0074107613919541,-18.234926368849703,0.0,0.3608114154927618,1.704513935317606,0.0,0.03812426812918,1.5896059433096663,0.115852483166707,-0.3064452540494914,-0.0362709029527985,-18.38400478906204
7.471191047771471,2.148190564411332,-0.02,3.522787821479747,2.2930008019652472,0.041753837898341,2.922997932745613,0.1303317084675588,-0.4327356313589738,0.0066670282354261,-18.29519898374498,0.0,0.3926048324834206,1.6440201142648994,0.0,0.0398004823099427,1.5528909999979976,0.115754574970004,-0.3057316426435721,-0.0348514530866595,-18.410442485939885
7.489237402959325,2.1791148901891995,-0.02,3.6637727446002986,2.219433445294207,0.0540071928946997,2.753636894044815,0.1305851159554787,-0.437394065779619,0.0100755658508483,-18.33456047669618,0.0,0.3990954969297202,1.457254856734007,0.0,0.0452140025164155,1.5696059146669807,0.1158488495530214,-0.305226484256288,-0.0323749800074152,-18.43507128832556
7.507283758147179,2.203201390027724,-0.02,3.6955504329443216,2.057767854490398,0.0576540664957377,2.794186791248228,0.1305312253723557,-0.4396565680826454,0.010790257661041,-18.360227872677868,0.0,0.3633081926688955,1.406398894152843,0.0,0.0575703466167778,1.562268058591948,0.1158559276096675,-0.311460873984377,-0.0388066489554111,-18.471625334588754
7.525330113335032,2.05818075844881,-0.02,3.519395909575449,2.143074903910756,0.038919790366576,2.779747816004918,0.1306786763184122,-0.4405840068295844,0.0118612004285718,-18.39917968997181,0.0,0.392248016753171,1.4545937503895818,0.0,0.061792719013955,1.732523073727207,0.1158238735509349,-0.3174023706776971,-0.0429109184495352,-18.526610350429934
7.543376468522887,2.121649306727333,-0.02,3.315953082254352,2.375998299684786,0.0321006084519146,2.6548704923735102,0.1307037117775819,-0.434706585346632,0.0134374775694024,-18.461859314383933,0.0,0.3626383978164268,1.4425444940475558,0.0,0.058322913399329,1.7113429674942617,0.1158955662371244,-0.3123106738017824,-0.0418494085864306,-18.587783408460737
7.56142282371074,2.3168672942666326,-0.02,3.280486583173986,2.25266879785875,0.0339636595388646,2.66061493009702,0.1306611171475244,-0.4264844156316835,0.012076590871789,-18.517999066117145,0.0,0.3987658186296568,1.455706332113344,0.0,0.0612788794969701,1.7593029240504698,0.1159062898307024,-0.3043911142193226,-0.0399804279147494,-18.62691909735835
7.579469178898594,2.363963299971934,-0.02,3.475602728460453,2.2103730780277697,0.0309985267398604,2.514017151681819,0.1307725796612682,-0.4194200145370524,0.0127851243478866,-18.56865612958983,0.0,0.3949495873523407,1.4952812020201611,0.0,0.0616595549008362,1.7298786505122254,0.1159699989589908,-0.3069302378446614,-0.0427779350574574,-18.68622569238898
7.597515534086447,2.38583142819283,-0.02,3.55104776008878,2.248162944913271,0.0318168539843066,2.33522490819764,0.1308581355667758,-0.4237865835991457,0.0143602432761212,-18.616475821741822,0.0,0.4050297133792909,1.5682649551675614,0.0,0.0598175440165651,1.865595815559849,0.1160223832050034,-0.3156558908588789,-0.0430721856479268,-18.736449230084343
7.615561889274302,2.4504004834715896,-0.02,3.391635555465888,2.199644207421549,0.0241663026721899,2.4408685675544413,0.1309444005568197,-0.4151513662613936,0.0154147382263732,-18.6668896219646,0.0,0.3706001252533006,1.6056639831063138,0.0,0.0589635861041271,1.9737358867029628,0.115948807406688,-0.3186324348023511,-0.0442021435879996,-18.777945471670108
7.633608244462155,2.259338754108402,-0.02,3.3745398877934485,2.1235955435286606,0.0275425757983768,2.4807176146859424,0.130883149995914,-0.4101098792169844,0.0150035734970909,-18.69679681454837,0.0,0.303612413788637,1.6438987884707643,0.0,0.0512485652438634,1.9831961153063709,0.1159788100803766,-0.3181039910831729,-0.0446598612394149,-18.82795138931473
7.651654599650009,2.180900517665984,-0.02,3.1973108151939704,2.1001669453282243,0.020934493033146,2.5307744604610978,0.1307542959396896,-0.4044953885757133,0.0110162669573222,-18.74040062851932,0.0,0.2688926800223619,1.6910099429996812,0.0,0.0514415015981641,1.9004004747399588,0.1159610663223251,-0.3185729834374428,-0.0440352609395526,-18.871558528583986
7.669700954837863,2.29176357061827,-0.02,3.3326752262112818,2.225735600109441,0.0191662471360682,2.3159498352480874,0.130796414471478,-0.4060879679908392,0.0072456033978503,-18.77267058688573,0.0,0.3044263094485175,1.695745659700019,0.0,0.0392347808475016,1.8104461372106184,0.1159131630886999,-0.3217388416484175,-0.0441823041003213,-18.90956426296729
7.687747310025717,2.243514114657026,-0.02,3.6337892872003312,2.247466927705667,0.0283973841793949,2.322736120958995,0.1307536688850572,-0.4024031241373808,0.0046269487927549,-18.80843834990244,0.0,0.2449626259585866,1.7849076956745022,0.0,0.0355000621212695,1.6722348505321574,0.1158810022542084,-0.3210483780193647,-0.0466309651061291,-18.943862691363687
7.70579366521357,2.3358507695513366,-0.02,3.82054888619982,2.1051827874036944,0.0397672576871001,2.267711885079309,0.1308684601575033,-0.3912803146663391,0.0014904296977784,-18.837681947165564,0.0,0.2707217155701423,1.8447605798201752,0.0,0.0341349260753734,1.6743103670074202,0.1158595321999419,-0.3220628724901269,-0.0469524524328876,-18.984695387714662
7.723840020401425,2.1543689899899787,-0.02,3.9891242809214846,2.166600717675344,0.0294593756153819,2.465528031826081,0.1308704623667586,-0.3921807033437293,0.0016240722911267,-18.886067000021274,0.0,0.2783773692207849,1.778211737835634,0.0,0.0283042757333213,1.55921388055851,0.1158681956000907,-0.3324769749043899,-0.047647034341811,-19.048766327000305
7.741886375589278,2.124456938280687,-0.02,3.792994599889218,2.2600984043090007,0.0290169232678501,2.5466555057978058,0.1309465905827936,-0.3898225436981381,0.0051665704249344,-18.930722138827964,0.0,0.2764285255696045,1.828051336441776,0.0,0.0305139024568096,1.4944487521878778,0.1158456843334122,-0.3387097701860648,-0.046420920639737,-19.0846428410686
7.759932730777132,2.036311762134217,-0.02,3.85915562595743,2.3034647303257225,0.026415111324637,2.6607365427020966,0.130854973519873,-0.3889449929687547,0.0100250862958409,-18.957878377357645,0.0,0.3029907456062257,1.746777849489335,0.0,0.0317457565817822,1.4311276926368068,0.115785489113152,-0.3297967673145465,-0.0457119409359145,-19.12185322175401
7.7779790859649856,2.0061485162262773,-0.02,4.085840878766006,2.183975531412736,0.0228754900830079,2.6004375664237633,0.1308184832696931,-0.4011840829235201,0.0117384623943632,-19.01468224422345,0.0,0.3064510577511667,1.8012386546587986,0.0,0.0424506440460791,1.3406161161233066,0.1157485656400449,-0.3266386968957718,-0.0446061555669212,-19.177805663998928
7.79602544115284,2.146401924501308,-0.02,4.136900278886285,2.1530866020802706,0.0240704774233761,2.6621318302011576,0.1308762666735996,-0.4070153297148983,0.0126899449287626,-19.060534684666948,0.0,0.3544834631268687,1.7719430881393867,0.0,0.0436133038483679,1.3201486658673072,0.1157377366848764,-0.3294979380416175,-0.0447621536051447,-19.22536015219736
7.814071796340693,2.2172341647434703,-0.02,4.013031885141687,2.2391790827497853,0.020401957898357,2.617598122243893,0.1309727825606511,-0.4074237380134852,0.0134396049871329,-19.09872801024543,0.0,0.3839684399448222,1.6427397301087632,0.0,0.041866123544788,1.5019105796046046,0.1156699186040564,-0.3357413501892823,-0.043502550944816,-19.264408757930283
7.832118151528547,2.0904223882049413,-0.02,3.933447106455205,2.2475383475033337,0.0244720643033163,2.5426046964627864,0.1309252749951844,-0.4207999432128898,0.0093334969218916,-19.157449475667963,0.0,0.3666446172164506,1.612586305506138,0.0,0.0426548951941342,1.5845513793200674,0.1157210616113014,-0.3430270402002849,-0.0424715423684755,-19.30895259205745
7.850164506716401,2.203374551082761,-0.02,3.722626954199526,1.9812611804276783,0.0250759394326656,2.666799816016636,0.1311316095986824,-0.4221164847011383,0.0024414989481476,-19.19070619049046,0.0,0.4052358614497935,1.6227259403063734,0.0,0.0380731405467809,1.62891170298718,0.1157429943286488,-0.3360634535352621,-0.0383223615016201,-19.35089329647265
7.868210861904255,2.0849515660312825,-0.02,3.77836117998501,2.026274371889337,0.0266453907068026,2.791743618793296,0.1310740871137107,-0.4247678421890678,0.0079460703242979,-19.22851932441882,0.0,0.3833846060392137,1.62048720610151,0.0,0.0379249999692676,1.7726216231516496,0.1157466437648843,-0.3410844182447519,-0.0379427696340606,-19.391797688939512
7.886257217092108,2.196106517206099,-0.02,3.5951681824544703,2.0002490925849536,0.0259953770464215,2.7818373228101296,0.1312868386161987,-0.4215014101484721,0.0138900779777047,-19.285122217589247,0.0,0.3562000636850379,1.5766899827335932,0.0,0.0393654947560634,1.865701080548932,0.1158230778373221,-0.3484163107778616,-0.03658268617342,-19.414711019325924
7.904303572279963,2.2964013850943124,-0.02,3.770479826987912,1.964964740990244,0.0269118994360271,2.7864859617439417,0.1313042288642062,-0.4222307929713306,0.0132937787961012,-19.359406877364776,0.0,0.3548071649239597,1.5129129695686212,0.0,0.0376628142593148,1.9124061163981605,0.1158952850900799,-0.3501987877121491,-0.0370209603702393,-19.45927461034676
7.922349927467816,2.3862616172741284,-0.02,3.733967492858567,1.9210087743419584,0.0289803006850033,2.5992516881240957,0.1313921969012495,-0.4190707207017434,0.0127252287432181,-19.42369687777702,0.0,0.3360352036227526,1.509599097804566,0.0,0.0491717675516873,2.0177597055776584,0.1158704036483608,-0.3551839477261628,-0.0359047746741581,-19.50379428591527
7.94039628265567,2.1909463753688776,-0.02,3.562068706948599,2.049196551435858,0.0277891396256832,2.5534744256995845,0.131402268672071,-0.4155556988200405,0.0123284513142733,-19.44315294318873,0.0,0.3462869056273001,1.4757462120217137,0.0,0.0364160542871812,2.1133158854087535,0.1158557664913939,-0.3583392898922125,-0.0343551254962412,-19.53457041856433
7.958442637843524,2.220855231772485,-0.02,3.3319338764116258,2.002870971895429,0.030875669953355,2.4488775014156055,0.1314708346906752,-0.4119385092698178,0.0113865626038845,-19.50442786550688,0.0,0.3413123312859069,1.4009020737141242,0.0,0.0389845984553077,2.176909746057518,0.1158023347142473,-0.3525073159980936,-0.033055485890296,-19.58353616864348
7.976488993031378,2.16288993942821,-0.02,3.3464009733838616,1.9875345888268656,0.0310176481210109,2.3183043987809366,0.1314023407135621,-0.4086798799259733,0.011991934824832,-19.55409672097428,0.0,0.347423731118386,1.4867468757930091,0.0,0.0453294713336812,2.0823185482426565,0.115865322516386,-0.356162970586641,-0.0363473727924814,-19.631618826868355
7.994535348219231,2.1164071827393824,-0.02,3.263668141879976,1.8031975911891929,0.038844247712981,2.5386145187046356,0.1315663470125926,-0.3935226764095492,0.0122838633985895,-19.5976774829265,0.0,0.3885218633748748,1.5136355407810231,0.0,0.0400286080650062,2.0103659315858007,0.1158304337319033,-0.3444926314815254,-0.0344918209863524,-19.6742459061338
8.012581703407085,2.020724241180319,-0.02,3.056494140522228,2.074198482646324,0.0443634347050394,2.3651478061536584,0.1314874105632262,-0.3870497489825969,0.0089038106571257,-19.64816357266076,0.0,0.413868983757366,1.441801371810838,0.0,0.0432310132013879,2.0475810882426537,0.1157637390620767,-0.3444689489215997,-0.0363256033438096,-19.72238171185256
8.030628058594939,2.197162383500053,-0.02,2.856758860743652,2.0109023832815724,0.041971189850321,2.3829017298824704,0.1316756150921197,-0.3912475229120612,0.0022969180500749,-19.69705065956457,0.0,0.4670882705962464,1.431507185104756,0.0,0.0336092459371869,1.947412982492612,0.1157540397988107,-0.3354210886675829,-0.036504903449761,-19.768671725693604
8.048674413782793,1.9634740360235496,-0.02,3.004584306932964,2.0674396173881253,0.0453070028529924,2.1838261024452432,0.1315809973381804,-0.3889280214780761,-0.0005068626405386,-19.72102281297589,0.0,0.4775551615065363,1.5500973432286875,0.0,0.0306656266541016,1.9247194071023772,0.1158055916306836,-0.3286728823377697,-0.0369559000468773,-19.811935800881784
8.066720768970647,1.853435866877504,-0.02,2.9555860022699623,2.0594680337846394,0.0331773010816993,2.232056191744991,0.13154928704456,-0.3913675317490113,-0.0006250750390446,-19.750111902616524,0.0,0.490556115509759,1.6228825170809318,0.0,0.019600437100379,1.9886882212194807,0.1157130804236579,-0.3252075934048514,-0.0358732640182351,-19.85606825513481
8.0847671241585,1.7390475542212374,-0.02,3.019878800943968,1.9291809257497703,0.035941712124034,2.401777435852016,0.1314867726296759,-0.3881352791816474,0.0002254395960972,-19.801129037654142,0.0,0.5104329091540165,1.5745643723684861,0.0,0.0123600258117639,1.8849677134957623,0.1157032541089279,-0.3261578675914097,-0.0366603075834384,-19.91594458640937
8.102813479346354,1.88329877829968,-0.02,3.180890573626508,1.8013626257381516,0.0396146773054146,2.4155649232025977,0.1315928253135789,-0.3908647812543767,-0.0003549918000622,-19.865474400456943,0.0,0.4785768018188826,1.4538318605030318,0.0,0.0267633149801734,1.878587030517992,0.1156622916752435,-0.320778048990071,-0.0389971531516413,-19.97271349431427
8.120859834534208,1.7128842917858242,-0.02,3.336580905667337,1.8630984251132008,0.0394419207874732,2.383883255322545,0.1316074389387291,-0.387752879836122,-0.000669813986644,-19.87651693631333,0.0,0.4558900805654693,1.5167482948242774,0.0,0.0198058787520448,1.7482846213293,0.1157047213551028,-0.318883169914759,-0.0424441981278469,-20.02165716431814
8.13890618972206,1.7243547301117668,-0.02,3.6966029846942186,1.852815414732657,0.0310342611536482,2.619879519672501,0.1316806663009837,-0.3909176378829246,-0.0010486722928641,-19.922474869479128,0.0,0.4721206356649916,1.5325424277521742,0.0,0.0130983794407407,1.726832626338345,0.115670129107358,-0.3143488824647469,-0.0417061651731459,-20.071530552421287
8.156952544909915,1.78118779737378,-0.02,3.79275489233812,1.8541205211272789,0.010824106645494,2.5176026815344272,0.1316374766342586,-0.3992469407050828,-0.0013687204040543,-19.95402522333005,0.0,0.4439982040677254,1.5417491760517794,0.0,0.0219537990085159,1.838782913790017,0.115720995866953,-0.3163856565922263,-0.0396722116056218,-20.109981868602063
8.17499890009777,1.860700048952331,-0.02,4.010985178072688,1.7086092886604438,0.0050058894136431,2.569579334582059,0.1317926684931596,-0.3947963157935241,-0.0014604937388174,-19.998587789152147,0.0,0.4226043760383051,1.6191212461783173,0.0,0.0135292951763492,1.7958326629581929,0.1157494089660868,-0.3174831921917914,-0.0382642753747367,-20.13728778928663
8.193045255285623,1.5437587006249305,-0.02,4.197638019301985,1.781775405267192,0.0056916550557284,2.3810275618343395,0.1317189138748965,-0.3920942971928983,-0.000271072374822,-20.03990746567219,0.0,0.3621414842528676,1.6593264104441712,0.0,0.0221957193389895,1.7746679308116635,0.1158388142419851,-0.3258195828326267,-0.0390971249441854,-20.172278250140145
8.211091610473476,1.6491051466122608,-0.02,4.03069123349377,1.7364580708167057,0.0043363880597377,2.481563826675696,0.1318482033984577,-0.3859817611862055,8.983962340925085e-05,-20.07223154538061,0.0,0.3618872567263366,1.643679052276192,0.0,0.0297812233273056,1.8221113219042773,0.1157070681968309,-0.3329919516158527,-0.0407263250639803,-20.207442554209823
8.22913796566133,1.6424084435423785,-0.02,4.092918160339186,1.728280538527848,0.007199748848892,2.610130831030184,0.1319064576174551,-0.3805736757508821,0.0013635471301806,-20.11796086845915,0.0,0.3862635822404932,1.688422391647746,0.0,0.0342879774484082,1.8252808980196056,0.1157238806634536,-0.3378694230894237,-0.040926201326621,-20.247026269005943
8.247184320849184,1.6499819502982016,-0.02,3.976529558400024,1.944356683648739,-0.0006623822562081,2.546410792700327,0.1320608375989845,-0.3787127972877141,0.0003193471145567,-20.14736896711817,0.0,0.3377717734681175,1.6794002701114679,0.0,0.0315723544543118,1.8029427002179816,0.1157037871751371,-0.3424884605101272,-0.0426466736835294,-20.28020774045167
8.265230676037039,1.6511153208576808,-0.02,3.8728207407367545,2.1130414451171,0.0214754294828875,2.6104939826179008,0.1320614140876427,-0.3759631977692203,-0.0002865788626442,-20.1631065899485,0.0,0.3498234124037658,1.8029163282020129,0.0,0.0187890158613063,1.6933087872132304,0.1157398363352318,-0.3471545490214385,-0.0413897101532743,-20.31968735961168
8.283277031224891,1.762482227356373,-0.02,3.953784671901774,2.0578519126592862,0.0230218753377992,2.632679787516912,0.1320978450081947,-0.3795935320673868,0.0005448139356208,-20.2216241781003,0.0,0.3337349217166325,1.6895073243329286,0.0,0.0285151595307265,1.8145857729696064,0.1157132541496376,-0.3564653347477213,-0.0379371570554297,-20.354854197862387
8.301323386412745,1.6938425261597985,-0.02,3.6786379063465766,1.9898827063314048,0.0244941950359987,2.506219484109148,0.1321888617965436,-0.3733024429939661,0.0008246298547139,-20.260970220984024,0.0,0.2921849032243083,1.707765902395108,0.0,0.0320146379903106,1.854231560263604,0.1155913790482115,-0.3552356853406985,-0.0382828680483131,-20.39809438800265
8.3193697416006,1.7573563166412005,-0.02,3.614611693088976,2.142379425326783,0.0290378172706675,2.4891416886629107,0.1321451557961885,-0.3669975233812688,0.0004833550997803,-20.30167652166478,0.0,0.3141819158309951,1.6724920202228255,0.0,0.0239340393102287,1.7967732138775094,0.1155168276156535,-0.3561255765788859,-0.041817177035029,-20.436034003791303
8.337416096788454,1.6952212289139366,-0.02,3.422323085042787,2.078191401344401,0.0290311349600682,2.4681146456420646,0.1320840918969231,-0.3711919994962208,0.0010884848410715,-20.33050295009217,0.0,0.2821116542673178,1.6421831415686474,0.0,0.0266898171905637,1.8544428582171344,0.1155247554057804,-0.3494663455882549,-0.044178629978957,-20.4701162074001
8.355462451976306,1.860866186450777,-0.02,3.4579453758520446,1.9974362205098093,0.0376010142930798,2.570509956814188,0.132216850148437,-0.3623046813920188,0.0011038801449839,-20.35599324196056,0.0,0.3041900609670132,1.6248107102114309,0.0,0.020046940054674,1.8935820617035155,0.1155074908587257,-0.3427990593076024,-0.0423173720360926,-20.515622703066875
8.37350880716416,1.9644164242737727,-0.02,3.7110174556566617,1.9448239882352536,0.0324135142282703,2.4986410728565134,0.1321471541603359,-0.3623097450386154,0.0006081220026277,-20.42081187774575,0.0,0.341883402405211,1.6500341162764578,0.0,0.0195343567390539,1.8568787576159096,0.1155650441882601,-0.3488506989564391,-0.0405247058625549,-20.56115966141428
8.391555162352015,2.069451386935512,-0.02,3.6033437366707854,1.994955890713357,0.0434169936386211,2.300409853859525,0.1322672682721738,-0.3627247509688321,0.0010922223982073,-20.46176184157739,0.0,0.3216886784174903,1.6251450190849968,0.0,0.0271399214836014,1.8895339459648637,0.1155553926554166,-0.3519533891843447,-0.0397135045193952,-20.60774939920032
8.409601517539869,2.1493999413339795,-0.02,3.716399320599169,1.6901872995553044,0.0615067652250268,2.348780814336913,0.1322201512023304,-0.3682373965572312,0.0018099036374082,-20.500128074829306,0.0,0.3129428233840905,1.4850708671544213,0.0,0.0362177358819503,1.9398135927855096,0.115618947966552,-0.3495271467864173,-0.0420486198116542,-20.682812955397527
8.427647872727722,2.21154753556396,-0.02,3.581138486685534,1.658599752059572,0.040492017047593,2.307740702179476,0.1322506886148512,-0.3730840330794087,0.0037087111040909,-20.54566027463962,0.0,0.3124451229363729,1.509631112667145,0.0,0.0425768291803212,1.8860356531126048,0.1156416049095464,-0.3503142493110316,-0.0412007601389734,-20.72565797483038
8.445694227915576,2.1472550492835007,-0.02,3.4698960006496806,1.7404882717700865,0.0373539959530936,2.325564584894111,0.132350515159859,-0.3766886024901019,0.006302822423724,-20.579021004700987,0.0,0.3425860074758926,1.653866248087241,0.0,0.0360601786775141,1.8877892424823377,0.115628451846433,-0.3489414840021067,-0.043224881885749,-20.7477870092887
8.46374058310343,2.17699845865988,-0.02,3.48590677411624,1.80413837030464,0.0440556944270029,2.4567845640384074,0.1323259519085861,-0.3882615385484154,0.0086147509775356,-20.638159192198355,0.0,0.3833037974940239,1.6684427269329454,0.0,0.0338309768012541,1.7432822155547678,0.1157020637610447,-0.3459135042657111,-0.0418582512179823,-20.79342659536418
8.481786938291284,2.2067719020752508,-0.02,3.485090649557374,1.8973926264177945,0.0470495917106159,2.488526508576828,0.1324598580710462,-0.3854644384127897,0.0122276752103003,-20.69366776444525,0.0,0.3541856612308,1.648585423816326,0.0,0.0311912557413976,1.8054903720247824,0.1157057452214247,-0.3392776325769771,-0.0414181836626802,-20.825635409841865
8.499833293479137,2.2797161279456373,-0.02,3.312855891912912,2.1290047925099245,0.0511679973629586,2.473410782496572,0.1324455512278519,-0.3876190370408091,0.0130113041729785,-20.75684916135189,0.0,0.378815910842967,1.6860095337267864,0.0,0.0223591185171979,1.7591823809428029,0.1157032119691238,-0.3367564420858411,-0.0417493326575807,-20.87616317725365
8.517879648666991,2.297595132457667,-0.02,3.040045511943072,2.246266902599196,0.0434719459423593,2.58256454453039,0.1323808914425846,-0.3867706770483488,0.0126569409192068,-20.812051655462685,0.0,0.4017223722986263,1.6782971488973086,0.0,0.0296952140507805,1.7967092894475856,0.1156383023733285,-0.3322798095562156,-0.043654037656789,-20.933710150253155
8.535926003854845,2.190035651980273,-0.02,2.676707818758944,2.382137525353217,0.0455084131895299,2.5733874202028444,0.1324213894498246,-0.3874381772773534,0.0124657431556691,-20.835862886533103,0.0,0.3525909021347789,1.6922396204778967,0.0,0.0260850655448171,1.8652888850524791,0.1155989193077427,-0.3258909104507189,-0.045333351781276,-20.97036624425076
8.5539723590427,2.106209231254255,-0.02,2.539125058317509,2.41993579609856,0.0415600931586145,2.6903709741873154,0.1323080072226086,-0.3852244022481666,0.0113818804639818,-20.88995647153204,0.0,0.3881119129460076,1.7078768184535502,0.0,0.0237981180886752,1.702183488197108,0.1155990886728854,-0.3101417050754034,-0.0471464766976836,-21.01316039326527
8.572018714230552,2.050624638378054,-0.02,2.4347544537453265,2.7024826039922014,0.0209348008922378,2.639760166563564,0.1323372103037678,-0.3892534219908257,0.0115895551115081,-20.943377135899546,0.0,0.383991034116061,1.837721383165498,0.0,0.004034504019711,1.6296718457082295,0.1155010933887686,-0.3128748464574151,-0.0430659121762467,-21.04802785607966
8.590065069418406,2.071017335160154,-0.02,2.624799590912064,2.6694500446572,0.02273685778789,2.605017169192224,0.1323348604274356,-0.3913556866375899,0.0110187340057056,-20.993326648883546,0.0,0.3975033251220483,1.7673226129409096,0.0,-0.0004583845081216,1.5667477867974589,0.115420046631284,-0.3120408266434032,-0.0504833330537348,-21.095428782365488
8.60811142460626,2.1698688771732977,-0.02,2.510544986706547,2.581156046344116,0.0096278183462596,2.546440317396819,0.1322613255287999,-0.3902213298015189,0.0120332554606371,-21.04019606297505,0.0,0.3593444758315141,1.7400971004987984,0.0,-0.0029750842251999,1.48982841678526,0.1152735456821472,-0.3113515213887853,-0.0536697141959777,-21.156907537590747
8.626157779794115,2.1989072802905407,-0.02,2.417042228737617,2.5487332345676266,0.0081034370842864,2.543726029456191,0.1323479768383074,-0.3834123906062065,0.0127723043481005,-21.07343477504486,0.0,0.3453939953052434,1.8296616507267924,0.0,-0.0003775654016127,1.6029055125903724,0.1147936893487593,-0.3173082171176961,-0.0552728122768114,-21.172080257792068
8.644204134981967,2.121540870673545,-0.02,2.627522598598517,2.393335486823021,0.0066286376612353,2.441128041902388,0.132430441410214,-0.3870394295679607,0.0139592436407952,-21.1279440817116,0.0,0.3501270262716113,1.8292317811877223,0.0,0.0130597968429188,1.5294033624257013,0.1143051280173355,-0.3253923773418257,-0.0600225270686694,-21.21884895282834
8.662250490169821,2.099152003996859,-0.02,2.838640785975008,2.4124516513721104,0.0007353500889701,2.508058467362736,0.1325191089071845,-0.3889876216053114,0.0164617876743337,-21.162345799537267,0.0,0.3407519641044604,1.8634402441068023,0.0,0.0267613757990368,1.5618761475122465,0.1137456835930973,-0.3224151059118753,-0.0614168893673616,-21.27204106730088
8.680296845357676,2.135260731471577,-0.02,2.898310475608485,2.3381294416710725,0.0012551607122398,2.366068785592827,0.1324822834184847,-0.3943341699390568,0.0311925631644346,-21.195435877063364,0.0,0.3688175674275279,1.8180411433635453,0.0,0.0234827200982348,1.458989835646717,0.1138847517153192,-0.3193291298201454,-0.0841062945290041,-21.312959369499904
8.69834320054553,2.2883337437049045,-0.02,3.2214222956433702,2.2107468094772305,-0.004642145688014,2.336756432811385,0.1322677329083478,-0.3915865676843842,0.0481482857012661,-21.2517739591522,0.0,0.3774111037910769,1.7814533772754426,0.0,0.0263246680956931,1.3617493803907126,0.1140812292279766,-0.318886517396316,-0.1032720391951229,-21.353616582992498
8.716389555733382,2.4652003841172507,-0.02,3.6359908813058848,1.9319538412996755,-0.0066939741467382,2.3406849147321926,0.1319314248132999,-0.3854370262182842,0.0630123853768169,-21.27678207064712,0.0,0.365862896560432,1.8928904324455096,0.0,0.0303534443042745,1.5012194679280748,0.1142856543425457,-0.3312711967107959,-0.1041651864320203,-21.41127817924875
8.734435910921237,2.374156311016937,-0.02,3.897286039295532,1.7251023276017974,-0.0029613653339577,2.3725074129542345,0.1318991651475309,-0.3799383615640209,0.0748011268369507,-21.33521698732781,0.0,0.3954803821091507,1.9768229029027833,0.0,0.0382326163350069,1.5117854579105392,0.1149095755212874,-0.3290503358576517,-0.1108461332428569,-21.44914159196647
8.75248226610909,2.262037831252522,-0.02,3.971667545741979,1.7538382323521564,-0.0125462555486333,2.421360569801893,0.1317769979575444,-0.3815401305354759,0.0857653048367608,-21.374899026569995,0.0,0.3589918465795135,1.9268520054558052,0.0,0.0427465172823743,1.7042176611134827,0.1156031649477526,-0.3281892545127516,-0.1106751247569619,-21.492460454424965
8.770528621296945,2.141192536725796,-0.02,4.128744969825872,1.79078248978155,-0.0050832138162142,2.4753215130163446,0.1317343996872479,-0.3789647725056937,0.0921439802418777,-21.4403757824728,0.0,0.3944293949275883,1.7691151225934332,0.0,0.0517934912219388,1.6422889033297894,0.1156754048688482,-0.3299505988039207,-0.1201266879848997,-21.5655056284448
8.788574976484798,2.1950182886282965,-0.02,4.270466965532784,1.8317447768877324,-0.0042363447325483,2.2822361597231726,0.1318095255982564,-0.3866112498611289,0.0977317089172532,-21.498654626314508,0.0,0.3681645725669417,1.715522678871919,0.0,0.0579056795994147,1.691042483344232,0.1157588228833493,-0.3320378384979407,-0.1292057010144043,-21.644192207019056
8.806621331672652,2.2953807822907697,-0.02,4.169539947379072,1.829896929935206,-0.0156516175138422,2.2923051617379686,0.1320750183353111,-0.3846810606581948,0.0994943106570944,-21.541329930090857,0.0,0.3547922891594574,1.7833024679713876,0.0,0.0563955926487571,1.6225530468659244,0.1158183017807769,-0.3324724956055652,-0.1376475068796631,-21.677748569403583
8.824667686860506,2.2646236746658923,-0.02,4.139062579584272,1.649298695520446,-0.02,2.2107079644580856,0.1324257301648436,-0.3821696975459207,0.1006752802392027,-21.605987089372928,0.0,0.358382362877887,1.719001654601465,0.0,0.060533188454049,1.5945719182481544,0.1158257640782557,-0.3304360540242037,-0.1531605397879978,-21.731316986663444
8.84271404204836,2.2758031091366444,-0.02,4.368906004661644,1.6584581955991204,-0.02,2.327845921029855,0.1326711373098639,-0.3772491732977788,0.1008620360723781,-21.70377218255797,0.0,0.3231751138808538,1.84072664518383,0.0,0.061360552140229,1.7563393838124106,0.1158020814873298,-0.3338913287178804,-0.1675957728597104,-21.80298432277988
8.860760397236213,2.157814582122871,-0.02,4.204874247125908,1.6666477472404944,-0.02,2.383913494120887,0.1323951441706121,-0.3743091484288842,0.1121547435740515,-21.756385041186867,0.0,0.3309292200064733,1.801720021741965,0.0,0.0614748355541437,1.82145716626424,0.1157764535486851,-0.3366327998912806,-0.1712384346099724,-21.91241704804725
8.878806752424067,2.0135908464967778,-0.02,3.881123345341384,1.965022904429964,-0.0153344060949521,2.474573247246686,0.131797485852784,-0.3690780859547324,0.1230343389260842,-21.83484828058296,0.0,0.2878720380967254,1.6686509502470048,0.0,0.0595179212212916,1.7174269876858437,0.1157633664590508,-0.3321877835247524,-0.1792074604946722,-21.97999809291156
8.896853107611921,2.021042430494488,-0.02,3.6643301355781888,2.0605356793684173,-0.0127967634764277,2.4897071139390783,0.130939002972205,-0.363169084292499,0.1358982167314407,-21.88469505386468,0.0,0.3165622157349804,1.6467454634864185,0.0,0.0658305377508056,1.5993358265677726,0.1158132735057474,-0.3183312003766964,-0.1891470690765284,-22.026696827702867
8.914899462799776,2.2061200904269205,-0.02,3.6488779011714096,1.955318743470012,0.0032967902679605,2.6513466611699967,0.1307566279238073,-0.3534322748429163,0.1531582423414681,-21.968558201786472,0.0,0.345372738141771,1.6846793570255374,0.0,0.0733816075778524,1.507426014435156,0.1158258583470865,-0.3153811845798512,-0.2011411305481716,-22.103346384702483
8.932945817987628,2.2996467870787645,-0.02,3.471479227044668,1.893804817446636,0.0079213393069127,2.751433706355336,0.1307613788820447,-0.3549442416310956,0.1724001196773944,-22.05149730399117,0.0,0.3661842822441619,1.8588547331015663,0.0,0.0602910144620188,1.626878562068223,0.1157935144749569,-0.3196586073508801,-0.2049092674889124,-22.174477485101143
8.950992173175482,2.1724872996425755,-0.02,3.573639721491102,1.8053443869211072,0.0062512197884374,2.8885009133877926,0.1312487113432476,-0.3443048952395011,0.1871529575550578,-22.13436626046508,0.0,0.3973687673404711,1.8000415210642295,0.0,0.0548085343395712,1.6184867015938813,0.1157819143134272,-0.3310852448118018,-0.2121052944450663,-22.23496182869172
8.969038528363336,1.9990654364952656,-0.02,3.6920418881307504,1.945056876610456,0.0214445346865943,2.913493186689428,0.131989841543105,-0.3495029715249793,0.1951118666915776,-22.21126132630117,0.0,0.3753428126329146,1.6753510381025538,0.0,0.0516715054875231,1.6245861577307863,0.1157369285554196,-0.3302702496737935,-0.2195155852784036,-22.31857693151796
8.98708488355119,2.1160980014321966,-0.02,3.9735236776917766,2.0749476892502363,0.0365004451397219,2.89440208668192,0.1328507970943482,-0.3474891378855912,0.1935723253164926,-22.2858599106862,0.0,0.3809861840313929,1.7286450468198549,0.0,0.0439068535014941,1.627540838420103,0.1157819829310819,-0.3318682044719929,-0.2218778480956907,-22.39487882929241
9.005131238739043,2.130714287031426,-0.02,3.8794659026209337,1.963965963929348,0.042421663476488,2.8203105865532496,0.1332359394759013,-0.3500189109585221,0.1925592171188431,-22.36431481207305,0.0,0.3692098092458221,1.5680174591200229,0.0,0.0507548638211444,1.485804935235017,0.1157649564211814,-0.3260455720082832,-0.2289991455676102,-22.461557416178746
9.023177593926896,2.2065473423202664,-0.02,3.8998665866121938,1.8441373920692432,0.0321297306577809,2.7389816257618445,0.1332696256931196,-0.3466361711768296,0.1886476166000861,-22.47068397029329,0.0,0.376409671760477,1.599730365661034,0.0,0.0507405611860622,1.5088513374500894,0.1157591519041494,-0.3234157242382944,-0.2387227776398595,-22.552097875945822
9.041223949114752,2.045113596685362,-0.02,3.980554761317436,1.684368142984262,0.032219597696786,2.518364962515136,0.1332785757477244,-0.3479929472292279,0.1895861275560875,-22.549470383459017,0.0,0.341427263417865,1.6702482195486688,0.0,0.051883764323748,1.5453260932962014,0.1158008324707545,-0.3132849902968838,-0.2490648604461001,-22.637867660532304
9.059270304302606,2.15341642605614,-0.02,4.016183017315422,1.6156968000542282,0.0307176379511068,2.489894931408443,0.1331058919428973,-0.3401211188933148,0.1901042079824376,-22.64053378304532,0.0,0.3122801583426547,1.727443279979779,0.0,0.0488518489144181,1.7401367864787327,0.1158164411389946,-0.3162210574365338,-0.2531427462102907,-22.733199419153284
9.077316659490458,1.9290104676873432,-0.02,3.9251517389401935,1.5520044894909355,0.0319834220099055,2.231457465587576,0.1332167498043281,-0.3386439621596905,0.1947491749904689,-22.73692903260113,0.0,0.3266828686242042,1.605135966747678,0.0,0.0299576819640552,1.8129006259086464,0.115794602952209,-0.3075541236878633,-0.2511197762360063,-22.822574438771333
9.095363014678313,1.9269466231345664,-0.02,4.004444287603344,1.6788258739786353,0.0310659062265886,2.0659842872146124,0.1334005820876096,-0.3341190185117317,0.2045022204431588,-22.818200744047186,0.0,0.3073543418765824,1.5927776040516035,0.0,0.0318311316580633,1.7742745519967695,0.1157329681663455,-0.307681051251736,-0.2553824109280173,-22.93602871490092
9.113409369866169,2.082476581963569,-0.02,3.9660661383743414,1.8082701000126795,0.029250717901662,1.84312588178456,0.1333850006492431,-0.3458468977830018,0.2145817876909695,-22.915528520817045,0.0,0.2854067736969909,1.59208696293823,0.0,0.033376970234318,1.7033363423421841,0.1158448358867182,-0.3238569411596919,-0.2621816180644443,-23.041739158898668
9.13145572505402,2.184602156657665,-0.02,4.008126670476084,1.752141839634187,0.033094075125753,2.0191114554937246,0.1334078056357952,-0.3340416192585215,0.232431727744239,-23.03220123417362,0.0,0.286985653232902,1.6430774241753892,0.0,0.0401757452341476,1.7876446565837751,0.1158119414772054,-0.3244722694873238,-0.2805441587172782,-23.162918654156027
9.149502080241874,2.069341412030927,-0.02,3.9936161653760895,1.6214174722967667,0.0305013672683794,2.1001440924193813,0.1333814764261129,-0.3251323115201274,0.2430317636082896,-23.157393443437893,0.0,0.2947121723001503,1.5398754385341171,0.0,0.0442839484706121,1.6611216602994918,0.1158943120197727,-0.3318791714714894,-0.2901455452265216,-23.26898236914116
9.167548435429728,1.8243825640867368,-0.02,3.9235646258774817,1.6350306933276535,0.0251053449357441,2.209183540653568,0.1332799230065712,-0.3208846802157682,0.2440265902914994,-23.254689161782004,0.0,0.2750447559101304,1.6389665873691588,0.0,0.0447967372005661,1.7085988459764054,0.1160428243176762,-0.3292412378268768,-0.2892163285127062,-23.394453063866564
9.185594790617582,1.7935423956712613,-0.02,3.6722827377093967,1.717483263668643,0.0338397594849639,2.207290848030842,0.1332865469874492,-0.3269055364908553,0.2593057045735067,-23.381228776203294,0.0,0.2729699279319718,1.6587097814997633,0.0,0.040425352974781,1.716139572942832,0.1159942044082694,-0.3314020431001652,-0.2929458366612222,-23.52053122564586
9.203641145805436,1.8029179697625304,-0.02,3.63859609086667,1.6791741996671752,0.0177148267646504,2.235294344257712,0.133320650411705,-0.3232526793259908,0.2756550725095072,-23.52380806818101,0.0,0.344105821219972,1.5277351880219665,0.0,0.0397163365542807,1.7498366941229915,0.1158469388268271,-0.3487431542697475,-0.2932892329247595,-23.653367523507782
9.221687500993289,1.7490975136405849,-0.02,3.605352737211736,1.7012039294182977,0.0180901955529152,2.2607622685627007,0.1335039279772467,-0.3324007652508756,0.27673048354283,-23.64839431868113,0.0,0.3298939329227235,1.507187531978935,0.0,0.0366988235401762,1.616549285470563,0.1157972070991548,-0.3466883425325491,-0.3039842851392353,-23.775476982823363
9.239733856181145,1.917680728463561,-0.02,3.6826651383822298,1.7396394730127316,0.0149876834691214,2.3399159988746243,0.1333246054105802,-0.3371389709655861,0.2827801904350879,-23.750496129743603,0.0,0.3111882168900807,1.7141223213472283,0.0,0.0405765913164264,1.626900122503548,0.1157162452194372,-0.3533762274513803,-0.3117222963930288,-23.890079573850684
9.257780211368996,1.883642955447068,-0.02,3.462285195855483,1.600865794781129,0.0123083712495054,2.439185343128976,0.1333497326534556,-0.3423433911844431,0.2892457845101977,-23.885474557347774,0.0,0.3029135839029143,1.6400716345106627,0.0,0.0464158990566974,1.538537964514464,0.1157875917521552,-0.3597888202598444,-0.3182187405890834,-23.997954793742764
9.27582656655685,1.7870305255269794,-0.02,3.533908120687937,1.455909792129544,0.0277794923785918,2.49076042657349,0.1334680982722322,-0.3330629376827326,0.2948185985551579,-24.00072842091739,0.0,0.3366269233349964,1.723441564245782,0.0,0.0454990466385971,1.519686343698245,0.1156761568583254,-0.3420488909053206,-0.3222367693607111,-24.128530091269035
9.293872921744704,1.6901631772007142,-0.02,3.17095352905058,1.3222614897767293,0.0243125115089114,2.238435963647009,0.1334287738151515,-0.3367931302512852,0.2980629636557453,-24.12676107381174,0.0,0.3630104601373294,1.716604958507738,0.0,0.0406617129449888,1.4525396771629113,0.1156980591702957,-0.3421917166429985,-0.3231192762616659,-24.25002550328913
9.311919276932558,1.724672862344273,-0.02,2.8837101892045145,1.428396514555735,0.0412273893161545,2.3163179083803302,0.1335451112924158,-0.336391377434853,0.2996431472827289,-24.219278870178897,0.0,0.3515739101910341,1.7760703030971474,0.0,0.0507315542297221,1.623204990019299,0.1156319354266368,-0.3357856161718554,-0.3275241244038362,-24.406625072785
9.329965632120413,1.9105766024914577,-0.02,2.617884987526453,1.5611291432289416,0.0380632841183275,2.2714178143910324,0.1336473218870769,-0.3400716436823812,0.3021299886495925,-24.36471842883196,0.0,0.3791645837606336,1.7858787830360567,0.0,0.0514513580297634,1.7161941246000127,0.115557459672345,-0.3408431382339835,-0.3298890050149233,-24.54194732043613
9.348011987308263,1.948368796073572,-0.02,3.1207332731648676,1.6453764238869002,0.0509189376973291,2.427651278706865,0.1336956832646563,-0.3383526080763701,0.3039928064663575,-24.49199537458804,0.0,0.3966275468969892,1.74017196437453,0.0,0.0564035385086864,1.6314364566975674,0.1155878677436254,-0.3416117622010328,-0.3261132978826438,-24.677228527611334
9.36605834249612,1.9508584235705768,-0.02,3.1954901601624144,1.645739184356058,0.0577232616681339,2.529601773928158,0.1338165324567723,-0.3415255529621798,0.3035574963450202,-24.64455492668677,0.0,0.3771824624964712,1.7476269234654156,0.0,0.0550218007609179,1.5296405878884054,0.1156666428317723,-0.3482940783846445,-0.3308154613597663,-24.794709779813747
9.384104697683972,2.0003665807289144,-0.02,3.0990720835625467,1.54965394148767,0.0658396577160881,2.497160053291805,0.1338119271745052,-0.3402851644821201,0.3056269947213128,-24.776769340217854,0.0,0.3948701212955104,1.6442409283056911,0.0,0.0581701445496091,1.507047508221549,0.115568619074026,-0.3544035829526684,-0.3388006708626395,-24.93547321436329
9.402151052871828,2.034514468813625,-0.02,2.9987985863836504,1.636213486048593,0.067217335167891,2.4468399758297172,0.133897870191028,-0.344662579819727,0.3081117245553922,-24.933315370391856,0.0,0.3685020722176094,1.5651506900172405,0.0,0.0799985819336608,1.5272140581304805,0.115600212950601,-0.3443107499440689,-0.3386582786945477,-25.090776248117727
9.42019740805968,2.0431606971399647,-0.02,3.149229418591693,1.902175225361896,0.0638079023103385,2.2266035120837846,0.1339043707972516,-0.3393458391114533,0.3137261142235286,-25.06471477206769,0.0,0.3849897657848101,1.6515719595146818,0.0,0.0793795836680159,1.547061899352408,0.1155965299854274,-0.33629823400447,-0.3365177683630658,-25.21850263249124
9.438243763247534,1.8704872312978336,-0.02,3.133228448050908,2.065649917247088,0.0579313495528091,2.525660090113647,0.1339478176238115,-0.3300479588954684,0.3216085863326124,-25.229396579705064,0.0,0.3855189788901635,1.585472044533388,0.0,0.0777397958144343,1.534579021833047,0.1155910321654929,-0.3422455911160854,-0.3396349522572877,-25.368147314802258
9.456290118435389,2.01249681355094,-0.02,3.49541585771232,2.0398483903798468,0.0556945625933661,2.7084177232387874,0.1339117065671999,-0.3303438352793863,0.3287801398537748,-25.384125688681262,0.0,0.3752280654640587,1.613331538955786,0.0,0.079309248082287,1.5529118058840652,0.1156087779900308,-0.343517652469041,-0.3475859514213107,-25.52602909596009
9.474336473623245,1.9814617387221567,-0.02,3.739333313611493,2.1665189028918523,0.0320448678366638,2.587696863228184,0.1338300259239316,-0.3427546951103487,0.3342969218559194,-25.533965828111697,0.0,0.3745272124407635,1.6265550095956065,0.0,0.0742363416649954,1.5582204658611214,0.1156166303250109,-0.3497602843823408,-0.3499564368866349,-25.68235727165664
9.492382828811095,2.135776394574763,-0.02,4.138086544950793,2.1090710168278783,0.0383332656569562,2.5864305365946456,0.1337575111335546,-0.3433573556726708,0.3335043061095272,-25.682656189564263,0.0,0.3482054269348018,1.6571693711654767,0.0,0.0637181677898331,1.586975307737218,0.115667342956277,-0.3457877844256394,-0.3521419885004317,-25.83846497213649
9.51042918399895,1.963507797695549,-0.02,4.0474387499136,2.106859866577929,0.0229503945143392,2.4583386424868534,0.1336974313235784,-0.343448832101538,0.3380987304687199,-25.850031753991264,0.0,0.3246173514498223,1.6848953644767048,0.0,0.0640242573951082,1.6228434507364546,0.1156271017206003,-0.3393795175493125,-0.3560523257397013,-25.98494466580912
9.528475539186804,2.138130921584296,-0.02,4.1091879207901165,2.1731877379080133,0.0254916306678297,2.3798327563623727,0.133722961037062,-0.3433212015470955,0.3500182220674624,-26.013081508357573,0.0,0.3281373304891039,1.7376462772392278,0.0,0.065985718121247,1.6618648197879775,0.1155156102845598,-0.3356547488437414,-0.3583310755665241,-26.157391527685864
9.546521894374658,2.1711537460432884,-0.02,4.481106779474364,2.2456112506985764,0.0236680571486088,2.3137324770389767,0.1337716905179681,-0.3458070119708159,0.3577593272961796,-26.175289996225725,0.0,0.3292439728126906,1.7758951376069136,0.0,0.0718179381473563,1.7990349226704634,0.1155987063666574,-0.3373333179378502,-0.3620014971719809,-26.33494828021216
9.56456824956251,2.2127088950326708,-0.02,4.596595520838765,2.300978999906565,0.0216993390978573,2.412175189534645,0.1340648866488303,-0.343094176966924,0.3640177011188747,-26.3248145203722,0.0,0.3386173164095292,1.8499710399296507,0.0,0.0540490487281654,1.7770968560760008,0.1154882415177669,-0.3471675616886206,-0.3700499553506683,-26.51679593936047
9.582614604750365,2.3159270358937887,-0.02,4.923865863503752,2.196967332787956,0.0265889649425624,2.5696433657858853,0.1340623927739646,-0.3451222034861644,0.3662477630436934,-26.51188126136475,0.0,0.3309044769801242,1.769883424896226,0.0,0.0436858194233777,1.821266110742502,0.1154093807299902,-0.3555758568972503,-0.3729446028061721,-26.71035897318391
9.60066095993822,2.502599288617708,-0.02,4.70393149942945,1.9468391257262303,0.009214786827134,2.3930244567297025,0.134050814021047,-0.3484158001912014,0.3666116430750905,-26.697792763029764,0.0,0.3411018035754673,1.8124250756400504,0.0,0.0424903284489585,1.8204820281961784,0.11540217461528,-0.3467554233794822,-0.3692156112021467,-26.87355809800264
9.618707315126072,2.349897658185183,-0.02,4.399646943921986,2.118892529369365,0.0192075641023313,2.208128831182512,0.1342100530987703,-0.357752649172778,0.364910720011552,-26.869971832533235,0.0,0.3441173821976659,1.898265687377109,0.0,0.0415058978136377,1.8502894929539255,0.1152791228513231,-0.3483446274548083,-0.3675796050231889,-27.052180549465493
9.636753670313926,2.3865461808383506,-0.02,4.403503689157972,1.94383018698831,0.0241572762659888,2.1772088272126777,0.1342492876215341,-0.3632822593188245,0.3560917719758302,-27.043036393978177,0.0,0.3210580532358827,1.916562569372526,0.0,0.0424218897562078,1.7956719242229549,0.1152668856813363,-0.3445656456812284,-0.3625688858299585,-27.1900207977764
9.65480002550178,2.2708317197664183,-0.02,4.38961588411254,1.84591729335669,0.0107844213156842,2.144097821796858,0.1341609245517288,-0.3711960728607067,0.3512292521400163,-27.179846653968816,0.0,0.3700519705685339,1.907247750548266,0.0,0.0601057815021354,1.7111283254031562,0.1151120530033232,-0.3394271437789763,-0.3524188818293879,-27.35164968820752
9.672846380689634,2.3362414412792125,-0.02,4.214178764168507,1.866454768890179,0.021566502599675,2.0204173765268423,0.134348008446428,-0.3685226533297633,0.3443936868444783,-27.367503167956045,0.0,0.3726804014180717,1.8901808197131431,0.0,0.0506478115443677,1.6580019558570005,0.1152419626755215,-0.3380404118940457,-0.3498884995314251,-27.55961049259924
9.690892735877489,2.388591561112924,-0.02,4.195019168834256,1.89785707039752,0.0142155559034641,1.974079625445478,0.134288574084086,-0.3641362285415433,0.3368912177632607,-27.54139558408407,0.0,0.3679183661057623,1.877069050139472,0.0,0.0375474725939851,1.7522758100448161,0.115330305911304,-0.3383749844120813,-0.3494960301331707,-27.738706614205743
9.70893909106534,2.296522533141016,-0.02,3.960470757295069,2.0598774386484764,0.0099242126694486,2.042561489079044,0.1344234056669517,-0.3594299304952412,0.3297479800159865,-27.744016983775293,0.0,0.3735547437838591,1.818061173241452,0.0,0.0258701469992996,1.6929724113357068,0.1152672863688081,-0.3423502363352715,-0.3512909645451761,-27.91676049379501
9.726985446253195,1.961297798743987,-0.02,3.844182823511016,1.9743111708289685,0.0160218515490945,1.9071695353284877,0.1342414731885091,-0.3611475370069371,0.3199618963413039,-27.95696978042634,0.0,0.385732411786994,1.7876211306652532,0.0,0.0320976385490835,1.6931300508317004,0.1152962831817332,-0.3475208066680535,-0.346517805671961,-28.08787743736943
9.74503180144105,1.9827804555426567,-0.02,3.8928145234955696,1.8973142190684529,0.0186995797571193,2.0117240990693905,0.1342134141152782,-0.3584090862112812,0.3129887733278135,-28.131830047935622,0.0,0.3794606815646423,1.8421756509622431,0.0,0.0482053122188002,1.7773852247986028,0.1153880290290247,-0.3486571941453537,-0.3407856464733765,-28.27924706521821
9.763078156628904,2.038840677600638,-0.02,3.9209939826405686,2.111569093833149,0.0308836867079488,1.969245622347032,0.134238364348795,-0.366533649819646,0.3103872266765496,-28.301893368480982,0.0,0.3478807519830304,1.7780817082060325,0.0,0.0494236872731865,1.7564473494242707,0.1153980459882458,-0.344879222285088,-0.3380265245567134,-28.457068851514737
9.781124511816756,2.20428884094762,-0.02,4.338329294845552,2.070304375103262,0.0138944750596588,2.1006686534903274,0.1342746563091725,-0.3661712278841218,0.3055717941698886,-28.47625178014816,0.0,0.3939294510957341,1.6966411757019833,0.0,0.0493122334160459,1.8438625128084696,0.1155473525579623,-0.3370551337667192,-0.3373555254972128,-28.61175767304691
9.79917086700461,2.230249887503257,-0.02,4.175504758816162,2.034908602871389,0.0397228274921816,2.197317353744189,0.1343185033430378,-0.3601513993421624,0.2983552083802746,-28.671128925871383,0.0,0.4364730539476772,1.6449410809941376,0.0,0.0483043259903941,1.9302046431149136,0.1156170505814979,-0.3339092418684879,-0.3345237306867786,-28.80353314075192
9.817217222192465,2.2549830265388,-0.02,4.106671097310666,2.1630330589806945,0.0567918109971695,2.0559681685610913,0.1343743083181006,-0.3523990265834631,0.2884725684645652,-28.89291095025979,0.0,0.4017789740141211,1.4747077760976517,0.0,0.0328499656823801,1.954677585246962,0.1157246204944111,-0.3383018153944737,-0.3328301448805096,-29.00075062423
9.83526357738032,2.2847921308316024,-0.02,4.06168109864994,2.186094021083314,0.0392101181263728,2.0636869050424136,0.1342732857301218,-0.3495690662119903,0.2811090925845654,-29.076319591034352,0.0,0.4180113907120097,1.516863836405166,0.0,0.0388348419875533,2.085024925745192,0.1156219934510937,-0.3373654317065379,-0.3267459657657175,-29.170857329065623
9.853309932568171,2.277632751528063,-0.02,3.981139690641722,2.109169136753221,0.0428615940109739,2.200921423531954,0.1343788138321659,-0.347402969564052,0.2715686586687008,-29.28551262286411,0.0,0.391242004139564,1.6278579729783431,0.0,0.048780913522605,1.9641353510689787,0.1156150126845188,-0.3452862904098187,-0.3286734585372635,-29.368914300361524
9.871356287756026,2.3010614338135307,-0.02,3.8271650068586,2.078324764138785,0.0402972734617613,2.1549379315311383,0.1343944136583127,-0.3389198514608131,0.2668298197897286,-29.464466167747982,0.0,0.3558787002270396,1.7329896257723592,0.0,0.0611701922693133,1.9691810409338473,0.1155652122736609,-0.3507278238433184,-0.3242189319148506,-29.56366326233045
9.88940264294388,2.558530195210539,-0.02,3.9172395349953306,1.890564232331558,0.0386962968179287,2.251913246519506,0.1345081974417904,-0.32572987579289,0.2671253606289369,-29.632122610344467,0.0,0.3443465332333552,1.6995844642156905,0.0,0.0563474070643842,1.9837984747625848,0.115598825859596,-0.3519782219767138,-0.3166653567106872,-29.75343189168149
9.907448998131734,2.4846972994328387,-0.02,3.7927501153366,1.935530415742229,0.0260789091262928,2.269391942758757,0.1345428040926912,-0.3452198097195536,0.2534871888038443,-29.80200515622836,0.0,0.3655455511838397,1.7243599967148449,0.0,0.0522827867800994,1.9026942448344828,0.1155142823347204,-0.3523866516637525,-0.312401200079017,-29.944311046214665
9.925495353319588,2.388787055043699,-0.02,4.001248007209444,1.9282678778104616,0.0195320802794126,2.232306522022264,0.1345595947036257,-0.3625725497323303,0.2408786055464916,-29.96459296004062,0.0,0.386787964168973,1.765286923305234,0.0,0.0568269279897267,1.9436861134990953,0.115534063460492,-0.3582207884183329,-0.3088078656117863,-30.13211569463157
9.94354170850744,2.3066449026203832,-0.02,3.500429013341879,1.8897084212386648,0.0226146595351683,2.2402514522792347,0.1345907488614289,-0.3639293582252251,0.2429554291671382,-30.141081578876936,0.0,0.3491038815200475,1.8056802162377223,0.0,0.0583816946069807,1.8669065505317233,0.1155457211819571,-0.3524295572980009,-0.3079242502747146,-30.31026338128202
9.961588063695295,2.3693906584019064,-0.02,3.536646773465536,1.8342053808689351,-0.0025146830078474,2.2855535669153486,0.1345748892244442,-0.3609392262606521,0.2370700407627837,-30.323242283683484,0.0,0.3446897439493752,1.8399553990066464,0.0,0.059618088552728,1.6993131780415538,0.1154797998540965,-0.3548184948345199,-0.2975690649815122,-30.504433221240497
9.97963441888315,2.428061197417447,-0.02,3.218596024849924,1.9312278966156669,-0.0156029252482787,2.398588630712514,0.1346243906247248,-0.3572501073570309,0.2278867029010923,-30.5095985790242,0.0,0.3683278020048088,1.956739726000752,0.0,0.0604115130279876,1.6655200078899988,0.1154779173391582,-0.3530732216880941,-0.2809310841502486,-30.715210320288925
9.997680774071002,2.417619810098164,-0.02,3.3418325450640984,1.8961637067032413,-0.0061666117876553,2.431996228510505,0.1346102881925954,-0.3673705214779025,0.2249810912419935,-30.702881590378507,0.0,0.3527428833892135,1.9569408751662456,0.0,0.0621470193438244,1.5916885420688496,0.1154798528836923,-0.3570311880676912,-0.270764773253973,-30.93987734430846
10.015727129258856,2.2602676708460505,-0.02,3.5601483996839582,1.9247499753063475,0.0010727519744311,2.434816329209287,0.1346136572039192,-0.3701820147346368,0.2225900769271826,-30.872455475029035,0.0,0.4225948942041022,1.837283770589664,0.0,0.0632323999280444,1.6938496597295103,0.1154616896811221,-0.3566904856291559,-0.2564257550993671,-31.15278478676132
10.03377348444671,2.0625866635417047,-0.02,3.6724267230515135,1.921762336831004,0.0105895230808675,2.546798799007449,0.1346750330824871,-0.3837740436278933,0.2217040844439521,-31.06708031642204,0.0,0.4318444746062554,1.7399715582482314,0.0,0.0628096677571657,1.6599152254488925,0.1155521025290235,-0.3516961095844602,-0.245690938736162,-31.3315359968156
10.051819839634565,1.952943695251528,-0.02,3.7304907073889857,2.2428552641886905,0.005469549467319,2.403651044229412,0.1346584859675768,-0.3914906031925862,0.2231927384213121,-31.247404669575825,0.0,0.423871033140485,1.7957946994585665,0.0,0.0677422720044453,1.7053658332590065,0.1155450306780347,-0.3443626839996902,-0.2429348808236305,-31.52875060870793
10.069866194822415,1.9988301281732028,-0.02,3.609164601481987,2.159365252656408,0.0203728992330433,2.2081905027873168,0.1346294142240118,-0.3823076910403285,0.2192732848744632,-31.4674048921634,0.0,0.3870539942366127,1.72750317027597,0.0,0.0678330076148982,1.7050256284386016,0.1156340471728228,-0.3324395228416305,-0.2389022912418948,-31.713251379129023
10.087912550010271,2.123334864480689,-0.02,3.6930536118930295,2.04768205114136,0.0319670213893861,2.3773100135008542,0.1346779347716696,-0.3760918693647987,0.2116300963040407,-31.65595160872395,0.0,0.3707245401222923,1.8135003846498257,0.0,0.0614755332525439,1.7354503414298008,0.1156522214266127,-0.3283454931049382,-0.2409515817348021,-31.87915937075704
10.105958905198126,2.18146250701435,-0.02,3.9406786985282447,2.084195190437959,0.0316606514851628,2.399589349648755,0.1345522638239344,-0.3775569842752103,0.2045496457830106,-31.827462158569936,0.0,0.3771972404300636,1.771648192797202,0.0,0.06331785064105,1.7092599788163898,0.1156525689940319,-0.3351660308450319,-0.2419279742956571,-32.059936010730674
10.12400526038598,2.126772951937462,-0.02,4.000683002392299,2.410831469925915,0.0428305913149022,2.3299228687032114,0.1345664750938434,-0.3797927018882202,0.205456699314643,-32.00529024083917,0.0,0.3546457182722412,1.851048098863944,0.0,0.0672901439763311,1.8727268571426796,0.1157060416285262,-0.3482587910797187,-0.245667966843387,-32.2251809171476
10.142051615573832,2.0984283364452927,-0.02,4.012645355347201,2.116431983158596,0.0498407669244745,2.505083529694568,0.1345031013658746,-0.3841952033166316,0.2002741923838847,-32.19641820551984,0.0,0.3516687685816234,1.8188690026944736,0.0,0.0556898305052949,1.9916168430762375,0.1156717165110704,-0.3557472968604536,-0.2449223130209906,-32.41451519121118
10.160097970761688,2.117583042838226,-0.02,3.7771306648115073,2.130835131215091,0.0593430020771766,2.6260185624254246,0.1345618466023322,-0.3824860322438122,0.1927637746795006,-32.42285122922277,0.0,0.3349099320322097,1.69563494428868,0.0,0.0480446053677281,2.0299912698920695,0.1156403312528754,-0.3608242308545972,-0.2440530135540628,-32.62032234864936
10.17814432594954,2.074835371474186,-0.02,3.5806329166283617,2.133528409257062,0.0628650596623893,2.4130157082278805,0.1345837104471709,-0.3834713206981947,0.1935308328977268,-32.62582054991396,0.0,0.3025222863188813,1.694063660210192,0.0,0.0594620011002995,2.019264064519034,0.1157158704182929,-0.3559599044626872,-0.2401978068400729,-32.810450508927346
10.196190681137397,2.460301486880226,-0.02,3.4812369610089124,2.1617706363023834,0.0512025877322282,2.349970048687639,0.1345891174927028,-0.3899988245108978,0.1901666529859453,-32.8123549234353,0.0,0.3234986347070329,1.7158352150395515,0.0,0.0627963745629312,2.0274423961281216,0.1156725606356317,-0.3605636285826953,-0.2356086034336973,-32.99054990469552
10.214237036325247,2.473010899429044,-0.02,3.3905578923892694,2.1383681018831244,0.043433850505892,2.501364574530733,0.1346598736912637,-0.3950648454152799,0.174281466469325,-33.017057434908594,0.0,0.3489530326992536,1.6954974391806463,0.0,0.0486466241150785,1.970506427424712,0.1156487166108981,-0.3655405861692218,-0.2347552723106414,-33.159333528815424
10.232283391513102,2.5104727470724013,-0.02,3.566788237239281,2.2207994740306054,0.0443168655822694,2.5822380276867274,0.1346549334663278,-0.4041474043257803,0.1682495717082041,-33.21930880476912,0.0,0.3591104997117545,1.6819084022471242,0.0,0.0394042359587087,1.9479578926106296,0.1156223286813964,-0.3683468596701782,-0.2365287309316804,-33.35878881332061
10.250329746700956,2.3305965358618392,-0.02,3.4998651011358857,2.271283414940925,0.0332817466202643,2.306890791810903,0.134636694759867,-0.4056082591034596,0.1651797667605976,-33.44776435739825,0.0,0.4039866091337839,1.673772147534602,0.0,0.0521458783836212,1.9220549282663353,0.1155473631196358,-0.3708678284400081,-0.2379848834361807,-33.56559197213131
10.26837610188881,2.224391861989874,-0.02,3.646010051435048,2.3195930717430984,0.0500186601144501,2.2953511296861446,0.1346870477059289,-0.4047109999032504,0.1541832877073704,-33.64449122628349,0.0,0.387607026692591,1.5275516794076713,0.0,0.0530466833040574,1.8919381341303925,0.1155171436489226,-0.3670280291499926,-0.2349895215678067,-33.75748200444342
10.286422457076664,2.2284698597118937,-0.02,3.6583674880088495,2.268600589287092,0.0509852257182364,2.2204246171623736,0.1346712916877942,-0.4073260164133947,0.1466940507893174,-33.82093200409459,0.0,0.3871378780188662,1.3395602359294514,0.0,0.0547156492409878,1.8024781338811664,0.1155512164141624,-0.3743957685262465,-0.2352407273707471,-33.954276492103986
10.304468812264515,2.1547235647581893,-0.02,3.9975637440545815,2.58547769320142,0.0419717751859036,2.220491355791545,0.1346784061193386,-0.3990328556211976,0.1459883791062211,-34.02139521141386,0.0,0.3443329896912416,1.3429211402827592,0.0,0.0717509968800418,1.5376236147515725,0.115512903410401,-0.3764142411592468,-0.2346984266498833,-34.12419120217928
10.322515167452371,2.167352901950592,-0.02,4.200805242428551,2.3579166505091385,0.0404145575240508,2.326703802073533,0.1346592279045073,-0.4046936750689893,0.1453394662813511,-34.17057732851598,0.0,0.3568192541392833,1.3147548859269265,0.0,0.0740144871819737,1.5265395685815413,0.1155515872403806,-0.3724290631257484,-0.2291278499897088,-34.31066993725637
10.340561522640224,2.3419163182189022,-0.02,4.17168563313034,2.3967117321013687,0.0338733594972378,2.5091363780664167,0.1345997186989837,-0.406083928443057,0.143229744933519,-34.38281281538105,0.0,0.3314581889783332,1.341468859820221,0.0,0.0654138468688728,1.4878009212009349,0.115434056947065,-0.3710555433358478,-0.2224231645575307,-34.50723450274187
10.358607877828078,2.2559449730766725,-0.02,4.15901842830408,2.327558718447321,0.0426100931888175,2.3472405249736283,0.1345682639983468,-0.407105854484408,0.1380184000527028,-34.57370140289002,0.0,0.2896604576264824,1.4635342597671268,0.0,0.0624070307250091,1.512136488522539,0.1154417269484391,-0.3662150349903392,-0.2172674469446908,-34.6996683692577
10.376654233015932,2.3908280128570474,-0.02,4.004531047906032,2.278113092706022,0.0443721728681598,2.227814553693417,0.1344910796410243,-0.4066110913802639,0.1353977172602156,-34.76114145234177,0.0,0.3050048760945072,1.42489494995231,0.0,0.060337324383507,1.5243221127404822,0.1154788882882545,-0.3645203262404973,-0.2124424749915125,-34.89506194358641
10.394700588203786,2.434043817453421,-0.02,3.99085771839144,2.2652797987976365,0.03629480393324,2.317201787599194,0.1345139049760619,-0.4057470766569723,0.1343636045257039,-34.90796641289728,0.0,0.3031689204661086,1.405970443794348,0.0,0.0543068405457823,1.5313770011222398,0.1154806942973685,-0.3633911086956503,-0.2116485451716438,-35.05601352121919
10.41274694339164,2.564521500341439,-0.02,3.6078598336830185,2.245008343341087,0.0423693721874665,2.421778968143161,0.1345107900298945,-0.394550613426243,0.1307534175583668,-35.089732954991824,0.0,0.2421094626136274,1.2980270731211452,0.0,0.0481758517339074,1.5687266563327011,0.1154363584797206,-0.3545157068874889,-0.1982920000707942,-35.25964427956854
10.430793298579491,2.642687294796549,-0.02,3.473004143829128,2.4618499181387405,0.0368463232025015,2.4701412043055817,0.1345682692337313,-0.388845774504949,0.1240639496627501,-35.274724780386364,0.0,0.2743953764035653,1.435858635027109,0.0,0.0566263847631317,1.6054087523533205,0.1154130741658099,-0.3577004709496633,-0.1822094407295441,-35.46828130869818
10.448839653767347,2.5199768367332034,-0.02,3.3258784588185235,2.489976315671565,0.0355909938234188,2.533046266728668,0.1345981109943186,-0.3817623799578126,0.1257985396625858,-35.45179633721525,0.0,0.3331361539735233,1.50635676087163,0.0,0.0575259865096973,1.5651409259254805,0.1153563518348961,-0.3435897984463786,-0.1744196867901782,-35.664214442378906
10.466886008955202,2.558463357728453,-0.02,3.2915376692189726,2.348002999859661,0.0474312277425096,2.349689537752499,0.1346788487548156,-0.3796202234952416,0.1247383448833104,-35.60067131982922,0.0,0.3675824042341469,1.499730626610581,0.0,0.0431402116082643,1.6974445001122014,0.1154485418591913,-0.3478954708975994,-0.1683284623786898,-35.856524126718114
10.484932364143054,2.513307530849678,-0.02,3.2886942988648724,2.536450247848661,0.054235857478019,2.251771963438532,0.1346844416449898,-0.3779313207715033,0.1236681884543014,-35.80582081924231,0.0,0.3998045226557257,1.559042131253242,0.0,0.0553709025591645,1.63472796131637,0.1155110300398884,-0.3492151265090278,-0.1648424197821104,-36.03341736258578
10.502978719330908,2.488898368652362,-0.02,3.253546128817904,2.3521727276982247,0.046968518748532,2.155245542210066,0.1348256969436374,-0.3830282826188351,0.1221606858421972,-35.97529330018365,0.0,0.4313213230723077,1.608879214456805,0.0,0.0460563022998402,1.7482537690641446,0.1155019290022807,-0.3520829390842863,-0.1590308319803882,-36.21097364782656
10.521025074518764,2.3657805117690693,-0.02,3.33544955531728,2.348729227874656,0.0517634478263039,2.2376217382489494,0.1348579679977045,-0.384609527116282,0.1226649064216066,-36.14289502635788,0.0,0.4917031689092365,1.555675803950311,0.0,0.0290702630407471,1.759927470184941,0.115479253260599,-0.3545417873142279,-0.1567448887372956,-36.38597155223654
10.539071429706617,2.200948614587377,-0.02,3.363402472734102,2.268864857212788,0.0479854538060613,2.317951106980931,0.1349269521029927,-0.3909054390297557,0.1229517118125067,-36.326116063841,0.0,0.4776883619202111,1.588633569678602,0.0,0.0477508042998282,1.72315795510403,0.1154448766834857,-0.358694103317254,-0.1498433103968615,-36.54383871662614
10.55711778489447,2.0163513519269616,-0.02,3.259729457627385,2.2534794873854738,0.0585865762670142,2.349200573570227,0.1348897923888772,-0.389628534229273,0.1243966954082108,-36.53030164666492,0.0,0.492271038036381,1.5922293559990741,0.0,0.0527753261788045,1.698010125282817,0.1152628318297036,-0.3577290823438068,-0.1458444708114881,-36.734239020797865
10.575164140082324,1.9851164187977992,-0.02,3.669918380543324,2.338178397693996,0.0640014650769984,2.3163904346281936,0.1348671337942209,-0.4004923872517118,0.1248104038718293,-36.71201667133848,0.0,0.5099055345631514,1.575011347769361,0.0,0.0415279606538187,1.7517688699401308,0.1152712327291091,-0.3643360581550287,-0.1442843938598449,-36.94361820456448
10.593210495270178,1.8899270519589249,-0.02,3.7964410007816913,2.170435743467909,0.0517440952239565,2.233663206200504,0.1349275017000434,-0.3992597307283475,0.1197331352011431,-36.92132345443797,0.0,0.4968893180230745,1.5558910992462158,0.0,0.0361235235429446,1.7824836319983115,0.1152464461066556,-0.3636869875216976,-0.1429401611922127,-37.17540468205886
10.611256850458032,1.9703578591317348,-0.02,3.9229946382757226,2.049474748906213,0.0387392715741348,2.238630845772949,0.1349024021570593,-0.4010505696630577,0.1085190044837186,-37.14852804181693,0.0,0.4347834505168098,1.5220771389819918,0.0,0.0364436124917315,1.8199588754580784,0.1152571821528133,-0.3793178056356512,-0.1408385167445481,-37.37335429953642
10.629303205645884,1.8759640655612373,-0.02,3.9588611096869055,2.010734343155104,0.0286935297368338,2.265611045014412,0.1347969208689776,-0.4075005530294499,0.1020713485949803,-37.34945433861354,0.0,0.4148475630591464,1.600035328668999,0.0,0.0387565277949917,1.7768435916646543,0.1152874747078293,-0.380675920672995,-0.1393645511010997,-37.53907804958805
10.64734956083374,1.9647304062367847,-0.02,4.008900447306877,1.9987199811795269,0.0127593153314577,2.250754536900178,0.1348360924675253,-0.4080742761952599,0.0970961424292583,-37.52611515912129,0.0,0.3799357455703059,1.6907476926842382,0.0,0.0362223163227945,1.750282869299179,0.1152654886145532,-0.3781382441002016,-0.1383548413150709,-37.72046793862894
10.665395916021591,1.9474241201822573,-0.02,3.9681180456306087,2.236216780532897,0.033977948587704,2.352520890071547,0.1347474342003392,-0.4059409804557107,0.0984380243076576,-37.71869986744552,0.0,0.3599907186306037,1.6568434994746581,0.0,0.0418765962515397,1.6209241237932457,0.1152939802470689,-0.3675354504713408,-0.1377067867195291,-37.940330377586
10.683442271209447,1.993269657834972,-0.02,3.972659518125146,2.32283255662269,0.0142826658281014,2.501097502554163,0.1347386837653074,-0.3939927531648167,0.1000224613969722,-37.9285111843823,0.0,0.3648331722684254,1.5819904083565117,0.0,0.0604533313477586,1.6932077078032737,0.1152342448461929,-0.3708213248403714,-0.1407131125502529,-38.14293745991919
10.7014886263973,2.06651387431284,-0.02,4.158825632399572,2.3067717356875543,0.0209299498384276,2.4122209383235926,0.1347317732625416,-0.3889404455511701,0.1037861216621846,-38.10770929003801,0.0,0.3772098119991102,1.626138799339798,0.0,0.0489834490435665,1.7000258926977425,0.1152675975072578,-0.3735003804252166,-0.1417315454480327,-38.35511764023518
10.719534981585154,2.095160631618565,-0.02,4.181435948523723,2.2255788741978955,0.025131766833364,2.386802629376209,0.134846101972435,-0.3886574343639482,0.0979683130138779,-38.293553164558574,0.0,0.3825704575281755,1.729048750108649,0.0,0.0638960966197899,1.7831004966348027,0.1154496019140306,-0.3771385729570484,-0.1395143312675384,-38.54922704010432
10.737581336773008,2.115539472526433,-0.02,4.135276763533862,2.2707339235651154,0.0215851261624922,2.39818228393583,0.1348940974536707,-0.3881084111791664,0.0911720738146296,-38.46687990051332,0.0,0.3847958487611848,1.7765899397394778,0.0,0.0740502032801692,1.6602578341531251,0.1154381716879893,-0.3754679002517593,-0.1355917676591613,-38.716349262006624
10.755627691960862,2.236663807785701,-0.02,4.210164351162756,2.068158083158531,0.0323513724074303,2.494187214447692,0.1348356513355531,-0.3976458796377761,0.0795877940114363,-38.653972641185,0.0,0.3548359448308519,1.843163508165394,0.0,0.0738342089734341,1.5908425024716986,0.1154551435063998,-0.3829571709137713,-0.1302433897377977,-38.8715513386638
10.773674047148717,2.222066935825885,-0.02,4.122906779831633,2.0268046996183395,0.0337852429833819,2.6224783073668427,0.1349420252884287,-0.3980363274213706,0.0743664225930393,-38.84903538695438,0.0,0.3745199277465317,1.8497112658325972,0.0,0.0694707187443141,1.5758765615443577,0.1153645116080082,-0.3755411169148224,-0.1333795996935187,-39.08093150814052
10.79172040233657,2.22032974315975,-0.02,3.980263705160398,2.295802657602545,0.0394247077582454,2.601569710798928,0.1349472328928427,-0.400607782751876,0.0707127151550961,-39.039491207188085,0.0,0.4025186355141462,1.8520366532364465,0.0,0.0787238495232357,1.6220898867023186,0.1153521127990747,-0.373492059879176,-0.1397914513748316,-39.29363505044811
10.809766757524423,2.1073924684279897,-0.02,3.9484615521868047,2.1755667462670623,0.0328335155780032,2.619860314541393,0.1348680698488205,-0.4025794702816699,0.0666881766416782,-39.23576502371544,0.0,0.4217134680175466,1.772483750486641,0.0,0.0675142639850827,1.6602319533158754,0.1152834479856111,-0.3755122311580187,-0.1371022257977275,-39.47247736199089
10.827813112712278,2.0253522698282547,-0.02,4.11151832371515,2.067904108407945,0.0319226413814457,2.589795327070051,0.1348671962335779,-0.4032838953135729,0.062952982228226,-39.435555285895184,0.0,0.4256512723180886,1.7111305170985442,0.0,0.074205997503713,1.7029051767265149,0.1152481153222072,-0.3737367301541473,-0.1358937188421913,-39.63221320571444
10.84585946790013,1.8809560927715347,-0.02,4.168569485386699,2.0039839467679705,0.0448173498946002,2.4122849101479407,0.1348780108206031,-0.4211707091448661,0.0556495214337085,-39.62734807212598,0.0,0.4119532388729799,1.7064094077385803,0.0,0.072382332290086,1.700599583185782,0.1152453882289213,-0.3817734959412132,-0.1308083506283649,-39.819271349396224
10.863905823087984,1.9134409359980689,-0.02,4.217809099977597,2.007459216115578,0.0351046313004558,2.59052133740991,0.1348842291228697,-0.4122312305232433,0.0467515813345886,-39.83633144615935,0.0,0.403658317231095,1.6984390113881165,0.0,0.0622503768540373,1.6834301298165286,0.1151092631763898,-0.3842613961173515,-0.1290404111511998,-40.00116915579199
10.88195217827584,2.03972969618872,-0.02,4.3109151008314885,2.144421769464853,0.0178518156604291,2.6009240904786326,0.1348414456880639,-0.4176904397934155,0.0423392624842752,-40.015681404939016,0.0,0.3984168424093637,1.633991947490513,0.0,0.0457715141100637,1.7270791567773311,0.1150008574815168,-0.3805754498858095,-0.1291571734171963,-40.16436495372534
10.899998533463693,1.9140892898281288,-0.02,4.166514522189968,1.964843547417469,0.005219526449721,2.6841442251317424,0.1348641527435693,-0.4184855681124582,0.0378412285410106,-40.19190521991428,0.0,0.3920907327957659,1.6122836019653246,0.0,0.0451256397797102,1.8270058451833588,0.114919986751651,-0.3769313397888637,-0.1328060062776465,-40.35678842778204
10.918044888651544,1.6770585442874846,-0.02,3.9690431278045737,2.155145842566714,-0.0066895204595786,2.54475113046406,0.1348676666754891,-0.4148704612396123,0.0355126532118252,-40.382778519890586,0.0,0.4116160494811806,1.6597243863634643,0.0,0.0420499133386941,1.839202652186636,0.1148537539721914,-0.3774915953698814,-0.1347221411168083,-40.58253685919365
10.9360912438394,1.851852514602344,-0.02,4.120642287038933,2.228969309269885,-0.0069808874792368,2.3908212512442444,0.1348027830516514,-0.4142926540093545,0.0326980652598263,-40.56254675465803,0.0,0.3979336629119659,1.7201989648451017,0.0,0.0439771356324342,1.798235706322452,0.1149161416374833,-0.3903156766799527,-0.135809551612188,-40.78697962136627
10.954137599027254,1.9156591396492373,-0.02,4.254442543622614,2.0503181033208526,0.0083583470507803,2.546337685198063,0.1348315879834237,-0.4083556620110321,0.0296010945288384,-40.73383619380785,0.0,0.4006583088115042,1.6931938497567025,0.0,0.0459936150147819,1.7574012244933854,0.1148533846908269,-0.4083426211010003,-0.13436030805713,-40.98587896686037
10.972183954215108,2.1095970560168853,-0.02,4.177620384378456,2.0931536448847368,0.0161327212736082,2.507755077892921,0.1349378810818172,-0.4081382838192595,0.0303366761103534,-40.94382021765753,0.0,0.3857549004284465,1.7883144002458973,0.0,0.0524711231323675,1.8288410752068816,0.1148353367100636,-0.4190500029791918,-0.1356375336328419,-41.19128298583429
10.99023030940296,2.387881841676707,-0.02,4.116993026984078,2.2417008113699564,-0.002495541944742,2.441709173556357,0.1349866902852144,-0.4220393410442818,0.0302877757166382,-41.10061355284979,0.0,0.3883506603640233,1.7939986117644888,0.0,0.0389616503497271,1.7770402120301412,0.1148056096570902,-0.4363831059666326,-0.1327098463722135,-41.366056313133925
11.008276664590817,2.604334052274572,-0.02,3.8370830200532016,2.290739638497392,-0.0114732015730217,2.5541124396586063,0.1349712602813847,-0.4166149629168585,0.0313895041407196,-41.28441878970694,0.0,0.3650471696840274,1.8273807184973068,0.0,0.0452633357687551,1.7469802072566152,0.1149001450990034,-0.4433246363507503,-0.1330752585400186,-41.54554002015058
11.026323019778667,2.460385691917025,-0.02,3.611710362426829,2.370995839240469,0.0073638092371684,2.4817888205428047,0.1349969873332684,-0.4296698433626769,0.0281756797844145,-41.48058775320681,0.0,0.3503562466074847,1.7290866876423971,0.0,0.069355234668462,1.8042271353151569,0.1150510601492213,-0.4489274681294889,-0.1353601812132801,-41.73906034877929
11.044369374966523,2.2913312538475235,-0.02,3.590957968645437,2.230921266010314,0.0208636368523253,2.420899605026791,0.1350091588794415,-0.4186406756527877,0.0224922623140514,-41.63767050005437,0.0,0.3324326700379296,1.90615774130806,0.0,0.0732842305956132,1.788396747414592,0.1150425113274465,-0.4484977054820637,-0.1370342246993815,-41.93508159204981
11.062415730154376,2.329998614056495,-0.02,3.73809510438376,2.2675924914392893,0.0297812469413053,2.445272685383316,0.1350000334240839,-0.4126504429470518,0.0178394022657141,-41.82337528262937,0.0,0.2862485579345593,1.9446105427243243,0.0,0.0709731150972461,1.6101066523173184,0.1151267684210673,-0.4402984395169701,-0.1353591631182065,-42.091417934005534
11.08046208534223,2.4122459772369087,-0.02,3.863950334621951,2.215381724859548,0.0383139897858607,2.5256396472722606,0.1349443511796191,-0.4117676844538072,0.0177403519128518,-41.9861357704494,0.0,0.2897474798325056,1.8827918736559388,0.0,0.0850084406359729,1.5254970716733844,0.1150872996500899,-0.4383214276267124,-0.1350245128532199,-42.24103320039481
11.098508440530084,2.3455114469505185,-0.02,3.85107057820564,2.0493464565411346,0.0484088210557553,2.501132468010529,0.1349541818427682,-0.3929268776705066,0.0162660679164405,-42.162328032602,0.0,0.3401556901056171,1.7971220610321668,0.0,0.0853920163451525,1.567268380278193,0.1150427306678854,-0.438252394886693,-0.1359234544583618,-42.44062802254078
11.116554795717938,2.0930131627990005,-0.02,3.796455956035477,2.1410352929142986,0.0496743356886919,2.491804896626796,0.1350442267638187,-0.3901631758697623,0.017769130308731,-42.38494753066562,0.0,0.3323508470216117,1.7771545180719406,0.0,0.0756083330339371,1.6699080522177967,0.115107330503086,-0.4350233760399235,-0.142418379589945,-42.66977336464684
11.134601150905793,2.093123436897297,-0.02,3.9041306651899856,2.0776769246158766,0.0389726066911078,2.4621343387125014,0.1349551790744003,-0.3918199085935179,0.0184276549443472,-42.53936898502759,0.0,0.349490357586746,1.7967462598097248,0.0,0.0765424501935776,1.6036045179361542,0.1151629011101318,-0.4360898530947701,-0.1385939037475953,-42.87834330839426
11.152647506093643,1.8046981905765285,-0.02,3.861270648175096,2.038769900638519,0.0470612511073326,2.4901084974907186,0.1349517375088467,-0.3841385244572085,0.0183580219809529,-42.7056754878583,0.0,0.3291199612272928,1.8005801787399343,0.0,0.0752830401366797,1.5705777775154937,0.1152740489869203,-0.4332492367720464,-0.1350944831457099,-43.055359209686415
11.1706938612815,1.6179939210309289,-0.02,4.180949807749125,2.0428486892312985,0.0475653453581259,2.473679333753001,0.1350535903944393,-0.3795621051396694,0.0182350386661007,-42.89350333006632,0.0,0.3496235148602085,1.870279181727616,0.0,0.0757417193450327,1.5962644461610127,0.1152362296072572,-0.4240069620428713,-0.1292916490862027,-43.2374498680567
11.188740216469354,1.637609618764342,-0.02,4.244748658261191,1.972241508909517,0.0500394082532379,2.4314770568812145,0.1350331300585355,-0.369375725436039,0.0190156642099461,-43.06773708561192,0.0,0.356940169368855,1.957044376330624,0.0,0.0714718883275084,1.458060472701466,0.1152074668656783,-0.4228244046199101,-0.1270923050326791,-43.45452593801628
11.206786571657206,1.5699200315307311,-0.02,4.129226219847529,1.950040152356248,0.0421434537342563,2.430708466377907,0.1350128314056234,-0.3660975195576543,0.0189556535150211,-43.26673995159069,0.0,0.3380070216129995,1.9695815297997532,0.0,0.0711853942605967,1.5353912251225799,0.1152704154597548,-0.4246429732274082,-0.1294731361124551,-43.6636956988508
11.22483292684506,1.6536623918563669,-0.02,3.959778462316173,2.104957155068554,0.0528155647949016,2.3773693282163006,0.1350009088099053,-0.3660776058647108,0.0121679073430347,-43.45127047816632,0.0,0.3991722212360655,1.9740714583288288,0.0,0.0662175704828026,1.569163935808665,0.1151917987579274,-0.4300634181197271,-0.118268804917293,-43.85894038861212
11.242879282032916,1.683593053826122,-0.02,3.848702029529104,2.083050835521678,0.045161428664998,2.379381421012714,0.1351023499281831,-0.3558340218053956,0.0059852419388166,-43.64034652052416,0.0,0.3941121713353913,1.8484350846286,0.0,0.0730036161156672,1.6506751330444078,0.1151912252102446,-0.4322206096139459,-0.1040883736508292,-44.05150988146959
11.260925637220767,1.7512804218959257,-0.02,3.7425559503658774,2.142871616551152,0.03479650772409,2.342297956466248,0.1351843274134305,-0.3476450180215013,0.0017562209253655,-43.83273893737376,0.0,0.3573256801045051,1.9479665857302095,0.0,0.0754212508237117,1.6784248971894735,0.1152100895243157,-0.4385353231914656,-0.1013738477488522,-44.19994642793944
11.27897199240862,1.9496288043282888,-0.02,3.7522411097402664,1.999779499814992,0.0236001185645259,2.30988200947342,0.135147033200083,-0.3432972272105059,-0.0087768260388708,-44.00301155780021,0.0,0.3535142852778766,1.8857664471083124,0.0,0.0857226677902006,1.5515407656567686,0.1151985961651404,-0.4379015038058628,-0.0923588398518139,-44.38471075926755
11.297018347596476,1.8247508206721408,-0.02,3.69842310319156,2.2421981535744178,0.0324304987679055,2.2789639475272274,0.1351345201475336,-0.341163966360988,-0.0195756395667505,-44.19310477580763,0.0,0.3340636518767279,1.7945629858659775,0.0,0.0848698070788004,1.626055960396852,0.1151195570855381,-0.4385981166847496,-0.080101835740951,-44.590343739201465
11.31506470278433,1.94956879281856,-0.02,3.644084266907368,1.959488965395613,0.0309560393269613,2.339402060698752,0.1351744471457122,-0.3452864946279497,-0.0424346555769999,-44.39968231434064,0.0,0.3373650382571735,1.8700199752696165,0.0,0.0904962423529245,1.6195244800885404,0.1150274850273491,-0.4357429950556235,-0.0565425844172888,-44.789247946290345
11.333111057972184,2.119200189758583,-0.02,3.631431774286904,1.764110419507963,0.039084077478573,2.401260042160092,0.1351862310701977,-0.3458044487476168,-0.0642156258354456,-44.57946926698507,0.0,0.3375267849630234,1.7250586979563065,0.0,0.0761491596682033,1.5854225234830224,0.1149749475696046,-0.4409489417002382,-0.0376802202701555,-44.97928528146641
11.351157413160037,2.182844886683321,-0.02,3.5489507269880485,1.6865587031226434,0.011218886134184,2.4245840982746785,0.1352748967877126,-0.3379707167310621,-0.074950480972308,-44.74553704260542,0.0,0.3230063770437064,1.6502734690072656,0.0,0.0739018106501069,1.6771523994617168,0.1150279967306653,-0.4539702360570374,-0.0316704269023224,-45.15820905947173
11.36920376834789,2.201895506284795,-0.02,3.833546213720711,1.7476583614567576,0.0170870560784885,2.337217650805431,0.1353177151554742,-0.3365814922485189,-0.0821505869103856,-44.9286260718439,0.0,0.3548576976709376,1.5044565132291294,0.0,0.0662016207208328,1.501647476007937,0.1149684091767449,-0.4547965989685053,-0.0248972913647474,-45.31934264213833
11.387250123535743,2.0843057455266254,-0.02,3.971690200392141,1.6938142954909392,0.0156797528583328,2.204969249860473,0.1353465981880814,-0.3306760249492737,-0.0811095146868874,-45.13508916981904,0.0,0.3105076042044482,1.4280474932603395,0.0,0.0718554959302196,1.5929788841130368,0.1149537033294598,-0.4532334500549521,-0.0212598958774544,-45.48631795515985
11.4052964787236,2.207351235483558,-0.02,3.6516094252651614,1.648961456792355,0.0161682541703262,2.2275783681409407,0.1353787719017131,-0.3285917579334863,-0.0881751025330139,-45.30664925944815,0.0,0.3152027082117692,1.4748391696083083,0.0,0.046618466174453,1.6999619420181171,0.1149704896206799,-0.4601718215267063,-0.0194795777918111,-45.67288170264837
11.423342833911452,2.081951455189882,-0.02,3.4901222198143285,1.7154363942032709,0.0284105807954064,1.9376041205665624,0.1352606017632359,-0.3479450439867912,-0.0922096323044964,-45.47508585472537,0.0,0.3204794205689116,1.3835900559135743,0.0,0.0356408195721504,1.7773079308332254,0.1149335139559673,-0.4516023213466609,-0.015644576270461,-45.84467831031851
11.441389189099306,2.1151790391382304,-0.02,3.467252822156824,1.6901946142523607,0.0274101081179801,1.8619848327383968,0.1352588211193886,-0.3456034414428928,-0.0994563444340247,-45.61827128941417,0.0,0.3384490077564053,1.4454370170280333,0.0,0.0306504409350666,1.8703579983946048,0.1148663668881183,-0.4568088484424651,-0.016128423638426,-45.99612109916082
11.45943554428716,2.203527868107413,-0.02,3.50723676266732,1.6365427530352972,0.0281126165258614,2.014359306959723,0.1353592784529479,-0.3494257922394967,-0.1151941550168645,-45.75897782752412,0.0,0.3599463544611222,1.4640451115265345,0.0,0.0155315518817092,1.7570211058720488,0.1149237265891438,-0.457988175355109,-0.0049826281990725,-46.172929816502375
11.477481899475016,2.2178194368974804,-0.02,3.551266714827424,1.8613401630684792,0.0244992735273838,1.9082606647416336,0.1352916670007901,-0.3495102002814082,-0.1372943878564614,-45.92229483616515,0.0,0.3858508037949261,1.4724044781394487,0.0,0.0415317972981264,1.89014895187672,0.1149054622782028,-0.4700227768955881,0.0120804201605376,-46.38650180602522
11.495528254662869,2.0769003894778777,-0.02,3.6527808186477366,1.9553450869615112,0.0128520500149483,1.8558606597219895,0.1353067106229369,-0.3479770292058164,-0.1443909102222375,-46.09889458385903,0.0,0.3801900448996436,1.4987709820447257,0.0,0.0410299438455318,1.8521806796875009,0.1150029079985581,-0.4736444452241378,0.0203380420445645,-46.56839053484505
11.51357460985072,2.029986176190809,-0.02,3.8492955343894346,2.0990404623040217,0.0258846719765092,1.9266574531602136,0.1353154088006949,-0.3426442952996658,-0.1502482306253938,-46.26889450260144,0.0,0.4043524612505346,1.4806273246222055,0.0,0.0338714393196381,1.8985599836725409,0.1149874336406613,-0.482480269548017,0.0315341315451674,-46.70945703255473
11.531620965038575,2.1970219437054617,-0.02,3.34790797210866,2.169032450223679,0.0161100258271113,1.995073884764756,0.1352971602775215,-0.3416616701798215,-0.1629811859511462,-46.42166572809168,0.0,0.4168319297277174,1.4936068014661987,0.0,0.0208370212630891,2.033738732699625,0.1149723186374945,-0.4899792360561645,0.0446884261448444,-46.862797233246624
11.54966732022643,2.391407837750846,-0.02,3.2411999287737814,2.2053225275417203,0.0243588475104816,2.212683602917804,0.1353026160348699,-0.3440817928722762,-0.1736886913826145,-46.536193893306674,0.0,0.4239120370090429,1.4945219245821264,0.0,0.0170986130313888,2.107005445856791,0.1149849360654999,-0.4989224780603218,0.0538482992874304,-47.012381190714656
11.567713675414282,2.2322955366967543,-0.02,3.504704040638019,2.223656677806501,0.0433701390501629,2.241005600246132,0.1351972706993418,-0.3483755309513652,-0.1797733910750641,-46.688643433922486,0.0,0.3858615511409151,1.5127453630901624,0.0,0.0375793222971108,2.022524930684763,0.1149749039104668,-0.5027671139064779,0.0589025101008291,-47.15462006042193
11.585760030602136,2.227620469318428,-0.02,3.619410230119888,2.3012175280649902,0.0407694509002219,2.5350422749631383,0.1352525061866489,-0.3430900684412289,-0.1840312962531805,-46.8488118045884,0.0,0.3648077205820983,1.6766762462160478,0.0,0.0387247721121442,1.907294394425873,0.1149950634579592,-0.5049266553371019,0.0662555833317,-47.31202318471356
11.60380638578999,2.217251865843748,-0.02,3.7388815343760538,2.4607218196752987,0.0387877163019204,2.4164703575129254,0.1352651100701244,-0.3455529188887959,-0.1837603825109987,-47.01129380538556,0.0,0.3932425317009784,1.7385154957835924,0.0,0.0499599797748857,1.8969592970689313,0.1149591678112629,-0.5072256944883766,0.0715328724805397,-47.46763441022842
11.621852740977843,2.133614608326081,-0.02,3.755424086799073,2.5282187378961107,0.0512045643451296,2.3347656286438,0.1352242838073976,-0.3351058140802637,-0.1847175065321242,-47.163313768503215,0.0,0.3397213683260865,1.6193807858338147,0.0,0.0531925738160806,1.968588373117444,0.1150324340488454,-0.5182348491287869,0.0732260548175188,-47.60281711469146
11.639899096165696,2.065466654821119,-0.02,3.823004455079504,2.5657349450261604,0.0380023254508775,2.3981972289870024,0.1352559056698553,-0.3288626552256793,-0.1937854299170258,-47.30976301509208,0.0,0.3424461815950685,1.6171877583640144,0.0,0.0438504219504161,1.8604914260658567,0.1149996874979429,-0.5194687976621439,0.0768806147090242,-47.73348017102617
11.657945451353552,2.2088421361720005,-0.02,3.667928990765936,2.6321203380777924,0.058297713011173,2.589374330540942,0.1352206036084903,-0.3256204602220084,-0.2071276176874678,-47.413308244904094,0.0,0.2888775169016756,1.597284480414199,0.0,0.0546230526700469,1.9333275282204392,0.1148869711059921,-0.5236483918574075,0.0851870186891881,-47.8709958713056
11.675991806541406,2.2914540228287845,-0.02,3.409202199143371,2.5198039713262688,0.0733735515773021,2.4112342554318382,0.1351547330718526,-0.3327040934713727,-0.2204721721081371,-47.54770485508131,0.0,0.3008555040284688,1.7629798667953815,0.0,0.0489984387230755,1.871869348252208,0.1147735738126426,-0.5205060054721168,0.0948516828764341,-48.02806561292128
11.694038161729258,2.28722137957391,-0.02,3.749047306855056,2.472182169544547,0.0854232468682134,2.426271388883265,0.1351965679444644,-0.3244952869648439,-0.2326554066510502,-47.67742087130661,0.0,0.2909494999749539,1.714988138173798,0.0,0.071240582927141,1.8539742629413616,0.1147957704785644,-0.5211708272499375,0.1050039257360074,-48.17707470325681
11.712084516917113,2.2547024179819086,-0.02,3.639456668871144,2.3987662773344294,0.0779350632820566,2.3033350227343954,0.1352140164212263,-0.3043450712645035,-0.2435364342908964,-47.81168769810851,0.0,0.3030666532068594,1.7336688109673668,0.0,0.0750055046876305,1.8402647064898592,0.1147401551304439,-0.5334983911736302,0.1044967967455863,-48.308226086495885
11.730130872104969,2.301761919822061,-0.02,3.577352771782728,2.4232785348408044,0.0517075462593849,2.1034500954100954,0.1352800557621811,-0.3011220496716859,-0.2488693940520147,-47.96631223962213,0.0,0.3158740741310762,1.8046125601794127,0.0,0.0528450935667198,1.9298981707175304,0.1147443495102475,-0.5349467584690059,0.109274469270178,-48.439465777355935
11.74817722729282,2.3448367238695744,-0.02,3.505417230106312,2.432735047711301,0.0593485624580961,2.152996060532703,0.1352683101245507,-0.2850851716703228,-0.2511117985498599,-48.09785514477208,0.0,0.3280584555728607,1.7652841771548422,0.0,0.0459173495204024,2.0802050882850818,0.1148296496417349,-0.5359640257100184,0.1279046332633446,-48.55576443409876
11.766223582480674,2.2242986841536445,-0.02,3.4769379841101284,2.310677468961562,0.0813841155052635,2.334550051378766,0.1352726769137769,-0.2753004004037935,-0.259413403769279,-48.21601499536949,0.0,0.2239601725234849,1.6978770037349848,0.0,0.0337402326261341,2.0186046753302542,0.1147860730983198,-0.5332584812936149,0.1371732333635319,-48.66884428310705
11.784269937668528,2.2224767648083965,-0.02,3.486513166497583,2.115242081414455,0.0547891140961353,2.501347321862337,0.135302187323762,-0.2768377998995419,-0.2672328822071062,-48.3277184095229,0.0,0.2784562995087702,1.7633183760275488,0.0,0.0467762765693378,2.016626574615757,0.1146711006140659,-0.5285906776813416,0.1437231879696178,-48.775284542674974
11.802316292856382,2.232780857144766,-0.02,3.4154723706889034,2.1190709736907656,0.0653521546757036,2.609859284235862,0.1353210996386711,-0.2756337988376227,-0.2721235273294911,-48.42143058952912,0.0,0.2834496716510292,1.7374459576489543,0.0,0.0506062026818599,2.0638366819737057,0.1146998368940423,-0.5263077033899374,0.1506366393533896,-48.90181315563779
11.820362648044236,2.1850765047888108,-0.02,3.586681426993046,2.081866914226438,0.0570606859306276,2.6254373849322667,0.1353984421370597,-0.2647888456137116,-0.2756701070811366,-48.54314545439525,0.0,0.3235637084653337,1.6973014735069392,0.0,0.0441547324888448,2.003942862727236,0.1147896223093214,-0.5228835228112464,0.1516743690161534,-49.03571688309796
11.838409003232089,2.203827629352721,-0.02,3.792285438348378,2.201071628900156,0.0438262179716373,2.686939259693117,0.13540021002662,-0.2530100484839728,-0.2785059763129021,-48.663177730040246,0.0,0.2936747391801675,1.5497785156767694,0.0,0.0580539123194877,1.973478393238734,0.1148661791212009,-0.5169120894919068,0.1588810456213194,-49.16007129727876
11.856455358419945,2.09204012180658,-0.02,3.633203453869553,2.236965198356039,0.0373837439562688,2.7426570505906227,0.1354569171394652,-0.2538314932748269,-0.2807432421768788,-48.77452513032429,0.0,0.2798721093120472,1.5407563106879578,0.0,0.0560463921928472,1.8989372326621736,0.1147852245706961,-0.5115154796901709,0.1647271300014338,-49.254148544738975
11.874501713607795,2.152359907404019,-0.02,3.874167634042837,2.174711519045524,0.0256134877301717,2.658506967201722,0.1354951197179326,-0.2592066758392913,-0.2835698295079329,-48.87134229822773,0.0,0.2599521478452932,1.567802078658948,0.0,0.050055564761673,1.991608013155116,0.1148535675556743,-0.5062957877968054,0.1696937507187951,-49.34218548018981
11.892548068795652,2.2765962925537355,-0.02,3.951398655019076,2.0786430564745766,0.0361764066213503,2.8928496869204476,0.1353894562560864,-0.2510533366335326,-0.292013750225453,-48.96160832208146,0.0,0.2775025285932852,1.4103803624636215,0.0,0.0551434150096319,2.108356996159024,0.1149141852131901,-0.5240854338804328,0.1721319241522857,-49.440225306146175
11.910594423983504,2.276134778321297,-0.02,4.025713618502868,1.895602649623204,0.0205980476042779,2.818657093432003,0.1354230579404322,-0.2575541210287799,-0.3019598975466607,-49.04880726516308,0.0,0.2993399993285551,1.3324608187901277,0.0,0.081764064499489,2.0534391880909726,0.114828814268684,-0.5421128052204851,0.1710361586365417,-49.543312954862536
11.928640779171358,2.3845808867456166,-0.02,3.848435955472072,1.8338681161347463,0.0106310872496845,2.679103530321667,0.1354415218613835,-0.2598945191084089,-0.3125129120988101,-49.14216969954584,0.0,0.3437309956014182,1.4068350576562283,0.0,0.0972067607694921,2.040669957930505,0.1148743414593518,-0.5470766216416276,0.173515046510568,-49.65259730195346
11.946687134359212,2.3791972701148665,-0.02,3.7508819673671545,2.04011651184434,0.0255145408098946,2.475853759930241,0.1354859333874186,-0.2597130123851021,-0.3134106959876657,-49.2565052201569,0.0,0.3180002609077467,1.545958153091738,0.0,0.0906814116628578,2.14410010936729,0.1148523506765138,-0.5480042851638915,0.1763781080102057,-49.77708485455232
11.964733489547069,2.335021979497567,-0.02,3.718745273768133,1.9869321256328984,0.0289126732402792,2.478947447765812,0.1354471275860871,-0.262356141149264,-0.3147951980960238,-49.380888761081984,0.0,0.3139911937846776,1.5439552560577037,0.0,0.0841044468136225,2.1722205343413306,0.114861493264158,-0.5495477570725497,0.1785365078770383,-49.8810339446677
11.98277984473492,2.348762536806064,-0.02,3.745454112354365,2.024506352406591,0.0309493142657537,2.2415005172307114,0.1354803717301418,-0.2670227266495232,-0.3221714991991505,-49.48066533800576,0.0,0.3231128746661158,1.5902124556429733,0.0,0.0777760903471493,2.176186080246225,0.114872953374655,-0.5478378827015804,0.1895582083228111,-49.96718166220575
12.000826199922772,2.187174730650114,-0.02,3.911191757607242,2.017522535579414,0.0346112672695715,2.534667686948341,0.1355257406762583,-0.2724372234975334,-0.3331789562093612,-49.54420754261526,0.0,0.3568475379953199,1.6231076776027005,0.0,0.0712779959410703,2.150774745214107,0.1148376870814216,-0.5474702014844481,0.2060489633916642,-50.04958574163261
12.018872555110628,2.123521042193513,-0.02,4.099963170491628,1.968844460630464,0.0395033162957737,2.502089788336241,0.1355317862097631,-0.2687717363581077,-0.3442395401846754,-49.6241727869395,0.0,0.3753460589807423,1.6088552708876191,0.0,0.064719103376132,2.069545949817976,0.1148161331995758,-0.549511360691974,0.2275354321715225,-50.14494800277961
12.036918910298482,1.958242660106017,-0.02,4.127233498176128,1.9981070001277408,0.0517519351438506,2.7553184837869664,0.1355285499490227,-0.2599489748193099,-0.3526681842434301,-49.74519924180355,0.0,0.3802235435365529,1.6132820221939086,0.0,0.0709257361764474,1.923974626520092,0.1147274027486323,-0.5514392426619431,0.2299611321038346,-50.24922181145888
12.054965265486334,1.869915816969784,-0.02,4.113169061077312,2.0031177668776765,0.0380660867983341,2.625770880159362,0.1356103402033217,-0.2492181524520472,-0.3572479734279412,-49.81745279837043,0.0,0.3974994437638063,1.7622062070395803,0.0,0.0777044476543523,1.8254823208904136,0.1145973089437435,-0.545543212336126,0.229756865830729,-50.33293370576708
12.073011620674189,1.979744203374395,-0.02,4.136040183310951,2.0520245357690725,0.0436425391462977,2.7741294571293817,0.1356132455281136,-0.2458483781794329,-0.3615808183126435,-49.91225970709224,0.0,0.3823007506545258,1.8094185363408832,0.0,0.0596687362223012,1.7191545693089616,0.1146025289872917,-0.547161485586584,0.2283292372546143,-50.41340040639323
12.091057975862045,2.094118556456229,-0.02,4.273138574263968,2.1379790244998578,0.0496008205745184,3.001072858425662,0.1356916758438074,-0.2558844819183306,-0.3661831936605247,-50.00584790746278,0.0,0.3930524595158751,1.6791227235502975,0.0,0.0604201195736993,1.7170022668920175,0.1146058442604631,-0.5416567641182584,0.2303746721731841,-50.488261902727416
12.109104331049895,2.087446342748696,-0.02,4.122431946216445,1.914258072607514,0.0522714139966966,3.0488927322309216,0.1356910310353357,-0.2609259730128045,-0.3702042730847439,-50.073339261389606,0.0,0.4274673200696087,1.6702366555920831,0.0,0.0707587320111361,1.6397695644866763,0.1146352843726035,-0.5366856056054419,0.2399588587274075,-50.55656455820286
12.12715068623775,2.070330741194515,-0.02,4.011107946544739,1.8674599547022035,0.0467824647451964,2.9307804889646847,0.1357975553624432,-0.274083037174875,-0.3754780624865714,-50.11501147766961,0.0,0.4367387663692057,1.724558382013085,0.0,0.0726224936330545,1.6739076133990285,0.1146945602007341,-0.5375095425427479,0.2358924200536626,-50.62003599090505
12.145197041425604,2.0976925442600245,-0.02,3.814561376678312,1.7705910478580915,0.0386968803213441,2.958909735762643,0.1356943129835109,-0.2845047925795297,-0.3773030503373119,-50.19881613735826,0.0,0.4369042337918498,1.7434014101026356,0.0,0.0763362214411329,1.6558843085465942,0.1146982432198722,-0.5456306078564369,0.2330146523993447,-50.694694160252304
12.163243396613458,2.2689813806292207,-0.02,3.6816668591285775,1.685695237696733,0.045405970375965,2.689070776091969,0.135693522885544,-0.2883207973848009,-0.3708878187770486,-50.29067164604538,0.0,0.3910595306619945,1.7913871413421083,0.0,0.0770422164991324,1.7389663728361466,0.1146733152019298,-0.544777993800888,0.2396140885596927,-50.794808384181295
12.181289751801312,2.288059930284441,-0.02,3.66603389100078,1.6885901934265997,0.0377086750344665,2.7482071262578978,0.1358620074268135,-0.2847602852949336,-0.3742092126306633,-50.367739949990536,0.0,0.4086173225142417,1.8318363831106983,0.0,0.0846980061260001,1.872054746019792,0.1147413685113645,-0.5426469618432969,0.2471601168746762,-38.830401839173085
12.199336106989165,2.2728721616104672,-0.02,3.6983794815404254,1.5491622056249903,0.015148804883464,2.632474384865067,0.1358829357962734,-0.271760638118302,-0.3790921136547676,-50.40854262674223,0.0,0.4282200996108487,1.8578458632911936,0.0,0.0768440285474333,1.943486659497232,0.1148228278239925,-0.5430619921239357,0.248959422657695,-14.918732183918843
12.21738246217702,2.304832868539956,-0.02,3.859746393116088,1.6775258196057856,0.0371899688289906,2.5747705935637457,0.1359057547750276,-0.2708949968911797,-0.3794748695211748,-50.47614020433719,0.0,0.384414271034288,1.8966031120428024,0.0,0.0808136674705758,1.906965279287678,0.1148931212316082,-0.5558104617502375,0.2432120844898077,-11.133995579748287
12.235428817364872,2.15960740863774,-0.02,3.8473525087662375,1.6981528145852605,0.0477844141397436,2.469564772265344,0.1359375828944395,-0.2751894382462067,-0.3817097376186036,-50.53235215405678,0.0,0.3983934083672202,1.837716663767208,0.0,0.0865385987832318,1.9764766641370004,0.1149161145985025,-0.5561767990156822,0.242370376219389,-5.477966527506403
12.253475172552728,1.8659258110108712,-0.02,3.8903532839732033,1.777680291172795,0.0368092669167461,2.2331338107113825,0.1358195614447474,-0.2788347360254303,-0.3857289552657483,-50.57435043580647,0.0,0.4109748838227451,1.8798153335699888,0.0,0.0726893964733597,2.0770292341448338,0.1149507864846451,-0.5495975764335166,0.2446207602383363,-6.249934768262873
12.27152152774058,1.8942390017500568,-0.02,4.410624912530516,1.937514341871585,0.0364332566491134,2.3392637325398886,0.1359263612458068,-0.2782777473201804,-0.3860916443280374,-50.61764009002261,0.0,0.4068319593815161,1.7629589229805689,0.0,0.0608183823480798,2.2591230158057107,0.1149505715330248,-0.5520906920493582,0.2439462842125382,-10.501352711247844
12.289567882928434,1.9932560461130404,-0.02,4.608791733168048,2.0488665891146622,0.0185772249347122,2.2825992223143343,0.1358673032873331,-0.2754520049536796,-0.3834617299095013,-50.66405296798072,0.0,0.3537444037314418,1.7240978570029057,0.0,0.0563808173185902,2.205184822726536,0.1147783212464432,-0.5522043434319684,0.2481631674699288,-13.558466878388318
12.307614238116289,1.8733053020960413,-0.02,4.5076971288152,2.003062117102921,0.0389665097919523,2.267378699446988,0.1359022926850491,-0.2763276695389757,-0.3679286594844608,-50.7024152955188,0.0,0.3565097973225948,1.7876150488396545,0.0,0.0605674312657723,2.2203806364833136,0.1148104994369458,-0.5521027547002805,0.2487687600322543,-16.283122321224003
12.325660593304145,1.8334691387775184,-0.02,4.519972508664752,2.047287239537509,0.0378943333755736,2.4082625492055327,0.1359264375428859,-0.2737071980921613,-0.3555190663063403,-50.75664338987643,0.0,0.3691243788848116,1.757754350688255,0.0,0.0601767544569398,2.2711761029524964,0.1147624252725537,-0.5670953952526221,0.2450792519210574,-13.246650472946612
12.343706948491995,2.103667254380756,-0.02,4.506371896818415,2.03738485217744,0.0438677841937648,2.402570521623374,0.1357789882844653,-0.2782945557603127,-0.3471777913431955,-50.79110535762944,0.0,0.3351010520980647,1.8129520316455192,0.0,0.0659131870602474,2.143136148621932,0.114690125226943,-0.5759459911169729,0.2403804782931569,-13.254052012762788
12.36175330367985,2.106977343117334,-0.02,4.282175819631673,2.2487927106867724,0.0635078937516216,2.453271260281585,0.1357818091059981,-0.2894172468275177,-0.3440002403799014,-50.82618256781241,0.0,0.3443043576953023,1.6825831191609255,0.0,0.0796767168263605,2.10733125389024,0.1146140540365709,-0.5722365078111773,0.2288527451028104,-16.074195909311264
12.379799658867704,2.124627662066682,-0.02,4.131727825070924,2.206143407909667,0.0603578808122102,2.6225441236944316,0.1357594867978761,-0.2819888349530001,-0.3397038476921935,-50.85960730136616,0.0,0.3847849857512744,1.614236663195107,0.0,0.0868662954960272,2.046221001202336,0.1146189581493491,-0.5658917619962991,0.2185127216915041,-17.56954386004913
12.397846014055558,2.028843435922292,-0.02,4.221089280761492,2.208375324362396,0.0646294194480465,2.7064361617484134,0.1357321747666137,-0.276625947825753,-0.3301407245615455,-50.88726536303925,0.0,0.3568362091426357,1.5502128471038068,0.0,0.0665282903219727,1.9172895558655831,0.1145543089369897,-0.5590045517985618,0.2151279240614719,-20.42911894895159
12.41589236924341,2.2706601650602587,-0.02,4.057450365479012,2.1485212291268483,0.0649208839773236,2.708168625087547,0.1357136610540853,-0.2748995237907974,-0.3186037225054068,-50.93149933998741,0.0,0.3159794603997115,1.6763213835851103,0.0,0.0899085433765568,1.9243087872798368,0.1145562239477364,-0.5612589280241073,0.213611314329659,-22.547493220453475
12.433938724431265,2.252829624730206,-0.02,3.886748725235768,2.040996821977076,0.0659795648444435,2.552746676167104,0.1356341272390122,-0.2695627002811301,-0.3107747953316017,-50.98550264571585,0.0,0.2869687260982383,1.678613221639521,0.0,0.0921552316110424,1.8265151692843529,0.1144807669866494,-0.5577077058341187,0.2161885702380596,-20.17763502372074
12.45198507961912,2.201703006414026,-0.02,3.82741507293888,1.9828352078881872,0.0923858371792452,2.6070836827287676,0.1357112896964293,-0.2610742272301196,-0.3012787762457843,-51.0228988938359,0.0,0.3380993654291235,1.6042007792710737,0.0,0.0946959749951644,1.88476394202812,0.1144794620449998,-0.5603992222742527,0.210632496363772,-18.16236337658278
12.470031434806971,2.369508480006124,-0.02,3.8498833872025697,2.182175433847516,0.0879644387219144,2.819451585368079,0.1357362287415376,-0.2585568087360513,-0.2889428424478504,-51.079223125369126,0.0,0.3580547940102979,1.6247689047726308,0.0,0.0977710873175682,1.856187249652288,0.1143870973583684,-0.5602053297831041,0.2013812274671078,-23.00363090047631
12.488077789994826,2.3695218558186726,-0.02,3.6446879107659953,2.169413795635553,0.085750542970175,2.653244423538846,0.1357154734316796,-0.2525745963483028,-0.2859662614830511,-51.12530254971615,0.0,0.3956355342488943,1.5148372977460778,0.0,0.1058060567104376,1.7910865657756625,0.1144323148018497,-0.5556581789967449,0.1894391950056267,-23.60200091717228
12.50612414518268,2.125068948313954,-0.02,3.7112114654474246,2.223599172341653,0.0846037662401569,2.4972669189291254,0.1357183037563283,-0.2448977008769459,-0.2858134092972435,-51.17556207082932,0.0,0.4218061424840302,1.3840882645379138,0.0,0.0895295628678684,1.7572539067508302,0.1144394382475169,-0.5528551272369178,0.1822645624827156,-24.42515810583354
12.524170500370534,2.13772203154814,-0.02,3.74932048667701,2.213858570243395,0.0622993308935253,2.442591337410325,0.1357040866290544,-0.2214999295887548,-0.2869756963953519,-51.25004627877677,0.0,0.4186086252028403,1.511655300147608,0.0,0.0862852524363235,1.7153418380148968,0.1144042403450565,-0.5524468677684191,0.1771766760832213,-22.317605970810547
12.542216855558388,2.1210286660963096,-0.02,3.835333125111516,2.1659611617834367,0.0410845823702064,2.2878057127744658,0.1356143095344588,-0.2235432266084522,-0.2891245754725813,-51.30091613683815,0.0,0.3855406921491784,1.480077133915076,0.0,0.0670142921796062,1.6667292400819769,0.1143888024190006,-0.5501017194209195,0.1667092169568483,-21.153681158124822
12.56026321074624,2.2352358769639338,-0.02,3.6877265155937895,2.293583900595696,0.0272743232822406,2.2098343334226263,0.135561596423827,-0.2170051140091677,-0.2884305339797303,-51.3515582457108,0.0,0.3931261429129666,1.588026250841101,0.0,0.0983655399517411,1.7652044330869103,0.114484060021513,-0.546753029658474,0.1610784040437827,-24.746258011509155
12.578309565934097,2.122702289330068,-0.02,3.7145477134367626,2.220099578263939,0.0039032935705455,2.2835974477969825,0.135654993677592,-0.2149812198581462,-0.2893473353027563,-51.39836076680785,0.0,0.4409460530531642,1.3575359495206094,0.0,0.0906829048360214,1.7035549480782075,0.1145060218781679,-0.5390446256135832,0.1605243777225801,-25.31908770354535
12.59635592112195,1.997670242921924,-0.02,3.43568581800588,2.1497354082609577,-0.0149944332936837,2.1592635812177785,0.1356512670899289,-0.2238281856618932,-0.2865635820618595,-51.44280510647319,0.0,0.4451295431288405,1.385686643198774,0.0,0.0824470656557756,1.597758949094114,0.1145714889457205,-0.541397898951621,0.1584691289271645,-22.547911031570475
12.614402276309804,1.9153823037905464,-0.02,3.513347746363664,1.99985082082262,-0.0141868770924915,2.0318140179019464,0.1356113259485709,-0.2334810188426639,-0.2812889451562795,-51.50126025288184,0.0,0.448354332758434,1.3586006950333342,0.0,0.0918083752795741,1.5745532527258392,0.1145981930508875,-0.5380608285478566,0.1563101920157268,-20.88843554874649
12.632448631497656,1.924726401969408,-0.02,3.619286816468183,1.7822335696974507,-0.0197206011962485,2.0180292355204177,0.1355973130282157,-0.2356392074025486,-0.2807858696972223,-51.536260483579305,0.0,0.4219094836956678,1.3115324638197738,0.0,0.0986428862243171,1.689673775284655,0.1146250903756337,-0.5399559597792489,0.15519452319124,-13.277570517967613
12.65049498668551,1.857926064142296,-0.02,3.933510808929934,1.6561253128632103,-0.02,2.220471468733462,0.1355631343870423,-0.2278082648981278,-0.2788094333606598,-51.5957412847344,0.0,0.3648600981041525,1.3529829982101635,0.0,0.0932322085683522,1.6528656597333269,0.114726834417357,-0.5355434758224945,0.1555786156671041,-15.1996797914796
12.668541341873365,1.9347545301960285,-0.02,3.72760712415708,1.6493558009411051,-0.02,2.259745307382053,0.1355930099251613,-0.2234287189660239,-0.2713122891911071,-51.63731881117358,0.0,0.3293937723785011,1.4301370708169203,0.0,0.1076148420407171,1.713721742214103,0.1147151690355397,-0.5349281729503668,0.1488357106199872,-13.294194758438154
12.68658769706122,2.047298210092463,-0.02,3.839006468925101,1.5991339753546547,-0.0195873156245372,2.278582924305897,0.1356454075300356,-0.2208419452357314,-0.2646830764269532,-51.66409853347745,0.0,0.3405536381288014,1.363621366821744,0.0,0.1090189048226742,1.8826800223955165,0.1147294857219249,-0.5323167585304708,0.1465576046627175,-13.366639152984456
12.704634052249071,2.0695012093610403,-0.02,3.851175230209894,1.6026463569039704,0.0115106218208129,2.3381453230513785,0.1357674842414888,-0.2299024931531872,-0.2575333347448837,-51.71418440753842,0.0,0.3660355632375811,1.3640059718196005,0.0,0.1139519146091643,1.87915230007719,0.1147930138165183,-0.5338111449219073,0.1495591395728292,-11.825386350776604
12.722680407436926,2.0357898220911035,-0.02,3.804451095136917,1.5379359581717886,0.0012769133777668,2.3181303553049295,0.135858889506716,-0.2400098903298454,-0.2561633609577879,-51.76802834860242,0.0,0.3937126764667139,1.3167212425238717,0.0,0.0962337511928254,1.9373157941357828,0.1147242208467755,-0.5361474738273155,0.1497335595488877,-9.217775324188752
12.74072676262478,2.0514343498850707,-0.02,3.9422080440240688,1.5166365822050016,0.0222842683144748,2.2712166762722994,0.1358215015886434,-0.2361317330210749,-0.2543195470770732,-51.80286591153897,0.0,0.3875449630239495,1.5065767672359989,0.0,0.0889481911751803,1.8578510591500177,0.1146717233259669,-0.5343068836137664,0.1504965187501956,-11.797891842962528
12.758773117812632,2.136712163667476,-0.02,4.069976339547684,1.6185439547001597,0.0346876831604443,2.30385995770731,0.1358814299187447,-0.2438171147542238,-0.2484487009562386,-51.83826878990357,0.0,0.4158459324685389,1.4082731477410875,0.0,0.0903713599134052,1.8580126259658425,0.1145848644595845,-0.5286055569685026,0.1521797014871663,-15.818732387669453
12.776819473000486,2.3360070712300045,-0.02,4.058923717835776,1.792090392012912,0.027463962245322,2.369894904632921,0.1358737509849483,-0.2515249420847155,-0.2430233828578881,-51.871844691440096,0.0,0.4002493870489849,1.4103553862041551,0.0,0.083843452231969,1.745837186323316,0.1146435390291743,-0.5238000441314661,0.1499198448743302,-16.975507285918034
12.79486582818834,2.215691974193028,-0.02,3.995018243736388,1.805588820217896,0.0313401370406593,2.2053137525485846,0.1359436724751592,-0.2474690951540075,-0.2401888813690418,-51.891492878535104,0.0,0.3666667399293998,1.4079914198634464,0.0,0.0693941251661527,1.7381077760817891,0.1145455484495875,-0.5227611229023904,0.1455434241354018,-19.382482745201976
12.812912183376197,2.3755177191892454,-0.02,3.7825170314916,2.019604305453003,0.0297774277178977,2.0217942371819486,0.1359555604021639,-0.2497792482942155,-0.2325363973664788,-51.92087616608628,0.0,0.4127422314741971,1.4640750391881403,0.0,0.065774391917773,1.743417958512224,0.1144881351328374,-0.5257578081371934,0.1400812711400512,-16.590315086889923
12.830958538564047,2.3566040026775785,-0.02,3.8392334716875216,1.7961221704967514,0.0270802835394542,2.09517180536898,0.1358796799220732,-0.2496703169016892,-0.219778638240764,-51.96712814139311,0.0,0.4541162097757555,1.3299289354382673,0.0,0.0480566722165848,1.7608272263173432,0.1144863192122952,-0.5280644743002145,0.1355434079750996,-14.156798056174567
12.849004893751902,2.218879631296891,-0.02,3.6892757121835498,1.8023821744139683,0.0335773612381698,1.973357592264131,0.1359297804812294,-0.246699340739147,-0.2132310023116919,-52.01278316421229,0.0,0.4296716478998088,1.3945346421212648,0.0,0.0543180817391394,1.6518047393551392,0.1144769871727924,-0.5336430205919283,0.123170486461771,-20.214512889155383
12.867051248939756,2.255996613266716,-0.02,3.6697585414415856,1.7822195352792232,0.013075988394648,1.9795512300863312,0.1359057160798681,-0.2356900925942385,-0.2106210677788371,-52.05233548220206,0.0,0.4151894407746125,1.4254478040014211,0.0,0.0555675511735609,1.6730948372526049,0.1144532519171634,-0.5324906114368165,0.1191220815831237,-21.12831320745964
12.88509760412761,2.301515072291892,-0.02,3.673473075999752,1.7746433517179514,0.0259114618259167,1.9982834813756656,0.1359806870045871,-0.2332369054813404,-0.2135557821186625,-52.08586374654074,0.0,0.3641066319011257,1.3956767071965588,0.0,0.0628123459699169,1.6320946487383552,0.1144271112816974,-0.5316069488118632,0.1191039864701655,-19.72082547533968
12.903143959315464,2.3351984837071007,-0.02,3.554802935043551,1.7316759919880178,0.0278521425906403,2.0553395670446144,0.1360792937465139,-0.2404942145547708,-0.2081984719238757,-52.13666167279459,0.0,0.3514162313650619,1.3291713398777643,0.0,0.0591026262180121,1.6670539258925965,0.1144731738664197,-0.5403752704902112,0.1136152811213318,-14.824977951766847
12.921190314503315,2.339617486979534,-0.02,3.490740026361473,1.736873406498218,0.0198206953016954,2.125437628054221,0.1360246689207159,-0.2396574454912228,-0.2027593969416275,-52.181250955121726,0.0,0.2989502261734336,1.4182735105385331,0.0,0.0719857092290255,1.724069007978561,0.1145784896057437,-0.546115886202936,0.1091772409083866,-13.696912867118233
12.939236669691171,2.320974276947164,-0.02,3.808522079939737,1.6621558352656705,0.0400193766751099,2.1329963914860848,0.1360149040977311,-0.2436984225044738,-0.1941029439593412,-52.22347016246469,0.0,0.2763703970970245,1.538068436164129,0.0,0.0643362779513456,1.7913924332701943,0.1145490972002571,-0.5440392146706214,0.1040623013833113,-10.443282833584076
12.957283024879024,2.2600134797729194,-0.02,3.8249737151498993,1.85975564491446,0.0351846902304263,2.069930276184466,0.1359835599713776,-0.2353901607720101,-0.1881471733576247,-52.29009789936431,0.0,0.3008727624721425,1.512258443160113,0.0,0.0704713375423397,1.7610181333610135,0.1146260804211573,-0.5472830282567871,0.0994171893448169,-9.030109334908996
12.975329380066878,2.2103443736378674,-0.02,3.686053335305312,1.7315920756949574,0.0453193477839993,1.9665651797305808,0.1359806890724526,-0.2293726875045815,-0.1866968694288694,-52.326764765544446,0.0,0.2789837546561743,1.5096318881453394,0.0,0.0676558970080114,1.881202199997534,0.1145609589778075,-0.5499022523963715,0.0941209659760681,-8.692989156603081
12.993375735254732,2.3029962955686947,-0.02,3.67398973881844,1.931157655028391,0.072143849385448,1.8567569723974724,0.1360959749422642,-0.2204862846386185,-0.1852537729006759,-52.380360192323984,0.0,0.2738693840952969,1.519397003842668,0.0,0.0826420919403297,1.822525757919952,0.1146007530297808,-0.5572011861797512,0.0938228553243791,-10.093308355017871
13.011422090442586,2.3058346339030216,-0.02,3.7945923889398454,1.985789237818905,0.0892237594535916,2.0311884765806547,0.1360423939297738,-0.2202441037579024,-0.1845721223734695,-52.42857316669364,0.0,0.2887260511567245,1.6107136790618017,0.0,0.0768292257289562,1.751317824722193,0.1146545374402005,-0.5519411041410346,0.093295368969127,-3.958464063862703
13.02946844563044,2.244526790837852,-0.02,3.62290957824287,2.1795886424092044,0.0895330012486318,1.904317977012021,0.1361168862521499,-0.231298413422325,-0.1778841561735605,-52.45662332686916,0.0,0.2870009128998411,1.6389709970092996,0.0,0.0637788665806271,1.8645217822024,0.1146975387252094,-0.5476314584186317,0.0849545571787035,-9.273020745137242
13.047514800818291,2.101421326963102,-0.02,3.7144879864548304,2.143875903488089,0.079114310125187,1.9269042689077311,0.1359781782401312,-0.2339134033787037,-0.1731146786420477,-52.5028683392591,0.0,0.3327463710628162,1.769167271635644,0.0,0.0639249403231524,1.8515378414924064,0.1146329352732856,-0.54301953577906,0.081515535802635,-11.403909713957283
13.065561156006147,2.104478551646557,-0.02,3.8222010487221807,2.24002667058675,0.0684044707900667,1.7078488435436194,0.1358537642243899,-0.2274949266002629,-0.1730907845617872,-52.55217370949837,0.0,0.3441840766600226,1.6614623430544118,0.0,0.0680827240677721,1.9837611721537407,0.1145746040766953,-0.5314179410661262,0.0766880332012013,-14.901972862693755
13.083607511194002,2.192756919035149,-0.02,3.94241361661892,2.249525971634995,0.0763965227745197,1.8870550870058,0.13590070290899,-0.2199650319629109,-0.1718401409978346,-52.59496816225341,0.0,0.4087245526472332,1.6746796256016774,0.0,0.0778773740223324,1.9846422021609271,0.1144893753181185,-0.5214668577358357,0.0664308464801987,-14.95092843015573
13.101653866381856,2.131223093551748,-0.02,3.629695956713911,2.312167831678758,0.0633838754193003,1.8337253109122191,0.135958162462381,-0.2113691169409761,-0.1725756777533982,-52.6450686966005,0.0,0.408785719812554,1.6064469474581335,0.0,0.0849108275297231,1.9923981892675815,0.1144215469077307,-0.5216036030027793,0.0639128371722816,-18.94500408124908
13.119700221569708,2.2606459055849726,-0.02,3.7266268607026767,2.250826970820951,0.0584695468566132,1.9460128265556305,0.1359537607158171,-0.2115147035073518,-0.1729143828377839,-52.66459200858861,0.0,0.4154988972751354,1.6761078021010103,0.0,0.0862959950903361,2.0176254604531154,0.1144380184836511,-0.5117793723801892,0.0623431802367229,-16.6743478718318
13.137746576757564,2.2088245590880926,-0.02,4.028245550399586,2.2466531886413104,0.055570353404467,2.1495065752249354,0.1359964251323018,-0.203608071335424,-0.1719987630569022,-52.693490508332815,0.0,0.3757181296757406,1.786992106627923,0.0,0.0819068255854729,2.006653066591568,0.1144791711016474,-0.5056177505609991,0.0638241298993223,-16.727215199534445
13.155792931945417,2.154212261483603,-0.02,4.07364934468264,2.3058102339152384,0.0566880143711172,2.1471969933003985,0.1359544065154303,-0.2052056231751022,-0.1744107335328407,-52.73904375254124,0.0,0.3595190495913479,2.007102316465628,0.0,0.0667866522331449,2.0401178805479416,0.1144038443832881,-0.4921418443703743,0.0623435824346863,-14.144467205035498
13.173839287133273,2.1800409138023027,-0.02,4.024576592678608,2.264306758953224,0.0547966962256507,1.9648590101353025,0.1359939932750843,-0.2138005672923819,-0.1745055250583553,-52.77690666635735,0.0,0.3438441400447899,1.8658138890734368,0.0,0.0597591669666594,2.0338851531029176,0.1143545043118846,-0.4932579248660698,0.0632824006863229,-17.605326356212515
13.191885642321123,2.1245033033359864,-0.02,4.212910394950266,2.112484421818896,0.0387499548120271,2.0176624990784404,0.1359617447348569,-0.2158902259328136,-0.1728198070013847,-52.84179614589735,0.0,0.359013243167623,1.856129592957752,0.0,0.0671445371978286,2.04626686129024,0.1142255950625268,-0.4987768340097723,0.059977286582026,-8.965349131609113
13.209931997508978,2.247740300656966,-0.02,4.163351462086623,2.055400176276347,0.0500611214371377,2.231557175907674,0.1360105019149027,-0.207236994924045,-0.1612531896170588,-52.890870009813874,0.0,0.3571520217189203,1.8098608367977191,0.0,0.0704684409916221,1.9959148217529408,0.1143520508075832,-0.4950197895996566,0.0586150655397206,-4.611067676093477
13.227978352696832,2.3067993140580474,-0.02,3.8877875450641177,1.949660754927464,0.0519943649122056,2.410304511287299,0.1360442096537509,-0.2027245034839817,-0.156031950466022,-52.91720717266574,0.0,0.3206513659645019,1.8622407868495507,0.0,0.0570121607436002,1.9743209031973945,0.1143963020498332,-0.5010792066692057,0.0601733276281747,-3.922473144151532
13.246024707884686,2.224343242518173,-0.02,3.6542492788659655,1.8476492257287656,0.0550962231841688,2.196819657291015,0.1360249192304359,-0.2035970315211569,-0.1575335210655227,-52.95130206764966,0.0,0.2802852822060381,1.7960976016342276,0.0,0.0352144475451944,1.948154397198916,0.1144293516311131,-0.5034115225232579,0.0612061645806717,-1.9417633244856969
13.26407106307254,2.163861717025589,-0.02,3.611190146928011,1.6563003941499224,0.0511050814908958,2.2626929760011407,0.1359654681489699,-0.2008754106410629,-0.1567584437614745,-52.99172629179288,0.0,0.3092409698793935,1.8849587789971096,0.0,0.0284703003626349,1.9945777602168857,0.1144549908898306,-0.5070480755182678,0.0599721675073646,-2.028332149643869
13.282117418260391,2.0639267929759373,-0.02,3.466709457739085,1.5281693425001173,0.0377880743203737,2.047456809935978,0.1359321527121713,-0.2131408861406886,-0.1577612103549061,-53.04861339165014,0.0,0.3005832334431663,1.8171647426684463,0.0,0.0436983761561599,1.9619799997052096,0.1143922958962532,-0.5075764609594597,0.0605372449317788,-7.136722598884038
13.300163773448247,2.0843836258428645,-0.02,3.4321884644174414,1.5339399010987538,0.048885348443658,1.992451985939126,0.1359328696994571,-0.2227149014903297,-0.1566102223039432,-53.11458055928544,0.0,0.3430056788330412,1.68384040499535,0.0,0.0592935370513512,1.9640234513611337,0.1143993421745488,-0.5050766713796242,0.058744342092638,-8.669916438085862
13.3182101286361,2.076956864993061,-0.02,3.4335855564640148,1.4881798234805583,0.027237848175228,2.1526065878738634,0.1359640039106957,-0.2298763909232471,-0.1489968071308725,-53.14122514333821,0.0,0.2927298396605755,1.604992185174303,0.0,0.0787331935336943,1.9225202388505809,0.1145053041807966,-0.5035122621762402,0.0592029396551073,-12.394213767107908
13.336256483823954,2.130220748495289,-0.02,3.5998007265905554,1.4397813299374835,0.0118251367452619,2.3203595939311468,0.1359272340032852,-0.2316719667317692,-0.1365434507025992,-53.188856046873234,0.0,0.2970024968842538,1.5772596721617607,0.0,0.0806125209792486,2.0314559486641146,0.1145661087991473,-0.5065652127678992,0.0601521669864945,-10.85482357616755
13.354302839011808,2.161292052743719,-0.02,3.7485841322361177,1.3648839173657257,0.0536031379308037,2.28537474263566,0.135934927057044,-0.2331325604153518,-0.1285419554754957,-53.2115199927255,0.0,0.2766218926568393,1.5703040598623657,0.0,0.0730646783232285,1.94782281394634,0.1146771521753053,-0.5069815403165299,0.059693683339442,-16.938504353824825
13.372349194199662,2.138733811179617,-0.02,3.774055527723336,1.4083056218453749,0.048700181484343,2.098617513556798,0.1359030062498556,-0.2305249717970791,-0.1189214048290342,-53.256393802707706,0.0,0.2556290480180059,1.4971158175986787,0.0,0.0744492808966987,2.0241957248910945,0.1146075359163219,-0.4998937283152969,0.0606441913854578,-22.88792789292094
13.390395549387517,2.0047005890578284,-0.02,3.890744986657934,1.4537510315338968,0.0591692441036668,1.9999317292656689,0.1359386499489601,-0.2364356926242117,-0.1153065420051144,-53.311445458238126,0.0,0.2921512946874459,1.4926558064313769,0.0,0.0564102448725722,1.9502089548507016,0.11458342766498,-0.499880777644288,0.0592376415407799,-25.1062485644565
13.408441904575367,1.9842904739386324,-0.02,4.288003589530402,1.6129805730869249,0.0792897781145511,2.4561543013687532,0.1359654015208789,-0.2354296276818977,-0.1127072614129956,-53.35757927338338,0.0,0.3144702395164257,1.6528100582696874,0.0,0.0651344082687088,1.9754199592412525,0.1145607277037797,-0.4877103650393145,0.0590212369152927,-31.087076821033182
13.426488259763223,2.0385952826974343,-0.02,4.211765074033408,1.754753009008515,0.0817824446939373,2.412608977722558,0.1360253555028789,-0.2374821149048372,-0.1150370810881387,-53.39885315839488,0.0,0.297187234974068,1.590069583716087,0.0,0.0744674625070854,1.8535046755849311,0.1145878920622342,-0.4884314867425616,0.0574110037587122,-30.921535291621662
13.444534614951078,2.089160026528722,-0.02,4.324982088069114,1.9608094148061688,0.0872494393457065,2.6235388059302047,0.1360288115753613,-0.2311229886763539,-0.1122453718930433,-53.41722864115783,0.0,0.2923120035255585,1.5788345733239124,0.0,0.0740983468628502,1.803394552543936,0.1145616652059868,-0.4954409442182866,0.058714286052733,-27.72658110679153
13.462580970138932,2.171662682292773,-0.02,4.271130837684873,1.9218046108568725,0.0649128674074857,2.5716379079523346,0.1360413471091875,-0.226717668001307,-0.1172452966617353,-53.44961205578628,0.0,0.2983963449867959,1.5139292623996263,0.0,0.0791110208556079,1.6397197119764206,0.1145121308613545,-0.4915380657763081,0.059288986482838,-28.025556611720457
13.480627325326784,2.1336779339919896,-0.02,4.301449009832277,1.99050535700152,0.0742873874605221,2.51045962456419,0.1360101782611669,-0.2180712627121681,-0.1200096907406974,-53.49634201187617,0.0,0.3709662799214017,1.3746442423613185,0.0,0.076693428444971,1.765341416611628,0.1145726562785959,-0.4868706443207647,0.0559320046964435,-30.53039690996473
13.49867368051464,2.217752651690434,-0.02,4.241688328032621,1.922201598196408,0.0626952977561208,2.4288792806009982,0.1360234727892605,-0.2233953692501032,-0.1228076956606506,-53.54808464103533,0.0,0.3617627896466792,1.426305135560133,0.0,0.0716225976633373,1.731618644348913,0.1145139219544257,-0.4797621685078732,0.0529947723600273,-30.258796190833
13.516720035702493,2.305072750816101,-0.02,3.6613633915704833,1.9109282137238688,0.0432433569786713,2.41527539791483,0.1360474728492068,-0.2284266152726491,-0.1220328733385495,-53.58598132713604,0.0,0.346375893097496,1.4039514274380818,0.0,0.0862887396279942,1.7860345221077571,0.1144599481331004,-0.4787178072121244,0.0516656507906421,-27.598473256493776
13.534766390890349,2.1488280113512848,-0.02,3.5525434817579,1.8643176692612853,0.026248139820637,2.46904319897818,0.1361153635479969,-0.234175569126242,-0.1250149455191448,-53.63192539800225,0.0,0.3705950244628749,1.470180821063846,0.0,0.0819208505147063,1.7768716048977897,0.114461188967238,-0.4875874822436627,0.0507707787699534,-25.28659436895156
13.5528127460782,2.12908919317436,-0.02,3.588658987045536,1.8734558759950792,0.0274410521573877,2.759370403474192,0.1360296308065387,-0.2304730773696222,-0.1240770295610764,-53.66466604215628,0.0,0.3567918801369802,1.5056235379658809,0.0,0.1027551702287263,1.8626503235705352,0.1144561914622886,-0.4862946241575847,0.0540984765348142,-23.47774132285728
13.570859101266054,2.0856195207309507,-0.02,3.3947151413905257,1.76519647598859,0.020408781054222,2.409738696960788,0.1359903795692027,-0.2347920013619507,-0.1245380847212246,-53.7090429496959,0.0,0.3176583935109301,1.366635394136735,0.0,0.0992655752398553,1.8729855631390848,0.1144769140825227,-0.4867718091946128,0.0587442067463339,-21.09403797780336
13.588905456453908,2.1084540603246817,-0.02,3.5144927488655537,1.6948776229109974,0.0067317919806598,2.591261967472678,0.1359666864526111,-0.2446079838284078,-0.1227237266883062,-53.74897498231682,0.0,0.3374096284880956,1.3309884375501515,0.0,0.1014026241235597,2.051405500297759,0.1144553129066955,-0.4847309602203434,0.0593008128231384,-22.194622524735305
13.606951811641762,2.2558447323418584,-0.02,3.381747778460048,1.485126077354439,0.0260737855891848,2.477107621920245,0.135963768249819,-0.2522564405616695,-0.1228744412053978,-53.78444439403,0.0,0.375899926292904,1.4104531562015896,0.0,0.083391039390234,2.081300527786587,0.1145285040176404,-0.4769628870967233,0.0580519990755115,-23.483427608413123
13.624998166829617,2.3564974315347245,-0.02,3.4718515469029136,1.510393442304799,0.0485558382621655,2.5477448892704087,0.1359421239054389,-0.2487688872212476,-0.1098805573847141,-53.82482566429248,0.0,0.3837303505778176,1.4896738933569358,0.0,0.0705526742928222,2.118611918400167,0.1146491688486668,-0.4816823901087134,0.056029729661652,-20.583626862111213
13.643044522017467,2.3668022868429506,-0.02,3.317186022121446,1.4007150890121596,0.0511785302480388,2.5256208432482143,0.135994863566586,-0.2514454206653534,-0.1004316643730315,-53.90006638058108,0.0,0.3555305607288749,1.663274257099214,0.0,0.0646105290872458,1.9752427584161092,0.1145565205188852,-0.484851963833353,0.0541736186630878,-21.178092542729978
13.661090877205323,2.187790138503771,-0.02,3.2335291986017496,1.469910754693079,0.067933993447904,2.472994777538328,0.1359535580106516,-0.2520486409035977,-0.0985740046924865,-53.94210105268535,0.0,0.3363104546849142,1.6376418181545818,0.0,0.0908649053778596,1.8669605938360716,0.1146080417222961,-0.484999338812331,0.0494898874576703,-21.644715624349743
13.679137232393176,2.1184442111422683,-0.02,3.739123788148312,1.575391322128053,0.056953297314089,2.491357637623528,0.1359383678767074,-0.2443835668900527,-0.1033658965171525,-53.98669662481425,0.0,0.3504806576020097,1.713373765281455,0.0,0.0955352202013062,1.787916790524367,0.1146383157735815,-0.4811359363805874,0.0476485130245553,-26.09990400362877
13.69718358758103,2.296545207186647,-0.02,3.9280706377979207,1.650171323748876,0.0845908200781379,2.51643877738922,0.1359112160792254,-0.2313235922863996,-0.1060102158331173,-54.00860463123771,0.0,0.354142379685325,1.7505078840216106,0.0,0.0994934246346899,1.890687951224954,0.1146485913743445,-0.4813540438955523,0.0457576645947254,-22.55413260311328
13.715229942768884,2.314046360549767,-0.02,4.023059729959082,1.729874928961501,0.0920569102856228,2.425460080289568,0.1359707945583039,-0.2169453693435476,-0.1011315979392654,-54.047740305681984,0.0,0.3612011247208875,1.7802543541438551,0.0,0.1021064379834872,1.794489019006778,0.1145970228255547,-0.478815446979246,0.041732841815949,-23.69124674136896
13.733276297956738,2.3938090146235504,-0.02,4.005774937284246,1.769352580157341,0.0664508772633791,2.4242109198986452,0.1359803297843738,-0.20906966086565,-0.097110676736404,-54.09509280541536,0.0,0.4013012284326487,1.866670339726916,0.0,0.105916023512436,1.7633625277833958,0.1145732448758488,-0.4797508224912836,0.0379214700974063,-23.4628139398052
13.751322653144593,2.4972802747574927,-0.02,3.998667440494301,1.840620161107393,0.0475346320540549,2.30896953365808,0.1359954676432222,-0.2122062178301606,-0.0911097515310046,-54.149868495360906,0.0,0.3602514285083169,1.863578041933453,0.0,0.0996155519837939,1.6242112588765554,0.1144241286760583,-0.47595339608804,0.0266500633865466,-21.47957836225841
13.769369008332443,2.2309488878822004,-0.02,4.125590600333792,1.9154159106789967,0.0360729851159127,2.4142118058432502,0.1359857167310807,-0.2114512451996741,-0.0878989215639706,-54.20368900881748,0.0,0.3600124324960884,1.7971961219732606,0.0,0.1160404787380443,1.535981697418929,0.1143624351672285,-0.4744156395089646,0.0202044647135703,-22.00642930545789
13.7874153635203,2.051422157248176,-0.02,3.8435757627219176,1.8649014934196595,0.0376671434664087,2.4945675417468625,0.1360033028475046,-0.2132506332561075,-0.0823787892988811,-54.254898399716005,0.0,0.3522770367415578,1.828337970064988,0.0,0.1115319150500203,1.6388884136319863,0.114345774833821,-0.4761946459494818,0.0188557022783041,-23.43802908411492
13.805461718708154,2.002986912951033,-0.02,3.7041679859511816,1.870794524632848,0.0338585460141801,2.363860244082076,0.1359805266533458,-0.2192318743696402,-0.076330351677182,-54.281932621992496,0.0,0.3421272075412818,1.7590312858374837,0.0,0.1328891361786489,1.7085084096239338,0.1142929277131349,-0.465574104795369,0.0162000925084237,-19.0058665737041
13.823508073896008,1.9061897920985087,-0.02,3.579177249349026,1.9817271174039663,0.0233013034341236,2.445066209261724,0.1360068136612698,-0.2136479825974286,-0.0767066007557024,-54.33717716746284,0.0,0.3616007121181423,1.727498043965425,0.0,0.1107752956908336,1.7934527981832389,0.1142610361686049,-0.4445409456056399,0.0096877026518473,-17.381104537987802
13.84155442908386,1.9540699978069664,-0.02,3.408689445032932,1.898359523425603,0.0250975296146319,2.526573474030632,0.135954686745705,-0.204484601068869,-0.0813511014591412,-54.382166089531495,0.0,0.3947710799193524,1.7501960554214735,0.0,0.1066559061071498,1.7805380001309523,0.1143107913082473,-0.4432574914207691,0.0128899710235113,-12.022101338976585
13.859600784271716,1.9291275823749463,-0.02,3.200308732738421,1.8998793687785065,0.0088623280499401,2.380418521852304,0.1359862959979889,-0.2040771155531779,-0.0849785313846648,-54.41328513216797,0.0,0.3840928065108932,1.7716193890843754,0.0,0.1143056206402489,1.5779719973634867,0.1143537587853071,-0.4414280360618287,0.0101748815960266,-14.863452637659382
13.877647139459569,2.091720106586489,-0.02,3.34604004097771,1.915664090288388,-0.0051777376584548,2.304487529152454,0.1359955736130381,-0.2174626688564971,-0.086498909384758,-54.44846892975542,0.0,0.4177232929477402,1.87248569257834,0.0,0.1107191555400256,1.545651730962278,0.114321219106658,-0.4392624508794517,0.007127465366645,-14.371248891396098
13.89569349464742,2.1295392542225904,-0.02,3.2439897156545903,2.0981279560685486,0.0010188926881085,2.2877622422229225,0.1360166907619881,-0.2212208245872874,-0.0813231559423931,-54.50037838527458,0.0,0.3852868760281688,1.6933238288775054,0.0,0.1093085584652987,1.5169749747655767,0.1142763663527352,-0.4434982360230821,0.0039633806286177,-10.937224903222123
13.913739849835276,1.988201013734392,-0.02,3.155276894641726,2.094657574666781,0.017315705402942,2.388441369054026,0.1360129174565306,-0.2237959856868943,-0.0781062855092637,-54.53073395070363,0.0,0.441068091347194,1.875140909918659,0.0,0.1144166135149024,1.6323966058426331,0.1144021617494268,-0.4479157398196611,0.0035366897807133,-10.932239696456373
13.93178620502313,2.090697241682065,-0.02,3.061129531133629,2.092238890284274,0.0098543213925671,2.464726008370952,0.1360331153515905,-0.2311681331486862,-0.0771234095443009,-54.5714318176643,0.0,0.4759431090098921,1.9423029222125328,0.0,0.109386819398734,1.6938997732350611,0.1144420589745681,-0.4445299938423239,0.0033138508758698,-9.593888358044216
13.949832560210984,2.068246706031933,-0.02,3.143294759974929,2.219418555723499,-0.0121462015236821,2.2710805165352688,0.1360310496203465,-0.2364964885478885,-0.0778650614911015,-54.61214176009439,0.0,0.4730359698503464,1.8124515603518827,0.0,0.1122943141325426,1.6110300510531623,0.1143696309856401,-0.440227337317479,0.0017056175248733,-11.256184783387711
13.967878915398837,2.161634718427225,-0.02,3.426040399487929,2.315658078108637,-0.02,2.46745844354358,0.1359667485139864,-0.2411982621631201,-0.0787042338793228,-54.651398804278486,0.0,0.4832739949921591,1.9063282650992703,0.0,0.1163046283805842,1.5404961206685586,0.1144341907338114,-0.4358241223517882,-0.0001980466322231,-12.063781284869574
13.98592527058669,2.316143695179864,-0.02,3.6135154908000864,2.2860891674626216,-0.02,2.530276284415535,0.1359395283034706,-0.244366769011529,-0.0765793921526318,-54.69102784440755,0.0,0.4952758982200641,1.9830555338134577,0.0,0.1282174410102152,1.5277038731417563,0.1143492100861712,-0.4412566946094874,-0.004139786762694,-14.374068446056892
14.003971625774543,2.2847188711378905,-0.02,3.495824068596379,2.285931793917092,-0.02,2.585775617911215,0.1360310875590165,-0.2421086979243863,-0.0776647716699259,-54.73525657531091,0.0,0.4742127874193595,1.869722256882972,0.0,0.1287096279035514,1.6266852473160032,0.1143587714851347,-0.439251708061529,-0.0104986075818793,-13.602129779138773
14.0220179809624,2.367471195834375,-0.02,3.571664067119704,2.051502689578243,-0.02,2.542375192854748,0.1359915925014064,-0.2390405271215717,-0.0801321233266114,-54.7829380595666,0.0,0.451045600213169,1.7776326659287782,0.0,0.1287950374220367,1.648473188945302,0.1143240783398032,-0.432725640669941,-0.011317993029391,-11.00841598684404
14.040064336150252,2.292691043158334,-0.02,3.2812709376851346,1.946501079694536,-0.02,2.565060777301361,0.1359717085118036,-0.236399871143152,-0.0792628391951115,-54.82369774427048,0.0,0.3975451740911815,1.6278238324912475,0.0,0.121575441094748,1.783651268852383,0.1143512696418957,-0.4300638560074266,-0.0085990835638235,-10.455504561392065
14.058110691338106,2.1706447865241763,-0.02,3.354201686130745,1.794220889663272,-0.02,2.5642116416212386,0.1359127710744342,-0.2399787812048351,-0.0767477747004607,-54.84148494627066,0.0,0.4196592662221051,1.834536391160604,0.0,0.1185784347673391,1.7539840097364177,0.1143650805908456,-0.4264678251999738,-0.0031393228503859,-11.591385672887965
14.07615704652596,2.0367240672238003,-0.02,3.4665341074184566,1.944242290357145,-0.02,2.53901045084566,0.1358411123424602,-0.2425332393320668,-0.0745415371489993,-54.89677753178775,0.0,0.4051135985712787,1.7569643966422948,0.0,0.1110010593723084,1.6094097056692747,0.1142533881600081,-0.4218734337618157,-0.0051568167882753,-11.838391393014351
14.094203401713814,2.0639791220752284,-0.02,3.5763560109400796,1.9371888149398493,-0.008778356793364,2.443678286844754,0.1358735777490329,-0.238509408882002,-0.0742715086620842,-54.95064195089329,0.0,0.336526688132638,1.5953217174268168,0.0,0.1169833801262662,1.622945946760578,0.1141483235766722,-0.4291391143966692,-0.0028921785030104,-14.51144017104124
14.112249756901669,2.162228525585874,-0.02,3.6357324246746976,1.9884953503120364,0.0029057943140703,2.52485147410854,0.1358986568225878,-0.2427688817291274,-0.0773811875663708,-54.997214448034974,0.0,0.335900461064704,1.66182787599823,0.0,0.1204891136939625,1.6114254353079531,0.1138641672290527,-0.4387404375156194,0.0031037077980306,-10.429802556822253
14.13029611208952,2.19663624695927,-0.02,3.3282053550298016,1.9281749922032,0.0410829247878463,2.4185514557798085,0.1359543636462968,-0.2430537365686039,-0.0733467342539791,-55.0338792152549,0.0,0.3373545683199233,1.611811338074797,0.0,0.090752473719088,1.714800065588202,0.1136830636974739,-0.4439218493850039,-0.0020590099343184,-12.330363882279451
14.148342467277375,1.982724438322503,-0.02,3.099721078042228,1.8826301348052752,0.0645417569996937,2.295926523961098,0.1359215371702068,-0.2292760001229334,-0.0703559336891795,-55.05641047232821,0.0,0.310885291405946,1.6079952919424507,0.0,0.079225183208779,1.804467977137484,0.1137007505494112,-0.4490354099859087,-0.0081399145395008,-9.04918983702433
14.16638882246523,1.8931656035785545,-0.02,3.073182908631401,1.8541013495943617,0.0680887311966219,2.1420294802659336,0.1357194300191452,-0.2290801349628709,-0.0739395902763656,-55.10245425424961,0.0,0.2910134905768479,1.566245570465466,0.0,0.0736976132809302,1.806218803434008,0.1132850706832682,-0.4579074852782588,-0.0014229116983392,-14.077864688319162
14.184435177653082,1.830394078476059,-0.02,3.3278904581021767,2.14312178715569,0.0624186044961412,2.229846200494465,0.135379918782959,-0.2333130403352598,-0.0739144971488232,-55.14495581888867,0.0,0.3433883861604643,1.5606687344186023,0.0,0.0771439841393457,1.9830584395701951,0.1130480873702432,-0.4638539949522868,-0.0023197435117365,-15.563759204598206
14.202481532840936,1.636862423531788,-0.02,3.4014112870576976,2.1170233694922844,0.0782636807528144,2.3091531886062056,0.1347706744702276,-0.238199675644805,-0.0752242735170748,-55.19710049172121,0.0,0.3685357815891404,1.6297084980527987,0.0,0.099658206648344,1.92788116503092,0.1131083953487252,-0.4668662271533556,-0.0010645880428016,-11.898447330459714
14.22052788802879,1.846784633598024,-0.02,3.390503741742096,2.196449730535461,0.0862430675297543,2.278079427910381,0.1347611638230708,-0.2454478900024721,-0.0773233930889763,-55.24481437546552,0.0,0.344195392887102,1.6148125433154064,0.0,0.0959278103755507,2.0845269377442084,0.1132219949139708,-0.4677747128168187,-0.0055728894976113,-14.922203268420098
14.238574243216645,1.9579172177559343,-0.02,3.2019444861137,2.0053443845064014,0.1055205953384908,2.356438439308108,0.1349022680257793,-0.238332343441916,-0.0767003284656417,-55.28819281131253,0.0,0.3355426804821903,1.5028279454300006,0.0,0.0965424964588964,2.1571014117316114,0.1135240991673075,-0.4679928697159145,-0.0114831091996508,-13.890576296287865
14.256620598404496,1.85798347563914,-0.02,3.012793718488316,1.959812060953156,0.0715298171326732,2.259960301679864,0.1353541307124403,-0.2469479154286974,-0.0760234130912962,-55.33826904176811,0.0,0.3681408611997028,1.635717006176596,0.0,0.0851280010829194,2.293352253021156,0.1139539086548546,-0.4629531874940157,-0.0038251244234228,-15.396515047591883
14.274666953592352,1.9216036419020217,-0.02,2.945607578798078,1.8067650689217067,0.0844462595295564,2.3366049735069736,0.1357725642348133,-0.2531781336208723,-0.0737586874758601,-55.3601364879329,0.0,0.3550551033447692,1.7812787423170937,0.0,0.0897077245475097,2.42123327350162,0.1143511236821679,-0.4561052128239785,-0.0016597020361521,-16.76040255661109
14.292713308780206,1.8120880933865573,-0.02,3.0706381272945182,1.7647776961979695,0.0560360962186641,2.439647768442442,0.1359572438980586,-0.2662756604651557,-0.0674637663307685,-55.40366943864451,0.0,0.3576303720114349,1.6994663884672192,0.0,0.0937264841602736,2.5046759161646572,0.1143687464731865,-0.4555992840261425,-0.0069086759045264,-14.640676758205188
14.31075966396806,2.060503157755192,-0.02,3.053660427654768,1.772764379801337,0.0420826201132982,2.551819702587014,0.1360465864039448,-0.2752716316928255,-0.0708658290098852,-55.44117302121697,0.0,0.417232353936235,1.6912059391673566,0.0,0.1065337982720458,2.418450187077488,0.1144114832225145,-0.4685819011207177,-0.0085233834138865,-21.26874878649144
14.328806019155913,2.1149335481114773,-0.02,3.2197573961748964,1.863719211032573,0.0307625774585724,2.7761278847193815,0.1360906988619768,-0.2820117343208612,-0.0747947869041708,-55.48662122330624,0.0,0.4224421143490666,1.7853689833203703,0.0,0.0932867379064206,2.3605743295184354,0.1144578449508321,-0.4572117625065136,-0.0072584327306262,-20.72208491085545
14.346852374343769,1.9325524993527468,-0.02,2.94184233517576,1.7412615098003092,0.0309100044289771,2.730100283619928,0.1361575302236329,-0.2840358245434145,-0.0678378549964205,-55.54166614311762,0.0,0.4175391138913966,1.7761495627416026,0.0,0.0918976490787966,2.2632181935847986,0.1144169407115147,-0.4610744626971059,-0.0078138546425515,-21.75887407949993
14.36489872953162,2.1878001043531072,-0.02,2.968506700796078,1.833649855236309,0.0088423158132388,2.684142654003995,0.1361588152115035,-0.2760605332485792,-0.0649685448088794,-55.60387191843517,0.0,0.4328289436194829,1.7305162392462072,0.0,0.0826694774593117,2.127563612556884,0.1143349171409685,-0.4601434453525269,-0.0112556236436151,-21.207697924332507
14.382945084719475,2.0258758415089733,-0.02,2.9085594372720656,1.7189730256073006,0.0060319047372135,2.85375389361837,0.1361461751593989,-0.272049748913119,-0.0720981792326987,-55.66539582498674,0.0,0.4760158746348375,1.6922202000535063,0.0,0.0708641403404507,2.021378932489124,0.1143181865605615,-0.4588508963084537,-0.0129401328119247,-19.41418748885344
14.400991439907328,2.1449183402142147,-0.02,3.041580094864807,1.7675569176896535,-0.0127897777895104,2.80939728764252,0.1361845692416986,-0.2806568324775598,-0.0660611115400055,-55.69911936980273,0.0,0.4731411680452156,1.6809821682524742,0.0,0.0778392084568261,2.050533123742212,0.1142646687538852,-0.4534484862401871,-0.0086930942695203,-24.0542034586242
14.419037795095182,2.310650559031463,-0.02,2.9941165261164246,1.78275399848648,0.0273176916219292,2.9618010575523948,0.136250337786545,-0.2810358237636588,-0.0576368268268203,-55.73129759883437,0.0,0.4726811773383289,1.5876402957491103,0.0,0.0749533781686321,1.9730720232030647,0.1143386270170032,-0.4478233050743028,-0.0061247915269418,-23.37447633484137
14.437084150283036,2.1331952614941825,-0.02,3.211749198048302,1.8114458313224429,0.0281737634077141,3.0577459892611927,0.1362291150139322,-0.2727480806386245,-0.0597511905511391,-55.79816791639997,0.0,0.4952739953951215,1.5507568844529473,0.0,0.0710927495560996,1.876717286237844,0.1143531279282894,-0.4500814678251774,-0.0121311281512221,-22.658940494838824
14.45513050547089,2.1766004827344454,-0.02,3.454471234499122,1.83019312943306,0.0489417036357718,3.00368201506852,0.1362108056580365,-0.2664180652035701,-0.0623265624203306,-55.83804526564231,0.0,0.4977426873096339,1.598175857015062,0.0,0.0581734207446294,1.847694403683996,0.1143683449687942,-0.4472353680403368,-0.0154825613383527,-23.936564280034684
14.473176860658745,2.0093399960635434,-0.02,3.6404557974241953,1.825833096125282,0.046335570592919,2.934679593865356,0.1361783787489237,-0.2625428789220685,-0.0604881512350425,-55.87340307426467,0.0,0.5228768591499933,1.491811240158442,0.0,0.0446545035727658,1.812596209795756,0.1143650737837723,-0.4419325879307931,-0.0168659037288637,-17.80077153713031
14.491223215846595,2.0537256046766346,-0.02,3.5129488299003224,1.8074958120392912,0.0540450154031692,2.751695989837181,0.1361535296320087,-0.2570665374929906,-0.0570304977674845,-55.910406821521455,0.0,0.5403697693599085,1.438742327759125,0.0,0.0664870990522805,1.80480734092332,0.1142835131844898,-0.4450849400472022,-0.0185397684622431,-13.466466396424206
14.509269571034451,2.208616978308504,-0.02,3.523390181834953,1.9014189995582444,0.051214674521962,2.836383286312703,0.1361154834280709,-0.2547230673089595,-0.0505218724892591,-55.93448255054863,0.0,0.4905374816014257,1.509058582032613,0.0,0.0679720179923755,1.8855260474443312,0.1143175285552922,-0.4430662576541351,-0.0167497072767633,-15.73370626967008
14.527315926222306,2.17282994668228,-0.02,3.6474512273018127,1.8520782230492912,0.0683868007603777,2.897649429277444,0.1360776187583329,-0.2655298059471602,-0.0495939794551329,-55.979272878606125,0.0,0.4565541291142922,1.5050713725661875,0.0,0.0814212409883005,1.966921634345524,0.1140904060765938,-0.4534785951431729,-0.0100045548510992,-18.81847391476869
14.545362281410158,2.131131171208032,-0.02,3.768189575258511,1.819966507656324,0.0571111013077009,2.7538898416637294,0.1360505876415168,-0.2722927362050523,-0.0478524988483943,-56.01758079175679,0.0,0.4066552048798372,1.4670364535964495,0.0,0.0933523378376666,1.957794452129077,0.1139617993484934,-0.4564135261727098,-0.0078627798444419,-16.67114109486947
14.563408636598012,1.913531960973844,-0.02,3.7490820225314896,1.758295227241082,0.0522004730097434,2.549383248110394,0.1360874528361142,-0.2751416323434518,-0.0461572001193327,-56.0370405889436,0.0,0.4037926197938875,1.5811266902429988,0.0,0.0938295553403288,1.8975581001654047,0.1139540331859178,-0.4559615493560698,-0.0132330236065799,-9.867616002683034
14.581454991785868,1.7515444071584998,-0.02,3.801075369606408,1.696036095231823,0.0411894273114815,2.4799024800916714,0.1363910970122497,-0.2799798681285208,-0.0477022800088534,-56.07825400552029,0.0,0.4099195965395349,1.637551758082272,0.0,0.1092249788835932,1.8085001227172528,0.113907034372818,-0.4580268242689661,-0.0195465214828072,-5.834932634896418
14.59950134697372,1.6887339951328353,-0.02,3.716080096607936,1.9501890545215248,0.0242557717019077,2.314066340324046,0.1366428448904169,-0.288209650177812,-0.0473864528295208,-56.10786828225032,0.0,0.3722384925303317,1.531438987766992,0.0,0.094927378463041,1.853029049926928,0.1138782902435724,-0.456363257879378,-0.0262484612991262,-4.513341500430958
14.617547702161572,1.6933763302726768,-0.02,3.5049869897580668,1.9816212694260804,0.0172881631069685,2.418397714926462,0.1363323217539322,-0.293906985875315,-0.0377068620453256,-56.15637966454734,0.0,0.3522893005862172,1.573786147715884,0.0,0.1198703247432864,1.8661497845747823,0.1139750261643822,-0.4597027032637951,-0.0202879950282412,-3.928653494030808
14.635594057349428,1.6999536991559956,-0.02,3.705770318360442,1.9962548968546407,0.0259886830502611,2.331456437206801,0.1361732637374078,-0.2938921390067537,-0.0376533993194726,-56.21348694262266,0.0,0.3263491474188081,1.6227329430324788,0.0,0.1378643459861463,1.876443230658124,0.1141556650793164,-0.4587526185073567,-0.0146740809995428,-4.583329662725532
14.653640412537282,1.6851537938246517,-0.02,3.9448671065306886,1.9968151851079103,0.0109091006961911,2.452080668289113,0.1362278543115734,-0.2925605785415236,-0.0486398141950246,-56.24475713686025,0.0,0.3142034032833223,1.7423763223713902,0.0,0.1502567071131074,1.9202708802876611,0.1144852520609014,-0.4613095907935149,-0.0134076716138772,-6.55236748036195
14.671686767725136,1.899914312258358,-0.02,3.9491895982915945,1.8396272452447768,0.0150371227221802,2.4652342200961472,0.1362206828633841,-0.2903788222280407,-0.0506060004311228,-56.29414659676946,0.0,0.3367049482274788,1.665181182117894,0.0,0.1327775909012297,1.8189283267435563,0.1143941166480048,-0.4620795701257662,-0.0167557895073256,-6.158496814998923
14.689733122912989,1.807258988256656,-0.02,3.816742816097136,1.9105655541574136,0.0099095280132527,2.220524465828312,0.1361570372462731,-0.2808735643828081,-0.0535850728575384,-56.315907572851685,0.0,0.326034925927005,1.715131472965452,0.0,0.1191363633774943,1.8905935359574049,0.1143427822309293,-0.457139850642745,-0.0200515446716115,-10.71540258338056
14.707779478100845,1.9125241671878697,-0.02,3.817078108777838,2.0366250979913603,0.0152295128313433,2.2967909970045177,0.1361872770389155,-0.2800397806520191,-0.0542947220679074,-56.35108288321777,0.0,0.3603143920428738,1.6752060865357932,0.0,0.127580215897297,2.0120232048869484,0.1142957276756118,-0.4626262704453351,-0.0282668299631892,-10.586155041413098
14.725825833288695,2.107224620582305,-0.02,3.913139425119064,2.1456124919401085,0.0325856238992597,2.372178722387323,0.1361894628782054,-0.2788285269695752,-0.0561384340433584,-56.414429465693935,0.0,0.3382476869339892,1.6722412207532853,0.0,0.1405846057986016,2.0547640952637107,0.1142650388031399,-0.4641746894446615,-0.0260427094343177,-13.452540284306764
14.743872188476551,2.1040430683919857,-0.02,3.835329325367399,2.3648481587407457,0.0232839198895387,2.2589495327283577,0.1361010726639651,-0.2830782921846686,-0.0590812513600546,-56.4512496573616,0.0,0.2972062186781057,1.7172352336485293,0.0,0.1242455771653464,2.095516986066418,0.1142319177064984,-0.4637481403220188,-0.0175782139342556,-15.012256980770566
14.761918543664404,2.063453646210273,-0.02,3.794567214215912,2.211711564103636,0.0295706728843586,2.302155587354874,0.1361168215675573,-0.278206896363699,-0.0571859599279296,-56.49826967711639,0.0,0.3216711977188111,1.72755216394512,0.0,0.1417282959142646,2.103764029280319,0.114244173984734,-0.459519162094064,-0.0193862475053919,-17.799949791506062
14.779964898852258,2.186810899080951,-0.02,3.735267746163288,2.095504324458172,0.0181445419234293,2.244149706916838,0.1360801157381067,-0.2728682845991815,-0.0587411424401185,-56.55556074363992,0.0,0.3726351428400964,1.597720695648932,0.0,0.1217019997199373,2.065184327774895,0.1142105179441016,-0.4579532193259643,-0.0213115285066097,-17.045096007116403
14.798011254040112,2.3424568099027776,-0.02,3.627787658104209,2.018849605643445,0.005133333608732,2.254600263458766,0.1361724704579151,-0.2749985805872355,-0.0568170417736137,-56.6058763020596,0.0,0.3367481070093416,1.5995998611651936,0.0,0.1088898912093717,2.009432553709321,0.1141434253323224,-0.4574209087626469,-0.0186285488118691,-18.273950697576183
14.816057609227968,2.4248956680023435,-0.02,3.710701112334384,2.014832348258132,0.0138337054989345,2.429513820134836,0.136136792759407,-0.2660643993135453,-0.0528166895705719,-56.66997737794169,0.0,0.3913653908931426,1.504634275041995,0.0,0.0984973559103571,1.9011083237203896,0.1141117739334024,-0.4561058423247552,-0.0160755873665051,-19.49148792862717
14.83410396441582,2.3956784533994098,-0.02,3.72706902806722,2.0036748945992207,-0.0008832978149253,2.3807392589026466,0.1359926302528691,-0.2524658423563788,-0.0552651682842066,-56.725623479519314,0.0,0.3487183854962431,1.4687798130334475,0.0,0.0971070284803529,1.906083531600926,0.1142867354813503,-0.4580552313688822,-0.0172770371522339,-18.489477862968464
14.852150319603671,2.452927285241464,-0.02,3.894381243413021,1.966980607692655,-0.0043045976996264,2.5625178687001524,0.136022159600947,-0.2570264474433641,-0.0522875119986228,-56.771280831538704,0.0,0.3459591288285142,1.515690957185052,0.0,0.0988927309405251,1.8035647006287647,0.1142434313552519,-0.4451311211441731,-0.0245490470226985,-13.865995777797508
14.870196674791528,2.3790940385848893,-0.02,3.874948551182072,1.8467866907435089,-0.0122990184067512,2.483924198813872,0.1359579829413195,-0.2576696725245508,-0.0494031634951542,-56.82560482529922,0.0,0.3176901801005899,1.5008303443663842,0.0,0.1021487395453003,1.68753970479284,0.114227160015243,-0.4327805553283241,-0.0325696950045072,-18.15443111930444
14.888243029979382,2.2492241568699813,-0.02,3.832998850555852,1.7232991207347226,-0.0142969352138928,2.5204428609194767,0.136002461012775,-0.2497047962478978,-0.0481910573837902,-56.88033135543397,0.0,0.3254569630772501,1.4483810837321236,0.0,0.0828492016869919,1.7157390439278182,0.1142441386712355,-0.4394907493979841,-0.0349216975627437,-18.08706822871417
14.906289385167234,2.3475763843875685,-0.02,4.251338301186065,1.6736199919868937,-0.0072384453486804,2.5687914586144496,0.1361048478250708,-0.2369464550981207,-0.0443776238681398,-56.92973941819039,0.0,0.3913945832872209,1.410840906970436,0.0,0.0838442190518345,1.6587763315490278,0.1143332547039713,-0.4500057443239048,-0.0360571631930819,-18.224532799945287
14.924335740355088,2.44680346088713,-0.02,4.301991370268329,1.6520859903522074,0.0069755096774996,2.516643698021496,0.1360829370817637,-0.2331704295571949,-0.0420825174634495,-56.96550275810213,0.0,0.3829708053462112,1.3401626128486477,0.0,0.0827538187461107,1.685297723144979,0.1142995653513444,-0.4475512172193683,-0.0339144890594118,-19.15906288266724
14.942382095542944,2.2438119324656984,-0.02,4.4738803955339375,1.8093813390624407,0.0166148642166306,2.4620264824280857,0.1361235034291094,-0.2387653869383723,-0.0443219883184204,-57.024553121312366,0.0,0.3350476798503469,1.3839262432627983,0.0,0.0942825170778372,1.678434084551271,0.1143245319951159,-0.4453928540708896,-0.0287249062003467,-18.48094191872028
14.960428450730795,2.2158206783479715,-0.02,4.392585823324322,1.8966783968221907,0.0151471814589419,2.384151507550733,0.1361972317876316,-0.2425043538286225,-0.0463707635223624,-57.07736213237552,0.0,0.3574584966363273,1.4517214344560527,0.0,0.1012813818447164,1.647525986394401,0.1142679476017887,-0.4445070629367913,-0.0246859192294318,-20.954491760046977
14.97847480591865,2.1977419868103047,-0.02,4.395493968208085,1.8031283522109665,0.0188137726524022,2.155802974186489,0.1362424397219006,-0.2469357625897389,-0.0425094686298073,-57.121881462548245,0.0,0.3559507916013779,1.4975547237170226,0.0,0.1189790054907692,1.7497299367168315,0.1143018388559536,-0.4410922895736453,-0.0352448563555564,-22.66361512601513
14.996521161106504,2.011803068509633,-0.02,4.622266081044922,1.8178444165019951,0.0289836831002511,2.103724558111367,0.1362911128158729,-0.2501911699071684,-0.0423848351361441,-57.16835821892428,0.0,0.3862076238836825,1.5602366316719378,0.0,0.1219017905822134,1.7275142636289482,0.1142176559926817,-0.4337391599568088,-0.0396290008807162,-21.994331186193445
15.014567516294358,1.960371421026656,-0.02,4.332887229927645,1.7827197816239375,0.0326971508638429,2.0406417078981227,0.1361852399078646,-0.248395343503688,-0.0449530632621027,-57.20983463830582,0.0,0.4229751358845752,1.4841948802057245,0.0,0.104589028498675,1.701563607732715,0.1142600351883759,-0.4375811074592474,-0.040583494409312,-22.82995536460402
15.03261387148221,1.928127741542149,-0.02,4.325310520026716,1.8751102110384967,0.0496235108257606,2.082539664259361,0.1362351017809148,-0.2469249727997817,-0.0499792220510297,-57.25046171187656,0.0,0.4432730718535889,1.5550893031724853,0.0,0.1109249631409085,1.6927376424513996,0.1142835058604463,-0.4455845444781808,-0.029067112425524,-22.14766942820525
15.050660226670065,2.0657856942175346,-0.02,4.2125603052602525,1.950734664692528,0.0365063019045351,2.162990734468292,0.1361945377176908,-0.2475951440521393,-0.050360041574605,-57.28619891011562,0.0,0.4969934186194708,1.5263203949155202,0.0,0.1223925665331412,1.615483911876379,0.1143545977947302,-0.4445175845598993,-0.0195590829899169,-24.31831701239464
15.06870658185792,2.14390106514884,-0.02,3.815157058141138,1.846057961910813,0.0283614648554517,2.238728345975433,0.1361266699254335,-0.2497297179200431,-0.0430844164425229,-57.30398162162628,0.0,0.4472097294510389,1.610067364056005,0.0,0.1035492359160881,1.6376664730367896,0.1143358221522563,-0.4392420701485503,-0.0250089531432606,-23.6560095680034
15.086752937045771,2.2156442850238607,-0.02,3.650068928765334,1.7476547935086837,0.0072303336220115,2.3068600580633256,0.136196343022022,-0.2463476846202084,-0.038293900007805,-57.35321870445272,0.0,0.4616011096757257,1.7163798611830081,0.0,0.0977746034600888,1.529521099853581,0.1143283989978256,-0.4408706766952799,-0.0287949301295248,-27.44091972153422
15.104799292233626,2.3257306292380955,-0.02,3.5150056095391924,1.5966680034584595,0.0038570470766334,2.273260898879251,0.1362346017226972,-0.2348340292015957,-0.0379365240035638,-57.37892466529919,0.0,0.4497167249879506,1.7033794078389783,0.0,0.0936764415210347,1.5517962569732848,0.114354235413232,-0.4475887847063156,-0.0317534299481632,-26.572419466341348
15.12284564742148,2.3183882109025444,-0.02,3.6403312952697298,1.5796857957011632,0.0246519983092663,2.5083845404962584,0.1361377253985632,-0.2326804333023606,-0.0403999592316849,-57.42006226143087,0.0,0.4164240390851421,1.6870335685659643,0.0,0.1034323445814885,1.716744209200262,0.1144376748244953,-0.4446621470819198,-0.036969957099449,-32.15341358106893
15.140892002609334,2.1802307116949304,-0.02,3.3693567814259326,1.7721686075046366,0.0165551520735396,2.594627023725963,0.1361159085961295,-0.225279963843849,-0.041802167369868,-57.45195601298853,0.0,0.3929660459967209,1.6642793948991057,0.0,0.0839344659541541,1.5943858555719668,0.1144211183259364,-0.4483008155708302,-0.0370631653958395,-29.433032829638503
15.158938357797188,2.282097830677272,-0.02,2.9986885736435647,1.9249357834116616,0.0255504436954733,2.8186971082585006,0.136132057533959,-0.2229056157607316,-0.0411251944107961,-57.483818349867455,0.0,0.3837191993106688,1.575929117705637,0.0,0.0976234548882434,1.4901346942599136,0.1144585532467391,-0.4493429889426733,-0.0317842947587396,-31.43458493425476
15.17698471298504,2.2282533388140355,-0.02,2.9942277750347057,2.0686094109931,0.0153765561171167,2.713932966996063,0.1361411867032467,-0.2256413035862715,-0.0419361866295675,-57.53475290968699,0.0,0.3911270278374169,1.6556627984671053,0.0,0.119253897087779,1.564764614594779,0.1143992347885133,-0.4552362641392826,-0.0267012551266293,-31.18461302684193
15.195031068172897,2.400411164159648,-0.02,3.0610391340149534,2.022542592919792,0.010827288003139,2.542475338473284,0.1361311891139047,-0.2240597738668671,-0.0445771966325124,-57.57152866987528,0.0,0.3913186524437734,1.599336576760427,0.0,0.1090736646937356,1.529896841599783,0.1143737861160877,-0.4589161640132313,-0.0239842465736817,-28.470502323022814
15.21307742336075,2.28322410361327,-0.02,3.222576445999931,1.9969629071087944,0.0089249853158329,2.395490597395195,0.1361463364170283,-0.2291789767735726,-0.0495383588729413,-57.59302206458029,0.0,0.332937308721708,1.5392464854108203,0.0,0.1141131784171716,1.508902276679591,0.1144111233551312,-0.4617461764339521,-0.0291770580134668,-27.241487902264744
15.231123778548604,2.320124668125637,-0.02,3.473340350412896,2.01636193348712,0.0081350450090072,2.300155332277332,0.1361778655306758,-0.2375046070987098,-0.0468957249636608,-57.6436426157754,0.0,0.3473213141791499,1.4306321208043071,0.0,0.1478266745780735,1.4458403194008644,0.1143957107488615,-0.4578583189947317,-0.0323619952631681,-28.02868643547592
15.249170133736456,2.367521164773625,-0.02,3.605003635772188,1.971591052314122,0.0173768186243891,2.2479061370801423,0.136118163952902,-0.2393962299910353,-0.0439476770633079,-57.6709856402755,0.0,0.3650465179436949,1.416721571856262,0.0,0.1525120719331739,1.5404500065632234,0.1145006140263096,-0.4621149653543161,-0.0354248856181913,-28.453228870329312
15.26721648892431,2.36919353090822,-0.02,3.6588095791608177,2.189083214384595,0.0137403569877921,2.3082981032621617,0.1361895726630559,-0.249506470492129,-0.0381497139408053,-57.714195287496686,0.0,0.3822072057020723,1.4743608098241163,0.0,0.1556769688964758,1.5570694932998912,0.1145306454026813,-0.4623766544546594,-0.0368858660504956,-35.72077265745718
15.285262844112165,2.3344835485676483,-0.02,3.6036528708236393,2.167625204149859,0.0034302613544002,2.337573582600726,0.1361479014639073,-0.2494433404481914,-0.0309656602128288,-57.75538799468548,0.0,0.4167396952679468,1.4317510831725946,0.0,0.1404754392378306,1.5230281222720474,0.1146437106313958,-0.4601161666016843,-0.0372524759230827,-29.63519625009092
15.30330919930002,2.5551381743634347,-0.02,3.701629391549515,1.9780214767878728,-0.0052141187587556,2.2537405898504086,0.1361267080620585,-0.2530683532254099,-0.0409148143606463,-57.806475112176464,0.0,0.4421411248911774,1.3980737993367447,0.0,0.1422791770381153,1.67057200767477,0.114578092871083,-0.4553005415920585,-0.0365575946912559,-30.169961865778944
15.321355554487871,2.345783140384104,-0.02,3.94882643510452,1.9860801523447429,-0.015162577542131,2.127491909823412,0.136218061944477,-0.2492833186164764,-0.0497950572723506,-57.85924168549296,0.0,0.4836647339730836,1.5164994275653347,0.0,0.1294630646378736,1.7697710413181058,0.1144356366009383,-0.4496937790631204,-0.0372331419607223,-31.50734527420876
15.339401909675724,2.394583943238298,-0.02,4.174026587644054,1.919386004038056,-0.0033706343662352,2.25159233899436,0.1362345927349316,-0.2521900537044074,-0.0457282283525893,-57.88927644631341,0.0,0.4391782123734966,1.3763335320389665,0.0,0.1227037275209148,1.8608586309742468,0.1139102084425643,-0.451741758146275,-0.0439743163714262,-28.43306026604703
15.35744826486358,2.2958341530388946,-0.02,4.014037404506094,1.9158305136068423,-0.0019940937924294,2.415947379121605,0.1361291111550208,-0.2619342806309817,-0.0450803155026087,-57.93047964220069,0.0,0.4372702800898296,1.3909450166066126,0.0,0.1294332537728857,1.9502938501678608,0.113690258294597,-0.4462616711546485,-0.0437607023711714,-29.10261291953073
15.375494620051434,2.2481487005536587,-0.02,3.913697278179244,2.0155282094726394,0.0053132644366123,2.477024504112545,0.1360854700545807,-0.2610611874132083,-0.0476323550282428,-57.97047594837375,0.0,0.4765003652192794,1.5210294421892987,0.0,0.1162141554100147,1.9955668912678164,0.1136722527550206,-0.4444772733968916,-0.0417182326521854,-28.37665711122761
15.393540975239286,2.1447286752425985,-0.02,3.7681200898774514,2.125614147343172,0.0201220446245785,2.529957797925252,0.1360280472560641,-0.2609938605981114,-0.0372571289687045,-58.01630295508594,0.0,0.4705252330343407,1.6144028572307974,0.0,0.1116150121091526,2.010314002811358,0.1138468018065173,-0.4444997370432197,-0.0359227624504033,-30.10053500182194
15.41158733042714,2.010265389871797,-0.02,3.6162176734631233,2.16167936606413,0.0326327331835994,2.3301214410491964,0.1360466541784962,-0.2584703103405887,-0.0317745195154338,-58.08206091758541,0.0,0.424885846491518,1.571917360188358,0.0,0.1037837063009342,1.9557991384336315,0.1139071308615473,-0.4452110972349755,-0.0333891280130616,-25.17255312535488
15.429633685614997,1.9404848733744,-0.02,3.4532874226630046,2.1204167442127213,0.0335365585899575,2.5003382475087546,0.1360105963922466,-0.257373641835578,-0.0320079344931279,-58.13063338575155,0.0,0.440871128866627,1.491582670859844,0.0,0.0959603582969597,1.8456418521087363,0.1140667339416924,-0.4467764361892709,-0.0367002543631207,-20.0077191416001
15.44768004080285,1.9630843153222068,-0.02,3.4111386003242856,2.3488550326131903,0.0346926888111503,2.389456581758788,0.1360166859817325,-0.2585431829930938,-0.0315404873289144,-58.17180185768596,0.0,0.4025129641262444,1.5864408359770543,0.0,0.1135994320291678,1.7316481080052213,0.1140452869842026,-0.4458199941571406,-0.0398409026154038,-18.23771369539074
15.465726395990702,1.7652964677585798,-0.02,3.5953078176810975,2.4771448638988973,0.0374085892820386,2.332117746415993,0.1359918822213675,-0.2595614379799043,-0.0291747047997354,-58.19386300074957,0.0,0.3520688485829404,1.5762747634309848,0.0,0.0992339208075161,1.6673583299214032,0.1140806567138065,-0.4592814561916952,-0.041039317532109,-20.52960813315072
15.483772751178556,1.8887604257958768,-0.02,3.649999790071993,2.444126001726992,0.0571041698953984,2.3568278711060486,0.1359284173477429,-0.2608947577632575,-0.0225419799855721,-58.24834573340568,0.0,0.3164847610152235,1.5553693354831435,0.0,0.1075162787053658,1.7154373199742066,0.1142116575820164,-0.4584987404635129,-0.0423382910210352,-20.226167349269705
15.50181910636641,1.900538611589968,-0.02,3.479811073377686,2.397430528488787,0.0410452462721343,2.4488274945476856,0.1359455045123435,-0.2580373513007028,-0.0224659113416243,-58.3079901427422,0.0,0.3401006020093036,1.6225422546004404,0.0,0.112016739639647,1.6518181510074914,0.1143021690078733,-0.4544756605897517,-0.0420224821489731,-24.95610459619932
15.519865461554264,1.917438454508099,-0.02,3.436010044286979,2.2370697044074874,0.0476066445459379,2.3822529624700888,0.1361340002528479,-0.2548068232945543,-0.030279469073275,-58.32905075565141,0.0,0.3619444294873511,1.7443280158785968,0.0,0.1008497780426691,1.6180326113723644,0.1141980288151515,-0.4583832093643473,-0.0413303815736945,-24.815903706689543
15.537911816742117,1.923726675431866,-0.02,3.504716294426378,2.093518695766767,0.0253571154790804,2.378870229512876,0.1361512955897851,-0.2514055404510392,-0.0305561080799082,-58.361619371102194,0.0,0.3528688681659844,1.7580019408629088,0.0,0.095587917518133,1.642158278625181,0.114221333965734,-0.461721233082504,-0.0389169627227561,-27.753886699379347
15.555958171929973,1.893495638971827,-0.02,3.615250655224402,2.013370953040477,0.0215847337841467,2.4833710454560767,0.1362502916605268,-0.2519753940768064,-0.0273912904787513,-58.40186749365912,0.0,0.3732459119099881,1.6769530673492772,0.0,0.0729251991274587,1.6940805741639229,0.1143307131895878,-0.455681846973643,-0.0336727391085719,-25.83991229524269
15.574004527117824,1.9415835463032995,-0.02,3.673874059241665,2.0435437783757155,0.0191221170528044,2.587015748434073,0.1363214330394359,-0.2573089885182908,-0.0267847632145472,-58.419090891559385,0.0,0.4342266476526119,1.6674036814899662,0.0,0.0635684042704127,1.7217320517558747,0.1144001812982546,-0.4625967872873754,-0.0393280759553954,-24.02382132788871
15.59205088230568,1.932619225538849,-0.02,4.152692613509816,1.8026490915223896,0.0475114567899208,2.3625584873323446,0.1363337361674607,-0.2540283065511857,-0.0281015271457772,-58.45634643450185,0.0,0.4122144964801014,1.7069684124278908,0.0,0.0769474990596089,1.9410385978927431,0.1142826665380531,-0.4649270866775999,-0.0427610316021956,-24.965753115456483
15.610097237493532,1.8376001933377184,-0.02,3.9884763241818937,1.6445144579183106,0.0554169926692089,2.305749820231076,0.1363731243276186,-0.2564515474337453,-0.0338063632671139,-58.50683627684643,0.0,0.4166982818551184,1.634845904675401,0.0,0.0537984457894476,1.9482803002813471,0.1141219329164355,-0.4601604415004948,-0.036489253553499,-26.10683428316412
15.628143592681386,1.9963775324836524,-0.02,3.63649583493116,1.6845355265373878,0.0684106583314384,2.294380043482117,0.1364225433702297,-0.2567655816343848,-0.0330927173548429,-58.54067893522325,0.0,0.4568960610447495,1.5885720257329667,0.0,0.0749825215051717,2.012859785571514,0.1137777888052562,-0.4551762055394652,-0.0378650498843335,-23.71513915519973
15.64618994786924,2.0041409811035344,-0.02,3.5360925863119745,1.6090101491696986,0.0641765250181389,2.295060657282696,0.1364157615532734,-0.2561061179205176,-0.0293779565242278,-58.55874995664294,0.0,0.4442257279448531,1.628921821585502,0.0,0.0679589452010733,1.9589427725600432,0.1130397987726841,-0.4672680626514061,-0.0438160811457589,-21.709364495957
15.664236303057097,2.2216186409029075,-0.02,3.6739090730574855,1.5310588699870329,0.0835437073474713,2.143977886126227,0.1363540845958468,-0.2584073494607737,-0.0303500902784688,-58.58871382153692,0.0,0.4629348127456065,1.5369384793558518,0.0,0.0537500985791096,2.025457131339451,0.1130724561171148,-0.4635151564139468,-0.0435570474802545,-20.16331508745676
15.682282658244947,2.131093988348891,-0.02,3.741955525132552,1.6144649165691014,0.0781363989167269,2.1522279865146783,0.1363091094220272,-0.257356863126677,-0.0300580438639647,-58.6552587328606,0.0,0.4395039463920479,1.3832463191853794,0.0,0.0557554528511324,1.9986408570810352,0.1133619678472645,-0.4641076107219342,-0.0441387399005095,-18.95278421775233
15.700329013432802,2.1640175765069403,-0.02,3.562069091720808,1.670941913855519,0.1036170809979251,1.972160063852896,0.1363457390343561,-0.2613745840414514,-0.0285734562364341,-58.71824525294386,0.0,0.4111970023672646,1.3954926007755153,0.0,0.0732582745497417,1.9740704732297272,0.11376594924047,-0.4661086939200869,-0.0426908502518397,-15.668510985862309
15.718375368620656,2.3950592819935723,-0.02,3.77726108327006,1.6684144501092166,0.1014880601021801,1.9618521697723967,0.1363021414504021,-0.2665873917044658,-0.0285360519378833,-58.76790317210224,0.0,0.384231650202169,1.410228747529146,0.0,0.0964441907764027,2.014116099021305,0.114047626377677,-0.464327418544725,-0.0448245912243836,-19.46616567887832
15.73642172380851,2.430161797262974,-0.02,3.878058386345377,1.874759860018938,0.0868299746291578,2.076812819269621,0.1362599257178247,-0.2654222007340123,-0.0277331623371315,-58.83101435604276,0.0,0.3523820476423342,1.4574611683642498,0.0,0.1072534869914151,2.06297991987879,0.1142862315974783,-0.4572787664450574,-0.0442744482133165,-27.62609279062293
15.754468078996362,2.53084077491484,-0.02,3.618236451358168,2.0114904226072805,0.0534713520096064,1.9757792944325665,0.1362741458267195,-0.2614200056886686,-0.0227928895567557,-58.8650218039872,0.0,0.347022321957203,1.5405164037666133,0.0,0.116252268835158,1.92407717289814,0.1143459118636803,-0.4580651228338863,-0.0443205434251458,-26.76944973293876
15.772514434184217,2.622808567820224,-0.02,3.8273418121535214,1.8955081857902487,0.0429491837151078,2.1996934712373686,0.1363135556946784,-0.2637791420896534,-0.0173594114748501,-58.89186357012955,0.0,0.3689814547478193,1.558622656931812,0.0,0.1219003866066458,2.076429902161032,0.1143083057758834,-0.4565974662848984,-0.0459254226767292,-26.26291483726741
15.790560789372073,2.274281908660698,-0.02,4.117313834007724,1.8886015713911144,0.0332166639969384,2.299724245641984,0.136350330324093,-0.2625349795231536,-0.0163953812583884,-58.95748537517135,0.0,0.3484379928069934,1.5906523381930395,0.0,0.1086982079804413,2.084399563283108,0.1141618318557023,-0.4438845026386702,-0.0469006106648676,-28.249371365478293
15.808607144559923,2.1876079317065176,-0.02,4.267531455154592,1.9266939225128183,0.0231162361115883,2.2880492021438914,0.1363486308204153,-0.253755025414476,-0.0212123884712688,-59.02340662206104,0.0,0.3171256558897161,1.6039386813028471,0.0,0.1013872270748968,2.079930942203286,0.1141369300282407,-0.4445149633715197,-0.0473580707534208,-30.58614352191553
15.826653499747778,1.941831591001983,-0.02,4.163916308207353,2.032994798599422,0.0022884147362226,2.2589064059318256,0.1363967883575252,-0.2545942320576195,-0.0228452914347922,-59.08669416883427,0.0,0.309410826707478,1.6963410587801748,0.0,0.1027107307300239,2.1321552295470583,0.1141151120602574,-0.4534080987241652,-0.044858963885436,-32.244488405418394
15.844699854935632,1.910725061169474,-0.02,4.076604720372542,1.990067287805833,0.0077758772237819,2.422242836486928,0.1362792070363716,-0.2578170512144615,-0.0179012239971665,-59.108843854777575,0.0,0.3144811472783516,1.7577510374537015,0.0,0.1108573117901706,2.0991850553671267,0.1141588998877121,-0.456236402917673,-0.0504355549835701,-37.83593145520587
15.862746210123486,1.952324472232517,-0.02,4.172132686946389,1.8053579651243208,0.0046294696785484,2.667515023495173,0.1362190316844889,-0.2544104505020281,-0.0182502890417438,-59.15292805746537,0.0,0.339974110641184,1.6887501486801524,0.0,0.1058775118491284,1.961453725933627,0.1142857095167487,-0.4548794725162222,-0.0555629462823145,-40.42589102691506
15.88079256531134,1.6745618014982284,-0.02,4.058056782394708,1.717608180610815,-0.0021327161381908,2.732043857415316,0.1362648996413914,-0.2515785760718204,-0.0221417854822154,-59.19302074218995,0.0,0.3362064253124842,1.6899220003599715,0.0,0.0940278336358807,2.036483066339977,0.1143777185645999,-0.4606987603724258,-0.0520811504105652,-40.34947977700253
15.898838920499191,1.668813751646467,-0.02,4.0488656670527,1.6781760821939595,0.003304094888288,2.8530730508471884,0.136253884683156,-0.2543732172400308,-0.0236504189814799,-59.21914981930758,0.0,0.3345374530355854,1.5715414472623446,0.0,0.0897769513966716,2.0150616919742124,0.1144205346259042,-0.4569062972117361,-0.0473316292316454,-37.20978043828539
15.916885275687047,1.5694852906635404,-0.02,3.8532472273511846,1.5893276681866113,-0.0012192226183188,2.9748272424574567,0.1362544616763237,-0.2633205605361725,-0.0203759416153348,-59.27087743476161,0.0,0.3627847397905709,1.4955062973974915,0.0,0.0836864841749424,1.9948322154949856,0.1143464436629728,-0.4553173838530659,-0.0417667274502964,-38.14225553927704
15.9349316308749,1.5156629689810948,-0.02,3.6659098619391393,1.5280523644767183,0.002241838289691,2.857503870845179,0.1362543086046039,-0.2554827666222791,-0.0190340454223359,-59.31708486648624,0.0,0.3101478951318347,1.5163415825045081,0.0,0.0797680629694124,1.8985215232105568,0.1143677588173919,-0.4604456948477601,-0.0409420269327813,-40.951591137961486
15.952977986062756,1.736279517254271,-0.02,3.15770295077216,1.531020731395942,0.0094822283061794,2.8474355525457846,0.1361963201588209,-0.255626474716195,-0.0171170362996347,-59.353457562895,0.0,0.3195262773599571,1.5028655909254705,0.0,0.0931648198712528,1.8206277377943936,0.1144308825240727,-0.461504905297192,-0.0385525858877966,-38.99123256989756
15.971024341250608,1.814238139701202,-0.02,3.166878874146368,1.519000445175727,0.0222900814586626,2.854369752170521,0.1362115650508457,-0.2638226043794852,-0.0180736637275655,-59.3902851047158,0.0,0.3935714229919224,1.532047127180354,0.0,0.1032451778123414,1.883429787665374,0.1144861650864563,-0.4579172094355299,-0.0344629469879582,-39.38844141329741
15.989070696438462,1.8889191339786373,-0.02,3.219744425929497,1.5043015964755306,0.0471433864898133,2.8696196406981485,0.136277189229334,-0.2604109264362188,-0.025583289795957,-59.43841530336101,0.0,0.3834988481982004,1.5391414572567472,0.0,0.092150802666877,1.7886513663829107,0.1144561183609689,-0.4547526499507092,-0.0374630672181488,-37.28207923251835
16.007117051626317,2.064622408348741,-0.02,3.7249766305074754,1.5773579795281545,0.0553606056914788,2.822261079660187,0.1362954897862799,-0.2535163980708043,-0.0292761322165832,-59.486931741701326,0.0,0.4193271397905595,1.570718019922151,0.0,0.0899497456176715,1.7812744775177427,0.1143557306589164,-0.4575809934585649,-0.0370831757823534,-33.10894627443677
16.02516340681417,2.072169936427165,-0.02,3.619633248299464,1.6840928094656336,0.0565403710979095,2.698893535694174,0.1363304403391475,-0.2619809054829814,-0.0299044907017842,-59.526895392811,0.0,0.400393343131789,1.5332910147331644,0.0,0.0969904579606608,1.9828441312281988,0.1143258076325738,-0.4583449103757299,-0.0411195410305684,-30.49452415128326
16.043209762002025,2.0354371042814074,-0.02,3.314275351614024,1.7938105321387954,0.0676428993515512,2.5472682174457724,0.1363467523133163,-0.2620043093085738,-0.0332650480904675,-59.56430107372399,0.0,0.3696825286849148,1.5272347092241307,0.0,0.1140233705588759,1.9196762730972592,0.1142816276822519,-0.4496953165388502,-0.0393036733269966,-31.13714269253107
16.061256117189878,2.11746318762723,-0.02,3.3314839211339886,1.7830625775105364,0.0610926979713077,2.510519688364128,0.1363920486689098,-0.2585191927335668,-0.0341785890060356,-59.59578733888073,0.0,0.3902537853056748,1.6093818835728466,0.0,0.1118204044578236,1.995992776096136,0.1141376963785661,-0.4539252483397281,-0.0339858819507777,-28.858160105827565
16.07930247237773,2.22403010019325,-0.02,3.5234579020342687,1.918352129680561,0.0813412770303454,2.554946027456324,0.1363696844348004,-0.2577679860669664,-0.0356926336118567,-59.61705583239037,0.0,0.3877211476693332,1.59855391613758,0.0,0.0834657686921119,2.0943631662484,0.1141883598472557,-0.4551622940823084,-0.0330568034557635,-28.21924263732013
16.097348827565586,2.18920114715423,-0.02,3.624188374476701,2.1011670171826085,0.0841203512172304,2.454084086368264,0.1363712351028701,-0.2544969396584947,-0.0357115318299632,-59.66899933392404,0.0,0.4393587609630006,1.5116568026190935,0.0,0.0851225038224215,2.108144920179054,0.1141777650092603,-0.4484689844694818,-0.0380622025241258,-26.209306911084003
16.11539518275344,2.2200820824632244,-0.02,3.9088403553725866,1.89063045374166,0.088526169749055,2.3739436877230773,0.1363758381199911,-0.2522784646888354,-0.0387615216682462,-59.72298124468863,0.0,0.4011945993355388,1.5429177953530016,0.0,0.0835969887308433,2.120839595774114,0.1141585622878041,-0.4526881221964712,-0.0328060772708404,-23.33631515332097
16.133441537941295,2.2201895298531165,-0.02,3.706873349731888,1.995030166201136,0.0857728292256187,2.188225293573866,0.1364250369025497,-0.2485983628595433,-0.0383264291201681,-59.78648781363162,0.0,0.3772971710463597,1.473082308753902,0.0,0.059778090928067,2.069832032350188,0.1140986718653016,-0.4581299096782971,-0.0308516632493921,-23.54008203014908
16.151487893129147,2.2921148834955325,-0.02,3.6618208993085894,2.0977306020607607,0.0887505406225281,2.1041896136318448,0.1364186183322866,-0.2469441683803509,-0.0341415673794336,-59.8412161413052,0.0,0.3795785898176199,1.4437815234788267,0.0,0.0737739226617228,2.0540060552007664,0.1140344903621734,-0.4650199790862396,-0.0356906220154931,-18.60049422854422
16.169534248317,2.251774594714829,-0.02,3.2473303760250354,2.150595009615719,0.1041635048982709,2.244151744180978,0.1364520544374188,-0.2526305214326619,-0.0305909470481598,-59.889804949540334,0.0,0.3291749003349409,1.3646991356711142,0.0,0.0824913567085325,2.0482068598382006,0.1140437228461624,-0.4621501446559355,-0.0382031658712438,-18.21229327061732
16.187580603504856,2.250866816872333,-0.02,3.325354083426285,2.2397514619099104,0.1016143681420953,2.3381783089607926,0.1364424513283842,-0.256562176348713,-0.0247046473334737,-59.91659703242074,0.0,0.3724044412295035,1.4407962224767143,0.0,0.0702109273065522,2.0125181182822542,0.1140375306291971,-0.4636587991243328,-0.0381563303662958,-23.072457263374403
16.205626958692708,2.3959365264577643,-0.02,3.6279034619379766,2.0832361830327417,0.0781749256784482,2.2783553083463053,0.1363621752738938,-0.2510677134473438,-0.0249692731582145,-59.95875648750143,0.0,0.4031150053477508,1.5285054794490465,0.0,0.0561862174985143,2.0094028076201704,0.1140444709919444,-0.4572260760007274,-0.0391730162167003,-17.700822078144864
16.22367331388056,2.1727017267378623,-0.02,3.701178029555807,1.9045947405304136,0.0733364788134026,2.161679489757104,0.1363155887559633,-0.2560758845978934,-0.0256068649394127,-59.995418435588434,0.0,0.3753966762252765,1.5220396430909269,0.0,0.0606830744108351,1.9339750551644808,0.1140453374618967,-0.4501278515156542,-0.0360992471004389,-17.162484812716087
16.241719669068416,2.016363203789884,-0.02,3.822794655571258,1.7208325136312266,0.0732249651468599,2.117868962622788,0.1362881397377078,-0.2499417424613758,-0.0265093852033257,-60.052901633534304,0.0,0.3638836508907452,1.5450003304563305,0.0,0.0743461509152801,1.8574303375807129,0.1140802083497098,-0.4524346260012658,-0.0390985849684104,-23.93109838209796
16.25976602425627,2.1429739510998966,-0.02,3.7145682028670586,1.868422878516328,0.0708820102006532,2.054214288809823,0.1362729702411431,-0.252104265000085,-0.0294484838982721,-60.08671192649747,0.0,0.3346596001269444,1.6272826669209266,0.0,0.0937617079324515,1.8109860250478504,0.1140450993309245,-0.4559524286255723,-0.0372498082199087,-24.355964342901785
16.27781237944412,2.1975169841789124,-0.02,3.730246746715318,1.921446738188976,0.073719884856831,2.225721811743868,0.1363152834799559,-0.2464119205079782,-0.0309767339253478,-60.12901577177709,0.0,0.3212979638495321,1.5337633239565196,0.0,0.0917500745565934,1.850138196025094,0.1140788671280161,-0.4493055743910836,-0.0383819951629834,-26.3394832110249
16.295858734631977,2.2197985419277533,-0.02,3.844932570360065,1.8547335717701747,0.0793709837527311,2.338028922135953,0.1362464919510134,-0.2435308493782818,-0.0172439695856706,-60.154761909839166,0.0,0.3548967318637726,1.4954524805151517,0.0,0.1100436210120923,1.8052185851771407,0.1140795330190706,-0.4473538173244363,-0.03767444247621,-20.60658499700692
16.31390508981983,2.098489693290653,-0.02,3.900007982010544,1.4581045662873808,0.0890983804577565,2.513753624337504,0.1362395726252992,-0.2372022013002493,-0.0155761463106868,-60.19734618928012,0.0,0.3394348522568645,1.4588494935340688,0.0,0.095079569306204,1.8353718789387783,0.1140608340992956,-0.4469727568778602,-0.0363676936731573,-26.33482891115779
16.331951445007686,2.0538441318101013,-0.02,3.9666134969024576,1.6034344285269055,0.0441301625844002,2.354195234542826,0.1361878116392868,-0.236990609959682,-0.0279859916853296,-60.245490718759264,0.0,0.3475085696974604,1.5524579266498997,0.0,0.0965216278052092,1.8344381832418752,0.1140109664770626,-0.4521867062805177,-0.0379857572002879,-29.66316472879187
16.34999780019554,1.9855533973779784,-0.02,3.8061353372778566,1.6968549300310038,0.0312330943904961,2.352490961971734,0.1361966087781278,-0.2354144037368706,-0.0219700070262875,-60.30118574408327,0.0,0.3160546300216583,1.5331268436966947,0.0,0.1068381100252515,1.8766938092770848,0.1139206715306198,-0.44832393603798,-0.0389821971754052,-28.353788992356613
16.36804415538339,1.9261944108662403,-0.02,3.7508486108602415,1.8945573858316072,0.0413034733727759,2.454667765121076,0.1362695680437199,-0.2413774921186256,-0.0132199664435427,-60.34426199705913,0.0,0.3352479523514467,1.493603465929957,0.0,0.1154770533612808,1.9180689556930617,0.1138966284062871,-0.457953581678087,-0.0392814876985779,-32.50496576077573
16.386090510571247,2.0374922630413663,-0.02,3.54455573888128,1.9680958608290788,0.0543939361400696,2.3800398395855007,0.1362702152050748,-0.2475085931795466,-0.0266591544143456,-60.41786979971256,0.0,0.344392678871763,1.5512893543909623,0.0,0.1120356989644673,1.8913767760440696,0.1140323347498181,-0.4667255541442179,-0.0400866006514123,-33.689361467497534
16.4041368657591,2.1488602565226924,-0.02,3.525760651131582,2.074599806836994,0.0230444423488826,2.4004805001699907,0.1363027485426396,-0.249666730385335,-0.0285315909961017,-60.47209587022851,0.0,0.3580848927183825,1.587373549541362,0.0,0.1229577204444314,1.8329267883634248,0.1140253355813626,-0.466787082380817,-0.03795458262803,-27.6933224445974
16.422183220946952,2.152943886370135,-0.02,3.483457810732562,1.8626064418591224,0.0353990937066411,2.607025935702316,0.1362707251713504,-0.2478063737261453,-0.0225953424732646,-60.51434360210179,0.0,0.3948132793789399,1.6137240422986536,0.0,0.1011912043004352,1.8715132436695727,0.1141214501440769,-0.4674528490464208,-0.0402733426763393,-26.27667095100444
16.440229576134808,2.087823747717,-0.02,3.5170416359396177,1.852916716795583,0.0281062654706448,2.588089635104262,0.1362629303311523,-0.2518556016750825,-0.0219216919496271,-60.561669628760825,0.0,0.4077121937160593,1.6863950231775455,0.0,0.0899974202070939,1.967528915568696,0.1141123133492267,-0.4690212357659872,-0.0354700634434042,-30.246416766459767
16.45827593132266,2.037683164345664,-0.02,3.652874036066516,1.7421405254945617,0.0147784112608846,2.483722008613572,0.1362559062937325,-0.2517682197600423,-0.0221799922033543,-60.62878084210898,0.0,0.4228312103093273,1.746321548404686,0.0,0.1184144840008707,2.0823447414292406,0.114033672509828,-0.4671736132025563,-0.0317849295280649,-34.84454793551875
16.476322286510516,2.1628178308161563,-0.02,3.6571122027162937,1.9439581920468685,-0.0033388551658551,2.449273155364877,0.1361945588026957,-0.2480060285564278,-0.0239307180082832,-60.65373883632186,0.0,0.4904932305545503,1.8506250760304332,0.0,0.1358111490660563,2.0032420895236926,0.1141118793533165,-0.4583567309643805,-0.038794796775232,-32.99136662265484
16.49436864169837,2.2337505196803105,-0.02,3.793365427436308,1.7596070904934755,0.0259138422780712,2.4107629812630704,0.1361577628371017,-0.2465902109466865,-0.0224198599158878,-60.68632265737929,0.0,0.5081435142641114,1.7763790988013863,0.0,0.118131469190514,2.004666278187498,0.1141188772182584,-0.4544575982819375,-0.0370808999518276,-30.993597794247755
16.51241499688622,2.237886852459474,-0.02,4.257451081047796,1.7306708675306433,0.046910319177264,2.2923061080251625,0.1361492429664497,-0.2561865712230512,-0.0177867085372927,-60.7185411042363,0.0,0.5340040092366234,1.748856727427783,0.0,0.1253426980744066,1.847784514105948,0.1140939406595792,-0.4565867890375805,-0.0297468994743765,-26.452166598738625
16.530461352074077,2.249519640338028,-0.02,4.081958313245788,1.737230919165312,0.053128655441229,2.2893557079977898,0.1361740045725323,-0.2625023344258517,-0.0140203151510433,-60.76105153400474,0.0,0.4977948758023476,1.6674090657956728,0.0,0.1205598290954405,1.7207227649025911,0.1139647375862645,-0.447584342201042,-0.0327915496987948,-24.79874786875776
16.54850770726193,2.268787145021519,-0.02,3.841005360372343,1.743601563731988,0.0352811683212292,2.409338243086834,0.1362983211084877,-0.254284418020895,-0.0113682766824766,-60.78263237512628,0.0,0.4929368364526506,1.6620226405083234,0.0,0.1567783397754537,1.6949017292641397,0.1138274904046222,-0.4420423728106276,-0.0393125082651421,-21.331503548867992
16.566554062449782,2.3917905028712183,-0.02,3.7307548736293055,1.823166576828564,0.0618854845681261,2.3875915252171844,0.1362904530655003,-0.249541196063669,-0.0247692188226042,-60.80969700424709,0.0,0.4749128257998986,1.6701969041664702,0.0,0.1573271197039275,1.7389404044601715,0.1139517193681876,-0.449111300660316,-0.0402627802092494,-20.8087884697516
16.58460041763764,2.3707267315659224,-0.02,3.703670425918903,1.7186409957930342,0.0519214810563972,2.553056726062513,0.1362778125972819,-0.238216214338524,-0.0310598118838704,-60.84596617184019,0.0,0.4509936989441354,1.5239211984652112,0.0,0.1517050470893425,1.7312735617197987,0.1139210946674189,-0.4510414158637555,-0.0398146131768154,-19.2846955178563
16.60264677282549,2.273475793104049,-0.02,3.587481771696393,1.89577325977562,0.0564768791925273,2.4608129158826757,0.1363131017011387,-0.2236461890952719,-0.0257007568322304,-60.89111491317767,0.0,0.4756877724960862,1.5214768575316644,0.0,0.1652418326622309,1.5488013214461105,0.1139321161491258,-0.4496478892185433,-0.0395483915934737,-16.537403892015853
16.620693128013347,2.4175585225970444,-0.02,3.620228372093188,1.916949901526218,0.0677470372125295,2.643327460577584,0.1363161828355042,-0.2398737179993553,-0.0181891232777171,-60.93657792587222,0.0,0.4043713311624097,1.5023153179387194,0.0,0.1316600161878569,1.4685380026593975,0.1140137838861663,-0.4454383723884294,-0.0391256615469916,-12.931187272639791
16.6387394832012,2.423047791942952,-0.02,3.7154627527929938,2.0472055254436894,0.0891250338546877,2.773365994830581,0.1362221123097907,-0.248866915578283,-0.0139881474210803,-60.999439508162816,0.0,0.3310012160904133,1.527532879218669,0.0,0.1107311295904883,1.3899007301068471,0.1139285065679138,-0.4460951041440213,-0.0406147489221854,-15.99154083730607
16.65678583838905,2.321477154302928,-0.02,3.676539748938473,1.9698356789468925,0.0601571723312751,2.7382412576268274,0.1362285155539487,-0.2488678297410961,-0.0137937572064335,-61.02752531229373,0.0,0.3137639602985181,1.5842043963846508,0.0,0.1175087190647072,1.4712898084003623,0.1140624188864095,-0.446365230424553,-0.0434561605274507,-13.198762056838609
16.674832193576908,2.542228917405669,-0.02,3.2604131122210114,1.9266304430737653,0.0699966139926229,2.8977519983362674,0.1362679008523504,-0.2366509846290553,-0.0117003271979957,-61.07009387040741,0.0,0.2799116543425167,1.5558999923515164,0.0,0.0952732407333504,1.5753819836893932,0.1141104908848755,-0.447189548651724,-0.0457873898976974,-18.5571582048026
16.69287854876476,2.559592206598646,-0.02,3.417415048580649,1.679271054192608,0.0530578235844162,2.798643938846164,0.1362903790910827,-0.2366160423229499,-0.0092749672967839,-61.11883336119193,0.0,0.2483990400236029,1.5588349492329616,0.0,0.1067194576060127,1.5265295597519728,0.1140948642340189,-0.4518743834848676,-0.0436679647646256,-13.54060641925506
16.710924903952613,2.5211802482072674,-0.02,4.028122146367346,1.716393030946625,0.0519829445213099,2.867438283258292,0.1362190017601064,-0.2414243392891791,-0.0116487912258164,-61.18135672998834,0.0,0.2179584740378748,1.5748692341258617,0.0,0.0890091127343066,1.571675829783137,0.1140730310992598,-0.4496539412383914,-0.0468868258981651,-19.867105174393032
16.72897125914047,2.284882758998726,-0.02,4.157426932863546,1.6920066089774612,0.0425341760719606,2.815623766985231,0.1362019860551681,-0.2409902728035585,-0.014638184805383,-61.228775750327216,0.0,0.2449122171593529,1.5892492234183304,0.0,0.0812275297280399,1.6805595012518468,0.1140739458303271,-0.4462047740709206,-0.0483181033555347,-20.437273868240904
16.74701761432832,2.291915016252023,-0.02,4.045312294445269,1.7358241922780449,0.0284413014764298,2.448548284511604,0.1362589754585973,-0.242040823436486,-0.0111629359967896,-61.26478669958949,0.0,0.2606587457587593,1.7441403214567808,0.0,0.0936490265225286,1.6804426417250842,0.114146284335936,-0.4503534693825922,-0.0410870659578624,-21.802332355893004
16.765063969516177,2.433904622026685,-0.02,4.128903171027774,1.6645970235360532,0.0404179989266828,2.421983069276738,0.136256439052752,-0.2450460299413108,-0.0118208271069288,-61.282100444250496,0.0,0.2882407208456354,1.8521384972755943,0.0,0.0987013100520568,1.7613311096298885,0.1141713971415786,-0.4468830440672417,-0.0406048910768214,-22.966205762321664
16.78311032470403,2.229036325921149,-0.02,3.929909479670384,1.6627964894037732,0.0359972196020398,2.223127204769395,0.1362909450063755,-0.2416728820773411,-0.0174228407145226,-61.31634315228982,0.0,0.2879721811112179,1.8145608324033544,0.0,0.132205181319443,1.8509314515114073,0.1140930095354201,-0.4454257912863803,-0.040204879535341,-24.882243102321294
16.801156679891882,2.196840242647168,-0.02,3.6561806402542416,1.5606241874899562,-0.0032216818348756,1.918358851024213,0.1363056989440393,-0.2511516907982258,-0.0128095755159173,-61.342492817978496,0.0,0.3122340650526075,1.73527940249116,0.0,0.1310664800159935,2.023487629243676,0.1140581179947999,-0.443080216066104,-0.038503026425837,-21.31403001012822
16.819203035079738,2.234409003747716,-0.02,3.5837206462208377,1.6854063220423288,0.0109220335467881,1.979056908971488,0.13637683742044,-0.2544084791104163,-0.0072105197814542,-61.40457899449207,0.0,0.3141850313556303,1.7141148256685195,0.0,0.1255418238962077,2.121393462798907,0.1139687219513393,-0.440658925661031,-0.0412002233990977,-24.13407400213572
16.83724939026759,2.150342451493621,-0.02,3.6572599521848255,1.741316191466358,0.0207620606103055,1.8165874222326688,0.136337218410619,-0.2603291933676602,-0.0083565156669941,-61.44888129205514,0.0,0.3157878911143003,1.7308139879953093,0.0,0.1467531214382141,2.080881347281775,0.1138325909138008,-0.4401536342180885,-0.038732959452358,-17.936198027946702
16.855295745455443,2.0977816057108103,-0.02,3.690486964605314,1.91589829575506,0.0226481019178206,2.0046942680536843,0.1362574379487425,-0.2431397253275461,-0.0074359522057697,-61.489633190105245,0.0,0.3446137909633868,1.6737401620653525,0.0,0.1374525586819866,2.2492469456656656,0.1138622320823759,-0.4412653807291907,-0.0410215034172302,-23.419434348995487
16.8733421006433,2.1076257484071004,-0.02,3.541177332404662,1.8507227659502536,0.0245832592810792,1.9409704072647689,0.136231777298513,-0.2404666911112954,-0.0039460622371115,-61.53574461875424,0.0,0.3898609463584643,1.6280918394262895,0.0,0.1362622352112546,2.2091989940008863,0.1138974386493209,-0.441170977445553,-0.0410274183079285,-18.06330811435972
16.89138845583115,2.0290304246907573,-0.02,3.599197048876686,1.970595345707753,0.0437924718887701,1.9938261566642537,0.1362885023399447,-0.2438358755321833,0.000312590798261,-61.57548909828031,0.0,0.3437235553882872,1.5340135126343695,0.0,0.1435494275921529,2.149015536821586,0.1137684205400895,-0.4279095999287721,-0.041691088290719,-17.964820499057666
16.909434811019008,1.9807793265018585,-0.02,3.7903862406341498,1.9479083304396616,0.0370277920296669,2.0484797170757414,0.136354517161735,-0.2520065169409176,0.0011330376814431,-61.61548331394077,0.0,0.3309286643763113,1.3847551451560698,0.0,0.1375494891553169,2.262520017549928,0.1137422793658855,-0.420570421340124,-0.0438981743653905,-17.516101817510275
16.92748116620686,1.8454850612051432,-0.02,3.8796339588718936,1.9708160248533404,0.0207076786560001,2.0594489102545723,0.1363293933436173,-0.2595062434752983,-0.0056575121011561,-61.69837529465131,0.0,0.3150503545730736,1.3080822452070149,0.0,0.1145695963262288,2.2487101410677064,0.1137734845116853,-0.4194185615343793,-0.0410819236805138,-17.115256212997927
16.945527521394713,1.9095949385445072,-0.02,3.909428350075818,2.1974106191785943,0.0191369959867341,2.1171500964872902,0.13637823386325,-0.2584800240147794,-0.0093668683445109,-61.740729414552696,0.0,0.4138292334994454,1.36139318082852,0.0,0.0854512373030998,2.0900547049997846,0.113768063795523,-0.4304667798197457,-0.0411667340653914,-12.220329419803116
16.96357387658257,1.9261038691255767,-0.02,3.9487921460993207,2.2387912120404767,0.0173872841003421,2.438471146209302,0.1363978042447885,-0.2551122279354747,-0.0134666254940801,-61.79954304766542,0.0,0.4115268412867374,1.5543135378503432,0.0,0.1063969590380279,1.9691512732324492,0.1137007261837726,-0.4425459966488335,-0.0428537299920663,-14.687546631574948
16.98162023177042,1.9762574510156443,-0.02,4.096215373707777,2.171235075970044,0.0131150798840552,2.278217163479809,0.1364062447629244,-0.2576742530909967,-0.0103513147481551,-61.81761577874408,0.0,0.4307200380871056,1.5762942262998605,0.0,0.1058801162988066,1.7941267499599964,0.1136538173544153,-0.4434122482811813,-0.0411369972576221,-14.295624823707502
16.999666586958273,1.8254389487976388,-0.02,4.469741985117853,1.950694707728423,-0.0012526088048953,2.3935109181091176,0.1363857637672204,-0.259666064105305,-0.0093742037234343,-61.84216020808704,0.0,0.3965236746470827,1.4894511098092762,0.0,0.1033904867998912,1.8315312007857585,0.1137638027554048,-0.4371450580232717,-0.0422161920008314,-17.637066944448748
17.01771294214613,1.808151125700748,-0.02,4.447433522893307,1.892401324859309,0.013798706359161,2.3421749219558654,0.1364413417807351,-0.2636705221097098,-0.0133037554955714,-61.88404369889149,0.0,0.4010280463885445,1.601618863362719,0.0,0.0967142502408736,1.7579180284775822,0.1138399524425532,-0.4341854912060145,-0.0417845671967079,-17.234856631364345
17.035759297333982,1.8573738010215124,-0.02,4.557951430862693,1.975452742951596,0.0174831006418498,2.1645283508115742,0.1364188045504663,-0.2691278797810857,-0.0133355039248556,-61.89857752611964,0.0,0.3748921738112277,1.6196912073578476,0.0,0.0874380212451532,1.7910201507177375,0.1137673113118811,-0.4293392977623314,-0.0423727972865424,-18.59720222552481
17.053805652521838,2.060086692557483,-0.02,4.404688373132399,1.7698360771276709,-0.005557558627375,2.090429375387616,0.1362710323301302,-0.270312203117077,-0.0093347358380489,-61.95179478834452,0.0,0.4387899623576418,1.6880684112070365,0.0,0.0860851046263729,1.8256294995041884,0.1137683076362753,-0.4363221363583573,-0.0446843115960021,-20.994756160042293
17.07185200770969,2.058000738325989,-0.02,4.656986649189892,1.8264681617396163,-0.0031951550493621,2.163166398492874,0.136255062559999,-0.2647810036593094,-0.0111842918963942,-62.0097724476876,0.0,0.435333389150728,1.7559853864633246,0.0,0.1019120571169627,1.7629666753892905,0.1136741355227738,-0.4368697443029458,-0.042316153472383,-24.21265727396825
17.089898362897543,2.1086268113414883,-0.02,4.592759273411691,1.8693524275525089,-0.0064136364509078,2.292914061625336,0.1362602768011173,-0.2628153812093944,-0.0133029951451711,-62.03503685864282,0.0,0.4377440565094995,1.6504637914219946,0.0,0.1358907280846164,1.6925967139879303,0.1137205228239645,-0.436120547256019,-0.0443156819433501,-21.82451676593617
17.1079447180854,2.188333770168469,-0.02,4.654305640344504,1.6201987048179214,-0.0152205560941193,2.356143775881358,0.1362457518909129,-0.258907474439589,-0.0171180766011612,-62.080475567629925,0.0,0.3507307609642529,1.6581664681211403,0.0,0.1393482345774678,1.8039936256093272,0.1137491156655076,-0.4274670188742504,-0.0450750310707533,-26.77437443935346
17.12599107327325,2.163222570185674,-0.02,4.623342956380506,1.684111734084346,0.0329402946596991,2.2580440154250376,0.1362282054237289,-0.2581792791320569,-0.0162904924740034,-62.12710934798639,0.0,0.3619741620713013,1.3841486613065206,0.0,0.1374115985137511,1.8442441061785553,0.1137817536173487,-0.4277377234266398,-0.0433920656064109,-25.87289657154164
17.144037428461104,2.1976068380084253,-0.02,4.487175531430019,1.756671789392937,0.0200242494041676,2.4767673511515578,0.1361515953807891,-0.2594723154405886,-0.0179450672408263,-62.17300443952973,0.0,0.3500764137888583,1.3065083429730064,0.0,0.1521412521607478,1.886738132114524,0.1137318298394437,-0.4187073462663012,-0.0434802778997247,-24.39281260939672
17.16208378364896,2.2283662720518045,-0.02,4.243508970980133,1.8379887100955776,0.0192802476990541,2.430591777363059,0.1362011665390075,-0.2414174411936047,-0.0175793408838118,-62.2240864204527,0.0,0.3656208479544673,1.4025625945599085,0.0,0.1351744655356868,1.996389523305598,0.1137974702321928,-0.4183419868408405,-0.0431932519722355,-20.573626315066768
17.180130138836812,2.1975337759261886,-0.02,4.474599960053752,1.8544226298115687,0.0101451474799544,2.300160926019096,0.1361799578946972,-0.2389301930926796,-0.0207076089713261,-62.26332189434031,0.0,0.3361098946126051,1.3912625435365318,0.0,0.131444075425621,2.0187374513932386,0.1138191250270139,-0.4210227807998195,-0.0412670159368377,-18.21094971266421
17.19817649402467,2.277955513245409,-0.02,4.278057187975194,1.7140451671622745,0.0113450660171318,2.502863102870259,0.1362472530217257,-0.2418118588843412,-0.0133565585857234,-62.33316651154989,0.0,0.3481712188558418,1.4186443199766707,0.0,0.1306346941433338,1.972942802430996,0.1138343303979913,-0.4342028090525108,-0.0407432739914394,-18.68902441339914
17.21622284921252,2.2800626352419275,-0.02,4.304491309142192,1.655753128769101,0.0207022025144647,2.444658588948432,0.136231157111776,-0.2288155218929877,-0.0122761803592709,-62.38090183595604,0.0,0.2925054050366737,1.4351601129031248,0.0,0.1223362524775622,1.9252826712453048,0.1136158568859047,-0.4374292752196851,-0.0401925034569588,-15.931103633739715
17.234269204400373,2.3015289342560115,-0.02,4.004208363851348,1.649570385246813,0.0456902704990499,2.4636344134906456,0.136126281413328,-0.2184064800877216,-0.0166851371641256,-62.41604061957072,0.0,0.2939603476878831,1.3777538709627848,0.0,0.1299667910285431,1.8327444919295468,0.113313341312167,-0.4354467959678605,-0.0415737644698889,-14.8466350883414
17.25231555958823,2.3745545495793303,-0.02,3.942820555593554,1.478587404602376,0.0611826715648793,2.446491166488219,0.1362680291312053,-0.2288859306342645,-0.0167614459871281,-62.44791967271516,0.0,0.3115656312517489,1.5613115274460905,0.0,0.1209132673636059,1.861644835757038,0.1136166337995264,-0.4341977694871242,-0.0423800037405555,-19.168519936763616
17.270361914776082,2.480557146936217,-0.02,3.7415173662208425,1.5448783249874922,0.0686676676651629,2.387508745624757,0.1362559085633247,-0.2306494106826457,-0.0117657078341058,-62.50435586538912,0.0,0.3063671024361611,1.4619484586560472,0.0,0.1129048264365042,1.9594001079118248,0.1138515244836009,-0.4359658393341439,-0.0411559052748261,-25.514153743412383
17.288408269963934,2.3728485321807966,-0.02,3.921183424058024,1.3624716076370906,0.0451099192267946,2.23287173561281,0.1362717569290421,-0.2290352492209646,-0.004761786576355,-62.52770470838613,0.0,0.3482541977881377,1.5902815437532374,0.0,0.1145208067461018,1.9850216678653287,0.1138224603442377,-0.43543592295947,-0.0421964039324741,-25.008707977138243
17.30645462515179,2.285421580843504,-0.02,3.7169361415561295,1.260110394702495,0.064419879191182,1.8467553532325465,0.1363892390931677,-0.2328755791147732,-0.0060533046762858,-62.55180375869078,0.0,0.3397777819302868,1.6104320312763194,0.0,0.0928661748361001,1.9870523799962447,0.1138699626900373,-0.4418228887282053,-0.0420159116763521,-29.39978815609054
17.324500980339643,2.2711217533555392,-0.02,3.69734078465712,1.4072312767089818,0.0593574044332257,1.907046268339336,0.1363715762544772,-0.2315131465974695,-0.0122040781960434,-62.58743197405989,0.0,0.3822407798626698,1.5941357106619325,0.0,0.0935643041775317,1.8800138096118493,0.1137900337272204,-0.4510285440939492,-0.0433656619220133,-34.21093756640739
17.342547335527495,2.212155209243348,-0.02,3.459931127565776,1.4637449478994669,0.071114062630087,1.8892940051709164,0.1363592594865258,-0.2274974444827351,-0.0102536435822396,-62.61963460021538,0.0,0.4188458091526529,1.7397498472600128,0.0,0.0879267779865969,1.8812296259394072,0.1137315811459269,-0.446751862539283,-0.042934739106034,-36.55356161501587
17.36059369071535,2.1986164491223743,-0.02,3.482948709129174,1.6484404273111772,0.0744493080946497,1.7775199564515207,0.1363339329927292,-0.2333925350578855,-0.0126112867090271,-62.630295578518144,0.0,0.4093390081857817,1.7298031037652961,0.0,0.1010391231112788,1.8644322536497613,0.1137214513266793,-0.4421926421768281,-0.0412426473773517,-38.66924084382637
17.378640045903204,2.1346333489022773,-0.02,3.4395051835424657,1.78592602529062,0.0823891438786969,2.045147424483577,0.1363925117985719,-0.2323977158012253,-0.0146824240821092,-62.68065084362363,0.0,0.4111379859179848,1.6637734867636225,0.0,0.101039816502269,1.8203410621931488,0.1136164127254261,-0.4430717960078694,-0.0409791538903105,-36.2271197433291
17.39668640109106,2.170629944214236,-0.02,3.5265452467587166,1.6914310390686351,0.0825436277319844,1.9271777829363992,0.1364494170363537,-0.2315565493130528,-0.016754395353621,-62.745511542495805,0.0,0.3837704667462204,1.7678208237713193,0.0,0.087978143642175,1.8399742276616784,0.1136227741337098,-0.4535919448163003,-0.040216141030898,-36.302561108969606
17.414732756278912,2.1986114708824864,-0.02,3.665790812752244,1.6700399583901608,0.0869587525543952,1.8589876446167388,0.1364145662103788,-0.226625515394706,-0.0161379438319744,-62.78585768940735,0.0,0.3814740017877961,1.716325303793808,0.0,0.0918513479820524,1.843846333583348,0.1137170380220211,-0.4602253687441919,-0.0391514124093877,-36.74278982946258
17.432779111466765,2.112080614098456,-0.02,3.8425134631162576,1.7753673065806028,0.0858643929564185,1.9469327663047755,0.1365020035961029,-0.2313441151674317,-0.0175719621843541,-62.82964289752893,0.0,0.3907164661870441,1.7485769091277117,0.0,0.1038966487332553,1.7256470258324352,0.113755846671517,-0.4655407539152499,-0.0427778598423848,-33.249171373254875
17.45082546665462,2.2452713759415777,-0.02,3.958020662701341,1.904365172634538,0.0894804108998686,2.2399642736152408,0.1366049263065418,-0.2431616278995567,-0.0206280751072371,-62.87660611809345,0.0,0.3445107509214876,1.625765901849057,0.0,0.0908283761448524,1.810545987966253,0.1137924773894236,-0.4625651276764083,-0.0463607636199696,-31.06513523563777
17.468871821842473,2.339217198520572,-0.02,3.932091801545184,1.9563327218344173,0.0988485968726679,2.404724472328414,0.1365448710029238,-0.2366356109245759,-0.0219475764876079,-62.926547401346255,0.0,0.3625031677762026,1.6381218097097523,0.0,0.0928847741971551,1.899307504807312,0.1138377982525243,-0.4635351660933248,-0.0557898476670614,-28.16505202259148
17.486918177030326,2.3776083314076373,-0.02,3.7595848400357545,1.912030364097528,0.086547418054673,2.299008617162541,0.1365457009455634,-0.2447731884564247,-0.0208101670681325,-62.976227692545685,0.0,0.3428577067758199,1.6564533863634276,0.0,0.1013091849952338,1.8278089076457469,0.1138152440115368,-0.4570202742205965,-0.0602152192015195,-24.75536971556642
17.50496453221818,2.5364690428052863,-0.02,3.602895313546133,1.9361997855236657,0.0883381738748954,2.4423629558674302,0.136596736077585,-0.2480032234160593,-0.0194052159599339,-63.018460076097874,0.0,0.3315796446851117,1.4719177265870755,0.0,0.1193035060541796,1.8286451229534624,0.1138331550709926,-0.4500018460493117,-0.0613800725875865,-25.543561411831163
17.523010887406034,2.423558276529292,-0.02,3.6347193833837546,1.8410919718048464,0.0728201653414785,2.505500630178352,0.1365691410972225,-0.250351293981753,-0.018696800766063,-63.073958657301766,0.0,0.3336093822057696,1.5386411912073745,0.0,0.0753720552970275,1.887316801579876,0.1138487703396742,-0.4571816755280871,-0.0610770191840346,-22.42118494727996
17.54105724259389,2.2945879157330973,-0.02,3.7951589372990258,1.76190710502142,0.05958305069097,2.2891997485290982,0.1365690622739413,-0.2609932990731125,-0.0203475261371746,-63.11122881959445,0.0,0.348165699172323,1.579140819723435,0.0,0.0793215668408549,1.8234988039375468,0.1138695440740153,-0.4563705434453676,-0.0563940858409586,-26.82797593879653
17.559103597781743,2.2125350037020906,-0.02,3.71893759580208,1.740372843938529,0.047388973052998,2.349761770891136,0.1365118606132578,-0.2723610956000553,-0.0174727862835275,-63.15309402878946,0.0,0.366021287447148,1.5438680140398997,0.0,0.0797410503457084,1.7389082682120591,0.1139532950227717,-0.4483860946608372,-0.0539441636724653,-25.71671766671905
17.577149952969595,2.0509658566466693,-0.02,3.5757248902296417,1.7763789003940036,0.022061660564064,2.31386585326178,0.1365166935421446,-0.2860360989869328,-0.0179940689358823,-63.1951214052409,0.0,0.3488964798802984,1.551293847693595,0.0,0.073803919588095,1.68455254654579,0.1139757323846064,-0.4357664737467823,-0.0518414962741843,-21.702834659877144
17.59519630815745,1.864241741975874,-0.02,3.5518134296054664,1.7082289116132494,0.0188569135352268,2.1940949818489366,0.1365350723690865,-0.2944472469490919,-0.0189210240305535,-63.23084409036784,0.0,0.3258064863159274,1.498357172644605,0.0,0.0574750379310122,1.6529527374898132,0.1139894721806665,-0.4264308100992919,-0.0488160931711926,-17.611999862111404
17.613242663345304,1.9356618197227853,-0.02,3.31359445750851,1.635489910392856,0.0173676169739715,1.882527558068446,0.1365015269997271,-0.2836832387097794,-0.0125319144191289,-63.27542012508889,0.0,0.3263870030253969,1.677870565983217,0.0,0.0622467939131419,1.5897878082284767,0.1139574254439482,-0.428321345303355,-0.0459156066911619,-20.37673797852171
17.631289018533156,1.9025766421884844,-0.02,3.68977504807188,1.6554526506620275,0.0018506311700694,2.175338510469414,0.136477609275051,-0.2912618004755609,-0.0094603167271096,-63.31685842295099,0.0,0.3105314836721957,1.7808289095557155,0.0,0.0628780421185148,1.3453066730418957,0.1139014984811342,-0.4317927245513316,-0.0413343162462014,-20.531568009876025
17.649335373721012,2.013422132655141,-0.02,3.9690683900524433,1.5440552706748956,0.0273203014364556,2.3406060029594973,0.136516158860504,-0.2885141672001807,-0.0193076599797059,-63.37069527934074,0.0,0.3271275824647399,1.8100375484486664,0.0,0.0500182025107305,1.4011417813567115,0.1140144496990937,-0.4280683679830644,-0.0411889617355162,-22.23346236451645
17.667381728908865,1.9508732255874988,-0.02,3.9249705483035617,1.4799114094865469,0.0251169168760788,2.4220998708817554,0.1364683662241416,-0.2883465179305826,-0.018947605572755,-63.42447673113164,0.0,0.3504520348804367,1.8749031241095904,0.0,0.0293322612157503,1.380635070115244,0.1140761442818917,-0.4247961750343264,-0.0428782500490561,-19.29893845403001
17.68542808409672,2.0082769332395145,-0.02,3.525303476375234,1.5130567124019887,0.0414880303541558,2.510682063192843,0.1365036319086745,-0.2851070326056025,-0.0121513665312858,-63.46244602182738,0.0,0.3418393463711106,1.8568075101272057,0.0,0.0619697720334855,1.3291750829324762,0.1140816616826555,-0.4093358142698492,-0.0439533624000237,-21.30570822543057
17.703474439284573,2.2751590230313625,-0.02,3.423628288326358,1.6431793798711751,0.0554949354423876,2.806298390674098,0.1365148351733221,-0.2838853887940903,-0.0076788915680977,-63.491143639029495,0.0,0.3422437078764155,1.8559446004959088,0.0,0.0585846241915649,1.3698349220709314,0.114097977723536,-0.4106045742941006,-0.0437308074701036,-21.70599828476972
17.721520794472426,2.312352819791719,-0.02,3.597269028243799,1.7868585400063286,0.0576351141982091,2.75533299652632,0.136568864303428,-0.2900401286898432,-0.0078390049720926,-63.523468024660446,0.0,0.3486381939477392,1.8954414267182815,0.0,0.0638190800385442,1.5851652122686246,0.1141129713763237,-0.4127576574154835,-0.0421556689879676,-20.65047379415729
17.73956714966028,2.261986881944112,-0.02,3.651821720994049,1.8610476833046992,0.083126727944862,2.678470187697806,0.1365174439209459,-0.2876659514936527,-0.0070376016109844,-63.561063113266194,0.0,0.3408816650697718,1.7797642332196075,0.0,0.0434736329467582,1.6459384993727333,0.1141972165529455,-0.4247504206357821,-0.0401425953159485,-18.1758029092532
17.757613504848134,2.27109924308082,-0.02,3.5413511244925022,1.892235100489174,0.0655367525626222,2.7150692885198087,0.1365063021495555,-0.2821664262970975,-0.0075730732875526,-63.60604282018448,0.0,0.3407570799173197,1.8210585464630968,0.0,0.0575423583679233,1.732776001528708,0.1142171572381995,-0.4388328527247158,-0.0380310565413141,-18.50837050075825
17.775659860035987,2.128932558301607,-0.02,3.8599436534003018,2.0776341922436883,0.08005551175702,2.7264855237711942,0.136492681456869,-0.2833770391991114,-0.0064358399637664,-63.65413508509268,0.0,0.3731742353421138,1.763582074281447,0.0,0.043079082928389,1.6675195032799064,0.1142413487849586,-0.4410918289378251,-0.040190981890147,-21.733915243458707
17.793706215223843,2.1078938792764523,-0.02,3.650058561223664,2.2159577582049543,0.0827418566608049,2.532937580779987,0.1364772165207172,-0.2765386751522841,-0.0074304395764005,-63.70164620576145,0.0,0.3753980098125725,1.6749694489412548,0.0,0.0509144978657318,1.8573017813170407,0.1141795898460269,-0.4374738000305536,-0.0424132940538379,-21.743352621177024
17.811752570411695,2.1170982790470667,-0.02,3.550788304378447,2.316573663863176,0.0735617721969907,2.412460853045862,0.1364240346289921,-0.2782555903791318,-0.007181441581547,-63.717980132193006,0.0,0.3438736907105705,1.6813718387539434,0.0,0.0698793437602724,1.853078740577304,0.114125861924722,-0.4412177825738087,-0.0444279213317899,-22.41856429820401
17.82979892559955,2.041037922502256,-0.02,3.858051934752945,2.446420410614732,0.0756021943257866,2.241911977209784,0.1364945408599542,-0.2741298798650807,-0.0110478380779574,-63.74501845625277,0.0,0.3238647659211417,1.7433815237735864,0.0,0.0620705727756371,1.7909045101166337,0.1140985916000159,-0.4483971240367563,-0.0412674610090174,-22.76469835989013
17.847845280787404,2.1361799325211863,-0.02,4.203780257076386,2.4014410625237748,0.0612581158787432,2.226646281400778,0.1365196156234903,-0.2683505712595571,-0.0171527698035916,-63.78960899296268,0.0,0.3266910904115161,1.8034258666428888,0.0,0.0461060879060962,1.8265413971344249,0.1140415503273864,-0.451066537244309,-0.0421951441176116,-22.29323452136143
17.865891635975256,2.0184119098910323,-0.02,4.081659076458532,2.3108922289436435,0.0560158617783806,2.0472769362394434,0.1365969299758788,-0.2618367692236314,-0.0172797569367739,-63.837835768735495,0.0,0.3174356090573726,1.8520005327653104,0.0,0.0490842804868245,1.9685499400000692,0.1140004179541764,-0.446642915410778,-0.0422669064026853,-20.405869628404425
17.883937991163112,2.1120008922294584,-0.02,4.097228650125265,2.240099106807419,0.0453661639896966,2.0542332517128665,0.13667871410736,-0.2554613753633878,-0.0192154406245531,-63.89003674706952,0.0,0.3220145667329889,1.8025280120439813,0.0,0.0276249803012867,1.8912054057068393,0.1140156328701048,-0.4460356482656224,-0.0399327790021099,-25.096486593993728
17.901984346350964,2.19405625346252,-0.02,4.250393061544048,2.2233941099845698,0.0432665715273002,2.0779320663081178,0.1367565012794022,-0.2513931709844433,-0.0193851308192503,-63.93385612621884,0.0,0.3007014911247153,1.850969611069788,0.0,0.0421129354025945,1.8297649293183649,0.1138127168361488,-0.4375432161640022,-0.0406751376447366,-7.962662905585317
17.920030701538817,2.414418845243169,-0.02,4.332098774077549,2.0760014860633573,0.0680417999897975,2.2027320131320485,0.1367663542578469,-0.245930314726659,-0.01557559131831,-63.97342962589131,0.0,0.3195362072445289,1.8952021279661515,0.0,0.0444641137341351,1.7646390411325052,0.1137517065136565,-0.4334953918384449,-0.041468037857479,4.95275970598226
17.938077056726673,2.50514376302737,-0.02,4.277885802786736,1.9452010667536377,0.0659206601718539,2.2473174941186,0.1367182462372642,-0.245105717040282,-0.0162383226093567,-64.01695355019028,0.0,0.2806987114734158,1.9080066446878696,0.0,0.0610585957325271,1.8273637937026543,0.1136882217315764,-0.4417802319979162,-0.0394657052676956,8.19568417984431
17.956123411914525,2.4154487783568603,-0.02,4.249574981159372,1.779729309198547,0.0492552100022578,2.167797265688935,0.1368048674070075,-0.2403097969831147,-0.0166015347829506,-64.055033117733,0.0,0.3044403691929896,1.9343115679633087,0.0,0.0550362383145244,1.7690969053181906,0.1137194403067233,-0.4388585760354983,-0.0392019587437811,7.044014122319804
17.97416976710238,2.2789205133858497,-0.02,4.16281994909519,1.7553072446365785,0.039657832212384,2.190631087130008,0.1368692187252413,-0.2354111495510302,-0.0152126317094842,-64.1046895282465,0.0,0.3167669191145006,1.8731590175769623,0.0,0.0512098746841935,1.8141459229943,0.1137490328010068,-0.4308089471480671,-0.0381158678247928,5.417896452731596
17.992216122290234,2.3582543781877847,-0.02,4.149090148708309,1.5915471039477262,0.0224900713230628,2.1347026806354954,0.1368080823552473,-0.2408800877022305,-0.0105716048959673,-64.16191564075405,0.0,0.3309499863188174,1.7995700385185014,0.0,0.0580014459743943,1.8278003889519217,0.1137485877287219,-0.4283837134172059,-0.0408338307815319,1.6797959021751394
18.010262477478086,2.2627875191369893,-0.02,3.861279769819422,1.586415431247019,0.040822280251487,2.1490710901269874,0.1367838764349495,-0.2439350002499148,-0.0053917329069993,-64.18175089719742,0.0,0.3379791936092314,1.6854598564795953,0.0,0.0679354193516732,1.876529275182784,0.113831133828654,-0.4303131182100159,-0.0377449419162977,-0.1682030563823291
18.028308832665942,2.362796438603174,-0.02,3.8192105894245856,1.4294596738645569,0.0402747789742418,2.0467816011537954,0.1367024419805037,-0.2451554487665634,-0.0044066309220134,-64.21473450913419,0.0,0.3554997384623843,1.650765244057354,0.0,0.0634736925123297,1.7792782652727677,0.1138250554506227,-0.4249105202417327,-0.0392336552886546,-1.4148387084052354
18.046355187853795,2.248984009369458,-0.02,3.8112789679406447,1.428412538656887,0.052184090033776,2.1451772247594865,0.1366458621617433,-0.251251456255188,-0.0042647018800692,-64.25936366526247,0.0,0.3569332945210131,1.6859295989128456,0.0,0.0745471902593984,1.7657961504802033,0.1138491795047429,-0.4234682855733117,-0.0406784207371768,5.520103430513463
18.064401543041647,2.218250843246469,-0.02,3.5744314548406986,1.510665692866798,0.061621315400946,2.2412347682172697,0.1367020664166176,-0.25153575367749,-0.00675492551175,-64.27601141522862,0.0,0.3608148153220478,1.7252338623597894,0.0,0.0681639490992378,1.865559516375996,0.1138905157076731,-0.4310740769550179,-0.0414218532604051,-0.7136235286029367
18.082447898229503,2.0676583960120403,-0.02,3.67686336817976,1.5292604791350166,0.0558613650762188,2.062256825329934,0.136710064094443,-0.2607439190516141,-0.0088761225845111,-64.28518997807515,0.0,0.3789595332895204,1.7263218385740569,0.0,0.0571689218114369,1.7799346636325248,0.1139135794352951,-0.4250511718173089,-0.0453141458493024,-0.0953734434776292
18.10049425341736,1.957567223347089,-0.02,3.467632308095028,1.4964057910994852,0.0367981011967533,2.333414459809062,0.1368359884903831,-0.2653787105278454,-0.0097804741270822,-64.3355757328406,0.0,0.3614648255831278,1.6722659276964402,0.0,0.0524284492582989,1.7457015665920788,0.1140329076164359,-0.4212515372841536,-0.0498719544209184,-1.6213349198122708
18.11854060860521,2.0780107372988144,-0.02,3.414848840487588,1.519485307296541,0.0495058639152587,2.406612665686775,0.1367656593225724,-0.266647308875596,-0.0088883155225124,-64.40064342784711,0.0,0.3184399795975345,1.6111232248498617,0.0,0.064050743978695,1.7293741128238225,0.1140372582896382,-0.4254165756653599,-0.0507055122111171,-4.422481665669119
18.136586963793064,2.086449995886403,-0.02,3.449357352269727,1.432422951023582,0.0509825522628829,2.424757891480741,0.1366258176976037,-0.2762314991144958,-0.0075309707251807,-64.44393884566595,0.0,0.3389355008188151,1.6494109861651085,0.0,0.0569642243849501,1.8397803750608543,0.1139979855068729,-0.4307733746923102,-0.0501950246822244,-2.9987679084794454
18.15463331898092,2.1830758111180555,-0.02,3.4716914444536804,1.5225574667151096,0.0584005093429793,2.499666445864182,0.1366739833443485,-0.2739626458951285,-0.006953702877679,-64.45851958851257,0.0,0.379262713760862,1.6215646819061682,0.0,0.0757129353624138,1.9146442790742713,0.1139885371714477,-0.4275834945156622,-0.0496169051659218,2.6810322607571733
18.172679674168773,2.212586854378601,-0.02,3.6194873366320257,1.5577040258930737,0.049886881567785,2.379041070393616,0.1366552011400756,-0.2744815355526716,-0.0066359611520711,-64.47578865836819,0.0,0.3980330581425641,1.6701504225026804,0.0,0.074153639592668,1.9059990719162985,0.1139278256784122,-0.4308542225391996,-0.0499939168719037,6.314841498119354
18.190726029356625,2.022792872845128,-0.02,3.643559709301313,1.6719969675565138,0.0571136376320891,2.349100316033237,0.1366886689178323,-0.2810265137205057,-0.0084485192508578,-64.51924003782425,0.0,0.3866951874413338,1.5133328977949665,0.0,0.0783898501721446,1.8945754677689173,0.1139494591124901,-0.4326234648280948,-0.0488025489609042,7.7938969250429535
18.20877238454448,2.095375305691847,-0.02,3.435437009295473,1.6207827654575873,0.0548179951810159,2.198217747960229,0.136688366306797,-0.2694846154277794,-0.0076116510137494,-64.5529479960453,0.0,0.3875040771413007,1.4654234846314511,0.0,0.0698413364458779,1.964212577054517,0.1138308580215657,-0.4343188303210117,-0.0496200427752153,5.0354547271913095
18.22681873973233,2.199096131688297,-0.02,3.3118632383997566,1.565129667154038,0.0107231016305692,2.086857878237272,0.1365838504071954,-0.273562637915869,-0.0126676832372411,-64.60357418696087,0.0,0.4134985874110669,1.5286423632674735,0.0,0.0843778060032593,1.9916262839390584,0.1138704725056924,-0.4333091238095622,-0.0491921103594807,7.005985742809534
18.244865094920183,2.2488563688659013,-0.02,3.254721503611585,1.7018291505537548,0.0263478049875746,2.141512500054256,0.136629648937348,-0.2729204786062069,-0.018469369794724,-64.68000048561986,0.0,0.4213857267487643,1.4710038255891533,0.0,0.0901164814095739,2.180041561932331,0.1139296707391795,-0.4281876866604835,-0.0443103686180228,12.977836957523072
18.26291145010804,2.2241074094580986,-0.02,3.2155964018067285,1.7546334646193684,0.0290839094433893,1.8700453828353627,0.1365456983656219,-0.2753909874589689,-0.0192025916475619,-64.7282327640968,0.0,0.438862907025525,1.4301918964936216,0.0,0.0905611552054804,2.124497230693273,0.1138718611327736,-0.4296832651829976,-0.0424519878523327,18.37732597500462
18.28095780529589,2.1569445264922327,-0.02,3.412590444083682,1.7471811163989808,0.0432882575218484,1.924490284717556,0.1365367918553751,-0.2787646912720558,-0.0178683252891752,-64.77728695175347,0.0,0.5049282455509408,1.4299909259332833,0.0,0.0855542804172618,2.128141089582296,0.11382191610585,-0.4325428506175695,-0.0426431395445746,18.138561185565287
18.299004160483747,2.108056585924684,-0.02,3.3841229574332643,1.794947966565604,0.0558754889567294,1.8462908711308688,0.1366696597741959,-0.2757436914095418,-0.0165513173216851,-64.79844025110062,0.0,0.4742000951738785,1.3482854935796895,0.0,0.0792228550023298,1.955424834523376,0.1137885677745757,-0.4352563443699099,-0.0393843835508277,19.40127682531725
18.317050515671603,2.0142917643091223,-0.02,3.385850505386377,1.857460252787953,0.0523297804601211,1.8525943418667536,0.1366121967389158,-0.2763420854503762,-0.0157510533905856,-64.85555345766363,0.0,0.4254490792993904,1.2522302553623643,0.0,0.0809101878515581,1.9329592577155448,0.1137888667852664,-0.436514569660663,-0.0391368544361592,23.774235276691225
18.335096870859456,2.0387697961337605,-0.02,3.493795925174476,1.7787152665472652,0.0513100112781902,1.7887560388461736,0.1366838461392638,-0.2721518577225555,-0.016129921346967,-64.90631962072268,0.0,0.4155103970598824,1.1685904363652488,0.0,0.0938138973940478,1.8563441950376225,0.1138318571070542,-0.4311712673418831,-0.0418616430330137,19.04019742996596
18.353143226047308,2.25034592940541,-0.02,3.6829218025146897,1.8178139207508264,0.0214039393795652,1.863584786656599,0.1367140132072334,-0.2638242553840593,-0.0161466908184373,-64.97102099399441,0.0,0.4143091724850033,1.2343613133621945,0.0,0.0867982743588375,1.8398088528379128,0.1138419769105319,-0.4323319552581835,-0.0416161846523009,16.032739588112108
18.371189581235164,2.2186188559288262,-0.02,3.8964701997217137,1.9229616390298097,0.0263183468532039,2.1143676755168266,0.1366885776845431,-0.2692205682016543,-0.0182580200610539,-65.00820181495764,0.0,0.4293195934925552,1.249757553180937,0.0,0.0954862454599372,1.7575421825397914,0.1139155811826106,-0.4320370006591447,-0.0411468372161827,15.952649055925054
18.389235936423017,2.098187765531141,-0.02,4.040158701684301,1.9369050066371167,0.0529312847307683,2.253166680592636,0.136693551685834,-0.2649516516621916,-0.0168151718676495,-65.05343096629807,0.0,0.3852122557714764,1.1229495760759116,0.0,0.1043189826672275,1.6122235644828204,0.1138859159658238,-0.4269589935936327,-0.0405400802478845,13.727919434373655
18.40728229161088,2.0613854966446565,-0.02,3.7996454270427695,1.827549005738596,0.0342262908355893,2.3520800866514664,0.1366456658164023,-0.2588676909773908,-0.0175524939035869,-65.08350831369356,0.0,0.3661404345981982,1.1562212794580984,0.0,0.1143100174994646,1.5464634915345543,0.1138647890381409,-0.4267562387492393,-0.0407677171542079,6.427252362020454
18.425328646798725,2.1738642584357333,-0.02,3.8635557870675625,1.878577936375648,0.0296903752938806,2.457361189081275,0.1367280537209977,-0.2494972529262097,-0.0167258202959452,-65.09844320513203,0.0,0.3379571524145107,1.1642315344988363,0.0,0.0966365631653913,1.583177335404064,0.1138138668483914,-0.4275217047918344,-0.0386875992084148,0.8898290246230545
18.443375001986578,2.3946582592326195,-0.02,3.8246029261197663,1.6964407228126677,0.0282214539083734,2.356015713802849,0.1367572238638353,-0.2506436499591876,-0.016425986254269,-65.12295552003808,0.0,0.2575101042877289,1.1895292571150624,0.0,0.1079446565600717,1.5747737761311875,0.1138828730248352,-0.4195459864562245,-0.0390838223961009,0.4673117084853366
18.46142135717444,2.485193275406822,-0.02,3.866934240667026,1.699080800320714,0.0051372616998288,2.320718561522282,0.1367767281120411,-0.2426867067399386,-0.0174976257062134,-65.19292654508568,0.0,0.2331249413149763,1.2022664137447738,0.0,0.1008571416218549,1.6556265979189873,0.1139113150493255,-0.4049404104279176,-0.0418679333866601,-1.1620518216241829
18.47946771236229,2.455565379218376,-0.02,3.597441846724026,1.663370832059062,-0.0198500149087604,2.45371692399332,0.1368745696294958,-0.2426128659096001,-0.0203559011321111,-65.23392669458359,0.0,0.2351216983937333,1.2169276881196607,0.0,0.0852225602109261,1.7242334104195345,0.1138944602590588,-0.4116846982764111,-0.0426540429663932,-6.90247194125762
18.49751406755014,2.3150020271549305,-0.02,3.5741254801563738,1.5791818022912585,-0.0040009099711277,2.5968578337252506,0.1369270150729655,-0.2397308083301833,-0.0195254379575761,-65.27559333010066,0.0,0.2331105401325845,1.202580142741542,0.0,0.0767250684206895,1.7041078736941493,0.1138936382789097,-0.4136474061019531,-0.0422025963157718,-2.90996582616609
18.515560422737995,2.2943850192683937,-0.02,3.4368454615257966,1.4289406333841268,0.0257777621403598,2.309042147154776,0.1368830945204488,-0.2372123080762874,-0.0152695320458067,-65.29080013879171,0.0,0.2394155242383888,1.2808195511256213,0.0,0.0845410769396204,1.5338548760891066,0.1138412203198493,-0.4201606364928951,-0.0433006966743204,-2.1019384443182894
18.533606777925847,2.2877152352392787,-0.02,3.258470831289036,1.3342510393139126,0.0362071829346183,2.022709790552084,0.13684518044922,-0.2353655562496092,-0.0085804164941984,-65.32278751119189,0.0,0.2113985152352118,1.2435058975924032,0.0,0.0877504668569762,1.4977480418454627,0.1138310365853437,-0.4165343058058638,-0.0419181369434562,-0.1434410429902248
18.5516531331137,2.365744573370609,-0.02,3.4445282722295896,1.1548546313914747,0.0277629943878248,1.689923174690838,0.1369149414926311,-0.2357847901606817,-0.0078337868958104,-65.35093700651527,0.0,0.2572705222433572,1.1354453446120352,0.0,0.0687688760110098,1.386338628315421,0.1138449087932256,-0.4153859331302232,-0.0434916553006279,1.69388797405641
18.56969948830156,2.4320633382831613,-0.02,3.3146801807885815,1.0766506048195637,0.0183606593691417,1.4263975731183205,0.1369761554487391,-0.2296297261983829,-0.0055035840365567,-65.36053836174469,0.0,0.2255978508758223,1.14382061215868,0.0,0.0639053738565851,1.2716925813525184,0.1138027917564846,-0.4213268476348935,-0.0429174087033048,3.61358621810576
18.587745843489408,2.345647891454316,-0.02,3.3445055713776326,0.8237166566253118,0.0281086692127351,1.1608870911322242,0.1369713065401191,-0.2248892367971837,-0.0058102790394717,-65.40090812291335,0.0,0.2269869496449387,1.0747065290591673,0.0,0.0895478468200221,1.15647275704946,0.1138106663761688,-0.4163824423874042,-0.041612863186028,7.89880328468933
18.605792198677264,2.003898361329276,-0.02,3.1666604130171234,1.0604674747911371,0.032444962124856,1.122839458564397,0.1370692446735841,-0.2127581908117035,-0.0062791959179226,-65.43587228849344,0.0,0.2653610357364901,1.0081244483621197,0.0,0.0709920231405131,1.1910044706633387,0.1137924467994277,-0.4212895294125794,-0.0401748101990491,8.743857916697557
18.62383855386512,1.8465063204282843,-0.02,2.9653700234111344,0.9825477816471408,0.018721215552749,1.016344908457001,0.1370793754692361,-0.2109729002145847,-0.0087962848221205,-65.466436076847,0.0,0.2495029448126683,0.8971163765170008,0.0,0.0548431169800368,0.982904564816386,0.1137070381364909,-0.4343317889998311,-0.0397739281555785,15.344249247296773
18.64188490905297,1.6039573112825285,-0.02,2.778889472708725,0.7617667673944346,0.036139527282151,0.6893870386365928,0.1371084166387284,-0.1983985764813302,-0.0086584757245681,-65.49836656534507,0.0,0.2298446633314296,0.8576471803025376,0.0,0.0333398659891626,0.7599507382647586,0.1136705777162574,-0.4214149227997981,-0.0399039316136032,17.36626399536614
18.659931264240825,1.392006590454017,-0.02,2.3655961338791345,0.8119415375003964,0.0256928457534443,0.566321513747795,0.1372153059489674,-0.1829434436041444,-0.0077032748191542,-65.51817345756773,0.0,0.187035125717133,0.7515464808061484,0.0,0.0197439895468214,0.6734320212280712,0.113612018596505,-0.4078810987959428,-0.0403033383140082,17.03047104937363
18.67797761942868,1.134147166056354,-0.02,2.0008290018921406,0.8223069487843889,0.0188102375902795,0.6237105961038903,0.1372941326387492,-0.1654000457807841,-0.0076006443453148,-65.56718500090794,0.0,0.1337440221474838,0.602386886123283,0.0,0.0089994646410345,0.63841417379733,0.1134594818692802,-0.39554275355743,-0.0398071602311901,19.28405972930721
18.69602397461653,1.0483840236071278,-0.02,1.7050435807207647,0.7208070837213423,0.0109477709013658,0.5192849058440504,0.1374291454273307,-0.1442689695157103,-0.007297293823028,-65.62135841817361,0.0,0.1078070772847085,0.4947218868854294,0.0,0.001528953421871,0.5728291463663954,0.1132619195749943,-0.3883250434229523,-0.040127860634055,20.41765785587545
18.714070329804382,0.9729274178965496,-0.02,1.4310522668295012,0.6223184639743983,0.0076061816593167,0.5137653548208893,0.1372896624096329,-0.1252049597706501,-0.0060958584413743,-65.66455645867549,0.0,0.0674114162627434,0.4490057757483284,0.0,0.0004945910276906,0.5170892970822356,0.1129882639401489,-0.3724926118219052,-0.039013886260654,23.420231739461386
18.73211668499224,0.8063300535482384,-0.02,1.3012652158190614,0.5174824453963973,0.0095635096827069,0.441686406839384,0.1371694631881508,-0.1200086804403745,-0.0043306319857834,-65.71890129539135,0.0,0.0666227212023813,0.37118788388716,0.0,2.0311159549650648e-05,0.4324000581868962,0.1127780441716381,-0.3563218261367226,-0.0408636196160057,24.2799049295087
18.75016304018009,0.6977789737872814,-0.02,1.0680575224894868,0.514222723689354,0.0095534765133055,0.4673390411029288,0.1370142192327996,-0.1120795540983524,-0.0004034983625076,-65.74558784902024,0.0,0.0665352259422955,0.3076309377157544,0.0,4.001689738687305e-06,0.3787124771761388,0.1124767920212821,-0.3331260668375519,-0.0419853425971744,27.141282040076064
18.768209395367947,0.6215297876152464,-0.02,0.9426789745661364,0.4140524966100907,0.0094580766289911,0.4338498252442988,0.1368011026654488,-0.0998802091815684,0.0008089835624633,-65.7733655991909,0.0,0.045413132141479,0.286629115125848,0.0,3.666418341955226e-06,0.312229316007395,0.1119607604841556,-0.3192202545468291,-0.0418927962149814,34.86183557370218
18.7862557505558,0.5892115754920719,-0.02,0.845102742205481,0.3999073154754644,0.0081995447855437,0.4394737973538812,0.1366868575107826,-0.0824860518148489,0.0007726579414607,-65.840453946564,0.0,0.0470414400937025,0.2373902290138352,0.0,1.929149574713567e-05,0.2776477916303404,0.1115381528052683,-0.3118072832876327,-0.0393901449347072,28.45000914127566
18.80430210574365,0.5458192935848717,-0.02,0.7446891663432395,0.4031047158924553,0.0079795310759885,0.4314372901283108,0.1366278854127601,-0.0597391615877301,0.0027705783981176,-65.88425523542793,0.0,0.0406844409952193,0.206266580242544,0.0,2.2439418823219853e-05,0.242026977980488,0.1110128062953095,-0.3006684150625278,-0.0396117016596754,24.268483359166023
18.822348460931508,0.5112023332704835,-0.02,0.7420142871431264,0.3477638480288448,0.0060226235654999,0.4135693413677034,0.1364564044142261,-0.039863370107327,0.0039224858459169,-65.93457036520547,0.0,0.0328308628843905,0.1677111704112656,0.0,2.0674334772624738e-05,0.2007278741871384,0.1105692176907121,-0.2866030249053952,-0.0388829754738025,22.82851647824877
18.84039481611936,0.5067203831018215,-0.02,0.7028997593733294,0.3278266174986702,0.0037760608885106,0.3863306175196356,0.136236980061101,-0.0223273189652781,0.0060789819084521,-65.9516027331641,0.0,0.0322156410572406,0.1364524742475376,0.0,4.0086050434641695e-05,0.185487634432716,0.110123702875005,-0.2822434290280717,-0.0389629948425167,21.519261321580625
18.858441171307216,0.4300192657511968,-0.02,0.6544182579606598,0.3095362156405891,0.0019022070059931,0.3805490035222272,0.1359385451495104,-0.0058620971521221,0.0062567567566017,-65.9842746334946,0.0,0.025529459729394,0.125140011944969,0.0,4.615731140160655e-05,0.1517822945387788,0.1097034283759155,-0.2667858763303483,-0.0402537222849408,13.709459510469143
18.87648752649507,0.4039471000180429,-0.02,0.5864299273965982,0.3095482570729347,0.0015219130506967,0.339008500094038,0.1357383040818116,0.0099077345420838,0.0052684948348047,-66.02921243326008,0.0,0.0239434243734946,0.0918147538246618,0.0,4.9822876869931854e-05,0.1378309461485564,0.1093065764965454,-0.231239435798283,-0.0444483471681491,13.626448012279088
18.894533881682925,0.3856902426762685,-0.02,0.577213865647421,0.3027863474888207,0.0006951307848829,0.3343089359090612,0.1356068914533634,0.0394971812763386,0.0043237181000793,-66.06299453906097,0.0,0.016992841247584,0.0634089703848812,0.0,4.750481106701271e-05,0.1208610998359982,0.1088504053821206,-0.2023218645720635,-0.0452269552555392,16.63120001916824
18.912580236870777,0.3578995690746596,-0.02,0.5486429958395794,0.2693942682563534,0.0003937608317407,0.2842945410929932,0.1354239652684389,0.0645141805853636,0.0065278004487946,-66.10983284148999,0.0,0.0131099346324931,0.057219486134748,0.0,4.212535586221289e-05,0.1196025567971796,0.1084838276608827,-0.181993832435782,-0.0451409548948904,7.855553345681814
18.93062659205863,0.3383042415292042,-0.02,0.4785221253470752,0.2627976666870696,6.513481423899836e-05,0.253842344172645,0.1353353724398765,0.0860125328623654,0.006747844604346,-66.16508305577571,0.0,0.0105205184031892,0.0336258842049968,0.0,5.404055638746863e-05,0.1082351313790328,0.1082097474581345,-0.1616423908367289,-0.0423510807927458,0.4605013577531629
18.94867294724649,0.3064291781641063,-0.02,0.4531597867069578,0.2320016701756952,0.0001531521052128,0.2275790458483412,0.1352278929823224,0.1076382287320145,0.0081552737345278,-66.19569851096077,0.0,0.0082393552027784,0.027559533214404,0.0,4.038120571662494e-05,0.0967038337693008,0.1079546840259862,-0.1367843344214579,-0.038600356289602,-0.8438972413720967
18.96671930243434,0.3027733460687519,-0.02,0.396549120825625,0.1984054466702877,1.7282266468024734e-05,0.2168675371929368,0.135089492508582,0.1264085839768228,0.0078598256504279,-66.22307788625395,0.0,0.0061715567810915,0.0220787577601852,0.0,4.8240468924330415e-05,0.0831317539421024,0.1077655372928822,-0.1099106652896926,-0.0351360517970691,-0.323741250762616
18.98476565762219,0.2936644519525662,-0.0165964832663332,0.3489298081052156,0.1942042261311602,-2.378091689871635e-05,0.1826069033254912,0.1350221957065677,0.1444346492710879,0.0065875629421523,-66.26091000020674,0.0,0.0055236379090154,0.0172774532227992,0.0,3.472003836025728e-05,0.0671074025080572,0.107479505620077,-0.0811761321762158,-0.0312372839914839,0.9767113903194806
19.002812012810047,0.2625295255249139,-0.0139647195630033,0.325768112586087,0.1740746020136506,-2.12754989138594e-05,0.1491639294122038,0.1349925380331659,0.1555013467432516,0.0054083075765237,-66.31428938861374,0.0,0.0036599509453398,0.0174927486884364,0.0,1.7685061067157683e-05,0.049686571581477,0.1074416752909898,-0.0771491185861043,-0.0321708846003125,3.999674068134384
19.0208583679979,0.2376128478258386,-0.0129435449342752,0.3062030235672804,0.1467217875090702,-2.827829737495125e-05,0.1368885966335976,0.1350121129959099,0.1666744684056155,0.0060165971618896,-66.33078386494756,0.0,0.0028723981658008,0.0072839807960512,0.0,1.611222791441464e-05,0.0350098336553092,0.107330724624388,-0.0767232991526494,-0.0329485102417996,7.174934731039809
19.038904723185755,0.200942312021398,-0.0100410132639375,0.3058980781919964,0.1272327798063532,-4.516814260354272e-05,0.1338943394974952,0.1350729129665535,0.1863109519863332,0.0078238049746311,-66.3526311057226,0.0,0.0023532968678386,0.010390505791684,0.0,1.497534636488421e-05,0.0244423418717032,0.1072974131238989,-0.0702380036854135,-0.0344775183299266,2.8613400171644057
19.056951078373608,0.1852785311997925,-0.0077441490159005,0.2808170134043208,0.1114452225472823,-4.174491190874821e-05,0.1229693827033386,0.1350585477476266,0.1956239506289472,0.0102284715875343,-66.40277475747023,0.0,0.0011493933313744,0.0098905930305696,0.0,1.523180660827235e-06,0.0189928696293332,0.1073102516291637,-0.0588632223553927,-0.0375401903904759,2.664543930565124
19.07499743356146,0.1748457180595293,-0.0057347341435554,0.275887940127588,0.0973250419181702,-3.4739485438547616e-05,0.1053925920010652,0.1350717614255817,0.1993142483492823,0.012432597408482,-66.45004080339594,0.0,0.0007570124183133,0.0063503938704316,0.0,1.5205978992696212e-05,0.0125115422100172,0.1073430074135082,-0.047965063081344,-0.0375594013742886,0.950103393000397
19.09304378874932,0.1692460654099629,-0.0041793879882033,0.2676451622936756,0.0913313508291878,-2.5030061392378275e-05,0.09519968334419,0.1350805216057169,0.2000692374485156,0.0149133546312712,-66.4819944026358,0.0,0.0003929614034615,0.0049395653262938,0.0,1.2779482836339167e-05,0.0047368088536944,0.1075362293524602,-0.0431303997996481,-0.0351630978087394,-1.0258791576778856
19.11109014393717,0.1500762503926459,-0.0029385287535963,0.2389868161629248,0.0749338689205722,-3.381704006017545e-05,0.0769497847446112,0.1351272864974027,0.2021951529096936,0.0151150534809733,-66.50947049675186,0.0,4.109242524483576e-05,0.0029263007851392,0.0,1.927439510085602e-05,0.0015502837925944,0.1076754750958103,-0.0435126536016989,-0.0324715488377309,-3.611104679131061
19.12913649912502,0.1410681011005619,-0.0014070539194377,0.229856808010898,0.0713555557163651,-1.870031698247844e-05,0.066057630235016,0.1344094644081701,0.2026468478133941,0.0138212668715684,-66.55557907753969,0.0,-1.2636270128758173e-06,0.0012485136739524,0.0,1.924630400957726e-05,0.001852441736792,0.1075128468157026,-0.0421351098151492,-0.0323391108151462,-5.4776660271139015
19.14718285431288,0.1268248574518151,-0.0011192643127843,0.199255312781872,0.0639120222805801,-1.3147744553577884e-05,0.0559400859422688,0.1337397571251171,0.2043603938685753,0.0133773049280242,-66.58680031775457,0.0,-4.2153562647901344e-06,4.890782359481113e-05,0.0,1.5316188278859626e-05,0.001879690223496,0.1073655907055764,-0.0440003300852231,-0.0332922942257328,-13.433167880871132
19.16522920950073,0.1123970991022318,-4.228151653372536e-05,0.1774169206759592,0.0574815886931339,-1.7455769553051357e-05,0.0513901204181548,0.1345181514866349,0.1960979560976031,0.0134217281523796,-66.61704861381105,0.0,-3.7835493458968673e-06,2.8817300149968548e-05,0.0,1.6590686121554912e-05,0.0033869109430012,0.1073429345921253,-0.0501403019769238,-0.0329178310442624,-20.996701816402016
19.183275564688586,0.1029086226328376,-0.0002567256501258,0.1491319666454868,0.0522123936986604,-1.419754118078815e-05,0.0416015094509886,0.1351452607894147,0.1956306753404392,0.0119014738588853,-66.67283191337644,0.0,-6.282127397963462e-06,1.5651700508024454e-05,0.0,9.867493608583932e-06,0.0025437872120236,0.1074029229259307,-0.0524136682884584,-0.0327269372671081,-20.765193722077512
19.20132191987644,0.0937274321980484,-0.0001771029040765,0.126947437907614,0.0449013675818079,-6.377723206692452e-06,0.0339430804601264,0.1352774283685295,0.1948433621734043,0.0124775282479458,-66.72268012522572,0.0,-7.373401631103503e-06,5.776622712127139e-07,0.0,1.4291080513959084e-05,0.0016779940436204,0.1074618930175721,-0.0542182238384841,-0.0331944624345517,-20.47233373761829
19.21936827506429,0.0796642646371827,0.0001478252420589,0.1071562660673504,0.0443675161798266,7.220999981436468e-06,0.027135131956921,0.1353294653987855,0.1905043536391569,0.0141651625933204,-66.74913077371737,0.0,-2.7684471654280785e-06,0.0,0.0,1.7661415384384884e-05,0.0015068483530098,0.1074752143895788,-0.0560984390063733,-0.0306884089723903,-23.56259834207276
19.237414630252147,0.0681959656522914,-0.0003143212661659,0.091761614955405,0.039475496579589,1.024158377512317e-05,0.0227709305777312,0.1353685248186465,0.1824735014820714,0.0148638591393068,-66.78509938436123,0.0,-5.696933921884467e-06,0.0,0.0,1.5623644337173785e-05,0.0010064702223236,0.1074668754106281,-0.0563131792640761,-0.0307651117685436,-20.787543899429707
19.25546098544,0.0558824024069907,-0.0001197055064701,0.0739488913609164,0.0317433113890876,9.357744616986368e-06,0.013608566913856,0.1353724573666679,0.1817917827894293,0.0136791262422521,-66.82498514560451,0.0,-6.771786360500315e-06,0.0,0.0,7.970876999767541e-06,0.0005893221952304,0.1073976514951512,-0.056341488074695,-0.0292118296006443,-17.15329259513457
19.27350734062785,0.0472894825094666,8.81479950673787e-05,0.0640615546624248,0.0262168158899771,1.0790993647262888e-05,0.009690553550214,0.1353877097687685,0.1839113940179168,0.0127401474037039,-66.8635874626342,0.0,-6.057709936044487e-06,0.0,0.0,5.446829884160027e-06,0.00015798999410213333,0.1074246480123832,-0.0553411102992815,-0.025405693629494,-9.697172558148916
19.291553695815708,0.037861747799163,-1.7903876555635142e-05,0.0529686124218768,0.0222034870340793,5.800979900508561e-06,0.0058860868663148,0.1354008717879154,0.1821988284861061,0.0131291032152692,-66.91079212840019,4.075777269214727e-05,-1.708707701836627e-06,0.0,0.0,2.5054581601952303e-06,4.947869554237938e-05,0.1074598682572131,-0.0579441381888588,-0.023434952506715,-13.677843292336156
19.30960005100356,0.0285129472441421,2.8887321926084944e-05,0.0452876550697244,0.0170035162713919,4.91065188579642e-06,0.0051893280312544,0.1353732101809897,0.1798514648725684,0.0119509081848268,-66.98799404181628,0.0,-5.265124044902944e-07,0.0,0.0,3.7304454241513207e-06,5.368611007832164e-06,0.1074381243512047,-0.0595267147982527,-0.0239234072062011,-7.85702496383544
19.327646406191416,0.0210421053649116,8.243854824612752e-05,0.0344447753434112,0.0119397178870652,2.8398001995880288e-06,0.003703438245388,0.1353707047737344,0.1856063529398224,0.0118584375262305,-67.02553999961616,6.040216411596048e-05,2.3964608782547325e-06,0.0,0.0,4.291783082455372e-06,2.9326676663992275e-07,0.1074644156612349,-0.0569150334349352,-0.0228648043252823,-7.44706644118336
19.34569276137927,0.013098710669162,6.189121561317284e-05,0.0262599906216924,0.0091712196691755,5.060574087676959e-07,0.0020964040643548,0.1353352351304302,0.1838203190770867,0.0133931070156865,-67.05875056135767,0.0,1.7232409941457438e-06,0.0,0.0,4.346014973996715e-06,2.4804766661958434e-06,0.1074750787694574,-0.0559512814598686,-0.0238443855963002,2.4750477527944503
19.36373911656712,0.0077467764651931,1.353211327564631e-05,0.0159622538315928,0.006468308735849,8.033113213859406e-07,0.000636868432065,0.1353887639919028,0.1827611466895839,0.0125790724130767,-67.1074159814309,0.0,4.420643971280269e-07,0.0,0.0,3.119499667784938e-06,1.3973775343704615e-06,0.1074373793356059,-0.0556877369031615,-0.0243217043771157,4.008600911323059
19.381785471754977,0.0033253469830273,1.3272225880898416e-06,0.0070543199750372,0.0028931454787496,-5.312773774939788e-07,5.84285024782326e-06,0.1354451677046985,0.181410662958647,0.011551394247796,-67.14701004705829,0.0,4.973613108372078e-07,0.0,0.0,1.1899181534833891e-06,0.0,0.1074685107221086,-0.0559947854511065,-0.0271772740563861,6.508130110256268
19.39983182694283,0.0,0.0,0.0,0.0,-0.0,-0.0,0.1354602493992229,0.17842005372084,0.011416576775095,-67.16938720623331,-0.0,0.0,-0.0,-0.0,0.0,0.0,0.1075001797856382,-0.0565034672249786,-0.0252651016953565,11.44589725455921
19.41787818213068,0.0,0.0,0.0,0.0,-0.0,0.0,0.1355354383673604,0.1772297306112183,0.0110816971326254,-67.20534073104413,-0.0,0.0,-0.0,-0.0,0.0,0.0,0.1075803561802573,-0.0582719437899231,-0.0220442523176043,15.383010666715096
19.43592453731853,0.0,0.0,0.0,0.0,-0.0,0.0,0.1355681170269973,0.1748372642512831,0.0110048889242519,-67.2676811918259,-0.0,0.0,0.0,-0.0,0.0,0.0,0.1076186387053943,-0.0598148358928869,-0.0193762904111293,14.9756162544708
19.45397089250639,0.0,0.0,0.0,0.0,-0.0,0.0,0.1356433119235198,0.1737603652510778,0.0103496073797895,-67.29595154820636,-0.0,0.0,0.0,-0.0,0.0,0.0,0.1076219204858276,-0.0603032954286136,-0.0218258419513122,16.110395695364957
19.472017247694247,0.0,0.0,0.0,0.0,-0.0,0.0,0.1356487618793377,0.1762321028536105,0.0108259067167256,-67.31249086278517,-0.0,0.0,0.0,-0.0,0.0,0.0,0.1076849454702333,-0.0612771454016149,-0.0217514563733621,17.927045333727
19.4900636028821,0.0,0.0,0.0,0.0,-0.0,0.0,0.1356981089649948,0.1745228222690924,0.0114930951939853,-67.35259107326834,-0.0,-0.0,0.0,-0.0,0.0,0.0,0.1076816332124663,-0.0650900062455319,-0.0212216572726073,24.56288034773967
19.50810995806995,0.0,0.0,0.0,0.0,-0.0,0.0,0.1356856718787484,0.1740996598613964,0.0101639462280932,-67.39532989021087,-0.0,-0.0,0.0,-0.0,0.0,0.0,0.1076575583466538,-0.0670597719641133,-0.0210796393861279,15.433492920781871
19.526156313257808,0.0,0.0,0.0,0.0,-0.0,0.0,0.135590485804213,0.1729128790611286,0.010380909958299,-67.43059740710076,-0.0,0.0,0.0,-0.0,0.0,0.0,0.107717904732826,-0.06520859320952,-0.0220543884459344,15.375038040659726
19.54420266844566,0.0,0.0,0.0,0.0,0.0,0.0,0.1355219891360324,0.173079787571889,0.0104327681847716,-67.47351373641527,0.0,0.0,0.0,-0.0,0.0,0.0,0.1077277234971478,-0.0637260287319291,-0.0211212634561136,13.622314536483763
19.562249023633512,0.0,0.0,0.0,0.0,-0.0,0.0,0.1354480842533309,0.1734620462420066,0.0103800702542058,-67.51669599861124,0.0,0.0,0.0,-0.0,0.0,0.0,0.1077579255208211,-0.0645704667497351,-0.0230373301513467,6.467654697303534
19.58029537882137,0.0,0.0,0.0,0.0,-0.0,0.0,0.1354651559548413,0.1733424747256961,0.0103000184949419,-67.55897957514927,0.0,0.0,-0.0,-0.0,0.0,0.0,0.1077338194337595,-0.0613142290169351,-0.0248001207304283,5.999077681193797
19.59834173400922,0.0,0.0,0.0,0.0,-0.0,0.0,0.1355559691945419,0.1748187498248701,0.0103344510297235,-67.57611961704885,0.0,0.0,-0.0,-0.0,0.0,0.0,0.1077062357424278,-0.058517654376891,-0.0270130016876407,-1.7994303245614542
19.61638808919708,0.0,0.0,0.0,0.0,-0.0,-0.0,0.1355838287968405,0.1752514274859295,0.01154671680614,-67.64361530176797,0.0,0.0,-0.0,-0.0,0.0,0.0,0.1076887546307352,-0.0623072862552301,-0.025113213795414,8.305770217483152
19.63443444438493,0.0,0.0,0.0,0.0,-0.0,-0.0,0.1356458937117966,0.1719137738769866,0.0117123344859956,-67.67388279558045,0.0,0.0,-0.0,-0.0,0.0,-0.0,0.1076548921367806,-0.0660768557649941,-0.022479734335427,5.542909561396267
19.652480799572785,0.0,0.0,0.0,0.0,0.0,0.0,0.1356111917942964,0.1717062320421108,0.0094907049796652,-67.69943912969225,0.0,0.0,-0.0,-0.0,0.0,-0.0,0.1076479993214738,-0.0652109235443939,-0.0200108034352381,1.438197101159011
19.67052715476064,0.0,0.0,0.0,0.0,0.0,0.0,0.1356458931008162,0.1724632891047907,0.0102238533993064,-67.74620436093497,0.0,0.0,-0.0,-0.0,0.0,-0.0,0.1076394302998067,-0.0658187293273604,-0.015354649951198,2.1326329874752226
19.68857350994849,0.0,0.0,0.0,0.0,0.0,0.0,0.1356814832803974,0.1730574936424928,0.0102883497847215,-67.79874521611083,0.0,0.0,-0.0,-0.0,0.0,-0.0,0.1076135314956408,-0.0650470974081627,-0.012995945460776,2.016750918789265
19.706619865136343,0.0,0.0,0.0,0.0,0.0,0.0,0.1357262494720189,0.1695315910314474,0.010525679098483,-67.82212484208127,0.0,0.0,-0.0,-0.0,0.0,-0.0,0.1076011750472132,-0.0652117856977017,-0.0155026962623966,7.772181940780811
19.7246662203242,0.0,0.0,0.0,0.0,0.0,-0.0,0.1357551357568374,0.167437044166481,0.0104219558617514,-67.84428370776234,0.0,0.0,-0.0,-0.0,0.0,-0.0,0.1075503011161375,-0.0654498736920763,-0.0168535304588761,9.945784978419605
19.74271257551205,0.0,0.0,0.0,0.0,0.0,-0.0,0.1358024399649323,0.1647407151087584,0.0120271163793021,-67.8593732337073,-0.0,-0.0,-0.0,0.0,0.0,-0.0,0.1075732203361751,-0.0663258241258465,-0.0132047388730317,7.108717141485382
19.760758930699904,0.0,0.0,0.0,0.0,0.0,-0.0,0.1358285127342791,0.1630406466529206,0.0133802239521839,-67.91339594984464,-0.0,-0.0,-0.0,0.0,0.0,-0.0,0.1076413308594442,-0.0692167546638829,-0.0088214583216447,8.5858341953362
19.77880528588776,0.0,0.0,0.0,0.0,0.0,-0.0,0.1358154887693655,0.1701137831833612,0.0126037428205557,-67.9384508459928,0.0,-0.0,-0.0,0.0,0.0,0.0,0.1076306332255764,-0.0671808770328768,-0.0096268042413043,-1.1918300284292886
19.79685164107561,0.0,0.0,0.0,0.0,0.0,-0.0,0.135837382902714,0.1761606292796651,0.0127447979321137,-67.98435107123763,0.0,-0.0,-0.0,0.0,0.0,0.0,0.1076512414779096,-0.067192000724964,-0.009172782904746,2.3150720026495177
19.81489799626347,0.0,0.0,0.0,0.0,0.0,-0.0,0.1358918883487746,0.1747614841997055,0.0141467224919909,-68.03016083724135,-0.0,-0.0,-0.0,0.0,0.0,0.0,0.1077134196605932,-0.0682597178795441,-0.0043336758706826,2.0771878457831257
19.83294435145132,0.0,0.0,0.0,0.0,0.0,-0.0,0.1359087261954559,0.1729460191332041,0.0138339804661349,-68.05444661383417,-0.0,-0.0,-0.0,0.0,0.0,0.0,0.1077487888918205,-0.067462811322055,-0.002080835788167,-1.8793371743321023
19.850990706639173,0.0,0.0,0.0,0.0,0.0,-0.0,0.1359727665657927,0.1705560357934494,0.014197060731177,-68.07921771111988,-0.0,-0.0,-0.0,0.0,0.0,0.0,0.1077337809686758,-0.0694150836481781,-0.0042755362361911,-0.8058398870105039
19.86903706182703,0.0,0.0,0.0,0.0,0.0,-0.0,0.1359615828929277,0.1712937033509212,0.0143075160171629,-68.13660387797209,-0.0,-0.0,-0.0,0.0,-0.0,0.0,0.1077511386530995,-0.0693835489471029,-0.0063320104429008,-6.595164512698982
19.88708341701488,0.0,0.0,0.0,0.0,0.0,-0.0,0.1359715976477714,0.1685916678014751,0.0141954139401595,-68.18401012174023,-0.0,-0.0,-0.0,0.0,0.0,0.0,0.1077904055065326,-0.0684753663281184,-0.0123751439779054,-5.319534174050249
19.90512977220273,0.0,0.0,0.0,0.0,0.0,-0.0,0.1359608591755888,0.1700879632833384,0.0128557065918771,-68.25400647232044,0.0,-0.0,-0.0,0.0,0.0,0.0,0.1077672150936766,-0.0677269928843613,-0.0122446019471119,-3.2558758853853003
19.92317612739059,0.0,-0.0,0.0,0.0,0.0,0.0,0.1359609701404764,0.1705791359493122,0.0126769516933051,-68.29235909163414,0.0,-0.0,-0.0,-0.0,0.0,0.0,0.1077896452688739,-0.066061715131609,-0.0113593183288814,3.3816577859837267
19.941222482578443,0.0,-0.0,0.0,0.0,0.0,0.0,0.1359517374211802,0.1705367291108626,0.0129371953662688,-68.34151088212285,-0.0,-0.0,-0.0,-0.0,0.0,0.0,0.1078314624671658,-0.0674612433034,-0.0113600810852861,10.2226574905721
19.9592688377663,0.0,0.0,0.0,0.0,-0.0,0.0,0.1359650190319254,0.1686545605417399,0.0123819580323784,-68.36374443634762,-0.0,-0.0,-0.0,-0.0,0.0,0.0,0.1078885943856079,-0.0653459606572882,-0.008515130925671,9.069114670021504
19.97731519295415,0.0,0.0,0.0,0.0,-0.0,0.0,0.1359474785793773,0.1713378313457605,0.0130729831044264,-68.39160588038101,-0.0,-0.0,-0.0,-0.0,0.0,0.0,0.1078799045428631,-0.0645134078965873,-0.001382246232554,9.920166568657905
19.995361548142004,0.0,0.0,0.0,0.0,-0.0,0.0,0.1359494280040217,0.1702692874213129,0.0133731868023088,-68.4402450467402,-0.0,-0.0,-0.0,-0.0,0.0,0.0,0.1078709464549123,-0.0635978513758086,0.0035048151360941,17.92966006616256
20.01340790332986,0.0,-0.0,0.0,0.0,0.0,0.0,0.1359107903707866,0.1658209464123402,0.0131515339801076,-68.495338090993,0.0,-0.0,-0.0,-0.0,0.0,-0.0,0.1078778290181357,-0.0622443023653597,0.0090187378038816,14.698881942117078
20.031454258517712,0.0,-0.0,0.0,0.0,-0.0,0.0,0.1359196073099733,0.1623838072019352,0.0112433482405824,-68.53066177537116,-0.0,-0.0,-0.0,-0.0,0.0,0.0,0.1078525254782774,-0.0624790549617869,0.0106682005199053,15.159532077367356
20.049500613705565,0.0,-0.0,0.0,0.0,-0.0,0.0,0.1358633502266414,0.1631219362510956,0.0120290071893855,-68.56743871959019,-0.0,-0.0,-0.0,-0.0,0.0,-0.0,0.1078612166181843,-0.0627142954596156,0.0126771959513691,19.14079841507436
20.06754696889342,0.0,-0.0,0.0,0.0,-0.0,0.0,0.1359247517409364,0.1634852906213779,0.0115417246396547,-68.606768896492,-0.0,-0.0,-0.0,-0.0,-0.0,-0.0,0.1079222352271914,-0.0648106824315103,0.0084126987669643,17.94755619862281
20.08559332408128,0.0,-0.0,0.0,0.0,-0.0,0.0,0.1359936848012201,0.1630163186304812,0.0110758066437205,-68.64273772500977,0.0,0.0,-0.0,-0.0,-0.0,-0.0,0.1078510334160204,-0.0629645096704554,0.0034120286914133,16.089635345299747
20.10363967926913,0.0,-0.0,0.0,0.0,-0.0,0.0,0.1359945842772275,0.1614776595472466,0.0112574283329943,-68.69296546375341,0.0,0.0,-0.0,-0.0,-0.0,0.0,0.1078561613726011,-0.0620369534759094,0.0087974503157255,11.867815738317786
20.12168603445698,0.0,-0.0,0.0,0.0,-0.0,0.0,0.1359962932864319,0.1628076496881465,0.0104478624895196,-68.75523093425241,0.0,0.0,-0.0,-0.0,-0.0,0.0,0.1077348658196523,-0.0652294681097232,0.0106487159252464,8.862978120264192
20.13973238964484,0.0,-0.0,0.0,0.0,-0.0,0.0,0.136018754297764,0.1625296547286952,0.0086918829209456,-68.78305945347059,0.0,-0.0,-0.0,-0.0,-0.0,0.0,0.1076776046446012,-0.065151281149111,0.0126778498215905,13.8956323410111
20.15777874483269,0.0,-0.0,0.0,0.0,-0.0,0.0,0.1360405896354688,0.1612780519030298,0.0101416045140669,-68.80839151766497,0.0,0.0,-0.0,-0.0,-0.0,0.0,0.1076444005215644,-0.0663130011461489,0.012298721649857,6.081122946267653
20.175825100020543,0.0,-0.0,0.0,0.0,-0.0,0.0,0.1361246851453268,0.1622540654959112,0.009276506264451,-68.84371075896424,0.0,0.0,0.0,-0.0,-0.0,0.0,0.107637928451465,-0.0667031014227136,0.0119977929302089,6.74023119439102
20.193871455208395,0.0,-0.0,0.0,0.0,0.0,0.0,0.1360876046536899,0.1626816873573683,0.0099349681821658,-68.86918637006892,0.0,0.0,0.0,-0.0,-0.0,-0.0,0.1076744979082876,-0.0663500290889168,0.0092218674402856,10.061101317085072
20.21191781039625,0.0,-0.0,0.0,0.0,-0.0,0.0,0.1360926263125939,0.1638121929186187,0.0083603633248459,-68.90401421061767,0.0,0.0,0.0,-0.0,0.0,0.0,0.1076639783098585,-0.0660716214586288,0.0079118894634446,6.6456404124256245
20.229964165584104,0.0,-0.0,0.0,0.0,-0.0,-0.0,0.1361104520253722,0.1621585279305976,0.0093178610093489,-68.95023995764011,0.0,0.0,0.0,0.0,0.0,-0.0,0.1076087672518462,-0.0645711936878259,0.0085860033447726,7.57252623262344
20.24801052077196,0.0,-0.0,0.0,0.0,0.0,-0.0,0.1361033613305738,0.1618653835067172,0.0092311389303865,-69.00148158040403,0.0,0.0,0.0,0.0,-0.0,-0.0,0.1075946160785409,-0.0655597821223562,0.012011907421905,8.786263410663004
20.26605687595981,0.0,-0.0,0.0,0.0,-0.0,-0.0,0.1361120067756228,0.1628668931975347,0.009212124364778,-69.0159743151428,0.0,0.0,0.0,0.0,-0.0,-0.0,0.1075798391416815,-0.0668051383389153,0.0092817299922704,7.211722025662439
20.284103231147665,0.0,-0.0,0.0,-0.0,-0.0,-0.0,0.1360716996592407,0.1635524811635005,0.0103756088764245,-69.03987740360107,0.0,0.0,0.0,0.0,-0.0,-0.0,0.1076824322418442,-0.0674586184784258,0.0106363856294459,7.374184204983793
20.30214958633552,0.0,0.0,0.0,0.0,-0.0,0.0,0.1360450602801753,0.1629287757138698,0.0123003535980538,-69.10257866312755,-0.0,0.0,0.0,0.0,0.0,-0.0,0.1076789156175809,-0.0689742429969085,0.0121791137384422,2.1973142463829336
20.320195941523373,0.0,0.0,0.0,0.0,-0.0,0.0,0.1360403025494878,0.1635584825439611,0.0116608072507191,-69.1567615767938,-0.0,0.0,0.0,0.0,-0.0,-0.0,0.1077194751611539,-0.0736612765583346,0.0116956158765801,7.544729256980728
20.338242296711226,0.0,0.0,0.0,0.0,-0.0,0.0,0.1359889927455643,0.161947008056923,0.0121433897009455,-69.19684382196995,-0.0,0.0,-0.0,0.0,0.0,-0.0,0.1077056991986174,-0.0792726034763031,0.0136785757695166,10.054821751693453
20.35628865189908,0.0,0.0,0.0,0.0,-0.0,-0.0,0.1360145077555572,0.1615179464552245,0.0125514627961653,-69.24848702661579,-0.0,0.0,-0.0,0.0,0.0,-0.0,0.1076952711395523,-0.0805653574871816,0.0169639029866027,10.40500653695116
20.37433500708693,0.0,0.0,0.0,0.0,-0.0,0.0,0.136044931933534,0.1604307482688277,0.013702731537752,-69.2866726077443,-0.0,0.0,-0.0,0.0,0.0,-0.0,0.1077205059839827,-0.079429611180343,0.0180333377200651,7.003576540330135
20.39238136227479,0.0,0.0,0.0,0.0,-0.0,-0.0,0.1359766066323105,0.1604504832152752,0.0127523917149327,-69.30710748909472,-0.0,0.0,-0.0,0.0,-0.0,-0.0,0.107726012778084,-0.0800416351547573,0.0165688881815731,5.3048260727714
20.410427717462643,0.0,0.0,0.0,0.0,-0.0,0.0,0.1359262015302395,0.1608874142600053,0.0119544254646533,-69.34263031559549,-0.0,0.0,-0.0,-0.0,0.0,-0.0,0.1077556671856883,-0.0814689326067804,0.0132718144127451,0.955618888322969
20.42847407265049,0.0,0.0,0.0,0.0,-0.0,0.0,0.136003994595247,0.1616320092593803,0.0122597451174106,-69.3949432559144,0.0,0.0,-0.0,-0.0,0.0,-0.0,0.1077005389792287,-0.0811334141921132,0.0125915314831544,0.8485938050924828
20.44652042783835,0.0,0.0,-0.0,0.0,-0.0,0.0,0.136065677433919,0.1590990972579749,0.0126448180952806,-69.43374758352006,0.0,0.0,-0.0,-0.0,0.0,-0.0,0.1076840247294032,-0.0823362977672304,0.0130106218045009,7.822978661701113
20.464566783026203,0.0,0.0,-0.0,0.0,-0.0,0.0,0.1361411917196173,0.1558083844581815,0.0120138591015065,-69.46772336072371,0.0,-0.0,-0.0,-0.0,0.0,-0.0,0.1077182429107429,-0.0865477702818389,0.0119997389287266,9.226682817472929
20.482613138214056,0.0,0.0,0.0,0.0,-0.0,0.0,0.1361141116908936,0.1526292737568281,0.0115144047359298,-69.50843272261555,0.0,0.0,-0.0,-0.0,0.0,0.0,0.1077177199773164,-0.0832180803326131,0.0127599363180354,3.1055018217084096
20.500659493401912,0.0,0.0,-0.0,-0.0,-0.0,-0.0,0.1361071284017094,0.1498499447356052,0.0122268028905361,-69.55032229285104,-0.0,-0.0,-0.0,-0.0,0.0,-0.0,0.1077144047580817,-0.07864434583767,0.0118157749503873,2.0285419135284566
20.518705848589764,0.0,0.0,0.0,-0.0,-0.0,0.0,0.1361434606154262,0.1495657987641961,0.012956371410171,-69.58619623096169,0.0,0.0,-0.0,-0.0,0.0,0.0,0.1077466215256522,-0.0819343598070958,0.0099701348627518,-5.004749432808289
20.53675220377762,0.0,0.0,0.0,-0.0,-0.0,0.0,0.1361575026699097,0.1490825977904276,0.0116466774209104,-69.6296711487072,0.0,0.0,-0.0,-0.0,0.0,0.0,0.1077253559645938,-0.0889354086836928,0.0115958656961011,-4.880839018227463
20.55479855896548,0.0,0.0,-0.0,-0.0,-0.0,0.0,0.1361226010268629,0.1501121886194759,0.0135276111754137,-69.6747340980935,0.0,0.0,-0.0,-0.0,0.0,-0.0,0.1077864902392269,-0.0884027391180567,0.0114420034126911,-5.088046362794481
20.572844914153325,0.0,0.0,-0.0,-0.0,-0.0,0.0,0.1361241512791322,0.1507437681161702,0.0149783745324923,-69.71318733412038,0.0,0.0,-0.0,-0.0,0.0,0.0,0.1078618106894214,-0.089894026221702,0.0103901804535247,-7.967323011851597
20.59089126934118,0.0,0.0,0.0,-0.0,-0.0,0.0,0.1360912503838879,0.1513135952805172,0.0148904023927874,-69.751340752697,0.0,0.0,-0.0,0.0,0.0,0.0,0.1078187823508796,-0.0899152367576572,0.0132930860658312,-5.637373115856855
20.60893762452904,0.0,0.0,0.0,-0.0,-0.0,-0.0,0.1360728501972835,0.1513190004291682,0.0156586851065682,-69.7940357967504,0.0,0.0,-0.0,0.0,-0.0,0.0,0.1077690819208533,-0.0881121362529205,0.0130003284330563,-8.679774434725724
20.626983979716886,0.0,0.0,0.0,-0.0,-0.0,0.0,0.136072744124903,0.151880556318136,0.0161495680180139,-69.83360590152006,0.0,0.0,-0.0,-0.0,-0.0,0.0,0.1077760647005407,-0.0865468583848144,0.0110103485292532,-7.394766216087559
20.645030334904742,0.0,-0.0,0.0,-0.0,-0.0,0.0,0.1360857065829055,0.1514428081130991,0.0160093134386698,-69.86595045182915,0.0,0.0,-0.0,-0.0,0.0,0.0,0.1077761225759754,-0.0881495263291501,0.0097837179803994,-0.8777135324651897
20.663076690092595,0.0,0.0,0.0,-0.0,-0.0,0.0,0.1361140575759865,0.1523013744744787,0.0161329081466209,-69.9023236958585,0.0,0.0,-0.0,-0.0,-0.0,-0.0,0.1077774646216756,-0.0889263821275437,0.0097814350791179,-3.010943649638435
20.68112304528045,0.0,-0.0,0.0,-0.0,-0.0,-0.0,0.1361335685820486,0.1534496057880894,0.0154583671414048,-69.94229466107056,0.0,-0.0,-0.0,-0.0,-0.0,-0.0,0.1076273862892017,-0.0903999037858487,0.0147089237382131,6.8012708763013485
20.699169400468303,0.0,0.0,0.0,0.0,-0.0,-0.0,0.1361472639398038,0.1540006202125229,0.01651868169949,-70.01321346722632,0.0,-0.0,-0.0,-0.0,-0.0,-0.0,0.1075986969928652,-0.0897411320915947,0.0167697552571659,6.828142156703262
20.71721575565616,0.0,-0.0,0.0,0.0,-0.0,0.0,0.1362377169350493,0.153259663581045,0.0157631461488648,-70.05623078706023,0.0,-0.0,-0.0,-0.0,0.0,-0.0,0.1077454537025581,-0.0894550695863553,0.0164459549400545,6.275034026570486
20.73526211084401,0.0,-0.0,0.0,0.0,0.0,-0.0,0.1362862373557041,0.1518041088410913,0.0157515849839147,-70.093156899989,0.0,-0.0,-0.0,-0.0,0.0,-0.0,0.1077538644537155,-0.0904449262638949,0.0171691650111009,12.695543552779757
20.753308466031864,0.0,-0.0,0.0,0.0,0.0,0.0,0.1362786219639418,0.1514668741717071,0.0153126647366188,-70.12218427431995,-0.0,0.0,-0.0,-0.0,0.0,-0.0,0.1077312088124904,-0.0956443305045804,0.016936411454335,11.572096913888425
20.77135482121972,0.0,-0.0,0.0,0.0,0.0,0.0,0.1363109961977247,0.1519273748485326,0.0144358248693649,-70.16644126491519,-0.0,0.0,-0.0,-0.0,0.0,-0.0,0.1077565947150944,-0.097253355908077,0.0152389293048155,9.70376825120811
20.789401176407573,0.0,-0.0,0.0,0.0,0.0,-0.0,0.1363168976349227,0.152633602109301,0.0139658886336383,-70.19203368190095,-0.0,0.0,-0.0,-0.0,0.0,-0.0,0.1077646728790573,-0.098605252168542,0.0172413233000374,7.68029500615845
20.807447531595425,0.0,-0.0,0.0,0.0,0.0,-0.0,0.1362615205338103,0.1532904468835461,0.013050736752227,-70.23070789486869,-0.0,0.0,-0.0,0.0,0.0,-0.0,0.1078328758581342,-0.0965182886982159,0.0197575482948407,6.891462367723021
20.82549388678328,0.0,-0.0,0.0,0.0,0.0,0.0,0.1361788406392429,0.1528547155276227,0.0125583331897571,-70.2600175605065,-0.0,-0.0,-0.0,0.0,0.0,-0.0,0.107903896271305,-0.0965983932214346,0.0194782449862802,8.549015577666708
20.843540241971134,0.0,-0.0,0.0,-0.0,0.0,0.0,0.1361676044368249,0.1530937469216793,0.0126091131621147,-70.30417551547032,-0.0,0.0,-0.0,0.0,0.0,-0.0,0.1079279214293235,-0.1005209779147146,0.020567079908217,0.1041498786935551
20.861586597158983,0.0,-0.0,0.0,-0.0,0.0,0.0,0.1362242234529892,0.152167883004285,0.0129119174892381,-70.32497492298607,-0.0,0.0,-0.0,0.0,0.0,-0.0,0.1079176499606265,-0.1034695619077742,0.0206867219867058,2.08184287996852
20.87963295234684,0.0,-0.0,0.0,-0.0,0.0,0.0,0.1362172581387278,0.1526262812323478,0.0125998006613731,-70.38665657938353,-0.0,0.0,-0.0,0.0,0.0,-0.0,0.1078968168942416,-0.101782395080119,0.0241241661174392,0.8339624738125987
20.89767930753469,0.0,-0.0,-0.0,-0.0,-0.0,0.0,0.1361744059937871,0.154405807715039,0.0126207766852312,-70.43262222454555,-0.0,0.0,-0.0,0.0,0.0,-0.0,0.1078618811562151,-0.0971565293197244,0.0267726131671021,3.403793416174281
20.915725662722547,0.0,-0.0,-0.0,-0.0,-0.0,0.0,0.1362182597861066,0.1537146920629072,0.013032341281957,-70.46889879986475,-0.0,0.0,-0.0,0.0,0.0,-0.0,0.1079144629960164,-0.095680920282749,0.0293856059813801,3.3255243619880623
20.933772017910403,0.0,-0.0,-0.0,-0.0,0.0,0.0,0.1361809207799085,0.1542512776851533,0.0136824726443325,-70.50948858326319,-0.0,0.0,-0.0,0.0,0.0,-0.0,0.1079641561179668,-0.0977278827259999,0.0289401970727261,2.5516411420708107
20.951818373098256,0.0,-0.0,-0.0,-0.0,-0.0,0.0,0.1361884498943707,0.1545175684599549,0.0137356328929221,-70.55221747032965,-0.0,0.0,-0.0,0.0,0.0,-0.0,0.1079834275404652,-0.1011056853938375,0.0286194625884444,-3.348245796280644
20.969864728286108,0.0,-0.0,-0.0,-0.0,-0.0,-0.0,0.1362344155384269,0.1551156903534331,0.014849117380203,-70.58919515277853,-0.0,0.0,-0.0,0.0,0.0,-0.0,0.1079533206835228,-0.1030569176700493,0.0286587534488185,-5.642076470915541
20.987911083473964,0.0,-0.0,-0.0,-0.0,0.0,-0.0,0.1362312874500512,0.1549503717681841,0.0159312036523879,-70.63303582823113,0.0,0.0,-0.0,0.0,0.0,-0.0,0.107908423332171,-0.1024564349317303,0.0288786889938103,-6.076053784108215
21.005957438661817,0.0,-0.0,-0.0,-0.0,0.0,-0.0,0.1362436673589227,0.1549659621800841,0.017861423792819,-70.65781030832504,0.0,0.0,-0.0,0.0,0.0,-0.0,0.1079097558266184,-0.1040159020153169,0.029181512373144,-6.711094035444682
21.02400379384968,0.0,-0.0,-0.0,-0.0,0.0,-0.0,0.1362340571580231,0.1557632611380796,0.0171310359129676,-70.69158210330929,0.0,0.0,-0.0,0.0,0.0,-0.0,0.1079240571272361,-0.1044397342046846,0.0306346439984942,-8.386026650663139
21.042050149037525,0.0,0.0,-0.0,-0.0,0.0,-0.0,0.1361927096279105,0.1552510793130889,0.016424585322587,-70.70444998113403,0.0,0.0,-0.0,0.0,0.0,-0.0,0.107920415090115,-0.1010548367752707,0.0297759440148897,-11.403239450092707
21.060096504225378,0.0,0.0,0.0,-0.0,0.0,-0.0,0.1361953064909574,0.1529864801799536,0.0146599413009048,-70.73419899231267,0.0,0.0,-0.0,0.0,0.0,-0.0,0.1078077923413747,-0.1031215808545811,0.0303246343878143,-12.389043973821256
21.07814285941324,0.0,0.0,0.0,-0.0,0.0,-0.0,0.1361348684479268,0.1529357530336498,0.0155530265842872,-70.78009853414459,0.0,0.0,-0.0,0.0,0.0,-0.0,0.1074707305917452,-0.1085954533706679,0.0310965517010049,-14.522997725952516
21.09618921460109,0.0,0.0,0.0,-0.0,0.0,-0.0,0.1361694928027288,0.1526993541619284,0.0147318546358183,-70.82751654890573,0.0,-0.0,-0.0,0.0,0.0,-0.0,0.1071061763430426,-0.1103287153312783,0.0371296996672419,-10.794375516588604
21.11423556978894,0.0,0.0,0.0,-0.0,0.0,-0.0,0.1361419960067339,0.1518433846216229,0.0145916092586107,-70.86704347569317,0.0,0.0,-0.0,-0.0,0.0,-0.0,0.1069377914680567,-0.1119080110954716,0.0430446847627493,-5.812087637101743
21.132281924976795,0.0,0.0,0.0,-0.0,0.0,-0.0,0.1360486225174923,0.1500528988684797,0.0135937747207438,-70.89113551677255,0.0,0.0,-0.0,-0.0,0.0,-0.0,0.1068115131098229,-0.1116712126243103,0.0419044930614535,-7.702111402029473
21.150328280164647,0.0,0.0,-0.0,-0.0,0.0,-0.0,0.1358309895449219,0.150871895344671,0.0112130106912579,-70.92546353880398,0.0,0.0,-0.0,-0.0,0.0,-0.0,0.1069206084845698,-0.1142217211914234,0.0418652362779931,-5.589369451706941
21.168374635352503,0.0,0.0,0.0,-0.0,0.0,-0.0,0.1348028942551962,0.1512690296310209,0.0092820402997447,-70.96469991706742,0.0,0.0,-0.0,-0.0,0.0,-0.0,0.1069508062311488,-0.1134852053306512,0.0392089052892863,-4.3101809676442775
21.18642099054036,0.0,0.0,0.0,-0.0,0.0,-0.0,0.1341923480733232,0.1506875773748052,0.0098019209238706,-70.99355974149117,-0.0,0.0,-0.0,-0.0,-0.0,-0.0,0.1070986510853528,-0.1134182251023016,0.0381646001997711,-1.3776944810280216
21.204467345728208,0.0,0.0,0.0,-0.0,0.0,-0.0,0.1346963065386977,0.1509658642390117,0.0104620419149008,-71.01734776668246,0.0,0.0,-0.0,-0.0,-0.0,-0.0,0.1075554840330016,-0.1137893713737781,0.0374878962793897,2.5060934780722994
21.222513700916064,0.0,0.0,-0.0,-0.0,0.0,-0.0,0.1349419249578648,0.1522657209526699,0.0116644322571404,-71.03350071995146,0.0,0.0,-0.0,-0.0,-0.0,-0.0,0.1077714997217192,-0.1144643861719653,0.0371171805416789,-1.577755885960121
21.24056005610392,0.0,0.0,-0.0,-0.0,0.0,-0.0,0.1349946144030933,0.1523816863531689,0.0106483148870987,-71.03326534248734,-0.0,0.0,-0.0,-0.0,0.0,-0.0,0.1077799242370613,-0.1147443358547298,0.0366758009204626,1.5874750984388002
