time_s,L_fx1,L_fy1,L_fz1,L_fx2,L_fy2,L_fz2,L_proximity,L_roll,L_pitch,L_yaw,R_fx1,R_fy1,R_fz1,R_fx2,R_fy2,R_fz2,R_proximity,R_roll,R_pitch,R_yaw
0.0,0.0,0.0,0.0,0.0,0.0,0.0,0.0001464866102082,1.4210854715202004e-14,1.1102230246251563e-16,1.4210854715202004e-14,0.0,0.0,0.0,0.0,0.0,0.0,0.0001907377737087,1.4210854715202004e-14,5.551115123125783e-17,7.105427357601002e-15
0.015999998897314,0.0,0.0,0.0,0.0,0.0,0.0,0.0001617456321049,1.4210854715202004e-14,1.1102230246251563e-16,1.4210854715202004e-14,0.0,0.0,0.0,0.0,0.0,0.0,0.0001907377737087,1.4210854715202004e-14,5.551115123125783e-17,-0.0999999999999943
0.0309999994933605,0.0,0.0,0.0,0.0,0.0,0.0,0.0001617456321049,1.4210854715202004e-14,1.1102230246251563e-16,1.4210854715202004e-14,0.0,0.0,0.0,0.0,0.0,0.0,0.000175478751812,1.4210854715202004e-14,5.551115123125783e-17,-0.0999999999999943
0.0629999991506338,0.0,0.0,0.0,0.0,0.0,0.0,0.0001617456321049,1.4210854715202004e-14,1.1102230246251563e-16,1.4210854715202004e-14,0.0,0.0,0.0,0.0,0.0,0.0,0.000175478751812,1.4210854715202004e-14,5.551115123125783e-17,-0.0999999999999943
0.0779999997466802,0.0,0.0,0.0,0.0,0.0,0.0,0.0001464866102082,1.4210854715202004e-14,1.1102230246251563e-16,1.4210854715202004e-14,0.0,0.0,0.0,0.0,0.0,0.0,0.000175478751812,1.4210854715202004e-14,5.551115123125783e-17,-0.0999999999999943
0.1099999994039535,0.0,0.0,0.0,0.0,0.0,0.0,0.0001312275883115,1.4210854715202004e-14,1.1102230246251563e-16,1.4210854715202004e-14,0.0,0.0,0.0,0.0,0.0,0.0,0.0001602197299153,1.4210854715202004e-14,5.551115123125783e-17,-0.0999999999999943
0.125,0.0,0.0,0.0,0.0,0.0,0.0,0.0001312275883115,1.4210854715202004e-14,1.1102230246251563e-16,1.4210854715202004e-14,0.0,0.0,0.0,0.0,0.0,0.0,0.0001602197299153,1.4210854715202004e-14,5.551115123125783e-17,7.105427357601002e-15
0.140999998897314,0.0,0.0,0.0,0.0,0.0,0.0,0.0001159685664148,1.4210854715202004e-14,1.1102230246251563e-16,1.4210854715202004e-14,0.0,0.0,0.0,0.0,0.0,0.0,9.918364232852674e-05,1.4210854715202004e-14,5.551115123125783e-17,7.105427357601002e-15
0.1559999994933605,0.0,0.0,0.0,0.0,0.0,0.0,0.0001159685664148,0.1000000000000085,1.1102230246251563e-16,1.4210854715202004e-14,0.0,0.0,0.0,0.0,0.0,0.0,5.340657663843748e-05,1.4210854715202004e-14,5.551115123125783e-17,7.105427357601002e-15
0.1720000002533197,0.0,0.0,0.0,0.0,0.0,0.0,0.0001159685664148,0.1000000000000085,1.1102230246251563e-16,1.4210854715202004e-14,0.0,0.0,0.0,0.0,0.0,0.0,5.340657663843748e-05,1.4210854715202004e-14,5.551115123125783e-17,7.105427357601002e-15
0.1879999991506338,0.0,0.0,0.0,0.0,0.0,0.0,0.0001159685664148,0.1000000000000085,1.1102230246251563e-16,0.1000000000000227,0.0,0.0,0.0,0.0,0.0,0.0,5.340657663843748e-05,0.1000000000000085,5.551115123125783e-17,7.105427357601002e-15
0.2029999997466802,0.0,0.0,0.0,0.0,0.0,0.0,0.0001464866102082,0.2000000000000028,1.1102230246251563e-16,0.1000000000000227,0.0,0.0,0.0,0.0,0.0,0.0,9.918364232852674e-05,0.1000000000000085,5.551115123125783e-17,7.105427357601002e-15
0.2189999986439943,0.0,0.0,0.0,0.0,0.0,0.0,0.000207522697795,0.2000000000000028,1.1102230246251563e-16,0.1000000000000227,0.0,0.0,0.0,0.0,0.0,0.0,9.918364232852674e-05,0.1000000000000085,5.551115123125783e-17,-0.0999999999999943
0.25,0.0,0.0,0.0,0.0,0.0,0.0,0.0004364080262454,0.2000000000000028,1.1102230246251563e-16,0.1000000000000227,0.0,0.0,0.0,0.0,0.0,0.0,9.918364232852674e-05,0.1000000000000085,5.551115123125783e-17,-0.0999999999999943
0.265999998897314,0.0,0.0,0.0,0.0,0.0,0.0,0.0010315098802166,0.2000000000000028,1.1102230246251563e-16,0.1000000000000227,0.0,0.0,0.0,0.0,0.0,0.0,0.0015640497444113,0.2000000000000028,5.551115123125783e-17,-0.0999999999999943
0.2809999994933605,0.0,0.0,0.0,0.0,0.0,0.0,0.0013824673838406,0.2000000000000028,1.1102230246251563e-16,0.1000000000000227,0.0,0.0,0.0,0.0,0.0,0.0,0.0030594338902876,0.2000000000000028,5.551115123125783e-17,-0.0999999999999943
0.3129999991506338,0.0,0.0,0.0,0.0,0.0,0.0,0.0021149004348821,0.2000000000000028,1.1102230246251563e-16,0.1000000000000227,0.0,0.0,0.0,0.0,0.0,0.0,0.0043411917296101,0.2000000000000028,5.551115123125783e-17,7.105427357601002e-15
0.3279999997466802,0.0,0.0,0.0,0.0,0.0,0.0,0.0027405203326466,0.2000000000000028,1.1102230246251563e-16,0.1000000000000227,0.0,0.0,0.0,0.0,0.0,0.0,0.0056229495689326,0.2000000000000028,5.551115123125783e-17,7.105427357601002e-15
0.3439999986439943,0.0,0.0,0.0,0.0,0.0,0.0,0.0034271763179979,0.2000000000000028,1.1102230246251563e-16,0.1000000000000227,0.0,0.0,0.0,0.0,0.0,0.0,0.0071183337148088,0.2000000000000028,5.551115123125783e-17,7.105427357601002e-15
0.3599999994039535,0.0,0.0,0.0,0.0,0.0,0.0,0.0040070191500724,0.3000000000000113,1.1102230246251563e-16,0.1000000000000227,0.0,0.0,0.0,0.0,0.0,0.0,0.0085221637293049,0.2000000000000028,5.551115123125783e-17,7.105427357601002e-15
0.375,0.0,0.0,0.0,0.0,0.0,0.0,0.0046173800259403,0.3000000000000113,1.1102230246251563e-16,1.4210854715202004e-14,0.0,0.0,0.0,0.0,0.0,0.0,0.0097428854810406,0.2000000000000028,5.551115123125783e-17,7.105427357601002e-15
0.390999998897314,0.0,0.0,0.0,0.0,0.0,0.0,0.0051972228580147,0.3000000000000113,1.1102230246251563e-16,1.4210854715202004e-14,0.0,0.0,0.0,0.0,0.0,0.0,0.0109941252765697,0.2000000000000028,5.551115123125783e-17,7.105427357601002e-15
0.4059999994933605,0.0,0.0,0.0,0.0,0.0,0.0,0.0058838788433661,0.3000000000000113,1.1102230246251563e-16,1.4210854715202004e-14,0.0,0.0,0.0,0.0,0.0,0.0,0.0123521782253757,0.2000000000000028,5.551115123125783e-17,7.105427357601002e-15
0.4220000002533197,0.0,0.0,0.0,0.0,0.0,0.0,0.0067383840695811,0.3000000000000113,1.1102230246251563e-16,1.4210854715202004e-14,0.0,0.0,0.0,0.0,0.0,0.0,0.013893339436942,0.2000000000000028,5.551115123125783e-17,7.105427357601002e-15
0.4379999991506338,0.0,0.0,0.0,0.0,0.0,0.0,0.007394522011139,0.3000000000000113,1.1102230246251563e-16,1.4210854715202004e-14,0.0,0.0,0.0,0.0,0.0,0.0,0.0153429465171282,0.2000000000000028,5.551115123125783e-17,-0.0999999999999943
0.4529999997466802,0.0,0.0,0.0,0.0,0.0,0.0,0.0081116960402837,0.3000000000000113,1.1102230246251563e-16,1.4210854715202004e-14,0.0,0.0,0.0,0.0,0.0,0.0,0.0166857404440375,0.2000000000000028,5.551115123125783e-17,-0.0999999999999943
0.4689999986439943,0.0,0.0,0.0,0.0,0.0,0.0,0.0087373159380483,0.3000000000000113,1.1102230246251563e-16,0.1000000000000227,0.0,0.0,0.0,0.0,0.0,0.0,0.0182726787212939,0.2000000000000028,5.551115123125783e-17,-0.0999999999999943
0.5,0.0,0.0,0.0,0.0,0.0,0.0,0.00960708018616,0.3000000000000113,1.1102230246251563e-16,0.1000000000000227,0.0,0.0,0.0,0.0,0.0,0.0,0.0199511711299305,0.2000000000000028,5.551115123125783e-17,-0.0999999999999943
0.5159999988973141,0.0,0.0,0.0,0.0,0.0,0.0,0.0103395132372014,0.3000000000000113,1.1102230246251563e-16,0.1000000000000227,0.0,0.0,0.0,0.0,0.0,0.0,0.0219043259327077,0.2000000000000028,5.551115123125783e-17,-0.0999999999999943
0.5309999994933605,0.0,0.0,0.0,0.0,0.0,0.0,0.0111329823758296,0.3000000000000113,1.1102230246251563e-16,0.1000000000000227,0.0,0.0,0.0,0.0,0.0,0.0,0.0236438544289311,0.2000000000000028,5.551115123125783e-17,-0.0999999999999943
0.5470000002533197,0.0,0.0,0.0,0.0,0.0,0.0,0.0118959334706645,0.3000000000000113,1.1102230246251563e-16,0.1000000000000227,0.0,0.0,0.0,0.0,0.0,0.0,0.0255512321660181,0.2000000000000028,5.551115123125783e-17,-0.0999999999999943
0.5629999991506338,0.0,0.0,0.0,0.0,0.0,0.0,0.0129030289158464,0.3000000000000113,1.1102230246251563e-16,0.1000000000000227,0.0,0.0,0.0,0.0,0.0,0.0,0.0276112001220721,0.2000000000000028,5.551115123125783e-17,-0.0999999999999943
0.5779999997466803,0.0,0.0,0.0,0.0,0.0,0.0,0.0139559014267185,0.3000000000000113,1.1102230246251563e-16,0.1000000000000227,0.0,0.0,0.0,0.0,0.0,0.0,0.0297932402532997,0.2000000000000028,5.551115123125783e-17,-0.0999999999999943
0.5939999986439943,0.0,0.0,0.0,0.0,0.0,0.0,0.0148409246967269,0.3000000000000113,1.1102230246251563e-16,0.1000000000000227,0.0,0.0,0.0,0.0,0.0,0.0,0.0321736476691844,0.2000000000000028,5.551115123125783e-17,-0.0999999999999943
0.6099999994039536,0.0,0.0,0.0,0.0,0.0,0.0,0.0159548332951857,0.3000000000000113,1.1102230246251563e-16,0.1000000000000227,0.0,0.0,0.0,0.0,0.0,0.0,0.0331502250705729,0.2000000000000028,5.551115123125783e-17,-0.0999999999999943
0.625,0.0,0.0,0.0,0.0,0.0,0.0,0.0177859159227893,0.3000000000000113,1.1102230246251563e-16,1.4210854715202004e-14,0.0,0.0,0.0,0.0,0.0,0.0,0.0331807431143663,0.2000000000000028,5.551115123125783e-17,-0.0999999999999943
0.6409999988973141,0.0,0.0,0.0,0.0,0.0,0.0,0.0200442511635003,0.3000000000000113,1.1102230246251563e-16,1.4210854715202004e-14,0.0,0.0,0.0,0.0,0.0,0.0,0.0333791103990234,0.2000000000000028,5.551115123125783e-17,-0.0999999999999943
0.6720000002533197,0.0,0.0,0.0,0.0,0.0,0.0,0.0256290531776912,0.2000000000000028,1.1102230246251563e-16,1.4210854715202004e-14,0.0,0.0,0.0,0.0,0.0,0.0,0.0333791103990234,0.2000000000000028,5.551115123125783e-17,-0.0999999999999943
0.6879999991506338,0.0,0.0,0.0,0.0,0.0,0.0,0.02840619516289,0.2000000000000028,1.1102230246251563e-16,1.4210854715202004e-14,0.0,0.0,0.0,0.0,0.0,0.0,0.0333791103990234,0.2000000000000028,5.551115123125783e-17,-0.0999999999999943
0.7029999997466803,0.0,0.0,0.0,0.0,0.0,0.0,0.0313817044327458,0.1000000000000085,1.1102230246251563e-16,1.4210854715202004e-14,0.0,0.0,0.0,0.0,0.0,0.0,0.0333791103990234,0.1000000000000085,5.551115123125783e-17,-0.0999999999999943
0.7189999986439943,0.0,0.0,0.02,0.0,0.0,0.0,0.0351812008850232,0.1000000000000085,1.1102230246251563e-16,1.4210854715202004e-14,0.0,0.0,0.0,0.0,0.0,0.0,0.033546959639887,0.1000000000000085,5.551115123125783e-17,-0.0999999999999943
0.7349999994039536,0.1119,0.0,0.2339999999999998,0.0425,0.0,0.1068,0.038309300373846,0.1000000000000085,1.1102230246251563e-16,1.4210854715202004e-14,0.0,0.0,0.0,-0.0114,0.0,0.0092,0.0336690318150606,0.1000000000000085,5.551115123125783e-17,-0.0999999999999943
0.75,0.2567,0.0,0.5136,0.164,0.0306,0.336,0.0390569924467841,1.4210854715202004e-14,1.1102230246251563e-16,1.4210854715202004e-14,0.0,0.0,0.0,-0.1708,0.0,0.2056,0.0341878385595483,0.1000000000000085,5.551115123125783e-17,-0.0999999999999943
0.7659999988973141,0.3845,0.0,0.775,0.303,0.0992,0.5729999999999998,0.0395757991912718,1.4210854715202004e-14,1.1102230246251563e-16,1.4210854715202004e-14,-0.0133,0.0,0.0,-0.348,0.0,0.4148,0.034706645304036,0.1000000000000085,5.551115123125783e-17,7.105427357601002e-15
0.7809999994933605,0.5208,0.0,1.0112,0.4404,0.1505,0.7708,0.0400030518043793,-0.0999999999999943,1.1102230246251563e-16,1.4210854715202004e-14,-0.1794,0.0281,0.1804,-0.5433,0.0,0.6102,0.0356984817273212,0.1000000000000085,5.551115123125783e-17,7.105427357601002e-15
0.8129999991506338,0.6469,0.0,1.2371999999999999,0.5191,0.1781,0.9382,0.0411932555123216,-0.0999999999999943,1.1102230246251563e-16,1.4210854715202004e-14,-0.3295,0.0619,0.355,-0.7076,0.0,0.7756,0.0368429083695735,1.4210854715202004e-14,5.551115123125783e-17,7.105427357601002e-15
0.8279999997466803,0.7846,0.0,1.4684,0.6384,0.2403,1.1204,0.0427191577019912,-0.0999999999999943,1.1102230246251563e-16,1.4210854715202004e-14,-0.487,0.1006,0.5068,-0.8644,0.0,0.9186,0.0382314793621728,1.4210854715202004e-14,5.551115123125783e-17,7.105427357601002e-15
0.8439999986439943,0.9391,0.0,1.7368,0.7679,0.2987,1.3186,0.0445197222858014,-0.1999999999999886,1.1102230246251563e-16,1.4210854715202004e-14,-0.6554,0.1355,0.6842,-1.0306,0.0,1.0662,0.0397726405737392,1.4210854715202004e-14,5.551115123125783e-17,7.105427357601002e-15
0.875,1.1188,0.0,2.0258,0.9115,0.3619,1.5448000000000002,0.0460608834973678,-0.1999999999999886,1.1102230246251563e-16,1.4210854715202004e-14,-0.8644,0.1717,0.9038,-1.2474,0.0,1.2256,0.0412985427634088,1.4210854715202004e-14,5.551115123125783e-17,7.105427357601002e-15
0.8909999988973141,1.3135,0.0,2.3656,1.0799,0.4236,1.8009999999999995,0.0470222018768596,-0.1999999999999886,1.1102230246251563e-16,1.4210854715202004e-14,-1.1262,0.2322,1.1314,-1.4918,0.0,1.4098,0.0428702220187686,1.4210854715202004e-14,5.551115123125783e-17,7.105427357601002e-15
0.9059999994933604,1.5314,0.0,2.706,1.265,0.4807,2.0558,0.0479682612344548,-0.0999999999999943,1.1102230246251563e-16,-0.0999999999999801,-1.3942,0.2696,1.3928,-1.7713,0.0,1.5872,0.0437399862668802,0.1000000000000085,5.551115123125783e-17,7.105427357601002e-15
0.9220000002533196,1.7228,0.0,3.0076,1.4297,0.5425,2.3012,0.0488075074387731,-0.0999999999999943,-0.0999999999999998,-0.0999999999999801,-1.6825,0.3461,1.6410000000000002,-2.03,0.0432,1.7554,0.0445181963836118,0.1000000000000085,5.551115123125783e-17,7.105427357601002e-15
0.9379999991506338,1.9136,0.0,3.2982,1.5766,0.5891,2.5196,0.0495704585336079,-0.0999999999999943,-0.0999999999999998,-0.0999999999999801,-1.9471,0.4087,1.859,-2.2649,0.0946,1.8982,0.04531166552224,0.1000000000000085,5.551115123125783e-17,0.1000000000000085
0.9529999997466804,2.0923,0.0,3.5678,1.7218,0.6397,2.718,0.0515693904020752,-0.0999999999999943,-0.0999999999999998,-0.0999999999999801,-2.2095,0.481,2.06,-2.4692,0.141,2.0498,0.0465323872739757,0.1000000000000085,5.551115123125783e-17,0.1000000000000085
0.9849999994039536,2.266,0.0,3.8276,1.8532,0.6818,2.9286,0.0525917448691538,1.4210854715202004e-14,-0.0999999999999998,-0.1999999999999886,-2.675,0.6157,2.4478,-2.8288,0.2345,2.3434,0.0483024338139925,0.2000000000000028,5.551115123125783e-17,0.2000000000000099
1.015999998897314,2.4478,0.0,4.113,2.0166,0.7256,3.1519999999999997,0.0534004730296787,1.4210854715202004e-14,-0.0999999999999998,-0.1999999999999886,-2.9406,0.6836,2.6832,-2.9884,0.2865,2.5234,0.0490043488212405,0.2000000000000028,5.551115123125783e-17,0.2000000000000099
1.0309999994933603,2.6539,0.0,4.4358,2.1934,0.7789,3.3978,0.0541634241245135,0.1000000000000085,-0.0999999999999998,-0.1999999999999886,-3.2098,0.7682,2.9474,-3.1449,0.3257,2.7278,0.0495689326314183,0.2000000000000028,5.551115123125783e-17,0.2000000000000099
1.0470000002533195,2.8106,0.0,4.663,2.3289,0.8226,3.5806,0.0547737850003814,0.1000000000000085,-0.0999999999999998,-0.1999999999999886,-3.3469,0.8277,3.0862,-3.2043,0.3355,2.8228000000000004,0.050133516441596,0.3000000000000113,5.551115123125783e-17,0.2000000000000099
1.0629999991506338,2.8781,0.0,4.7768,2.3842,0.8438,3.6614,0.0551400015259021,0.1000000000000085,-0.0999999999999998,-0.2999999999999829,-3.4101,0.8471,3.1618,-3.2147,0.3696,2.8758,0.0509575036240177,0.3000000000000113,5.551115123125783e-17,0.2000000000000099
1.0779999997466805,2.9209,0.0112,4.863000000000001,2.4061,0.853,3.7146,0.0562233920805676,0.1000000000000085,-0.0999999999999998,-0.2999999999999829,-3.454,0.8709,3.2260000000000004,-3.2148,0.3558,2.9026,0.0512016479743648,0.3000000000000113,5.551115123125783e-17,0.3000000000000113
1.1099999994039536,2.9792,0.0219,4.9652,2.4511,0.874,3.7882,0.0578866254673075,0.2000000000000028,-0.0999999999999998,-0.2999999999999829,-3.4798,0.8766,3.2692,-3.2104,0.3723,2.933,0.0519798580910963,0.3000000000000113,5.551115123125783e-17,0.3000000000000113
1.125,2.898,0.0094,4.8436,2.3639,0.8492,3.673,0.0583596551461051,0.2000000000000028,-0.0999999999999998,-0.1999999999999886,-3.4849,0.8997,3.2964,-3.2037,0.3655,2.937,0.0522240024414435,0.4000000000000057,5.551115123125783e-17,0.3000000000000113
1.140999998897314,2.741,0.0,4.6126,2.2239,0.8238,3.494,0.0583596551461051,0.2000000000000028,-0.0999999999999998,-0.1999999999999886,-3.3121,0.8424,3.118,-3.0975,0.3637,2.8038,0.0522240024414435,0.4000000000000057,5.551115123125783e-17,0.3000000000000113
1.1559999994933603,2.5356,0.0,4.3122,2.0742,0.7647,3.265600000000001,0.0583596551461051,0.2000000000000028,-0.0999999999999998,-0.1999999999999886,-3.0726,0.7594,2.8707999999999996,-2.9651,0.3293,2.6126,0.0522240024414435,0.4000000000000057,5.551115123125783e-17,0.3000000000000113
1.1879999991506338,2.4093,0.0,4.1008,1.9875,0.7314,3.1302,0.0573373006790264,0.2000000000000028,-0.0999999999999998,-0.1999999999999886,-2.7638,0.6673,2.6086,-2.8114,0.2948,2.4282,0.05214770733196,0.4000000000000057,5.551115123125783e-17,0.3000000000000113
1.2029999997466805,2.3504,0.0,4.0038,1.948,0.711,3.078,0.0567421988250552,0.2000000000000028,-0.0999999999999998,-0.0999999999999801,-2.6472,0.6148,2.5042,-2.7605,0.2787,2.3588,0.0521019302662699,0.4000000000000057,5.551115123125783e-17,0.3000000000000113
1.2189999986439943,2.3371,0.0,3.9766,1.9272,0.7013,3.0464,0.0559792477302204,0.1000000000000085,-0.0999999999999998,-0.0999999999999801,-2.5887,0.6079,2.471,-2.7437,0.2677,2.348,0.0514457923247119,0.3000000000000113,5.551115123125783e-17,0.3000000000000113
1.2349999994039536,2.3066,0.0,3.9592,1.9097,0.7077,3.045,0.055597772182803,0.1000000000000085,-0.0999999999999998,-0.0999999999999801,-2.5742,0.5765,2.4416,-2.7442,0.2703,2.3486,0.0506218051422903,0.3000000000000113,5.551115123125783e-17,0.3000000000000113
1.265999998897314,2.3034,0.0,3.9392,1.9066,0.6949,3.026,0.055399404898146,0.1000000000000085,-0.0999999999999998,-0.0999999999999801,-2.5455,0.5776,2.427,-2.7352,0.2582,2.3362,0.0506065461203936,0.3000000000000113,5.551115123125783e-17,0.3000000000000113
1.2809999994933603,2.2856,0.0,3.9402,1.9054,0.7019,3.038,0.055399404898146,0.1000000000000085,-0.0999999999999998,-0.0999999999999801,-2.5438,0.5774,2.4298,-2.7427,0.2605,2.3272,0.0505912870984969,0.3000000000000113,5.551115123125783e-17,0.3000000000000113
1.2970000002533195,2.2951,0.0,3.9316,1.9045,0.7115,3.0272,0.055399404898146,0.1000000000000085,-0.0999999999999998,-0.0999999999999801,-2.5412,0.5747,2.4388,-2.7331,0.2665,2.3352000000000004,0.0505760280766002,0.3000000000000113,5.551115123125783e-17,0.3000000000000113
1.3129999991506338,2.2863,0.0,3.935,1.8956,0.7045,3.0288,0.055399404898146,0.1000000000000085,-0.0999999999999998,-0.0999999999999801,-2.5292,0.5725,2.4218,-2.7381,0.2657,2.3248000000000006,0.0505760280766002,0.2000000000000028,5.551115123125783e-17,0.3000000000000113
1.3279999997466805,2.2873,0.0,3.9256000000000006,1.9006,0.7041,3.0216,0.055399404898146,0.1000000000000085,-0.0999999999999998,-0.0999999999999801,-2.5431,0.5693,2.4262,-2.7451,0.2748,2.3362,0.0505760280766002,0.2000000000000028,5.551115123125783e-17,0.3000000000000113
1.3439999986439943,2.2955,0.0,3.922,1.8972,0.689,3.0262,0.055399404898146,0.1000000000000085,-0.0999999999999998,-0.0999999999999801,-2.5181,0.5689,2.4164,-2.7506,0.269,2.3394,0.0505912870984969,0.2000000000000028,5.551115123125783e-17,0.3000000000000113
1.375,2.2875,0.0,3.9198,1.8964,0.6996,3.0158,0.055399404898146,0.1000000000000085,-0.0999999999999998,-0.0999999999999801,-2.5171,0.5625,2.4262,-2.7491,0.2654,2.3405999999999993,0.0505607690547035,0.2000000000000028,5.551115123125783e-17,0.3000000000000113
1.390999998897314,2.2846,0.0,3.922,1.9023,0.6956,3.0228,0.055399404898146,0.1000000000000085,-0.0999999999999998,-0.1999999999999886,-2.5241,0.5727,2.425,-2.742,0.2763,2.3374,0.0505455100328069,0.2000000000000028,5.551115123125783e-17,0.3000000000000113
1.4059999994933603,2.295,0.0,3.9332,1.8993,0.6964,3.0315999999999996,0.0552925917448691,0.1000000000000085,-0.0999999999999998,-0.1999999999999886,-2.5267,0.5581,2.4276,-2.7386,0.2687,2.3358,0.0505455100328069,0.2000000000000028,5.551115123125783e-17,0.3000000000000113
1.4220000002533195,2.2937,0.0,3.933,1.8916,0.6946,3.0338,0.0552925917448691,0.1000000000000085,-0.0999999999999998,-0.1999999999999886,-2.5297,0.5754,2.4394,-2.7487,0.2679,2.3436,0.0505455100328069,0.2000000000000028,5.551115123125783e-17,0.3000000000000113
1.4379999991506338,2.2929,0.0,3.9392,1.8858,0.6937,3.0302,0.0552773327229724,0.1000000000000085,-0.0999999999999998,-0.1999999999999886,-2.5258,0.5881,2.4338000000000006,-2.7631,0.271,2.348,0.0505302510109102,0.2000000000000028,5.551115123125783e-17,0.3000000000000113
1.4529999997466805,2.2695,0.0,3.9338,1.8915,0.6932,3.0236,0.0552773327229724,0.1000000000000085,-0.0999999999999998,-0.1999999999999886,-2.5262,0.5692,2.4274,-2.7538,0.2652,2.3432,0.0505302510109102,0.2000000000000028,5.551115123125783e-17,0.2000000000000099
1.4689999986439943,2.2941,0.0,3.942400000000001,1.8987,0.7089,3.0364,0.0552315556572823,0.1000000000000085,-0.0999999999999998,-0.1999999999999886,-2.5274,0.5682,2.4318,-2.7547,0.2689,2.345,0.0504997329671168,0.2000000000000028,5.551115123125783e-17,0.2000000000000099
1.5,2.2974,0.0,3.9258,1.8996,0.7017,3.0304,0.0552315556572823,0.1000000000000085,-0.0999999999999998,-0.0999999999999801,-2.5326,0.5696,2.4446,-2.7624,0.2637,2.35,0.0504997329671168,0.2000000000000028,5.551115123125783e-17,0.2000000000000099
1.5309999994933603,2.2922,0.0,3.9452,1.8995,0.6951,3.0294000000000003,0.0552315556572823,0.1000000000000085,-0.0999999999999998,-0.0999999999999801,-2.5313,0.5799,2.439,-2.7507,0.2689,2.3472,0.0504844739452201,0.2000000000000028,5.551115123125783e-17,0.2000000000000099
1.5470000002533195,2.3025,0.0,3.9488,1.9024,0.7007,3.0282000000000004,0.0552620737010757,0.1000000000000085,-0.0999999999999998,-0.0999999999999801,-2.5276,0.5638,2.441,-2.7545,0.2641,2.3502,0.0504844739452201,0.2000000000000028,5.551115123125783e-17,0.2000000000000099
1.5629999991506338,2.2941,0.0,3.94,1.8975,0.7014,3.031200000000001,0.0552620737010757,1.4210854715202004e-14,-0.0999999999999998,-0.0999999999999801,-2.5233,0.5712,2.4356,-2.7616,0.2691,2.3534,0.0504844739452201,0.2000000000000028,5.551115123125783e-17,0.2000000000000099
1.5779999997466805,2.3016,0.0,3.943,1.8896,0.6975,3.0315999999999996,0.0552315556572823,1.4210854715202004e-14,-0.0999999999999998,-0.0999999999999801,-2.522,0.5768,2.4400000000000004,-2.7579,0.2654,2.3512,0.0504844739452201,0.2000000000000028,5.551115123125783e-17,0.2000000000000099
1.5939999986439943,2.3097,0.0,3.9404,1.9056,0.7046,3.0338,0.0552315556572823,1.4210854715202004e-14,-0.0999999999999998,-0.0999999999999801,-2.5269,0.5742,2.4428,-2.7591,0.2811,2.3556,0.0504844739452201,0.2000000000000028,5.551115123125783e-17,0.2000000000000099
1.6099999994039536,2.3052,0.0,3.9486,1.8995,0.699,3.0482,0.0552620737010757,1.4210854715202004e-14,-0.0999999999999998,-0.0999999999999801,-2.5366,0.5795,2.4492,-2.7541,0.2616,2.3508,0.0504844739452201,0.2000000000000028,5.551115123125783e-17,0.2000000000000099
1.625,2.3,0.0,3.9586,1.9111,0.7123,3.0406,0.0552620737010757,1.4210854715202004e-14,-0.0999999999999998,-0.0999999999999801,-2.5329,0.5897,2.4578,-2.7637,0.2738,2.3586,0.0504844739452201,0.2000000000000028,5.551115123125783e-17,0.2000000000000099
1.640999998897314,2.3032,0.0,3.9622000000000006,1.9033,0.7036,3.039,0.0552315556572823,1.4210854715202004e-14,-0.0999999999999998,-0.0999999999999801,-2.5256,0.5825,2.453,-2.7529,0.272,2.3442,0.0505149919890135,0.2000000000000028,5.551115123125783e-17,0.2000000000000099
1.6720000002533195,2.3048,0.0,3.9586,1.9108,0.6897,3.038,0.0552315556572823,1.4210854715202004e-14,-0.0999999999999998,-0.0999999999999801,-2.5318,0.5805,2.4538,-2.7567,0.2705,2.3508,0.0505302510109102,0.2000000000000028,5.551115123125783e-17,0.2000000000000099
1.7029999997466805,2.3057,0.0,3.9512,1.8985,0.709,3.0530000000000004,0.0552315556572823,1.4210854715202004e-14,-0.0999999999999998,-0.0999999999999801,-2.5287,0.5683,2.4472,-2.7676,0.272,2.359600000000001,0.0505302510109102,0.2000000000000028,5.551115123125783e-17,0.2000000000000099
1.7189999986439943,2.3063,0.0,3.9686,1.8928,0.6991,3.0414000000000008,0.0552620737010757,1.4210854715202004e-14,-0.0999999999999998,-0.0999999999999801,-2.538,0.5697,2.4492,-2.7607,0.2688,2.3608,0.0505455100328069,0.2000000000000028,5.551115123125783e-17,0.2000000000000099
1.7189999986439943,2.3108,0.0,3.958,1.8989,0.7057,3.0454000000000003,0.0552620737010757,1.4210854715202004e-14,-0.0999999999999998,-0.0999999999999801,-2.5328,0.5698,2.4484,-2.752,0.2658,2.3614000000000006,0.0505302510109102,0.2000000000000028,5.551115123125783e-17,0.2000000000000099
1.75,2.306,0.0,3.9624,1.8989,0.7011,3.043400000000001,0.0552162966353856,0.1000000000000085,-0.0999999999999998,-0.0999999999999801,-2.536,0.5699,2.4622,-2.764,0.275,2.3626000000000005,0.05043869687953,0.2000000000000028,5.551115123125783e-17,0.2000000000000099
1.765999998897314,2.2995,0.0,3.9554,1.9055,0.6979,3.0418,0.0552162966353856,0.1000000000000085,-0.0999999999999998,-0.0999999999999801,-2.5298,0.5775,2.4518,-2.7639,0.2763,2.3702,0.05043869687953,0.2000000000000028,5.551115123125783e-17,0.2000000000000099
1.7809999994933603,2.3206,0.0,3.966,1.9001,0.7002,3.0462,0.0552162966353856,0.1000000000000085,-0.0999999999999998,-0.0999999999999801,-2.5193,0.5799,2.4558,-2.7555,0.2646,2.364,0.05043869687953,0.2000000000000028,5.551115123125783e-17,0.2000000000000099
1.8129999991506336,2.3106,0.0,3.9682,1.9145,0.7029,3.0574,0.0552162966353856,0.1000000000000085,-0.0999999999999998,-0.0999999999999801,-2.535,0.5703,2.468,-2.7611,0.2728,2.3608,0.05043869687953,0.2000000000000028,5.551115123125783e-17,0.2000000000000099
1.8279999997466805,2.3187,0.0,3.972,1.9046,0.703,3.0424,0.0552010376134889,0.1000000000000085,-0.0999999999999998,-0.0999999999999801,-2.5318,0.5705,2.4558,-2.7651,0.2762,2.3668000000000005,0.05043869687953,0.2000000000000028,5.551115123125783e-17,0.3000000000000113
1.8439999986439943,2.3194,0.0,3.9632,1.9055,0.7108,3.0632,0.0552010376134889,0.1000000000000085,-0.0999999999999998,-0.0999999999999801,-2.5312,0.5698,2.4616,-2.7727,0.2725,2.3704,0.05043869687953,0.2000000000000028,5.551115123125783e-17,0.3000000000000113
1.8599999994039536,2.3091,0.0,3.9684,1.906,0.7099,3.0614000000000003,0.0552162966353856,0.1000000000000085,-0.0999999999999998,-0.0999999999999801,-2.5277,0.5798,2.463000000000001,-2.7697,0.2859,2.363,0.05043869687953,0.2000000000000028,5.551115123125783e-17,0.3000000000000113
1.875,2.3173,0.0,3.9694,1.9086,0.7038,3.0652000000000004,0.0553078507667658,0.1000000000000085,-0.0999999999999998,-0.0999999999999801,-2.5345,0.5712,2.4618,-2.7614,0.272,2.3642,0.0504539559014267,0.2000000000000028,5.551115123125783e-17,0.3000000000000113
1.890999998897314,2.3065,0.0,3.9822,1.9097,0.7131,3.058,0.0553078507667658,0.1000000000000085,-0.0999999999999998,-0.0999999999999801,-2.5401,0.581,2.4646,-2.7696,0.276,2.3698,0.0504539559014267,0.2000000000000028,5.551115123125783e-17,0.3000000000000113
1.9059999994933603,2.3112,0.0,3.9688,1.9178,0.692,3.062,0.0553078507667658,0.1000000000000085,-0.0999999999999998,-0.0999999999999801,-2.5314,0.5801,2.4640000000000004,-2.769,0.2745,2.3632,0.0504539559014267,0.2000000000000028,5.551115123125783e-17,0.3000000000000113
1.92200000025332,2.3071,0.0,3.9736,1.9121,0.7135,3.0634,0.055246814679179,0.1000000000000085,-0.0999999999999998,-0.0999999999999801,-2.5439,0.574,2.4612,-2.7671,0.2723,2.367600000000001,0.0504539559014267,0.2000000000000028,5.551115123125783e-17,0.3000000000000113
1.9529999997466805,2.3142,0.0,3.9726,1.9018,0.7052,3.0582,0.0552925917448691,1.4210854715202004e-14,-0.0999999999999998,-0.0999999999999801,-2.5322,0.5773,2.4642,-2.7749,0.2744,2.3762,0.0504234378576333,0.2000000000000028,5.551115123125783e-17,0.2000000000000099
1.9689999986439943,2.3164,0.0,3.988,1.9137,0.7061,3.059800000000001,0.055246814679179,1.4210854715202004e-14,-0.0999999999999998,-0.0999999999999801,-2.5307,0.5728,2.4584,-2.7797,0.2762,2.3736000000000006,0.0504234378576333,0.2000000000000028,5.551115123125783e-17,0.2000000000000099
2.0,2.3058,0.0,3.972,1.8997,0.7075,3.0518,0.055246814679179,1.4210854715202004e-14,-0.0999999999999998,1.4210854715202004e-14,-2.537,0.5779,2.4726,-2.777,0.2756,2.3732,0.0504539559014267,0.2000000000000028,5.551115123125783e-17,0.2000000000000099
2.015999998897314,2.3102,0.0,3.972,1.9107,0.714,3.074,0.055246814679179,1.4210854715202004e-14,-0.0999999999999998,1.4210854715202004e-14,-2.525,0.5915,2.4738,-2.7788,0.2753,2.3734,0.0504539559014267,0.2000000000000028,5.551115123125783e-17,0.2000000000000099
2.04700000025332,2.3113,0.0,3.984,1.9093,0.7151,3.0634,0.055246814679179,1.4210854715202004e-14,-0.0999999999999998,1.4210854715202004e-14,-2.5247,0.5842,2.4592,-2.7676,0.2789,2.372,0.0504539559014267,0.2000000000000028,5.551115123125783e-17,0.2000000000000099
2.062999999150634,2.3133,0.0,3.976,1.9245,0.715,3.063,0.055246814679179,1.4210854715202004e-14,-0.0999999999999998,1.4210854715202004e-14,-2.5344,0.5776,2.469,-2.7793,0.2822,2.3718,0.0503929198138399,0.2000000000000028,5.551115123125783e-17,0.2000000000000099
2.0779999997466803,2.3203,0.0,3.9858,1.9137,0.702,3.0626,0.055246814679179,1.4210854715202004e-14,-0.0999999999999998,1.4210854715202004e-14,-2.5377,0.5788,2.4696,-2.7737,0.2645,2.378,0.0503929198138399,0.2000000000000028,5.551115123125783e-17,0.2000000000000099
2.0939999986439943,2.3066,0.0,3.9828,1.9134,0.7061,3.0658,0.0552315556572823,1.4210854715202004e-14,-0.0999999999999998,1.4210854715202004e-14,-2.5328,0.5806,2.4622,-2.7779,0.2709,2.372,0.0504081788357366,0.2000000000000028,5.551115123125783e-17,0.2000000000000099
2.1099999994039536,2.3109,0.0,3.993,1.9107,0.71,3.07,0.055246814679179,1.4210854715202004e-14,-0.0999999999999998,-0.0999999999999801,-2.5359,0.5738,2.4642,-2.7839,0.2765,2.3752,0.0504081788357366,0.2000000000000028,5.551115123125783e-17,0.2000000000000099
2.125,2.3193,0.0,3.9948,1.9013,0.7056,3.0712,0.0552315556572823,0.1000000000000085,-0.0999999999999998,-0.0999999999999801,-2.5329,0.5764,2.4666,-2.7748,0.2637,2.3858000000000006,0.0504081788357366,0.2000000000000028,5.551115123125783e-17,0.2000000000000099
2.140999998897314,2.3199,0.0,3.9882,1.9067,0.7023,3.0690000000000004,0.0552315556572823,0.1000000000000085,-0.0999999999999998,-0.0999999999999801,-2.5277,0.5833,2.4652,-2.7685,0.2728,2.3728,0.0504081788357366,0.2000000000000028,5.551115123125783e-17,0.2000000000000099
2.1559999994933605,2.3238,0.0,3.998,1.9116,0.7125,3.077,0.0552315556572823,0.1000000000000085,-0.0999999999999998,-0.0999999999999801,-2.5304,0.5866,2.4674,-2.7578,0.2759,2.3632,0.0504692149233234,0.2000000000000028,5.551115123125783e-17,0.2000000000000099
2.17200000025332,2.3324,0.0,4.0032000000000005,1.9136,0.7196,3.0812000000000004,0.0552315556572823,0.1000000000000085,-0.0999999999999998,-0.0999999999999801,-2.5195,0.5707,2.4572,-2.7694,0.268,2.3687999999999994,0.0504692149233234,0.3000000000000113,5.551115123125783e-17,0.1000000000000085
2.2029999997466803,2.3309,0.0,4.0042,1.9145,0.7151,3.0814,0.0552925917448691,0.1000000000000085,-0.0999999999999998,-0.0999999999999801,-2.5078,0.5796,2.4546,-2.7628,0.2856,2.3658,0.0504844739452201,0.3000000000000113,5.551115123125783e-17,0.1000000000000085
2.2189999986439943,2.3183,0.0,3.9936,1.9141,0.7163,3.0748,0.0553078507667658,0.1000000000000085,-0.0999999999999998,-0.0999999999999801,-2.5027,0.5788,2.4406,-2.7717,0.2761,2.3718,0.0504844739452201,0.3000000000000113,-0.0999999999999999,0.1000000000000085
2.25,2.3134,0.0,3.981,1.9089,0.7095,3.077,0.0552925917448691,0.1000000000000085,-0.0999999999999998,-0.0999999999999801,-2.4935,0.5638,2.4424,-2.7875,0.277,2.3764,0.0504997329671168,0.3000000000000113,-0.0999999999999999,0.1000000000000085
2.265999998897314,2.3029,0.0,3.9632,1.9059,0.7204,3.0802,0.0553231097886625,0.1000000000000085,-0.0999999999999998,-0.0999999999999801,-2.4805,0.5676,2.4242,-2.7851,0.2764,2.3696,0.0504997329671168,0.3000000000000113,-0.0999999999999999,0.1000000000000085
2.2809999994933605,2.29,0.0,3.9482,1.8959,0.7017,3.0786,0.0553231097886625,0.1000000000000085,-0.0999999999999998,-0.0999999999999801,-2.4572,0.5531,2.4084,-2.7783,0.26,2.374,0.0504997329671168,0.3000000000000113,-0.0999999999999999,0.1000000000000085
2.29700000025332,2.2743,0.0,3.9164,1.8883,0.6902,3.0696,0.0553231097886625,1.4210854715202004e-14,-0.0999999999999998,-0.0999999999999801,-2.4234,0.5523,2.382,-2.7985,0.257,2.383,0.0504997329671168,0.2000000000000028,-0.0999999999999999,0.1000000000000085
2.312999999150634,2.2419,0.0,3.8726,1.8949,0.684,3.0676,0.0553231097886625,1.4210854715202004e-14,-0.0999999999999998,-0.0999999999999801,-2.3926,0.5311,2.3594,-2.8063,0.2415,2.382,0.0506218051422903,0.2000000000000028,-0.0999999999999999,0.1000000000000085
2.3279999997466803,2.2153,0.0,3.809,1.8864,0.6458,3.0656,0.0553841458762493,-0.0999999999999943,-0.0999999999999998,-0.0999999999999801,-2.3417,0.5194,2.3244,-2.8305,0.2491,2.3902,0.0506981002517738,0.2000000000000028,-0.0999999999999999,7.105427357601002e-15
2.3439999986439943,2.1755,0.0,3.7468,1.8543,0.6403,3.0296,0.0554451819638361,-0.0999999999999943,-0.0999999999999998,-0.0999999999999801,-2.272,0.4986,2.2714,-2.8415,0.2233,2.4092,0.0507133592736705,0.1000000000000085,-0.0999999999999999,7.105427357601002e-15
2.375,2.141,0.0,3.6996,1.8286,0.6458,3.0046,0.0555672541390096,-0.1999999999999886,1.1102230246251563e-16,1.4210854715202004e-14,-2.2244,0.4721,2.2234,-2.8576,0.2069,2.4166,0.0508354314488441,0.1000000000000085,-0.0999999999999999,7.105427357601002e-15
2.4059999994933605,2.1338,0.0,3.6584,1.8064,0.6233,2.9576,0.055597772182803,-0.1999999999999886,1.1102230246251563e-16,1.4210854715202004e-14,-2.1956,0.4776,2.2002,-2.8568,0.2165,2.4004,0.0513542381933318,1.4210854715202004e-14,-0.0999999999999999,7.105427357601002e-15
2.42200000025332,2.119,0.0,3.6308,1.7623,0.6081,2.906400000000001,0.055597772182803,-0.2999999999999971,1.1102230246251563e-16,1.4210854715202004e-14,-2.1832,0.4756,2.1708,-2.863,0.2005,2.394,0.051491569390402,1.4210854715202004e-14,-0.0999999999999999,7.105427357601002e-15
2.437999999150634,2.0839,0.0,3.576000000000001,1.7367,0.6071,2.8544,0.055597772182803,-0.2999999999999971,1.1102230246251563e-16,1.4210854715202004e-14,-2.1581,0.4718,2.1352,-2.864,0.1991,2.3790000000000004,0.0515983825436789,-0.0999999999999943,-0.0999999999999999,7.105427357601002e-15
2.4529999997466803,2.0803,0.0,3.5188,1.6879,0.5701,2.8114000000000003,0.0553688868543526,-0.2999999999999971,1.1102230246251563e-16,1.4210854715202004e-14,-2.1389,0.4865,2.1008,-2.8374,0.1911,2.3506,0.0516746776531624,-0.0999999999999943,-0.0999999999999999,7.105427357601002e-15
2.4689999986439943,2.0527,-0.0437,3.4878000000000005,1.6457,0.5619,2.775,0.0551247425040054,-0.2999999999999971,1.1102230246251563e-16,1.4210854715202004e-14,-2.0874,0.464,2.0544,-2.811,0.203,2.3304,0.0516746776531624,-0.1999999999999886,-0.0999999999999999,0.1000000000000085
2.5,2.0371,-0.0807,3.4288,1.5905,0.5334,2.7042,0.0549568932631418,-0.3999999999999915,1.1102230246251563e-16,1.4210854715202004e-14,-2.041,0.4536,2.0094,-2.7806,0.2007,2.3274,0.0515983825436789,-0.1999999999999886,-0.0999999999999999,0.1000000000000085
2.515999998897314,2.0327,-0.12,3.381,1.5639,0.5123,2.654199999999999,0.054743266956588,-0.3999999999999915,1.1102230246251563e-16,1.4210854715202004e-14,-2.0083,0.4362,1.9844,-2.7344,0.2056,2.3242,0.0514610513466086,-0.2999999999999971,-0.0999999999999999,0.1000000000000085
2.5309999994933605,2.01,-0.1788,3.3084,1.5165,0.4854,2.606,0.0544228274967574,-0.3999999999999915,1.1102230246251563e-16,1.4210854715202004e-14,-1.9743,0.4189,1.9858,-2.6769,0.204,2.3256,0.0513084611276417,-0.2999999999999971,-0.0999999999999999,0.1000000000000085
2.54700000025332,1.9971,-0.2271,3.2978,1.4704,0.4454,2.5324,0.0541176470588235,-0.3999999999999915,1.1102230246251563e-16,1.4210854715202004e-14,-1.9229,0.4019,1.951,-2.6252,0.2314,2.3412,0.0511863889524681,-0.2999999999999971,5.551115123125783e-17,0.1000000000000085
2.562999999150634,2.005,-0.286,3.283,1.4385,0.4111,2.4916,0.0539497978179598,-0.3999999999999915,1.1102230246251563e-16,-0.0999999999999801,-1.8654,0.3699,1.9464,-2.5498,0.2318,2.3576,0.0502403295948729,-0.3999999999999915,5.551115123125783e-17,0.1000000000000085
2.5779999997466803,1.9947,-0.3316,3.2876,1.4099,0.3985,2.4758,0.053385214007782,-0.3999999999999915,1.1102230246251563e-16,-0.0999999999999801,-1.7929,0.3436,1.9566,-2.4711,0.2587,2.3976,0.0502098115510795,-0.3999999999999915,5.551115123125783e-17,0.1000000000000085
2.5939999986439943,2.0164,-0.3828,3.2972,1.4043,0.3909,2.4824,0.0522560463874265,-0.3999999999999915,1.1102230246251563e-16,-0.0999999999999801,-1.723,0.3066,1.96,-2.3802,0.2795,2.4272,0.0498893720912489,-0.3999999999999915,5.551115123125783e-17,0.1000000000000085
2.6099999994039536,2.0314,-0.4177,3.321400000000001,1.4152,0.3738,2.4866,0.0516609445334553,-0.3999999999999915,1.1102230246251563e-16,-0.0999999999999801,-1.678,0.2506,2.0068,-2.3034,0.3253,2.4592,0.0495078965438315,-0.4999999999999858,5.551115123125783e-17,0.1000000000000085
2.625,2.0774,-0.4503,3.3656,1.434,0.3805,2.514,0.0510658426794842,-0.3999999999999915,1.1102230246251563e-16,-0.0999999999999801,-1.6424,0.1968,2.0562,-2.2279,0.3493,2.502,0.0491569390402075,-0.4999999999999858,5.551115123125783e-17,0.1000000000000085
2.6559999994933605,2.1146,-0.458,3.4192,1.4883,0.3961,2.5618,0.0503639276722361,-0.3999999999999915,1.1102230246251563e-16,-0.0999999999999801,-1.635,0.1611,2.1008,-2.1585,0.3767,2.5228,0.0487907225146868,-0.4999999999999858,5.551115123125783e-17,0.1000000000000085
2.67200000025332,2.1614,-0.4437,3.4514,1.552,0.4292,2.6082,0.0497383077744716,-0.3999999999999915,1.1102230246251563e-16,-0.0999999999999801,-1.6404,0.1156,2.149,-2.1189,0.4204,2.5382,0.0482871747920958,-0.4999999999999858,5.551115123125783e-17,0.1000000000000085
2.7029999997466803,2.1413,-0.3955,3.4372,1.5878,0.4242,2.5388,0.0492195010299839,-0.3999999999999915,1.1102230246251563e-16,1.4210854715202004e-14,-1.7011,0.1189,2.1594000000000007,-2.0822,0.4188,2.4984,0.0481651026169222,-0.5999999999999943,5.551115123125783e-17,0.1000000000000085
2.7189999986439943,1.9397,-0.3561,3.4190000000000005,1.5178,0.4147,2.3656,0.0487006942854962,-0.4999999999999858,1.1102230246251563e-16,1.4210854715202004e-14,-1.8882,0.1831,2.084,-2.1645,0.3584,2.3622,0.0476005188067444,-0.4999999999999858,-0.0999999999999999,0.1000000000000085
2.7349999994039536,1.8541,-0.3292,3.3576,1.4791,0.3859,2.3172,0.0479835202563515,-0.3999999999999915,1.1102230246251563e-16,1.4210854715202004e-14,-1.968,0.2634,1.9908,-2.1736,0.3327,2.2262,0.0451895933470664,-0.4999999999999858,-0.0999999999999999,0.1000000000000085
2.75,1.813,-0.3291,3.2904,1.4636,0.3682,2.306,0.0467627985046158,-0.4999999999999858,1.1102230246251563e-16,1.4210854715202004e-14,-1.9778,0.3069,1.9666,-2.2158,0.299,2.189,0.0435568780041199,-0.4999999999999858,-0.0999999999999999,0.1000000000000085
2.7809999994933605,1.7866,-0.3267,3.2066,1.4441,0.3438,2.2932,0.0467627985046158,-0.4999999999999858,1.1102230246251563e-16,1.4210854715202004e-14,-1.9566,0.33,1.954,-2.2606,0.2833,2.1648,0.0433890287632562,-0.4999999999999858,-0.0999999999999999,0.1000000000000085
2.79700000025332,1.7765,-0.3179,3.143,1.4185,0.3335,2.2782,0.0467627985046158,-0.4999999999999858,1.1102230246251563e-16,1.4210854715202004e-14,-1.9428,0.3597,1.9286,-2.2981,0.2707,2.1608,0.0433890287632562,-0.3999999999999915,-0.0999999999999999,0.1000000000000085
2.812999999150634,1.7681,-0.3096,3.1026,1.3981,0.3181,2.2722000000000007,0.0467627985046158,-0.4999999999999858,1.1102230246251563e-16,1.4210854715202004e-14,-1.9281,0.3574,1.927,-2.3451,0.268,2.1656,0.0433890287632562,-0.3999999999999915,-0.0999999999999999,7.105427357601002e-15
2.8279999997466803,1.7497,-0.3186,3.1046,1.4166,0.3293,2.2662000000000004,0.0467627985046158,-0.4999999999999858,0.1,0.1000000000000227,-1.9344,0.3809,1.9204,-2.3442,0.279,2.1468,0.0433890287632562,-0.3999999999999915,-0.0999999999999999,7.105427357601002e-15
2.8439999986439943,1.7382,-0.3007,3.1296000000000004,1.4106,0.3376,2.263,0.0475867856870374,-0.4999999999999858,0.1,0.1000000000000227,-1.9331,0.381,1.915,-2.3463,0.2804,2.1388,0.0433890287632562,-0.3999999999999915,-0.0999999999999999,7.105427357601002e-15
2.8599999994039536,1.7165,-0.2945,3.1308,1.426,0.3424,2.2522,0.0481361104753185,-0.4999999999999858,1.1102230246251563e-16,0.1000000000000227,-1.953,0.3925,1.9314,-2.3432,0.2766,2.1342,0.0441977569237811,-0.3999999999999915,-0.0999999999999999,7.105427357601002e-15
2.890999998897314,1.7132,-0.2862,3.1219999999999986,1.4356,0.3405,2.2556,0.0484412909132524,-0.4999999999999858,1.1102230246251563e-16,1.4210854715202004e-14,-1.9573,0.4035,1.9384,-2.3461,0.2801,2.128,0.0448996719310292,-0.3999999999999915,-0.0999999999999999,7.105427357601002e-15
2.92200000025332,1.7063,-0.2796,3.1068,1.4193,0.3452,2.2414,0.0485938811322194,-0.4999999999999858,1.1102230246251563e-16,1.4210854715202004e-14,-1.9748,0.4205,1.9396,-2.3419,0.2638,2.1338,0.0448996719310292,-0.3999999999999915,-0.0999999999999999,7.105427357601002e-15
2.937999999150634,1.7155,-0.2855,3.0784,1.4147,0.3289,2.255,0.0486549172198061,-0.4999999999999858,1.1102230246251563e-16,1.4210854715202004e-14,-1.9595,0.4169,1.9364,-2.3618,0.2731,2.1312000000000006,0.0449149309529259,-0.3999999999999915,-0.0999999999999999,7.105427357601002e-15
2.9529999997466803,1.6976,-0.2841,3.0652000000000004,1.4305,0.3353,2.248,0.0487006942854962,-0.4999999999999858,1.1102230246251563e-16,1.4210854715202004e-14,-1.9587,0.4332,1.943,-2.3636,0.2798,2.1268,0.0449149309529259,-0.3999999999999915,-0.0999999999999999,7.105427357601002e-15
2.9689999986439943,1.7089,-0.2801,3.0564,1.4202,0.3332,2.2488,0.0487006942854962,-0.4999999999999858,1.1102230246251563e-16,1.4210854715202004e-14,-1.9597,0.4211,1.9462,-2.3887,0.2685,2.1198,0.0449149309529259,-0.3999999999999915,-0.0999999999999999,7.105427357601002e-15
2.9849999994039536,1.7025,-0.2671,3.055,1.4272,0.3261,2.2484,0.0487006942854962,-0.3999999999999915,1.1102230246251563e-16,1.4210854715202004e-14,-1.9599,0.422,1.9464,-2.3764,0.277,2.1216,0.0449149309529259,-0.2999999999999971,-0.0999999999999999,7.105427357601002e-15
3.0,1.6969,-0.2634,3.0454000000000003,1.4226,0.3314,2.2344,0.0488227664606698,-0.3999999999999915,1.1102230246251563e-16,1.4210854715202004e-14,-1.9601,0.4319,1.9456,-2.3913,0.2767,2.1276,0.0450980392156862,-0.2999999999999971,-0.0999999999999999,7.105427357601002e-15
3.015999998897314,1.6893,-0.2595,3.0672,1.4304,0.3272,2.2428000000000003,0.049112687876707,-0.3999999999999915,1.1102230246251563e-16,1.4210854715202004e-14,-1.9615,0.4398,1.9448,-2.3646,0.2627,2.1176,0.0454642557412069,-0.2999999999999971,-0.0999999999999999,7.105427357601002e-15
3.0309999994933605,1.6869,-0.2663,3.0728000000000004,1.4342,0.3351,2.2315999999999994,0.049112687876707,-0.3999999999999915,1.1102230246251563e-16,1.4210854715202004e-14,-1.9732,0.4479,1.9492,-2.3601,0.2666,2.1112,0.0454642557412069,-0.2999999999999971,-0.0999999999999999,-0.0999999999999943
3.062999999150634,1.6852,-0.2573,3.0578,1.4279,0.3282,2.2264,0.0491432059205004,-0.3999999999999915,1.1102230246251563e-16,1.4210854715202004e-14,-1.9806,0.4442,1.9578,-2.3613,0.2634,2.114,0.0454642557412069,-0.2999999999999971,-0.0999999999999999,-0.0999999999999943
3.0779999997466803,1.6811,-0.2639,3.047600000000001,1.4361,0.3297,2.2374,0.0491889829861905,-0.3999999999999915,1.1102230246251563e-16,-0.0999999999999801,-1.996,0.4527,1.9592,-2.3646,0.2641,2.1154,0.0454642557412069,-0.2999999999999971,-0.0999999999999999,-0.0999999999999943
3.0939999986439943,1.6709,-0.2537,3.0426,1.4361,0.3365,2.2229999999999994,0.0491889829861905,-0.3999999999999915,1.1102230246251563e-16,-0.0999999999999801,-1.981,0.4442,1.9538,-2.3681,0.2747,2.1130000000000004,0.0454642557412069,-0.2999999999999971,-0.0999999999999999,-0.0999999999999943
3.1099999994039536,1.6752,-0.2491,3.0370000000000004,1.4324,0.3304,2.23,0.0491889829861905,-0.3999999999999915,1.1102230246251563e-16,-0.0999999999999801,-1.9835,0.4528,1.9626,-2.3711,0.2718,2.1144,0.0454642557412069,-0.2999999999999971,-0.0999999999999999,-0.0999999999999943
3.125,1.669,-0.2431,3.0388,1.4291,0.32,2.2280000000000006,0.0491889829861905,-0.2999999999999971,1.1102230246251563e-16,-0.0999999999999801,-1.9742,0.4535,1.959,-2.3638,0.2627,2.1114,0.0454642557412069,-0.2999999999999971,-0.0999999999999999,-0.0999999999999943
3.140999998897314,1.6709,-0.2544,3.043400000000001,1.4358,0.3337,2.224,0.0493263141832608,-0.2999999999999971,1.1102230246251563e-16,-0.0999999999999801,-1.9775,0.4497,1.9608,-2.3604,0.2729,2.1164,0.0456321049820706,-0.2999999999999971,-0.0999999999999999,-0.0999999999999943
3.17200000025332,1.6705,-0.259,3.0622,1.4529,0.3353,2.2292,0.0493415732051575,-0.2999999999999971,1.1102230246251563e-16,-0.0999999999999801,-1.9831,0.4586,1.9662,-2.3505,0.2757,2.0956,0.0456321049820706,-0.2999999999999971,-0.0999999999999999,-0.0999999999999943
3.187999999150634,1.6597,-0.2439,3.0604,1.4713,0.3422,2.2274,0.049417868314641,-0.2999999999999971,1.1102230246251563e-16,-0.0999999999999801,-2.0024,0.4666,1.9728,-2.3522,0.272,2.1056,0.0456931410696574,-0.3999999999999915,-0.0999999999999999,-0.0999999999999943
3.2189999986439943,1.6663,-0.2453,3.071800000000001,1.443,0.342,2.2164,0.0494636453803311,-0.2999999999999971,-0.0999999999999998,-0.1999999999999886,-1.9907,0.4639,1.9664,-2.3352,0.2626,2.1006,0.045815213244831,-0.3999999999999915,-0.0999999999999999,-0.0999999999999943
3.2349999994039536,1.6694,-0.2555,3.071,1.4561,0.3461,2.2132,0.0494941634241244,-0.2999999999999971,-0.0999999999999998,-0.1999999999999886,-2.0005,0.4719,1.9722,-2.3304,0.2729,2.1034,0.0458304722667277,-0.3999999999999915,-0.0999999999999999,-0.0999999999999943
3.25,1.6635,-0.2433,3.0632,1.45,0.3313,2.2292,0.0495857175555046,-0.2999999999999971,-0.0999999999999998,-0.1999999999999886,-2.0019,0.4646,1.9750000000000003,-2.3351,0.2677,2.1014,0.0458457312886243,-0.3999999999999915,-0.0999999999999999,-0.0999999999999943
3.265999998897314,1.6664,-0.2496,3.0662,1.4569,0.3355,2.222,0.0496467536430914,-0.2999999999999971,-0.0999999999999998,-0.1999999999999886,-2.0011,0.4643,1.9750000000000003,-2.3399,0.2767,2.086,0.0459983215075913,-0.3999999999999915,-0.0999999999999999,7.105427357601002e-15
3.29700000025332,1.666,-0.2541,3.0584,1.4659,0.3377,2.218,0.0498298619058518,-0.2999999999999971,-0.0999999999999998,-0.1999999999999886,-1.9897,0.4696,1.9750000000000003,-2.338,0.2724,2.1074,0.0459983215075913,-0.3999999999999915,-0.0999999999999999,7.105427357601002e-15
3.3279999997466803,1.6556,-0.2309,3.0614000000000003,1.4565,0.3305,2.226,0.0503334096284427,-0.2999999999999971,-0.0999999999999998,-0.1999999999999886,-2.006,0.4716,1.976,-2.3204,0.262,2.101600000000001,0.0459983215075913,-0.3999999999999915,-0.0999999999999999,7.105427357601002e-15
3.3439999986439943,1.6519,-0.2321,3.0716,1.4699,0.3432,2.2082,0.0519203479056992,-0.2999999999999971,-0.0999999999999998,-0.0999999999999801,-2.001,0.477,1.973,-2.3162,0.2769,2.0886,0.0463797970550087,-0.3999999999999915,-0.0999999999999999,7.105427357601002e-15
3.3599999994039536,1.6573,-0.2448,3.0794,1.4705,0.3454,2.2176,0.0532478828107118,-0.2999999999999971,1.1102230246251563e-16,-0.0999999999999801,-2.0078,0.4844,1.9858,-2.313,0.2783,2.0932,0.0469901579308766,-0.3999999999999915,-0.0999999999999999,7.105427357601002e-15
3.375,1.6537,-0.2402,3.0856,1.4747,0.3385,2.199,0.0542854962996871,-0.2999999999999971,1.1102230246251563e-16,-0.0999999999999801,-2.012,0.4868,1.9908,-2.2998,0.2737,2.0898,0.0479819943541619,-0.3999999999999915,-0.0999999999999999,7.105427357601002e-15
3.390999998897314,1.6593,-0.2422,3.082,1.469,0.334,2.2218,0.0554299229419394,-0.2999999999999971,1.1102230246251563e-16,-0.0999999999999801,-2.0079,0.4917,1.9788,-2.2899,0.273,2.0752,0.0507133592736705,-0.3999999999999915,-0.0999999999999999,7.105427357601002e-15
3.4059999994933605,1.6561,-0.2409,3.0924,1.4869,0.3403,2.2166,0.0567116807812619,-0.2999999999999971,1.1102230246251563e-16,-0.0999999999999801,-2.0042,0.4907,1.9966,-2.2952,0.2641,2.0818000000000003,0.0514305333028152,-0.3999999999999915,-0.0999999999999999,7.105427357601002e-15
3.42200000025332,1.648,-0.2353,3.0846,1.4767,0.3434,2.2033999999999994,0.0574746318760967,-0.2999999999999971,1.1102230246251563e-16,-0.0999999999999801,-2.0117,0.4877,1.996,-2.2961,0.2875,2.0798,0.0531700617990386,-0.3999999999999915,-0.0999999999999999,7.105427357601002e-15
3.437999999150634,1.6495,-0.2449,3.1008,1.4914,0.3535,2.2028,0.0620675974670023,-0.2999999999999971,1.1102230246251563e-16,-0.0999999999999801,-2.0011,0.4958,1.984,-2.2834,0.2805,2.0816,0.0531700617990386,-0.3999999999999915,-0.0999999999999999,7.105427357601002e-15
3.4689999986439943,1.6596,-0.2439,3.1032,1.4803,0.3376,2.2018,0.0624948500801098,-0.3999999999999915,1.1102230246251563e-16,-0.0999999999999801,-2.0009,0.4975,1.9992,-2.2797,0.2868,2.0792,0.0532463569085221,-0.3999999999999915,-0.0999999999999999,7.105427357601002e-15
3.4849999994039536,1.6539,-0.2318,3.1106,1.4947,0.3374,2.2082,0.06258640421149,-0.3999999999999915,1.1102230246251563e-16,-0.0999999999999801,-2.0215,0.4992,2.003,-2.2643,0.2788,2.0738000000000003,0.0562523842221713,-0.3999999999999915,-0.0999999999999999,7.105427357601002e-15
3.5,1.6466,-0.2402,3.1207999999999996,1.4833,0.3468,2.2,0.0657450217441062,-0.2999999999999971,1.1102230246251563e-16,-0.0999999999999801,-2.0166,0.5089,2.0064,-2.2658,0.2835,2.0712,0.0562523842221713,-0.3999999999999915,-0.0999999999999999,7.105427357601002e-15
3.515999998897314,1.6472,-0.2436,3.1222,1.496,0.3304,2.1998000000000006,0.0703990234225986,-0.2999999999999971,1.1102230246251563e-16,-0.0999999999999801,-2.0157,0.51,2.0048,-2.2582,0.2765,2.0744,0.0562523842221713,-0.3999999999999915,-0.0999999999999999,7.105427357601002e-15
3.5309999994933605,1.649,-0.238,3.1246000000000005,1.4869,0.3436,2.1964,0.0811261158159761,-0.2999999999999971,1.1102230246251563e-16,-0.0999999999999801,-2.0248,0.5133,2.0112,-2.2483,0.2877,2.068,0.0562523842221713,-0.3999999999999915,-0.0999999999999999,-0.0999999999999943
3.54700000025332,1.6352,-0.2262,3.1248,1.4983,0.348,2.1954,0.1043350881208514,-0.2999999999999971,1.1102230246251563e-16,-0.0999999999999801,-2.0116,0.5138,2.0152,-2.2326,0.274,2.0714,0.0776455329213397,-0.3999999999999915,-0.0999999999999999,-0.0999999999999943
3.5779999997466803,1.6406,-0.2313,3.1268,1.5002,0.361,2.2022,0.1084092469672693,-0.2999999999999971,1.1102230246251563e-16,-0.0999999999999801,-2.0272,0.5108,2.0248,-2.229,0.2739,2.066,0.0831998168917372,-0.3999999999999915,-0.0999999999999999,-0.0999999999999943
3.5939999986439943,1.6467,-0.2336,3.1396,1.4966,0.3419,2.2004,0.1124834058136873,-0.2999999999999971,1.1102230246251563e-16,-0.0999999999999801,-2.0174,0.5158,2.0116,-2.2337,0.28,2.0684,0.0878080415045395,-0.3999999999999915,-0.0999999999999999,-0.0999999999999943
3.625,1.6382,-0.2271,3.1462,1.5114,0.3516,2.1978,0.1169390402075226,-0.2999999999999971,1.1102230246251563e-16,-0.0999999999999801,-2.0264,0.521,2.0184000000000006,-2.2267,0.2891,2.0572,0.0905394064240482,-0.3999999999999915,-0.0999999999999999,-0.0999999999999943
3.640999998897314,1.6337,-0.2253,3.1530000000000005,1.5232,0.3413,2.1882,0.1240955214770733,-0.2999999999999971,-0.0999999999999998,-0.1999999999999886,-2.0266,0.5287,2.0234,-2.2108,0.2886,2.0552,0.0905394064240482,-0.3999999999999915,-0.0999999999999999,-0.0999999999999943
3.655999999493361,1.6348,-0.2167,3.1634000000000007,1.522,0.354,2.1868,0.1391561760891126,-0.2999999999999971,-0.0999999999999998,-0.1999999999999886,-2.0273,0.5285,2.0244,-2.2018,0.2735,2.0498,0.0905394064240482,-0.3999999999999915,-0.0999999999999999,-0.0999999999999943
3.67200000025332,1.6271,-0.2227,3.1722000000000015,1.5196,0.3641,2.1860000000000004,0.1423147936217288,-0.2999999999999971,-0.0999999999999998,-0.1999999999999886,-2.03,0.5331,2.0304,-2.1949,0.2852,2.056,0.0871519035629816,-0.3999999999999915,-0.0999999999999999,-0.0999999999999943
3.70299999974668,1.6408,-0.2309,3.1858,1.5067,0.3422,2.1878,0.1434744792858777,-0.2999999999999971,-0.0999999999999998,-0.1999999999999886,-2.026,0.5312,2.0316,-2.1874,0.2889,2.048,0.0871519035629816,-0.3999999999999915,-0.0999999999999999,-0.0999999999999943
3.7189999986439934,1.6328,-0.2268,3.1788,1.5282,0.3736,2.1704,0.1464957656214236,-0.2999999999999971,-0.0999999999999998,-0.0999999999999801,-2.0391,0.5456,2.03,-2.1885,0.2786,2.0488000000000004,0.0871519035629816,-0.3999999999999915,-0.0999999999999999,-0.0999999999999943
3.7349999994039536,1.6354,-0.2236,3.1940000000000004,1.5253,0.3476,2.183,0.149242389562829,-0.2999999999999971,1.1102230246251563e-16,-0.0999999999999801,-2.0286,0.5403,2.032,-2.176,0.2869,2.044,0.0871519035629816,-0.3999999999999915,-0.0999999999999999,-0.0999999999999943
3.75,1.6326,-0.2113,3.1984,1.5223,0.3509,2.1886,0.1506614785992218,-0.2999999999999971,1.1102230246251563e-16,-0.0999999999999801,-2.0232,0.5351,2.0492,-2.1703,0.281,2.0426,0.0871519035629816,-0.3999999999999915,-0.0999999999999999,-0.0999999999999943
3.765999998897314,1.6441,-0.2321,3.2294,1.5279,0.3437,2.1796,0.1517753871976806,-0.3999999999999915,1.1102230246251563e-16,-0.0999999999999801,-2.0178,0.5517,2.0396,-2.1556,0.287,2.031,0.1016174563210498,-0.3999999999999915,-0.0999999999999999,-0.0999999999999943
3.780999999493361,1.6476,-0.2197,3.2208,1.5289,0.3636,2.1676,0.1531792172121767,-0.3999999999999915,1.1102230246251563e-16,-0.0999999999999801,-2.0257,0.5538,2.056,-2.1496,0.2759,2.0219999999999994,0.1086823834592202,-0.3999999999999915,-0.0999999999999999,-0.0999999999999943
3.79700000025332,1.6415,-0.219,3.235,1.5529,0.3498,2.174199999999999,0.1545983062485694,-0.3999999999999915,1.1102230246251563e-16,-0.0999999999999801,-2.0301,0.5519,2.0536,-2.1357,0.2751,2.0306,0.1142671854734111,-0.3999999999999915,-0.0999999999999999,-0.0999999999999943
3.812999999150634,1.6316,-0.2046,3.2316,1.5391,0.348,2.1664,0.1573449301899748,-0.3999999999999915,1.1102230246251563e-16,-0.0999999999999801,-2.0333,0.5684,2.0532,-2.1295,0.2905,2.0216,0.1166781109330891,-0.3999999999999915,-0.0999999999999999,-0.0999999999999943
3.8439999986439934,1.634,-0.2215,3.2574,1.5483,0.3502,2.1782,0.1582452124818799,-0.3999999999999915,1.1102230246251563e-16,1.4210854715202004e-14,-2.0248,0.5686,2.0586,-2.1253,0.2885,2.0306,0.118142977035172,-0.3999999999999915,-0.0999999999999999,-0.0999999999999943
3.8599999994039536,1.6445,-0.2246,3.2652,1.5472,0.3668,2.1824,0.1590844586861982,-0.3999999999999915,1.1102230246251563e-16,1.4210854715202004e-14,-2.038,0.5743,2.075,-2.1136,0.2889,2.0278,0.119348439765011,-0.3999999999999915,-0.0999999999999999,-0.0999999999999943
3.875,1.6371,-0.2198,3.2722,1.542,0.3669,2.1686,0.1600457770656901,-0.3999999999999915,1.1102230246251563e-16,1.4210854715202004e-14,-2.0337,0.5734,2.0758,-2.0983,0.2829,2.0162,0.1201724269474326,-0.3999999999999915,-0.0999999999999999,7.105427357601002e-15
3.890999998897314,1.6171,-0.1992,3.2686000000000006,1.543,0.3638,2.1676,0.1601831082627603,-0.3999999999999915,1.1102230246251563e-16,1.4210854715202004e-14,-2.0326,0.5812,2.0808,-2.1007,0.2931,2.0314,0.1214694438086518,-0.3999999999999915,-0.0999999999999999,7.105427357601002e-15
3.92200000025332,1.6405,-0.1988,3.2908000000000004,1.5551,0.3652,2.1682,0.1606256198977645,-0.3999999999999915,1.1102230246251563e-16,-0.0999999999999801,-2.0321,0.5872,2.095,-2.0916,0.2894,2.0142,0.1214999618524452,-0.3999999999999915,-0.0999999999999999,7.105427357601002e-15
3.937999999150634,1.6403,-0.2031,3.2904,1.5799,0.3588,2.1622,0.1614953841458762,-0.3999999999999915,1.1102230246251563e-16,-0.0999999999999801,-2.0256,0.5827,2.0972,-2.0862,0.2932,2.0172,0.1217288471808957,-0.3999999999999915,-0.0999999999999999,7.105427357601002e-15
3.95299999974668,1.6467,-0.1971,3.321400000000001,1.5739,0.3594,2.1644,0.1628229190508888,-0.3999999999999915,1.1102230246251563e-16,-0.0999999999999801,-2.0303,0.601,2.0954,-2.0666,0.286,2.0078,0.1217441062027924,-0.3999999999999915,-0.0999999999999999,7.105427357601002e-15
3.9849999994039536,1.6353,-0.1973,3.3302,1.571,0.378,2.1594000000000007,0.1640894178683146,-0.2999999999999971,1.1102230246251563e-16,-0.0999999999999801,-2.0225,0.5933,2.1186,-2.0447,0.2836,2.0118,0.1217441062027924,-0.3999999999999915,-0.0999999999999999,7.105427357601002e-15
4.0,1.6472,-0.2042,3.355,1.5735,0.3781,2.1588,0.165477988860914,-0.2999999999999971,1.1102230246251563e-16,-0.0999999999999801,-2.0389,0.6162,2.1108,-2.0504,0.2908,2.013,0.1220798046845197,-0.3999999999999915,-0.0999999999999999,7.105427357601002e-15
4.015999998897314,1.6311,-0.1848,3.3444,1.5659,0.3732,2.155,0.1663782711528191,-0.2999999999999971,-0.0999999999999998,-0.0999999999999801,-2.0343,0.6249,2.1314,-2.0483,0.2889,2.007,0.1231326771953917,-0.3999999999999915,-0.0999999999999999,7.105427357601002e-15
4.0309999994933605,1.6404,-0.1846,3.3674,1.5644,0.3663,2.149,0.1671259632257572,-0.2999999999999971,-0.0999999999999998,-0.0999999999999801,-2.0324,0.6164,2.1458,-2.0282,0.2931,2.0012,0.1243076218814374,-0.4999999999999858,-0.0999999999999999,7.105427357601002e-15
4.04700000025332,1.6421,-0.1972,3.384,1.5818,0.3845,2.1614,0.1674921797512779,-0.2999999999999971,-0.0999999999999998,-0.0999999999999801,-2.0278,0.6399,2.136,-2.0192,0.2877,1.9976,0.1243076218814374,-0.4999999999999858,-0.0999999999999999,7.105427357601002e-15
4.062999999150634,1.6429,-0.186,3.3694,1.5801,0.3594,2.1526,0.167537956816968,-0.2999999999999971,-0.0999999999999998,-0.1999999999999886,-2.0225,0.6345,2.1478,-2.0209,0.3034,1.9962,0.1243076218814374,-0.4999999999999858,-0.0999999999999999,7.105427357601002e-15
4.07799999974668,1.6367,-0.1887,3.4074000000000004,1.5784,0.3754,2.149799999999999,0.1675532158388647,-0.2999999999999971,-0.0999999999999998,-0.1999999999999886,-2.0236,0.6456,2.148,-1.985,0.2824,1.984,0.1240939955748836,-0.4999999999999858,-0.0999999999999999,0.1000000000000085
4.1099999994039536,1.6492,-0.1838,3.4214,1.5735,0.3813,2.1508,0.1675837338826581,-0.2999999999999971,-0.0999999999999998,-0.0999999999999801,-2.0292,0.644,2.1562,-1.9973,0.2896,1.9982,0.1238498512245365,-0.4999999999999858,-0.0999999999999999,0.1000000000000085
4.125,1.647,-0.1772,3.4276,1.5938,0.3715,2.154,0.1676447699702449,-0.2999999999999971,-0.0999999999999998,-0.0999999999999801,-2.0169,0.6457,2.1636,-1.9919,0.2872,1.9788,0.1235599298084992,-0.4999999999999858,-0.0999999999999999,0.1000000000000085
4.1559999994933605,1.652,-0.1685,3.447000000000001,1.5865,0.3809,2.1528,0.1676447699702449,-0.3999999999999915,1.1102230246251563e-16,-0.0999999999999801,-2.0226,0.6475,2.176,-1.9563,0.2834,1.9828,0.1235599298084992,-0.4999999999999858,-0.0999999999999999,0.1000000000000085
4.17200000025332,1.6406,-0.1556,3.442400000000001,1.5988,0.3705,2.1374000000000004,0.1675532158388647,-0.3999999999999915,-0.0999999999999998,-0.0999999999999801,-2.0217,0.6606,2.183,-1.9697,0.3013,1.981,0.1235599298084992,-0.4999999999999858,-0.0999999999999999,0.1000000000000085
4.187999999150634,1.6476,-0.1747,3.4666,1.5933,0.3858,2.1436,0.1673548485542076,-0.3999999999999915,1.1102230246251563e-16,-0.0999999999999801,-2.0314,0.6612,2.1922,-1.9532,0.2907,1.983,0.1235446707866025,-0.4999999999999858,-0.0999999999999999,0.1000000000000085
4.20299999974668,1.6446,-0.1528,3.4722000000000004,1.5844,0.3917,2.1382,0.1673090714885176,-0.3999999999999915,-0.0999999999999998,-0.0999999999999801,-2.024,0.6714,2.1868,-1.9287,0.2935,1.9732,0.1235294117647058,-0.4999999999999858,-0.0999999999999999,0.1000000000000085
4.218999998643994,1.6567,-0.1455,3.4806000000000004,1.5984,0.3781,2.1422,0.1672632944228275,-0.3999999999999915,-0.0999999999999998,-0.0999999999999801,-2.0173,0.6834,2.2122,-1.9232,0.2869,1.9646,0.1231784542610818,-0.4999999999999858,-0.0999999999999999,7.105427357601002e-15
4.2349999994039536,1.6555,-0.1494,3.5208,1.5995,0.3885,2.1504,0.1672632944228275,-0.3999999999999915,1.1102230246251563e-16,-0.0999999999999801,-2.0237,0.6801,2.2002,-1.9173,0.2838,1.9606,0.1228732738231479,-0.4999999999999858,-0.0999999999999999,7.105427357601002e-15
4.25,1.6539,-0.1378,3.5088000000000004,1.6077,0.3889,2.1298,0.1671259632257572,-0.3999999999999915,-0.0999999999999998,-0.0999999999999801,-2.025,0.7067,2.2138,-1.903,0.2996,1.9588,0.1228580148012512,-0.4999999999999858,-0.0999999999999999,7.105427357601002e-15
4.265999998897314,1.647,-0.1405,3.535400000000001,1.5979,0.3895,2.1246,0.1671259632257572,-0.3999999999999915,1.1102230246251563e-16,-0.0999999999999801,-2.0216,0.6957,2.2434,-1.8907,0.2926,1.956,0.1228274967574578,-0.4999999999999858,-0.0999999999999999,7.105427357601002e-15
4.29700000025332,1.6435,-0.1277,3.5428,1.6032,0.3911,2.142,0.1670649271381704,-0.3999999999999915,1.1102230246251563e-16,-0.0999999999999801,-2.0208,0.718,2.2498,-1.8794,0.2931,1.9594,0.1226901655603875,-0.4999999999999858,-0.0999999999999999,7.105427357601002e-15
4.32799999974668,1.6527,-0.1267,3.5398,1.6003,0.3793,2.1304,0.1670649271381704,-0.3999999999999915,-0.0999999999999998,-0.0999999999999801,-2.0176,0.718,2.2504,-1.8838,0.2832,1.9524,0.1226901655603875,-0.4999999999999858,-0.0999999999999999,7.105427357601002e-15
4.343999998643994,1.6586,-0.1252,3.551,1.598,0.3919,2.1242,0.1670649271381704,-0.3999999999999915,1.1102230246251563e-16,-0.0999999999999801,-2.0144,0.7127,2.2540000000000004,-1.8732,0.3004,1.946,0.1226901655603875,-0.4999999999999858,-0.0999999999999999,7.105427357601002e-15
4.3599999994039536,1.655,-0.1181,3.555800000000001,1.5967,0.3875,2.1228,0.1670191500724803,-0.3999999999999915,-0.0999999999999998,-0.0999999999999801,-2.0117,0.7111,2.2606,-1.8715,0.3062,1.956,0.1224002441443503,-0.3999999999999915,-0.0999999999999999,7.105427357601002e-15
4.375,1.6557,-0.1194,3.563,1.5954,0.3829,2.122,0.1670191500724803,-0.3999999999999915,-0.0999999999999998,-0.0999999999999801,-2.0141,0.7157,2.2674,-1.86,0.2878,1.9368,0.1223697261005569,-0.3999999999999915,-0.0999999999999999,-0.0999999999999943
4.390999998897314,1.6697,-0.1181,3.5816,1.6089,0.3823,2.1354,0.1670191500724803,-0.3999999999999915,-0.0999999999999998,-0.0999999999999801,-2.0236,0.7156,2.2714,-1.8388,0.3,1.9428,0.1223697261005569,-0.3999999999999915,-0.0999999999999999,-0.0999999999999943
4.42200000025332,1.6612,-0.1142,3.5812000000000004,1.6082,0.3795,2.1192,0.1670801861600671,-0.3999999999999915,-0.0999999999999998,-0.0999999999999801,-2.0193,0.7449,2.2752,-1.8624,0.3062,1.9308,0.1223697261005569,-0.4999999999999858,-0.0999999999999999,7.105427357601002e-15
4.437999999150634,1.6652,-0.1079,3.5816,1.6022,0.3657,2.1253999999999995,0.1670801861600671,-0.2999999999999971,-0.0999999999999998,-0.0999999999999801,-2.0091,0.7267,2.2832,-1.8338,0.2969,1.9454,0.122568093385214,-0.4999999999999858,-0.0999999999999999,7.105427357601002e-15
4.45299999974668,1.6659,-0.0994,3.6054,1.5912,0.3967,2.108,0.1670801861600671,-0.3999999999999915,-0.0999999999999998,-0.0999999999999801,-2.0051,0.725,2.2794,-1.8323,0.2959,1.9252,0.122568093385214,-0.3999999999999915,-0.0999999999999999,7.105427357601002e-15
4.468999998643994,1.6594,-0.1031,3.5762,1.59,0.3773,2.1112,0.1670801861600671,-0.3999999999999915,-0.0999999999999998,-0.0999999999999801,-2.0158,0.7371,2.2864,-1.8381,0.3079,1.921,0.122568093385214,-0.4999999999999858,-0.0999999999999999,7.105427357601002e-15
4.4849999994039536,1.6601,-0.1084,3.6058,1.6035,0.3848,2.1176,0.1671412222476539,-0.3999999999999915,-0.0999999999999998,-0.0999999999999801,-2.0225,0.7499,2.2924,-1.8091,0.2922,1.9246,0.1225833524071107,-0.4999999999999858,-0.0999999999999999,7.105427357601002e-15
4.5,1.6683,-0.1027,3.6062,1.5922,0.3946,2.1118,0.1671412222476539,-0.3999999999999915,-0.0999999999999998,-0.0999999999999801,-2.0094,0.7443,2.2988,-1.8333,0.305,1.9118,0.1226901655603875,-0.4999999999999858,-0.0999999999999999,7.105427357601002e-15
4.515999998897314,1.6745,-0.1002,3.6056,1.5844,0.3913,2.101600000000001,0.1671412222476539,-0.3999999999999915,1.1102230246251563e-16,-0.0999999999999801,-2.0108,0.7427,2.3038,-1.7995,0.3138,1.9234,0.1229953459983215,-0.4999999999999858,-0.0999999999999999,7.105427357601002e-15
4.5309999994933605,1.6666,-0.0902,3.6462,1.6047,0.4038,2.112,0.1671412222476539,-0.3999999999999915,-0.0999999999999998,-0.0999999999999801,-2.0089,0.738,2.3128,-1.8091,0.3105,1.9136,0.1233920805676356,-0.4999999999999858,-0.0999999999999999,7.105427357601002e-15
4.54700000025332,1.6649,-0.0732,3.62,1.5898,0.3874,2.0998,0.1671717402914473,-0.3999999999999915,-0.0999999999999998,-0.0999999999999801,-2.0079,0.7618,2.314,-1.7964,0.3232,1.9121999999999997,0.1240024414435034,-0.4999999999999858,-0.0999999999999999,7.105427357601002e-15
4.57799999974668,1.6757,-0.0952,3.6444,1.5958,0.3769,2.1012,0.1671717402914473,-0.3999999999999915,1.1102230246251563e-16,-0.0999999999999801,-2.016,0.752,2.3230000000000004,-1.788,0.307,1.8998,0.1240939955748836,-0.4999999999999858,-0.0999999999999999,0.1000000000000085
4.6099999994039536,1.6687,-0.0774,3.6418,1.5963,0.3906,2.1008,0.167385366598001,-0.3999999999999915,-0.0999999999999998,1.4210854715202004e-14,-2.0064,0.7623,2.326000000000001,-1.7832,0.3058,1.9006,0.1241855497062638,-0.4999999999999858,-0.0999999999999999,0.1000000000000085
4.625,1.6667,-0.0814,3.646,1.5851,0.377,2.0918,0.167385366598001,-0.3999999999999915,1.1102230246251563e-16,1.4210854715202004e-14,-2.0103,0.7637,2.3266,-1.7703,0.3088,1.897,0.1242618448157473,-0.4999999999999858,-0.0999999999999999,0.1000000000000085
4.640999998897314,1.6685,-0.0657,3.6544,1.5884,0.3963,2.0972,0.167385366598001,-0.3999999999999915,1.1102230246251563e-16,1.4210854715202004e-14,-2.008,0.7698,2.3298,-1.7842,0.3174,1.8922,0.1243991760128175,-0.4999999999999858,-0.0999999999999999,0.1000000000000085
4.6559999994933605,1.6789,-0.0813,3.6582,1.5968,0.3867,2.0904,0.167385366598001,-0.3999999999999915,-0.0999999999999998,1.4210854715202004e-14,-1.9991,0.7661,2.3348,-1.7618,0.3238,1.89,0.1245365072098878,-0.4999999999999858,-0.0999999999999999,0.1000000000000085
4.67200000025332,1.6689,-0.0753,3.6792,1.5842,0.3926,2.0998,0.167385366598001,-0.3999999999999915,1.1102230246251563e-16,1.4210854715202004e-14,-1.9969,0.7656,2.335600000000001,-1.7509,0.3051,1.8922,0.124628061341268,-0.4999999999999858,-0.0999999999999999,0.1000000000000085
4.687999999150634,1.6833,-0.0557,3.6672,1.567,0.3971,2.0866,0.167385366598001,-0.3999999999999915,1.1102230246251563e-16,1.4210854715202004e-14,-1.9928,0.7791,2.341,-1.7599,0.3198,1.8858,0.1248416876478217,-0.4999999999999858,-0.0999999999999999,0.1000000000000085
4.718999998643994,1.6823,-0.0702,3.6828,1.5856,0.3753,2.0886,0.1675226977950713,-0.3999999999999915,1.1102230246251563e-16,1.4210854715202004e-14,-2.0077,0.7839,2.3386,-1.7521,0.3229,1.8872,0.1252384222171358,-0.4999999999999858,5.551115123125783e-17,0.1000000000000085
4.7349999994039536,1.6717,-0.0536,3.6854,1.5882,0.4047,2.075,0.1675837338826581,-0.3999999999999915,1.1102230246251563e-16,1.4210854715202004e-14,-2.0025,0.7854,2.3454,-1.7423,0.3239,1.8882,0.1252536812390325,-0.4999999999999858,-0.0999999999999999,0.1000000000000085
4.75,1.6783,-0.0485,3.6674,1.5675,0.3925,2.0592,0.1676295109483482,-0.3999999999999915,-0.0999999999999998,1.4210854715202004e-14,-2.0078,0.7937,2.3565999999999994,-1.7282,0.3149,1.8754,0.1253147173266193,-0.4999999999999858,5.551115123125783e-17,0.1000000000000085
4.765999998897314,1.68,-0.055,3.6894,1.5777,0.3958,2.0754,0.1676600289921416,-0.3999999999999915,1.1102230246251563e-16,-0.0999999999999801,-2.0001,0.7753,2.3582,-1.7241,0.3147,1.875,0.125329976348516,-0.4999999999999858,-0.0999999999999999,0.1000000000000085
4.7809999994933605,1.6811,-0.035,3.6918,1.5741,0.4016,2.0696000000000003,0.167690547035935,-0.3999999999999915,-0.0999999999999998,-0.0999999999999801,-2.0099,0.7876,2.3572,-1.7361,0.3157,1.8666,0.1253604943923094,-0.4999999999999858,5.551115123125783e-17,0.1000000000000085
4.812999999150634,1.6831,-0.0376,3.6904,1.564,0.3816,2.0514,0.1680262455176623,-0.3999999999999915,-0.0999999999999998,-0.0999999999999801,-1.9976,0.7876,2.3594,-1.7261,0.3191,1.8692,0.1255130846112764,-0.4999999999999858,5.551115123125783e-17,0.1000000000000085
4.82799999974668,1.6705,-0.0425,3.7204,1.5723,0.4008,2.073,0.1681788357366292,-0.3999999999999915,-0.0999999999999998,-0.0999999999999801,-2.0001,0.8066,2.3704,-1.7094,0.319,1.8548,0.1255436026550698,-0.4999999999999858,-0.0999999999999999,0.1000000000000085
4.843999998643994,1.6919,-0.03,3.6962,1.5718,0.3916,2.0564,0.1683009079118028,-0.3999999999999915,-0.0999999999999998,-0.0999999999999801,-1.9878,0.8058,2.3806,-1.7127,0.3243,1.8514,0.12568093385214,-0.4999999999999858,5.551115123125783e-17,0.1000000000000085
4.8599999994039536,1.6762,-0.0391,3.722,1.5693,0.3896,2.0648,0.1688044556343938,-0.3999999999999915,-0.0999999999999998,-0.0999999999999801,-2.0035,0.7972,2.385,-1.7071,0.3263,1.8602,0.1257114518959334,-0.4999999999999858,5.551115123125783e-17,0.1000000000000085
4.890999998897314,1.6821,-0.0202,3.7182,1.5596,0.402,2.0524,0.1693385214007782,-0.3999999999999915,-0.0999999999999998,-0.0999999999999801,-1.9977,0.8129,2.3812000000000006,-1.7032,0.3202,1.8468,0.1257114518959334,-0.4999999999999858,5.551115123125783e-17,0.1000000000000085
4.92200000025332,1.689,-0.0297,3.7448,1.5627,0.4081,2.0536,0.1698420691233692,-0.3999999999999915,-0.0999999999999998,-0.0999999999999801,-2.0003,0.8085,2.3808,-1.7006,0.3284,1.8532,0.12568093385214,-0.4999999999999858,5.551115123125783e-17,0.1000000000000085
4.937999999150634,1.6996,-0.0264,3.7284,1.5585,0.3884,2.0428,0.1704371709773403,-0.3999999999999915,-0.0999999999999998,-0.0999999999999801,-2.0023,0.8082,2.389,-1.7015,0.327,1.8418,0.12563515678645,-0.4999999999999858,5.551115123125783e-17,0.1000000000000085
4.95299999974668,1.6885,-0.0159,3.7464,1.5511,0.3887,2.0496,0.1706813153276875,-0.3999999999999915,1.1102230246251563e-16,1.4210854715202004e-14,-2.0062,0.8133,2.4056,-1.679,0.3142,1.8394,0.1255893797207599,-0.4999999999999858,5.551115123125783e-17,0.1000000000000085
4.968999998643994,1.6926,-0.0112,3.7446,1.5447,0.3927,2.0346,0.1706965743495841,-0.3999999999999915,-0.0999999999999998,1.4210854715202004e-14,-2.0053,0.81,2.4076,-1.6855,0.3322,1.8336,0.1254978255893797,-0.4999999999999858,5.551115123125783e-17,0.1000000000000085
4.9849999994039536,1.6865,-0.0022,3.7338,1.5534,0.3826,2.0336,0.1710322728313115,-0.3999999999999915,1.1102230246251563e-16,1.4210854715202004e-14,-1.99,0.8171,2.4064,-1.6843,0.3344,1.8162,0.1254978255893797,-0.4999999999999858,5.551115123125783e-17,0.1000000000000085
5.0,1.6858,-0.0094,3.765,1.5475,0.4054,2.0314,0.1711390859845884,-0.3999999999999915,-0.0999999999999998,1.4210854715202004e-14,-2.0007,0.8199,2.4114,-1.6657,0.3193,1.8262,0.1254520485236896,-0.4999999999999858,5.551115123125783e-17,0.1000000000000085
5.0309999994933605,1.6844,0.0,3.748,1.5428,0.3803,2.0226,0.171306935225452,-0.3999999999999915,1.1102230246251563e-16,1.4210854715202004e-14,-2.0019,0.8231,2.416,-1.6553,0.329,1.8178,0.1252536812390325,-0.4999999999999858,5.551115123125783e-17,0.1000000000000085
5.04700000025332,1.6828,-0.0061,3.7692,1.5294,0.3932,2.0268,0.1713679713130388,-0.3999999999999915,1.1102230246251563e-16,1.4210854715202004e-14,-1.9927,0.83,2.4126,-1.648,0.3295,1.8092,0.1252384222171358,-0.4999999999999858,5.551115123125783e-17,0.1000000000000085
5.07799999974668,1.6899,0.0,3.7596,1.5345,0.3984,2.0114,0.171612115663386,-0.3999999999999915,1.1102230246251563e-16,1.4210854715202004e-14,-1.9988,0.8222,2.417,-1.6519,0.3299,1.811,0.1244296940566109,-0.4999999999999858,5.551115123125783e-17,0.1000000000000085
5.07799999974668,1.7016,0.0,3.7554,1.5157,0.386,2.0054,0.171612115663386,-0.3999999999999915,1.1102230246251563e-16,1.4210854715202004e-14,-1.999,0.8342,2.4128,-1.6548,0.319,1.7918,0.1242923628595407,-0.4999999999999858,5.551115123125783e-17,0.1000000000000085
5.1099999994039536,1.6829,0.0,3.7712,1.5282,0.3975,2.0172,0.1716884107728694,-0.3999999999999915,1.1102230246251563e-16,1.4210854715202004e-14,-2.0038,0.8337,2.411,-1.635,0.3246,1.7964,0.1240939955748836,-0.4999999999999858,5.551115123125783e-17,0.1000000000000085
5.125,1.6993,0.0,3.769,1.5104,0.3958,2.0048,0.1717189288166628,-0.3999999999999915,1.1102230246251563e-16,1.4210854715202004e-14,-1.9917,0.828,2.4208,-1.6374,0.3299,1.7906000000000002,0.1237430380712596,-0.4999999999999858,5.551115123125783e-17,0.1000000000000085
5.140999998897314,1.6885,0.0,3.7942,1.5155,0.4002,2.0,0.1719172961013199,-0.3999999999999915,1.1102230246251563e-16,1.4210854715202004e-14,-1.9848,0.8319,2.4196,-1.6339,0.3314,1.792,0.1235599298084992,-0.3999999999999915,5.551115123125783e-17,0.1000000000000085
5.1559999994933605,1.6891,0.0,3.7654,1.5195,0.3918,1.9908,0.1719172961013199,-0.3999999999999915,1.1102230246251563e-16,1.4210854715202004e-14,-1.9999,0.8388,2.413,-1.6286,0.3313,1.781,0.1234683756771191,-0.3999999999999915,5.551115123125783e-17,0.1000000000000085
5.17200000025332,1.6934,0.0,3.7966,1.5082,0.3806,1.9902,0.1719172961013199,-0.3999999999999915,1.1102230246251563e-16,0.1000000000000227,-1.981,0.8491,2.4234,-1.6262,0.3294,1.781,0.1234378576333257,-0.3999999999999915,5.551115123125783e-17,0.1000000000000085
5.20299999974668,1.6928,0.0,3.8028,1.5072,0.3881,1.9996,0.1719325551232166,-0.4999999999999858,1.1102230246251563e-16,0.1000000000000227,-1.9997,0.8372,2.432,-1.6093,0.3266,1.765,0.1233920805676356,-0.3999999999999915,5.551115123125783e-17,0.1000000000000085
5.218999998643994,1.6982,0.0,3.795,1.4913,0.4038,1.992,0.1719172961013199,-0.4999999999999858,1.1102230246251563e-16,0.1000000000000227,-2.001,0.8413,2.4214,-1.6108,0.3319,1.7704000000000002,0.123071641107805,-0.3999999999999915,5.551115123125783e-17,0.1000000000000085
5.2349999994039536,1.6958,0.0,3.7994,1.5001,0.3919,1.9872,0.1719325551232166,-0.4999999999999858,1.1102230246251563e-16,0.1000000000000227,-1.9922,0.8466,2.431,-1.6008,0.336,1.7656,0.1226749065384908,-0.3999999999999915,5.551115123125783e-17,0.1000000000000085
5.25,1.6879,0.0,3.792,1.5033,0.3961,1.9794,0.1719325551232166,-0.4999999999999858,1.1102230246251563e-16,0.1000000000000227,-2.0005,0.8466,2.4296,-1.594,0.3358,1.7706,0.1223544670786602,-0.3999999999999915,5.551115123125783e-17,0.1000000000000085
5.265999998897314,1.6959,0.0,3.8002,1.4912,0.3857,1.9716,0.1718867780575265,-0.4999999999999858,1.1102230246251563e-16,0.1000000000000227,-1.9838,0.8454,2.4358,-1.5901,0.3397,1.758,0.1221408407721065,-0.3999999999999915,5.551115123125783e-17,0.1000000000000085
5.2809999994933605,1.6857,0.0,3.817,1.4892,0.3948,1.9726,0.1718715190356298,-0.4999999999999858,1.1102230246251563e-16,0.1000000000000227,-1.9876,0.8436,2.4296,-1.5881,0.3354,1.7538,0.1221255817502098,-0.3999999999999915,5.551115123125783e-17,0.1000000000000085
5.312999999150634,1.6903,0.0,3.8036,1.4843,0.3831,1.9674,0.1717799649042496,-0.4999999999999858,1.1102230246251563e-16,0.1000000000000227,-1.9783,0.8422,2.4252,-1.5887,0.3313,1.7482,0.1220798046845197,-0.3999999999999915,5.551115123125783e-17,0.1000000000000085
5.32799999974668,1.6991,0.0,3.8332,1.4849,0.3919,1.9726,0.1717799649042496,-0.3999999999999915,1.1102230246251563e-16,0.1000000000000227,-1.9821,0.8678,2.4294,-1.569,0.3326,1.7412,0.1220798046845197,-0.3999999999999915,5.551115123125783e-17,0.1000000000000085
5.343999998643994,1.6884,0.0,3.7986,1.4695,0.3804,1.969,0.1717341878385595,-0.3999999999999915,1.1102230246251563e-16,0.1000000000000227,-1.9937,0.8646,2.4364,-1.5722,0.3312,1.7328000000000001,0.122064545662623,-0.3999999999999915,5.551115123125783e-17,0.1000000000000085
5.375,1.7095,0.0,3.8322,1.4709,0.3871,1.9584,0.1716426337071794,-0.3999999999999915,1.1102230246251563e-16,1.4210854715202004e-14,-1.9791,0.8645,2.4482,-1.5586,0.3359,1.7173999999999998,0.1218661783779659,-0.3999999999999915,5.551115123125783e-17,0.1000000000000085
5.390999998897314,1.6908,0.0,3.8312,1.4635,0.3938,1.9516,0.1716426337071794,-0.3999999999999915,1.1102230246251563e-16,1.4210854715202004e-14,-1.9836,0.8619,2.4358,-1.5508,0.3368,1.7194,0.121210040436408,-0.3999999999999915,5.551115123125783e-17,0.1000000000000085
5.4059999994933605,1.6998,0.0,3.8142,1.4591,0.3729,1.9388,0.1716426337071794,-0.3999999999999915,1.1102230246251563e-16,1.4210854715202004e-14,-1.9811,0.8587,2.4344,-1.5494,0.325,1.7144000000000001,0.1211642633707179,-0.3999999999999915,5.551115123125783e-17,0.1000000000000085
5.437999999150634,1.6988,0.0,3.835,1.4567,0.391,1.9388,0.1715815976195926,-0.3999999999999915,1.1102230246251563e-16,1.4210854715202004e-14,-1.9861,0.879,2.4442,-1.5438,0.3281,1.7084000000000001,0.1210116731517509,-0.3999999999999915,5.551115123125783e-17,0.1000000000000085
5.437999999150634,1.7001,0.0,3.8396,1.4578,0.3873,1.947,0.171459525444419,-0.3999999999999915,1.1102230246251563e-16,1.4210854715202004e-14,-1.9901,0.8752,2.448,-1.5331,0.333,1.713,0.1207522697795071,-0.3999999999999915,5.551115123125783e-17,0.1000000000000085
5.468999998643994,1.7133,0.0,3.8382,1.4493,0.3837,1.935,0.1714137483787289,-0.3999999999999915,1.1102230246251563e-16,1.4210854715202004e-14,-1.9735,0.8876,2.4478,-1.5284,0.3306,1.6972000000000005,0.1206759746700236,-0.4999999999999858,5.551115123125783e-17,0.1000000000000085
5.4849999994039536,1.6937,0.0,3.8494000000000006,1.4491,0.3886,1.9376,0.1713984893568322,-0.3999999999999915,1.1102230246251563e-16,1.4210854715202004e-14,-1.9793,0.8658,2.4454,-1.5238,0.3363,1.7060000000000002,0.1207522697795071,-0.3999999999999915,5.551115123125783e-17,0.1000000000000085
5.5,1.7058,0.0,3.8362,1.4363,0.3877,1.9232,0.1713832303349355,-0.3999999999999915,1.1102230246251563e-16,1.4210854715202004e-14,-1.9798,0.8785,2.4596,-1.536,0.3455,1.6922,0.1206759746700236,-0.3999999999999915,5.551115123125783e-17,0.1000000000000085
5.5309999994933605,1.7042,0.0,3.861,1.447,0.3788,1.9354,0.1712764171816586,-0.3999999999999915,1.1102230246251563e-16,1.4210854715202004e-14,-1.9799,0.8873,2.4494,-1.5166,0.3392,1.7020000000000002,0.1206607156481269,-0.3999999999999915,5.551115123125783e-17,0.1000000000000085
5.54700000025332,1.7041,0.0,3.8574,1.4306,0.3894,1.9214,0.1711390859845884,-0.3999999999999915,1.1102230246251563e-16,0.1000000000000227,-1.9728,0.8882,2.4436,-1.4997,0.3254,1.6802000000000001,0.1205233844510566,-0.3999999999999915,5.551115123125783e-17,0.1000000000000085
5.562999999150634,1.7089,0.0,3.8652,1.4335,0.3824,1.9088,0.1711238269626917,-0.3999999999999915,1.1102230246251563e-16,0.1000000000000227,-1.9762,0.8903,2.4548,-1.5055,0.3439,1.6762,0.1203097581445029,-0.3999999999999915,5.551115123125783e-17,0.1000000000000085
5.57799999974668,1.7067,0.0,3.8766,1.4376,0.3977,1.9204,0.1711238269626917,-0.3999999999999915,1.1102230246251563e-16,0.1000000000000227,-1.9772,0.8898,2.452,-1.5015,0.332,1.6712,0.1202334630350194,-0.4999999999999858,5.551115123125783e-17,0.1000000000000085
5.593999998643994,1.707,0.0,3.867,1.4211,0.3755,1.9028,0.1711238269626917,-0.3999999999999915,1.1102230246251563e-16,0.1000000000000227,-1.9668,0.8919,2.453,-1.4869,0.3268,1.6534000000000002,0.1199893186846723,-0.3999999999999915,5.551115123125783e-17,0.2000000000000099
5.6099999994039536,1.7116,0.0,3.8822,1.4111,0.3975,1.9121999999999997,0.1708644235904478,-0.3999999999999915,1.1102230246251563e-16,0.1000000000000227,-1.9704,0.8837,2.4528,-1.4892,0.3309,1.6596,0.1199893186846723,-0.3999999999999915,5.551115123125783e-17,0.2000000000000099
5.625,1.7082,0.0,3.8718,1.3961,0.3873,1.9008,0.1708644235904478,-0.3999999999999915,1.1102230246251563e-16,0.1000000000000227,-1.9728,0.8999,2.4620000000000006,-1.4893,0.3333,1.6576000000000002,0.1198672465094987,-0.4999999999999858,5.551115123125783e-17,0.2000000000000099
5.6559999994933605,1.7076,0.0,3.8702,1.4044,0.373,1.8834,0.1708491645685511,-0.3999999999999915,1.1102230246251563e-16,0.1000000000000227,-1.9678,0.884,2.458,-1.4755,0.3286,1.6454000000000002,0.1198672465094987,-0.3999999999999915,5.551115123125783e-17,0.2000000000000099
5.67200000025332,1.6958,0.0,3.892,1.3917,0.3969,1.89,0.1708339055466544,-0.3999999999999915,1.1102230246251563e-16,0.1000000000000227,-1.9667,0.898,2.4648,-1.4596,0.332,1.6418,0.1198672465094987,-0.3999999999999915,5.551115123125783e-17,0.2000000000000099
5.687999999150634,1.7096,0.0,3.8792,1.3955,0.3657,1.8832,0.1706813153276875,-0.3999999999999915,1.1102230246251563e-16,0.1000000000000227,-1.9635,0.9044,2.4566,-1.4608,0.3355,1.6316,0.1195925841153582,-0.4999999999999858,5.551115123125783e-17,0.1000000000000085
5.70299999974668,1.7004,0.0,3.9038,1.3938,0.3941,1.8906,0.1705897611963073,-0.3999999999999915,1.1102230246251563e-16,0.1000000000000227,-1.9589,0.8925,2.4622,-1.4446,0.3243,1.6278,0.1194857709620813,-0.3999999999999915,5.551115123125783e-17,0.1000000000000085
5.718999998643994,1.7126,0.0,3.881,1.3833,0.3899,1.8656,0.1705897611963073,-0.3999999999999915,1.1102230246251563e-16,0.1000000000000227,-1.9726,0.909,2.4568,-1.437,0.324,1.6272000000000002,0.1191805905241474,-0.3999999999999915,5.551115123125783e-17,0.1000000000000085
5.7349999994039536,1.7092,0.0,3.906,1.3781,0.3904,1.8774,0.1705592431525139,-0.3999999999999915,1.1102230246251563e-16,1.4210854715202004e-14,-1.9703,0.9105,2.4616,-1.438,0.3259,1.6247999999999998,0.1191653315022507,-0.4999999999999858,5.551115123125783e-17,0.1000000000000085
5.75,1.7143,0.0,3.886000000000001,1.3788,0.3814,1.8684,0.1705287251087205,-0.3999999999999915,1.1102230246251563e-16,1.4210854715202004e-14,-1.9582,0.9138,2.4716,-1.4268,0.3276,1.6148,0.1190432593270771,-0.3999999999999915,5.551115123125783e-17,0.1000000000000085
5.7809999994933605,1.7177,0.0,3.9036,1.3716,0.3827,1.8578,0.170452429999237,-0.3999999999999915,1.1102230246251563e-16,1.4210854715202004e-14,-1.9604,0.9192,2.475200000000001,-1.4261,0.3193,1.6048,0.1190127412832837,-0.4999999999999858,5.551115123125783e-17,0.1000000000000085
5.812999999150634,1.7021,0.0,3.9028,1.3701,0.3939,1.8574,0.1703761348897535,-0.3999999999999915,1.1102230246251563e-16,1.4210854715202004e-14,-1.9586,0.9207,2.455,-1.4313,0.3291,1.6056,0.1189211871519035,-0.3999999999999915,5.551115123125783e-17,0.1000000000000085
5.82799999974668,1.7148,0.0,3.9018,1.3624,0.38,1.8464,0.1702235446707866,-0.3999999999999915,1.1102230246251563e-16,1.4210854715202004e-14,-1.9468,0.9167,2.4784,-1.4196,0.3351,1.5970000000000002,0.1188601510643167,-0.3999999999999915,5.551115123125783e-17,0.1000000000000085
5.843999998643994,1.7021,0.0,3.9184,1.3651,0.3817,1.8516,0.1701930266269932,-0.3999999999999915,1.1102230246251563e-16,1.4210854715202004e-14,-1.96,0.9062,2.4668,-1.3997,0.3229,1.6007999999999998,0.1188143739986266,-0.3999999999999915,5.551115123125783e-17,0.1000000000000085
5.8599999994039536,1.7139,0.0,3.8988,1.3433,0.38,1.838,0.1700862134737163,-0.3999999999999915,1.1102230246251563e-16,1.4210854715202004e-14,-1.942,0.9254,2.4662,-1.4054,0.3285,1.5842,0.1187991149767299,-0.3999999999999915,5.551115123125783e-17,0.1000000000000085
5.875,1.7002,0.0,3.921,1.3519,0.3826,1.8382,0.1700251773861295,-0.3999999999999915,1.1102230246251563e-16,1.4210854715202004e-14,-1.9515,0.9199,2.4704,-1.3828,0.3168,1.5683999999999998,0.1187380788891432,-0.3999999999999915,5.551115123125783e-17,0.1000000000000085
5.9059999994933605,1.7071,0.0,3.9264,1.3355,0.3919,1.8234,0.1699336232547493,-0.3999999999999915,1.1102230246251563e-16,1.4210854715202004e-14,-1.9565,0.9309,2.4744,-1.3951,0.3261,1.5690000000000002,0.1180056458381017,-0.3999999999999915,5.551115123125783e-17,0.1000000000000085
5.92200000025332,1.705,0.0,3.9148,1.3361,0.3728,1.8158,0.1699183642328526,-0.3999999999999915,1.1102230246251563e-16,1.4210854715202004e-14,-1.9523,0.9309,2.4734,-1.3765,0.3276,1.5614,0.1179751277943083,-0.3999999999999915,5.551115123125783e-17,0.1000000000000085
5.937999999150634,1.7116,0.0,3.9334,1.3275,0.3888,1.8218000000000003,0.1698573281452658,-0.3999999999999915,1.1102230246251563e-16,0.1000000000000227,-1.9551,0.9136,2.4646,-1.3695,0.3195,1.551,0.1178377965972381,-0.3999999999999915,5.551115123125783e-17,0.1000000000000085
5.968999998643994,1.6955,0.0,3.9088,1.3107,0.3684,1.8054,0.1696742198825055,-0.3999999999999915,1.1102230246251563e-16,0.1000000000000227,-1.9506,0.9397,2.4724,-1.3769,0.3166,1.5424,0.1177767605096513,-0.3999999999999915,5.551115123125783e-17,0.1000000000000085
5.9849999994039536,1.7012,0.0,3.9344,1.3124,0.3893,1.8076,0.1696131837949187,-0.3999999999999915,1.1102230246251563e-16,0.1000000000000227,-1.9586,0.9259,2.4722,-1.3507,0.3205,1.551,0.1177767605096513,-0.3999999999999915,5.551115123125783e-17,0.1000000000000085
6.0,1.7173,0.0,3.9216,1.3036,0.3822,1.7992,0.169597924773022,-0.3999999999999915,1.1102230246251563e-16,0.1000000000000227,-1.9374,0.9397,2.471200000000001,-1.3605,0.3239,1.5434,0.1176699473563744,-0.3999999999999915,5.551115123125783e-17,0.1000000000000085
6.0309999994933605,1.708,0.0,3.9296,1.301,0.3765,1.7904,0.1695674067292286,-0.3999999999999915,1.1102230246251563e-16,0.1000000000000227,-1.9368,0.9381,2.4688,-1.3385,0.333,1.5388,0.1176546883344777,-0.3999999999999915,5.551115123125783e-17,0.1000000000000085
6.04700000025332,1.7093,0.0,3.943,1.3023,0.3929,1.7846,0.1695521477073319,-0.3999999999999915,1.1102230246251563e-16,0.1000000000000227,-1.9516,0.9307,2.4724,-1.3405,0.3102,1.5195999999999998,0.1175326161593041,-0.3999999999999915,5.551115123125783e-17,0.1000000000000085
6.062999999150634,1.7159,0.0,3.9358,1.2883,0.3813,1.7733999999999999,0.1694911116197451,-0.3999999999999915,1.1102230246251563e-16,0.1000000000000227,-1.9469,0.9413,2.4852,-1.3289,0.3107,1.5091999999999999,0.1172579537651636,-0.3999999999999915,5.551115123125783e-17,0.1000000000000085
6.07799999974668,1.716,0.0,3.9446,1.287,0.372,1.7826000000000002,0.1694911116197451,-0.3999999999999915,1.1102230246251563e-16,0.1000000000000227,-1.9455,0.9481,2.4754,-1.2987,0.3141,1.5166000000000002,0.1170443274586099,-0.3999999999999915,5.551115123125783e-17,0.1000000000000085
6.093999998643994,1.7037,0.0,3.9468,1.2794,0.3844,1.7748,0.1693842984664683,-0.3999999999999915,1.1102230246251563e-16,0.1000000000000227,-1.9441,0.9422,2.4758,-1.3106,0.3229,1.5060000000000002,0.1169069962615396,-0.3999999999999915,5.551115123125783e-17,0.1000000000000085
6.1099999994039536,1.7065,0.0,3.934,1.271,0.3741,1.7548000000000001,0.1693537804226749,-0.3999999999999915,1.1102230246251563e-16,0.1000000000000227,-1.936,0.9511,2.479,-1.3013,0.3185,1.4946,0.1167544060425726,-0.3999999999999915,5.551115123125783e-17,0.1000000000000085
6.125,1.717,0.0,3.9588,1.2673,0.3819,1.7662000000000002,0.1691248950942244,-0.3999999999999915,1.1102230246251563e-16,0.1000000000000227,-1.9433,0.9463,2.4786,-1.2953,0.3179,1.5022,0.1167086289768825,-0.3999999999999915,5.551115123125783e-17,0.1000000000000085
6.140999998897314,1.7091,0.0,3.9378000000000006,1.2596,0.3665,1.7406,0.1691248950942244,-0.3999999999999915,1.1102230246251563e-16,0.1000000000000227,-1.9362,0.9548,2.4714,-1.3053,0.3234,1.4845999999999997,0.1167086289768825,-0.3999999999999915,5.551115123125783e-17,0.1000000000000085
6.1559999994933605,1.7125,0.0,3.9524,1.2536,0.383,1.7448,0.1691401541161211,-0.3999999999999915,1.1102230246251563e-16,1.4210854715202004e-14,-1.9317,0.9705,2.471200000000001,-1.283,0.318,1.4757999999999998,0.1166781109330891,-0.3999999999999915,5.551115123125783e-17,0.1000000000000085
6.17200000025332,1.6975,0.0,3.951,1.2484,0.3782,1.7482,0.1691248950942244,-0.3999999999999915,1.1102230246251563e-16,1.4210854715202004e-14,-1.9393,0.9493,2.4728,-1.2809,0.3139,1.4626000000000001,0.1166475928892958,-0.3999999999999915,5.551115123125783e-17,0.1000000000000085
6.20299999974668,1.7155,0.0,3.952,1.2447,0.3624,1.7382,0.1690638590066376,-0.3999999999999915,1.1102230246251563e-16,1.4210854715202004e-14,-1.9284,0.9613,2.4662,-1.2806,0.3107,1.4678000000000002,0.1163576714732585,-0.3999999999999915,5.551115123125783e-17,0.1000000000000085
6.2349999994039536,1.7096,0.0,3.9736,1.2332,0.3829,1.7232,0.1690638590066376,-0.3999999999999915,1.1102230246251563e-16,1.4210854715202004e-14,-1.9257,0.9443,2.4744,-1.2506,0.3224,1.4593999999999998,0.1158999008163576,-0.3999999999999915,5.551115123125783e-17,0.1000000000000085
6.25,1.7107,0.0,3.9582,1.2261,0.3769,1.7262000000000002,0.1691248950942244,-0.3999999999999915,1.1102230246251563e-16,1.4210854715202004e-14,-1.9251,0.9641,2.474,-1.2548,0.3133,1.4562,0.1157930876630808,-0.3999999999999915,5.551115123125783e-17,0.1000000000000085
6.265999998897314,1.7101,0.0,3.9698000000000007,1.2245,0.3748,1.7198,0.1690638590066376,-0.2999999999999971,1.1102230246251563e-16,1.4210854715202004e-14,-1.9249,0.9605,2.4804,-1.2305,0.3011,1.4492,0.1157167925535973,-0.3999999999999915,5.551115123125783e-17,0.1000000000000085
6.2809999994933605,1.703,0.0,3.9778,1.2176,0.387,1.7013999999999998,0.1690638590066376,-0.3999999999999915,1.1102230246251563e-16,1.4210854715202004e-14,-1.9234,0.9622,2.4758,-1.2414,0.3187,1.4466,0.1156710154879072,-0.3999999999999915,5.551115123125783e-17,0.1000000000000085
6.29700000025332,1.7067,0.0,3.9626,1.2084,0.3712,1.6876000000000007,0.1690028229190509,-0.2999999999999971,1.1102230246251563e-16,0.1000000000000227,-1.927,0.9799,2.4854,-1.2217,0.3069,1.4382000000000001,0.1154421301594567,-0.3999999999999915,5.551115123125783e-17,0.1000000000000085
6.312999999150634,1.6937,0.0,3.9856,1.2078,0.3779,1.6944,0.1689265278095674,-0.3999999999999915,1.1102230246251563e-16,0.1000000000000227,-1.9176,0.9656,2.4678,-1.2196,0.3082,1.429,0.1153963530937667,-0.3999999999999915,-0.0999999999999999,0.1000000000000085
6.32799999974668,1.71,0.0,3.9774,1.2029,0.3855,1.6816000000000002,0.1689265278095674,-0.3999999999999915,1.1102230246251563e-16,0.1000000000000227,-1.9288,0.9787,2.4754,-1.2134,0.3127,1.415,0.1153353170061799,-0.3999999999999915,5.551115123125783e-17,0.1000000000000085
6.3599999994039536,1.7023,0.0,3.9664,1.1819,0.3668,1.6736000000000002,0.1689112687876707,-0.3999999999999915,1.1102230246251563e-16,0.1000000000000227,-1.9172,0.9666,2.4716,-1.1954,0.3137,1.4146,0.1152437628747997,-0.3999999999999915,5.551115123125783e-17,0.1000000000000085
6.375,1.6989,0.0,3.997,1.1785,0.3803,1.6792,0.1687891966124971,-0.3999999999999915,1.1102230246251563e-16,0.1000000000000227,-1.9244,0.9842,2.4744,-1.1912,0.3132,1.4126,0.1151674677653162,-0.3999999999999915,5.551115123125783e-17,0.1000000000000085
6.390999998897314,1.7084,0.0,3.969,1.1702,0.3597,1.6646,0.1687739375906004,-0.3999999999999915,1.1102230246251563e-16,0.1000000000000227,-1.9067,0.9786,2.48,-1.1846,0.3225,1.407,0.1148317692835889,-0.3999999999999915,5.551115123125783e-17,0.1000000000000085
6.4059999994933605,1.6988,0.0,3.9916,1.1616,0.3837,1.6552,0.1687739375906004,-0.3999999999999915,1.1102230246251563e-16,0.1000000000000227,-1.9139,0.9929,2.4654,-1.1877,0.3043,1.3928,0.114572365911345,-0.3999999999999915,5.551115123125783e-17,0.1000000000000085
6.42200000025332,1.7114,0.0,3.9820000000000007,1.1476,0.3665,1.6404000000000003,0.1687739375906004,-0.3999999999999915,1.1102230246251563e-16,0.1000000000000227,-1.9098,0.9852,2.483,-1.1696,0.306,1.3882,0.1144655527580682,-0.3999999999999915,5.551115123125783e-17,0.1000000000000085
6.437999999150634,1.6994,0.0011,3.9908,1.1469,0.3713,1.651,0.16859082932784,-0.3999999999999915,1.1102230246251563e-16,0.1000000000000227,-1.9147,0.9927,2.4612,-1.1588,0.3072,1.3864,0.1144350347142748,-0.3999999999999915,5.551115123125783e-17,0.1000000000000085
6.45299999974668,1.7036,0.004,3.9924,1.1459,0.38,1.6276,0.1685145342183566,-0.3999999999999915,1.1102230246251563e-16,0.1000000000000227,-1.9173,0.9954,2.474,-1.1603,0.3139,1.3696,0.1144045166704814,-0.3999999999999915,5.551115123125783e-17,0.1000000000000085
6.4849999994039536,1.71,0.0,3.9918,1.1414,0.3581,1.6410000000000002,0.1685145342183566,-0.3999999999999915,1.1102230246251563e-16,0.1000000000000227,-1.9104,0.9987,2.4666,-1.1423,0.3003,1.3681999999999999,0.1144045166704814,-0.3999999999999915,5.551115123125783e-17,0.1000000000000085
6.5,1.6967,0.0194,3.9944,1.1248,0.3705,1.6282000000000003,0.1685145342183566,-0.3999999999999915,1.1102230246251563e-16,0.1000000000000227,-1.9035,0.9936,2.4758,-1.132,0.3134,1.3507999999999998,0.1143434805828946,-0.3999999999999915,-0.0999999999999999,0.1000000000000085
6.5309999994933605,1.7079,0.0261,3.9724,1.1281,0.3645,1.6086,0.1684687571526665,-0.3999999999999915,1.1102230246251563e-16,0.1000000000000227,-1.9081,0.9992,2.4778,-1.1104,0.2966,1.3423999999999998,0.1141908903639276,-0.3999999999999915,5.551115123125783e-17,0.1000000000000085
6.54700000025332,1.6945,0.0178,4.0058,1.1189,0.3735,1.6124,0.1683314259555962,-0.3999999999999915,1.1102230246251563e-16,0.1000000000000227,-1.8991,0.991,2.4692,-1.1128,0.3101,1.3484,0.1140688181887541,-0.3999999999999915,-0.0999999999999999,0.1000000000000085
6.562999999150634,1.7023,0.023,3.9986,1.1011,0.3707,1.5842,0.168239871824216,-0.3999999999999915,1.1102230246251563e-16,0.1000000000000227,-1.9061,1.0031,2.4714,-1.0987,0.2966,1.3304,0.1136110475318532,-0.3999999999999915,5.551115123125783e-17,0.1000000000000085
6.57799999974668,1.6979,0.0382,4.0104,1.0902,0.3738,1.5866,0.1682093537804226,-0.2999999999999971,1.1102230246251563e-16,0.1000000000000227,-1.894,1.0011,2.47,-1.089,0.2957,1.3232,0.1135805294880598,-0.3999999999999915,5.551115123125783e-17,0.1000000000000085
6.6099999994039536,1.6911,0.0466,4.0184,1.0798,0.3682,1.5818,0.1681483176928359,-0.2999999999999971,1.1102230246251563e-16,0.1000000000000227,-1.8934,1.0095,2.4728,-1.0866,0.2987,1.3164,0.1133058670939192,-0.3999999999999915,5.551115123125783e-17,0.1000000000000085
6.625,1.6974,0.0515,3.9936,1.0713,0.3657,1.5735999999999999,0.1680567635614557,-0.2999999999999971,1.1102230246251563e-16,0.1000000000000227,-1.8969,1.0015,2.4672,-1.0703,0.2845,1.2952000000000001,0.1132753490501258,-0.3999999999999915,5.551115123125783e-17,0.1000000000000085
6.640999998897314,1.6921,0.0492,4.0186,1.0626,0.3665,1.5594000000000001,0.168041504539559,-0.2999999999999971,1.1102230246251563e-16,0.1000000000000227,-1.8877,1.0102,2.4714,-1.0719,0.3033,1.2956,0.1132753490501258,-0.3999999999999915,5.551115123125783e-17,0.1000000000000085
6.6559999994933605,1.7112,0.0542,3.9986,1.057,0.3564,1.5426,0.1679346913862821,-0.2999999999999971,-0.0999999999999998,0.1000000000000227,-1.8959,1.0158,2.4678,-1.0551,0.2907,1.2886,0.1131380178530556,-0.3999999999999915,5.551115123125783e-17,0.1000000000000085
6.67200000025332,1.6872,0.0609,4.0126,1.0501,0.374,1.5382,0.1678736552986953,-0.2999999999999971,1.1102230246251563e-16,0.1000000000000227,-1.8922,1.028,2.4718,-1.0555,0.2965,1.2876,0.1131227588311589,-0.3999999999999915,5.551115123125783e-17,0.1000000000000085
6.687999999150634,1.7099,0.0679,4.0,1.0411,0.3598,1.534,0.1677821011673151,-0.2999999999999971,-0.0999999999999998,0.1000000000000227,-1.8861,1.0299,2.4688,-1.0304,0.2908,1.2746,0.1130312046997787,-0.3999999999999915,5.551115123125783e-17,0.1000000000000085
6.718999998643994,1.6982,0.0592,4.0136,1.0371,0.3661,1.5244000000000002,0.1677821011673151,-0.3999999999999915,1.1102230246251563e-16,0.1000000000000227,-1.8876,1.0156,2.4664,-1.0214,0.2926,1.2742,0.1124055848020142,-0.3999999999999915,-0.0999999999999999,0.1000000000000085
6.7349999994039536,1.6975,0.0723,4.014,1.0107,0.361,1.5146000000000004,0.1677821011673151,-0.3999999999999915,1.1102230246251563e-16,0.1000000000000227,-1.875,1.0295,2.4664,-1.0198,0.2964,1.2624,0.1123445487144274,-0.3999999999999915,5.551115123125783e-17,0.1000000000000085
6.75,1.697,0.0748,4.0134,1.0045,0.3565,1.5010000000000001,0.1677821011673151,-0.3999999999999915,1.1102230246251563e-16,0.1000000000000227,-1.8877,1.0165,2.4634,-1.0174,0.2873,1.2600000000000002,0.1122682536049439,-0.3999999999999915,-0.0999999999999999,0.1000000000000085
6.7809999994933605,1.699,0.0806,4.0336,1.0191,0.3741,1.4996,0.1677821011673151,-0.3999999999999915,1.1102230246251563e-16,0.1000000000000227,-1.88,1.0253,2.471,-0.9918,0.2942,1.238,0.112161440451667,-0.3999999999999915,5.551115123125783e-17,0.1000000000000085
6.79700000025332,1.6966,0.0977,4.0202,0.9985,0.3558,1.4814,0.1677515831235217,-0.3999999999999915,1.1102230246251563e-16,0.1000000000000227,-1.8775,1.0295,2.4536,-0.9833,0.2894,1.2280000000000002,0.1120393682764934,-0.3999999999999915,5.551115123125783e-17,0.1000000000000085
6.812999999150634,1.6811,0.0888,4.0382,0.9791,0.3627,1.4806,0.1677363241016251,-0.3999999999999915,1.1102230246251563e-16,0.1000000000000227,-1.8732,1.0319,2.4662,-0.9651,0.2955,1.2334,0.1120393682764934,-0.3999999999999915,5.551115123125783e-17,0.1000000000000085
6.82799999974668,1.6932,0.1116,4.0144,0.9673,0.3453,1.4576,0.1677821011673151,-0.2999999999999971,1.1102230246251563e-16,0.1000000000000227,-1.8764,1.0482,2.47,-0.9626,0.2896,1.2129999999999999,0.1119325551232166,-0.3999999999999915,5.551115123125783e-17,0.1000000000000085
6.843999998643994,1.6917,0.1076,4.0286,0.9715,0.3509,1.4606000000000001,0.1676447699702449,-0.2999999999999971,1.1102230246251563e-16,0.1000000000000227,-1.8681,1.0413,2.4564,-0.9403,0.2781,1.2066000000000001,0.1119020370794232,-0.3999999999999915,5.551115123125783e-17,0.1000000000000085
6.8599999994039536,1.6889,0.123,4.0206,0.9504,0.368,1.445,0.1676142519264515,-0.3999999999999915,-0.0999999999999998,0.1000000000000227,-1.8527,1.0381,2.4594,-0.9383,0.2779,1.1880000000000002,0.111810482948043,-0.3999999999999915,5.551115123125783e-17,0.1000000000000085
6.875,1.6994,0.1183,4.0216,0.9304,0.3568,1.434,0.1674921797512779,-0.3999999999999915,1.1102230246251563e-16,0.1000000000000227,-1.8593,1.0441,2.4608,-0.9209,0.2656,1.1746000000000003,0.1112458991378652,-0.3999999999999915,5.551115123125783e-17,0.1000000000000085
6.9059999994933605,1.6907,0.1334,4.035,0.9278,0.3544,1.4238000000000002,0.1674921797512779,-0.3999999999999915,1.1102230246251563e-16,0.1000000000000227,-1.8538,1.0372,2.4658000000000007,-0.9267,0.2788,1.1748,0.1110780498970016,-0.3999999999999915,5.551115123125783e-17,0.1000000000000085
6.937999999150634,1.6874,0.1223,4.035,0.9219,0.3468,1.412,0.1674616617074845,-0.3999999999999915,1.1102230246251563e-16,0.1000000000000227,-1.8621,1.0606,2.4554,-0.901,0.291,1.171,0.1110475318532082,-0.3999999999999915,5.551115123125783e-17,0.1000000000000085
6.95299999974668,1.672,0.1441,4.0252,0.9131,0.3526,1.4076000000000002,0.1674158846417944,-0.3999999999999915,1.1102230246251563e-16,0.1000000000000227,-1.8583,1.0682,2.4566,-0.9058,0.2934,1.1644,0.1108949416342412,-0.3999999999999915,5.551115123125783e-17,0.1000000000000085
6.968999998643994,1.684,0.1467,4.0432,0.9163,0.3458,1.3999999999999997,0.167385366598001,-0.3999999999999915,1.1102230246251563e-16,0.1000000000000227,-1.8501,1.0576,2.461,-0.8841,0.2866,1.1592,0.1107118333714808,-0.3999999999999915,5.551115123125783e-17,0.1000000000000085
6.9849999994039536,1.6724,0.1668,4.0432,0.8946,0.3466,1.3928,0.1673548485542076,-0.3999999999999915,1.1102230246251563e-16,0.1000000000000227,-1.8463,1.0603,2.446800000000001,-0.87,0.2693,1.1452,0.1107118333714808,-0.3999999999999915,5.551115123125783e-17,0.1000000000000085
7.0,1.6868,0.1574,4.0404,0.8874,0.348,1.3852000000000002,0.1672175173571374,-0.3999999999999915,1.1102230246251563e-16,0.1000000000000227,-1.8498,1.0648,2.4556,-0.8543,0.2875,1.137,0.1106813153276874,-0.3999999999999915,5.551115123125783e-17,0.1000000000000085
7.015999998897314,1.6678,0.1667,4.0406,0.8801,0.3424,1.3764,0.1671717402914473,-0.2999999999999971,1.1102230246251563e-16,0.1000000000000227,-1.8529,1.0661,2.4476,-0.8629,0.2772,1.1266,0.1106355382619974,-0.3999999999999915,5.551115123125783e-17,0.1000000000000085
7.0309999994933605,1.6735,0.1791,4.0368,0.8814,0.3412,1.362,0.1671412222476539,-0.2999999999999971,-0.0999999999999998,0.1000000000000227,-1.8477,1.0661,2.450800000000001,-0.8421,0.2768,1.1218,0.1104829480430304,-0.3999999999999915,5.551115123125783e-17,0.1000000000000085
7.04700000025332,1.6799,0.1803,4.0296,0.8651,0.3456,1.3598,0.1670649271381704,-0.3999999999999915,-0.0999999999999998,0.1000000000000227,-1.8407,1.0709,2.4532,-0.8484,0.2841,1.1146,0.110101472495613,-0.3999999999999915,5.551115123125783e-17,0.1000000000000085
7.062999999150634,1.6768,0.1694,4.0416,0.855,0.3397,1.3474000000000002,0.1668970778973068,-0.3999999999999915,-0.0999999999999998,0.1000000000000227,-1.8321,1.0605,2.4474,-0.8303,0.2756,1.1052000000000002,0.1099336232547493,-0.3999999999999915,5.551115123125783e-17,0.1000000000000085
7.093999998643994,1.6756,0.1896,4.044,0.8475,0.3369,1.3468,0.1667292286564431,-0.3999999999999915,1.1102230246251563e-16,0.1000000000000227,-1.8436,1.0779,2.4526,-0.805,0.2709,1.0958,0.1099183642328526,-0.3999999999999915,5.551115123125783e-17,0.1000000000000085
7.1099999994039536,1.6764,0.1892,4.052,0.8444,0.3403,1.3336,0.1666681925688563,-0.3999999999999915,1.1102230246251563e-16,0.1000000000000227,-1.8368,1.0837,2.437,-0.807,0.281,1.0978,0.1098725871671625,-0.3999999999999915,5.551115123125783e-17,0.1000000000000085
7.125,1.6657,0.1966,4.044400000000001,0.8368,0.3492,1.3314000000000001,0.1666376745250629,-0.3999999999999915,1.1102230246251563e-16,0.1000000000000227,-1.8392,1.0759,2.4388,-0.7963,0.2746,1.0626000000000002,0.1098725871671625,-0.3999999999999915,5.551115123125783e-17,0.1000000000000085
7.140999998897314,1.6814,0.2098,4.0472,0.8249,0.3305,1.316,0.1665461203936827,-0.3999999999999915,1.1102230246251563e-16,0.1000000000000227,-1.8209,1.0716,2.4478,-0.7888,0.2626,1.0698,0.1098725871671625,-0.3999999999999915,5.551115123125783e-17,0.1000000000000085
7.1559999994933605,1.6656,0.2194,4.0478,0.8208,0.3362,1.3194000000000001,0.166332494087129,-0.3999999999999915,1.1102230246251563e-16,0.1000000000000227,-1.8183,1.0888,2.436,-0.7779,0.2768,1.0706,0.1098725871671625,-0.3999999999999915,5.551115123125783e-17,0.1000000000000085
7.187999999150634,1.6676,0.2105,4.058,0.805,0.3359,1.3122000000000005,0.1662867170214389,-0.3999999999999915,1.1102230246251563e-16,0.1000000000000227,-1.8191,1.0927,2.4384,-0.7587,0.2683,1.0488000000000002,0.1098573281452658,-0.3999999999999915,5.551115123125783e-17,0.1000000000000085
7.20299999974668,1.6676,0.2306,4.0482,0.8037,0.3392,1.3078,0.1661036087586785,-0.3999999999999915,1.1102230246251563e-16,0.1000000000000227,-1.8222,1.0947,2.439,-0.7435,0.2611,1.0456,0.1098115510795758,-0.3999999999999915,5.551115123125783e-17,0.1000000000000085
7.2349999994039536,1.6704,0.2159,4.0474000000000006,0.7782,0.3391,1.2978,0.1660578316929885,-0.3999999999999915,1.1102230246251563e-16,0.1000000000000227,-1.8191,1.0935,2.4406,-0.7409,0.2784,1.0392,0.1091859311818112,-0.3999999999999915,5.551115123125783e-17,0.1000000000000085
7.25,1.6574,0.2428,4.0456,0.7828,0.3323,1.2828000000000002,0.1660120546272984,-0.3999999999999915,1.1102230246251563e-16,0.1000000000000227,-1.8081,1.0983,2.4402,-0.7389,0.2688,1.0248,0.1090638590066376,-0.3999999999999915,5.551115123125783e-17,0.1000000000000085
7.265999998897314,1.6615,0.2464,4.0488,0.7782,0.3289,1.2742,0.165828946364538,-0.3999999999999915,1.1102230246251563e-16,0.1000000000000227,-1.8099,1.0994,2.4298,-0.7177,0.2737,1.029,0.1090333409628442,-0.3999999999999915,5.551115123125783e-17,0.1000000000000085
7.28099999949336,1.6709,0.2491,4.0438,0.768,0.3246,1.272,0.1658136873426413,-0.3999999999999915,1.1102230246251563e-16,0.1000000000000227,-1.8251,1.1064,2.4298,-0.7192,0.2641,1.0132,0.1088654917219806,-0.3999999999999915,5.551115123125783e-17,0.1000000000000085
7.29700000025332,1.6675,0.2496,4.0504,0.7481,0.3322,1.2706000000000002,0.1657221332112611,-0.3999999999999915,1.1102230246251563e-16,0.1000000000000227,-1.8072,1.1036,2.4274,-0.7111,0.2722,1.008,0.1088654917219806,-0.3999999999999915,5.551115123125783e-17,0.1000000000000085
7.312999999150634,1.6586,0.2644,4.0536,0.731,0.3393,1.2744,0.1657068741893644,-0.3999999999999915,1.1102230246251563e-16,0.1000000000000227,-1.8069,1.1085,2.432,-0.6764,0.2773,1.0076,0.1088044556343938,-0.3999999999999915,5.551115123125783e-17,0.1000000000000085
7.343999998643994,1.6579,0.2706,4.0538,0.7243,0.316,1.2496,0.1656153200579843,-0.3999999999999915,1.1102230246251563e-16,0.1000000000000227,-1.804,1.1179,2.4334,-0.684,0.2744,0.9979999999999998,0.1087586785687037,-0.3999999999999915,5.551115123125783e-17,0.1000000000000085
7.3599999994039536,1.6521,0.2857,4.0406,0.7268,0.315,1.2472,0.1654474708171206,-0.3999999999999915,1.1102230246251563e-16,0.1000000000000227,-1.8029,1.1177,2.433,-0.6688,0.2659,0.9856,0.1087281605249103,-0.3999999999999915,5.551115123125783e-17,0.1000000000000085
7.375,1.6533,0.277,4.0578,0.7172,0.325,1.2404,0.1654322117952239,-0.3999999999999915,1.1102230246251563e-16,0.1000000000000227,-1.7902,1.1241,2.429,-0.6583,0.2693,0.9746,0.1082246128023193,-0.3999999999999915,5.551115123125783e-17,0.1000000000000085
7.390999998897314,1.6663,0.2807,4.0574,0.6848,0.3247,1.2334,0.1653864347295338,-0.3999999999999915,1.1102230246251563e-16,0.1000000000000227,-1.7902,1.1279,2.4366,-0.6399,0.2697,0.9682,0.1080720225833524,-0.3999999999999915,5.551115123125783e-17,0.1000000000000085
7.42200000025332,1.6392,0.295,4.0388,0.6825,0.3169,1.2244,0.1653101396200503,-0.3999999999999915,1.1102230246251563e-16,0.1000000000000227,-1.7822,1.1247,2.4298,-0.6347,0.2724,0.9574,0.1079804684519722,-0.3999999999999915,5.551115123125783e-17,0.1000000000000085
7.437999999150634,1.65,0.3052,4.0616,0.6865,0.3087,1.2154,0.1652796215762569,-0.3999999999999915,1.1102230246251563e-16,0.1000000000000227,-1.7882,1.1372,2.4276,-0.6172,0.2639,0.941,0.1079041733424887,-0.3999999999999915,5.551115123125783e-17,0.1000000000000085
7.45299999974668,1.6481,0.3058,4.053,0.6664,0.3043,1.2052,0.1651880674448768,-0.3999999999999915,1.1102230246251563e-16,0.1000000000000227,-1.7806,1.1436,2.436,-0.6024,0.2516,0.9330000000000002,0.107888914320592,-0.3999999999999915,5.551115123125783e-17,0.1000000000000085
7.4849999994039536,1.6476,0.3197,4.0492,0.6574,0.3023,1.2094,0.1651728084229801,-0.3999999999999915,1.1102230246251563e-16,0.1000000000000227,-1.776,1.1464,2.4324,-0.5924,0.2578,0.9246,0.107888914320592,-0.3999999999999915,5.551115123125783e-17,0.1000000000000085
7.5,1.6548,0.3257,4.0564,0.6508,0.3045,1.1932,0.1650965133134966,-0.3999999999999915,1.1102230246251563e-16,0.1000000000000227,-1.7748,1.157,2.4432,-0.5814,0.2544,0.9128,0.1078278782330052,-0.3999999999999915,5.551115123125783e-17,0.1000000000000085
7.515999998897314,1.6451,0.3432,4.0446,0.637,0.2965,1.1814,0.1648981460288395,-0.3999999999999915,1.1102230246251563e-16,0.1000000000000227,-1.7649,1.1534,2.436,-0.5705,0.263,0.9021999999999998,0.107736324101625,-0.3999999999999915,5.551115123125783e-17,0.1000000000000085
7.53099999949336,1.6483,0.3449,4.0406,0.6167,0.2996,1.179,0.1648828870069428,-0.3999999999999915,1.1102230246251563e-16,0.1000000000000227,-1.7696,1.1538,2.4344,-0.5545,0.2518,0.904,0.1075226977950713,-0.3999999999999915,5.551115123125783e-17,0.1000000000000085
7.54700000025332,1.6445,0.3505,4.0576,0.6091,0.2988,1.181,0.1648371099412527,-0.3999999999999915,1.1102230246251563e-16,0.1000000000000227,-1.7766,1.1597,2.4314,-0.5415,0.2405,0.8854,0.1072480354009308,-0.3999999999999915,5.551115123125783e-17,0.1000000000000085
7.562999999150634,1.6412,0.3665,4.0536,0.5876,0.2973,1.1706,0.164776073853666,-0.3999999999999915,1.1102230246251563e-16,0.1000000000000227,-1.7608,1.1714,2.4364,-0.5139,0.2403,0.8728,0.1072022583352407,-0.3999999999999915,5.551115123125783e-17,0.1000000000000085
7.57799999974668,1.6331,0.378,4.04,0.5756,0.2882,1.1592,0.164776073853666,-0.2999999999999971,1.1102230246251563e-16,0.1000000000000227,-1.7591,1.1764,2.4318,-0.4954,0.2388,0.861,0.1070038910505836,-0.3999999999999915,5.551115123125783e-17,0.1000000000000085
7.6099999994039536,1.6269,0.4026,4.0368,0.57,0.2788,1.1382,0.164776073853666,-0.2999999999999971,1.1102230246251563e-16,0.1000000000000227,-1.7581,1.1839,2.4374,-0.4771,0.2408,0.8584,0.1068970778973067,-0.3999999999999915,5.551115123125783e-17,0.1000000000000085
7.640999998897314,1.6273,0.3991,4.0448,0.5384,0.2841,1.1376,0.1647608148317693,-0.2999999999999971,1.1102230246251563e-16,0.1000000000000227,-1.7473,1.1965,2.4414,-0.4684,0.2323,0.8405999999999998,0.106683451590753,-0.3999999999999915,5.551115123125783e-17,0.1000000000000085
7.65599999949336,1.6289,0.4206,4.0346,0.5224,0.2714,1.1156,0.1647608148317693,-0.2999999999999971,-0.0999999999999998,0.1000000000000227,-1.7433,1.193,2.4414,-0.4409,0.2394,0.835,0.1066681925688563,-0.3999999999999915,5.551115123125783e-17,0.1000000000000085
7.67200000025332,1.6288,0.4347,4.0342,0.5138,0.265,1.1002,0.1647608148317693,-0.2999999999999971,-0.0999999999999998,0.1000000000000227,-1.735,1.2145,2.452,-0.4193,0.2258,0.8206,0.1066224155031662,-0.3999999999999915,5.551115123125783e-17,0.1000000000000085
7.687999999150634,1.6187,0.4561,4.0232,0.4879,0.255,1.077,0.164470893415732,-0.2999999999999971,-0.0999999999999998,0.1000000000000227,-1.73,1.2197,2.4478,-0.4009,0.22,0.7974,0.1064850843060959,-0.3999999999999915,5.551115123125783e-17,0.1000000000000085
7.70299999974668,1.6121,0.4945,4.0024,0.4574,0.2493,1.0462,0.1642420080872816,-0.2999999999999971,-0.0999999999999998,0.1000000000000227,-1.7321,1.2401,2.4604,-0.3638,0.2059,0.7708,0.1063019760433356,-0.3999999999999915,5.551115123125783e-17,0.1000000000000085
7.718999998643994,1.6056,0.5174,4.0048,0.427,0.2317,1.0138,0.163921568627451,-0.2999999999999971,-0.0999999999999998,0.1000000000000227,-1.7206,1.243,2.4538,-0.3209,0.2005,0.7342,0.1055695429922942,-0.3999999999999915,5.551115123125783e-17,0.1000000000000085
7.7349999994039536,1.599,0.5736,3.9904,0.3979,0.2147,0.969,0.1632959487296864,-0.2999999999999971,-0.0999999999999998,0.1000000000000227,-1.7036,1.2669,2.4728,-0.287,0.1788,0.6942,0.1052338445105668,-0.3999999999999915,5.551115123125783e-17,0.1000000000000085
7.75,1.6011,0.6152,3.966800000000001,0.3586,0.2144,0.9108,0.1621057450217441,-0.2999999999999971,-0.0999999999999998,0.1000000000000227,-1.6686,1.3223,2.4688,-0.252,0.1532,0.64,0.1048065918974593,-0.3999999999999915,5.551115123125783e-17,0.1000000000000085
7.78099999949336,1.5853,0.6762,3.9222,0.3296,0.1964,0.8582,0.1606866559853513,-0.2999999999999971,-0.0999999999999998,0.200000000000017,-1.62,1.3582,2.4666,-0.2155,0.1347,0.5738,0.1042877851529717,-0.3999999999999915,5.551115123125783e-17,0.1000000000000085
7.79700000025332,1.524,0.7699,3.829600000000001,0.3059,0.1881,0.816,0.1592980849927519,-0.2999999999999971,-0.0999999999999998,0.200000000000017,-1.556,1.3974,2.4394,-0.1809,0.0997,0.513,0.1032959487296864,-0.3999999999999915,5.551115123125783e-17,0.1000000000000085
7.812999999150634,1.4154,0.8704,3.6594,0.2794,0.163,0.743,0.1578637369344625,-0.2999999999999971,-0.0999999999999998,0.200000000000017,-1.4501,1.4293,2.3738,-0.1857,0.0909,0.4618,0.1016327153429465,-0.3999999999999915,5.551115123125783e-17,0.1000000000000085
7.82799999974668,1.2938,0.9726,3.3674,0.2581,0.1282,0.6652,0.1533775844968337,-0.2999999999999971,-0.0999999999999998,0.200000000000017,-1.3441,1.4225,2.2528,-0.1622,0.0904,0.4385999999999998,0.1005188067444876,-0.3999999999999915,5.551115123125783e-17,0.1000000000000085
7.843999998643994,1.1899,0.9389,3.0528,0.2563,0.0978,0.5983999999999998,0.1529808499275196,-0.2999999999999971,-0.0999999999999998,0.200000000000017,-1.2301,1.3146,2.0616000000000003,-0.1567,0.0807,0.4081999999999998,0.0987487602044708,-0.2999999999999971,5.551115123125783e-17,0.1000000000000085
7.8599999994039536,1.0616,0.8161,2.713600000000002,0.2471,0.0725,0.5519999999999998,0.1511650263218127,-0.1999999999999886,-0.0999999999999998,0.200000000000017,-1.0611,1.1581,1.8396,-0.1251,0.0748,0.3779999999999998,0.0958342870222018,-0.2999999999999971,5.551115123125783e-17,0.1000000000000085
7.890999998897314,0.9547,0.5749,2.3598,0.2292,0.064,0.478,0.1486167696650644,-0.0999999999999943,-0.0999999999999998,0.200000000000017,-0.9081,0.9677,1.5632000000000001,-0.1161,0.0605,0.3328,0.089440756847486,-0.2999999999999971,5.551115123125783e-17,0.1000000000000085
7.92200000025332,0.8619,0.4314,2.105,0.1991,0.0589,0.4354,0.1461905851834897,-0.0999999999999943,-0.0999999999999998,0.200000000000017,-0.7635,0.787,1.2962,-0.1028,0.0174,0.2726,0.0857633325703822,-0.1999999999999886,5.551115123125783e-17,0.1000000000000085
7.937999999150634,0.7885,0.3425,1.9184,0.1891,0.0527,0.3818,0.1441000991836423,1.4210854715202004e-14,-0.0999999999999998,0.200000000000017,-0.6791,0.6788,1.1326,-0.0745,0.017,0.2267999999999996,0.0830930037384603,-0.1999999999999886,5.551115123125783e-17,0.1000000000000085
7.95299999974668,0.7303,0.2688,1.7824,0.177,0.0446,0.3524,0.1417959868772411,1.4210854715202004e-14,-0.0999999999999998,0.200000000000017,-0.5999,0.6059,1.0048,-0.0611,0.0055,0.1955999999999996,0.0803158617532616,-0.1999999999999886,5.551115123125783e-17,0.1000000000000085
7.968999998643994,0.6745,0.2155,1.6499999999999997,0.1556,0.0338,0.3184,0.14120088502327,0.1000000000000085,-0.0999999999999998,0.200000000000017,-0.5443,0.5424,0.9122,-0.0456,0.0004,0.1717999999999998,0.0781033035782406,-0.0999999999999943,5.551115123125783e-17,0.1000000000000085
7.9849999994039536,0.6386,0.1746,1.5415999999999999,0.1553,0.014,0.2924,0.1408346684977493,0.1000000000000085,-0.0999999999999998,0.200000000000017,-0.501,0.4904,0.8306,-0.0558,0.0,0.1439999999999996,0.0776760509651331,-0.0999999999999943,5.551115123125783e-17,0.1000000000000085
8.0,0.6005,0.1429,1.4527999999999999,0.1395,0.0246,0.254,0.1408346684977493,0.1000000000000085,-0.0999999999999998,0.200000000000017,-0.4613,0.4601,0.7572,-0.0354,0.0,0.1263999999999998,0.0773708705271992,1.4210854715202004e-14,5.551115123125783e-17,0.1000000000000085
8.015999998897314,0.5707,0.1146,1.3666,0.1099,0.0281,0.2426,0.1408346684977493,0.1000000000000085,-0.0999999999999998,0.200000000000017,-0.4268,0.4242,0.6953999999999998,-0.0231,0.0,0.1065999999999998,0.0773556115053025,1.4210854715202004e-14,5.551115123125783e-17,0.1000000000000085
8.03099999949336,0.5363,0.0943,1.2966,0.128,0.0053,0.2245999999999996,0.1408346684977493,0.1000000000000085,-0.0999999999999998,0.200000000000017,-0.3942,0.3872,0.6464,-0.0126,0.0,0.0931999999999996,0.0773403524834058,1.4210854715202004e-14,5.551115123125783e-17,7.105427357601002e-15
8.062999999150634,0.5129,0.076,1.236,0.1096,0.0039,0.2044,0.1408346684977493,0.2000000000000028,-0.0999999999999998,0.200000000000017,-0.373,0.3609,0.5966,-0.0131,0.0,0.0776,0.0773098344396124,1.4210854715202004e-14,5.551115123125783e-17,7.105427357601002e-15
8.093999998643994,0.5038,0.0591,1.1662,0.1033,0.0,0.1848,0.1409414816510261,0.2000000000000028,-0.0999999999999998,0.200000000000017,-0.3417,0.3429,0.5634,0.0,0.0,0.0738,0.0773403524834058,1.4210854715202004e-14,5.551115123125783e-17,7.105427357601002e-15
8.109999999403954,0.4603,0.0478,1.1012000000000002,0.0861,0.0,0.1716,0.1409414816510261,0.2000000000000028,-0.0999999999999998,0.200000000000017,-0.3269,0.3196,0.5237999999999998,-0.0045,0.0,0.0449999999999996,0.0773403524834058,1.4210854715202004e-14,5.551115123125783e-17,7.105427357601002e-15
8.140999998897314,0.4412,0.0349,1.0564,0.0769,0.0,0.1607999999999996,0.1409567406729228,0.2000000000000028,-0.0999999999999998,0.200000000000017,-0.2929,0.2866,0.4592,0.0,0.0,0.0296,0.0773556115053025,0.1000000000000085,5.551115123125783e-17,7.105427357601002e-15
8.15599999949336,0.4194,0.0171,1.0224,0.0668,0.0,0.1364,0.1410635538261997,0.2000000000000028,-0.0999999999999998,0.200000000000017,-0.2775,0.2676,0.425,0.0,0.0,0.0153999999999998,0.0773556115053025,0.1000000000000085,5.551115123125783e-17,7.105427357601002e-15
8.17200000025332,0.4134,0.0118,0.9697999999999998,0.0623,0.0,0.1237999999999996,0.1410940718699931,0.2000000000000028,-0.0999999999999998,0.200000000000017,-0.2551,0.2585,0.4012,0.0,0.0,0.0092,0.0773556115053025,0.1000000000000085,5.551115123125783e-17,7.105427357601002e-15
8.187999999150634,0.3816,0.0018,0.9434,0.0499,0.0,0.1103999999999996,0.1413076981765469,0.2000000000000028,-0.0999999999999998,0.200000000000017,-0.2446,0.2543,0.3836,0.0,0.0,0.0,0.0773556115053025,0.1000000000000085,5.551115123125783e-17,7.105427357601002e-15
8.20299999974668,0.374,0.0,0.895,0.055,0.0,0.1032,0.1413076981765469,0.2000000000000028,-0.0999999999999998,0.200000000000017,-0.2251,0.2242,0.356,0.0,0.0,0.0,0.0773556115053025,0.1000000000000085,5.551115123125783e-17,7.105427357601002e-15
8.218999998643994,0.3666,0.0,0.8582,0.0565,0.0,0.0953999999999996,0.1413229571984436,0.2000000000000028,-0.0999999999999998,0.200000000000017,-0.2077,0.2354,0.3429999999999998,0.0,0.0,0.0,0.0773556115053025,0.1000000000000085,5.551115123125783e-17,7.105427357601002e-15
8.234999999403954,0.3391,0.0,0.8268,0.0424,0.0,0.0882,0.1413382162203403,0.2000000000000028,-0.0999999999999998,0.200000000000017,-0.2054,0.2227,0.3267999999999998,0.0,0.0,0.0,0.0773556115053025,0.1000000000000085,5.551115123125783e-17,7.105427357601002e-15
8.25,0.3386,0.0,0.7982,0.0439,0.0,0.081,0.1413839932860303,0.2000000000000028,-0.0999999999999998,0.200000000000017,-0.1945,0.2023,0.2899999999999998,0.0,0.0,0.0,0.0773861295490959,0.1000000000000085,5.551115123125783e-17,7.105427357601002e-15
8.265999998897314,0.3152,0.0,0.7668,0.0256,0.0,0.067,0.141399252307927,0.2000000000000028,-0.0999999999999998,0.200000000000017,-0.1844,0.1837,0.2757999999999998,0.0,0.0,0.0,0.0773861295490959,0.1000000000000085,5.551115123125783e-17,7.105427357601002e-15
8.29700000025332,0.3068,0.0,0.7388,0.0351,0.0,0.0482,0.1414297703517204,0.2000000000000028,-0.0999999999999998,0.200000000000017,-0.1718,0.1917,0.2621999999999996,0.0,0.0,0.0,0.077431906614786,0.1000000000000085,5.551115123125783e-17,7.105427357601002e-15
8.312999999150634,0.2997,0.0,0.7078,0.0239,0.0,0.0456,0.1414602883955138,0.2000000000000028,-0.0999999999999998,0.200000000000017,-0.1663,0.1735,0.2443999999999998,0.0,0.0,0.0,0.0775844968337529,0.1000000000000085,5.551115123125783e-17,7.105427357601002e-15
8.32799999974668,0.2837,0.0,0.6873999999999998,0.0239,0.0,0.0373999999999998,0.1414755474174105,0.2000000000000028,-0.0999999999999998,0.200000000000017,-0.1564,0.1596,0.2211999999999998,0.0,0.0,0.0,0.0776455329213397,0.1000000000000085,5.551115123125783e-17,7.105427357601002e-15
8.343999998643994,0.27,0.0,0.6628,0.0266,0.0,0.0379999999999998,0.1414755474174105,0.2000000000000028,-0.0999999999999998,0.200000000000017,-0.1488,0.1541,0.2127999999999996,0.0,0.0,0.0,0.0776455329213397,0.1000000000000085,5.551115123125783e-17,7.105427357601002e-15
8.359999999403954,0.2638,0.0,0.6403999999999997,0.0158,0.0,0.0302,0.1414602883955138,0.2000000000000028,-0.0999999999999998,0.200000000000017,-0.1382,0.1433,0.2049999999999996,0.0,0.0,0.0,0.0776455329213397,0.1000000000000085,5.551115123125783e-17,7.105427357601002e-15
8.375,0.2505,0.0,0.6148,0.0131,0.0,0.0148,0.1414297703517204,0.2000000000000028,-0.0999999999999998,0.200000000000017,-0.1263,0.1445,0.1909999999999998,0.0,0.0,0.0,0.077630273899443,0.1000000000000085,5.551115123125783e-17,7.105427357601002e-15
8.390999998897314,0.2437,0.0,0.6008,0.0103,0.0,0.0096,0.1414755474174105,0.2000000000000028,-0.0999999999999998,0.200000000000017,-0.1191,0.1458,0.169,0.0,0.0,0.0,0.0775692378118562,0.1000000000000085,5.551115123125783e-17,7.105427357601002e-15
8.42200000025332,0.2312,0.0,0.5681999999999998,0.0102,0.0,0.0129999999999996,0.1414755474174105,0.2000000000000028,-0.0999999999999998,0.200000000000017,-0.0979,0.1424,0.166,0.0,0.0,0.0,0.0775387197680628,0.1000000000000085,5.551115123125783e-17,7.105427357601002e-15
8.437999999150634,0.219,0.0,0.5621999999999996,0.0035,0.0,0.0,0.1414755474174105,0.2000000000000028,-0.0999999999999998,0.200000000000017,-0.1022,0.1277,0.1527999999999996,0.0,0.0,0.0,0.0775387197680628,0.1000000000000085,5.551115123125783e-17,7.105427357601002e-15
8.45299999974668,0.2163,0.0,0.5437999999999998,0.0,0.0,0.0,0.1415823605706874,0.2000000000000028,-0.0999999999999998,0.3000000000000113,-0.0928,0.109,0.1373999999999996,0.0,0.0,0.0,0.0775387197680628,0.1000000000000085,5.551115123125783e-17,7.105427357601002e-15
8.468999998643994,0.2119,0.0,0.5204,0.0,0.0,0.0,0.1415823605706874,0.2000000000000028,-0.0999999999999998,0.3000000000000113,-0.0961,0.1128,0.13,0.0,0.0,0.0,0.0775692378118562,0.1000000000000085,5.551115123125783e-17,7.105427357601002e-15
8.484999999403954,0.2091,0.0,0.5043999999999998,0.0002,0.0,0.0,0.1416433966582742,0.2000000000000028,-0.0999999999999998,0.3000000000000113,-0.085,0.1218,0.13,0.0,0.0,0.0,0.0775692378118562,0.1000000000000085,5.551115123125783e-17,7.105427357601002e-15
8.515999998897314,0.2049,0.0,0.4901999999999998,0.0,0.0,0.0,0.1417959868772411,0.2000000000000028,-0.0999999999999998,0.3000000000000113,-0.0733,0.1159,0.1159999999999998,0.0,0.0,0.0,0.0775692378118562,0.1000000000000085,5.551115123125783e-17,7.105427357601002e-15
8.53099999949336,0.1836,0.0,0.4552,0.0,0.0,0.0,0.1418112458991378,0.2000000000000028,-0.0999999999999998,0.3000000000000113,-0.0616,0.1028,0.1075999999999996,0.0,0.0,0.0,0.0775234607461661,0.1000000000000085,5.551115123125783e-17,7.105427357601002e-15
8.54700000025332,0.1692,0.0,0.4354,0.0,0.0,0.0,0.1417959868772411,0.2000000000000028,-0.0999999999999998,0.3000000000000113,-0.0725,0.102,0.1002,0.0,0.0,0.0,0.0775692378118562,0.1000000000000085,5.551115123125783e-17,7.105427357601002e-15
8.562999999150634,0.1655,0.0,0.4254,0.0,0.0,0.0,0.1417807278553444,0.2000000000000028,-0.0999999999999998,0.3000000000000113,-0.0631,0.0963,0.0916,0.0,0.0,0.0,0.0775692378118562,0.1000000000000085,5.551115123125783e-17,7.105427357601002e-15
8.593999998643994,0.1718,0.0,0.4225999999999998,0.0,0.0,0.0,0.1417807278553444,0.2000000000000028,-0.0999999999999998,0.3000000000000113,-0.0563,0.0902,0.0698,0.0,0.0,0.0,0.0775692378118562,0.1000000000000085,5.551115123125783e-17,7.105427357601002e-15
8.609999999403954,0.17,0.0,0.4084,0.0,0.0,0.0,0.1417807278553444,0.2000000000000028,-0.0999999999999998,0.3000000000000113,-0.0431,0.0705,0.0641999999999996,0.0,0.0,0.0,0.0775692378118562,0.1000000000000085,5.551115123125783e-17,7.105427357601002e-15
8.625,0.1553,0.0,0.3998,0.0,0.0,0.0,0.1417807278553444,0.2000000000000028,-0.0999999999999998,0.3000000000000113,-0.0482,0.0902,0.0589999999999996,0.0,0.0,0.0,0.0775692378118562,0.1000000000000085,5.551115123125783e-17,7.105427357601002e-15
8.640999998897314,0.1538,0.0,0.3688,0.0,0.0,0.0,0.1417654688334478,0.2000000000000028,-0.0999999999999998,0.200000000000017,-0.0395,0.0711,0.0511999999999998,0.0,0.0,0.0,0.0777370870527199,0.1000000000000085,5.551115123125783e-17,7.105427357601002e-15
8.65599999949336,0.1433,0.0,0.3594,0.0,0.0,0.0,0.1417807278553444,0.2000000000000028,-0.0999999999999998,0.200000000000017,-0.0241,0.0722,0.0507999999999998,0.0,0.0,0.0,0.07778286411841,0.1000000000000085,5.551115123125783e-17,7.105427357601002e-15
8.67200000025332,0.131,0.0,0.3474,0.0,0.0,0.0,0.1417807278553444,0.2000000000000028,-0.0999999999999998,0.200000000000017,-0.0373,0.0697,0.0358,0.0,0.0,0.0,0.0779964904249637,0.1000000000000085,5.551115123125783e-17,7.105427357601002e-15
8.687999999150634,0.1301,0.0,0.3395999999999998,0.0,0.0,0.0,0.1417807278553444,0.2000000000000028,-0.0999999999999998,0.200000000000017,-0.024,0.0668,0.0309999999999996,0.0,0.0,0.0,0.0779964904249637,0.1000000000000085,5.551115123125783e-17,7.105427357601002e-15
8.70299999974668,0.1216,0.0,0.3216,0.0,0.0,0.0,0.1417654688334478,0.2000000000000028,-0.0999999999999998,0.200000000000017,-0.0167,0.0687,0.0379999999999998,0.0,0.0,0.0,0.07778286411841,0.1000000000000085,5.551115123125783e-17,7.105427357601002e-15
8.718999998643994,0.1218,0.0,0.3092,0.0,0.0,0.0,0.1417807278553444,0.2000000000000028,-0.0999999999999998,0.200000000000017,-0.0277,0.0659,0.008,0.0,0.0,0.0,0.0777676050965133,0.1000000000000085,5.551115123125783e-17,7.105427357601002e-15
8.734999999403954,0.1292,0.0,0.3084,0.0,0.0,0.0,0.1417807278553444,0.2000000000000028,-0.0999999999999998,0.200000000000017,-0.0207,0.054,0.0185999999999996,0.0,0.0,0.0,0.0776913099870298,0.1000000000000085,5.551115123125783e-17,7.105427357601002e-15
8.765999998897314,0.1205,0.0,0.2991999999999998,0.0,0.0,0.0,0.1418570229648279,0.2000000000000028,-0.0999999999999998,0.200000000000017,-0.0131,0.0568,0.0126,0.0,0.0,0.0,0.0776913099870298,0.1000000000000085,5.551115123125783e-17,7.105427357601002e-15
8.78099999949336,0.1247,0.0,0.2856,0.0,0.0,0.0,0.1418722819867246,0.2000000000000028,-0.0999999999999998,0.200000000000017,-0.0169,0.0594,0.0029999999999998,0.0,0.0,0.0,0.0776913099870298,0.1000000000000085,5.551115123125783e-17,7.105427357601002e-15
8.79700000025332,0.107,0.0,0.289,0.0,0.0,0.0,0.1419333180743114,0.2000000000000028,1.1102230246251563e-16,0.200000000000017,-0.0168,0.0475,0.0,0.0,0.0,0.0,0.0776607919432364,0.1000000000000085,5.551115123125783e-17,7.105427357601002e-15
8.812999999150634,0.1007,0.0,0.2728,0.0,0.0,0.0,0.1419485770962081,0.2000000000000028,1.1102230246251563e-16,0.200000000000017,-0.004,0.0468,0.0,0.0,0.0,0.0,0.0776607919432364,0.1000000000000085,5.551115123125783e-17,7.105427357601002e-15
8.843999998643994,0.0982,0.0,0.2706,0.0,0.0,0.0,0.1419790951400015,0.2000000000000028,1.1102230246251563e-16,0.200000000000017,0.0,0.041,0.0,0.0,0.0,0.0,0.0776607919432364,0.1000000000000085,5.551115123125783e-17,7.105427357601002e-15
8.859999999403954,0.0894,0.0,0.2601999999999996,0.0,0.0,0.0,0.1419790951400015,0.2000000000000028,1.1102230246251563e-16,0.200000000000017,-0.009,0.0478,0.0,0.0,0.0,0.0,0.0776607919432364,0.1000000000000085,5.551115123125783e-17,7.105427357601002e-15
8.875,0.093,0.0,0.2382,0.0,0.0,0.0,0.1419790951400015,0.2000000000000028,1.1102230246251563e-16,0.200000000000017,0.0,0.0441,0.0,0.0,0.0,0.0,0.0776607919432364,0.1000000000000085,5.551115123125783e-17,7.105427357601002e-15
8.890999998897314,0.0908,0.0,0.2403999999999998,0.0,0.0,0.0,0.1420401312275883,0.2000000000000028,1.1102230246251563e-16,0.200000000000017,0.0,0.0361,0.0,0.0,0.0,0.0,0.077630273899443,0.1000000000000085,-0.0999999999999999,7.105427357601002e-15
8.90599999949336,0.0858,0.0,0.2226,0.0,0.0,0.0,0.1419790951400015,0.2000000000000028,1.1102230246251563e-16,0.200000000000017,0.0,0.0255,0.0,0.0,0.0,0.0,0.077630273899443,0.1000000000000085,-0.0999999999999999,7.105427357601002e-15
8.92200000025332,0.092,0.0,0.211,0.0,0.0,0.0,0.1420248722056916,0.2000000000000028,1.1102230246251563e-16,0.200000000000017,0.0,0.029,0.0,0.0,0.0,0.0,0.0776455329213397,0.1000000000000085,-0.0999999999999999,7.105427357601002e-15
8.937999999150634,0.0704,0.0,0.207,0.0,0.0,0.0,0.1420248722056916,0.2000000000000028,1.1102230246251563e-16,0.200000000000017,0.0,0.0277,0.0,0.0,0.0,0.0,0.0776455329213397,0.1000000000000085,-0.0999999999999999,7.105427357601002e-15
8.95299999974668,0.07,0.0,0.2031999999999998,0.0,0.0,0.0,0.1419638361181048,0.2000000000000028,1.1102230246251563e-16,0.200000000000017,0.0,0.0245,0.0,0.0,0.0,0.0,0.0776455329213397,0.1000000000000085,-0.0999999999999999,7.105427357601002e-15
8.968999998643994,0.0672,0.0,0.1877999999999996,0.0,0.0,0.0,0.1420096131837949,0.3000000000000113,1.1102230246251563e-16,0.200000000000017,0.0,0.0141,0.0,0.0,0.0,0.0,0.0776607919432364,0.1000000000000085,-0.0999999999999999,7.105427357601002e-15
9.0,0.0642,0.0,0.1979999999999998,0.0,0.0,0.0,0.1420096131837949,0.3000000000000113,0.1,0.1000000000000227,0.0,0.0347,0.0,0.0,0.0,0.0,0.0776607919432364,0.1000000000000085,-0.0999999999999999,7.105427357601002e-15
9.015999998897314,0.0554,0.0,0.1706,0.0,0.0,0.0,0.1420096131837949,0.2000000000000028,0.1,0.1000000000000227,0.0,0.0309,0.0,0.0,0.0,0.0,0.0777218280308232,0.1000000000000085,-0.0999999999999999,7.105427357601002e-15
9.03099999949336,0.0637,0.0,0.1651999999999998,0.0,0.0,0.0,0.1420096131837949,0.2000000000000028,0.1,0.1000000000000227,0.0,0.0272,0.0,0.0,0.0,0.0,0.0777370870527199,0.1000000000000085,-0.0999999999999999,-0.0999999999999943
9.04700000025332,0.0466,0.0,0.1621999999999998,0.0,0.0,0.0,0.1420096131837949,0.2000000000000028,0.1,0.1000000000000227,0.0,0.0268,0.0,0.0,0.0,0.0,0.0777370870527199,0.1000000000000085,-0.0999999999999999,-0.0999999999999943
9.062999999150634,0.0617,0.0,0.1576,0.0,0.0,0.0,0.1420096131837949,0.3000000000000113,0.1,1.4210854715202004e-14,0.0,0.0166,0.0,0.0,0.0,0.0,0.0777523460746166,0.1000000000000085,-0.0999999999999999,-0.0999999999999943
9.07799999974668,0.0497,0.0,0.1592,0.0,0.0,0.0,0.1420248722056916,0.3000000000000113,0.1,1.4210854715202004e-14,0.0,0.0169,0.0,0.0,0.0,0.0,0.0777676050965133,0.1000000000000085,-0.0999999999999999,-0.0999999999999943
9.093999998643994,0.0474,0.0,0.1484,0.0,0.0,0.0,0.142055390249485,0.3000000000000113,0.1,1.4210854715202004e-14,0.0,0.0176,0.0,0.0,0.0,0.0,0.07778286411841,0.1000000000000085,-0.0999999999999999,-0.1999999999999886
9.109999999403954,0.0459,0.0,0.1464,0.0,0.0,0.0,0.142055390249485,0.2000000000000028,0.1,-0.0999999999999801,0.0,0.0126,0.0,0.0,0.0,0.0,0.07778286411841,0.1000000000000085,-0.1999999999999999,-0.1999999999999886
9.140999998897314,0.0501,0.0,0.1422,0.0,0.0,0.0,0.142055390249485,0.2000000000000028,0.1,-0.0999999999999801,0.0,0.0128,0.0,0.0,0.0,0.0,0.07778286411841,0.1000000000000085,-0.1999999999999999,-0.1999999999999886
9.17200000025332,0.0423,0.0,0.1351999999999996,0.0,0.0,0.0,0.1420706492713817,0.2000000000000028,0.1,-0.0999999999999801,0.0,0.0022,0.0,0.0,0.0,0.0,0.0777981231403067,0.1000000000000085,-0.1999999999999999,-0.29999999999999
9.187999999150634,0.0366,0.0,0.1328,0.0,0.0,0.0,0.1420706492713817,0.2000000000000028,0.1,-0.1999999999999886,0.0,0.0124,0.0,0.0,0.0,0.0,0.0777981231403067,0.1000000000000085,-0.1999999999999999,-0.29999999999999
9.20299999974668,0.0412,0.0,0.1289999999999996,0.0,0.0,0.0,0.1420706492713817,0.2000000000000028,0.1,-0.1999999999999886,0.0,0.0021,0.0,0.0,0.0,0.0,0.0778133821622034,0.1000000000000085,-0.1999999999999999,-0.3999999999999915
9.218999998643994,0.0241,0.0,0.1175999999999996,0.0,0.0,0.0,0.1420706492713817,0.2000000000000028,0.1,-0.2999999999999829,0.0,0.0051,0.0,0.0,0.0,0.0,0.0778133821622034,0.1000000000000085,-0.1999999999999999,-0.3999999999999915
9.234999999403954,0.0266,0.0,0.1089999999999996,0.0,0.0,0.0,0.1421774624246586,0.3000000000000113,0.2000000000000001,-0.2999999999999829,0.0,0.0058,0.0,0.0,0.0,0.0,0.0778133821622034,0.1000000000000085,-0.1999999999999999,-0.4999999999999929
9.25,0.0248,0.0,0.1015999999999998,0.0,0.0,0.0,0.1422079804684519,0.3000000000000113,0.2000000000000001,-0.3999999999999772,0.0,0.0,0.0,0.0,0.0,0.0,0.0778133821622034,0.1000000000000085,-0.1999999999999999,-0.4999999999999929
9.265999998897314,0.0238,0.0,0.0896,0.0,0.0,0.0,0.1422232394903486,0.3000000000000113,0.2000000000000001,-0.4999999999999858,0.0,0.0,0.0,0.0,0.0,0.0,0.0778133821622034,0.1000000000000085,-0.1999999999999999,-0.5999999999999943
9.28099999949336,0.0308,0.0,0.0982,0.0,0.0,0.0,0.1422232394903486,0.3000000000000113,0.2000000000000001,-0.4999999999999858,0.0,0.0,0.0,0.0,0.0,0.0,0.0778133821622034,0.1000000000000085,-0.1999999999999999,-0.5999999999999943
9.29700000025332,0.0219,0.0,0.0835999999999996,0.0,0.0,0.0,0.1422232394903486,0.2000000000000028,0.2000000000000001,-0.5999999999999801,0.0,0.0,0.0,0.0,0.0,0.0,0.0778133821622034,0.1000000000000085,-0.1999999999999999,-0.6999999999999886
9.32799999974668,0.0139,0.0,0.0845999999999998,0.0,0.0,0.0,0.1422232394903486,0.2000000000000028,0.2000000000000001,-0.5999999999999801,0.0,0.0,0.0,0.0,0.0,0.0,0.0778133821622034,0.1000000000000085,-0.1999999999999999,-0.79999999999999
9.343999998643994,0.0271,0.0,0.0843999999999998,0.0,0.0,0.0,0.1422232394903486,0.2000000000000028,0.2000000000000001,-0.6999999999999886,0.0,0.0,0.0,0.0,0.0,0.0,0.0778286411841001,0.1000000000000085,-0.1999999999999999,-0.79999999999999
9.359999999403954,0.0114,0.0,0.0738,0.0,0.0,0.0,0.1422384985122453,0.2000000000000028,0.2000000000000001,-0.799999999999983,0.0,0.0,0.0,0.0,0.0,0.0,0.0778439002059968,0.1000000000000085,-0.1999999999999999,-0.8999999999999915
9.375,0.0186,0.0,0.0714,0.0,0.0,0.0,0.1422384985122453,0.3000000000000113,0.2000000000000001,-0.799999999999983,0.0,0.0,0.0,0.0,0.0,0.0,0.0778439002059968,0.1000000000000085,-0.1999999999999999,-0.8999999999999915
9.390999998897314,0.0021,0.0,0.0622,0.0,0.0,0.0,0.1422384985122453,0.3000000000000113,0.2000000000000001,-0.8999999999999773,0.0,0.0,0.0,0.0,0.0,0.0,0.0778439002059968,0.1000000000000085,-0.1999999999999999,-0.9999999999999928
9.40599999949336,0.0111,0.0,0.0646,0.0,0.0,0.0,0.1422384985122453,0.3000000000000113,0.2000000000000001,-0.9999999999999858,0.0,0.0,0.0,0.0,0.0,0.0,0.0778439002059968,0.1000000000000085,-0.2999999999999999,-1.0999999999999943
9.42200000025332,0.0073,0.0,0.063,0.0,0.0,0.0,0.1422384985122453,0.3000000000000113,0.2000000000000001,-0.9999999999999858,0.0,0.0,0.0,0.0,0.0,0.0,0.0778286411841001,0.1000000000000085,-0.2999999999999999,-1.1999999999999886
9.437999999150634,0.0059,0.0,0.0567999999999998,0.0,0.0,0.0,0.142253757534142,0.3000000000000113,0.2000000000000001,-1.09999999999998,0.0,0.0,0.0,0.0,0.0,0.0,0.0778591592278934,0.1000000000000085,-0.2999999999999999,-1.1999999999999886
9.45299999974668,0.0,0.0,0.0592,0.0,0.0,0.0,0.142253757534142,0.3000000000000113,0.2000000000000001,-1.1999999999999886,0.0,0.0,0.0,0.0,0.0,0.0,0.0778286411841001,0.1000000000000085,-0.2999999999999999,-1.29999999999999
9.468999998643994,0.007,0.0,0.0488,0.0,0.0,0.0,0.1422690165560387,0.3000000000000113,0.3000000000000001,-1.299999999999983,0.0,0.0,0.0,0.0,0.0,0.0,0.0778286411841001,0.1000000000000085,-0.2999999999999999,-1.3999999999999917
9.484999999403954,0.0,0.0,0.0431999999999998,0.0,0.0,0.0,0.1422690165560387,0.2000000000000028,0.3000000000000001,-1.3999999999999773,0.0,0.0,0.0,0.0,0.0,0.0,0.0778591592278934,0.1000000000000085,-0.2999999999999999,-1.499999999999993
9.5,0.0,0.0,0.0371999999999996,0.0,0.0,0.0,0.142253757534142,0.2000000000000028,0.3000000000000001,-1.3999999999999773,0.0,0.0,0.0,0.0,0.0,0.0,0.0778591592278934,0.1000000000000085,-0.2999999999999999,-1.5999999999999943
9.515999998897314,0.0033,0.0,0.0441999999999998,0.0,0.0,0.0,0.142253757534142,0.2000000000000028,0.3000000000000001,-1.4999999999999858,0.0,0.0,0.0,0.0,0.0,0.0,0.0778591592278934,0.1000000000000085,-0.2999999999999999,-1.5999999999999943
9.53099999949336,0.0,0.0,0.0361999999999996,0.0,0.0,0.0,0.142253757534142,0.2000000000000028,0.3000000000000001,-1.59999999999998,0.0,0.0,0.0,0.0,0.0,0.0,0.0778591592278934,0.1000000000000085,-0.2999999999999999,-1.6999999999999886
9.54700000025332,0.0,0.0,0.0304,0.0,0.0,0.0,0.142253757534142,0.2000000000000028,0.3000000000000001,-1.6999999999999886,0.0,0.0,0.0,0.0,0.0,0.0,0.0778591592278934,0.1000000000000085,-0.2999999999999999,-1.79999999999999
9.562999999150634,0.0,0.0,0.0206,0.0,0.0,0.0,0.142253757534142,0.2000000000000028,0.3000000000000001,-1.799999999999983,0.0,0.0,0.0,0.0,0.0,0.0,0.0778591592278934,0.1000000000000085,-0.2999999999999999,-1.899999999999992
9.57799999974668,0.0,0.0,0.0229999999999996,0.0,0.0,0.0,0.142253757534142,0.2000000000000028,0.3000000000000001,-1.8999999999999773,0.0,0.0,0.0,0.0,0.0,0.0,0.0778439002059968,0.1000000000000085,-0.2999999999999999,-1.999999999999993
9.593999998643994,0.0,0.0,0.0208,0.0,0.0,0.0,0.1422842755779354,0.2000000000000028,0.3000000000000001,-1.9999999999999856,0.0,0.0,0.0,0.0,0.0,0.0,0.0778439002059968,0.1000000000000085,-0.2999999999999999,-2.0999999999999943
9.625,0.0,0.0,0.0239999999999998,0.0,0.0,0.0,0.1422995345998321,0.3000000000000113,0.3000000000000001,-2.09999999999998,0.0,0.0,0.0,0.0,0.0,0.0,0.0778439002059968,0.1000000000000085,-0.2999999999999999,-2.1999999999999886
9.640999998897314,0.0,0.0,0.0131999999999996,0.0,0.0,0.0,0.1422995345998321,0.2000000000000028,0.3000000000000001,-2.1999999999999886,0.0,0.0,0.0,0.0,0.0,0.0,0.0778286411841001,0.1000000000000085,-0.2999999999999999,-2.29999999999999
9.65599999949336,0.0,0.0,0.0097999999999996,0.0,0.0,0.0,0.1422995345998321,0.2000000000000028,0.3000000000000001,-2.299999999999983,0.0,0.0,0.0,0.0,0.0,0.0,0.0778133821622034,0.1000000000000085,-0.2999999999999999,-2.3999999999999915
9.67200000025332,0.0,0.0,0.0,0.0,0.0,0.0,0.1422995345998321,0.2000000000000028,0.3000000000000001,-2.3999999999999773,0.0,0.0,0.0,0.0,0.0,0.0,0.0778133821622034,0.1000000000000085,-0.2999999999999999,-2.499999999999993
9.687999999150634,0.0,0.0,0.0,0.0,0.0,0.0,0.1422995345998321,0.2000000000000028,0.3000000000000001,-2.499999999999986,0.0,0.0,0.0,0.0,0.0,0.0,0.0778286411841001,0.1000000000000085,-0.2999999999999999,-2.5999999999999943
9.718999998643994,0.0,0.0,0.0,0.0,0.0,0.0,0.1422995345998321,0.2000000000000028,0.3000000000000001,-2.6999999999999886,0.0,0.0,0.0,0.0,0.0,0.0,0.0778286411841001,0.1000000000000085,-0.2999999999999999,-2.6999999999999886
9.734999999403954,0.0,0.0,0.0,0.0,0.0,0.0,0.1422995345998321,0.2000000000000028,0.3000000000000001,-2.799999999999983,0.0,0.0,0.0,0.0,0.0,0.0,0.0778286411841001,0.1000000000000085,-0.2999999999999999,-2.999999999999993
9.75,0.0,0.0,0.0,0.0,0.0,0.0,0.1422995345998321,0.2000000000000028,0.3000000000000001,-2.8999999999999773,0.0,0.0,0.0,0.0,0.0,0.0,0.0778286411841001,0.1000000000000085,-0.2999999999999999,-3.0999999999999943
9.765999998897314,0.0,0.0,0.0,0.0,0.0,0.0,0.1423147936217288,0.2000000000000028,0.3000000000000001,-2.999999999999986,0.0,0.0,0.0,0.0,0.0,0.0,0.0778744182497901,0.1000000000000085,-0.2999999999999999,-3.1999999999999886
9.78099999949336,0.0,0.0,0.0,0.0,0.0,0.0,0.1423147936217288,0.2000000000000028,0.3000000000000001,-3.09999999999998,0.0,0.0,0.0,0.0,0.0,0.0,0.0778286411841001,0.1000000000000085,-0.2999999999999999,-3.29999999999999
9.79700000025332,0.0,0.0,0.0,0.0,0.0,0.0,0.1423147936217288,0.2000000000000028,0.3000000000000001,-3.299999999999983,0.0,0.0,0.0,0.0,0.0,0.0,0.0778591592278934,0.1000000000000085,-0.2999999999999999,-3.499999999999993
9.812999999150634,0.0,0.0,0.0,0.0,0.0,0.0,0.1423147936217288,0.2000000000000028,0.3000000000000001,-3.3999999999999773,0.0,0.0,0.0,0.0,0.0,0.0,0.0778591592278934,0.1000000000000085,-0.2999999999999999,-3.5999999999999943
9.843999998643994,0.0,0.0,0.0,0.0,0.0,0.0,0.1423605706874189,0.2000000000000028,0.3000000000000001,-3.499999999999986,0.0,0.0,0.0,0.0,0.0,0.0,0.0778591592278934,0.1000000000000085,-0.2999999999999999,-3.6999999999999886
9.859999999403954,0.0,0.0,0.0,0.0,0.0,0.0,0.1423758297093156,0.2000000000000028,0.3000000000000001,-3.59999999999998,0.0,0.0,0.0,0.0,0.0,0.0,0.0778591592278934,0.1000000000000085,-0.2999999999999999,-3.899999999999992
9.875,0.0,0.0,0.0,0.0,0.0,0.0,0.1423758297093156,0.2000000000000028,0.3000000000000001,-3.799999999999983,0.0,0.0,0.0,0.0,0.0,0.0,0.0778591592278934,0.1000000000000085,-0.2999999999999999,-3.999999999999993
9.890999998897314,0.0,0.0,0.0,0.0,0.0,0.0,0.1423758297093156,0.2000000000000028,0.3000000000000001,-3.899999999999977,0.0,0.0,0.0,0.0,0.0,0.0,0.0778591592278934,0.1000000000000085,-0.2999999999999999,-4.099999999999994
9.90599999949336,0.0,0.0,0.0,0.0,0.0,0.0,0.1423910887312123,0.2000000000000028,0.3000000000000001,-3.999999999999986,0.0,0.0,0.0,0.0,0.0,0.0,0.0778591592278934,0.1000000000000085,-0.2999999999999999,-4.29999999999999
9.92200000025332,0.0,0.0,0.0,0.0,0.0,0.0,0.1423910887312123,0.2000000000000028,0.3000000000000001,-4.199999999999989,0.0,0.0,0.0,0.0,0.0,0.0,0.0778744182497901,0.1000000000000085,-0.2999999999999999,-4.399999999999992
9.937999999150634,0.0,0.0,0.0,0.0,0.0,0.0,0.1423910887312123,0.2000000000000028,0.3000000000000001,-4.299999999999983,0.0,0.0,0.0,0.0,0.0,0.0,0.0778744182497901,0.1000000000000085,-0.2999999999999999,-4.499999999999993
9.95299999974668,0.0,0.0,0.0,0.0,0.0,0.0,0.1423910887312123,0.2000000000000028,0.3000000000000001,-4.399999999999977,0.0,0.0,0.0,0.0,0.0,0.0,0.0778744182497901,0.1000000000000085,-0.2999999999999999,-4.699999999999989
9.968999998643994,0.0,0.0,0.0,0.0,0.0,0.0,0.1423910887312123,0.2000000000000028,0.3000000000000001,-4.59999999999998,0.0,0.0,0.0,0.0,0.0,0.0,0.0778744182497901,0.1000000000000085,-0.2999999999999999,-4.79999999999999
9.984999999403954,0.0,0.0,0.0,0.0,0.0,0.0,0.1423910887312123,0.2000000000000028,0.3000000000000001,-4.699999999999989,0.0,0.0,0.0,0.0,0.0,0.0,0.0778591592278934,0.1000000000000085,-0.2999999999999999,-4.899999999999992
10.0,0.0,0.0,0.0,0.0,0.0,0.0,0.142406347753109,0.2000000000000028,0.3000000000000001,-4.799999999999983,0.0,0.0,0.0,0.0,0.0,0.0,0.0778591592278934,0.1000000000000085,-0.2999999999999999,-5.099999999999994
10.015999998897314,0.0,0.0,0.0,0.0,0.0,0.0,0.142406347753109,0.2000000000000028,0.3000000000000001,-4.999999999999986,0.0,0.0,0.0,0.0,0.0,0.0,0.0779354543373769,1.4210854715202004e-14,-0.2999999999999999,-5.199999999999989
10.04700000025332,0.0,0.0,0.0,0.0,0.0,0.0,0.1424216067750057,0.2000000000000028,0.3000000000000001,-5.09999999999998,0.0,0.0,0.0,0.0,0.0,0.0,0.0779354543373769,1.4210854715202004e-14,-0.2999999999999999,-5.399999999999992
10.062999999150634,0.0,0.0,0.0,0.0,0.0,0.0,0.1424368657969024,0.2000000000000028,0.3000000000000001,-5.199999999999989,0.0,0.0,0.0,0.0,0.0,0.0,0.0779354543373769,1.4210854715202004e-14,-0.2999999999999999,-5.499999999999993
10.07799999974668,0.0,0.0,0.0,0.0,0.0,0.0,0.1424216067750057,0.2000000000000028,0.3000000000000001,-5.399999999999977,0.0,0.0,0.0,0.0,0.0,0.0,0.0778896772716868,1.4210854715202004e-14,-0.2999999999999999,-5.599999999999994
10.093999998643994,0.0,0.0,0.0,0.0,0.0,0.0,0.1424521248187991,0.2000000000000028,0.2000000000000001,-5.499999999999986,0.0,0.0,0.0,0.0,0.0,0.0,0.0778896772716868,0.1000000000000085,-0.2999999999999999,-5.79999999999999
10.109999999403954,0.0,0.0,0.0,0.0,0.0,0.0,0.1424521248187991,0.2000000000000028,0.2000000000000001,-5.699999999999989,0.0,0.0,0.0,0.0,0.0,0.0,0.0779354543373769,0.1000000000000085,-0.2999999999999999,-5.899999999999992
10.125,0.0,0.0,0.0,0.0,0.0,0.0,0.1424521248187991,0.2000000000000028,0.2000000000000001,-5.799999999999983,0.0,0.0,0.0,0.0,0.0,0.0,0.0779354543373769,0.1000000000000085,-0.2999999999999999,-5.999999999999993
10.140999998897314,0.0,0.0,0.0,0.0,0.0,0.0,0.1425131609063859,0.2000000000000028,0.2000000000000001,-5.899999999999977,0.0,0.0,0.0,0.0,0.0,0.0,0.0778896772716868,0.1000000000000085,-0.2999999999999999,-6.199999999999989
10.15599999949336,0.0,0.0,0.0,0.0,0.0,0.0,0.1425741969939727,0.2000000000000028,0.2000000000000001,-6.09999999999998,0.0,0.0,0.0,0.0,0.0,0.0,0.0778896772716868,0.1000000000000085,-0.1999999999999999,-6.29999999999999
10.17200000025332,0.0,0.0,0.0,0.0,0.0,0.0,0.1425131609063859,0.2000000000000028,0.2000000000000001,-6.199999999999989,0.0,0.0,0.0,0.0,0.0,0.0,0.0778896772716868,0.1000000000000085,-0.1999999999999999,-6.499999999999993
10.20299999974668,0.0,0.0,0.0,0.0,0.0,0.0,0.1425131609063859,0.2000000000000028,0.2000000000000001,-6.299999999999983,0.0,0.0,0.0,0.0,0.0,0.0,0.0779201953154802,1.4210854715202004e-14,-0.1999999999999999,-6.599999999999994
10.218999998643994,0.0,0.0,0.0,0.0,0.0,0.0,0.1425131609063859,0.2000000000000028,0.2000000000000001,-6.499999999999986,0.0,0.0,0.0,0.0,0.0,0.0,0.0779354543373769,1.4210854715202004e-14,-0.1999999999999999,-6.699999999999989
10.234999999403954,0.0,0.0,0.0,0.0,0.0,0.0,0.1425131609063859,0.2000000000000028,0.2000000000000001,-6.699999999999989,0.0,0.0,0.0,0.0,0.0,0.0,0.0779354543373769,1.4210854715202004e-14,-0.1999999999999999,-6.899999999999992
10.25,0.0,0.0,0.0,0.0,0.0,0.0,0.1425284199282826,0.2000000000000028,0.2000000000000001,-6.899999999999977,0.0,0.0,0.0,0.0,0.0,0.0,0.0779201953154802,0.1000000000000085,-0.1999999999999999,-6.999999999999993
10.265999998897314,0.0,0.0,0.0,0.0,0.0,0.0,0.1425284199282826,0.2000000000000028,0.2000000000000001,-6.999999999999986,0.0,0.0,0.0,0.0,0.0,0.0,0.0779201953154802,0.1000000000000085,-0.1999999999999999,-7.199999999999989
10.28099999949336,0.0,0.0,0.0,0.0,0.0,0.0,0.1425284199282826,0.2000000000000028,0.2000000000000001,-7.09999999999998,0.0,0.0,0.0,0.0,0.0,0.0,0.0779049362935835,0.1000000000000085,-0.1999999999999999,-7.29999999999999
10.29700000025332,0.0,0.0,0.0,0.0,0.0,0.0,0.1425284199282826,0.2000000000000028,0.2000000000000001,-7.299999999999983,0.0,0.0,0.0,0.0,0.0,0.0,0.0779049362935835,0.1000000000000085,-0.1999999999999999,-7.399999999999991
10.312999999150634,0.0,0.0,0.0,0.0,0.0,0.0,0.1425436789501793,0.2000000000000028,0.2000000000000001,-7.399999999999977,0.0,0.0,0.0,0.0,0.0,0.0,0.0779049362935835,0.1000000000000085,-0.1999999999999999,-7.599999999999994
10.343999998643994,0.0,0.0,0.0,0.0,0.0,0.0,0.1425436789501793,0.2000000000000028,0.2000000000000001,-7.499999999999986,0.0,0.0,0.0,0.0,0.0,0.0,0.0778896772716868,0.1000000000000085,-0.1999999999999999,-7.699999999999989
10.359999999403954,0.0,0.0,0.0,0.0,0.0,0.0,0.1425436789501793,0.2000000000000028,0.1,-7.699999999999989,0.0,0.0,0.0,0.0,0.0,0.0,0.0778896772716868,1.4210854715202004e-14,-0.1999999999999999,-7.79999999999999
10.375,0.0,0.0,0.0,0.0,0.0,0.0,0.1399343862058442,0.2000000000000028,0.1,-7.799999999999983,0.0,0.0,0.0,0.0,0.0,0.0,0.0778896772716868,1.4210854715202004e-14,-0.1999999999999999,-7.999999999999993
10.390999998897314,0.0,0.0,0.0,0.0,0.0,0.0,0.1425284199282826,0.2000000000000028,0.1,-7.899999999999977,0.0,0.0,0.0,0.0,0.0,0.0,0.0778896772716868,1.4210854715202004e-14,-0.1999999999999999,-8.099999999999994
10.40599999949336,0.0,0.0,0.0,0.0,0.0,0.0,0.1425284199282826,0.2000000000000028,0.1,-8.09999999999998,0.0,0.0,0.0,0.0,0.0,0.0,0.0779354543373769,1.4210854715202004e-14,-0.1999999999999999,-8.29999999999999
10.42200000025332,0.0,0.0,0.0,0.0,0.0,0.0,0.1425436789501793,0.2000000000000028,0.1,-8.199999999999989,0.0,0.0,0.0,0.0,0.0,0.0,0.0778896772716868,1.4210854715202004e-14,-0.1999999999999999,-8.399999999999991
10.437999999150634,0.0,0.0,0.0,0.0,0.0,0.0,0.1425436789501793,0.2000000000000028,0.1,-8.299999999999983,0.0,0.0,0.0,0.0,0.0,0.0,0.0778896772716868,1.4210854715202004e-14,-0.1999999999999999,-8.499999999999993
10.45299999974668,0.0,0.0,0.0,0.0,0.0,0.0,0.1425436789501793,0.2000000000000028,0.1,-8.499999999999986,0.0,0.0,0.0,0.0,0.0,0.0,0.0779354543373769,1.4210854715202004e-14,-0.1999999999999999,-8.699999999999989
10.468999998643994,0.0,0.0,0.0,0.0,0.0,0.0,0.1425284199282826,0.2000000000000028,0.1,-8.59999999999998,0.0,0.0,0.0,0.0,0.0,0.0,0.0779354543373769,1.4210854715202004e-14,-0.1999999999999999,-8.79999999999999
10.484999999403954,0.0,0.0,0.0,0.0,0.0,0.0,0.1425284199282826,0.2000000000000028,0.1,-8.699999999999989,0.0,0.0,0.0,0.0,0.0,0.0,0.0779354543373769,1.4210854715202004e-14,-0.1999999999999999,-8.899999999999991
10.5,0.0,0.0,0.0,0.0,0.0,0.0,0.1426504921034561,0.2000000000000028,0.1,-8.899999999999977,0.0,0.0,0.0,0.0,0.0,0.0,0.0779354543373769,1.4210854715202004e-14,-0.1999999999999999,-9.099999999999994
10.53099999949336,0.0,0.0,0.0,0.0,0.0,0.0,0.1426352330815594,0.2000000000000028,0.1,-8.999999999999986,0.0,0.0,0.0,0.0,0.0,0.0,0.0779354543373769,1.4210854715202004e-14,-0.1999999999999999,-9.199999999999989
10.54700000025332,0.0,0.0,0.0,0.0,0.0,0.0,0.1426352330815594,0.2000000000000028,0.1,-9.199999999999989,0.0,0.0,0.0,0.0,0.0,0.0,0.0779354543373769,1.4210854715202004e-14,-0.1999999999999999,-9.399999999999991
10.562999999150634,0.0,0.0,0.0,0.0,0.0,0.0,0.1426047150377661,0.2000000000000028,0.1,-9.299999999999985,0.0,0.0,0.0,0.0,0.0,0.0,0.0779354543373769,1.4210854715202004e-14,-0.1999999999999999,-9.499999999999991
10.57799999974668,0.0,0.0,0.0,0.0,0.0,0.0,0.142558937972076,0.3000000000000113,0.1,-9.399999999999975,0.0,0.0,0.0,0.0,0.0,0.0,0.0779354543373769,1.4210854715202004e-14,-0.1999999999999999,-9.599999999999994
10.593999998643994,0.0,0.0,0.0,0.0,0.0,0.0,0.1426047150377661,0.3000000000000113,0.1,-9.59999999999998,0.0,0.0,0.0,0.0,0.0,0.0,0.0779201953154802,1.4210854715202004e-14,-0.1999999999999999,-9.79999999999999
10.609999999403954,0.0,0.0,0.0,0.0,0.0,0.0,0.1426352330815594,0.3000000000000113,0.1,-9.699999999999989,0.0,0.0,0.0,0.0,0.0,0.0,0.0779201953154802,1.4210854715202004e-14,-0.1999999999999999,-9.899999999999991
10.625,0.0,0.0,0.0,0.0,0.0,0.0,0.1426352330815594,0.3000000000000113,0.1,-9.799999999999985,0.0,0.0,0.0,0.0,0.0,0.0,0.0778744182497901,1.4210854715202004e-14,-0.1999999999999999,-10.099999999999994
10.640999998897314,0.0,0.0,0.0,0.0,0.0,0.0,0.1426199740596627,0.2000000000000028,0.1,-9.999999999999986,0.0,0.0,0.0,0.0,0.0,0.0,0.0778744182497901,1.4210854715202004e-14,-0.1999999999999999,-10.199999999999989
10.65599999949336,0.0,0.0,0.0,0.0,0.0,0.0,0.1426047150377661,0.3000000000000113,0.1,-10.09999999999998,0.0,0.0,0.0,0.0,0.0,0.0,0.0778591592278934,1.4210854715202004e-14,-0.1999999999999999,-10.29999999999999
10.67200000025332,0.0,0.0,0.0,0.0,0.0,0.0,0.1426199740596627,0.3000000000000113,0.1,-10.199999999999989,0.0,0.0,0.0,0.0,0.0,0.0,0.0778591592278934,1.4210854715202004e-14,-0.1999999999999999,-10.499999999999991
10.687999999150634,0.0,0.0,0.0,0.0,0.0,0.0,0.1426352330815594,0.3000000000000113,0.1,-10.399999999999975,0.0,0.0,0.0,0.0,0.0,0.0,0.0778591592278934,1.4210854715202004e-14,-0.0999999999999999,-10.599999999999994
10.70299999974668,0.0,0.0,0.0,0.0,0.0,0.0,0.1426352330815594,0.3000000000000113,0.1,-10.499999999999986,0.0,0.0,0.0,0.0,0.0,0.0,0.0778591592278934,1.4210854715202004e-14,-0.0999999999999999,-10.79999999999999
10.734999999403954,0.0,0.0,0.0,0.0,0.0,0.0,0.1426352330815594,0.3000000000000113,0.1,-10.59999999999998,0.0,0.0,0.0,0.0,0.0,0.0,0.0778591592278934,1.4210854715202004e-14,-0.1999999999999999,-10.899999999999991
10.75,0.0,0.0,0.0,0.0,0.0,0.0,0.1426504921034561,0.3000000000000113,0.1,-10.799999999999985,0.0,0.0,0.0,0.0,0.0,0.0,0.0778286411841001,1.4210854715202004e-14,-0.1999999999999999,-10.999999999999991
10.765999998897314,0.0,0.0,0.0,0.0,0.0,0.0,0.1426962691691462,0.3000000000000113,0.1,-10.899999999999975,0.0,0.0,0.0,0.0,0.0,0.0,0.0778286411841001,1.4210854715202004e-14,-0.1999999999999999,-11.199999999999989
10.78099999949336,0.0,0.0,0.0,0.0,0.0,0.0,0.1427115281910429,0.3000000000000113,0.1,-11.09999999999998,0.0,0.0,0.0,0.0,0.0,0.0,0.0778286411841001,1.4210854715202004e-14,-0.0999999999999999,-11.29999999999999
10.79700000025332,0.0,0.0,0.0,0.0,0.0,0.0,0.1427267872129396,0.3000000000000113,0.1,-11.199999999999989,0.0,0.0,0.0,0.0,0.0,0.0,0.0778286411841001,1.4210854715202004e-14,-0.0999999999999999,-11.399999999999991
10.812999999150634,0.0,0.0,0.0,0.0,0.0,0.0,0.1426962691691462,0.3000000000000113,0.1,-11.299999999999985,0.0,0.0,0.0,0.0,0.0,0.0,0.0778133821622034,1.4210854715202004e-14,-0.0999999999999999,-11.599999999999994
10.82799999974668,0.0,0.0,0.0,0.0,0.0,0.0,0.1427267872129396,0.2000000000000028,0.1,-11.499999999999986,0.0,0.0,0.0,0.0,0.0,0.0,0.0777981231403067,1.4210854715202004e-14,-0.0999999999999999,-11.699999999999989
10.843999998643994,0.0,0.0,0.0,0.0,0.0,0.0,0.1427267872129396,0.2000000000000028,0.1,-11.59999999999998,0.0,0.0,0.0,0.0,0.0,0.0,0.0777981231403067,1.4210854715202004e-14,-0.0999999999999999,-11.899999999999991
10.859999999403954,0.0,0.0,0.0,0.0,0.0,0.0,0.1427267872129396,0.2000000000000028,0.1,-11.699999999999989,0.0,0.0,0.0,0.0,0.0,0.0,0.0777218280308232,1.4210854715202004e-14,-0.0999999999999999,-11.999999999999991
10.875,0.0,0.0,0.0,0.0,0.0,0.0,0.1427267872129396,0.2000000000000028,0.1,-11.899999999999975,0.0,0.0,0.0,0.0,0.0,0.0,0.07778286411841,1.4210854715202004e-14,-0.0999999999999999,-12.099999999999994
10.890999998897314,0.0,0.0,0.0,0.0,0.0,0.0,0.1427267872129396,0.2000000000000028,0.1,-11.999999999999986,0.0,0.0,0.0,0.0,0.0,0.0,0.07778286411841,1.4210854715202004e-14,-0.0999999999999999,-12.29999999999999
10.90599999949336,0.0,0.0,0.0,0.0,0.0,0.0,0.1427267872129396,0.2000000000000028,0.1,-12.09999999999998,0.0,0.0,0.0,0.0,0.0,0.0,0.07778286411841,1.4210854715202004e-14,-0.0999999999999999,-12.399999999999991
10.92200000025332,0.0,0.0,0.0,0.0,0.0,0.0,0.1427267872129396,0.2000000000000028,0.1,-12.299999999999985,0.0,0.0,0.0,0.0,0.0,0.0,0.07778286411841,1.4210854715202004e-14,-0.0999999999999999,-12.599999999999994
10.937999999150634,0.0,0.0,0.0,0.0,0.0,0.0,0.1427267872129396,0.2000000000000028,0.1,-12.399999999999975,0.0,0.0,0.0,0.0,0.0,0.0,0.0777981231403067,1.4210854715202004e-14,-0.0999999999999999,-12.699999999999989
10.95299999974668,0.0,0.0,0.0,0.0,0.0,0.0,0.1426810101472495,0.2000000000000028,0.1,-12.499999999999986,0.0,0.0,0.0,0.0,0.0,0.0,0.0777676050965133,1.4210854715202004e-14,-0.0999999999999999,-12.79999999999999
10.968999998643994,0.0,0.0,0.0,0.0,0.0,0.0,0.1426810101472495,0.2000000000000028,0.1,-12.699999999999989,0.0,0.0,0.0,0.0,0.0,0.0,0.0777981231403067,1.4210854715202004e-14,-0.0999999999999999,-12.999999999999991
10.984999999403954,0.0,0.0,0.0,0.0,0.0,0.0,0.1426810101472495,0.2000000000000028,0.1,-12.799999999999985,0.0,0.0,0.0,0.0,0.0,0.0,0.0777981231403067,1.4210854715202004e-14,-0.0999999999999999,-13.099999999999994
11.0,0.0,0.0,0.0,0.0,0.0,0.0,0.1426810101472495,0.2000000000000028,0.1,-12.999999999999986,0.0,0.0,0.0,0.0,0.0,0.0,0.07778286411841,1.4210854715202004e-14,-0.0999999999999999,-13.29999999999999
11.03099999949336,0.0,0.0,0.0,0.0,0.0,0.0,0.1426810101472495,0.2000000000000028,0.1,-13.09999999999998,0.0,0.0,0.0,0.0,0.0,0.0,0.07778286411841,1.4210854715202004e-14,-0.0999999999999999,-13.399999999999991
11.04700000025332,0.0,0.0,0.0,0.0,0.0,0.0,0.1426962691691462,0.2000000000000028,0.1,-13.199999999999989,0.0,0.0,0.0,0.0,0.0,0.0,0.0777370870527199,1.4210854715202004e-14,-0.0999999999999999,-13.499999999999991
11.062999999150634,0.0,0.0,0.0,0.0,0.0,0.0,0.1426962691691462,0.2000000000000028,0.1,-13.399999999999975,0.0,0.0,0.0,0.0,0.0,0.0,0.0777370870527199,1.4210854715202004e-14,-0.0999999999999999,-13.699999999999989
11.07799999974668,0.0,0.0,0.0,0.0,0.0,0.0,0.1427115281910429,0.2000000000000028,0.1,-13.499999999999986,0.0,0.0,0.0,0.0,0.0,0.0,0.0777523460746166,0.1000000000000085,-0.0999999999999999,-13.79999999999999
11.093999998643994,0.0,0.0,0.0,0.0,0.0,0.0,0.1427420462348363,0.2000000000000028,0.1,-13.59999999999998,0.0,0.0,0.0,0.0,0.0,0.0,0.0777370870527199,0.1000000000000085,-0.0999999999999999,-13.999999999999991
11.125,0.0,0.0,0.0,0.0,0.0,0.0,0.142757305256733,0.2000000000000028,1.1102230246251563e-16,-13.799999999999985,0.0,0.0,0.0,0.0,0.0,0.0,0.0777370870527199,1.4210854715202004e-14,-0.0999999999999999,-14.099999999999994
11.140999998897314,0.0,0.0,0.0,0.0,0.0,0.0,0.142757305256733,0.2000000000000028,1.1102230246251563e-16,-13.899999999999975,0.0,0.0,0.0,0.0,0.0,0.0,0.0778133821622034,1.4210854715202004e-14,-0.0999999999999999,-14.199999999999989
11.15599999949336,0.0,0.0,0.0,0.0,0.0,0.0,0.142757305256733,0.2000000000000028,0.1,-13.999999999999986,0.0,0.0,0.0,0.0,0.0,0.0,0.0777523460746166,1.4210854715202004e-14,-0.0999999999999999,-14.399999999999991
11.17200000025332,0.0,0.0,0.0,0.0,0.0,0.0,0.1427420462348363,0.2000000000000028,0.1,-14.199999999999989,0.0,0.0,0.0,0.0,0.0,0.0,0.0792019531548027,1.4210854715202004e-14,-0.0999999999999999,-14.499999999999991
11.187999999150634,0.0,0.0,0.0,0.0,0.0,0.0,0.1427420462348363,0.2000000000000028,0.1,-14.299999999999985,0.0,0.0,0.0,0.0,0.0,0.0,0.0777370870527199,1.4210854715202004e-14,-0.0999999999999999,-14.699999999999989
11.20299999974668,0.0,0.0,0.0,0.0,0.0,0.0,0.1427267872129396,0.2000000000000028,1.1102230246251563e-16,-14.399999999999975,0.0,0.0,0.0,0.0,0.0,0.0,0.0762874799725337,1.4210854715202004e-14,-0.0999999999999999,-14.79999999999999
11.218999998643994,0.0,0.0,0.0,0.0,0.0,0.0,0.1427267872129396,0.2000000000000028,1.1102230246251563e-16,-14.59999999999998,0.0,0.0,0.0,0.0,0.0,0.0,0.0777523460746166,1.4210854715202004e-14,-0.0999999999999999,-14.899999999999991
11.25,0.0,0.0,0.0,0.0,0.0,0.0,0.1427267872129396,0.2000000000000028,1.1102230246251563e-16,-14.699999999999989,0.0,0.0,0.0,0.0,0.0,0.0,0.0777523460746166,1.4210854715202004e-14,-0.0999999999999999,-15.099999999999994
11.25,0.0,0.0,0.0,0.0,0.0,0.0,0.1427115281910429,0.2000000000000028,1.1102230246251563e-16,-14.799999999999985,0.0,0.0,0.0,0.0,0.0,0.0,0.0777523460746166,1.4210854715202004e-14,-0.0999999999999999,-15.199999999999989
11.265999998897314,0.0,0.0,0.0,0.0,0.0,0.0,0.1426962691691462,0.2000000000000028,1.1102230246251563e-16,-14.999999999999986,0.0,0.0,0.0,0.0,0.0,0.0,0.0777523460746166,1.4210854715202004e-14,-0.0999999999999999,-15.29999999999999
11.28099999949336,0.0,0.0,0.0,0.0,0.0,0.0,0.1426962691691462,0.2000000000000028,1.1102230246251563e-16,-15.09999999999998,0.0,0.0,0.0,0.0,0.0,0.0,0.0777523460746166,1.4210854715202004e-14,-0.0999999999999999,-15.499999999999991
11.29700000025332,0.0,0.0,0.0,0.0,0.0,0.0,0.1426962691691462,0.2000000000000028,1.1102230246251563e-16,-15.299999999999985,0.0,0.0,0.0,0.0,0.0,0.0,0.0777523460746166,1.4210854715202004e-14,-0.0999999999999999,-15.599999999999994
11.312999999150634,0.0,0.0,0.0,0.0,0.0,0.0,0.1426962691691462,0.2000000000000028,1.1102230246251563e-16,-15.399999999999975,0.0,0.0,0.0,0.0,0.0,0.0,0.0778439002059968,1.4210854715202004e-14,-0.0999999999999999,-15.79999999999999
11.343999998643994,0.0,0.0,0.0,0.0,0.0,0.0,0.1426962691691462,0.2000000000000028,1.1102230246251563e-16,-15.499999999999986,0.0,0.0,0.0,0.0,0.0,0.0,0.0778439002059968,1.4210854715202004e-14,-0.0999999999999999,-15.899999999999991
11.359999999403954,0.0,0.0,0.0,0.0,0.0,0.0,0.1427115281910429,0.2000000000000028,1.1102230246251563e-16,-15.699999999999989,0.0,0.0,0.0,0.0,0.0,0.0,0.0777523460746166,1.4210854715202004e-14,-0.0999999999999999,-15.999999999999991
11.375,0.0,0.0,0.0,0.0,0.0,0.0,0.1427115281910429,0.2000000000000028,1.1102230246251563e-16,-15.799999999999985,0.0,0.0,0.0,0.0,0.0,0.0,0.0777523460746166,1.4210854715202004e-14,-0.0999999999999999,-16.19999999999999
11.390999998897314,0.0,0.0,0.0,0.0,0.0,0.0,0.1427267872129396,0.2000000000000028,1.1102230246251563e-16,-15.899999999999975,0.0,0.0,0.0,0.0,0.0,0.0,0.0777981231403067,1.4210854715202004e-14,-0.0999999999999999,-16.29999999999999
11.40599999949336,0.0,0.0,0.0,0.0,0.0,0.0,0.1427267872129396,0.2000000000000028,1.1102230246251563e-16,-16.09999999999998,0.0,0.0,0.0,0.0,0.0,0.0,0.0777981231403067,1.4210854715202004e-14,-0.0999999999999999,-16.39999999999999
11.42200000025332,0.0,0.0,0.0,0.0,0.0,0.0,0.1427267872129396,0.2000000000000028,1.1102230246251563e-16,-16.19999999999999,0.0,0.0,0.0,0.0,0.0,0.0,0.0777981231403067,1.4210854715202004e-14,-0.0999999999999999,-16.599999999999994
11.437999999150634,0.0,0.0,0.0,0.0,0.0,0.0,0.1427267872129396,0.2000000000000028,1.1102230246251563e-16,-16.299999999999983,0.0,0.0,0.0,0.0,0.0,0.0,0.0777981231403067,1.4210854715202004e-14,-0.0999999999999999,-16.69999999999999
11.45299999974668,0.0,0.0,0.0,0.0,0.0,0.0,0.1427420462348363,0.2000000000000028,1.1102230246251563e-16,-16.499999999999986,0.0,0.0,0.0,0.0,0.0,0.0,0.0778439002059968,1.4210854715202004e-14,-0.0999999999999999,-16.89999999999999
11.468999998643994,0.0,0.0,0.0,0.0,0.0,0.0,0.142757305256733,0.2000000000000028,1.1102230246251563e-16,-16.59999999999998,0.0,0.0,0.0,0.0,0.0,0.0,0.0778591592278934,1.4210854715202004e-14,-0.0999999999999999,-16.999999999999993
11.484999999403954,0.0,0.0,0.0,0.0,0.0,0.0,0.1427725642786297,0.2000000000000028,1.1102230246251563e-16,-16.69999999999999,0.0,0.0,0.0,0.0,0.0,0.0,0.0778591592278934,1.4210854715202004e-14,5.551115123125783e-17,-17.099999999999994
11.5,0.0,0.0,0.0,0.0,0.0,0.0,0.142757305256733,0.2000000000000028,1.1102230246251563e-16,-16.899999999999977,0.0,0.0,0.0,0.0,0.0,0.0,0.0778591592278934,1.4210854715202004e-14,5.551115123125783e-17,-17.29999999999999
11.53099999949336,0.0,0.0,0.0,0.0,0.0,0.0,0.142757305256733,0.2000000000000028,1.1102230246251563e-16,-16.999999999999986,0.0,0.0,0.0,0.0,0.0,0.0,0.0778591592278934,1.4210854715202004e-14,5.551115123125783e-17,-17.39999999999999
11.54700000025332,0.0,0.0,0.0,0.0,0.0,0.0,0.1427725642786297,0.2000000000000028,1.1102230246251563e-16,-17.09999999999998,0.0,0.0,0.0,0.0,0.0,0.0,0.0779049362935835,1.4210854715202004e-14,5.551115123125783e-17,-17.499999999999993
11.562999999150634,0.0,0.0,0.0,0.0,0.0,0.0,0.1427725642786297,0.2000000000000028,-0.0999999999999998,-17.19999999999999,0.0,0.0,0.0,0.0,0.0,0.0,0.0778744182497901,1.4210854715202004e-14,5.551115123125783e-17,-17.599999999999994
11.57799999974668,0.0,0.0,0.0,0.0,0.0,0.0,0.1427725642786297,0.2000000000000028,-0.0999999999999998,-17.299999999999983,0.0,0.0,0.0,0.0,0.0,0.0,0.0778744182497901,1.4210854715202004e-14,5.551115123125783e-17,-17.79999999999999
11.593999998643994,0.0,0.0,0.0,0.0,0.0,0.0,0.142757305256733,0.2000000000000028,-0.0999999999999998,-17.499999999999986,0.0,0.0,0.0,0.0,0.0,0.0,0.0779049362935835,1.4210854715202004e-14,5.551115123125783e-17,-17.89999999999999
11.609999999403954,0.0,0.0,0.0,0.0,0.0,0.0,0.142757305256733,0.2000000000000028,-0.0999999999999998,-17.59999999999998,0.0,0.0,0.0,0.0,0.0,0.0,0.0778744182497901,1.4210854715202004e-14,5.551115123125783e-17,-17.999999999999993
11.625,0.0,0.0,0.0,0.0,0.0,0.0,0.1427725642786297,0.2000000000000028,-0.0999999999999998,-17.69999999999999,0.0,0.0,0.0,0.0,0.0,0.0,0.0778744182497901,1.4210854715202004e-14,5.551115123125783e-17,-18.099999999999994
11.640999998897314,0.0,0.0,0.0,0.0,0.0,0.0,0.1427420462348363,0.2000000000000028,-0.0999999999999998,-17.799999999999983,0.0,0.0,0.0,0.0,0.0,0.0,0.0778744182497901,1.4210854715202004e-14,5.551115123125783e-17,-18.29999999999999
11.65599999949336,0.0,0.0,0.0,0.0,0.0,0.0,0.1427420462348363,0.2000000000000028,-0.0999999999999998,-17.899999999999977,0.0,0.0,0.0,0.0,0.0,0.0,0.0778744182497901,1.4210854715202004e-14,5.551115123125783e-17,-18.39999999999999
11.67200000025332,0.0,0.0,0.0,0.0,0.0,0.0,0.1427267872129396,0.2000000000000028,-0.0999999999999998,-17.999999999999986,0.0,0.0,0.0,0.0,0.0,0.0,0.0778744182497901,1.4210854715202004e-14,5.551115123125783e-17,-18.5
11.687999999150634,0.0,0.0,0.0,0.0,0.0,0.0,0.1427267872129396,0.2000000000000028,-0.0999999999999998,-18.09999999999998,0.0,0.0,0.0,0.0,0.0,0.0,0.0778744182497901,1.4210854715202004e-14,0.1,-18.599999999999994
11.70299999974668,0.0,0.0,0.0,0.0,0.0,0.0,0.1426810101472495,0.2000000000000028,-0.1999999999999998,-18.19999999999999,0.0,0.0,0.0,0.0,0.0,0.0,0.0778744182497901,1.4210854715202004e-14,0.1,-18.69999999999999
11.734999999403954,0.0,0.0,0.0,0.0,0.0,0.0,0.1426657511253528,0.2000000000000028,-0.1999999999999998,-18.299999999999983,0.0,0.0,0.0,0.0,0.0,0.0,0.0778744182497901,1.4210854715202004e-14,0.1,-18.79999999999999
11.75,0.0,0.0,0.0,0.0,0.0,0.0,0.1426199740596627,0.2000000000000028,-0.1999999999999998,-18.399999999999977,0.0,0.0,0.0,0.0,0.0,0.0,0.0778744182497901,1.4210854715202004e-14,0.1,-18.89999999999999
11.765999998897314,0.0,0.0,0.0,0.0,0.0,0.0,0.1426199740596627,0.2000000000000028,-0.1999999999999998,-18.499999999999982,0.0,0.0,0.0,0.0,0.0,0.0,0.0778744182497901,1.4210854715202004e-14,0.1,-19.0
11.78099999949336,0.0,0.0,0.0,0.0,0.0,0.0,0.1426199740596627,0.2000000000000028,-0.1999999999999998,-18.59999999999998,0.0,0.0,0.0,0.0,0.0,0.0,0.0778744182497901,1.4210854715202004e-14,0.1,-19.099999999999994
11.78099999949336,0.0,0.0,0.0,0.0,0.0,0.0,0.1425894560158694,0.2000000000000028,-0.1999999999999998,-18.69999999999999,0.0,0.0,0.0,0.0,0.0,0.0,0.0778744182497901,1.4210854715202004e-14,0.1,-19.19999999999999
11.79700000025332,0.0,0.0,0.0,0.0,0.0,0.0,0.1425741969939727,0.2000000000000028,-0.1999999999999998,-18.799999999999983,0.0,0.0,0.0,0.0,0.0,0.0,0.0779507133592736,1.4210854715202004e-14,0.1,-19.29999999999999
11.82799999974668,0.0,0.0,0.0,0.0,0.0,0.0,0.142558937972076,0.3000000000000113,-0.1999999999999998,-18.899999999999977,0.0,0.0,0.0,0.0,0.0,0.0,0.0779659723811703,1.4210854715202004e-14,0.1,-19.39999999999999
11.843999998643994,0.0,0.0,0.0,0.0,0.0,0.0,0.142558937972076,0.3000000000000113,-0.1999999999999998,-18.999999999999982,0.0,0.0,0.0,0.0,0.0,0.0,0.0779659723811703,1.4210854715202004e-14,0.1,-19.5
11.859999999403954,0.0,0.0,0.0,0.0,0.0,0.0,0.142558937972076,0.3000000000000113,-0.1999999999999998,-19.09999999999998,0.0,0.0,0.0,0.0,0.0,0.0,0.0779964904249637,1.4210854715202004e-14,0.1,-19.599999999999994
11.875,0.0,0.0,0.0,0.0,0.0,0.0,0.1425741969939727,0.3000000000000113,-0.1999999999999998,-19.19999999999999,0.0,0.0,0.0,0.0,0.0,0.0,0.0779964904249637,1.4210854715202004e-14,0.1,-19.69999999999999
11.890999998897314,0.0,0.0,0.0,0.0,0.0,0.0,0.1425741969939727,0.3000000000000113,-0.1999999999999998,-19.299999999999983,0.0,0.0,0.0,0.0,0.0,0.0,0.0779964904249637,1.4210854715202004e-14,0.1,-19.79999999999999
11.90599999949336,0.0,0.0,0.0,0.0,0.0,0.0,0.1425741969939727,0.2000000000000028,-0.1999999999999998,-19.299999999999983,0.0,0.0,0.0,0.0,0.0,0.0,0.0779964904249637,1.4210854715202004e-14,0.1,-19.89999999999999
11.92200000025332,0.0,0.0,0.0,0.0,0.0,0.0,0.1425741969939727,0.2000000000000028,-0.1999999999999998,-19.399999999999977,0.0,0.0,0.0,0.0,0.0,0.0,0.0780117494468604,1.4210854715202004e-14,0.1,-19.89999999999999
11.95299999974668,0.0,0.0,0.0,0.0,0.0,0.0,0.1425894560158694,0.3000000000000113,-0.1999999999999998,-19.499999999999982,0.0,0.0,0.0,0.0,0.0,0.0,0.0780117494468604,1.4210854715202004e-14,0.2,-20.0
11.968999998643994,0.0,0.0,0.0,0.0,0.0,0.0,0.1425741969939727,0.3000000000000113,-0.1999999999999998,-19.59999999999998,0.0,0.0,0.0,0.0,0.0,0.0,0.0780117494468604,1.4210854715202004e-14,0.2,-20.099999999999994
11.984999999403954,0.0,0.0,0.0,0.0,0.0,0.0,0.142558937972076,0.3000000000000113,-0.1999999999999998,-19.59999999999998,0.0,0.0,0.0,0.0,0.0,0.0,0.0780117494468604,1.4210854715202004e-14,0.2,-20.19999999999999
12.0,0.0,0.0,0.0,0.0,0.0,0.0,0.142558937972076,0.3000000000000113,-0.2999999999999999,-19.69999999999999,0.0,0.0,0.0,0.0,0.0,0.0,0.0780117494468604,1.4210854715202004e-14,0.2,-20.19999999999999
12.015999998897314,0.0,0.0,0.0,0.0,0.0,0.0,0.142558937972076,0.3000000000000113,-0.2999999999999999,-19.799999999999983,0.0,0.0,0.0,0.0,0.0,0.0,0.0780422674906538,1.4210854715202004e-14,0.2,-20.29999999999999
12.03099999949336,0.0,0.0,0.0,0.0,0.0,0.0,0.1424368657969024,0.3000000000000113,-0.2999999999999999,-19.799999999999983,0.0,0.0,0.0,0.0,0.0,0.0,0.0780422674906538,1.4210854715202004e-14,0.2,-20.39999999999999
12.04700000025332,0.0,0.0,0.0,0.0,0.0,0.0,0.1424368657969024,0.3000000000000113,-0.2999999999999999,-19.899999999999977,0.0,0.0,0.0,0.0,0.0,0.0,0.0780422674906538,-0.0999999999999943,0.2,-20.39999999999999
12.062999999150634,0.0,0.0,0.0,0.0,0.0,0.0,0.1424368657969024,0.3000000000000113,-0.2999999999999999,-19.899999999999977,0.0,0.0,0.0,0.0,0.0,0.0,0.0781033035782406,-0.0999999999999943,0.2,-20.5
12.07799999974668,0.0,0.0,0.0,0.0,0.0,0.0,0.1424368657969024,0.3000000000000113,-0.2999999999999999,-19.999999999999982,0.0,0.0,0.0,0.0,0.0,0.0,0.0781185626001373,-0.0999999999999943,0.2,-20.5
12.093999998643994,0.0,0.0,0.0,0.0,0.0,0.0,0.1423758297093156,0.3000000000000113,-0.2999999999999999,-19.999999999999982,0.0,0.0,0.0,0.0,0.0,0.0,0.0781185626001373,-0.0999999999999943,0.2,-20.599999999999994
12.109999999403954,0.0,0.0,0.0,0.0,0.0,0.0,0.1423758297093156,0.3000000000000113,-0.2999999999999999,-20.09999999999998,0.0,0.0,0.0,0.0,0.0,0.0,0.0781185626001373,-0.0999999999999943,0.2,-20.69999999999999
12.125,0.0,0.0,0.0,0.0,0.0,0.0,0.1424368657969024,0.3000000000000113,-0.2999999999999999,-20.09999999999998,0.0,0.0,0.0,0.0,0.0,0.0,0.0781185626001373,-0.0999999999999943,0.2,-20.69999999999999
12.140999998897314,0.0,0.0,0.0,0.0,0.0,0.0,0.1425131609063859,0.3000000000000113,-0.2999999999999999,-20.19999999999999,0.0,0.0,0.0,0.0,0.0,0.0,0.0781185626001373,-0.0999999999999943,0.2,-20.79999999999999
12.15599999949336,0.0,0.0,0.0,0.0,0.0,0.0,0.1425284199282826,0.3000000000000113,-0.2999999999999999,-20.19999999999999,0.0,0.0,0.0,0.0,0.0,0.0,0.0780880445563439,-0.0999999999999943,0.2,-20.79999999999999
12.17200000025332,0.0,0.0,0.0,0.0,0.0,0.0,0.1425131609063859,0.3000000000000113,-0.2999999999999999,-20.299999999999983,0.0,0.0,0.0,0.0,0.0,0.0,0.0780880445563439,-0.0999999999999943,0.2,-20.89999999999999
12.187999999150634,0.0,0.0,0.0,0.0,0.0,0.0,0.1423758297093156,0.3000000000000113,-0.2999999999999999,-20.299999999999983,0.0,0.0,0.0,0.0,0.0,0.0,0.0780880445563439,-0.0999999999999943,0.3,-20.89999999999999
12.20299999974668,0.0,0.0,0.0,0.0,0.0,0.0,0.1424826428625925,0.3000000000000113,-0.2999999999999999,-20.399999999999977,0.0,0.0,0.0,0.0,0.0,0.0,0.0781185626001373,-0.0999999999999943,0.3,-20.89999999999999
12.234999999403954,0.0,0.0,0.0,0.0,0.0,0.0,0.1424216067750057,0.3000000000000113,-0.3999999999999998,-20.399999999999977,0.0,0.0,0.0,0.0,0.0,0.0,0.0780880445563439,-0.0999999999999943,0.2,-21.0
12.25,0.0,0.0,0.0,0.0,0.0,0.0,0.1424216067750057,0.3000000000000113,-0.3999999999999998,-20.399999999999977,0.0,0.0,0.0,0.0,0.0,0.0,0.0780880445563439,-0.0999999999999943,0.3,-21.0
12.265999998897314,0.0,0.0,0.0,0.0,0.0,0.0,0.1424216067750057,0.3000000000000113,-0.3999999999999998,-20.399999999999977,0.0,0.0,0.0,0.0,0.0,0.0,0.0780880445563439,-0.0999999999999943,0.3,-21.0
12.28099999949336,0.0,0.0,0.0,0.0,0.0,0.0,0.1424216067750057,0.3000000000000113,-0.3999999999999998,-20.499999999999982,0.0,0.0,0.0,0.0,0.0,0.0,0.0780727855344472,-0.0999999999999943,0.3,-21.099999999999994
12.29700000025332,0.0,0.0,0.0,0.0,0.0,0.0,0.1424368657969024,0.3000000000000113,-0.3999999999999998,-20.499999999999982,0.0,0.0,0.0,0.0,0.0,0.0,0.0780727855344472,-0.0999999999999943,0.3,-21.099999999999994
12.32799999974668,0.0,0.0,0.0,0.0,0.0,0.0,0.1424826428625925,0.3000000000000113,-0.3999999999999998,-20.499999999999982,0.0,0.0,0.0,0.0,0.0,0.0,0.0780422674906538,-0.0999999999999943,0.3,-21.099999999999994
12.343999998643994,0.0,0.0,0.0,0.0,0.0,0.0,0.1424368657969024,0.3000000000000113,-0.3999999999999998,-20.499999999999982,0.0,0.0,0.0,0.0,0.0,0.0,0.0780422674906538,-0.0999999999999943,0.3,-21.099999999999994
12.359999999403954,0.0,0.0,0.0,0.0,0.0,0.0,0.1424826428625925,0.3000000000000113,-0.3999999999999998,-20.59999999999998,0.0,0.0,0.0,0.0,0.0,0.0,0.0780422674906538,-0.0999999999999943,0.3,-21.19999999999999
12.375,0.0,0.0,0.0,0.0,0.0,0.0,0.1424368657969024,0.3000000000000113,-0.3999999999999998,-20.59999999999998,0.0,0.0,0.0,0.0,0.0,0.0,0.0780422674906538,-0.0999999999999943,0.3,-21.19999999999999
12.390999998897314,0.0,0.0,0.0,0.0,0.0,0.0,0.1423910887312123,0.3000000000000113,-0.3999999999999998,-20.59999999999998,0.0,0.0,0.0,0.0,0.0,0.0,0.0779964904249637,-0.0999999999999943,0.3,-21.19999999999999
12.40599999949336,0.0,0.0,0.0,0.0,0.0,0.0,0.1423910887312123,0.3000000000000113,-0.3999999999999998,-20.59999999999998,0.0,0.0,0.0,0.0,0.0,0.0,0.0779964904249637,-0.0999999999999943,0.3,-21.19999999999999
12.42200000025332,0.0,0.0,0.0,0.0,0.0,0.0,0.1423910887312123,0.3000000000000113,-0.3999999999999998,-20.59999999999998,0.0,0.0,0.0,0.0,0.0,0.0,0.077981231403067,-0.0999999999999943,0.3,-21.19999999999999
12.45299999974668,0.0,0.0,0.0,0.0,0.0,0.0,0.1423910887312123,0.3000000000000113,-0.3999999999999998,-20.59999999999998,0.0,0.0,0.0,0.0,0.0,0.0,0.077981231403067,-0.0999999999999943,0.3,-21.19999999999999
12.468999998643994,0.0,0.0,0.0,0.0,0.0,0.0,0.1424826428625925,0.3000000000000113,-0.3999999999999998,-20.59999999999998,0.0,0.0,0.0,0.0,0.0,0.0,0.077981231403067,-0.0999999999999943,0.3,-21.19999999999999
12.484999999403954,0.0,0.0,0.0,0.0,0.0,0.0,0.1424979018844892,0.3000000000000113,-0.3999999999999998,-20.59999999999998,0.0,0.0,0.0,0.0,0.0,0.0,0.077981231403067,-0.0999999999999943,0.3,-21.19999999999999
12.5,0.0,0.0,0.0,0.0,0.0,0.0,0.1425131609063859,0.3000000000000113,-0.3999999999999998,-20.59999999999998,0.0,0.0,0.0,0.0,0.0,0.0,0.0779964904249637,-0.0999999999999943,0.3,-21.19999999999999
12.515999998897314,0.0,0.0,0.0,0.0,0.0,0.0,0.1425131609063859,0.3000000000000113,-0.3999999999999998,-20.59999999999998,0.0,0.0,0.0,0.0,0.0,0.0,0.0779964904249637,-0.0999999999999943,0.3,-21.19999999999999
12.53099999949336,0.0,0.0,0.0,0.0,0.0,0.0,0.1425131609063859,0.3000000000000113,-0.3999999999999998,-20.59999999999998,0.0,0.0,0.0,0.0,0.0,0.0,0.077981231403067,-0.0999999999999943,0.3,-21.19999999999999
12.54700000025332,0.0,0.0,0.0,0.0,0.0,0.0,0.1425131609063859,0.3000000000000113,-0.3999999999999998,-20.59999999999998,0.0,0.0,0.0,0.0,0.0,0.0,0.0779964904249637,-0.0999999999999943,0.3,-21.19999999999999
12.562999999150634,0.0,0.0,0.0,0.0,0.0,0.0,0.1425284199282826,0.3000000000000113,-0.3999999999999998,-20.59999999999998,0.0,0.0,0.0,0.0,0.0,0.0,0.0779964904249637,-0.0999999999999943,0.3,-21.19999999999999
12.57799999974668,0.0,0.0,0.0,0.0,0.0,0.0,0.1425436789501793,0.3000000000000113,-0.2999999999999999,-20.59999999999998,0.0,0.0,0.0,0.0,0.0,0.0,0.0779964904249637,-0.0999999999999943,0.3,-21.19999999999999
12.593999998643994,0.0,0.0,0.0,0.0,0.0,0.0,0.142558937972076,0.3000000000000113,-0.2999999999999999,-20.59999999999998,0.0,0.0,0.0,0.0,0.0,0.0,0.0779964904249637,-0.0999999999999943,0.3,-21.19999999999999
12.609999999403954,0.0,0.0,0.0,0.0,0.0,0.0,0.1425741969939727,0.3000000000000113,-0.2999999999999999,-20.59999999999998,0.0,0.0,0.0,0.0,0.0,0.0,0.0779964904249637,-0.0999999999999943,0.3,-21.19999999999999
12.625,0.0,0.0,0.0,0.0,0.0,0.0,0.1425741969939727,0.3000000000000113,-0.2999999999999999,-20.59999999999998,0.0,0.0,0.0,0.0,0.0,0.0,0.0779964904249637,-0.0999999999999943,0.2,-21.19999999999999
12.640999998897314,0.0,0.0,0.0,0.0,0.0,0.0,0.1425741969939727,0.3000000000000113,-0.2999999999999999,-20.59999999999998,0.0,0.0,0.0,0.0,0.0,0.0,0.0779964904249637,-0.0999999999999943,0.2,-21.19999999999999
12.65599999949336,0.0,0.0,0.0,0.0,0.0,0.0,0.1425894560158694,0.3000000000000113,-0.2999999999999999,-20.59999999999998,0.0,0.0,0.0,0.0,0.0,0.0,0.0779964904249637,-0.0999999999999943,0.2,-21.19999999999999
12.67200000025332,0.0,0.0,0.0,0.0,0.0,0.0,0.1425894560158694,0.3000000000000113,-0.2999999999999999,-20.59999999999998,0.0,0.0,0.0,0.0,0.0,0.0,0.0779964904249637,-0.0999999999999943,0.2,-21.19999999999999
12.687999999150634,0.0,0.0,0.0,0.0,0.0,0.0,0.1425741969939727,0.3000000000000113,-0.2999999999999999,-20.59999999999998,0.0,0.0,0.0,0.0,0.0,0.0,0.0779964904249637,-0.0999999999999943,0.2,-21.19999999999999
12.70299999974668,0.0,0.0,0.0,0.0,0.0,0.0,0.1425894560158694,0.3000000000000113,-0.2999999999999999,-20.59999999999998,0.0,0.0,0.0,0.0,0.0,0.0,0.0780117494468604,-0.0999999999999943,0.2,-21.19999999999999
12.734999999403954,0.0,0.0,0.0,0.0,0.0,0.0,0.1425894560158694,0.3000000000000113,-0.2999999999999999,-20.59999999999998,0.0,0.0,0.0,0.0,0.0,0.0,0.0780270084687571,-0.0999999999999943,0.2,-21.19999999999999
12.75,0.0,0.0,0.0,0.0,0.0,0.0,0.1425894560158694,0.3000000000000113,-0.2999999999999999,-20.59999999999998,0.0,0.0,0.0,0.0,0.0,0.0,0.0780727855344472,-0.0999999999999943,0.2,-21.19999999999999
12.765999998897314,0.0,0.0,0.0,0.0,0.0,0.0,0.1425894560158694,0.3000000000000113,-0.2999999999999999,-20.59999999999998,0.0,0.0,0.0,0.0,0.0,0.0,0.0780880445563439,-0.0999999999999943,0.2,-21.19999999999999
12.78099999949336,0.0,0.0,0.0,0.0,0.0,0.0,0.1425741969939727,0.3000000000000113,-0.2999999999999999,-20.59999999999998,0.0,0.0,0.0,0.0,0.0,0.0,0.0780880445563439,-0.0999999999999943,0.2,-21.19999999999999
12.79700000025332,0.0,0.0,0.0,0.0,0.0,0.0,0.1425894560158694,0.3000000000000113,-0.2999999999999999,-20.59999999999998,0.0,0.0,0.0,0.0,0.0,0.0,0.0780880445563439,-0.0999999999999943,0.2,-21.19999999999999
12.812999999150634,0.0,0.0,0.0,0.0,0.0,0.0,0.1426047150377661,0.3000000000000113,-0.2999999999999999,-20.59999999999998,0.0,0.0,0.0,0.0,0.0,0.0,0.0781033035782406,-0.0999999999999943,0.2,-21.19999999999999
12.82799999974668,0.0,0.0,0.0,0.0,0.0,0.0,0.1426047150377661,0.3000000000000113,-0.2999999999999999,-20.59999999999998,0.0,0.0,0.0,0.0,0.0,0.0,0.0781033035782406,-0.0999999999999943,0.2,-21.19999999999999
12.843999998643994,0.0,0.0,0.0,0.0,0.0,0.0,0.1426047150377661,0.3000000000000113,-0.2999999999999999,-20.59999999999998,0.0,0.0,0.0,0.0,0.0,0.0,0.078133821622034,-0.0999999999999943,0.2,-21.19999999999999
12.875,0.0,0.0,0.0,0.0,0.0,0.0,0.1425894560158694,0.3000000000000113,-0.2999999999999999,-20.59999999999998,0.0,0.0,0.0,0.0,0.0,0.0,0.0781490806439307,-0.0999999999999943,0.2,-21.19999999999999
12.890999998897314,0.0,0.0,0.0,0.0,0.0,0.0,0.1425894560158694,0.3000000000000113,-0.2999999999999999,-20.59999999999998,0.0,0.0,0.0,0.0,0.0,0.0,0.0781490806439307,-0.0999999999999943,0.2,-21.19999999999999
12.90599999949336,0.0,0.0,0.0,0.0,0.0,0.0,0.1426199740596627,0.3000000000000113,-0.2999999999999999,-20.59999999999998,0.0,0.0,0.0,0.0,0.0,0.0,0.0781490806439307,-0.0999999999999943,0.2,-21.19999999999999
12.92200000025332,0.0,0.0,0.0,0.0,0.0,0.0,0.1426047150377661,0.3000000000000113,-0.2999999999999999,-20.59999999999998,0.0,0.0,0.0,0.0,0.0,0.0,0.0781490806439307,-0.0999999999999943,0.2,-21.19999999999999
12.95299999974668,0.0,0.0,0.0,0.0,0.0,0.0,0.1426047150377661,0.3000000000000113,-0.2999999999999999,-20.59999999999998,0.0,0.0,0.0,0.0,0.0,0.0,0.0781643396658274,-0.0999999999999943,0.2,-21.19999999999999
12.968999998643994,0.0,0.0,0.0,0.0,0.0,0.0,0.1426047150377661,0.3000000000000113,-0.2999999999999999,-20.59999999999998,0.0,0.0,0.0,0.0,0.0,0.0,0.0781643396658274,-0.0999999999999943,0.2,-21.19999999999999
12.984999999403954,0.0,0.0,0.0,0.0,0.0,0.0,0.1426199740596627,0.3000000000000113,-0.2999999999999999,-20.59999999999998,0.0,0.0,0.0,0.0,0.0,0.0,0.0781643396658274,-0.0999999999999943,0.2,-21.19999999999999
13.0,0.0,0.0,0.0,0.0,0.0,0.0,0.1426199740596627,0.3000000000000113,-0.2999999999999999,-20.59999999999998,0.0,0.0,0.0,0.0,0.0,0.0,0.0781643396658274,-0.0999999999999943,0.2,-21.19999999999999
13.015999998897314,0.0,0.0,0.0,0.0,0.0,0.0,0.1426199740596627,0.3000000000000113,-0.1999999999999998,-20.59999999999998,0.0,0.0,0.0,0.0,0.0,0.0,0.0781643396658274,-0.0999999999999943,0.2,-21.19999999999999
13.03099999949336,0.0,0.0,0.0,0.0,0.0,0.0,0.1426047150377661,0.3000000000000113,-0.1999999999999998,-20.59999999999998,0.0,0.0,0.0,0.0,0.0,0.0,0.078133821622034,-0.0999999999999943,0.2,-21.19999999999999
13.04700000025332,0.0,0.0,0.0,0.0,0.0,0.0,0.1426199740596627,0.3000000000000113,-0.1999999999999998,-20.59999999999998,0.0,0.0,0.0,0.0,0.0,0.0,0.078133821622034,-0.0999999999999943,0.2,-21.19999999999999
13.062999999150634,0.0,0.0,0.0,0.0,0.0,0.0,0.1426199740596627,0.3000000000000113,-0.1999999999999998,-20.59999999999998,0.0,0.0,0.0,0.0,0.0,0.0,0.0781185626001373,-0.0999999999999943,0.2,-21.19999999999999
13.07799999974668,0.0,0.0,0.0,0.0,0.0,0.0,0.1426199740596627,0.3000000000000113,-0.1999999999999998,-20.59999999999998,0.0,0.0,0.0,0.0,0.0,0.0,0.0781033035782406,-0.0999999999999943,0.2,-21.19999999999999
13.093999998643994,0.0,0.0,0.0,0.0,0.0,0.0,0.1426199740596627,0.3000000000000113,-0.1999999999999998,-20.59999999999998,0.0,0.0,0.0,0.0,0.0,0.0,0.0780422674906538,-0.0999999999999943,0.2,-21.19999999999999
13.109999999403954,0.0,0.0,0.0,0.0,0.0,0.0,0.1426047150377661,0.3000000000000113,-0.1999999999999998,-20.59999999999998,0.0,0.0,0.0,0.0,0.0,0.0,0.0780422674906538,-0.0999999999999943,0.2,-21.19999999999999
13.125,0.0,0.0,0.0,0.0,0.0,0.0,0.1426352330815594,0.3000000000000113,-0.1999999999999998,-20.59999999999998,0.0,0.0,0.0,0.0,0.0,0.0,0.0780880445563439,-0.0999999999999943,0.2,-21.19999999999999
13.15599999949336,0.0,0.0,0.0,0.0,0.0,0.0,0.1426504921034561,0.3000000000000113,-0.1999999999999998,-20.59999999999998,0.0,0.0,0.0,0.0,0.0,0.0,0.0780422674906538,-0.0999999999999943,0.2,-21.19999999999999
13.17200000025332,0.0,0.0,0.0,0.0,0.0,0.0,0.1426504921034561,0.3000000000000113,-0.1999999999999998,-20.59999999999998,0.0,0.0,0.0,0.0,0.0,0.0,0.0780422674906538,-0.0999999999999943,0.2,-21.19999999999999
13.187999999150634,0.0,0.0,0.0,0.0,0.0,0.0,0.1426352330815594,0.3000000000000113,-0.1999999999999998,-20.59999999999998,0.0,0.0,0.0,0.0,0.0,0.0,0.0780270084687571,-0.0999999999999943,0.2,-21.19999999999999
13.20299999974668,0.0,0.0,0.0,0.0,0.0,0.0,0.1426352330815594,0.3000000000000113,-0.1999999999999998,-20.59999999999998,0.0,0.0,0.0,0.0,0.0,0.0,0.0779201953154802,-0.0999999999999943,0.1,-21.19999999999999
13.218999998643994,0.0,0.0,0.0,0.0,0.0,0.0,0.1426352330815594,0.3000000000000113,-0.1999999999999998,-20.59999999999998,0.0,0.0,0.0,0.0,0.0,0.0,0.0779049362935835,-0.0999999999999943,0.1,-21.19999999999999
13.234999999403954,0.0,0.0,0.0,0.0,0.0,0.0,0.1426504921034561,0.3000000000000113,-0.1999999999999998,-20.59999999999998,0.0,0.0,0.0,0.0,0.0,0.0,0.0778591592278934,-0.0999999999999943,0.1,-21.19999999999999
13.25,0.0,0.0,0.0,0.0,0.0,0.0,0.1426504921034561,0.3000000000000113,-0.1999999999999998,-20.59999999999998,0.0,0.0,0.0,0.0,0.0,0.0,0.0778591592278934,-0.0999999999999943,0.1,-21.19999999999999
13.265999998897314,0.0,0.0,0.0,0.0,0.0,0.0,0.1426352330815594,0.3000000000000113,-0.1999999999999998,-20.59999999999998,0.0,0.0,0.0,0.0,0.0,0.0,0.0778591592278934,-0.0999999999999943,0.1,-21.19999999999999
13.28099999949336,0.0,0.0,0.0,0.0,0.0,0.0,0.1426352330815594,0.3000000000000113,-0.1999999999999998,-20.59999999999998,0.0,0.0,0.0,0.0,0.0,0.0,0.0778133821622034,-0.0999999999999943,0.1,-21.19999999999999
13.29700000025332,0.0,0.0,0.0,0.0,0.0,0.0,0.1425741969939727,0.3000000000000113,-0.1999999999999998,-20.59999999999998,0.0,0.0,0.0,0.0,0.0,0.0,0.0777370870527199,-0.0999999999999943,0.1,-21.19999999999999
13.312999999150634,0.0,0.0,0.0,0.0,0.0,0.0,0.1425741969939727,0.3000000000000113,-0.1999999999999998,-20.59999999999998,0.0,0.0,0.0,0.0,0.0,0.0,0.0777370870527199,-0.0999999999999943,0.1,-21.19999999999999
13.32799999974668,0.0,0.0,0.0,0.0,0.0,0.0,0.1425741969939727,0.3000000000000113,-0.1999999999999998,-20.59999999999998,0.0,0.0,0.0,0.0,0.0,0.0,0.0777218280308232,-0.0999999999999943,0.1,-21.19999999999999
13.343999998643994,0.0,0.0,0.0,0.0,0.0,0.0,0.1425741969939727,0.3000000000000113,-0.1999999999999998,-20.59999999999998,0.0,0.0,0.0,0.0,0.0,0.0,0.0777065690089265,-0.0999999999999943,0.1,-21.19999999999999
13.359999999403954,0.0,0.0,0.0,0.0,0.0,0.0,0.1425741969939727,0.3000000000000113,-0.1999999999999998,-20.59999999999998,0.0,0.0,0.0,0.0,0.0,0.0,0.0776760509651331,-0.0999999999999943,0.1,-21.19999999999999
13.375,0.0,0.0,0.0,0.0,0.0,0.0,0.1425894560158694,0.3000000000000113,-0.1999999999999998,-20.59999999999998,0.0,0.0,0.0,0.0,0.0,0.0,0.0776760509651331,-0.0999999999999943,0.1,-21.19999999999999
13.390999998897314,0.0,0.0,0.0,0.0,0.0,0.0,0.1426047150377661,0.3000000000000113,-0.1999999999999998,-20.59999999999998,0.0,0.0,0.0,0.0,0.0,0.0,0.0776760509651331,-0.0999999999999943,0.1,-21.19999999999999
13.40599999949336,0.0,0.0,0.0,0.0,0.0,0.0,0.1426047150377661,0.3000000000000113,-0.1999999999999998,-20.59999999999998,0.0,0.0,0.0,0.0,0.0,0.0,0.0776760509651331,-0.0999999999999943,0.1,-21.19999999999999
13.42200000025332,0.0,0.0,0.0,0.0,0.0,0.0,0.1426047150377661,0.3000000000000113,-0.1999999999999998,-20.59999999999998,0.0,0.0,0.0,0.0,0.0,0.0,0.0776913099870298,-0.0999999999999943,0.1,-21.19999999999999
13.45299999974668,0.0,0.0,0.0,0.0,0.0,0.0,0.1426047150377661,0.3000000000000113,-0.1999999999999998,-20.59999999999998,0.0,0.0,0.0,0.0,0.0,0.0,0.0776913099870298,-0.0999999999999943,0.1,-21.19999999999999
13.468999998643994,0.0,0.0,0.0,0.0,0.0,0.0,0.1426047150377661,0.3000000000000113,-0.1999999999999998,-20.59999999999998,0.0,0.0,0.0,0.0,0.0,0.0,0.0776607919432364,-0.0999999999999943,0.1,-21.19999999999999
13.484999999403954,0.0,0.0,0.0,0.0,0.0,0.0,0.1426047150377661,0.3000000000000113,-0.1999999999999998,-20.59999999999998,0.0,0.0,0.0,0.0,0.0,0.0,0.0776913099870298,-0.0999999999999943,0.1,-21.19999999999999
13.5,0.0,0.0,0.0,0.0,0.0,0.0,0.1425894560158694,0.3000000000000113,-0.1999999999999998,-20.59999999999998,0.0,0.0,0.0,0.0,0.0,0.0,0.0776760509651331,-0.0999999999999943,0.1,-21.19999999999999
13.515999998897314,0.0,0.0,0.0,0.0,0.0,0.0,0.1425894560158694,0.3000000000000113,-0.1999999999999998,-20.59999999999998,0.0,0.0,0.0,0.0,0.0,0.0,0.0776760509651331,-0.0999999999999943,0.1,-21.19999999999999
13.53099999949336,0.0,0.0,0.0,0.0,0.0,0.0,0.1425894560158694,0.3000000000000113,-0.1999999999999998,-20.59999999999998,0.0,0.0,0.0,0.0,0.0,0.0,0.0776455329213397,-0.0999999999999943,0.1,-21.19999999999999
13.54700000025332,0.0,0.0,0.0,0.0,0.0,0.0,0.1425894560158694,0.3000000000000113,-0.1999999999999998,-20.59999999999998,0.0,0.0,0.0,0.0,0.0,0.0,0.0776455329213397,-0.0999999999999943,0.1,-21.19999999999999
13.562999999150634,0.0,0.0,0.0,0.0,0.0,0.0,0.1425894560158694,0.3000000000000113,-0.1999999999999998,-20.59999999999998,0.0,0.0,0.0,0.0,0.0,0.0,0.0776760509651331,-0.0999999999999943,0.1,-21.19999999999999
13.57799999974668,0.0,0.0,0.0,0.0,0.0,0.0,0.142558937972076,0.3000000000000113,-0.1999999999999998,-20.59999999999998,0.0,0.0,0.0,0.0,0.0,0.0,0.0776760509651331,-0.0999999999999943,0.1,-21.19999999999999
13.609999999403954,0.0,0.0,0.0,0.0,0.0,0.0,0.142558937972076,0.3000000000000113,-0.1999999999999998,-20.59999999999998,0.0,0.0,0.0,0.0,0.0,0.0,0.0776760509651331,-0.0999999999999943,0.1,-21.19999999999999
13.625,0.0,0.0,0.0,0.0,0.0,0.0,0.1425894560158694,0.3000000000000113,-0.1999999999999998,-20.59999999999998,0.0,0.0,0.0,0.0,0.0,0.0,0.0776913099870298,-0.0999999999999943,0.1,-21.19999999999999
13.65599999949336,0.0,0.0,0.0,0.0,0.0,0.0,0.1426199740596627,0.3000000000000113,-0.1999999999999998,-20.59999999999998,0.0,0.0,0.0,0.0,0.0,0.0,0.0777065690089265,-0.0999999999999943,0.1,-21.19999999999999
13.67200000025332,0.0,0.0,0.0,0.0,0.0,0.0,0.1426199740596627,0.3000000000000113,-0.1999999999999998,-20.59999999999998,0.0,0.0,0.0,0.0,0.0,0.0,0.0777065690089265,1.4210854715202004e-14,0.1,-21.19999999999999
13.687999999150634,0.0,0.0,0.0,0.0,0.0,0.0,0.1426199740596627,0.3000000000000113,-0.1999999999999998,-20.59999999999998,0.0,0.0,0.0,0.0,0.0,0.0,0.0776455329213397,1.4210854715202004e-14,0.1,-21.19999999999999
13.70299999974668,0.0,0.0,0.0,0.0,0.0,0.0,0.1426199740596627,0.3000000000000113,-0.1999999999999998,-20.59999999999998,0.0,0.0,0.0,0.0,0.0,0.0,0.0777065690089265,1.4210854715202004e-14,0.1,-21.19999999999999
13.718999998643994,0.0,0.0,0.0,0.0,0.0,0.0,0.1426199740596627,0.3000000000000113,-0.1999999999999998,-20.59999999999998,0.0,0.0,0.0,0.0,0.0,0.0,0.0777065690089265,1.4210854715202004e-14,0.1,-21.19999999999999
13.734999999403954,0.0,0.0,0.0,0.0,0.0,0.0,0.1426199740596627,0.3000000000000113,-0.0999999999999998,-20.59999999999998,0.0,0.0,0.0,0.0,0.0,0.0,0.0777218280308232,1.4210854715202004e-14,0.1,-21.19999999999999
13.75,0.0,0.0,0.0,0.0,0.0,0.0,0.1426199740596627,0.3000000000000113,-0.0999999999999998,-20.59999999999998,0.0,0.0,0.0,0.0,0.0,0.0,0.0776455329213397,1.4210854715202004e-14,0.1,-21.19999999999999
13.765999998897314,0.0,0.0,0.0,0.0,0.0,0.0,0.1426199740596627,0.3000000000000113,-0.0999999999999998,-20.59999999999998,0.0,0.0,0.0,0.0,0.0,0.0,0.0776455329213397,-0.0999999999999943,0.1,-21.19999999999999
13.78099999949336,0.0,0.0,0.0,0.0,0.0,0.0,0.1426199740596627,0.3000000000000113,-0.0999999999999998,-20.59999999999998,0.0,0.0,0.0,0.0,0.0,0.0,0.0776455329213397,1.4210854715202004e-14,0.1,-21.19999999999999
13.79700000025332,0.0,0.0,0.0,0.0,0.0,0.0,0.1426199740596627,0.3000000000000113,-0.0999999999999998,-20.59999999999998,0.0,0.0,0.0,0.0,0.0,0.0,0.0777218280308232,1.4210854715202004e-14,0.1,-21.19999999999999
13.812999999150634,0.0,0.0,0.0,0.0,0.0,0.0,0.1426352330815594,0.4000000000000057,-0.0999999999999998,-20.59999999999998,0.0,0.0,0.0,0.0,0.0,0.0,0.0777218280308232,1.4210854715202004e-14,0.1,-21.19999999999999
13.843999998643994,0.0,0.0,0.0,0.0,0.0,0.0,0.1426504921034561,0.4000000000000057,-0.0999999999999998,-20.59999999999998,0.0,0.0,0.0,0.0,0.0,0.0,0.0776455329213397,1.4210854715202004e-14,0.1,-21.19999999999999
13.859999999403954,0.0,0.0,0.0,0.0,0.0,0.0,0.1426352330815594,0.4000000000000057,-0.0999999999999998,-20.59999999999998,0.0,0.0,0.0,0.0,0.0,0.0,0.0776455329213397,1.4210854715202004e-14,0.1,-21.19999999999999
13.875,0.0,0.0,0.0,0.0,0.0,0.0,0.1426352330815594,0.4000000000000057,-0.0999999999999998,-20.59999999999998,0.0,0.0,0.0,0.0,0.0,0.0,0.07778286411841,1.4210854715202004e-14,0.1,-21.19999999999999
13.890999998897314,0.0,0.0,0.0,0.0,0.0,0.0,0.1426199740596627,0.4000000000000057,-0.0999999999999998,-20.59999999999998,0.0,0.0,0.0,0.0,0.0,0.0,0.07778286411841,1.4210854715202004e-14,0.1,-21.19999999999999
13.90599999949336,0.0,0.0,0.0,0.0,0.0,0.0,0.1426199740596627,0.4000000000000057,-0.0999999999999998,-20.59999999999998,0.0,0.0,0.0,0.0,0.0,0.0,0.07778286411841,1.4210854715202004e-14,0.1,-21.19999999999999
13.90599999949336,0.0,0.0,0.0,0.0,0.0,0.0,0.1426199740596627,0.4000000000000057,-0.0999999999999998,-20.59999999999998,0.0,0.0,0.0,0.0,0.0,0.0,0.0777218280308232,1.4210854715202004e-14,0.1,-21.19999999999999
13.937999999150634,0.0,0.0,0.0,0.0,0.0,0.0,0.1426199740596627,0.3000000000000113,-0.0999999999999998,-20.59999999999998,0.0,0.0,0.0,0.0,0.0,0.0,0.077630273899443,1.4210854715202004e-14,0.1,-21.19999999999999
13.95299999974668,0.0,0.0,0.0,0.0,0.0,0.0,0.1426199740596627,0.3000000000000113,-0.0999999999999998,-20.59999999999998,0.0,0.0,0.0,0.0,0.0,0.0,0.077630273899443,1.4210854715202004e-14,0.1,-21.19999999999999
13.968999998643994,0.0,0.0,0.0,0.0,0.0,0.0,0.1426199740596627,0.3000000000000113,-0.0999999999999998,-20.59999999999998,0.0,0.0,0.0,0.0,0.0,0.0,0.077630273899443,1.4210854715202004e-14,0.1,-21.19999999999999
13.984999999403954,0.0,0.0,0.0,0.0,0.0,0.0,0.1438864728770885,0.3000000000000113,-0.0999999999999998,-20.59999999999998,0.0,0.0,0.0,0.0,0.0,0.0,0.077630273899443,1.4210854715202004e-14,0.1,-21.19999999999999
14.0,0.0,0.0,0.0,0.0,0.0,0.0,0.1426199740596627,0.3000000000000113,-0.0999999999999998,-20.59999999999998,0.0,0.0,0.0,0.0,0.0,0.0,0.077630273899443,1.4210854715202004e-14,0.1,-21.19999999999999
14.015999998897314,0.0,0.0,0.0,0.0,0.0,0.0,0.1426810101472495,0.3000000000000113,-0.0999999999999998,-20.59999999999998,0.0,0.0,0.0,0.0,0.0,0.0,0.077630273899443,1.4210854715202004e-14,0.1,-21.19999999999999
14.03099999949336,0.0,0.0,0.0,0.0,0.0,0.0,0.1426352330815594,0.3000000000000113,-0.0999999999999998,-20.59999999999998,0.0,0.0,0.0,0.0,0.0,0.0,0.077630273899443,1.4210854715202004e-14,0.1,-21.19999999999999
14.04700000025332,0.0,0.0,0.0,0.0,0.0,0.0,0.1426352330815594,0.3000000000000113,-0.0999999999999998,-20.59999999999998,0.0,0.0,0.0,0.0,0.0,0.0,0.0775844968337529,1.4210854715202004e-14,0.1,-21.19999999999999
14.062999999150634,0.0,0.0,0.0,0.0,0.0,0.0,0.1426810101472495,0.3000000000000113,-0.0999999999999998,-20.59999999999998,0.0,0.0,0.0,0.0,0.0,0.0,0.0775844968337529,1.4210854715202004e-14,0.1,-21.19999999999999
14.07799999974668,0.0,0.0,0.0,0.0,0.0,0.0,0.1427725642786297,0.3000000000000113,-0.0999999999999998,-20.59999999999998,0.0,0.0,0.0,0.0,0.0,0.0,0.0775844968337529,1.4210854715202004e-14,0.1,-21.19999999999999
14.093999998643994,0.0,0.0,0.0,0.0,0.0,0.0,0.1427725642786297,0.3000000000000113,-0.0999999999999998,-20.59999999999998,0.0,0.0,0.0,0.0,0.0,0.0,0.0776607919432364,1.4210854715202004e-14,0.1,-21.19999999999999
14.109999999403954,0.0,0.0,0.0,0.0,0.0,0.0,0.1426810101472495,0.3000000000000113,-0.0999999999999998,-20.59999999999998,0.0,0.0,0.0,0.0,0.0,0.0,0.0776607919432364,1.4210854715202004e-14,0.1,-21.19999999999999
14.140999998897314,0.0,0.0,0.0,0.0,0.0,0.0,0.1426504921034561,0.3000000000000113,-0.0999999999999998,-20.59999999999998,0.0,0.0,0.0,0.0,0.0,0.0,0.0777218280308232,1.4210854715202004e-14,0.1,-21.19999999999999
14.15599999949336,0.0,0.0,0.0,0.0,0.0,0.0,0.1426199740596627,0.3000000000000113,-0.0999999999999998,-20.59999999999998,0.0,0.0,0.0,0.0,0.0,0.0,0.0777218280308232,1.4210854715202004e-14,0.1,-21.19999999999999
14.17200000025332,0.0,0.0,0.0,0.0,0.0,0.0,0.1425741969939727,0.3000000000000113,-0.0999999999999998,-20.59999999999998,0.0,0.0,0.0,0.0,0.0,0.0,0.0777218280308232,1.4210854715202004e-14,0.1,-21.19999999999999
14.187999999150634,0.0,0.0,0.0,0.0,0.0,0.0,0.1425741969939727,0.3000000000000113,-0.0999999999999998,-20.59999999999998,0.0,0.0,0.0,0.0,0.0,0.0,0.0777218280308232,1.4210854715202004e-14,0.1,-21.19999999999999
14.20299999974668,0.0,0.0,0.0,0.0,0.0,0.0,0.1425741969939727,0.3000000000000113,-0.0999999999999998,-20.59999999999998,0.0,0.0,0.0,0.0,0.0,0.0,0.0776913099870298,1.4210854715202004e-14,0.1,-21.19999999999999
14.218999998643994,0.0,0.0,0.0,0.0,0.0,0.0,0.1425741969939727,0.3000000000000113,-0.0999999999999998,-20.59999999999998,0.0,0.0,0.0,0.0,0.0,0.0,0.0776607919432364,1.4210854715202004e-14,0.1,-21.19999999999999
14.234999999403954,0.0,0.0,0.0,0.0,0.0,0.0,0.1425741969939727,0.3000000000000113,-0.0999999999999998,-20.59999999999998,0.0,0.0,0.0,0.0,0.0,0.0,0.0776455329213397,1.4210854715202004e-14,0.1,-21.19999999999999
14.25,0.0,0.0,0.0,0.0,0.0,0.0,0.1425894560158694,0.3000000000000113,-0.0999999999999998,-20.59999999999998,0.0,0.0,0.0,0.0,0.0,0.0,0.0775387197680628,1.4210854715202004e-14,0.1,-21.19999999999999
14.265999998897314,0.0,0.0,0.0,0.0,0.0,0.0,0.1425894560158694,0.3000000000000113,-0.0999999999999998,-20.59999999999998,0.0,0.0,0.0,0.0,0.0,0.0,0.0775387197680628,1.4210854715202004e-14,5.551115123125783e-17,-21.19999999999999
14.28099999949336,0.0,0.0,0.0,0.0,0.0,0.0,0.1426504921034561,0.3000000000000113,-0.0999999999999998,-20.59999999999998,0.0,0.0,0.0,0.0,0.0,0.0,0.0775387197680628,1.4210854715202004e-14,5.551115123125783e-17,-21.19999999999999
14.29700000025332,0.0,0.0,0.0,0.0,0.0,0.0,0.1426504921034561,0.3000000000000113,-0.0999999999999998,-20.59999999999998,0.0,0.0,0.0,0.0,0.0,0.0,0.0775387197680628,1.4210854715202004e-14,5.551115123125783e-17,-21.19999999999999
14.312999999150634,0.0,0.0,0.0,0.0,0.0,0.0,0.1425894560158694,0.3000000000000113,-0.0999999999999998,-20.59999999999998,0.0,0.0,0.0,0.0,0.0,0.0,0.0775387197680628,1.4210854715202004e-14,0.1,-21.19999999999999
14.343999998643994,0.0,0.0,0.0,0.0,0.0,0.0,0.1425894560158694,0.3000000000000113,-0.0999999999999998,-20.59999999999998,0.0,0.0,0.0,0.0,0.0,0.0,0.0775387197680628,1.4210854715202004e-14,0.1,-21.19999999999999
14.359999999403954,0.0,0.0,0.0,0.0,0.0,0.0,0.1424673838406958,0.3000000000000113,-0.0999999999999998,-20.59999999999998,0.0,0.0,0.0,0.0,0.0,0.0,0.0776150148775463,1.4210854715202004e-14,0.1,-21.19999999999999
14.375,0.0,0.0,0.0,0.0,0.0,0.0,0.1424521248187991,0.3000000000000113,-0.0999999999999998,-20.59999999999998,0.0,0.0,0.0,0.0,0.0,0.0,0.0776150148775463,1.4210854715202004e-14,5.551115123125783e-17,-21.19999999999999
14.390999998897314,0.0,0.0,0.0,0.0,0.0,0.0,0.1367910276951247,0.3000000000000113,-0.0999999999999998,-20.59999999999998,0.0,0.0,0.0,0.0,0.0,0.0,0.0720454718852521,1.4210854715202004e-14,5.551115123125783e-17,-21.19999999999999
14.40599999949336,0.0,0.0,0.0,0.0,0.0,0.0,0.1367910276951247,0.3000000000000113,-0.0999999999999998,-20.59999999999998,0.0,0.0,0.0,0.0,0.0,0.0,0.0776913099870298,1.4210854715202004e-14,0.1,-21.19999999999999
14.42200000025332,0.0,0.0,0.0,0.0,0.0,0.0,0.1367910276951247,0.3000000000000113,-0.0999999999999998,-20.59999999999998,0.0,0.0,0.0,0.0,0.0,0.0,0.0777676050965133,1.4210854715202004e-14,0.1,-21.19999999999999
14.437999999150634,0.0,0.0,0.0,0.0,0.0,0.0,0.1367910276951247,0.3000000000000113,-0.0999999999999998,-20.59999999999998,0.0,0.0,0.0,0.0,0.0,0.0,0.0777676050965133,1.4210854715202004e-14,0.1,-21.19999999999999
14.468999998643994,0.0,0.0,0.0,0.0,0.0,0.0,0.1367910276951247,0.3000000000000113,-0.1999999999999998,-20.59999999999998,0.0,0.0,0.0,0.0,0.0,0.0,0.0736476691844052,1.4210854715202004e-14,5.551115123125783e-17,-21.19999999999999
14.484999999403954,0.0,0.0,0.0,0.0,0.0,0.0,0.1386984054322118,0.3000000000000113,-0.0999999999999998,-20.59999999999998,0.0,0.0,0.0,0.0,0.0,0.0,0.073357747768368,1.4210854715202004e-14,5.551115123125783e-17,-21.19999999999999
14.5,0.0,0.0,0.0,0.0,0.0,0.0,0.1414602883955138,0.3000000000000113,-0.0999999999999998,-20.59999999999998,0.0,0.0,0.0,0.0,0.0,0.0,0.0736476691844052,1.4210854715202004e-14,0.1,-21.19999999999999
14.515999998897314,0.0,0.0,0.0,0.0,0.0,0.0,0.1426810101472495,0.3000000000000113,-0.0999999999999998,-20.59999999999998,0.0,0.0,0.0,0.0,0.0,0.0,0.0777676050965133,1.4210854715202004e-14,0.1,-21.19999999999999
14.53099999949336,0.0,0.0,0.0,0.0,0.0,0.0,0.1426810101472495,0.3000000000000113,-0.0999999999999998,-20.59999999999998,0.0,0.0,0.0,0.0,0.0,0.0,0.0776760509651331,1.4210854715202004e-14,5.551115123125783e-17,-21.19999999999999
14.562999999150634,0.0,0.0,0.0,0.0,0.0,0.0,0.1426199740596627,0.3000000000000113,-0.0999999999999998,-20.59999999999998,0.0,0.0,0.0,0.0,0.0,0.0,0.0776760509651331,1.4210854715202004e-14,5.551115123125783e-17,-21.19999999999999
14.562999999150634,0.0,0.0,0.0,0.0,0.0,0.0,0.1426199740596627,0.3000000000000113,-0.0999999999999998,-20.59999999999998,0.0,0.0,0.0,0.0,0.0,0.0,0.0776760509651331,1.4210854715202004e-14,5.551115123125783e-17,-21.19999999999999
14.593999998643994,0.0,0.0,0.0,0.0,0.0,0.0,0.1426199740596627,0.3000000000000113,-0.0999999999999998,-20.59999999999998,0.0,0.0,0.0,0.0,0.0,0.0,0.0776760509651331,1.4210854715202004e-14,0.1,-21.19999999999999
14.609999999403954,0.0,0.0,0.0,0.0,0.0,0.0,0.1426199740596627,0.3000000000000113,-0.0999999999999998,-20.59999999999998,0.0,0.0,0.0,0.0,0.0,0.0,0.0777065690089265,1.4210854715202004e-14,0.1,-21.19999999999999
14.625,0.0,0.0,0.0,0.0,0.0,0.0,0.1426199740596627,0.3000000000000113,-0.0999999999999998,-20.59999999999998,0.0,0.0,0.0,0.0,0.0,0.0,0.0776760509651331,1.4210854715202004e-14,5.551115123125783e-17,-21.19999999999999
14.625,0.0,0.0,0.0,0.0,0.0,0.0,0.1426199740596627,0.3000000000000113,-0.0999999999999998,-20.59999999999998,0.0,0.0,0.0,0.0,0.0,0.0,0.0776760509651331,1.4210854715202004e-14,5.551115123125783e-17,-21.19999999999999
14.65599999949336,0.0,0.0,0.0,0.0,0.0,0.0,0.1426199740596627,0.3000000000000113,-0.0999999999999998,-20.59999999999998,0.0,0.0,0.0,0.0,0.0,0.0,0.0776760509651331,1.4210854715202004e-14,5.551115123125783e-17,-21.19999999999999
14.67200000025332,0.0,0.0,0.0,0.0,0.0,0.0,0.1425894560158694,0.3000000000000113,-0.0999999999999998,-20.59999999999998,0.0,0.0,0.0,0.0,0.0,0.0,0.0776760509651331,1.4210854715202004e-14,0.1,-21.19999999999999
14.687999999150634,0.0,0.0,0.0,0.0,0.0,0.0,0.1425894560158694,0.3000000000000113,-0.0999999999999998,-20.59999999999998,0.0,0.0,0.0,0.0,0.0,0.0,0.0776760509651331,1.4210854715202004e-14,0.1,-21.19999999999999
14.70299999974668,0.0,0.0,0.0,0.0,0.0,0.0,0.1425894560158694,0.3000000000000113,-0.0999999999999998,-20.59999999999998,0.0,0.0,0.0,0.0,0.0,0.0,0.077630273899443,1.4210854715202004e-14,0.1,-21.19999999999999
14.718999998643994,0.0,0.0,0.0,0.0,0.0,0.0,0.1425894560158694,0.3000000000000113,-0.0999999999999998,-20.59999999999998,0.0,0.0,0.0,0.0,0.0,0.0,0.0775844968337529,1.4210854715202004e-14,5.551115123125783e-17,-21.19999999999999
14.734999999403954,0.0,0.0,0.0,0.0,0.0,0.0,0.1425741969939727,0.3000000000000113,-0.0999999999999998,-20.59999999999998,0.0,0.0,0.0,0.0,0.0,0.0,0.077630273899443,1.4210854715202004e-14,5.551115123125783e-17,-21.19999999999999
14.75,0.0,0.0,0.0,0.0,0.0,0.0,0.1424826428625925,0.3000000000000113,-0.0999999999999998,-20.59999999999998,0.0,0.0,0.0,0.0,0.0,0.0,0.0776607919432364,1.4210854715202004e-14,0.1,-21.19999999999999
14.765999998897314,0.0,0.0,0.0,0.0,0.0,0.0,0.1424826428625925,0.3000000000000113,1.1102230246251563e-16,-20.59999999999998,0.0,0.0,0.0,0.0,0.0,0.0,0.0776607919432364,1.4210854715202004e-14,0.1,-21.19999999999999
14.78099999949336,0.0,0.0,0.0,0.0,0.0,0.0,0.1424979018844892,0.3000000000000113,-0.0999999999999998,-20.59999999999998,0.0,0.0,0.0,0.0,0.0,0.0,0.077630273899443,1.4210854715202004e-14,0.1,-21.19999999999999
14.79700000025332,0.0,0.0,0.0,0.0,0.0,0.0,0.1424979018844892,0.3000000000000113,-0.0999999999999998,-20.59999999999998,0.0,0.0,0.0,0.0,0.0,0.0,0.0775844968337529,1.4210854715202004e-14,5.551115123125783e-17,-21.19999999999999
14.812999999150634,0.0,0.0,0.0,0.0,0.0,0.0,0.1424979018844892,0.3000000000000113,-0.0999999999999998,-20.59999999999998,0.0,0.0,0.0,0.0,0.0,0.0,0.0775844968337529,1.4210854715202004e-14,5.551115123125783e-17,-21.19999999999999
14.843999998643994,0.0,0.0,0.0,0.0,0.0,0.0,0.1424826428625925,0.3000000000000113,-0.0999999999999998,-20.59999999999998,0.0,0.0,0.0,0.0,0.0,0.0,0.0776455329213397,1.4210854715202004e-14,0.1,-21.19999999999999
14.859999999403954,0.0,0.0,0.0,0.0,0.0,0.0,0.1424979018844892,0.3000000000000113,-0.0999999999999998,-20.59999999999998,0.0,0.0,0.0,0.0,0.0,0.0,0.0776455329213397,1.4210854715202004e-14,0.1,-21.19999999999999
14.875,0.0,0.0,0.0,0.0,0.0,0.0,0.142558937972076,0.3000000000000113,-0.0999999999999998,-20.59999999999998,0.0,0.0,0.0,0.0,0.0,0.0,0.0775844968337529,1.4210854715202004e-14,0.1,-21.19999999999999
14.890999998897314,0.0,0.0,0.0,0.0,0.0,0.0,0.142558937972076,0.3000000000000113,-0.0999999999999998,-20.59999999999998,0.0,0.0,0.0,0.0,0.0,0.0,0.0775234607461661,1.4210854715202004e-14,0.1,-21.19999999999999
14.90599999949336,0.0,0.0,0.0,0.0,0.0,0.0,0.1425741969939727,0.4000000000000057,-0.0999999999999998,-20.59999999999998,0.0,0.0,0.0,0.0,0.0,0.0,0.0775234607461661,1.4210854715202004e-14,5.551115123125783e-17,-21.19999999999999
14.92200000025332,0.0,0.0,0.0,0.0,0.0,0.0,0.142558937972076,0.4000000000000057,-0.0999999999999998,-20.59999999999998,0.0,0.0,0.0,0.0,0.0,0.0,0.0775997558556496,1.4210854715202004e-14,0.1,-21.19999999999999
14.937999999150634,0.0,0.0,0.0,0.0,0.0,0.0,0.142558937972076,0.4000000000000057,-0.0999999999999998,-20.59999999999998,0.0,0.0,0.0,0.0,0.0,0.0,0.0775997558556496,1.4210854715202004e-14,0.1,-21.19999999999999
14.95299999974668,0.0,0.0,0.0,0.0,0.0,0.0,0.142558937972076,0.4000000000000057,-0.0999999999999998,-20.59999999999998,0.0,0.0,0.0,0.0,0.0,0.0,0.0775234607461661,1.4210854715202004e-14,0.1,-21.19999999999999
14.968999998643994,0.0,0.0,0.0,0.0,0.0,0.0,0.142558937972076,0.3000000000000113,-0.0999999999999998,-20.59999999999998,0.0,0.0,0.0,0.0,0.0,0.0,0.0775234607461661,1.4210854715202004e-14,5.551115123125783e-17,-21.19999999999999
14.984999999403954,0.0,0.0,0.0,0.0,0.0,0.0,0.1426352330815594,0.3000000000000113,-0.0999999999999998,-20.59999999999998,0.0,0.0,0.0,0.0,0.0,0.0,0.0775539787899595,1.4210854715202004e-14,5.551115123125783e-17,-21.19999999999999
15.0,0.0,0.0,0.0,0.0,0.0,0.0,0.1425436789501793,0.3000000000000113,-0.0999999999999998,-20.59999999999998,0.0,0.0,0.0,0.0,0.0,0.0,0.0775997558556496,1.4210854715202004e-14,5.551115123125783e-17,-21.19999999999999
15.015999998897314,0.0,0.0,0.0,0.0,0.0,0.0,0.1425436789501793,0.3000000000000113,-0.0999999999999998,-20.59999999999998,0.0,0.0,0.0,0.0,0.0,0.0,0.0775997558556496,1.4210854715202004e-14,0.1,-21.19999999999999
15.04700000025332,0.0,0.0,0.0,0.0,0.0,0.0,0.1425436789501793,0.4000000000000057,1.1102230246251563e-16,-20.59999999999998,0.0,0.0,0.0,0.0,0.0,0.0,0.0775539787899595,1.4210854715202004e-14,0.1,-21.19999999999999
15.062999999150634,0.0,0.0,0.0,0.0,0.0,0.0,0.1425436789501793,0.3000000000000113,-0.0999999999999998,-20.59999999999998,0.0,0.0,0.0,0.0,0.0,0.0,0.0775539787899595,1.4210854715202004e-14,5.551115123125783e-17,-21.19999999999999
15.07799999974668,0.0,0.0,0.0,0.0,0.0,0.0,0.1426047150377661,0.3000000000000113,-0.0999999999999998,-20.59999999999998,0.0,0.0,0.0,0.0,0.0,0.0,0.0775997558556496,1.4210854715202004e-14,5.551115123125783e-17,-21.19999999999999
15.093999998643994,0.0,0.0,0.0,0.0,0.0,0.0,0.1426047150377661,0.3000000000000113,-0.0999999999999998,-20.59999999999998,0.0,0.0,0.0,0.0,0.0,0.0,0.0775997558556496,1.4210854715202004e-14,5.551115123125783e-17,-21.19999999999999
15.109999999403954,0.0,0.0,0.0,0.0,0.0,0.0,0.1426047150377661,0.3000000000000113,-0.0999999999999998,-20.59999999999998,0.0,0.0,0.0,0.0,0.0,0.0,0.0775997558556496,1.4210854715202004e-14,0.1,-21.19999999999999
15.125,0.0,0.0,0.0,0.0,0.0,0.0,0.1426199740596627,0.3000000000000113,-0.0999999999999998,-20.59999999999998,0.0,0.0,0.0,0.0,0.0,0.0,0.0775997558556496,1.4210854715202004e-14,0.1,-21.19999999999999
15.140999998897314,0.0,0.0,0.0,0.0,0.0,0.0,0.1426504921034561,0.3000000000000113,-0.0999999999999998,-20.59999999999998,0.0,0.0,0.0,0.0,0.0,0.0,0.0775692378118562,1.4210854715202004e-14,5.551115123125783e-17,-21.19999999999999
15.15599999949336,0.0,0.0,0.0,0.0,0.0,0.0,0.1426504921034561,0.3000000000000113,-0.0999999999999998,-20.59999999999998,0.0,0.0,0.0,0.0,0.0,0.0,0.0775692378118562,1.4210854715202004e-14,5.551115123125783e-17,-21.19999999999999
15.17200000025332,0.0,0.0,0.0,0.0,0.0,0.0,0.1426504921034561,0.3000000000000113,-0.0999999999999998,-20.59999999999998,0.0,0.0,0.0,0.0,0.0,0.0,0.0775692378118562,1.4210854715202004e-14,5.551115123125783e-17,-21.19999999999999
15.187999999150634,0.0,0.0,0.0,0.0,0.0,0.0,0.1426199740596627,0.3000000000000113,-0.0999999999999998,-20.59999999999998,0.0,0.0,0.0,0.0,0.0,0.0,0.0775692378118562,1.4210854715202004e-14,0.1,-21.19999999999999
15.20299999974668,0.0,0.0,0.0,0.0,0.0,0.0,0.1426199740596627,0.3000000000000113,-0.0999999999999998,-20.59999999999998,0.0,0.0,0.0,0.0,0.0,0.0,0.0775387197680628,1.4210854715202004e-14,0.1,-21.19999999999999
15.218999998643994,0.0,0.0,0.0,0.0,0.0,0.0,0.1426199740596627,0.3000000000000113,-0.0999999999999998,-20.59999999999998,0.0,0.0,0.0,0.0,0.0,0.0,0.0774929427023727,1.4210854715202004e-14,5.551115123125783e-17,-21.19999999999999
15.234999999403954,0.0,0.0,0.0,0.0,0.0,0.0,0.1426199740596627,0.3000000000000113,-0.0999999999999998,-20.59999999999998,0.0,0.0,0.0,0.0,0.0,0.0,0.0774929427023727,1.4210854715202004e-14,5.551115123125783e-17,-21.19999999999999
15.25,0.0,0.0,0.0,0.0,0.0,0.0,0.1425741969939727,0.3000000000000113,-0.0999999999999998,-20.59999999999998,0.0,0.0,0.0,0.0,0.0,0.0,0.0775387197680628,1.4210854715202004e-14,5.551115123125783e-17,-21.19999999999999
15.265999998897314,0.0,0.0,0.0,0.0,0.0,0.0,0.1425741969939727,0.3000000000000113,-0.0999999999999998,-20.59999999999998,0.0,0.0,0.0,0.0,0.0,0.0,0.0774929427023727,1.4210854715202004e-14,0.1,-21.19999999999999
15.29700000025332,0.0,0.0,0.0,0.0,0.0,0.0,0.1425741969939727,0.3000000000000113,1.1102230246251563e-16,-20.59999999999998,0.0,0.0,0.0,0.0,0.0,0.0,0.0774166475928893,1.4210854715202004e-14,0.1,-21.19999999999999
15.312999999150634,0.0,0.0,0.0,0.0,0.0,0.0,0.1425284199282826,0.3000000000000113,1.1102230246251563e-16,-20.59999999999998,0.0,0.0,0.0,0.0,0.0,0.0,0.0774166475928893,1.4210854715202004e-14,5.551115123125783e-17,-21.19999999999999
15.32799999974668,0.0,0.0,0.0,0.0,0.0,0.0,0.1425284199282826,0.3000000000000113,-0.0999999999999998,-20.59999999999998,0.0,0.0,0.0,0.0,0.0,0.0,0.0774166475928893,1.4210854715202004e-14,5.551115123125783e-17,-21.19999999999999
15.359999999403954,0.0,0.0,0.0,0.0,0.0,0.0,0.1425284199282826,0.3000000000000113,-0.0999999999999998,-20.59999999999998,0.0,0.0,0.0,0.0,0.0,0.0,0.0774166475928893,1.4210854715202004e-14,5.551115123125783e-17,-21.19999999999999
15.375,0.0,0.0,0.0,0.0,0.0,0.0,0.1425131609063859,0.3000000000000113,-0.0999999999999998,-20.59999999999998,0.0,0.0,0.0,0.0,0.0,0.0,0.0774166475928893,1.4210854715202004e-14,5.551115123125783e-17,-21.19999999999999
15.390999998897314,0.0,0.0,0.0,0.0,0.0,0.0,0.1424673838406958,0.3000000000000113,-0.0999999999999998,-20.59999999999998,0.0,0.0,0.0,0.0,0.0,0.0,0.0774166475928893,1.4210854715202004e-14,5.551115123125783e-17,-21.19999999999999
15.40599999949336,0.0,0.0,0.0,0.0,0.0,0.0,0.1424521248187991,0.3000000000000113,-0.0999999999999998,-20.59999999999998,0.0,0.0,0.0,0.0,0.0,0.0,0.077477683680476,1.4210854715202004e-14,5.551115123125783e-17,-21.19999999999999
15.42200000025332,0.0,0.0,0.0,0.0,0.0,0.0,0.1424673838406958,0.3000000000000113,-0.0999999999999998,-20.59999999999998,0.0,0.0,0.0,0.0,0.0,0.0,0.077477683680476,1.4210854715202004e-14,5.551115123125783e-17,-21.19999999999999
15.437999999150634,0.0,0.0,0.0,0.0,0.0,0.0,0.1424521248187991,0.3000000000000113,-0.0999999999999998,-20.59999999999998,0.0,0.0,0.0,0.0,0.0,0.0,0.0774929427023727,1.4210854715202004e-14,5.551115123125783e-17,-21.19999999999999
15.45299999974668,0.0,0.0,0.0,0.0,0.0,0.0,0.1424521248187991,0.3000000000000113,-0.0999999999999998,-20.59999999999998,0.0,0.0,0.0,0.0,0.0,0.0,0.0774929427023727,1.4210854715202004e-14,5.551115123125783e-17,-21.19999999999999
15.468999998643994,0.0,0.0,0.0,0.0,0.0,0.0,0.1424521248187991,0.3000000000000113,-0.0999999999999998,-20.59999999999998,0.0,0.0,0.0,0.0,0.0,0.0,0.0775082017242694,1.4210854715202004e-14,0.1,-21.19999999999999
15.484999999403954,0.0,0.0,0.0,0.0,0.0,0.0,0.1424521248187991,0.3000000000000113,-0.0999999999999998,-20.59999999999998,0.0,0.0,0.0,0.0,0.0,0.0,0.077477683680476,1.4210854715202004e-14,0.1,-21.19999999999999
15.5,0.0,0.0,0.0,0.0,0.0,0.0,0.1424521248187991,0.3000000000000113,-0.0999999999999998,-20.59999999999998,0.0,0.0,0.0,0.0,0.0,0.0,0.0774471656366826,1.4210854715202004e-14,5.551115123125783e-17,-21.19999999999999
15.515999998897314,0.0,0.0,0.0,0.0,0.0,0.0,0.1424521248187991,0.3000000000000113,-0.0999999999999998,-20.59999999999998,0.0,0.0,0.0,0.0,0.0,0.0,0.0774471656366826,1.4210854715202004e-14,5.551115123125783e-17,-21.19999999999999
15.53099999949336,0.0,0.0,0.0,0.0,0.0,0.0,0.1424216067750057,0.3000000000000113,-0.0999999999999998,-20.59999999999998,0.0,0.0,0.0,0.0,0.0,0.0,0.0774929427023727,1.4210854715202004e-14,5.551115123125783e-17,-21.19999999999999
15.562999999150634,0.0,0.0,0.0,0.0,0.0,0.0,0.142406347753109,0.3000000000000113,-0.0999999999999998,-20.59999999999998,0.0,0.0,0.0,0.0,0.0,0.0,0.0774929427023727,1.4210854715202004e-14,0.1,-21.19999999999999
15.57799999974668,0.0,0.0,0.0,0.0,0.0,0.0,0.1423910887312123,0.3000000000000113,1.1102230246251563e-16,-20.59999999999998,0.0,0.0,0.0,0.0,0.0,0.0,0.0774624246585793,1.4210854715202004e-14,0.1,-21.19999999999999
15.593999998643994,0.0,0.0,0.0,0.0,0.0,0.0,0.1423910887312123,0.3000000000000113,1.1102230246251563e-16,-20.59999999999998,0.0,0.0,0.0,0.0,0.0,0.0,0.0774471656366826,1.4210854715202004e-14,0.1,-21.19999999999999
15.609999999403954,0.0,0.0,0.0,0.0,0.0,0.0,0.142406347753109,0.3000000000000113,-0.0999999999999998,-20.59999999999998,0.0,0.0,0.0,0.0,0.0,0.0,0.0774624246585793,1.4210854715202004e-14,0.1,-21.19999999999999
15.625,0.0,0.0,0.0,0.0,0.0,0.0,0.1423453116655222,0.3000000000000113,-0.0999999999999998,-20.59999999999998,0.0,0.0,0.0,0.0,0.0,0.0,0.0774929427023727,1.4210854715202004e-14,0.1,-21.19999999999999
15.640999998897314,0.0,0.0,0.0,0.0,0.0,0.0,0.1423453116655222,0.3000000000000113,-0.0999999999999998,-20.59999999999998,0.0,0.0,0.0,0.0,0.0,0.0,0.0774624246585793,1.4210854715202004e-14,0.1,-21.19999999999999
15.65599999949336,0.0,0.0,0.0,0.0,0.0,0.0,0.1423453116655222,0.3000000000000113,-0.0999999999999998,-20.59999999999998,0.0,0.0,0.0,0.0,0.0,0.0,0.0774471656366826,1.4210854715202004e-14,0.1,-21.19999999999999
15.67200000025332,0.0,0.0,0.0,0.0,0.0,0.0,0.1424216067750057,0.3000000000000113,-0.0999999999999998,-20.59999999999998,0.0,0.0,0.0,0.0,0.0,0.0,0.0774471656366826,1.4210854715202004e-14,0.1,-21.19999999999999
15.687999999150634,0.0,0.0,0.0,0.0,0.0,0.0,0.1424673838406958,0.3000000000000113,-0.0999999999999998,-20.59999999999998,0.0,0.0,0.0,0.0,0.0,0.0,0.0774471656366826,1.4210854715202004e-14,0.1,-21.19999999999999
15.70299999974668,0.0,0.0,0.0,0.0,0.0,0.0,0.1424673838406958,0.3000000000000113,-0.0999999999999998,-20.59999999999998,0.0,0.0,0.0,0.0,0.0,0.0,0.077477683680476,1.4210854715202004e-14,0.1,-21.19999999999999
15.718999998643994,0.0,0.0,0.0,0.0,0.0,0.0,0.1424673838406958,0.3000000000000113,-0.0999999999999998,-20.59999999999998,0.0,0.0,0.0,0.0,0.0,0.0,0.077477683680476,1.4210854715202004e-14,0.2,-21.19999999999999
15.75,0.0,0.0,0.0,0.0,0.0,0.0,0.1424673838406958,0.3000000000000113,-0.0999999999999998,-20.59999999999998,0.0,0.0,0.0,0.0,0.0,0.0,0.0774471656366826,1.4210854715202004e-14,0.2,-21.19999999999999
15.765999998897314,0.0,0.0,0.0,0.0,0.0,0.0,0.1424673838406958,0.3000000000000113,-0.0999999999999998,-20.59999999999998,0.0,0.0,0.0,0.0,0.0,0.0,0.077477683680476,1.4210854715202004e-14,0.1,-21.19999999999999
15.78099999949336,0.0,0.0,0.0,0.0,0.0,0.0,0.1424673838406958,0.3000000000000113,-0.0999999999999998,-20.59999999999998,0.0,0.0,0.0,0.0,0.0,0.0,0.0774929427023727,1.4210854715202004e-14,0.1,-21.19999999999999
15.79700000025332,0.0,0.0,0.0,0.0,0.0,0.0,0.1424521248187991,0.3000000000000113,-0.0999999999999998,-20.59999999999998,0.0,0.0,0.0,0.0,0.0,0.0,0.0774929427023727,1.4210854715202004e-14,0.1,-21.19999999999999
15.812999999150634,0.0,0.0,0.0,0.0,0.0,0.0,0.1424216067750057,0.3000000000000113,1.1102230246251563e-16,-20.59999999999998,0.0,0.0,0.0,0.0,0.0,0.0,0.0774929427023727,1.4210854715202004e-14,0.1,-21.19999999999999
15.82799999974668,0.0,0.0,0.0,0.0,0.0,0.0,0.1424216067750057,0.3000000000000113,1.1102230246251563e-16,-20.59999999999998,0.0,0.0,0.0,0.0,0.0,0.0,0.0774166475928893,1.4210854715202004e-14,0.1,-21.19999999999999
15.843999998643994,0.0,0.0,0.0,0.0,0.0,0.0,0.1424521248187991,0.3000000000000113,1.1102230246251563e-16,-20.59999999999998,0.0,0.0,0.0,0.0,0.0,0.0,0.0774166475928893,1.4210854715202004e-14,0.1,-21.19999999999999
15.859999999403954,0.0,0.0,0.0,0.0,0.0,0.0,0.1424826428625925,0.3000000000000113,-0.0999999999999998,-20.59999999999998,0.0,0.0,0.0,0.0,0.0,0.0,0.077431906614786,1.4210854715202004e-14,0.1,-21.19999999999999
15.875,0.0,0.0,0.0,0.0,0.0,0.0,0.1424521248187991,0.3000000000000113,-0.0999999999999998,-20.59999999999998,0.0,0.0,0.0,0.0,0.0,0.0,0.077431906614786,1.4210854715202004e-14,0.1,-21.19999999999999
15.890999998897314,0.0,0.0,0.0,0.0,0.0,0.0,0.1423910887312123,0.3000000000000113,-0.0999999999999998,-20.59999999999998,0.0,0.0,0.0,0.0,0.0,0.0,0.0774166475928893,1.4210854715202004e-14,0.1,-21.19999999999999
15.90599999949336,0.0,0.0,0.0,0.0,0.0,0.0,0.1423910887312123,0.3000000000000113,-0.0999999999999998,-20.59999999999998,0.0,0.0,0.0,0.0,0.0,0.0,0.0774013885709926,1.4210854715202004e-14,0.1,-21.19999999999999
15.92200000025332,0.0,0.0,0.0,0.0,0.0,0.0,0.1423910887312123,0.3000000000000113,-0.0999999999999998,-20.59999999999998,0.0,0.0,0.0,0.0,0.0,0.0,0.0773861295490959,1.4210854715202004e-14,0.1,-21.19999999999999
15.937999999150634,0.0,0.0,0.0,0.0,0.0,0.0,0.1423758297093156,0.3000000000000113,-0.0999999999999998,-20.59999999999998,0.0,0.0,0.0,0.0,0.0,0.0,0.0773861295490959,1.4210854715202004e-14,5.551115123125783e-17,-21.19999999999999
15.95299999974668,0.0,0.0,0.0,0.0,0.0,0.0,0.1423758297093156,0.3000000000000113,-0.0999999999999998,-20.59999999999998,0.0,0.0,0.0,0.0,0.0,0.0,0.0773861295490959,1.4210854715202004e-14,5.551115123125783e-17,-21.19999999999999
15.968999998643994,0.0,0.0,0.0,0.0,0.0,0.0,0.1423758297093156,0.3000000000000113,-0.0999999999999998,-20.59999999999998,0.0,0.0,0.0,0.0,0.0,0.0,0.0773708705271992,1.4210854715202004e-14,0.1,-21.19999999999999
15.984999999403954,0.0,0.0,0.0,0.0,0.0,0.0,0.1423758297093156,0.3000000000000113,-0.0999999999999998,-20.59999999999998,0.0,0.0,0.0,0.0,0.0,0.0,0.0772945754177157,1.4210854715202004e-14,0.1,-21.19999999999999
16.0,0.0,0.0,0.0,0.0,0.0,0.0,0.1424979018844892,0.3000000000000113,1.1102230246251563e-16,-20.59999999999998,0.0,0.0,0.0,0.0,0.0,0.0,0.0772945754177157,1.4210854715202004e-14,0.1,-21.19999999999999
16.03099999949336,0.0,0.0,0.0,0.0,0.0,0.0,0.1424979018844892,0.3000000000000113,1.1102230246251563e-16,-20.59999999999998,0.0,0.0,0.0,0.0,0.0,0.0,0.0773708705271992,1.4210854715202004e-14,0.1,-21.19999999999999
16.062999999150634,0.0,0.0,0.0,0.0,0.0,0.0,0.1424979018844892,0.3000000000000113,-0.0999999999999998,-20.59999999999998,0.0,0.0,0.0,0.0,0.0,0.0,0.0774166475928893,1.4210854715202004e-14,0.1,-21.19999999999999
16.07799999974668,0.0,0.0,0.0,0.0,0.0,0.0,0.1424979018844892,0.3000000000000113,1.1102230246251563e-16,-20.59999999999998,0.0,0.0,0.0,0.0,0.0,0.0,0.0773861295490959,1.4210854715202004e-14,0.1,-21.19999999999999
16.093999998643994,0.0,0.0,0.0,0.0,0.0,0.0,0.1424979018844892,0.3000000000000113,1.1102230246251563e-16,-20.59999999999998,0.0,0.0,0.0,0.0,0.0,0.0,0.0772945754177157,1.4210854715202004e-14,0.1,-21.19999999999999
16.109999999403954,0.0,0.0,0.0,0.0,0.0,0.0,0.1424979018844892,0.3000000000000113,1.1102230246251563e-16,-20.59999999999998,0.0,0.0,0.0,0.0,0.0,0.0,0.0773708705271992,1.4210854715202004e-14,0.1,-21.19999999999999
16.125,0.0,0.0,0.0,0.0,0.0,0.0,0.1424673838406958,0.3000000000000113,1.1102230246251563e-16,-20.59999999999998,0.0,0.0,0.0,0.0,0.0,0.0,0.0773861295490959,1.4210854715202004e-14,0.1,-21.19999999999999
16.140999998897314,0.0,0.0,0.0,0.0,0.0,0.0,0.1424673838406958,0.3000000000000113,-0.0999999999999998,-20.59999999999998,0.0,0.0,0.0,0.0,0.0,0.0,0.0773861295490959,1.4210854715202004e-14,0.1,-21.19999999999999
16.15599999949336,0.0,0.0,0.0,0.0,0.0,0.0,0.1424673838406958,0.3000000000000113,-0.0999999999999998,-20.59999999999998,0.0,0.0,0.0,0.0,0.0,0.0,0.0773861295490959,1.4210854715202004e-14,0.1,-21.19999999999999
16.17200000025332,0.0,0.0,0.0,0.0,0.0,0.0,0.1424673838406958,0.3000000000000113,1.1102230246251563e-16,-20.59999999999998,0.0,0.0,0.0,0.0,0.0,0.0,0.0773708705271992,1.4210854715202004e-14,0.1,-21.19999999999999
16.187999999150634,0.0,0.0,0.0,0.0,0.0,0.0,0.1425131609063859,0.3000000000000113,1.1102230246251563e-16,-20.59999999999998,0.0,0.0,0.0,0.0,0.0,0.0,0.0773708705271992,1.4210854715202004e-14,0.1,-21.19999999999999
16.20299999974668,0.0,0.0,0.0,0.0,0.0,0.0,0.1423910887312123,0.3000000000000113,-0.0999999999999998,-20.59999999999998,0.0,0.0,0.0,0.0,0.0,0.0,0.0774013885709926,1.4210854715202004e-14,0.1,-21.19999999999999
16.218999998643994,0.0,0.0,0.0,0.0,0.0,0.0,0.1423910887312123,0.3000000000000113,-0.0999999999999998,-20.59999999999998,0.0,0.0,0.0,0.0,0.0,0.0,0.0774013885709926,1.4210854715202004e-14,0.1,-21.19999999999999
16.25,0.0,0.0,0.0,0.0,0.0,0.0,0.1423910887312123,0.3000000000000113,-0.0999999999999998,-20.59999999999998,0.0,0.0,0.0,0.0,0.0,0.0,0.0774013885709926,1.4210854715202004e-14,0.1,-21.19999999999999
16.265999998897314,0.0,0.0,0.0,0.0,0.0,0.0,0.1423910887312123,0.3000000000000113,-0.0999999999999998,-20.59999999999998,0.0,0.0,0.0,0.0,0.0,0.0,0.0774013885709926,1.4210854715202004e-14,0.1,-21.19999999999999
16.28099999949336,0.0,0.0,0.0,0.0,0.0,0.0,0.1424826428625925,0.3000000000000113,-0.0999999999999998,-20.59999999999998,0.0,0.0,0.0,0.0,0.0,0.0,0.0773250934615091,1.4210854715202004e-14,0.1,-21.19999999999999
16.29700000025332,0.0,0.0,0.0,0.0,0.0,0.0,0.1424826428625925,0.3000000000000113,1.1102230246251563e-16,-20.59999999999998,0.0,0.0,0.0,0.0,0.0,0.0,0.0774013885709926,1.4210854715202004e-14,0.1,-21.19999999999999
16.312999999150634,0.0,0.0,0.0,0.0,0.0,0.0,0.1424216067750057,0.3000000000000113,-0.0999999999999998,-20.59999999999998,0.0,0.0,0.0,0.0,0.0,0.0,0.0774013885709926,1.4210854715202004e-14,5.551115123125783e-17,-21.19999999999999
16.32799999974668,0.0,0.0,0.0,0.0,0.0,0.0,0.1424826428625925,0.3000000000000113,-0.0999999999999998,-20.59999999999998,0.0,0.0,0.0,0.0,0.0,0.0,0.0774013885709926,1.4210854715202004e-14,5.551115123125783e-17,-21.19999999999999
16.343999998643994,0.0,0.0,0.0,0.0,0.0,0.0,0.1424521248187991,0.3000000000000113,-0.0999999999999998,-20.59999999999998,0.0,0.0,0.0,0.0,0.0,0.0,0.0773861295490959,1.4210854715202004e-14,0.1,-21.19999999999999
16.359999999403954,0.0,0.0,0.0,0.0,0.0,0.0,0.1424826428625925,0.3000000000000113,1.1102230246251563e-16,-20.59999999999998,0.0,0.0,0.0,0.0,0.0,0.0,0.0773556115053025,1.4210854715202004e-14,0.1,-21.19999999999999
16.375,0.0,0.0,0.0,0.0,0.0,0.0,0.1425436789501793,0.3000000000000113,1.1102230246251563e-16,-20.59999999999998,0.0,0.0,0.0,0.0,0.0,0.0,0.0773708705271992,1.4210854715202004e-14,0.1,-21.19999999999999
16.390999998897314,0.0,0.0,0.0,0.0,0.0,0.0,0.1424521248187991,0.3000000000000113,1.1102230246251563e-16,-20.59999999999998,0.0,0.0,0.0,0.0,0.0,0.0,0.0773861295490959,1.4210854715202004e-14,5.551115123125783e-17,-21.19999999999999
16.40599999949336,0.0,0.0,0.0,0.0,0.0,0.0,0.1424521248187991,0.3000000000000113,-0.0999999999999998,-20.59999999999998,0.0,0.0,0.0,0.0,0.0,0.0,0.0773861295490959,1.4210854715202004e-14,5.551115123125783e-17,-21.19999999999999
16.42200000025332,0.0,0.0,0.0,0.0,0.0,0.0,0.1424673838406958,0.3000000000000113,-0.0999999999999998,-20.59999999999998,0.0,0.0,0.0,0.0,0.0,0.0,0.0773708705271992,1.4210854715202004e-14,5.551115123125783e-17,-21.19999999999999
16.45299999974668,0.0,0.0,0.0,0.0,0.0,0.0,0.1424673838406958,0.3000000000000113,1.1102230246251563e-16,-20.59999999999998,0.0,0.0,0.0,0.0,0.0,0.0,0.0773708705271992,1.4210854715202004e-14,0.1,-21.19999999999999
16.468999998643994,0.0,0.0,0.0,0.0,0.0,0.0,0.1425284199282826,0.3000000000000113,1.1102230246251563e-16,-20.59999999999998,0.0,0.0,0.0,0.0,0.0,0.0,0.0773708705271992,1.4210854715202004e-14,0.1,-21.19999999999999
16.484999999403954,0.0,0.0,0.0,0.0,0.0,0.0,0.1425284199282826,0.3000000000000113,1.1102230246251563e-16,-20.59999999999998,0.0,0.0,0.0,0.0,0.0,0.0,0.0773708705271992,1.4210854715202004e-14,0.1,-21.19999999999999
16.5,0.0,0.0,0.0,0.0,0.0,0.0,0.1424979018844892,0.3000000000000113,-0.0999999999999998,-20.59999999999998,0.0,0.0,0.0,0.0,0.0,0.0,0.0773861295490959,1.4210854715202004e-14,0.1,-21.19999999999999
16.515999998897314,0.0,0.0,0.0,0.0,0.0,0.0,0.1424979018844892,0.3000000000000113,-0.0999999999999998,-20.59999999999998,0.0,0.0,0.0,0.0,0.0,0.0,0.0773861295490959,1.4210854715202004e-14,0.1,-21.19999999999999
16.53099999949336,0.0,0.0,0.0,0.0,0.0,0.0,0.1424826428625925,0.3000000000000113,-0.0999999999999998,-20.59999999999998,0.0,0.0,0.0,0.0,0.0,0.0,0.0773708705271992,1.4210854715202004e-14,0.1,-21.19999999999999
16.54700000025332,0.0,0.0,0.0,0.0,0.0,0.0,0.1424979018844892,0.3000000000000113,1.1102230246251563e-16,-20.59999999999998,0.0,0.0,0.0,0.0,0.0,0.0,0.0773861295490959,1.4210854715202004e-14,0.1,-21.29999999999999
16.562999999150634,0.0,0.0,0.0,0.0,0.0,0.0,0.1424826428625925,0.3000000000000113,1.1102230246251563e-16,-20.59999999999998,0.0,0.0,0.0,0.0,0.0,0.0,0.0774166475928893,1.4210854715202004e-14,0.1,-21.29999999999999
16.57799999974668,0.0,0.0,0.0,0.0,0.0,0.0,0.1424673838406958,0.3000000000000113,1.1102230246251563e-16,-20.59999999999998,0.0,0.0,0.0,0.0,0.0,0.0,0.0774166475928893,1.4210854715202004e-14,0.1,-21.29999999999999
16.593999998643994,0.0,0.0,0.0,0.0,0.0,0.0,0.1424368657969024,0.3000000000000113,-0.0999999999999998,-20.59999999999998,0.0,0.0,0.0,0.0,0.0,0.0,0.0774166475928893,1.4210854715202004e-14,0.1,-21.29999999999999
16.609999999403954,0.0,0.0,0.0,0.0,0.0,0.0,0.1424368657969024,0.3000000000000113,1.1102230246251563e-16,-20.59999999999998,0.0,0.0,0.0,0.0,0.0,0.0,0.0774166475928893,1.4210854715202004e-14,0.1,-21.29999999999999
16.625,0.0,0.0,0.0,0.0,0.0,0.0,0.1424368657969024,0.3000000000000113,1.1102230246251563e-16,-20.59999999999998,0.0,0.0,0.0,0.0,0.0,0.0,0.0773708705271992,1.4210854715202004e-14,0.1,-21.29999999999999
16.640999998897314,0.0,0.0,0.0,0.0,0.0,0.0,0.1424368657969024,0.3000000000000113,1.1102230246251563e-16,-20.59999999999998,0.0,0.0,0.0,0.0,0.0,0.0,0.0773708705271992,1.4210854715202004e-14,0.1,-21.29999999999999
16.65599999949336,0.0,0.0,0.0,0.0,0.0,0.0,0.1424216067750057,0.3000000000000113,1.1102230246251563e-16,-20.59999999999998,0.0,0.0,0.0,0.0,0.0,0.0,0.0773708705271992,1.4210854715202004e-14,0.1,-21.29999999999999
16.67200000025332,0.0,0.0,0.0,0.0,0.0,0.0,0.1424216067750057,0.3000000000000113,1.1102230246251563e-16,-20.59999999999998,0.0,0.0,0.0,0.0,0.0,0.0,0.0773708705271992,1.4210854715202004e-14,5.551115123125783e-17,-21.29999999999999
16.687999999150634,0.0,0.0,0.0,0.0,0.0,0.0,0.1424368657969024,0.3000000000000113,-0.0999999999999998,-20.59999999999998,0.0,0.0,0.0,0.0,0.0,0.0,0.0773708705271992,1.4210854715202004e-14,0.1,-21.29999999999999
16.70299999974668,0.0,0.0,0.0,0.0,0.0,0.0,0.1424673838406958,0.3000000000000113,1.1102230246251563e-16,-20.59999999999998,0.0,0.0,0.0,0.0,0.0,0.0,0.0775387197680628,1.4210854715202004e-14,0.1,-21.29999999999999
16.718999998643994,0.0,0.0,0.0,0.0,0.0,0.0,0.1425131609063859,0.3000000000000113,1.1102230246251563e-16,-20.59999999999998,0.0,0.0,0.0,0.0,0.0,0.0,0.0773708705271992,1.4210854715202004e-14,0.2,-21.29999999999999
16.75,0.0,0.0,0.0,0.0,0.0,0.0,0.1424673838406958,0.3000000000000113,1.1102230246251563e-16,-20.59999999999998,0.0,0.0,0.0,0.0,0.0,0.0,0.0773708705271992,1.4210854715202004e-14,0.1,-21.29999999999999
16.765999998897314,0.0,0.0,0.0,0.0,0.0,0.0,0.1424673838406958,0.3000000000000113,1.1102230246251563e-16,-20.59999999999998,0.0,0.0,0.0,0.0,0.0,0.0,0.077477683680476,1.4210854715202004e-14,0.1,-21.29999999999999
16.78099999949336,0.0,0.0,0.0,0.0,0.0,0.0,0.1425131609063859,0.3000000000000113,1.1102230246251563e-16,-20.59999999999998,0.0,0.0,0.0,0.0,0.0,0.0,0.0785610742351415,1.4210854715202004e-14,0.1,-21.29999999999999
16.79700000025332,0.0,0.0,0.0,0.0,0.0,0.0,0.1425131609063859,0.3000000000000113,-0.0999999999999998,-20.59999999999998,0.0,0.0,0.0,0.0,0.0,0.0,0.0774929427023727,1.4210854715202004e-14,0.1,-21.29999999999999
16.812999999150634,0.0,0.0,0.0,0.0,0.0,0.0,0.142558937972076,0.3000000000000113,-0.0999999999999998,-20.59999999999998,0.0,0.0,0.0,0.0,0.0,0.0,0.0786984054322118,1.4210854715202004e-14,0.1,-21.29999999999999
16.82799999974668,0.0,0.0,0.0,0.0,0.0,0.0,0.142558937972076,0.3000000000000113,1.1102230246251563e-16,-20.59999999999998,0.0,0.0,0.0,0.0,0.0,0.0,0.077477683680476,1.4210854715202004e-14,0.2,-21.29999999999999
16.843999998643994,0.0,0.0,0.0,0.0,0.0,0.0,0.1425131609063859,0.3000000000000113,1.1102230246251563e-16,-20.59999999999998,0.0,0.0,0.0,0.0,0.0,0.0,0.077477683680476,1.4210854715202004e-14,0.1,-21.29999999999999
16.859999999403954,0.0,0.0,0.0,0.0,0.0,0.0,0.1425284199282826,0.3000000000000113,-0.0999999999999998,-20.59999999999998,0.0,0.0,0.0,0.0,0.0,0.0,0.0772640573739223,1.4210854715202004e-14,0.1,-21.29999999999999
16.875,0.0,0.0,0.0,0.0,0.0,0.0,0.1425284199282826,0.3000000000000113,-0.0999999999999998,-20.59999999999998,0.0,0.0,0.0,0.0,0.0,0.0,0.077477683680476,1.4210854715202004e-14,0.1,-21.29999999999999
16.890999998897314,0.0,0.0,0.0,0.0,0.0,0.0,0.1425284199282826,0.3000000000000113,-0.0999999999999998,-20.59999999999998,0.0,0.0,0.0,0.0,0.0,0.0,0.0775082017242694,1.4210854715202004e-14,0.1,-21.29999999999999
16.90599999949336,0.0,0.0,0.0,0.0,0.0,0.0,0.1425284199282826,0.3000000000000113,-0.0999999999999998,-20.59999999999998,0.0,0.0,0.0,0.0,0.0,0.0,0.077477683680476,1.4210854715202004e-14,0.2,-21.29999999999999
16.92200000025332,0.0,0.0,0.0,0.0,0.0,0.0,0.1424826428625925,0.3000000000000113,1.1102230246251563e-16,-20.59999999999998,0.0,0.0,0.0,0.0,0.0,0.0,0.0772945754177157,1.4210854715202004e-14,0.1,-21.29999999999999
16.95299999974668,0.0,0.0,0.0,0.0,0.0,0.0,0.1424826428625925,0.3000000000000113,1.1102230246251563e-16,-20.59999999999998,0.0,0.0,0.0,0.0,0.0,0.0,0.0773708705271992,1.4210854715202004e-14,0.1,-21.29999999999999
16.968999998643994,0.0,0.0,0.0,0.0,0.0,0.0,0.1425284199282826,0.3000000000000113,-0.0999999999999998,-20.59999999999998,0.0,0.0,0.0,0.0,0.0,0.0,0.0772945754177157,1.4210854715202004e-14,0.1,-21.29999999999999
16.984999999403954,0.0,0.0,0.0,0.0,0.0,0.0,0.1424979018844892,0.3000000000000113,-0.0999999999999998,-20.59999999999998,0.0,0.0,0.0,0.0,0.0,0.0,0.0773708705271992,1.4210854715202004e-14,0.1,-21.29999999999999
17.0,0.0,0.0,0.0,0.0,0.0,0.0,0.1425894560158694,0.3000000000000113,-0.0999999999999998,-20.59999999999998,0.0,0.0,0.0,0.0,0.0,0.0,0.0772945754177157,1.4210854715202004e-14,0.2,-21.29999999999999
17.015999998897314,0.0,0.0,0.0,0.0,0.0,0.0,0.1425894560158694,0.3000000000000113,1.1102230246251563e-16,-20.59999999999998,0.0,0.0,0.0,0.0,0.0,0.0,0.0772182803082322,1.4210854715202004e-14,0.2,-21.29999999999999
17.04700000025332,0.0,0.0,0.0,0.0,0.0,0.0,0.142558937972076,0.3000000000000113,1.1102230246251563e-16,-20.59999999999998,0.0,0.0,0.0,0.0,0.0,0.0,0.0772182803082322,1.4210854715202004e-14,0.1,-21.29999999999999
17.062999999150634,0.0,0.0,0.0,0.0,0.0,0.0,0.1425894560158694,0.3000000000000113,1.1102230246251563e-16,-20.59999999999998,0.0,0.0,0.0,0.0,0.0,0.0,0.0772182803082322,1.4210854715202004e-14,0.1,-21.29999999999999
17.07799999974668,0.0,0.0,0.0,0.0,0.0,0.0,0.142558937972076,0.3000000000000113,-0.0999999999999998,-20.59999999999998,0.0,0.0,0.0,0.0,0.0,0.0,0.0772182803082322,1.4210854715202004e-14,0.1,-21.29999999999999
17.093999998643994,0.0,0.0,0.0,0.0,0.0,0.0,0.142558937972076,0.3000000000000113,-0.0999999999999998,-20.59999999999998,0.0,0.0,0.0,0.0,0.0,0.0,0.0773098344396124,1.4210854715202004e-14,0.1,-21.29999999999999
17.109999999403954,0.0,0.0,0.0,0.0,0.0,0.0,0.1426047150377661,0.3000000000000113,-0.0999999999999998,-20.59999999999998,0.0,0.0,0.0,0.0,0.0,0.0,0.0773098344396124,1.4210854715202004e-14,0.2,-21.29999999999999
17.125,0.0,0.0,0.0,0.0,0.0,0.0,0.142558937972076,0.3000000000000113,1.1102230246251563e-16,-20.59999999999998,0.0,0.0,0.0,0.0,0.0,0.0,0.0773098344396124,1.4210854715202004e-14,0.1,-21.29999999999999
17.140999998897314,0.0,0.0,0.0,0.0,0.0,0.0,0.142558937972076,0.3000000000000113,1.1102230246251563e-16,-20.59999999999998,0.0,0.0,0.0,0.0,0.0,0.0,0.0773556115053025,1.4210854715202004e-14,0.1,-21.29999999999999
17.17200000025332,0.0,0.0,0.0,0.0,0.0,0.0,0.1426047150377661,0.3000000000000113,1.1102230246251563e-16,-20.59999999999998,0.0,0.0,0.0,0.0,0.0,0.0,0.0773556115053025,1.4210854715202004e-14,0.1,-21.19999999999999
17.17200000025332,0.0,0.0,0.0,0.0,0.0,0.0,0.1425436789501793,0.3000000000000113,-0.0999999999999998,-20.59999999999998,0.0,0.0,0.0,0.0,0.0,0.0,0.0773556115053025,1.4210854715202004e-14,0.1,-21.19999999999999
17.187999999150634,0.0,0.0,0.0,0.0,0.0,0.0,0.1426047150377661,0.3000000000000113,-0.0999999999999998,-20.59999999999998,0.0,0.0,0.0,0.0,0.0,0.0,0.0773098344396124,1.4210854715202004e-14,0.1,-21.19999999999999
17.20299999974668,0.0,0.0,0.0,0.0,0.0,0.0,0.1426047150377661,0.3000000000000113,-0.0999999999999998,-20.59999999999998,0.0,0.0,0.0,0.0,0.0,0.0,0.0772945754177157,1.4210854715202004e-14,0.1,-21.19999999999999
17.234999999403954,0.0,0.0,0.0,0.0,0.0,0.0,0.1425284199282826,0.3000000000000113,1.1102230246251563e-16,-20.59999999999998,0.0,0.0,0.0,0.0,0.0,0.0,0.0772945754177157,1.4210854715202004e-14,0.1,-21.19999999999999
17.234999999403954,0.0,0.0,0.0,0.0,0.0,0.0,0.142558937972076,0.3000000000000113,1.1102230246251563e-16,-20.59999999999998,0.0,0.0,0.0,0.0,0.0,0.0,0.077431906614786,1.4210854715202004e-14,0.1,-21.19999999999999
17.265999998897314,0.0,0.0,0.0,0.0,0.0,0.0,0.142558937972076,0.3000000000000113,-0.0999999999999998,-20.59999999999998,0.0,0.0,0.0,0.0,0.0,0.0,0.0774013885709926,1.4210854715202004e-14,5.551115123125783e-17,-21.19999999999999
17.28099999949336,0.0,0.0,0.0,0.0,0.0,0.0,0.142558937972076,0.3000000000000113,-0.0999999999999998,-20.59999999999998,0.0,0.0,0.0,0.0,0.0,0.0,0.0774013885709926,1.4210854715202004e-14,0.1,-21.19999999999999
17.29700000025332,0.0,0.0,0.0,0.0,0.0,0.0,0.142558937972076,0.3000000000000113,-0.0999999999999998,-20.59999999999998,0.0,0.0,0.0,0.0,0.0,0.0,0.0774013885709926,1.4210854715202004e-14,0.1,-21.19999999999999
17.312999999150634,0.0,0.0,0.0,0.0,0.0,0.0,0.142558937972076,0.3000000000000113,-0.0999999999999998,-20.59999999999998,0.0,0.0,0.0,0.0,0.0,0.0,0.0774929427023727,1.4210854715202004e-14,0.1,-21.19999999999999
17.32799999974668,0.0,0.0,0.0,0.0,0.0,0.0,0.142558937972076,0.3000000000000113,1.1102230246251563e-16,-20.59999999999998,0.0,0.0,0.0,0.0,0.0,0.0,0.0774929427023727,1.4210854715202004e-14,0.1,-21.19999999999999
17.343999998643994,0.0,0.0,0.0,0.0,0.0,0.0,0.142558937972076,0.3000000000000113,1.1102230246251563e-16,-20.59999999999998,0.0,0.0,0.0,0.0,0.0,0.0,0.0774929427023727,1.4210854715202004e-14,0.1,-21.19999999999999
17.359999999403954,0.0,0.0,0.0,0.0,0.0,0.0,0.1425131609063859,0.3000000000000113,-0.0999999999999998,-20.59999999999998,0.0,0.0,0.0,0.0,0.0,0.0,0.0774929427023727,1.4210854715202004e-14,0.1,-21.19999999999999
17.375,0.0,0.0,0.0,0.0,0.0,0.0,0.1425131609063859,0.3000000000000113,-0.0999999999999998,-20.59999999999998,0.0,0.0,0.0,0.0,0.0,0.0,0.0774929427023727,1.4210854715202004e-14,0.1,-21.19999999999999
17.390999998897314,0.0,0.0,0.0,0.0,0.0,0.0,0.1426352330815594,0.3000000000000113,1.1102230246251563e-16,-20.59999999999998,0.0,0.0,0.0,0.0,0.0,0.0,0.0774929427023727,1.4210854715202004e-14,0.1,-21.19999999999999
17.40599999949336,0.0,0.0,0.0,0.0,0.0,0.0,0.1425131609063859,0.3000000000000113,1.1102230246251563e-16,-20.59999999999998,0.0,0.0,0.0,0.0,0.0,0.0,0.0774929427023727,1.4210854715202004e-14,0.1,-21.19999999999999
17.42200000025332,0.0,0.0,0.0,0.0,0.0,0.0,0.1425131609063859,0.3000000000000113,1.1102230246251563e-16,-20.59999999999998,0.0,0.0,0.0,0.0,0.0,0.0,0.0775234607461661,1.4210854715202004e-14,0.1,-21.19999999999999
17.45299999974668,0.0,0.0,0.0,0.0,0.0,0.0,0.1425131609063859,0.3000000000000113,1.1102230246251563e-16,-20.59999999999998,0.0,0.0,0.0,0.0,0.0,0.0,0.0775997558556496,1.4210854715202004e-14,0.1,-21.19999999999999
17.468999998643994,0.0,0.0,0.0,0.0,0.0,0.0,0.1424979018844892,0.3000000000000113,1.1102230246251563e-16,-20.59999999999998,0.0,0.0,0.0,0.0,0.0,0.0,0.0775997558556496,1.4210854715202004e-14,0.1,-21.19999999999999
17.484999999403954,0.0,0.0,0.0,0.0,0.0,0.0,0.1424979018844892,0.3000000000000113,1.1102230246251563e-16,-20.59999999999998,0.0,0.0,0.0,0.0,0.0,0.0,0.0776455329213397,1.4210854715202004e-14,0.1,-21.19999999999999
17.5,0.0,0.0,0.0,0.0,0.0,0.0,0.1425436789501793,0.3000000000000113,1.1102230246251563e-16,-20.59999999999998,0.0,0.0,0.0,0.0,0.0,0.0,0.0776455329213397,1.4210854715202004e-14,0.1,-21.19999999999999
17.515999998897314,0.0,0.0,0.0,0.0,0.0,0.0,0.1424979018844892,0.3000000000000113,1.1102230246251563e-16,-20.59999999999998,0.0,0.0,0.0,0.0,0.0,0.0,0.0776607919432364,1.4210854715202004e-14,0.1,-21.19999999999999
17.53099999949336,0.0,0.0,0.0,0.0,0.0,0.0,0.142406347753109,0.3000000000000113,1.1102230246251563e-16,-20.59999999999998,0.0,0.0,0.0,0.0,0.0,0.0,0.0776607919432364,1.4210854715202004e-14,0.1,-21.19999999999999
17.54700000025332,0.0,0.0,0.0,0.0,0.0,0.0,0.1424979018844892,0.3000000000000113,1.1102230246251563e-16,-20.59999999999998,0.0,0.0,0.0,0.0,0.0,0.0,0.0776607919432364,1.4210854715202004e-14,0.1,-21.19999999999999
17.562999999150634,0.0,0.0,0.0,0.0,0.0,0.0,0.1398886091401541,0.3000000000000113,1.1102230246251563e-16,-20.59999999999998,0.0,0.0,0.0,0.0,0.0,0.0,0.0776607919432364,1.4210854715202004e-14,0.1,-21.19999999999999
17.57799999974668,0.0,0.0,0.0,0.0,0.0,0.0,0.1424979018844892,0.3000000000000113,1.1102230246251563e-16,-20.59999999999998,0.0,0.0,0.0,0.0,0.0,0.0,0.0776607919432364,1.4210854715202004e-14,0.1,-21.19999999999999
17.593999998643994,0.0,0.0,0.0,0.0,0.0,0.0,0.1424979018844892,0.3000000000000113,1.1102230246251563e-16,-20.59999999999998,0.0,0.0,0.0,0.0,0.0,0.0,0.0776913099870298,1.4210854715202004e-14,5.551115123125783e-17,-21.19999999999999
17.625,0.0,0.0,0.0,0.0,0.0,0.0,0.1426047150377661,0.3000000000000113,1.1102230246251563e-16,-20.59999999999998,0.0,0.0,0.0,0.0,0.0,0.0,0.0777065690089265,1.4210854715202004e-14,5.551115123125783e-17,-21.19999999999999
17.625,0.0,0.0,0.0,0.0,0.0,0.0,0.1426352330815594,0.3000000000000113,1.1102230246251563e-16,-20.59999999999998,0.0,0.0,0.0,0.0,0.0,0.0,0.0777370870527199,1.4210854715202004e-14,5.551115123125783e-17,-21.19999999999999
17.65599999949336,0.0,0.0,0.0,0.0,0.0,0.0,0.142406347753109,0.3000000000000113,1.1102230246251563e-16,-20.59999999999998,0.0,0.0,0.0,0.0,0.0,0.0,0.0777370870527199,1.4210854715202004e-14,5.551115123125783e-17,-21.19999999999999
17.67200000025332,0.0,0.0,0.0,0.0,0.0,0.0,0.1426047150377661,0.3000000000000113,1.1102230246251563e-16,-20.59999999999998,0.0,0.0,0.0,0.0,0.0,0.0,0.0777676050965133,1.4210854715202004e-14,5.551115123125783e-17,-21.19999999999999
17.687999999150634,0.0,0.0,0.0,0.0,0.0,0.0,0.1428488593881132,0.3000000000000113,1.1102230246251563e-16,-20.59999999999998,0.0,0.0,0.0,0.0,0.0,0.0,0.0777676050965133,1.4210854715202004e-14,5.551115123125783e-17,-21.19999999999999
17.70299999974668,0.0,0.0,0.0,0.0,0.0,0.0,0.1426047150377661,0.3000000000000113,1.1102230246251563e-16,-20.59999999999998,0.0,0.0,0.0,0.0,0.0,0.0,0.0777676050965133,1.4210854715202004e-14,5.551115123125783e-17,-21.19999999999999
17.718999998643994,0.0,0.0,0.0,0.0,0.0,0.0,0.1426047150377661,0.3000000000000113,1.1102230246251563e-16,-20.59999999999998,0.0,0.0,0.0,0.0,0.0,0.0,0.0777676050965133,1.4210854715202004e-14,5.551115123125783e-17,-21.19999999999999
17.734999999403954,0.0,0.0,0.0,0.0,0.0,0.0,0.1425894560158694,0.3000000000000113,1.1102230246251563e-16,-20.59999999999998,0.0,0.0,0.0,0.0,0.0,0.0,0.0777676050965133,1.4210854715202004e-14,5.551115123125783e-17,-21.19999999999999
17.75,0.0,0.0,0.0,0.0,0.0,0.0,0.1425131609063859,0.3000000000000113,1.1102230246251563e-16,-20.59999999999998,0.0,0.0,0.0,0.0,0.0,0.0,0.0777523460746166,1.4210854715202004e-14,5.551115123125783e-17,-21.19999999999999
17.765999998897314,0.0,0.0,0.0,0.0,0.0,0.0,0.1425131609063859,0.3000000000000113,1.1102230246251563e-16,-20.59999999999998,0.0,0.0,0.0,0.0,0.0,0.0,0.0777523460746166,1.4210854715202004e-14,5.551115123125783e-17,-21.19999999999999
17.78099999949336,0.0,0.0,0.0,0.0,0.0,0.0,0.1425131609063859,0.3000000000000113,1.1102230246251563e-16,-20.59999999999998,0.0,0.0,0.0,0.0,0.0,0.0,0.0777523460746166,1.4210854715202004e-14,5.551115123125783e-17,-21.19999999999999
17.79700000025332,0.0,0.0,0.0,0.0,0.0,0.0,0.1423605706874189,0.3000000000000113,1.1102230246251563e-16,-20.59999999999998,0.0,0.0,0.0,0.0,0.0,0.0,0.07778286411841,1.4210854715202004e-14,5.551115123125783e-17,-21.19999999999999
17.812999999150634,0.0,0.0,0.0,0.0,0.0,0.0,0.1424826428625925,0.3000000000000113,1.1102230246251563e-16,-20.59999999999998,0.0,0.0,0.0,0.0,0.0,0.0,0.07778286411841,1.4210854715202004e-14,5.551115123125783e-17,-21.19999999999999
17.82799999974668,0.0,0.0,0.0,0.0,0.0,0.0,0.1424826428625925,0.3000000000000113,1.1102230246251563e-16,-20.59999999999998,0.0,0.0,0.0,0.0,0.0,0.0,0.0777523460746166,1.4210854715202004e-14,5.551115123125783e-17,-21.19999999999999
17.843999998643994,0.0,0.0,0.0,0.0,0.0,0.0,0.1424368657969024,0.3000000000000113,1.1102230246251563e-16,-20.59999999999998,0.0,0.0,0.0,0.0,0.0,0.0,0.0777370870527199,1.4210854715202004e-14,5.551115123125783e-17,-21.19999999999999
17.859999999403954,0.0,0.0,0.0,0.0,0.0,0.0,0.1424368657969024,0.3000000000000113,1.1102230246251563e-16,-20.59999999999998,0.0,0.0,0.0,0.0,0.0,0.0,0.07778286411841,1.4210854715202004e-14,5.551115123125783e-17,-21.19999999999999
17.875,0.0,0.0,0.0,0.0,0.0,0.0,0.1424826428625925,0.3000000000000113,1.1102230246251563e-16,-20.59999999999998,0.0,0.0,0.0,0.0,0.0,0.0,0.0777676050965133,1.4210854715202004e-14,5.551115123125783e-17,-21.19999999999999
17.890999998897314,0.0,0.0,0.0,0.0,0.0,0.0,0.1424826428625925,0.3000000000000113,1.1102230246251563e-16,-20.59999999999998,0.0,0.0,0.0,0.0,0.0,0.0,0.0777676050965133,1.4210854715202004e-14,5.551115123125783e-17,-21.19999999999999
17.90599999949336,0.0,0.0,0.0,0.0,0.0,0.0,0.1424979018844892,0.3000000000000113,1.1102230246251563e-16,-20.59999999999998,0.0,0.0,0.0,0.0,0.0,0.0,0.0777676050965133,1.4210854715202004e-14,5.551115123125783e-17,-21.19999999999999
17.92200000025332,0.0,0.0,0.0,0.0,0.0,0.0,0.1424979018844892,0.3000000000000113,1.1102230246251563e-16,-20.59999999999998,0.0,0.0,0.0,0.0,0.0,0.0,0.0777523460746166,1.4210854715202004e-14,5.551115123125783e-17,-21.19999999999999
17.95299999974668,0.0,0.0,0.0,0.0,0.0,0.0,0.1424521248187991,0.3000000000000113,1.1102230246251563e-16,-20.59999999999998,0.0,0.0,0.0,0.0,0.0,0.0,0.0777523460746166,1.4210854715202004e-14,5.551115123125783e-17,-21.19999999999999
17.968999998643994,0.0,0.0,0.0,0.0,0.0,0.0,0.1424979018844892,0.3000000000000113,1.1102230246251563e-16,-20.59999999999998,0.0,0.0,0.0,0.0,0.0,0.0,0.0777523460746166,1.4210854715202004e-14,5.551115123125783e-17,-21.19999999999999
17.984999999403954,0.0,0.0,0.0,0.0,0.0,0.0,0.1424979018844892,0.3000000000000113,1.1102230246251563e-16,-20.59999999999998,0.0,0.0,0.0,0.0,0.0,0.0,0.0777523460746166,1.4210854715202004e-14,5.551115123125783e-17,-21.19999999999999
18.0,0.0,0.0,0.0,0.0,0.0,0.0,0.1425284199282826,0.3000000000000113,1.1102230246251563e-16,-20.59999999999998,0.0,0.0,0.0,0.0,0.0,0.0,0.0777218280308232,1.4210854715202004e-14,5.551115123125783e-17,-21.19999999999999
18.01599999889732,0.0,0.0,0.0,0.0,0.0,0.0,0.1424979018844892,0.3000000000000113,1.1102230246251563e-16,-20.59999999999998,0.0,0.0,0.0,0.0,0.0,0.0,0.0776913099870298,1.4210854715202004e-14,5.551115123125783e-17,-21.19999999999999
18.03099999949336,0.0,0.0,0.0,0.0,0.0,0.0,0.1424979018844892,0.3000000000000113,1.1102230246251563e-16,-20.59999999999998,0.0,0.0,0.0,0.0,0.0,0.0,0.0776455329213397,1.4210854715202004e-14,5.551115123125783e-17,-21.19999999999999
18.04700000025332,0.0,0.0,0.0,0.0,0.0,0.0,0.1425284199282826,0.3000000000000113,1.1102230246251563e-16,-20.59999999999998,0.0,0.0,0.0,0.0,0.0,0.0,0.077630273899443,1.4210854715202004e-14,5.551115123125783e-17,-21.19999999999999
18.06299999915064,0.0,0.0,0.0,0.0,0.0,0.0,0.1425741969939727,0.3000000000000113,1.1102230246251563e-16,-20.59999999999998,0.0,0.0,0.0,0.0,0.0,0.0,0.077630273899443,1.4210854715202004e-14,5.551115123125783e-17,-21.19999999999999
18.07799999974668,0.0,0.0,0.0,0.0,0.0,0.0,0.1425741969939727,0.3000000000000113,1.1102230246251563e-16,-20.59999999999998,0.0,0.0,0.0,0.0,0.0,0.0,0.077630273899443,1.4210854715202004e-14,5.551115123125783e-17,-21.19999999999999
18.093999998643994,0.0,0.0,0.0,0.0,0.0,0.0,0.1425741969939727,0.3000000000000113,1.1102230246251563e-16,-20.59999999999998,0.0,0.0,0.0,0.0,0.0,0.0,0.077630273899443,1.4210854715202004e-14,5.551115123125783e-17,-21.19999999999999
18.10999999940396,0.0,0.0,0.0,0.0,0.0,0.0,0.1425894560158694,0.3000000000000113,1.1102230246251563e-16,-20.59999999999998,0.0,0.0,0.0,0.0,0.0,0.0,0.077630273899443,1.4210854715202004e-14,5.551115123125783e-17,-21.19999999999999
18.14099999889732,0.0,0.0,0.0,0.0,0.0,0.0,0.1425894560158694,0.3000000000000113,1.1102230246251563e-16,-20.59999999999998,0.0,0.0,0.0,0.0,0.0,0.0,0.077630273899443,1.4210854715202004e-14,5.551115123125783e-17,-21.19999999999999
18.17200000025332,0.0,0.0,0.0,0.0,0.0,0.0,0.1425894560158694,0.3000000000000113,1.1102230246251563e-16,-20.59999999999998,0.0,0.0,0.0,0.0,0.0,0.0,0.077630273899443,1.4210854715202004e-14,5.551115123125783e-17,-21.19999999999999
18.18799999915064,0.0,0.0,0.0,0.0,0.0,0.0,0.1425741969939727,0.3000000000000113,1.1102230246251563e-16,-20.59999999999998,0.0,0.0,0.0,0.0,0.0,0.0,0.077630273899443,1.4210854715202004e-14,5.551115123125783e-17,-21.19999999999999
18.20299999974668,0.0,0.0,0.0,0.0,0.0,0.0,0.1425741969939727,0.3000000000000113,1.1102230246251563e-16,-20.59999999999998,0.0,0.0,0.0,0.0,0.0,0.0,0.077630273899443,1.4210854715202004e-14,5.551115123125783e-17,-21.19999999999999
18.218999998643994,0.0,0.0,0.0,0.0,0.0,0.0,0.1425741969939727,0.3000000000000113,1.1102230246251563e-16,-20.59999999999998,0.0,0.0,0.0,0.0,0.0,0.0,0.077630273899443,1.4210854715202004e-14,5.551115123125783e-17,-21.19999999999999
18.23499999940396,0.0,0.0,0.0,0.0,0.0,0.0,0.1425741969939727,0.3000000000000113,1.1102230246251563e-16,-20.59999999999998,0.0,0.0,0.0,0.0,0.0,0.0,0.0775997558556496,1.4210854715202004e-14,5.551115123125783e-17,-21.19999999999999
18.25,0.0,0.0,0.0,0.0,0.0,0.0,0.1425741969939727,0.3000000000000113,1.1102230246251563e-16,-20.59999999999998,0.0,0.0,0.0,0.0,0.0,0.0,0.0775997558556496,1.4210854715202004e-14,5.551115123125783e-17,-21.19999999999999
18.26599999889732,0.0,0.0,0.0,0.0,0.0,0.0,0.1425741969939727,0.3000000000000113,1.1102230246251563e-16,-20.59999999999998,0.0,0.0,0.0,0.0,0.0,0.0,0.0775997558556496,1.4210854715202004e-14,5.551115123125783e-17,-21.19999999999999
18.28099999949336,0.0,0.0,0.0,0.0,0.0,0.0,0.1425741969939727,0.3000000000000113,1.1102230246251563e-16,-20.59999999999998,0.0,0.0,0.0,0.0,0.0,0.0,0.0775997558556496,1.4210854715202004e-14,5.551115123125783e-17,-21.19999999999999
18.29700000025332,0.0,0.0,0.0,0.0,0.0,0.0,0.1425894560158694,0.3000000000000113,1.1102230246251563e-16,-20.59999999999998,0.0,0.0,0.0,0.0,0.0,0.0,0.077630273899443,1.4210854715202004e-14,5.551115123125783e-17,-21.19999999999999
18.31299999915064,0.0,0.0,0.0,0.0,0.0,0.0,0.1426047150377661,0.3000000000000113,1.1102230246251563e-16,-20.59999999999998,0.0,0.0,0.0,0.0,0.0,0.0,0.077630273899443,1.4210854715202004e-14,5.551115123125783e-17,-21.19999999999999
18.32799999974668,0.0,0.0,0.0,0.0,0.0,0.0,0.1426047150377661,0.3000000000000113,1.1102230246251563e-16,-20.59999999999998,0.0,0.0,0.0,0.0,0.0,0.0,0.077630273899443,1.4210854715202004e-14,5.551115123125783e-17,-21.19999999999999
18.343999998643994,0.0,0.0,0.0,0.0,0.0,0.0,0.1425894560158694,0.3000000000000113,1.1102230246251563e-16,-20.59999999999998,0.0,0.0,0.0,0.0,0.0,0.0,0.077630273899443,1.4210854715202004e-14,5.551115123125783e-17,-21.19999999999999
18.375,0.0,0.0,0.0,0.0,0.0,0.0,0.1425894560158694,0.3000000000000113,1.1102230246251563e-16,-20.59999999999998,0.0,0.0,0.0,0.0,0.0,0.0,0.077630273899443,1.4210854715202004e-14,5.551115123125783e-17,-21.19999999999999
18.39099999889732,0.0,0.0,0.0,0.0,0.0,0.0,0.1425894560158694,0.3000000000000113,1.1102230246251563e-16,-20.59999999999998,0.0,0.0,0.0,0.0,0.0,0.0,0.077630273899443,1.4210854715202004e-14,5.551115123125783e-17,-21.19999999999999
18.40599999949336,0.0,0.0,0.0,0.0,0.0,0.0,0.1426047150377661,0.3000000000000113,1.1102230246251563e-16,-20.59999999999998,0.0,0.0,0.0,0.0,0.0,0.0,0.077630273899443,1.4210854715202004e-14,5.551115123125783e-17,-21.19999999999999
18.42200000025332,0.0,0.0,0.0,0.0,0.0,0.0,0.1425894560158694,0.3000000000000113,1.1102230246251563e-16,-20.59999999999998,0.0,0.0,0.0,0.0,0.0,0.0,0.0776455329213397,1.4210854715202004e-14,5.551115123125783e-17,-21.19999999999999
18.43799999915064,0.0,0.0,0.0,0.0,0.0,0.0,0.1425894560158694,0.3000000000000113,1.1102230246251563e-16,-20.59999999999998,0.0,0.0,0.0,0.0,0.0,0.0,0.0776455329213397,1.4210854715202004e-14,5.551115123125783e-17,-21.19999999999999
18.45299999974668,0.0,0.0,0.0,0.0,0.0,0.0,0.1425894560158694,0.3000000000000113,1.1102230246251563e-16,-20.59999999999998,0.0,0.0,0.0,0.0,0.0,0.0,0.0776607919432364,1.4210854715202004e-14,5.551115123125783e-17,-21.19999999999999
18.468999998643994,0.0,0.0,0.0,0.0,0.0,0.0,0.1426047150377661,0.3000000000000113,1.1102230246251563e-16,-20.59999999999998,0.0,0.0,0.0,0.0,0.0,0.0,0.0776607919432364,1.4210854715202004e-14,5.551115123125783e-17,-21.19999999999999
18.48499999940396,0.0,0.0,0.0,0.0,0.0,0.0,0.1425894560158694,0.3000000000000113,1.1102230246251563e-16,-20.59999999999998,0.0,0.0,0.0,0.0,0.0,0.0,0.0776760509651331,1.4210854715202004e-14,5.551115123125783e-17,-21.19999999999999
18.5,0.0,0.0,0.0,0.0,0.0,0.0,0.1426047150377661,0.3000000000000113,1.1102230246251563e-16,-20.59999999999998,0.0,0.0,0.0,0.0,0.0,0.0,0.0776760509651331,1.4210854715202004e-14,5.551115123125783e-17,-21.19999999999999
18.51599999889732,0.0,0.0,0.0,0.0,0.0,0.0,0.1426047150377661,0.3000000000000113,1.1102230246251563e-16,-20.59999999999998,0.0,0.0,0.0,0.0,0.0,0.0,0.0776760509651331,1.4210854715202004e-14,5.551115123125783e-17,-21.19999999999999
18.56299999915064,0.0,0.0,0.0,0.0,0.0,0.0,0.1426199740596627,0.3000000000000113,1.1102230246251563e-16,-20.59999999999998,0.0,0.0,0.0,0.0,0.0,0.0,0.0776760509651331,1.4210854715202004e-14,5.551115123125783e-17,-21.19999999999999
18.56299999915064,0.0,0.0,0.0,0.0,0.0,0.0,0.1426352330815594,0.3000000000000113,1.1102230246251563e-16,-20.59999999999998,0.0,0.0,0.0,0.0,0.0,0.0,0.0776760509651331,1.4210854715202004e-14,5.551115123125783e-17,-21.19999999999999
18.57799999974668,0.0,0.0,0.0,0.0,0.0,0.0,0.1426352330815594,0.3000000000000113,1.1102230246251563e-16,-20.59999999999998,0.0,0.0,0.0,0.0,0.0,0.0,0.0777523460746166,1.4210854715202004e-14,5.551115123125783e-17,-21.19999999999999
18.593999998643994,0.0,0.0,0.0,0.0,0.0,0.0,0.1426352330815594,0.3000000000000113,1.1102230246251563e-16,-20.59999999999998,0.0,0.0,0.0,0.0,0.0,0.0,0.0777523460746166,1.4210854715202004e-14,5.551115123125783e-17,-21.19999999999999
18.60999999940396,0.0,0.0,0.0,0.0,0.0,0.0,0.1426352330815594,0.3000000000000113,1.1102230246251563e-16,-20.59999999999998,0.0,0.0,0.0,0.0,0.0,0.0,0.0777676050965133,1.4210854715202004e-14,5.551115123125783e-17,-21.19999999999999
18.625,0.0,0.0,0.0,0.0,0.0,0.0,0.1426352330815594,0.3000000000000113,1.1102230246251563e-16,-20.59999999999998,0.0,0.0,0.0,0.0,0.0,0.0,0.0777676050965133,1.4210854715202004e-14,5.551115123125783e-17,-21.19999999999999
18.64099999889732,0.0,0.0,0.0,0.0,0.0,0.0,0.1426504921034561,0.3000000000000113,1.1102230246251563e-16,-20.59999999999998,0.0,0.0,0.0,0.0,0.0,0.0,0.0777676050965133,1.4210854715202004e-14,5.551115123125783e-17,-21.19999999999999
18.67200000025332,0.0,0.0,0.0,0.0,0.0,0.0,0.1426504921034561,0.3000000000000113,1.1102230246251563e-16,-20.59999999999998,0.0,0.0,0.0,0.0,0.0,0.0,0.0777676050965133,1.4210854715202004e-14,5.551115123125783e-17,-21.19999999999999
18.70299999974668,0.0,0.0,0.0,0.0,0.0,0.0,0.1426504921034561,0.3000000000000113,1.1102230246251563e-16,-20.59999999999998,0.0,0.0,0.0,0.0,0.0,0.0,0.0777676050965133,1.4210854715202004e-14,5.551115123125783e-17,-21.19999999999999
18.718999998643994,0.0,0.0,0.0,0.0,0.0,0.0,0.1426504921034561,0.3000000000000113,1.1102230246251563e-16,-20.59999999999998,0.0,0.0,0.0,0.0,0.0,0.0,0.0777676050965133,1.4210854715202004e-14,5.551115123125783e-17,-21.19999999999999
18.73499999940396,0.0,0.0,0.0,0.0,0.0,0.0,0.1426199740596627,0.2000000000000028,1.1102230246251563e-16,-20.59999999999998,0.0,0.0,0.0,0.0,0.0,0.0,0.0777523460746166,-0.0999999999999943,5.551115123125783e-17,-21.19999999999999
18.75,0.0,0.0,0.0,0.0,0.0,0.0,0.1426047150377661,0.2000000000000028,1.1102230246251563e-16,-20.59999999999998,0.0,0.0,0.0,0.0,0.0,0.0,0.0777218280308232,-0.0999999999999943,5.551115123125783e-17,-21.19999999999999
18.76599999889732,0.0,0.0,0.0,0.0,0.0,0.0,0.1425436789501793,0.2000000000000028,1.1102230246251563e-16,-20.59999999999998,0.0,0.0,0.0,0.0,0.0,0.0,0.0777218280308232,-0.0999999999999943,5.551115123125783e-17,-21.19999999999999
18.78099999949336,0.0,0.0,0.0,0.0,0.0,0.0,0.1424673838406958,0.1000000000000085,1.1102230246251563e-16,-20.59999999999998,0.0,0.0,0.0,0.0,0.0,0.0,0.0776913099870298,-0.1999999999999886,5.551115123125783e-17,-21.19999999999999
18.79700000025332,0.0,0.0,0.0,0.0,0.0,0.0,0.1423605706874189,0.1000000000000085,1.1102230246251563e-16,-20.59999999999998,0.0,0.0,0.0,0.0,0.0,0.0,0.0773861295490959,-0.1999999999999886,5.551115123125783e-17,-21.19999999999999
18.81299999915064,0.0,0.0,0.0,0.0,0.0,0.0,0.1422079804684519,0.1000000000000085,1.1102230246251563e-16,-20.59999999999998,0.0,0.0,0.0,0.0,0.0,0.0,0.0772640573739223,-0.1999999999999886,5.551115123125783e-17,-21.19999999999999
18.82799999974668,0.0,0.0,0.0,0.0,0.0,0.0,0.1419943541618982,0.1000000000000085,1.1102230246251563e-16,-20.59999999999998,0.0,0.0,0.0,0.0,0.0,0.0,0.0770504310673685,-0.1999999999999886,5.551115123125783e-17,-21.19999999999999
18.843999998643994,0.0,0.0,0.0,0.0,0.0,0.0,0.1419790951400015,0.1000000000000085,1.1102230246251563e-16,-20.59999999999998,0.0,0.0,0.0,0.0,0.0,0.0,0.0767452506294346,-0.1999999999999886,5.551115123125783e-17,-21.19999999999999
18.875,0.0,0.0,0.0,0.0,0.0,0.0,0.1417807278553444,0.1000000000000085,1.1102230246251563e-16,-20.59999999999998,0.0,0.0,0.0,0.0,0.0,0.0,0.0765468833447776,-0.1999999999999886,5.551115123125783e-17,-21.19999999999999
18.89099999889732,0.0,0.0,0.0,0.0,0.0,0.0,0.1415671015487907,0.1000000000000085,1.1102230246251563e-16,-20.59999999999998,0.0,0.0,0.0,0.0,0.0,0.0,0.0764400701915007,-0.2999999999999971,5.551115123125783e-17,-21.19999999999999
18.90599999949336,0.0,0.0,0.0,0.0,0.0,0.0,0.1414755474174105,0.1000000000000085,1.1102230246251563e-16,-20.59999999999998,0.0,0.0,0.0,0.0,0.0,0.0,0.0760891126878767,-0.2999999999999971,5.551115123125783e-17,-21.19999999999999
18.92200000025332,0.0,0.0,0.0,0.0,0.0,0.0,0.141399252307927,0.1000000000000085,1.1102230246251563e-16,-20.59999999999998,0.0,0.0,0.0,0.0,0.0,0.0,0.075921263447013,-0.2999999999999971,5.551115123125783e-17,-21.19999999999999
18.93799999915064,0.0,0.0,0.0,0.0,0.0,0.0,0.141399252307927,0.1000000000000085,1.1102230246251563e-16,-20.59999999999998,0.0,0.0,0.0,0.0,0.0,0.0,0.0758754863813229,-0.2999999999999971,5.551115123125783e-17,-21.19999999999999
18.95299999974668,0.0,0.0,0.0,0.0,0.0,0.0,0.1413076981765469,0.1000000000000085,1.1102230246251563e-16,-20.59999999999998,0.0,0.0,0.0,0.0,0.0,0.0,0.0758449683375295,-0.2999999999999971,5.551115123125783e-17,-21.19999999999999
18.968999998643994,0.0,0.0,0.0,0.0,0.0,0.0,0.1412314030670634,0.1000000000000085,1.1102230246251563e-16,-20.59999999999998,0.0,0.0,0.0,0.0,0.0,0.0,0.0756923781185626,-0.2999999999999971,5.551115123125783e-17,-21.19999999999999
18.98499999940396,0.0,0.0,0.0,0.0,0.0,0.0,0.14120088502327,0.1000000000000085,1.1102230246251563e-16,-20.59999999999998,0.0,0.0,0.0,0.0,0.0,0.0,0.0755397878995956,-0.2999999999999971,5.551115123125783e-17,-21.19999999999999
19.0,0.0,0.0,0.0,0.0,0.0,0.0,0.14120088502327,0.1000000000000085,1.1102230246251563e-16,-20.59999999999998,0.0,0.0,0.0,0.0,0.0,0.0,0.0755397878995956,-0.2999999999999971,5.551115123125783e-17,-21.19999999999999
19.01599999889732,0.0,0.0,0.0,0.0,0.0,0.0,0.1411703669794766,0.1000000000000085,1.1102230246251563e-16,-20.59999999999998,0.0,0.0,0.0,0.0,0.0,0.0,0.0754329747463187,-0.2999999999999971,5.551115123125783e-17,-21.19999999999999
19.03099999949336,0.0,0.0,0.0,0.0,0.0,0.0,0.1411245899137865,0.1000000000000085,1.1102230246251563e-16,-20.59999999999998,0.0,0.0,0.0,0.0,0.0,0.0,0.0754329747463187,-0.2999999999999971,5.551115123125783e-17,-21.19999999999999
19.04700000025332,0.0,0.0,0.0,0.0,0.0,0.0,0.1411245899137865,0.1000000000000085,1.1102230246251563e-16,-20.59999999999998,0.0,0.0,0.0,0.0,0.0,0.0,0.0753719386587319,-0.2999999999999971,5.551115123125783e-17,-21.19999999999999
19.07799999974668,0.0,0.0,0.0,0.0,0.0,0.0,0.1411245899137865,0.1000000000000085,1.1102230246251563e-16,-20.59999999999998,0.0,0.0,0.0,0.0,0.0,0.0,0.0753719386587319,-0.2999999999999971,5.551115123125783e-17,-21.19999999999999
19.093999998643994,0.0,0.0,0.0,0.0,0.0,0.0,0.1410788128480964,0.2000000000000028,1.1102230246251563e-16,-20.59999999999998,0.0,0.0,0.0,0.0,0.0,0.0,0.0753566796368352,-0.1999999999999886,5.551115123125783e-17,-21.19999999999999
19.10999999940396,0.0,0.0,0.0,0.0,0.0,0.0,0.1410788128480964,0.2000000000000028,1.1102230246251563e-16,-20.59999999999998,0.0,0.0,0.0,0.0,0.0,0.0,0.0753414206149385,-0.1999999999999886,5.551115123125783e-17,-21.19999999999999
19.125,0.0,0.0,0.0,0.0,0.0,0.0,0.1410788128480964,0.2000000000000028,1.1102230246251563e-16,-20.59999999999998,0.0,0.0,0.0,0.0,0.0,0.0,0.0753414206149385,-0.1999999999999886,5.551115123125783e-17,-21.19999999999999
19.14099999889732,0.0,0.0,0.0,0.0,0.0,0.0,0.1410788128480964,0.2000000000000028,-0.0999999999999998,-20.59999999999998,0.0,0.0,0.0,0.0,0.0,0.0,0.0753414206149385,-0.1999999999999886,5.551115123125783e-17,-21.19999999999999
19.15599999949336,0.0,0.0,0.0,0.0,0.0,0.0,0.1410788128480964,0.2000000000000028,-0.0999999999999998,-20.59999999999998,0.0,0.0,0.0,0.0,0.0,0.0,0.0753414206149385,-0.1999999999999886,5.551115123125783e-17,-21.19999999999999
19.17200000025332,0.0,0.0,0.0,0.0,0.0,0.0,0.1411245899137865,0.2000000000000028,-0.0999999999999998,-20.59999999999998,0.0,0.0,0.0,0.0,0.0,0.0,0.0752956435492484,-0.1999999999999886,5.551115123125783e-17,-21.19999999999999
19.18799999915064,0.0,0.0,0.0,0.0,0.0,0.0,0.1410940718699931,0.2000000000000028,-0.0999999999999998,-20.59999999999998,0.0,0.0,0.0,0.0,0.0,0.0,0.0752956435492484,-0.1999999999999886,5.551115123125783e-17,-21.19999999999999
19.20299999974668,0.0,0.0,0.0,0.0,0.0,0.0,0.1410940718699931,0.2000000000000028,-0.0999999999999998,-20.59999999999998,0.0,0.0,0.0,0.0,0.0,0.0,0.0753719386587319,-0.1999999999999886,5.551115123125783e-17,-21.19999999999999
19.218999998643994,0.0,0.0,0.0,0.0,0.0,0.0,0.1411551079575799,0.2000000000000028,-0.0999999999999998,-20.59999999999998,0.0,0.0,0.0,0.0,0.0,0.0,0.0753719386587319,-0.1999999999999886,5.551115123125783e-17,-21.19999999999999
19.23499999940396,0.0,0.0,0.0,0.0,0.0,0.0,0.1411551079575799,0.2000000000000028,-0.0999999999999998,-20.59999999999998,0.0,0.0,0.0,0.0,0.0,0.0,0.0753871976806286,-0.1999999999999886,5.551115123125783e-17,-21.19999999999999
19.25,0.0,0.0,0.0,0.0,0.0,0.0,0.1410940718699931,0.2000000000000028,-0.0999999999999998,-20.59999999999998,0.0,0.0,0.0,0.0,0.0,0.0,0.0753109025711451,-0.1999999999999886,5.551115123125783e-17,-21.19999999999999
19.26599999889732,0.0,0.0,0.0,0.0,0.0,0.0,0.1409872587167162,0.2000000000000028,-0.0999999999999998,-20.59999999999998,0.0,0.0,0.0,0.0,0.0,0.0,0.0753109025711451,-0.1999999999999886,5.551115123125783e-17,-21.19999999999999
19.28099999949336,0.0,0.0,0.0,0.0,0.0,0.0,0.1409262226291295,0.2000000000000028,-0.0999999999999998,-20.59999999999998,0.0,0.0,0.0,0.0,0.0,0.0,0.0753871976806286,-0.1999999999999886,5.551115123125783e-17,-21.19999999999999
19.29700000025332,0.0,0.0,0.0,0.0,0.0,0.0,0.1409262226291295,0.2000000000000028,-0.0999999999999998,-20.59999999999998,0.0,0.0,0.0,0.0,0.0,0.0,0.0753566796368352,-0.1999999999999886,5.551115123125783e-17,-21.19999999999999
19.31299999915064,0.0,0.0,0.0,0.0,0.0,0.0,0.1409872587167162,0.2000000000000028,-0.0999999999999998,-20.59999999999998,0.0,0.0,0.0,0.0,0.0,0.0,0.0753109025711451,-0.1999999999999886,5.551115123125783e-17,-21.19999999999999
19.32799999974668,0.0,0.0,0.0,0.0,0.0,0.0,0.1409872587167162,0.2000000000000028,-0.0999999999999998,-20.59999999999998,0.0,0.0,0.0,0.0,0.0,0.0,0.0753566796368352,-0.1999999999999886,5.551115123125783e-17,-21.19999999999999
19.343999998643994,0.0,0.0,0.0,0.0,0.0,0.0,0.1409872587167162,0.2000000000000028,-0.0999999999999998,-20.59999999999998,0.0,0.0,0.0,0.0,0.0,0.0,0.0753109025711451,-0.1999999999999886,5.551115123125783e-17,-21.19999999999999
19.35999999940396,0.0,0.0,0.0,0.0,0.0,0.0,0.141048294804303,0.2000000000000028,-0.0999999999999998,-20.59999999999998,0.0,0.0,0.0,0.0,0.0,0.0,0.0753566796368352,-0.1999999999999886,5.551115123125783e-17,-21.19999999999999
19.39099999889732,0.0,0.0,0.0,0.0,0.0,0.0,0.141048294804303,0.2000000000000028,-0.0999999999999998,-20.59999999999998,0.0,0.0,0.0,0.0,0.0,0.0,0.0753566796368352,-0.1999999999999886,5.551115123125783e-17,-21.19999999999999
19.40599999949336,0.0,0.0,0.0,0.0,0.0,0.0,0.141048294804303,0.2000000000000028,-0.0999999999999998,-20.59999999999998,0.0,0.0,0.0,0.0,0.0,0.0,0.0753566796368352,-0.1999999999999886,5.551115123125783e-17,-21.19999999999999
19.42200000025332,0.0,0.0,0.0,0.0,0.0,0.0,0.1411551079575799,0.2000000000000028,-0.0999999999999998,-20.59999999999998,0.0,0.0,0.0,0.0,0.0,0.0,0.0754024567025253,-0.1999999999999886,5.551115123125783e-17,-21.19999999999999
19.43799999915064,0.0,0.0,0.0,0.0,0.0,0.0,0.1411551079575799,0.2000000000000028,-0.0999999999999998,-20.59999999999998,0.0,0.0,0.0,0.0,0.0,0.0,0.0754024567025253,-0.1999999999999886,5.551115123125783e-17,-21.19999999999999
19.45299999974668,0.0,0.0,0.0,0.0,0.0,0.0,0.1409872587167162,0.2000000000000028,-0.0999999999999998,-20.59999999999998,0.0,0.0,0.0,0.0,0.0,0.0,0.0753719386587319,-0.1999999999999886,5.551115123125783e-17,-21.19999999999999
19.468999998643994,0.0,0.0,0.0,0.0,0.0,0.0,0.1409872587167162,0.2000000000000028,-0.0999999999999998,-20.59999999999998,0.0,0.0,0.0,0.0,0.0,0.0,0.0753719386587319,-0.1999999999999886,5.551115123125783e-17,-21.19999999999999
19.48499999940396,0.0,0.0,0.0,0.0,0.0,0.0,0.1409872587167162,0.2000000000000028,-0.0999999999999998,-20.59999999999998,0.0,0.0,0.0,0.0,0.0,0.0,0.0753566796368352,-0.1999999999999886,5.551115123125783e-17,-21.19999999999999
19.5,0.0,0.0,0.0,0.0,0.0,0.0,0.141048294804303,0.2000000000000028,-0.0999999999999998,-20.59999999999998,0.0,0.0,0.0,0.0,0.0,0.0,0.0753566796368352,-0.1999999999999886,5.551115123125783e-17,-21.19999999999999
19.51599999889732,0.0,0.0,0.0,0.0,0.0,0.0,0.1410788128480964,0.2000000000000028,-0.0999999999999998,-20.59999999999998,0.0,0.0,0.0,0.0,0.0,0.0,0.0753566796368352,-0.1999999999999886,5.551115123125783e-17,-21.19999999999999
19.53099999949336,0.0,0.0,0.0,0.0,0.0,0.0,0.1410788128480964,0.2000000000000028,-0.0999999999999998,-20.59999999999998,0.0,0.0,0.0,0.0,0.0,0.0,0.0753566796368352,-0.1999999999999886,5.551115123125783e-17,-21.19999999999999
19.56299999915064,0.0,0.0,0.0,0.0,0.0,0.0,0.1410788128480964,0.2000000000000028,-0.0999999999999998,-20.59999999999998,0.0,0.0,0.0,0.0,0.0,0.0,0.0753719386587319,-0.1999999999999886,5.551115123125783e-17,-21.19999999999999
19.57799999974668,0.0,0.0,0.0,0.0,0.0,0.0,0.1410788128480964,0.2000000000000028,-0.0999999999999998,-20.59999999999998,0.0,0.0,0.0,0.0,0.0,0.0,0.0753871976806286,-0.1999999999999886,5.551115123125783e-17,-21.19999999999999
19.593999998643994,0.0,0.0,0.0,0.0,0.0,0.0,0.1411245899137865,0.2000000000000028,-0.0999999999999998,-20.59999999999998,0.0,0.0,0.0,0.0,0.0,0.0,0.0753871976806286,-0.1999999999999886,5.551115123125783e-17,-21.19999999999999
19.60999999940396,0.0,0.0,0.0,0.0,0.0,0.0,0.1410788128480964,0.2000000000000028,-0.0999999999999998,-20.59999999999998,0.0,0.0,0.0,0.0,0.0,0.0,0.075417715724422,-0.1999999999999886,5.551115123125783e-17,-21.19999999999999
19.625,0.0,0.0,0.0,0.0,0.0,0.0,0.1410788128480964,0.2000000000000028,-0.0999999999999998,-20.59999999999998,0.0,0.0,0.0,0.0,0.0,0.0,0.075417715724422,-0.1999999999999886,5.551115123125783e-17,-21.19999999999999
19.64099999889732,0.0,0.0,0.0,0.0,0.0,0.0,0.1410788128480964,0.2000000000000028,-0.0999999999999998,-20.59999999999998,0.0,0.0,0.0,0.0,0.0,0.0,0.075417715724422,-0.1999999999999886,5.551115123125783e-17,-21.19999999999999
19.65599999949336,0.0,0.0,0.0,0.0,0.0,0.0,0.1410788128480964,0.2000000000000028,-0.0999999999999998,-20.59999999999998,0.0,0.0,0.0,0.0,0.0,0.0,0.0753719386587319,-0.1999999999999886,5.551115123125783e-17,-21.19999999999999
19.67200000025332,0.0,0.0,0.0,0.0,0.0,0.0,0.1410788128480964,0.2000000000000028,-0.0999999999999998,-20.59999999999998,0.0,0.0,0.0,0.0,0.0,0.0,0.0753719386587319,-0.1999999999999886,5.551115123125783e-17,-21.19999999999999
19.68799999915064,0.0,0.0,0.0,0.0,0.0,0.0,0.1410788128480964,0.2000000000000028,-0.0999999999999998,-20.59999999999998,0.0,0.0,0.0,0.0,0.0,0.0,0.0753566796368352,-0.1999999999999886,5.551115123125783e-17,-21.19999999999999
19.70299999974668,0.0,0.0,0.0,0.0,0.0,0.0,0.1410788128480964,0.2000000000000028,-0.0999999999999998,-20.59999999999998,0.0,0.0,0.0,0.0,0.0,0.0,0.0753109025711451,-0.1999999999999886,5.551115123125783e-17,-21.19999999999999
19.718999998643994,0.0,0.0,0.0,0.0,0.0,0.0,0.1411093308918898,0.2000000000000028,-0.0999999999999998,-20.59999999999998,0.0,0.0,0.0,0.0,0.0,0.0,0.0753109025711451,-0.1999999999999886,5.551115123125783e-17,-21.19999999999999
19.75,0.0,0.0,0.0,0.0,0.0,0.0,0.1410940718699931,0.2000000000000028,-0.0999999999999998,-20.59999999999998,0.0,0.0,0.0,0.0,0.0,0.0,0.0753566796368352,-0.1999999999999886,5.551115123125783e-17,-21.19999999999999
19.76599999889732,0.0,0.0,0.0,0.0,0.0,0.0,0.1411093308918898,0.2000000000000028,-0.0999999999999998,-20.59999999999998,0.0,0.0,0.0,0.0,0.0,0.0,0.0753719386587319,-0.1999999999999886,5.551115123125783e-17,-21.19999999999999
19.78099999949336,0.0,0.0,0.0,0.0,0.0,0.0,0.1411093308918898,0.2000000000000028,-0.0999999999999998,-20.59999999999998,0.0,0.0,0.0,0.0,0.0,0.0,0.0753719386587319,-0.1999999999999886,5.551115123125783e-17,-21.19999999999999
19.79700000025332,0.0,0.0,0.0,0.0,0.0,0.0,0.1411093308918898,0.2000000000000028,-0.0999999999999998,-20.59999999999998,0.0,0.0,0.0,0.0,0.0,0.0,0.0753566796368352,-0.1999999999999886,5.551115123125783e-17,-21.19999999999999
19.81299999915064,0.0,0.0,0.0,0.0,0.0,0.0,0.1411093308918898,0.2000000000000028,-0.0999999999999998,-20.59999999999998,0.0,0.0,0.0,0.0,0.0,0.0,0.0753719386587319,-0.1999999999999886,5.551115123125783e-17,-21.19999999999999
19.82799999974668,0.0,0.0,0.0,0.0,0.0,0.0,0.1410940718699931,0.2000000000000028,-0.0999999999999998,-20.59999999999998,0.0,0.0,0.0,0.0,0.0,0.0,0.0753719386587319,-0.1999999999999886,5.551115123125783e-17,-21.19999999999999
19.843999998643994,0.0,0.0,0.0,0.0,0.0,0.0,0.1410940718699931,0.2000000000000028,-0.0999999999999998,-20.59999999999998,0.0,0.0,0.0,0.0,0.0,0.0,0.0753109025711451,-0.1999999999999886,5.551115123125783e-17,-21.19999999999999
19.85999999940396,0.0,0.0,0.0,0.0,0.0,0.0,0.1410635538261997,0.2000000000000028,-0.0999999999999998,-20.59999999999998,0.0,0.0,0.0,0.0,0.0,0.0,0.0753109025711451,-0.1999999999999886,5.551115123125783e-17,-21.19999999999999
19.875,0.0,0.0,0.0,0.0,0.0,0.0,0.1410635538261997,0.2000000000000028,-0.0999999999999998,-20.59999999999998,0.0,0.0,0.0,0.0,0.0,0.0,0.0753109025711451,-0.1999999999999886,5.551115123125783e-17,-21.19999999999999
19.89099999889732,0.0,0.0,0.0,0.0,0.0,0.0,0.1410635538261997,0.2000000000000028,-0.0999999999999998,-20.59999999999998,0.0,0.0,0.0,0.0,0.0,0.0,0.0753109025711451,-0.1999999999999886,5.551115123125783e-17,-21.19999999999999
19.90599999949336,0.0,0.0,0.0,0.0,0.0,0.0,0.1410635538261997,0.2000000000000028,-0.0999999999999998,-20.59999999999998,0.0,0.0,0.0,0.0,0.0,0.0,0.0753261615930418,-0.1999999999999886,5.551115123125783e-17,-21.19999999999999
19.92200000025332,0.0,0.0,0.0,0.0,0.0,0.0,0.1410788128480964,0.2000000000000028,-0.0999999999999998,-20.59999999999998,0.0,0.0,0.0,0.0,0.0,0.0,0.0753261615930418,-0.1999999999999886,5.551115123125783e-17,-21.19999999999999
19.93799999915064,0.0,0.0,0.0,0.0,0.0,0.0,0.1410940718699931,0.2000000000000028,-0.0999999999999998,-20.59999999999998,0.0,0.0,0.0,0.0,0.0,0.0,0.0753414206149385,-0.1999999999999886,5.551115123125783e-17,-21.19999999999999
19.95299999974668,0.0,0.0,0.0,0.0,0.0,0.0,0.1410788128480964,0.2000000000000028,-0.0999999999999998,-20.59999999999998,0.0,0.0,0.0,0.0,0.0,0.0,0.0753414206149385,-0.1999999999999886,5.551115123125783e-17,-21.19999999999999
19.968999998643994,0.0,0.0,0.0,0.0,0.0,0.0,0.1410940718699931,0.2000000000000028,-0.0999999999999998,-20.59999999999998,0.0,0.0,0.0,0.0,0.0,0.0,0.0753414206149385,-0.1999999999999886,5.551115123125783e-17,-21.19999999999999
19.98499999940396,0.0,0.0,0.0,0.0,0.0,0.0,0.1410788128480964,0.2000000000000028,-0.0999999999999998,-20.59999999999998,0.0,0.0,0.0,0.0,0.0,0.0,0.0753871976806286,-0.1999999999999886,5.551115123125783e-17,-21.19999999999999
20.0,0.0,0.0,0.0,0.0,0.0,0.0,0.1410788128480964,0.2000000000000028,-0.0999999999999998,-20.59999999999998,0.0,0.0,0.0,0.0,0.0,0.0,0.0753871976806286,-0.1999999999999886,5.551115123125783e-17,-21.19999999999999
20.01599999889732,0.0,0.0,0.0,0.0,0.0,0.0,0.1410788128480964,0.2000000000000028,-0.0999999999999998,-20.59999999999998,0.0,0.0,0.0,0.0,0.0,0.0,0.0753566796368352,-0.1999999999999886,5.551115123125783e-17,-21.19999999999999
20.04700000025332,0.0,0.0,0.0,0.0,0.0,0.0,0.1410788128480964,0.2000000000000028,-0.0999999999999998,-20.59999999999998,0.0,0.0,0.0,0.0,0.0,0.0,0.0753566796368352,-0.1999999999999886,5.551115123125783e-17,-21.19999999999999
20.07799999974668,0.0,0.0,0.0,0.0,0.0,0.0,0.1410330357824063,0.2000000000000028,-0.0999999999999998,-20.59999999999998,0.0,0.0,0.0,0.0,0.0,0.0,0.0753566796368352,-0.1999999999999886,5.551115123125783e-17,-21.19999999999999
20.093999998643994,0.0,0.0,0.0,0.0,0.0,0.0,0.1410635538261997,0.2000000000000028,-0.0999999999999998,-20.59999999999998,0.0,0.0,0.0,0.0,0.0,0.0,0.0753871976806286,-0.1999999999999886,5.551115123125783e-17,-21.19999999999999
20.10999999940396,0.0,0.0,0.0,0.0,0.0,0.0,0.1410330357824063,0.2000000000000028,-0.0999999999999998,-20.59999999999998,0.0,0.0,0.0,0.0,0.0,0.0,0.0753871976806286,-0.1999999999999886,5.551115123125783e-17,-21.19999999999999
20.125,0.0,0.0,0.0,0.0,0.0,0.0,0.1410330357824063,0.2000000000000028,-0.0999999999999998,-20.59999999999998,0.0,0.0,0.0,0.0,0.0,0.0,0.0753871976806286,-0.1999999999999886,5.551115123125783e-17,-21.19999999999999
20.125,0.0,0.0,0.0,0.0,0.0,0.0,0.1410330357824063,0.2000000000000028,-0.0999999999999998,-20.59999999999998,0.0,0.0,0.0,0.0,0.0,0.0,0.0753871976806286,-0.1999999999999886,5.551115123125783e-17,-21.19999999999999
20.15599999949336,0.0,0.0,0.0,0.0,0.0,0.0,0.1410330357824063,0.2000000000000028,-0.0999999999999998,-20.59999999999998,0.0,0.0,0.0,0.0,0.0,0.0,0.0753871976806286,-0.1999999999999886,5.551115123125783e-17,-21.19999999999999
20.17200000025332,0.0,0.0,0.0,0.0,0.0,0.0,0.1410330357824063,0.2000000000000028,-0.0999999999999998,-20.59999999999998,0.0,0.0,0.0,0.0,0.0,0.0,0.0753719386587319,-0.1999999999999886,5.551115123125783e-17,-21.19999999999999
20.18799999915064,0.0,0.0,0.0,0.0,0.0,0.0,0.1409872587167162,0.2000000000000028,-0.0999999999999998,-20.59999999999998,0.0,0.0,0.0,0.0,0.0,0.0,0.0753719386587319,-0.1999999999999886,5.551115123125783e-17,-21.19999999999999
20.20299999974668,0.0,0.0,0.0,0.0,0.0,0.0,0.1409872587167162,0.2000000000000028,-0.0999999999999998,-20.59999999999998,0.0,0.0,0.0,0.0,0.0,0.0,0.0753719386587319,-0.1999999999999886,5.551115123125783e-17,-21.19999999999999
20.20299999974668,0.0,0.0,0.0,0.0,0.0,0.0,0.1410330357824063,0.2000000000000028,-0.0999999999999998,-20.59999999999998,0.0,0.0,0.0,0.0,0.0,0.0,0.0753719386587319,-0.1999999999999886,5.551115123125783e-17,-21.19999999999999
20.218999998643994,0.0,0.0,0.0,0.0,0.0,0.0,0.1410330357824063,0.2000000000000028,-0.0999999999999998,-20.59999999999998,0.0,0.0,0.0,0.0,0.0,0.0,0.0753566796368352,-0.1999999999999886,5.551115123125783e-17,-21.19999999999999
20.25,0.0,0.0,0.0,0.0,0.0,0.0,0.1410330357824063,0.2000000000000028,-0.0999999999999998,-20.59999999999998,0.0,0.0,0.0,0.0,0.0,0.0,0.0753566796368352,-0.1999999999999886,5.551115123125783e-17,-21.19999999999999
20.26599999889732,0.0,0.0,0.0,0.0,0.0,0.0,0.1410330357824063,0.2000000000000028,-0.0999999999999998,-20.59999999999998,0.0,0.0,0.0,0.0,0.0,0.0,0.0753414206149385,-0.1999999999999886,5.551115123125783e-17,-21.19999999999999
20.28099999949336,0.0,0.0,0.0,0.0,0.0,0.0,0.1410330357824063,0.2000000000000028,-0.0999999999999998,-20.59999999999998,0.0,0.0,0.0,0.0,0.0,0.0,0.0753414206149385,-0.1999999999999886,5.551115123125783e-17,-21.19999999999999
20.29700000025332,0.0,0.0,0.0,0.0,0.0,0.0,0.1410330357824063,0.2000000000000028,-0.0999999999999998,-20.59999999999998,0.0,0.0,0.0,0.0,0.0,0.0,0.0752956435492484,-0.1999999999999886,5.551115123125783e-17,-21.19999999999999
20.31299999915064,0.0,0.0,0.0,0.0,0.0,0.0,0.1410330357824063,0.2000000000000028,-0.0999999999999998,-20.59999999999998,0.0,0.0,0.0,0.0,0.0,0.0,0.0752956435492484,-0.1999999999999886,5.551115123125783e-17,-21.19999999999999
20.32799999974668,0.0,0.0,0.0,0.0,0.0,0.0,0.1410330357824063,0.2000000000000028,-0.0999999999999998,-20.59999999999998,0.0,0.0,0.0,0.0,0.0,0.0,0.0752956435492484,-0.1999999999999886,5.551115123125783e-17,-21.19999999999999
20.35999999940396,0.0,0.0,0.0,0.0,0.0,0.0,0.1410330357824063,0.2000000000000028,-0.0999999999999998,-20.59999999999998,0.0,0.0,0.0,0.0,0.0,0.0,0.0752498664835584,-0.1999999999999886,5.551115123125783e-17,-21.19999999999999
20.375,0.0,0.0,0.0,0.0,0.0,0.0,0.1410177767605096,0.2000000000000028,-0.0999999999999998,-20.59999999999998,0.0,0.0,0.0,0.0,0.0,0.0,0.0752956435492484,-0.1999999999999886,5.551115123125783e-17,-21.19999999999999
20.39099999889732,0.0,0.0,0.0,0.0,0.0,0.0,0.1410177767605096,0.2000000000000028,-0.0999999999999998,-20.59999999999998,0.0,0.0,0.0,0.0,0.0,0.0,0.0752956435492484,-0.1999999999999886,5.551115123125783e-17,-21.19999999999999
20.40599999949336,0.0,0.0,0.0,0.0,0.0,0.0,0.141048294804303,0.2000000000000028,-0.0999999999999998,-20.59999999999998,0.0,0.0,0.0,0.0,0.0,0.0,0.0752956435492484,-0.1999999999999886,5.551115123125783e-17,-21.19999999999999
20.42200000025332,0.0,0.0,0.0,0.0,0.0,0.0,0.141048294804303,0.2000000000000028,-0.0999999999999998,-20.59999999999998,0.0,0.0,0.0,0.0,0.0,0.0,0.0753109025711451,-0.1999999999999886,5.551115123125783e-17,-21.19999999999999
20.43799999915064,0.0,0.0,0.0,0.0,0.0,0.0,0.141048294804303,0.2000000000000028,-0.0999999999999998,-20.59999999999998,0.0,0.0,0.0,0.0,0.0,0.0,0.0752956435492484,-0.1999999999999886,5.551115123125783e-17,-21.19999999999999
20.45299999974668,0.0,0.0,0.0,0.0,0.0,0.0,0.1410177767605096,0.2000000000000028,-0.0999999999999998,-20.59999999999998,0.0,0.0,0.0,0.0,0.0,0.0,0.0752956435492484,-0.1999999999999886,5.551115123125783e-17,-21.19999999999999
20.468999998643994,0.0,0.0,0.0,0.0,0.0,0.0,0.1410177767605096,0.2000000000000028,-0.0999999999999998,-20.59999999999998,0.0,0.0,0.0,0.0,0.0,0.0,0.0752956435492484,-0.1999999999999886,5.551115123125783e-17,-21.19999999999999
20.48499999940396,0.0,0.0,0.0,0.0,0.0,0.0,0.1410177767605096,0.2000000000000028,-0.0999999999999998,-20.59999999999998,0.0,0.0,0.0,0.0,0.0,0.0,0.0752956435492484,-0.1999999999999886,5.551115123125783e-17,-21.19999999999999
20.5,0.0,0.0,0.0,0.0,0.0,0.0,0.1410177767605096,0.2000000000000028,-0.0999999999999998,-20.59999999999998,0.0,0.0,0.0,0.0,0.0,0.0,0.0752956435492484,-0.1999999999999886,5.551115123125783e-17,-21.19999999999999
20.51599999889732,0.0,0.0,0.0,0.0,0.0,0.0,0.1410177767605096,0.2000000000000028,-0.0999999999999998,-20.59999999999998,0.0,0.0,0.0,0.0,0.0,0.0,0.0752651255054551,-0.1999999999999886,5.551115123125783e-17,-21.19999999999999
20.54700000025332,0.0,0.0,0.0,0.0,0.0,0.0,0.141048294804303,0.2000000000000028,-0.0999999999999998,-20.59999999999998,0.0,0.0,0.0,0.0,0.0,0.0,0.0752651255054551,-0.1999999999999886,5.551115123125783e-17,-21.19999999999999
20.56299999915064,0.0,0.0,0.0,0.0,0.0,0.0,0.141048294804303,0.2000000000000028,-0.0999999999999998,-20.59999999999998,0.0,0.0,0.0,0.0,0.0,0.0,0.0752651255054551,-0.1999999999999886,5.551115123125783e-17,-21.19999999999999
20.57799999974668,0.0,0.0,0.0,0.0,0.0,0.0,0.141048294804303,0.2000000000000028,-0.0999999999999998,-20.59999999999998,0.0,0.0,0.0,0.0,0.0,0.0,0.0752498664835584,-0.1999999999999886,5.551115123125783e-17,-21.19999999999999
20.593999998643994,0.0,0.0,0.0,0.0,0.0,0.0,0.141048294804303,0.2000000000000028,-0.0999999999999998,-20.59999999999998,0.0,0.0,0.0,0.0,0.0,0.0,0.0752498664835584,-0.1999999999999886,5.551115123125783e-17,-21.19999999999999
20.60999999940396,0.0,0.0,0.0,0.0,0.0,0.0,0.141048294804303,0.2000000000000028,-0.0999999999999998,-20.59999999999998,0.0,0.0,0.0,0.0,0.0,0.0,0.0752498664835584,-0.1999999999999886,5.551115123125783e-17,-21.19999999999999
20.625,0.0,0.0,0.0,0.0,0.0,0.0,0.141048294804303,0.2000000000000028,-0.0999999999999998,-20.59999999999998,0.0,0.0,0.0,0.0,0.0,0.0,0.0752498664835584,-0.1999999999999886,5.551115123125783e-17,-21.19999999999999
20.64099999889732,0.0,0.0,0.0,0.0,0.0,0.0,0.1410635538261997,0.2000000000000028,-0.0999999999999998,-20.59999999999998,0.0,0.0,0.0,0.0,0.0,0.0,0.0752498664835584,-0.1999999999999886,5.551115123125783e-17,-21.19999999999999
20.65599999949336,0.0,0.0,0.0,0.0,0.0,0.0,0.141048294804303,0.2000000000000028,-0.0999999999999998,-20.59999999999998,0.0,0.0,0.0,0.0,0.0,0.0,0.0752498664835584,-0.1999999999999886,5.551115123125783e-17,-21.19999999999999
20.67200000025332,0.0,0.0,0.0,0.0,0.0,0.0,0.141048294804303,0.2000000000000028,-0.0999999999999998,-20.59999999999998,0.0,0.0,0.0,0.0,0.0,0.0,0.0752346074616617,-0.1999999999999886,5.551115123125783e-17,-21.19999999999999
20.68799999915064,0.0,0.0,0.0,0.0,0.0,0.0,0.1410635538261997,0.2000000000000028,-0.0999999999999998,-20.59999999999998,0.0,0.0,0.0,0.0,0.0,0.0,0.0752346074616617,-0.1999999999999886,5.551115123125783e-17,-21.19999999999999
20.70299999974668,0.0,0.0,0.0,0.0,0.0,0.0,0.1410635538261997,0.2000000000000028,-0.0999999999999998,-20.59999999999998,0.0,0.0,0.0,0.0,0.0,0.0,0.0752040894178683,-0.1999999999999886,5.551115123125783e-17,-21.19999999999999
20.718999998643994,0.0,0.0,0.0,0.0,0.0,0.0,0.1410940718699931,0.2000000000000028,-0.0999999999999998,-20.59999999999998,0.0,0.0,0.0,0.0,0.0,0.0,0.0752040894178683,-0.1999999999999886,5.551115123125783e-17,-21.19999999999999
20.73499999940396,0.0,0.0,0.0,0.0,0.0,0.0,0.1410940718699931,0.2000000000000028,-0.0999999999999998,-20.59999999999998,0.0,0.0,0.0,0.0,0.0,0.0,0.0752040894178683,-0.1999999999999886,5.551115123125783e-17,-21.19999999999999
20.76599999889732,0.0,0.0,0.0,0.0,0.0,0.0,0.1410025177386129,0.2000000000000028,-0.0999999999999998,-20.59999999999998,0.0,0.0,0.0,0.0,0.0,0.0,0.075219348439765,-0.1999999999999886,5.551115123125783e-17,-21.19999999999999
20.78099999949336,0.0,0.0,0.0,0.0,0.0,0.0,0.1410940718699931,0.2000000000000028,-0.0999999999999998,-20.59999999999998,0.0,0.0,0.0,0.0,0.0,0.0,0.075219348439765,-0.1999999999999886,5.551115123125783e-17,-21.19999999999999
20.79700000025332,0.0,0.0,0.0,0.0,0.0,0.0,0.141048294804303,0.2000000000000028,-0.0999999999999998,-20.59999999999998,0.0,0.0,0.0,0.0,0.0,0.0,0.075219348439765,-0.1999999999999886,5.551115123125783e-17,-21.19999999999999
20.79700000025332,0.0,0.0,0.0,0.0,0.0,0.0,0.141048294804303,0.2000000000000028,-0.0999999999999998,-20.59999999999998,0.0,0.0,0.0,0.0,0.0,0.0,0.075219348439765,-0.1999999999999886,5.551115123125783e-17,-21.19999999999999
20.82799999974668,0.0,0.0,0.0,0.0,0.0,0.0,0.141048294804303,0.2000000000000028,-0.0999999999999998,-20.59999999999998,0.0,0.0,0.0,0.0,0.0,0.0,0.075219348439765,-0.1999999999999886,5.551115123125783e-17,-21.19999999999999
20.843999998643994,0.0,0.0,0.0,0.0,0.0,0.0,0.141048294804303,0.2000000000000028,-0.0999999999999998,-20.59999999999998,0.0,0.0,0.0,0.0,0.0,0.0,0.0752040894178683,-0.1999999999999886,5.551115123125783e-17,-21.19999999999999
20.85999999940396,0.0,0.0,0.0,0.0,0.0,0.0,0.1411093308918898,0.2000000000000028,-0.0999999999999998,-20.59999999999998,0.0,0.0,0.0,0.0,0.0,0.0,0.0751583123521782,-0.1999999999999886,5.551115123125783e-17,-21.19999999999999
20.875,0.0,0.0,0.0,0.0,0.0,0.0,0.1411093308918898,0.2000000000000028,-0.0999999999999998,-20.59999999999998,0.0,0.0,0.0,0.0,0.0,0.0,0.0751583123521782,-0.1999999999999886,5.551115123125783e-17,-21.19999999999999
20.89099999889732,0.0,0.0,0.0,0.0,0.0,0.0,0.1411093308918898,0.2000000000000028,-0.0999999999999998,-20.59999999999998,0.0,0.0,0.0,0.0,0.0,0.0,0.0751583123521782,-0.1999999999999886,5.551115123125783e-17,-21.19999999999999
20.90599999949336,0.0,0.0,0.0,0.0,0.0,0.0,0.1411245899137865,0.2000000000000028,-0.0999999999999998,-20.59999999999998,0.0,0.0,0.0,0.0,0.0,0.0,0.0751583123521782,-0.1999999999999886,5.551115123125783e-17,-21.19999999999999
20.92200000025332,0.0,0.0,0.0,0.0,0.0,0.0,0.1411245899137865,0.2000000000000028,-0.0999999999999998,-20.59999999999998,0.0,0.0,0.0,0.0,0.0,0.0,0.0751583123521782,-0.1999999999999886,5.551115123125783e-17,-21.19999999999999
20.93799999915064,0.0,0.0,0.0,0.0,0.0,0.0,0.1411093308918898,0.2000000000000028,-0.0999999999999998,-20.59999999999998,0.0,0.0,0.0,0.0,0.0,0.0,0.0751430533302815,-0.1999999999999886,5.551115123125783e-17,-21.19999999999999
20.95299999974668,0.0,0.0,0.0,0.0,0.0,0.0,0.1411093308918898,0.2000000000000028,-0.0999999999999998,-20.59999999999998,0.0,0.0,0.0,0.0,0.0,0.0,0.0751430533302815,-0.1999999999999886,5.551115123125783e-17,-21.19999999999999
20.968999998643994,0.0,0.0,0.0,0.0,0.0,0.0,0.1410940718699931,0.2000000000000028,-0.0999999999999998,-20.59999999999998,0.0,0.0,0.0,0.0,0.0,0.0,0.0751583123521782,-0.1999999999999886,5.551115123125783e-17,-21.19999999999999
20.98499999940396,0.0,0.0,0.0,0.0,0.0,0.0,0.1410940718699931,0.2000000000000028,-0.0999999999999998,-20.59999999999998,0.0,0.0,0.0,0.0,0.0,0.0,0.0751277943083848,-0.1999999999999886,5.551115123125783e-17,-21.19999999999999
21.0,0.0,0.0,0.0,0.0,0.0,0.0,0.1410940718699931,0.2000000000000028,-0.0999999999999998,-20.59999999999998,0.0,0.0,0.0,0.0,0.0,0.0,0.0751277943083848,-0.1999999999999886,5.551115123125783e-17,-21.19999999999999
21.01599999889732,0.0,0.0,0.0,0.0,0.0,0.0,0.1410940718699931,0.2000000000000028,-0.0999999999999998,-20.59999999999998,0.0,0.0,0.0,0.0,0.0,0.0,0.0751277943083848,-0.1999999999999886,5.551115123125783e-17,-21.19999999999999
21.03099999949336,0.0,0.0,0.0,0.0,0.0,0.0,0.1410940718699931,0.2000000000000028,-0.0999999999999998,-20.59999999999998,0.0,0.0,0.0,0.0,0.0,0.0,0.0751277943083848,-0.1999999999999886,5.551115123125783e-17,-21.19999999999999
21.06299999915064,0.0,0.0,0.0,0.0,0.0,0.0,0.1410940718699931,0.2000000000000028,-0.0999999999999998,-20.59999999999998,0.0,0.0,0.0,0.0,0.0,0.0,0.0751277943083848,-0.1999999999999886,5.551115123125783e-17,-21.19999999999999
21.07799999974668,0.0,0.0,0.0,0.0,0.0,0.0,0.1410940718699931,0.2000000000000028,-0.0999999999999998,-20.59999999999998,0.0,0.0,0.0,0.0,0.0,0.0,0.0751277943083848,-0.1999999999999886,5.551115123125783e-17,-21.19999999999999
21.093999998643994,0.0,0.0,0.0,0.0,0.0,0.0,0.1411245899137865,0.2000000000000028,-0.0999999999999998,-20.59999999999998,0.0,0.0,0.0,0.0,0.0,0.0,0.0751277943083848,-0.1999999999999886,5.551115123125783e-17,-21.19999999999999
21.10999999940396,0.0,0.0,0.0,0.0,0.0,0.0,0.1410940718699931,0.2000000000000028,-0.0999999999999998,-20.59999999999998,0.0,0.0,0.0,0.0,0.0,0.0,0.0751430533302815,-0.1999999999999886,5.551115123125783e-17,-21.19999999999999
21.125,0.0,0.0,0.0,0.0,0.0,0.0,0.1410940718699931,0.2000000000000028,-0.0999999999999998,-20.59999999999998,0.0,0.0,0.0,0.0,0.0,0.0,0.0751430533302815,-0.1999999999999886,5.551115123125783e-17,-21.19999999999999
21.14099999889732,0.0,0.0,0.0,0.0,0.0,0.0,0.1408804455634394,0.2000000000000028,-0.0999999999999998,-20.59999999999998,0.0,0.0,0.0,0.0,0.0,0.0,0.0751430533302815,-0.1999999999999886,5.551115123125783e-17,-21.19999999999999
21.15599999949336,0.0,0.0,0.0,0.0,0.0,0.0,0.1410940718699931,0.2000000000000028,-0.0999999999999998,-20.59999999999998,0.0,0.0,0.0,0.0,0.0,0.0,0.0751430533302815,-0.1999999999999886,5.551115123125783e-17,-21.19999999999999
21.18799999915064,0.0,0.0,0.0,0.0,0.0,0.0,0.1410940718699931,0.2000000000000028,-0.0999999999999998,-20.59999999999998,0.0,0.0,0.0,0.0,0.0,0.0,0.0752040894178683,-0.1999999999999886,5.551115123125783e-17,-21.19999999999999
21.20299999974668,0.0,0.0,0.0,0.0,0.0,0.0,0.1410940718699931,0.2000000000000028,-0.0999999999999998,-20.59999999999998,0.0,0.0,0.0,0.0,0.0,0.0,0.0751430533302815,-0.1999999999999886,5.551115123125783e-17,-21.19999999999999
