time_s,L_fx1,L_fy1,L_fz1,L_fx2,L_fy2,L_fz2,L_proximity,L_roll,L_pitch,L_yaw,R_fx1,R_fy1,R_fz1,R_fx2,R_fy2,R_fz2,R_proximity,R_roll,R_pitch,R_yaw
0.0,0.0,0.0,0.0,0.0,0.0,0.0,0.0090348668650339,-4.129999999999996,-16.8,-57.54999999999998,0.0,0.0,0.0,0.0,0.0,0.0,0.0053009842069123,1.6999999999999886,17.200000000000003,49.7
0.0160000007599592,0.0,0.0,0.0,0.0,0.0,0.0,0.0090196078431372,-4.129999999999996,-16.8,-57.54999999999998,0.0,0.0,0.0,0.0,0.0,0.0,0.0053009842069123,1.6999999999999886,17.200000000000003,49.7
0.0319999996572732,0.0,0.0,0.0,0.0,0.0,0.0,0.0090196078431372,-4.029999999999987,-16.8,-57.54999999999998,0.0,0.0,0.0,0.0,0.0,0.0,0.0053009842069123,1.6999999999999886,17.200000000000003,49.7
0.0470000002533197,0.0,0.0,0.0,0.0,0.0,0.0,0.0090196078431372,-4.029999999999987,-16.8,-57.54999999999998,0.0,0.0,0.0,0.0,0.0,0.0,0.0053009842069123,1.6999999999999886,17.200000000000003,49.7
0.0629999991506338,0.0,0.0,0.0,0.0,0.0,0.0,0.0090196078431372,-4.029999999999987,-16.900000000000002,-57.54999999999998,0.0,0.0,0.0,0.0,0.0,0.0,0.0053009842069123,1.6999999999999886,17.200000000000003,49.8
0.078999999910593,0.0,0.0,0.0,0.0,0.0,0.0,0.0090196078431372,-3.9299999999999926,-16.900000000000002,-57.54999999999998,0.0,0.0,0.0,0.0,0.0,0.0,0.0053315022507057,1.799999999999983,17.200000000000003,49.8
0.0940000005066394,0.0,0.0,0.0,0.0,0.0,0.0,0.0090501258869306,-3.9299999999999926,-16.900000000000002,-57.54999999999998,0.0,0.0,0.0,0.0,0.0,0.0,0.0053315022507057,1.799999999999983,17.3,49.8
0.1099999994039535,0.0,0.0,0.0,0.0,0.0,0.0,0.0090501258869306,-3.9299999999999926,-16.900000000000002,-57.54999999999998,0.0,0.0,0.0,0.0,0.0,0.0,0.0053315022507057,1.799999999999983,17.3,49.8
0.125,0.0,0.0,0.0,0.0,0.0,0.0,0.0090653849088273,-3.9299999999999926,-16.900000000000002,-57.54999999999998,0.0,0.0,0.0,0.0,0.0,0.0,0.0054535744258792,1.799999999999983,17.200000000000003,49.8
0.1410000007599592,0.0,0.0,0.0,0.0,0.0,0.0,0.0092790112153811,-3.9299999999999926,-16.900000000000002,-57.54999999999998,0.0,0.0,0.0,0.0,0.0,0.0,0.0056366826886396,1.8999999999999773,17.3,49.8
0.1569999996572733,0.0,0.0,0.0,0.0,0.0,0.0,0.0093705653467612,-3.9299999999999926,-16.900000000000002,-57.54999999999998,0.0,0.0,0.0,0.0,0.0,0.0,0.0059113450827801,1.8999999999999773,17.3,49.8
0.1720000002533197,0.0,0.0,0.0,0.0,0.0,0.0,0.009782558937972,-3.829999999999984,-16.900000000000002,-57.54999999999998,0.0,0.0,0.0,0.0,0.0,0.0,0.0065522240024414,1.8999999999999773,17.200000000000003,49.8
0.1879999991506338,0.0,0.0,0.0,0.0,0.0,0.0,0.0099046311131456,-3.829999999999984,-16.900000000000002,-57.54999999999998,0.0,0.0,0.0,0.0,0.0,0.0,0.0070862897688258,1.8999999999999773,17.200000000000003,49.8
0.2190000005066394,0.0,0.0,0.0,0.0,0.0,0.0,0.010087739375906,-3.829999999999984,-16.900000000000002,-57.54999999999998,0.0,0.0,0.0,0.0,0.0,0.0,0.0078492408636606,1.8999999999999773,17.3,49.8
0.2349999994039535,0.0,0.0,0.0,0.0,0.0,0.0,0.0102555886167696,-3.829999999999984,-16.900000000000002,-57.54999999999998,0.0,0.0,0.0,0.0,0.0,0.0,0.0085511558709086,1.8999999999999773,17.3,49.8
0.25,0.0,0.0,0.0,0.0,0.0,0.0,0.0108049134050507,-3.829999999999984,-16.900000000000002,-57.54999999999998,0.0,0.0,0.0,0.0,0.0,0.0,0.0092530708781567,1.8999999999999773,17.3,49.8
0.2660000007599592,0.0,0.0,0.0,0.0,0.0,0.0,0.010942244602121,-3.829999999999984,-16.900000000000002,-57.54999999999998,0.0,0.0,0.0,0.0,0.0,0.0,0.0099702449073014,1.8999999999999773,17.3,49.8
0.2819999996572733,0.0,0.0,0.0,0.0,0.0,0.0,0.0113694972152285,-3.829999999999984,-16.900000000000002,-57.54999999999998,0.0,0.0,0.0,0.0,0.0,0.0,0.0109010452429999,1.9999999999999856,17.3,49.8
0.2970000002533197,0.0,0.0,0.0,0.0,0.0,0.0,0.0119188220035095,-3.829999999999984,-16.900000000000002,-57.64999999999998,0.0,0.0,0.0,0.0,0.0,0.0,0.0121675440604257,1.9999999999999856,17.3,49.8
0.3129999991506338,0.0,0.0,0.0,0.0,0.0,0.0,0.0120408941786831,-3.829999999999984,-16.900000000000002,-57.64999999999998,0.0,0.0,0.0,0.0,0.0,0.0,0.0131441214618142,1.9999999999999856,17.200000000000003,49.8
0.328999999910593,0.0,0.0,0.0,0.0,0.0,0.0,0.012498664835584,-3.829999999999984,-16.900000000000002,-57.64999999999998,0.0,0.0,0.0,0.0,0.0,0.0,0.0142275120164797,1.9999999999999856,17.200000000000003,49.8
0.3440000005066395,0.0,0.0,0.0,0.0,0.0,0.0,0.0128343633173113,-3.829999999999984,-16.900000000000002,-57.64999999999998,0.0,0.0,0.0,0.0,0.0,0.0,0.0153566796368352,1.9999999999999856,17.200000000000003,49.8
0.3599999994039535,0.0,0.0,0.0,0.0,0.0,0.0,0.0136888685435263,-3.829999999999984,-16.900000000000002,-57.64999999999998,0.0,0.0,0.0,0.0,0.0,0.0,0.0167452506294346,1.9999999999999856,17.200000000000003,49.8
0.375,0.0,0.0,0.0,0.0,0.0,0.0,0.0139024948500801,-3.829999999999984,-16.900000000000002,-57.64999999999998,0.0,0.0,0.0,0.0,0.0,0.0,0.0181643396658274,1.9999999999999856,17.200000000000003,49.8
0.3910000007599592,0.0,0.0,0.0,0.0,0.0,0.0,0.0144823376821545,-3.829999999999984,-16.900000000000002,-57.54999999999998,0.0,0.0,0.0,0.0,0.0,0.0,0.0199343862058442,1.9999999999999856,17.200000000000003,49.8
0.4220000002533197,0.0,0.0,0.0,0.0,0.0,0.0,0.0150774395361257,-3.829999999999984,-16.900000000000002,-57.54999999999998,0.0,0.0,0.0,0.0,0.0,0.0,0.0214755474174105,1.9999999999999856,17.200000000000003,49.8
0.4379999991506338,0.0,0.0,0.0,0.0,0.0,0.0,0.0161303120469977,-3.829999999999984,-16.900000000000002,-57.54999999999998,0.0,0.0,0.0,0.0,0.0,0.0,0.0233981841763942,1.9999999999999856,17.200000000000003,49.8
0.453999999910593,0.0,0.0,0.0,0.0,0.0,0.0,0.0168322270542458,-3.829999999999984,-16.900000000000002,-57.54999999999998,0.0,0.0,0.0,0.0,0.0,0.0,0.0253818570229648,1.9999999999999856,17.200000000000003,49.8
0.4690000005066395,0.0,0.0,0.0,0.0,0.0,0.0,0.0180376897840848,-3.9299999999999926,-16.900000000000002,-57.54999999999998,0.0,0.0,0.0,0.0,0.0,0.0,0.0278538185702296,1.8999999999999773,17.200000000000003,49.8
0.4849999994039535,0.0,0.0,0.0,0.0,-0.0528,0.1366,0.0189684901197833,-3.9299999999999926,-16.900000000000002,-57.54999999999998,0.0,0.0,0.0,0.0,0.0,0.0,0.0302647440299076,1.8999999999999773,17.200000000000003,49.8
0.5,0.0,0.0,0.0,0.0165,-0.1371,0.363,0.0198687724116884,-3.9299999999999926,-16.900000000000002,-57.54999999999998,0.0,0.0,0.0,0.0,0.0,0.0,0.0329655909056229,1.8999999999999773,17.200000000000003,49.8
0.5160000007599592,0.0,0.0,0.0,0.2077,-0.1935,0.623,0.0216540779736018,-3.9299999999999926,-16.900000000000002,-57.54999999999998,0.0,0.0,0.0,-0.0511,0.0,0.0164,0.0357885099565117,1.8999999999999773,17.200000000000003,49.8
0.5470000002533197,0.1336,-0.0756,0.1514,0.5703,-0.1837,1.0546,0.0228442816815442,-4.029999999999987,-16.900000000000002,-57.54999999999998,0.0,0.0,0.0,-0.1981,0.0,0.2344,0.039343862058442,1.799999999999983,17.200000000000003,49.8
0.5629999991506338,0.386,-0.3197,0.5048,0.9707,-0.1384,1.5249999999999997,0.023805600061036,-4.029999999999987,-16.900000000000002,-57.54999999999998,0.0,-0.0148,0.1155999999999996,-0.3922,0.0,0.5844,0.0416174563210498,1.799999999999983,17.200000000000003,49.8
0.578999999910593,0.6225,-0.541,0.912,1.3429,-0.0481,1.9068,0.0250873579003585,-4.029999999999987,-16.900000000000002,-57.64999999999998,-0.0348,-0.1623,0.3005999999999998,-0.5963,0.047,0.9404,0.0426703288319218,1.799999999999983,17.200000000000003,49.7
0.5940000005066395,0.8434,-0.6748,1.246,1.634,0.0,2.2112,0.0258655680170901,-4.029999999999987,-16.900000000000002,-57.64999999999998,-0.0964,-0.2532,0.505,-0.7984,0.1254,1.23,0.0442877851529716,1.799999999999983,17.200000000000003,49.7
0.6099999994039536,1.0654,-0.8163,1.5892000000000002,1.906,0.0,2.5202,0.0276661326009002,-4.029999999999987,-16.900000000000002,-57.64999999999998,-0.1463,-0.3356,0.6896,-0.9594,0.2011,1.47,0.0463172350652323,1.799999999999983,17.200000000000003,49.7
0.6569999996572733,1.3106,-0.9386,1.938,2.1901,0.0,2.843,0.0300007629510948,-4.029999999999987,-16.900000000000002,-57.64999999999998,-0.2394,-0.5062,1.1092,-1.2946,0.3746,1.9534,0.0511848630502784,1.6999999999999886,17.200000000000003,49.6
0.6720000002533197,1.5531,-1.0777,2.3004,2.4733,0.0,3.1704000000000003,0.0327321278706035,-4.029999999999987,-16.900000000000002,-57.64999999999998,-0.294,-0.5816,1.3512000000000002,-1.4654,0.4568,2.2102,0.0533363851377126,1.799999999999983,17.200000000000003,49.6
0.6879999991506338,1.8122,-1.2157,2.6756000000000006,2.7568,0.0089,3.514,0.0354024567025253,-4.029999999999987,-16.900000000000002,-57.64999999999998,-0.3403,-0.6626,1.5876000000000001,-1.6484,0.5726,2.481,0.0544045166704814,1.799999999999983,17.200000000000003,49.6
0.703999999910593,1.9239,-1.2374,2.8143999999999996,2.8397,0.0652,3.6536,0.0398275730525673,-4.029999999999987,-16.900000000000002,-57.64999999999998,-0.3675,-0.672,1.6564000000000003,-1.6606,0.6154,2.5142,0.0576089112687876,1.799999999999983,17.200000000000003,49.5
0.7349999994039536,1.9668,-1.2678,2.8796,2.848,0.0808,3.685,0.0421316853589684,-4.029999999999987,-16.900000000000002,-57.64999999999998,-0.3583,-0.6758,1.6546000000000003,-1.6718,0.6194,2.5136,0.0577004654001678,1.799999999999983,17.200000000000003,49.5
0.75,1.9883,-1.2588,2.9032,2.8647,0.0901,3.72,0.0444815747310597,-4.129999999999996,-16.900000000000002,-57.54999999999998,-0.3631,-0.6687,1.6643999999999999,-1.6817,0.621,2.502,0.0592874036774242,1.799999999999983,17.200000000000003,49.5
0.7660000007599592,2.0048,-1.267,2.9254,2.8624,0.0931,3.7304,0.047029831387808,-4.129999999999996,-16.900000000000002,-57.54999999999998,-0.3719,-0.67,1.6788,-1.6784,0.6409,2.5066,0.0608438239108873,1.799999999999983,17.200000000000003,49.5
0.7819999996572733,2.0161,-1.264,2.9312,2.8803,0.1025,3.7468,0.0498222323949034,-4.129999999999996,-16.900000000000002,-57.54999999999998,-0.3706,-0.6719,1.671,-1.6791,0.6351,2.5068,0.0624917982757305,1.799999999999983,17.200000000000003,49.5
0.7970000002533197,1.7999,-1.1175,2.638,2.621,0.0,3.4440000000000004,0.0507072556649118,-4.129999999999996,-16.8,-57.44999999999998,-0.3326,-0.5335,1.3990000000000002,-1.4779,0.5455,2.1902,0.0629800869764248,1.799999999999983,17.200000000000003,49.6
0.8129999991506338,1.6869,-1.0867,2.4724,2.498,0.0,3.3082,0.0518211642633707,-4.22999999999999,-16.8,-57.44999999999998,-0.3137,-0.54,1.3072000000000001,-1.4631,0.5009,2.1214,0.0629800869764248,1.799999999999983,17.200000000000003,49.6
0.8440000005066395,1.6644,-1.0673,2.4488,2.4939,0.0,3.2982,0.052156862745098,-4.22999999999999,-16.8,-57.44999999999998,-0.3282,-0.5334,1.2908,-1.4615,0.4967,2.1118,0.0629800869764248,1.799999999999983,17.200000000000003,49.6
0.8599999994039536,1.6587,-1.0648,2.4546,2.4872,0.0,3.2958,0.0524010070954451,-4.22999999999999,-16.8,-57.44999999999998,-0.3182,-0.5285,1.2826,-1.4515,0.4894,2.1044,0.0628580148012512,1.799999999999983,17.200000000000003,49.6
0.875,1.666,-1.0742,2.4394,2.4927,0.0,3.3,0.0524010070954451,-4.22999999999999,-16.8,-57.44999999999998,-0.3253,-0.5327,1.276,-1.4591,0.4905,2.1036,0.0628427557793545,1.799999999999983,17.200000000000003,49.7
0.9069999996572732,1.6653,-1.0815,2.4478,2.4733,0.0,3.3062000000000005,0.0524162661173418,-4.22999999999999,-16.8,-57.44999999999998,-0.3188,-0.5296,1.2738,-1.4541,0.4905,2.1128,0.0628427557793545,1.799999999999983,17.200000000000003,49.7
0.9220000002533196,1.6454,-1.0635,2.4338000000000006,2.4806,0.0,3.2972,0.0524162661173418,-4.22999999999999,-16.8,-57.44999999999998,-0.3311,-0.542,1.2830000000000001,-1.4452,0.4926,2.107,0.0628427557793545,1.799999999999983,17.200000000000003,49.7
0.9379999991506338,1.6551,-1.079,2.4512,2.4829,0.0,3.3059999999999996,0.0524162661173418,-4.129999999999996,-16.8,-57.54999999999998,-0.3323,-0.5269,1.2722000000000002,-1.4367,0.485,2.1124,0.0628427557793545,1.799999999999983,17.200000000000003,49.7
0.953999999910593,1.6629,-1.0772,2.446800000000001,2.4691,0.0,3.3048,0.0525688563363088,-4.129999999999996,-16.900000000000002,-57.54999999999998,-0.3327,-0.5354,1.2686,-1.4553,0.4924,2.1126,0.0628427557793545,1.799999999999983,17.200000000000003,49.7
0.9690000005066396,1.6573,-1.078,2.4526,2.4661,0.0,3.3024000000000004,0.0525993743801022,-4.129999999999996,-16.900000000000002,-57.54999999999998,-0.3196,-0.5368,1.2742,-1.448,0.5018,2.0968,0.0630258640421149,1.799999999999983,17.200000000000003,49.7
0.9849999994039536,1.6555,-1.0814,2.4528,2.4695,0.0,3.3062000000000005,0.0529808499275196,-4.129999999999996,-16.900000000000002,-57.64999999999998,-0.3264,-0.544,1.2750000000000001,-1.4587,0.4899,2.1144,0.063117418173495,1.799999999999983,17.200000000000003,49.8
1.0160000007599592,1.6502,-1.0834,2.4588,2.4625,0.0,3.2984000000000004,0.0530266269932097,-4.129999999999996,-16.900000000000002,-57.64999999999998,-0.3291,-0.5395,1.2813999999999999,-1.4531,0.4906,2.1,0.0631479362172884,1.799999999999983,17.200000000000003,49.8
1.0319999996572733,1.6503,-1.0684,2.445,2.4689,0.0,3.3082,0.0530571450370031,-4.029999999999987,-16.900000000000002,-57.64999999999998,-0.3244,-0.5393,1.2726,-1.4584,0.4931,2.1078,0.0631479362172884,1.799999999999983,17.200000000000003,49.8
1.0470000002533195,1.6595,-1.0816,2.4512,2.4673,0.0,3.3128000000000006,0.0530724040588998,-4.029999999999987,-16.900000000000002,-57.64999999999998,-0.3202,-0.5404,1.2646,-1.449,0.5043,2.1176,0.0631479362172884,1.799999999999983,17.200000000000003,49.8
1.0629999991506338,1.6543,-1.0838,2.452200000000001,2.4626,0.0,3.3116,0.0530876630807965,-4.129999999999996,-16.900000000000002,-57.64999999999998,-0.3424,-0.5315,1.2832000000000001,-1.4565,0.4912,2.1068,0.0631479362172884,1.799999999999983,17.200000000000003,49.8
1.078999999910593,1.659,-1.0764,2.4534,2.4563,0.0,3.3152000000000004,0.05316395819028,-4.129999999999996,-16.900000000000002,-57.64999999999998,-0.3334,-0.5298,1.273,-1.4466,0.4947,2.1144,0.0631479362172884,1.799999999999983,17.200000000000003,49.9
1.0940000005066397,1.662,-1.0791,2.452200000000001,2.4655,0.0,3.3218,0.0532555123216601,-4.129999999999996,-16.900000000000002,-57.54999999999998,-0.3225,-0.5421,1.2736,-1.4459,0.4877,2.1032,0.0631479362172884,1.799999999999983,17.200000000000003,49.9
1.125,1.66,-1.0826,2.4564,2.4699,0.0,3.321,0.0532707713435568,-4.129999999999996,-16.900000000000002,-57.54999999999998,-0.331,-0.5327,1.2754,-1.4535,0.4833,2.1134,0.0631784542610818,1.799999999999983,17.200000000000003,49.9
1.1410000007599592,1.6578,-1.0873,2.4558,2.4651,0.0,3.325400000000001,0.0533470664530403,-4.129999999999996,-16.900000000000002,-57.54999999999998,-0.3317,-0.5325,1.2733999999999999,-1.4568,0.4879,2.1190000000000007,0.0632394903486686,1.799999999999983,17.200000000000003,50.0
1.1569999996572733,1.6565,-1.0812,2.4526,2.4739,0.0,3.329600000000001,0.053362325474937,-4.22999999999999,-16.900000000000002,-57.54999999999998,-0.331,-0.5354,1.2788,-1.4648,0.5022,2.1186,0.063468375677119,1.799999999999983,17.3,50.0
1.1879999991506338,1.6631,-1.0813,2.4464,2.4498,0.0,3.3298,0.0534996566720073,-4.22999999999999,-16.8,-57.44999999999998,-0.3418,-0.5349,1.2706000000000002,-1.4545,0.4837,2.1086,0.0634836346990157,1.799999999999983,17.3,50.0
1.203999999910593,1.6581,-1.0781,2.4418,2.4561,0.0,3.3318,0.0536675059128709,-4.22999999999999,-16.8,-57.44999999999998,-0.3228,-0.5405,1.2772,-1.4533,0.489,2.1114,0.0634836346990157,1.799999999999983,17.3,50.0
1.2190000005066397,1.6619,-1.0814,2.451,2.4595,0.0,3.3368,0.0536675059128709,-4.329999999999984,-16.8,-57.44999999999998,-0.3274,-0.535,1.2686,-1.4566,0.4952,2.1148,0.0634836346990157,1.799999999999983,17.3,50.0
1.2349999994039536,1.6652,-1.0831,2.45,2.4628,0.0,3.3324,0.0536675059128709,-4.329999999999984,-16.8,-57.44999999999998,-0.3314,-0.5404,1.2752000000000001,-1.4535,0.4893,2.1030000000000006,0.063468375677119,1.799999999999983,17.3,50.1
1.25,1.6637,-1.0841,2.4608,2.4628,0.0,3.3382,0.0536675059128709,-4.329999999999984,-16.8,-57.44999999999998,-0.3262,-0.5366,1.2636,-1.4643,0.49,2.1052,0.063468375677119,1.799999999999983,17.3,50.1
1.2660000007599592,1.6511,-1.0812,2.4452,2.4579,0.0,3.3312000000000004,0.053713282978561,-4.329999999999984,-16.8,-57.44999999999998,-0.3263,-0.5396,1.272,-1.4597,0.4892,2.1178,0.0634836346990157,1.799999999999983,17.3,50.0
1.2970000002533195,1.6582,-1.0832,2.448,2.4649,0.0,3.3382,0.053713282978561,-4.22999999999999,-16.8,-57.44999999999998,-0.3243,-0.5424,1.2742,-1.462,0.4968,2.1088,0.0634836346990157,1.799999999999983,17.3,50.0
1.3129999991506338,1.644,-1.0798,2.4506,2.4571,0.0,3.3424,0.0537438010223544,-4.22999999999999,-16.8,-57.44999999999998,-0.3437,-0.532,1.2696,-1.4515,0.4845,2.1018,0.0635294117647058,1.799999999999983,17.3,50.0
1.328999999910593,1.6607,-1.088,2.4454,2.4681,0.0,3.3536,0.053865873197528,-4.22999999999999,-16.8,-57.44999999999998,-0.346,-0.5281,1.2682,-1.4537,0.4911,2.1112,0.0635446707866025,1.799999999999983,17.200000000000003,50.0
1.3599999994039536,1.6523,-1.085,2.4486,2.4587,0.0,3.3390000000000004,0.054018463416495,-4.22999999999999,-16.900000000000002,-57.54999999999998,-0.3371,-0.537,1.2731999999999999,-1.4464,0.4871,2.1030000000000006,0.0635446707866025,1.799999999999983,17.200000000000003,50.0
1.375,1.647,-1.0859,2.447,2.4633,0.0,3.3484,0.054018463416495,-4.129999999999996,-16.900000000000002,-57.54999999999998,-0.3362,-0.529,1.2728,-1.4528,0.4894,2.1098,0.0635599298084992,1.799999999999983,17.200000000000003,50.0
1.3910000007599592,1.6566,-1.0923,2.4532,2.4645,0.0,3.353,0.054018463416495,-4.129999999999996,-16.900000000000002,-57.54999999999998,-0.3321,-0.5394,1.2678,-1.4564,0.4953,2.1054,0.0635599298084992,1.799999999999983,17.200000000000003,49.9
1.4069999996572733,1.6563,-1.101,2.4604,2.47,0.0,3.3558,0.054018463416495,-4.129999999999996,-16.900000000000002,-57.54999999999998,-0.3335,-0.5461,1.274,-1.4564,0.4896,2.0916,0.0635599298084992,1.799999999999983,17.200000000000003,49.9
1.4220000002533195,1.6614,-1.0929,2.4494,2.4629,0.0,3.3606,0.0540642404821851,-4.129999999999996,-16.900000000000002,-57.64999999999998,-0.3308,-0.5423,1.269,-1.4625,0.4836,2.1024,0.0635599298084992,1.799999999999983,17.200000000000003,49.9
1.4379999991506338,1.6469,-1.0886,2.4414,2.4666,0.0,3.3576,0.0541252765697718,-4.129999999999996,-16.900000000000002,-57.64999999999998,-0.3408,-0.5409,1.2794,-1.4532,0.4858,2.0926,0.0635904478522926,1.8999999999999773,17.200000000000003,49.9
1.4690000005066397,1.6408,-1.0841,2.4464,2.4548,0.0,3.3547999999999996,0.0541405355916685,-4.029999999999987,-16.900000000000002,-57.64999999999998,-0.343,-0.5445,1.2748000000000002,-1.4557,0.4924,2.1034,0.0635904478522926,1.8999999999999773,17.200000000000003,49.9
1.4849999994039536,1.6461,-1.0927,2.4446,2.4631,0.0,3.3594000000000004,0.0542473487449454,-4.029999999999987,-16.900000000000002,-57.64999999999998,-0.3363,-0.5293,1.2691999999999999,-1.4407,0.4915,2.098,0.0636667429617761,1.8999999999999773,17.200000000000003,49.9
1.5,1.6428,-1.0928,2.445,2.4679,0.0,3.3600000000000008,0.0543389028763256,-4.029999999999987,-17.0,-57.74999999999998,-0.3234,-0.5418,1.2672,-1.4537,0.4818,2.098,0.0636820019836728,1.8999999999999773,17.200000000000003,49.9
1.5319999996572733,1.6474,-1.0861,2.4422,2.4597,0.0,3.3623999999999996,0.0544151979858091,-4.029999999999987,-17.0,-57.74999999999998,-0.3299,-0.5436,1.2696,-1.4688,0.4926,2.1058,0.0637430380712596,1.8999999999999773,17.200000000000003,49.9
1.5470000002533195,1.6453,-1.093,2.4476,2.4575,0.0,3.3682,0.0544457160296025,-3.9299999999999926,-17.0,-57.84999999999998,-0.3351,-0.5243,1.2748000000000002,-1.4527,0.4818,2.1052,0.0637430380712596,1.799999999999983,17.200000000000003,49.9
1.5629999991506338,1.6524,-1.0969,2.4452,2.4726,0.0,3.372,0.0545220111390859,-3.9299999999999926,-17.0,-57.84999999999998,-0.3261,-0.5379,1.273,-1.4466,0.4947,2.0918,0.0637125200274662,1.799999999999983,17.200000000000003,49.9
1.578999999910593,1.6422,-1.0962,2.4434,2.4634,0.0,3.3666,0.0545372701609826,-3.9299999999999926,-17.0,-57.84999999999998,-0.3296,-0.5457,1.2672,-1.4365,0.4886,2.1036,0.0636820019836728,1.799999999999983,17.200000000000003,49.9
1.5940000005066397,1.6427,-1.0953,2.4474,2.4678,0.0,3.374200000000001,0.0545525291828793,-3.829999999999984,-17.0,-57.94999999999998,-0.3354,-0.5428,1.2726,-1.4508,0.4713,2.0934000000000004,0.0637125200274662,1.799999999999983,17.200000000000003,50.0
1.625,1.6454,-1.1009,2.4504,2.4621,0.0,3.3634000000000004,0.0545830472266727,-3.829999999999984,-17.0,-57.94999999999998,-0.3422,-0.5329,1.2687999999999997,-1.4461,0.4892,2.0972,0.0637125200274662,1.799999999999983,17.200000000000003,50.0
1.6410000007599592,1.6414,-1.0908,2.4422,2.453,0.0,3.377,0.0547966735332265,-3.829999999999984,-17.1,-57.94999999999998,-0.3317,-0.5357,1.2766,-1.4508,0.4885,2.0998,0.0637125200274662,1.799999999999983,17.200000000000003,50.0
1.6569999996572733,1.6488,-1.096,2.447,2.4548,0.0,3.3864,0.0548577096208133,-3.829999999999984,-17.1,-57.94999999999998,-0.3305,-0.5318,1.2662,-1.4518,0.4955,2.0972,0.0637125200274662,1.799999999999983,17.200000000000003,50.0
1.6720000002533195,1.6308,-1.0887,2.4344,2.4578,0.0,3.3788,0.05487296864271,-3.829999999999984,-17.1,-57.94999999999998,-0.3338,-0.5335,1.2624,-1.4442,0.4852,2.0986,0.0637125200274662,1.799999999999983,17.200000000000003,50.0
1.703999999910593,1.6389,-1.0908,2.4296,2.4715,0.0,3.3924,0.05487296864271,-3.829999999999984,-17.1,-57.94999999999998,-0.3363,-0.5353,1.2638,-1.4456,0.4692,2.096,0.0637430380712596,1.799999999999983,17.200000000000003,50.1
1.7190000005066397,1.6462,-1.098,2.4404,2.4663,0.0,3.3834,0.0549187457084001,-3.829999999999984,-17.0,-57.94999999999998,-0.3396,-0.5432,1.272,-1.4525,0.4784,2.0952,0.0637582970931563,1.799999999999983,17.200000000000003,50.1
1.7349999994039536,1.6377,-1.101,2.4362,2.4623,0.0,3.3846,0.0549187457084001,-3.9299999999999926,-17.0,-57.94999999999998,-0.3253,-0.5481,1.2772,-1.4498,0.4915,2.1063999999999994,0.0637582970931563,1.799999999999983,17.200000000000003,50.1
1.75,1.6371,-1.1034,2.4400000000000004,2.4573,0.0,3.3828,0.0549187457084001,-3.9299999999999926,-17.0,-57.84999999999998,-0.3406,-0.5367,1.2710000000000001,-1.4425,0.4815,2.1030000000000006,0.0637582970931563,1.799999999999983,17.200000000000003,50.1
1.7660000007599592,1.6347,-1.0964,2.435,2.4792,0.0,3.4014000000000006,0.0549340047302968,-3.9299999999999926,-17.0,-57.84999999999998,-0.3326,-0.5306,1.2628000000000001,-1.4337,0.4936,2.0882,0.0637582970931563,1.799999999999983,17.200000000000003,50.1
1.7819999996572733,1.6295,-1.0909,2.4286,2.4673,0.0,3.3878000000000004,0.0550102998397802,-4.029999999999987,-17.0,-57.84999999999998,-0.3295,-0.5478,1.2651999999999999,-1.4445,0.4824,2.1046,0.0638040741588464,1.799999999999983,17.200000000000003,50.1
1.8129999991506336,1.6285,-1.0938,2.438,2.4749,0.0,3.394400000000001,0.0550408178835736,-4.029999999999987,-17.0,-57.84999999999998,-0.3357,-0.5409,1.2598,-1.4435,0.484,2.0936,0.0638193331807431,1.799999999999983,17.3,50.1
1.828999999910593,1.6372,-1.1002,2.4398,2.4605,0.0,3.394,0.0550408178835736,-4.029999999999987,-17.0,-57.74999999999998,-0.3361,-0.5451,1.2710000000000001,-1.4533,0.4839,2.099,0.0638651102464332,1.799999999999983,17.3,50.2
1.84400000050664,1.6338,-1.0902,2.4352,2.4592,0.0,3.390400000000001,0.0551018539711604,-4.029999999999987,-17.0,-57.74999999999998,-0.3323,-0.5336,1.2714,-1.4464,0.4739,2.0912,0.0638651102464332,1.799999999999983,17.3,50.2
1.8599999994039536,1.6328,-1.107,2.439,2.4647,0.0,3.3936000000000006,0.0551628900587472,-4.129999999999996,-17.0,-57.74999999999998,-0.333,-0.5297,1.2693999999999999,-1.4431,0.4851,2.1026,0.0638651102464332,1.799999999999983,17.3,50.2
1.8910000007599592,1.6206,-1.0948,2.4324,2.4598,0.0,3.395,0.055223926146334,-4.129999999999996,-17.0,-57.74999999999998,-0.3367,-0.5328,1.269,-1.4431,0.4768,2.099,0.0638651102464332,1.799999999999983,17.3,50.3
1.9069999996572733,1.6325,-1.1031,2.4306,2.4629,0.0,3.4054,0.055223926146334,-4.029999999999987,-17.0,-57.74999999999998,-0.3373,-0.5349,1.268,-1.4473,0.4767,2.0968,0.0638498512245365,1.799999999999983,17.3,50.3
1.92200000025332,1.6337,-1.105,2.4322,2.4646,0.0,3.406600000000001,0.055223926146334,-4.029999999999987,-17.0,-57.84999999999998,-0.3201,-0.5401,1.2616,-1.46,0.4754,2.0896,0.0638651102464332,1.799999999999983,17.3,50.3
1.9379999991506336,1.6375,-1.1093,2.4408,2.4681,0.0,3.4056,0.0552697032120241,-4.029999999999987,-17.0,-57.84999999999998,-0.3298,-0.5332,1.2636,-1.4547,0.4823,2.0968,0.0638651102464332,1.799999999999983,17.3,50.3
1.953999999910593,1.627,-1.095,2.4218,2.4795,0.0,3.4014000000000006,0.0553002212558175,-4.029999999999987,-17.0,-57.84999999999998,-0.33,-0.5309,1.2696,-1.4461,0.4806,2.0928,0.0638498512245365,1.799999999999983,17.3,50.3
1.9849999994039536,1.6211,-1.0966,2.4262,2.4759,0.0,3.4022,0.0553002212558175,-4.029999999999987,-17.0,-57.84999999999998,-0.3286,-0.527,1.2594,-1.4492,0.4811,2.0822,0.0638040741588464,1.799999999999983,17.3,50.4
2.0,1.6294,-1.0958,2.4408,2.4703,0.0,3.394,0.0553002212558175,-3.9299999999999926,-17.0,-57.94999999999998,-0.3309,-0.5146,1.248,-1.4436,0.4846,2.0862,0.0636514839398794,1.799999999999983,17.3,50.4
2.016000000759959,1.6355,-1.095,2.450800000000001,2.4773,0.0,3.3896,0.0553154802777142,-3.9299999999999926,-17.0,-57.94999999999998,-0.3321,-0.5186,1.256,-1.4588,0.4894,2.099,0.0635141527428091,1.799999999999983,17.3,50.4
2.04700000025332,1.6274,-1.0971,2.4616,2.4677,0.0,3.3652,0.0553307392996108,-3.9299999999999926,-17.0,-57.94999999999998,-0.3404,-0.5052,1.2398,-1.458,0.4937,2.0884,0.0635141527428091,1.799999999999983,17.3,50.4
2.062999999150634,1.6421,-1.0952,2.4694,2.466,0.0,3.3604,0.0553917753871976,-3.9299999999999926,-17.0,-57.94999999999998,-0.344,-0.507,1.2448,-1.4574,0.4884,2.0852,0.0635141527428091,1.799999999999983,17.3,50.3
2.078999999910593,1.6377,-1.0973,2.4778,2.4575,0.0,3.3568,0.0553765163653009,-3.9299999999999926,-17.0,-57.94999999999998,-0.348,-0.5052,1.2506,-1.4696,0.5035,2.0854000000000004,0.0635141527428091,1.799999999999983,17.3,50.3
2.0940000005066395,1.637,-1.1102,2.4744,2.4527,0.0,3.3568,0.0553765163653009,-4.029999999999987,-17.0,-57.94999999999998,-0.3517,-0.5065,1.2444,-1.4566,0.5005,2.089400000000001,0.0635141527428091,1.799999999999983,17.3,50.3
2.1099999994039536,1.6378,-1.1038,2.487,2.4538,0.0,3.3416,0.0553917753871976,-4.029999999999987,-17.0,-57.94999999999998,-0.3535,-0.4959,1.2436,-1.4677,0.5019,2.1012,0.0637888151369497,1.799999999999983,17.3,50.3
2.125,1.6395,-1.1026,2.4892,2.4503,0.0,3.3322,0.0554680704966811,-4.029999999999987,-17.0,-57.84999999999998,-0.346,-0.5069,1.2356000000000005,-1.4703,0.505,2.0908000000000007,0.0640482185091935,1.799999999999983,17.3,50.3
2.1569999996572733,1.6375,-1.1046,2.4928,2.4572,0.0,3.3436,0.0555443656061646,-4.129999999999996,-17.0,-57.84999999999998,-0.349,-0.4963,1.2458,-1.4635,0.5109,2.0964,0.0641092545967803,1.799999999999983,17.3,50.3
2.17200000025332,1.6506,-1.1018,2.491400000000001,2.4538,0.0,3.3342000000000005,0.0555596246280613,-4.129999999999996,-17.0,-57.84999999999998,-0.3569,-0.4919,1.2384,-1.4613,0.5076,2.089,0.0641855497062638,1.799999999999983,17.3,50.2
2.187999999150634,1.6394,-1.1024,2.4996000000000005,2.4446,0.0,3.3342000000000005,0.0555596246280613,-4.129999999999996,-17.0,-57.74999999999998,-0.3528,-0.4986,1.2298,-1.4662,0.4889,2.1038,0.0643686579690241,1.799999999999983,17.3,50.2
2.203999999910593,1.6458,-1.1042,2.5088,2.4428,0.0,3.3188,0.0555596246280613,-4.22999999999999,-17.0,-57.74999999999998,-0.3454,-0.5053,1.2371999999999999,-1.4902,0.4945,2.099,0.0644602121004043,1.799999999999983,17.3,50.2
2.2349999994039536,1.6474,-1.0944,2.5032,2.4415,0.0,3.34,0.0555596246280613,-4.22999999999999,-17.0,-57.74999999999998,-0.3506,-0.5038,1.2366,-1.4717,0.5033,2.107,0.0644602121004043,1.799999999999983,17.400000000000002,50.2
2.25,1.648,-1.1086,2.507,2.4288,0.0,3.3184000000000005,0.0555596246280613,-4.22999999999999,-17.0,-57.74999999999998,-0.3703,-0.499,1.2336,-1.4817,0.4992,2.1074,0.0644602121004043,1.799999999999983,17.400000000000002,50.2
2.266000000759959,1.6415,-1.0995,2.5098,2.4413,0.0,3.3218,0.0555596246280613,-4.22999999999999,-17.0,-57.74999999999998,-0.3524,-0.4927,1.2196,-1.4719,0.5041,2.1008,0.0644907301441977,1.799999999999983,17.400000000000002,50.2
2.2819999996572733,1.6568,-1.107,2.5158000000000005,2.435,0.0,3.3088,0.0555596246280613,-4.22999999999999,-17.0,-57.74999999999998,-0.3656,-0.4937,1.2336,-1.4805,0.509,2.1024,0.0645670252536812,1.6999999999999886,17.400000000000002,50.2
2.29700000025332,1.6475,-1.0995,2.5074,2.4387,0.0,3.3148,0.0555596246280613,-4.22999999999999,-17.1,-57.74999999999998,-0.3562,-0.4885,1.2249999999999999,-1.4908,0.5118,2.0962,0.0646433203631647,1.6999999999999886,17.400000000000002,50.2
2.312999999150634,1.6494,-1.0944,2.5048,2.4411,0.0,3.3064,0.055574883649958,-4.22999999999999,-17.1,-57.74999999999998,-0.3632,-0.4936,1.2249999999999999,-1.4866,0.498,2.104,0.0647043564507515,1.6999999999999886,17.5,50.3
2.3440000005066395,1.6408,-1.0915,2.5116,2.442,0.0,3.3030000000000004,0.0555596246280613,-4.22999999999999,-17.1,-57.74999999999998,-0.3689,-0.494,1.2174,-1.4877,0.5067,2.1006,0.0647043564507515,1.6999999999999886,17.5,50.3
2.3599999994039536,1.6486,-1.0895,2.5126,2.4393,0.0,3.3036,0.0555596246280613,-4.22999999999999,-17.200000000000003,-57.74999999999998,-0.3619,-0.4874,1.2182,-1.4767,0.5073,2.1098,0.0647043564507515,1.6999999999999886,17.5,50.3
2.375,1.665,-1.1021,2.517,2.4261,0.0003,3.3012,0.0555596246280613,-4.22999999999999,-17.200000000000003,-57.84999999999998,-0.3587,-0.4859,1.2188,-1.4827,0.497,2.1198,0.0647043564507515,1.6999999999999886,17.6,50.3
2.391000000759959,1.6517,-1.0943,2.5234,2.4255,0.0071,3.2986,0.0555443656061646,-4.129999999999996,-17.3,-57.84999999999998,-0.3702,-0.4806,1.2118000000000002,-1.4865,0.5104,2.1186,0.0646890974288548,1.6999999999999886,17.6,50.4
2.4069999996572733,1.6587,-1.0943,2.5178,2.4434,0.0,3.3002,0.0554680704966811,-4.129999999999996,-17.3,-57.84999999999998,-0.3612,-0.4812,1.2122,-1.4861,0.5119,2.1131999999999995,0.0646890974288548,1.6999999999999886,17.6,50.4
2.437999999150634,1.6542,-1.1038,2.5216,2.4363,0.0108,3.3012,0.0554680704966811,-4.129999999999996,-17.3,-57.84999999999998,-0.3551,-0.4911,1.2132,-1.4848,0.4898,2.1034,0.0646890974288548,1.6999999999999886,17.700000000000003,50.4
2.453999999910593,1.6603,-1.103,2.5184000000000006,2.4434,0.011,3.2996,0.0554680704966811,-4.129999999999996,-17.400000000000002,-57.84999999999998,-0.366,-0.4874,1.218,-1.4859,0.4907,2.1034,0.0646890974288548,1.6999999999999886,17.700000000000003,50.4
2.4690000005066395,1.6644,-1.0993,2.5324,2.4237,0.006,3.3024000000000004,0.0554680704966811,-4.129999999999996,-17.400000000000002,-57.84999999999998,-0.3694,-0.4855,1.2176,-1.4815,0.5035,2.1136,0.0646890974288548,1.6999999999999886,17.700000000000003,50.4
2.4849999994039536,1.6608,-1.0937,2.5164,2.4383,0.0176,3.2946000000000004,0.0555443656061646,-4.22999999999999,-17.5,-57.84999999999998,-0.3644,-0.4921,1.2164,-1.477,0.4996,2.1118,0.0648722056916151,1.6999999999999886,17.8,50.4
2.516000000759959,1.6626,-1.0957,2.5296,2.4238,0.0,3.2792,0.0555443656061646,-4.22999999999999,-17.5,-57.84999999999998,-0.3696,-0.4898,1.2052,-1.4877,0.5059,2.1158,0.0650553139543755,1.6999999999999886,17.8,50.4
2.5319999996572733,1.67,-1.1018,2.5292,2.4224,0.0,3.2798,0.0554375524528877,-4.22999999999999,-17.5,-57.84999999999998,-0.3724,-0.4867,1.2144000000000001,-1.4941,0.5073,2.1226,0.0650553139543755,1.6999999999999886,17.8,50.4
2.54700000025332,1.6533,-1.0864,2.5158000000000005,2.4316,0.0038,3.2836,0.0554528114747844,-4.22999999999999,-17.6,-57.84999999999998,-0.3715,-0.4866,1.2084,-1.4905,0.5029,2.1122,0.0650095368886854,1.6999999999999886,17.900000000000002,50.4
2.562999999150634,1.6524,-1.094,2.5342,2.4271,0.0121,3.292,0.0553917753871976,-4.329999999999984,-17.6,-57.74999999999998,-0.3714,-0.4806,1.2154,-1.4939,0.5051,2.1204,0.0650095368886854,1.6999999999999886,17.900000000000002,50.4
2.5940000005066395,1.6567,-1.0952,2.5282,2.4248,0.0061,3.2766,0.0553917753871976,-4.329999999999984,-17.6,-57.74999999999998,-0.3749,-0.4802,1.2094,-1.5032,0.5125,2.1082,0.0650553139543755,1.6999999999999886,18.0,50.4
2.6099999994039536,1.6605,-1.1022,2.5272,2.413,0.0078,3.2788000000000004,0.0553917753871976,-4.329999999999984,-17.700000000000003,-57.74999999999998,-0.3739,-0.4771,1.2136,-1.4911,0.5134,2.1206,0.0650553139543755,1.6999999999999886,18.0,50.4
2.625,1.6627,-1.0931,2.5298,2.414,0.0002,3.2764,0.0553917753871976,-4.329999999999984,-17.700000000000003,-57.74999999999998,-0.359,-0.4904,1.2112000000000005,-1.4944,0.5169,2.1027999999999993,0.0652231631952391,1.6999999999999886,18.1,50.4
2.641000000759959,1.6636,-1.0894,2.537,2.4273,0.0123,3.2796,0.0554375524528877,-4.429999999999993,-17.700000000000003,-57.74999999999998,-0.3704,-0.4801,1.2008,-1.4977,0.4962,2.1134,0.0652231631952391,1.6999999999999886,18.1,50.4
2.6569999996572733,1.6638,-1.0954,2.5342,2.4234,0.0131,3.2756,0.0554528114747844,-4.429999999999993,-17.8,-57.74999999999998,-0.3726,-0.4839,1.206,-1.4915,0.503,2.1082,0.0656046387426566,1.6999999999999886,18.200000000000003,50.4
2.687999999150634,1.6599,-1.0927,2.5478,2.4249,0.0126,3.2778000000000005,0.0556816968032349,-4.429999999999993,-17.8,-57.74999999999998,-0.3742,-0.4867,1.208,-1.4898,0.5055,2.1204,0.0658487830930037,1.6999999999999886,18.200000000000003,50.4
2.703999999910593,1.6585,-1.0906,2.5428,2.4151,0.0129,3.2672000000000003,0.0558495460440985,-4.429999999999993,-17.900000000000002,-57.74999999999998,-0.3672,-0.4823,1.1920000000000002,-1.5022,0.5166,2.1314,0.0658487830930037,1.6999999999999886,18.3,50.4
2.7190000005066395,1.6753,-1.0925,2.543,2.4061,0.0001,3.2664000000000004,0.0559105821316853,-4.429999999999993,-18.0,-57.74999999999998,-0.3732,-0.4856,1.1932,-1.5041,0.5082,2.129,0.0658487830930037,1.6999999999999886,18.3,50.4
2.7349999994039536,1.6653,-1.087,2.538,2.412,0.0108,3.2652,0.0559563591973754,-4.429999999999993,-18.0,-57.74999999999998,-0.3702,-0.48,1.1934,-1.5044,0.5005,2.1272,0.0658487830930037,1.6999999999999886,18.4,50.4
2.75,1.676,-1.0947,2.553,2.4182,0.0157,3.2598,0.0559563591973754,-4.429999999999993,-18.1,-57.74999999999998,-0.3692,-0.4842,1.1932,-1.5048,0.4882,2.1244,0.0659098191805905,1.6999999999999886,18.4,50.4
2.7819999996572733,1.6712,-1.0934,2.5456,2.4076,0.0221,3.2622,0.0560021362630655,-4.429999999999993,-18.200000000000003,-57.74999999999998,-0.3689,-0.4791,1.1904,-1.5002,0.4938,2.1282,0.0661692225528343,1.6999999999999886,18.5,50.4
2.79700000025332,1.6678,-1.0971,2.5572,2.4068,0.0122,3.2564000000000006,0.0560479133287556,-4.429999999999993,-18.200000000000003,-57.74999999999998,-0.3668,-0.4728,1.1814,-1.5125,0.5051,2.1278,0.0664133669031815,1.6999999999999886,18.6,50.4
2.812999999150634,1.6696,-1.0883,2.5422,2.4089,0.0171,3.2542000000000004,0.0560479133287556,-4.429999999999993,-18.3,-57.74999999999998,-0.3687,-0.4887,1.185,-1.4946,0.5069,2.1276,0.0666422522316319,1.6999999999999886,18.6,50.4
2.828999999910593,1.6758,-1.1011,2.5524,2.4052,0.0219,3.246,0.0560631723506523,-4.429999999999993,-18.4,-57.74999999999998,-0.3739,-0.4835,1.2016000000000002,-1.5177,0.5072,2.143,0.0668711375600824,1.6999999999999886,18.700000000000003,50.4
2.8599999994039536,1.6717,-1.0999,2.5524,2.4169,0.0347,3.2564000000000006,0.0560936903944457,-4.429999999999993,-18.4,-57.74999999999998,-0.3798,-0.4808,1.1960000000000002,-1.5007,0.5015,2.1304,0.0671305409323262,1.6999999999999886,18.700000000000003,50.4
2.875,1.6805,-1.0959,2.5566,2.4003,0.0075,3.2432,0.05658197909514,-4.529999999999987,-18.5,-57.74999999999998,-0.3792,-0.4744,1.1868000000000003,-1.5059,0.5056,2.1386,0.067191577019913,1.6999999999999886,18.8,50.3
2.891000000759959,1.6713,-1.0901,2.548,2.4011,0.0144,3.2462,0.0565972381170366,-4.529999999999987,-18.6,-57.74999999999998,-0.365,-0.4859,1.195,-1.5031,0.5047,2.1194,0.067191577019913,1.6999999999999886,18.9,50.3
2.9069999996572733,1.6741,-1.0856,2.5566,2.3996,0.019,3.2502,0.0569939726863508,-4.529999999999987,-18.6,-57.74999999999998,-0.3706,-0.4793,1.1854000000000002,-1.5102,0.5073,2.1374000000000004,0.0675120164797436,1.6999999999999886,18.9,50.3
2.92200000025332,1.6689,-1.0842,2.5486,2.403,0.0152,3.2394,0.0569939726863508,-4.629999999999996,-18.700000000000003,-57.74999999999998,-0.3746,-0.4763,1.1892,-1.5041,0.4976,2.1338,0.0676493476768139,1.6999999999999886,19.0,50.3
2.953999999910593,1.6708,-1.0893,2.5426,2.3933,0.0114,3.2406,0.0570397497520408,-4.629999999999996,-18.8,-57.74999999999998,-0.3848,-0.4732,1.1842,-1.4971,0.502,2.1334,0.0678171969176775,1.799999999999983,19.1,50.3
2.9690000005066395,1.6741,-1.0997,2.5502,2.3936,0.0113,3.2432,0.0570397497520408,-4.629999999999996,-18.8,-57.64999999999998,-0.3706,-0.4817,1.1908,-1.5046,0.5069,2.1375999999999995,0.0678324559395742,1.799999999999983,19.200000000000003,50.3
2.9849999994039536,1.6736,-1.0927,2.5474,2.4079,0.0154,3.2456,0.0570397497520408,-4.72999999999999,-18.9,-57.64999999999998,-0.3802,-0.4838,1.193,-1.5103,0.5139,2.1384,0.0684580758373388,1.799999999999983,19.200000000000003,50.3
3.016000000759959,1.67,-1.0978,2.5618,2.3941,0.0231,3.2457999999999996,0.0571618219272144,-4.72999999999999,-19.0,-57.64999999999998,-0.3808,-0.4693,1.1876,-1.5063,0.4973,2.1306,0.0684885938811322,1.799999999999983,19.3,50.3
3.0319999996572733,1.6742,-1.099,2.5664,2.3954,0.0293,3.2420000000000004,0.0578789959563591,-4.829999999999984,-19.1,-57.54999999999998,-0.3749,-0.4727,1.1912,-1.4925,0.5112,2.139,0.0685191119249256,1.799999999999983,19.4,50.3
3.04700000025332,1.6737,-1.0951,2.5648,2.4036,0.0386,3.2506,0.0584130617227435,-4.829999999999984,-19.200000000000003,-57.54999999999998,-0.375,-0.4791,1.1952,-1.5054,0.5208,2.1262,0.0690531776913099,1.799999999999983,19.5,50.3
3.062999999150634,1.6759,-1.0907,2.5602,2.4019,0.0241,3.2408,0.0591760128175783,-4.829999999999984,-19.3,-57.54999999999998,-0.3785,-0.4791,1.1986,-1.501,0.508,2.1374000000000004,0.069602502479591,1.799999999999983,19.6,50.3
3.078999999910593,1.6817,-1.1105,2.5644,2.401,0.0263,3.2449999999999997,0.0604272526131074,-4.829999999999984,-19.4,-57.54999999999998,-0.3797,-0.4786,1.203,-1.5131,0.5084,2.1138,0.0703349355306324,1.799999999999983,19.6,50.3
3.0940000005066395,1.6758,-1.0901,2.5714,2.401,0.0331,3.24,0.0628534370946822,-4.929999999999993,-19.4,-57.54999999999998,-0.3882,-0.4662,1.1992,-1.5084,0.5064,2.1314,0.0712504768444342,1.799999999999983,19.700000000000003,50.3
3.125,1.6854,-1.1025,2.5706,2.3831,0.0221,3.2354,0.0683466849774929,-4.929999999999993,-19.5,-57.54999999999998,-0.3716,-0.4778,1.1978,-1.5119,0.4992,2.1238,0.0730968184939345,1.799999999999983,19.8,50.3
3.141000000759959,1.6782,-1.0992,2.5766,2.4026,0.0407,3.2432,0.0786007476920729,-4.929999999999993,-19.6,-57.64999999999998,-0.3777,-0.4711,1.2024000000000001,-1.5039,0.5034,2.1284,0.0792614633401998,1.799999999999983,19.9,50.4
3.1569999996572733,1.6742,-1.099,2.566,2.3797,0.0323,3.233,0.0926543068589303,-4.929999999999993,-19.700000000000003,-57.64999999999998,-0.3841,-0.4614,1.2074,-1.5005,0.5042,2.1218,0.0907972838941023,1.799999999999983,20.0,50.4
3.187999999150634,1.6826,-1.0911,2.5796,2.3875,0.0385,3.2334,0.1082642862592507,-4.929999999999993,-19.8,-57.64999999999998,-0.3894,-0.4621,1.2106000000000001,-1.5017,0.5042,2.1276,0.1033554589150835,1.799999999999983,20.1,50.4
3.187999999150634,1.6923,-1.1022,2.5846,2.3916,0.0271,3.2334,0.1199374380102235,-4.929999999999993,-19.9,-57.64999999999998,-0.3912,-0.4619,1.204,-1.512,0.5094,2.1276,0.1033554589150835,1.8999999999999773,20.200000000000003,50.4
3.2190000005066395,1.6886,-1.1046,2.5912,2.3861,0.0314,3.2228,0.1242099641412985,-4.929999999999993,-20.0,-57.64999999999998,-0.3785,-0.4676,1.2138000000000002,-1.5008,0.5099,2.1252000000000004,0.1033554589150835,1.8999999999999773,20.3,50.4
3.2349999994039536,1.6858,-1.1068,2.589,2.3837,0.0353,3.2286,0.1312138551918822,-4.929999999999993,-20.1,-57.64999999999998,-0.3936,-0.4497,1.2214,-1.5132,0.5204,2.1242,0.0952529182879377,1.8999999999999773,20.4,50.4
3.25,1.6852,-1.0988,2.5994,2.3713,0.03,3.2246,0.1374700541695277,-5.029999999999987,-20.200000000000003,-57.64999999999998,-0.4001,-0.4489,1.2176,-1.5028,0.5065,2.12,0.0952529182879377,1.8999999999999773,20.5,50.4
3.266000000759959,1.698,-1.1153,2.6136,2.3783,0.0335,3.2124,0.140170901045243,-5.029999999999987,-20.3,-57.54999999999998,-0.3926,-0.44,1.2207999999999999,-1.5155,0.523,2.1174,0.0952529182879377,1.8999999999999773,20.6,50.4
3.29700000025332,1.6842,-1.1037,2.606,2.3729,0.0531,3.2214000000000005,0.1414221408407721,-5.129999999999996,-20.4,-57.54999999999998,-0.4086,-0.4489,1.2328,-1.5181,0.5099,2.1382,0.0952529182879377,1.8999999999999773,20.700000000000003,50.4
3.312999999150634,1.6941,-1.1139,2.6208,2.3619,0.0529,3.215,0.1416968032349126,-5.129999999999996,-20.5,-57.54999999999998,-0.3899,-0.443,1.235,-1.5206,0.5093,2.125,0.0952529182879377,1.8999999999999773,20.8,50.4
3.328999999910593,1.7035,-1.1174,2.6358,2.3698,0.0483,3.2162,0.1422461280231937,-5.22999999999999,-20.6,-57.54999999999998,-0.408,-0.4347,1.2302,-1.5172,0.5199,2.1242,0.0995407034409094,1.8999999999999773,20.9,50.4
3.3599999994039536,1.6971,-1.1225,2.631,2.3658,0.0599,3.216800000000001,0.143436331731136,-5.22999999999999,-20.700000000000003,-57.44999999999998,-0.4213,-0.4282,1.2442,-1.5215,0.5271,2.1228,0.1036606393530174,1.8999999999999773,21.0,50.4
3.375,1.6966,-1.1217,2.6462,2.3644,0.0553,3.2092000000000005,0.1450537880521858,-5.329999999999984,-20.8,-57.44999999999998,-0.4081,-0.426,1.2554,-1.5337,0.5224,2.1208,0.1046066987106126,1.9999999999999856,21.1,50.4
3.391000000759959,1.7047,-1.1206,2.6438,2.3584,0.0557,3.2019999999999995,0.1468696116578927,-5.329999999999984,-20.9,-57.44999999999998,-0.4253,-0.427,1.2687999999999997,-1.5203,0.5323,2.1253999999999995,0.1047287708857862,1.9999999999999856,21.200000000000003,50.4
3.4069999996572733,1.7075,-1.1259,2.6546,2.3499,0.0567,3.2129999999999996,0.1475715266651407,-5.429999999999993,-21.0,-57.34999999999998,-0.4023,-0.429,1.2624,-1.5222,0.5231,2.1262,0.1047287708857862,1.9999999999999856,21.3,50.4
3.42200000025332,1.7121,-1.1268,2.6692,2.3593,0.0583,3.199,0.1480445563439383,-5.429999999999993,-21.1,-57.34999999999998,-0.4162,-0.4307,1.2722000000000002,-1.5099,0.5275,2.1302000000000003,0.1047287708857862,1.9999999999999856,21.4,50.4
3.437999999150634,1.709,-1.1299,2.6736,2.3619,0.0722,3.2028,0.148364995803769,-5.529999999999987,-21.200000000000003,-57.34999999999998,-0.426,-0.4116,1.2733999999999999,-1.5279,0.5215,2.122,0.1047287708857862,1.9999999999999856,21.5,50.4
3.4690000005066395,1.7218,-1.1394,2.7007999999999996,2.3423,0.0677,3.1976,0.1484870679789425,-5.529999999999987,-21.3,-57.34999999999998,-0.4269,-0.4138,1.2809999999999997,-1.5134,0.5226,2.1286,0.1047287708857862,1.9999999999999856,21.700000000000003,50.4
3.4849999994039536,1.7248,-1.1349,2.6888,2.3453,0.0659,3.1972,0.1486243991760128,-5.629999999999996,-21.4,-57.24999999999998,-0.4234,-0.4122,1.2872000000000001,-1.5235,0.5301,2.1131999999999995,0.1053849088273441,1.9999999999999856,21.8,50.3
3.5,1.7249,-1.1282,2.705,2.3448,0.0669,3.2044,0.1490058747234302,-5.629999999999996,-21.5,-57.24999999999998,-0.438,-0.3998,1.282,-1.5312,0.5365,2.122,0.1068192568856336,2.09999999999998,21.9,50.3
3.516000000759959,1.7218,-1.1468,2.7204,2.3357,0.0785,3.1946,0.1492957961394674,-5.72999999999999,-21.6,-57.24999999999998,-0.4187,-0.4003,1.3000000000000005,-1.5259,0.5296,2.115,0.1082536049439231,2.09999999999998,22.0,50.3
3.5319999996572733,1.7233,-1.1429,2.716800000000001,2.3356,0.0955,3.196,0.1493568322270542,-5.72999999999999,-21.8,-57.14999999999998,-0.4402,-0.3955,1.3020000000000005,-1.5396,0.5423,2.1168,0.1094743266956588,2.09999999999998,22.1,50.3
3.54700000025332,1.7267,-1.1397,2.7142,2.3345,0.0917,3.1897999999999995,0.149417868314641,-5.829999999999984,-21.9,-57.14999999999998,-0.435,-0.3934,1.296,-1.5271,0.5404,2.111,0.1094743266956588,2.09999999999998,22.200000000000003,50.3
3.578999999910593,1.7413,-1.155,2.737,2.339,0.0958,3.1897999999999995,0.1494331273365377,-5.929999999999993,-22.0,-57.04999999999998,-0.4345,-0.3958,1.306,-1.5339,0.546,2.126,0.1095048447394522,2.09999999999998,22.3,50.3
3.5940000005066395,1.7298,-1.1503,2.7314,2.3221,0.0938,3.1938,0.1494331273365377,-5.929999999999993,-22.1,-57.04999999999998,-0.4279,-0.3885,1.316,-1.5333,0.5376,2.1222,0.1095048447394522,2.09999999999998,22.5,50.3
3.6099999994039536,1.7315,-1.1515,2.7372,2.3245,0.0988,3.1892,0.1494941634241245,-6.029999999999987,-22.200000000000003,-57.04999999999998,-0.4407,-0.3923,1.3095999999999999,-1.5288,0.538,2.1104,0.1093064774547951,2.09999999999998,22.6,50.3
3.641000000759959,1.7404,-1.1492,2.7596,2.3232,0.1052,3.1884,0.1494941634241245,-6.029999999999987,-22.3,-56.94999999999998,-0.4507,-0.3802,1.3296,-1.5329,0.5438,2.1252000000000004,0.1092912184328984,2.09999999999998,22.700000000000003,50.2
3.656999999657273,1.7399,-1.165,2.7632,2.3146,0.0919,3.1804,0.1494941634241245,-6.129999999999996,-22.5,-56.94999999999998,-0.4373,-0.3733,1.3236,-1.5369,0.538,2.1194,0.1084672312504768,2.1999999999999886,22.8,50.2
3.67200000025332,1.7549,-1.159,2.7558,2.3226,0.1087,3.1794,0.1494483863584344,-6.129999999999996,-22.6,-56.94999999999998,-0.4503,-0.367,1.3336,-1.5457,0.5512,2.1352,0.1084672312504768,2.1999999999999886,22.9,50.2
3.687999999150634,1.7502,-1.1746,2.768,2.3159,0.1045,3.1794,0.1493873502708476,-6.129999999999996,-22.8,-56.94999999999998,-0.4553,-0.3654,1.3318,-1.5354,0.5453,2.1114,0.1084672312504768,2.1999999999999886,23.0,50.2
3.703999999910593,1.7497,-1.1682,2.7774,2.33,0.1047,3.1844000000000015,0.1492957961394674,-6.22999999999999,-22.9,-56.94999999999998,-0.4564,-0.3633,1.3536000000000001,-1.5355,0.5516,2.1056,0.1084672312504768,2.1999999999999886,23.200000000000003,50.2
3.71900000050664,1.7524,-1.1586,2.7748000000000004,2.3116,0.107,3.1714,0.1492805371175707,-6.22999999999999,-23.1,-56.94999999999998,-0.4585,-0.3662,1.3470000000000002,-1.5388,0.5415,2.1068,0.1084672312504768,2.1999999999999886,23.3,50.2
3.75,1.7553,-1.1615,2.7790000000000004,2.3019,0.1136,3.1780000000000004,0.1492805371175707,-6.22999999999999,-23.200000000000003,-56.94999999999998,-0.4552,-0.3595,1.3548000000000002,-1.5401,0.553,2.1052,0.1085282673380636,2.1999999999999886,23.4,50.2
3.766000000759959,1.759,-1.1723,2.785,2.2928,0.1173,3.1762,0.1492805371175707,-6.22999999999999,-23.4,-56.94999999999998,-0.4593,-0.3591,1.3604,-1.5402,0.5417,2.1146,0.1090012970168612,2.1999999999999886,23.6,50.2
3.781999999657273,1.7595,-1.1749,2.7902,2.3057,0.111,3.173,0.1492805371175707,-6.22999999999999,-23.5,-56.94999999999998,-0.4594,-0.3693,1.3594000000000002,-1.5291,0.5515,2.115,0.1095963988708323,2.299999999999983,23.700000000000003,50.2
3.812999999150634,1.7571,-1.1695,2.791,2.313,0.109,3.1836,0.1492805371175707,-6.329999999999984,-23.700000000000003,-56.94999999999998,-0.4613,-0.358,1.3557999999999997,-1.547,0.5466,2.111,0.1102372777904936,2.299999999999983,23.9,50.2
3.828999999910593,1.7624,-1.1722,2.8018,2.3046,0.1141,3.1716,0.1493415732051575,-6.329999999999984,-23.8,-56.94999999999998,-0.4573,-0.3614,1.3686,-1.5383,0.5474,2.1086,0.110618753337911,2.299999999999983,24.0,50.2
3.84400000050664,1.7672,-1.1798,2.8034000000000003,2.3101,0.1162,3.1828,0.1494331273365377,-6.329999999999984,-24.0,-56.94999999999998,-0.4608,-0.3582,1.3594000000000002,-1.5336,0.5547,2.116,0.1109086747539482,2.299999999999983,24.200000000000003,50.3
3.8599999994039536,1.7624,-1.1683,2.8066,2.3097,0.1141,3.1680000000000006,0.1498603799496452,-6.429999999999993,-24.1,-56.94999999999998,-0.4472,-0.353,1.3684,-1.536,0.5487,2.1086,0.1112291142137788,2.299999999999983,24.3,50.3
3.875,1.7626,-1.1885,2.8122,2.3018,0.1345,3.1762,0.1503486686503395,-6.429999999999993,-24.200000000000003,-56.84999999999998,-0.4608,-0.3521,1.3697999999999997,-1.5426,0.561,2.1202,0.1109086747539482,2.3999999999999773,24.5,50.3
3.906999999657273,1.7589,-1.1705,2.8116,2.2993,0.1251,3.1666000000000003,0.151279468986038,-6.529999999999987,-24.4,-56.84999999999998,-0.4584,-0.3442,1.37,-1.5334,0.557,2.1154,0.1109086747539482,2.3999999999999773,24.6,50.3
3.92200000025332,1.7599,-1.1739,2.8156000000000003,2.3079,0.1197,3.169,0.1522713054093232,-6.529999999999987,-24.5,-56.84999999999998,-0.4548,-0.3512,1.3738000000000001,-1.5381,0.546,2.1098,0.1109086747539482,2.3999999999999773,24.8,50.3
3.937999999150634,1.7672,-1.1822,2.8268,2.3075,0.1273,3.175,0.1532784008545052,-6.629999999999996,-24.700000000000003,-56.74999999999998,-0.461,-0.3553,1.3776,-1.5284,0.553,2.1072,0.1107255664911879,2.3999999999999773,25.0,50.4
3.953999999910593,1.7597,-1.1759,2.8172,2.3006,0.113,3.1618,0.1545601586938277,-6.629999999999996,-24.8,-56.74999999999998,-0.4706,-0.3442,1.3734,-1.5261,0.5501,2.1116,0.1106492713817044,2.3999999999999773,25.1,50.4
3.96900000050664,1.7636,-1.1762,2.8208,2.3038,0.1318,3.1707999999999994,0.1559334706645304,-6.72999999999999,-25.0,-56.64999999999998,-0.4615,-0.3607,1.3818000000000001,-1.5388,0.5559,2.1086,0.1106492713817044,2.499999999999986,25.3,50.4
4.0,1.7675,-1.1771,2.82,2.2945,0.1334,3.1656,0.1575661860074769,-6.829999999999984,-25.1,-56.64999999999998,-0.4439,-0.3562,1.3674,-1.5283,0.5536,2.097,0.1106492713817044,2.499999999999986,25.5,50.4
4.016000000759959,1.7577,-1.1727,2.82,2.286,0.1265,3.1632,0.1602212558175021,-6.829999999999984,-25.3,-56.64999999999998,-0.4643,-0.3488,1.3772000000000002,-1.5445,0.5525,2.1232,0.1106492713817044,2.499999999999986,25.6,50.4
4.031999999657273,1.7515,-1.1739,2.826,2.2991,0.1345,3.1722000000000015,0.1618539711604486,-6.929999999999993,-25.4,-56.54999999999998,-0.461,-0.347,1.3872,-1.5339,0.5559,2.1108,0.1106492713817044,2.499999999999986,25.8,50.4
4.04700000025332,1.7588,-1.171,2.8326,2.298,0.1472,3.1664,0.1635782406347753,-6.929999999999993,-25.6,-56.54999999999998,-0.4599,-0.3545,1.3860000000000001,-1.543,0.5586,2.1178,0.1112748912794689,2.59999999999998,25.9,50.4
4.062999999150634,1.7674,-1.1832,2.8344000000000005,2.296,0.1355,3.1680000000000006,0.1684000915541313,-7.029999999999987,-25.700000000000003,-56.54999999999998,-0.4682,-0.3567,1.3784,-1.5346,0.5591,2.1092,0.1117936980239566,2.59999999999998,26.1,50.4
4.09400000050664,1.7604,-1.1859,2.8476000000000004,2.3004,0.1391,3.1724,0.1685831998168917,-7.029999999999987,-25.9,-56.54999999999998,-0.4717,-0.3575,1.389,-1.5374,0.5681,2.1172,0.1119615472648203,2.59999999999998,26.3,50.4
4.1099999994039536,1.7619,-1.1856,2.8368,2.3017,0.1391,3.1641999999999997,0.1685831998168917,-7.129999999999996,-26.0,-56.54999999999998,-0.4675,-0.3491,1.3854,-1.5395,0.559,2.111,0.1124498359655146,2.59999999999998,26.4,50.4
4.125,1.7666,-1.1921,2.8448000000000007,2.2846,0.156,3.1602,0.1684000915541313,-7.129999999999996,-26.200000000000003,-56.44999999999998,-0.4629,-0.3407,1.3912000000000002,-1.5381,0.5417,2.1086,0.1124498359655146,2.59999999999998,26.6,50.4
4.141000000759959,1.767,-1.1934,2.8486,2.2849,0.142,3.1620000000000004,0.1669199664301518,-7.129999999999996,-26.4,-56.44999999999998,-0.462,-0.3582,1.3872,-1.5404,0.562,2.1098,0.1124498359655146,2.59999999999998,26.8,50.4
4.17200000025332,1.7574,-1.1855,2.8422,2.2777,0.1465,3.1588,0.1549111161974517,-7.22999999999999,-26.5,-56.44999999999998,-0.4617,-0.3456,1.3841999999999999,-1.5374,0.5554,2.1222,0.1130601968413824,2.6999999999999886,26.9,50.4
4.187999999150634,1.7661,-1.1901,2.8388000000000004,2.2798,0.1431,3.1653999999999995,0.1447180895704585,-7.22999999999999,-26.700000000000003,-56.44999999999998,-0.4563,-0.3498,1.3962,-1.532,0.557,2.101,0.1130907148851758,2.6999999999999886,27.1,50.4
4.203999999910593,1.7667,-1.1879,2.8508,2.2862,0.1459,3.1626,0.1373632410162508,-7.329999999999984,-26.9,-56.44999999999998,-0.4655,-0.3499,1.3976,-1.5288,0.543,2.1062,0.1140825513084611,2.6999999999999886,27.3,50.5
4.21900000050664,1.7704,-1.1977,2.8692000000000006,2.2865,0.1557,3.1706,0.1373632410162508,-7.329999999999984,-27.0,-56.44999999999998,-0.4604,-0.3487,1.3948,-1.5409,0.551,2.1118,0.1158373388265812,2.799999999999983,27.4,50.5
4.2349999994039536,1.7732,-1.1862,2.8664,2.288,0.1439,3.1680000000000006,0.1373632410162508,-7.429999999999993,-27.200000000000003,-56.34999999999998,-0.466,-0.3416,1.3926,-1.5505,0.5527,2.1088,0.1172869459067673,2.799999999999983,27.6,50.5
4.266000000759959,1.7729,-1.198,2.8616000000000006,2.2765,0.1544,3.1628,0.1373632410162508,-7.429999999999993,-27.3,-56.34999999999998,-0.4753,-0.3415,1.4029999999999998,-1.5294,0.5537,2.109,0.1189349202716105,2.799999999999983,27.700000000000003,50.5
4.281999999657273,1.7635,-1.1854,2.8712000000000004,2.2726,0.15,3.1652000000000005,0.1373632410162508,-7.529999999999987,-27.5,-56.34999999999998,-0.4602,-0.3421,1.4010000000000005,-1.5341,0.5808,2.1162,0.1198352025635156,2.799999999999983,27.9,50.5
4.29700000025332,1.7597,-1.1741,2.8588,2.2752,0.1547,3.1611999999999996,0.1394842450598916,-7.529999999999987,-27.6,-56.34999999999998,-0.47,-0.345,1.3982,-1.5422,0.566,2.1114,0.1209948882276646,2.799999999999983,28.1,50.5
4.312999999150634,1.7659,-1.1921,2.873800000000001,2.2751,0.1574,3.1606,0.1424750133516441,-7.6299999999999955,-27.8,-56.24999999999998,-0.4698,-0.3417,1.4064000000000003,-1.5261,0.5548,2.108,0.1234210727092393,2.799999999999983,28.200000000000003,50.5
4.34400000050664,1.7651,-1.2039,2.882,2.2753,0.1596,3.167,0.1451300831616693,-7.6299999999999955,-28.0,-56.24999999999998,-0.4558,-0.3518,1.3996000000000002,-1.5254,0.5492,2.1082,0.1237109941252765,2.8999999999999773,28.4,50.5
4.3599999994039536,1.7657,-1.1902,2.858,2.276,0.153,3.1674,0.1486243991760128,-7.72999999999999,-28.1,-56.24999999999998,-0.4598,-0.3396,1.4016,-1.53,0.5496,2.1134,0.1237415121690699,2.8999999999999773,28.6,50.5
4.375,1.7566,-1.1916,2.8612,2.2786,0.1537,3.1564,0.1525612268253605,-7.72999999999999,-28.3,-56.14999999999998,-0.4681,-0.3447,1.4037999999999997,-1.5422,0.5564,2.1036,0.1239246204318303,2.8999999999999773,28.700000000000003,50.6
4.391000000759959,1.7577,-1.1895,2.8798,2.2826,0.1574,3.1672,0.1551552605477988,-7.829999999999984,-28.4,-56.14999999999998,-0.4685,-0.3458,1.4066,-1.5314,0.5611,2.1032,0.1241077286945906,2.999999999999986,28.9,50.6
4.406999999657273,1.7617,-1.1961,2.8686,2.2723,0.1622,3.1564,0.1584817273212787,-7.929999999999993,-28.6,-56.14999999999998,-0.4666,-0.338,1.4118000000000002,-1.5451,0.555,2.1063999999999994,0.1249011978332188,2.999999999999986,29.1,50.6
4.437999999150634,1.7685,-1.2098,2.8862,2.2794,0.1553,3.1584,0.1597024490730144,-7.929999999999993,-28.700000000000003,-56.04999999999998,-0.4672,-0.3448,1.4034000000000002,-1.54,0.5631,2.1174,0.1264271000228885,2.999999999999986,29.200000000000003,50.6
4.453999999910593,1.7683,-1.1969,2.8912,2.2616,0.162,3.1556,0.1608163576714732,-8.029999999999987,-28.9,-56.04999999999998,-0.4614,-0.338,1.415,-1.5372,0.5534,2.116,0.1286701762417029,2.999999999999986,29.4,50.6
4.46900000050664,1.7652,-1.2033,2.8836,2.2666,0.1574,3.1672,0.1621591515983825,-8.029999999999987,-29.0,-56.04999999999998,-0.4721,-0.3435,1.4088,-1.5345,0.5533,2.1142,0.1310963607232776,2.999999999999986,29.5,50.6
4.5,1.7635,-1.1915,2.8829999999999996,2.2641,0.1706,3.1588,0.1632883192187381,-8.029999999999987,-29.200000000000003,-56.04999999999998,-0.4625,-0.3405,1.4074,-1.5261,0.5643,2.1234,0.1327748531319142,3.09999999999998,29.700000000000003,50.6
4.516000000759959,1.7649,-1.2011,2.8926,2.2702,0.1727,3.1696000000000004,0.1641123064011597,-8.129999999999995,-29.4,-55.94999999999998,-0.4722,-0.3399,1.4159999999999997,-1.5294,0.5618,2.1014,0.1327748531319142,3.09999999999998,29.9,50.6
4.531999999657273,1.7618,-1.2032,2.8896,2.2594,0.1653,3.1588,0.1652872510872053,-8.129999999999995,-29.5,-55.94999999999998,-0.4666,-0.3417,1.413,-1.5229,0.5489,2.1218,0.1327748531319142,3.09999999999998,30.0,50.6
4.54700000025332,1.7593,-1.2087,2.8852,2.2722,0.1679,3.1598,0.1659128709849698,-8.22999999999999,-29.700000000000003,-55.94999999999998,-0.4685,-0.3453,1.4238000000000002,-1.5404,0.5582,2.1096,0.1263050278477149,3.09999999999998,30.200000000000003,50.6
4.562999999150634,1.7676,-1.2054,2.8948,2.2687,0.1722,3.1676,0.167560845349813,-8.22999999999999,-29.9,-55.94999999999998,-0.4692,-0.3343,1.4202000000000001,-1.5225,0.5613,2.1170000000000004,0.1227649347676813,3.1999999999999886,30.4,50.7
4.578999999910593,1.7673,-1.2041,2.8882,2.2661,0.1669,3.1638,0.1681254291599908,-8.329999999999984,-30.0,-55.94999999999998,-0.4758,-0.3436,1.4216,-1.5382,0.5667,2.104,0.1227649347676813,3.1999999999999886,30.5,50.7
4.6099999994039536,1.7746,-1.2074,2.9106,2.2516,0.1659,3.161,0.1684763866636148,-8.329999999999984,-30.200000000000003,-55.94999999999998,-0.4676,-0.3434,1.4236000000000002,-1.5314,0.5617,2.1166,0.1227649347676813,3.1999999999999886,30.700000000000003,50.7
4.625,1.7614,-1.1979,2.898,2.2674,0.1904,3.1626,0.1684763866636148,-8.329999999999984,-30.3,-55.84999999999998,-0.4643,-0.349,1.4238000000000002,-1.5246,0.572,2.1104,0.1227649347676813,3.1999999999999886,30.9,50.7
4.641000000759959,1.7715,-1.2091,2.904,2.2579,0.1792,3.1611999999999996,0.1688731212329289,-8.429999999999993,-30.5,-55.84999999999998,-0.4629,-0.3377,1.4214,-1.5361,0.5752,2.126,0.1227649347676813,3.299999999999983,31.0,50.8
4.67200000025332,1.7713,-1.2077,2.917,2.2731,0.1781,3.1606,0.1694071869993133,-8.429999999999993,-30.6,-55.84999999999998,-0.4744,-0.3316,1.4214,-1.5356,0.5587,2.1164,0.1232074464026855,3.299999999999983,31.200000000000003,50.8
4.687999999150634,1.7565,-1.2066,2.9094,2.2653,0.1841,3.1548,0.1695292591744869,-8.529999999999987,-30.8,-55.84999999999998,-0.4611,-0.3464,1.4286,-1.5272,0.5636,2.1096,0.1256183718623636,3.299999999999983,31.3,50.8
4.687999999150634,1.7558,-1.2096,2.9036000000000004,2.2529,0.1661,3.1554,0.1696208133058671,-8.529999999999987,-30.9,-55.74999999999998,-0.4858,-0.3309,1.4156000000000002,-1.5205,0.5659,2.1072,0.1269306477454795,3.299999999999983,31.5,50.8
4.71900000050664,1.7618,-1.21,2.9016,2.264,0.1766,3.1648,0.1704448004882887,-8.629999999999995,-31.1,-55.74999999999998,-0.4731,-0.3373,1.4148000000000003,-1.5391,0.5477,2.1138,0.1281513694972152,3.3999999999999773,31.700000000000003,50.8
4.7349999994039536,1.7547,-1.2047,2.9118,2.2646,0.1818,3.1682,0.1708110170138094,-8.72999999999999,-31.200000000000003,-55.64999999999998,-0.4642,-0.3436,1.4138,-1.5223,0.5587,2.1190000000000007,0.1292500190737773,3.3999999999999773,31.800000000000004,50.9
4.75,1.7643,-1.2119,2.9114,2.255,0.1851,3.172600000000001,0.171482413977264,-8.829999999999984,-31.4,-55.64999999999998,-0.4628,-0.3449,1.4262,-1.5233,0.5664,2.1116,0.1307301441977569,3.3999999999999773,32.0,50.9
4.781999999657273,1.7616,-1.2039,2.9114,2.2501,0.1761,3.1618,0.1716197451743343,-8.829999999999984,-31.5,-55.64999999999998,-0.4677,-0.3429,1.4198000000000002,-1.5316,0.5634,2.1170000000000004,0.1320881971465629,3.499999999999986,32.2,50.9
4.79700000025332,1.7512,-1.2066,2.9134000000000007,2.2429,0.1835,3.1678,0.171787594415198,-8.929999999999993,-31.700000000000003,-55.54999999999998,-0.4714,-0.3447,1.4298,-1.5206,0.5641,2.1190000000000007,0.1339955748836499,3.499999999999986,32.300000000000004,50.9
4.812999999150634,1.7606,-1.2158,2.9141999999999997,2.2553,0.1985,3.1641999999999997,0.1720469977874418,-8.929999999999993,-31.8,-55.54999999999998,-0.4677,-0.3334,1.4302000000000001,-1.5267,0.5587,2.1206,0.1360402838178072,3.499999999999986,32.5,50.9
4.828999999910593,1.7663,-1.2138,2.9187999999999996,2.2495,0.1972,3.1628,0.1722301060502022,-9.029999999999989,-32.0,-55.44999999999998,-0.4759,-0.3307,1.4164,-1.5284,0.5551,2.1216,0.1377798123140306,3.499999999999986,32.6,50.9
4.8599999994039536,1.7626,-1.2186,2.918600000000001,2.247,0.1983,3.1686,0.1725810635538262,-9.029999999999989,-32.1,-55.44999999999998,-0.4736,-0.341,1.4244,-1.5215,0.5679,2.1131999999999995,0.1389547570000762,3.499999999999986,32.800000000000004,50.9
4.875,1.7621,-1.2135,2.9114,2.2503,0.1838,3.1653999999999995,0.1729625391012436,-9.129999999999995,-32.3,-55.44999999999998,-0.4658,-0.3493,1.4292,-1.5318,0.5665,2.1212,0.1397634851606012,3.59999999999998,32.9,50.9
4.891000000759959,1.7604,-1.2168,2.9088,2.241,0.1869,3.159,0.1730998702983139,-9.129999999999995,-32.4,-55.44999999999998,-0.4688,-0.3447,1.4288,-1.5336,0.5641,2.1094,0.1401602197299153,3.59999999999998,33.1,50.9
4.906999999657273,1.7695,-1.2085,2.9184,2.2529,0.1841,3.1608,0.1731456473640039,-9.22999999999999,-32.6,-55.34999999999998,-0.4731,-0.3281,1.425,-1.5072,0.5691,2.1194,0.1406942854962996,3.59999999999998,33.300000000000004,50.9
4.92200000025332,1.7585,-1.206,2.9187999999999996,2.2634,0.2059,3.1694,0.1733134966048676,-9.22999999999999,-32.7,-55.34999999999998,-0.4701,-0.3334,1.4182,-1.5229,0.5649,2.1063999999999994,0.141228351262684,3.59999999999998,33.4,50.9
4.953999999910593,1.7538,-1.2175,2.934800000000001,2.2415,0.194,3.166,0.173496604867628,-9.329999999999984,-32.9,-55.34999999999998,-0.4752,-0.3539,1.4353999999999998,-1.522,0.5589,2.1148,0.1417929350728618,3.6999999999999886,33.6,50.9
4.96900000050664,1.7642,-1.2217,2.9378000000000006,2.26,0.2084,3.1664,0.1735118638895247,-9.329999999999984,-33.0,-55.34999999999998,-0.4761,-0.3333,1.4196,-1.5138,0.5623,2.1068,0.1421591515983825,3.6999999999999886,33.7,50.9
4.9849999994039536,1.7607,-1.2172,2.9298,2.2564,0.2014,3.1694,0.1735271229114214,-9.429999999999993,-33.2,-55.24999999999998,-0.4602,-0.3465,1.4311999999999998,-1.5173,0.566,2.1124,0.1422049286640726,3.6999999999999886,33.800000000000004,50.9
5.0,1.7546,-1.2123,2.9294,2.2489,0.2026,3.1608,0.1735881589990081,-9.429999999999993,-33.300000000000004,-55.24999999999998,-0.4708,-0.3294,1.4306,-1.5313,0.5709,2.12,0.1422201876859693,3.6999999999999886,34.0,50.9
5.016000000759959,1.7497,-1.2136,2.933,2.2564,0.2077,3.173,0.1736491950865949,-9.429999999999993,-33.4,-55.24999999999998,-0.4702,-0.3343,1.4252,-1.5125,0.5679,2.1072,0.1422201876859693,3.6999999999999886,34.1,50.9
5.031999999657273,1.753,-1.2186,2.9312,2.2481,0.2008,3.1624,0.1741374837872892,-9.529999999999989,-33.6,-55.24999999999998,-0.4622,-0.3395,1.4262,-1.5167,0.5682,2.1170000000000004,0.1422201876859693,3.799999999999983,34.300000000000004,50.9
5.062999999150634,1.7506,-1.2152,2.9236000000000004,2.2342,0.1971,3.1626,0.1742595559624628,-9.529999999999989,-33.7,-55.24999999999998,-0.4784,-0.3279,1.4273999999999998,-1.5241,0.5551,2.1100000000000003,0.1422201876859693,3.799999999999983,34.4,51.0
5.078999999910593,1.746,-1.2086,2.9316,2.2522,0.206,3.164,0.1742748149843595,-9.629999999999995,-33.800000000000004,-55.14999999999998,-0.4794,-0.3386,1.4391999999999998,-1.5212,0.561,2.1136,0.142235446707866,3.799999999999983,34.5,51.0
5.09400000050664,1.7489,-1.2204,2.9309999999999996,2.2609,0.2085,3.1686,0.1742748149843595,-9.629999999999995,-34.0,-55.14999999999998,-0.4741,-0.3418,1.431,-1.5093,0.5575,2.1098,0.1422659647516594,3.799999999999983,34.7,51.0
5.125,1.7512,-1.2187,2.936,2.2451,0.2124,3.1656,0.1743205920500496,-9.72999999999999,-34.1,-55.04999999999998,-0.4761,-0.3465,1.4284,-1.512,0.5715,2.1164,0.1423117418173495,3.899999999999977,34.800000000000004,51.0
5.141000000759959,1.7602,-1.2276,2.9476,2.2308,0.2052,3.1548,0.1743358510719463,-9.72999999999999,-34.2,-55.04999999999998,-0.4691,-0.3404,1.4311999999999998,-1.5172,0.5594,2.1082,0.1425406271457999,3.899999999999977,35.0,51.0
5.156999999657273,1.7482,-1.2185,2.9354,2.2527,0.2197,3.164,0.1743816281376363,-9.829999999999984,-34.4,-55.04999999999998,-0.478,-0.3444,1.4386,-1.5159,0.5715,2.1172,0.1425711451895933,3.899999999999977,35.1,51.1
5.17200000025332,1.7537,-1.2236,2.9385999999999997,2.2454,0.1972,3.1653999999999995,0.174396887159533,-9.929999999999993,-34.5,-54.94999999999998,-0.4667,-0.3419,1.4292,-1.5166,0.5682,2.1024,0.1426169222552834,3.899999999999977,35.2,51.1
5.187999999150634,1.7434,-1.2216,2.9418,2.2486,0.2098,3.159,0.1744121461814297,-9.929999999999993,-34.6,-54.94999999999998,-0.4672,-0.3473,1.4236000000000002,-1.52,0.559,2.126,0.1426169222552834,3.899999999999977,35.4,51.1
5.203999999910593,1.7505,-1.2178,2.9456,2.2388,0.2152,3.1558000000000006,0.1747631036850538,-10.029999999999989,-34.7,-54.94999999999998,-0.4723,-0.3418,1.4348,-1.5053,0.5686,2.1192,0.1426169222552834,3.999999999999986,35.5,51.1
5.2349999994039536,1.7529,-1.2163,2.9304,2.2532,0.2093,3.1666000000000003,0.1748699168383306,-10.029999999999989,-34.800000000000004,-54.84999999999998,-0.4765,-0.3384,1.434,-1.5106,0.5636,2.115,0.1426169222552834,3.999999999999986,35.6,51.1
5.25,1.7567,-1.2237,2.9488,2.2476,0.2242,3.1636,0.1748851758602273,-10.129999999999995,-35.0,-54.84999999999998,-0.4737,-0.3383,1.4306,-1.5115,0.5677,2.1222,0.1426474402990768,3.999999999999986,35.7,51.2
5.266000000759959,1.7498,-1.2246,2.9488,2.2491,0.2283,3.1634000000000007,0.174900434882124,-10.129999999999995,-35.1,-54.84999999999998,-0.4797,-0.3274,1.4442000000000002,-1.512,0.5627,2.1116,0.1427542534523537,3.999999999999986,35.9,51.2
5.29700000025332,1.7546,-1.2251,2.9548,2.2335,0.2104,3.1588,0.174900434882124,-10.129999999999995,-35.2,-54.84999999999998,-0.4717,-0.3411,1.438,-1.5247,0.5559,2.1088,0.1429526207370107,4.09999999999998,36.0,51.2
5.29700000025332,1.7428,-1.233,2.9442,2.246,0.222,3.161,0.1749156939040207,-10.22999999999999,-35.300000000000004,-54.74999999999999,-0.4664,-0.3443,1.4386,-1.5106,0.5625,2.116,0.1430289158464942,4.09999999999998,36.1,51.2
5.328999999910593,1.75,-1.2218,2.942,2.2446,0.2241,3.173,0.1750682841229877,-10.22999999999999,-35.4,-54.74999999999999,-0.4654,-0.3372,1.4342,-1.5084,0.5588,2.1162,0.1430441748683909,4.09999999999998,36.2,51.2
5.34400000050664,1.7383,-1.2214,2.954,2.2421,0.2254,3.1686,0.1750835431448844,-10.22999999999999,-35.5,-54.74999999999999,-0.478,-0.3401,1.4362000000000001,-1.5212,0.5619,2.1176,0.143089951934081,4.09999999999998,36.3,51.2
5.3599999994039536,1.747,-1.2292,2.954,2.238,0.2258,3.166,0.1751445792324712,-10.329999999999984,-35.6,-54.74999999999999,-0.4626,-0.3417,1.4398,-1.5145,0.5489,2.1166,0.143089951934081,4.09999999999998,36.5,51.3
5.375,1.7492,-1.224,2.953,2.2423,0.225,3.1694,0.175205615320058,-10.329999999999984,-35.800000000000004,-54.74999999999999,-0.4753,-0.3359,1.4458,-1.521,0.5602,2.1194,0.143089951934081,4.199999999999989,36.6,51.3
5.406999999657273,1.7411,-1.2347,2.9431999999999996,2.2335,0.2234,3.1624,0.1752361333638513,-10.329999999999984,-35.9,-54.74999999999999,-0.4744,-0.3358,1.4384,-1.5158,0.5765,2.1156,0.143089951934081,4.199999999999989,36.7,51.3
5.42200000025332,1.7402,-1.2217,2.9496,2.237,0.2211,3.163,0.1752666514076447,-10.429999999999993,-36.0,-54.64999999999998,-0.4715,-0.344,1.4414,-1.5134,0.5638,2.1202,0.1431967650873579,4.199999999999989,36.8,51.3
5.437999999150634,1.7476,-1.2297,2.9506,2.2442,0.217,3.161,0.1752666514076447,-10.429999999999993,-36.1,-54.64999999999998,-0.4786,-0.3376,1.4306,-1.5039,0.5651,2.1148,0.1433951323720149,4.199999999999989,36.9,51.4
5.453999999910593,1.7381,-1.233,2.9494,2.2324,0.2298,3.1686,0.1752666514076447,-10.429999999999993,-36.2,-54.64999999999998,-0.4647,-0.3435,1.4349999999999998,-1.4956,0.5641,2.1176,0.1436545357442588,4.199999999999989,37.0,51.4
5.4849999994039536,1.734,-1.2248,2.952,2.2389,0.228,3.161,0.1752819104295414,-10.429999999999993,-36.3,-54.64999999999998,-0.4665,-0.347,1.4444,-1.4978,0.5582,2.0994,0.1436850537880521,4.299999999999983,37.1,51.4
5.5,1.7539,-1.233,2.9629999999999996,2.2313,0.2259,3.16,0.1753429465171282,-10.529999999999989,-36.4,-54.64999999999998,-0.4614,-0.3431,1.4360000000000002,-1.5134,0.5633,2.1187999999999994,0.1436850537880521,4.299999999999983,37.2,51.4
5.516000000759959,1.7444,-1.2328,2.9596,2.2336,0.22,3.1716,0.1753734645609216,-10.529999999999989,-36.5,-54.64999999999998,-0.4625,-0.3449,1.4403999999999997,-1.5049,0.5607,2.1196,0.1436850537880521,4.299999999999983,37.3,51.4
5.531999999657273,1.7385,-1.2256,2.9664,2.2456,0.2326,3.1606,0.1755413138017853,-10.529999999999989,-36.6,-54.64999999999998,-0.467,-0.3397,1.4480000000000002,-1.5151,0.5684,2.1178,0.1436850537880521,4.299999999999983,37.4,51.4
5.54700000025332,1.7455,-1.2271,2.9524000000000004,2.2343,0.2348,3.1614,0.175556572823682,-10.529999999999989,-36.7,-54.64999999999998,-0.4679,-0.3379,1.4425999999999999,-1.5098,0.5664,2.1144,0.1436850537880521,4.299999999999983,37.5,51.4
5.578999999910593,1.737,-1.2306,2.963200000000001,2.2347,0.2437,3.1684,0.175556572823682,-10.629999999999995,-36.8,-54.54999999999998,-0.4736,-0.3346,1.444,-1.5147,0.5759,2.1094,0.1437003128099488,4.299999999999983,37.6,51.4
5.59400000050664,1.7484,-1.2275,2.9622000000000006,2.2309,0.2303,3.1686,0.175556572823682,-10.629999999999995,-36.9,-54.54999999999998,-0.4542,-0.3492,1.4433999999999998,-1.4945,0.5692,2.1202,0.143944457160296,4.399999999999977,37.7,51.4
5.6099999994039536,1.7428,-1.2276,2.965,2.2224,0.2339,3.1628,0.175556572823682,-10.629999999999995,-37.0,-54.54999999999998,-0.4659,-0.3456,1.4458,-1.5033,0.5634,2.1138,0.143944457160296,4.399999999999977,37.8,51.4
5.641000000759959,1.7507,-1.2339,2.9598,2.2274,0.2462,3.1648,0.175556572823682,-10.629999999999995,-37.1,-54.54999999999998,-0.4761,-0.3301,1.4352,-1.5168,0.5675,2.1104,0.143944457160296,4.399999999999977,37.9,51.4
5.656999999657273,1.7348,-1.2437,2.9664,2.2347,0.2387,3.164,0.175556572823682,-10.72999999999999,-37.2,-54.54999999999998,-0.4659,-0.3436,1.4452,-1.5084,0.5489,2.1242,0.143944457160296,4.399999999999977,38.0,51.4
5.67200000025332,1.747,-1.2432,2.9658,2.2298,0.2405,3.164,0.1755870908674754,-10.72999999999999,-37.3,-54.54999999999998,-0.4728,-0.3387,1.4476000000000002,-1.5112,0.5658,2.1208,0.1439597161821927,4.399999999999977,38.1,51.4
5.687999999150634,1.7388,-1.2257,2.964,2.2415,0.2374,3.1694,0.1756633859769588,-10.72999999999999,-37.3,-54.54999999999998,-0.4629,-0.3377,1.445,-1.5019,0.5669,2.1170000000000004,0.1439597161821927,4.399999999999977,38.2,51.4
5.703999999910593,1.7443,-1.2369,2.9682,2.2374,0.2435,3.1649999999999996,0.1756939040207522,-10.829999999999984,-37.4,-54.44999999999997,-0.4655,-0.3382,1.4506,-1.5157,0.5628,2.1126,0.1439597161821927,4.399999999999977,38.2,51.4
5.71900000050664,1.7362,-1.2262,2.9604,2.234,0.2375,3.1656,0.175754940108339,-10.829999999999984,-37.5,-54.44999999999997,-0.463,-0.3422,1.4513999999999998,-1.4967,0.5634,2.1148,0.1439597161821927,4.499999999999986,38.3,51.5
5.75,1.7423,-1.2279,2.9696,2.2337,0.2526,3.1644,0.175754940108339,-10.829999999999984,-37.6,-54.44999999999997,-0.4675,-0.3454,1.4484000000000001,-1.4987,0.5688,2.1114,0.144097047379263,4.499999999999986,38.4,51.5
5.766000000759959,1.7371,-1.2314,2.9568,2.2399,0.2357,3.160400000000001,0.175754940108339,-10.929999999999993,-37.7,-54.34999999999998,-0.4667,-0.3433,1.4436000000000002,-1.5066,0.5722,2.1198,0.1441580834668497,4.499999999999986,38.5,51.5
5.781999999657273,1.7477,-1.2385,2.967,2.2315,0.2453,3.177,0.175754940108339,-10.929999999999993,-37.8,-54.34999999999998,-0.471,-0.3413,1.4516,-1.5097,0.5623,2.1108,0.1442191195544365,4.499999999999986,38.6,51.5
5.79700000025332,1.7335,-1.2262,2.971,2.2373,0.2508,3.1678,0.175754940108339,-11.029999999999989,-37.8,-54.34999999999998,-0.4719,-0.3352,1.4391999999999998,-1.5026,0.5623,2.1126,0.1442801556420233,4.499999999999986,38.6,51.5
5.812999999150634,1.7439,-1.2284,2.961,2.2262,0.2337,3.1674,0.1758464942397192,-11.029999999999989,-37.9,-54.34999999999998,-0.4705,-0.341,1.4474,-1.5059,0.5606,2.1048,0.1442801556420233,4.499999999999986,38.7,51.5
5.84400000050664,1.7376,-1.2339,2.97,2.2371,0.2499,3.160400000000001,0.1758770122835126,-11.029999999999989,-38.0,-54.24999999999999,-0.4662,-0.3455,1.449,-1.5032,0.5646,2.115,0.14429541466392,4.499999999999986,38.8,51.5
5.8599999994039536,1.74,-1.2439,2.9768000000000003,2.2339,0.245,3.1632,0.1758770122835126,-11.129999999999995,-38.1,-54.24999999999999,-0.4673,-0.3419,1.4424000000000001,-1.488,0.5593,2.1062,0.14429541466392,4.59999999999998,38.9,51.5
5.875,1.7368,-1.2327,2.9736,2.2334,0.2503,3.1626,0.1758770122835126,-11.129999999999995,-38.1,-54.24999999999999,-0.4765,-0.3404,1.4560000000000002,-1.499,0.5587,2.1246,0.14429541466392,4.59999999999998,39.0,51.6
5.891000000759959,1.7423,-1.2401,2.9734,2.2241,0.2455,3.1620000000000004,0.175907530327306,-11.129999999999995,-38.2,-54.24999999999999,-0.4678,-0.3444,1.4554,-1.5087,0.5672,2.1128,0.14429541466392,4.59999999999998,39.0,51.6
5.92200000025332,1.7399,-1.2356,2.969,2.2422,0.26,3.179,0.175907530327306,-11.129999999999995,-38.3,-54.24999999999999,-0.4572,-0.3514,1.4480000000000002,-1.5027,0.5596,2.1208,0.1443259327077134,4.59999999999998,39.1,51.6
5.937999999150634,1.7279,-1.2314,2.9822,2.2245,0.2584,3.1798,0.175907530327306,-11.22999999999999,-38.3,-54.24999999999999,-0.4551,-0.3413,1.4502,-1.5003,0.5601,2.1236,0.1443717097734035,4.59999999999998,39.1,51.6
5.953999999910593,1.7421,-1.2365,2.9698000000000007,2.2195,0.2429,3.1532,0.175907530327306,-11.22999999999999,-38.4,-54.24999999999999,-0.4648,-0.3446,1.444,-1.4985,0.5674,2.1126,0.1445395590142671,4.59999999999998,39.2,51.6
5.96900000050664,1.7383,-1.2377,2.9816,2.2163,0.2483,3.1598,0.175907530327306,-11.22999999999999,-38.4,-54.24999999999999,-0.4705,-0.345,1.4456,-1.5036,0.5651,2.124,0.1445395590142671,4.59999999999998,39.3,51.6
5.9849999994039536,1.7388,-1.245,2.9842,2.2215,0.2644,3.1732,0.175907530327306,-11.22999999999999,-38.5,-54.14999999999998,-0.4656,-0.3432,1.447,-1.5,0.5658,2.1178,0.1445548180361638,4.699999999999989,39.3,51.6
6.016000000759959,1.7271,-1.2443,2.972,2.2185,0.2651,3.1687999999999996,0.1760296025024796,-11.22999999999999,-38.5,-54.14999999999998,-0.4681,-0.3503,1.4447999999999999,-1.4991,0.567,2.1166,0.1445548180361638,4.699999999999989,39.4,51.7
6.031999999657273,1.733,-1.2401,2.9726,2.2194,0.2693,3.172,0.1759838254367895,-11.22999999999999,-38.6,-54.14999999999998,-0.4689,-0.3389,1.4614,-1.4937,0.5681,2.1262,0.1445548180361638,4.699999999999989,39.4,51.7
6.04700000025332,1.742,-1.2375,2.9822,2.2199,0.2522,3.1652000000000005,0.1760753795681696,-11.329999999999984,-38.6,-54.14999999999998,-0.4656,-0.3427,1.4484000000000001,-1.4934,0.5628,2.121,0.1445548180361638,4.699999999999989,39.5,51.7
6.078999999910593,1.7391,-1.2499,2.9986,2.233,0.2491,3.1684,0.1760753795681696,-11.329999999999984,-38.7,-54.14999999999998,-0.4617,-0.3396,1.4378,-1.503,0.5614,2.1148,0.1446616311894407,4.699999999999989,39.6,51.7
6.09400000050664,1.7359,-1.247,2.9868,2.2223,0.2554,3.1664,0.1760143434805829,-11.329999999999984,-38.7,-54.14999999999998,-0.4734,-0.3371,1.4598000000000002,-1.493,0.5662,2.1094,0.1446616311894407,4.699999999999989,39.6,51.7
6.1099999994039536,1.7356,-1.2569,2.9834,2.208,0.2583,3.1634000000000007,0.1760143434805829,-11.329999999999984,-38.8,-54.14999999999998,-0.458,-0.341,1.449,-1.5046,0.5748,2.1126,0.1446616311894407,4.699999999999989,39.7,51.7
6.125,1.7368,-1.2347,2.9902,2.2069,0.2545,3.164,0.1759990844586862,-11.429999999999993,-38.8,-54.04999999999998,-0.4636,-0.3518,1.4504000000000001,-1.4963,0.5722,2.1144,0.1447074082551308,4.699999999999989,39.7,51.7
6.141000000759959,1.7373,-1.2428,2.9808,2.2279,0.2631,3.1618,0.1759990844586862,-11.429999999999993,-38.9,-54.04999999999998,-0.4657,-0.3398,1.4532000000000005,-1.4902,0.5712,2.1128,0.1446616311894407,4.799999999999983,39.8,51.7
6.17200000025332,1.727,-1.2366,2.9888,2.232,0.2678,3.1744,0.1760143434805829,-11.429999999999993,-38.9,-54.04999999999998,-0.4598,-0.3433,1.461,-1.4938,0.5724,2.1148,0.1446768902113374,4.799999999999983,39.8,51.7
6.187999999150634,1.7303,-1.2342,2.9884,2.2193,0.2514,3.1632,0.1760143434805829,-11.529999999999989,-38.9,-54.04999999999998,-0.4653,-0.3442,1.4566,-1.4932,0.5817,2.1176,0.1446768902113374,4.799999999999983,39.9,51.7
6.203999999910593,1.7424,-1.2465,2.9906,2.2173,0.2658,3.1756000000000006,0.1760753795681696,-11.529999999999989,-39.0,-53.94999999999997,-0.4575,-0.3533,1.455,-1.4904,0.5804,2.1152000000000006,0.1446768902113374,4.799999999999983,39.9,51.8
6.21900000050664,1.7289,-1.2363,2.9890000000000003,2.2138,0.2696,3.16,0.1761821927214465,-11.529999999999989,-39.0,-53.94999999999997,-0.47,-0.3421,1.4635999999999998,-1.4971,0.5747,2.1224,0.1446921492332341,4.799999999999983,40.0,51.8
6.2349999994039536,1.7338,-1.2439,2.9856,2.2269,0.2714,3.1602,0.1761821927214465,-11.529999999999989,-39.0,-53.94999999999997,-0.4628,-0.3408,1.4454,-1.5005,0.5648,2.1124,0.1446921492332341,4.799999999999983,40.0,51.8
6.266000000759959,1.7341,-1.2377,2.9866000000000006,2.2187,0.2637,3.1641999999999997,0.1761821927214465,-11.529999999999989,-39.1,-53.94999999999997,-0.4616,-0.343,1.453,-1.4931,0.5756,2.1122,0.1446921492332341,4.799999999999983,40.0,51.8
6.281999999657273,1.7288,-1.249,2.9902,2.2173,0.2644,3.1687999999999996,0.1761516746776531,-11.629999999999995,-39.1,-53.94999999999997,-0.4679,-0.3422,1.4512000000000007,-1.4924,0.5801,2.1198,0.1446921492332341,4.799999999999983,40.1,51.8
6.29700000025332,1.732,-1.2423,2.9928000000000003,2.2162,0.2649,3.1718,0.1761516746776531,-11.629999999999995,-39.2,-53.94999999999997,-0.46,-0.3483,1.458,-1.4947,0.5707,2.1180000000000003,0.1446921492332341,4.799999999999983,40.1,51.8
6.312999999150634,1.727,-1.2424,2.986,2.2197,0.2776,3.1718,0.1761516746776531,-11.629999999999995,-39.2,-53.94999999999997,-0.4654,-0.3496,1.449,-1.4945,0.572,2.1312000000000006,0.1447074082551308,4.799999999999983,40.1,51.8
6.328999999910593,1.7326,-1.2407,2.9820000000000007,2.2114,0.2631,3.163,0.1761516746776531,-11.629999999999995,-39.2,-53.94999999999997,-0.4683,-0.3338,1.4544,-1.4821,0.5746,2.1212,0.1447074082551308,4.799999999999983,40.2,51.8
6.34400000050664,1.7295,-1.2495,2.992600000000001,2.2261,0.2783,3.173,0.1761516746776531,-11.629999999999995,-39.3,-53.94999999999997,-0.46,-0.3403,1.457,-1.4872,0.5712,2.107,0.1447074082551308,4.799999999999983,40.2,51.8
6.375,1.7362,-1.2401,2.9896,2.2018,0.274,3.1578,0.1761669336995498,-11.629999999999995,-39.3,-53.94999999999997,-0.4615,-0.3356,1.4476000000000002,-1.5004,0.5746,2.1042,0.1447074082551308,4.799999999999983,40.2,51.8
6.391000000759959,1.7356,-1.2475,2.9896,2.2238,0.2681,3.1634000000000007,0.1761669336995498,-11.629999999999995,-39.3,-53.94999999999997,-0.4639,-0.34,1.458,-1.5024,0.5794,2.1336,0.1447074082551308,4.899999999999977,40.3,51.8
6.406999999657273,1.7282,-1.2458,2.9982,2.2331,0.27,3.1606,0.1761974517433432,-11.629999999999995,-39.4,-53.94999999999997,-0.4738,-0.3323,1.4506,-1.4851,0.5634,2.1142,0.1447226672770275,4.899999999999977,40.3,51.8
6.437999999150634,1.7332,-1.2447,3.0004000000000004,2.2204,0.2774,3.1606,0.1762432288090333,-11.629999999999995,-39.4,-53.94999999999997,-0.4645,-0.3354,1.4654000000000005,-1.4881,0.5733,2.1286,0.1447531853208209,4.899999999999977,40.3,51.8
6.453999999910593,1.7296,-1.248,2.998,2.2134,0.285,3.1648,0.1762127107652399,-11.629999999999995,-39.4,-53.94999999999997,-0.4643,-0.3405,1.4582,-1.4995,0.5693,2.1294,0.1448294804303044,4.899999999999977,40.3,51.8
6.46900000050664,1.7366,-1.2513,2.9995999999999996,2.2167,0.2859,3.1656,0.1762127107652399,-11.629999999999995,-39.4,-53.94999999999997,-0.4598,-0.3297,1.4522000000000002,-1.4969,0.566,2.1258,0.1448447394522011,4.899999999999977,40.3,51.7
6.4849999994039536,1.733,-1.2363,2.9974,2.2159,0.2703,3.1542,0.1762127107652399,-11.629999999999995,-39.5,-53.84999999999998,-0.4619,-0.3388,1.4600000000000002,-1.4893,0.5799,2.1112,0.1448294804303044,4.899999999999977,40.4,51.7
6.5,1.731,-1.2416,2.9894,2.2245,0.2733,3.159,0.17625848783093,-11.629999999999995,-39.5,-53.84999999999998,-0.4626,-0.34,1.4480000000000002,-1.4935,0.5721,2.1232,0.1448294804303044,4.899999999999977,40.4,51.7
6.516000000759959,1.7273,-1.2317,2.9914,2.2114,0.2778,3.16,0.1762737468528267,-11.72999999999999,-39.5,-53.84999999999998,-0.4534,-0.3461,1.4584000000000001,-1.49,0.5821,2.1198,0.1447531853208209,4.899999999999977,40.4,51.7
6.54700000025332,1.7344,-1.2492,2.9968,2.2075,0.2897,3.1584,0.1763042648966201,-11.72999999999999,-39.5,-53.84999999999998,-0.465,-0.3368,1.4672,-1.4866,0.5815,2.115,0.1447531853208209,4.899999999999977,40.4,51.7
6.562999999150634,1.7292,-1.2513,2.9954,2.2158,0.2863,3.1634000000000007,0.1763195239185168,-11.72999999999999,-39.5,-53.84999999999998,-0.4582,-0.3438,1.4606000000000001,-1.4939,0.5681,2.116,0.1448294804303044,4.899999999999977,40.4,51.7
6.578999999910593,1.7354,-1.2379,2.9946000000000015,2.2154,0.2758,3.155,0.1763195239185168,-11.72999999999999,-39.5,-53.84999999999998,-0.4593,-0.3377,1.4626000000000001,-1.4922,0.569,2.107,0.1448294804303044,4.899999999999977,40.4,51.7
6.59400000050664,1.7359,-1.237,2.9968,2.218,0.2728,3.1664,0.1763042648966201,-11.72999999999999,-39.5,-53.84999999999998,-0.4626,-0.341,1.4582,-1.4834,0.5651,2.1131999999999995,0.1448142214084077,4.899999999999977,40.4,51.7
6.625,1.7318,-1.2561,2.9978,2.2087,0.2925,3.1842,0.1763042648966201,-11.829999999999984,-39.5,-53.74999999999999,-0.4527,-0.3372,1.4628000000000003,-1.4914,0.5836,2.127,0.1447531853208209,4.899999999999977,40.4,51.8
6.641000000759959,1.7301,-1.2485,3.011000000000001,2.2089,0.2858,3.1611999999999996,0.1763042648966201,-11.829999999999984,-39.5,-53.74999999999999,-0.4703,-0.3447,1.469,-1.4841,0.5872,2.1176,0.1447684443427176,4.899999999999977,40.4,51.8
6.656999999657273,1.7225,-1.2477,2.9974,2.2114,0.2889,3.1672,0.1763195239185168,-11.829999999999984,-39.5,-53.74999999999999,-0.4593,-0.3465,1.4658,-1.484,0.5804,2.1204,0.1447684443427176,4.899999999999977,40.5,51.8
6.687999999150634,1.7249,-1.2485,3.0056,2.2154,0.2864,3.1538,0.1763347829404135,-11.829999999999984,-39.5,-53.74999999999999,-0.4636,-0.3353,1.469,-1.4935,0.5733,2.1114,0.1447531853208209,4.899999999999977,40.5,51.8
6.703999999910593,1.735,-1.2457,2.9995999999999996,2.2037,0.2852,3.1641999999999997,0.1763958190280003,-11.829999999999984,-39.5,-53.74999999999999,-0.4586,-0.3362,1.4604,-1.4906,0.5772,2.1106,0.1447226672770275,4.899999999999977,40.4,51.8
6.71900000050664,1.7357,-1.2576,3.0018,2.2002,0.2902,3.1668,0.1765026321812771,-11.829999999999984,-39.5,-53.74999999999999,-0.4598,-0.3423,1.4606000000000001,-1.4798,0.5726,2.105,0.1447226672770275,4.899999999999977,40.4,51.8
6.7349999994039536,1.7238,-1.246,3.0088000000000004,2.2053,0.2863,3.1618,0.1765026321812771,-11.829999999999984,-39.5,-53.74999999999999,-0.469,-0.3387,1.4622,-1.482,0.5702,2.102,0.1447226672770275,4.899999999999977,40.4,51.8
6.75,1.7254,-1.2477,3.0002,2.2097,0.2829,3.1618,0.1764263370717937,-11.829999999999984,-39.5,-53.74999999999999,-0.4667,-0.3387,1.4723999999999997,-1.4877,0.5795,2.111,0.1447226672770275,4.899999999999977,40.4,51.8
6.766000000759959,1.734,-1.2547,2.998800000000001,2.2026,0.2853,3.148200000000001,0.1764263370717937,-11.72999999999999,-39.5,-53.84999999999998,-0.4668,-0.3413,1.4672,-1.4907,0.5787,2.1148,0.1447226672770275,4.899999999999977,40.4,51.8
6.79700000025332,1.7362,-1.251,3.0004000000000004,2.2132,0.2828,3.1598,0.1763805600061036,-11.72999999999999,-39.5,-53.84999999999998,-0.4582,-0.3415,1.4666,-1.4793,0.5749,2.122,0.1447684443427176,4.899999999999977,40.4,51.8
6.812999999150634,1.7253,-1.2527,3.004800000000001,2.2056,0.2809,3.1494,0.1763805600061036,-11.72999999999999,-39.5,-53.84999999999998,-0.4596,-0.3416,1.4669999999999999,-1.4905,0.5836,2.107,0.1448142214084077,4.899999999999977,40.4,51.8
6.828999999910593,1.7336,-1.2574,3.0104,2.2067,0.2849,3.1614,0.1763805600061036,-11.72999999999999,-39.5,-53.84999999999998,-0.4687,-0.3407,1.4668000000000003,-1.481,0.5774,2.1036,0.1448294804303044,4.899999999999977,40.4,51.8
6.84400000050664,1.7239,-1.2489,3.0042000000000004,2.1983,0.2915,3.1588,0.1763805600061036,-11.72999999999999,-39.5,-53.84999999999998,-0.4687,-0.3279,1.4584000000000001,-1.4909,0.5782,2.0942,0.1448294804303044,4.899999999999977,40.4,51.8
6.8599999994039536,1.7283,-1.2579,3.0036,2.215,0.2988,3.1584,0.1763805600061036,-11.72999999999999,-39.5,-53.84999999999998,-0.4615,-0.3439,1.4698,-1.4802,0.5734,2.1144,0.1448142214084077,4.899999999999977,40.4,51.8
6.891000000759959,1.7303,-1.2515,2.9998000000000005,2.2079,0.2954,3.1624,0.1763958190280003,-11.72999999999999,-39.5,-53.84999999999998,-0.4715,-0.3331,1.4646,-1.488,0.5837,2.1012,0.1448142214084077,4.899999999999977,40.4,51.8
6.906999999657273,1.7298,-1.2515,2.9998000000000005,2.2063,0.2911,3.1620000000000004,0.1764415960936904,-11.72999999999999,-39.5,-53.84999999999998,-0.4637,-0.347,1.4642,-1.4812,0.5732,2.1012,0.1448294804303044,4.899999999999977,40.4,51.8
6.92200000025332,1.7312,-1.2573,3.0148,2.2019,0.2992,3.1526,0.1764415960936904,-11.72999999999999,-39.5,-53.84999999999998,-0.4551,-0.3305,1.4598000000000002,-1.4902,0.5942,2.105,0.1448447394522011,4.899999999999977,40.4,51.8
6.953999999910593,1.7272,-1.2493,2.9968,2.2067,0.3005,3.1542,0.1764415960936904,-11.72999999999999,-39.5,-53.84999999999998,-0.4612,-0.3422,1.4604,-1.4852,0.5775,2.0986,0.1448752574959945,4.899999999999977,40.4,51.8
6.96900000050664,1.735,-1.252,3.0062,2.2057,0.2912,3.1524,0.1764415960936904,-11.72999999999999,-39.5,-53.84999999999998,-0.4572,-0.3446,1.4669999999999999,-1.4887,0.5722,2.1074,0.1448752574959945,4.899999999999977,40.4,51.8
6.9849999994039536,1.7283,-1.2558,3.0186000000000006,2.202,0.2929,3.1424,0.1764415960936904,-11.72999999999999,-39.5,-53.84999999999998,-0.4706,-0.344,1.4722000000000002,-1.4899,0.5788,2.1096,0.1448752574959945,4.899999999999977,40.4,51.8
7.0,1.7296,-1.2542,3.0196,2.2071,0.3058,3.1452000000000004,0.1764568551155871,-11.72999999999999,-39.5,-53.74999999999999,-0.4488,-0.3359,1.4606000000000001,-1.4825,0.5717,2.1106,0.1448905165178912,4.899999999999977,40.4,51.8
7.016000000759959,1.7233,-1.2529,3.0106,2.2052,0.2933,3.1582000000000003,0.1765178912031738,-11.72999999999999,-39.5,-53.74999999999999,-0.47,-0.3394,1.4715999999999998,-1.4827,0.5828,2.1063999999999994,0.1448905165178912,4.899999999999977,40.4,51.8
7.031999999657273,1.7331,-1.2617,3.015,2.2144,0.2957,3.1624,0.1765178912031738,-11.829999999999984,-39.5,-53.74999999999999,-0.4543,-0.3367,1.4692,-1.4796,0.576,2.108,0.1448905165178912,4.899999999999977,40.4,51.8
7.062999999150634,1.7199,-1.249,3.007,2.2013,0.2947,3.1494,0.1765178912031738,-11.829999999999984,-39.4,-53.74999999999999,-0.4621,-0.3376,1.4628000000000003,-1.489,0.5773,2.1114,0.1449210345616846,4.899999999999977,40.4,51.8
7.078999999910593,1.7335,-1.252,3.0102,2.2033,0.3063,3.1512,0.1765636682688639,-11.829999999999984,-39.4,-53.74999999999999,-0.4652,-0.3415,1.4669999999999999,-1.4847,0.5825,2.1106,0.1449362935835813,4.899999999999977,40.4,51.7
7.09400000050664,1.7248,-1.2516,3.0128,2.2075,0.3101,3.160400000000001,0.1765636682688639,-11.829999999999984,-39.4,-53.74999999999999,-0.4665,-0.3319,1.458,-1.4904,0.5722,2.1046,0.1449820706492713,4.899999999999977,40.4,51.7
7.125,1.7333,-1.2503,3.018,2.2019,0.304,3.1644,0.1766247043564507,-11.829999999999984,-39.4,-53.74999999999999,-0.4636,-0.3352,1.4606000000000001,-1.4846,0.582,2.1068,0.1450888838025482,4.899999999999977,40.4,51.7
7.141000000759959,1.7234,-1.2462,3.0208,2.1973,0.3014,3.1522,0.1766247043564507,-11.72999999999999,-39.4,-53.74999999999999,-0.4614,-0.3489,1.4734,-1.4872,0.5857,2.1116,0.1450888838025482,4.899999999999977,40.4,51.7
7.141000000759959,1.7246,-1.2481,3.0062,2.1992,0.298,3.1536000000000004,0.1766247043564507,-11.72999999999999,-39.4,-53.74999999999999,-0.4597,-0.3362,1.4656,-1.4826,0.5805,2.1044,0.1450888838025482,4.899999999999977,40.3,51.7
7.17200000025332,1.7376,-1.2635,3.0117999999999996,2.1925,0.2934,3.1434,0.1766399633783474,-11.72999999999999,-39.4,-53.74999999999999,-0.4599,-0.3476,1.4804000000000002,-1.4738,0.583,2.1068,0.1450736247806515,4.899999999999977,40.3,51.7
7.187999999150634,1.725,-1.2546,3.0112,2.212,0.2992,3.1536000000000004,0.1766552224002441,-11.72999999999999,-39.4,-53.84999999999998,-0.4668,-0.3449,1.4684,-1.4868,0.5896,2.1194,0.1450736247806515,4.799999999999983,40.3,51.7
7.203999999910593,1.7372,-1.2563,3.0202000000000004,2.1966,0.2999,3.1506,0.1767009994659342,-11.72999999999999,-39.4,-53.84999999999998,-0.458,-0.3407,1.476,-1.4892,0.5864,2.0968,0.1450736247806515,4.799999999999983,40.3,51.7
7.2349999994039536,1.7315,-1.257,3.0152,2.2019,0.3006,3.156,0.1767162584878309,-11.72999999999999,-39.4,-53.84999999999998,-0.4606,-0.3429,1.4706000000000001,-1.4834,0.5743,2.108,0.1450736247806515,4.799999999999983,40.3,51.7
7.25,1.7193,-1.2576,3.009,2.2066,0.3061,3.1552,0.1767162584878309,-11.72999999999999,-39.4,-53.84999999999998,-0.4557,-0.3418,1.4658,-1.4841,0.5892,2.1116,0.1450736247806515,4.799999999999983,40.3,51.6
7.266000000759959,1.7205,-1.2457,3.0158,2.1985,0.3012,3.1504,0.1767162584878309,-11.629999999999995,-39.4,-53.84999999999998,-0.4698,-0.3293,1.4635999999999998,-1.4746,0.5782,2.1048,0.145149919890135,4.799999999999983,40.3,51.6
7.281999999657273,1.7294,-1.2588,3.0326,2.2022,0.3062,3.1596,0.176762035553521,-11.629999999999995,-39.4,-53.84999999999998,-0.4632,-0.3336,1.4644000000000001,-1.4865,0.5884,2.1142,0.1452414740215152,4.799999999999983,40.3,51.6
7.29700000025332,1.7212,-1.247,3.0106,2.2033,0.2992,3.1582000000000003,0.176762035553521,-11.72999999999999,-39.4,-53.84999999999998,-0.4516,-0.3383,1.4620000000000006,-1.4769,0.5752,2.0976000000000004,0.1452872510872053,4.799999999999983,40.3,51.6
7.312999999150634,1.7306,-1.2619,3.0264,2.199,0.2956,3.147,0.1767162584878309,-11.72999999999999,-39.4,-53.84999999999998,-0.4606,-0.3314,1.4666,-1.4862,0.5758,2.1084,0.1452872510872053,4.799999999999983,40.3,51.6
7.344000000506639,1.7338,-1.2587,3.0206,2.1955,0.3129,3.1556,0.176762035553521,-11.72999999999999,-39.4,-53.84999999999998,-0.4534,-0.337,1.457,-1.4931,0.5729,2.1088,0.1452872510872053,4.799999999999983,40.3,51.7
7.3599999994039536,1.7241,-1.2532,3.0124,2.192,0.3074,3.1404,0.176762035553521,-11.72999999999999,-39.4,-53.84999999999998,-0.4535,-0.3438,1.4715999999999998,-1.4768,0.5818,2.1048,0.1452872510872053,4.799999999999983,40.3,51.7
7.375,1.7242,-1.256,3.0126000000000004,2.1922,0.2987,3.147,0.176762035553521,-11.72999999999999,-39.4,-53.84999999999998,-0.4763,-0.3291,1.4658,-1.4824,0.5801,2.1124,0.145302510109102,4.799999999999983,40.3,51.7
7.406999999657273,1.7378,-1.2575,3.0164000000000004,2.1963,0.2908,3.15,0.176762035553521,-11.72999999999999,-39.4,-53.74999999999999,-0.4643,-0.3301,1.4668000000000003,-1.4784,0.5853,2.1034,0.145302510109102,4.899999999999977,40.3,51.7
7.42200000025332,1.7283,-1.2591,3.0242,2.1957,0.3067,3.1384000000000003,0.1767772945754177,-11.72999999999999,-39.4,-53.74999999999999,-0.4666,-0.3398,1.4742000000000004,-1.4863,0.587,2.1086,0.1453177691309987,4.899999999999977,40.3,51.7
7.437999999150634,1.726,-1.2489,3.0236,2.1975,0.3085,3.1536000000000004,0.1767315175097276,-11.72999999999999,-39.4,-53.74999999999999,-0.4588,-0.3276,1.4680000000000002,-1.4722,0.5754,2.1088,0.1453482871747921,4.899999999999977,40.3,51.7
7.453999999910593,1.735,-1.2482,3.0178,2.2085,0.3063,3.1540000000000004,0.1767772945754177,-11.72999999999999,-39.4,-53.74999999999999,-0.4618,-0.3291,1.4706000000000001,-1.4781,0.5802,2.1128,0.1454398413061722,4.899999999999977,40.3,51.7
7.469000000506639,1.728,-1.2496,3.0172000000000003,2.2004,0.3101,3.1486,0.1767772945754177,-11.72999999999999,-39.4,-53.74999999999999,-0.4586,-0.3375,1.4666,-1.477,0.595,2.1044,0.1455313954375524,4.899999999999977,40.3,51.7
7.4849999994039536,1.7216,-1.2565,3.017000000000001,2.1998,0.3115,3.1474,0.1767772945754177,-11.72999999999999,-39.4,-53.74999999999999,-0.4634,-0.3386,1.4757999999999998,-1.4755,0.5904,2.1054,0.1455313954375524,4.899999999999977,40.3,51.7
7.516000000759959,1.7326,-1.2571,3.0248000000000004,2.201,0.3109,3.1519999999999997,0.1767772945754177,-11.829999999999984,-39.4,-53.74999999999999,-0.4561,-0.3446,1.4698,-1.4755,0.5868,2.1063999999999994,0.1455313954375524,4.899999999999977,40.3,51.7
7.531999999657273,1.7343,-1.2599,3.0269999999999997,2.1987,0.3176,3.1442,0.1768841077286946,-11.829999999999984,-39.4,-53.74999999999999,-0.4517,-0.3483,1.4786000000000001,-1.4817,0.583,2.1018,0.1455313954375524,4.899999999999977,40.3,51.7
7.54700000025332,1.7281,-1.2475,3.0198,2.1944,0.308,3.1468,0.1768841077286946,-11.829999999999984,-39.4,-53.74999999999999,-0.4511,-0.3526,1.4722000000000002,-1.4797,0.5861,2.1084,0.1455313954375524,4.899999999999977,40.3,51.7
7.578999999910593,1.7336,-1.2553,3.0239999999999996,2.1939,0.3057,3.1492,0.1768841077286946,-11.829999999999984,-39.3,-53.74999999999999,-0.465,-0.3456,1.4746,-1.4791,0.5835,2.1034,0.1455313954375524,4.899999999999977,40.3,51.7
7.594000000506639,1.7263,-1.255,3.0228,2.1934,0.3094,3.1432,0.1768688487067979,-11.829999999999984,-39.3,-53.64999999999998,-0.4601,-0.3291,1.4786000000000001,-1.481,0.58,2.1072,0.1455619134813458,4.899999999999977,40.3,51.7
7.6099999994039536,1.7246,-1.2559,3.0314,2.2047,0.3257,3.1518,0.1768688487067979,-11.829999999999984,-39.3,-53.64999999999998,-0.4612,-0.3359,1.4714,-1.4697,0.5882,2.105,0.1456992446784161,4.899999999999977,40.3,51.7
7.625,1.7281,-1.2594,3.0252,2.1933,0.3074,3.1442,0.1768688487067979,-11.829999999999984,-39.3,-53.64999999999998,-0.459,-0.3362,1.4774,-1.4871,0.5797,2.1154,0.1456992446784161,4.899999999999977,40.3,51.7
7.641000000759959,1.7404,-1.2595,3.0276,2.2019,0.3214,3.1434,0.1768688487067979,-11.829999999999984,-39.3,-53.64999999999998,-0.4548,-0.345,1.476,-1.4728,0.584,2.0962,0.1457297627222095,4.899999999999977,40.3,51.7
7.656999999657273,1.7209,-1.2544,3.0214,2.1883,0.3191,3.1384000000000003,0.1768688487067979,-11.829999999999984,-39.3,-53.64999999999998,-0.4612,-0.3384,1.4750000000000003,-1.474,0.599,2.1038,0.1457602807660029,4.899999999999977,40.3,51.7
7.687999999150634,1.7295,-1.2609,3.0269999999999997,2.1876,0.3274,3.1526,0.1769298847943846,-11.929999999999993,-39.3,-53.64999999999998,-0.4602,-0.3473,1.478,-1.473,0.5903,2.1078,0.1457297627222095,4.899999999999977,40.2,51.7
7.703999999910593,1.7314,-1.258,3.0228,2.1915,0.3059,3.1408000000000005,0.1770366979476615,-11.829999999999984,-39.3,-53.64999999999998,-0.4598,-0.3366,1.4744,-1.4841,0.5922,2.1052,0.1457297627222095,4.899999999999977,40.2,51.7
7.719000000506639,1.7295,-1.2585,3.034,2.2009,0.3119,3.1456,0.1770366979476615,-11.829999999999984,-39.3,-53.64999999999998,-0.4665,-0.3358,1.4774,-1.4838,0.5898,2.1027999999999993,0.1457297627222095,4.799999999999983,40.2,51.7
7.75,1.7248,-1.2568,3.0222,2.1955,0.3225,3.1462,0.1770366979476615,-11.829999999999984,-39.3,-53.64999999999998,-0.4689,-0.337,1.4702,-1.4701,0.5879,2.0998,0.1457602807660029,4.799999999999983,40.2,51.7
7.766000000759959,1.728,-1.2602,3.0296,2.1821,0.3261,3.142,0.1770366979476615,-11.829999999999984,-39.3,-53.64999999999998,-0.4606,-0.3405,1.4746,-1.4738,0.5971,2.1156,0.1458213168535896,4.799999999999983,40.2,51.7
7.766000000759959,1.7175,-1.2556,3.0282000000000004,2.2072,0.3255,3.1354,0.1770214389257648,-11.829999999999984,-39.3,-53.64999999999998,-0.4609,-0.3332,1.4715999999999998,-1.4786,0.5744,2.0898,0.1458670939192797,4.799999999999983,40.2,51.7
7.79700000025332,1.7354,-1.26,3.028,2.196,0.3272,3.148,0.1770214389257648,-11.829999999999984,-39.3,-53.64999999999998,-0.4509,-0.3407,1.4822,-1.4671,0.5881,2.1046,0.1458670939192797,4.799999999999983,40.2,51.7
7.812999999150634,1.7304,-1.2678,3.0394,2.1874,0.3119,3.1432,0.1770214389257648,-11.829999999999984,-39.3,-53.74999999999999,-0.4544,-0.3335,1.4723999999999997,-1.4718,0.5803,2.0916,0.1459433890287632,4.799999999999983,40.2,51.6
7.828999999910593,1.7205,-1.2591,3.0368,2.1888,0.321,3.1432,0.1770214389257648,-11.72999999999999,-39.3,-53.74999999999999,-0.4623,-0.3292,1.469,-1.4727,0.5867,2.0884,0.1458670939192797,4.799999999999983,40.2,51.6
7.8599999994039536,1.7295,-1.2577,3.0356,2.1945,0.3203,3.1434,0.1770214389257648,-11.72999999999999,-39.3,-53.74999999999999,-0.4523,-0.3376,1.4774,-1.4801,0.5954,2.1096,0.1458670939192797,4.799999999999983,40.2,51.6
7.875,1.7327,-1.2581,3.0406,2.1951,0.3256,3.1414000000000004,0.1770672159914549,-11.72999999999999,-39.3,-53.74999999999999,-0.4644,-0.3323,1.4712000000000003,-1.485,0.5953,2.0870000000000006,0.1458670939192797,4.799999999999983,40.2,51.6
7.891000000759959,1.7244,-1.2631,3.029200000000001,2.1942,0.3296,3.1454,0.1770672159914549,-11.72999999999999,-39.3,-53.74999999999999,-0.4556,-0.3451,1.4807999999999997,-1.477,0.5865,2.1078,0.1458670939192797,4.799999999999983,40.2,51.6
7.92200000025332,1.7211,-1.2463,3.023,2.1987,0.3274,3.1446,0.1770977340352483,-11.72999999999999,-39.3,-53.74999999999999,-0.4513,-0.3407,1.4762000000000002,-1.4703,0.5754,2.1078,0.1458670939192797,4.799999999999983,40.2,51.6
7.937999999150634,1.7308,-1.263,3.03,2.1982,0.3357,3.1536000000000004,0.1770672159914549,-11.72999999999999,-39.3,-53.74999999999999,-0.4654,-0.3449,1.4878000000000002,-1.4763,0.5838,2.105,0.1459433890287632,4.799999999999983,40.2,51.6
7.953999999910593,1.7292,-1.2644,3.0326,2.1941,0.3278,3.1312,0.1770672159914549,-11.72999999999999,-39.3,-53.74999999999999,-0.4657,-0.3328,1.4804000000000002,-1.4672,0.5881,2.1027999999999993,0.1459586480506599,4.799999999999983,40.2,51.6
7.969000000506639,1.7293,-1.2536,3.0286000000000004,2.1918,0.3272,3.134,0.1770672159914549,-11.72999999999999,-39.3,-53.74999999999999,-0.457,-0.348,1.476,-1.4697,0.5879,2.1072,0.1459586480506599,4.799999999999983,40.2,51.6
7.9849999994039536,1.7237,-1.2603,3.0318,2.1912,0.3317,3.141,0.1770672159914549,-11.72999999999999,-39.3,-53.74999999999999,-0.4702,-0.3383,1.474,-1.4732,0.589,2.1114,0.1459586480506599,4.799999999999983,40.2,51.5
8.0,1.7315,-1.2593,3.039,2.1909,0.3167,3.1434,0.1770672159914549,-11.829999999999984,-39.3,-53.64999999999998,-0.4649,-0.3317,1.4764,-1.4703,0.5859,2.1008,0.1459586480506599,4.799999999999983,40.2,51.5
8.031999999657273,1.7193,-1.2556,3.038,2.1984,0.3317,3.141,0.177112993057145,-11.829999999999984,-39.3,-53.64999999999998,-0.467,-0.3386,1.4748,-1.4769,0.5828,2.0996,0.1459586480506599,4.799999999999983,40.2,51.5
8.04700000025332,1.7291,-1.2644,3.0416000000000003,2.1898,0.3348,3.1384000000000003,0.1770672159914549,-11.829999999999984,-39.3,-53.64999999999998,-0.462,-0.337,1.4776,-1.4723,0.5914,2.101,0.1459586480506599,4.799999999999983,40.2,51.5
8.062999999150634,1.7379,-1.2677,3.038,2.1884,0.3308,3.1466,0.177112993057145,-11.829999999999984,-39.3,-53.64999999999998,-0.459,-0.3388,1.4804000000000002,-1.4795,0.6001,2.1027999999999993,0.1459586480506599,4.799999999999983,40.2,51.5
8.078999999910593,1.7312,-1.2687,3.0348,2.1834,0.3306,3.1402,0.1771282520790417,-11.829999999999984,-39.3,-53.64999999999998,-0.4647,-0.3398,1.4744,-1.4845,0.5944,2.0994,0.1459586480506599,4.799999999999983,40.2,51.5
8.109999999403954,1.7261,-1.2506,3.0344,2.196,0.3256,3.1328,0.1771282520790417,-11.829999999999984,-39.3,-53.64999999999998,-0.4678,-0.3358,1.4662,-1.4718,0.576,2.1044,0.14600442511635,4.799999999999983,40.2,51.5
8.125,1.7298,-1.2694,3.0396,2.1944,0.322,3.1352,0.1771282520790417,-11.829999999999984,-39.3,-53.64999999999998,-0.4538,-0.3476,1.4829999999999999,-1.4761,0.5907,2.1,0.1460196841382467,4.799999999999983,40.2,51.6
8.14100000075996,1.735,-1.2605,3.0376,2.1866,0.33,3.1324,0.1770672159914549,-11.72999999999999,-39.3,-53.64999999999998,-0.4573,-0.3304,1.4722000000000002,-1.4757,0.5774,2.1048,0.1460502021820401,4.799999999999983,40.2,51.6
8.156999999657273,1.7235,-1.2589,3.0444000000000018,2.1869,0.3236,3.1332,0.1771282520790417,-11.72999999999999,-39.3,-53.74999999999999,-0.4554,-0.3332,1.4794,-1.4839,0.5844,2.1030000000000006,0.1460959792477302,4.799999999999983,40.2,51.6
8.187999999150634,1.7362,-1.2707,3.0446000000000004,2.1862,0.3326,3.1341999999999985,0.1772045471885252,-11.72999999999999,-39.3,-53.74999999999999,-0.4524,-0.3458,1.474,-1.4694,0.5816,2.1032,0.1460959792477302,4.799999999999983,40.2,51.6
8.203999999910593,1.7327,-1.266,3.0374,2.171,0.3198,3.1312,0.1772198062104219,-11.72999999999999,-39.3,-53.74999999999999,-0.4644,-0.3388,1.4818,-1.4783,0.587,2.1027999999999993,0.1460959792477302,4.799999999999983,40.2,51.6
8.21900000050664,1.7291,-1.2494,3.0426,2.1919,0.3342,3.136000000000001,0.1772198062104219,-11.72999999999999,-39.3,-53.74999999999999,-0.4582,-0.3384,1.4768,-1.4827,0.5921,2.1058,0.1461112382696269,4.799999999999983,40.2,51.6
8.234999999403954,1.7382,-1.2636,3.0430000000000006,2.1869,0.3427,3.1352,0.1771892881666285,-11.72999999999999,-39.3,-53.74999999999999,-0.4525,-0.3349,1.4722000000000002,-1.4769,0.5945,2.0918,0.1462027924010071,4.799999999999983,40.2,51.6
8.26600000075996,1.7267,-1.262,3.0368,2.1897,0.3311,3.1346,0.1771892881666285,-11.72999999999999,-39.3,-53.74999999999999,-0.4567,-0.3257,1.4704,-1.4744,0.589,2.1074,0.1462027924010071,4.899999999999977,40.2,51.6
8.281999999657273,1.7317,-1.2675,3.0513999999999997,2.1825,0.3272,3.1364,0.177265583276112,-11.72999999999999,-39.3,-53.74999999999999,-0.4448,-0.3422,1.4858,-1.4709,0.6013,2.0988,0.1462027924010071,4.899999999999977,40.2,51.6
8.29700000025332,1.7247,-1.2576,3.0394,2.1803,0.332,3.1318,0.1771892881666285,-11.72999999999999,-39.3,-53.74999999999999,-0.4639,-0.3413,1.4809999999999999,-1.4741,0.5772,2.0976000000000004,0.1462943465323872,4.899999999999977,40.2,51.6
8.312999999150634,1.7292,-1.2509,3.0384000000000007,2.1898,0.3381,3.1318,0.1771892881666285,-11.72999999999999,-39.3,-53.74999999999999,-0.455,-0.3344,1.4800000000000002,-1.4651,0.5956,2.1126,0.1462943465323872,4.899999999999977,40.2,51.6
8.328999999910593,1.729,-1.2632,3.0432,2.1967,0.3337,3.1394,0.1771892881666285,-11.72999999999999,-39.3,-53.74999999999999,-0.4546,-0.3386,1.4845999999999997,-1.4726,0.5935,2.1024,0.1462943465323872,4.899999999999977,40.2,51.6
8.34400000050664,1.734,-1.2612,3.0468,2.1848,0.3346,3.1334,0.177265583276112,-11.72999999999999,-39.3,-53.74999999999999,-0.4623,-0.3283,1.4794,-1.472,0.5945,2.1046,0.1462943465323872,4.899999999999977,40.2,51.6
8.375,1.7345,-1.2624,3.0472,2.1792,0.3266,3.1306,0.1772961013199054,-11.72999999999999,-39.3,-53.74999999999999,-0.4587,-0.333,1.4864000000000004,-1.4769,0.5855,2.1,0.1462943465323872,4.799999999999983,40.2,51.6
8.39100000075996,1.7293,-1.2661,3.0352,2.192,0.3476,3.132,0.1774029144731822,-11.72999999999999,-39.3,-53.74999999999999,-0.4568,-0.3335,1.4795999999999998,-1.4748,0.5809,2.0858,0.1462943465323872,4.799999999999983,40.2,51.6
8.406999999657273,1.7359,-1.2636,3.0376,2.1869,0.3433,3.1282,0.1774029144731822,-11.72999999999999,-39.3,-53.74999999999999,-0.4485,-0.3429,1.4788,-1.4712,0.5872,2.0998,0.1462943465323872,4.799999999999983,40.2,51.6
8.42200000025332,1.7246,-1.2544,3.0412,2.1891,0.3428,3.1292000000000004,0.1774029144731822,-11.72999999999999,-39.3,-53.64999999999998,-0.4625,-0.3336,1.4816000000000005,-1.4617,0.5863,2.1058,0.1462943465323872,4.799999999999983,40.2,51.6
8.453999999910593,1.7283,-1.2675,3.0408000000000004,2.1854,0.3365,3.1386,0.1774029144731822,-11.72999999999999,-39.3,-53.64999999999998,-0.4538,-0.3368,1.4862,-1.4612,0.5826,2.1092,0.1463096055542839,4.899999999999977,40.2,51.6
8.453999999910593,1.7236,-1.257,3.038,2.1866,0.3405,3.1341999999999985,0.1774029144731822,-11.829999999999984,-39.3,-53.64999999999998,-0.4605,-0.3299,1.4774,-1.4799,0.5772,2.1002,0.146507972838941,4.899999999999977,40.2,51.6
8.484999999403954,1.7296,-1.2542,3.0418,2.1864,0.328,3.128,0.1773876554512855,-11.829999999999984,-39.3,-53.64999999999998,-0.4584,-0.34,1.4756000000000002,-1.4675,0.5972,2.0998,0.146507972838941,4.899999999999977,40.2,51.6
8.5,1.7266,-1.2542,3.0448,2.1955,0.3413,3.1336,0.1773876554512855,-11.829999999999984,-39.3,-53.64999999999998,-0.4573,-0.3393,1.4886,-1.4625,0.5874,2.0922,0.146507972838941,4.899999999999977,40.2,51.6
8.51600000075996,1.7407,-1.2591,3.0408000000000004,2.1873,0.3397,3.1300000000000003,0.1773876554512855,-11.829999999999984,-39.3,-53.64999999999998,-0.4627,-0.3287,1.482,-1.4636,0.6019,2.101600000000001,0.146507972838941,4.899999999999977,40.1,51.6
8.54700000025332,1.7279,-1.2611,3.0412,2.1741,0.3446,3.1232,0.1774486915388723,-11.829999999999984,-39.3,-53.74999999999999,-0.4571,-0.33,1.4786000000000001,-1.4806,0.5892,2.0958,0.1465232318608377,4.899999999999977,40.1,51.6
8.562999999150634,1.7386,-1.2697,3.049,2.1804,0.322,3.127,0.177463950560769,-11.829999999999984,-39.3,-53.74999999999999,-0.4547,-0.3319,1.4826,-1.4609,0.5956,2.0926,0.1465232318608377,4.899999999999977,40.1,51.6
8.578999999910593,1.7384,-1.2631,3.0448,2.1663,0.3446,3.1254000000000004,0.1774792095826657,-11.829999999999984,-39.3,-53.74999999999999,-0.4574,-0.3442,1.4874,-1.4728,0.5896,2.095,0.1465232318608377,4.899999999999977,40.1,51.6
8.59400000050664,1.7212,-1.2508,3.0374,2.1825,0.3378,3.1341999999999985,0.177463950560769,-11.829999999999984,-39.3,-53.74999999999999,-0.4574,-0.3364,1.4964000000000002,-1.467,0.583,2.097,0.1465232318608377,4.899999999999977,40.1,51.6
8.609999999403954,1.7349,-1.2655,3.052,2.1809,0.3434,3.1222,0.177463950560769,-11.829999999999984,-39.3,-53.74999999999999,-0.4646,-0.3442,1.4824,-1.4648,0.5831,2.0972,0.1466758220798046,4.999999999999986,40.1,51.6
8.64100000075996,1.7325,-1.2558,3.0432,2.1801,0.3297,3.1146,0.177463950560769,-11.829999999999984,-39.3,-53.74999999999999,-0.4497,-0.341,1.4936,-1.4755,0.5902,2.1062,0.1467521171892881,4.999999999999986,40.1,51.6
8.656999999657273,1.74,-1.2685,3.0572,2.1803,0.3358,3.1222,0.177463950560769,-11.829999999999984,-39.3,-53.84999999999998,-0.4566,-0.3275,1.4800000000000002,-1.4661,0.5948,2.0994,0.1469352254520485,4.999999999999986,40.1,51.6
8.67200000025332,1.7324,-1.2588,3.0452,2.181,0.3391,3.1318,0.1774792095826657,-11.829999999999984,-39.3,-53.84999999999998,-0.4626,-0.3333,1.493,-1.4814,0.5979,2.1027999999999993,0.1469352254520485,4.999999999999986,40.1,51.5
8.687999999150634,1.733,-1.2549,3.0430000000000006,2.1756,0.3374,3.1332,0.1774944686045624,-11.829999999999984,-39.3,-53.84999999999998,-0.4586,-0.3346,1.4851999999999999,-1.4675,0.6033,2.0984,0.1469352254520485,4.999999999999986,40.1,51.5
8.71900000050664,1.7326,-1.2604,3.0437999999999996,2.1826,0.3468,3.1216000000000004,0.1774944686045624,-11.829999999999984,-39.3,-53.94999999999997,-0.4582,-0.3338,1.4845999999999997,-1.473,0.589,2.0936,0.1469810025177386,4.999999999999986,40.1,51.5
8.734999999403954,1.7385,-1.278,3.0528,2.1875,0.347,3.1296000000000004,0.1774944686045624,-11.829999999999984,-39.3,-53.94999999999997,-0.4583,-0.329,1.4902,-1.4757,0.5986,2.0988,0.1470420386053254,4.999999999999986,40.1,51.5
8.75,1.7332,-1.2606,3.0464,2.1824,0.3399,3.1254000000000004,0.1775249866483558,-11.829999999999984,-39.2,-53.94999999999997,-0.466,-0.3301,1.4902,-1.4651,0.5876,2.097,0.1471488517586022,4.999999999999986,40.1,51.4
8.76600000075996,1.7265,-1.2561,3.052,2.1882,0.341,3.1186,0.1775249866483558,-11.929999999999993,-39.2,-53.94999999999997,-0.4655,-0.3324,1.4844000000000002,-1.4753,0.6029,2.089400000000001,0.1472404058899824,5.09999999999998,40.1,51.4
8.781999999657273,1.724,-1.2598,3.05,2.178,0.3355,3.1262000000000003,0.1774944686045624,-11.929999999999993,-39.2,-54.04999999999998,-0.458,-0.3317,1.4864000000000004,-1.4696,0.5985,2.1042,0.1474082551308461,5.09999999999998,40.1,51.3
8.79700000025332,1.7301,-1.2625,3.047,2.1803,0.3414,3.1136,0.1774944686045624,-11.929999999999993,-39.2,-54.04999999999998,-0.4607,-0.342,1.4894,-1.472,0.5983,2.0946,0.1475150682841229,5.09999999999998,40.1,51.3
8.828999999910593,1.7288,-1.2594,3.0468,2.1863,0.3438,3.1202,0.1774944686045624,-11.929999999999993,-39.2,-54.04999999999998,-0.4688,-0.3388,1.4946,-1.4631,0.6023,2.0956,0.1476066224155031,5.09999999999998,40.1,51.3
8.84400000050664,1.7224,-1.2663,3.0574,2.1752,0.3372,3.1136,0.1774944686045624,-12.029999999999989,-39.2,-54.14999999999998,-0.4537,-0.3331,1.4889999999999999,-1.47,0.5891,2.0992,0.1476066224155031,5.09999999999998,40.1,51.2
8.859999999403954,1.7305,-1.2513,3.046,2.1724,0.341,3.1170000000000004,0.1775249866483558,-12.029999999999989,-39.2,-54.14999999999998,-0.452,-0.338,1.4851999999999999,-1.468,0.5946,2.0874,0.1476066224155031,5.09999999999998,40.1,51.2
8.89100000075996,1.7323,-1.2507,3.047400000000001,2.171,0.3521,3.1246000000000005,0.1774944686045624,-12.029999999999989,-39.2,-54.24999999999999,-0.4679,-0.3376,1.4928,-1.4754,0.6011,2.0948,0.1476523994811932,5.09999999999998,40.1,51.1
8.906999999657273,1.7295,-1.2625,3.0484000000000004,2.1855,0.3431,3.1278,0.1774944686045624,-12.029999999999989,-39.2,-54.24999999999999,-0.46,-0.3318,1.4906,-1.4567,0.5979,2.0976000000000004,0.1476523994811932,5.09999999999998,40.1,51.1
8.92200000025332,1.7346,-1.252,3.0512,2.1839,0.3421,3.125,0.1775402456702525,-12.029999999999989,-39.2,-54.34999999999998,-0.4539,-0.3366,1.4924000000000002,-1.4602,0.5894,2.0804,0.1476676585030899,5.199999999999989,40.1,51.0
8.937999999150634,1.7274,-1.2555,3.0478,2.1794,0.3387,3.1219999999999986,0.1774792095826657,-12.029999999999989,-39.2,-54.44999999999997,-0.4547,-0.3342,1.486,-1.465,0.5852,2.0922,0.1477744716563668,5.199999999999989,40.1,51.0
8.953999999910593,1.732,-1.2603,3.042,2.1754,0.3494,3.1199999999999997,0.1775402456702525,-12.029999999999989,-39.2,-54.54999999999998,-0.4511,-0.3455,1.4872000000000003,-1.4692,0.5994,2.0905999999999993,0.1481101701380941,5.199999999999989,40.1,50.9
8.984999999403954,1.7307,-1.2714,3.0426,2.1707,0.3476,3.1152,0.1775249866483558,-12.029999999999989,-39.2,-54.64999999999998,-0.4545,-0.3356,1.4978,-1.464,0.5902,2.0926,0.1482627603570611,5.199999999999989,40.1,50.8
9.0,1.7339,-1.2617,3.046,2.1835,0.3479,3.1172,0.1775249866483558,-12.029999999999989,-39.2,-54.74999999999999,-0.4618,-0.3303,1.4913999999999998,-1.4706,0.5961,2.089400000000001,0.1482627603570611,5.199999999999989,40.1,50.8
9.01600000075996,1.7353,-1.2647,3.0504,2.1714,0.3454,3.1136,0.1775402456702525,-12.029999999999989,-39.2,-54.74999999999999,-0.4471,-0.3408,1.4916,-1.4616,0.5836,2.0948,0.1482627603570611,5.199999999999989,40.1,50.7
9.031999999657272,1.7362,-1.2601,3.0594,2.186,0.3417,3.116400000000001,0.1775402456702525,-11.929999999999993,-39.2,-54.94999999999998,-0.4475,-0.3403,1.4931999999999999,-1.461,0.5899,2.0924,0.1483390554665445,5.199999999999989,40.1,50.6
9.04700000025332,1.7386,-1.2576,3.0466,2.1772,0.3491,3.1064,0.1775707637140459,-11.929999999999993,-39.2,-55.04999999999998,-0.4432,-0.3448,1.471,-1.4605,0.593,2.0922,0.1483695735103379,5.199999999999989,40.1,50.5
9.078999999910591,1.7417,-1.268,3.068,2.1914,0.3495,3.131,0.1775707637140459,-11.929999999999993,-39.2,-55.14999999999998,-0.4569,-0.3468,1.5030000000000001,-1.4631,0.5913,2.0948,0.1483695735103379,5.199999999999989,40.1,50.4
9.09400000050664,1.7326,-1.2653,3.0648,2.1885,0.353,3.1328,0.1775555046921492,-12.029999999999989,-39.2,-55.24999999999998,-0.4666,-0.3279,1.4962,-1.4673,0.6107,2.105,0.1484763866636148,5.199999999999989,40.1,50.3
9.109999999403954,1.7379,-1.256,3.059,2.1524,0.3443,3.0958,0.177616540779736,-12.029999999999989,-39.2,-55.24999999999998,-0.4564,-0.3282,1.4809999999999999,-1.4635,0.5932,2.1004,0.1485374227512016,5.199999999999989,40.1,50.2
9.125,1.7326,-1.2559,3.0508,2.1632,0.3487,3.106,0.177616540779736,-12.029999999999989,-39.2,-55.44999999999998,-0.459,-0.3298,1.4844000000000002,-1.4686,0.5899,2.0992,0.1486442359044785,5.299999999999983,40.1,50.1
9.14100000075996,1.7315,-1.2697,3.058,2.1841,0.3433,3.1092,0.1775555046921492,-12.029999999999989,-39.2,-55.54999999999998,-0.4643,-0.3282,1.4910000000000003,-1.4716,0.5944,2.0958,0.1487052719920653,5.299999999999983,40.1,50.0
9.17200000025332,1.7441,-1.2731,3.0696,2.1921,0.3541,3.1234,0.1775555046921492,-12.029999999999989,-39.2,-55.64999999999998,-0.4427,-0.3589,1.4976,-1.4682,0.5806,2.1142,0.1487052719920653,5.199999999999989,40.1,49.8
9.187999999150634,1.7338,-1.2499,3.0582,2.1742,0.3669,3.1224,0.1775555046921492,-12.129999999999995,-39.2,-55.64999999999998,-0.4547,-0.3485,1.502,-1.4702,0.6,2.0900000000000003,0.1487052719920653,5.199999999999989,40.1,49.7
9.203999999910591,1.7297,-1.2482,3.0426,2.1581,0.347,3.1112,0.177616540779736,-12.129999999999995,-39.2,-55.84999999999998,-0.4478,-0.3386,1.4836,-1.466,0.5849,2.088,0.1489951934081025,5.299999999999983,40.1,49.6
9.21900000050664,1.7433,-1.2744,3.062,2.1786,0.3509,3.1126,0.1776317998016327,-12.129999999999995,-39.2,-55.94999999999998,-0.4468,-0.3426,1.4875999999999998,-1.4713,0.5873,2.0974,0.1490409704737926,5.299999999999983,40.1,49.5
9.234999999403954,1.7395,-1.2698,3.0708,2.1792,0.3572,3.1170000000000004,0.1776470588235294,-12.129999999999995,-39.1,-56.04999999999998,-0.4676,-0.3416,1.4984,-1.4732,0.6046,2.1100000000000003,0.1490562294956893,5.299999999999983,40.1,49.3
9.26600000075996,1.7301,-1.2602,3.0662,2.1671,0.3581,3.118,0.1777386129549095,-12.22999999999999,-39.1,-56.14999999999998,-0.4595,-0.3426,1.5077999999999998,-1.4632,0.594,2.105,0.1491172655832761,5.199999999999989,40.1,49.2
9.281999999657272,1.7358,-1.2451,3.0492000000000004,2.1651,0.3614,3.1047999999999996,0.1777538719768062,-12.129999999999995,-39.1,-56.34999999999998,-0.4583,-0.3295,1.4928,-1.4607,0.583,2.0846,0.1491325246051728,5.199999999999989,40.1,49.0
9.29700000025332,1.7356,-1.2557,3.0594,2.1713,0.3513,3.097,0.1777538719768062,-12.129999999999995,-39.2,-56.44999999999998,-0.456,-0.3333,1.4948,-1.4632,0.5831,2.0966,0.1492088197146562,5.299999999999983,40.1,48.9
9.312999999150634,1.7392,-1.272,3.0672,2.1861,0.3648,3.118,0.1777538719768062,-12.129999999999995,-39.1,-56.64999999999998,-0.4451,-0.3483,1.4913999999999998,-1.4728,0.5936,2.1088,0.1495597772182803,5.299999999999983,40.1,48.8
9.34400000050664,1.7348,-1.2561,3.0702,2.1833,0.3558,3.1242,0.1777538719768062,-12.22999999999999,-39.1,-56.74999999999998,-0.4436,-0.3416,1.5024000000000004,-1.4665,0.598,2.0984,0.1495597772182803,5.199999999999989,40.1,48.6
9.359999999403954,1.7331,-1.2479,3.0536,2.1541,0.3524,3.1022,0.1777538719768062,-12.22999999999999,-39.1,-56.84999999999998,-0.4544,-0.3324,1.4934,-1.4682,0.5976,2.0905999999999993,0.1495597772182803,5.199999999999989,40.1,48.5
9.375,1.7317,-1.2555,3.0559999999999996,2.1682,0.3592,3.0994000000000006,0.1777691309987029,-12.129999999999995,-39.2,-57.04999999999998,-0.4544,-0.3417,1.4917999999999998,-1.4604,0.584,2.0954,0.1496208133058671,5.299999999999983,40.1,48.4
9.406999999657272,1.726,-1.2536,3.064,2.1801,0.3553,3.113,0.1777538719768062,-12.129999999999995,-39.2,-57.24999999999998,-0.4578,-0.3461,1.4967999999999997,-1.4576,0.5953,2.0922,0.1496818493934539,5.299999999999983,40.1,48.2
9.406999999657272,1.745,-1.27,3.0704,2.176,0.3582,3.113,0.1777691309987029,-12.129999999999995,-39.2,-57.44999999999998,-0.4527,-0.3396,1.5014,-1.4715,0.586,2.1026,0.1498039215686274,5.299999999999983,40.1,48.0
9.42200000025332,1.7318,-1.2573,3.0572,2.161,0.3505,3.1077999999999997,0.1777691309987029,-12.129999999999995,-39.2,-57.54999999999998,-0.4508,-0.3395,1.5010000000000001,-1.4608,0.5969,2.0958,0.1498802166781109,5.299999999999983,40.1,47.9
9.453999999910591,1.7304,-1.2515,3.0530000000000004,2.1607,0.3525,3.0975999999999986,0.1777996490424963,-12.129999999999995,-39.2,-57.74999999999998,-0.4505,-0.3284,1.487,-1.454,0.5877,2.0812,0.1499717708094911,5.299999999999983,40.1,47.7
9.46900000050664,1.7362,-1.2518,3.066,2.1668,0.3562,3.0954,0.1777996490424963,-12.029999999999989,-39.2,-57.94999999999998,-0.4504,-0.3319,1.4978,-1.4633,0.589,2.0938,0.1501091020065613,5.399999999999977,40.1,47.6
9.484999999403954,1.7379,-1.2688,3.0696,2.1775,0.3614,3.1077999999999997,0.1777996490424963,-12.129999999999995,-39.2,-58.14999999999998,-0.4379,-0.3469,1.4986,-1.4638,0.5974,2.0968,0.1501091020065613,5.399999999999977,40.1,47.4
9.51600000075996,1.7344,-1.2636,3.0786,2.1665,0.3732,3.1097999999999986,0.1777996490424963,-12.129999999999995,-39.2,-58.34999999999998,-0.4526,-0.3464,1.4984,-1.4577,0.5995,2.0976000000000004,0.1501091020065613,5.399999999999977,40.1,47.2
9.531999999657272,1.7366,-1.2641,3.078,2.1809,0.3575,3.116200000000001,0.1778759441519798,-12.129999999999995,-39.2,-58.44999999999998,-0.4545,-0.3358,1.5011999999999999,-1.4635,0.6035,2.101,0.1501091020065613,5.299999999999983,40.1,47.0
9.54700000025332,1.7344,-1.2484,3.0609999999999986,2.1554,0.3575,3.1038,0.1779064621957732,-12.129999999999995,-39.2,-58.64999999999998,-0.4567,-0.3473,1.494,-1.4464,0.5889,2.0862,0.1501396200503547,5.299999999999983,40.1,46.8
9.562999999150634,1.7282,-1.2487,3.0582,2.1612,0.3576,3.0902,0.1779522392614633,-12.029999999999989,-39.2,-58.84999999999998,-0.4571,-0.3365,1.4888000000000001,-1.4551,0.5943,2.083,0.1502311741817349,5.399999999999977,40.1,46.7
9.59400000050664,1.7446,-1.2768,3.0826,2.1939,0.3699,3.116,0.1779522392614633,-12.029999999999989,-39.2,-59.04999999999998,-0.4667,-0.3454,1.4960000000000002,-1.4772,0.581,2.1034,0.1502464332036316,5.299999999999983,40.1,46.5
9.609999999403954,1.7486,-1.2585,3.087,2.1848,0.3689,3.11,0.1779522392614633,-12.029999999999989,-39.2,-59.24999999999998,-0.4545,-0.3443,1.5052,-1.4529,0.5805,2.0866,0.1502616922255283,5.299999999999983,40.1,46.3
9.625,1.7323,-1.2522,3.066,2.1754,0.358,3.1042,0.1779522392614633,-12.029999999999989,-39.2,-59.44999999999998,-0.4485,-0.3281,1.4912,-1.4516,0.5884,2.088,0.1503227283131151,5.299999999999983,40.1,46.1
9.64100000075996,1.7304,-1.2521,3.0684,2.1597,0.3587,3.0818,0.1779522392614633,-12.029999999999989,-39.2,-59.64999999999998,-0.46,-0.3297,1.4922000000000002,-1.4586,0.5844,2.0932,0.1503685053788052,5.299999999999983,40.1,46.0
9.656999999657272,1.7373,-1.2574,3.0708,2.1644,0.3473,3.0850000000000004,0.1779369802395666,-11.929999999999993,-39.3,-59.84999999999998,-0.4559,-0.3593,1.5087999999999993,-1.4658,0.5865,2.097,0.1503685053788052,5.299999999999983,40.1,45.8
9.687999999150634,1.7385,-1.2633,3.081,2.1754,0.3654,3.1146,0.1779369802395666,-11.929999999999993,-39.3,-60.04999999999998,-0.4497,-0.3467,1.5014,-1.4587,0.5865,2.0942,0.1503685053788052,5.199999999999989,40.1,45.6
9.703999999910591,1.7395,-1.2597,3.0726,2.168,0.3737,3.1018000000000003,0.1779369802395666,-12.029999999999989,-39.3,-60.24999999999998,-0.4574,-0.3428,1.5018,-1.4542,0.5879,2.0992,0.1506889448386358,5.199999999999989,40.1,45.4
9.71900000050664,1.737,-1.2518,3.065,2.1588,0.3528,3.091,0.1779369802395666,-12.029999999999989,-39.3,-60.44999999999998,-0.4469,-0.3375,1.4924000000000002,-1.4486,0.5886,2.0744,0.1507957579919127,5.299999999999983,40.1,45.2
9.734999999403954,1.7317,-1.2561,3.0664,2.1658,0.3551,3.0896000000000003,0.1780590524147402,-11.929999999999993,-39.3,-60.64999999999998,-0.4556,-0.3496,1.4974,-1.4721,0.5814,2.0932,0.1509636072327763,5.299999999999983,40.1,45.1
9.75,1.7488,-1.2727,3.082,2.1702,0.3587,3.106,0.1780743114366369,-12.029999999999989,-39.3,-60.84999999999998,-0.4533,-0.3482,1.5018,-1.448,0.6,2.0952,0.1510551613641565,5.199999999999989,40.1,44.9
9.781999999657272,1.7403,-1.2558,3.0898,2.1794,0.3604,3.1044,0.1780743114366369,-12.029999999999989,-39.2,-60.94999999999998,-0.4572,-0.3413,1.5018,-1.4443,0.5865,2.0905999999999993,0.1510704203860532,5.199999999999989,40.1,44.6
9.79700000025332,1.7397,-1.2462,3.0803999999999996,2.1645,0.3659,3.093,0.178120088502327,-12.029999999999989,-39.2,-61.14999999999998,-0.4451,-0.3459,1.4992,-1.4548,0.5915,2.0904,0.1511772335393301,5.199999999999989,40.1,44.5
9.812999999150634,1.7416,-1.2478,3.0664,2.1672,0.3532,3.093,0.1780743114366369,-11.929999999999993,-39.3,-61.34999999999998,-0.4458,-0.3402,1.493,-1.4687,0.587,2.086,0.151284046692607,5.199999999999989,40.1,44.3
9.828999999910591,1.7401,-1.2534,3.0706,2.1743,0.361,3.092,0.1780743114366369,-11.929999999999993,-39.3,-61.54999999999998,-0.4586,-0.3452,1.5096,-1.4627,0.5875,2.1032,0.151284046692607,5.199999999999989,40.1,44.1
9.859999999403954,1.7517,-1.2631,3.082,2.1821,0.3755,3.1118,0.1780743114366369,-12.029999999999989,-39.2,-61.64999999999998,-0.4511,-0.3397,1.505,-1.4625,0.5845,2.1098,0.151284046692607,5.199999999999989,40.1,43.9
9.875,1.7366,-1.2506,3.0756,2.1613,0.3605,3.094,0.1780743114366369,-12.029999999999989,-39.2,-61.84999999999998,-0.4533,-0.3396,1.4912,-1.4576,0.598,2.0758,0.1515129320210574,5.199999999999989,40.1,43.7
9.89100000075996,1.728,-1.2466,3.0635999999999997,2.1609,0.3648,3.0968,0.178120088502327,-12.029999999999989,-39.2,-62.04999999999998,-0.4578,-0.3292,1.5006000000000002,-1.4515,0.5713,2.0912,0.1515587090867475,5.199999999999989,40.1,43.5
9.906999999657272,1.7329,-1.2479,3.0614000000000003,2.1681,0.3574,3.1006,0.1782269016556038,-12.029999999999989,-39.2,-62.24999999999998,-0.453,-0.3473,1.5004000000000002,-1.4577,0.5955,2.0938,0.1515892271305409,5.199999999999989,40.1,43.3
9.92200000025332,1.7332,-1.257,3.0728000000000004,2.172,0.3621,3.0944,0.1782269016556038,-12.029999999999989,-39.2,-62.44999999999998,-0.4501,-0.3425,1.4994000000000003,-1.4502,0.5979,2.0932,0.1515892271305409,5.199999999999989,40.1,43.1
9.937999999150634,1.7481,-1.2644,3.0838,2.1686,0.3657,3.1016,0.1782269016556038,-12.029999999999989,-39.2,-62.64999999999998,-0.4535,-0.3406,1.505,-1.4505,0.5859,2.1024,0.1516502632181277,5.09999999999998,40.1,42.9
9.96900000050664,1.731,-1.2541,3.0818,2.177,0.3617,3.1,0.1781811245899137,-12.029999999999989,-39.2,-62.84999999999998,-0.4625,-0.3416,1.5038,-1.445,0.5857,2.0796,0.1517265583276112,5.09999999999998,40.1,42.6
9.984999999403954,1.7326,-1.2422,3.0738,2.1549,0.3531,3.0808,0.178165865568017,-11.929999999999993,-39.2,-63.04999999999998,-0.4599,-0.3435,1.5022,-1.4557,0.5903,2.0756,0.1517265583276112,5.09999999999998,40.1,42.5
10.0,1.734,-1.2516,3.0722,2.1642,0.3588,3.077,0.178165865568017,-11.829999999999984,-39.3,-63.24999999999998,-0.4549,-0.3382,1.5028,-1.4575,0.5992,2.0996,0.1517265583276112,5.09999999999998,40.1,42.3
10.031999999657272,1.7478,-1.255,3.0916,2.1765,0.374,3.103,0.178165865568017,-11.829999999999984,-39.3,-63.54999999999998,-0.4558,-0.3439,1.5076,-1.4583,0.5912,2.0946,0.1517265583276112,5.09999999999998,40.1,42.0
10.04700000025332,1.75,-1.2571,3.0914,2.1851,0.3689,3.1004,0.178165865568017,-11.829999999999984,-39.3,-63.74999999999998,-0.4487,-0.343,1.5011999999999999,-1.4553,0.601,2.1074,0.1518181124589913,4.999999999999986,40.1,41.8
10.062999999150634,1.7243,-1.2454,3.0786,2.1662,0.3705,3.0914,0.178165865568017,-11.829999999999984,-39.3,-63.84999999999998,-0.455,-0.3363,1.4997999999999998,-1.4481,0.5775,2.0862,0.1519401846341649,5.09999999999998,40.1,41.7
10.078999999910591,1.7331,-1.24,3.0698000000000003,2.1582,0.3623,3.0768,0.1783031967650873,-11.829999999999984,-39.3,-64.04999999999998,-0.4493,-0.3299,1.4984,-1.4596,0.5848,2.0746,0.151985961699855,5.09999999999998,40.1,41.5
10.09400000050664,1.757,-1.2538,3.0822,2.1573,0.362,3.0746,0.1783031967650873,-11.72999999999999,-39.3,-64.34999999999998,-0.4541,-0.3518,1.5170000000000001,-1.4579,0.5922,2.0766,0.151985961699855,5.09999999999998,40.1,41.3
10.109999999403954,1.7325,-1.248,3.0814,2.1687,0.3759,3.099,0.1783031967650873,-11.829999999999984,-39.3,-64.44999999999999,-0.4492,-0.353,1.5044000000000002,-1.4501,0.5979,2.0916,0.151985961699855,4.999999999999986,40.1,41.1
10.14100000075996,1.7353,-1.2422,3.0836,2.1709,0.3729,3.096,0.1783031967650873,-11.829999999999984,-39.3,-64.64999999999998,-0.453,-0.3349,1.5026,-1.4466,0.5911,2.0918,0.1520012207217517,4.999999999999986,40.1,40.9
10.156999999657272,1.7361,-1.2503,3.091,2.1641,0.3655,3.086,0.1783031967650873,-11.829999999999984,-39.3,-64.84999999999998,-0.4437,-0.3523,1.505,-1.4484,0.5782,2.0926,0.1520012207217517,5.09999999999998,40.1,40.7
10.17200000025332,1.7332,-1.2424,3.079600000000001,2.1538,0.3691,3.0702,0.1783031967650873,-11.829999999999984,-39.3,-65.04999999999998,-0.4503,-0.3543,1.5028,-1.4468,0.5798,2.0916,0.1520012207217517,5.09999999999998,40.1,40.6
10.203999999910591,1.7498,-1.264,3.0832,2.1691,0.3611,3.0868,0.1783031967650873,-11.829999999999984,-39.3,-65.24999999999997,-0.4572,-0.3524,1.5116000000000003,-1.4545,0.5859,2.0864,0.1520164797436484,4.999999999999986,40.1,40.4
10.21900000050664,1.747,-1.2551,3.095,2.1841,0.3751,3.1012000000000004,0.1783337148088807,-11.829999999999984,-39.3,-65.34999999999998,-0.4532,-0.3492,1.5080000000000002,-1.4538,0.5913,2.0714,0.1521080338750286,4.999999999999986,40.1,40.1
10.234999999403954,1.7371,-1.2371,3.091800000000001,2.1601,0.3785,3.0850000000000004,0.1783489738307774,-11.929999999999993,-39.3,-65.54999999999998,-0.4497,-0.3441,1.5108,-1.4451,0.57,2.0758,0.1521080338750286,4.999999999999986,40.1,40.0
10.25,1.7364,-1.246,3.0822,2.1445,0.3648,3.077,0.1784252689402609,-11.929999999999993,-39.3,-65.74999999999997,-0.45,-0.3366,1.5008,-1.4515,0.5731,2.0818000000000003,0.1521232928969253,4.999999999999986,40.1,39.8
10.26600000075996,1.7354,-1.2385,3.0731999999999986,2.1479,0.3616,3.0708,0.1784405279621576,-11.829999999999984,-39.3,-65.94999999999999,-0.462,-0.351,1.5116000000000003,-1.467,0.5872,2.0986,0.1524589913786526,4.999999999999986,40.1,39.6
10.281999999657272,1.7443,-1.2521,3.0828,2.159,0.3551,3.0808,0.1785015640497444,-11.829999999999984,-39.3,-66.14999999999998,-0.4551,-0.3403,1.5034000000000007,-1.4543,0.5955,2.0924,0.1525200274662394,4.999999999999986,40.1,39.4
10.312999999150634,1.7411,-1.251,3.0922,2.1757,0.372,3.0902,0.1785320820935378,-11.929999999999993,-39.3,-66.24999999999997,-0.448,-0.3515,1.5148000000000001,-1.449,0.583,2.0896,0.1525963225757229,4.999999999999986,40.1,39.2
10.328999999910591,1.7509,-1.2615,3.1010000000000004,2.163,0.3763,3.0852,0.1785015640497444,-11.929999999999993,-39.3,-66.44999999999999,-0.4428,-0.3389,1.4967999999999997,-1.4378,0.579,2.0764,0.1525810635538262,4.999999999999986,40.1,39.0
10.34400000050664,1.734,-1.2415,3.0698000000000003,2.1527,0.3675,3.063,0.1784405279621576,-11.829999999999984,-39.3,-66.64999999999998,-0.4521,-0.339,1.5136,-1.434,0.5753,2.0794,0.1525810635538262,4.999999999999986,40.1,38.9
10.375,1.7423,-1.2357,3.0750000000000006,2.1571,0.3646,3.0652000000000004,0.1785320820935378,-11.829999999999984,-39.3,-66.94999999999999,-0.4471,-0.3455,1.5122000000000002,-1.4427,0.5855,2.082,0.1525963225757229,4.999999999999986,40.1,38.7
10.39100000075996,1.7408,-1.2467,3.0864,2.1728,0.3732,3.0853999999999986,0.1785168230716411,-11.72999999999999,-39.3,-67.14999999999998,-0.4413,-0.3497,1.5148000000000001,-1.4615,0.5902,2.1006,0.1525963225757229,4.999999999999986,40.1,38.4
10.406999999657272,1.7465,-1.252,3.0836,2.1682,0.3695,3.0842000000000005,0.1785168230716411,-11.829999999999984,-39.3,-67.24999999999997,-0.4447,-0.3428,1.5124000000000002,-1.4439,0.5817,2.0878,0.1526115815976196,4.899999999999977,40.1,38.2
10.42200000025332,1.7417,-1.2429,3.0882,2.1537,0.3701,3.0726,0.1785168230716411,-11.72999999999999,-39.3,-67.54999999999998,-0.4428,-0.3396,1.5014,-1.4369,0.5726,2.0654,0.15284046692607,4.999999999999986,40.1,38.1
10.437999999150634,1.7342,-1.2358,3.081,2.15,0.3636,3.0592,0.1785168230716411,-11.72999999999999,-39.3,-67.74999999999997,-0.4432,-0.3562,1.5080000000000002,-1.4577,0.591,2.0802,0.1528709849698634,4.999999999999986,40.1,37.9
10.453999999910591,1.7388,-1.2432,3.0850000000000004,2.1605,0.3811,3.0776,0.1785320820935378,-11.72999999999999,-39.3,-67.94999999999999,-0.4495,-0.3551,1.5166000000000002,-1.4502,0.5944,2.0832,0.1528709849698634,4.899999999999977,40.1,37.7
10.484999999403954,1.7454,-1.2535,3.1,2.1746,0.3712,3.0886,0.1785320820935378,-11.72999999999999,-39.3,-68.04999999999998,-0.4449,-0.344,1.5171999999999999,-1.4341,0.5829,2.0778000000000003,0.15284046692607,4.899999999999977,40.1,37.5
10.5,1.7423,-1.2385,3.0852,2.159,0.3669,3.0706,0.1785320820935378,-11.72999999999999,-39.3,-68.24999999999997,-0.451,-0.3458,1.5016,-1.4377,0.5778,2.0796,0.15284046692607,4.999999999999986,40.1,37.4
10.51600000075996,1.7341,-1.2462,3.0846,2.1484,0.3785,3.059800000000001,0.1785320820935378,-11.72999999999999,-39.3,-68.54999999999998,-0.4379,-0.3426,1.5089999999999997,-1.4481,0.5805,2.0758,0.15284046692607,4.999999999999986,40.1,37.2
10.54700000025332,1.7482,-1.2447,3.0894,2.1542,0.3714,3.079600000000001,0.1785320820935378,-11.629999999999995,-39.3,-68.74999999999997,-0.4574,-0.3513,1.5246000000000002,-1.4519,0.5781,2.0984,0.1528709849698634,4.899999999999977,40.1,37.0
10.562999999150634,1.7483,-1.2524,3.1004,2.1746,0.379,3.0824,0.1785320820935378,-11.72999999999999,-39.3,-68.84999999999998,-0.4462,-0.3468,1.5086000000000002,-1.4456,0.5809,2.0842,0.1528709849698634,4.899999999999977,40.1,36.8
10.578999999910591,1.7376,-1.235,3.096,2.1613,0.3772,3.0690000000000004,0.1786083772030212,-11.72999999999999,-39.3,-69.04999999999998,-0.4422,-0.3305,1.5044000000000002,-1.4471,0.5838,2.0764,0.15284046692607,4.899999999999977,40.1,36.6
10.59400000050664,1.7429,-1.2325,3.0846,2.1543,0.3767,3.059600000000001,0.1786083772030212,-11.72999999999999,-39.3,-69.24999999999997,-0.4589,-0.3457,1.5154000000000003,-1.4535,0.5748,2.0822,0.1528709849698634,4.999999999999986,40.1,36.4
10.609999999403954,1.7449,-1.245,3.0978,2.1686,0.3748,3.0736000000000003,0.1785626001373312,-11.72999999999999,-39.3,-69.44999999999999,-0.4413,-0.3585,1.5202000000000002,-1.4426,0.5858,2.0892,0.1528709849698634,4.899999999999977,40.1,36.2
10.625,1.7443,-1.244,3.0964000000000005,2.1612,0.3831,3.0894,0.1785626001373312,-11.829999999999984,-39.3,-69.54999999999998,-0.4548,-0.3483,1.516,-1.4484,0.5799,2.0798,0.15284046692607,4.899999999999977,40.1,36.0
10.656999999657272,1.7334,-1.2318,3.0932,2.1544,0.3679,3.0696,0.1785626001373312,-11.829999999999984,-39.2,-69.74999999999997,-0.4455,-0.3461,1.5064,-1.4368,0.5808,2.0656000000000003,0.15284046692607,4.899999999999977,40.1,35.8
10.67200000025332,1.7318,-1.2279,3.084000000000001,2.1512,0.3647,3.0592,0.1785626001373312,-11.72999999999999,-39.3,-69.94999999999999,-0.4409,-0.3549,1.5254,-1.4515,0.5823,2.0822,0.15284046692607,4.899999999999977,40.1,35.6
10.687999999150634,1.75,-1.2508,3.0978,2.1571,0.3804,3.0692,0.1785626001373312,-11.72999999999999,-39.3,-70.14999999999998,-0.4621,-0.3507,1.5316,-1.4432,0.5847,2.0872,0.15284046692607,4.899999999999977,40.1,35.4
10.703999999910591,1.7459,-1.2452,3.1058,2.1587,0.3725,3.0722,0.1785626001373312,-11.829999999999984,-39.2,-70.24999999999997,-0.449,-0.3424,1.5084,-1.4212,0.5734,2.0748000000000006,0.1528557259479667,4.899999999999977,40.1,35.2
10.71900000050664,1.7334,-1.235,3.0890000000000004,2.1512,0.3728,3.055,0.1785626001373312,-11.829999999999984,-39.2,-70.44999999999999,-0.4509,-0.3449,1.505,-1.4401,0.5702,2.0646,0.1528557259479667,4.899999999999977,40.1,35.0
10.734999999403954,1.7486,-1.2359,3.086,2.1553,0.371,3.0638,0.1785626001373312,-11.72999999999999,-39.3,-70.74999999999997,-0.445,-0.3592,1.5293999999999999,-1.4478,0.5934,2.0912,0.1528557259479667,4.799999999999983,40.1,34.8
10.76600000075996,1.7502,-1.2443,3.102,2.1694,0.3895,3.0662,0.1786541542687113,-11.72999999999999,-39.3,-70.84999999999998,-0.4531,-0.3427,1.5202000000000002,-1.4469,0.5833,2.0832,0.1528557259479667,4.799999999999983,40.1,34.5
10.781999999657272,1.7381,-1.2385,3.1102,2.1671,0.3749,3.0774000000000004,0.1786541542687113,-11.72999999999999,-39.2,-71.04999999999998,-0.4468,-0.3432,1.505,-1.4357,0.5804,2.0762,0.1527641718165865,4.799999999999983,40.1,34.3
10.79700000025332,1.7358,-1.2298,3.0822,2.1443,0.3821,3.0708,0.1786999313344014,-11.72999999999999,-39.2,-71.24999999999997,-0.4542,-0.3568,1.5174,-1.4513,0.5832,2.073,0.1527641718165865,4.899999999999977,40.1,34.2
10.828999999910591,1.7439,-1.2382,3.0788,2.1578,0.3755,3.055,0.1786999313344014,-11.629999999999995,-39.3,-71.54999999999998,-0.4465,-0.366,1.5274,-1.4541,0.595,2.0856,0.1527641718165865,4.799999999999983,40.1,34.0
10.84400000050664,1.7516,-1.2435,3.1008,2.1717,0.3772,3.0788,0.1786999313344014,-11.629999999999995,-39.3,-71.64999999999998,-0.4513,-0.3534,1.5224,-1.442,0.5804,2.0862,0.1527641718165865,4.799999999999983,40.0,33.8
10.859999999403954,1.7321,-1.2324,3.102,2.1528,0.3769,3.0754,0.1786999313344014,-11.72999999999999,-39.3,-71.84999999999998,-0.4531,-0.3482,1.507,-1.4463,0.5694,2.062,0.1527641718165865,4.799999999999983,40.0,33.6
10.875,1.7463,-1.2289,3.0892,2.1443,0.3628,3.0538,0.1787304493781948,-11.629999999999995,-39.3,-72.04999999999998,-0.4411,-0.3601,1.5111999999999999,-1.4392,0.5679,2.0648,0.1528557259479667,4.799999999999983,40.0,33.4
10.906999999657272,1.7496,-1.2474,3.0878,2.1575,0.3808,3.0542,0.1787914854657816,-11.629999999999995,-39.3,-72.34999999999998,-0.4532,-0.3474,1.5304000000000002,-1.4454,0.5888,2.0868,0.1528557259479667,4.799999999999983,40.0,33.2
10.906999999657272,1.7447,-1.2276,3.1024,2.1666,0.3789,3.0696,0.178822003509575,-11.629999999999995,-39.3,-72.44999999999999,-0.4549,-0.3499,1.5102,-1.4373,0.587,2.0792,0.1528557259479667,4.799999999999983,40.0,33.0
10.937999999150634,1.7404,-1.2333,3.102,2.1502,0.3863,3.0728000000000004,0.1788372625314717,-11.629999999999995,-39.3,-72.64999999999998,-0.4517,-0.3429,1.5052,-1.4346,0.5716,2.077200000000001,0.1527794308384832,4.799999999999983,40.0,32.9
10.953999999910591,1.7344,-1.2333,3.0856,2.1423,0.3714,3.0502,0.1788372625314717,-11.629999999999995,-39.3,-72.84999999999998,-0.4514,-0.357,1.5182000000000002,-1.4441,0.5975,2.075,0.1527794308384832,4.799999999999983,40.0,32.7
10.96900000050664,1.7528,-1.2281,3.084000000000001,2.1457,0.3693,3.047600000000001,0.1788372625314717,-11.629999999999995,-39.3,-73.04999999999998,-0.4535,-0.3495,1.5262,-1.4483,0.5841,2.0972,0.1527794308384832,4.799999999999983,40.0,32.5
11.0,1.7499,-1.2386,3.1026,2.1663,0.3781,3.078,0.1788372625314717,-11.72999999999999,-39.2,-73.14999999999998,-0.4429,-0.3509,1.5164,-1.4268,0.5919,2.0764,0.1527794308384832,4.799999999999983,40.0,32.3
11.01600000075996,1.7421,-1.2372,3.1046,2.1446,0.3782,3.067800000000001,0.178822003509575,-11.72999999999999,-39.2,-73.34999999999998,-0.4383,-0.353,1.5144,-1.4429,0.5799,2.0666,0.1527794308384832,4.799999999999983,40.0,32.1
11.031999999657272,1.7421,-1.2313,3.0925999999999996,2.1408,0.3835,3.047,0.178822003509575,-11.72999999999999,-39.2,-73.54999999999998,-0.4497,-0.3406,1.5144,-1.4462,0.5902,2.0728,0.1528099488822766,4.799999999999983,40.0,32.0
11.04700000025332,1.751,-1.2279,3.0934000000000004,2.1479,0.3736,3.047400000000001,0.1788372625314717,-11.72999999999999,-39.2,-73.74999999999997,-0.4574,-0.3517,1.5224,-1.448,0.5711,2.0868,0.1528099488822766,4.799999999999983,40.0,31.7
11.062999999150634,1.7532,-1.2426,3.1010000000000004,2.1563,0.3638,3.0664,0.1789288166628519,-11.72999999999999,-39.2,-73.84999999999998,-0.4555,-0.3484,1.5206,-1.4339,0.5829,2.0806,0.1528099488822766,4.799999999999983,40.0,31.5
11.078999999910591,1.7401,-1.2363,3.113,2.1423,0.3791,3.0662,0.178974593728542,-11.72999999999999,-39.2,-74.04999999999998,-0.4443,-0.3371,1.5086000000000002,-1.4288,0.566,2.07,0.1528099488822766,4.799999999999983,40.0,31.4
11.109999999403954,1.7397,-1.2165,3.0876,2.1334,0.3613,3.0452,0.1790508888380255,-11.72999999999999,-39.2,-74.24999999999997,-0.4529,-0.3603,1.5226,-1.4477,0.5683,2.0694,0.1528099488822766,4.799999999999983,40.0,31.2
11.125,1.7543,-1.2364,3.0892,2.1558,0.3801,3.0452,0.1791271839475089,-11.72999999999999,-39.2,-74.44999999999999,-0.4521,-0.3553,1.524,-1.4444,0.5896,2.0908000000000007,0.1527489127946898,4.799999999999983,40.0,31.0
11.14100000075996,1.75,-1.2424,3.116400000000001,2.1647,0.3787,3.0576000000000003,0.179172961013199,-11.72999999999999,-39.2,-74.64999999999998,-0.442,-0.3511,1.5182000000000002,-1.4401,0.5755,2.0766,0.152687876707103,4.699999999999989,40.0,30.8
11.17200000025332,1.7482,-1.2406,3.1092,2.1555,0.3742,3.0668,0.179172961013199,-11.72999999999999,-39.2,-74.84999999999998,-0.4392,-0.3531,1.5156000000000007,-1.4265,0.5684,2.0656000000000003,0.1526115815976196,4.799999999999983,40.0,30.6
11.187999999150634,1.7467,-1.2299,3.0978,2.1395,0.3877,3.0452,0.1791271839475089,-11.72999999999999,-39.2,-75.04999999999998,-0.4447,-0.3501,1.5213999999999999,-1.4412,0.5827,2.0796,0.152687876707103,4.799999999999983,40.0,30.4
11.203999999910591,1.7456,-1.2315,3.0892,2.1507,0.3763,3.0513999999999997,0.1791271839475089,-11.629999999999995,-39.2,-75.24999999999997,-0.4485,-0.3588,1.5298000000000005,-1.4394,0.5919,2.0792,0.152687876707103,4.799999999999983,40.0,30.2
11.21900000050664,1.7543,-1.2356,3.11,2.1717,0.3785,3.0754,0.179172961013199,-11.629999999999995,-39.2,-75.44999999999999,-0.4546,-0.349,1.5213999999999999,-1.4441,0.5783,2.078,0.152687876707103,4.699999999999989,40.0,30.0
11.234999999403954,1.7499,-1.2361,3.116,2.1674,0.3881,3.07,0.1791271839475089,-11.629999999999995,-39.2,-75.64999999999998,-0.439,-0.3526,1.5213999999999999,-1.44,0.5758,2.0584,0.152687876707103,4.699999999999989,40.0,29.8
11.25,1.7378,-1.2249,3.1046,2.1465,0.3876,3.0528,0.179172961013199,-11.529999999999989,-39.2,-75.84999999999998,-0.4436,-0.3528,1.5176,-1.4487,0.5751,2.0758,0.1527336537727931,4.699999999999989,40.0,29.6
11.281999999657272,1.7419,-1.2306,3.1054,2.1446,0.3693,3.0464,0.179325551232166,-11.529999999999989,-39.2,-76.14999999999998,-0.4391,-0.3497,1.5306,-1.4442,0.5799,2.0738000000000003,0.1527336537727931,4.699999999999989,40.0,29.4
11.29700000025332,1.7472,-1.2286,3.091800000000001,2.15,0.3866,3.0487999999999995,0.1794476234073396,-11.429999999999993,-39.2,-76.34999999999998,-0.4452,-0.3615,1.5348,-1.4494,0.5847,2.0858,0.1527336537727931,4.59999999999998,40.0,29.2
11.312999999150634,1.7526,-1.2356,3.109,2.1448,0.3763,3.0386,0.1795086594949264,-11.429999999999993,-39.2,-76.44999999999999,-0.4506,-0.3516,1.5237999999999998,-1.4412,0.5825,2.0778000000000003,0.1527183947508964,4.59999999999998,40.0,29.0
11.328999999910591,1.7502,-1.2294,3.1152,2.1634,0.3808,3.059800000000001,0.179478141451133,-11.529999999999989,-39.2,-76.64999999999998,-0.4375,-0.3423,1.5077999999999998,-1.4196,0.5744,2.051,0.1527183947508964,4.59999999999998,40.0,28.8
11.359999999403954,1.7394,-1.2237,3.1012000000000004,2.1373,0.3744,3.0332000000000003,0.1795086594949264,-11.429999999999993,-39.2,-76.84999999999998,-0.4347,-0.3596,1.5218,-1.4415,0.5716,2.0806,0.1527183947508964,4.59999999999998,39.9,28.6
11.375,1.7442,-1.2268,3.0932,2.132,0.3758,3.0326,0.1795086594949264,-11.429999999999993,-39.2,-76.94999999999999,-0.4447,-0.355,1.5272,-1.4411,0.5864,2.0686,0.1527183947508964,4.59999999999998,39.9,28.4
11.39100000075996,1.7532,-1.2375,3.1152,2.1568,0.3792,3.0568000000000004,0.1795086594949264,-11.529999999999989,-39.2,-77.14999999999998,-0.4402,-0.3538,1.5104,-1.428,0.5744,2.0594,0.1526726176852063,4.499999999999986,39.9,28.2
11.406999999657272,1.7516,-1.2306,3.1142,2.1602,0.3835,3.0628000000000006,0.1795391775387197,-11.529999999999989,-39.2,-77.24999999999997,-0.4426,-0.3484,1.5192000000000003,-1.4377,0.5807,2.0726,0.1526420996414129,4.499999999999986,39.9,28.0
11.42200000025332,1.7393,-1.2188,3.0996,2.1404,0.3857,3.035,0.1795391775387197,-11.529999999999989,-39.2,-77.44999999999999,-0.4378,-0.369,1.5209999999999997,-1.4503,0.5791,2.0746,0.1526420996414129,4.499999999999986,39.9,27.9
11.453999999910591,1.7505,-1.2339,3.102,2.154,0.3805,3.0394,0.1798748760204471,-11.529999999999989,-39.2,-77.54999999999998,-0.4336,-0.3456,1.5256,-1.4378,0.5956,2.0776,0.1526420996414129,4.499999999999986,39.9,27.7
11.46900000050664,1.7612,-1.2513,3.1207999999999996,2.1571,0.3888,3.0559999999999996,0.1799359121080339,-11.529999999999989,-39.2,-77.74999999999997,-0.4447,-0.348,1.5228,-1.4334,0.5829,2.0668,0.1525963225757229,4.399999999999977,39.9,27.5
11.484999999403954,1.7488,-1.2301,3.111,2.1608,0.3864,3.0498,0.1802105745021744,-11.529999999999989,-39.1,-77.84999999999998,-0.4374,-0.3637,1.5216,-1.4298,0.5789,2.0608,0.1525352864881361,4.499999999999986,39.9,27.4
11.5,1.7442,-1.2225,3.0906,2.1279,0.3731,3.0276,0.1802563515678645,-11.429999999999993,-39.2,-78.04999999999998,-0.4392,-0.3653,1.5371999999999997,-1.4415,0.5867,2.0698,0.1525352864881361,4.399999999999977,39.9,27.2
11.531999999657272,1.7599,-1.237,3.1038,2.1633,0.3775,3.0446000000000004,0.1802563515678645,-11.429999999999993,-39.2,-78.14999999999998,-0.4473,-0.3572,1.529,-1.4318,0.5903,2.0648,0.1525352864881361,4.399999999999977,39.9,27.0
11.54700000025332,1.7602,-1.2367,3.1224,2.1438,0.3895,3.0618,0.1803631647211414,-11.429999999999993,-39.2,-78.34999999999998,-0.4327,-0.3542,1.5226,-1.4279,0.5759,2.0548,0.1525352864881361,4.399999999999977,39.9,26.9
11.562999999150634,1.745,-1.2222,3.1077999999999997,2.1482,0.3843,3.0428,0.1803631647211414,-11.429999999999993,-39.1,-78.44999999999999,-0.4373,-0.3564,1.5249999999999997,-1.432,0.5793,2.0586,0.152489509422446,4.399999999999977,39.9,26.8
11.578999999910591,1.7355,-1.2185,3.1068,2.137,0.3711,3.0328,0.1804394598306248,-11.429999999999993,-39.1,-78.54999999999998,-0.4482,-0.369,1.5335999999999999,-1.4519,0.58,2.0746,0.152489509422446,4.399999999999977,39.9,26.6
11.59400000050664,1.7505,-1.2211,3.0908,2.1507,0.3771,3.033,0.1804394598306248,-11.429999999999993,-39.2,-78.74999999999997,-0.4512,-0.351,1.5331999999999997,-1.4264,0.5813,2.0678,0.1524742504005493,4.299999999999983,39.9,26.4
11.625,1.7578,-1.2256,3.1172,2.1589,0.3921,3.052,0.1804394598306248,-11.429999999999993,-39.1,-78.84999999999998,-0.4326,-0.3587,1.5202000000000002,-1.434,0.5675,2.054,0.1524742504005493,4.299999999999983,39.9,26.3
11.64100000075996,1.7497,-1.24,3.1170000000000004,2.1387,0.3862,3.0414000000000008,0.1804394598306248,-11.429999999999993,-39.1,-78.94999999999999,-0.4477,-0.3569,1.5262,-1.4382,0.5906,2.0522,0.1524742504005493,4.399999999999977,39.9,26.2
11.656999999657272,1.74,-1.2215,3.0924,2.137,0.3747,3.0258,0.1804394598306248,-11.429999999999993,-39.1,-79.04999999999998,-0.4398,-0.3562,1.5368000000000002,-1.4339,0.5809,2.0736,0.1524742504005493,4.399999999999977,39.9,26.1
11.687999999150634,1.7411,-1.2118,3.0952,2.1437,0.3763,3.0346,0.1804394598306248,-11.429999999999993,-39.1,-79.14999999999998,-0.4486,-0.36,1.5302,-1.4344,0.5714,2.0626000000000007,0.1524742504005493,4.299999999999983,39.9,26.0
11.703999999910591,1.7583,-1.2445,3.1219999999999986,2.1583,0.3712,3.0422,0.1804394598306248,-11.429999999999993,-39.1,-79.24999999999997,-0.4429,-0.3499,1.5232,-1.4284,0.5764,2.0708,0.1524742504005493,4.299999999999983,39.8,25.9
11.71900000050664,1.7541,-1.2337,3.1204,2.1593,0.3811,3.0574,0.1804394598306248,-11.429999999999993,-39.1,-79.34999999999998,-0.4394,-0.3637,1.5264,-1.4264,0.5715,2.0558,0.1524742504005493,4.399999999999977,39.8,25.8
11.734999999403954,1.7492,-1.2207,3.123,2.1526,0.3769,3.0464,0.1804699778744182,-11.429999999999993,-39.1,-79.44999999999999,-0.4386,-0.3623,1.5348,-1.4358,0.5736,2.0696000000000003,0.1524742504005493,4.299999999999983,39.8,25.7
11.75,1.7457,-1.2195,3.1022,2.1369,0.3787,3.0226,0.1805004959182116,-11.329999999999984,-39.1,-79.64999999999998,-0.4503,-0.3476,1.5314000000000003,-1.4516,0.5796,2.0748000000000006,0.1524742504005493,4.299999999999983,39.8,25.6
11.76600000075996,1.7562,-1.2271,3.1116000000000006,2.1507,0.3715,3.0352,0.1805004959182116,-11.329999999999984,-39.1,-79.74999999999997,-0.4415,-0.3529,1.5314000000000003,-1.4207,0.5789,2.072,0.1524742504005493,4.299999999999983,39.8,25.5
11.79700000025332,1.7606,-1.2407,3.1186,2.1527,0.3929,3.0466,0.1805004959182116,-11.329999999999984,-39.1,-79.84999999999998,-0.4439,-0.3438,1.5218,-1.43,0.5747,2.069,0.1524589913786526,4.299999999999983,39.8,25.4
11.812999999150634,1.7581,-1.2291,3.1142,2.1441,0.3843,3.0384000000000007,0.1805004959182116,-11.329999999999984,-39.1,-79.94999999999999,-0.4394,-0.3511,1.5212,-1.4305,0.5785,2.0526,0.1524589913786526,4.299999999999983,39.8,25.4
11.828999999910591,1.7451,-1.2229,3.1108,2.1351,0.3814,3.0264,0.1805004959182116,-11.22999999999999,-39.1,-80.04999999999998,-0.4352,-0.3794,1.5355999999999999,-1.4325,0.5827,2.0722,0.1524589913786526,4.299999999999983,39.8,25.3
11.84400000050664,1.7482,-1.224,3.1094000000000004,2.154,0.3765,3.029,0.1805004959182116,-11.129999999999995,-39.1,-80.14999999999998,-0.444,-0.3607,1.5304000000000002,-1.4341,0.583,2.0688,0.1524589913786526,4.299999999999983,39.8,25.1
11.859999999403954,1.7596,-1.2365,3.1122,2.1613,0.3887,3.0406,0.1805004959182116,-11.129999999999995,-39.1,-80.24999999999997,-0.4366,-0.3418,1.5216,-1.4268,0.5819,2.0602,0.1524589913786526,4.299999999999983,39.8,25.1
11.89100000075996,1.7576,-1.2346,3.1336,2.1436,0.3802,3.0424,0.1805462729839017,-11.22999999999999,-39.1,-80.34999999999998,-0.4465,-0.3512,1.5248000000000002,-1.4407,0.5719,2.0562,0.1524132143129625,4.299999999999983,39.8,25.0
11.906999999657272,1.7398,-1.2177,3.1072,2.1284,0.3769,3.0124,0.1805462729839017,-11.129999999999995,-39.1,-80.44999999999999,-0.4385,-0.3703,1.5408,-1.4472,0.5881,2.0876,0.1524132143129625,4.299999999999983,39.8,24.9
11.92200000025332,1.7459,-1.2192,3.0986,2.1427,0.3887,3.019000000000001,0.1806073090714885,-11.129999999999995,-39.2,-80.54999999999998,-0.4396,-0.3577,1.5412,-1.4216,0.5866,2.0646,0.1524132143129625,4.199999999999989,39.8,24.8
11.937999999150634,1.7623,-1.2363,3.121,2.1407,0.3879,3.0462,0.1806073090714885,-11.129999999999995,-39.1,-80.54999999999998,-0.4405,-0.3554,1.5188,-1.4256,0.579,2.0572,0.1524132143129625,4.299999999999983,39.8,24.8
11.96900000050664,1.7588,-1.2328,3.1256000000000004,2.1477,0.3988,3.0442,0.1805462729839017,-11.129999999999995,-39.1,-80.64999999999998,-0.4409,-0.3521,1.5350000000000001,-1.4304,0.5746,2.0576,0.1524132143129625,4.299999999999983,39.8,24.7
11.984999999403954,1.7518,-1.2182,3.0986,2.1503,0.3821,3.0306,0.1805462729839017,-11.129999999999995,-39.1,-80.64999999999998,-0.4384,-0.3595,1.5328,-1.4381,0.5892,2.0582,0.1524132143129625,4.199999999999989,39.8,24.6
12.0,1.755,-1.2261,3.104000000000001,2.1416,0.3788,3.0282000000000004,0.1804852368963149,-11.129999999999995,-39.1,-80.74999999999997,-0.4464,-0.3534,1.5342,-1.4268,0.5787,2.0656000000000003,0.1524132143129625,4.199999999999989,39.8,24.5
12.031999999657272,1.7643,-1.2301,3.1242,2.1644,0.388,3.0487999999999995,0.1804547188525215,-11.129999999999995,-39.1,-80.74999999999997,-0.4377,-0.3525,1.5282,-1.4371,0.5816,2.0518,0.1524132143129625,4.199999999999989,39.8,24.5
12.04700000025332,1.7605,-1.23,3.124,2.1421,0.3908,3.0324000000000004,0.1804547188525215,-11.22999999999999,-39.1,-80.74999999999997,-0.4398,-0.3546,1.532,-1.4322,0.5731,2.0554,0.1524132143129625,4.299999999999983,39.8,24.5
12.062999999150634,1.7494,-1.2111,3.1122,2.1363,0.3982,3.03,0.1804547188525215,-11.22999999999999,-39.1,-80.74999999999997,-0.4453,-0.359,1.5393999999999999,-1.4439,0.5792,2.0614,0.1524132143129625,4.199999999999989,39.8,24.4
12.078999999910591,1.7441,-1.2217,3.1077999999999997,2.1415,0.3865,3.0282000000000004,0.1804547188525215,-11.129999999999995,-39.1,-80.84999999999998,-0.452,-0.3612,1.5364000000000002,-1.4203,0.5885,2.0668,0.1524132143129625,4.199999999999989,39.8,24.3
12.09400000050664,1.7566,-1.2325,3.1182,2.1495,0.3843,3.0442,0.1804394598306248,-11.22999999999999,-39.1,-80.84999999999998,-0.4381,-0.3526,1.5154000000000003,-1.4168,0.581,2.0498,0.1523979552910658,4.199999999999989,39.8,24.3
12.109999999403954,1.745,-1.2234,3.1178000000000003,2.1398,0.3829,3.0374,0.1804852368963149,-11.22999999999999,-39.1,-80.84999999999998,-0.4335,-0.3606,1.5306,-1.4341,0.5857,2.0682,0.1523979552910658,4.199999999999989,39.8,24.3
12.14100000075996,1.7485,-1.2164,3.1092,2.1295,0.3843,3.014,0.1805615320057984,-11.22999999999999,-39.1,-80.94999999999999,-0.4391,-0.3563,1.5298000000000005,-1.4373,0.5938,2.0612,0.1523979552910658,4.199999999999989,39.8,24.2
12.156999999657272,1.7508,-1.226,3.1184,2.1389,0.3956,3.023200000000001,0.1806073090714885,-11.129999999999995,-39.1,-80.94999999999999,-0.4419,-0.3435,1.5270000000000001,-1.4238,0.5865,2.0636,0.1523979552910658,4.09999999999998,39.8,24.2
12.17200000025332,1.7538,-1.2283,3.109,2.1387,0.4001,3.0338,0.1806683451590753,-11.129999999999995,-39.1,-80.94999999999999,-0.4478,-0.355,1.5306,-1.4339,0.5843,2.0636,0.1523979552910658,4.09999999999998,39.8,24.1
12.203999999910591,1.7559,-1.2303,3.1138,2.1233,0.3848,3.020000000000002,0.1806073090714885,-11.129999999999995,-39.1,-81.04999999999998,-0.4384,-0.3545,1.5270000000000001,-1.4263,0.5773,2.0544,0.1523979552910658,4.09999999999998,39.8,24.1
12.21900000050664,1.7534,-1.2328,3.124,2.1354,0.3859,3.0246,0.1806073090714885,-11.129999999999995,-39.1,-81.04999999999998,-0.4377,-0.3557,1.5362,-1.424,0.5857,2.058,0.1524437323567559,4.09999999999998,39.8,24.1
12.234999999403954,1.7588,-1.2262,3.1214,2.1333,0.3958,3.0224,0.1806683451590753,-11.129999999999995,-39.1,-81.04999999999998,-0.4353,-0.3563,1.5393999999999999,-1.4295,0.585,2.0532,0.1524742504005493,4.09999999999998,39.8,24.1
12.25,1.7565,-1.225,3.121,2.1478,0.3893,3.032,0.1807293812466621,-11.029999999999989,-39.1,-81.04999999999998,-0.4451,-0.3623,1.5342,-1.438,0.5713,2.0652,0.1524437323567559,4.199999999999989,39.8,24.1
12.26600000075996,1.7502,-1.2263,3.1206,2.1337,0.389,3.0308000000000006,0.1807598992904555,-11.029999999999989,-39.1,-81.14999999999998,-0.4484,-0.3576,1.5350000000000001,-1.4383,0.5831,2.0692,0.1524437323567559,4.199999999999989,39.8,24.1
12.281999999657272,1.7552,-1.2284,3.1212,2.1339,0.3927,3.0222,0.1808361943999389,-11.029999999999989,-39.1,-81.14999999999998,-0.45,-0.3511,1.5276000000000003,-1.4281,0.5834,2.057400000000001,0.1524742504005493,4.199999999999989,39.8,24.0
12.312999999150634,1.748,-1.2214,3.1196,2.1404,0.4037,3.034,0.1808514534218356,-11.029999999999989,-39.1,-81.14999999999998,-0.4481,-0.3525,1.5276000000000003,-1.4275,0.5831,2.0626000000000007,0.1524742504005493,4.199999999999989,39.8,24.0
12.328999999910591,1.7519,-1.2202,3.1136,2.1388,0.3825,3.0228,0.180881971465629,-11.029999999999989,-39.1,-81.14999999999998,-0.4438,-0.347,1.5308,-1.4247,0.5778,2.0602,0.1524742504005493,4.199999999999989,39.8,24.0
12.34400000050664,1.7597,-1.2236,3.1114,2.1355,0.3889,3.0278000000000005,0.180881971465629,-11.029999999999989,-39.1,-81.14999999999998,-0.4485,-0.3581,1.5364000000000002,-1.4316,0.5904,2.0610000000000004,0.152489509422446,4.199999999999989,39.8,24.0
12.359999999403954,1.7474,-1.2268,3.1194,2.1379,0.3818,3.0108,0.180881971465629,-11.129999999999995,-39.1,-81.14999999999998,-0.4429,-0.3492,1.5432,-1.4284,0.5805,2.054,0.1525047684443427,4.199999999999989,39.8,24.1
12.375,1.7612,-1.2271,3.1174000000000004,2.1433,0.3902,3.026,0.1808972304875257,-11.129999999999995,-39.1,-81.14999999999998,-0.4417,-0.3609,1.5440000000000005,-1.4196,0.5741,2.0572,0.1525047684443427,4.199999999999989,39.8,24.1
12.39100000075996,1.7512,-1.2241,3.1142,2.1527,0.397,3.0216,0.1809430075532158,-11.129999999999995,-39.1,-81.14999999999998,-0.4465,-0.356,1.5408,-1.4288,0.5851,2.058,0.1525047684443427,4.199999999999989,39.8,24.1
12.42200000025332,1.7591,-1.2278,3.123800000000001,2.1464,0.4009,3.0246,0.1809735255970092,-11.129999999999995,-39.1,-81.04999999999998,-0.4461,-0.3581,1.5406000000000002,-1.4213,0.5818,2.0548,0.1525047684443427,4.199999999999989,39.8,24.1
12.437999999150634,1.7497,-1.2199,3.1108,2.1308,0.3886,3.0284,0.1809735255970092,-11.22999999999999,-39.1,-81.04999999999998,-0.4423,-0.3596,1.5298000000000005,-1.4254,0.5789,2.0558,0.1525047684443427,4.199999999999989,39.8,24.1
12.453999999910591,1.752,-1.2202,3.123800000000001,2.1366,0.3931,3.0266,0.1810955977721828,-11.22999999999999,-39.1,-81.04999999999998,-0.4345,-0.3617,1.5418,-1.4286,0.5758,2.0514,0.152489509422446,4.299999999999983,39.8,24.1
12.484999999403954,1.7531,-1.2159,3.1186,2.1403,0.4036,3.0218,0.1810955977721828,-11.22999999999999,-39.1,-81.04999999999998,-0.4272,-0.3596,1.5334,-1.4311,0.5789,2.059,0.152489509422446,4.299999999999983,39.8,24.1
12.5,1.749,-1.2317,3.126,2.1353,0.402,3.0282000000000004,0.1810955977721828,-11.22999999999999,-39.0,-81.04999999999998,-0.4419,-0.3476,1.5292000000000001,-1.4258,0.58,2.0588000000000006,0.152489509422446,4.299999999999983,39.8,24.1
12.51600000075996,1.7468,-1.2251,3.126,2.147,0.4004,3.0294000000000003,0.1811566338597696,-11.22999999999999,-39.0,-81.04999999999998,-0.4421,-0.3477,1.5249999999999997,-1.4202,0.5842,2.057400000000001,0.152489509422446,4.299999999999983,39.8,24.2
12.531999999657272,1.7543,-1.2274,3.1178000000000003,2.1288,0.388,3.0144,0.1810955977721828,-11.22999999999999,-39.0,-81.04999999999998,-0.446,-0.3583,1.5282,-1.4169,0.5801,2.0588000000000006,0.152489509422446,4.299999999999983,39.8,24.2
12.54700000025332,1.7576,-1.2208,3.1328,2.131,0.3951,3.0228,0.1810955977721828,-11.22999999999999,-39.0,-81.04999999999998,-0.442,-0.3547,1.5346,-1.427,0.5945,2.0558,0.152489509422446,4.299999999999983,39.8,24.2
12.562999999150634,1.7518,-1.2294,3.1304,2.1454,0.3899,3.018,0.1810955977721828,-11.22999999999999,-39.1,-81.04999999999998,-0.448,-0.3517,1.532,-1.4174,0.5837,2.0696000000000003,0.1524742504005493,4.299999999999983,39.8,24.2
12.59400000050664,1.7525,-1.2197,3.1246000000000005,2.1422,0.4011,3.0284,0.1810650797283894,-11.22999999999999,-39.1,-81.04999999999998,-0.4461,-0.3634,1.5392000000000001,-1.4279,0.5827,2.0422,0.1524742504005493,4.299999999999983,39.8,24.2
12.609999999403954,1.7613,-1.2273,3.1182,2.1375,0.3875,3.0144,0.1811566338597696,-11.22999999999999,-39.1,-81.04999999999998,-0.4426,-0.3465,1.5298000000000005,-1.4192,0.5806,2.0686,0.1524742504005493,4.299999999999983,39.8,24.2
12.625,1.7607,-1.2296,3.1219999999999986,2.1279,0.405,3.0218,0.1811566338597696,-11.22999999999999,-39.1,-81.04999999999998,-0.4426,-0.3526,1.5331999999999997,-1.4202,0.5803,2.0546,0.1524742504005493,4.299999999999983,39.8,24.2
12.656999999657272,1.7497,-1.2185,3.1066,2.1374,0.399,3.0258,0.1811566338597696,-11.129999999999995,-39.1,-81.04999999999998,-0.4397,-0.3527,1.5368000000000002,-1.4228,0.5852,2.0466000000000006,0.1524742504005493,4.299999999999983,39.8,24.2
12.67200000025332,1.7539,-1.2233,3.1236,2.138,0.4026,3.0238,0.1811718928816663,-11.129999999999995,-39.1,-81.04999999999998,-0.434,-0.3565,1.5415999999999999,-1.4263,0.5912,2.0501999999999994,0.1524742504005493,4.299999999999983,39.8,24.2
12.687999999150634,1.7489,-1.2225,3.1176,2.1283,0.4014,3.0222,0.1811718928816663,-11.129999999999995,-39.1,-81.04999999999998,-0.4439,-0.3514,1.5450000000000002,-1.4317,0.5883,2.0584,0.1525047684443427,4.299999999999983,39.8,24.2
12.703999999910591,1.7621,-1.2305,3.1228,2.1242,0.4018,3.0064000000000006,0.1811718928816663,-11.129999999999995,-39.1,-81.14999999999998,-0.4432,-0.3601,1.531,-1.4209,0.5823,2.049,0.1525200274662394,4.299999999999983,39.8,24.2
12.71900000050664,1.7496,-1.2177,3.1166,2.1393,0.4003,3.0266,0.181232928969253,-11.129999999999995,-39.1,-81.14999999999998,-0.4467,-0.3569,1.5316,-1.4326,0.5837,2.054,0.1525200274662394,4.399999999999977,39.8,24.1
12.734999999403954,1.7582,-1.2216,3.1186,2.1273,0.3917,3.0188,0.1812481879911497,-11.129999999999995,-39.1,-81.04999999999998,-0.4349,-0.3586,1.5342,-1.4302,0.5801,2.06,0.1525047684443427,4.399999999999977,39.8,24.1
12.76600000075996,1.7497,-1.2232,3.1219999999999986,2.1259,0.3935,3.018,0.1812634470130464,-11.129999999999995,-39.1,-81.04999999999998,-0.4392,-0.3539,1.5466000000000006,-1.4202,0.5948,2.0656000000000003,0.1525047684443427,4.399999999999977,39.8,24.1
12.781999999657272,1.7556,-1.2218,3.1126,2.1303,0.4013,3.0182,0.1812634470130464,-11.22999999999999,-39.1,-81.04999999999998,-0.4425,-0.3571,1.5334,-1.424,0.5876,2.059,0.1525047684443427,4.399999999999977,39.8,24.1
12.79700000025332,1.7536,-1.2241,3.1212,2.1326,0.3986,3.014,0.1812634470130464,-11.22999999999999,-39.1,-81.04999999999998,-0.4372,-0.3658,1.543,-1.4193,0.5857,2.0496,0.1525047684443427,4.399999999999977,39.8,24.1
12.828999999910591,1.7474,-1.225,3.1182,2.1261,0.403,3.0178,0.1812634470130464,-11.22999999999999,-39.1,-81.04999999999998,-0.4407,-0.3581,1.5432,-1.4119,0.5867,2.0512,0.152489509422446,4.399999999999977,39.8,24.1
12.828999999910591,1.7519,-1.2132,3.1228,2.1344,0.383,3.0098,0.1812634470130464,-11.22999999999999,-39.0,-81.04999999999998,-0.4483,-0.359,1.5330000000000001,-1.4371,0.5729,2.0514,0.152489509422446,4.399999999999977,39.8,24.1
12.859999999403954,1.7495,-1.2154,3.1138,2.1355,0.4013,3.0104,0.1812634470130464,-11.329999999999984,-39.0,-80.94999999999999,-0.4418,-0.3454,1.5404,-1.4305,0.5792,2.0532,0.152489509422446,4.399999999999977,39.8,24.2
12.875,1.7508,-1.2186,3.1154,2.1271,0.3985,3.0068000000000006,0.1812634470130464,-11.329999999999984,-39.0,-80.94999999999999,-0.4298,-0.3685,1.5424,-1.432,0.5823,2.0514,0.1525047684443427,4.399999999999977,39.8,24.2
12.89100000075996,1.76,-1.2216,3.1226,2.1208,0.384,3.0138,0.1812634470130464,-11.329999999999984,-39.0,-80.94999999999999,-0.4295,-0.3539,1.5452000000000001,-1.4224,0.5813,2.0444,0.1525352864881361,4.399999999999977,39.8,24.2
12.906999999657272,1.7492,-1.2185,3.1224,2.1371,0.4083,3.020000000000002,0.1812787060349431,-11.329999999999984,-39.0,-80.94999999999999,-0.4351,-0.3545,1.5308,-1.4288,0.5821,2.0456,0.1525352864881361,4.399999999999977,39.8,24.2
12.937999999150634,1.7575,-1.2267,3.1174000000000004,2.142,0.3956,3.0112,0.1812787060349431,-11.329999999999984,-39.0,-80.94999999999999,-0.4447,-0.3518,1.5334,-1.4269,0.5929,2.0538,0.1525352864881361,4.399999999999977,39.8,24.2
12.953999999910591,1.7608,-1.2327,3.1282,2.13,0.4123,3.0142,0.1812787060349431,-11.329999999999984,-39.0,-80.94999999999999,-0.4512,-0.3505,1.539,-1.4196,0.5828,2.0544,0.1525352864881361,4.399999999999977,39.8,24.2
12.96900000050664,1.7576,-1.2249,3.1248,2.1498,0.394,3.0134000000000003,0.1813397421225299,-11.329999999999984,-39.0,-80.94999999999999,-0.445,-0.3543,1.543,-1.4106,0.5714,2.0478,0.1525352864881361,4.399999999999977,39.8,24.2
13.0,1.7594,-1.2241,3.1226,2.134,0.4012,3.0102,0.1813397421225299,-11.329999999999984,-39.0,-80.94999999999999,-0.4448,-0.3571,1.5453999999999999,-1.4172,0.5885,2.0542,0.1525352864881361,4.399999999999977,39.8,24.2
13.01600000075996,1.7562,-1.2179,3.126,2.1223,0.3831,3.0056,0.1812939650568398,-11.329999999999984,-39.0,-80.94999999999999,-0.4289,-0.3567,1.5409999999999997,-1.4205,0.5827,2.0488000000000004,0.1525352864881361,4.399999999999977,39.8,24.2
13.01600000075996,1.7519,-1.2213,3.1138,2.1256,0.3998,3.006,0.1812939650568398,-11.22999999999999,-39.0,-81.04999999999998,-0.4399,-0.3591,1.5404,-1.4162,0.5843,2.0568,0.1525352864881361,4.399999999999977,39.8,24.2
13.04700000025332,1.7547,-1.2285,3.1300000000000003,2.1274,0.4061,3.0094,0.1812939650568398,-11.22999999999999,-39.1,-81.04999999999998,-0.432,-0.3543,1.5346,-1.4259,0.5864,2.0528,0.1525352864881361,4.399999999999977,39.8,24.2
13.062999999150634,1.7577,-1.2302,3.1207999999999996,2.124,0.4012,3.0016,0.1813092240787365,-11.22999999999999,-39.1,-81.04999999999998,-0.4413,-0.3517,1.5298000000000005,-1.4363,0.5906,2.0556,0.1525352864881361,4.399999999999977,39.8,24.2
13.078999999910591,1.7526,-1.2264,3.1258,2.1219,0.4112,3.015,0.1813092240787365,-11.22999999999999,-39.1,-81.04999999999998,-0.4383,-0.3591,1.5368000000000002,-1.4303,0.5848,2.051,0.1525352864881361,4.399999999999977,39.8,24.2
13.109999999403954,1.746,-1.2249,3.123,2.1179,0.4042,2.9995999999999996,0.1813092240787365,-11.22999999999999,-39.1,-81.04999999999998,-0.4335,-0.3622,1.5466000000000006,-1.4236,0.5934,2.0454,0.152489509422446,4.399999999999977,39.8,24.2
13.125,1.7531,-1.2208,3.1258,2.1292,0.4009,3.0032,0.1813397421225299,-11.22999999999999,-39.1,-81.04999999999998,-0.4455,-0.3489,1.5334,-1.4231,0.5889,2.0474,0.152489509422446,4.499999999999986,39.8,24.2
13.14100000075996,1.751,-1.2193,3.1316,2.1307,0.4021,3.007,0.1813397421225299,-11.22999999999999,-39.1,-81.04999999999998,-0.441,-0.3555,1.5382,-1.425,0.583,2.0542,0.152489509422446,4.499999999999986,39.8,24.2
13.156999999657272,1.7493,-1.2157,3.1326,2.1339,0.4047,3.0078,0.1814160372320134,-11.22999999999999,-39.1,-81.04999999999998,-0.4468,-0.3556,1.5358,-1.4199,0.591,2.048,0.152489509422446,4.499999999999986,39.8,24.2
13.187999999150634,1.757,-1.2223,3.129,2.1364,0.4107,3.0154,0.1814312962539101,-11.22999999999999,-39.1,-81.04999999999998,-0.4302,-0.3606,1.539,-1.4169,0.5737,2.043,0.152489509422446,4.499999999999986,39.8,24.2
13.187999999150634,1.7582,-1.2197,3.1298,2.1284,0.4088,3.0144,0.1814160372320134,-11.329999999999984,-39.0,-80.94999999999999,-0.4394,-0.356,1.5348,-1.4169,0.5919,2.0448,0.152489509422446,4.499999999999986,39.8,24.3
13.21900000050664,1.752,-1.2197,3.1248,2.1228,0.4062,3.0050000000000003,0.1814160372320134,-11.329999999999984,-39.0,-80.94999999999999,-0.4417,-0.3673,1.539,-1.4242,0.5804,2.0628,0.152489509422446,4.499999999999986,39.8,24.3
13.234999999403954,1.7486,-1.2141,3.1222,2.1309,0.4146,3.0066,0.1814160372320134,-11.329999999999984,-39.0,-80.94999999999999,-0.4366,-0.3526,1.534,-1.4195,0.5993,2.041,0.152489509422446,4.499999999999986,39.8,24.3
13.25,1.7546,-1.2293,3.1326,2.1283,0.4023,3.0008000000000004,0.1814312962539101,-11.329999999999984,-39.0,-80.94999999999999,-0.4351,-0.3551,1.5371999999999997,-1.4129,0.5849,2.0474,0.1524284733348592,4.499999999999986,39.8,24.3
13.281999999657272,1.7631,-1.2234,3.1328,2.1262,0.4116,3.0050000000000003,0.1814618142977035,-11.329999999999984,-39.0,-80.94999999999999,-0.4426,-0.3558,1.5414,-1.4211,0.5886,2.0444,0.1523979552910658,4.499999999999986,39.8,24.3
13.29700000025332,1.7612,-1.2279,3.128,2.1318,0.4186,2.9949999999999997,0.1814923323414969,-11.429999999999993,-39.0,-80.94999999999999,-0.4325,-0.3529,1.5484,-1.4266,0.6062,2.0464,0.1523674372472724,4.499999999999986,39.8,24.3
13.312999999150634,1.7607,-1.2158,3.1244,2.1249,0.3985,2.9974,0.1815228503852903,-11.429999999999993,-39.0,-80.94999999999999,-0.4343,-0.355,1.5409999999999997,-1.4101,0.589,2.0452,0.1523674372472724,4.499999999999986,39.8,24.3
13.34400000050664,1.7491,-1.2205,3.1219999999999986,2.1323,0.4033,3.006,0.1815228503852903,-11.429999999999993,-39.0,-80.94999999999999,-0.4445,-0.3572,1.5401999999999998,-1.4283,0.5845,2.0604,0.1523674372472724,4.499999999999986,39.8,24.3
13.359999999403954,1.7441,-1.2224,3.1308,2.1297,0.4014,3.0056,0.1815533684290837,-11.429999999999993,-39.0,-80.94999999999999,-0.4404,-0.3572,1.5494,-1.4239,0.594,2.031,0.1523674372472724,4.499999999999986,39.8,24.3
13.375,1.7459,-1.2198,3.1242,2.1219,0.4144,3.0062,0.1815533684290837,-11.329999999999984,-39.0,-80.94999999999999,-0.4415,-0.3544,1.5462,-1.4303,0.5887,2.045,0.1523674372472724,4.499999999999986,39.8,24.3
13.39100000075996,1.7605,-1.2209,3.1272,2.1139,0.4108,2.998,0.1815533684290837,-11.329999999999984,-39.0,-80.94999999999999,-0.4398,-0.3602,1.5388,-1.4243,0.5778,2.0584,0.1523674372472724,4.499999999999986,39.8,24.3
13.406999999657272,1.7552,-1.2213,3.1242,2.1228,0.4088,3.003400000000001,0.1816144045166705,-11.329999999999984,-39.0,-80.94999999999999,-0.4422,-0.342,1.5412,-1.4161,0.5809,2.0396,0.1522453650720988,4.499999999999986,39.8,24.3
13.42200000025332,1.7523,-1.219,3.1321999999999997,2.1243,0.4139,3.0,0.1816144045166705,-11.329999999999984,-39.0,-80.94999999999999,-0.4415,-0.3545,1.5412,-1.4076,0.582,2.0368,0.1522301060502021,4.499999999999986,39.8,24.3
13.453999999910591,1.7556,-1.2175,3.1300000000000003,2.1202,0.4144,3.007,0.1817059586480506,-11.329999999999984,-39.0,-80.94999999999999,-0.4307,-0.3525,1.5453999999999999,-1.4222,0.5855,2.0408,0.1522301060502021,4.499999999999986,39.8,24.3
13.46900000050664,1.7672,-1.2239,3.128,2.129,0.4074,3.006,0.1817517357137407,-11.329999999999984,-39.0,-80.94999999999999,-0.4418,-0.3573,1.543,-1.4182,0.5866,2.0444,0.1522301060502021,4.499999999999986,39.8,24.3
13.484999999403954,1.7443,-1.2205,3.1246000000000005,2.1365,0.4109,3.0016,0.1817669947356374,-11.22999999999999,-39.0,-81.04999999999998,-0.4355,-0.3646,1.5458,-1.4219,0.59,2.044,0.1522148470283054,4.499999999999986,39.8,24.3
13.5,1.7531,-1.2161,3.1278,2.1291,0.3983,2.9948,0.1818585488670176,-11.22999999999999,-39.0,-81.04999999999998,-0.4468,-0.3613,1.5393999999999999,-1.4111,0.5988,2.0354,0.1522148470283054,4.499999999999986,39.8,24.3
13.51600000075996,1.7512,-1.2114,3.1198,2.125,0.4077,3.0053999999999994,0.1820111390859846,-11.22999999999999,-39.0,-81.04999999999998,-0.4452,-0.3513,1.5422,-1.4197,0.5975,2.0478,0.1522148470283054,4.499999999999986,39.8,24.3
13.54700000025332,1.7594,-1.2237,3.1274,2.1123,0.4118,2.9868,0.1820263981078813,-11.22999999999999,-39.0,-81.04999999999998,-0.4349,-0.3518,1.5386,-1.4274,0.5925,2.0476,0.1522301060502021,4.499999999999986,39.8,24.3
13.562999999150634,1.7465,-1.2295,3.1262000000000003,2.1314,0.4125,3.0086,0.182041657129778,-11.22999999999999,-39.0,-81.04999999999998,-0.4402,-0.3537,1.5331999999999997,-1.4155,0.5877,2.0556,0.1522148470283054,4.499999999999986,39.8,24.3
13.578999999910591,1.7607,-1.2222,3.1314000000000006,2.1293,0.4125,3.0138,0.182041657129778,-11.22999999999999,-39.0,-81.04999999999998,-0.4393,-0.3594,1.5452000000000001,-1.4249,0.5973,2.0508,0.1522148470283054,4.499999999999986,39.8,24.3
13.59400000050664,1.762,-1.2278,3.123800000000001,2.126,0.4026,2.9978,0.1820721751735713,-11.22999999999999,-38.9,-81.04999999999998,-0.4388,-0.3601,1.5408,-1.4347,0.5878,2.0434,0.1521232928969253,4.499999999999986,39.8,24.3
13.625,1.7552,-1.2207,3.1256000000000004,2.1334,0.4153,3.0,0.1822552834363317,-11.22999999999999,-38.9,-81.04999999999998,-0.4473,-0.3529,1.5436000000000003,-1.4253,0.5929,2.0358,0.1520927748531319,4.499999999999986,39.7,24.3
13.64100000075996,1.7494,-1.2093,3.1186,2.1343,0.4099,3.004800000000001,0.1822705424582284,-11.22999999999999,-38.9,-81.04999999999998,-0.4331,-0.3604,1.5404,-1.4271,0.5889,2.0412000000000003,0.1520927748531319,4.499999999999986,39.7,24.3
13.656999999657272,1.745,-1.2146,3.1212,2.1277,0.4064,2.997,0.1823163195239185,-11.22999999999999,-38.9,-81.04999999999998,-0.4407,-0.342,1.5401999999999998,-1.4136,0.5869,2.0422,0.1520927748531319,4.499999999999986,39.7,24.3
13.67200000025332,1.7529,-1.2175,3.1252,2.1305,0.4205,2.993,0.1823163195239185,-11.129999999999995,-38.8,-81.04999999999998,-0.4393,-0.3504,1.5352,-1.4231,0.5883,2.0402,0.1520927748531319,4.499999999999986,39.6,24.3
13.687999999150634,1.7607,-1.2176,3.1326,2.1263,0.412,2.9928000000000003,0.1823315785458152,-11.129999999999995,-38.8,-81.04999999999998,-0.4323,-0.3475,1.5438,-1.4195,0.5861,2.0446,0.1520927748531319,4.499999999999986,39.6,24.3
13.703999999910591,1.7569,-1.2148,3.128400000000001,2.1227,0.4136,2.998,0.1823468375677119,-11.129999999999995,-38.8,-81.14999999999998,-0.4414,-0.3517,1.5436000000000003,-1.411,0.5862,2.0482,0.1520927748531319,4.499999999999986,39.5,24.3
13.734999999403954,1.7556,-1.2155,3.1334,2.1239,0.4099,2.9984,0.182392614633402,-11.129999999999995,-38.7,-81.14999999999998,-0.4394,-0.3541,1.5466000000000006,-1.4296,0.5887,2.0436,0.1520927748531319,4.499999999999986,39.5,24.3
13.75,1.7566,-1.2258,3.1264,2.1226,0.4022,2.9982,0.1824383916990921,-11.129999999999995,-38.6,-81.14999999999998,-0.4356,-0.3667,1.5464,-1.416,0.5966,2.0448,0.1520927748531319,4.499999999999986,39.4,24.3
13.76600000075996,1.7636,-1.224,3.1338000000000004,2.129,0.4134,2.9972,0.1824994277866788,-11.129999999999995,-38.6,-81.14999999999998,-0.4407,-0.3553,1.5346,-1.4189,0.5853,2.0462,0.1520927748531319,4.499999999999986,39.3,24.3
13.781999999657272,1.7579,-1.2258,3.1341999999999985,2.1183,0.4116,2.9908,0.1826672770275425,-11.129999999999995,-38.5,-81.14999999999998,-0.4417,-0.3539,1.5426,-1.4087,0.5839,2.0254,0.1520469977874418,4.499999999999986,39.3,24.3
13.812999999150634,1.7519,-1.2137,3.1300000000000003,2.1239,0.4202,2.9974,0.1827740901808194,-11.029999999999989,-38.4,-81.14999999999998,-0.4405,-0.3551,1.5472000000000001,-1.4158,0.6028,2.0396,0.1520164797436484,4.499999999999986,39.2,24.3
13.828999999910591,1.7421,-1.2143,3.1194,2.1267,0.4186,2.998800000000001,0.1827740901808194,-11.029999999999989,-38.3,-81.14999999999998,-0.4364,-0.3734,1.5456,-1.4234,0.5941,2.0494000000000003,0.1520164797436484,4.499999999999986,39.1,24.3
13.84400000050664,1.7567,-1.2121,3.1258,2.1253,0.4049,2.9944,0.1827740901808194,-11.029999999999989,-38.3,-81.14999999999998,-0.4261,-0.3458,1.5384,-1.4151,0.5941,2.0412000000000003,0.1520164797436484,4.499999999999986,39.0,24.3
13.859999999403954,1.767,-1.2128,3.1296000000000004,2.13,0.4084,2.9934,0.1827740901808194,-11.029999999999989,-38.2,-81.14999999999998,-0.4272,-0.3577,1.5412,-1.4105,0.5768,2.045,0.1520164797436484,4.499999999999986,39.0,24.3
13.875,1.7626,-1.2254,3.129,2.1204,0.3981,2.9882000000000004,0.1827740901808194,-11.029999999999989,-38.1,-81.14999999999998,-0.4364,-0.3551,1.539,-1.4172,0.5921,2.0422,0.1520469977874418,4.399999999999977,38.9,24.3
13.906999999657272,1.7577,-1.225,3.1298,2.1156,0.4133,2.9949999999999997,0.1827740901808194,-11.029999999999989,-38.0,-81.14999999999998,-0.4427,-0.3531,1.5276000000000003,-1.4154,0.5988,2.037200000000001,0.1520775158312352,4.399999999999977,38.8,24.3
13.92200000025332,1.7547,-1.2218,3.1212,2.1165,0.4158,2.993,0.1827740901808194,-10.929999999999993,-37.9,-81.14999999999998,-0.4316,-0.353,1.5440000000000005,-1.4184,0.5876,2.0426,0.1520775158312352,4.399999999999977,38.7,24.3
13.937999999150634,1.7605,-1.215,3.1199999999999997,2.1156,0.4192,2.9854,0.1828198672465095,-10.929999999999993,-37.8,-81.14999999999998,-0.4351,-0.3532,1.5359999999999998,-1.4156,0.5774,2.05,0.1520775158312352,4.399999999999977,38.5,24.3
13.96900000050664,1.7558,-1.2184,3.1352,2.1156,0.4009,2.9804,0.1828503852903029,-10.829999999999984,-37.6,-81.24999999999997,-0.4388,-0.3512,1.537,-1.4153,0.5991,2.0478,0.1520012207217517,4.399999999999977,38.4,24.4
13.984999999403954,1.7704,-1.2209,3.124,2.1208,0.4146,2.9888,0.1830334935530632,-10.829999999999984,-37.5,-81.24999999999997,-0.4444,-0.3559,1.5409999999999997,-1.4173,0.5915,2.0482,0.151985961699855,4.399999999999977,38.3,24.4
14.0,1.7745,-1.2306,3.1282,2.1273,0.4164,2.9888,0.1830487525749599,-10.72999999999999,-37.4,-81.34999999999998,-0.4338,-0.3482,1.5352,-1.4176,0.6001,2.0408,0.151985961699855,4.399999999999977,38.2,24.4
14.01600000075996,1.7576,-1.2198,3.116200000000001,2.126,0.4196,2.9949999999999997,0.1830487525749599,-10.72999999999999,-37.3,-81.34999999999998,-0.4414,-0.3541,1.5438,-1.4292,0.5949,2.044,0.151985961699855,4.299999999999983,38.0,24.4
14.031999999657272,1.7664,-1.2205,3.1206,2.1292,0.4118,2.9884,0.1830487525749599,-10.629999999999995,-37.2,-81.44999999999999,-0.4333,-0.3549,1.5321999999999998,-1.415,0.6047,2.0392,0.151985961699855,4.299999999999983,37.9,24.4
14.04700000025332,1.7645,-1.2222,3.137,2.1257,0.4148,2.9894,0.1830487525749599,-10.529999999999989,-37.0,-81.44999999999999,-0.4376,-0.3583,1.5446000000000002,-1.4122,0.5951,2.0422,0.1520012207217517,4.299999999999983,37.8,24.4
14.078999999910591,1.7695,-1.2297,3.129,2.1192,0.4148,2.992600000000001,0.1830487525749599,-10.429999999999993,-36.9,-81.54999999999998,-0.4376,-0.3477,1.5376,-1.4293,0.6072,2.0358,0.1520469977874418,4.299999999999983,37.6,24.3
14.09400000050664,1.7691,-1.2121,3.1132000000000004,2.1263,0.4159,3.0016,0.1830487525749599,-10.429999999999993,-36.8,-81.54999999999998,-0.434,-0.3549,1.5452000000000001,-1.4089,0.6086,2.0236,0.1520469977874418,4.299999999999983,37.5,24.3
14.109999999403954,1.7637,-1.2095,3.113,2.1256,0.4061,2.9878000000000005,0.1830792706187533,-10.329999999999984,-36.6,-81.54999999999998,-0.4407,-0.3557,1.534,-1.4258,0.5944,2.0348,0.1520469977874418,4.199999999999989,37.3,24.3
14.125,1.7678,-1.223,3.1244,2.1201,0.4046,2.9818,0.183247119859617,-10.22999999999999,-36.5,-81.64999999999998,-0.4387,-0.3595,1.5396,-1.4197,0.5956,2.0382,0.1520469977874418,4.199999999999989,37.1,24.3
14.156999999657272,1.7621,-1.2166,3.1202,2.1155,0.4002,2.9826,0.1832776379034104,-10.22999999999999,-36.3,-81.64999999999998,-0.4511,-0.3477,1.5428,-1.4087,0.5906,2.0352,0.1520469977874418,4.199999999999989,37.0,24.3
14.17200000025332,1.764,-1.2171,3.124,2.1239,0.4042,2.9822,0.1832776379034104,-10.129999999999995,-36.1,-81.74999999999997,-0.4288,-0.3523,1.5376,-1.4111,0.5851,2.0302,0.1520622568093385,4.199999999999989,36.8,24.2
14.187999999150634,1.7719,-1.2184,3.1248,2.126,0.4156,2.984,0.1832776379034104,-10.129999999999995,-35.9,-81.74999999999997,-0.4402,-0.3546,1.5450000000000002,-1.418,0.6068,2.0346,0.1520622568093385,4.09999999999998,36.6,24.2
14.203999999910591,1.7795,-1.2068,3.1207999999999996,2.122,0.4062,2.9822,0.1832776379034104,-10.029999999999989,-35.800000000000004,-81.74999999999997,-0.4321,-0.3663,1.534,-1.4254,0.5992,2.0312,0.1520622568093385,4.09999999999998,36.4,24.2
14.21900000050664,1.7666,-1.2159,3.1222,2.1145,0.4091,2.979000000000001,0.1832776379034104,-10.029999999999989,-35.6,-81.74999999999997,-0.4444,-0.3532,1.537,-1.424,0.5887,2.0308,0.1521080338750286,4.09999999999998,36.2,24.2
14.25,1.7741,-1.2175,3.1192000000000006,2.1211,0.4123,2.975,0.1833997100785839,-9.929999999999993,-35.4,-81.84999999999998,-0.4447,-0.3511,1.543,-1.4105,0.5855,2.042,0.1521232928969253,3.999999999999986,36.0,24.1
14.26600000075996,1.7695,-1.2171,3.1178000000000003,2.1293,0.4125,2.9886000000000004,0.183445487144274,-9.929999999999993,-35.2,-81.84999999999998,-0.4425,-0.3531,1.5296,-1.4185,0.5997,2.031,0.1521232928969253,3.999999999999986,35.800000000000004,24.1
14.281999999657272,1.7812,-1.2133,3.1192000000000006,2.1245,0.3993,2.9776,0.183445487144274,-9.829999999999984,-35.0,-81.84999999999998,-0.442,-0.35,1.5350000000000001,-1.4266,0.6113,2.0444,0.1521080338750286,3.999999999999986,35.6,24.1
14.312999999150634,1.7806,-1.2213,3.1207999999999996,2.1121,0.4146,2.9726,0.1834607461661707,-9.72999999999999,-34.800000000000004,-81.94999999999999,-0.4394,-0.3546,1.5371999999999997,-1.4123,0.5942,2.0302,0.1521080338750286,3.899999999999977,35.4,24.1
14.328999999910591,1.7694,-1.2055,3.1154,2.1232,0.3997,2.9722000000000004,0.1835217822537575,-9.72999999999999,-34.5,-81.94999999999999,-0.4403,-0.3533,1.5400000000000003,-1.4309,0.6034,2.0312,0.1521080338750286,3.899999999999977,35.1,24.0
14.34400000050664,1.7757,-1.2167,3.112,2.1224,0.4115,2.9754000000000005,0.1835217822537575,-9.629999999999995,-34.300000000000004,-81.94999999999999,-0.4407,-0.3509,1.5276000000000003,-1.4205,0.6036,2.033,0.1521080338750286,3.899999999999977,34.9,24.0
14.359999999403954,1.7742,-1.2062,3.113,2.1164,0.4106,2.9782,0.1835370412756542,-9.529999999999989,-34.1,-82.04999999999998,-0.4323,-0.3579,1.5393999999999999,-1.4122,0.6167,2.0278,0.1521232928969253,3.799999999999983,34.7,24.0
14.375,1.7838,-1.2055,3.1082,2.1224,0.4123,2.9704,0.1835370412756542,-9.429999999999993,-33.9,-82.04999999999998,-0.4302,-0.3473,1.53,-1.4204,0.6045,2.0242,0.1521843289845121,3.799999999999983,34.5,24.0
14.39100000075996,1.7861,-1.2122,3.1088,2.12,0.404,2.9764000000000004,0.1835370412756542,-9.329999999999984,-33.7,-82.14999999999998,-0.4403,-0.3461,1.5378,-1.4224,0.6059,2.0274,0.1521995880064088,3.799999999999983,34.2,24.0
14.42200000025332,1.78,-1.2093,3.1112,2.119,0.4112,2.9718,0.1835828183413443,-9.22999999999999,-33.4,-82.24999999999997,-0.4345,-0.3506,1.5302,-1.4171,0.6084,2.034,0.1521995880064088,3.6999999999999886,34.0,24.0
14.437999999150634,1.7867,-1.2166,3.112,2.1326,0.4156,2.9756000000000005,0.1836133363851377,-9.129999999999995,-33.2,-82.24999999999997,-0.4317,-0.3489,1.5362,-1.4177,0.6003,2.0172,0.1521995880064088,3.6999999999999886,33.7,24.0
14.453999999910591,1.7871,-1.2113,3.1134000000000004,2.1235,0.4079,2.974,0.1836591134508278,-9.029999999999989,-32.9,-82.34999999999998,-0.4413,-0.3543,1.5312000000000001,-1.4216,0.5896,2.0212,0.1521538109407187,3.6999999999999886,33.4,23.9
14.46900000050664,1.7888,-1.2161,3.1170000000000004,2.1191,0.4005,2.969,0.1836591134508278,-8.929999999999993,-32.7,-82.44999999999999,-0.444,-0.3469,1.5276000000000003,-1.4208,0.5969,2.0302,0.152138551918822,3.59999999999998,33.2,23.9
14.5,1.787,-1.2201,3.1026,2.1203,0.3966,2.9686,0.1837659266041046,-8.72999999999999,-32.2,-82.54999999999998,-0.442,-0.3405,1.5438,-1.4256,0.6014,2.0224,0.152138551918822,3.59999999999998,32.9,23.9
14.51600000075996,1.784,-1.218,3.1026,2.1209,0.4044,2.9664,0.1837811856260013,-8.629999999999995,-31.9,-82.54999999999998,-0.4345,-0.3536,1.5384,-1.4266,0.6028,2.036,0.152138551918822,3.499999999999986,32.7,23.9
14.531999999657272,1.7866,-1.206,3.0946,2.1221,0.4079,2.9716,0.1837659266041046,-8.529999999999987,-31.700000000000003,-82.64999999999998,-0.4334,-0.3443,1.5358,-1.4119,0.6098,2.0142,0.152138551918822,3.499999999999986,32.4,23.9
14.54700000025332,1.7784,-1.2061,3.112,2.1141,0.3988,2.9674,0.1837659266041046,-8.429999999999993,-31.4,-82.64999999999998,-0.4392,-0.3566,1.5392000000000001,-1.4336,0.6021,2.0294,0.1521080338750286,3.499999999999986,32.1,23.9
14.562999999150634,1.7938,-1.2067,3.1102,2.1157,0.4122,2.9622000000000006,0.1837811856260013,-8.329999999999984,-31.1,-82.74999999999997,-0.4442,-0.3524,1.5306,-1.425,0.6061,2.0236,0.1521080338750286,3.3999999999999773,31.800000000000004,23.9
14.59400000050664,1.7885,-1.2115,3.1042,2.1243,0.3956,2.9644,0.1838269626916914,-8.329999999999984,-30.8,-82.74999999999997,-0.4383,-0.3622,1.5376,-1.4172,0.6135,2.013,0.1521080338750286,3.3999999999999773,31.5,23.9
14.609999999403954,1.7902,-1.2067,3.1014,2.1251,0.3994,2.9692,0.1838422217135881,-8.22999999999999,-30.6,-82.74999999999997,-0.4474,-0.3565,1.5306,-1.4097,0.6028,2.0324,0.1521080338750286,3.3999999999999773,31.3,23.8
14.625,1.7926,-1.2089,3.1024,2.1238,0.4074,2.961,0.1839642938887617,-8.129999999999995,-30.3,-82.84999999999998,-0.4348,-0.342,1.5404,-1.4221,0.6091,2.0206,0.1520927748531319,3.299999999999983,31.0,23.8
14.656999999657272,1.7966,-1.1999,3.102,2.1225,0.4012,2.9552,0.1841626611734187,-8.029999999999987,-30.0,-82.84999999999998,-0.4435,-0.3412,1.5317999999999998,-1.4123,0.606,2.012,0.1520927748531319,3.299999999999983,30.700000000000003,23.8
14.656999999657272,1.8091,-1.2065,3.0954,2.1247,0.4001,2.957,0.1842084382391088,-8.029999999999987,-29.700000000000003,-82.84999999999998,-0.4292,-0.351,1.5409999999999997,-1.4247,0.6057,2.0212,0.1520927748531319,3.1999999999999886,30.4,23.8
14.687999999150634,1.7977,-1.2019,3.094,2.1187,0.4056,2.9608000000000003,0.1843152513923857,-7.929999999999993,-29.4,-82.94999999999999,-0.4327,-0.3562,1.5420000000000005,-1.4259,0.6213,2.0154,0.1520927748531319,3.1999999999999886,30.1,23.8
14.703999999910591,1.7981,-1.2139,3.1070000000000007,2.1213,0.3906,2.9558,0.1843152513923857,-7.829999999999984,-29.200000000000003,-82.94999999999999,-0.4473,-0.3471,1.5362,-1.4151,0.6082,2.0082,0.1520775158312352,3.1999999999999886,29.9,23.8
14.71900000050664,1.8001,-1.2064,3.0982,2.125,0.3966,2.9574,0.1843915465018692,-7.72999999999999,-28.9,-83.04999999999998,-0.438,-0.3476,1.5256,-1.4262,0.6026,2.018,0.1520775158312352,3.09999999999998,29.6,23.8
14.734999999403954,1.7983,-1.2046,3.0938,2.1303,0.3974,2.9568,0.1843915465018692,-7.6299999999999955,-28.6,-83.04999999999998,-0.4359,-0.347,1.5252,-1.4163,0.6103,2.018,0.1521080338750286,3.09999999999998,29.3,23.8
14.76600000075996,1.7998,-1.2039,3.0866,2.1231,0.3888,2.9494,0.184452582589456,-7.529999999999987,-28.4,-83.14999999999998,-0.4441,-0.345,1.5282,-1.4275,0.616,2.0228,0.1521232928969253,2.999999999999986,29.0,23.8
14.781999999657272,1.8048,-1.2055,3.084000000000001,2.1126,0.3904,2.952,0.1844983596551461,-7.429999999999993,-28.1,-83.14999999999998,-0.4392,-0.3532,1.529,-1.4216,0.615,2.011,0.1521080338750286,2.999999999999986,28.8,23.8
14.79700000025332,1.8129,-1.205,3.0884,2.1224,0.3987,2.9488,0.1847425040054932,-7.329999999999984,-27.8,-83.24999999999997,-0.4305,-0.3464,1.5354,-1.4271,0.613,2.0204,0.1520927748531319,2.999999999999986,28.5,23.700000000000003
14.812999999150634,1.8018,-1.2014,3.0882,2.1207,0.3963,2.9582,0.1847882810711833,-7.22999999999999,-27.6,-83.24999999999997,-0.4365,-0.3619,1.5359999999999998,-1.4311,0.6075,2.0192,0.1520927748531319,2.8999999999999773,28.200000000000003,23.700000000000003
14.828999999910591,1.8058,-1.2112,3.0948000000000007,2.1229,0.3928,2.9326000000000003,0.1847882810711833,-7.129999999999996,-27.3,-83.34999999999998,-0.4352,-0.3358,1.5242000000000002,-1.4229,0.6241,2.0132,0.1521080338750286,2.8999999999999773,27.9,23.700000000000003
14.859999999403954,1.8157,-1.1997,3.0948000000000007,2.121,0.3891,2.9384,0.1848645761806668,-7.029999999999987,-27.0,-83.34999999999998,-0.4331,-0.3526,1.5293999999999999,-1.4232,0.6168,2.012800000000001,0.1521232928969253,2.8999999999999773,27.6,23.700000000000003
14.875,1.8139,-1.2056,3.0816,2.1279,0.396,2.9456,0.1848798352025635,-6.929999999999993,-26.700000000000003,-83.44999999999999,-0.4363,-0.3524,1.5326000000000002,-1.4256,0.6128,2.0102,0.1521232928969253,2.799999999999983,27.3,23.700000000000003
14.89100000075996,1.815,-1.2091,3.0768,2.1272,0.3859,2.932,0.1848950942244602,-6.829999999999984,-26.5,-83.44999999999999,-0.4404,-0.3504,1.5276000000000003,-1.4268,0.6158,2.0076,0.1521232928969253,2.799999999999983,27.1,23.700000000000003
14.906999999657272,1.8062,-1.2,3.0878,2.1212,0.3966,2.9498,0.185001907377737,-6.72999999999999,-26.200000000000003,-83.54999999999998,-0.4278,-0.3431,1.5364000000000002,-1.434,0.6193,2.0178,0.1522606240939955,2.6999999999999886,26.8,23.6
14.937999999150634,1.8096,-1.1976,3.0884,2.1284,0.3899,2.9472,0.1850476844434271,-6.72999999999999,-25.9,-83.54999999999998,-0.4429,-0.35,1.5331999999999997,-1.4142,0.6047,2.0044,0.1522606240939955,2.6999999999999886,26.5,23.6
14.953999999910591,1.8212,-1.2001,3.0792,2.1349,0.3891,2.9334,0.1850629434653238,-6.629999999999996,-25.6,-83.54999999999998,-0.4355,-0.3492,1.5350000000000001,-1.4196,0.618,2.0066,0.1522453650720988,2.6999999999999886,26.200000000000003,23.6
14.96900000050664,1.822,-1.2012,3.0844,2.1166,0.3857,2.9382,0.1850782024872205,-6.529999999999987,-25.4,-83.64999999999998,-0.4388,-0.3572,1.5308,-1.4177,0.6229,2.0034,0.1522453650720988,2.59999999999998,25.9,23.6
14.984999999403954,1.8112,-1.2003,3.0752,2.1196,0.3871,2.9336000000000007,0.185154497596704,-6.529999999999987,-25.1,-83.64999999999998,-0.4406,-0.3431,1.5308,-1.4225,0.6248,2.0178,0.1522453650720988,2.59999999999998,25.6,23.5
15.0,1.8151,-1.1824,3.0784,2.1184,0.3768,2.9346,0.185154497596704,-6.429999999999993,-24.8,-83.64999999999998,-0.4397,-0.3441,1.5268000000000004,-1.42,0.6205,2.0014,0.1522606240939955,2.59999999999998,25.4,23.5
15.01600000075996,1.8232,-1.1972,3.082,2.1151,0.3776,2.9328,0.1852002746623941,-6.329999999999984,-24.5,-83.64999999999998,-0.437,-0.3501,1.532,-1.4218,0.6177,1.9956,0.1522453650720988,2.499999999999986,25.1,23.5
15.04700000025332,1.8185,-1.1989,3.0756,2.1279,0.3755,2.9309999999999996,0.185154497596704,-6.329999999999984,-24.200000000000003,-83.74999999999997,-0.4347,-0.3485,1.5308,-1.4256,0.6117,2.0118,0.1521843289845121,2.499999999999986,24.8,23.5
15.062999999150634,1.8308,-1.1985,3.0742,2.1289,0.3757,2.9338,0.185154497596704,-6.22999999999999,-24.0,-83.74999999999997,-0.4379,-0.3556,1.5346,-1.4348,0.6209,2.0082,0.1521843289845121,2.499999999999986,24.5,23.5
15.078999999910591,1.8294,-1.1961,3.0765999999999996,2.1222,0.3775,2.929,0.185154497596704,-6.129999999999996,-23.700000000000003,-83.74999999999997,-0.4377,-0.3499,1.5348,-1.4211,0.6128,2.0042,0.1522148470283054,2.3999999999999773,24.3,23.4
15.109999999403954,1.8293,-1.1948,3.0742,2.1169,0.3728,2.9274,0.1850934615091172,-6.029999999999987,-23.4,-83.74999999999997,-0.4365,-0.343,1.5248000000000002,-1.4285,0.6174,2.0068,0.1522148470283054,2.3999999999999773,24.0,23.4
15.125,1.8279,-1.1954,3.0672,2.1176,0.3739,2.9278,0.1850934615091172,-6.029999999999987,-23.1,-83.84999999999998,-0.4426,-0.3485,1.5321999999999998,-1.4275,0.6168,2.009,0.1521843289845121,2.3999999999999773,23.700000000000003,23.4
15.14100000075996,1.8342,-1.1918,3.0668,2.1246,0.3826,2.9236000000000004,0.1852613107499809,-5.929999999999993,-22.9,-83.84999999999998,-0.4325,-0.3443,1.5359999999999998,-1.4156,0.6202,2.0038,0.1521843289845121,2.299999999999983,23.4,23.4
15.156999999657272,1.8243,-1.1914,3.073,2.1282,0.3743,2.922,0.1853833829251545,-5.829999999999984,-22.6,-83.84999999999998,-0.4243,-0.3514,1.5282,-1.4282,0.622,1.997,0.1522148470283054,2.299999999999983,23.1,23.4
15.17200000025332,1.8305,-1.1822,3.0628000000000006,2.1173,0.3865,2.9114,0.1853986419470512,-5.72999999999999,-22.3,-83.94999999999999,-0.4398,-0.3456,1.5293999999999999,-1.4261,0.6152,2.0168000000000004,0.1522148470283054,2.299999999999983,22.8,23.4
15.203999999910591,1.8394,-1.1961,3.0716,2.1202,0.3766,2.919,0.1853986419470512,-5.629999999999996,-22.1,-83.94999999999999,-0.4401,-0.344,1.5330000000000001,-1.437,0.6173,2.0146,0.1522148470283054,2.1999999999999886,22.6,23.4
15.21900000050664,1.8442,-1.1925,3.059600000000001,2.1264,0.3653,2.9184,0.1854901960784313,-5.529999999999987,-21.8,-84.04999999999998,-0.4411,-0.3471,1.532,-1.4266,0.6263,1.9966,0.1522148470283054,2.1999999999999886,22.3,23.4
15.234999999403954,1.8282,-1.1838,3.0576000000000003,2.1291,0.3795,2.916,0.1854901960784313,-5.429999999999993,-21.5,-84.04999999999998,-0.4256,-0.3513,1.5296,-1.4374,0.6143,2.0059999999999993,0.1521843289845121,2.1999999999999886,22.0,23.4
15.25,1.834,-1.1877,3.0676,2.1224,0.375,2.9252,0.1855359731441214,-5.329999999999984,-21.3,-84.14999999999998,-0.428,-0.3353,1.5194,-1.415,0.6239,2.0014,0.1522148470283054,2.09999999999998,21.700000000000003,23.4
15.281999999657272,1.8381,-1.1971,3.0574,2.1265,0.3705,2.9122,0.1854901960784313,-5.329999999999984,-21.0,-84.14999999999998,-0.439,-0.3376,1.5222000000000007,-1.4317,0.6164,2.0014,0.1521690699626154,2.09999999999998,21.5,23.4
15.29700000025332,1.8389,-1.1976,3.0646,2.1227,0.3716,2.9092,0.1816754406042572,-5.22999999999999,-20.700000000000003,-84.14999999999998,-0.4304,-0.3412,1.5258,-1.4264,0.6215,2.0028,0.1511924925612268,2.09999999999998,21.200000000000003,23.4
15.312999999150634,1.8482,-1.1902,3.0622,2.1286,0.3765,2.9174,0.1816754406042572,-5.129999999999996,-20.5,-84.24999999999997,-0.4392,-0.356,1.5316,-1.4315,0.6171,1.9976,0.1490409704737926,1.9999999999999856,20.9,23.4
15.328999999910591,1.8436,-1.1804,3.055600000000001,2.1233,0.3728,2.9096,0.1816754406042572,-5.029999999999987,-20.200000000000003,-84.24999999999997,-0.4328,-0.3506,1.5278000000000007,-1.4388,0.6304,1.9876,0.1490409704737926,1.9999999999999856,20.6,23.4
15.359999999403954,1.8552,-1.1886,3.057,2.1254,0.3712,2.913,0.1816754406042572,-5.029999999999987,-19.9,-84.24999999999997,-0.4322,-0.3389,1.5328,-1.4276,0.6223,1.9910000000000003,0.1490409704737926,1.9999999999999856,20.3,23.4
15.359999999403954,1.8492,-1.1914,3.0528,2.1281,0.3777,2.908,0.1834912642099641,-4.929999999999993,-19.6,-84.24999999999997,-0.4379,-0.3443,1.5256,-1.4181,0.6253,2.0059999999999993,0.1490409704737926,1.8999999999999773,20.1,23.4
15.39100000075996,1.8384,-1.1838,3.0430000000000006,2.1283,0.3597,2.906,0.182941939421683,-4.829999999999984,-19.3,-84.24999999999997,-0.4286,-0.3483,1.5252,-1.4299,0.6236,1.995,0.1490409704737926,1.8999999999999773,19.8,23.4
15.406999999657272,1.8456,-1.1746,3.0498,2.1313,0.3633,2.906400000000001,0.1834912642099641,-4.829999999999984,-19.1,-84.34999999999998,-0.4452,-0.3393,1.5249999999999997,-1.437,0.6331,2.0012,0.1496360723277638,1.8999999999999773,19.5,23.3
15.42200000025332,1.8566,-1.1957,3.0530000000000004,2.1199,0.3726,2.907,0.1862684061951628,-4.72999999999999,-18.8,-84.34999999999998,-0.435,-0.3502,1.5292000000000001,-1.4434,0.6252,2.0016,0.1523521782253757,1.799999999999983,19.200000000000003,23.3
15.453999999910591,1.8526,-1.1855,3.0391999999999997,2.1364,0.3595,2.9048,0.1862684061951628,-4.72999999999999,-18.5,-84.34999999999998,-0.4358,-0.3406,1.5236,-1.4388,0.6296,1.9924,0.1523674372472724,1.799999999999983,18.9,23.3
15.46900000050664,1.855,-1.1863,3.0487999999999995,2.1293,0.3503,2.9024000000000014,0.186359960326543,-4.629999999999996,-18.200000000000003,-84.34999999999998,-0.4458,-0.3441,1.5278000000000007,-1.4286,0.6275,1.9946,0.1523521782253757,1.799999999999983,18.700000000000003,23.3
15.484999999403954,1.8549,-1.1819,3.0496,2.1219,0.3711,2.9006,0.1863752193484397,-4.529999999999987,-18.0,-84.34999999999998,-0.4251,-0.3412,1.524,-1.4319,0.6195,1.981,0.1523674372472724,1.6999999999999886,18.4,23.3
15.5,1.856,-1.1849,3.0394,2.1243,0.3594,2.8922000000000003,0.1863752193484397,-4.529999999999987,-17.700000000000003,-84.34999999999998,-0.4415,-0.3332,1.5098,-1.4233,0.6221,1.9896,0.1523674372472724,1.6999999999999886,18.1,23.3
15.51600000075996,1.8544,-1.1783,3.0342,2.1123,0.3587,2.8894,0.1863904783703364,-4.429999999999993,-17.400000000000002,-84.44999999999999,-0.4245,-0.3471,1.5142,-1.4202,0.6213,1.9792,0.1523674372472724,1.6999999999999886,17.8,23.3
15.531999999657272,1.8712,-1.1801,3.045,2.132,0.3622,2.897,0.1863752193484397,-4.329999999999984,-17.1,-84.44999999999999,-0.4329,-0.34,1.5218,-1.4281,0.6267,1.993,0.1523521782253757,1.59999999999998,17.6,23.3
15.562999999150634,1.8659,-1.184,3.0452,2.1159,0.3586,2.893,0.1863752193484397,-4.22999999999999,-16.900000000000002,-84.44999999999999,-0.4504,-0.3401,1.5190000000000001,-1.4371,0.619,1.9788,0.1522148470283054,1.59999999999998,17.3,23.200000000000003
15.578999999910591,1.8562,-1.1754,3.0368,2.1334,0.3511,2.8932,0.1863904783703364,-4.129999999999996,-16.6,-84.44999999999999,-0.4275,-0.3358,1.5178,-1.4235,0.6112,1.9914,0.1522148470283054,1.59999999999998,17.0,23.200000000000003
15.59400000050664,1.8673,-1.1737,3.0416000000000003,2.1333,0.3653,2.8878,0.1864057373922331,-4.129999999999996,-16.3,-84.54999999999998,-0.4387,-0.3388,1.5326000000000002,-1.4416,0.6244,1.997,0.1522148470283054,1.4999999999999858,16.700000000000003,23.200000000000003
15.625,1.8648,-1.1717,3.0348,2.1268,0.3595,2.888,0.1864057373922331,-4.029999999999987,-16.1,-84.54999999999998,-0.432,-0.3419,1.5256,-1.4233,0.6298,1.9848,0.1521995880064088,1.4999999999999858,16.5,23.200000000000003
15.64100000075996,1.8606,-1.1737,3.0342,2.1385,0.354,2.8882,0.1864515144579232,-3.9299999999999926,-15.8,-84.54999999999998,-0.427,-0.3444,1.515,-1.4332,0.6331,1.9838,0.1521995880064088,1.4999999999999858,16.200000000000003,23.200000000000003
15.656999999657272,1.8647,-1.171,3.0346,2.1264,0.3424,2.891,0.1865430685893034,-3.9299999999999926,-15.5,-84.54999999999998,-0.4379,-0.3385,1.5100000000000007,-1.4298,0.6429,1.974,0.1521995880064088,1.3999999999999773,15.9,23.200000000000003
15.67200000025332,1.8625,-1.1685,3.0315999999999996,2.1338,0.353,2.8750000000000004,0.1865430685893034,-3.829999999999984,-15.3,-84.54999999999998,-0.4278,-0.3459,1.5171999999999999,-1.4279,0.6217,1.9932,0.1522148470283054,1.3999999999999773,15.7,23.200000000000003
15.687999999150634,1.8715,-1.1705,3.035400000000001,2.1285,0.3449,2.873800000000001,0.1865430685893034,-3.7299999999999898,-15.0,-84.64999999999998,-0.4351,-0.3346,1.5052,-1.4291,0.6291,1.9962,0.1522148470283054,1.3999999999999773,15.4,23.200000000000003
15.703999999910591,1.8739,-1.1673,3.0246,2.1377,0.355,2.8780000000000014,0.1865430685893034,-3.629999999999996,-14.7,-84.64999999999998,-0.4355,-0.3278,1.5106,-1.4272,0.6371,1.9774,0.1521995880064088,1.299999999999983,15.1,23.1
15.734999999403954,1.8707,-1.1681,3.0258,2.1311,0.3481,2.8774,0.1865430685893034,-3.629999999999996,-14.5,-84.64999999999998,-0.429,-0.3338,1.5176,-1.4155,0.6266,1.9798,0.1521538109407187,1.299999999999983,14.8,23.1
15.75,1.8806,-1.1722,3.0276,2.1252,0.3643,2.8726,0.1865583276112001,-3.529999999999987,-14.2,-84.64999999999998,-0.437,-0.3424,1.5188,-1.4311,0.6314,1.984,0.1521538109407187,1.299999999999983,14.5,23.1
15.76600000075996,1.8695,-1.1624,3.0204,2.1266,0.34,2.8694,0.1865583276112001,-3.4299999999999926,-13.9,-84.74999999999997,-0.4254,-0.3422,1.5195999999999998,-1.4354,0.6327,1.9872,0.1521538109407187,1.299999999999983,14.3,23.1
15.79700000025332,1.882,-1.1714,3.0222,2.1262,0.3524,2.8718,0.1865735866330968,-3.329999999999984,-13.7,-84.74999999999997,-0.4346,-0.3507,1.5186,-1.4335,0.6271,1.9858,0.1521538109407187,1.1999999999999886,14.0,23.1
15.79700000025332,1.874,-1.1701,3.0184,2.1206,0.338,2.8640000000000003,0.186665140764477,-3.329999999999984,-13.4,-84.74999999999997,-0.4355,-0.3354,1.5152,-1.4267,0.6305,1.9924,0.1521538109407187,1.1999999999999886,13.7,23.1
15.812999999150634,1.8863,-1.1656,3.0154,2.1319,0.3528,2.8714,0.1868024719615472,-3.2299999999999898,-13.1,-84.84999999999998,-0.4316,-0.3323,1.5148000000000001,-1.4183,0.6323,1.9822,0.1522758831158922,1.1999999999999886,13.4,23.1
15.84400000050664,1.8724,-1.164,3.0146,2.1302,0.3529,2.862,0.1868024719615472,-3.1299999999999955,-12.9,-84.84999999999998,-0.4361,-0.332,1.5144,-1.4367,0.6419,1.9656,0.1522758831158922,1.09999999999998,13.1,23.1
15.859999999403954,1.8828,-1.1627,3.0086,2.1371,0.346,2.873,0.1868177309834439,-3.029999999999987,-12.6,-84.84999999999998,-0.4244,-0.3446,1.5224,-1.426,0.6523,1.9802,0.1522758831158922,1.09999999999998,12.9,23.0
15.875,1.8809,-1.1586,3.0175999999999994,2.1385,0.3441,2.8596,0.1868024719615472,-2.9299999999999926,-12.4,-84.94999999999999,-0.4335,-0.332,1.5146000000000004,-1.4211,0.6306,1.9762,0.1522758831158922,1.09999999999998,12.6,23.0
15.906999999657272,1.8793,-1.1522,3.0022,2.1367,0.3381,2.8576,0.1868024719615472,-2.829999999999984,-12.1,-84.94999999999999,-0.4339,-0.3388,1.5174,-1.4292,0.6317,1.9694,0.1521080338750286,0.9999999999999858,12.3,23.0
15.92200000025332,1.8826,-1.156,3.0088000000000004,2.1323,0.3427,2.8626,0.1868024719615472,-2.829999999999984,-11.8,-84.94999999999999,-0.4362,-0.3386,1.5171999999999999,-1.4128,0.6424,1.9738,0.1521080338750286,0.9999999999999858,12.0,23.0
15.937999999150634,1.8989,-1.1609,3.0053999999999994,2.1338,0.3393,2.8582,0.1868329900053406,-2.7299999999999898,-11.5,-84.94999999999999,-0.4352,-0.3371,1.5152,-1.4333,0.6403,1.9662,0.1521080338750286,0.9999999999999858,11.8,23.1
15.953999999910591,1.8886,-1.1564,3.0052,2.1314,0.3544,2.8576,0.1869092851148241,-2.6299999999999955,-11.3,-84.94999999999999,-0.4313,-0.3426,1.5164,-1.4289,0.6349,1.977,0.1521080338750286,0.8999999999999773,11.5,23.1
15.96900000050664,1.8956,-1.1591,3.0052,2.1364,0.3446,2.8532,0.1869245441367208,-2.6299999999999955,-11.0,-84.94999999999999,-0.4254,-0.3463,1.5096,-1.4328,0.6288,1.9606,0.1521080338750286,0.8999999999999773,11.2,23.1
16.0,1.895,-1.1547,3.0096,2.1329,0.3367,2.8598000000000003,0.1869245441367208,-2.529999999999987,-10.7,-84.94999999999999,-0.4272,-0.3446,1.5116000000000003,-1.4295,0.6261,1.9756,0.1521843289845121,0.8999999999999773,10.9,23.1
16.01600000075996,1.8963,-1.1647,3.0044,2.1473,0.3422,2.8466000000000005,0.1869398031586175,-2.529999999999987,-10.5,-84.94999999999999,-0.4351,-0.3453,1.5171999999999999,-1.4399,0.6415,1.9736,0.1522148470283054,0.799999999999983,10.7,23.1
16.031999999657273,1.8901,-1.1588,2.9995999999999996,2.1425,0.3293,2.8448000000000007,0.1869855802243076,-2.4299999999999926,-10.2,-84.94999999999999,-0.4319,-0.3415,1.523,-1.4275,0.641,1.9656,0.1522148470283054,0.799999999999983,10.4,23.1
16.04700000025332,1.9002,-1.1617,3.0006,2.1281,0.3392,2.8538,0.1869398031586175,-2.4299999999999926,-9.9,-84.94999999999999,-0.4276,-0.3372,1.5142,-1.4224,0.6419,1.9726,0.1521843289845121,0.799999999999983,10.1,23.1
16.062999999150634,1.893,-1.1462,3.0018,2.1442,0.3413,2.849,0.1869398031586175,-2.329999999999984,-9.7,-84.94999999999999,-0.4347,-0.3413,1.516,-1.4306,0.6314,1.9654,0.1521538109407187,0.6999999999999886,9.8,23.1
16.09400000050664,1.9028,-1.1465,2.9938,2.1334,0.3255,2.8372000000000006,0.1869855802243076,-2.329999999999984,-9.4,-85.04999999999998,-0.4296,-0.345,1.5114,-1.4223,0.6484,1.9566,0.1521538109407187,0.6999999999999886,9.6,23.1
16.109999999403954,1.8972,-1.1474,2.9914,2.1385,0.3208,2.841800000000001,0.1869855802243076,-2.2299999999999898,-9.1,-85.04999999999998,-0.4324,-0.3381,1.5111999999999999,-1.4286,0.6371,1.9678,0.1521538109407187,0.6999999999999886,9.3,23.1
16.125,1.8941,-1.1461,2.9872,2.1466,0.3347,2.841800000000001,0.1870008392462043,-2.1299999999999955,-8.799999999999999,-85.04999999999998,-0.4303,-0.3388,1.5156000000000007,-1.4316,0.6327,1.9614,0.1521080338750286,0.5999999999999801,9.0,23.1
16.156999999657273,1.9056,-1.155,3.0022,2.144,0.3316,2.8368,0.1870466163118944,-2.1299999999999955,-8.6,-85.04999999999998,-0.4281,-0.3342,1.5010000000000001,-1.4293,0.641,1.9538,0.1521080338750286,0.5999999999999801,8.799999999999999,23.1
16.17200000025332,1.9,-1.151,2.984,2.143,0.3372,2.8322,0.1870771343556878,-2.029999999999987,-8.3,-85.04999999999998,-0.4268,-0.3529,1.5144,-1.4298,0.6313,1.9702,0.1521538109407187,0.5999999999999801,8.5,23.1
16.187999999150634,1.9129,-1.1517,2.9788,2.127,0.3306,2.8388000000000004,0.1870923933775845,-1.9299999999999928,-8.0,-85.04999999999998,-0.4234,-0.3417,1.5052,-1.4283,0.6479,1.9572,0.1521690699626154,0.5999999999999801,8.2,23.0
16.203999999910593,1.9001,-1.1444,2.9816,2.1455,0.3246,2.8374,0.1870923933775845,-1.829999999999984,-7.8,-85.04999999999998,-0.4228,-0.3354,1.5126000000000002,-1.4185,0.6189,1.9642,0.1521690699626154,0.4999999999999858,7.9,23.0
16.21900000050664,1.9121,-1.1481,2.9882000000000004,2.1482,0.332,2.83,0.1870771343556878,-1.829999999999984,-7.5,-85.14999999999998,-0.4332,-0.3411,1.5064,-1.425,0.6404,1.96,0.1521232928969253,0.4999999999999858,7.699999999999999,23.0
16.25,1.9087,-1.1508,2.991200000000001,2.1364,0.3213,2.829600000000001,0.1870771343556878,-1.7299999999999898,-7.3,-85.14999999999998,-0.4231,-0.3343,1.5084,-1.4373,0.642,1.9576,0.1521232928969253,0.4999999999999858,7.399999999999999,23.0
16.26600000075996,1.9089,-1.1477,2.9894,2.1338,0.3212,2.8212,0.1870771343556878,-1.6299999999999957,-7.0,-85.14999999999998,-0.4181,-0.3374,1.5127999999999997,-1.443,0.6532,1.957,0.1521690699626154,0.3999999999999772,7.1,23.0
16.281999999657273,1.9124,-1.1361,2.9797999999999996,2.1363,0.3322,2.8212,0.1870771343556878,-1.529999999999987,-6.8,-85.14999999999998,-0.4273,-0.3323,1.5118,-1.4288,0.6471,1.9594,0.1521690699626154,0.3999999999999772,6.8,23.0
16.29700000025332,1.9093,-1.1529,2.9724000000000004,2.1431,0.3206,2.8216,0.1871229114213779,-1.529999999999987,-6.5,-85.24999999999997,-0.4346,-0.3337,1.5062,-1.4197,0.6412,1.9544,0.1521538109407187,0.3999999999999772,6.6,23.0
16.312999999150634,1.9235,-1.1482,2.9868,2.1453,0.3282,2.8234,0.187168688487068,-1.4299999999999926,-6.3,-85.24999999999997,-0.4312,-0.3382,1.5068000000000001,-1.4266,0.6427,1.9562,0.1521538109407187,0.3999999999999772,6.3,23.0
16.328999999910593,1.9205,-1.1485,2.9792,2.143,0.3213,2.8188,0.1872297245746547,-1.329999999999984,-6.0,-85.24999999999997,-0.4272,-0.3413,1.5126000000000002,-1.4187,0.6464,1.9676,0.1521690699626154,0.2999999999999829,6.1,23.0
16.359999999403954,1.9121,-1.1479,2.9726,2.1396,0.325,2.8188,0.1872907606622415,-1.329999999999984,-5.8,-85.24999999999997,-0.4361,-0.3345,1.5094,-1.4217,0.642,1.9552,0.1522148470283054,0.2999999999999829,5.8,23.0
16.375,1.9242,-1.1334,2.9728,2.1498,0.3234,2.817400000000001,0.1873060196841382,-1.2299999999999898,-5.5,-85.24999999999997,-0.4235,-0.3369,1.5056,-1.4288,0.6392,1.9568,0.1522606240939955,0.2999999999999829,5.6,23.0
16.39100000075996,1.91,-1.1357,2.9714000000000005,2.1487,0.3227,2.8196,0.1872907606622415,-1.2299999999999898,-5.3,-85.24999999999997,-0.4327,-0.3385,1.5104,-1.4299,0.6491,1.9596,0.1522606240939955,0.2999999999999829,5.3,22.9
16.42200000025332,1.921,-1.142,2.9734,2.1387,0.3182,2.8170000000000015,0.1873060196841382,-1.1299999999999957,-5.0,-85.24999999999997,-0.4224,-0.3408,1.507,-1.415,0.6445,1.9452,0.1522606240939955,0.1999999999999886,5.1,22.9
16.437999999150634,1.9136,-1.1368,2.9786,2.1347,0.3106,2.8094,0.1873060196841382,-1.1299999999999957,-4.8,-85.24999999999997,-0.4236,-0.3414,1.5056,-1.4413,0.6534,1.951,0.1522606240939955,0.1999999999999886,4.8,22.9
16.453999999910593,1.9256,-1.1285,2.9672,2.142,0.3167,2.8092,0.1873060196841382,-1.1299999999999957,-4.6,-85.24999999999997,-0.4277,-0.3358,1.513,-1.4275,0.6423,1.9498,0.1522606240939955,0.1999999999999886,4.6,22.9
16.46900000050664,1.9311,-1.134,2.9686,2.1384,0.318,2.8118,0.1873060196841382,-1.029999999999987,-4.4,-85.14999999999998,-0.4162,-0.3437,1.5002000000000002,-1.4264,0.6396,1.9416,0.1522606240939955,0.1999999999999886,4.4,22.9
16.484999999403954,1.9195,-1.12,2.9572,2.1411,0.3205,2.8114000000000003,0.1876112001220722,-1.029999999999987,-4.2,-85.14999999999998,-0.4209,-0.3381,1.5086000000000002,-1.4147,0.648,1.9496,0.1522606240939955,0.0999999999999801,4.199999999999999,22.9
16.5,1.9219,-1.1382,2.9724000000000004,2.1402,0.3162,2.8096,0.1876264591439689,-0.9299999999999926,-3.9,-85.14999999999998,-0.4212,-0.3392,1.4994000000000003,-1.4299,0.6346,1.9452,0.1523216601815823,0.0999999999999801,4.0,22.9
16.531999999657273,1.9183,-1.1269,2.957,2.1526,0.3188,2.8002,0.1876264591439689,-0.9299999999999926,-3.7,-85.14999999999998,-0.4161,-0.3398,1.5084,-1.4202,0.6477,1.9502,0.1523216601815823,0.0999999999999801,3.7,22.9
16.54700000025332,1.9237,-1.1317,2.9684000000000004,2.1408,0.3134,2.7984000000000004,0.1876569771877622,-0.8299999999999841,-3.5,-85.24999999999997,-0.4157,-0.339,1.5042,-1.4283,0.6409,1.949,0.1523826962691691,0.0999999999999801,3.5,22.9
16.562999999150634,1.9308,-1.1339,2.9662,2.1455,0.3183,2.801,0.1876569771877622,-0.8299999999999841,-3.3999999999999995,-85.24999999999997,-0.4219,-0.3393,1.507,-1.4164,0.6457,1.9344,0.1523826962691691,0.0999999999999801,3.3000000000000003,22.9
16.59400000050664,1.922,-1.1238,2.9553999999999996,2.1347,0.3041,2.7861999999999996,0.1877637903410391,-0.7299999999999898,-3.2,-85.24999999999997,-0.4236,-0.3386,1.5106,-1.4263,0.6491,1.9482,0.1523521782253757,-1.4210854715202004e-14,3.2,22.8
16.59400000050664,1.9303,-1.1317,2.954,2.1525,0.3029,2.7934,0.1877790493629358,-0.7299999999999898,-3.0,-85.24999999999997,-0.4194,-0.3366,1.5026,-1.4355,0.6464,1.947,0.1523521782253757,-1.4210854715202004e-14,3.0,22.8
16.625,1.9221,-1.1235,2.961,2.1475,0.317,2.7944,0.1877790493629358,-0.6299999999999955,-2.8999999999999995,-85.24999999999997,-0.4199,-0.3463,1.5054,-1.4172,0.6497,1.9432,0.1523521782253757,-1.4210854715202004e-14,2.8000000000000003,22.8
16.64100000075996,1.936,-1.1172,2.9494,2.1476,0.3107,2.793800000000001,0.1877943083848325,-0.6299999999999955,-2.7,-85.24999999999997,-0.4277,-0.338,1.5077999999999998,-1.4234,0.6473,1.9298,0.1523521782253757,-1.4210854715202004e-14,2.6,22.8
16.656999999657273,1.9369,-1.1301,2.959,2.1495,0.3069,2.7902,0.188068970778973,-0.5299999999999869,-2.5,-85.24999999999997,-0.4303,-0.3303,1.5024000000000004,-1.4212,0.6517,1.9356,0.1523826962691691,-1.4210854715202004e-14,2.5,22.9
16.67200000025332,1.9383,-1.1256,2.9488,2.1281,0.3087,2.7824000000000004,0.1881605249103532,-0.5299999999999869,-2.4,-85.34999999999998,-0.4186,-0.347,1.5024000000000004,-1.4146,0.649,1.9288,0.1523674372472724,-0.1000000000000227,2.3000000000000003,22.9
16.703999999910593,1.941,-1.1252,2.9484,2.1459,0.3142,2.7922,0.1881757839322499,-0.4299999999999926,-2.2,-85.34999999999998,-0.4331,-0.3391,1.4966000000000002,-1.4219,0.6522,1.9416,0.1524284733348592,-0.1000000000000227,2.1,22.9
16.71900000050664,1.9377,-1.1226,2.9522,2.1358,0.2984,2.777600000000001,0.1881757839322499,-0.4299999999999926,-2.1,-85.34999999999998,-0.4127,-0.3436,1.5048000000000001,-1.4265,0.6483,1.9316,0.1524284733348592,-0.1000000000000227,2.0,22.9
16.734999999403954,1.9385,-1.134,2.9402000000000004,2.1524,0.3073,2.7846,0.1881910429541466,-0.4299999999999926,-2.0,-85.34999999999998,-0.4172,-0.3474,1.5086000000000002,-1.4105,0.6465,1.9362,0.1524437323567559,-0.1000000000000227,1.8000000000000005,22.9
16.76600000075996,1.9474,-1.1308,2.9378000000000006,2.1524,0.3153,2.7922,0.1881910429541466,-0.3299999999999841,-1.7999999999999998,-85.34999999999998,-0.4228,-0.3354,1.5014,-1.4269,0.6448,1.9432,0.1524589913786526,-0.200000000000017,1.7000000000000002,22.9
16.781999999657273,1.9434,-1.1299,2.9504,2.146,0.3011,2.7798,0.1882063019760433,-0.3299999999999841,-1.7,-85.34999999999998,-0.4171,-0.3343,1.4874,-1.4313,0.6617,1.9336,0.1524589913786526,-0.200000000000017,1.6,22.9
16.79700000025332,1.947,-1.1215,2.9496,2.1353,0.2991,2.781,0.1882063019760433,-0.3299999999999841,-1.5,-85.34999999999998,-0.416,-0.3386,1.5054,-1.4303,0.6438,1.9414,0.1524589913786526,-0.200000000000017,1.4,22.9
16.812999999150634,1.9364,-1.1222,2.9436,2.148,0.3071,2.7768,0.1882368200198367,-0.3299999999999841,-1.4,-85.34999999999998,-0.4181,-0.3364,1.5008,-1.4191,0.6471,1.9292,0.1524589913786526,-0.200000000000017,1.3,22.9
16.828999999910593,1.9379,-1.1215,2.9406,2.1427,0.2994,2.7802,0.1883894102388037,-0.3299999999999841,-1.2999999999999998,-85.24999999999997,-0.4159,-0.3467,1.5008,-1.4275,0.6459,1.934,0.1524589913786526,-0.200000000000017,1.2000000000000002,22.9
16.859999999403954,1.9349,-1.1171,2.9398,2.1461,0.3076,2.782,0.1884809643701838,-0.3299999999999841,-1.1999999999999995,-85.24999999999997,-0.4216,-0.335,1.4978,-1.4128,0.6318,1.9278,0.1525200274662394,-0.200000000000017,1.1,22.9
16.875,1.9424,-1.1165,2.9412,2.1339,0.2961,2.778,0.1885114824139772,-0.2299999999999897,-1.1,-85.24999999999997,-0.4143,-0.3432,1.4951999999999999,-1.4168,0.646,1.9206,0.1525200274662394,-0.3000000000000113,1.0,22.9
16.89100000075996,1.9407,-1.1073,2.9314,2.1579,0.3027,2.7836,0.1885420004577706,-0.2299999999999897,-1.0,-85.24999999999997,-0.4268,-0.3376,1.4962,-1.4174,0.6594,1.9248,0.1525200274662394,-0.3000000000000113,0.9000000000000001,22.9
16.906999999657273,1.9476,-1.1114,2.9392,2.1478,0.2898,2.7726,0.1885572594796673,-0.2299999999999897,-0.8999999999999999,-85.24999999999997,-0.4141,-0.3431,1.4997999999999998,-1.4223,0.6379,1.929,0.1525200274662394,-0.3000000000000113,0.8,22.9
16.937999999150634,1.9394,-1.1138,2.938,2.1539,0.2995,2.7784,0.1886488136110475,-0.2299999999999897,-0.7999999999999998,-85.24999999999997,-0.4119,-0.3426,1.5039999999999998,-1.4245,0.651,1.9286,0.1525200274662394,-0.3000000000000113,0.7000000000000002,22.9
16.953999999910593,1.9461,-1.1166,2.942,2.1497,0.3044,2.7716,0.1886640726329442,-0.2299999999999897,-0.6999999999999998,-85.24999999999997,-0.4187,-0.3412,1.4922000000000002,-1.4241,0.6612,1.9348,0.1525200274662394,-0.3000000000000113,0.6000000000000001,22.9
16.96900000050664,1.9502,-1.1263,2.9392,2.1505,0.3047,2.7778000000000005,0.1888014038300145,-0.1299999999999954,-0.5999999999999999,-85.24999999999997,-0.4248,-0.3311,1.4969999999999999,-1.4295,0.6415,1.9422,0.1525200274662394,-0.3000000000000113,0.5,22.9
16.984999999403954,1.9452,-1.1157,2.9358000000000004,2.1477,0.297,2.764,0.1889387350270847,-0.1299999999999954,-0.5999999999999999,-85.24999999999997,-0.4191,-0.3416,1.4986,-1.4144,0.6339,1.9312,0.1525200274662394,-0.3000000000000113,0.5,22.9
17.0,1.9434,-1.1106,2.9322000000000004,2.1392,0.2964,2.7682000000000007,0.189228656443122,-0.1299999999999954,-0.4999999999999999,-85.24999999999997,-0.4015,-0.3385,1.4962,-1.4154,0.651,1.9294,0.1525352864881361,-0.3000000000000113,0.4000000000000001,22.9
17.01600000075996,1.9414,-1.123,2.9390000000000014,2.1522,0.2984,2.7762,0.1892896925307088,-0.1299999999999954,-0.3999999999999998,-85.24999999999997,-0.4163,-0.3464,1.4958000000000002,-1.4225,0.6475,1.9286,0.1525505455100328,-0.3000000000000113,0.3,22.9
17.04700000025332,1.9438,-1.1152,2.9271999999999996,2.1342,0.2919,2.765400000000001,0.1893659876401922,-0.0299999999999869,-0.3999999999999998,-85.34999999999998,-0.4204,-0.3366,1.4912,-1.437,0.6473,1.93,0.1525658045319295,-0.3000000000000113,0.3,22.9
17.062999999150634,1.9405,-1.1023,2.918600000000001,2.1444,0.2941,2.767,0.1893965056839856,-0.0299999999999869,-0.2999999999999999,-85.34999999999998,-0.41,-0.3448,1.4812,-1.4236,0.6411,1.9142,0.1525658045319295,-0.3000000000000113,0.2,22.9
17.078999999910593,1.9411,-1.1041,2.929,2.1385,0.2991,2.7542000000000004,0.1894575417715724,-0.0299999999999869,-0.2999999999999999,-85.34999999999998,-0.4146,-0.3431,1.4958000000000002,-1.4264,0.6478,1.9256,0.1525658045319295,-0.3000000000000113,0.2,22.9
17.09400000050664,1.9507,-1.112,2.9214000000000007,2.1414,0.2997,2.763,0.1895490959029526,-0.0299999999999869,-0.2999999999999999,-85.34999999999998,-0.414,-0.3464,1.5008,-1.422,0.6346,1.9304,0.1525658045319295,-0.4000000000000199,0.1,22.9
17.109999999403954,1.9553,-1.112,2.9254,2.1329,0.2873,2.769,0.1895643549248493,-0.0299999999999869,-0.1999999999999998,-85.34999999999998,-0.4102,-0.3513,1.4955999999999998,-1.4176,0.6402,1.9332,0.1525658045319295,-0.4000000000000199,0.1,22.9
17.14100000075996,1.9485,-1.1061,2.9196000000000004,2.1497,0.2961,2.761400000000001,0.1897016861219196,-0.0299999999999869,-0.1999999999999998,-85.34999999999998,-0.4197,-0.3384,1.4960000000000002,-1.4186,0.6464,1.9226,0.1525658045319295,-0.4000000000000199,5.551115123125783e-17,22.9
17.156999999657273,1.9531,-1.1025,2.9174,2.1462,0.2964,2.7698,0.1897016861219196,-0.0299999999999869,-0.1999999999999998,-85.34999999999998,-0.4147,-0.3465,1.4988000000000001,-1.4198,0.6478,1.9326,0.1525658045319295,-0.4000000000000199,5.551115123125783e-17,22.9
17.17200000025332,1.9536,-1.1091,2.9254,2.1376,0.2891,2.7664000000000004,0.1898847943846799,-0.0299999999999869,-0.1999999999999998,-85.34999999999998,-0.4231,-0.334,1.4908000000000001,-1.4152,0.6395,1.9394,0.1525658045319295,-0.4000000000000199,5.551115123125783e-17,22.8
17.187999999150634,1.9497,-1.0937,2.9082000000000003,2.1372,0.3032,2.759,0.1898847943846799,-0.0299999999999869,-0.1999999999999998,-85.34999999999998,-0.4127,-0.3448,1.4972,-1.4093,0.6484,1.9336,0.1525810635538262,-0.4000000000000199,5.551115123125783e-17,22.8
17.21900000050664,1.9479,-1.1002,2.9118,2.1392,0.2839,2.7562,0.1900221255817502,-0.0299999999999869,-0.0999999999999998,-85.34999999999998,-0.4067,-0.3371,1.4931999999999999,-1.4223,0.6478,1.9182,0.1525963225757229,-0.4000000000000199,5.551115123125783e-17,22.8
17.234999999403954,1.9548,-1.1195,2.9296,2.1446,0.2911,2.768,0.1900221255817502,-0.0299999999999869,-0.0999999999999998,-85.24999999999997,-0.4071,-0.34,1.492,-1.419,0.6415,1.9362,0.1526268406195162,-0.4000000000000199,5.551115123125783e-17,22.8
17.25,1.9547,-1.1076,2.9180000000000006,2.1336,0.2867,2.7444,0.1900221255817502,-0.0299999999999869,-0.0999999999999998,-85.24999999999997,-0.4189,-0.3429,1.495,-1.4226,0.6439,1.9278,0.1526115815976196,-0.4000000000000199,5.551115123125783e-17,22.8
17.26600000075996,1.9449,-1.1002,2.9212,2.144,0.2941,2.7566,0.1900373846036469,-0.0299999999999869,-0.0999999999999998,-85.24999999999997,-0.4067,-0.3428,1.4878000000000002,-1.4205,0.6509,1.9284,0.1526115815976196,-0.4000000000000199,5.551115123125783e-17,22.8
17.281999999657273,1.9405,-1.0928,2.908,2.1356,0.2943,2.753200000000001,0.1900984206912337,-0.0299999999999869,-0.0999999999999998,-85.24999999999997,-0.4151,-0.3456,1.4931999999999999,-1.4121,0.6535,1.929,0.1526115815976196,-0.4000000000000199,5.551115123125783e-17,22.8
17.312999999150634,1.9569,-1.1052,2.9187999999999996,2.1441,0.2864,2.7542000000000004,0.1901136797131304,-0.0299999999999869,-0.0999999999999998,-85.24999999999997,-0.4126,-0.3438,1.4967999999999997,-1.4275,0.6384,1.9244,0.1526268406195162,-0.4000000000000199,5.551115123125783e-17,22.8
17.328999999910593,1.9565,-1.0998,2.9174,2.1457,0.3048,2.7586,0.1901747158007171,-0.0299999999999869,-0.0999999999999998,-85.24999999999997,-0.4206,-0.3319,1.4922000000000002,-1.4164,0.6422,1.9272,0.1526726176852063,-0.4000000000000199,5.551115123125783e-17,22.8
17.34400000050664,1.9482,-1.1028,2.913,2.1528,0.2911,2.7588000000000004,0.190281528953994,-0.0299999999999869,-0.0999999999999998,-85.24999999999997,-0.4224,-0.3473,1.4964000000000002,-1.4321,0.6484,1.9356,0.1526726176852063,-0.4000000000000199,5.551115123125783e-17,22.8
17.359999999403954,1.9579,-1.1136,2.9238,2.1434,0.2926,2.751,0.1902967879758907,-0.0299999999999869,-0.0999999999999998,-85.24999999999997,-0.4111,-0.3512,1.4888000000000001,-1.4184,0.65,1.9082,0.152687876707103,-0.4000000000000199,5.551115123125783e-17,22.8
17.39100000075996,1.9479,-1.0927,2.9146000000000014,2.1487,0.2941,2.7622,0.1903120469977874,-0.0299999999999869,-0.1999999999999998,-85.24999999999997,-0.41,-0.3432,1.4938000000000002,-1.413,0.6482,1.9234,0.152687876707103,-0.4000000000000199,5.551115123125783e-17,22.8
17.406999999657273,1.956,-1.0969,2.9084,2.1355,0.2872,2.7494,0.1903120469977874,-0.0299999999999869,-0.1999999999999998,-85.24999999999997,-0.4126,-0.3437,1.492,-1.4143,0.6366,1.9344,0.152687876707103,-0.4000000000000199,5.551115123125783e-17,22.8
17.42200000025332,1.9574,-1.0977,2.9120000000000004,2.1418,0.2938,2.7432,0.1903120469977874,-0.0299999999999869,-0.1999999999999998,-85.24999999999997,-0.4122,-0.3422,1.4845999999999997,-1.4248,0.643,1.9252,0.152687876707103,-0.4000000000000199,5.551115123125783e-17,22.8
17.437999999150634,1.951,-1.099,2.9098,2.1387,0.2763,2.7466000000000004,0.1903425650415808,-0.0299999999999869,-0.1999999999999998,-85.24999999999997,-0.4133,-0.3515,1.4982,-1.4254,0.658,1.9082,0.152687876707103,-0.4000000000000199,5.551115123125783e-17,22.8
17.453999999910593,1.9606,-1.0986,2.9138,2.1413,0.2865,2.748800000000001,0.1903578240634775,-0.0299999999999869,-0.1999999999999998,-85.34999999999998,-0.4103,-0.3549,1.4934,-1.4282,0.6496,1.9208,0.152687876707103,-0.4000000000000199,5.551115123125783e-17,22.8
17.46900000050664,1.9496,-1.0947,2.9076,2.1357,0.28,2.7494,0.1904188601510643,-0.0299999999999869,-0.1999999999999998,-85.34999999999998,-0.4108,-0.3452,1.4882000000000002,-1.4257,0.6408,1.916,0.152687876707103,-0.4000000000000199,5.551115123125783e-17,22.8
17.5,1.9569,-1.1031,2.9082000000000003,2.135,0.2936,2.7457999999999996,0.190434119172961,-0.0299999999999869,-0.1999999999999998,-85.34999999999998,-0.4031,-0.3479,1.4955999999999998,-1.4176,0.6451,1.9238,0.152687876707103,-0.4000000000000199,5.551115123125783e-17,22.8
17.51600000075996,1.949,-1.0833,2.907,2.152,0.2943,2.741000000000001,0.1904798962386511,-0.0299999999999869,-0.2999999999999999,-85.34999999999998,-0.4123,-0.3472,1.4924000000000002,-1.4165,0.6369,1.9246,0.1526573586633096,-0.4000000000000199,0.1,22.8
17.531999999657273,1.9552,-1.0988,2.909,2.1437,0.2936,2.7544,0.1904951552605478,-0.0299999999999869,-0.2999999999999999,-85.34999999999998,-0.4025,-0.3506,1.4931999999999999,-1.4193,0.6396,1.9256,0.1527031357289997,-0.4000000000000199,0.1,22.8
17.562999999150634,1.9537,-1.0948,2.9044000000000003,2.1431,0.298,2.751,0.1904951552605478,-0.0299999999999869,-0.2999999999999999,-85.34999999999998,-0.4062,-0.3503,1.4886,-1.4163,0.6424,1.9206,0.1527031357289997,-0.4000000000000199,0.1,22.9
17.578999999910593,1.9528,-1.0987,2.9068,2.1474,0.2996,2.7606,0.1904951552605478,-0.0299999999999869,-0.2999999999999999,-85.34999999999998,-0.4193,-0.3412,1.4862,-1.4142,0.644,1.9228,0.152687876707103,-0.4000000000000199,0.1,22.9
17.59400000050664,1.9456,-1.0972,2.916,2.1446,0.2815,2.7474,0.1904951552605478,-0.0299999999999869,-0.2999999999999999,-85.34999999999998,-0.4112,-0.348,1.4986,-1.4213,0.6363,1.9166,0.152687876707103,-0.4000000000000199,0.1,22.9
17.609999999403954,1.9582,-1.0973,2.9128,2.132,0.2769,2.7394,0.1905104142824445,-0.0299999999999869,-0.2999999999999999,-85.24999999999997,-0.4021,-0.3485,1.4908000000000001,-1.4095,0.6367,1.9174,0.152687876707103,-0.4000000000000199,0.1,22.9
17.625,1.9577,-1.1048,2.9052,2.1352,0.2897,2.7396,0.1905104142824445,-0.0299999999999869,-0.2999999999999999,-85.24999999999997,-0.4191,-0.346,1.4904,-1.4144,0.6519,1.926,0.152687876707103,-0.4000000000000199,0.1,22.9
17.64100000075996,1.9583,-1.0957,2.8978,2.134,0.2777,2.7358,0.1905104142824445,-0.0299999999999869,-0.2999999999999999,-85.24999999999997,-0.4122,-0.3454,1.4908000000000001,-1.4078,0.6554,1.9266,0.1527031357289997,-0.4000000000000199,0.2,22.9
17.67200000025332,1.9537,-1.0942,2.9111999999999996,2.1338,0.2908,2.74,0.1905104142824445,-0.0299999999999869,-0.2999999999999999,-85.34999999999998,-0.4167,-0.344,1.4848,-1.417,0.6392,1.9186000000000003,0.1527031357289997,-0.4000000000000199,0.2,22.9
17.687999999150634,1.9612,-1.0949,2.9044000000000003,2.1421,0.2889,2.7373999999999996,0.1905561913481346,-0.0299999999999869,-0.3999999999999998,-85.34999999999998,-0.41,-0.3458,1.4904,-1.4282,0.6472,1.9214,0.1527489127946898,-0.4000000000000199,0.2,22.8
17.703999999910593,1.9486,-1.0879,2.9004,2.1312,0.2893,2.7366000000000006,0.1905561913481346,-0.0299999999999869,-0.3999999999999998,-85.34999999999998,-0.4158,-0.3426,1.4832,-1.4244,0.6363,1.9226,0.1527489127946898,-0.4000000000000199,0.2,22.8
17.734999999403954,1.9561,-1.0854,2.9068,2.1481,0.2808,2.7454,0.1905867093919279,-0.0299999999999869,-0.3999999999999998,-85.34999999999998,-0.4109,-0.3512,1.4969999999999999,-1.4122,0.65,1.9164,0.1527489127946898,-0.4000000000000199,0.2,22.8
17.75,1.957,-1.0941,2.9118,2.1307,0.2865,2.7394,0.1905561913481346,-0.0299999999999869,-0.3999999999999998,-85.34999999999998,-0.4077,-0.3528,1.4926000000000001,-1.4163,0.6497,1.9188,0.1527031357289997,-0.4000000000000199,0.2,22.8
17.76600000075996,1.9545,-1.0817,2.9,2.1317,0.2757,2.7326,0.1905561913481346,-0.0299999999999869,-0.3999999999999998,-85.24999999999997,-0.4189,-0.3468,1.4874,-1.4181,0.6475,1.9136,0.1527031357289997,-0.4000000000000199,0.2,22.8
17.781999999657273,1.9554,-1.0849,2.9036000000000004,2.1377,0.2743,2.7312,0.1905867093919279,-0.0299999999999869,-0.3999999999999998,-85.24999999999997,-0.4032,-0.3441,1.4898,-1.4059,0.6503,1.9332,0.1527031357289997,-0.4000000000000199,0.2,22.8
17.79700000025332,1.9555,-1.0843,2.9014,2.135,0.2803,2.7378,0.1905867093919279,-0.0299999999999869,-0.3999999999999998,-85.24999999999997,-0.4086,-0.3497,1.4946,-1.4087,0.6451,1.9188,0.1527031357289997,-0.4000000000000199,0.2,22.8
17.812999999150634,1.961,-1.0911,2.9018,2.1256,0.2789,2.743,0.1906630045014114,-0.1299999999999954,-0.3999999999999998,-85.24999999999997,-0.4078,-0.3484,1.4931999999999999,-1.4212,0.6484,1.9126,0.1527031357289997,-0.4000000000000199,0.2,22.8
17.84400000050664,1.9609,-1.0885,2.9038,2.1352,0.2864,2.7312,0.1906630045014114,-0.1299999999999954,-0.3999999999999998,-85.24999999999997,-0.4132,-0.3322,1.4886,-1.4239,0.648,1.93,0.1527031357289997,-0.4000000000000199,0.2,22.8
17.859999999403954,1.9604,-1.0962,2.9094,2.1254,0.2719,2.731,0.1906630045014114,-0.1299999999999954,-0.3999999999999998,-85.24999999999997,-0.3999,-0.3524,1.4958000000000002,-1.4171,0.6511,1.9098,0.1527336537727931,-0.4000000000000199,0.3,22.8
17.875,1.9587,-1.0913,2.8989999999999996,2.1385,0.291,2.74,0.1906630045014114,-0.1299999999999954,-0.3999999999999998,-85.14999999999998,-0.4081,-0.3463,1.4938000000000002,-1.4061,0.6385,1.9308,0.1527794308384832,-0.4000000000000199,0.3,22.8
17.89100000075996,1.9617,-1.0922,2.909,2.1303,0.294,2.7344000000000004,0.1906630045014114,-0.1299999999999954,-0.3999999999999998,-85.14999999999998,-0.4108,-0.3475,1.4875999999999998,-1.4253,0.6347,1.9188,0.1527641718165865,-0.4000000000000199,0.3,22.8
17.92200000025332,1.968,-1.0905,2.901,2.1405,0.2825,2.727,0.1906630045014114,-0.1299999999999954,-0.3999999999999998,-85.14999999999998,-0.4062,-0.346,1.4924000000000002,-1.4156,0.6386,1.9174,0.1527641718165865,-0.4000000000000199,0.3,22.8
17.937999999150634,1.9533,-1.0832,2.8976,2.1409,0.2923,2.7284,0.1906630045014114,-0.1299999999999954,-0.3999999999999998,-85.14999999999998,-0.412,-0.349,1.4854,-1.4268,0.6418,1.9256,0.1527641718165865,-0.4000000000000199,0.3,22.8
17.953999999910593,1.9565,-1.0841,2.8986,2.1334,0.2817,2.7294,0.1906630045014114,-0.1299999999999954,-0.3999999999999998,-85.14999999999998,-0.4117,-0.3552,1.4960000000000002,-1.4104,0.6496,1.9208,0.1527641718165865,-0.4000000000000199,0.3,22.8
17.96900000050664,1.9644,-1.0925,2.898200000000001,2.1287,0.2798,2.7242,0.1906935225452048,-0.1299999999999954,-0.4999999999999999,-85.14999999999998,-0.4174,-0.3496,1.4886,-1.418,0.653,1.9048,0.1527794308384832,-0.4000000000000199,0.3,22.8
17.984999999403954,1.959,-1.0847,2.9042,2.1337,0.285,2.7342,0.1907545586327916,-0.1299999999999954,-0.4999999999999999,-85.14999999999998,-0.413,-0.3469,1.4960000000000002,-1.4169,0.6452,1.9132,0.1527946898603799,-0.5000000000000142,0.3,22.8
18.01600000075996,1.9611,-1.0919,2.9042,2.1416,0.2853,2.7278,0.1908461127641718,-0.1299999999999954,-0.4999999999999999,-85.14999999999998,-0.4157,-0.3558,1.4902,-1.4265,0.6449,1.9222,0.1528252079041733,-0.5000000000000142,0.3,22.8
18.03199999965728,1.961,-1.0806,2.897,2.132,0.2832,2.7286,0.1909529259174487,-0.1299999999999954,-0.4999999999999999,-85.24999999999997,-0.41,-0.3479,1.4892,-1.4107,0.6429,1.918,0.1528252079041733,-0.5000000000000142,0.3,22.8
18.04700000025332,1.9606,-1.0922,2.8992,2.13,0.2885,2.7178,0.1909529259174487,-0.1299999999999954,-0.4999999999999999,-85.24999999999997,-0.4119,-0.341,1.5024000000000004,-1.4158,0.6291,1.9196,0.1528252079041733,-0.5000000000000142,0.4000000000000001,22.9
18.0789999999106,1.9612,-1.0876,2.9002,2.1394,0.2873,2.7306000000000004,0.1909529259174487,-0.1299999999999954,-0.4999999999999999,-85.24999999999997,-0.4233,-0.3467,1.4894,-1.412,0.6512,1.916,0.1528252079041733,-0.5000000000000142,0.4000000000000001,22.9
18.09400000050664,1.9553,-1.083,2.895,2.1375,0.2792,2.7284,0.1909529259174487,-0.1299999999999954,-0.4999999999999999,-85.24999999999997,-0.4231,-0.3431,1.4864000000000004,-1.4189,0.6412,1.9176,0.1528252079041733,-0.5000000000000142,0.4000000000000001,22.9
18.10999999940396,1.9667,-1.0829,2.8904,2.1305,0.288,2.7320000000000007,0.1909529259174487,-0.1299999999999954,-0.4999999999999999,-85.24999999999997,-0.4079,-0.3483,1.492,-1.4137,0.6434,1.9188,0.1528252079041733,-0.5000000000000142,0.4000000000000001,22.9
18.125,1.9618,-1.0866,2.9032,2.1371,0.2809,2.7154,0.1910139620050354,-0.1299999999999954,-0.5999999999999999,-85.24999999999997,-0.4129,-0.3407,1.4826,-1.408,0.6504,1.9114,0.1528252079041733,-0.5000000000000142,0.4000000000000001,22.9
18.14100000075996,1.9659,-1.0846,2.898200000000001,2.1314,0.2814,2.7262,0.1910292210269321,-0.1299999999999954,-0.5999999999999999,-85.24999999999997,-0.4164,-0.3404,1.4892,-1.4026,0.63,1.9052,0.1528252079041733,-0.5000000000000142,0.4000000000000001,22.9
18.15699999965728,1.9649,-1.0784,2.898,2.1239,0.28,2.7175999999999996,0.1910597390707255,-0.1299999999999954,-0.5999999999999999,-85.24999999999997,-0.4058,-0.3559,1.4908000000000001,-1.4198,0.6352,1.9121999999999997,0.1528252079041733,-0.5000000000000142,0.4000000000000001,22.9
18.18799999915064,1.9621,-1.0774,2.8908,2.1298,0.2757,2.714,0.1911207751583123,-0.1299999999999954,-0.5999999999999999,-85.24999999999997,-0.4104,-0.3434,1.4960000000000002,-1.4083,0.6392,1.9156,0.15284046692607,-0.5000000000000142,0.4000000000000001,22.9
18.23499999940396,1.9672,-1.0864,2.898,2.1384,0.2729,2.7236,0.1911512932021057,-0.1299999999999954,-0.5999999999999999,-85.24999999999997,-0.4145,-0.3496,1.4942,-1.4183,0.6374,1.9206,0.1530083161669337,-0.5000000000000142,0.4000000000000001,22.9
18.25,1.9672,-1.0832,2.9028000000000005,2.123,0.2804,2.7297999999999996,0.1911207751583123,-0.1299999999999954,-0.5999999999999999,-85.14999999999998,-0.4082,-0.3453,1.4934,-1.4257,0.6473,1.9244,0.1530083161669337,-0.5000000000000142,0.4000000000000001,22.9
18.26600000075996,1.9643,-1.08,2.8976,2.1363,0.2849,2.7142,0.1911207751583123,-0.1299999999999954,-0.5999999999999999,-85.14999999999998,-0.4073,-0.3509,1.4868,-1.4207,0.6497,1.9186000000000003,0.1529167620355535,-0.5000000000000142,0.5,22.9
18.28199999965728,1.9649,-1.0765,2.8948,2.1249,0.2897,2.714,0.1911512932021057,-0.1299999999999954,-0.5999999999999999,-85.14999999999998,-0.4061,-0.3518,1.49,-1.4209,0.6364,1.935,0.1529167620355535,-0.5000000000000142,0.5,23.0
18.29700000025332,1.9665,-1.0725,2.8976,2.1386,0.2813,2.7268000000000003,0.1911512932021057,-0.1299999999999954,-0.5999999999999999,-85.14999999999998,-0.4113,-0.3433,1.4922000000000002,-1.4097,0.6333,1.9258,0.1529167620355535,-0.5000000000000142,0.5,23.0
18.31299999915064,1.9663,-1.0773,2.8986,2.1341,0.2636,2.7268000000000003,0.1911512932021057,-0.2299999999999897,-0.5999999999999999,-85.14999999999998,-0.4146,-0.3541,1.4854,-1.4122,0.6444,1.918,0.1529167620355535,-0.5000000000000142,0.5,23.0
18.34400000050664,1.9679,-1.082,2.8976,2.1346,0.2909,2.7144,0.1911818112458991,-0.2299999999999897,-0.5999999999999999,-85.14999999999998,-0.4159,-0.3525,1.4938000000000002,-1.4147,0.6286,1.9194,0.1529167620355535,-0.5000000000000142,0.5,23.0
18.35999999940396,1.7153,-0.8815,2.5292,1.7716,0.213,2.321,0.191136034180209,-0.2299999999999897,-0.5999999999999999,-85.14999999999998,-0.4053,-0.3431,1.4926000000000001,-1.4182,0.6377,1.926,0.1529167620355535,-0.5000000000000142,0.5,23.0
18.375,1.4437,-0.7215,2.0918,1.3825,0.1424,1.848,0.191136034180209,-0.2299999999999897,-0.5999999999999999,-85.14999999999998,-0.3993,-0.205,1.2206,-1.1763,0.4912,1.5515999999999999,0.1529015030136568,-0.5000000000000142,0.5,23.0
18.39100000075996,1.2594,-0.5928,1.807,1.077,0.1095,1.4807999999999997,0.1908308537422751,-0.1299999999999954,-0.5999999999999999,-85.14999999999998,-0.3594,-0.1159,0.943,-0.9915,0.3453,1.2102,0.15284046692607,-0.5000000000000142,0.5,23.0
18.42200000025332,1.006,-0.4708,1.4638,0.9139,0.0588,1.2202,0.1894575417715724,-0.1299999999999954,-0.5999999999999999,-85.24999999999997,-0.289,-0.0498,0.729,-0.7468,0.2425,0.9396,0.1523826962691691,-0.5000000000000142,0.5,23.0
18.43799999915064,0.8674,-0.3995,1.2672,0.7886,0.044,1.0686,0.1880537117570763,-0.1299999999999954,-0.6999999999999998,-85.24999999999997,-0.2032,-0.0216,0.5506,-0.5534,0.1558,0.766,0.1508720531013962,-0.5000000000000142,0.5,23.0
18.4539999999106,0.7654,-0.3474,1.1118,0.6934,0.0378,0.9444,0.1858411535820553,-0.1299999999999954,-0.6999999999999998,-85.24999999999997,-0.1682,-0.0025,0.4512,-0.4599,0.0903,0.6368,0.1490257114518959,-0.5000000000000142,0.5,22.9
18.46900000050664,0.683,-0.2928,0.9946,0.617,0.033,0.83,0.1757701991302357,-0.1299999999999954,-0.6999999999999998,-85.24999999999997,-0.145,0.0,0.3701999999999998,-0.38,0.0633,0.545,0.1387563897154192,-0.5000000000000142,0.5,22.9
18.48499999940396,0.6266,-0.2704,0.9152,0.552,0.0025,0.7554,0.1679880979629205,-0.0299999999999869,-0.6999999999999998,-85.24999999999997,-0.1309,0.0,0.311,-0.3256,0.0423,0.4784,0.1089402609292744,-0.5000000000000142,0.5,22.9
18.51600000075996,0.5738,-0.2365,0.8294,0.5005,0.0155,0.689,0.1594277866788739,-0.0299999999999869,-0.6999999999999998,-85.24999999999997,-0.1074,0.0,0.2642,-0.2698,0.0095,0.4164,0.1053543907835507,-0.4000000000000199,0.5,22.9
18.53199999965728,0.5283,-0.2152,0.7596000000000002,0.4513,0.0012,0.6276,0.1577798123140306,-0.0299999999999869,-0.6999999999999998,-85.24999999999997,-0.0932,0.0,0.2273999999999996,-0.2538,0.0,0.3642,0.1012344548714427,-0.4000000000000199,0.5,22.9
18.54700000025332,0.4864,-0.193,0.7079999999999999,0.4072,0.0,0.5652,0.1571999694819562,-0.0299999999999869,-0.6999999999999998,-85.24999999999997,-0.081,0.0,0.1917999999999996,-0.207,0.0,0.3192,0.0992050049591821,-0.4000000000000199,0.6000000000000001,22.9
18.56299999915064,0.446,-0.1634,0.6602,0.3768,0.0,0.5136,0.1570778973067826,-0.0299999999999869,-0.6999999999999998,-85.24999999999997,-0.0582,0.0,0.1611999999999998,-0.1668,0.0,0.2894,0.0987777523460746,-0.4000000000000199,0.6000000000000001,22.9
18.59400000050664,0.4254,-0.1521,0.6113999999999998,0.3404,0.0,0.4844,0.1568795300221256,-0.0299999999999869,-0.6999999999999998,-85.24999999999997,-0.0611,0.0,0.1446,-0.1574,0.0,0.2597999999999998,0.0984573128862439,-0.4000000000000199,0.6000000000000001,22.9
18.60999999940396,0.3964,-0.1319,0.5674,0.3238,0.0,0.441,0.1568795300221256,-0.0299999999999869,-0.6999999999999998,-85.24999999999997,-0.0621,0.0,0.1189999999999996,-0.1469,0.0,0.2326,0.0983657587548638,-0.4000000000000199,0.6000000000000001,22.9
18.625,0.3715,-0.1257,0.5347999999999998,0.2907,0.0,0.4059999999999998,0.1568795300221256,-0.0299999999999869,-0.6999999999999998,-85.14999999999998,-0.0426,0.0,0.1029999999999996,-0.1031,0.0,0.2057999999999998,0.0983657587548638,-0.4000000000000199,0.6000000000000001,22.9
18.64100000075996,0.3551,-0.1166,0.5063999999999999,0.2703,0.0,0.3766,0.1568642710002289,0.0700000000000073,-0.6999999999999998,-85.14999999999998,-0.0408,0.0,0.0949999999999998,-0.096,0.0,0.1902,0.0983504997329671,-0.3000000000000113,0.6000000000000001,22.9
18.65699999965728,0.325,-0.0962,0.4658,0.2518,0.0,0.3579999999999998,0.1566659037155718,0.0700000000000073,-0.6999999999999998,-85.14999999999998,-0.0295,0.0,0.0757999999999998,-0.0771,0.0,0.163,0.0983504997329671,-0.3000000000000113,0.6000000000000001,22.9
18.67200000025332,0.3127,-0.0879,0.4616,0.2236,0.0,0.3352,0.1564980544747082,0.0700000000000073,-0.6999999999999998,-85.14999999999998,-0.0187,0.0,0.0604,-0.063,0.0,0.1464,0.0983504997329671,-0.200000000000017,0.6000000000000001,22.9
18.7039999999106,0.2932,-0.0775,0.4278,0.2083,0.0,0.3061999999999998,0.1563912413214313,0.0700000000000073,-0.6999999999999998,-85.14999999999998,-0.019,0.0,0.0398,-0.0447,0.0,0.1283999999999996,0.0983504997329671,-0.200000000000017,0.6000000000000001,22.8
18.71900000050664,0.2862,-0.0688,0.4014,0.1933,0.0,0.2899999999999998,0.1563912413214313,0.1700000000000159,-0.6999999999999998,-85.14999999999998,-0.0201,0.0,0.0373999999999998,-0.0332,0.0,0.1166,0.0983504997329671,-0.200000000000017,0.6000000000000001,22.8
18.73499999940396,0.2643,-0.0666,0.3806,0.1809,0.0,0.2648,0.1563912413214313,0.1700000000000159,-0.6999999999999998,-85.14999999999998,-0.0157,0.0,0.0211999999999996,-0.027,0.0,0.0961999999999996,0.0984115358205539,-0.1000000000000227,0.6000000000000001,22.8
18.75,0.2618,-0.0562,0.367,0.1621,0.0,0.2411999999999996,0.1563912413214313,0.1700000000000159,-0.6999999999999998,-85.14999999999998,-0.0093,0.0,0.0202,-0.0186,0.0,0.0966,0.0984573128862439,-0.1000000000000227,0.6000000000000001,22.8
18.76600000075996,0.2388,-0.0441,0.348,0.1458,0.0,0.2301999999999996,0.1563912413214313,0.1700000000000159,-0.6999999999999998,-85.04999999999998,-0.0008,0.0,0.0094,-0.0057,0.0,0.0651999999999996,0.098655680170901,-0.1000000000000227,0.6000000000000001,22.8
18.78199999965728,0.2248,-0.0381,0.3174,0.1447,0.0,0.2061999999999996,0.1563912413214313,0.1700000000000159,-0.6999999999999998,-85.04999999999998,0.0,0.0,0.004,0.0,0.0,0.0622,0.098655680170901,-0.1000000000000227,0.6000000000000001,22.8
18.79700000025332,0.2217,-0.0327,0.3154,0.1368,0.0,0.2029999999999998,0.156406500343328,0.0700000000000073,-0.6999999999999998,-85.04999999999998,0.0,0.0,0.0,0.0,0.0,0.0626,0.098655680170901,-0.1000000000000227,0.6000000000000001,22.8
18.8289999999106,0.2077,-0.0392,0.316,0.1127,0.0,0.1786,0.1565438315403982,0.0700000000000073,-0.6999999999999998,-85.04999999999998,0.0,0.0,0.0,0.0,0.0,0.0378,0.0982742046234836,-0.1000000000000227,0.6000000000000001,22.8
18.84400000050664,0.1885,-0.0239,0.2939999999999998,0.1028,0.0,0.1645999999999996,0.1565590905622949,0.0700000000000073,-0.6999999999999998,-85.04999999999998,0.0,0.0,0.0,0.0,0.0,0.0376,0.0981826504921034,-0.1000000000000227,0.6000000000000001,22.8
18.85999999940396,0.1874,-0.0233,0.2739999999999998,0.1011,0.0,0.1661999999999996,0.1565590905622949,0.0700000000000073,-0.6999999999999998,-85.04999999999998,0.0,0.0,0.0,0.0,0.0,0.0118,0.0981826504921034,-0.1000000000000227,0.6000000000000001,22.8
18.875,0.1781,-0.0087,0.269,0.0903,0.0,0.1466,0.1565590905622949,0.0700000000000073,-0.6999999999999998,-85.04999999999998,0.0,0.0,0.0,0.0,0.0,0.001,0.0981826504921034,-0.1000000000000227,0.6000000000000001,22.8
18.89100000075996,0.1716,0.0,0.2417999999999996,0.08,0.0,0.1275999999999996,0.1565590905622949,0.0700000000000073,-0.6999999999999998,-85.04999999999998,0.0,0.0,0.0,0.0,0.0,0.0,0.0981826504921034,-0.1000000000000227,0.6000000000000001,22.8
18.90699999965728,0.1653,-0.0097,0.2432,0.0662,0.0,0.1303999999999996,0.1568032349126421,0.0700000000000073,-0.6999999999999998,-84.94999999999999,0.0,0.0,0.0,0.0,0.0,0.0,0.0982894636453803,-0.1000000000000227,0.6000000000000001,22.8
18.92200000025332,0.1533,0.0,0.2228,0.0617,0.0,0.1188,0.1568032349126421,0.0700000000000073,-0.6999999999999998,-84.94999999999999,0.0,0.0,0.0,0.0,0.0,0.0,0.0982894636453803,-0.1000000000000227,0.6000000000000001,22.8
18.9539999999106,0.1484,0.0,0.2148,0.0492,0.0,0.1115999999999998,0.1568032349126421,0.0700000000000073,-0.6999999999999998,-84.94999999999999,0.0,0.0,0.0,0.0,0.0,0.0,0.0983352407110704,-0.1000000000000227,0.6000000000000001,22.8
18.96900000050664,0.1415,0.0,0.2073999999999996,0.0471,0.0,0.1032,0.1568032349126421,0.0700000000000073,-0.6999999999999998,-84.94999999999999,0.0,0.0,0.0,0.0,0.0,0.0,0.0983352407110704,-0.1000000000000227,0.6000000000000001,22.8
18.98499999940396,0.1308,0.0,0.2004,0.046,0.0,0.0947999999999996,0.1567727168688487,0.0700000000000073,-0.6999999999999998,-84.94999999999999,0.0,0.0,0.0,0.0,0.0,0.0,0.0982894636453803,-0.1000000000000227,0.7000000000000002,22.8
19.0,0.1264,0.0,0.1855999999999996,0.0263,0.0,0.0817999999999996,0.1567727168688487,-0.0299999999999869,-0.6999999999999998,-84.94999999999999,0.0,0.0,0.0,0.0,0.0,0.0,0.0982894636453803,-0.1000000000000227,0.7000000000000002,22.8
19.01600000075996,0.1069,0.0,0.1766,0.0262,0.0,0.0684,0.1567727168688487,-0.0299999999999869,-0.6999999999999998,-84.94999999999999,0.0,0.0,0.0,0.0,0.0,0.0,0.0982894636453803,-0.1000000000000227,0.7000000000000002,22.8
19.03199999965728,0.1224,0.0,0.162,0.0199,0.0,0.0708,0.1567727168688487,-0.0299999999999869,-0.6999999999999998,-84.84999999999998,0.0,0.0,0.0,0.0,0.0,0.0,0.0982589456015869,-0.1000000000000227,0.7000000000000002,22.8
19.04700000025332,0.108,0.0,0.1648,0.0124,0.0,0.0615999999999998,0.1567879758907454,-0.0299999999999869,-0.6999999999999998,-84.84999999999998,0.0,0.0,0.0,0.0,0.0,0.0,0.0982589456015869,-0.1000000000000227,0.7000000000000002,22.8
19.0789999999106,0.1003,0.0,0.1576,0.0,0.0,0.0483999999999996,0.1568032349126421,-0.0299999999999869,-0.6999999999999998,-84.84999999999998,0.0,0.0,0.0,0.0,0.0,0.0,0.0982589456015869,-0.1000000000000227,0.7000000000000002,22.8
19.09400000050664,0.0931,0.0,0.1426,0.0094,0.0,0.0361999999999996,0.1568184939345388,-0.0299999999999869,-0.6999999999999998,-84.84999999999998,0.0,0.0,0.0,0.0,0.0,0.0,0.0981826504921034,-0.1000000000000227,0.7000000000000002,22.8
19.10999999940396,0.0908,0.0,0.1373999999999996,0.0,0.0,0.0388,0.1568184939345388,-0.0299999999999869,-0.6999999999999998,-84.84999999999998,0.0,0.0,0.0,0.0,0.0,0.0,0.0981673914702067,-0.1000000000000227,0.7000000000000002,22.8
19.125,0.0951,0.0,0.13,0.0,0.0,0.0263999999999996,0.1568184939345388,-0.0299999999999869,-0.6999999999999998,-84.84999999999998,0.0,0.0,0.0,0.0,0.0,0.0,0.0981368734264133,-0.1000000000000227,0.7000000000000002,22.8
19.14100000075996,0.0789,0.0,0.121,0.0,0.0,0.0271999999999998,0.1568184939345388,-0.0299999999999869,-0.6999999999999998,-84.84999999999998,0.0,0.0,0.0,0.0,0.0,0.0,0.0981368734264133,-0.1000000000000227,0.7000000000000002,22.8
19.15699999965728,0.0891,0.0,0.13,0.0,0.0,0.0234,0.1568795300221256,-0.0299999999999869,-0.6999999999999998,-84.84999999999998,0.0,0.0,0.0,0.0,0.0,0.0,0.0981368734264133,-0.1000000000000227,0.7000000000000002,22.8
19.18799999915064,0.0712,0.0,0.1211999999999996,0.0,0.0,0.0135999999999998,0.1568947890440223,-0.0299999999999869,-0.6999999999999998,-84.74999999999997,0.0,0.0,0.0,0.0,0.0,0.0,0.09815213244831,-0.1000000000000227,0.7000000000000002,22.8
19.2039999999106,0.0658,0.0,0.1017999999999996,0.0,0.0,0.0082,0.1569253070878156,-0.0299999999999869,-0.6999999999999998,-84.74999999999997,0.0,0.0,0.0,0.0,0.0,0.0,0.09815213244831,-0.1000000000000227,0.7000000000000002,22.8
19.21900000050664,0.0603,0.0,0.1035999999999998,0.0,0.0,0.0112,0.156955825131609,-0.1299999999999954,-0.6999999999999998,-84.74999999999997,0.0,0.0,0.0,0.0,0.0,0.0,0.09815213244831,-0.1000000000000227,0.7000000000000002,22.8
19.23499999940396,0.0664,0.0,0.1083999999999996,0.0,0.0,0.0,0.1570168612191958,-0.1299999999999954,-0.6999999999999998,-84.74999999999997,0.0,0.0,0.0,0.0,0.0,0.0,0.0981979095140001,-0.200000000000017,0.7000000000000002,22.8
19.25,0.0656,0.0,0.1043999999999998,0.0,0.0,0.0,0.1571389333943694,-0.1299999999999954,-0.6999999999999998,-84.74999999999997,0.0,0.0,0.0,0.0,0.0,0.0,0.0982436865796902,-0.200000000000017,0.7000000000000002,22.8
19.26600000075996,0.0507,0.0,0.0967999999999996,0.0,0.0,0.0,0.1571389333943694,-0.1299999999999954,-0.6999999999999998,-84.74999999999997,0.0,0.0,0.0,0.0,0.0,0.0,0.0982742046234836,-0.200000000000017,0.7000000000000002,22.8
19.28199999965728,0.052,0.0,0.085,0.0,0.0,0.0,0.1572152285038529,-0.1299999999999954,-0.6999999999999998,-84.74999999999997,0.0,0.0,0.0,0.0,0.0,0.0,0.0982742046234836,-0.200000000000017,0.7000000000000002,22.8
19.29700000025332,0.0478,0.0,0.0774,0.0,0.0,0.0,0.157261005569543,-0.1299999999999954,-0.6999999999999998,-84.74999999999997,0.0,0.0,0.0,0.0,0.0,0.0,0.0983962767986572,-0.200000000000017,0.7000000000000002,22.8
19.3289999999106,0.0404,0.0,0.0749999999999998,0.0,0.0,0.0,0.1572304875257496,-0.0299999999999869,-0.6999999999999998,-84.74999999999997,0.0,0.0,0.0,0.0,0.0,0.0,0.0984115358205539,-0.200000000000017,0.7000000000000002,22.8
19.34400000050664,0.0471,0.0,0.0757999999999998,0.0,0.0,0.0,0.1572304875257496,-0.0299999999999869,-0.6999999999999998,-84.74999999999997,0.0,0.0,0.0,0.0,0.0,0.0,0.0984267948424506,-0.200000000000017,0.7000000000000002,22.8
19.34400000050664,0.0394,0.0,0.0789999999999996,0.0,0.0,0.0,0.1572304875257496,-0.0299999999999869,-0.6999999999999998,-84.74999999999997,0.0,0.0,0.0,0.0,0.0,0.0,0.0984420538643472,-0.200000000000017,0.7000000000000002,22.8
19.35999999940396,0.0291,0.0,0.0717999999999996,0.0,0.0,0.0,0.1572457465476463,-0.0299999999999869,-0.6999999999999998,-84.74999999999997,0.0,0.0,0.0,0.0,0.0,0.0,0.0984725719081406,-0.200000000000017,0.7000000000000002,22.8
19.39100000075996,0.0309,0.0,0.0685999999999996,0.0,0.0,0.0,0.1572915236133364,-0.0299999999999869,-0.6999999999999998,-84.74999999999997,0.0,0.0,0.0,0.0,0.0,0.0,0.0985946440833142,-0.200000000000017,0.7000000000000002,22.8
19.40699999965728,0.0238,0.0,0.0573999999999996,0.0,0.0,0.0,0.1572762645914397,-0.0299999999999869,-0.6999999999999998,-84.74999999999997,0.0,0.0,0.0,0.0,0.0,0.0,0.0986709391927977,-0.200000000000017,0.7000000000000002,22.8
19.42200000025332,0.0205,0.0,0.0618,0.0,0.0,0.0,0.1572762645914397,-0.0299999999999869,-0.6999999999999998,-84.74999999999997,0.0,0.0,0.0,0.0,0.0,0.0,0.0987167162584878,-0.200000000000017,0.7000000000000002,22.8
19.43799999915064,0.0214,0.0,0.0555999999999996,0.0,0.0,0.0,0.1572915236133364,-0.0299999999999869,-0.6999999999999998,-84.74999999999997,0.0,0.0,0.0,0.0,0.0,0.0,0.0987167162584878,-0.200000000000017,0.7000000000000002,22.8
19.4539999999106,0.0127,0.0,0.043,0.0,0.0,0.0,0.1573220416571298,-0.0299999999999869,-0.6999999999999998,-84.74999999999997,0.0,0.0,0.0,0.0,0.0,0.0,0.0987167162584878,-0.200000000000017,0.7000000000000002,22.8
19.46900000050664,0.0223,0.0,0.0479999999999998,0.0,0.0,0.0,0.1573373006790265,-0.0299999999999869,-0.6999999999999998,-84.74999999999997,0.0,0.0,0.0,0.0,0.0,0.0,0.0987167162584878,-0.200000000000017,0.7000000000000002,22.8
19.48499999940396,0.0262,0.0,0.0431999999999998,0.0,0.0,0.0,0.1573373006790265,-0.0299999999999869,-0.6999999999999998,-84.74999999999997,0.0,0.0,0.0,0.0,0.0,0.0,0.0987167162584878,-0.200000000000017,0.7000000000000002,22.8
19.5,0.0132,0.0,0.0394,0.0,0.0,0.0,0.1573373006790265,-0.0299999999999869,-0.6999999999999998,-84.74999999999997,0.0,0.0,0.0,0.0,0.0,0.0,0.0987472343022812,-0.200000000000017,0.7000000000000002,22.8
19.53199999965728,0.0064,0.0,0.0347999999999998,0.0,0.0,0.0,0.1573373006790265,-0.0299999999999869,-0.6999999999999998,-84.74999999999997,0.0,0.0,0.0,0.0,0.0,0.0,0.0987472343022812,-0.200000000000017,0.7000000000000002,22.8
19.54700000025332,0.0016,0.0,0.0354,0.0,0.0,0.0,0.1573678187228198,-0.0299999999999869,-0.6999999999999998,-84.64999999999998,0.0,0.0,0.0,0.0,0.0,0.0,0.0987014572365911,-0.200000000000017,0.7000000000000002,22.8
19.56299999915064,0.0096,0.0,0.0238,0.0,0.0,0.0,0.1574593728542,-0.0299999999999869,-0.6999999999999998,-84.64999999999998,0.0,0.0,0.0,0.0,0.0,0.0,0.0987014572365911,-0.200000000000017,0.7000000000000002,22.8
19.5789999999106,0.0075,0.0,0.0333999999999996,0.0,0.0,0.0,0.1574593728542,-0.0299999999999869,-0.6999999999999998,-84.74999999999997,0.0,0.0,0.0,0.0,0.0,0.0,0.0987014572365911,-0.200000000000017,0.7000000000000002,22.8
19.59400000050664,0.0,0.0,0.0177999999999996,0.0,0.0,0.0,0.1574746318760967,-0.0299999999999869,-0.6999999999999998,-84.74999999999997,0.0,0.0,0.0,0.0,0.0,0.0,0.0987014572365911,-0.200000000000017,0.7000000000000002,22.8
19.60999999940396,0.0,0.0,0.0253999999999998,0.0,0.0,0.0,0.1575204089417868,-0.0299999999999869,-0.7999999999999998,-84.74999999999997,0.0,0.0,0.0,0.0,0.0,0.0,0.0987014572365911,-0.200000000000017,0.7000000000000002,22.8
19.625,0.0,0.0,0.0115999999999996,0.0,0.0,0.0,0.1575204089417868,-0.0299999999999869,-0.7999999999999998,-84.74999999999997,0.0,0.0,0.0,0.0,0.0,0.0,0.0987014572365911,-0.200000000000017,0.7000000000000002,22.8
19.64100000075996,0.0,0.0,0.016,0.0,0.0,0.0,0.1575204089417868,-0.0299999999999869,-0.7999999999999998,-84.74999999999997,0.0,0.0,0.0,0.0,0.0,0.0,0.0987167162584878,-0.200000000000017,0.7000000000000002,22.8
19.65699999965728,0.0,0.0,0.0119999999999998,0.0,0.0,0.0,0.1575204089417868,-0.0299999999999869,-0.7999999999999998,-84.74999999999997,0.0,0.0,0.0,0.0,0.0,0.0,0.0987624933241779,-0.200000000000017,0.7000000000000002,22.8
19.67200000025332,0.0,0.0,0.0184,0.0,0.0,0.0,0.1575204089417868,-0.0299999999999869,-0.7999999999999998,-84.74999999999997,0.0,0.0,0.0,0.0,0.0,0.0,0.0987930113679713,-0.200000000000017,0.7000000000000002,22.8
19.68799999915064,0.0,0.0,0.005,0.0,0.0,0.0,0.1575509269855802,-0.0299999999999869,-0.7999999999999998,-84.74999999999997,0.0,0.0,0.0,0.0,0.0,0.0,0.0987930113679713,-0.200000000000017,0.7000000000000002,22.8
19.7039999999106,0.0,0.0,0.0053999999999998,0.0,0.0,0.0,0.1575509269855802,-0.0299999999999869,-0.7999999999999998,-84.74999999999997,0.0,0.0,0.0,0.0,0.0,0.0,0.098808270389868,-0.200000000000017,0.7000000000000002,22.8
19.71900000050664,0.0,0.0,0.001,0.0,0.0,0.0,0.1575509269855802,-0.0299999999999869,-0.7999999999999998,-84.74999999999997,0.0,0.0,0.0,0.0,0.0,0.0,0.0988235294117647,-0.200000000000017,0.7000000000000002,22.8
19.75,0.0,0.0,0.0,0.0,0.0,0.0,0.1575509269855802,-0.0299999999999869,-0.7999999999999998,-84.74999999999997,0.0,0.0,0.0,0.0,0.0,0.0,0.0988387884336614,-0.200000000000017,0.7000000000000002,22.8
19.76600000075996,0.0,0.0,0.0067999999999998,0.0,0.0,0.0,0.1575509269855802,-0.0299999999999869,-0.7999999999999998,-84.64999999999998,0.0,0.0,0.0,0.0,0.0,0.0,0.098854047455558,-0.200000000000017,0.8,22.8
19.78199999965728,0.0,0.0,0.0,0.0,0.0,0.0,0.1575204089417868,-0.0299999999999869,-0.7999999999999998,-84.64999999999998,0.0,0.0,0.0,0.0,0.0,0.0,0.098854047455558,-0.200000000000017,0.8,22.8
19.79700000025332,0.0,0.0,0.0,0.0,0.0,0.0,0.1575204089417868,-0.0299999999999869,-0.7999999999999998,-84.64999999999998,0.0,0.0,0.0,0.0,0.0,0.0,0.098854047455558,-0.200000000000017,0.8,22.8
19.81299999915064,0.0,0.0,0.0,0.0,0.0,0.0,0.1575204089417868,-0.0299999999999869,-0.7999999999999998,-84.64999999999998,0.0,0.0,0.0,0.0,0.0,0.0,0.0988235294117647,-0.200000000000017,0.8,22.8
19.8289999999106,0.0,0.0,0.0,0.0,0.0,0.0,0.1575051499198901,-0.0299999999999869,-0.7999999999999998,-84.64999999999998,0.0,0.0,0.0,0.0,0.0,0.0,0.0988235294117647,-0.200000000000017,0.8,22.8
19.84400000050664,0.0,0.0,0.0,0.0,0.0,0.0,0.1575051499198901,-0.0299999999999869,-0.7999999999999998,-84.74999999999997,0.0,0.0,0.0,0.0,0.0,0.0,0.0988235294117647,-0.200000000000017,0.8,22.8
19.85999999940396,0.0,0.0,0.0002,0.0,0.0,0.0,0.1575051499198901,-0.0299999999999869,-0.7999999999999998,-84.74999999999997,0.0,0.0,0.0,0.0,0.0,0.0,0.0988235294117647,-0.200000000000017,0.8,22.8
19.89100000075996,0.0,0.0,0.0,0.0,0.0,0.0,0.1575051499198901,-0.0299999999999869,-0.7999999999999998,-84.74999999999997,0.0,0.0,0.0,0.0,0.0,0.0,0.0988235294117647,-0.200000000000017,0.8,22.8
19.89100000075996,0.0,0.0,0.0,0.0,0.0,0.0,0.1575204089417868,-0.0299999999999869,-0.7999999999999998,-84.74999999999997,0.0,0.0,0.0,0.0,0.0,0.0,0.098808270389868,-0.200000000000017,0.8,22.8
19.90699999965728,0.0,0.0,0.0,0.0,0.0,0.0,0.1575204089417868,-0.0299999999999869,-0.7999999999999998,-84.74999999999997,0.0,0.0,0.0,0.0,0.0,0.0,0.0988235294117647,-0.200000000000017,0.8,22.8
19.93799999915064,0.0,0.0,0.0,0.0,0.0,0.0,0.1575204089417868,-0.0299999999999869,-0.7999999999999998,-84.74999999999997,0.0,0.0,0.0,0.0,0.0,0.0,0.098854047455558,-0.200000000000017,0.8,22.8
19.9539999999106,0.0,0.0,0.0,0.0,0.0,0.0,0.1575204089417868,-0.0299999999999869,-0.7999999999999998,-84.74999999999997,0.0,0.0,0.0,0.0,0.0,0.0,0.098854047455558,-0.200000000000017,0.8,22.8
19.96900000050664,0.0,0.0,0.0,0.0,0.0,0.0,0.1575661860074769,-0.0299999999999869,-0.7999999999999998,-84.64999999999998,0.0,0.0,0.0,0.0,0.0,0.0,0.0988693064774547,-0.200000000000017,0.8,22.8
19.98499999940396,0.0,0.0,0.0,0.0,0.0,0.0,0.1575661860074769,-0.0299999999999869,-0.7999999999999998,-84.64999999999998,0.0,0.0,0.0,0.0,0.0,0.0,0.0988693064774547,-0.200000000000017,0.8,22.8
20.0,0.0,0.0,0.0,0.0,0.0,0.0,0.1575661860074769,-0.0299999999999869,-0.7999999999999998,-84.64999999999998,0.0,0.0,0.0,0.0,0.0,0.0,0.0988693064774547,-0.200000000000017,0.8,22.8
20.01600000075996,0.0,0.0,0.0,0.0,0.0,0.0,0.1575661860074769,-0.0299999999999869,-0.7999999999999998,-84.64999999999998,0.0,0.0,0.0,0.0,0.0,0.0,0.0988845654993514,-0.200000000000017,0.8,22.8
20.03199999965728,0.0,0.0,0.0,0.0,0.0,0.0,0.1575661860074769,-0.0299999999999869,-0.7999999999999998,-84.64999999999998,0.0,0.0,0.0,0.0,0.0,0.0,0.0989150835431448,-0.200000000000017,0.8,22.8
20.04700000025332,0.0,0.0,0.0,0.0,0.0,0.0,0.1575509269855802,-0.0299999999999869,-0.7999999999999998,-84.64999999999998,0.0,0.0,0.0,0.0,0.0,0.0,0.0989150835431448,-0.200000000000017,0.8,22.8
20.06299999915064,0.0,0.0,0.0,0.0,0.0,0.0,0.1575509269855802,-0.0299999999999869,-0.7999999999999998,-84.64999999999998,0.0,0.0,0.0,0.0,0.0,0.0,0.0988693064774547,-0.200000000000017,0.8,22.8
20.0789999999106,0.0,0.0,0.0,0.0,0.0,0.0,0.1575509269855802,-0.0299999999999869,-0.7999999999999998,-84.64999999999998,0.0,0.0,0.0,0.0,0.0,0.0,0.0989150835431448,-0.200000000000017,0.8,22.8
20.09400000050664,0.0,0.0,0.0,0.0,0.0,0.0,0.1575661860074769,-0.0299999999999869,-0.7999999999999998,-84.64999999999998,0.0,0.0,0.0,0.0,0.0,0.0,0.0988693064774547,-0.200000000000017,0.8,22.8
20.10999999940396,0.0,0.0,0.0,0.0,0.0,0.0,0.1575509269855802,-0.0299999999999869,-0.7999999999999998,-84.74999999999997,0.0,0.0,0.0,0.0,0.0,0.0,0.0988693064774547,-0.200000000000017,0.8,22.8
20.14100000075996,0.0,0.0,0.0,0.0,0.0,0.0,0.1575661860074769,-0.0299999999999869,-0.7999999999999998,-84.74999999999997,0.0,0.0,0.0,0.0,0.0,0.0,0.098854047455558,-0.200000000000017,0.8,22.8
20.15699999965728,0.0,0.0,0.0,0.0,0.0,0.0,0.1575509269855802,0.0700000000000073,-0.7999999999999998,-84.74999999999997,0.0,0.0,0.0,0.0,0.0,0.0,0.0988235294117647,-0.200000000000017,0.8,22.8
20.17200000025332,0.0,0.0,0.0,0.0,0.0,0.0,0.1575509269855802,0.0700000000000073,-0.7999999999999998,-84.74999999999997,0.0,0.0,0.0,0.0,0.0,0.0,0.0988235294117647,-0.200000000000017,0.8,22.8
20.18799999915064,0.0,0.0,0.0,0.0,0.0,0.0,0.1575356679636835,0.0700000000000073,-0.7999999999999998,-84.74999999999997,0.0,0.0,0.0,0.0,0.0,0.0,0.0988235294117647,-0.200000000000017,0.8,22.8
20.2039999999106,0.0,0.0,0.0,0.0,0.0,0.0,0.1575356679636835,0.0700000000000073,-0.7999999999999998,-84.74999999999997,0.0,0.0,0.0,0.0,0.0,0.0,0.0988235294117647,-0.200000000000017,0.8,22.8
20.21900000050664,0.0,0.0,0.0,0.0,0.0,0.0,0.1575051499198901,0.0700000000000073,-0.7999999999999998,-84.74999999999997,0.0,0.0,0.0,0.0,0.0,0.0,0.0988235294117647,-0.200000000000017,0.8,22.8
20.23499999940396,0.0,0.0,0.0,0.0,0.0,0.0,0.1574746318760967,0.0700000000000073,-0.7999999999999998,-84.74999999999997,0.0,0.0,0.0,0.0,0.0,0.0,0.0989150835431448,-0.200000000000017,0.8,22.8
20.25,0.0,0.0,0.0,0.0,0.0,0.0,0.1574288548104066,0.0700000000000073,-0.7999999999999998,-84.74999999999997,0.0,0.0,0.0,0.0,0.0,0.0,0.0989456015869382,-0.200000000000017,0.8,22.8
20.26600000075996,0.0,0.0,0.0,0.0,0.0,0.0,0.1574288548104066,0.0700000000000073,-0.7999999999999998,-84.74999999999997,0.0,0.0,0.0,0.0,0.0,0.0,0.0989761196307316,-0.200000000000017,0.8,22.8
20.28199999965728,0.0,0.0,0.0,0.0,0.0,0.0,0.1574288548104066,0.0700000000000073,-0.7999999999999998,-84.74999999999997,0.0,0.0,0.0,0.0,0.0,0.0,0.0989761196307316,-0.200000000000017,0.8,22.8
20.29700000025332,0.0,0.0,0.0,0.0,0.0,0.0,0.1573983367666132,0.0700000000000073,-0.7999999999999998,-84.74999999999997,0.0,0.0,0.0,0.0,0.0,0.0,0.099006637674525,-0.200000000000017,0.8,22.8
20.3289999999106,0.0,0.0,0.0,0.0,0.0,0.0,0.1573830777447165,0.0700000000000073,-0.7999999999999998,-84.74999999999997,0.0,0.0,0.0,0.0,0.0,0.0,0.0990218966964217,-0.200000000000017,0.8,22.8
20.34400000050664,0.0,0.0,0.0,0.0,0.0,0.0,0.1573373006790265,0.0700000000000073,-0.7999999999999998,-84.74999999999997,0.0,0.0,0.0,0.0,0.0,0.0,0.0990218966964217,-0.200000000000017,0.8,22.8
20.35999999940396,0.0,0.0,0.0,0.0,0.0,0.0,0.1573373006790265,0.0700000000000073,-0.7999999999999998,-84.74999999999997,0.0,0.0,0.0,0.0,0.0,0.0,0.0990218966964217,-0.200000000000017,0.8,22.8
20.375,0.0,0.0,0.0,0.0,0.0,0.0,0.1573373006790265,0.0700000000000073,-0.7999999999999998,-84.74999999999997,0.0,0.0,0.0,0.0,0.0,0.0,0.0990218966964217,-0.200000000000017,0.8,22.8
20.39100000075996,0.0,0.0,0.0,0.0,0.0,0.0,0.1573373006790265,0.0700000000000073,-0.7999999999999998,-84.74999999999997,0.0,0.0,0.0,0.0,0.0,0.0,0.0989913786526283,-0.200000000000017,0.8,22.8
20.40699999965728,0.0,0.0,0.0,0.0,0.0,0.0,0.1573373006790265,0.0700000000000073,-0.7999999999999998,-84.74999999999997,0.0,0.0,0.0,0.0,0.0,0.0,0.0989913786526283,-0.200000000000017,0.8,22.8
20.42200000025332,0.0,0.0,0.0,0.0,0.0,0.0,0.1573373006790265,0.0700000000000073,-0.7999999999999998,-84.74999999999997,0.0,0.0,0.0,0.0,0.0,0.0,0.0989913786526283,-0.200000000000017,0.8,22.8
20.43799999915064,0.0,0.0,0.0,0.0,0.0,0.0,0.1573373006790265,0.0700000000000073,-0.7999999999999998,-84.74999999999997,0.0,0.0,0.0,0.0,0.0,0.0,0.0989913786526283,-0.200000000000017,0.8,22.8
20.46900000050664,0.0,0.0,0.0,0.0,0.0,0.0,0.1573525597009231,0.0700000000000073,-0.7999999999999998,-84.74999999999997,0.0,0.0,0.0,0.0,0.0,0.0,0.0989913786526283,-0.200000000000017,0.8,22.8
20.48499999940396,0.0,0.0,0.0,0.0,0.0,0.0,0.1573525597009231,0.0700000000000073,-0.7999999999999998,-84.74999999999997,0.0,0.0,0.0,0.0,0.0,0.0,0.0989913786526283,-0.200000000000017,0.8,22.8
20.5,0.0,0.0,0.0,0.0,0.0,0.0,0.1572915236133364,0.0700000000000073,-0.7999999999999998,-84.74999999999997,0.0,0.0,0.0,0.0,0.0,0.0,0.0989913786526283,-0.200000000000017,0.8,22.8
20.5,0.0,0.0,0.0,0.0,0.0,0.0,0.1572762645914397,0.0700000000000073,-0.7999999999999998,-84.64999999999998,0.0,0.0,0.0,0.0,0.0,0.0,0.099006637674525,-0.200000000000017,0.8,22.8
20.51600000075996,0.0,0.0,0.0,0.0,0.0,0.0,0.1572762645914397,0.0700000000000073,-0.7999999999999998,-84.64999999999998,0.0,0.0,0.0,0.0,0.0,0.0,0.0990829327840085,-0.200000000000017,0.8,22.8
20.54700000025332,0.0,0.0,0.0,0.0,0.0,0.0,0.1572762645914397,0.0700000000000073,-0.7999999999999998,-84.64999999999998,0.0,0.0,0.0,0.0,0.0,0.0,0.0992050049591821,-0.200000000000017,0.8,22.8
20.56299999915064,0.0,0.0,0.0,0.0,0.0,0.0,0.157261005569543,0.0700000000000073,-0.7999999999999998,-84.64999999999998,0.0,0.0,0.0,0.0,0.0,0.0,0.0992050049591821,-0.200000000000017,0.8,22.8
20.5789999999106,0.0,0.0,0.0,0.0,0.0,0.0,0.1572152285038529,0.0700000000000073,-0.7999999999999998,-84.64999999999998,0.0,0.0,0.0,0.0,0.0,0.0,0.0992050049591821,-0.200000000000017,0.8,22.8
20.60999999940396,0.0,0.0,0.0,0.0,0.0,0.0,0.1572152285038529,0.0700000000000073,-0.7999999999999998,-84.64999999999998,0.0,0.0,0.0,0.0,0.0,0.0,0.0992050049591821,-0.200000000000017,0.8,22.8
20.60999999940396,0.0,0.0,0.0,0.0,0.0,0.0,0.1572152285038529,0.0700000000000073,-0.7999999999999998,-84.74999999999997,0.0,0.0,0.0,0.0,0.0,0.0,0.0992050049591821,-0.200000000000017,0.8,22.8
20.625,0.0,0.0,0.0,0.0,0.0,0.0,0.1571999694819562,0.0700000000000073,-0.7999999999999998,-84.74999999999997,0.0,0.0,0.0,0.0,0.0,0.0,0.0992355230029755,-0.200000000000017,0.8,22.8
20.64100000075996,0.0,0.0,0.0,0.0,0.0,0.0,0.1571999694819562,0.0700000000000073,-0.7999999999999998,-84.74999999999997,0.0,0.0,0.0,0.0,0.0,0.0,0.0992355230029755,-0.200000000000017,0.8,22.8
20.67200000025332,0.0,0.0,0.0,0.0,0.0,0.0,0.1571847104600595,0.0700000000000073,-0.7999999999999998,-84.74999999999997,0.0,0.0,0.0,0.0,0.0,0.0,0.0992355230029755,-0.200000000000017,0.8,22.8
20.68799999915064,0.0,0.0,0.0,0.0,0.0,0.0,0.1571999694819562,0.0700000000000073,-0.7999999999999998,-84.74999999999997,0.0,0.0,0.0,0.0,0.0,0.0,0.0992355230029755,-0.200000000000017,0.8,22.8
20.7039999999106,0.0,0.0,0.0,0.0,0.0,0.0,0.1572152285038529,0.0700000000000073,-0.7999999999999998,-84.74999999999997,0.0,0.0,0.0,0.0,0.0,0.0,0.0992660410467689,-0.200000000000017,0.8,22.8
20.7039999999106,0.0,0.0,0.0,0.0,0.0,0.0,0.1572457465476463,0.0700000000000073,-0.7999999999999998,-84.74999999999997,0.0,0.0,0.0,0.0,0.0,0.0,0.0992660410467689,-0.200000000000017,0.8,22.8
20.73499999940396,0.0,0.0,0.0,0.0,0.0,0.0,0.1572304875257496,0.0700000000000073,-0.7999999999999998,-84.74999999999997,0.0,0.0,0.0,0.0,0.0,0.0,0.0992813000686655,-0.200000000000017,0.8,22.8
20.75,0.0,0.0,0.0,0.0,0.0,0.0,0.1572457465476463,0.0700000000000073,-0.7999999999999998,-84.64999999999998,0.0,0.0,0.0,0.0,0.0,0.0,0.0993270771343556,-0.200000000000017,0.8,22.8
20.76600000075996,0.0,0.0,0.0,0.0,0.0,0.0,0.1572457465476463,0.0700000000000073,-0.7999999999999998,-84.64999999999998,0.0,0.0,0.0,0.0,0.0,0.0,0.0992813000686655,-0.200000000000017,0.8,22.8
20.78199999965728,0.0,0.0,0.0,0.0,0.0,0.0,0.1573067826352331,0.0700000000000073,-0.7999999999999998,-84.64999999999998,0.0,0.0,0.0,0.0,0.0,0.0,0.0993270771343556,-0.200000000000017,0.8,22.8
20.79700000025332,0.0,0.0,0.0,0.0,0.0,0.0,0.1573067826352331,0.0700000000000073,-0.7999999999999998,-84.64999999999998,0.0,0.0,0.0,0.0,0.0,0.0,0.0993270771343556,-0.200000000000017,0.8,22.8
20.81299999915064,0.0,0.0,0.0,0.0,0.0,0.0,0.1572304875257496,0.0700000000000073,-0.7999999999999998,-84.64999999999998,0.0,0.0,0.0,0.0,0.0,0.0,0.099357595178149,-0.200000000000017,0.8,22.8
