time_s,L_fx1,L_fy1,L_fz1,L_fx2,L_fy2,L_fz2,L_proximity,L_roll,L_pitch,L_yaw,R_fx1,R_fy1,R_fz1,R_fx2,R_fy2,R_fz2,R_proximity,R_roll,R_pitch,R_yaw
0.0,0.0,0.0,0.0,0.0,0.0,-0.0,0.0,-0.037832544629594,0.0001359726966616,0.0178604206036445,0.0,0.0,0.0,0.0,-0.0,0.0,3.283960678005197e-06,-0.0127352033393461,-0.0051525700473708,0.0490788796801563
0.0177257416978867,0.0,0.0,0.0,-0.0,0.0,-0.0,0.0,-0.0312077328049593,0.0001825587165623,0.0181774987912597,0.0,0.0,0.0,0.0,-0.0,-0.0,9.874845977573778e-06,-0.0164863331989409,-0.0051533422795031,0.0388913878380153
0.0354514833957735,0.0,0.0,0.0,-0.0,-0.0,-0.0,0.0,-0.0224136700529919,-0.0002909970985764,0.0179155284215367,0.0,0.0,0.0,0.0,-0.0,-0.0,1.4181227412646267e-05,-0.01484919786127,-0.0051550753907857,0.0334150137521624
0.0531772250936603,0.0,0.0,0.0,-0.0,-0.0,-0.0,0.0,-0.0098085855786195,0.0006370471928076,0.017310482313599,0.0,0.0,0.0,0.0,-0.0,-0.0,1.7549427466568125e-05,-0.0048048512963059,-0.0051568298353956,0.039139880265793
0.0709029667915471,0.0,0.0,0.0,-0.0,-0.0,-0.0,0.0,0.0057539426096796,-0.0034054864361601,0.0156957203632872,0.0,0.0,0.0,0.0,-0.0,-0.0,2.793491075580146e-05,0.0082712157287088,-0.0051576349395482,0.0377157961847964
0.0886287084894339,0.0,0.0,0.0,-0.0,-0.0,-0.0,0.0,0.0215577632603613,-0.0061653317378855,0.0147417442663594,0.0,0.0,0.0,0.0,-0.0,-0.0,4.7755943839753735e-05,0.0238383344192137,-0.0051577973665828,0.029194716913311
0.1063544501873207,0.0,0.0,0.0,-0.0,-0.0,-0.0,0.0,0.0319973131018912,-0.0077800941154164,0.0189014914182972,0.0,0.0,0.0,0.0,-0.0,-0.0,7.194675169239738e-05,0.0371468618651524,-0.0051535947898975,0.0220603185243872
0.1240801918852075,0.0,0.0,0.0,-0.0,-0.0,-0.0,0.0001157653891898,0.0422726738080892,-0.0050719780835029,0.0272488650952974,0.0,0.0,0.0,0.0,-0.0,-0.0,0.0001041778919769,0.0575664083590542,-0.0051537647773375,0.0190487592148825
0.1418059335830943,0.0,0.0,0.0,-0.0,-0.0,0.0,0.0003296937620094,0.0562796224642486,-0.000113253868772,0.031326677933674,0.0,0.0,0.0,0.0,-0.0,-0.0,0.0002627242851665,0.0751646161592592,-0.0051557991624417,0.0181787685775358
0.1595316752809811,0.0,0.0,0.0,-0.0,-0.0,0.0,0.0005182501314749,0.0737529831701147,0.0052840693024232,0.0342513161619986,0.0,0.0,0.0,0.0,-0.0,-0.0,0.0004500763178471,0.0986528491180123,-0.0051540386457442,0.0171468066481794
0.1772574169788679,0.0,0.0,0.0,0.0,-0.0,-0.0,0.0009233781264722,0.0935529300187341,0.0061394328543643,0.0340774823203312,0.0,0.0,0.0,0.0,-0.0,-0.0,0.0007790667849561,0.1188483438910724,-0.00515313216585,0.0189333993437327
0.1949831586767547,0.0,0.0,0.0,0.0,-0.0,0.0,0.0013439033941047,0.1138093353845345,0.0073279430869027,0.0351482213802343,0.0,0.0,0.0,0.0,-0.0,-0.0,0.0011409399492853,0.1422449967492751,-0.0043945135401366,0.0191501703164701
0.2127089003746415,0.0,0.0,0.0,0.0,-0.0,-0.0,0.0022095044950704,0.132072254604179,0.0088974960897532,0.0421054913394595,0.0,0.0,0.0,0.0,-0.0,-0.0,0.0017406529468246,0.1768382344377166,0.0014696624832016,0.0175876594585123
0.2304346420725283,0.0,0.0,0.0,0.0,-0.0,0.0,0.0030972122473635,0.145966461452578,0.0104831390134102,0.0462186868027965,0.0,0.0,0.0,0.0,-0.0,0.0,0.002482263890335,0.2020043465673235,0.0060714102140812,0.0188075108004113
0.2481603837704151,0.0,0.0,0.0,0.0,-0.0,0.0,0.0039581982510788,0.1462748171879927,0.0075721968878265,0.046593760484323,0.0,0.0,0.0,0.0,0.0,0.0,0.0033807348766362,0.2060832154031446,0.0069694762808462,0.0163076333744598
0.2658861254683019,0.0,0.0,0.0,0.0,0.0,0.0,0.0049656658477423,0.1482671318631893,0.0026706170645718,0.0476337691459675,0.0,0.0,0.0,0.0,0.0,0.0,0.0045030844715246,0.2119331450645599,0.0088255256721511,0.0149063173023722
0.2836118671661887,0.0,0.0,0.0,0.0,0.0,-0.0,0.0061034192264278,0.1500560323146947,-0.0046099755078055,0.050244104831542,0.0,0.0,0.0,0.0,0.0,-0.0,0.0057312980584671,0.2155687395050761,0.0117017431278961,0.017118397711215
0.3013376088640755,0.0,0.0,0.0,-0.0,0.0,0.0,0.0071183767280954,0.1539962642918651,-0.0069768395382314,0.0418965992972471,0.0,0.0,0.0,0.0,0.0,0.0,0.0069620419658668,0.2217819963980539,0.0137740694096288,0.0177062692865633
0.3190633505619623,0.0,0.0,0.0,0.0,0.0,-0.0,0.0081565685522802,0.1581420501853935,-0.0090581694503561,0.0297021079183874,0.0,0.0,0.0,0.0,0.0,-0.0,0.0082119206126768,0.2276766887423663,0.0151573790387788,0.0166064043481969
0.3367890922598491,0.0,0.0,0.0,0.0,0.0,0.0,0.0091719593986166,0.1689096647837319,-0.0018452537475274,0.0315409697511436,0.0,0.0,0.0,0.0,0.0,-0.0,0.0094800158318064,0.2296176304171463,0.0149067960245728,0.0200094227008561
0.3545148339577359,0.0,0.0,0.0,0.0,0.0,0.0,0.0102070184764143,0.1808852327148408,0.0081940323254073,0.0395317907217637,0.0,0.0,0.0,0.0,0.0,0.0,0.0109162365997302,0.229215399745354,0.0163284170422225,0.0276118961194637
0.3722405756556227,0.0,0.0,0.0,0.0,0.0,0.0,0.0112916832883496,0.1875161903834903,0.0035833393308383,0.0428604633216288,0.0,0.0,0.0,0.0,0.0,0.0,0.0124125671733035,0.2282300355243533,0.016728268893941,0.0264460488551304
0.3899663173535095,0.0,0.0,0.0,0.0,0.0,0.0,0.0124197681690081,0.1897292205763127,-0.0022853927262011,0.0486262203840178,0.0,0.0,0.0,0.0,0.0,-0.0,0.013918819670631,0.2276810882282537,0.0158309896469065,0.0256063430132999
0.4076920590513963,0.0,0.0,0.0,0.0,0.0,-0.0,0.0134835793655604,0.1820355768336687,-0.0203025589922668,0.0441824083518823,0.0,0.0,0.0,0.0,0.0,-0.0,0.0157920019840156,0.2299989703191949,0.0154116294860922,0.0318650675950004
0.4254178007492831,0.0,0.0,0.0,-0.0,0.0,0.0,0.0144638289125304,0.1746561891586053,-0.0300054893130127,0.0416432906197745,0.0,0.0,0.0,0.0,-0.0,-0.0,0.0176035152749672,0.2306622217590966,0.0150095972392937,0.0365752336685843
0.4431435424471699,0.0,0.0,0.0,-0.0,0.0,0.0,0.0154363798246208,0.1690969051590783,-0.0262484660819486,0.0419058133908114,0.0,0.0,0.0,0.0,-0.0,-0.0,0.0195395617862842,0.2331766139269504,0.016421479698225,0.0261554786681611
0.4608692841450567,0.0,0.0,0.0,-0.0,0.0,0.0,0.0164051003928584,0.1673025555307974,-0.0241164931582389,0.0440681685155931,0.0,0.0,0.0,0.0,-0.0,0.0,0.0216559095521712,0.2416129110774783,0.0165473353474113,0.0224475988108995
0.4785950258429435,0.0,0.0,0.0,-0.0,0.0,0.0,0.0172578370205399,0.1678084631404384,-0.0205560018470183,0.0501333513344868,0.0,0.0,0.0,0.0,-0.0,-0.0,0.0241625714249805,0.2613707430246716,0.0139083102396993,0.0283814897540543
0.4963207675408303,0.0,0.0,0.0,-0.0,0.0,0.0,0.0181877960675203,0.1681669445614802,-0.0191591719479039,0.0470965651468599,0.0,0.0,0.0,0.0,-0.0,-0.0,0.0264765458800943,0.2670135462457987,0.0140823410634412,0.028764586135456
0.5140465092387171,0.0,0.0,0.0,-0.0,0.0,-0.0,0.0192660132319226,0.1691046075011982,-0.0146682354155552,0.0347178275483056,0.0,0.0,0.0,0.0,-0.0,-0.0,0.0286576744142814,0.2615976728632455,0.0131010451612829,0.0268375368744402
0.5317722509366039,0.0,0.0,0.0,-0.0,0.0,-0.0,0.0206606007242293,0.1701860732443132,-0.0210860700610797,0.0336211922135055,0.0,0.0,0.0,0.0,-0.0,-0.0,0.0311484779350644,0.2639265099844021,0.011737019786855,0.0270359373374418
0.5494979926344907,0.0,0.0,0.0,-0.0,0.0,0.0,0.0220286540387421,0.1709519620217205,-0.0311169207399667,0.0363890031366378,0.0,0.0,0.0,0.0,-0.0,-0.0,0.0336485385189773,0.2669615193725697,0.0122165870542947,0.0264295445756794
0.5672237343323775,0.0,0.0,0.0,-0.0,0.0,0.0,0.0234132204073089,0.1717838389924662,-0.0306259416673661,0.0403834015230654,0.0,0.0,0.0,0.0,-0.0,-0.0,0.0357717507102504,0.2650207590424255,0.0131599739611668,0.0282521178906861
0.5849494760302643,0.0,0.0,0.0,0.0,0.0,-0.0,0.0249403148792548,0.1737877137166182,-0.0303861602450707,0.0439604936641361,0.0,0.0,0.0,0.0,-0.0,-0.0,0.0378874386150353,0.2658331814256929,0.0124425491896886,0.0279853429616537
0.6026752177281511,0.0,0.0,0.0,0.0,0.0,-0.0,0.0270473300284095,0.1877380321204183,-0.0248552634166656,0.0343936792620926,0.0,0.0,0.0,0.0,-0.0,-0.0,0.0402255743707747,0.2763857562516222,0.0110880422252646,0.0300899827214031
0.6204009594260379,0.0,0.0,0.0,0.0,0.0,-0.0,0.029241943869703,0.1964507675989173,-0.0230457804453955,0.0276442196133111,0.0,0.0,0.0,0.0,-0.0,-0.0,0.0426464522202768,0.2861168415463809,0.0104503527885295,0.0319483358668711
0.6381267011239247,0.0,0.0,0.0,0.0,0.0,-0.0,0.0316488818403333,0.1961576836223043,-0.0340120004730375,0.0222742732401799,0.0,0.0,0.0,0.0,-0.0,-0.0,0.0448842617474843,0.2925793652803739,0.0117795303206389,0.0299684631216369
0.6558524428218114,0.0,0.0,0.0,0.0,0.0,-0.0,0.0340214881887645,0.1934549506548794,-0.0395764450963878,0.0201367949018292,0.0,0.0,0.0,0.0,-0.0,-0.0,0.0478977818695446,0.2938277850674622,0.0136057302256066,0.0283172073983823
0.6735781845196983,0.0,0.0,0.0,0.0,0.0,-0.0,0.0365497201396958,0.1851515329886288,-0.037451253008071,0.030482718050905,0.0,0.0,0.0,0.0,-0.0,-0.0,0.0508387256324267,0.2898129466315344,0.0151599509735405,0.0242034983583478
0.6913039262175851,0.0,0.0,0.0,0.0,-0.0,-0.0,0.0389645405531049,0.1781858134766497,-0.0344146498531489,0.0354853341433695,0.0,0.0,0.0,0.0,-0.0,-0.0,0.0541197953689782,0.289240858026865,0.0149146202255055,0.027123266608645
0.7090296679154718,0.0,0.0,0.0,0.0,-0.0,-0.0,0.0417579952441212,0.1766518205255571,-0.0325860558421743,0.0313619916508142,0.0,0.0,0.0,0.0,-0.0,-0.0,0.0580124004848862,0.2898903925918423,0.0142673661657375,0.0292159658009586
0.7267554096133587,0.0,0.0,0.0,0.0,-0.0,-0.0,0.0447396632300455,0.1786833276154992,-0.0429605605787537,0.0308753040882885,0.0,0.0,0.0,0.0,-0.0,-0.0,0.0619914645896632,0.2901386990082462,0.0100693554539046,0.0244231161989308
0.7444811513112455,0.0,0.0,0.0,0.0,-0.0,-0.0,0.0473676985066309,0.1790809345960237,-0.058541360266707,0.0289138994059245,0.0,0.0,0.0,0.0,-0.0,-0.0,0.06623645976594,0.2898980680024992,0.0040923317356434,0.0179158830815198
0.7622068930091322,0.0,0.0,0.0,0.0,-0.0,-0.0,0.0507447480552958,0.1753393390366294,-0.0605208495863407,0.0231232137837821,0.0,0.0,0.0,0.0,-0.0,-0.0,0.0699249782314337,0.287179391116095,8.984545416119348e-05,0.0102078591221669
0.779932634707019,0.0,0.0,0.0,0.0,-0.0,-0.0,0.0539289052500307,0.1688749667869312,-0.0604415701258265,0.0166232629431568,0.0,0.0,0.0,0.0,-0.0,-0.0,0.0739496469584555,0.2813414020055684,-0.0051474306853114,0.0037676933751197
0.7976583764049059,0.0,0.0,0.0,0.0,-0.0,-0.0,0.0570310049686464,0.1398740674243022,-0.0601278728097212,0.0154926698945875,0.0,0.0,0.0,0.0,0.0,-0.0,0.0790351805755784,0.2711627951662886,-0.0051548901839998,-0.002387339224759
0.8153841181027927,0.0,0.0,0.0,-0.0,-0.0,-0.0,0.0603501373786367,0.1156566512353325,-0.0566931315601522,0.0197023398153485,0.0,0.0,0.0,0.0,0.0,-0.0,0.0833798310577306,0.2604610831471879,-0.0051593075766395,-0.0078982517279233
0.8331098598006794,0.0,0.0,0.0,-0.0,-0.0,-0.0,0.0639296533407564,0.0887934174908924,-0.0475485206474035,0.0234589739374575,0.0,0.0,0.0,0.0,0.0,-0.0,0.0875057070314401,0.2285754543306041,-0.0051636148917721,-0.0045727146977478
0.8508356014985663,0.0,0.0,0.0,0.0,-0.0,0.0,0.0681298822627001,0.0698396970735388,-0.0392983171382162,0.0246356137399191,0.0,0.0,0.0,0.0,0.0,-0.0,0.0917053017952813,0.2067925389635468,-0.0051594016171758,-0.0009983590699621
0.8685613431964531,0.0,0.0,0.0,0.0,-0.0,-0.0,0.0730232872005796,0.0580241119057532,-0.0357512806799406,0.0163184623201274,0.0,0.0,0.0,0.0,0.0,-0.0,0.0957260116420579,0.2035388710271418,-0.0051573675749097,0.0025389982450748
0.8862870848943398,0.0,0.0,0.0,-0.0,-0.0,-0.0,0.0779044585882148,0.0468662434972523,-0.0326356256556246,0.0181073674073521,0.0,0.0,0.0,0.0,0.0,0.0,0.0997183804130779,0.2014984775153821,-0.0051549763381491,-0.0003034127639669
0.9040128265922266,0.0,0.0,0.0,0.0,-0.0,-0.0,0.0834821469281218,0.0380476343803157,-0.0308033287292681,0.0268629364545516,0.0,0.0,0.0,0.0,0.0,-0.0,0.1038183267915249,0.1987387201914168,-0.005152361600293,-0.0136651230943843
0.9217385682901136,0.0,0.0,0.0,0.0,-0.0,-0.0,0.0879774066051898,0.0232138385715709,-0.0294238075817999,0.033348893929197,0.0,0.0,0.0,0.0,0.0,0.0,0.1072235893902997,0.2006614807092923,-0.0051519020450843,-0.0196741233714465
0.9394643099880002,0.0,0.0,0.0,-0.0,-0.0,-0.0,0.0922200069635299,0.0127859180486281,-0.0294159931572945,0.0383435903454386,0.0,0.0,0.0,0.0,0.0,0.0,0.1106416149995075,0.2070765365240617,-0.0051459199094191,-0.0330402288438486
0.957190051685887,0.0,0.0,0.0,0.0,0.0,-0.0,0.0979949874458493,0.0049458199855779,-0.0295059412866186,0.0434750377957503,0.0,0.0,0.0,0.0,0.0,0.0,0.11594572901396,0.2176065404886251,-0.0051479604443637,-0.0323140806286523
0.9749157933837738,0.0,0.0,0.0,0.0,0.0,-0.0,0.1045272470588146,-0.0081851730324641,-0.0315266857434289,0.0388463934966601,0.0,0.0,0.0,0.0,0.0,0.0,0.1214629762726615,0.2293017881776658,-0.0051459169632128,-0.0332393613323675
0.9926415350816606,0.0,0.0,0.0,0.0,0.0,-0.0,0.1111500180024507,0.0094756375436768,-0.0322128614459044,0.0460201501655929,0.0,0.0,0.0,0.0,0.0,0.0,0.1277835153328436,0.2702703081685413,-0.0051458940519391,-0.0370464628435498
1.0103672767795475,0.0,0.0,0.0,-0.0,0.0,-0.0,0.1180005068387567,0.0282509946974582,-0.033650026159507,0.0533222560110859,0.0,0.0,0.0,0.0,0.0,0.0,0.1347717055520167,0.3158698086587045,-0.0046418129603905,-0.0415331327993446
1.0280930184774342,0.0,0.0,0.0,0.0,0.0,-0.0,0.1228493658388085,0.064281153549582,-0.0314419873037634,0.0556501088162866,0.0,0.0,0.0,0.0,0.0,0.0,0.1432093324205826,0.4138786894431743,-8.678153456622155e-05,-0.0424420258950535
1.045818760175321,0.0,0.0,0.0,0.0,0.0,-0.0,0.1292161012766166,0.1097957426727383,-0.0352198308610054,0.0546137395877662,0.0,0.0,0.0,0.0,0.0,0.0,0.1519133431695426,0.5223618671930631,0.004864961629361,-0.0401586449457835
1.0635445018732077,0.0,0.0,0.0,0.0,0.0,-0.0,0.1363379865712437,0.1899016731342015,-0.0511708521875413,0.0510174774328658,0.0,0.0,0.0,0.0,0.0,0.0,0.1577033784148443,0.6352885085867096,0.0118281417865165,-0.0321672865742811
1.0812702435710946,0.0,0.0,0.0,0.0,0.0,-0.0,0.1433616428779491,0.2818754632438505,-0.0635159386353244,0.0516164862861552,0.0,0.0,0.0,0.0,-0.0,-0.0,0.1653157835191848,0.7713515050628489,0.0146623111960545,-0.0351498303008304
1.0989959852689817,0.0,0.0,0.0,0.0,0.0,-0.0,0.1518349081671681,0.3822524049995612,-0.0704986810629126,0.0609643366112094,0.0,0.0,0.0,0.0,-0.0,-0.0,0.1744041269267128,0.9277758815886746,0.0146357784870608,-0.0312577336491157
1.116721726966868,0.0,0.0,0.0,0.0,0.0,-0.0,0.1593615467402319,0.4751318983780493,-0.0872812487016434,0.0591172952314206,0.0,0.0,0.0,0.0,-0.0,-0.0,0.1837034143222664,1.0671045911732568,0.0200330068208527,-0.0301556324798071
1.134447468664755,0.0,0.0,0.0,0.0,0.0,-0.0,0.1655366536446049,0.5776262636685592,-0.1029871643729697,0.0567510511949355,0.0,0.0,0.0,0.0,-0.0,-0.0,0.1942722857585455,1.1997843824113936,0.0241440224190063,-0.0293157672416047
1.152173210362642,0.0,0.0,0.0,5.106554214557873e-07,-1.839017732206232e-06,0.0,0.1737675146072371,0.7251026966063316,-0.1110832030550338,0.0606120817786898,0.0,0.0,0.0,0.0,0.0,0.0,0.2038691839743357,1.3613857042151412,0.0295910118652636,-0.0240266968670858
1.1698989520605283,0.0,0.0,0.0,3.32172747132247e-06,-1.3012103179724064e-05,0.0,0.1820106678539006,0.8958902528314711,-0.1196074263030649,0.0574219792278827,0.0,0.0,0.0,0.0,0.0,0.0,0.2113997558359592,1.5365026779613573,0.0355469651934357,-0.0191345123509987
1.1876246937584154,0.0,0.0,0.0,2.230365617593253e-06,-0.0004582409455201,4.885556106797296e-05,0.1927514547554578,1.0585201971991078,-0.1392490437327666,0.0529648699623616,0.0,0.0,0.0,0.0,0.0,0.0,0.2218780546960864,1.7309465760350276,0.0443160603413288,-0.0163226961161166
1.2053504354563025,0.0,0.0,0.0,8.624076905063953e-07,-0.001493652007518,0.000467109411268,0.2010476727345631,1.2184559348790456,-0.1569587515975341,0.0508718847569645,0.0,0.0,0.0,0.0,0.0,0.0,0.2323304465435009,1.9088097866574167,0.0504829306939684,-0.0172674097879465
1.223076177154189,0.0,0.0,0.0,0.0,-0.0035154823586774,0.0013622891193812,0.213609482103442,1.3963089042626835,-0.1805220586016027,0.0597660706918651,0.0,0.0,0.0,0.0,0.0,0.0,0.2417084037939823,2.105147402990936,0.0589956824535248,-0.0308361588762393
1.2408019188520758,0.0,0.0,0.0,0.0,-0.0070682552806526,0.0028793704401984,0.2260058855781151,1.590973027772845,-0.2093589933472156,0.065921529292195,0.0,0.0,0.0,0.0,0.0,0.0002241747330956,0.2513702057022242,2.293581689063399,0.0656044434641675,-0.0332493581683553
1.2585276605499625,0.0,0.0,0.0,4.250575942451876e-06,-0.01,0.0054251610195392,0.2377290208803076,1.7962961248297322,-0.2334497102717898,0.0597142758094516,0.0,0.0,0.0,0.0,0.0,4.002065241387316e-06,0.2628665704316395,2.4975482173950705,0.0648137804010972,-0.0283695298093704
1.2762534022478491,0.0,0.0,0.0,6.8149163745361465e-06,-0.01,0.0067899021836752,0.249775120278115,2.0057459079948026,-0.2559582658197947,0.0548650708484188,0.0,0.0,0.0,0.0,0.0,0.0003797308373536,0.2740555814285746,2.715743164339934,0.0628346149823351,-0.0248417009987967
1.2939791439457362,0.0,0.0,0.0,1.3649781053711817e-05,-0.01,0.0112894484093888,0.2636402905872113,2.200204287343378,-0.2867327046080671,0.050776468993617,0.0,0.0,0.0,0.0,0.0,0.001054005394742,0.2841546207146185,2.936870892800849,0.0633036230112943,-0.0184727999824516
1.3117048856436229,0.0,0.0,0.0,2.162602501877629e-05,-0.01,0.0150021563891168,0.2763633071748105,2.416416277737324,-0.3123593264904619,0.045575046171678,0.0,0.0,0.0,0.0,0.0,0.0,0.2946421759505351,3.1456683128077274,0.0677018464479343,-0.0172377379734931
1.3294306273415095,0.0,0.0,0.0,1.854710912946537e-05,-0.01,0.0208016929941256,0.2894853087613075,2.606192508955794,-0.3270229413070654,0.0454591266285347,0.0,0.0,0.0,0.0,0.0,0.0021392864199116,0.3059823864514599,3.342280398322301,0.0732309050196587,-0.0142278131343836
1.3471563690393966,0.0,0.0,0.0,2.298248762787256e-05,-0.01,0.0202534528028806,0.3014623851508325,2.810309769803143,-0.3543937223394618,0.0508986404296829,0.0,0.0,0.0,0.0,0.0,0.006213220604664,0.3180197222765331,3.5505552769782063,0.0732788940547288,-0.0091431449091132
1.3648821107372833,0.0,0.0,0.0,2.048819273292864e-05,-0.01,0.0194427168613992,0.3164427465345973,3.005540107722549,-0.3912800462900921,0.0590679963856988,0.0,0.0,0.0,0.0,0.0,0.0102485975665354,0.3262277723036068,3.7672548206412295,0.0733229128124355,-0.0085242344422016
1.38260785243517,0.0,0.0,0.0,3.80964591229392e-05,-0.01,0.0202561003409604,0.3290725848263054,3.237585155347917,-0.4129900003421003,0.0665604661150968,0.0,0.0,0.0,0.0,0.0,0.0125085102004764,0.3393243806007258,4.007999453905176,0.0711470867633629,-0.0084164792109025
1.400333594133057,0.0,0.0,0.0,2.8921861040388064e-05,-0.01,0.0210919241896828,0.3423042766393638,3.4794199370516146,-0.428819888105295,0.0745791186734382,0.0,0.0,0.0,0.0,0.0,0.008576401731906,0.3547313518600047,4.264574658138133,0.0719083566206484,-0.0081737685772761
1.4180593358309437,0.0,0.0,0.0,3.799944502275427e-05,-0.01,0.015388672856336,0.3559446056956044,3.742339936533877,-0.459818245752625,0.0783373158240989,0.0,0.0,0.0,0.0,0.0,0.0116117691738448,0.3666360502818773,4.568519213212455,0.0735889835862046,-0.0011672883031076
1.4357850775288306,0.0,0.0,0.0,5.819880871372566e-05,-0.01,0.020096145779984,0.3684183275232219,4.0055156648730765,-0.4885072444392138,0.0805850271696774,0.0,0.0,0.0,0.0,0.0,0.0038465859346408,0.3785386055193474,4.864288159598004,0.0745743249751932,0.0055208070768251
1.4535108192267174,0.0,0.0,0.0,2.522002589523367e-05,-0.01,0.0340642873250494,0.3789126816449716,4.294537783046303,-0.5160134038244835,0.0709423577639487,0.0,0.0,0.0,0.0,0.0,0.0036383899961652,0.3873619457708953,5.177893383512838,0.0754441401533676,0.0222671152984673
1.471236560924604,0.0,0.0,0.0,0.0003105154628446,-0.01,0.0422613990059612,0.3876427894060968,4.565716083978234,-0.5472741691933231,0.0670561476402177,0.0,0.0,0.0,0.0,0.0,0.009336753077807,0.394128593915242,5.503379217518219,0.0761369825646282,0.0340789198290624
1.488962302622491,0.0,0.0,0.0,0.0013456273009117,-0.01,0.047894515097956,0.3958991000138035,4.889852415962628,-0.5923594681647548,0.0716015654028217,0.0,0.0,0.0,0.0,0.0,0.0230336284131152,0.4007672706132329,5.83842146580165,0.0813345463409663,0.0319905325863079
1.5066880443203776,0.0,0.0,0.0,0.0022879263878569,-0.01,0.069191374124094,0.4030693221399038,5.222390441578164,-0.6305618407356308,0.0790366720881342,0.0,0.0,0.0,0.0,0.0,0.0274713333800836,0.4066293566940895,6.159956823327767,0.0834745438283456,0.0277811016114275
1.5244137860182645,0.0,0.0,0.0,0.0022016011619021,-0.01,0.0984500527775596,0.4090141543108921,5.528205409289913,-0.6598037161508776,0.0886288614277858,0.0,0.0,0.0,0.0,0.0,0.0310076040166192,0.4145700141762999,6.4509106743482265,0.0836929776294678,0.0269904489314548
1.5421395277161514,0.0,0.0,0.0,0.0010506620800893,-0.01,0.1112635887287756,0.4152551933954727,5.927518595505018,-0.701783031925217,0.0860542684313912,0.0,0.0,0.0,0.0,0.0,0.0448566027379172,0.4199668553220879,6.861385458040448,0.0855376086839329,0.0307886785330037
1.559865269414038,0.0,0.0,0.0,0.0010630245807734,-0.01,0.1367216038415668,0.4223890109374034,6.383463991097409,-0.7532376126884971,0.0707306748753232,0.0,0.0,0.0,0.0,0.0,0.0526909997752464,0.4227010410759643,7.311755766669448,0.0855747094200453,0.0359264781376653
1.577591011111925,0.0,0.0,0.0,0.001446248275853,-0.01,0.1575412632386508,0.4278144485111024,6.837855933933128,-0.8076102408930544,0.0624859258057968,0.0,0.0,0.0,0.0,0.0,0.0711745221697422,0.4275837096825425,7.662723960638133,0.0890456138389344,0.0373395646682261
1.5953167528098118,0.0,0.0,0.0,0.0008014430652591,-0.01,0.1728389425795296,0.4348255958657047,7.323613252937395,-0.8563005249455358,0.0564580344522307,0.0,0.0,0.0,0.0,0.0,0.0797308470680478,0.4346070496860191,8.05555506332641,0.0946723486081338,0.036615263147117
1.6130424945076984,0.0,0.0,0.0,0.0016387606506253,-0.01,0.1834227332460758,0.4403353515921043,7.792983380328135,-0.9268508569609388,0.04932427140602,0.0,0.0,0.0,0.0,0.0,0.0991806549233356,0.4404744358949652,8.483464417062958,0.0948425731378039,0.0395486929933767
1.6307682362055853,0.0,0.0,0.0,0.001751583376998,-0.01,0.190007912829332,0.4470247975124546,8.255670079983048,-0.9922784677752772,0.0449262574746698,0.0,0.0,0.0,0.0,0.0,0.1171954004187204,0.4451721434175013,8.880381742214064,0.0948457821019897,0.045739158846201
1.6484939779034722,0.0,0.0,0.0,0.0021199831035394,-0.01,0.2079920468256568,0.4527964379835746,8.734068083418167,-1.0428812424500924,0.0519587565070673,0.0,0.0,0.0,0.0,0.0,0.1160571561864568,0.4489265855416754,9.228931439736671,0.0948499040503294,0.0523794831844427
1.6662197196013588,0.0,0.0,0.0,0.0008883477770782,-0.01,0.2166949313873964,0.4591749556126188,9.21470750799069,-1.094036092870591,0.0535961134775932,0.0,0.0,0.0,0.0,0.0,0.1275183475395008,0.4529072498688212,9.643754792301849,0.0948531194024326,0.0584050348700682
1.6839454612992455,0.0,0.0,0.0,0.0018773640888881,-0.01,0.2173463140213148,0.4650589086340084,9.843862031252389,-1.170935913180961,0.0374251708297239,0.0,0.0,0.0,0.0,0.0,0.1444825322712034,0.4572623357965539,10.152888899980605,0.0948499966814391,0.0626345989017664
1.7016712029971326,0.0,0.0,0.0,0.0035082054828352,-0.01,0.2347442697479798,0.4709401560874424,10.41734384504412,-1.24050607399075,0.0163028884627107,0.0,0.0,0.0,0.0,0.0,0.1572630377900656,0.4624772978287677,10.60908969864474,0.0961879631814769,0.0647159505763229
1.7193969446950192,0.0,0.0,0.0,0.0054961253309626,-0.01,0.2346301988466568,0.4760015604491217,10.948691125676788,-1.2998182487608183,-0.0022471007122891,0.0,0.0,0.0,0.0,0.0,0.175316396588104,0.4682628080773287,11.043386580943846,0.0990847983156798,0.061300584048199
1.737122686392906,0.0,0.0,0.0,0.0070203613314423,-0.01,0.2494143621618672,0.4822781643753823,11.491615605747716,-1.3566160495269568,-0.0111183112045167,0.0,0.0,0.0,0.0,0.0,0.1818387676840724,0.4734244517552022,11.567418333019022,0.1030076524579193,0.0619843443169187
1.7548484280907928,0.0,0.0,0.0,0.0071154132438172,-0.01,0.2586984747299488,0.4875983483256356,11.99613067492376,-1.4232268926776652,-0.0134812387652939,0.0,0.0,0.0,0.0,0.0,0.1956486384547684,0.4754156050037582,12.037866804729436,0.1060090204207037,0.0630209418805185
1.7725741697886797,0.0,0.0,0.0,0.0085155061971535,-0.01,0.263793334307165,0.4934731625917125,12.586310422691728,-1.4834509914787888,-0.0174550671643616,0.0,0.0,0.0,0.0,0.0,0.1963712004273792,0.4778724241417265,12.494273691968406,0.1209231687153535,0.0586647733791584
1.7902999114865663,0.0,0.0,0.0,0.0099003254455668,-0.01,0.2806832104587352,0.4988054321288498,13.226777328607549,-1.5546282685301225,-0.0261421009871871,0.0,0.0,0.0,0.0,0.0,0.1987417639579536,0.4819699410251174,13.001597367973536,0.135624503990073,0.047561362485824
1.8080256531844527,0.0,0.0,0.0,0.0136661469329545,-0.01,0.2912585820804922,0.5030829486355912,13.734898317415466,-1.5995791418338163,-0.04268693530979,0.0,0.0,0.0,0.0,0.0,0.2015385272850368,0.4867548963998017,13.5047260410615,0.1541203433836415,0.0481971460459801
1.82575139488234,0.0,0.0,0.0,0.0219998077484047,-0.01,0.3114988838949158,0.5086183321620301,14.325868846489556,-1.6616833754012796,-0.0426319840669945,0.0,0.0,0.0,0.0,0.0,0.2073692986759932,0.4918405139843037,13.940402613166148,0.1730599092129107,0.0521590392231616
1.843477136580227,0.0,0.0,0.0,0.0231891671346352,-0.01,0.3212109532167028,0.5144612378751093,14.829069892101492,-1.7269741529257188,-0.0420281531101371,0.0,0.0,0.0,0.0,0.0,0.2218906354888128,0.4976111602230469,14.48286873079791,0.1763563492820614,0.0576718412779432
1.8612028782781136,0.0,0.0,0.0,0.0222310981370294,-0.01,0.339240507265323,0.5203034131285498,15.411033609935972,-1.7897262254379556,-0.0434287737027821,0.0,0.0,0.0,0.0,0.0,0.2218243913299276,0.5037037040758136,14.966842340848697,0.180372417824269,0.0521794671850537
1.8789286199760005,0.0,0.0,0.0,0.0190544249797834,-0.01,0.3571571639947876,0.524784345790829,15.87088691198674,-1.852399361971548,-0.0667367006519713,0.0,0.0,0.0,0.0,0.0,0.2167112845499156,0.5079480520521317,15.424433261365827,0.1878735091151791,0.0507033704928294
1.896654361673888,0.0,0.0,0.0,0.0168514016907537,-0.01,0.370504976323858,0.5288510383967956,16.355727175630655,-1.9230066802268453,-0.0756976429911701,0.0,0.0,0.0,0.0,0.0,0.229126092669737,0.5149930446695764,15.847787632712445,0.1923973890052303,0.0438930430071608
1.914380103371774,0.0,0.0,0.0,0.0236120967580128,-0.01,0.3844479378771478,0.5319762870715016,16.87944957312463,-1.9806471397170864,-0.0861059746245185,0.0,0.0,0.0,0.0,0.0,0.2526195506300432,0.5218044577450465,16.38268280732627,0.1942051653235633,0.0338065179522795
1.9321058450696609,0.0,0.0,0.0,0.022249005985589,-0.01,0.3969746801102364,0.535417508242552,17.395969311507475,-2.04372347238249,-0.0983667061637777,0.0,0.0,0.0,0.0,0.0,0.2690169067570672,0.5277092831946473,16.888153728241882,0.1948579750192115,0.0246055573953671
1.9498315867675475,0.0,0.0,0.0,0.0247542210915679,-0.01,0.4115829315001624,0.5386017855414167,17.841856748094816,-2.102169190857199,-0.1307458620381332,0.0,0.0,0.0,0.0,0.0,0.2738004647856958,0.5338683211311304,17.382195215470052,0.1948570734144612,0.0302857785961907
1.9675573284654344,0.0,0.0,0.0,0.0217982104987659,-0.01,0.4274535377271164,0.5430997170282893,18.36033999486316,-2.1564213278362296,-0.1422086863719833,0.0,0.0,0.0,0.0,0.0,0.2814433254784604,0.5402971130628399,17.857601717184036,0.194854941947991,0.0382312649546418
1.9852830701633213,0.0,0.0,0.0,0.0252010770014679,-0.01,0.4278209297420376,0.54671686804418,18.7984957966016,-2.203735701827568,-0.1589344658664552,0.0,0.0,0.0,0.0,0.0,0.2996185470777548,0.5468950272698808,18.35026461779013,0.194855362495177,0.0416794273646613
2.003008811861208,0.0,0.0,0.0,0.0255428751634652,-0.01,0.4346123477451158,0.550789087809503,19.30573575913886,-2.2389296617255803,-0.185288851293409,0.0,0.0,0.0,0.0,0.0,0.312985966379199,0.552855006856876,18.772691588983022,0.1948519588669468,0.0474880311674985
2.020734553559095,0.0,0.0,0.0,0.0269408124544946,-0.01,0.4363090625241798,0.5531363363887427,19.66531276986991,-2.2788600989937686,-0.2194978306153819,0.0,0.0,0.0,0.0,0.0,0.3333023591197664,0.5569995723835808,19.23390109969095,0.1948896147184669,0.0598205660081893
2.0384602952569817,0.0,0.0,0.0,0.0316630941351246,-0.01,0.4412707742011152,0.5577720351438185,20.097510299134992,-2.332004435058477,-0.1966790274036251,0.0,0.0,0.0,0.0,0.0,0.3504624041243096,0.5620578084748306,19.699430065677475,0.1961367105865104,0.0469635191299755
2.0561860369548683,0.0,0.0,0.0,0.0369452378170824,-0.01,0.4507747783403384,0.561902403579751,20.54766773056778,-2.374191669806821,-0.1947824498960459,0.0,0.0,0.0,0.0,0.0,0.3498911660798882,0.5653204783558623,20.16892465688383,0.200901704574987,0.0347705458542373
2.073911778652755,0.0,0.0,0.0,0.0358200182296243,-0.01,0.4614776172463126,0.5656195448308297,20.937196805869547,-2.412519296773486,-0.2206415250810356,0.0,0.0,0.0,0.0,0.0,0.3663928573337816,0.570837802772144,20.53950753261616,0.2215285036650209,0.0315007069082328
2.091637520350642,0.0,0.0,0.0,0.0352126466625136,-0.01,0.4721526802434392,0.5681079384191686,21.291824533138804,-2.447252521693425,-0.2474682571197272,0.0,0.0,0.0,0.0,0.0,0.3742839662670356,0.5757772943931408,20.96709481778458,0.2358092487133936,0.0362535864856936
2.1093632620485288,0.0,0.0,0.0,0.0291909321514728,-0.01,0.4638011110664754,0.5697566457974269,21.61323847138852,-2.475539230731336,-0.266734157743795,0.0,0.0,0.0,0.0,0.0,0.3890311243861938,0.5803769909875288,21.27677370320083,0.2386989156400857,0.0399741524358461
2.1270890037464154,0.0,0.0,0.0,0.0312285564818311,-0.01,0.4596864275130004,0.5716129080914762,21.83359429616494,-2.503402700747932,-0.2715705969302728,0.0,0.0,0.0,0.0,0.0,0.3920801339408288,0.5800967167205869,21.621320071011123,0.2428642567144144,0.0461238261648075
2.1448147454443025,0.0,0.0,0.0,0.023575240425788,-0.01,0.4648314393132252,0.5702822723234459,22.03872919850505,-2.533391115074488,-0.2925887159841071,0.0,0.0,0.0,0.0,0.0,0.39372317610598,0.5819968865887503,21.88770233492811,0.2468140333725159,0.0557352774541044
2.162540487142189,0.0,0.0,0.0,0.0213769347626128,-0.01,0.4675684446284114,0.5699992727500257,22.196128889099008,-2.5592021235005,-0.2926777772813212,0.0,0.0,0.0,0.0,0.0,0.3890496660718488,0.583088766389717,22.076755642879675,0.255804154619858,0.0618760535129296
2.180266228840076,0.0,0.0,0.0,0.0212382732784541,-0.01,0.468712381496089,0.5707031285898797,22.4115697205521,-2.579275886669489,-0.2854021418306959,0.0,0.0,0.0,0.0,0.0,0.3884229415854548,0.5847211836249514,22.23983304077019,0.2635451797812337,0.0628182744883479
2.197991970537963,0.0,0.0,0.0,0.0210708297968862,-0.01,0.46472424843894,0.5696512460511632,22.581265880559776,-2.5890594422713447,-0.2763139990109516,0.0,0.0,0.0,0.0,0.0,0.387863855932943,0.5831650040151078,22.25712916449753,0.2638296278181569,0.0666993431352145
2.2157177122358496,0.0,0.0,0.0,0.0226004984066798,-0.01,0.4568530829044618,0.5686975396170515,22.61411101560442,-2.607456598397389,-0.2757426073226834,0.0,0.0,0.0,0.0,0.0,0.3859649445381626,0.5813414809275288,22.32177949224282,0.2645809069753514,0.0718255820157816
2.233443453933736,0.0,0.0,0.0,0.0207663963236865,-0.01,0.4487480358424754,0.567210228525627,22.66075400497276,-2.61114334298344,-0.2695997194943862,0.0,0.0,0.0,0.0,0.0,0.3734080587249592,0.5763307219619184,22.39610574143736,0.2612223368172011,0.0713756552023864
2.251169195631624,0.0,0.0,0.0,0.0197029992675736,-0.01,0.439590383443874,0.5633119106691975,22.672975870077188,-2.6080446559984765,-0.2888744307193038,0.0,0.0,0.0,0.0,0.0,0.3746511108019624,0.5728981630814618,22.41463022543477,0.2595049193624224,0.0830117360984615
2.26889493732951,0.0,0.0,0.0,0.0218275921480895,-0.01,0.4354724668106888,0.5602080653005693,22.68607726059213,-2.604106459162004,-0.3097927909287663,0.0,0.0,0.0,0.0,0.0,0.367068455918164,0.5682271468027725,22.44346539325971,0.2618426009298777,0.083313926215076
2.2866206790273966,0.0,0.0,0.0,0.0223067187309368,-0.01,0.4289431692567668,0.5572599111331523,22.71864791911501,-2.612358164114762,-0.3061391191329445,0.0,0.0,0.0,0.0,0.0,0.3616520057737444,0.5674435876950513,22.330609017617583,0.263376514467029,0.0863136273602719
2.304346420725284,0.0,0.0,0.0,0.0291267927689469,-0.01,0.4211866649195918,0.5559368928876611,22.69283998265384,-2.61155360322248,-0.2536851296454357,0.0,0.0,0.0,0.0,0.0,0.3538026473244808,0.5618271243904163,22.361753856080696,0.258478485438261,0.0830029718464457
2.3220721624231704,0.0,0.0,0.0,0.0278905442910878,-0.01,0.4143040240253036,0.5517552047531996,22.691363946995263,-2.6029916661639043,-0.2478302208131127,0.0,0.0,0.0,0.0,0.0,0.3492806462357816,0.5569834556299211,22.411565413770933,0.2529670325148677,0.0815382778084396
2.339797904121057,0.0,0.0,0.0,0.0253064996628151,-0.01,0.411517598404139,0.548886215647324,22.7057182224161,-2.5951181186479384,-0.2275932760124073,0.0,0.0,0.0,0.0,0.0,0.3434786595399474,0.5515038440100323,22.412947209569527,0.251822468062684,0.0847511367049321
2.357523645818944,0.0,0.0,0.0,0.0248555609113154,-0.01,0.4070842997310888,0.5458791553203582,22.67167225587199,-2.589784666505968,-0.2654948275335891,0.0,0.0,0.0,0.0,0.0,0.3432312619221944,0.5504885498345106,22.438410378745697,0.2484265142806852,0.091504687635167
2.375249387516831,0.0,0.0,0.0,0.0253182293223727,-0.01,0.4134251034669142,0.5443840265255512,22.69641390584897,-2.5833459900680644,-0.302108961726617,0.0,0.0,0.0,0.0,0.0,0.3440739359140896,0.5478630815986019,22.442113255332035,0.2453477643832783,0.0974123013184615
2.392975129214717,0.0,0.0,0.0,0.0239627603813176,-0.01,0.4125613511895724,0.5435033966044938,22.71514011167425,-2.5811035913493043,-0.3001946865886769,0.0,0.0,0.0,0.0,0.0,0.3489176580985028,0.548409335727304,22.43091974169193,0.2453990893070552,0.1055006633253776
2.4107008709126045,0.0,0.0,0.0,0.0213599965426371,-0.01,0.411810621032712,0.5425127593040824,22.7194082377498,-2.587682869102429,-0.2958777037418921,0.0,0.0,0.0,0.0,0.0,0.3453668366954912,0.5487350412389732,22.43362159616436,0.2457143740080112,0.1022939630879139
2.428426612610491,0.0,0.0,0.0,0.0234468609933144,-0.01,0.418103820843999,0.5425174964739377,22.660452237615715,-2.595502193350423,-0.271547785671798,0.0,0.0,0.0,0.0,0.0,0.346471925176296,0.5496426776771908,22.48305299644456,0.2472387099799326,0.1080356687974324
2.446152354308378,0.0,0.0,0.0,0.0256839752658129,-0.01,0.4199863925305228,0.5420064592876601,22.627173962551275,-2.5949946699694824,-0.2740672781402011,0.0,0.0,0.0,0.0,0.0,0.3474293886059352,0.548966533791843,22.56083404291276,0.2452871032720158,0.1046304105008741
2.463878096006265,0.0,0.0,0.0,0.0251313183039244,-0.01,0.4222415321154522,0.5425452990227841,22.66161796806908,-2.6005570603012296,-0.3169564533092897,0.0,0.0,0.0,0.0,0.0,0.344520117571721,0.5488949478265166,22.590392151732093,0.2446798107408239,0.1130786846180265
2.481603837704152,0.0,0.0,0.0,0.0232913880295173,-0.01,0.4296509656882728,0.542519077357491,22.61258797192046,-2.6001560194015223,-0.3000224796211269,0.0,0.0,0.0,0.0,0.0,0.3404127509252978,0.549434962691514,22.55337386197825,0.2452022220810868,0.115899835571365
2.4993295794020383,0.0,0.0,0.0,0.0215832903547643,-0.01,0.4338191050004432,0.5421405937656427,22.583289349517287,-2.591203832034051,-0.2910611917027882,0.0,0.0,0.0,0.0,0.0,0.342306588664439,0.5499199513233838,22.577919774678108,0.2451363644512093,0.1159242610509061
2.517055321099925,0.0,0.0,0.0,0.0245934271609986,-0.01,0.442388110387082,0.5426047459197506,22.572274185288546,-2.59643692257077,-0.2716036498929318,0.0,0.0,0.0,0.0,0.0,0.340343040966232,0.5494896349599899,22.527038015837864,0.2449914540079348,0.1092630175970214
2.534781062797812,0.0,0.0,0.0,0.0239235103659781,-0.01,0.44095244118927,0.5426270604470794,22.587052293972828,-2.592208234311173,-0.2467133905583551,0.0,0.0,0.0,0.0,0.0,0.3451506964562324,0.5509492113568067,22.48450603082156,0.2425678364344713,0.0990443098771084
2.5525068044956987,0.0,0.0,0.0,0.0250905482894239,-0.01,0.4361030595761892,0.5433407970657592,22.52686963406947,-2.5914103689238983,-0.2462693090283833,0.0,0.0,0.0,0.0,0.0,0.3454488050882772,0.5519457290784838,22.480011105154627,0.2428112487895304,0.0965813665991228
2.5702325461935853,0.0,0.0,0.0,0.024295521094067,-0.01,0.4319095884738384,0.5446577519959598,22.4700475906282,-2.5929805271988617,-0.2553743585893043,0.0,0.0,0.0,0.0,0.0,0.3482350299444812,0.5514364122569801,22.485320696968,0.2441599172167472,0.1010305811618666
2.5879582878914724,0.0,0.0,0.0,0.024518318965694,-0.01,0.4333756715336398,0.5443556686391855,22.511160975329464,-2.585841628145201,-0.2521752210828588,0.0,0.0,0.0,0.0,0.0,0.3485490777949528,0.5503723876052198,22.47003774178581,0.2375078843933348,0.0925620356642618
2.605684029589359,0.0,0.0,0.0,0.0230145673248205,-0.01,0.433448228767683,0.5433720306933726,22.55497138210847,-2.573757551059728,-0.2475605392869186,0.0,0.0,0.0,0.0,0.0,0.3485609540903044,0.5501398277366238,22.407917373300883,0.2349811528731875,0.0863316815201335
2.6234097712872457,0.0,0.0,0.0,0.0244379730678868,-0.01,0.4398807763079302,0.5412127757067141,22.560333815688903,-2.572292350922969,-0.2302131953884086,0.0,0.0,0.0,0.0,0.0,0.3517726721425884,0.551149404374469,22.285163946723827,0.2326808001292071,0.0901476437813744
2.641135512985133,0.0,0.0,0.0,0.0290460639862943,-0.01,0.4393881553704952,0.5418489308513068,22.60773235300504,-2.578868546598012,-0.2091072686332205,0.0,0.0,0.0,0.0,0.0,0.3562350611766608,0.5515008297237936,22.25567490053392,0.23256954124565,0.0955449507430108
2.6588612546830195,0.0,0.0,0.0,0.0295450794123847,-0.01,0.4236819471415588,0.5422571623230772,22.59738733316978,-2.575114051137968,-0.2097884098388944,0.0,0.0,0.0,0.0,0.0,0.351779456809696,0.5499723302495815,22.26905831962934,0.2361799558264312,0.0955291466104273
2.676586996380906,0.0,0.0,0.0,0.0257559903807525,-0.01,0.4227368930000284,0.541852577382055,22.54814083734068,-2.565096441799123,-0.2269635754829355,0.0,0.0,0.0,0.0,0.0,0.3520658830925686,0.5496966028669461,22.28424468714113,0.2398702573179188,0.0927204550509047
2.694312738078793,0.0,0.0,0.0,0.025173926602903,-0.01,0.421014523589759,0.5408595271852176,22.500966839003528,-2.56112947926764,-0.2249834898347998,0.0,0.0,0.0,0.0,0.0,0.3513685747039536,0.5474694093038989,22.211040184344814,0.2405439684852812,0.0948082539990031
2.71203847977668,0.0,0.0,0.0,0.0266766003014194,-0.01,0.4236879786639152,0.5408431030297371,22.533090350051,-2.558566434327681,-0.208061875291972,0.0,0.0,0.0,0.0,0.0,0.350338374632186,0.5448657170012041,22.2098569454273,0.2418745807955392,0.0945019543116538
2.7297642214745665,0.0,0.0,0.0,0.0301309498478277,-0.01,0.4238873577305172,0.5404529943544983,22.58009480754336,-2.562811333407406,-0.2222807012417353,0.0,0.0,0.0,0.0,0.0,0.3513837100569344,0.5435275337960777,22.17769302795299,0.2431007989908986,0.0856923194554337
2.7474899631724536,0.0,0.0,0.0,0.0276712939043915,-0.01,0.4163561360579736,0.5392611587108753,22.50042771562232,-2.566081546612156,-0.2344322982257987,0.0,0.0,0.0,0.0,0.0,0.3462522100522872,0.5429989273291908,22.177204500972564,0.2439547933404738,0.0838097621513812
2.7652157048703403,0.0,0.0,0.0,0.0251987463087295,-0.01,0.4209321821238016,0.5395906828183038,22.424002453171987,-2.565714834004299,-0.2193000372707662,0.0,0.0,0.0,0.0,0.0,0.3464188801474668,0.5447898184996051,22.20713658484596,0.2363704186796745,0.072374158217389
2.782941446568227,0.0,0.0,0.0,0.024837307771977,-0.01,0.4150094432583698,0.54113805328256,22.36248791925937,-2.5625570917910987,-0.2443747708321901,0.0,0.0,0.0,0.0,0.0,0.3440624051118302,0.5432764291563844,22.26458097718873,0.2344652823766616,0.0718764591596232
2.800667188266114,0.0,0.0,0.0,0.0248966549129797,-0.01,0.4133122479408612,0.5409090531687493,22.289401777096124,-2.554754104183984,-0.2628454097169416,0.0,0.0,0.0,0.0,0.0,0.3440144818578438,0.544536997284307,22.204793571318746,0.2283321494178371,0.0783922053116608
2.8183929299640007,0.0,0.0,0.0,0.0230584279611936,-0.01,0.422521336931392,0.5398435599012433,22.223860348290494,-2.553379566984495,-0.2622460431101028,0.0,0.0,0.0,0.0,0.0,0.3506594188220236,0.5449645534674242,22.15083393810855,0.2264142998010667,0.0790541174104434
2.836118671661888,0.0,0.0,0.0,0.0220236531058393,-0.01,0.4177573270339262,0.5397680161047949,22.20481233335465,-2.5535994551884977,-0.2466134380652772,0.0,0.0,0.0,0.0,0.0,0.3512078034539502,0.5447946584037091,22.110701508298387,0.2238476398948261,0.0769907291722833
2.8538444133597745,0.0,0.0,0.0,0.0254168324775497,-0.01,0.416286941739079,0.5401087907112536,22.182049412153933,-2.548573000564761,-0.2299535080521046,0.0,0.0,0.0,0.0,0.0,0.3497785670610748,0.5459311253584701,22.144636422641884,0.2241621003016611,0.0861960424802041
2.871570155057661,0.0,0.0,0.0,0.0249689118353019,-0.01,0.417772242812036,0.5401710113070963,22.10506414382467,-2.5533223672760887,-0.2242837714456293,0.0,0.0,0.0,0.0,0.0,0.3503057301364388,0.5482132045218008,22.0961814683821,0.2233293137556171,0.0938646625178061
2.889295896755548,0.0,0.0,0.0,0.0241665182366403,-0.01,0.4245695379035088,0.5420397371899951,22.045279866253324,-2.541412346959906,-0.2068104582221256,0.0,0.0,0.0,0.0,0.0,0.3493097364625962,0.5487786980993028,22.110502560831424,0.2230830476221077,0.0964214462379761
2.907021638453435,0.0,0.0,0.0,0.0221158912292227,-0.01,0.4332651253235984,0.5431346529140129,22.058371660759967,-2.543078374177005,-0.191746758726428,0.0,0.0,0.0,0.0,0.0,0.360446754422564,0.5486606979810817,22.088207153556727,0.221803228462661,0.1033552426287802
2.924747380151321,0.0,0.0,0.0,0.0253016659391749,-0.01,0.4349209577047632,0.5422742884038146,22.104164222357504,-2.541763733484681,-0.1922018494529644,0.0,0.0,0.0,0.0,0.0,0.3653516125152852,0.5483452895015004,22.08771689454948,0.2211072008690056,0.1016700036120822
2.942473121849208,0.0,0.0,0.0,0.0247905910725215,-0.01,0.4385586234591124,0.542396333981258,22.13244326040259,-2.543316854752779,-0.1912349075720209,0.0,0.0,0.0,0.0,0.0,0.3675342430414804,0.5500574357048781,22.07043758527817,0.2196309603258879,0.1107006637716988
2.960198863547095,0.0,0.0,0.0,0.0242371705428824,-0.01,0.4353527197361216,0.5431488482015296,22.153973530326528,-2.544162504913212,-0.2058097947776406,0.0,0.0,0.0,0.0,0.0,0.3654599293771592,0.5474759984869626,22.15126235064939,0.2235386376987735,0.125793701008376
2.977924605244982,0.0,0.0,0.0,0.0257899713052409,-0.01,0.4359271932736184,0.5440522001045028,22.216559470334143,-2.547501905332495,-0.2104388344011073,0.0,0.0,0.0,0.0,0.0,0.359208064043294,0.5478877420381114,22.11002958109628,0.2298154201240572,0.1254014743375973
2.9956503469428686,0.0,0.0,0.0,0.0277962605842998,-0.01,0.4397013792603228,0.5439206827598534,22.20133748181893,-2.56154281129514,-0.2074901036144386,0.0,0.0,0.0,0.0,0.0,0.3597477084841718,0.5485433133829695,22.03181236596524,0.2387342990753508,0.1346665286934917
3.0133760886407552,0.0,0.0,0.0,0.0249017817862165,-0.01,0.437493926593096,0.5437563145726607,22.19052758867543,-2.558666389519101,-0.2014914528803891,0.0,0.0,0.0,0.0,0.0,0.3569895096131794,0.5478763243559599,22.044557968312056,0.2415053276081803,0.1318973375139402
3.0311018303386423,0.0,0.0,0.0,0.0205513498794983,-0.01,0.4346936187462046,0.5424358048265621,22.19328098238171,-2.539717597514024,-0.1981308957106058,0.0,0.0,0.0,0.0,0.0,0.354487676348326,0.5463909234709372,22.02878080373528,0.242331244939852,0.1148069642173691
3.048827572036529,0.0,0.0,0.0,0.0204186797368326,-0.01,0.4288768380362376,0.5415189232656612,22.16826868094581,-2.544598591617483,-0.1982530982452271,0.0,0.0,0.0,0.0,0.0,0.350186184936974,0.5466672144064639,21.98939385753837,0.2438206281893374,0.1099382283783163
3.066553313734416,0.0,0.0,0.0,0.0187030656048741,-0.01,0.4264614909792608,0.5414012402133915,22.19107498991103,-2.536089344181549,-0.1995313311677322,0.0,0.0,0.0,0.0,0.0,0.3448629650782952,0.5479375466018287,22.00112977952811,0.244950143622959,0.0980269998105509
3.0842790554323027,0.0,0.0,0.0,0.0187890343912553,-0.01,0.4267084360256784,0.5426452121018136,22.091575638040307,-2.5456735439112643,-0.188449447769332,0.0,0.0,0.0,0.0,0.0,0.3401600841056464,0.5481918581690023,21.97645565577889,0.2448039679857301,0.0985329201268937
3.1020047971301894,0.0,0.0,0.0,0.0198243052586787,-0.01,0.4232849824909248,0.5444779965283675,22.018175795821435,-2.5459462174010885,-0.1782413806377417,0.0,0.0,0.0,0.0,0.0,0.3427260980042234,0.5505111041791158,22.025777158165184,0.2452674797067105,0.0866066973611492
3.119730538828076,0.0,0.0,0.0,0.0203481322282268,-0.01,0.4265391814785408,0.5438396440811074,21.99468247747688,-2.5536322516714627,-0.1735231355449408,0.0,0.0,0.0,0.0,0.0,0.3373387744240498,0.552423592159486,21.963684006976514,0.2424220761566348,0.0830174192300454
3.137456280525963,0.0,0.0,0.0,0.0175666716148276,-0.01,0.436294144883092,0.5440429779029344,21.956937444038505,-2.5582593602875607,-0.171965442117898,0.0,0.0,0.0,0.0,0.0,0.3384094013264908,0.5529385652510987,21.984092024440788,0.2439659820279084,0.0875955315327025
3.15518202222385,0.0,0.0,0.0,0.0154112209276767,-0.01,0.4424932887190942,0.5442175100680535,21.970870031388426,-2.547737241633462,-0.173581804052247,0.0,0.0,0.0,0.0,0.0,0.3419203944710372,0.554499370426207,22.02266699743561,0.2470109703743877,0.0929250773981435
3.1729077639217365,0.0,0.0,0.0,0.0160748042697818,-0.01,0.450171661529116,0.5453726932688182,21.94357827980454,-2.5565026639783457,-0.1790011523474505,0.0,0.0,0.0,0.0,0.0,0.3496950629733286,0.5558511909426204,21.9654432037272,0.2475032706397929,0.0847438948157821
3.190633505619624,0.0,0.0,0.0,0.0203257181877088,-0.01,0.4513910605840912,0.5457384616679046,21.90585006642393,-2.5572336639937,-0.1794147983077496,0.0,0.0,0.0,0.0,0.0,0.3497757534862068,0.5544175570868505,21.949799289554534,0.2470881661294109,0.0867331848534789
3.20835924731751,0.0,0.0,0.0,0.0197057792269392,-0.01,0.4545146537408676,0.5445902617261639,21.92411923314465,-2.5519445548016053,-0.1818727378583735,0.0,0.0,0.0,0.0,0.0,0.355693584689176,0.5558760151103924,21.93787055042444,0.2465446891916554,0.0920604933443081
3.226084989015397,0.0,0.0,0.0,0.0220676040364331,-0.01,0.4573128586437376,0.5452268460244342,21.817153721741683,-2.557347891966583,-0.1787347697735134,0.0,0.0,0.0,0.0,0.0,0.3529032686991424,0.5553405940941732,21.913923719703096,0.2468336273839088,0.0928519841049517
3.243810730713284,0.0,0.0,0.0,0.019456548028663,-0.01,0.4577221261656168,0.5433527191977394,21.80676132869175,-2.5543358601121766,-0.1781137853789084,0.0,0.0,0.0,0.0,0.0,0.351325672869078,0.555949946068633,21.960252583337542,0.2512485321115236,0.0864226031768976
3.2615364724111706,0.0,0.0,0.0,0.0180553451859123,-0.01,0.4586225251206876,0.5413543533390447,21.88166656211663,-2.551114784099482,-0.1781129335295989,0.0,0.0,0.0,0.0,0.0,0.3432120848465336,0.5525457060674579,21.92483715307108,0.2538628647642615,0.0891983232811119
3.2792622141090573,0.0,0.0,0.0,0.0172793981398265,-0.01,0.4573751871312416,0.5417019339635276,21.925345548989213,-2.542072203136227,-0.1715653136160299,0.0,0.0,0.0,0.0,0.0,0.3531679919111404,0.5544277402387797,21.87517567080745,0.2567241605674844,0.0763058143565515
3.2969879558069444,0.0,0.0,0.0,0.0176857505899417,-0.01,0.4406273078748404,0.5406378976778747,21.92681057143636,-2.5381138207293623,-0.1686740922815292,0.0,0.0,0.0,0.0,0.0,0.3617813539483896,0.5545508980289557,21.918013855335705,0.2555205304994907,0.0678217527801673
3.314713697504831,0.0,0.0,0.0,0.0176216540115299,-0.01,0.4369614017535728,0.5423337186606632,22.025220060468364,-2.5358947062992505,-0.1845459951744679,0.0,0.0,0.0,0.0,0.0,0.3573443437831652,0.5543814680092445,21.9646110902949,0.2482102963921444,0.062589858774958
3.3324394392027177,0.0,0.0,0.0,0.0204854939324282,-0.01,0.4339277295570798,0.5415134210676751,22.004536293714715,-2.524751909644716,-0.1874186890374757,0.0,0.0,0.0,0.0,0.0,0.3548963009385358,0.5553086958514962,21.955595507648034,0.2448667250106407,0.0697051820363801
3.3501651809006048,0.0,0.0,0.0,0.0167430620946473,-0.01,0.4376937845234862,0.5404648756943237,22.04578963038573,-2.524008390050532,-0.1921577144267766,0.0,0.0,0.0,0.0,0.0,0.3541181761153692,0.5557414356413004,21.924977125489,0.2448346089165656,0.0719986685928217
3.3678909225984914,0.0,0.0,0.0,0.0144262829651557,-0.01,0.4431961318303072,0.5404432747343443,22.075122427289045,-2.5255130249766107,-0.1855633281990485,0.0,0.0,0.0,0.0,0.0,0.3524630093480544,0.5550746916182466,21.9590186090141,0.2416150160414793,0.0699866107430166
3.385616664296378,0.0,0.0,0.0,0.0148405391475053,-0.01,0.4393714251122514,0.5393412749641009,22.16522025760821,-2.520111683194665,-0.1782227195651475,0.0,0.0,0.0,0.0,0.0,0.3535075670993548,0.5540428821712065,21.91516609757433,0.2351893770771213,0.0830152296031151
3.403342405994265,0.0,0.0,0.0,0.0127050936073814,-0.01,0.4299799990231846,0.5426884695285212,22.199343467334643,-2.510139232420044,-0.183807392365327,0.0,0.0,0.0,0.0,0.0,0.353341274433004,0.5520933606888809,21.85907803357813,0.2417430557157946,0.0835009089178706
3.421068147692152,0.0,0.0,0.0,0.0086961088865927,-0.01,0.4250380058198284,0.5420883115074353,22.171214116362115,-2.50739005703434,-0.1816345094014145,0.0,0.0,0.0,0.0,0.0,0.3533087436328256,0.5538540756294672,21.780771131870303,0.2521900358422254,0.0724265895936013
3.4387938893900385,0.0,0.0,0.0,0.0120420258274067,-0.01,0.421576352435131,0.5429113686800712,22.10559026083217,-2.5111741853815093,-0.1832273429422434,0.0,0.0,0.0,0.0,0.0,0.3515216472122668,0.5521514617738656,21.750400766133776,0.2432152512605626,0.0743850946546147
3.456519631087925,0.0,0.0,0.0,0.0154709756950473,-0.01,0.4340919428028716,0.5431733895763915,22.0853369691074,-2.5180416018263903,-0.1813085355455442,0.0,0.0,0.0,0.0,0.0,0.3511901937471044,0.5525886171673577,21.70640339904838,0.2303990592072261,0.0802633530566111
3.474245372785812,0.0,0.0,0.0,0.0190525978334809,-0.01,0.4286735503364042,0.5425891739701909,21.97317067586173,-2.5152665164772103,-0.1584113656574986,0.0,0.0,0.0,0.0,0.0,0.3542689555250724,0.5521611000937477,21.650435172044777,0.2272207664438617,0.0880238406631744
3.491971114483699,0.0,0.0,0.0,0.020321809946522,-0.01,0.4310291204244796,0.542515346156741,21.99335763184615,-2.522594521579154,-0.1480978978260818,0.0,0.0,0.0,0.0,0.0,0.3522424952638966,0.5509753559921503,21.62376767789852,0.2232820283682936,0.0882300938902842
3.5096968561815856,0.0,0.0,0.0,0.0225924982649755,-0.01,0.423210576056247,0.5428792959626008,21.99928726592036,-2.5236587222763847,-0.1477905611136206,0.0,0.0,0.0,0.0,0.0,0.3523006518507394,0.5527502612815247,21.67863523608466,0.2231139636318583,0.1013630198353754
3.5274225978794727,0.0,0.0,0.0,0.0259051484279601,-0.01,0.422980770462262,0.5433853583843172,21.955875545249807,-2.5226127821692024,-0.1533341137218536,0.0,0.0,0.0,0.0,0.0,0.3497795397798716,0.5509984151691636,21.68645062783165,0.2227948816814346,0.115881934439473
3.54514833957736,0.0,0.0,0.0,0.0266290901127604,-0.01,0.4282837914458996,0.5442644910746028,21.96150157794524,-2.523453729466824,-0.1714079532352368,0.0,0.0,0.0,0.0,0.0,0.3525772699966436,0.5522305516164888,21.73827524724467,0.2232884126407085,0.1164560319639586
3.562874081275246,0.0,0.0,0.0,0.0274995861063103,-0.01,0.4329444720333336,0.5419892072545702,21.90505674399089,-2.533439754403345,-0.186371068222079,0.0,0.0,0.0,0.0,0.0,0.3509425242576692,0.5518882763566293,21.72168104638273,0.2230777693060256,0.1153612771966677
3.580599822973133,0.0,0.0,0.0,0.0308875974248684,-0.01,0.4390002441020834,0.542195839642795,21.88572699708533,-2.5413367564403404,-0.1737593214213303,0.0,0.0,0.0,0.0,0.0,0.3507479839571716,0.5514059820941852,21.722854793180485,0.2275618586114846,0.1073894669985899
3.59832556467102,0.0,0.0,0.0,0.0298667467583178,-0.01,0.4506307981545802,0.5413629536214472,21.942652431992315,-2.545283544390831,-0.1622806412331656,0.0,0.0,0.0,0.0,0.0,0.3491410753908856,0.5493801864218677,21.80913015755716,0.2327721807716062,0.1191193443382678
3.6160513063689055,0.0,0.0,0.0,0.0343635569062815,-0.01,0.4520679001293904,0.5410457139391087,21.93348682967309,-2.545866097551716,-0.1873331770750467,0.0,0.0,0.0,0.0,0.0,0.3474095290172202,0.5507773915933578,21.81941578607951,0.24048178155483,0.1367583362563685
3.6337770480667935,0.0,0.0,0.0,0.0334781048846223,-0.01,0.4618090849748844,0.5391769571001909,21.925742346600853,-2.546376781938783,-0.2137516743324232,0.0,0.0,0.0,0.0,0.0,0.3523303388929964,0.5481637068918406,21.852044303231168,0.2412128143375305,0.1413833601217792
3.65150278976468,0.0,0.0,0.0,0.0280061780859673,-0.01,0.4546009134016202,0.5392524806190894,21.908663062194343,-2.5433656166293184,-0.2097490681926576,0.0,0.0,0.0,0.0,0.0,0.3515049280652408,0.5486284150942434,21.927323111498204,0.2428392474986027,0.1448984164398661
3.669228531462567,0.0,0.0,0.0,0.0265118103683485,-0.01,0.4651335112562364,0.5384827973955869,21.907863730660736,-2.5476228452098417,-0.1955272272902214,0.0,0.0,0.0,0.0,0.0,0.3531129624382244,0.5480770474970604,21.93620446792443,0.2450708177153296,0.1436651202639407
3.686954273160454,0.0,0.0,0.0,0.0230239051916402,-0.01,0.463338586870696,0.5388342584775521,21.94244045074269,-2.54171482482961,-0.1938980709132602,0.0,0.0,0.0,0.0,0.0,0.3550066663876596,0.5506640659808103,21.91088690270076,0.2483394571041136,0.1421284287804579
3.704680014858341,0.0,0.0,0.0,0.0228616287002399,-0.01,0.4600233594231016,0.5383527595920321,21.8890558861735,-2.542954087649629,-0.1633397496614799,0.0,0.0,0.0,0.0,0.0,0.3514082824368174,0.5502783213235392,21.840448558869603,0.2489033118867835,0.1393395499703295
3.722405756556227,0.0,0.0,0.0,0.0212422241857712,-0.01,0.4611720920140328,0.5390283342037901,21.960446961273384,-2.541472436793321,-0.1011467913285318,0.0,0.0,0.0,0.0,0.0,0.3544967408845966,0.5517482843040762,21.83244203239939,0.2490651954054627,0.1365742601266199
3.7401314982541134,0.0,0.0,0.0,0.0249276485413424,-0.01,0.4594156335968402,0.5394823604629962,21.95134494697526,-2.535429378490213,-0.1127286466376429,0.0,0.0,0.0,0.0,0.0,0.3552348248664612,0.5519011197656073,21.87889255610008,0.248043753393007,0.1385548872144698
3.757857239952001,0.0,0.0,0.0,0.0271417922150061,-0.01,0.4495538549324996,0.5370795677499083,21.888169920399417,-2.5314927602814685,-0.1054388707025205,0.0,0.0,0.0,0.0,0.0,0.3547453023677096,0.551156842895345,21.87084385627401,0.2455620619103005,0.1455249305216169
3.775582981649888,0.0,0.0,0.0,0.0234908222856967,-0.01,0.4405549398388476,0.5363385525971975,21.86017840878452,-2.520120512172792,-0.042809992156671,0.0,0.0,0.0,0.0,0.0,0.3528969714855428,0.5497574912164488,21.886659052278485,0.2458433538371492,0.1519812855561851
3.793308723347775,0.0,0.0,0.0,0.021544251940371,-0.01,0.4357200823491588,0.5371070008369215,21.80867020780276,-2.5156715072756546,-0.0064682034822156,0.0,0.0,0.0,0.0,0.0,0.3548851408075568,0.5483294729130649,21.82050217803209,0.242932521266663,0.1418537200823131
3.811034465045661,0.0,0.0,0.0,0.0216900037184764,-0.01,0.4396363622829536,0.5364396378234513,21.82061948179373,-2.5157790810169303,-0.0122192291261748,0.0,0.0,0.0,0.0,0.0,0.35898164503676,0.5467594715710284,21.79418648450173,0.2430713372722813,0.1275585618670014
3.828760206743548,0.0,0.0,0.0,0.0228089091343584,-0.01,0.4346952334171014,0.5380766284243559,21.836246277747453,-2.5117798917480028,-0.0234046963031183,0.0,0.0,0.0,0.0,0.0,0.3582004003877472,0.5463762573925783,21.7734334686572,0.2432880086789404,0.1329563913166508
3.846485948441435,0.0,0.0,0.0,0.0269573115098525,-0.01,0.4272897645522708,0.5380471760823046,21.7827004019995,-2.51905154105038,-0.0198332476923349,0.0,0.0,0.0,0.0,0.0,0.3538845241363688,0.545842401231494,21.76501652175389,0.2425778191072145,0.1411313145352725
3.8642116901393218,0.0,0.0,0.0,0.0283390478787129,-0.01,0.4256441030080086,0.538929291806175,21.791048025566795,-2.5192997219113664,-0.0421786791185424,0.0,0.0,0.0,0.0,0.0,0.3591306149367914,0.5457789677703919,21.86746899002087,0.2362398948369093,0.1413939848667579
3.881937431837208,0.0,0.0,0.0,0.0283363694796865,-0.01,0.4258338456761556,0.5380385120227184,21.70288129536128,-2.5165901300634435,-0.0517466564981022,0.0,0.0,0.0,0.0,0.0,0.360880362136824,0.5450602316166746,21.90473217856229,0.2314728160581846,0.1455458060975267
3.899663173535095,0.0,0.0,0.0,0.0242035110721603,-0.01,0.4319213497535644,0.5399343183076566,21.64537899925535,-2.529825117690784,-0.0629179373216693,0.0,0.0,0.0,0.0,0.0,0.358039642565672,0.5462835961780446,21.82639616710506,0.2350980890759404,0.1516473155272757
3.917388915232982,0.0,0.0,0.0,0.0205047369301431,-0.01,0.4442942136274798,0.5415868464868036,21.55579928486424,-2.529699884749876,-0.0938891378356505,0.0,0.0,0.0,0.0,0.0,0.3528366761944084,0.5470085164896071,21.85323045719683,0.2409931802972983,0.1517339170891765
3.935114656930869,0.0,0.0,0.0,0.028232204640355,-0.01,0.4494164616311524,0.5414430563220471,21.60600985889763,-2.522330350060083,-0.125308062102882,0.0,0.0,0.0,0.0,0.0,0.3554226029295428,0.5473306335285537,21.82436139876735,0.2403711481361279,0.1392085287720938
3.952840398628756,0.0,0.0,0.0,0.0307630926098422,-0.01,0.4424567557793214,0.5414210006543785,21.643844514637525,-2.5297428910460744,-0.1226302931555635,0.0,0.0,0.0,0.0,0.0,0.3518604334763224,0.5511118888433328,21.88688588985541,0.2407828826629256,0.1365715344098131
3.9705661403266426,0.0,0.0,0.0,0.0283646424012478,-0.01,0.4480378554851998,0.541621238850901,21.65639576163085,-2.5319106636618134,-0.1170605425430465,0.0,0.0,0.0,0.0,0.0,0.3565435867096956,0.5523520641051894,21.898908454487188,0.2366371597184338,0.1354957472316849
3.988291882024529,0.0,0.0,0.0,0.0256440896116239,-0.01,0.4499982510438044,0.5398360048446995,21.67709910980849,-2.5308466362049606,-0.1093561549622892,0.0,0.0,0.0,0.0,0.0,0.352324860493982,0.5539978702440254,21.89692549282456,0.2262759637927508,0.1421484266669943
4.006017623722416,0.0,0.0,0.0,0.0230323460192102,-0.01,0.4605626604508638,0.5393379243569671,21.656208619343328,-2.53381167618902,-0.12070920772592,0.0,0.0,0.0,0.0,0.0,0.3478409737861532,0.5517150769061117,21.8833182872397,0.2103354419190804,0.1540537659128464
4.023743365420303,0.0,0.0,0.0,0.0237124252611821,-0.01,0.460564108169069,0.5390750334476954,21.682770384892464,-2.530134225356889,-0.1135339020940559,0.0,0.0,0.0,0.0,0.0,0.3485315043246912,0.5527266392178202,21.8649750630187,0.2100087479133526,0.1439091255224051
4.04146910711819,0.0,0.0,0.0,0.0226308938493072,-0.01,0.4610633118062808,0.5399210594871436,21.69432786463972,-2.527416821292809,-0.1228240901130558,0.0,0.0,0.0,0.0,0.0,0.3490034742839508,0.5538797817730393,21.82364137465657,0.2129243616233512,0.1418525083179475
4.059194848816077,0.0,0.0,0.0,0.0236057922917125,-0.01,0.4587069261911768,0.5379361095501427,21.713318005624213,-2.530696718095439,-0.1206624225052758,0.0,0.0,0.0,0.0,0.0,0.3514746114247914,0.5517715958661831,21.833564221847126,0.2181241896138628,0.1415513301585876
4.076920590513963,0.0,0.0,0.0,0.0236444718241471,-0.01,0.4504564187197662,0.5371898392305974,21.780149790717168,-2.529022103009889,-0.1122964283116077,0.0,0.0,0.0,0.0,0.0,0.355319898071898,0.5546808188543972,21.75744075143935,0.2226329793254917,0.1356198497059842
4.09464633221185,0.0,0.0,0.0,0.024032925006889,-0.01,0.4550933103986528,0.5375248467022548,21.69306753541273,-2.5245133768289647,-0.1221206434442474,0.0,0.0,0.0,0.0,0.0,0.3544092925034796,0.5538634133919593,21.741804559090404,0.2304183019605512,0.1372624761783228
4.112372073909737,0.0,0.0,0.0,0.0274389510657829,-0.01,0.4588172624554424,0.536963112493582,21.60842899614159,-2.517974086854817,-0.1203218228747485,0.0,0.0,0.0,0.0,0.0,0.3580144882897584,0.554413750717294,21.73704888676156,0.2339483021139174,0.1350963161584381
4.130097815607623,0.0,0.0,0.0,0.0263280436502039,-0.01,0.4416595238484404,0.5369406365751382,21.56509933598989,-2.507118444306785,-0.1016123734518338,0.0,0.0,0.0,0.0,0.0,0.3555109829005216,0.5559789342684279,21.706800214263488,0.2330264795039982,0.1593685517518654
4.14782355730551,0.0,0.0,0.0,0.0266836686404354,-0.01,0.4452881833971052,0.5383204587405694,21.462588323880624,-2.510600905065198,-0.1085502780496978,0.0,0.0,0.0,0.0,0.0,0.3582940694431668,0.5554144618037533,21.71366447168249,0.233440274971108,0.1631334475484147
4.1655492990033975,0.0,0.0,0.0,0.0288627987336377,-0.01,0.4330872156911344,0.5389827037869859,21.49081136959917,-2.523894102940277,-0.0975439652816152,0.0,0.0,0.0,0.0,0.0,0.3655202346202824,0.5588995270323868,21.654642060379032,0.2336843615438044,0.1565824631870287
4.183275040701284,0.0,0.0,0.0,0.0277797229170515,-0.01,0.4321589290019912,0.5380970541848645,21.394184726874204,-2.5236256820292784,-0.1081694139527242,0.0,0.0,0.0,0.0,0.0,0.3654168016066108,0.5589870800166339,21.631814353237136,0.2299889616180323,0.1596944867345842
4.201000782399171,0.0,0.0,0.0,0.029725872902828,-0.01,0.4353121420152478,0.5389868610611639,21.42937322024677,-2.5196269880453883,-0.1013423387205118,0.0,0.0,0.0,0.0,0.0,0.3642737100079004,0.5594775805196817,21.620734611262403,0.2246023111969509,0.1497609669848719
4.2187265240970575,0.0,0.0,0.0,0.0266197586539497,-0.01,0.4363914576548074,0.5392626521419611,21.42437605070412,-2.514307513878685,-0.1052052605928886,0.0,0.0,0.0,0.0,0.0,0.3700916858673268,0.5600237399032846,21.613315156164667,0.2213722412440793,0.1482372705543518
4.236452265794944,0.0,0.0,0.0,0.026639692539702,-0.01,0.4343198966578878,0.5397201259259425,21.45663329369206,-2.5173616279516504,-0.0877202619734751,0.0,0.0,0.0,0.0,0.0,0.3779014911031804,0.5594349450154329,21.64528418163476,0.2185309159785898,0.1434612833888509
4.254178007492831,0.0,0.0,0.0,0.0246780288011152,-0.01,0.4314094648549654,0.5423257835316081,21.50851483990261,-2.521973224877293,-0.0848551903831083,0.0,0.0,0.0,0.0,0.0,0.3807124722201492,0.5601902082071946,21.67246976793385,0.2249778271807738,0.149270371830269
4.271903749190718,0.0,0.0,0.0,0.0216237209595959,-0.01,0.4341399165728912,0.5432743643236924,21.550379889366056,-2.5282253189088086,-0.0998831977938366,0.0,0.0,0.0,0.0,0.0,0.3749650117103318,0.5586742475760954,21.682342155580777,0.2338538002390459,0.164413438867052
4.289629490888605,0.0,0.0,0.0,0.0257591611682729,-0.01,0.445771452894482,0.5433310639212725,21.559678156613188,-2.524151784643216,-0.0939636591407564,0.0,0.0,0.0,0.0,0.0,0.3752503066075114,0.5566247289645028,21.67801072743843,0.2355669245486624,0.1646596493430205
4.307355232586492,0.0,0.0,0.0,0.0290365352807995,-0.01,0.4382150792825074,0.543307394222512,21.55793937826284,-2.5186244837517986,-0.0756445684357585,0.0,0.0,0.0,0.0,0.0,0.3763803245228868,0.5558680917718458,21.66566537743635,0.2344471223874983,0.1683987865530808
4.325080974284378,0.0,0.0,0.0,0.0299561967676102,-0.01,0.446968452525621,0.5440462140081876,21.542264052707235,-2.4965575509651603,-0.0889907985596831,0.0,0.0,0.0,0.0,0.0,0.3772750223275676,0.5559336404697098,21.735256544170028,0.2308732888105174,0.1627837769155651
4.342806715982265,0.0,0.0,0.0,0.0304217623080676,-0.01,0.4520828855742206,0.545546413937021,21.635193665684643,-2.4933402372659423,-0.077656908666955,0.0,0.0,0.0,0.0,0.0,0.3742529316783304,0.5557237003438478,21.70763878226936,0.228884936387424,0.1595522010335872
4.360532457680152,0.0,0.0,0.0,0.0262146868913929,-0.01,0.455992996940044,0.5447028858901983,21.60974532567452,-2.495679177088504,-0.0842163081526575,0.0,0.0,0.0,0.0,0.0,0.3702289768782824,0.554707266638585,21.72412974326964,0.2310604932764179,0.1560841226805989
4.378258199378039,0.0,0.0,0.0,0.0277878208969898,-0.01,0.4463314026442768,0.5448207020636322,21.699916384480023,-2.501228142624381,-0.0854181965231276,0.0,0.0,0.0,0.0,0.0,0.35939079279527,0.5560321644234557,21.68895933118252,0.2335012842692395,0.1532538549309136
4.395983941075926,0.0,0.0,0.0,0.0291774037639226,-0.01,0.4477542771280564,0.5450071004572637,21.70970922275727,-2.505177381319397,-0.0864728859107264,0.0,0.0,0.0,0.0,0.0,0.3569726415312248,0.556379293395141,21.647655959388143,0.2376894064536083,0.1501668995108486
4.4137096827738125,0.0,0.0,0.0,0.0258937844315508,-0.01,0.4478083619523836,0.5440318906970978,21.633029007243845,-2.5017571701205963,-0.0922330986174913,0.0,0.0,0.0,0.0,0.0,0.3571036876471744,0.5552331182631663,21.652166919291385,0.2375375493020901,0.1526077004767614
4.431435424471699,0.0,0.0,0.0,0.0265769744814968,-0.01,0.44820986111047,0.5439336041071632,21.640197360882603,-2.4861378862058,-0.0956014726708222,0.0,0.0,0.0,0.0,0.0,0.3611478102730044,0.5582992214798798,21.641703251716685,0.2376165294398455,0.152481824329046
4.449161166169586,0.0,0.0,0.0,0.0271415687516492,-0.01,0.4491860224964124,0.5444475918730403,21.60956911948736,-2.5002720385696424,-0.0924443688376653,0.0,0.0,0.0,0.0,0.0,0.3602474731954206,0.5604490138695977,21.623163358201445,0.2392875618495811,0.1473716428549415
4.466886907867472,0.0,0.0,0.0,0.0241117624009872,-0.01,0.4510405759756556,0.5448773755155807,21.61854425530591,-2.5041181227618057,-0.0889584313251985,0.0,0.0,0.0,0.0,0.0,0.36124581971994,0.5614420922974802,21.62937607330197,0.2426358223893858,0.1387555859109606
4.48461264956536,0.0,0.0,0.0,0.0204442067035491,-0.01,0.4498714805647576,0.5439552293302982,21.606541619094173,-2.519652201496988,-0.0849875787098611,0.0,0.0,0.0,0.0,0.0,0.3600219333367072,0.5625154743070732,21.557819876846963,0.2485393154473043,0.1315410854195067
4.502338391263247,0.0,0.0,0.0,0.0171733828205608,-0.01,0.4413769496675958,0.5446653862716946,21.58424981927604,-2.5210444558773704,-0.0991552730706926,0.0,0.0,0.0,0.0,0.0,0.3638841277333006,0.5637475873528899,21.54044349850333,0.2521104820858063,0.1370581363368541
4.520064132961133,0.0,0.0,0.0,0.0209531932650415,-0.01,0.4407311044129824,0.5436595241181119,21.62538843492924,-2.5166560996467924,-0.1057700618692705,0.0,0.0,0.0,0.0,0.0,0.3671910461721908,0.5639715084940538,21.51574823422006,0.2499419507481159,0.1301238602704922
4.53778987465902,0.0,0.0,0.0,0.0236100681865778,-0.01,0.449663225237074,0.5446780071745728,21.60856161092422,-2.518030505817116,-0.1003064624121042,0.0,0.0,0.0,0.0,0.0,0.3693684262091768,0.5652261320701906,21.57842658527938,0.2503003334796728,0.1367431560386772
4.555515616356907,0.0,0.0,0.0,0.0250599356769087,-0.01,0.447592411394422,0.5468255860531681,21.572294003719826,-2.5217578745238742,-0.1042961792275986,0.0,0.0,0.0,0.0,0.0,0.362201158792274,0.5652780850991931,21.621745927057862,0.2534688509371869,0.1451523328789505
4.573241358054793,0.0,0.0,0.0,0.0315684472876738,-0.01,0.442546864108642,0.5476256450216569,21.584556472579195,-2.516772328215478,-0.1034155689686305,0.0,0.0,0.0,0.0,0.0,0.3613595700322274,0.5683727869118919,21.59130841934349,0.2536813502613902,0.1467947560226533
4.59096709975268,0.0,0.0,0.0,0.0281797466486862,-0.01,0.4451518174223104,0.5492766817997744,21.6520960564068,-2.5192121864737578,-0.1006580575551817,0.0,0.0,0.0,0.0,0.0,0.368346601515486,0.5673921239421723,21.52567146271582,0.2491645474334976,0.1526206666297367
4.608692841450568,0.0,0.0,0.0,0.0285354010183081,-0.01,0.442316646036978,0.5503605774062973,21.70687847374865,-2.513302093966926,-0.0991410439635082,0.0,0.0,0.0,0.0,0.0,0.369122170422778,0.5662341412797591,21.562477775861737,0.2501435989414021,0.1589061887337152
4.626418583148454,0.0,0.0,0.0,0.0276360707240279,-0.01,0.444180586366022,0.5524301398900514,21.67155234417277,-2.5070336440494367,-0.0969751226164305,0.0,0.0,0.0,0.0,0.0,0.3684678857696932,0.5676528089585788,21.502894349178582,0.2534731136999283,0.1734772187593434
4.644144324846341,0.0,0.0,0.0,0.0291342361778082,-0.01,0.4429906068488184,0.5559567347518773,21.69045495473397,-2.5111974444749903,-0.1079471191928383,0.0,0.0,0.0,0.0,0.0,0.3711329765543548,0.5645838298558392,21.5386726686614,0.2558165599845433,0.1789454689707655
4.661870066544227,0.0,0.0,0.0,0.0319148302222113,-0.01,0.4513377303321498,0.556471477999424,21.6638418408704,-2.511470908401419,-0.1158862076649392,0.0,0.0,0.0,0.0,0.0,0.3680641166087004,0.5647735067520244,21.49347867066768,0.2581751024904816,0.1745725314707943
4.679595808242114,0.0,0.0,0.0,0.032418211578886,-0.01,0.4542545743457352,0.5595556150251404,21.613569474505173,-2.510761018732014,-0.0990570080488287,0.0,0.0,0.0,0.0,0.0,0.3701616011284924,0.5647047743878253,21.50298815561757,0.2587362559466534,0.1733478720818345
4.697321549940001,0.0,0.0,0.0,0.0299716669662574,-0.01,0.4589385983995392,0.5608938310658913,21.61056681541844,-2.5128072630178324,-0.0922439747149023,0.0,0.0,0.0,0.0,0.0,0.3769102821011268,0.5649810990112651,21.48208416156536,0.2577416441183168,0.1652522510719657
4.715047291637888,0.0,0.0,0.0,0.0306999887817509,-0.01,0.4596789204051942,0.5609011092111007,21.64784429736242,-2.5050607778954785,-0.0877023930081055,0.0,0.0,0.0,0.0,0.0,0.379796056389041,0.5663715490736588,21.44363160616031,0.257921161725438,0.1711264581591967
4.732773033335775,0.0,0.0,0.0,0.0281679761580161,-0.01,0.4646724832795344,0.5625731483851554,21.683412396904856,-2.5091735835201643,-0.0903054079792974,0.0,0.0,0.0,0.0,0.0,0.3772865560774972,0.5664813102892867,21.4493778875146,0.2606782276758691,0.1751796756248561
4.750498775033662,0.0,0.0,0.0,0.0305541116690459,-0.01,0.458201350599662,0.5634107889544624,21.58874971861744,-2.519044805407109,-0.1087550058466358,0.0,0.0,0.0,0.0,0.0,0.3720769871304832,0.5658935138399647,21.558994210113017,0.2638877073678432,0.1678635150213044
4.768224516731548,0.0,0.0,0.0,0.0260609658204607,-0.01,0.459115551261483,0.5643810666517244,21.56225493450709,-2.521288910039241,-0.1257829013855303,0.0,0.0,0.0,0.0,0.0,0.3730387731030332,0.5691310966267581,21.57213058007797,0.2652438923626835,0.1695950140660489
4.785950258429435,0.0,0.0,0.0,0.0253194780838874,-0.01,0.4607215829729452,0.5641865540836538,21.64094265921108,-2.526810486383606,-0.1374113194657018,0.0,0.0,0.0,0.0,0.0,0.3710298795738816,0.5697323622347494,21.640855086175574,0.2624552834361587,0.1780414021533027
4.8036760001273215,0.0,0.0,0.0,0.026050435163827,-0.01,0.466999084219009,0.5647591493417249,21.631356856989363,-2.5134612817309,-0.1263659182174223,0.0,0.0,0.0,0.0,0.0,0.3663535429983838,0.5732809616776141,21.581475148752087,0.26436897946295,0.1817394766762206
4.821401741825209,0.0,0.0,0.0,0.0277439325845041,-0.01,0.4629854662794206,0.5651954837500632,21.646074343722454,-2.513801264595628,-0.1080679425458397,0.0,0.0,0.0,0.0,0.0,0.37057434898559,0.5722181906144816,21.595379716790045,0.2670046391569078,0.1852642429964473
4.839127483523096,0.0,0.0,0.0,0.0253753179239052,-0.01,0.4567153533416378,0.5654046795157581,21.68412983257633,-2.523759706966568,-0.1115717110530873,0.0,0.0,0.0,0.0,0.0,0.3665561047940834,0.5727713280143338,21.54370744196141,0.2645157149836575,0.1941954102303283
4.856853225220982,0.0,0.0,0.0,0.0250375182352553,-0.01,0.4487610676346216,0.5650818005774795,21.617796953144307,-2.5275918708295806,-0.102622293679185,0.0,0.0,0.0,0.0,0.0,0.3573380881592356,0.572169020165449,21.5611730408732,0.2640812765403311,0.2017576298754118
4.874578966918869,0.0,0.0,0.0,0.0256536364454984,-0.01,0.4478693499756828,0.5670236143505272,21.64902541623112,-2.514479391300587,-0.11686384816637,0.0,0.0,0.0,0.0,0.0,0.3635994467894196,0.5713332865774599,21.59215193392954,0.2639903020889607,0.2009826596342106
4.892304708616756,0.0,0.0,0.0,0.0287443334897227,-0.01,0.4478739641807898,0.5671305126382418,21.647774274115783,-2.4994211552581893,-0.1421755680863985,0.0,0.0,0.0,0.0,0.0,0.3693564327132312,0.5708357924041028,21.58353503624844,0.263333671766495,0.2042466317909437
4.910030450314642,0.0,0.0,0.0,0.0251271082397227,-0.01,0.4523037060096404,0.5680452179087352,21.681248211108525,-2.498257003639612,-0.1308563800520409,0.0,0.0,0.0,0.0,0.0,0.3688511485559506,0.5719573732474993,21.5038975080663,0.2673828490536953,0.1914396035990132
4.92775619201253,0.0,0.0,0.0,0.026863475390572,-0.01,0.4444089901854532,0.5685457180892814,21.67998303067891,-2.5054393367887804,-0.1029550537688751,0.0,0.0,0.0,0.0,0.0,0.365072135111358,0.5727637000220314,21.49906914363142,0.266084883468598,0.1865005473186165
4.9454819337104166,0.0,0.0,0.0,0.0250483819664522,-0.01,0.44550553670312,0.569261012972288,21.631354421781538,-2.4987270399386343,-0.0951482070468887,0.0,0.0,0.0,0.0,0.0,0.36915018550677,0.5731756684290018,21.423362856462745,0.2610950301006098,0.1826503473748332
4.963207675408303,0.0,0.0,0.0,0.0238689044509086,-0.01,0.4273249357215774,0.5684169697500446,21.66171215753384,-2.49310020621104,-0.1196354206206047,0.0,0.0,0.0,0.0,0.0,0.369637871179048,0.5721677073925936,21.463738126548748,0.2647183154216309,0.1849849119982308
4.98093341710619,0.0,0.0,0.0,0.0228009578663931,-0.01,0.424303068478899,0.5703394616775802,21.598146096192025,-2.4817818191835106,-0.1316400260158734,0.0,0.0,0.0,0.0,0.0,0.365212602059708,0.5743666738959555,21.493731048920075,0.2773241486510155,0.1797872936582402
4.9986591588040765,0.0,0.0,0.0,0.0240874262282568,-0.01,0.4206764515326416,0.5721265851897964,21.578824506408,-2.476398501460311,-0.1249973236322342,0.0,0.0,0.0,0.0,0.0,0.3655860845989128,0.5753043257157217,21.520086045717647,0.2784552228681918,0.1823563950540469
5.016384900501963,0.0,0.0,0.0,0.0263179319622168,-0.01,0.4226582173314212,0.5725860974956377,21.63750856235472,-2.481224988094173,-0.099094051641985,0.0,0.0,0.0,0.0,0.0,0.3692372535268912,0.5765084526878015,21.49581875294413,0.2688630273158479,0.1905275391623742
5.03411064219985,0.0,0.0,0.0,0.0251597533478754,-0.01,0.42908532435625,0.5715755811439651,21.615060900338868,-2.487750241199145,-0.0874790152426628,0.0,0.0,0.0,0.0,0.0,0.3653778936242988,0.5762736572005996,21.46828407451948,0.2607113459867523,0.185638165453662
5.051836383897737,0.0,0.0,0.0,0.0208799142155526,-0.01,0.4351965208890466,0.5723379818595641,21.720572317143503,-2.4847418817443314,-0.0615531598724674,0.0,0.0,0.0,0.0,0.0,0.3622635056585414,0.5768751643167079,21.453740074736217,0.2534305666117296,0.1783554224575868
5.069562125595624,0.0,0.0,0.0,0.0203883501010153,-0.01,0.429941110325656,0.5712702739645481,21.75407445692645,-2.484797457447794,-0.0786175230322209,0.0,0.0,0.0,0.0,0.0,0.3621612524715292,0.57745804430049,21.45652758171285,0.2620183495024475,0.1729012580400543
5.087287867293511,0.0,0.0,0.0,0.0214645073778672,-0.01,0.4372326563062956,0.5722249453286778,21.75960982550565,-2.479618128988854,-0.0988550065879998,0.0,0.0,0.0,0.0,0.0,0.3697558808242578,0.5736241189740018,21.466577248407244,0.2728349638604434,0.159807116623875
5.105013608991397,0.0,0.0,0.0,0.0244797181517615,-0.01,0.4355066510635508,0.5722464656036952,21.775720516202863,-2.488039757932049,-0.0872375074234183,0.0,0.0,0.0,0.0,0.0,0.3676858273103896,0.573390296179962,21.47566394770205,0.2669695908852803,0.1589593545981804
5.122739350689284,0.0,0.0,0.0,0.0297609612985571,-0.01,0.4477638202819092,0.571984469872725,21.725278433016992,-2.497672425758951,-0.0761249918563494,0.0,0.0,0.0,0.0,0.0,0.3660000089435972,0.5742865368273731,21.56142548746917,0.2612945766706409,0.1538619298205092
5.140465092387171,0.0,0.0,0.0,0.0307385975824155,-0.01,0.4497973761862598,0.5709516012010282,21.75687513317272,-2.484794504230469,-0.0915766816996511,0.0,0.0,0.0,0.0,0.0,0.3678278383323792,0.5723655696851837,21.56140655241861,0.2605214288681623,0.1536126664046707
5.158190834085058,0.0,0.0,0.0,0.032472223359445,-0.01,0.4487531622653778,0.5698435413114632,21.675939544986417,-2.4847658681752405,-0.0879771208949889,0.0,0.0,0.0,0.0,0.0,0.3683624983484776,0.5732887598491057,21.605442387465644,0.2613258453232849,0.1505588095940755
5.175916575782945,0.0,0.0,0.0,0.0313001030386609,-0.01,0.4388768370553304,0.5702498556428464,21.57992677743319,-2.4912722830844043,-0.0852972626408704,0.0,0.0,0.0,0.0,0.0,0.366191073746738,0.5718576635159937,21.6198245643422,0.2640306012931184,0.1361978436471233
5.193642317480832,0.0,0.0,0.0,0.0282697165485599,-0.01,0.4380399966980976,0.5709205662433265,21.55751585380111,-2.490731048593944,-0.0850217933857722,0.0,0.0,0.0,0.0,0.0,0.3629001866419548,0.5742169497260027,21.672098792786528,0.2631354097741442,0.1317655349004373
5.211368059178718,0.0,0.0,0.0,0.0275763697772884,-0.01,0.4399809367559682,0.5715388089138863,21.398023126569253,-2.494239969347812,-0.0751860044253995,0.0,0.0,0.0,0.0,0.0,0.3641614637304244,0.5739269924045065,21.679325700066364,0.257807334152453,0.1321731022974099
5.229093800876605,0.0,0.0,0.0,0.0328456355311656,-0.01,0.445268663434432,0.5710102869334951,21.34855860119707,-2.50037614872194,-0.0473336209400033,0.0,0.0,0.0,0.0,0.0,0.370792842295264,0.5729806116671774,21.73360065769191,0.2610295183127024,0.1345677623257856
5.246819542574492,0.0,0.0,0.0,0.0330453441487357,-0.01,0.4534154825936356,0.5689119481868499,21.30333365011805,-2.5016970132511984,-0.0660086423210678,0.0,0.0,0.0,0.0,0.0,0.3686470363620276,0.5771945337831053,21.772736102222066,0.2652940594138651,0.1391170869664717
5.264545284272379,0.0,0.0,0.0,0.0343750407103334,-0.01,0.4445389761835108,0.5685131595962598,21.33366726659315,-2.5080303189693662,-0.0655800586376241,0.0,0.0,0.0,0.0,0.0,0.3662758241726952,0.5778844432328436,21.811053224422505,0.2649843147808148,0.1453796903201769
5.282271025970266,0.0,0.0,0.0,0.0320420062493334,-0.01,0.4378478988008248,0.5684185655681555,21.372708912835726,-2.519636937911983,-0.0681747953183883,0.0,0.0,0.0,0.0,0.0,0.3639756839264758,0.578036968115519,21.685506365510207,0.2636239142693771,0.1586679743377536
5.299996767668152,0.0,0.0,0.0,0.0354088067438459,-0.01,0.4446304597162088,0.568824672184921,21.36060502224992,-2.5088777420467667,-0.0385211175814228,0.0,0.0,0.0,0.0,0.0,0.3558576405505184,0.5790374111186385,21.70169082962684,0.2674228210625831,0.1577550653792868
5.317722509366039,0.0,0.0,0.0,0.0354919899385552,-0.01,0.4493093490577768,0.5681535857013517,21.38871684601136,-2.5053695366947,0.0046453515187009,0.0,0.0,0.0,0.0,0.0,0.3547067382990532,0.5797753119121071,21.68395296335281,0.2702647281265102,0.1548974528634365
5.335448251063926,0.0,0.0,0.0,0.0342537878477704,-0.01,0.4576378916554356,0.5689167888096137,21.41438162181916,-2.519517602595954,-0.0167821042782004,0.0,0.0,0.0,0.0,0.0,0.3592980812014248,0.582994740949475,21.704931735182125,0.2658496314237125,0.1670744086880374
5.353173992761812,0.0,0.0,0.0,0.0350391753038196,-0.01,0.4706566662303448,0.5679606355972479,21.421267358712925,-2.529765871002486,0.0065028422241693,0.0,0.0,0.0,0.0,0.0,0.3649475121373888,0.5811118286390691,21.6812131457892,0.2584464915810383,0.1715752998749215
5.3708997344597,0.0,0.0,0.0,0.0307668851052886,-0.01,0.470630305639352,0.5680093427725582,21.47934006675517,-2.541401287136133,-0.0068281596505126,0.0,0.0,0.0,0.0,0.0,0.3629344855999528,0.5821046397213203,21.61334290981259,0.2537843037794793,0.1756191149590185
5.3886254761575865,0.0,0.0,0.0,0.0291360137558996,-0.01,0.4683846207286276,0.5699883955571202,21.43983264865576,-2.541548455754794,-0.00167292808568,0.0,0.0,0.0,0.0,0.0,0.363466307475519,0.5845104355302435,21.512155391621672,0.2543499624237305,0.1727260745223304
5.406351217855473,0.0,0.0,0.0,0.0287573293575624,-0.01,0.4606567167598196,0.5700716338373876,21.459169620266945,-2.5353255460527286,0.0243240012234068,0.0,0.0,0.0,0.0,0.0,0.3668894601223634,0.5841827548712785,21.38400629578828,0.2616823996961502,0.1726688100175001
5.42407695955336,0.0,0.0,0.0,0.0291318125226485,-0.01,0.4673918394602516,0.5719515613423474,21.453002296508032,-2.531068090770771,0.0006091691555564,0.0,0.0,0.0,0.0,0.0,0.3651700481006528,0.5840638667348882,21.31295108222644,0.2580093130084385,0.1738564368164893
5.441802701251246,0.0,0.0,0.0,0.027686332373614,-0.01,0.4696212550001662,0.5731042741625507,21.44461915573571,-2.520782944282821,0.0267042919416329,0.0,0.0,0.0,0.0,0.0,0.367986469559572,0.5853349099657282,21.38915195894396,0.2524975942491348,0.1698680292625438
5.459528442949133,0.0,0.0,0.0,0.0255381194430862,-0.01,0.4604254309716006,0.5718480738510116,21.47979724245449,-2.517045638940073,0.0087507240907837,0.0,0.0,0.0,0.0,0.0,0.3726266111727988,0.5876592547927075,21.363217970906284,0.2574344372301023,0.1748461912421574
5.47725418464702,0.0,0.0,0.0,0.0233716872220189,-0.01,0.4617099343361752,0.5734661106805353,21.54210926691484,-2.515934548932451,-0.0072214615739638,0.0,0.0,0.0,0.0,0.0,0.377394134962867,0.5872030894462167,21.411011537863644,0.2615048818646991,0.180481281482543
5.494979926344907,0.0,0.0,0.0,0.0238705830966408,-0.01,0.46187507373862,0.5722813549789514,21.49527405462043,-2.507075105136684,0.0100502301604316,0.0,0.0,0.0,0.0,0.0,0.3733025312541104,0.5844438494409946,21.36573041761223,0.266136767983184,0.1812141546040208
5.512705668042794,0.0,0.0,0.0,0.0221504803928174,-0.01,0.4513572618294828,0.572347640055296,21.518121925216324,-2.504669510199641,-0.0566840199600022,0.0,0.0,0.0,0.0,0.0,0.3751873426195296,0.5860252383682701,21.34157258118112,0.2722108612186563,0.1902061330091756
5.530431409740681,0.0,0.0,0.0,0.0260399720798679,-0.01,0.4451208613294532,0.5704182624699475,21.48249381114455,-2.5068634552786864,-0.0466339246587782,0.0,0.0,0.0,0.0,0.0,0.3772141038472676,0.5843152926888825,21.44254923550589,0.2657703218813845,0.179594230569588
5.548157151438567,0.0,0.0,0.0,0.0254704077156718,-0.01,0.4419538552268956,0.569648739079605,21.489976808518133,-2.4998655994333667,-0.0370060804110217,0.0,0.0,0.0,0.0,0.0,0.3744156006820668,0.5846378994256041,21.541211891231328,0.2642361202357174,0.1695329268163388
5.565882893136454,0.0,0.0,0.0,0.0227439255443498,-0.01,0.4447408281943268,0.5709971625916069,21.501073149365546,-2.4875048155564925,-0.0451274842735876,0.0,0.0,0.0,0.0,0.0,0.3721577669723618,0.5836044581256593,21.58629029057781,0.2691390578675712,0.1574866176310362
5.583608634834341,0.0,0.0,0.0,0.0211784302037283,-0.01,0.4491951471203112,0.570897781458697,21.486475302616785,-2.4868623614906387,-0.0168542451563173,0.0,0.0,0.0,0.0,0.0,0.3750667080081292,0.5828722706066367,21.646242032602885,0.2679419313693348,0.1577576522170053
5.601334376532228,0.0,0.0,0.0,0.0244715806280161,-0.01,0.4456408919628342,0.569594144655928,21.47493015996484,-2.4962130890704146,-0.03072966195234,0.0,0.0,0.0,0.0,0.0,0.376517689127186,0.5806973781885632,21.6273548710404,0.2564586004129654,0.1640599972798816
5.619060118230115,0.0,0.0,0.0,0.0251501215402707,-0.01,0.4508909132516374,0.5700750344476252,21.494849267018235,-2.502645536331984,-0.0043101132479092,0.0,0.0,0.0,0.0,0.0,0.37384716798662,0.5783822402016411,21.62726322573918,0.2566022619497034,0.1644215969867206
5.636785859928001,0.0,0.0,0.0,0.025966134855981,-0.01,0.4475016402661516,0.5691749128386543,21.48616501679587,-2.501385384311108,-0.0186925547729529,0.0,0.0,0.0,0.0,0.0,0.3648968227029206,0.5783611001463372,21.57284598630477,0.2620348573163867,0.1669801237680411
5.654511601625888,0.0,0.0,0.0,0.0259808116236826,-0.01,0.446984738358967,0.5702215203244559,21.54006729440072,-2.500613303955157,-0.035170485306357,0.0,0.0,0.0,0.0,0.0,0.365576450793963,0.5788680003744768,21.5988744180584,0.2686956097316927,0.164204070315194
5.672237343323775,0.0,0.0,0.0,0.0309874705888769,-0.01,0.4487951969205678,0.5708168372605654,21.522518820679423,-2.490594299683726,-0.0170328853181365,0.0,0.0,0.0,0.0,0.0,0.3598269145818082,0.5790069916250686,21.545798531644994,0.2733839435374736,0.1599940468697132
5.689963085021661,0.0,0.0,0.0,0.0286122846983148,-0.01,0.4499881914122132,0.5706293500093781,21.567991461408933,-2.4964280689119787,-0.0232560631006449,0.0,0.0,0.0,0.0,0.0,0.3649912201955328,0.5808776011001102,21.544128512333195,0.2643665392624688,0.1590054802893364
5.707688826719549,0.0,0.0,0.0,0.0311265422179642,-0.01,0.4485463600505304,0.570718123603411,21.560236306712923,-2.504905780751632,-0.0551787738438011,0.0,0.0,0.0,0.0,0.0,0.3710745274697876,0.5784850932152781,21.54589104640009,0.2573918462780418,0.1656212170868611
5.725414568417436,0.0,0.0,0.0,0.0305217237565782,-0.01,0.4562486045827852,0.5695251325180468,21.54506091159456,-2.497884096372543,-0.0498068361344276,0.0,0.0,0.0,0.0,0.0,0.3694512810071298,0.5785892309935327,21.523980945713813,0.2671327601452898,0.1667630850470663
5.743140310115322,0.0,0.0,0.0,0.0315021284244645,-0.01,0.4498868262704502,0.5705988873039096,21.50957088437591,-2.503529393086172,-0.070923448945851,0.0,0.0,0.0,0.0,0.0,0.3668624593654904,0.5786437965903495,21.5019566059818,0.2724073763192989,0.1668004280922061
5.760866051813209,0.0,0.0,0.0,0.0284371561242765,-0.01,0.458323953295724,0.5702366350361449,21.517031548403764,-2.5164554361401743,-0.0741252754409709,0.0,0.0,0.0,0.0,0.0,0.366260129868492,0.5802065659150926,21.5167377270559,0.2675729270141702,0.1636051594026765
5.778591793511096,0.0,0.0,0.0,0.0282661313779936,-0.01,0.4544740633043514,0.5706054743804294,21.439517956510382,-2.519940667544386,-0.0873271613916602,0.0,0.0,0.0,0.0,0.0,0.3656393470760624,0.5806392549883373,21.497888159707543,0.2677187009179043,0.1652640863993519
5.796317535208982,0.0,0.0,0.0,0.029360968603124,-0.01,0.4578064143929974,0.5722576174737665,21.45066123892964,-2.510983525242502,-0.0788225244674996,0.0,0.0,0.0,0.0,0.0,0.3704677029922928,0.5784271203370515,21.45838410226917,0.2707405127600636,0.1660758955862285
5.81404327690687,0.0,0.0,0.0,0.0279598235484079,-0.01,0.4595613574845296,0.5708180928407776,21.38827738485166,-2.505970796676998,-0.0740684194430271,0.0,0.0,0.0,0.0,0.0,0.3724681752254712,0.5783824219672513,21.480920181337886,0.2692226677014343,0.1633184183279869
5.831769018604756,0.0,0.0,0.0,0.0278024893222788,-0.01,0.460809859567592,0.5705978780601144,21.40198177148676,-2.516896079233464,-0.0619495830931693,0.0,0.0,0.0,0.0,0.0,0.3766495993504364,0.5782099182380909,21.560436100371422,0.2665457552334814,0.1538331640978652
5.849494760302643,0.0,0.0,0.0,0.0314014055126236,-0.01,0.4580882987265476,0.5717191734844264,21.340386336699687,-2.5179779118308963,-0.0497655098542787,0.0,0.0,0.0,0.0,0.0,0.3738897669236636,0.5760074848183938,21.515555650354244,0.2694164145957691,0.1597903537229118
5.86722050200053,0.0,0.0,0.0,0.0300163646986623,-0.01,0.4601012168167606,0.5720993357114922,21.352560763193427,-2.520420499085576,-0.0404503433804202,0.0,0.0,0.0,0.0,0.0,0.3669162108451016,0.5763578432243178,21.48023421000308,0.2712881233468068,0.1610574666751601
5.884946243698416,0.0,0.0,0.0,0.0319304297417334,-0.01,0.4607405920408608,0.5736351949987776,21.387622679961744,-2.5122759560545225,-0.0435926534847353,0.0,0.0,0.0,0.0,0.0,0.3707334312082804,0.5770627353751366,21.504371271049948,0.2710416566143924,0.1740687305360468
5.902671985396303,0.0,0.0,0.0,0.0312157311296708,-0.01,0.458865842695882,0.5713456116123711,21.401215106662622,-2.505668747219204,-0.0464852689601603,0.0,0.0,0.0,0.0,0.0,0.3753183054548948,0.5779941428099804,21.60370717621651,0.271093307315821,0.1667421347887482
5.92039772709419,0.0,0.0,0.0,0.0303397235225108,-0.01,0.4590533612396404,0.5730640358160254,21.35668278274674,-2.5074544881824448,-0.0547897037822484,0.0,0.0,0.0,0.0,0.0,0.3737864606560396,0.5773104404451042,21.55775412139619,0.278754841878741,0.170642233171572
5.938123468792077,0.0,0.0,0.0,0.0323797526574848,-0.01,0.466506853864071,0.5718960934775769,21.44371394102972,-2.505282977632732,-0.0481856082834513,0.0,0.0,0.0,0.0,0.0,0.3782259655651126,0.5769015828492818,21.627556803514903,0.2811778365603559,0.1673284433228441
5.955849210489964,0.0,0.0,0.0,0.0367670956971012,-0.01,0.4613003297953236,0.571763253265184,21.46129361895402,-2.5100688093441783,-0.073152517003684,0.0,0.0,0.0,0.0,0.0,0.3764808075835294,0.5808102050879097,21.58965495464049,0.2734469914877668,0.165568776295555
5.9735749521878505,0.0,0.0,0.0,0.0409777025670218,-0.01,0.4572056230257668,0.5734869245725038,21.542320484181456,-2.514173453854624,-0.0846694086025132,0.0,0.0,0.0,0.0,0.0,0.3789433627535102,0.5800382818190082,21.528328224107085,0.2726405289584979,0.1725450981868099
5.991300693885737,0.0,0.0,0.0,0.0383786895137251,-0.01,0.4556900865225734,0.5739660128095204,21.571792564778505,-2.5065331860092144,-0.0918381734942367,0.0,0.0,0.0,0.0,0.0,0.3833216114504434,0.5801238111100783,21.48364314117337,0.2782490140188073,0.1939134320556749
6.009026435583624,0.0,0.0,0.0,0.034647618648318,-0.01,0.4632441329975736,0.5731349634184219,21.585005761877607,-2.5083873451865566,-0.0933731046372453,0.0,0.0,0.0,0.0,0.0,0.3787476419879218,0.5841549021958278,21.53634738088642,0.2736720571196934,0.1951828276854913
6.026752177281511,0.0,0.0,0.0,0.0301976981638163,-0.01,0.4607739343305986,0.5729472056293177,21.64049951865155,-2.513258874697771,-0.0970967187334024,0.0,0.0,0.0,0.0,0.0,0.3817118846901932,0.5842198129552383,21.53629703699462,0.2676054859035723,0.2003894366377172
6.044477918979398,0.0,0.0,0.0,0.026093746813502,-0.01,0.4529252327059264,0.5722554754181863,21.59134001441969,-2.5090685896985225,-0.0870932267899468,0.0,0.0,0.0,0.0,0.0,0.378853135951316,0.5832874802612381,21.43565350392189,0.2653271968333335,0.1923052752671221
6.062203660677285,0.0,0.0,0.0,0.0225534154642489,-0.01,0.4617734343937104,0.5741232620844096,21.55394566588456,-2.5062873309413933,-0.0892035066791331,0.0,0.0,0.0,0.0,0.0,0.3759692405463038,0.5833427996813983,21.31918895210734,0.268507854678563,0.2022145161194356
6.079929402375171,0.0,0.0,0.0,0.0237228842778575,-0.01,0.4501337923767152,0.57448175195616,21.52879153046987,-2.510439423765884,-0.0839634010577084,0.0,0.0,0.0,0.0,0.0,0.3821140674271296,0.5840766981337467,21.38536750339059,0.2707072775912018,0.1928656840489626
6.097655144073058,0.0,0.0,0.0,0.0241740306672426,-0.01,0.4487123635606444,0.576578771072542,21.50222628107016,-2.5089503393051475,-0.0813961939364241,0.0,0.0,0.0,0.0,0.0,0.3814399629477836,0.5851842585957667,21.310214921172893,0.2714536836547463,0.1989529204692549
6.115380885770945,0.0,0.0,0.0,0.0225511582564821,-0.01,0.4526375452037288,0.5744297902557973,21.51563010982564,-2.505376061641648,-0.0707689151433783,0.0,0.0,0.0,0.0,0.0,0.3772328794288526,0.5812660571262367,21.38943256828367,0.2620792587330193,0.1922630610912432
6.133106627468831,0.0,0.0,0.0,0.0241458077452666,-0.01,0.4589841780172548,0.5734629398135908,21.57184022224006,-2.5059215272949062,-0.0555912762847998,0.0,0.0,0.0,0.0,0.0,0.3735832914505932,0.5820481487971121,21.429326084038017,0.2560261781637636,0.1854394759217111
6.150832369166719,0.0,0.0,0.0,0.0259968629897235,-0.01,0.4580880101876996,0.5728147394975359,21.49535963564349,-2.50772910874686,-0.0594746326179348,0.0,0.0,0.0,0.0,0.0,0.3724359821181832,0.5822201244390436,21.45177032688971,0.2626867318740815,0.179120991230248
6.1685581108646055,0.0,0.0,0.0,0.0273072320620017,-0.01,0.4490956235716032,0.5727308104719863,21.47474693705227,-2.5101692764683903,-0.0743362390341964,0.0,0.0,0.0,0.0,0.0,0.3732032366719784,0.5790541674258549,21.474713050966105,0.2640201622303698,0.1802909165355652
6.186283852562492,0.0,0.0,0.0,0.0295334416677504,-0.01,0.4581796415787752,0.5729178666874792,21.4209699627588,-2.5064203721485767,-0.0702170128959423,0.0,0.0,0.0,0.0,0.0,0.3669754490975376,0.5783690191183325,21.429196810171327,0.2602382141469804,0.1701207112732957
6.204009594260379,0.0,0.0,0.0,0.0253273081365272,-0.01,0.459499348959244,0.572867706766858,21.44552565800893,-2.510257933814158,-0.0789685718152335,0.0,0.0,0.0,0.0,0.0,0.36761112393936,0.5789175777152915,21.557174418917946,0.2648571067706126,0.1734407236146598
6.2217353359582654,0.0,0.0,0.0,0.026121599287483,-0.01,0.4551275600415208,0.572359487637469,21.508682390495835,-2.5086607809617147,-0.0660981056394956,0.0,0.0,0.0,0.0,0.0,0.3645102839691236,0.5778237411186221,21.56318376412943,0.2686362231108391,0.1782927282457671
6.239461077656152,0.0,0.0,0.0,0.0281565011403764,-0.01,0.4653667721232152,0.5723524700896984,21.540026459223853,-2.5012529291801124,-0.0434266409052422,0.0,0.0,0.0,0.0,0.0,0.3565329064112372,0.576731892243116,21.58075700761352,0.26952178074749,0.1868851030065716
6.25718681935404,0.0,0.0,0.0,0.0286167620499287,-0.01,0.4683959370482312,0.5711192696732099,21.509884484412428,-2.5016865950175733,-0.0586428102539404,0.0,0.0,0.0,0.0,0.0,0.355635388249506,0.5757222084399972,21.625812984690167,0.269669819544503,0.1884108847240158
6.274912561051926,0.0,0.0,0.0,0.0258020609014741,-0.01,0.4651140549758104,0.5721010349082853,21.441969987028184,-2.5020356745627823,-0.0677766152924477,0.0,0.0,0.0,0.0,0.0,0.3592378458180764,0.5761429712136217,21.59007049110669,0.2642142466892575,0.1982913465028436
6.292638302749813,0.0,0.0,0.0,0.0212701811407548,-0.01,0.4610004742799854,0.5718853920698511,21.29156124189556,-2.501736407679735,-0.0968693480100501,0.0,0.0,0.0,0.0,0.0,0.3596097261453716,0.5758228388648053,21.57205887679697,0.2584108362845697,0.2099299582130934
6.3103640444477,0.0,0.0,0.0,0.0256357081326465,-0.01,0.4559366816330376,0.5734293227460386,21.36825696589044,-2.511639601205117,-0.1149782093678737,0.0,0.0,0.0,0.0,0.0,0.3623553456876768,0.5727120680929801,21.616743631904384,0.2681953476251874,0.2073103513041218
6.328089786145586,0.0,0.0,0.0,0.0266985938904246,-0.01,0.4514734584542702,0.5734600399339927,21.40780578754648,-2.503088522138518,-0.0972288834240251,0.0,0.0,0.0,0.0,0.0,0.368298004638994,0.5735365802536432,21.56060825862017,0.2759319143813065,0.202138437972344
6.345815527843473,0.0,0.0,0.0,0.0275096080757926,-0.01,0.4542538354255956,0.5724907143043934,21.37424926928616,-2.4971776949961915,-0.1140345221986159,0.0,0.0,0.0,0.0,0.0,0.3699820095450032,0.5742172667864524,21.61745226573772,0.2698492690663121,0.1979995651771378
6.36354126954136,0.0,0.0,0.0,0.0307342409761308,-0.01,0.4574198917234634,0.5737297192422965,21.358819599998903,-2.496840223538302,-0.1250177580289472,0.0,0.0,0.0,0.0,0.0,0.368843555358128,0.5734980126660024,21.608251922747385,0.2627892954150517,0.1972514523005284
6.381267011239247,0.0,0.0,0.0,0.0310173128473719,-0.01,0.4537366680171378,0.5714694319474809,21.301123798966216,-2.488336956057061,-0.1376555950790846,0.0,0.0,0.0,0.0,0.0,0.3705468912239428,0.5739964764112482,21.61416275583788,0.25875519818907,0.1944873623446365
6.398992752937134,0.0,0.0,0.0,0.0280538367946354,-0.01,0.445904679614146,0.5717484147352511,21.28528287348593,-2.4881828627438747,-0.1517625375207228,0.0,0.0,0.0,0.0,0.0,0.375483481991922,0.5746492981826792,21.63107418213542,0.2663143695082284,0.1897702798374659
6.41671849463502,0.0,0.0,0.0,0.0302401747863421,-0.01,0.4324338340149778,0.5723874570252322,21.30438820231037,-2.489355352272462,-0.1317527409880461,0.0,0.0,0.0,0.0,0.0,0.3738308212031732,0.5748531650745496,21.64402234897372,0.2809655652184989,0.1860964632021386
6.434444236332907,0.0,0.0,0.0,0.0288139228364817,-0.01,0.4345105231787028,0.5711899925861984,21.35293331603847,-2.488134724441404,-0.1127788681734159,0.0,0.0,0.0,0.0,0.0,0.3736235460452792,0.577204120673984,21.693628308729927,0.286626538183516,0.182596276419977
6.452169978030794,0.0,0.0,0.0,0.0289789289907313,-0.01,0.4400007057117836,0.5734029190572679,21.48682843219916,-2.485976907183164,-0.0931589504449101,0.0,0.0,0.0,0.0,0.0,0.377760001422211,0.5765202468274673,21.68830123033587,0.2862788107213221,0.179689648576194
6.46989571972868,0.0,0.0,0.0,0.0288798773822452,-0.01,0.4436515916857964,0.572521450137734,21.408270991558684,-2.4743678388614785,-0.07074065213666,0.0,0.0,0.0,0.0,0.0,0.3766597021633544,0.5779473628741683,21.680686786316016,0.2900124584158137,0.179862242442135
6.487621461426568,0.0,0.0,0.0,0.0299121826356222,-0.01,0.4488809607403952,0.5733756282371016,21.37390549030681,-2.484710461205084,-0.0818420928168695,0.0,0.0,0.0,0.0,0.0,0.3745145976889948,0.579227758231302,21.69044706027446,0.2927613658517008,0.1810418110452163
6.505347203124455,0.0,0.0,0.0,0.0255912056315803,-0.01,0.4511433016917544,0.5735205850927328,21.360418986339305,-2.4826257640836094,-0.0557675835782741,0.0,0.0,0.0,0.0,0.0,0.3705318291216544,0.5789109554819291,21.677790872682124,0.2883323418900608,0.1829022558654192
6.523072944822341,0.0,0.0,0.0,0.028312631107167,-0.01,0.4452260013484696,0.5722644805297383,21.358988712370287,-2.483457360124366,-0.0448908661231463,0.0,0.0,0.0,0.0,0.0,0.3699718833304968,0.5799924957775277,21.692556695143185,0.2848796499463484,0.1788772934756858
6.540798686520228,0.0,0.0,0.0,0.0277410946321378,-0.01,0.4423140844887492,0.5737151710838925,21.337200749106035,-2.4826624666236574,-0.042367663138486,0.0,0.0,0.0,0.0,0.0,0.3662155702034356,0.5795576912791095,21.711688454156377,0.2865002839443927,0.1802518944437626
6.5585244282181145,0.0,0.0,0.0,0.0279612455798148,-0.01,0.4401855804146284,0.5737794886939173,21.427255753020507,-2.4855823450670185,-0.0441103412310341,0.0,0.0,0.0,0.0,0.0,0.3672342814000242,0.5785625630612092,21.69943217615079,0.2885219856886551,0.1819307776231409
6.576250169916001,0.0,0.0,0.0,0.0288270425223651,-0.01,0.4523563084969632,0.5741081101172846,21.3734197753746,-2.4907297730110662,-0.0454202741400876,0.0,0.0,0.0,0.0,0.0,0.3632123304659468,0.5797601115409163,21.74004115565876,0.2936200490765557,0.1798987122424007
6.593975911613889,0.0,0.0,0.0,0.034226579425014,-0.01,0.4537134667928632,0.574530627940786,21.35392258787533,-2.491311826342227,-0.0441522312284195,0.0,0.0,0.0,0.0,0.0,0.3606807508977704,0.5796852117009472,21.71975376635428,0.2930471768843446,0.1866706921169282
6.611701653311775,0.0,0.0,0.0,0.0341243705605965,-0.01,0.4628046740125754,0.5726287783321726,21.28337429510635,-2.4865270617301487,-0.0332219770201573,0.0,0.0,0.0,0.0,0.0,0.3629666744672712,0.5803697561469816,21.708640567661224,0.2881466698063693,0.1833966220246817
6.629427395009662,0.0,0.0,0.0,0.031754285928977,-0.01,0.467125157359176,0.5728406290785963,21.335661063906645,-2.489904934552214,-0.0194841494219516,0.0,0.0,0.0,0.0,0.0,0.3576233427252082,0.579051475898715,21.67059230403173,0.2893915447991513,0.1868144616188209
6.647153136707549,0.0,0.0,0.0,0.0292820493998112,-0.01,0.4617667575443224,0.5722744399518944,21.42405430337566,-2.495245371244027,-0.0426023137386646,0.0,0.0,0.0,0.0,0.0,0.356116195680403,0.5768336034508872,21.623554145675985,0.2952043315452102,0.1819662719774873
6.664878878405435,0.0,0.0,0.0,0.0309221966782044,-0.01,0.4535948024441896,0.5733716341558813,21.47038513718988,-2.5048825852592542,-0.0819639246095852,0.0,0.0,0.0,0.0,0.0,0.3618910706045892,0.5780802050240642,21.59107993581522,0.2922517182141406,0.1894126586762256
6.682604620103322,0.0,0.0,0.0,0.0289930359872806,-0.01,0.4522963481257182,0.5735771998048206,21.44676852536153,-2.510969958029014,-0.0868920975078125,0.0,0.0,0.0,0.0,0.0,0.3600338404495368,0.576226570139737,21.57620959027772,0.2877482849622267,0.1969207420854691
6.7003303618012096,0.0,0.0,0.0,0.0319828219256973,-0.01,0.4520161190345856,0.5742152715729277,21.5044120989116,-2.497973126341688,-0.0892144286555122,0.0,0.0,0.0,0.0,0.0,0.3681580426328478,0.5782225372110774,21.536351303635094,0.2945643965831386,0.1967681719147225
6.718056103499096,0.0,0.0,0.0,0.0348697534198474,-0.01,0.452436027479928,0.5722918669757356,21.424836076420867,-2.483473330548614,-0.0851351569233546,0.0,0.0,0.0,0.0,0.0,0.3659809754472834,0.5784741750704858,21.51563124870245,0.3009279181003579,0.1978193554221264
6.735781845196983,0.0,0.0,0.0,0.0308077934831801,-0.01,0.4463473756881278,0.5722594251759745,21.481783342075737,-2.493304337761294,-0.0808263914504842,0.0,0.0,0.0,0.0,0.0,0.3646194116943744,0.5760201478609382,21.46919234817709,0.2967077059962623,0.1979624372305579
6.7535075868948695,0.0,0.0,0.0,0.0280317817329479,-0.01,0.4507346365115962,0.5728222060527343,21.45844711127574,-2.499363419449739,-0.0598240042782351,0.0,0.0,0.0,0.0,0.0,0.3637802781876166,0.574475001491686,21.4072755902897,0.2948498357940192,0.2007078843083733
6.771233328592756,0.0,0.0,0.0,0.0283725735603439,-0.01,0.4396020195238164,0.5733642737296266,21.471136678770105,-2.493019568808893,-0.0538882383911666,0.0,0.0,0.0,0.0,0.0,0.3606780160149976,0.5761762163713711,21.455508343981204,0.2948517219866194,0.2116122654171808
6.788959070290643,0.0,0.0,0.0,0.0272893679753748,-0.01,0.4394396224914996,0.5737143812903419,21.46585589483432,-2.485641605798448,-0.0829117973133541,0.0,0.0,0.0,0.0,0.0,0.3670732129424944,0.5769427838803949,21.44091633411425,0.292502775944889,0.2147839041725374
6.80668481198853,0.0,0.0,0.0,0.0301478093460631,-0.01,0.441674241574259,0.5757950202044438,21.376281268515264,-2.4758229664762297,-0.0590186600402903,0.0,0.0,0.0,0.0,0.0,0.3680608459792472,0.5757699037038394,21.46787031353381,0.2867707247405503,0.2190535254203593
6.824410553686417,0.0,0.0,0.0,0.0316643800754556,-0.01,0.4412848502962868,0.574842458743356,21.463914499266323,-2.4779611070906893,-0.0104848045558694,0.0,0.0,0.0,0.0,0.0,0.3632265797225136,0.5746717543143536,21.4886457289362,0.2890032352627261,0.2109797849857835
6.842136295384304,0.0,0.0,0.0,0.0293675271133885,-0.01,0.4436256532146702,0.5753195309923371,21.53290705664754,-2.472006115129229,0.0027943009060025,0.0,0.0,0.0,0.0,0.0,0.3600763522285898,0.5757320822130086,21.50763652523824,0.2971233332579429,0.2173509059269965
6.85986203708219,0.0,0.0,0.0,0.0298423178120635,-0.01,0.4432953907319766,0.5739243509263711,21.473148317963847,-2.472064649777352,0.0298775124834208,0.0,0.0,0.0,0.0,0.0,0.3535018150365084,0.5737923945543312,21.52455172203824,0.2971013794071896,0.2202292809821322
6.877587778780077,0.0,0.0,0.0,0.0300740955719567,-0.01,0.4417289386802504,0.5745584036694994,21.500884125956603,-2.482221145662086,0.0473074561484138,0.0,0.0,0.0,0.0,0.0,0.3549428397196928,0.576750088729955,21.49701736205329,0.2967263397783957,0.2267514129875757
6.895313520477964,0.0,0.0,0.0,0.0304232347646737,-0.01,0.4455774952180236,0.5742869108021944,21.49505401007085,-2.483543391834892,0.0353711271044496,0.0,0.0,0.0,0.0,0.0,0.3602956857882868,0.5793610416265533,21.496836381237497,0.2957983085810542,0.2270278506025734
6.91303926217585,0.0,0.0,0.0,0.0282550498164991,-0.01,0.4398470566672236,0.5741518570177768,21.499178002835592,-2.4800252369568008,-0.002789892445946,0.0,0.0,0.0,0.0,0.0,0.3626584740505636,0.5813448216903093,21.576652459065027,0.2955310860946407,0.2231268893681252
6.930765003873738,0.0,0.0,0.0,0.0275847815542093,-0.01,0.4471589526104504,0.5738190565970236,21.48943375991242,-2.478530915277375,-0.0036740754514743,0.0,0.0,0.0,0.0,0.0,0.3610796240314384,0.5813498757809984,21.529056807809432,0.3019681027107994,0.2193925697994933
6.9484907455716245,0.0,0.0,0.0,0.0292776636235101,-0.01,0.444156739975158,0.5730627655591338,21.47826305243787,-2.477157814795778,0.0136815552645919,0.0,0.0,0.0,0.0,0.0,0.3609675527759884,0.5834963168596616,21.611293760368547,0.3050635920061898,0.2142879803597241
6.966216487269511,0.0,0.0,0.0,0.0249114104488053,-0.01,0.4459683692896024,0.5708923631869184,21.51096032328472,-2.492536223581101,0.0144902865599865,0.0,0.0,0.0,0.0,0.0,0.3660124791488384,0.5851429655585174,21.58294178885259,0.2975506886504997,0.2092759096947497
6.983942228967398,0.0,0.0,0.0,0.0250062842961216,-0.01,0.4471850986400464,0.5715962467672978,21.488722340237345,-2.4969801213794667,-0.0169927191656681,0.0,0.0,0.0,0.0,0.0,0.368957816368131,0.5871503958790625,21.58521991896705,0.2922706477517954,0.2142278715759038
7.0016679706652845,0.0,0.0,0.0,0.0296287950319251,-0.01,0.4433815108906948,0.5711566444955352,21.461319117083946,-2.495259884635857,-0.0175254347996133,0.0,0.0,0.0,0.0,0.0,0.3761649253182806,0.5869197049071632,21.502037729773665,0.2896193120978365,0.2158185969113377
7.019393712363171,0.0,0.0,0.0,0.0251602359140385,-0.01,0.4537432298457752,0.5723943888067792,21.50633828249955,-2.50117103435431,-0.0266321487854569,0.0,0.0,0.0,0.0,0.0,0.3787586995049152,0.5878797895816184,21.538159916808443,0.2900038684486152,0.2186475844776299
7.037119454061059,0.0,0.0,0.0,0.0276526093311812,-0.01,0.4567480364503608,0.5718034141002772,21.479011341803982,-2.515148760011607,-0.0467569190862547,0.0,0.0,0.0,0.0,0.0,0.3740593192369808,0.588056992704555,21.6196218281544,0.2915161532740743,0.2125553121653735
7.054845195758945,0.0,0.0,0.0,0.029405786753493,-0.01,0.4508968687152498,0.5715404796009931,21.45264963332622,-2.514537251736328,-0.056561376823817,0.0,0.0,0.0,0.0,0.0,0.3726104690104104,0.5884090319009155,21.618110530060747,0.2829059472314263,0.2129123757001149
7.072570937456832,0.0,0.0,0.0,0.0304474125741249,-0.01,0.4497987801022492,0.5717606307458499,21.43213820456988,-2.5162617604641064,-0.0616937356582493,0.0,0.0,0.0,0.0,0.0,0.373974237798828,0.5865433927160534,21.55199085021237,0.2658734634476968,0.2105921358617912
7.090296679154719,0.0,0.0,0.0,0.030278419651968,-0.01,0.4417232956097722,0.5709213104664649,21.414682392972647,-2.5291334448985405,-0.0772890999936937,0.0,0.0,0.0,0.0,0.0,0.3754613231326452,0.585962674522737,21.6080993737483,0.2765290660464864,0.2033447133640664
7.108022420852605,0.0,0.0,0.0,0.0252892490045479,-0.01,0.439605779813373,0.5702751427877277,21.413553871691978,-2.540720829597315,-0.0667870517691371,0.0,0.0,0.0,0.0,0.0,0.3772083976607552,0.5844491944106509,21.57284010323916,0.2890101407595368,0.1972486823820933
7.125748162550492,0.0,0.0,0.0,0.0274485296531687,-0.01,0.4398391345546536,0.570329857173374,21.370204523842244,-2.5324420232976035,-0.0422762139708763,0.0,0.0,0.0,0.0,0.0,0.3797957897387724,0.5846807969204891,21.67617371270372,0.2865485812397851,0.2032228131251999
7.14347390424838,0.0,0.0,0.0,0.0270491901875532,-0.01,0.4359504671023844,0.5697589457161464,21.36877948917196,-2.525849641809346,-0.0263960031389347,0.0,0.0,0.0,0.0,0.0,0.3778519769573642,0.5839837974429695,21.645344112027853,0.2829811751635972,0.2045687419140205
7.161199645946266,0.0,0.0,0.0,0.0252252420216539,-0.01,0.4402790526394362,0.5707831963546875,21.364833584280653,-2.519461276674495,-0.0162321923272131,0.0,0.0,0.0,0.0,0.0,0.3744364470331584,0.5841458567724087,21.67738743701212,0.2827106513463535,0.1913038322720514
7.178925387644153,0.0,0.0,0.0,0.025717057443067,-0.01,0.4360842326961816,0.5701550468113149,21.350873862134964,-2.515915634666143,-0.046751191715806,0.0,0.0,0.0,0.0,0.0,0.3730921632195872,0.5830845898583104,21.70049305158072,0.2867776189834265,0.1899127964287824
7.196651129342039,0.0,0.0,0.0,0.0213766647186072,-0.01,0.4418816941854416,0.5693267884389059,21.32544989291401,-2.522603551736596,-0.0786044508539932,0.0,0.0,0.0,0.0,0.0,0.3670641967473556,0.5816228779116311,21.62281448858195,0.2945069284663887,0.1985480471269745
7.214376871039926,0.0,0.0,0.0,0.0214647845369506,-0.01,0.4449909990366004,0.5697331885700315,21.394527825765504,-2.5252299406760503,-0.0751275789538342,0.0,0.0,0.0,0.0,0.0,0.366773792794168,0.5813693435554427,21.59530459662773,0.2940073984690318,0.1990655626413267
7.232102612737813,0.0,0.0,0.0,0.022394768328768,-0.01,0.4501639848886382,0.5689943571340895,21.45590917770184,-2.523766440601452,-0.0707803742874404,0.0,0.0,0.0,0.0,0.0,0.3694201977770658,0.5829089671033281,21.72083993124881,0.2886169089022884,0.198241914662433
7.2498283544357,0.0,0.0,0.0,0.021993726596531,-0.01,0.4477216525686844,0.569429842097795,21.466035368905366,-2.5175370910566985,-0.0737762398995597,0.0,0.0,0.0,0.0,0.0,0.369696106636594,0.5827186661007357,21.664933199159584,0.2886114354770183,0.1988968013414202
7.267554096133587,0.0,0.0,0.0,0.0227830077809593,-0.01,0.4470275316991108,0.5705941042412553,21.48294938101024,-2.521593480052892,-0.0811434557105302,0.0,0.0,0.0,0.0,0.0,0.3673457629813332,0.5823951120265123,21.664069794550542,0.2934451729320637,0.1968299303689238
7.285279837831474,0.0,0.0,0.0,0.0240665914844224,-0.01,0.4445672490752626,0.5708798728860974,21.52839836218018,-2.5248293122237904,-0.101194792973116,0.0,0.0,0.0,0.0,0.0,0.365149457032454,0.5827701440138868,21.61321065546733,0.2985824370490256,0.1918805066100428
7.30300557952936,0.0,0.0,0.0,0.0263883774724389,-0.01,0.4431520751455948,0.5705139265783656,21.47364896709582,-2.5180203799404075,-0.104645922053483,0.0,0.0,0.0,0.0,0.0,0.3658824183849024,0.5840821309186459,21.665762626848867,0.3020820932499592,0.1863906651208123
7.320731321227247,0.0,0.0,0.0,0.0276777407674758,-0.01,0.446441895105107,0.5692518991421088,21.4466552883974,-2.502459171640008,-0.1175973888746028,0.0,0.0,0.0,0.0,0.0,0.3722309740476618,0.5836061233004675,21.6879308217125,0.2962089904857592,0.1910473280679784
7.338457062925134,0.0,0.0,0.0,0.0333432836274534,-0.01,0.448124789712082,0.5700906990880491,21.43827693125536,-2.5049461883818576,-0.110930968217492,0.0,0.0,0.0,0.0,0.0,0.370725588413818,0.5838790336952095,21.668477553711867,0.2936658711581924,0.1888583478249008
7.35618280462302,0.0,0.0,0.0,0.032004573648944,-0.01,0.4408489688807228,0.5714400587682819,21.46521373953044,-2.5115479283698416,-0.0908898283689019,0.0,0.0,0.0,0.0,0.0,0.3732833355236104,0.5836848524084228,21.679771054114,0.2937192750940912,0.1824779092498383
7.373908546320908,0.0,0.0,0.0,0.0272163822398559,-0.01,0.4413519493001996,0.5709016330787708,21.35982407303184,-2.5193185865273207,-0.095053087856676,0.0,0.0,0.0,0.0,0.0,0.3710532499950832,0.5831530602476123,21.71181791893629,0.2955842528005404,0.1719456992015272
7.391634288018794,0.0,0.0,0.0,0.0269474280449799,-0.01,0.4324002677477436,0.5735901831385573,21.308156541958983,-2.509265076971709,-0.0862248656233933,0.0,0.0,0.0,0.0,0.0,0.3687856267466726,0.5836190044163198,21.6489104957732,0.3001739099334473,0.1754644398861172
7.409360029716681,0.0,0.0,0.0,0.0272006568046999,-0.01,0.4404958796152408,0.5742075214251562,21.327011328032853,-2.5047785853455986,-0.081199795368855,0.0,0.0,0.0,0.0,0.0,0.367828670181556,0.5844393791208032,21.695277724559965,0.2977255751128966,0.1855273698996574
7.427085771414568,0.0,0.0,0.0,0.0323050404996607,-0.01,0.4459380390762056,0.5737225519486526,21.301684464429496,-2.502397299252999,-0.0802047790674981,0.0,0.0,0.0,0.0,0.0,0.3659522208397682,0.5859672246778903,21.668865435616816,0.2887757813266577,0.1919106581248381
7.444811513112454,0.0,0.0,0.0,0.031461940989168,-0.01,0.4416376169529202,0.5742119353867017,21.35654035955072,-2.5129613074406767,-0.0785002843179761,0.0,0.0,0.0,0.0,0.0,0.3624241574173328,0.5849777995116887,21.62664085123801,0.2905814264217041,0.1991423728102669
7.462537254810341,0.0,0.0,0.0,0.0292340027838804,-0.01,0.451603903992616,0.5747551817681185,21.381691470394244,-2.511871951676796,-0.0788634866735509,0.0,0.0,0.0,0.0,0.0,0.3683344465950212,0.5809191955250169,21.560764125017585,0.2995594148429708,0.2018311443472946
7.480262996508229,0.0,0.0,0.0,0.0299120989408116,-0.01,0.448447512246981,0.5755637217560926,21.37776615766255,-2.5142937863777,-0.076772260647138,0.0,0.0,0.0,0.0,0.0,0.3624882867312916,0.5850688144573788,21.54370133320234,0.3040264415911786,0.2043676104820566
7.497988738206115,0.0,0.0,0.0,0.0247098202701713,-0.01,0.4437686160530156,0.5756972225273957,21.40858118131832,-2.520029748026658,-0.0788187033087468,0.0,0.0,0.0,0.0,0.0,0.369045032296836,0.5852311582918017,21.518037842331044,0.3041882847295039,0.2096076525734429
7.515714479904002,0.0,0.0,0.0,0.0255457583221779,-0.01,0.4343807250480808,0.574908899360806,21.485552993700946,-2.495332144749685,-0.0825090782322695,0.0,0.0,0.0,0.0,0.0,0.3694548849393036,0.5846105133992284,21.537426081494928,0.2989023747807626,0.2177883787413859
7.533440221601888,0.0,0.0,0.0,0.0297115531213668,-0.01,0.4299371627782166,0.5751667863478314,21.575782723994056,-2.4855863287209288,-0.0704200952671983,0.0,0.0,0.0,0.0,0.0,0.37618196783706,0.5829648558083619,21.535686633392714,0.2954037324937986,0.2308379438763211
7.551165963299775,0.0,0.0,0.0,0.0301557660777475,-0.01,0.4460507986468564,0.5733293900483194,21.644423530959163,-2.4960799654889865,-0.0530208978056619,0.0,0.0,0.0,0.0,0.0,0.3771921423724184,0.5807695210000239,21.51560296273149,0.2997922585194582,0.2348718492725415
7.568891704997662,0.0,0.0,0.0,0.0318501061518579,-0.01,0.4426759428773798,0.5738192547983744,21.62557179561905,-2.4956688585947684,-0.0547215134611867,0.0,0.0,0.0,0.0,0.0,0.374865529709883,0.5792752608547382,21.476661824659995,0.3019957922967393,0.2329729319262601
7.586617446695549,0.0,0.0,0.0,0.0290471965284287,-0.01,0.4416838871685936,0.5735134645114471,21.598403643639468,-2.488996814739884,-0.0791431838694302,0.0,0.0,0.0,0.0,0.0,0.3754566048098252,0.5791619208121614,21.48689479932593,0.2964505541816212,0.2298249907780986
7.604343188393436,0.0,0.0,0.0,0.027947110984907,-0.01,0.4521126256185312,0.5728606107197194,21.50757651269252,-2.475886708606135,-0.0885835003600473,0.0,0.0,0.0,0.0,0.0,0.3787184337550246,0.5818161331899806,21.518271375490947,0.2960910167518127,0.2269384315090221
7.622068930091323,0.0,0.0,0.0,0.0306742616766047,-0.01,0.4461562253547176,0.5733417120506097,21.577208735672578,-2.4920402407063165,-0.1047456306897457,0.0,0.0,0.0,0.0,0.0,0.3735177835840968,0.5839002164943803,21.57158748120898,0.2980129477949705,0.2255713621222098
7.639794671789209,0.0,0.0,0.0,0.0263038316291279,-0.01,0.4545295679539652,0.5727120678651957,21.61345909877105,-2.4903402407084685,-0.0941754626473467,0.0,0.0,0.0,0.0,0.0,0.3732400382218036,0.578060857401706,21.57936081243412,0.3006918149425812,0.2263732639338228
7.657520413487096,0.0,0.0,0.0,0.0269275952829091,-0.01,0.4553936876341332,0.5719943913995188,21.58293141715956,-2.4898813360420364,-0.0583847721344859,0.0,0.0,0.0,0.0,0.0,0.3728937823168864,0.5800691871650405,21.602253347093363,0.3042219145178738,0.218951892936412
7.675246155184983,0.0,0.0,0.0,0.0276425162820543,-0.01,0.4591728302379912,0.5726610603378472,21.48852062899903,-2.483369128063766,-0.0543496219556364,0.0,0.0,0.0,0.0,0.0,0.375256762526875,0.581141376202798,21.483249470823047,0.2988492941503917,0.2174296688074521
7.69297189688287,0.0,0.0,0.0,0.0255448010471433,-0.01,0.4644064982938568,0.5745136847631952,21.420676277101908,-2.4728271447498926,-0.035706101235963,0.0,0.0,0.0,0.0,0.0,0.3680024429923496,0.5826722434347382,21.46147336076545,0.2913254566307802,0.2160018055935198
7.710697638580757,0.0,0.0,0.0,0.0268100354205223,-0.01,0.4535171075850012,0.5747715725459239,21.37087084219069,-2.4759255898547674,-0.0596926960484667,0.0,0.0,0.0,0.0,0.0,0.3629891964836552,0.5834025506547046,21.462360823018493,0.3006828854390218,0.2124259994797864
7.7284233802786435,0.0,0.0,0.0,0.0257038759894399,-0.01,0.4572139057685328,0.5738051746198467,21.37626008638404,-2.4763486749946524,-0.0606986882061242,0.0,0.0,0.0,0.0,0.0,0.3687960904053018,0.5852637034826189,21.484751059178603,0.3081752606532082,0.2158257002085758
7.74614912197653,0.0,0.0,0.0,0.0267894483552291,-0.01,0.4546289151112552,0.5736829285816538,21.34835588973959,-2.4794994675018005,-0.0509707152835222,0.0,0.0,0.0,0.0,0.0,0.3705713891080676,0.585388987868263,21.537900726235584,0.2974689550744662,0.2117194967700402
7.763874863674417,0.0,0.0,0.0,0.0269470954358834,-0.01,0.4500322219926132,0.5720607001321933,21.42667492998181,-2.481492391571007,-0.0672156151395486,0.0,0.0,0.0,0.0,0.0,0.3697007123534994,0.5828040838306419,21.525071359915643,0.2932120774135833,0.2130819213429873
7.781600605372303,0.0,0.0,0.0,0.0255734435619046,-0.01,0.4504851577795904,0.5718004770859549,21.40372995042204,-2.4826437381363893,-0.0740675916931804,0.0,0.0,0.0,0.0,0.0,0.3707371176419048,0.5823057667053331,21.48393075675874,0.3038220570050191,0.2175301583396361
7.79932634707019,0.0,0.0,0.0,0.0285663752389122,-0.01,0.4458371642777592,0.5724477452341056,21.42674298009696,-2.4921009397071985,-0.0910793300695994,0.0,0.0,0.0,0.0,0.0,0.3723816642919238,0.584782605106754,21.51019141763956,0.3045595013814521,0.2199363616820383
7.817052088768078,0.0,0.0,0.0,0.0282793168290513,-0.01,0.4487163638673014,0.5715006288743915,21.45392983893773,-2.489182545361833,-0.1041093614146383,0.0,0.0,0.0,0.0,0.0,0.368128727320022,0.583917068362212,21.566346324729125,0.2969302338350363,0.2203502726802869
7.834777830465964,0.0,0.0,0.0,0.0297677557989282,-0.01,0.446706027275306,0.5716230468399861,21.46954947489587,-2.488540214166365,-0.0994318003444982,0.0,0.0,0.0,0.0,0.0,0.3611339980670496,0.5818670699790043,21.64682776171416,0.2975469299693802,0.22045977779575
7.852503572163851,0.0,0.0,0.0,0.0279894822864185,-0.01,0.4403123903271904,0.5697760130319839,21.492016290807943,-2.4723154526476843,-0.0978561245547383,0.0,0.0,0.0,0.0,0.0,0.3648076692959792,0.5804350860583725,21.64799249172695,0.3020294579050161,0.2169041858574605
7.870229313861738,0.0,0.0,0.0,0.0267575134236889,-0.01,0.4522579518402174,0.5698494003702554,21.45743010262054,-2.480060731447218,-0.0727458740633578,0.0,0.0,0.0,0.0,0.0,0.3670083785907332,0.5816237672638618,21.597094170964667,0.2973309695630904,0.2103879386323528
7.887955055559624,0.0,0.0,0.0,0.0296810380993883,-0.01,0.4576475998215992,0.5696553824221824,21.53082663336896,-2.503190666872245,-0.0801863229066839,0.0,0.0,0.0,0.0,0.0,0.3679842833604204,0.5820482519702106,21.67196767705864,0.2869680007576242,0.2036837858821609
7.905680797257511,0.0,0.0,0.0,0.02698010978348,-0.01,0.4623245158751458,0.5703589249579318,21.521477722821103,-2.4928644325428544,-0.0706224162553421,0.0,0.0,0.0,0.0,0.0,0.3714495095807664,0.5825663534689549,21.558836885778568,0.2896488193686938,0.2135285560615043
7.9234065389553985,0.0,0.0,0.0,0.0234786493287676,-0.01,0.4557521142295082,0.5718384687702036,21.462711184711782,-2.48537788185566,-0.0635359816815705,0.0,0.0,0.0,0.0,0.0,0.373212508649569,0.5816821301849461,21.584841572829944,0.2933155563295556,0.2181215667291151
7.941132280653285,0.0,0.0,0.0,0.0231923960955328,-0.01,0.4518608301950752,0.5727185710908717,21.40483022763254,-2.4820881661475607,-0.0666571619153747,0.0,0.0,0.0,0.0,0.0,0.3730360307113944,0.580539517716947,21.59843073388468,0.293093355009378,0.2156361219150991
7.958858022351172,0.0,0.0,0.0,0.022778627363099,-0.01,0.4483977714963612,0.5734315826504789,21.319346740251465,-2.476875201133636,-0.0931552428652569,0.0,0.0,0.0,0.0,0.0,0.3745459684767764,0.5797149395192219,21.590294855116667,0.2925401776477439,0.2154243684332864
7.976583764049058,0.0,0.0,0.0,0.0196821411860241,-0.01,0.4477099371897086,0.5753808900429862,21.310283368645425,-2.467599673623976,-0.0977468684147658,0.0,0.0,0.0,0.0,0.0,0.3716837084309822,0.5790661657727102,21.477048575512462,0.2929294622897878,0.221151584322167
7.994309505746945,0.0,0.0,0.0,0.019268464334583,-0.01,0.4543990894763708,0.5752689328851085,21.367702574069657,-2.466718894036566,-0.0771078170286621,0.0,0.0,0.0,0.0,0.0,0.3714933395019288,0.5816574259837244,21.50425178023853,0.2929128274573793,0.217775869599991
8.012035247444832,0.0,0.0,0.0,0.0188805181423009,-0.01,0.4527057632659544,0.5761214436150182,21.378092663594465,-2.468546822470758,-0.0948317679577808,0.0,0.0,0.0,0.0,0.0,0.3708419042144412,0.5826522138548432,21.57659538289712,0.2904142886488333,0.2100951177739475
8.02976098914272,0.0,0.0,0.0,0.0204624015244495,-0.01,0.4429383027305472,0.5767957589093109,21.39445744624591,-2.460661506527855,-0.1048706165825719,0.0,0.0,0.0,0.0,0.0,0.3712051641646358,0.5823921173204374,21.65019588751852,0.2865661239453201,0.219523221247294
8.047486730840605,0.0,0.0,0.0,0.0168921633583955,-0.01,0.4479067793108584,0.5772592246828254,21.306864946281948,-2.4630805377262845,-0.0695894288499468,0.0,0.0,0.0,0.0,0.0,0.367077182804449,0.5804026099948882,21.61971727080353,0.2815980002687127,0.2210551379849625
8.065212472538493,0.0,0.0,0.0,0.0154336506534939,-0.01,0.4439772117801036,0.5773877852774854,21.418866655368067,-2.4674735539403545,-0.0822416199206933,0.0,0.0,0.0,0.0,0.0,0.3665169461716456,0.5795447274178659,21.679838535545432,0.2842354014736891,0.2217495315074695
8.08293821423638,0.0,0.0,0.0,0.0203318286621942,-0.01,0.4449515070668482,0.5779739735207123,21.45271551387097,-2.47647186859539,-0.0653581274608475,0.0,0.0,0.0,0.0,0.0,0.3633408635261948,0.5802830749337728,21.68979144749411,0.2873041945236646,0.2188779020580246
8.100663955934266,0.0,0.0,0.0,0.0229644025555543,-0.01,0.4483867743917556,0.5755828423755666,21.447840477112283,-2.466685410563852,-0.0709471633891961,0.0,0.0,0.0,0.0,0.0,0.3649181608618452,0.5830989209580391,21.713294009287576,0.2839541441496668,0.2242751369146013
8.118389697632153,0.0,0.0,0.0,0.0234647261906285,-0.01,0.4480007840831358,0.575807645866227,21.570753503983337,-2.4621290170972783,-0.0508596484202244,0.0,0.0,0.0,0.0,0.0,0.3639957252746336,0.5841853070806525,21.693654571743338,0.2798986714953774,0.230146538738439
8.13611543933004,0.0,0.0,0.0,0.0253740480700911,-0.01,0.4452866206247972,0.5746917453323275,21.527730573888466,-2.4692567843490503,-0.0608858656555647,0.0,0.0,0.0,0.0,0.0,0.3668217603694302,0.585734260766706,21.778751025506097,0.2894363080224723,0.231466219346667
8.153841181027927,0.0,0.0,0.0,0.0228454900716205,-0.01,0.4368334754676396,0.5756027900410378,21.53479769888752,-2.467218949315568,-0.084220935467849,0.0,0.0,0.0,0.0,0.0,0.3729092861326878,0.5815247738419884,21.70224296485621,0.2956895052073459,0.2403165154504938
8.171566922725813,0.0,0.0,0.0,0.0229481036663873,-0.01,0.448846330570764,0.5758164476528623,21.473222078264328,-2.471223759593135,-0.0822947991753954,0.0,0.0,0.0,0.0,0.0,0.3805949815915676,0.5831689680496891,21.618435926431168,0.2978301439854926,0.2482431176184422
8.1892926644237,0.0,0.0,0.0,0.021161031759751,-0.01,0.4560957649289272,0.5765171813860718,21.54617876286818,-2.4759252506581912,-0.0817483936916053,0.0,0.0,0.0,0.0,0.0,0.3821338864692858,0.5810885716096875,21.615293213271343,0.2967502383101305,0.244051486503284
8.207018406121588,0.0,0.0,0.0,0.0260765852586915,-0.01,0.4453565782074272,0.5768106471022446,21.581582981001183,-2.474177768646531,-0.083705702424493,0.0,0.0,0.0,0.0,0.0,0.37943361170501,0.5808461891299912,21.578282313637768,0.3001656885424865,0.2432107870705249
8.224744147819473,0.0,0.0,0.0,0.027742803491912,-0.01,0.4477029809858474,0.57635380083127,21.48887977434744,-2.473465167015806,-0.0943190180011372,0.0,0.0,0.0,0.0,0.0,0.3770122792829986,0.5818377049831716,21.61433677994233,0.3000328851412173,0.2330921955722684
8.242469889517361,0.0,0.0,0.0,0.0268521761889725,-0.01,0.451842307093306,0.5755104123730307,21.49907612858174,-2.4692838400175057,-0.1045662385646497,0.0,0.0,0.0,0.0,0.0,0.3766173956618788,0.5813732885904436,21.57812918783448,0.2998146472689631,0.2256617058437564
8.260195631215247,0.0,0.0,0.0,0.0251196668763623,-0.01,0.4567220404742028,0.5777078476718968,21.47480696068768,-2.4711857409358045,-0.0784874283305567,0.0,0.0,0.0,0.0,0.0,0.3813172733289932,0.5801074161558246,21.561512284552485,0.2974795691457312,0.2221021258744968
8.277921372913134,0.0,0.0,0.0,0.0296976997976289,-0.01,0.4547159932764702,0.5769019664659941,21.365341387409007,-2.4734037125421904,-0.0736004491370578,0.0,0.0,0.0,0.0,0.0,0.3801073541715254,0.5785670647805476,21.536971928866976,0.2979865418872962,0.2169097151211214
8.29564711461102,0.0,0.0,0.0,0.0254279562603686,-0.01,0.4579849924870566,0.5778641372361366,21.382044035001,-2.472770068540965,-0.0790061589889424,0.0,0.0,0.0,0.0,0.0,0.3785919672195576,0.5762942376578382,21.484216194713348,0.2961180509976551,0.2180698319915955
8.313372856308908,0.0,0.0,0.0,0.0216991601591525,-0.01,0.4605748436628304,0.5777858141804204,21.35495370532665,-2.477666977705585,-0.0861855806242783,0.0,0.0,0.0,0.0,0.0,0.371978010792886,0.5790463709158388,21.52013509673522,0.2948806060477533,0.2129001533951313
8.331098598006795,0.0,0.0,0.0,0.0225357951683384,-0.01,0.4533602387539828,0.5782704627190595,21.36866257706696,-2.4734857811694324,-0.0766547974763455,0.0,0.0,0.0,0.0,0.0,0.3663855751933168,0.5766488424479751,21.620779054958213,0.2920484963057059,0.2021136616445802
8.34882433970468,0.0,0.0,0.0,0.0229580411651701,-0.01,0.4526857549675812,0.5766845784135888,21.426947150696925,-2.477144499498683,-0.0813715101327693,0.0,0.0,0.0,0.0,0.0,0.366679374872828,0.57884792917194,21.613058141977763,0.2934450410979746,0.1936678932645635
8.366550081402568,0.0,0.0,0.0,0.0263033443057993,-0.01,0.4573067312968164,0.5764677942123148,21.478057851313164,-2.471112071504238,-0.0913586941873868,0.0,0.0,0.0,0.0,0.0,0.3682833112799742,0.5795210124303719,21.615597999976323,0.2970530313216395,0.2038208907764705
8.384275823100454,0.0,0.0,0.0,0.0267972194932087,-0.01,0.4476544895549692,0.5779578243215829,21.51521774207708,-2.47548045101291,-0.0574929818204311,0.0,0.0,0.0,0.0,0.0,0.3699283354989412,0.5777536011100479,21.58539613854004,0.2981827554558703,0.2133797612596397
8.402001564798342,0.0,0.0,0.0,0.0246894024894232,-0.01,0.4508709367466532,0.5801097489510836,21.485562555147705,-2.4754855520461287,-0.0562036268724829,0.0,0.0,0.0,0.0,0.0,0.3784880943979736,0.5789848435016869,21.556407915283742,0.2951177560186186,0.2090846718932578
8.41972730649623,0.0,0.0,0.0,0.0303616085023917,-0.01,0.4487413219776564,0.5793442954318886,21.47635471521213,-2.4810908439060766,-0.0772471121705957,0.0,0.0,0.0,0.0,0.0,0.3781346939799048,0.578843973189845,21.52095535520385,0.2897877534710522,0.2129069002057605
8.437453048194115,0.0,0.0,0.0,0.0255886456327384,-0.01,0.4489317846014924,0.5788832203622577,21.517663030886705,-2.476272180987872,-0.0867963188401845,0.0,0.0,0.0,0.0,0.0,0.3777674471727136,0.5819223085228886,21.59103943998372,0.2788194753849103,0.2149368267557965
8.455178789892003,0.0,0.0,0.0,0.0316399533671268,-0.01,0.44760352457818,0.5761410179671679,21.536025984423564,-2.4784273792504523,-0.0890394585323113,0.0,0.0,0.0,0.0,0.0,0.3760318954794148,0.5846242264163867,21.600433327533143,0.2756450263218535,0.2158303256295095
8.472904531589888,0.0,0.0,0.0,0.0341429217681995,-0.01,0.4505249727260484,0.5747933181170505,21.51410511288345,-2.4771753036798843,-0.0620526612581579,0.0,0.0,0.0,0.0,0.0,0.3751278617231838,0.5849571059639113,21.560674343646603,0.2730050893472819,0.2195190030258047
8.490630273287776,0.0,0.0,0.0,0.0356998993487712,-0.01,0.452992901638434,0.5729810167575781,21.6096708471724,-2.47385046608574,-0.061684418852945,0.0,0.0,0.0,0.0,0.0,0.3748875363050232,0.5865216361710704,21.435579721189946,0.2744475346299847,0.2205612912275088
8.508356014985662,0.0,0.0,0.0,0.0330051151571428,-0.01,0.4474084959775908,0.573420018479068,21.51702744369896,-2.464768180422621,-0.0201973223033839,0.0,0.0,0.0,0.0,0.0,0.3731113369727708,0.5864550990926998,21.455344498052064,0.2747590499175457,0.2304441848738032
8.52608175668355,0.0,0.0,0.0,0.0291764052459934,-0.01,0.4544098523214372,0.5723342578532291,21.460323351566363,-2.464299399835022,-0.0221887011550559,0.0,0.0,0.0,0.0,0.0,0.370643501907977,0.586581179634439,21.50171689283116,0.2751253613061658,0.2311904223189655
8.543807498381437,0.0,0.0,0.0,0.0307339464296291,-0.01,0.4569050422031934,0.5710036028950412,21.425459065285253,-2.4581544097122525,-0.031224512368536,0.0,0.0,0.0,0.0,0.0,0.3697560623803652,0.5873741129995421,21.505002850255355,0.2747821136634754,0.2283543547202009
8.561533240079322,0.0,0.0,0.0,0.0293290904544088,-0.01,0.4559958268233444,0.569754976517921,21.4052980288802,-2.457310699698736,-0.0049824185116306,0.0,0.0,0.0,0.0,0.0,0.3659239159439012,0.586639374542316,21.54726552976503,0.2767516936445828,0.234128213393928
8.57925898177721,0.0,0.0,0.0,0.023698301099501,-0.01,0.4541846569154992,0.5688891694087401,21.426906945263205,-2.44722042918852,-0.0214725289310031,0.0,0.0,0.0,0.0,0.0,0.36483133527282,0.5876757707189164,21.58682855662729,0.2769683447721622,0.224421917501926
8.596984723475096,0.0,0.0,0.0,0.024273542862976,-0.01,0.460368863158305,0.5688562244647792,21.41131741857416,-2.4520783051009967,-0.0040545004002966,0.0,0.0,0.0,0.0,0.0,0.3682343074124228,0.5870226279101464,21.57836278064328,0.2788643647153115,0.2308900979394572
8.614710465172983,0.0,0.0,0.0,0.0214935993375395,-0.01,0.4626146348231758,0.5718958220476629,21.426849029168384,-2.452310644660628,-0.0050877739529427,0.0,0.0,0.0,0.0,0.0,0.370141076263639,0.5858064491581961,21.6067138641698,0.2792795320839082,0.2338475622997863
8.632436206870869,0.0,0.0,0.0,0.0215507080185045,-0.01,0.4681586929324296,0.5732903033356985,21.48242743817604,-2.451878385747316,-0.0265420400371771,0.0,0.0,0.0,0.0,0.0,0.3759567814479032,0.5843245930784846,21.64396648584383,0.2780124523955278,0.2343416661782669
8.650161948568757,0.0,0.0,0.0,0.02122742616854,-0.01,0.4660576364081484,0.5746793157346572,21.398822441886523,-2.4494484766243505,-0.0387739854757629,0.0,0.0,0.0,0.0,0.0,0.3771072858616504,0.5837236485013646,21.68093803992364,0.2711079891320063,0.2313744312140331
8.667887690266644,0.0,0.0,0.0,0.0258939307405464,-0.01,0.4709524712461056,0.575291843769229,21.33489690848757,-2.456308321761536,-0.0639901407339888,0.0,0.0,0.0,0.0,0.0,0.3759682085812398,0.5842366507952086,21.67738796062444,0.2657919897037707,0.231914584011112
8.68561343196453,0.0,0.0,0.0,0.0261672593981743,-0.01,0.469883680050772,0.5755611193251703,21.35437366297376,-2.4652666682738102,-0.0547936239831209,0.0,0.0,0.0,0.0,0.0,0.3733740563518712,0.5865980134067262,21.63886067930621,0.2701718761783608,0.2294637186023432
8.703339173662417,0.0,0.0,0.0,0.0261931252832927,-0.01,0.4783880814134492,0.5758861638524688,21.39183488535987,-2.468893201255556,-0.0574993801814617,0.0,0.0,0.0,0.0,0.0,0.3670877296770728,0.5859245317889725,21.59802390847606,0.2764428301627454,0.2320905834907788
8.721064915360303,0.0,0.0,0.0,0.0276072069134393,-0.01,0.473510190376242,0.5758637370085724,21.4165276721238,-2.47503498397489,-0.081845257647062,0.0,0.0,0.0,0.0,0.0,0.3665770060789658,0.5854295458071478,21.58952479949847,0.2706501462968175,0.2165232219201588
8.73879065705819,0.0,0.0,0.0,0.0317311848001743,-0.01,0.4689621506382096,0.5769479563660777,21.43550527004335,-2.4858860633819715,-0.0791082691090047,0.0,0.0,0.0,0.0,0.0,0.3625363809579484,0.5848373555393485,21.56474976083092,0.265523957623098,0.2193442314163639
8.756516398756078,0.0,0.0,0.0,0.0358772133264884,-0.01,0.4754561656986596,0.5782033549550744,21.38723177440918,-2.4868372549210336,-0.0929165836382031,0.0,0.0,0.0,0.0,0.0,0.3675804406797264,0.5837106838720336,21.58165958371284,0.2655828778482448,0.2214209379298793
8.774242140453964,0.0,0.0,0.0,0.0360812334064016,-0.01,0.4676390303222608,0.5779186478080388,21.35113429291308,-2.4854832747068656,-0.0712092007239162,0.0,0.0,0.0,0.0,0.0,0.368706318962067,0.5829750303526169,21.55781740865192,0.2637682164565241,0.2302586236704927
8.791967882151852,0.0,0.0,0.0,0.031839055389038,-0.01,0.4672298616418616,0.5772144364906254,21.324105355502617,-2.4907050954431407,-0.0830671963705035,0.0,0.0,0.0,0.0,0.0,0.3655284017722332,0.5846922020058664,21.566441116851944,0.2629779145130564,0.2412769101169569
8.809693623849737,0.0,0.0,0.0,0.0293189155715727,-0.01,0.4645123884530364,0.5770276469664497,21.349600607970853,-2.4956549554303487,-0.0889106741349183,0.0,0.0,0.0,0.0,0.0,0.363912591624989,0.5865946948252375,21.56917992170337,0.2641454414428034,0.2515143286807786
8.827419365547625,0.0,0.0,0.0,0.0265745544631318,-0.01,0.4615596807034412,0.5769997849369976,21.41902525077871,-2.483997004016325,-0.1106379040036186,0.0,0.0,0.0,0.0,0.0,0.3624139340130346,0.5871575573352357,21.577215558837867,0.2649977401487389,0.2472571878007508
8.84514510724551,0.0,0.0,0.0,0.0243527489521534,-0.01,0.4516694744377292,0.5775764279213726,21.47815753635834,-2.477948578223631,-0.1173099843599885,0.0,0.0,0.0,0.0,0.0,0.36440369425837,0.5850246827007152,21.504745014885824,0.2633054389378139,0.2418796066761545
8.862870848943398,0.0,0.0,0.0,0.023942842570986,-0.01,0.4419433326844184,0.5769360934331867,21.40191324240273,-2.482435036158199,-0.1096487644855702,0.0,0.0,0.0,0.0,0.0,0.3667791489969092,0.5865146040856993,21.47726430371851,0.2630951531766517,0.2262124106296488
8.880596590641286,0.0,0.0,0.0,0.0258273587097731,-0.01,0.4427570446446984,0.5772943391025277,21.45077452866449,-2.478324455965016,-0.1029804403034977,0.0,0.0,0.0,0.0,0.0,0.370229977320168,0.5852772290132636,21.465530777983734,0.2660175259043182,0.2305427265496585
8.898322332339172,0.0,0.0,0.0,0.0252586240578862,-0.01,0.4419276404179776,0.5768852045905142,21.51350636933352,-2.47568686765182,-0.0770534972633984,0.0,0.0,0.0,0.0,0.0,0.374226410554874,0.5852110603224572,21.489025595611256,0.2677174056149508,0.2287655969939752
8.91604807403706,0.0,0.0,0.0,0.0179099116198769,-0.01,0.438523447094432,0.5766913852609338,21.611824014917,-2.477062500647073,-0.0588304967092915,0.0,0.0,0.0,0.0,0.0,0.3721539436415722,0.5847241216761246,21.40290147140311,0.272568378931461,0.2270082851372128
8.933773815734945,0.0,0.0,0.0,0.013797533595976,-0.01,0.4419613407448784,0.576269783861757,21.69439616380533,-2.4747470310746733,-0.0842860382404437,0.0,0.0,0.0,0.0,0.0,0.3741000824901334,0.5841177684531186,21.38050041043612,0.2770351822422076,0.2221796311464208
8.951499557432832,0.0,0.0,0.0,0.014120336996235,-0.01,0.4302658793020684,0.576802368937146,21.67452976373692,-2.473002268344456,-0.0680391401081081,0.0,0.0,0.0,0.0,0.0,0.3734671285680832,0.5841699074158511,21.417743060409865,0.2710755601086601,0.208384855818703
8.96922529913072,0.0,0.0,0.0,0.0143888013899924,-0.01,0.4337569803924186,0.5760493286948594,21.75808266178643,-2.4743418563493766,-0.0610856075141109,0.0,0.0,0.0,0.0,0.0,0.3726068954606192,0.583255756561508,21.447614418694545,0.267246057680002,0.2087003502935183
8.986951040828606,0.0,0.0,0.0,0.0145147193143332,-0.01,0.4380511405478024,0.5756029924601711,21.731011143154767,-2.4840000462374823,-0.0544403465092931,0.0,0.0,0.0,0.0,0.0,0.3759510784464056,0.5825821980657244,21.45480123378499,0.2668782416726124,0.2099555607148355
9.004676782526493,0.0,0.0,0.0,0.0151161626153649,-0.01,0.431078637673233,0.5756787103377953,21.69622954118765,-2.4893417074979665,-0.0536357056219081,0.0,0.0,0.0,0.0,0.0,0.375589948376091,0.5825562470181785,21.46114043019307,0.2647177314120766,0.2148381664514997
9.02240252422438,0.0,0.0,0.0,0.0149793643539405,-0.01,0.432063011464119,0.5760495609798697,21.77355599612624,-2.4822136711143306,-0.0560320269292613,0.0,0.0,0.0,0.0,0.0,0.3767127790251448,0.5799355255520197,21.512056368550656,0.259385043514219,0.220123409443241
9.040128265922268,0.0,0.0,0.0,0.0142623649620349,-0.01,0.4402484678889416,0.5754897737267993,21.73553979965018,-2.480817073013638,-0.08151504339258,0.0,0.0,0.0,0.0,0.0,0.3740130689904032,0.5803887153131662,21.530177776089506,0.2546578440519961,0.2249156438893242
9.057854007620152,0.0,0.0,0.0,0.01599480013393,-0.01,0.4465412808289042,0.575329946115915,21.654910408074887,-2.472726378838064,-0.0882928594760276,0.0,0.0,0.0,0.0,0.0,0.3748549090136424,0.5824005124291888,21.440158462942787,0.2536365973154347,0.2270210456575867
9.07557974931804,0.0,0.0,0.0,0.0224306895486181,-0.01,0.4427179585082528,0.5747211150825505,21.60415307483247,-2.4754380304995096,-0.1071064304498276,0.0,0.0,0.0,0.0,0.0,0.380565726906492,0.5818259456019843,21.437827343628403,0.2505955323980726,0.2269498825518557
9.093305491015927,0.0,0.0,0.0,0.0239791572692205,-0.01,0.4479957599585972,0.5732540705721922,21.515956872962388,-2.4725631669040484,-0.1079342106939067,0.0,0.0,0.0,0.0,0.0,0.3797633836418646,0.5814205819168102,21.45444576068446,0.2491578802490938,0.2261638698541887
9.111031232713811,0.0,0.0,0.0,0.0207332538317531,-0.01,0.4523469548351724,0.5729542139135722,21.51840022165065,-2.473504876661741,-0.0930136042685432,0.0,0.0,0.0,0.0,0.0,0.3769487376274786,0.5806490804118848,21.48900921664593,0.2505085334684349,0.2265567161776465
9.1287569744117,0.0,0.0,0.0,0.0231845963133821,-0.01,0.45182481565863,0.5726014008399736,21.466160611969453,-2.471361523105769,-0.083416858793808,0.0,0.0,0.0,0.0,0.0,0.3729043240483156,0.5810353286028755,21.49941346432309,0.2503082881136605,0.2236827745528261
9.146482716109588,0.0,0.0,0.0,0.0276608825858703,-0.01,0.4498872757896076,0.5720157080450603,21.44998391641377,-2.478598784280387,-0.0715251185843149,0.0,0.0,0.0,0.0,0.0,0.3770732608595216,0.5791989544640817,21.51888705516529,0.2513842324382724,0.2214764784395066
9.164208457807474,0.0,0.0,0.0,0.0311143435360294,-0.01,0.4568483142692892,0.5708886749061951,21.37838550273013,-2.468678049156604,-0.092118601217788,0.0,0.0,0.0,0.0,0.0,0.3741352011317722,0.5789407718734816,21.596430128214845,0.2499571792900109,0.2090619372263415
9.18193419950536,0.0,0.0,0.0,0.0331273793040683,-0.01,0.4643186864444286,0.571610754717992,21.386586251937093,-2.476860381731101,-0.1043985080384976,0.0,0.0,0.0,0.0,0.0,0.3689740442253648,0.5800872441358835,21.607728943020728,0.2512594538160633,0.2107736058330931
9.199659941203247,0.0,0.0,0.0,0.0369553197655401,-0.01,0.459377818698206,0.5725752007105993,21.397979603370214,-2.481182839558371,-0.1041907395412373,0.0,0.0,0.0,0.0,0.0,0.3664629039773636,0.5834654514705256,21.51030239173846,0.2517462776118768,0.2076519268801691
9.217385682901137,0.0,0.0,0.0,0.0331516478882986,-0.01,0.4658539546917294,0.5729333423730165,21.416810659141515,-2.4917249206515923,-0.0959001762670718,0.0,0.0,0.0,0.0,0.0,0.3684615165028684,0.5820759157225696,21.59820087411246,0.2519194613587776,0.2115785406003201
9.23511142459902,0.0,0.0,0.0,0.0304602683275999,-0.01,0.4700256537878384,0.5727104621970317,21.43275159099033,-2.4850259212564083,-0.0903556967580329,0.0,0.0,0.0,0.0,0.0,0.3667600452961492,0.5823907624667328,21.61316630093331,0.2536396409452713,0.2148622096269116
9.252837166296908,0.0,0.0,0.0,0.0282665019179117,-0.01,0.4657092006197144,0.5734520043008644,21.4659600448776,-2.489521569584886,-0.0660340140247638,0.0,0.0,0.0,0.0,0.0,0.3708675592926504,0.5838973049550676,21.64371000939886,0.257419760033314,0.2136099485655383
9.270562907994794,0.0,0.0,0.0,0.0297168816895078,-0.01,0.4707944008396582,0.5748821839211825,21.43891648845177,-2.482916710612204,-0.0859952243812169,0.0,0.0,0.0,0.0,0.0,0.3690541672337248,0.5840733529740377,21.57980943922616,0.2561262215113661,0.2258694151919525
9.288288649692682,0.0,0.0,0.0,0.0301788514314262,-0.01,0.4656879644817156,0.5750405933909284,21.4308131395752,-2.486317537591676,-0.0827772904381454,0.0,0.0,0.0,0.0,0.0,0.3737454561861494,0.5798606705334022,21.54296533144413,0.2571997226179089,0.2355586648832018
9.306014391390567,0.0,0.0,0.0,0.0291875012107802,-0.01,0.4588122675670548,0.57593858776707,21.462427999082223,-2.48568582677378,-0.0861289661962077,0.0,0.0,0.0,0.0,0.0,0.3712264205981908,0.5817614502794376,21.50954132515231,0.2557449472275368,0.2415084800490271
9.323740133088457,0.0,0.0,0.0,0.0315851002206668,-0.01,0.4626839014792148,0.5771959848121082,21.511186391975183,-2.4960745492281107,-0.0848036643219329,0.0,0.0,0.0,0.0,0.0,0.3717779423603196,0.5832576409852385,21.505393291338283,0.2582585593095887,0.2562310713472125
9.341465874786342,0.0,0.0,0.0,0.0298575690667216,-0.01,0.461691420474368,0.5767608635998159,21.51382943856558,-2.4952265140806684,-0.0785858021833475,0.0,0.0,0.0,0.0,0.0,0.37485559056685,0.5832816502152934,21.506422375962973,0.2558360618405568,0.2524443094312756
9.359191616484228,0.0,0.0,0.0,0.0266631818824987,-0.01,0.4591118791086766,0.5765777878167699,21.5434790304736,-2.4943740700147683,-0.0691733999942364,0.0,0.0,0.0,0.0,0.0,0.3793814836925124,0.5831750834897937,21.61182152631053,0.2567342686017487,0.2502245489139836
9.376917358182116,0.0,0.0,0.0,0.0265815457585372,-0.01,0.4533722492871768,0.5765208389088989,21.496329954908475,-2.4890764311814406,-0.080696215654141,0.0,0.0,0.0,0.0,0.0,0.3823869463277068,0.5830421935041116,21.57268633128609,0.2577024035163329,0.253457514208193
9.39464309988,0.0,0.0,0.0,0.026950141137002,-0.01,0.4452563815310416,0.5771389436343445,21.49623852316588,-2.4962500606726348,-0.0868716023961203,0.0,0.0,0.0,0.0,0.0,0.381356098064974,0.5831590872698235,21.572114917454087,0.2567417242487451,0.2559488543906573
9.412368841577887,0.0,0.0,0.0,0.0293999360584672,-0.01,0.4427909906976848,0.5762826601691147,21.501973640047243,-2.494889068969647,-0.1125979718254668,0.0,0.0,0.0,0.0,0.0,0.3769050136895708,0.5821644641153112,21.54708912261036,0.2546682085071203,0.2623210836000539
9.430094583275777,0.0,0.0,0.0,0.0317737344584213,-0.01,0.436110795849922,0.5751767730676309,21.51989982416747,-2.49561351164011,-0.1195454975033082,0.0,0.0,0.0,0.0,0.0,0.3751456094550408,0.5824760855308801,21.521046033489352,0.2562445390182786,0.2526967907435138
9.447820324973662,0.0,0.0,0.0,0.0302040013354956,-0.01,0.43077255281334,0.5754196387135461,21.55270885309771,-2.486427365482759,-0.1394838601905708,0.0,0.0,0.0,0.0,0.0,0.3765727492687572,0.5876944690147214,21.56532223305549,0.2565224036701909,0.2416734040775261
9.46554606667155,0.0,0.0,0.0,0.0311614291951839,-0.01,0.43168562786061,0.5747797255478634,21.497996381783807,-2.4855698699678097,-0.1260887592734171,0.0,0.0,0.0,0.0,0.0,0.3763787735718392,0.5871568717537955,21.57726791374775,0.256258537632008,0.2400730701586824
9.483271808369436,0.0,0.0,0.0,0.0280993213452556,-0.01,0.4334203640767424,0.574417495862405,21.44147878620421,-2.479325885488413,-0.1290321577830195,0.0,0.0,0.0,0.0,0.0,0.3797856950618812,0.5872343747319869,21.563227938633585,0.2535638758099787,0.2337097436930015
9.500997550067323,0.0,0.0,0.0,0.031352215366928,-0.01,0.4280621582573048,0.5738414507199969,21.450569880837104,-2.47825603397934,-0.1542488700163297,0.0,0.0,0.0,0.0,0.0,0.3722195131168344,0.58780664131117,21.524970436614502,0.2578002714880862,0.2371887567751519
9.51872329176521,0.0,0.0,0.0,0.0330565146669502,-0.01,0.437182368389714,0.5726726256786775,21.41445609940104,-2.4785171036149904,-0.1737353916910336,0.0,0.0,0.0,0.0,0.0,0.3738215042916868,0.5877761855651025,21.467313513899025,0.2613676227233458,0.2380075227022318
9.536449033463096,0.0,0.0,0.0,0.030639055051578,-0.01,0.437555452447484,0.5727394724176582,21.48010689112537,-2.4748720719292825,-0.1688328830346335,0.0,0.0,0.0,0.0,0.0,0.3702744277509676,0.5882598317156209,21.470757999621167,0.2621669756213406,0.2363146330923348
9.554174775160984,0.0,0.0,0.0,0.0267101721421171,-0.01,0.4449000754352348,0.5720851381091504,21.49980888891716,-2.470539742385744,-0.1661601407154779,0.0,0.0,0.0,0.0,0.0,0.374989882067798,0.5890813105854255,21.4431576202868,0.2618127498565628,0.2333811198793717
9.57190051685887,0.0,0.0,0.0,0.0258598889000259,-0.01,0.4552074599516144,0.5727167660448889,21.465685871110136,-2.4730726882859333,-0.1422262515711883,0.0,0.0,0.0,0.0,0.0,0.3768128380938084,0.589503222848193,21.43746062919875,0.2624570819548852,0.2243464971175579
9.589626258556756,0.0,0.0,0.0,0.0235264580536672,-0.01,0.4493976953116264,0.5719780896948945,21.45388603960537,-2.482134284435494,-0.1125574178965909,0.0,0.0,0.0,0.0,0.0,0.377185869927049,0.5889014095735295,21.48242104967428,0.2629083686447279,0.2158230792809575
9.607352000254645,0.0,0.0,0.0,0.023840769644562,-0.01,0.4503822679204468,0.5714216413657003,21.43101809691769,-2.489579400073816,-0.0855267534034412,0.0,0.0,0.0,0.0,0.0,0.3715347930757,0.586196791496258,21.417410044977743,0.2621013697700184,0.2053739290241163
9.62507774195253,0.0,0.0,0.0,0.0206066643731653,-0.01,0.457944201392684,0.5716648831604579,21.415677402793413,-2.4874593323932985,-0.1015332271761499,0.0,0.0,0.0,0.0,0.0,0.3668958975722184,0.5862827962012844,21.3858863003516,0.2597860958437335,0.2021867407669916
9.642803483650418,0.0,0.0,0.0,0.0183764322975043,-0.01,0.4557128737525644,0.5715457728511075,21.396010881614263,-2.492015177291291,-0.0609377821728468,0.0,0.0,0.0,0.0,0.0,0.3653852623440346,0.5850755990660237,21.37093773903821,0.2576981333829,0.2041779566897772
9.660529225348304,0.0,0.0,0.0,0.0168583353595184,-0.01,0.4561088449765544,0.5720095584405405,21.41368504897884,-2.4863932591536804,-0.0853113790717435,0.0,0.0,0.0,0.0,0.0,0.3751637674683624,0.5850512793422986,21.36893513416188,0.2568347283429859,0.2034133298318991
9.678254967046191,0.0,0.0,0.0,0.0174301221446442,-0.01,0.4469477042747632,0.5733141685852621,21.408373603729828,-2.480053329408152,-0.0494920331632971,0.0,0.0,0.0,0.0,0.0,0.3774150316095824,0.5846210834249712,21.403605152102006,0.2579443583458056,0.2081022137970951
9.695980708744075,0.0,0.0,0.0,0.0179189201927182,-0.01,0.444350328630812,0.5736004063223809,21.403754206286703,-2.47354780043072,-0.0464458792398668,0.0,0.0,0.0,0.0,0.0,0.3781357252501766,0.5854348676030924,21.41536963277176,0.2570713931069717,0.2080338199064843
9.713706450441965,0.0,0.0,0.0,0.0208090661631961,-0.01,0.4359619813532432,0.5739537079799862,21.35376824916471,-2.4630653324486618,-0.0543157300475921,0.0,0.0,0.0,0.0,0.0,0.37461524551812,0.5842729684985642,21.48322414238269,0.2576604698608983,0.2172276927860832
9.73143219213985,0.0,0.0,0.0,0.0216009374403111,-0.01,0.4280899994647394,0.5743268440799054,21.417770552928577,-2.465204080129172,-0.0382051314362635,0.0,0.0,0.0,0.0,0.0,0.3753497630290852,0.5852120036693523,21.47642893833564,0.2549666792724044,0.2280513580717575
9.749157933837738,0.0,0.0,0.0,0.0204998291420728,-0.01,0.4377377683991444,0.5730803210211131,21.359004999503227,-2.4587341632161914,-0.0545758664270831,0.0,0.0,0.0,0.0,0.0,0.3805552482093528,0.5835524263432379,21.5168443969646,0.2550814992657775,0.2313539279548754
9.766883675535626,0.0,0.0,0.0,0.0196611364184964,-0.01,0.4424111126127854,0.574679032718918,21.309013991770698,-2.4642707605200265,-0.0650174226715096,0.0,0.0,0.0,0.0,0.0,0.3792262405247224,0.584874839561583,21.584440325291723,0.2549883939752158,0.2381007149572414
9.784609417233511,0.0,0.0,0.0,0.0236458273447806,-0.01,0.4397031352508744,0.5735122344125875,21.420321198298883,-2.463576190917141,-0.0410349362042943,0.0,0.0,0.0,0.0,0.0,0.3771833781851962,0.5852930041394142,21.63702840739489,0.2574827622907198,0.2428222671360012
9.8023351589314,0.0,0.0,0.0,0.0239922034352693,-0.01,0.4409652836794984,0.5732470364536528,21.49057708283721,-2.4553152947154886,-0.0605194164966562,0.0,0.0,0.0,0.0,0.0,0.3823324360743912,0.5845771745885993,21.65775200072118,0.2539790183014151,0.2432189094858122
9.820060900629285,0.0,0.0,0.0,0.0228812539250706,-0.01,0.4440276270452238,0.5735891171802439,21.37688113686596,-2.4642003944053896,-0.0455529391292928,0.0,0.0,0.0,0.0,0.0,0.3808676278186464,0.5850319486072627,21.684941706607248,0.2536861812913394,0.2432509056630231
9.837786642327172,0.0,0.0,0.0,0.0204338881780294,-0.01,0.4435014465816676,0.5728626207084255,21.40904209135252,-2.465213949750142,-0.0819398844065742,0.0,0.0,0.0,0.0,0.0,0.3783545837285864,0.5847413049050004,21.6730389844785,0.2556653659175436,0.2427889021436687
9.85551238402506,0.0,0.0,0.0,0.0214300605808623,-0.01,0.440725871904398,0.5731323080426699,21.45548032345477,-2.469598490237946,-0.0849070223608792,0.0,0.0,0.0,0.0,0.0,0.3801239231994204,0.5827393283778901,21.70438278077556,0.2513747572167948,0.2462371613012361
9.873238125722946,0.0,0.0,0.0,0.0212174825431328,-0.01,0.4499218782374634,0.573031843787489,21.496916048313256,-2.4735367381616,-0.078804884484574,0.0,0.0,0.0,0.0,0.0,0.3773829975576538,0.5835639593823955,21.739972932663733,0.2458928519594348,0.245995032666919
9.890963867420831,0.0,0.0,0.0,0.0226901105318789,-0.01,0.4560146742561432,0.5732316520602229,21.466239535919414,-2.462474454880946,-0.1394702230504763,0.0,0.0,0.0,0.0,0.0,0.3776797652218666,0.5827403598917357,21.76711429805476,0.2366658901853339,0.2298162546510912
9.90868960911872,0.0,0.0,0.0,0.021895308444937,-0.01,0.4460914859388724,0.5760158881150094,21.568828035778623,-2.445759525162414,-0.1379940469478069,0.0,0.0,0.0,0.0,0.0,0.374423936872122,0.5824874813787967,21.67126265621432,0.2195319955671041,0.2347694548677615
9.926415350816606,0.0,0.0,0.0,0.0220389858926129,-0.01,0.4376336244008234,0.57479676721425,21.62598379053451,-2.4248586244422734,-0.1185248973564371,0.0,0.0,0.0,0.0,0.0,0.3695685187110868,0.5809644085741348,21.65268499527713,0.2045682432732265,0.2105979688494821
9.944141092514492,0.0,0.0,0.0,0.0166199622294396,-0.01,0.4365282713377644,0.5760315961981572,21.644419950308343,-2.4125168433152475,-0.1445821514685199,0.0,0.0,0.0,0.0,0.0,0.3708276652246944,0.5796854529150106,21.67781112597497,0.1896025280810615,0.1865361911131224
9.96186683421238,0.0,0.0,0.0,0.0205249950430927,-0.01,0.4362425521461982,0.5772041929639384,21.607645150207688,-2.401415532526875,-0.1632655661285988,0.0,0.0,0.0,0.0,0.0,0.369348632679706,0.5813731197556878,21.72652271203338,0.1760462739851581,0.1792936503035135
9.979592575910267,0.0,0.0,0.0,0.0205023021491735,-0.01,0.4390493891437172,0.5774324187868012,21.67379515538625,-2.385711661415084,-0.158451851472376,0.0,0.0,0.0,0.0,0.0,0.3705934549099494,0.5816153450077846,21.7249059003058,0.1675850268407387,0.1674489073785673
9.997318317608151,0.0,0.0,0.0,0.0193506841190608,-0.01,0.4370379920020692,0.5778108311402005,21.68206376836903,-2.3765675775406003,-0.1624340535991886,0.0,0.0,0.0,0.0,0.0,0.3698620850807864,0.5807313791918224,21.74984800199155,0.1627902888517997,0.1615050279696367
10.01504405930604,0.0,0.0,0.0,0.0167726870597669,-0.01,0.4421725527123002,0.57613049331221,21.693623048757967,-2.3833900692683705,-0.1978704970064313,0.0,0.0,0.0,0.0,0.0,0.3704576840587862,0.5831650220729754,21.731895144308,0.1622278830153307,0.1577195016605074
10.032769801003926,0.0,0.0,0.0,0.0168061737572284,-0.01,0.4346713761411578,0.5753120687882234,21.644699679951227,-2.382904784627481,-0.2213825732280074,0.0,0.0,0.0,0.0,0.0,0.3702907603207836,0.583542116988622,21.66379310831181,0.149297779141477,0.1473620085583971
10.050495542701814,0.0,0.0,0.0,0.0162950043017013,-0.01,0.4287344440698608,0.5748666539259274,21.62758401748145,-2.378837151919699,-0.2025534123010856,0.0,0.0,0.0,0.0,0.0,0.3699890239123622,0.5839503033294252,21.637436618606024,0.1403594148618674,0.1433236887482084
10.0682212843997,0.0,0.0,0.0,0.0187205726134728,-0.01,0.431112575834742,0.5743738252981682,21.554229150109123,-2.377103321559037,-0.2154891329590431,0.0,0.0,0.0,0.0,0.0,0.3698459598742476,0.5877048305061996,21.687068680150617,0.1345951912150127,0.0963523978504972
10.085947026097587,0.0,0.0,0.0,0.0179859171534571,-0.01,0.4242486199382158,0.5746857540970342,21.55406661038137,-2.37749526303291,-0.2732483716152199,0.0,0.0,0.0,0.0,0.0,0.3771829738163818,0.5871583533207054,21.69617283292335,0.1332771588652812,0.079922081182806
10.103672767795477,0.0,0.0,0.0,0.0190680597334769,-0.01,0.4205436301508568,0.5744100838223246,21.48861523089336,-2.371140744776337,-0.2978646829590742,0.0,0.0,0.0,0.0,0.0,0.3765642251882944,0.5890469905594363,21.59550622293464,0.1320909618200388,0.0588464725913549
10.12139850949336,0.0,0.0,0.0,0.0173320667437818,-0.01,0.424133188224047,0.5737578698224347,21.53207460361372,-2.3639228018822083,-0.3290527925650255,0.0,0.0,0.0,0.0,0.0,0.3756270907345264,0.588264834319392,21.54717112532743,0.1202099101547629,0.0409169119828018
10.139124251191248,0.0,0.0,0.0,0.0187096204156787,-0.01,0.4238053456179068,0.5723855502535165,21.535248369738447,-2.3485467245391454,-0.3582188101790526,0.0,0.0,0.0,0.0,0.0,0.379702831916638,0.5871943808574909,21.571688808547112,0.1022280051729343,0.0240386423959351
10.156849992889134,0.0,0.0,0.0,0.0214205489863726,-0.01,0.4280161584195592,0.5720003829301408,21.51962373342109,-2.3425502353469883,-0.378453393745082,0.0,0.0,0.0,0.0,0.0,0.37673162375099,0.5854160423556933,21.545684036857267,0.094287934071198,-0.0088126205410395
10.17457573458702,0.0,0.0,0.0,0.0215629500203323,-0.01,0.4193725914992212,0.5731002485636129,21.5174183761416,-2.325869904689375,-0.3999695842191847,0.0,0.0,0.0,0.0,0.0,0.3754189953871698,0.5820186486833379,21.530322335681827,0.0822062915440798,-0.0492164474200852
10.192301476284907,0.0,0.0,0.0,0.0221952759030989,-0.01,0.4210759748554702,0.5735798512588081,21.56201840571076,-2.3158148930385622,-0.4557543643725385,0.0,0.0,0.0,0.0,0.0,0.375877290928462,0.5815206679341623,21.517250296005848,0.0857803436572124,-0.0993946391815994
10.210027217982796,0.0,0.0,0.0,0.0216663857605011,-0.01,0.418083539549878,0.5742407313349397,21.52581102377404,-2.30486701225879,-0.5176372322409183,0.0,0.0,0.0,0.0,0.0,0.3765862339396468,0.5800288966622703,21.538378694793053,0.0799586986401787,-0.1633095358264101
10.227752959680682,0.0,0.0,0.0,0.022668191125489,-0.01,0.4283553340796776,0.5735684263485513,21.549538389250287,-2.292337783834717,-0.5883946407918361,0.0,0.0,0.0,0.0,0.0,0.3755011590136002,0.5788089767410088,21.541574360128045,0.0706034205203975,-0.2139310029473849
10.245478701378568,0.0,0.0,0.0,0.0222274680698297,-0.01,0.4407768032323544,0.5740553040091829,21.5228956126299,-2.2792429032134263,-0.6238663869015412,0.0,0.0,0.0,0.0,0.0,0.367982692823476,0.5798184123244715,21.546147166150448,0.0671143960051921,-0.2536192968387886
10.263204443076456,0.0,0.0,0.0,0.0219601776208677,-0.01,0.4408940426397482,0.5743671634534542,21.555023244765906,-2.2859003857799216,-0.6836847757155773,0.0,0.0,0.0,0.0,0.0,0.3649280968699336,0.577840790470114,21.54732154537285,0.0675657385658595,-0.2989804881444248
10.28093018477434,0.0,0.0,0.0,0.0229857717576863,-0.01,0.4396166405341556,0.5745751206485057,21.515431530597954,-2.287059626797855,-0.7227335816827819,0.0,0.0,0.0,0.0,0.0,0.3664151872462088,0.5762229854821639,21.552306540707946,0.0618795137338866,-0.3518442639005747
10.298655926472229,0.0,0.0,0.0,0.0222089548345758,-0.01,0.4418722639244304,0.5755193694418299,21.50616841071686,-2.2911266769620697,-0.7755648083698988,0.0,0.0,0.0,0.0,0.0,0.3686420135597398,0.5751951811076708,21.534339310867324,0.0519345589108897,-0.4064284667405074
10.316381668170116,0.0,0.0,0.0,0.0234789724729646,-0.01,0.4377350612888892,0.5758856686316013,21.49776898328454,-2.286645510382473,-0.8523693093914114,0.0,0.0,0.0,0.0,0.0,0.371542884261043,0.5772652904314093,21.56819153991309,0.0497948375805545,-0.4689449441481811
10.334107409868002,0.0,0.0,0.0,0.025550039539907,-0.01,0.4460534086713856,0.57701076710135,21.43710960505749,-2.280187771664604,-0.9068586632040172,0.0,0.0,0.0,0.0,0.0,0.3656526827803182,0.5794384044776913,21.56592662851316,0.0510589636315915,-0.5355313446268076
10.35183315156589,0.0,0.0,0.0,0.0308385613683151,-0.01,0.4556062541395286,0.5763719845642277,21.48701143640505,-2.277865446296284,-0.9665233785635978,0.0,0.0,0.0,0.0,0.0,0.3722704484138364,0.5785437995086402,21.566874749019583,0.0429984342612189,-0.6079876452329174
10.369558893263775,0.0,0.0,0.0,0.0319829962874045,-0.01,0.4588393310563762,0.5758021922645018,21.43564363537658,-2.279741885268016,-1.0430789916715877,0.0,0.0,0.0,0.0,0.0,0.3673475268987002,0.5785856723585333,21.608446921106307,0.0383433208594414,-0.6672943350166174
10.387284634961665,0.0,0.0,0.0,0.032340888320725,-0.01,0.4524011158553924,0.5758110461729916,21.454978659315643,-2.2736415440758804,-1.0993759225120756,0.0,0.0,0.0,0.0,0.0,0.370853082313948,0.577575693621958,21.59596545003596,0.0306803366774804,-0.742613560517164
10.40501037665955,0.0,0.0,0.0,0.0320696257421713,-0.01,0.4490702748671076,0.5733985741925093,21.49038313403235,-2.271054450085832,-1.1884671669757427,0.0,0.0,0.0,0.0,0.0,0.3681238489089336,0.5787277753717823,21.57695505748348,0.0222484884300479,-0.8134872021799271
10.422736118357436,0.0,0.0,0.0,0.0329501976036095,-0.01,0.4545527739065964,0.5721868743273918,21.50935439365002,-2.259775233442255,-1.249785652356041,0.0,0.0,0.0,0.0,0.0,0.3699749289291628,0.5786537700896659,21.613652745002724,0.0215799688112394,-0.8887911707043114
10.440461860055324,0.0,0.0,0.0,0.0334466087616538,-0.01,0.4634830636591092,0.5727118363252786,21.446405991816484,-2.2541601454160296,-1.317618490626966,0.0,0.0,0.0,0.0,0.0,0.3672977704365504,0.5808334391190725,21.585192285756875,0.0094692351166352,-0.962079058934276
10.45818760175321,0.0,0.0,0.0,0.0372405686678577,-0.01,0.4621762284750158,0.5726397853686916,21.41808714682293,-2.236492740085581,-1.389557278860953,0.0,0.0,0.0,0.0,0.0,0.3643695506717384,0.5825659123581787,21.567594416444148,-0.0074186503149583,-1.0316290404027262
10.475913343451095,0.0,0.0,0.0,0.03435801104802,-0.01,0.4534605118709312,0.5725249410366468,21.408091509201693,-2.2243578862471054,-1.4849414813293913,0.0,0.0,0.0,0.0,0.0,0.3565861357106446,0.582510435570238,21.535704353622737,-0.0213059425006879,-1.1030578110696754
10.493639085148985,0.0,0.0,0.0,0.0309985249403268,-0.01,0.4462361581135928,0.5719018958968253,21.40410411633445,-2.207580483579049,-1.5823430779112233,0.0,0.0,0.0,0.0,0.0,0.3543011742598164,0.5801634368470914,21.54542451385364,-0.0308957147835069,-1.1595136770215384
10.51136482684687,0.0,0.0,0.0,0.0287685649519169,-0.01,0.437394173494892,0.5715539805614289,21.35852793167416,-2.208271285453532,-1.6767754717088907,0.0,0.0,0.0,0.0,0.0,0.350765925647845,0.5830863059763427,21.538505098366684,-0.0338869081864187,-1.2536344394597143
10.529090568544758,0.0,0.0,0.0,0.0273136798995813,-0.01,0.4362795587738404,0.5724087993302731,21.445065326577463,-2.203917231709284,-1.7531531398930067,0.0,0.0,0.0,0.0,0.0,0.35395201301465,0.5865629257678066,21.49553009080559,-0.0340882099391689,-1.351583034728148
10.546816310242644,0.0,0.0,0.0,0.0266864369355098,-0.01,0.4363145332757258,0.5721535020546009,21.48966045110802,-2.203510836342,-1.828720674930896,0.0,0.0,0.0,0.0,0.0,0.3571185980589268,0.5886960137561223,21.45063110015404,-0.0396089502804231,-1.3977116299674677
10.564542051940531,0.0,0.0,0.0,0.0269536416972493,-0.01,0.4439003787679408,0.5742960720039407,21.50210863228479,-2.193505838313342,-1.904198632559476,0.0,0.0,0.0,0.0,0.0,0.364805124952214,0.5865949241731034,21.42296527083821,-0.0441821758610417,-1.4935234906573018
10.582267793638415,0.0,0.0,0.0,0.0245358868037257,-0.01,0.436431583511084,0.5752620623587843,21.477937733199667,-2.2047458364887587,-2.027847998022623,0.0,0.0,0.0,0.0,0.0,0.3666488121633744,0.586250155491646,21.4697429979366,-0.0530074650076937,-1.6061673334777828
10.599993535336305,0.0,0.0,0.0,0.0230090234654513,-0.01,0.4198254218762084,0.57524085057357,21.565572996621707,-2.196342938520868,-2.134385721242804,0.0,0.0,0.0,0.0,0.0,0.3638555827352988,0.5865559895536725,21.45271750860548,-0.0579790722300095,-1.7111275066126808
10.61771927703419,0.0,0.0,0.0,0.0228162472153663,-0.01,0.4156140028291056,0.5752126777562235,21.60547971818175,-2.2018916932972843,-2.2375715629060697,0.0,0.0,0.0,0.0,0.0,0.3648847053328654,0.5870357438616204,21.46589278998492,-0.0564995811871962,-1.8024747064025115
10.635445018732078,0.0,0.0,0.0,0.0238553271867899,-0.01,0.4289830235829972,0.5764688395559788,21.601460908344443,-2.201957927349904,-2.322349004039826,0.0,0.0,0.0,0.0,0.0,0.3630270628341292,0.5863754071478667,21.49708677879728,-0.057419042396939,-1.906064580536658
10.653170760429964,0.0,0.0,0.0,0.0266202789738408,-0.01,0.4310862420993754,0.5752907334746244,21.639268863210184,-2.1934619863178995,-2.4254760286431623,0.0,0.0,0.0,0.0,0.0,0.3648876686878114,0.5883209119613622,21.502168463898485,-0.0614739608037485,-2.024501922935071
10.670896502127851,0.0,0.0,0.0,0.0272243083281184,-0.01,0.4332752828672204,0.5746982017851463,21.673554586854845,-2.1854034816182435,-2.5325277460687814,0.0,0.0,0.0,0.0,0.0,0.364250017536614,0.5851771538022835,21.538614543318925,-0.0629003364522787,-2.1478927138462702
10.68862224382574,0.0,0.0,0.0,0.0270044858655802,-0.01,0.43542816535929,0.5752493956548461,21.674941918068583,-2.1806017158983813,-2.657622055729896,0.0,0.0,0.0,0.0,0.0,0.366767595946276,0.5838049579976015,21.554821029430062,-0.0667746171759514,-2.258560212854691
10.706347985523625,0.0,0.0,0.0,0.0271847228661682,-0.01,0.4416356167837324,0.5753069869125731,21.6112773697258,-2.185709675589641,-2.781599041003916,0.0,0.0,0.0,0.0,0.0,0.36558027426192,0.5824063423771674,21.5760544437682,-0.0699733779771756,-2.399203949436142
10.724073727221512,0.0,0.0,0.0,0.0271755942110458,-0.01,0.4340792187683056,0.5753969378511974,21.604952079795297,-2.197741342629931,-2.8759420285756665,0.0,0.0,0.0,0.0,0.0,0.3623644096815998,0.5828696325007698,21.57917322888187,-0.0723112933858979,-2.4790275476638994
10.7417994689194,0.0,0.0,0.0,0.0251693253901573,-0.01,0.4438390417783222,0.5747961649916706,21.53530005661925,-2.193897945495681,-2.9794293306566697,0.0,0.0,0.0,0.0,0.0,0.3645083746926926,0.5834969995500033,21.58863258611701,-0.0775190835602405,-2.5797691986771576
10.759525210617284,0.0,0.0,0.0,0.020393014258219,-0.01,0.4465892119272892,0.5756186166464407,21.50145438222381,-2.208389320735514,-3.0961049964310803,0.0,0.0,0.0,0.0,0.0,0.3694070274891548,0.5818890668060885,21.58534330201817,-0.0825224174476224,-2.70557226033254
10.777250952315171,0.0,0.0,0.0,0.0215635491667118,-0.01,0.4437988993574352,0.5743804733246209,21.54081671828912,-2.2004736666191618,-3.184816961010247,0.0,0.0,0.0,0.0,0.0,0.3691294510327642,0.581437132061693,21.53139780364527,-0.0892247891774219,-2.8257806585760767
10.79497669401306,0.0,0.0,0.0,0.021997969456979,-0.01,0.4451320544285092,0.572510234522151,21.54107018931708,-2.198201120078239,-3.323471941773096,0.0,0.0,0.0,0.0,0.0,0.3707676662577664,0.5845800694898257,21.507543536834696,-0.0940043500970109,-2.9470128154333657
10.812702435710946,0.0,0.0,0.0,0.0220324997790982,-0.01,0.4451311957710852,0.5732327662446364,21.507581520214185,-2.199122431421385,-3.468679995716203,0.0,0.0,0.0,0.0,0.0,0.3680665222335332,0.5827763142708683,21.467697188887144,-0.098962345693545,-3.0850921935388427
10.830428177408832,0.0,0.0,0.0,0.0190707673878948,-0.01,0.4521749615791224,0.5745092503481013,21.46355265818697,-2.1991115852883527,-3.6044073579941847,0.0,0.0,0.0,0.0,0.0,0.3648193667488368,0.5833645042223893,21.395871160488912,-0.1031448360046528,-3.1643362433976456
10.84815391910672,0.0,0.0,0.0,0.0187077162252926,-0.01,0.453182725532018,0.5744103408450059,21.485464976838987,-2.205849585987232,-3.740485836726068,0.0,0.0,0.0,0.0,0.0,0.3591012166203152,0.5825923991542364,21.42630798536478,-0.1045845269069511,-3.3050666270190523
10.865879660804609,0.0,0.0,0.0,0.0152344349546821,-0.01,0.442662117452512,0.5733247961483134,21.486852973918733,-2.200969204530383,-3.8988488012511495,0.0,0.0,0.0,0.0,0.0,0.3574846832072556,0.5823093280249813,21.42961285714237,-0.1051559066153827,-3.4354644551057296
10.883605402502493,0.0,0.0,0.0,0.0154229312501359,-0.01,0.449347087392808,0.573108153117353,21.497636717906847,-2.197348782755016,-4.038682820168289,0.0,0.0,0.0,0.0,0.0,0.3589328094834118,0.5835702485808979,21.43920048770529,-0.1051553820712627,-3.5925155844100343
10.90133114420038,0.0,0.0,0.0,0.0138420308485549,-0.01,0.446713321076203,0.5736471181758916,21.44850283076684,-2.204675974266791,-4.147049872114482,0.0,0.0,0.0,0.0,0.0,0.3544404265468392,0.5836014538299347,21.396938063113065,-0.0999672060276349,-3.7138657546663305
10.919056885898266,0.0,0.0,0.0,0.0200602458370052,-0.01,0.4473048332273036,0.5725505505488111,21.42786802964045,-2.210544440297177,-4.328570929237488,0.0,0.0,0.0,0.0,0.0,0.3563932181962382,0.5824376229424638,21.36570043566672,-0.0924011008024419,-3.8376840070830536
10.936782627596154,0.0,0.0,0.0,0.0183681866925998,-0.01,0.455558585698506,0.5723602768420236,21.440864539943224,-2.2135288818648027,-4.494477911242689,0.0,0.0,0.0,0.0,0.0,0.3496104984802692,0.583186085757888,21.38356222259272,-0.0766282308987124,-3.99544129973578
10.95450836929404,0.0,0.0,0.0,0.0151453258046865,-0.01,0.4564643786323384,0.5728938411982948,21.47475889153499,-2.208901368571908,-4.5776432779293685,0.0,0.0,0.0,0.0,0.0,0.3532561165767116,0.5811562065348611,21.378683301486888,-0.0606934746121072,-4.149727542369996
10.972234110991929,0.0,0.0,0.0,0.0142503345321248,-0.01,0.4521856780331788,0.5730612074445607,21.44135718740689,-2.211256389818805,-4.69776833807049,0.0,0.0,0.0,0.0,0.0,0.359262550873067,0.5841499651283938,21.36756522534196,-0.0478639031064775,-4.252366026840467
10.989959852689816,0.0,0.0,0.0,0.0152664801634054,-0.01,0.442781616237194,0.5726956417460082,21.500376816219788,-2.2204149266473925,-4.815569805237022,0.0,0.0,0.0,0.0,0.0,0.3628347059989036,0.5850295252382519,21.43761063432605,-0.0327264010557718,-4.407713194240014
11.0076855943877,0.0,0.0,0.0,0.0181317138048854,-0.01,0.4417727612758348,0.5733688668723039,21.517315063306743,-2.2181973077919706,-4.937723225765865,0.0,0.0,0.0,0.0,0.0,0.3674325749759632,0.5848970088228717,21.33806746404761,-0.0178424276163695,-4.543454146884555
11.025411336085588,0.0,0.0,0.0,0.021201122429254,-0.01,0.4514641057242568,0.5754806367146121,21.568398414509133,-2.229878543413972,-5.043209595587225,0.0,0.0,0.0,0.0,0.0,0.368767315725206,0.5854844599727856,21.30209981590951,-0.0084657222136335,-4.671412176088531
11.043137077783474,0.0,0.0,0.0,0.0199596035344296,-0.01,0.4494507045945828,0.576496039135664,21.501589537034928,-2.2577668451125463,-5.1912038578911295,0.0,0.0,0.0,0.0,0.0,0.3655751917999672,0.5836256618642042,21.289800581443107,-0.0062835238700665,-4.809754845627649
11.06086281948136,0.0,0.0,0.0,0.0231572383371972,-0.01,0.4431235475916064,0.5764814491277898,21.62427781944997,-2.2655791377953345,-5.341700579810206,0.0,0.0,0.0,0.0,0.0,0.360532739064548,0.5839277916510883,21.270651237770256,-0.0051539461011087,-5.010214746935359
11.078588561179249,0.0,0.0,0.0,0.0244763346770277,-0.01,0.4494867516685256,0.5755106666574856,21.638423502500643,-2.2672873990248754,-5.426478553317796,0.0,0.0,0.0,0.0,0.0,0.3583710831191116,0.5841245587762822,21.35719381695926,-0.0051547196124588,-5.155980693257788
11.096314302877134,0.0,0.0,0.0,0.0233893508965271,-0.01,0.441630265714828,0.5765342181583857,21.5807472811156,-2.274154968275269,-5.567539361480717,0.0,0.0,0.0,0.0,0.0,0.3686518364456106,0.584309228776107,21.440236884840115,-0.0034203083091369,-5.303891149959114
11.114040044575022,0.0,0.0,0.0,0.020254975817405,-0.01,0.4402892739442064,0.5758050520937926,21.570178521824825,-2.2845139651438187,-5.727819020376508,0.0,0.0,0.0,0.0,0.0,0.3693040131517852,0.5827601424842902,21.419729447774145,-0.0009561145541617,-5.4379307177962
11.131765786272908,0.0,0.0,0.0,0.0220964053563442,-0.01,0.4491602582386704,0.5736672795416666,21.650770099073814,-2.291383379683945,-5.862727486362082,0.0,0.0,0.0,0.0,0.0,0.366009491476206,0.5801146741018063,21.45995710374372,-0.000594824044885,-5.56260419056712
11.149491527970795,0.0,0.0,0.0,0.0218777470716578,-0.01,0.4524843589223176,0.5763733838465086,21.65481260837448,-2.2890459476882783,-6.029487455762402,0.0,0.0,0.0,0.0,0.0,0.3678003402797304,0.58144014538475,21.45124028040427,-0.0008123716290417,-5.702332462493037
11.16721726966868,0.0,0.0,0.0,0.0172430638940955,-0.01,0.457199933548218,0.5743951031729967,21.624841677202355,-2.2904990084660874,-6.1558414104183,0.0,0.0,0.0,0.0,0.0,0.3645553264645236,0.5822695328386099,21.450123915683594,-0.0033320194085247,-5.84910322936409
11.184943011366569,0.0,0.0,0.0,0.0164124529440122,-0.01,0.4607048060894084,0.5715899348265245,21.554749955391543,-2.2965126783529053,-6.314838660039267,0.0,0.0,0.0,0.0,0.0,0.3643462957793832,0.5813077352622158,21.44785355417113,-0.0048712722326428,-6.011889684985128
11.202668753064456,0.0,0.0,0.0,0.0197444576435406,-0.01,0.4453337371882944,0.5700574470046561,21.569060212358504,-2.2957307749594733,-6.447163457837372,0.0,0.0,0.0,0.0,0.0,0.37162646883304,0.5822478970436593,21.55880087990396,-0.0033209572022876,-6.169863643427199
11.220394494762342,0.0,0.0,0.0,0.0183201045054122,-0.01,0.4539010991211938,0.5678335288372327,21.456375898878647,-2.292787974912106,-6.589287935116449,0.0,0.0,0.0,0.0,0.0,0.3772192493574668,0.5828004233806162,21.55437614580276,0.0002282300726081,-6.278899536165835
11.23812023646023,0.0,0.0,0.0,0.0226704451516834,-0.01,0.4469106953672052,0.5680106971203014,21.44750357345214,-2.28279318599886,-6.721131673341925,0.0,0.0,0.0,0.0,0.0,0.3794323574142814,0.5847416709059936,21.52719528827061,0.0075241507882065,-6.409129266452799
11.255845978158115,0.0,0.0,0.0,0.0211695681839764,-0.01,0.4463632170470816,0.5674346835857468,21.457956081941497,-2.2890445120715217,-6.8114580106364855,0.0,0.0,0.0,0.0,0.0,0.3784993324354408,0.5826509452352447,21.409112330653507,0.0138245373645335,-6.525502217119939
11.273571719856005,0.0,0.0,0.0,0.0198215795601957,-0.01,0.4487007422686478,0.5686762480553074,21.40524199768992,-2.2988922168443096,-6.929256985027135,0.0,0.0,0.0,0.0,0.0,0.381218226673099,0.5852576399597098,21.456662656441864,0.0196772385167889,-6.674316688542175
11.29129746155389,0.0,0.0,0.0,0.022431661372874,-0.01,0.437695698947572,0.5710229375155331,21.33968772739871,-2.303315500784424,-7.086114840716661,0.0,0.0,0.0,0.0,0.0,0.3818673739006278,0.586140173813225,21.49515261568326,0.0285588121173245,-6.8531523960977045
11.309023203251776,0.0,0.0,0.0,0.0255597230500392,-0.01,0.4323489312654128,0.5687613492020139,21.31843555045397,-2.3025108740010864,-7.256083218848655,0.0,0.0,0.0,0.0,0.0,0.3802059268361256,0.584910386244875,21.50357463886849,0.038357333203268,-7.018010634450179
11.326748944949664,0.0,0.0,0.0,0.0274084933872224,-0.01,0.4361268980113356,0.5686389689614408,21.296955322999693,-2.314054239822667,-7.415052355932108,0.0,0.0,0.0,0.0,0.0,0.3854030296653172,0.5847020843750249,21.525013455759325,0.044229784575547,-7.152271442517867
11.34447468664755,0.0,0.0,0.0,0.0292428931107486,-0.01,0.425951303007152,0.5692467937748075,21.30628798730452,-2.3198102992498963,-7.57996878171824,0.0,0.0,0.0,0.0,0.0,0.383997074469006,0.58466457704006,21.59908176396869,0.0481493739799011,-7.280435695839207
11.362200428345435,0.0,0.0,0.0,0.0260436467975366,-0.01,0.428704384142956,0.5697629675042506,21.39904877670045,-2.3258779760567982,-7.70527027213323,0.0,0.0,0.0,0.0,0.0,0.380714638286349,0.5859339747676569,21.54214675941735,0.0583962750542503,-7.402535602205098
11.379926170043325,0.0,0.0,0.0,0.0287969568958468,-0.01,0.4285370959532848,0.5724305562905112,21.396417282099325,-2.338857324532088,-7.880364896986995,0.0,0.0,0.0,0.0,0.0,0.3820438372652368,0.5875219646217287,21.546218427305472,0.0682139631189777,-7.526634552414887
11.39765191174121,0.0,0.0,0.0,0.0215082071991446,-0.01,0.4310037541721704,0.5731575467692568,21.3624601789613,-2.346528130112948,-8.025681567278818,0.0,0.0,0.0,0.0,0.0,0.3814209800811332,0.5891492184666777,21.48530488034908,0.0837417332057267,-7.685875539934373
11.415377653439098,0.0,0.0,0.0,0.0215481459209308,-0.01,0.4426045918213282,0.5747514166791432,21.3595807332464,-2.344851499888524,-8.173921406949885,0.0,0.0,0.0,0.0,0.0,0.3797746416040692,0.5912048949508395,21.55176196730776,0.0941920111967256,-7.841014020280293
11.433103395136984,0.0,0.0,0.0,0.0243166262603038,-0.01,0.4415741375717744,0.5736743461771402,21.36044093209784,-2.3561173535655247,-8.333726502476454,0.0,0.0,0.0,0.0,0.0,0.3735596755652528,0.5899937660012817,21.50459487382328,0.0918558401761633,-7.968731997317245
11.450829136834871,0.0,0.0,0.0,0.0170715038401662,-0.01,0.4531191163834822,0.572856772558183,21.370253576937166,-2.366659168966319,-8.492841034059593,0.0,0.0,0.0,0.0,0.0,0.3678592049099796,0.5914391876884096,21.476361233845868,0.0908692824744278,-8.12404411182793
11.468554878532755,0.0,0.0,0.0,0.0150622647069744,-0.01,0.457177819464942,0.5731752311822544,21.315128942629308,-2.3800977343905747,-8.573513039786665,0.0,0.0,0.0,0.0,0.0,0.3685318523729106,0.5916348455594671,21.46502990699029,0.0918323408292274,-8.256556097231975
11.486280620230644,0.0,0.0,0.0,0.0158999043849275,-0.01,0.4435361999633286,0.5749912595164018,21.34843573434837,-2.388788759521243,-8.714486597737704,0.0,0.0,0.0,0.0,0.0,0.3669088204692072,0.5900943527607525,21.508571788925185,0.0929986310528063,-8.424189846490902
11.50400636192853,0.0,0.0,0.0,0.0148588458039726,-0.01,0.4388911303906606,0.5763174497232526,21.47823581554523,-2.389241923472965,-8.826228224260317,0.0,0.0,0.0,0.0,0.0,0.3656490017947334,0.5907397503096675,21.45171220593189,0.094510791506628,-8.608018824079842
11.521732103626418,0.0,0.0,0.0,0.0179133866532036,-0.01,0.4516948445173228,0.5759465062279411,21.37202164385246,-2.391265812778863,-8.950919187540636,0.0,0.0,0.0,0.0,0.0,0.3662058273808612,0.5909382374966738,21.463213726536136,0.0948469561685295,-8.773569138696217
11.539457845324304,0.0,0.0,0.0,0.0208752647687488,-0.01,0.4415346946181236,0.5759808402039623,21.45335033330237,-2.387276004424957,-9.08849739897973,0.0,0.0,0.0,0.0,0.0,0.3647319396806952,0.5889232091945487,21.433941419117687,0.0948463804326285,-8.931255114631131
11.557183587022193,0.0,0.0,0.0,0.0227948568098373,-0.01,0.4441293346499844,0.5759282583966416,21.50289160551016,-2.393890426987744,-9.234213212228092,0.0,0.0,0.0,0.0,0.0,0.3615132862847774,0.5863442139541265,21.465436015113937,0.0948470977439306,-9.049939833637495
11.57490932872008,0.0,0.0,0.0,0.0224371592536656,-0.01,0.4400845200128828,0.5749702861783371,21.529915108409416,-2.4093489090665856,-9.349062247749616,0.0,0.0,0.0,0.0,0.0,0.3660618655366144,0.5870252473711888,21.41173986229372,0.094847479562134,-9.185533198966391
11.592635070417964,0.0,0.0,0.0,0.0236133699477006,-0.01,0.4308681525299864,0.5747504912971991,21.59411553592421,-2.414753818874363,-9.458540013537132,0.0,0.0,0.0,0.0,0.0,0.3706181023824872,0.5869649887342936,21.45357973476821,0.0948509231368857,-9.321345587256085
11.610360812115852,0.0,0.0,0.0,0.0301395262623944,-0.01,0.4247821954490384,0.5759336153448373,21.62531020833116,-2.420681374736576,-9.555309433282153,0.0,0.0,0.0,0.0,0.0,0.3721191003303736,0.5858484036169832,21.387963171927176,0.0961146189842192,-9.437776248074876
11.62808655381374,0.0,0.0,0.0,0.0302757479614206,-0.01,0.4252788957471316,0.5757787063405705,21.62679459115484,-2.4174049883491384,-9.74714048295818,0.0,0.0,0.0,0.0,0.0,0.3716269195299452,0.5869550122641549,21.44132454601057,0.1002192871365518,-9.578521183968038
11.645812295511623,0.0,0.0,0.0,0.0314509706141079,-0.01,0.4267473397678662,0.5743938322648464,21.618658173290783,-2.4143374942706206,-9.923658891251083,0.0,0.0,0.0,0.0,0.0,0.3732382633063284,0.5883278918411353,21.46155606517804,0.1021623069750021,-9.755156601795646
11.663538037209513,0.0,0.0,0.0,0.0368372589290901,-0.01,0.4327112749636336,0.5749682990780403,21.47092646973833,-2.4194277548924887,-10.078610569501768,0.0,0.0,0.0,0.0,0.0,0.376924307989614,0.5860594379862891,21.42579586202224,0.1029229158612275,-9.88464943264541
11.6812637789074,0.0,0.0,0.0,0.0350270552091025,-0.01,0.4266926637599096,0.574523817107932,21.591482600188808,-2.417886925424458,-10.230560468096703,0.0,0.0,0.0,0.0,0.0,0.3765012430455168,0.5859381643309347,21.37976315909819,0.1027297834444874,-10.014663523530292
11.698989520605286,0.0,0.0,0.0,0.0347822921901385,-0.01,0.4296812655606584,0.5746535909458804,21.6194400763794,-2.433590453896002,-10.37274253543781,0.0,0.0,0.0,0.0,0.0,0.380589716117904,0.5870569484122639,21.444880960360457,0.1029272197532391,-10.181809482442564
11.716715262303172,0.0,0.0,0.0,0.0312562558796252,-0.01,0.4366431294032828,0.5744843604794142,21.58496110556106,-2.4275749144602505,-10.51471465066112,0.0,0.0,0.0,0.0,0.0,0.3827388991653834,0.5875189519386683,21.46621535497813,0.1042349138222941,-10.33434829482376
11.73444100400106,0.0,0.0,0.0,0.0305409189348314,-0.01,0.4375569530103356,0.5747849494392047,21.5696518563534,-2.415069197017975,-10.677156062032756,0.0,0.0,0.0,0.0,0.0,0.378099429720304,0.5844335714433344,21.50169345583104,0.1047032956367789,-10.47409509549435
11.752166745698949,0.0,0.0,0.0,0.0339696456849031,-0.01,0.4359814312893276,0.5752573024231856,21.57500959312529,-2.4178952296494733,-10.81488353129782,0.0,0.0,0.0,0.0,0.0,0.3721997026801752,0.5841548235321892,21.46605491966421,0.1034682685671769,-10.614326108611497
11.769892487396833,0.0,0.0,0.0,0.0343792842297227,-0.01,0.4446745874355202,0.5733851984020426,21.544348615574005,-2.416210115074926,-10.959438663682375,0.0,0.0,0.0,0.0,0.0,0.3681532364252312,0.5834864684410329,21.538762291327224,0.1032066536732693,-10.779055783411115
11.78761822909472,0.0,0.0,0.0,0.0285348428485518,-0.01,0.442779276072715,0.5732523004227078,21.52668106939217,-2.415868816852756,-11.11319514049332,0.0,0.0,0.0,0.0,0.0,0.3663833722191004,0.5846116760452694,21.522298833023783,0.1116637368798743,-10.93085385333266
11.805343970792606,0.0,0.0,0.0,0.0282788416553336,-0.01,0.449015735374874,0.5731190445993098,21.542869541021403,-2.421882523850471,-11.268706577369956,0.0,0.0,0.0,0.0,0.0,0.361414078573626,0.5829853136413575,21.48667127738081,0.1170907032074258,-11.044343490196946
11.823069712490494,0.0,0.0,0.0,0.0264675719334619,-0.01,0.4456314517282544,0.5727212617643719,21.560495925475,-2.4250932695908274,-11.412672400720188,0.0,0.0,0.0,0.0,0.0,0.361741817553712,0.5845517960990365,21.568453411999894,0.1229345471768172,-11.187947189333318
11.84079545418838,0.0,0.0,0.0,0.0275858801074713,-0.01,0.4438497756804002,0.5734109695673819,21.478523351632774,-2.4388071441008856,-11.545243970520842,0.0,0.0,0.0,0.0,0.0,0.361299933888954,0.5817592155734749,21.605776159836047,0.125002163278956,-11.345314412919771
11.858521195886269,0.0,0.0,0.0,0.0230446574053306,-0.01,0.4423229452230952,0.5716326442209078,21.457310156054184,-2.4378650260175254,-11.655585247824693,0.0,0.0,0.0,0.0,0.0,0.363011348421592,0.5783464939346882,21.600088583752274,0.1247105970832255,-11.464748268977242
11.876246937584154,0.0,0.0,0.0,0.021804611605943,-0.01,0.4333280732268516,0.5717899378940543,21.46294726143082,-2.450240165125234,-11.776726350034462,0.0,0.0,0.0,0.0,0.0,0.3675263738799324,0.5772717426047376,21.590527726784785,0.1258804635215871,-11.602333720108172
11.89397267928204,0.0,0.0,0.0,0.0224802345159746,-0.01,0.4299484666872264,0.5707335640220159,21.45677322054398,-2.4482086102679044,-11.940774149190176,0.0,0.0,0.0,0.0,0.0,0.3653063343150392,0.5788006827612159,21.61469190139779,0.1301322213727461,-11.706378272996906
11.911698420979928,0.0,0.0,0.0,0.021611341916573,-0.01,0.4386858683199928,0.5721341081446255,21.474130925218848,-2.449579172460612,-12.090455366922937,0.0,0.0,0.0,0.0,0.0,0.36875100558517,0.5777693004106577,21.64485967458433,0.138105440806325,-11.84292207242934
11.929424162677812,0.0,0.0,0.0,0.0233808409237253,-0.01,0.4366869383354644,0.5736318914486207,21.44429785265657,-2.444782015045197,-12.236802974352136,0.0,0.0,0.0,0.0,0.0,0.3737927681098474,0.5781438907084641,21.67984162975149,0.1509548474576026,-11.992108613014526
11.9471499043757,0.0,0.0,0.0,0.027629175019492,-0.01,0.4332176077633836,0.5745371315603746,21.46864782238542,-2.4481635976676874,-12.385235169069224,0.0,0.0,0.0,0.0,0.0,0.368228099696432,0.5759545061126956,21.60321649645534,0.1655386705758657,-12.131907648307685
11.964875646073589,0.0,0.0,0.0,0.0265202869834857,-0.01,0.4258626740465276,0.5748250743354536,21.44996986535917,-2.4498166842985163,-12.504438351969496,0.0,0.0,0.0,0.0,0.0,0.3726848125329192,0.5794067458333102,21.54154421999255,0.1840969803416906,-12.2895502820555
11.982601387771474,0.0,0.0,0.0,0.0285871689478619,-0.01,0.4224871015266412,0.5739189217583175,21.454358703819267,-2.4533781649629294,-12.672502105264757,0.0,0.0,0.0,0.0,0.0,0.3708135022169296,0.5805485808587412,21.54539060647729,0.177977961087601,-12.440240837569894
12.000327129469362,0.0,0.0,0.0,0.0293669429747482,-0.01,0.4256036337630124,0.5737778176285215,21.430311671860768,-2.453967872673149,-12.808887980872695,0.0,0.0,0.0,0.0,0.0,0.3703902804946232,0.5816461072393011,21.49179474352033,0.175605940877963,-12.58529077682122
12.018052871167248,0.0,0.0,0.0,0.0275799448516927,-0.01,0.4303042606635256,0.5740799124368786,21.34065942530304,-2.4736196182878025,-12.955450332190622,0.0,0.0,0.0,0.0,0.0,0.3697138079574316,0.5829932454171676,21.465140533503185,0.1813671629472712,-12.742536897645088
12.035778612865135,0.0,0.0,0.0,0.0259659038957759,-0.01,0.4312215362546348,0.5741959508388477,21.34948498868489,-2.478298127670723,-13.10543620859577,0.0,0.0,0.0,0.0,0.0,0.3718542657694992,0.5836912411641337,21.488105289071164,0.1851587265530667,-12.882665090329589
12.05350435456302,0.0,0.0,0.0,0.0243688696678735,-0.01,0.43122628471511,0.5750837652968919,21.32910849107625,-2.491279384127044,-13.24145260407452,0.0,0.0,0.0,0.0,0.0,0.373893054786922,0.5830860497854344,21.4439199489171,0.1844720677649139,-13.052656705606516
12.071230096260908,0.0,0.0,0.0,0.0260517360673656,-0.01,0.4260771317738314,0.5742190857057252,21.294252299113623,-2.5006334263387684,-13.363063620812158,0.0,0.0,0.0,0.0,0.0,0.3762611351602408,0.5844112401048607,21.41304595394204,0.1850116290078687,-13.206494833815984
12.088955837958796,0.0,0.0,0.0,0.0287351421254479,-0.01,0.4241470519763952,0.5739869020574986,21.30687349243518,-2.52284084659519,-13.51461761309297,0.0,0.0,0.0,0.0,0.0,0.3805737703484276,0.5857024257123731,21.30595769627683,0.1853466571003814,-13.319260445454557
12.106681579656682,0.0,0.0,0.0,0.0298083888131243,-0.01,0.432893119233626,0.5713841252148079,21.314544567569023,-2.5298136758278846,-13.655127492344032,0.0,0.0,0.0,0.0,0.0,0.3862254822073336,0.5851751835090513,21.36414482722682,0.1857870209392709,-13.483687985388318
12.12440732135457,0.0,0.0,0.0,0.0326876986055601,-0.01,0.4364983519901792,0.5709745580494343,21.29637688346208,-2.5322465140375967,-13.80073914708924,0.0,0.0,0.0,0.0,0.0,0.385460304211931,0.5832110688162545,21.39074687925544,0.1846782265918082,-13.631399657109696
12.142133063052457,0.0,0.0,0.0,0.0290088848267085,-0.01,0.4424917452319822,0.5709656564737694,21.29249802170733,-2.5384205597715086,-13.92789761646646,0.0,0.0,0.0,0.0,0.0,0.3868916707958612,0.582564428175989,21.32458530133057,0.1858527774248606,-13.795736145505742
12.159858804750344,0.0,0.0,0.0,0.0264214149950243,-0.01,0.4326827531228724,0.5715953795783432,21.29927794791192,-2.537383760806392,-14.077889316054575,0.0,0.0,0.0,0.0,0.0,0.3928618248766464,0.5844029650678066,21.30724300944308,0.1875492654352201,-13.932297278157131
12.17758454644823,0.0,0.0,0.0,0.0246850496827257,-0.01,0.431225353188952,0.5709082738189925,21.38489659037068,-2.520085314322847,-14.2296562745205,0.0,0.0,0.0,0.0,0.0,0.3935247315718424,0.5859622038953209,21.2928742293059,0.187813864260038,-14.059087129207873
12.195310288146116,0.0,0.0,0.0,0.0269037462450767,-0.01,0.4339454180218954,0.5703924140129718,21.369144589418,-2.5166082032396906,-14.362779000503547,0.0,0.0,0.0,0.0,0.0,0.3898050037707568,0.5867610407586292,21.313984374744827,0.187634815550277,-14.193160034708256
12.213036029844003,0.0,0.0,0.0,0.0252990845849187,-0.01,0.4332845871507272,0.5702643023996979,21.43718677901566,-2.5148563090010185,-14.484370378923115,0.0,0.0,0.0,0.0,0.0,0.3903838833270508,0.5884149392048068,21.331389070707264,0.1920433679867288,-14.330506557543686
12.23076177154189,0.0,0.0,0.0,0.028166634325908,-0.01,0.4371073427979632,0.5705867858019354,21.40005780295724,-2.506386711229214,-14.64818559848795,0.0,0.0,0.0,0.0,0.0,0.3886099418070678,0.588348641517079,21.37065107150416,0.1948550923142144,-14.481045846643523
12.248487513239777,0.0,0.0,0.0,0.0260294716707099,-0.01,0.4349903797783128,0.5697811536641777,21.4199194416008,-2.501248017686565,-14.794075679259969,0.0,0.0,0.0,0.0,0.0,0.3860915089135592,0.5862654980883811,21.43757136542883,0.1948471038831028,-14.637465545884677
12.266213254937664,0.0,0.0,0.0,0.0276605093317335,-0.01,0.4399337150590494,0.5709317356705143,21.374638719969315,-2.5016220815558468,-14.959007431517804,0.0,0.0,0.0,0.0,0.0,0.3850390428798374,0.5868968707800435,21.34668797086512,0.1958531044667933,-14.765625864613556
12.28393899663555,0.0,0.0,0.0,0.0260240226971237,-0.01,0.4472441819594538,0.5713761096795047,21.41657197871613,-2.4973169433198863,-15.106066122316648,0.0,0.0,0.0,0.0,0.0,0.3857901224165676,0.5884948505204596,21.33150313401907,0.1982237468940192,-14.899293430837924
12.301664738333438,0.0,0.0,0.0,0.0262334937630629,-0.01,0.4506037629598508,0.5723977950797402,21.45931793681807,-2.4888282191909057,-15.24717286517016,0.0,0.0,0.0,0.0,0.0,0.382454553114194,0.5868080323110616,21.364895240645705,0.1992565887581439,-15.006145391984909
12.319390480031323,0.0,0.0,0.0,0.0234233950328528,-0.01,0.4550666738743826,0.5711575402237362,21.47124220207136,-2.4965079600937568,-15.3895459537363,0.0,0.0,0.0,0.0,0.0,0.3839565268114686,0.5860328873449197,21.39009643056856,0.1994878056300543,-15.159470420487786
12.337116221729213,0.0,0.0,0.0,0.0284044930033795,-0.01,0.452283009568602,0.5722367976937617,21.457959525300684,-2.513795768731021,-15.53492664447088,0.0,0.0,0.0,0.0,0.0,0.3817799447281176,0.5852676502645535,21.456035568465506,0.1984572393325318,-15.30511497325179
12.354841963427097,0.0,0.0,0.0,0.0305220186403471,-0.01,0.4419582256716372,0.572620905846568,21.41287853079767,-2.531097421238089,-15.71539973620716,0.0,0.0,0.0,0.0,0.0,0.3780352703527676,0.584214919732772,21.41529900039525,0.1972955370906222,-15.468813007598174
12.372567705124984,0.0,0.0,0.0,0.0325096197427569,-0.01,0.438752965740023,0.5731687028686273,21.35923510217298,-2.531762683212625,-15.90148932216724,0.0,0.0,0.0,0.0,0.0,0.3816843788908956,0.5812619116446165,21.38976927818576,0.1980511144215247,-15.594002024981869
12.39029344682287,0.0,0.0,0.0,0.0288475836614513,-0.01,0.4354520467005486,0.5723157239419879,21.441900892347583,-2.5366513469501686,-16.04535143901566,0.0,0.0,0.0,0.0,0.0,0.3810171061936696,0.5820371705004679,21.366623643672835,0.1995511202859387,-15.71291784591338
12.408019188520758,0.0,0.0,0.0,0.0302748714998396,-0.01,0.4404984301827856,0.5732170299043875,21.5001671672208,-2.539220611701654,-16.184282745948252,0.0,0.0,0.0,0.0,0.0,0.3799797055545162,0.5806406474373179,21.35869167411134,0.2082012303745642,-15.854803028524405
12.425744930218643,0.0,0.0,0.0,0.0257350662518371,-0.01,0.434523757700612,0.5762046201904759,21.56149263933413,-2.5417777304019147,-16.284847057276256,0.0,0.0,0.0,0.0,0.0,0.3810222219704236,0.5801575862513121,21.3701852514202,0.2147307337387587,-15.976602944316983
12.443470671916533,0.0,0.0,0.0,0.028251603353571,-0.01,0.4341202445149872,0.5768821075722176,21.604101697327284,-2.53585102305623,-16.45330990040748,0.0,0.0,0.0,0.0,0.0,0.3843058332868472,0.5770025199696408,21.40151578327608,0.2158177940556868,-16.123299961004875
12.461196413614418,0.0,0.0,0.0,0.0253366000684665,-0.01,0.4279270706980556,0.5760304580143666,21.56917506659425,-2.5455593344730576,-16.599089675666985,0.0,0.0,0.0,0.0,0.0,0.3874124511879022,0.5784251084322892,21.417781744261884,0.2200576181753011,-16.278683220128876
12.478922155312304,0.0,0.0,0.0,0.0272486223389567,-0.01,0.4263956014288172,0.5778981600929354,21.567525796909926,-2.563762612633036,-16.76369107779522,0.0,0.0,0.0,0.0,0.0,0.3798266815970448,0.579602867679745,21.4326011819099,0.2259237453500298,-16.451789311722898
12.496647897010192,0.0,0.0,0.0,0.0244087953567101,-0.01,0.429973696847455,0.5791214018640696,21.550648875596163,-2.56326123054902,-16.925412614281207,0.0,0.0,0.0,0.0,0.0,0.3810755574047092,0.5805617632784649,21.38130065308949,0.2345188482347087,-16.608540557899108
12.51437363870808,0.0,0.0,0.0,0.0256237595166291,-0.01,0.4440623618815952,0.5790265281645953,21.68920733607774,-2.558409200935372,-17.06788840856797,0.0,0.0,0.0,0.0,0.0,0.3869832591381648,0.5806838311852498,21.40683694811453,0.2450387824707478,-16.71640298865574
12.532099380405963,0.0,0.0,0.0,0.0227995040508944,-0.01,0.443111928020978,0.5770184662929811,21.75565974819885,-2.572729049038238,-17.203004894256505,0.0,0.0,0.0,0.0,0.0,0.3833929715214282,0.5822818300527376,21.43845163841805,0.2519398364635464,-16.858634460931132
12.549825122103853,0.0,0.0,0.0,0.0239101956423244,-0.01,0.4417552922746364,0.5753892797771473,21.70191722398537,-2.59136111867036,-17.338075215082384,0.0,0.0,0.0,0.0,0.0,0.3851458945109562,0.5812124776261468,21.43008556296868,0.2594672731368876,-16.993781202143204
12.567550863801738,0.0,0.0,0.0,0.0273722915613261,-0.01,0.4428705250566696,0.5755414264885665,21.689113918639155,-2.605590457740925,-17.4575948049681,0.0,0.0,0.0,0.0,0.0,0.3810640974632206,0.5839844625435807,21.371212125240792,0.2692340152410963,-17.118373725087174
12.585276605499626,0.0,0.0,0.0,0.0321195206285162,-0.01,0.4434813940238316,0.5732671618448884,21.627482762179007,-2.617385596057782,-17.57063570846992,0.0,0.0,0.0,0.0,0.0,0.3804841316327804,0.5835573177957697,21.45153855215764,0.2796849942053539,-17.303931898567985
12.603002347197512,0.0,0.0,0.0,0.0261319086391624,-0.01,0.431271375834669,0.5726154895068021,21.57088688043776,-2.635179841452981,-17.69722983412036,0.0,0.0,0.0,0.0,0.0,0.3772597804964436,0.5844287272261179,21.41441317324392,0.2883606798141561,-17.460469987471402
12.6207280888954,0.0,0.0,0.0,0.027475487077496,-0.01,0.428793481719126,0.5725904497661207,21.649879823402568,-2.642196145905634,-17.816315300880486,0.0,0.0,0.0,0.0,0.0,0.3810123291427012,0.5855190368293969,21.401541965177508,0.2980825094884878,-17.578972747417044
12.638453830593289,0.0,0.0,0.0,0.029392675769408,-0.01,0.4312224339900436,0.5711111175950611,21.654471266009445,-2.6471924753379024,-17.9302260939044,0.0,0.0,0.0,0.0,0.0,0.3888001889006094,0.5855940826959027,21.371903734098467,0.3071869803688762,-17.695074392774355
12.656179572291173,0.0,0.0,0.0,0.0299945635311165,-0.01,0.4312910124317216,0.5703109557976335,21.6807060919156,-2.655408902506785,-18.01714966025368,0.0,0.0,0.0,0.0,0.0,0.392988409204371,0.5837157603199519,21.41226690112344,0.3156816862958038,-17.811716424611586
12.67390531398906,0.0,0.0,0.0,0.0292400437680117,-0.01,0.4262398265525884,0.5691730956090341,21.619886265626533,-2.6674041820872545,-18.095905416815945,0.0,0.0,0.0,0.0,0.0,0.3868191040404904,0.5875270018364511,21.33713664127894,0.3261546002327424,-17.963549969673327
12.691631055686946,0.0,0.0,0.0,0.0303508675411647,-0.01,0.4298000479942676,0.5697961900578377,21.556342834613645,-2.674715323592189,-18.19898719576121,0.0,0.0,0.0,0.0,0.0,0.3897436328586186,0.5857751135343173,21.363919971831645,0.3358403730736675,-18.07375727105996
12.709356797384832,0.0,0.0,0.0,0.0303794208394531,-0.01,0.4406062939562804,0.5717014510481695,21.600609194804147,-2.6781156758174745,-18.34678315074252,0.0,0.0,0.0,0.0,0.0,0.3934647226559312,0.587556064823499,21.369565132654014,0.3461418680203542,-18.187626403833697
12.72708253908272,0.0,0.0,0.0,0.0291118475284749,-0.01,0.4397057964809576,0.5719440984502432,21.55699397105805,-2.687849371256375,-18.445358932884258,0.0,0.0,0.0,0.0,0.0,0.3956977732364512,0.5868751559562753,21.45558375399958,0.3597525578703722,-18.311474351911123
12.744808280780608,0.0,0.0,0.0,0.0273069604069693,-0.01,0.4457637420399348,0.5722690331271488,21.6219238436846,-2.698820315043551,-18.537452966621554,0.0,0.0,0.0,0.0,0.0,0.394618530249513,0.5870787142125652,21.407131357906326,0.3697030322799295,-18.4050421814067
12.762534022478494,0.0,0.0,0.0,0.0263154094520283,-0.01,0.4450539380780636,0.5730181571762085,21.617923677903967,-2.69552805967328,-18.607547860379405,0.0,0.0,0.0,0.0,0.0,0.394991458726671,0.5885198656471929,21.443474541251685,0.3795999453664002,-18.49597240431983
12.78025976417638,0.0,0.0,0.0,0.0282619870760237,-0.01,0.4417961053245472,0.5739489739521986,21.54854015308924,-2.698571058909906,-18.7105752701962,0.0,0.0,0.0,0.0,0.0,0.3914912687975824,0.5893465275662472,21.427549712228345,0.3901568510314552,-18.63180359750493
12.797985505874268,0.0,0.0,0.0,0.0298106912803569,-0.01,0.4451046474789406,0.5747172280876546,21.49869380346254,-2.713628292375055,-18.845147763143554,0.0,0.0,0.0,0.0,0.0,0.3888207954856056,0.5878071980221778,21.42955799032886,0.4057591375455036,-18.75030488950937
12.815711247572152,0.0,0.0,0.0,0.0340472834237573,-0.01,0.4431121333836126,0.5748265467459842,21.4536105655185,-2.726259461835355,-18.95595768260646,0.0,0.0,0.0,0.0,0.0,0.3822185116250172,0.5887835112817932,21.394375054138106,0.4187528962800251,-18.85538910648205
12.83343698927004,0.0,0.0,0.0,0.0292536879958686,-0.01,0.436557638284906,0.5750520327248476,21.45067489209372,-2.7240477359517987,-19.056910241788223,0.0,0.0,0.0,0.0,0.0,0.390393288568229,0.586786037498058,21.408840148189533,0.4170312782228274,-18.921216389115017
12.851162730967928,0.0,0.0,0.0,0.0301947726754123,-0.01,0.4427255159389616,0.5756832415078386,21.47231297630592,-2.7373295932284023,-19.11986062170079,0.0,0.0,0.0,0.0,0.0,0.3875551478459768,0.5885833998410085,21.372541682132656,0.4188868917158349,-19.024160384456177
12.868888472665814,0.0,0.0,0.0,0.0333507317825304,-0.01,0.4428914257595076,0.5766848262199756,21.44850645941069,-2.751531885526524,-19.172296515746687,0.0,0.0,0.0,0.0,0.0,0.3820601467693764,0.5865704651716818,21.35725918357905,0.4220816891745607,-19.128183833852223
12.886614214363702,0.0,0.0,0.0,0.033135854913307,-0.01,0.4408350225352864,0.5776641293808912,21.45474615395798,-2.761680004814498,-19.26847345636976,0.0,0.0,0.0,0.0,0.0,0.3813763394937432,0.5874426077299546,21.337503874708577,0.4221402440408378,-19.216422458252097
12.904339956061587,0.0,0.0,0.0,0.0324188758402477,-0.01,0.4350929658958016,0.5771556256142087,21.474217797279536,-2.771798424900064,-19.39183130704846,0.0,0.0,0.0,0.0,0.0,0.3814633207990668,0.5876133125028632,21.35129561354678,0.4246882753636285,-19.30165250721956
12.922065697759477,0.0,0.0,0.0,0.0330556036358303,-0.01,0.4305858441276992,0.5776429060785458,21.47199595507461,-2.7760275619483568,-19.51581568263393,0.0,0.0,0.0,0.0,0.0,0.3839807693845558,0.5880393163954857,21.32007473297954,0.4304021387003863,-19.38070572061256
12.93979143945736,0.0,0.0,0.0,0.0293534653220466,-0.01,0.4333976798218568,0.5767899005825706,21.46077821778936,-2.783701251449568,-19.62431833203806,0.0,0.0,0.0,0.0,0.0,0.3888713232642084,0.5860639962662632,21.37142011568481,0.4349885699389939,-19.46183139226892
12.957517181155248,0.0,0.0,0.0,0.0329315829541854,-0.01,0.4317884937547944,0.5763241920261715,21.555312893281272,-2.779307124748499,-19.68198812320108,0.0,0.0,0.0,0.0,0.0,0.3929062811199608,0.5848854667934873,21.43896136390685,0.442065280160359,-19.55089189798797
12.975242922853136,0.0,0.0,0.0,0.0292065685083457,-0.01,0.436964659144629,0.576224756627703,21.65950702095001,-2.7846056987475025,-19.73136828252805,0.0,0.0,0.0,0.0,0.0,0.3966481004510538,0.5848454339587564,21.39765038137406,0.4487769476347103,-19.6505921035304
12.992968664551022,0.0,0.0,0.0,0.0323372912542374,-0.01,0.443449992057698,0.5780356901735991,21.69192854466496,-2.791411733209438,-19.81683414156474,0.0,0.0,0.0,0.0,0.0,0.3943672649717656,0.582403013063433,21.418343213862343,0.4687714551016151,-19.74567571360231
13.01069440624891,0.0,0.0,0.0,0.0326668730604356,-0.01,0.442385230311099,0.5785699528858692,21.68476492837897,-2.801920293708609,-19.92128260860016,0.0,0.0,0.0,0.0,0.0,0.3972890777705322,0.5852043144682393,21.345281102392,0.4835571161877173,-19.829031569167512
13.028420147946797,0.0,0.0,0.0,0.0280170747153102,-0.01,0.4445799177826572,0.5774399976258228,21.748521145080524,-2.818979701590798,-20.0065778849986,0.0,0.0,0.0,0.0,0.0,0.3964750609109992,0.5861792463657688,21.39473001023545,0.4779681234345196,-19.91762471424686
13.046145889644682,0.0,0.0,0.0,0.026033882634672,-0.01,0.4490002987201002,0.5736780000261185,21.78508492847652,-2.8207116449737835,-20.077272652234388,0.0,0.0,0.0,0.0,0.0,0.3995276074469044,0.5854032960308908,21.31907853739809,0.478620948499486,-19.975215659195744
13.06387163134257,0.0,0.0,0.0,0.0266442921602073,-0.01,0.4509496271405792,0.5724897924733332,21.784353985730377,-2.810336042916792,-20.15654242901924,0.0,0.0,0.0,0.0,0.0,0.3941451500557296,0.584864915599329,21.299569763675187,0.4876793512447856,-20.04873510369298
13.081597373040456,0.0,0.0,0.0,0.0289822877816045,-0.01,0.462724965795058,0.5708957525395013,21.79583542673204,-2.815798297779819,-20.20677520201651,0.0,0.0,0.0,0.0,0.0,0.393690054006266,0.5849404717364357,21.308651298909204,0.4983324174130913,-20.13358009100671
13.099323114738343,0.0,0.0,0.0,0.0302702640870746,-0.01,0.4550235129312836,0.5710685627242896,21.782777685768178,-2.816298021432274,-20.27652400655801,0.0,0.0,0.0,0.0,0.0,0.3876787859790552,0.5861627975757665,21.27530552333282,0.5118313170994578,-20.18574777300625
13.117048856436227,0.0,0.0,0.0,0.0284151266031909,-0.01,0.4528027491459296,0.5704324468363539,21.733192696214864,-2.8213884725621474,-20.325512375453265,0.0,0.0,0.0,0.0,0.0,0.3867160272208428,0.5877595416367284,21.19073101739984,0.5159556992868026,-20.259079539004
13.134774598134117,0.0,0.0,0.0,0.0297850149165043,-0.01,0.4508129933476384,0.571726620794296,21.71159585120333,-2.8230806261085024,-20.401355496005653,0.0,0.0,0.0,0.0,0.0,0.3841824895216976,0.5868764805398599,21.179498584745087,0.5165636639486543,-20.319456593509383
13.152500339832002,0.0,0.0,0.0,0.0243847492092867,-0.01,0.4470296882032916,0.5709669826436197,21.665166300834063,-2.828234764147077,-20.447905923680626,0.0,0.0,0.0,0.0,0.0,0.3859332548811094,0.5889805250876338,21.178393865455,0.515838577759142,-20.36400610154575
13.17022608152989,0.0,0.0,0.0,0.0221812899589094,-0.01,0.4468290937147972,0.570625658952657,21.705209170096047,-2.821530237125215,-20.50457921896323,0.0,0.0,0.0,0.0,0.0,0.3886408103848776,0.5857450028208638,21.239153759175963,0.5159691786703569,-20.42715493660707
13.187951823227776,0.0,0.0,0.0,0.0233017915113046,-0.01,0.4309893297220692,0.5711448051646274,21.622108154514347,-2.836172407404548,-20.537131920383928,0.0,0.0,0.0,0.0,0.0,0.3883727190297928,0.5860624970867852,21.176294928769067,0.5195866241788575,-20.46356746333145
13.205677564925663,0.0,0.0,0.0,0.0260348941560326,-0.01,0.4221791738611796,0.5740952640228331,21.58844736601113,-2.8482245977453267,-20.603996150823715,0.0,0.0,0.0,0.0,0.0,0.3896830970159192,0.5851427345517222,21.28119046112032,0.5216619993539577,-20.52122639296661
13.22340330662355,0.0,0.0,0.0,0.0259639601163946,-0.01,0.4216658529303568,0.5759325397653619,21.618684960858964,-2.857123667590745,-20.65408519363876,0.0,0.0,0.0,0.0,0.0,0.3924501030628256,0.5823944414521883,21.25664278882342,0.5355235440414453,-20.566557406687487
13.241129048321437,0.0,0.0,0.0,0.0252318758614269,-0.01,0.4224944891801548,0.5758665733684548,21.577489401664,-2.85898557030504,-20.69188489499601,0.0,0.0,0.0,0.0,0.0,0.391338039212404,0.5798764785674367,21.28188847103004,0.5421041723175738,-20.60078357584916
13.258854790019324,0.0,0.0,0.0,0.0276259985334405,-0.01,0.4300409912880046,0.5758391071624823,21.654021921603206,-2.8786013240576804,-20.720628960853965,0.0,0.0,0.0,0.0,0.0,0.3898214143565364,0.5807358501739688,21.27261551744285,0.5384968764663938,-20.665231479777216
13.27658053171721,0.0,0.0,0.0,0.0270620295030745,-0.01,0.433532138647436,0.5771337099718079,21.58567220129497,-2.8831267752072325,-20.7629342361179,0.0,0.0,0.0,0.0,0.0,0.385284616968594,0.5806225156781164,21.28865238901233,0.5408918211345284,-20.695332030684764
13.294306273415096,0.0,0.0,0.0,0.0296787373693806,-0.01,0.4271701623001164,0.5765003681059898,21.52197875544393,-2.8801833460213127,-20.81377363171885,0.0,0.0,0.0,0.0,0.0,0.3849161809151958,0.5824491623422137,21.282005133566766,0.5588619932610093,-20.73424757790194
13.312032015112983,0.0,0.0,0.0,0.0317805132806388,-0.01,0.4383678046925642,0.5761870668518783,21.53810646992551,-2.8831687352982107,-20.85385431367609,0.0,0.0,0.0,0.0,0.0,0.384407455330754,0.5804975965856628,21.23827035940773,0.5626726356264637,-20.772057760143287
13.32975775681087,0.0,0.0,0.0,0.0333029800365055,-0.01,0.4357859267011012,0.5761776320472101,21.52014899220007,-2.896374168104497,-20.877567293885264,0.0,0.0,0.0,0.0,0.0,0.3810931260189276,0.58073115529326,21.23227940135016,0.5577313987862884,-20.79797387298834
13.347483498508758,0.0,0.0,0.0,0.0379705585902638,-0.01,0.4538096094368008,0.5749332841813436,21.545348754932785,-2.888851686351164,-20.920106359577066,0.0,0.0,0.0,0.0,0.0,0.3886092498145248,0.5794935053335838,21.25771603762026,0.567219253723003,-20.827019072410195
13.365209240206644,0.0,0.0,0.0,0.0387565790382324,-0.01,0.4650931253711548,0.5738586377504947,21.54843355236381,-2.889432683305482,-20.94681710978061,0.0,0.0,0.0,0.0,0.0,0.3850263340632936,0.5807431796196434,21.18680018572939,0.580318337363049,-20.85636322498349
13.382934981904532,0.0,0.0,0.0,0.0399332605071917,-0.01,0.4728031665129762,0.5744558933905995,21.37966185889657,-2.892020348264372,-20.95463949310736,0.0,0.0,0.0,0.0,0.0,0.39198947564638,0.5845235000335116,21.291938934919912,0.5799207604779457,-20.883703204845943
13.40066072360242,0.0,0.0,0.0,0.0382545727741927,-0.01,0.4647535262466616,0.5749903235144661,21.41137983382313,-2.896503641161806,-20.981592773695965,0.0,0.0,0.0,0.0,0.0,0.3873939011823172,0.5862120476157676,21.30065343287343,0.5809086566913546,-20.909073184527955
13.418386465300305,0.0,0.0,0.0,0.0365107903575185,-0.01,0.4628825917464052,0.575214458530917,21.405169350125224,-2.8818475557410643,-20.999905324609223,0.0,0.0,0.0,0.0,0.0,0.3888952675545578,0.5861731334594539,21.25618346809511,0.5816941907263814,-20.931788271205605
13.436112206998192,0.0,0.0,0.0,0.0344347771605742,-0.01,0.4595400709753172,0.5736870404833725,21.46015652904979,-2.876799822390298,-21.045860497442057,0.0,0.0,0.0,0.0,0.0,0.3877661840929852,0.5873396538783299,21.26498079491532,0.5826337296687081,-20.96057870111701
13.453837948696078,0.0,0.0,0.0,0.0332864010201906,-0.01,0.458904003800662,0.5723096805984292,21.47385806479372,-2.872813093842819,-21.05231352988564,0.0,0.0,0.0,0.0,0.0,0.3885649172161844,0.5885141348628463,21.29684118911701,0.576112738869321,-20.98010292626984
13.471563690393966,0.0,0.0,0.0,0.0331423549038085,-0.01,0.4431000250364816,0.5721102801392361,21.510593717554663,-2.874264855337661,-21.07684609983624,0.0,0.0,0.0,0.0,0.0,0.3882253133782084,0.5888549435811298,21.239122538672653,0.5708229974117637,-21.000186524209845
13.489289432091851,0.0,0.0,0.0,0.0282570000521951,-0.01,0.4389717031299764,0.5719255799606217,21.55980720047868,-2.8754445570623446,-21.07887998803799,0.0,0.0,0.0,0.0,0.0,0.3872995757772722,0.5891985140918677,21.23314319704315,0.5680769300881051,-20.99970941197815
13.50701517378974,0.0,0.0,0.0,0.0256338463124781,-0.01,0.438027247887169,0.5721865709996647,21.604486140227195,-2.891178612165705,-21.094980654045727,0.0,0.0,0.0,0.0,0.0,0.3798657283009318,0.5911727179910443,21.240698322089983,0.5683823788671141,-20.99464056757711
13.524740915487628,0.0,0.0,0.0,0.0256973324411029,-0.01,0.4357189896490148,0.5729339758239146,21.67469515767918,-2.886447158876691,-21.08112557807828,0.0,0.0,0.0,0.0,0.0,0.3811889401162054,0.5913154144476006,21.24381168534908,0.5683488164029359,-20.99870488258553
13.542466657185512,0.0,0.0,0.0,0.0259085955256799,-0.01,0.4305708494569216,0.5729138465534082,21.71308240404683,-2.878106056548736,-21.086018617255128,0.0,0.0,0.0,0.0,0.0,0.3770998894691592,0.5910750694414599,21.190776454108903,0.567616775556549,-20.996960566522755
13.5601923988834,0.0,0.0,0.0,0.0245067880780802,-0.01,0.434019713765567,0.5730523377841401,21.777466728189413,-2.866853632400072,-21.08700575331358,0.0,0.0,0.0,0.0,0.0,0.3778052819728296,0.589549779987785,21.14219527981805,0.5627122973853204,-20.99729651072326
13.577918140581286,0.0,0.0,0.0,0.025364102546393,-0.01,0.4369202440725242,0.5733713032285126,21.755433561830728,-2.859512600592171,-21.099697089457848,0.0,0.0,0.0,0.0,0.0,0.3814311973211368,0.587392946290736,21.223863784913064,0.5632676233309833,-21.003721186656456
13.595643882279171,0.0,0.0,0.0,0.0271753250377638,-0.01,0.4359339940385984,0.5746528861533876,21.75701999062477,-2.851441520577129,-21.105643173022624,0.0,0.0,0.0,0.0,0.0,0.384090567953596,0.5859806943703864,21.19460763488992,0.5642869647432222,-21.004381510010354
13.61336962397706,0.0,0.0,0.0,0.0279546832601917,-0.01,0.434112618702358,0.5763872825552111,21.8106973173177,-2.858014421364252,-21.101588234066256,0.0,0.0,0.0,0.0,0.0,0.3851732312031484,0.5844170826966499,21.17247630950492,0.5604915390496239,-21.003604645256907
13.631095365674948,0.0,0.0,0.0,0.0269631088565792,-0.01,0.4423366209669368,0.5748360215277065,21.799743165808607,-2.8591180118236834,-21.11102799572036,0.0,0.0,0.0,0.0,0.0,0.3813427057666698,0.5837023639370841,21.19019859723244,0.5564627330704293,-20.998799330638327
13.648821107372834,0.0,0.0,0.0,0.0266508806751486,-0.01,0.4395569969400764,0.5746448222616595,21.793736673084805,-2.849145541169801,-21.114293383404725,0.0,0.0,0.0,0.0,0.0,0.3781810871275644,0.5836807817121302,21.2346576958502,0.5540589606923716,-21.01206163622396
13.66654684907072,0.0,0.0,0.0,0.0251715091478796,-0.01,0.4322655012734648,0.5725562465824521,21.77436766958997,-2.841018531907397,-21.100031589601656,0.0,0.0,0.0,0.0,0.0,0.3841385999821576,0.5822468276585118,21.218388993397124,0.548600754527809,-21.03046532369888
13.684272590768607,0.0,0.0,0.0,0.0238189124809314,-0.01,0.4389043728884576,0.5719013645164756,21.70433346463698,-2.8460350184200287,-21.101615547657627,0.0,0.0,0.0,0.0,0.0,0.3853616962382406,0.581989172836386,21.252404284207906,0.5450463467708725,-21.031524243410853
13.701998332466491,0.0,0.0,0.0,0.0236470070680272,-0.01,0.4373434852833196,0.5712680589495677,21.780425227111724,-2.8454497633321045,-21.102169338117648,0.0,0.0,0.0,0.0,0.0,0.387767214597262,0.5809694493742689,21.258837097804665,0.5376246520194576,-21.031315084851148
13.71972407416438,0.0,0.0,0.0,0.0261530725771621,-0.01,0.4361600647022432,0.56995296545285,21.71079674150003,-2.8361768744111915,-21.097099907874284,0.0,0.0,0.0,0.0,0.0,0.392131165260936,0.5808969566234451,21.29642411777238,0.5305351277029854,-21.037395259053405
13.737449815862268,0.0,0.0,0.0,0.0257156187512162,-0.01,0.4238899949609712,0.5692205122669074,21.69538728138172,-2.8275877176470656,-21.101285585688466,0.0,0.0,0.0,0.0,0.0,0.3909986415471602,0.5805562245406557,21.25310839410098,0.5178227560174997,-21.028589035365627
13.755175557560154,0.0,0.0,0.0,0.0256796304947364,-0.01,0.4321100234406132,0.5692499647403908,21.722917047713374,-2.8169343897230568,-21.10406412606514,0.0,0.0,0.0,0.0,0.0,0.386300834477893,0.5784375837194015,21.274150612636703,0.5083489701001472,-21.03227943462192
13.772901299258042,0.0,0.0,0.0,0.0272809963845246,-0.01,0.4414024537454136,0.5685420165687406,21.683718318263736,-2.8013137317413914,-21.11759407860436,0.0,0.0,0.0,0.0,0.0,0.381030503276876,0.5765888805005137,21.24940839249323,0.5004736773340697,-21.027170896874537
13.790627040955927,0.0,0.0,0.0,0.0274478560866012,-0.01,0.4355492479863668,0.5706764451104375,21.592781852222405,-2.783143931185878,-21.11006485120185,0.0,0.0,0.0,0.0,0.0,0.381625842959654,0.5793322474081186,21.320050955854573,0.4940456833690145,-21.03698150273697
13.808352782653817,0.0,0.0,0.0,0.0274965203169528,-0.01,0.4368894329019936,0.5707219873590594,21.58186694898836,-2.793757994659206,-21.12662014960438,0.0,0.0,0.0,0.0,0.0,0.3846833485604064,0.5783883763181107,21.3168583616836,0.4902096709713266,-21.044868633710177
13.8260785243517,0.0,0.0,0.0,0.0271147213542117,-0.01,0.4383354679781752,0.5727371850381623,21.58811907556512,-2.787384301351021,-21.13826237615604,0.0,0.0,0.0,0.0,0.0,0.3847396288055336,0.5784068035009677,21.243126087338723,0.488276143901956,-21.04343437979836
13.843804266049588,0.0,0.0,0.0,0.025219255045963,-0.01,0.4398595378990928,0.5726280016821913,21.612563080952924,-2.7769210829966813,-21.15220727782965,0.0,0.0,0.0,0.0,0.0,0.387557990475692,0.5796699848569432,21.203802941514187,0.4810911579178669,-21.04314042098235
13.861530007747476,0.0,0.0,0.0,0.0240715995127437,-0.01,0.4475629672369076,0.5720326985464818,21.585595339783467,-2.771732413261716,-21.147817092163407,0.0,0.0,0.0,0.0,0.0,0.3886096912035972,0.5804996872381094,21.168052967746107,0.4746171950958302,-21.04594513059111
13.87925574944536,0.0,0.0,0.0,0.0212089647183058,-0.01,0.444271256955872,0.5728289946066936,21.667077434570647,-2.773283455918942,-21.167818000244065,0.0,0.0,0.0,0.0,0.0,0.3833437991842688,0.583431457297243,21.18535940711167,0.4702954231689121,-21.028869745100536
13.896981491143247,0.0,0.0,0.0,0.0220425284839606,-0.01,0.4550348034352672,0.5728843680913515,21.70424052901157,-2.767626029177319,-21.16452058635291,0.0,0.0,0.0,0.0,0.0,0.379265142536416,0.5835817751548517,21.239264883952536,0.4685888473953102,-21.02211948211228
13.914707232841137,0.0,0.0,0.0,0.0232367553359895,-0.01,0.4462901911357032,0.572291114924994,21.69037876072414,-2.7569545103495354,-21.178165530176823,0.0,0.0,0.0,0.0,0.0,0.3823838832309528,0.5845141741304422,21.253338982380345,0.4664375740414147,-21.0183382338575
13.932432974539022,0.0,0.0,0.0,0.0199032535924485,-0.01,0.4422322779924418,0.5721176475406576,21.70729673658605,-2.752934755851557,-21.168118422294025,0.0,0.0,0.0,0.0,0.0,0.3871258165502788,0.5861658730955173,21.32970538868833,0.4618837200142021,-21.02580904420134
13.95015871623691,0.0,0.0,0.0,0.0206585121674024,-0.01,0.4402403659110274,0.5721972820527174,21.748040321037383,-2.748565092479758,-21.17015122231064,0.0,0.0,0.0,0.0,0.0,0.389475557526448,0.5841047398589821,21.34147229855107,0.4564382111398418,-21.014537235985003
13.967884457934796,0.0,0.0,0.0,0.0233552616971809,-0.01,0.4424012879664044,0.5725697664813262,21.688782798063585,-2.749901364033477,-21.197057758805105,0.0,0.0,0.0,0.0,0.0,0.3876070089459166,0.5853788140528079,21.353317754115302,0.4559696931631805,-21.00340032491433
13.985610199632683,0.0,0.0,0.0,0.0257944103907799,-0.01,0.44411414812778,0.5732640472722371,21.69185135440361,-2.748406274434652,-21.210344314131124,0.0,0.0,0.0,0.0,0.0,0.3849652649264724,0.5853769085542743,21.397394456819743,0.4553242383898495,-20.999629170689747
14.003335941330567,0.0,0.0,0.0,0.0272766999868976,-0.01,0.4470012688560626,0.5740169965155657,21.69535865114537,-2.7399165340970657,-21.1985526309026,0.0,0.0,0.0,0.0,0.0,0.38398495480652,0.5840350669570551,21.43906357671074,0.45438310439502,-20.999807757905486
14.021061683028456,0.0,0.0,0.0,0.0228010679291927,-0.01,0.4437344568368712,0.5732235511875342,21.72072456766833,-2.728546624954283,-21.208527063987248,0.0,0.0,0.0,0.0,0.0,0.3769164087745504,0.5831242098613751,21.444132674158457,0.4541026935506269,-20.99099839225036
14.038787424726342,0.0,0.0,0.0,0.0239433653232166,-0.01,0.4526870253620524,0.5738149078917941,21.6510552619154,-2.717148874790871,-21.20094574137285,0.0,0.0,0.0,0.0,0.0,0.3790368588100408,0.5813216977640103,21.463378610632464,0.4528679987239879,-20.99423396601957
14.05651316642423,0.0,0.0,0.0,0.0237672472504926,-0.01,0.451295421408776,0.5732905035418211,21.62652100147435,-2.711182284066094,-21.20092201192562,0.0,0.0,0.0,0.0,0.0,0.3771737055061464,0.5843120752179869,21.38554314659753,0.4506805929196524,-20.99617916509979
14.074238908122116,0.0,0.0,0.0,0.0227955105229362,-0.01,0.4510287017204208,0.5742935683938126,21.627811985627687,-2.698674545976833,-21.17688464935157,0.0,0.0,0.0,0.0,0.0,0.375592896561142,0.5848022370009915,21.39131062597763,0.4457824475477919,-20.997689197747462
14.091964649820005,0.0,0.0,0.0,0.0254816099537804,-0.01,0.4480028385004384,0.5752460847011472,21.54071890311036,-2.692784799820958,-21.18440742085608,0.0,0.0,0.0,0.0,0.0,0.3715824397580328,0.5847054390437019,21.38074927874755,0.4444765822971757,-20.99617518369363
14.10969039151789,0.0,0.0,0.0,0.0274104877450396,-0.01,0.4504970039246286,0.575223334077899,21.602645213575126,-2.6893248141371826,-21.18943800974636,0.0,0.0,0.0,0.0,0.0,0.3735402481064388,0.5863401373461461,21.38357910751709,0.4462475777291599,-21.000461764253608
14.127416133215776,0.0,0.0,0.0,0.0250961774211663,-0.01,0.4514668123573792,0.5760374803102987,21.611108239981668,-2.688534760741258,-21.16719743726897,0.0,0.0,0.0,0.0,0.0,0.3735362781882738,0.5855887062642795,21.33289603101085,0.4415293929908441,-21.0045221699358
14.145141874913664,0.0,0.0,0.0,0.0209462447663721,-0.01,0.4491849862618836,0.5753042285391915,21.628054423377737,-2.692112081155847,-21.14374164466476,0.0,0.0,0.0,0.0,0.0,0.3721610553300272,0.584632298819798,21.395314751084065,0.435463676740934,-21.009069893954525
14.16286761661155,0.0,0.0,0.0,0.0225632519116853,-0.01,0.4454966375080948,0.5743972961635413,21.621552911776075,-2.6914147218072024,-21.144899609000426,0.0,0.0,0.0,0.0,0.0,0.3716841904522946,0.5863395744232798,21.425269587037526,0.4258254127685879,-21.01088385332301
14.180593358309435,0.0,0.0,0.0,0.027047557229223,-0.01,0.4374292523849264,0.5761807007389705,21.58175685970458,-2.68695703629196,-21.126115801682683,0.0,0.0,0.0,0.0,0.0,0.3713250749184028,0.5878700692397173,21.400210142418487,0.4146313622776217,-21.011563772205204
14.198319100007325,0.0,0.0,0.0,0.0284641722901354,-0.01,0.4369369941054448,0.5769527618465745,21.560309454574643,-2.696218063329866,-21.11969898814625,0.0,0.0,0.0,0.0,0.0,0.372401514947264,0.5888386482895777,21.368051710444764,0.4088211714124719,-21.01522488224068
14.21604484170521,0.0,0.0,0.0,0.0276658310292036,-0.01,0.440070069227491,0.5788244612323942,21.562550153965343,-2.6904222723370914,-21.11902765642348,0.0,0.0,0.0,0.0,0.0,0.3761547026552976,0.586298987384006,21.36440411850808,0.4037676985222757,-21.024677414088654
14.233770583403098,0.0,0.0,0.0,0.0298946868079678,-0.01,0.4482305383834758,0.5773570052964497,21.56971316843781,-2.6981524488505872,-21.104170264556306,0.0,0.0,0.0,0.0,0.0,0.3715694937142144,0.5862659136915301,21.31366197463787,0.3986605964231189,-21.028745775985644
14.251496325100984,0.0,0.0,0.0,0.025910379392088,-0.01,0.4538005381935294,0.576818748519762,21.626797782337444,-2.6963627275299182,-21.082692649571847,0.0,0.0,0.0,0.0,0.0,0.3728439734397208,0.5856474023136186,21.333039053900645,0.3941720798094895,-21.03628432172193
14.269222066798871,0.0,0.0,0.0,0.0220604723497906,-0.01,0.4548272016424574,0.5755774058229216,21.582634705284697,-2.6988107996818247,-21.06185553514708,0.0,0.0,0.0,0.0,0.0,0.3695495501771004,0.5864048714320969,21.32086683485452,0.392338721882954,-21.039638797264985
14.28694780849676,0.0,0.0,0.0,0.0224779126488603,-0.01,0.4637446839803628,0.5740963484198659,21.50986985825394,-2.690463736999752,-21.052199393244145,0.0,0.0,0.0,0.0,0.0,0.3692298129864264,0.5855949925589281,21.3695200641445,0.393493233851502,-21.033247806796467
14.304673550194645,0.0,0.0,0.0,0.0313390014017251,-0.01,0.4657548535265488,0.5745984836747104,21.506551734003367,-2.67657053308658,-21.061868906535064,0.0,0.0,0.0,0.0,0.0,0.3717075577553612,0.5873560657405438,21.30675611243888,0.3939330556485659,-21.02359105065965
14.322399291892532,0.0,0.0,0.0,0.0304613023425943,-0.01,0.4660439239401996,0.5748081016828428,21.540205971300747,-2.6716818871829404,-21.05527869997636,0.0,0.0,0.0,0.0,0.0,0.3757136287399724,0.5834448983436187,21.23511428563354,0.392289714913457,-21.015444945304672
14.340125033590418,0.0,0.0,0.0,0.0324898505100064,-0.01,0.4736843723275134,0.5748733274676268,21.55835558259733,-2.663832209312388,-21.04219374781147,0.0,0.0,0.0,0.0,0.0,0.3745993814019784,0.5842317739966921,21.24801288742509,0.3876324021368497,-21.01699871187731
14.357850775288306,0.0,0.0,0.0,0.0329432987879644,-0.01,0.4712481906790988,0.5737728512122402,21.53773029752469,-2.6654873056669595,-21.054279385079425,0.0,0.0,0.0,0.0,0.0,0.3758084213514612,0.5837837215376941,21.23308629732209,0.3853357922714984,-21.02227596966781
14.375576516986191,0.0,0.0,0.0,0.0338809524831124,-0.01,0.475541746200966,0.5732279602639493,21.5605586356903,-2.665252135772516,-21.0473174652418,0.0,0.0,0.0,0.0,0.0,0.3777286965511748,0.5854029140829465,21.27693095655025,0.3847976136830007,-21.02883856288019
14.39330225868408,0.0,0.0,0.0,0.029398139294908,-0.01,0.4718742216793858,0.57516691910489,21.523152073898554,-2.6537355811624503,-21.046017061584152,0.0,0.0,0.0,0.0,0.0,0.3792365880695104,0.5852134965377377,21.282842414442417,0.3841983542994477,-21.025974517455644
14.411028000381966,0.0,0.0,0.0,0.0282625594769714,-0.01,0.4723466583259368,0.5751801392157142,21.572170512718163,-2.652487992499133,-21.05854735394247,0.0,0.0,0.0,0.0,0.0,0.3817109356515776,0.5866905733791892,21.303234510381323,0.3836417601643275,-21.0217146943597
14.428753742079852,0.0,0.0,0.0,0.0289982282435605,-0.01,0.4745600992652698,0.5768321593992267,21.585812538681136,-2.6509608706313093,-21.06374999626192,0.0,0.0,0.0,0.0,0.0,0.3864630828748422,0.585446495481835,21.35660938458772,0.3780018343153547,-21.020378524030576
14.44647948377774,0.0,0.0,0.0,0.0306131743613453,-0.01,0.4629632162324746,0.5776490485484087,21.68282513044732,-2.651432710490837,-21.036676635943746,0.0,0.0,0.0,0.0,0.0,0.3896199671274312,0.5860529410584941,21.36778977367855,0.3724850219198926,-21.00999777603755
14.464205225475624,0.0,0.0,0.0,0.0281433411640982,-0.01,0.4614196705435806,0.5783782912303984,21.722877702766244,-2.6590949578969645,-21.017613483077508,0.0,0.0,0.0,0.0,0.0,0.3852003875308772,0.5857046910343431,21.40630621870439,0.3725298737409772,-21.01136083777964
14.481930967173511,0.0,0.0,0.0,0.0331181366207331,-0.01,0.4644381728444968,0.5774855960937241,21.674090313422063,-2.6562164829625265,-21.03808954252156,0.0,0.0,0.0,0.0,0.0,0.380769688728614,0.5885558916658769,21.45171844402321,0.370263316558549,-21.012159602512103
14.4996567088714,0.0,0.0,0.0,0.030525683611048,-0.01,0.4679360288931484,0.5776710841299023,21.747281563086688,-2.6512258635591848,-21.03826851052984,0.0,0.0,0.0,0.0,0.0,0.3808076756568786,0.5875672292296302,21.43569765138201,0.3632099501252055,-21.01032190092881
14.517382450569286,0.0,0.0,0.0,0.0313710535552501,-0.01,0.4662306159920924,0.5776860013076947,21.76741652883544,-2.651531576556017,-21.0494891344129,0.0,0.0,0.0,0.0,0.0,0.3759550131169688,0.5869116159168726,21.41564777567797,0.3585050410822871,-21.01089105164977
14.535108192267174,0.0,0.0,0.0,0.0297132375988921,-0.01,0.4642955374803912,0.5778127022180971,21.75883333436302,-2.65641881648889,-21.072395097954505,0.0,0.0,0.0,0.0,0.0,0.373851310864756,0.5865613824699965,21.43738789867339,0.3549664178259841,-21.012605598145765
14.55283393396506,0.0,0.0,0.0,0.0337904189865086,-0.01,0.457822651205602,0.5759144975387243,21.77225681507044,-2.652646696778948,-21.098660424497027,0.0,0.0,0.0,0.0,0.0,0.37416375819722,0.5879818572601655,21.413623258416767,0.3557490964580459,-21.02260565972084
14.570559675662947,0.0,0.0,0.0,0.0338526010546958,-0.01,0.4523881519971848,0.5766544469667438,21.646651529305267,-2.6459167789959896,-21.105445298288355,0.0,0.0,0.0,0.0,0.0,0.3733890153727392,0.5873490804494514,21.360434384848773,0.3548258125193124,-21.02000528482646
14.588285417360831,0.0,0.0,0.0,0.0333347846028273,-0.01,0.4475381866812382,0.5755150391267225,21.600757612152726,-2.628007783991166,-21.109348468340045,0.0,0.0,0.0,0.0,0.0,0.3722273731807348,0.5865279381546444,21.308617754252868,0.3549491538023933,-21.012852674480868
14.60601115905872,0.0,0.0,0.0,0.0325401020797275,-0.01,0.448288357016805,0.5767579511876867,21.567947770878767,-2.622179417091075,-21.116760987656058,0.0,0.0,0.0,0.0,0.0,0.3707274335534012,0.5875761809067992,21.293313009420903,0.3559891305340623,-21.024278285946
14.623736900756608,0.0,0.0,0.0,0.0328866885725923,-0.01,0.4491491274357888,0.5775686338409464,21.510675692968213,-2.6202588606843213,-21.145373529847724,0.0,0.0,0.0,0.0,0.0,0.3749179578367648,0.5858247327306826,21.273835257415254,0.3560301256736359,-21.029012792799424
14.641462642454494,0.0,0.0,0.0,0.0275860633447313,-0.01,0.438493452801966,0.57901125510194,21.47676416275364,-2.608358166580648,-21.130624495915463,0.0,0.0,0.0,0.0,0.0,0.3746429713922272,0.584048267161838,21.294175785072333,0.3565402557315129,-21.03619137678541
14.65918838415238,0.0,0.0,0.0,0.0250395877781926,-0.01,0.4304755707332234,0.5773662797946398,21.36579673140948,-2.6039136418296613,-21.190362486030875,0.0,0.0,0.0,0.0,0.0,0.374768227737846,0.5829339818518913,21.37045205588213,0.3552491210563949,-21.03379559935441
14.676914125850267,0.0,0.0,0.0,0.0235326655152414,-0.01,0.4351563628391828,0.5762552561082609,21.340438786324857,-2.593350686362508,-21.184711137394046,0.0,0.0,0.0,0.0,0.0,0.3781392724263074,0.5837706832442688,21.407344668293536,0.355114949652468,-21.02659343316945
14.694639867548156,0.0,0.0,0.0,0.0248650674304745,-0.01,0.4296425757383408,0.5754079197162034,21.33800359046647,-2.592105098308096,-21.16078577827128,0.0,0.0,0.0,0.0,0.0,0.3753640362114684,0.583261624711468,21.33072479204172,0.353559917581684,-21.014800656388363
14.71236560924604,0.0,0.0,0.0,0.0178439456632649,-0.01,0.4369656061907276,0.5760178954682292,21.31252981124378,-2.604613669972508,-21.135675675478165,0.0,0.0,0.0,0.0,0.0,0.3799747302517302,0.5822835295598255,21.401023260444333,0.3542755766919704,-21.012609385033688
14.730091350943928,0.0,0.0,0.0,0.020749329353485,-0.01,0.4330947241034024,0.5752108447807128,21.41060593482319,-2.6025413584944057,-21.121533961483703,0.0,0.0,0.0,0.0,0.0,0.3824388444148012,0.582044408812985,21.423446848177047,0.3543359559131847,-21.017089185252225
14.747817092641816,0.0,0.0,0.0,0.0212063705558053,-0.01,0.4371616498322558,0.5748169734572386,21.411289484475592,-2.61080358149289,-21.131257395355835,0.0,0.0,0.0,0.0,0.0,0.3860593570736564,0.5829441312477099,21.4415438825743,0.3554437379841652,-21.01641991685565
14.7655428343397,0.0,0.0,0.0,0.0216303587092142,-0.01,0.4367858718996744,0.5748824732270282,21.44664602349429,-2.6012341464566875,-21.15425028059255,0.0,0.0,0.0,0.0,0.0,0.3866517727680442,0.5840535079638013,21.42655358139524,0.3573482212345152,-21.015223219276383
14.783268576037589,0.0,0.0,0.0,0.0224716347874912,-0.01,0.4245643826783808,0.572640781788073,21.410412397590115,-2.599789119767266,-21.12876368332669,0.0,0.0,0.0,0.0,0.0,0.382773463543594,0.5851918277352285,21.370089253132083,0.3562001619239885,-21.005698241552142
14.800994317735476,0.0,0.0,0.0,0.0222436669378193,-0.01,0.432171537045208,0.5721008670311518,21.477172824109527,-2.605879495092348,-21.11437544977813,0.0,0.0,0.0,0.0,0.0,0.3800302330922476,0.5856354776143614,21.3424555933918,0.3537116266375823,-21.002432395970207
14.818720059433362,0.0,0.0,0.0,0.0290579338695779,-0.01,0.43826289693911,0.5737739161282817,21.50998067574704,-2.6072370741566724,-21.06219129196633,0.0,0.0,0.0,0.0,0.0,0.3849347370306268,0.5857895558396746,21.311527551313223,0.353491369625559,-21.00795928691148
14.83644580113125,0.0,0.0,0.0,0.028519684732971,-0.01,0.4318259317941496,0.5751894660010535,21.54922897900093,-2.61255444284431,-21.061246767182272,0.0,0.0,0.0,0.0,0.0,0.3779939022060598,0.5866713233650266,21.30086313514532,0.3542408616466637,-21.01476070694644
14.854171542829135,0.0,0.0,0.0,0.0257738363353584,-0.01,0.426942852600494,0.5756149497662707,21.49086736068208,-2.611987086994308,-21.07782170948638,0.0,0.0,0.0,0.0,0.0,0.3762881870058296,0.5855941546152769,21.26419146873112,0.3552898324312157,-21.02344870716552
14.871897284527025,0.0,0.0,0.0,0.0275308409674108,-0.01,0.4222593298525972,0.5753690101516916,21.55411490665916,-2.60170243161229,-21.092954500468725,0.0,0.0,0.0,0.0,0.0,0.376023845185459,0.5861788262009667,21.226885709133587,0.3551928231320286,-21.01769198292948
14.889623026224909,0.0,0.0,0.0,0.0291032484965775,-0.01,0.4229623437403704,0.5743527915965466,21.58740483629185,-2.601755122342707,-21.110249300271896,0.0,0.0,0.0,0.0,0.0,0.3743495729174774,0.5866085774845381,21.206765002439187,0.3545448763947872,-21.01926445041638
14.907348767922796,0.0,0.0,0.0,0.0298183525019193,-0.01,0.4223085442526444,0.5751492948917987,21.598065207697264,-2.6002190749580256,-21.11348735668509,0.0,0.0,0.0,0.0,0.0,0.371706637396935,0.5871086768843075,21.218375660894665,0.3480581449204134,-21.01490651128214
14.925074509620682,0.0,0.0,0.0,0.0282691417473882,-0.01,0.4338754988866312,0.574040308014973,21.55709173789123,-2.5957618076627025,-21.10879778793912,0.0,0.0,0.0,0.0,0.0,0.3739730760408062,0.588672386095516,21.184066044111432,0.3333231487440617,-21.016251485905013
14.94280025131857,0.0,0.0,0.0,0.0262236836603481,-0.01,0.444338967125176,0.5765556515076501,21.52886781251544,-2.5930377603452213,-21.104480967964125,0.0,0.0,0.0,0.0,0.0,0.3714977367821542,0.5888966428797304,21.24265954308072,0.3272296538543428,-21.022208917616734
14.960525993016455,0.0,0.0,0.0,0.0281341895184118,-0.01,0.4365430835010604,0.5775009082719369,21.49903161734677,-2.599482230221882,-21.115052305586424,0.0,0.0,0.0,0.0,0.0,0.3766690219475672,0.5903795331129315,21.28503103188077,0.3266971069371602,-21.021629252862425
14.978251734714345,0.0,0.0,0.0,0.0262091279194326,-0.01,0.4295801941407292,0.5766564496386081,21.49961843230241,-2.59396767778541,-21.1342174862709,0.0,0.0,0.0,0.0,0.0,0.3750319544313934,0.5922499872293232,21.27521770704314,0.3227278456260667,-21.0249658529182
14.99597747641223,0.0,0.0,0.0,0.0279249870768703,-0.01,0.4412711111867088,0.5757647275342682,21.46142280416673,-2.581631681841468,-21.13982397391533,0.0,0.0,0.0,0.0,0.0,0.3793608620065584,0.5902443443800022,21.262131940768377,0.3160723242064971,-21.0201699509216
15.013703218110116,0.0,0.0,0.0,0.0296685724251275,-0.01,0.4525619195230308,0.5763700147013605,21.449953192456665,-2.5849725875378726,-21.134248326731047,0.0,0.0,0.0,0.0,0.0,0.3817849819720324,0.5916330484514855,21.348776678533653,0.310766893583259,-21.024045906251327
15.031428959808004,0.0,0.0,0.0,0.0316957125917384,-0.01,0.4507790162117456,0.5769728693686951,21.43005536710368,-2.591771818532013,-21.14012757174865,0.0,0.0,0.0,0.0,0.0,0.3767057869474884,0.5900542779424491,21.35460174526201,0.3047946314348084,-21.03029046771385
15.04915470150589,0.0,0.0,0.0,0.0301529366749693,-0.01,0.4552946412517462,0.5781043944518451,21.437604752685527,-2.596065466608652,-21.1428118219312,0.0,0.0,0.0,0.0,0.0,0.3817209582860152,0.589143452019816,21.351922063576414,0.305556592380384,-21.02255354787509
15.066880443203775,0.0,0.0,0.0,0.0301090639960524,-0.01,0.4510271534487492,0.577611131920278,21.45121438457539,-2.58748834182881,-21.15021204085177,0.0,0.0,0.0,0.0,0.0,0.385589612646752,0.5894428467189634,21.33286658149708,0.3053447106839356,-21.02769634830695
15.084606184901665,0.0,0.0,0.0,0.0336846061865383,-0.01,0.440166907332996,0.576710675609563,21.45425354002364,-2.5912395150559893,-21.14063282548306,0.0,0.0,0.0,0.0,0.0,0.3826951374694768,0.5861001504652791,21.379086602184284,0.3055501354446023,-21.02974267515351
15.10233192659955,0.0,0.0,0.0,0.0351699997985298,-0.01,0.4438797741750232,0.5761807860688282,21.50404539156404,-2.5836321541754765,-21.171365011738995,0.0,0.0,0.0,0.0,0.0,0.3813725422667852,0.5865777355250104,21.415958388325727,0.3090145304677487,-21.02266256537702
15.120057668297438,0.0,0.0,0.0,0.0324625981740706,-0.01,0.4585598567407936,0.5746390001052312,21.547492948056767,-2.5688993135218907,-21.178760818288048,0.0,0.0,0.0,0.0,0.0,0.373850125630264,0.5857232194617581,21.301387869099297,0.3133408215645438,-21.02528608660615
15.137783409995324,0.0,0.0,0.0,0.0314344639852394,-0.01,0.4634978091314502,0.5757310510021723,21.55562809152582,-2.5710562798518954,-21.19091887163841,0.0,0.0,0.0,0.0,0.0,0.3757786953593708,0.5834907231692316,21.258287128064865,0.3108383413896081,-21.02065569927842
15.155509151693211,0.0,0.0,0.0,0.0281898231038303,-0.01,0.4475015352830864,0.5761069477686243,21.58765139988637,-2.585221756760067,-21.20027134215088,0.0,0.0,0.0,0.0,0.0,0.3809539929053976,0.585865775036352,21.233441288414305,0.3066957349018893,-21.02133782175056
15.1732348933911,0.0,0.0,0.0,0.027210418570558,-0.01,0.4381558990240096,0.5755987884605424,21.644129994223025,-2.5833386271542107,-21.23284206813851,0.0,0.0,0.0,0.0,0.0,0.3740031305548042,0.5851960623617992,21.21143328111804,0.3053243710983772,-21.020180430944244
15.190960635088985,0.0,0.0,0.0,0.0289800044075815,-0.01,0.442273435582506,0.5755810903484666,21.67903404104642,-2.582840850740293,-21.240711906024497,0.0,0.0,0.0,0.0,0.0,0.37513112169551,0.584744008473826,21.22502890181581,0.3046082019238064,-21.021374457913943
15.208686376786872,0.0,0.0,0.0,0.0262182889521816,-0.01,0.4406471740391716,0.5751019717040282,21.61021700633737,-2.572838289527205,-21.23222247690008,0.0,0.0,0.0,0.0,0.0,0.375089920021921,0.5872649695244947,21.23215686134748,0.3000807954073934,-21.02056901408158
15.226412118484758,0.0,0.0,0.0,0.0239752168761673,-0.01,0.4418229067406344,0.5751026493593036,21.672193218282587,-2.5679653563803675,-21.220351049702984,0.0,0.0,0.0,0.0,0.0,0.3775587113818346,0.5839271834295202,21.22650553858212,0.2954005160214208,-21.03143191732954
15.244137860182644,0.0,0.0,0.0,0.0239786084622557,-0.01,0.4335991084436658,0.5767845665328792,21.717448379205905,-2.5726312038384065,-21.235998145942613,0.0,0.0,0.0,0.0,0.0,0.3853807503849988,0.5849197188889517,21.25392425397008,0.2998418912104595,-21.0257765303255
15.261863601880531,0.0,0.0,0.0,0.022923180332977,-0.01,0.4298289071878664,0.5747329718284505,21.75895276334796,-2.575871115356936,-21.20579779238754,0.0,0.0,0.0,0.0,0.0,0.388321339547922,0.5839263806034951,21.256944008191955,0.3023518981803393,-21.03169710945841
15.27958934357842,0.0,0.0,0.0,0.0211091897031733,-0.01,0.422001327081314,0.575723336031377,21.766175574364485,-2.576359113816856,-21.221998910848825,0.0,0.0,0.0,0.0,0.0,0.3917563545636758,0.5847028388511099,21.28929603222229,0.2977639144621704,-21.029258064891167
15.297315085276306,0.0,0.0,0.0,0.022894937926211,-0.01,0.4234029165611394,0.5750228049790124,21.850325170634164,-2.574507471357305,-21.22494746898729,0.0,0.0,0.0,0.0,0.0,0.3900223406263426,0.5888236526351729,21.29854966076868,0.2970477908618083,-21.028474873035822
15.315040826974192,0.0,0.0,0.0,0.0267376209301042,-0.01,0.4302788524188224,0.5749576374276976,21.86746115534211,-2.573571171636729,-21.23771276290494,0.0,0.0,0.0,0.0,0.0,0.3881308389208756,0.5908552530708725,21.27814117911291,0.2990901862162979,-21.027619834384787
15.33276656867208,0.0,0.0,0.0,0.0281790246534328,-0.01,0.4356341742462684,0.5746891100135746,21.79279605996301,-2.5747026831207824,-21.234559954885764,0.0,0.0,0.0,0.0,0.0,0.3957259329679228,0.5922543572966006,21.31192391241006,0.297485263403309,-21.019187998695102
15.350492310369964,0.0,0.0,0.0,0.0265754547074688,-0.01,0.4471091306220886,0.5735482782774618,21.77305844732696,-2.565238676019596,-21.23560355286458,0.0,0.0,0.0,0.0,0.0,0.3960504840718998,0.5929689404572587,21.3444789094744,0.2930580826893068,-21.01990348116696
15.368218052067853,0.0,0.0,0.0,0.028487633388477,-0.01,0.4486932990528986,0.5768699650557778,21.81533714807655,-2.570778486391444,-21.242641105823832,0.0,0.0,0.0,0.0,0.0,0.3994137006887184,0.5905821732650656,21.33467578700818,0.2878002091740828,-21.02738405236908
15.38594379376574,0.0,0.0,0.0,0.0259740813331776,-0.01,0.45358582872056,0.5773891933207002,21.809302769864257,-2.5775364459569445,-21.24987895107629,0.0,0.0,0.0,0.0,0.0,0.4031553595125948,0.5924102591096237,21.381748338794708,0.2835689840427013,-21.02056135371488
15.403669535463626,0.0,0.0,0.0,0.0253019982174013,-0.01,0.4672530117587162,0.576160426609871,21.78470886724904,-2.575578239474273,-21.22871027714998,0.0,0.0,0.0,0.0,0.0,0.3943026376195468,0.5898160020034421,21.30051986267432,0.2929246808369167,-21.02102475175925
15.421395277161514,0.0,0.0,0.0,0.0262017467217804,-0.01,0.4665923714813704,0.576948645291217,21.721791509844152,-2.5754678352639773,-21.235351372463608,0.0,0.0,0.0,0.0,0.0,0.3907446511982546,0.5899910196258966,21.281649202554043,0.3000054409758981,-21.01916661889721
15.4391210188594,0.0,0.0,0.0,0.0270981365896561,-0.01,0.4585098202685998,0.577346388982256,21.72991793735872,-2.5709862342305945,-21.219205475051407,0.0,0.0,0.0,0.0,0.0,0.3868867526974844,0.5889532599325885,21.323144941860424,0.29143818788633,-21.01384897095834
15.456846760557289,0.0,0.0,0.0,0.0236505086618756,-0.01,0.4479348822602412,0.577393061405172,21.624654490299072,-2.568176766040608,-21.21074880753213,0.0,0.0,0.0,0.0,0.0,0.3857873982592444,0.5868435945194539,21.287878028648706,0.283882177852201,-21.012963173691865
15.474572502255173,0.0,0.0,0.0,0.0232953561511116,-0.01,0.4419957146725474,0.5776525758155028,21.625759429994964,-2.550371169218588,-21.173407518722613,0.0,0.0,0.0,0.0,0.0,0.3843265597621718,0.5843796750755111,21.37835444278342,0.2859392365231192,-21.00971856916185
15.49229824395306,0.0,0.0,0.0,0.0241962555193027,-0.01,0.441174955563424,0.5770185927557703,21.705357146291423,-2.5396772513931483,-21.15391571342588,0.0,0.0,0.0,0.0,0.0,0.3823214232309226,0.5823130138643832,21.43004411266576,0.2927354557531466,-21.015666237859683
15.510023985650948,0.0,0.0,0.0,0.0249108106445533,-0.01,0.4370297064288692,0.5777327327626027,21.649879950812185,-2.5414074548577297,-21.16486671552104,0.0,0.0,0.0,0.0,0.0,0.3773285475046474,0.5826678268103006,21.44689437025788,0.3076053194572399,-21.02181169306284
15.527749727348834,0.0,0.0,0.0,0.0210016119097195,-0.01,0.4330029168565962,0.5748116100058002,21.60175250295828,-2.5336881496110446,-21.17033820352912,0.0,0.0,0.0,0.0,0.0,0.371413291083304,0.5804760167957355,21.44018605908716,0.3066112595708735,-21.021434335682784
15.54547546904672,0.0,0.0,0.0,0.0215775517761038,-0.01,0.4371815112397252,0.5746852391063794,21.647105971214245,-2.537324749067723,-21.149622346721195,0.0,0.0,0.0,0.0,0.0,0.3728596192604956,0.5807328988375525,21.385974806989648,0.2941742917422833,-21.016343312508173
15.563201210744609,0.0,0.0,0.0,0.0232007524749883,-0.01,0.4338225949801614,0.574479606077746,21.666271214391514,-2.5391330591955628,-21.143807717517863,0.0,0.0,0.0,0.0,0.0,0.374278938322714,0.5817595359744416,21.47620896203355,0.2956731862500349,-21.006384714303355
15.580926952442494,0.0,0.0,0.0,0.0230877024596062,-0.01,0.4396243722855256,0.5756388788304178,21.68409205438329,-2.55278196806429,-21.147480037492134,0.0,0.0,0.0,0.0,0.0,0.3733736785358872,0.5825591354685781,21.50420665030218,0.3027759163018688,-21.00906638889678
15.59865269414038,0.0,0.0,0.0,0.0235825907530763,-0.01,0.452364456554284,0.5746490161777712,21.62344580211808,-2.553881406856355,-21.14441952435703,0.0,0.0,0.0,0.0,0.0,0.3755394054559324,0.583877657831199,21.5736093966356,0.3024937404480149,-21.01768532109478
15.616378435838268,0.0,0.0,0.0,0.024750719633128,-0.01,0.461883256649957,0.5750837682917899,21.69888615713816,-2.554403380410636,-21.16035972050433,0.0,0.0,0.0,0.0,0.0,0.37215458009907,0.5831055254548431,21.692558119604307,0.3024401142969062,-21.02354025921765
15.634104177536155,0.0,0.0,0.0,0.0247850960496289,-0.01,0.4631521775257412,0.575978843299919,21.602983612241644,-2.553957826675561,-21.170669343547363,0.0,0.0,0.0,0.0,0.0,0.373416355135433,0.5819504221891456,21.62292776652124,0.2984235896840257,-21.020327445980858
15.65182991923404,0.0,0.0,0.0,0.0263829860721978,-0.01,0.4573295497172112,0.577243568554299,21.59088284907871,-2.5566833955059693,-21.199346216919,0.0,0.0,0.0,0.0,0.0,0.3688097719033686,0.5823165841970277,21.59368247625017,0.2950490583621934,-21.02007235444222
15.669555660931929,0.0,0.0,0.0,0.0297101644981909,-0.01,0.4520544210319766,0.5777251494007025,21.60689121464848,-2.557977031392852,-21.17378369955521,0.0,0.0,0.0,0.0,0.0,0.372024021734177,0.5847284227781737,21.5803557964166,0.2977602477142327,-21.01437601588574
15.687281402629814,0.0,0.0,0.0,0.0308898604781713,-0.01,0.449489454364552,0.5768009445820318,21.60040355179428,-2.553979915553369,-21.16478844663189,0.0,0.0,0.0,0.0,0.0,0.3780528386108876,0.5844382980832983,21.61928847609644,0.2967771730426707,-21.00453627550276
15.705007144327702,0.0,0.0,0.0,0.031489868428711,-0.01,0.4467343768100008,0.5777496646684639,21.5148633546732,-2.548513625514296,-21.147963502561087,0.0,0.0,0.0,0.0,0.0,0.377291195140446,0.585003180549448,21.5779177225519,0.288817013740842,-21.007409247420146
15.72273288602559,0.0,0.0,0.0,0.0265849248719189,-0.01,0.448126500300146,0.577736180740268,21.535698348259096,-2.556364486831784,-21.16023273380557,0.0,0.0,0.0,0.0,0.0,0.3773446033071964,0.5859681014412131,21.61303993293646,0.2903550243264101,-21.015850306188085
15.740458627723475,0.0,0.0,0.0,0.0236223462584535,-0.01,0.4482403419080524,0.5775771873202054,21.506277134895527,-2.5479862335999304,-21.14622329961387,0.0,0.0,0.0,0.0,0.0,0.3813767794108512,0.586369849005502,21.5409049251349,0.3001658089063716,-21.010963744633017
15.758184369421365,0.0,0.0,0.0,0.0259999683912895,-0.01,0.4437399832721694,0.5775561698497762,21.524265135955204,-2.5449653844073112,-21.15956447272831,0.0,0.0,0.0,0.0,0.0,0.379415248526995,0.5832335142441848,21.41028720539494,0.2993006736616546,-21.00606963836504
15.775910111119249,0.0,0.0,0.0,0.0238856456885661,-0.01,0.448530165176125,0.5754510771767801,21.488013003544,-2.5401120508223483,-21.157248965389734,0.0,0.0,0.0,0.0,0.0,0.3827508219363716,0.5830468483095488,21.42397260611352,0.2929490350991069,-21.00388455429864
15.793635852817136,0.0,0.0,0.0,0.0231305200214129,-0.01,0.4565640784812524,0.5752416394604583,21.547308538944463,-2.549208550046681,-21.166665426512303,0.0,0.0,0.0,0.0,0.0,0.3793208836767056,0.584349709605508,21.46490212927417,0.2969548138181226,-21.00772788230153
15.811361594515022,0.0,0.0,0.0,0.0225873917454035,-0.01,0.4683187434755736,0.5750651687973525,21.533919825406503,-2.550957191696917,-21.129051513842462,0.0,0.0,0.0,0.0,0.0,0.3797973700803696,0.5848015750273173,21.426551688225853,0.3019525702174358,-21.015304151339937
15.82908733621291,0.0,0.0,0.0,0.0265114030224236,-0.01,0.4577465841100662,0.5743140766164059,21.544466658912324,-2.552700662570304,-21.129658893653065,0.0,0.0,0.0,0.0,0.0,0.3809425975330636,0.5835567152248052,21.417386907096493,0.3048546764290594,-21.0226499466544
15.846813077910795,0.0,0.0,0.0,0.0275724146317437,-0.01,0.4648739959695556,0.5741857794889825,21.560669421578,-2.5547561952054383,-21.118999408749858,0.0,0.0,0.0,0.0,0.0,0.3769472875363712,0.5863468364466083,21.4146794220288,0.306261419118719,-21.031744232272526
15.864538819608685,0.0,0.0,0.0,0.0309528795227137,-0.01,0.4519600483214786,0.5727193552786929,21.589142659327777,-2.533132377720203,-21.154859539653685,0.0,0.0,0.0,0.0,0.0,0.3721329193006736,0.5879480522196123,21.484415859946225,0.2919655282938024,-21.018723246405724
15.88226456130657,0.0,0.0,0.0,0.0328174997897941,-0.01,0.448420017319706,0.5725917075614005,21.56327641556378,-2.5166580008542376,-21.16417685148925,0.0,0.0,0.0,0.0,0.0,0.371814623911081,0.5894941478797073,21.404785714322863,0.2900821835336757,-21.01844947276872
15.899990303004456,0.0,0.0,0.0,0.0322664310309153,-0.01,0.4454450554210544,0.5718783615684849,21.59689414358375,-2.519961379844515,-21.17271224041556,0.0,0.0,0.0,0.0,0.0,0.3718562296776408,0.5901957114790259,21.428970077647715,0.3041361530837899,-21.01137793845326
15.917716044702344,0.0,0.0,0.0,0.0312070412540169,-0.01,0.437024146812897,0.5727152317227403,21.62378873263332,-2.521538780907857,-21.1734747197396,0.0,0.0,0.0,0.0,0.0,0.3733647717949774,0.5922848337239824,21.482616817489024,0.3069408186417736,-21.014031561286163
15.93544178640023,0.0,0.0,0.0,0.0319653709653241,-0.01,0.4214602398563332,0.5748298627573134,21.64589628792583,-2.533359180325476,-21.148335977586388,0.0,0.0,0.0,0.0,0.0,0.3710667433000698,0.592136360897106,21.41586793205068,0.2978582245512911,-21.01278075768456
15.953167528098115,0.0,0.0,0.0,0.0347025117667659,-0.01,0.411117649121325,0.5744442572908266,21.68047457735512,-2.5246417841472764,-21.12941218685054,0.0,0.0,0.0,0.0,0.0,0.368133795763748,0.5897671911742749,21.40070424994156,0.2920861789625326,-21.010129717032427
15.970893269796004,0.0,0.0,0.0,0.0356701782649004,-0.01,0.4017930971997372,0.57487775875311,21.676407206842526,-2.5026720850086,-21.13421249089526,0.0,0.0,0.0,0.0,0.0,0.3720075045928556,0.5892885172906368,21.38870471805327,0.2904149679846047,-20.997647217426856
15.98861901149389,0.0,0.0,0.0,0.0310271664925424,-0.01,0.4022714091306748,0.5760322601953103,21.720785642122983,-2.503841299211344,-21.13574004439851,0.0,0.0,0.0,0.0,0.0,0.370849043944453,0.5880800982820091,21.377985534688865,0.2939683789766669,-20.998996182573368
16.006344753191776,0.0,0.0,0.0,0.0300940855199208,-0.01,0.3962205070440756,0.5775845599310178,21.681948542902067,-2.513953076185495,-21.13926773339041,0.0,0.0,0.0,0.0,0.0,0.3689955986613352,0.588199997217058,21.35027889723026,0.2986129795036188,-20.997294405906544
16.024070494889664,0.0,0.0,0.0,0.0270169164892627,-0.01,0.4045616901970696,0.5779362482029621,21.64577096671585,-2.5063683567661075,-21.11005282915198,0.0,0.0,0.0,0.0,0.0,0.3707442013274682,0.5851879889693876,21.360228625580707,0.2983334661431401,-21.00320139910433
16.04179623658755,0.0,0.0,0.0,0.0285796204162598,-0.01,0.4185985352432848,0.5779121085152594,21.63502767562376,-2.5024684550584584,-21.102863377820327,0.0,0.0,0.0,0.0,0.0,0.3694390530430312,0.5834298763487559,21.39368481522457,0.2939423021320421,-20.996619544110143
16.05952197828544,0.0,0.0,0.0,0.0298010951571626,-0.01,0.4224914483449364,0.5777899329116397,21.65831167467093,-2.508781487988321,-21.096784821202355,0.0,0.0,0.0,0.0,0.0,0.373946691105172,0.581790768803339,21.415073797711,0.2981335035826505,-21.004965898482023
16.077247719983326,0.0,0.0,0.0,0.0261999128026726,-0.01,0.4250795075166556,0.577397657932012,21.62175220750396,-2.519221702655556,-21.08657170782392,0.0,0.0,0.0,0.0,0.0,0.3721523239380892,0.5806418449517652,21.41455739351176,0.2978096754887009,-21.00572757415051
16.09497346168121,0.0,0.0,0.0,0.0252597942065736,-0.01,0.4335690336814852,0.5769362752941656,21.57398306841685,-2.513646032109865,-21.097069086490013,0.0,0.0,0.0,0.0,0.0,0.373802399366852,0.581186208301416,21.442372112869048,0.2913943607855215,-21.01191193433332
16.112699203379098,0.0,0.0,0.0,0.0222959978004944,-0.01,0.4349942230332684,0.5758398353916809,21.52202790804176,-2.51198337539896,-21.09841112364155,0.0,0.0,0.0,0.0,0.0,0.3797207332583312,0.5824534122842604,21.48952536094795,0.2955839334345671,-21.01706400508688
16.130424945076985,0.0,0.0,0.0,0.020143880158096,-0.01,0.4439598939953894,0.5758920101765126,21.512046914908336,-2.5232726298396595,-21.11466166283662,0.0,0.0,0.0,0.0,0.0,0.3812638858979664,0.5834073931409288,21.54878539544793,0.3060901246483217,-21.023486536625303
16.148150686774873,0.0,0.0,0.0,0.0185277742169217,-0.01,0.4454095151989548,0.5746027624245833,21.46991014677036,-2.5256634025463574,-21.1097504284103,0.0,0.0,0.0,0.0,0.0,0.3844789629965324,0.5843782528893414,21.528585529313045,0.3072547026717787,-21.021720497899206
16.16587642847276,0.0,0.0,0.0,0.0165979367467705,-0.01,0.4464683294710264,0.5731640574510207,21.53880837978483,-2.528654686816455,-21.105804501082776,0.0,0.0,0.0,0.0,0.0,0.389098178582168,0.5839232402749925,21.55457800422939,0.3004632068674323,-21.025146624825503
16.183602170170644,0.0,0.0,0.0,0.0155764324309797,-0.01,0.4500365287574596,0.5734045454188195,21.54461593211037,-2.530598289939761,-21.106155790235505,0.0,0.0,0.0,0.0,0.0,0.3867200257875408,0.5855744779351005,21.55767821564653,0.2969708616253232,-21.016369016927428
16.201327911868532,0.0,0.0,0.0,0.018084315305913,-0.01,0.4448374884030948,0.5735217590400827,21.500968019638496,-2.5295812122401724,-21.08485800316603,0.0,0.0,0.0,0.0,0.0,0.3949375115824892,0.5838510343492623,21.51235645219477,0.2970035474118428,-21.015212489199293
16.21905365356642,0.0,0.0,0.0,0.0199498821140489,-0.01,0.4442280315736706,0.5735236182111362,21.43550550530778,-2.538650432535458,-21.107831710656367,0.0,0.0,0.0,0.0,0.0,0.3883197770434504,0.5846349602948453,21.550788720246143,0.3030894954987407,-21.0184236861174
16.236779395264307,0.0,0.0,0.0,0.0198838491585225,-0.01,0.4452160631510738,0.5742089698821189,21.415201128267725,-2.5477615543901933,-21.140669444509168,0.0,0.0,0.0,0.0,0.0,0.3908665009566556,0.5869374874820061,21.60847202535295,0.3085760627749557,-21.0214557242775
16.25450513696219,0.0,0.0,0.0,0.0229586323698612,-0.01,0.4456857760745804,0.574177009466512,21.386049261609283,-2.5354508394809816,-21.14323240365489,0.0,0.0,0.0,0.0,0.0,0.3885047055274764,0.5851597705479894,21.590506294174755,0.2934831549285681,-21.01465570043171
16.27223087866008,0.0,0.0,0.0,0.0213772680591775,-0.01,0.4511478899359844,0.5764504111567292,21.41967535331371,-2.5303917659900588,-21.14909246202468,0.0,0.0,0.0,0.0,0.0,0.384474226375216,0.585812197448957,21.56908709143556,0.2837947853894244,-21.00690403158448
16.289956620357966,0.0,0.0,0.0,0.022939119191001,-0.01,0.4442778144847062,0.5758764055650004,21.450839055683645,-2.534661465211635,-21.17895753475222,0.0,0.0,0.0,0.0,0.0,0.3832878714522958,0.5865010376346418,21.561607208384487,0.2959959956021768,-21.01032584030113
16.307682362055854,0.0,0.0,0.0,0.0242559242457869,-0.01,0.4500263812326444,0.5744132730261918,21.422038271945294,-2.5348508521404964,-21.20041272637976,0.0,0.0,0.0,0.0,0.0,0.3814315926798534,0.5871652842152046,21.547214046814084,0.3011473083484106,-21.016082284779568
16.32540810375374,0.0,0.0,0.0,0.026290804619025,-0.01,0.4554508338559588,0.5757721624957506,21.38048989167405,-2.536322166503028,-21.20268389559337,0.0,0.0,0.0,0.0,0.0,0.3853042963159012,0.5878800132815086,21.53771226976994,0.2984484769396056,-21.007920166023144
16.343133845451625,0.0,0.0,0.0,0.0293637988366943,-0.01,0.4497757739716804,0.5769467569052483,21.420526045293173,-2.540894177180113,-21.20036188573764,0.0,0.0,0.0,0.0,0.0,0.3882410925842504,0.5860654935118275,21.53728815246307,0.2935387960579901,-21.01840423498897
16.360859587149513,0.0,0.0,0.0,0.0280501048351618,-0.01,0.4453835986388812,0.5775890526145057,21.4569383560482,-2.548811480770374,-21.212011252358703,0.0,0.0,0.0,0.0,0.0,0.3813398979898064,0.5867980355602663,21.541618823722345,0.2858261922773776,-21.029378583662947
16.3785853288474,0.0,0.0,0.0,0.0222769132057147,-0.01,0.4396996980235214,0.5775077286165807,21.45426069874018,-2.5494864250538223,-21.18566568333825,0.0,0.0,0.0,0.0,0.0,0.3816851068724512,0.5877271784533706,21.470385091230927,0.28794034247598,-21.03041982074341
16.396311070545288,0.0,0.0,0.0,0.0199789950576905,-0.01,0.4443693440658532,0.5770115141880487,21.473682273256884,-2.554239893503678,-21.166292045332785,0.0,0.0,0.0,0.0,0.0,0.3794355376225412,0.5873836784846043,21.43435450810677,0.2950505957183831,-21.0328666662128
16.414036812243175,0.0,0.0,0.0,0.0192644256102296,-0.01,0.4449042307695284,0.5762501555409782,21.51105368268449,-2.555869245099355,-21.178423687979624,0.0,0.0,0.0,0.0,0.0,0.3794607804709226,0.5901447372237498,21.457736372582847,0.2872209003854597,-21.035129997918293
16.43176255394106,0.0,0.0,0.0,0.0244210882905792,-0.01,0.450318812184234,0.5749697689916429,21.51847030133294,-2.549223977391009,-21.198013393369177,0.0,0.0,0.0,0.0,0.0,0.3793445223021054,0.5879336874070213,21.46522849608405,0.2796825670981718,-21.040193647444315
16.449488295638947,0.0,0.0,0.0,0.0228478289654014,-0.01,0.450871857153184,0.5743434383555323,21.472407756675693,-2.5441593402198683,-21.144278931627912,0.0,0.0,0.0,0.0,0.0,0.3717789669581442,0.5875829591663397,21.432166868142176,0.2804239443376873,-21.0293422782846
16.467214037336834,0.0,0.0,0.0,0.0263591952080646,-0.01,0.4463793013508518,0.5769847135819387,21.55051780952208,-2.541972370834715,-21.10940803135069,0.0,0.0,0.0,0.0,0.0,0.369339603017614,0.5861261695491398,21.47560055867501,0.2802413423156729,-21.02095181240488
16.484939779034722,0.0,0.0,0.0,0.0277203589633304,-0.01,0.4467289000058642,0.5753529836649296,21.553576183115705,-2.546606668142898,-21.13976056675888,0.0,0.0,0.0,0.0,0.0,0.3659846875407132,0.5835296927223835,21.46528656517503,0.2788590368187069,-21.023964719409097
16.50266552073261,0.0,0.0,0.0,0.026497781276376,-0.01,0.4455904954556578,0.5752246308468046,21.49466429239626,-2.5394506428456687,-21.14711763569722,0.0,0.0,0.0,0.0,0.0,0.3680589376551614,0.5863155099032764,21.38520949446996,0.2785162537371968,-21.01962755074615
16.520391262430493,0.0,0.0,0.0,0.0301126509283058,-0.01,0.4511745194087852,0.5743936387383043,21.49265227101414,-2.532487671914655,-21.17731439018497,0.0,0.0,0.0,0.0,0.0,0.3735676992216444,0.5887513047153168,21.39958238925528,0.2829744475411407,-21.013447967455843
16.53811700412838,0.0,0.0,0.0,0.0308488465287877,-0.01,0.4578227517654488,0.5747564833692036,21.53602265523614,-2.5342110695563456,-21.209408526585456,0.0,0.0,0.0,0.0,0.0,0.3764856519592096,0.5865346835657762,21.39651768490154,0.2847059341483006,-21.009065584765704
16.55584274582627,0.0,0.0,0.0,0.0300594002035416,-0.01,0.4520472360851314,0.5743985946697457,21.49379424614932,-2.5283783470132826,-21.20268430991633,0.0,0.0,0.0,0.0,0.0,0.3748234628284314,0.5854136123898761,21.41876029902078,0.2843172158014972,-21.00676062851864
16.573568487524156,0.0,0.0,0.0,0.0303355095871673,-0.01,0.4501714228772132,0.5760300625516713,21.53057951890711,-2.516739364276236,-21.19027763214136,0.0,0.0,0.0,0.0,0.0,0.3753116243665994,0.5834460468443518,21.41616052151412,0.2813458756601171,-21.00009078890625
16.59129422922204,0.0,0.0,0.0,0.0285816345933344,-0.01,0.446131541191639,0.5763433203431928,21.58170629328817,-2.5057078713406846,-21.192527902773644,0.0,0.0,0.0,0.0,0.0,0.3766183024115262,0.5844790633724241,21.34223216383344,0.2767630193249904,-20.9990315905038
16.609019970919928,0.0,0.0,0.0,0.0330437736288389,-0.01,0.4450055132214318,0.5762465929173266,21.583945613081344,-2.505039630478976,-21.211188329904694,0.0,0.0,0.0,0.0,0.0,0.3867404414344556,0.5834107056301526,21.37988443901057,0.2908135965384916,-20.99751483216172
16.626745712617815,0.0,0.0,0.0,0.0280308620683216,-0.01,0.4534102970730948,0.5762831027424193,21.514546284618035,-2.5101484585563507,-21.2315248681003,0.0,0.0,0.0,0.0,0.0,0.3928984319165716,0.5847116458010074,21.37708105909718,0.3066209603586802,-20.98753464438889
16.644471454315703,0.0,0.0,0.0,0.0288479836196686,-0.01,0.4471004182627996,0.5771987697661671,21.5306937342276,-2.5144191031088083,-21.22361769029776,0.0,0.0,0.0,0.0,0.0,0.383962542797038,0.5851010910438834,21.405655612447283,0.3017579617250653,-20.996040167077485
16.66219719601359,0.0,0.0,0.0,0.030934138898181,-0.01,0.4451498900652556,0.5761201917330006,21.52931402077793,-2.518505392045188,-21.2467447039982,0.0,0.0,0.0,0.0,0.0,0.3795480804106256,0.5836848501257542,21.485601179256992,0.2960384788325791,-20.998658894856007
16.679922937711474,0.0,0.0,0.0,0.0248510232287755,-0.01,0.4382503146719818,0.5774833538234811,21.56557954944984,-2.51061517753048,-21.20939147747171,0.0,0.0,0.0,0.0,0.0,0.3855099424596236,0.5817924721964587,21.46460666336139,0.2891677124520526,-20.99682273869864
16.69764867940936,0.0,0.0,0.0,0.0241219501958251,-0.01,0.4359369966816588,0.5782452311920409,21.547673284221503,-2.511140169775682,-21.20841763635856,0.0,0.0,0.0,0.0,0.0,0.3856395440538876,0.582199361713806,21.4788525407013,0.2879522946431834,-20.994305874976405
16.71537442110725,0.0,0.0,0.0,0.0240570322051123,-0.01,0.4337683423696902,0.5788495926970246,21.58627131207887,-2.523132562011868,-21.21645936381578,0.0,0.0,0.0,0.0,0.0,0.387802335744355,0.5840426746478053,21.488196502446904,0.2960123203338836,-20.995235509467456
16.733100162805137,0.0,0.0,0.0,0.0252669983759167,-0.01,0.4374827407095202,0.5777666366721002,21.580366458470504,-2.5237629453249224,-21.222402165338565,0.0,0.0,0.0,0.0,0.0,0.3907839633830502,0.5840589356041395,21.453936314494413,0.2989773532931264,-21.00867998350981
16.750825904503024,0.0,0.0,0.0,0.0259011021607782,-0.01,0.4396013639209998,0.5777939540321583,21.59332666233552,-2.5070268026165574,-21.20822719154956,0.0,0.0,0.0,0.0,0.0,0.3892954876519622,0.5841253533786066,21.52134724547105,0.2954697858125275,-21.01198764842164
16.76855164620091,0.0,0.0,0.0,0.0241985005287127,-0.01,0.4491925590207344,0.578237314590541,21.621058475506192,-2.5140782393715884,-21.205353284877862,0.0,0.0,0.0,0.0,0.0,0.384526473756981,0.5851348141808165,21.51960810650596,0.2934711473623256,-21.006044961155936
16.786277387898796,0.0,0.0,0.0,0.0251951435164789,-0.01,0.4368511337644116,0.5779219404380366,21.607381293966306,-2.5280396804858816,-21.21808779406116,0.0,0.0,0.0,0.0,0.0,0.3788057021119448,0.5868361654276572,21.489082596196944,0.2904280661396852,-21.004803928388743
16.804003129596683,0.0,0.0,0.0,0.0251278978429934,-0.01,0.4400958514981588,0.5788710126712806,21.617540496049976,-2.5292906867911844,-21.21203970619577,0.0,0.0,0.0,0.0,0.0,0.3868728681095428,0.5875882783631149,21.50022200346425,0.2930315559235496,-21.00086082669533
16.82172887129457,0.0,0.0,0.0,0.026749996818385,-0.01,0.4423904869452048,0.578868053786604,21.59684449919933,-2.5298717253061924,-21.2235205172157,0.0,0.0,0.0,0.0,0.0,0.3898604221011936,0.5889445167004465,21.40080364127986,0.2965771540992716,-21.000504090671804
16.83945461299246,0.0,0.0,0.0,0.0309980251458177,-0.01,0.4441866957516936,0.5773895351628241,21.596979542766192,-2.5078841546062494,-21.2330272404467,0.0,0.0,0.0,0.0,0.0,0.3861277005489434,0.5923083079612373,21.423780901900063,0.294559133578161,-21.00106811388998
16.857180354690342,0.0,0.0,0.0,0.0338981660515864,-0.01,0.4415977890979882,0.5760755123743321,21.539815321802543,-2.5002288499485084,-21.234268777204505,0.0,0.0,0.0,0.0,0.0,0.3805243099119446,0.5926637925102904,21.435285534703706,0.2942621495975822,-21.00453012094733
16.87490609638823,0.0,0.0,0.0,0.0318146008107632,-0.01,0.4394917164879584,0.5768550480171207,21.517085865075195,-2.519340769649978,-21.2436626889234,0.0,0.0,0.0,0.0,0.0,0.3777154783552756,0.5909500178687553,21.369173513359414,0.2993371537758177,-21.00421215456801
16.892631838086118,0.0,0.0,0.0,0.0266875499104288,-0.01,0.441454626289982,0.5774894734253976,21.49252196140977,-2.531183456379052,-21.243222302053805,0.0,0.0,0.0,0.0,0.0,0.3751440839316292,0.5921299560305756,21.37353710889086,0.3022346267485878,-20.99942516222533
16.910357579784005,0.0,0.0,0.0,0.0250855992139224,-0.01,0.4404500937284438,0.5778188150971654,21.48857022755996,-2.5263699913568733,-21.239084432693414,0.0,0.0,0.0,0.0,0.0,0.3755523300816432,0.5931931023192768,21.33379280855987,0.2993737231620997,-21.00102109698221
16.92808332148189,0.0,0.0,0.0,0.0254219901323858,-0.01,0.4342294001718184,0.5771265724735151,21.55606551985917,-2.522661384513303,-21.233904997040728,0.0,0.0,0.0,0.0,0.0,0.3775483595225918,0.5917435412980856,21.308570865049337,0.2936647112467925,-21.015997233359872
16.945809063179777,0.0,0.0,0.0,0.030132030709843,-0.01,0.4426257813578732,0.5767064834119536,21.56659516424308,-2.523739498725864,-21.218594926980384,0.0,0.0,0.0,0.0,0.0,0.378816767771412,0.5899309453963202,21.273525510285253,0.2856806768544566,-21.022046905509445
16.963534804877664,0.0,0.0,0.0,0.0300768353649551,-0.01,0.4372365966103508,0.5742166641809464,21.52556098744989,-2.5321646494587444,-21.227521197165974,0.0,0.0,0.0,0.0,0.0,0.3735794660484656,0.5921741874412192,21.248082741453928,0.2867047402522721,-21.024033019791368
16.98126054657555,0.0,0.0,0.0,0.0301859989221483,-0.01,0.4359435951554432,0.5736216884724882,21.541973715950267,-2.533193507526561,-21.2221348569942,0.0,0.0,0.0,0.0,0.0,0.3706654836190384,0.5892066306212316,21.38908545420544,0.2938749065309055,-21.024987936136377
16.99898628827344,0.0,0.0,0.0,0.0270435618648067,-0.01,0.4327452571049642,0.5731651601418122,21.501428968227227,-2.534290290790886,-21.23700089415877,0.0,0.0,0.0,0.0,0.0,0.3705571933875312,0.5875270433623764,21.384422094134244,0.2948596035783657,-21.022898931197755
17.016712029971323,0.0,0.0,0.0,0.0254913514134693,-0.01,0.4313821154977104,0.5732528778027863,21.57684241931396,-2.525189632824785,-21.23322939505801,0.0,0.0,0.0,0.0,0.0,0.3754903824731556,0.5891383184300178,21.37784733429592,0.2957138828024493,-21.02181901280015
17.03443777166921,0.0,0.0,0.0,0.0263876055013428,-0.01,0.4404759608942832,0.5727052421868913,21.66186348663012,-2.5173213068735936,-21.21274258826781,0.0,0.0,0.0,0.0,0.0,0.3777036802968704,0.5897677791771632,21.39730635744524,0.3011214225390822,-21.023153416755008
17.0521635133671,0.0,0.0,0.0,0.0251553916854317,-0.01,0.4338012867272326,0.5726233217164429,21.69497297560677,-2.508065981624808,-21.219551458605363,0.0,0.0,0.0,0.0,0.0,0.3762338890316948,0.5892764095704798,21.45816284851502,0.3033678553499125,-21.01918247690818
17.069889255064986,0.0,0.0,0.0,0.0261152380055928,-0.01,0.4316050885777176,0.5720578335220027,21.62320547382533,-2.503119800839383,-21.243403931774,0.0,0.0,0.0,0.0,0.0,0.3786395815524084,0.5886154651852759,21.52174519454479,0.2987338808340362,-21.016311140783102
17.087614996762873,0.0,0.0,0.0,0.0270769863804519,-0.01,0.426054851598813,0.5737665551022261,21.49671399117921,-2.497782673168851,-21.249256682545468,0.0,0.0,0.0,0.0,0.0,0.3791991375583452,0.5898774451152524,21.50748527074864,0.2958505765734442,-21.004313215375223
17.105340738460757,0.0,0.0,0.0,0.0234488238305704,-0.01,0.4221993379429564,0.5737543329926831,21.550526520642563,-2.5067523451171194,-21.25760523680501,0.0,0.0,0.0,0.0,0.0,0.3843736311969002,0.5896202392697594,21.56120507344692,0.2957018199090094,-20.99505846335221
17.123066480158645,0.0,0.0,0.0,0.0209823555291062,-0.01,0.4281011801412756,0.5765851820552769,21.489843078779348,-2.49961070889222,-21.247456348221945,0.0,0.0,0.0,0.0,0.0,0.3847637832940884,0.589732233817904,21.60847591893578,0.2917723057028815,-20.994283805336377
17.140792221856533,0.0,0.0,0.0,0.0202794527846981,-0.01,0.4285251731878042,0.5776231443233187,21.50477766502442,-2.4928161676170864,-21.23662635823961,0.0,0.0,0.0,0.0,0.0,0.3899599335077108,0.590659570810533,21.553383076967755,0.2876882018519983,-20.99715361948172
17.15851796355442,0.0,0.0,0.0,0.0211345407236073,-0.01,0.430310727973034,0.5776601095146974,21.480302227345977,-2.4917662459002705,-21.242739541264125,0.0,0.0,0.0,0.0,0.0,0.3894449278902372,0.5900314808357734,21.611398101260875,0.2930201327893342,-20.993958337677967
17.176243705252308,0.0,0.0,0.0,0.0210454760827867,-0.01,0.4361027675381956,0.5785475585699111,21.448390574898312,-2.498219889319772,-21.23061789493239,0.0,0.0,0.0,0.0,0.0,0.3899616156266396,0.5891267472720634,21.614757720484864,0.3016658027333069,-20.99725651268509
17.19396944695019,0.0,0.0,0.0,0.0216178109484222,-0.01,0.4318421608441844,0.5779711113783184,21.366698693294047,-2.503810612313353,-21.26042998018415,0.0,0.0,0.0,0.0,0.0,0.3883465237555526,0.5867896992684575,21.62574685519869,0.3016396041732629,-20.99484555614308
17.21169518864808,0.0,0.0,0.0,0.0251914674523205,-0.01,0.4283711552419426,0.5760444360193392,21.399624113044343,-2.507380205428525,-21.26024523944222,0.0,0.0,0.0,0.0,0.0,0.3875569369969142,0.5867679649248729,21.606919072745256,0.2985462548546964,-20.98944789168004
17.229420930345967,0.0,0.0,0.0,0.0244984805451256,-0.01,0.429739016493341,0.5758038250127013,21.384905873686023,-2.5111897438155992,-21.246982166840805,0.0,0.0,0.0,0.0,0.0,0.3860061834779012,0.587093180718794,21.502907614775943,0.2939653016607107,-20.98350919848146
17.247146672043854,0.0,0.0,0.0,0.0213549998986761,-0.01,0.4351214571482442,0.5740952054419979,21.4549696646168,-2.5122743811350072,-21.219672659603127,0.0,0.0,0.0,0.0,0.0,0.3865491437257874,0.5857166356850342,21.472423677239327,0.2905240098198369,-20.98115609831653
17.264872413741738,0.0,0.0,0.0,0.0241267599490652,-0.01,0.4299885047965672,0.5734743676610609,21.43128407289328,-2.514900790870257,-21.21736966532586,0.0,0.0,0.0,0.0,0.0,0.3795594740495198,0.5853435228055207,21.444557710792143,0.2998748316830784,-20.99053628753025
17.282598155439626,0.0,0.0,0.0,0.0292780060360323,-0.01,0.4273245966974976,0.5726493785710836,21.49827408884103,-2.5272594329000704,-21.22149022305904,0.0,0.0,0.0,0.0,0.0,0.3809764451385012,0.5848494455727317,21.41039436233999,0.3058564352232346,-20.983606647210507
17.300323897137513,0.0,0.0,0.0,0.0278055348522758,-0.01,0.430862187297016,0.571714594579649,21.537940223914266,-2.5176579021003227,-21.1889756675932,0.0,0.0,0.0,0.0,0.0,0.3794350461888912,0.5829314173997385,21.447918277510343,0.2990199477780881,-20.984790968385795
17.3180496388354,0.0,0.0,0.0,0.0253712773823459,-0.01,0.4378476319008766,0.5737470969921915,21.582348924720783,-2.517265108217566,-21.16188288976253,0.0,0.0,0.0,0.0,0.0,0.3827042366294224,0.5813964269796225,21.37187468578215,0.299981217054361,-20.98803923203375
17.33577538053329,0.0,0.0,0.0,0.0216683413890869,-0.01,0.4340886871512652,0.5739930638311401,21.570048835425755,-2.522516648027601,-21.172378532186915,0.0,0.0,0.0,0.0,0.0,0.379763341833929,0.5793681871850113,21.40469955105621,0.3132114043975147,-20.985843172252125
17.353501122231172,0.0,0.0,0.0,0.0208760260470631,-0.01,0.431066208473945,0.573819481963088,21.64008964058309,-2.5255723525002014,-21.145599010450653,0.0,0.0,0.0,0.0,0.0,0.3832552181745286,0.5814676227577582,21.41319699070256,0.3132842119132482,-20.98703564534451
17.37122686392906,0.0,0.0,0.0,0.0228194891178662,-0.01,0.4360882911086144,0.5749660565307726,21.57607585816161,-2.527724900427628,-21.13552693830508,0.0,0.0,0.0,0.0,0.0,0.3820611251095216,0.5812381585553252,21.420799316526068,0.3059284764148895,-20.98885095975787
17.388952605626947,0.0,0.0,0.0,0.0218084999364069,-0.01,0.4365585849443012,0.5756594569634756,21.66191260397274,-2.5185329517235204,-21.12425397909525,0.0,0.0,0.0,0.0,0.0,0.3789124155127784,0.5805000992998101,21.48581457166521,0.2970797702801356,-20.98850686881132
17.406678347324835,0.0,0.0,0.0,0.023623698106162,-0.01,0.4328896627750576,0.5769529788381272,21.615359950926248,-2.503135598034844,-21.162643501258373,0.0,0.0,0.0,0.0,0.0,0.3802362789589408,0.5794421490691469,21.51751075433719,0.2861965788132245,-20.994735724771896
17.424404089022723,0.0,0.0,0.0,0.0238018714882167,-0.01,0.4362297534245814,0.5780829847906556,21.65370245577453,-2.506591219561343,-21.17663224796904,0.0,0.0,0.0,0.0,0.0,0.3849135261323592,0.5813519169971373,21.569610940042484,0.2956470102384756,-20.982869084634267
17.442129830720607,0.0,0.0,0.0,0.0235402695693871,-0.01,0.437718163093521,0.5777400968891461,21.62578183943313,-2.5081825372766646,-21.168145568469075,0.0,0.0,0.0,0.0,0.0,0.38564061283132,0.5805744486868374,21.544109513960333,0.3061447210630006,-20.988901426249942
17.459855572418494,0.0,0.0,0.0,0.0218629617719366,-0.01,0.4401142693158088,0.5790294763278468,21.597949086184983,-2.5117229155757683,-21.191426143515383,0.0,0.0,0.0,0.0,0.0,0.3827126427864452,0.581208488473728,21.58106967547268,0.3008574646943479,-20.992118749264552
17.47758131411638,0.0,0.0,0.0,0.0211613261411023,-0.01,0.4328008001187602,0.5768171877705188,21.582567586503025,-2.5080133945431493,-21.2046811527047,0.0,0.0,0.0,0.0,0.0,0.3810834674825668,0.5809014211166544,21.60799863663844,0.2978167074485991,-20.999717569116367
17.49530705581427,0.0,0.0,0.0,0.026689571682659,-0.01,0.4349716311654714,0.5756244903858042,21.60650186554336,-2.501688532894349,-21.188163472328853,0.0,0.0,0.0,0.0,0.0,0.3815925242384428,0.5823702818633538,21.525727340199538,0.2998678684285756,-21.00836331236598
17.513032797512157,0.0,0.0,0.0,0.0268162141131481,-0.01,0.4394479110030028,0.5752354229788893,21.52827208634508,-2.499167920011073,-21.211061021030574,0.0,0.0,0.0,0.0,0.0,0.3824042841116512,0.5809814305325094,21.479460958135743,0.3033390134102241,-21.01326412994833
17.53075853921004,0.0,0.0,0.0,0.021354581483654,-0.01,0.4421482486718068,0.5751220788902183,21.53477015701908,-2.5031176989138686,-21.21643571629511,0.0,0.0,0.0,0.0,0.0,0.3847494311824942,0.5817285241435199,21.4952223345541,0.3085436214270418,-21.010677286337465
17.548484280907928,0.0,0.0,0.0,0.0215658445926605,-0.01,0.4448333070862028,0.5741349084902717,21.48931570857366,-2.503250412375728,-21.236800535441127,0.0,0.0,0.0,0.0,0.0,0.3867341631894306,0.5818677121038711,21.455362602982795,0.3055666615215833,-21.01573859118347
17.566210022605816,0.0,0.0,0.0,0.0181024392036918,-0.01,0.4502190505111568,0.5733038983268101,21.498082940853823,-2.489672697302238,-21.22246144641544,0.0,0.0,0.0,0.0,0.0,0.3883815043183548,0.5840251388402825,21.476703252718973,0.2998988962244679,-21.01406637780316
17.583935764303703,0.0,0.0,0.0,0.0200361626581132,-0.01,0.4450336016830706,0.5731866804127752,21.5256581732823,-2.49425878238996,-21.183740188097296,0.0,0.0,0.0,0.0,0.0,0.3890979057929304,0.5834431165570148,21.444259774056505,0.296763653546801,-21.01500550253367
17.60166150600159,0.0,0.0,0.0,0.0211591303575273,-0.01,0.4423234918917128,0.5736232222730541,21.529606684855004,-2.498063930829738,-21.20425675816064,0.0,0.0,0.0,0.0,0.0,0.389738860678004,0.5836856771791966,21.42009139124392,0.2950849162577716,-21.01175523916025
17.619387247699475,0.0,0.0,0.0,0.0215436570895499,-0.01,0.442186876577631,0.5735598319469575,21.54476108044496,-2.509501394282574,-21.16767929959355,0.0,0.0,0.0,0.0,0.0,0.3903765206361764,0.5847182859796954,21.29428716822764,0.2957233560927018,-20.99764568688857
17.637112989397362,0.0,0.0,0.0,0.0194580615661453,-0.01,0.4395493530117436,0.5741670503051843,21.51299499448238,-2.531112534782788,-21.167905985747588,0.0,0.0,0.0,0.0,0.0,0.3875094099544636,0.5856659806372939,21.27801563496228,0.2969574554908183,-20.98981277125346
17.65483873109525,0.0,0.0,0.0,0.0163264314431258,-0.01,0.4346936031329494,0.5744115647867493,21.530272111172007,-2.522515509145029,-21.19342736276847,0.0,0.0,0.0,0.0,0.0,0.3892635924257812,0.5876951383171439,21.28126172887449,0.3008736860850913,-20.99023331140462
17.672564472793137,0.0,0.0,0.0,0.0150387587409897,-0.01,0.4328921051179724,0.5746558133960692,21.52365763603084,-2.514180065570093,-21.17012141313566,0.0,0.0,0.0,0.0,0.0,0.3859927371198966,0.5914432238044006,21.313735020791924,0.3041894557872996,-20.99299884092288
17.69029021449102,0.0,0.0,0.0,0.0169670126712636,-0.01,0.4257452726690756,0.5738854338077269,21.51733477191238,-2.522562237444503,-21.16830406358888,0.0,0.0,0.0,0.0,0.0,0.387355347112574,0.5928021586962452,21.21296721065568,0.3017937692536244,-21.009330315754266
17.70801595618891,0.0,0.0,0.0,0.0147529239509517,-0.01,0.4182351696144336,0.5731817649730417,21.52773672355721,-2.5167754989981663,-21.153218988684696,0.0,0.0,0.0,0.0,0.0,0.3888363033864808,0.5922495411366941,21.283132761621545,0.3008156654492126,-21.004139243090005
17.725741697886797,0.0,0.0,0.0,0.0168561831971831,-0.01,0.4191499901339172,0.5748203062315058,21.531295603298005,-2.5277992794645523,-21.14937215806132,0.0,0.0,0.0,0.0,0.0,0.3849460124878668,0.5902944697936402,21.273737700660497,0.2985745450066116,-21.002188843655546
17.743467439584684,0.0,0.0,0.0,0.0161519625649409,-0.01,0.425964367698268,0.5747857685090952,21.482883560164392,-2.52595701843181,-21.17018702046313,0.0,0.0,0.0,0.0,0.0,0.3848132012494762,0.5871129331656536,21.23943955863857,0.2944885079548777,-21.00791031163333
17.76119318128257,0.0,0.0,0.0,0.0170641529448152,-0.01,0.4308984422167336,0.5734019168971517,21.50616624786903,-2.512982783572793,-21.12933556094675,0.0,0.0,0.0,0.0,0.0,0.3823735713635724,0.5867103637375105,21.29444335814173,0.2885886086881032,-21.001835268434807
17.778918922980456,0.0,0.0,0.0,0.0192338569938222,-0.01,0.4221703278098428,0.572900334155073,21.593971437057288,-2.5127511184796822,-21.188624287583075,0.0,0.0,0.0,0.0,0.0,0.3855406018801564,0.5883240994657337,21.30897664601541,0.2885164095280654,-21.00502394186094
17.796644664678343,0.0,0.0,0.0,0.0217847124851454,-0.01,0.4294224848753766,0.5728713474381112,21.610893682457863,-2.525943089169429,-21.18385044345256,0.0,0.0,0.0,0.0,0.0,0.3873431417743288,0.5889694069055943,21.263810586451143,0.2966058361522325,-21.01375715607309
17.81437040637623,0.0,0.0,0.0,0.0261217870789151,-0.01,0.4283824958069398,0.5729256907536651,21.614406858525687,-2.5318683470158554,-21.170122722969776,0.0,0.0,0.0,0.0,0.0,0.38642719445575,0.5869497300368901,21.342560388179123,0.2935377384257854,-21.00241872625459
17.83209614807412,0.0,0.0,0.0,0.0303138891617238,-0.01,0.4274788028599696,0.5738220515768198,21.64641324345989,-2.5329558314839984,-21.202858634274488,0.0,0.0,0.0,0.0,0.0,0.3827115394074904,0.5852895656015479,21.32732984621724,0.2882209046184777,-20.996849286038803
17.849821889772006,0.0,0.0,0.0,0.0319030742232122,-0.01,0.4348997010099716,0.574762165898896,21.65566674242774,-2.5279282837822934,-21.2233742201219,0.0,0.0,0.0,0.0,0.0,0.3778115404738352,0.5859022830659165,21.40074261150273,0.2925761016889358,-21.00261690833017
17.86754763146989,0.0,0.0,0.0,0.0302501869704837,-0.01,0.4390680331398516,0.5751172069410082,21.68397873822283,-2.5277159265832325,-21.23490001685777,0.0,0.0,0.0,0.0,0.0,0.3739519449643326,0.5850393343310222,21.37642433588876,0.2968392450144225,-21.006741577316973
17.885273373167777,0.0,0.0,0.0,0.0303305094259658,-0.01,0.4345583799987436,0.5737612702074465,21.739929263146344,-2.528557719585754,-21.227455971139644,0.0,0.0,0.0,0.0,0.0,0.3752538649090436,0.5877245058418687,21.3802237799126,0.2944373538605391,-20.99742195696941
17.902999114865665,0.0,0.0,0.0,0.0306504433156944,-0.01,0.434594698773968,0.5729588006100605,21.72616073329325,-2.5422070828729164,-21.231818529629944,0.0,0.0,0.0,0.0,0.0,0.375262578018898,0.589564452019272,21.44505819885698,0.2927939124548943,-20.992953292015542
17.920724856563552,0.0,0.0,0.0,0.0302682576052968,-0.01,0.4287646974282012,0.5737766438586419,21.6886546721466,-2.536243268453467,-21.24826617448932,0.0,0.0,0.0,0.0,0.0,0.3795289952396518,0.5876625892406012,21.424038398226084,0.2914175517216526,-20.99315897418936
17.93845059826144,0.0,0.0,0.0,0.0265458971247218,-0.01,0.4291259261207198,0.5735922908719844,21.540023316107213,-2.541504258227443,-21.234085520952245,0.0,0.0,0.0,0.0,0.0,0.3777455896214164,0.5870736013380059,21.434851792990496,0.2913307544528083,-21.00126405934812
17.956176339959324,0.0,0.0,0.0,0.0259597720488476,-0.01,0.4253511028655072,0.5759008990911859,21.5779784071189,-2.538022789739723,-21.242382728675835,0.0,0.0,0.0,0.0,0.0,0.375233478700508,0.5888799318676309,21.4389307919268,0.2877042053706561,-20.99580085412789
17.97390208165721,0.0,0.0,0.0,0.023370516172421,-0.01,0.4306962030066856,0.5764002969813583,21.626707206382303,-2.524513752108495,-21.25433088983216,0.0,0.0,0.0,0.0,0.0,0.3730769507065728,0.589879150498961,21.39570937779576,0.2909940526342638,-20.999415967994192
17.9916278233551,0.0,0.0,0.0,0.0228680904283891,-0.01,0.436775840272949,0.5753443817675319,21.55249399832184,-2.516066603338317,-21.255116821646546,0.0,0.0,0.0,0.0,0.0,0.37952006137914,0.5907347895159915,21.37091951538344,0.297651816062617,-20.99827635511961
18.009353565052987,0.0,0.0,0.0,0.020194238449647,-0.01,0.4386517837655188,0.5754618334469349,21.63240653023051,-2.5161729326841864,-21.27376340242198,0.0,0.0,0.0,0.0,0.0,0.383848190879678,0.587460282064126,21.382433182908493,0.3079049009834606,-20.98782434823333
18.02707930675087,0.0,0.0,0.0,0.025411695677804,-0.01,0.4388395594544036,0.5750110320151918,21.55513913681733,-2.5044946159066908,-21.27798279617051,0.0,0.0,0.0,0.0,0.0,0.3851171799426168,0.5891793678375059,21.39338880798903,0.3193912151481168,-20.983343478806887
18.04480504844876,0.0,0.0,0.0,0.023711085748529,-0.01,0.4299457932175948,0.5756102884781699,21.57864079782198,-2.5091326534774034,-21.296102871724216,0.0,0.0,0.0,0.0,0.0,0.3806644224111308,0.5868221291376206,21.40268858087535,0.3059864757295437,-20.984240421721253
18.06253079014665,0.0,0.0,0.0,0.0207223361947928,-0.01,0.4263218247589568,0.5759348000084167,21.51747963638904,-2.501192992998098,-21.285397144921166,0.0,0.0,0.0,0.0,0.0,0.3750309619347528,0.5880153906741329,21.39590777530346,0.2937209158578368,-20.981280777179723
18.080256531844533,0.0,0.0,0.0,0.0244672679579654,-0.01,0.4283121626755114,0.5750781473745651,21.585579593743752,-2.507451183222688,-21.29492938879085,0.0,0.0,0.0,0.0,0.0,0.370289143773012,0.5914607940879003,21.373742901740467,0.2879629348683575,-20.981744054774595
18.09798227354242,0.0,0.0,0.0,0.0269583775011234,-0.01,0.42904772042231,0.5753302535826894,21.619350188123896,-2.505638286776642,-21.28797014552848,0.0,0.0,0.0,0.0,0.0,0.3706288926720564,0.5921903083668497,21.40517487715724,0.2883497015345334,-20.97803395135553
18.115708015240305,0.0,0.0,0.0,0.0268020204734957,-0.01,0.4290481839647496,0.5731048646561994,21.601370303912034,-2.493842548990883,-21.27510808915216,0.0,0.0,0.0,0.0,0.0,0.3744219709750426,0.5901182314116958,21.428580785307805,0.3021651647169232,-20.98287769307481
18.133433756938192,0.0,0.0,0.0,0.0274304074831186,-0.01,0.4191085948281488,0.5726411908131429,21.577607826735875,-2.488992749788208,-21.28563761072776,0.0,0.0,0.0,0.0,0.0,0.3753492488418998,0.5888566769595895,21.4534441421458,0.2959454050082316,-20.9893200369032
18.15115949863608,0.0,0.0,0.0,0.029327797677104,-0.01,0.4056826021750644,0.5732829440163122,21.72161106062888,-2.488670462101349,-21.27357422887218,0.0,0.0,0.0,0.0,0.0,0.3752481946122458,0.5878780925740988,21.437353679767835,0.279654452307803,-20.981008944045147
18.168885240333967,0.0,0.0,0.0,0.0301763976844684,-0.01,0.4001192874950572,0.5726491972692642,21.63255207836092,-2.479665000495283,-21.245800770441864,0.0,0.0,0.0,0.0,0.0,0.3759745639159552,0.5897345980435127,21.445511463870726,0.278909591023873,-20.9840209670978
18.18661098203185,0.0,0.0,0.0,0.0271201427208072,-0.01,0.4060610364989798,0.5745742297249464,21.639253490742465,-2.485501967444053,-21.219966762918755,0.0,0.0,0.0,0.0,0.0,0.3782511969447102,0.5902385391951896,21.452703464918493,0.2832610602185915,-20.980572651547725
18.20433672372974,0.0,0.0,0.0,0.0268289976360848,-0.01,0.4151325431922178,0.5732664911441715,21.57427283924376,-2.4860814211274884,-21.224279601332,0.0,0.0,0.0,0.0,0.0,0.3812193974841672,0.590336581794019,21.44527912941981,0.2882183712554073,-20.98923119670449
18.222062465427623,0.0,0.0,0.0,0.0292355907853484,-0.01,0.4202511882850188,0.574063737538278,21.66608084835408,-2.4836763120062866,-21.254284989772568,0.0,0.0,0.0,0.0,0.0,0.3849720175521286,0.589084252816568,21.4272064378116,0.2902077463352468,-20.997500777150485
18.23978820712552,0.0,0.0,0.0,0.0261685482537389,-0.01,0.4209866932133538,0.574771708998306,21.60626169685569,-2.4934306536706563,-21.26610961657263,0.0,0.0,0.0,0.0,0.0,0.3845468112349604,0.5871436492645217,21.48502710190896,0.2824690058382663,-21.009418713185138
18.2575139488234,0.0,0.0,0.0,0.0256017738643271,-0.01,0.4283417560496636,0.5742684335393545,21.652991949900432,-2.4906507069653614,-21.275325802038832,0.0,0.0,0.0,0.0,0.0,0.3829319309871258,0.5850185157721677,21.45292444234958,0.2799399983245255,-21.00821383427443
18.27523969052129,0.0,0.0,0.0,0.0242348534548179,-0.01,0.4354150532720004,0.5745269873076785,21.650045848964947,-2.487332895791327,-21.27468402970096,0.0,0.0,0.0,0.0,0.0,0.3783310279908856,0.5875911106657372,21.49017942220249,0.2817959037949067,-20.998320788719205
18.292965432219173,0.0,0.0,0.0,0.0257432537510302,-0.01,0.444572167914164,0.575266510879805,21.657763232379747,-2.4962609068191464,-21.25559814514332,0.0,0.0,0.0,0.0,0.0,0.3824940569591568,0.587868579134077,21.42378852208472,0.2822053155290392,-20.985736058143686
18.31069117391706,0.0,0.0,0.0,0.02605937032275,-0.01,0.4476370242481328,0.5745221003290171,21.532604160229504,-2.502553594592815,-21.25330990201592,0.0,0.0,0.0,0.0,0.0,0.3742226056802716,0.5883034089336961,21.40509553470241,0.2780597222415149,-20.99418487471648
18.328416915614948,0.0,0.0,0.0,0.025104831434477,-0.01,0.4508323334122612,0.5749467320725474,21.596555777247293,-2.5024921519410928,-21.248213392645525,0.0,0.0,0.0,0.0,0.0,0.3769597968426696,0.5867297299572946,21.37894120974421,0.2764848775560255,-20.98994969680144
18.34614265731284,0.0,0.0,0.0,0.0255644674853877,-0.01,0.4514216571503428,0.575647545342517,21.62781959728889,-2.4992372364605577,-21.27590783759996,0.0,0.0,0.0,0.0,0.0,0.3815860208696914,0.5847981931044122,21.33725217917772,0.2745201967820824,-21.0011603537442
18.36386839901072,0.0,0.0,0.0,0.0266870480705905,-0.01,0.4508178089975258,0.5760196740008504,21.69005173574964,-2.488523395814846,-21.248714905561872,0.0,0.0,0.0,0.0,0.0,0.3780285577931564,0.584706032808177,21.323170493575937,0.2780363554353872,-20.991484285196627
18.381594140708607,0.0,0.0,0.0,0.0270774884092835,-0.01,0.450687763278073,0.576473534698791,21.658085876862863,-2.490820158661212,-21.224872178367704,0.0,0.0,0.0,0.0,0.0,0.3780420554405072,0.5837929909640449,21.33310055728771,0.2804338459822681,-20.980297216842
18.39931988240649,0.0,0.0,0.0,0.0291019270917635,-0.01,0.4561836405648962,0.5775105204039737,21.68374670320032,-2.5019854099434724,-21.21850088624604,0.0,0.0,0.0,0.0,0.0,0.378194308643444,0.5851682636621744,21.23371250079529,0.2843082834601295,-20.97707575746287
18.417045624104382,0.0,0.0,0.0,0.026880090116078,-0.01,0.4611671383460456,0.5782759822598666,21.56852382738935,-2.5206804972678665,-21.201426759428145,0.0,0.0,0.0,0.0,0.0,0.3786487775899904,0.5866027750314557,21.27838378798519,0.283824124291376,-20.98309021623423
18.43477136580227,0.0,0.0,0.0,0.0256947306784046,-0.01,0.4558857526784366,0.578736134690422,21.53098260926865,-2.52319888828276,-21.2027701277502,0.0,0.0,0.0,0.0,0.0,0.378550907515439,0.5856535435438088,21.272407309287885,0.2779993882549481,-20.989125963367144
18.45249710750016,0.0,0.0,0.0,0.0263215543378491,-0.01,0.4503050721128374,0.5774737578341687,21.431717137908294,-2.513226612587849,-21.22212089275853,0.0,0.0,0.0,0.0,0.0,0.37439565217881,0.5869982867259129,21.30058349881269,0.2801297447192533,-20.99213952313041
18.47022284919804,0.0,0.0,0.0,0.0262044350153472,-0.01,0.4507797590168378,0.5768367067243252,21.49318666222797,-2.5021035495963053,-21.22139141352521,0.0,0.0,0.0,0.0,0.0,0.3812895631883012,0.5833231781893982,21.3652002674736,0.2928277898753099,-20.98730967258426
18.48794859089593,0.0,0.0,0.0,0.0233801433106017,-0.01,0.4507456923322452,0.5770839924526998,21.45473506153075,-2.498630761672623,-21.223767193453657,0.0,0.0,0.0,0.0,0.0,0.379856328167839,0.5838978044039127,21.2922749856351,0.2940937461181769,-20.984301244068533
18.505674332593816,0.0,0.0,0.0,0.0175014709993074,-0.01,0.4487632475204384,0.5759332065415392,21.411843965670457,-2.497488519255918,-21.21141401216705,0.0,0.0,0.0,0.0,0.0,0.3778060782974996,0.5851507015134981,21.29709942473139,0.2900071625926527,-20.98307422748525
18.523400074291704,0.0,0.0,0.0,0.0193217221704642,-0.01,0.4547383257145088,0.5766155068707107,21.38608665855769,-2.5035015539923795,-21.227016532747086,0.0,0.0,0.0,0.0,0.0,0.384843397735478,0.5870260592063281,21.304679324111405,0.2860006474216323,-20.981331949661595
18.541125815989588,0.0,0.0,0.0,0.0172705708219581,-0.01,0.4558512560548272,0.5764961444834062,21.38730843610029,-2.500186575575186,-21.22239390930652,0.0,0.0,0.0,0.0,0.0,0.3830691597394312,0.5901322030830244,21.29350328466274,0.2842368644246128,-20.97797632014338
18.55885155768748,0.0,0.0,0.0,0.0155963552209724,-0.01,0.445824865270866,0.5756162129050861,21.4135190398889,-2.507431381090393,-21.23264243323858,0.0,0.0,0.0,0.0,0.0,0.3834165899331184,0.5880115797902312,21.320979588527788,0.2815680051997948,-20.99147952085092
18.576577299385363,0.0,0.0,0.0,0.0170704737028226,-0.01,0.4447170775583252,0.5754962276740366,21.50562074570417,-2.509470220849323,-21.25001674905011,0.0,0.0,0.0,0.0,0.0,0.384465225439036,0.5881842703606707,21.28527189766731,0.2796948851462433,-20.9921745245256
18.59430304108325,0.0,0.0,0.0,0.0189590880199565,-0.01,0.4418016470274796,0.5753856552939254,21.557143984841,-2.5056691336250574,-21.242803648711217,0.0,0.0,0.0,0.0,0.0,0.3823323599764768,0.5856061721140189,21.28059896204592,0.2780895600216876,-20.98788523310651
18.61202878278113,0.0,0.0,0.0,0.0162343575462039,-0.01,0.440798497777644,0.5767673751588485,21.66592034821479,-2.501236909210228,-21.21270437119024,0.0,0.0,0.0,0.0,0.0,0.3869599668975808,0.5836626723845398,21.32975869951233,0.2766307748568516,-20.99152117821552
18.629754524479026,0.0,0.0,0.0,0.0171857503103279,-0.01,0.4470167920237588,0.5783858984514533,21.68309143979363,-2.503576669623904,-21.21251288221948,0.0,0.0,0.0,0.0,0.0,0.3814134587751892,0.5873163322388725,21.385591943966286,0.2758090611593674,-20.9962999472668
18.64748026617691,0.0,0.0,0.0,0.0146158495169447,-0.01,0.4436154333053244,0.5783093341355945,21.7404635770012,-2.5038169218811204,-21.183922881247447,0.0,0.0,0.0,0.0,0.0,0.379371968047734,0.5881411909487676,21.41104716627138,0.2767376485889618,-21.000622766105465
18.6652060078748,0.0,0.0,0.0,0.0173068721656233,-0.01,0.4349629061839306,0.5783713343495672,21.873603355811213,-2.5027902721389093,-21.198242914119408,0.0,0.0,0.0,0.0,0.0,0.3756864996876942,0.5877939059931371,21.45345948486424,0.2787258708711803,-21.002417921677424
18.682931749572685,0.0,0.0,0.0,0.0186791469209272,-0.01,0.4363198220062496,0.5780458471380375,21.907621067008964,-2.501308309069408,-21.1856548846926,0.0,0.0,0.0,0.0,0.0,0.3686327177365668,0.5873192051365561,21.48688802441727,0.2794349991293436,-21.007743834651283
18.70065749127057,0.0,0.0,0.0,0.0204431543472573,-0.01,0.4376764416008716,0.5765533071329578,21.91694020670817,-2.5122150644626857,-21.20358432657668,0.0,0.0,0.0,0.0,0.0,0.3718979783004748,0.5867146450788371,21.483056868477792,0.2798171046645612,-21.016278604649173
18.718383232968456,0.0,0.0,0.0,0.0248439751677925,-0.01,0.4467180989442136,0.5767425126404613,21.93991207990457,-2.5131178363151987,-21.21139703665873,0.0,0.0,0.0,0.0,0.0,0.3733495088680758,0.5892396589057872,21.502585354132343,0.283771308321007,-21.00460912096832
18.736108974666344,0.0,0.0,0.0,0.0273200547757436,-0.01,0.4403908123006548,0.5760243130241723,21.962141091233526,-2.508309648715416,-21.192265022200854,0.0,0.0,0.0,0.0,0.0,0.3747911653659194,0.5884286617212269,21.484265292940048,0.2856377487203173,-21.01110333805448
18.75383471636423,0.0,0.0,0.0,0.0266026715903151,-0.01,0.4403455703251208,0.5754336484663173,21.96820607090278,-2.5057057477918088,-21.197175837376964,0.0,0.0,0.0,0.0,0.0,0.3795507751042884,0.5912388142928019,21.454989715634227,0.2859299624903691,-21.01307652980229
18.77156045806212,0.0,0.0,0.0,0.023647410265826,-0.01,0.443427283222876,0.5747239314647864,21.84079962563021,-2.503528536850593,-21.210829860567728,0.0,0.0,0.0,0.0,0.0,0.375392459465768,0.5912103230894359,21.4078394841317,0.286526776168357,-21.015791245698217
18.789286199760003,0.0,0.0,0.0,0.0173952152437767,-0.01,0.4462404314566788,0.5742967838994137,21.75873011006142,-2.5039250297684785,-21.20012439780164,0.0,0.0,0.0,0.0,0.0,0.3756746775377796,0.5897363050335802,21.387213315818634,0.2870200761889618,-21.02041705446916
18.80701194145789,0.0,0.0,0.0,0.0225322736007414,-0.01,0.449584897866273,0.5753417517211864,21.73071355061853,-2.509939002094591,-21.22087602186297,0.0,0.0,0.0,0.0,0.0,0.3734610353050644,0.5902747344477781,21.44346956113755,0.286296780608772,-21.02461895061096
18.82473768315577,0.0,0.0,0.0,0.021273559536065,-0.01,0.4597741365057196,0.5745432799937116,21.591249969722824,-2.509135607412033,-21.20628876854316,0.0,0.0,0.0,0.0,0.0,0.3714002782775024,0.5903559312153933,21.45539856252894,0.2851153184291762,-21.024233404210577
18.842463424853666,0.0,0.0,0.0,0.0209096792076157,-0.01,0.4617464911187058,0.57395320089178,21.549037538297345,-2.515645607343178,-21.22264000266741,0.0,0.0,0.0,0.0,0.0,0.3755511966049874,0.5908607741539526,21.43281005380977,0.2855882247413431,-21.022587309691342
18.86018916655156,0.0,0.0,0.0,0.0220776550244839,-0.01,0.467412841337967,0.5748150725539569,21.57103928956898,-2.5067469160043343,-21.21523454103859,0.0,0.0,0.0,0.0,0.0,0.370330502365854,0.5904720087573018,21.45970601162476,0.2850935548342211,-21.022701719104173
18.87791490824944,0.0,0.0,0.0,0.0219469541520107,-0.01,0.461918268637094,0.5743724126875277,21.486251937381624,-2.508254003634219,-21.17201674511797,0.0,0.0,0.0,0.0,0.0,0.369108888710656,0.5894318633503507,21.4574522674752,0.285520728325154,-21.02053330239612
18.895640649947325,0.0,0.0,0.0,0.0210282378153966,-0.01,0.4594741343471386,0.5741325313079063,21.449764923868084,-2.5041373951449795,-21.1676380660462,0.0,0.0,0.0,0.0,0.0,0.370139698142178,0.5894924728865568,21.51887181933654,0.2844850495598851,-21.010915060568497
18.91336639164521,0.0,0.0,0.0,0.0189505142275207,-0.01,0.4534453949931742,0.5749483845981249,21.479096085778654,-2.506667746180012,-21.14952229745805,0.0,0.0,0.0,0.0,0.0,0.3680890329249814,0.5888941676472814,21.56661512489605,0.2842061092734267,-21.015021472934656
18.9310921333431,0.0,0.0,0.0,0.0218145601677301,-0.01,0.4544088208119494,0.5731242458946781,21.56815357905816,-2.511556838867106,-21.15259279268528,0.0,0.0,0.0,0.0,0.0,0.3689668434362104,0.5897214330006215,21.560251236566653,0.2846880052057385,-21.014932061230795
18.948817875040987,0.0,0.0,0.0,0.0258220715637798,-0.01,0.4452754050788454,0.5728438339258037,21.594933615843384,-2.510782627566956,-21.160300570118665,0.0,0.0,0.0,0.0,0.0,0.3748998954158988,0.5923288622953891,21.513360249055854,0.2844495452217184,-21.00247124224922
18.96654361673887,0.0,0.0,0.0,0.0242627417727289,-0.01,0.4407532098716412,0.5708205695437004,21.57432415853653,-2.5050155553318443,-21.15407261946706,0.0,0.0,0.0,0.0,0.0,0.378466008897949,0.5919667113448102,21.471075102517275,0.2848573263479375,-20.999312846220995
18.98426935843676,0.0,0.0,0.0,0.0251854632492358,-0.01,0.4344970073239078,0.5708040625600074,21.67532739516373,-2.5093807075291483,-21.15963582411176,0.0,0.0,0.0,0.0,0.0,0.3850783554814728,0.5913444072866093,21.4384028465664,0.2868129224540767,-20.99980877974002
19.001995100134646,0.0,0.0,0.0,0.0220933592271848,-0.01,0.4306574797938076,0.571349892865947,21.711118375086897,-2.509480140262832,-21.152875169619115,0.0,0.0,0.0,0.0,0.0,0.3783762267593132,0.5908411283036118,21.434217017898973,0.2851668961270301,-20.994366413937364
19.01972084183253,0.0,0.0,0.0,0.0210461521903258,-0.01,0.4262349247222428,0.5701975647274513,21.6890569450967,-2.5129825034159787,-21.14072756559237,0.0,0.0,0.0,0.0,0.0,0.376781740871068,0.5904575207042673,21.42116283030192,0.2842788393295615,-20.98989894230427
19.03744658353042,0.0,0.0,0.0,0.0174990855077218,-0.01,0.4279528407771106,0.5702739288144778,21.72806506245629,-2.5061477345281187,-21.174397400916487,0.0,0.0,0.0,0.0,0.0,0.3750792564796892,0.5901697317171417,21.41515089070329,0.2837536016742133,-20.98833551129969
19.055172325228305,0.0,0.0,0.0,0.0193552464676653,-0.01,0.423328796048738,0.5724636800023878,21.646856098419825,-2.507068725180187,-21.19425047234023,0.0,0.0,0.0,0.0,0.0,0.3682722935752584,0.5914116807795782,21.38426942885298,0.282727494945764,-20.98661278822072
19.0728980669262,0.0,0.0,0.0,0.0197012282479195,-0.01,0.4366457353018188,0.5722926456435993,21.566944358624458,-2.511224899570987,-21.20904873329545,0.0,0.0,0.0,0.0,0.0,0.3649435512654298,0.5884929705739825,21.38040650678582,0.2795190560997741,-20.982846040734444
19.09062380862408,0.0,0.0,0.0,0.0186905754727119,-0.01,0.4430222835580164,0.5733237353659818,21.498479219528896,-2.515605396288928,-21.19723105673731,0.0,0.0,0.0,0.0,0.0,0.3653265414647554,0.5880563297197696,21.40962785137074,0.2786295519280894,-20.97960134713665
19.108349550321968,0.0,0.0,0.0,0.0177978165762088,-0.01,0.4403266770675872,0.5738822723651106,21.49230116795927,-2.5179506861123926,-21.205331895829207,0.0,0.0,0.0,0.0,0.0,0.3629510718961556,0.5846033824554403,21.42042907410764,0.2818536813296835,-20.988684206428097
19.12607529201985,0.0,0.0,0.0,0.0214969381643198,-0.01,0.4467221349563652,0.5756401915377207,21.42545040871404,-2.518722506643507,-21.23203159538608,0.0,0.0,0.0,0.0,0.0,0.3605575544034776,0.5810661935095822,21.42329405031119,0.2806260027478365,-20.98913587518292
19.14380103371774,0.0,0.0,0.0,0.0208331614196379,-0.01,0.4438810610694264,0.5744910406812785,21.39294210288235,-2.514760217079758,-21.23811840216497,0.0,0.0,0.0,0.0,0.0,0.3612225363895452,0.5841111515637737,21.385854185292,0.2764970700329305,-20.992688359826563
19.161526775415627,0.0,0.0,0.0,0.0254243435279602,-0.01,0.4434682430617464,0.5753895574421984,21.39179366160145,-2.5189139406029386,-21.24822095876084,0.0,0.0,0.0,0.0,0.0,0.3629471323490076,0.5843384486763286,21.447098801044906,0.2720725771728485,-20.99896062535318
19.179252517113515,0.0,0.0,0.0,0.0317932074949556,-0.01,0.4536360525971348,0.5754188405883872,21.337345786124164,-2.525400051169365,-21.29065131603764,0.0,0.0,0.0,0.0,0.0,0.3668649241439522,0.5846287184254737,21.479858964450308,0.2667162016665721,-21.00680855318006
19.1969782588114,0.0,0.0,0.0,0.0330301179611216,-0.01,0.457396821017782,0.5736142197537752,21.31276984571264,-2.537923992868901,-21.28400515902399,0.0,0.0,0.0,0.0,0.0,0.3670816060227854,0.5839677103473404,21.505835087253818,0.2663102976785879,-21.00496741587294
19.21470400050929,0.0,0.0,0.0,0.0285422768196005,-0.01,0.4561540764810244,0.5723818458671476,21.3767728820461,-2.5464095057670604,-21.28631150840636,0.0,0.0,0.0,0.0,0.0,0.36266951312704,0.5830403268791552,21.584327580607823,0.2676095750647098,-20.99597721533617
19.232429742207174,0.0,0.0,0.0,0.0282393179756036,-0.01,0.4394856502752032,0.5729261431832691,21.42396492657172,-2.5452324724727826,-21.263106469431712,0.0,0.0,0.0,0.0,0.0,0.3487072375387936,0.5841925714485052,21.527759459609687,0.2680885249847594,-20.999975327415264
19.25015548390506,0.0,0.0,0.0,0.024894193415799,-0.01,0.4199871836793788,0.5719387132586875,21.530929355411363,-2.5539903848568564,-21.267416855880533,0.0,0.0,0.0,0.0,0.0,0.3396309755781114,0.5847682453277767,21.53588685900958,0.2678016264520479,-20.99779365906666
19.26788122560295,0.0,0.0,0.0,0.0207341476944327,-0.01,0.41495662922221,0.5713884420131929,21.55773185476723,-2.5484662422237614,-21.24219747118015,0.0,0.0,0.0,0.0,0.0,0.3271065056379728,0.5879602351484775,21.50791684322581,0.2675148087320951,-20.998345254743693
19.28560696730084,0.0,0.0,0.0,0.0193242985253365,-0.01,0.3964146359271276,0.5706006954363664,21.60008156813281,-2.55521960776271,-21.248420799592253,0.0,0.0,0.0,0.0,0.0,0.3206412240621784,0.5928564221256908,21.557523544731687,0.2669188777409599,-21.0008963823731
19.30333270899872,0.0,0.0,0.0,0.0199013118973268,-0.01,0.3805472568579816,0.5715314591086478,21.621343490563127,-2.556670356224381,-21.2462561665662,0.0,0.0,0.0,0.0,0.0,0.3106778260548426,0.5869821440638998,21.63455396533208,0.2666857604639948,-20.998293143275976
19.321058450696608,0.0,0.0,0.0,0.0174145771809882,-0.01,0.3640778860133098,0.5709018255147903,21.601927595323343,-2.548796468137118,-21.228905263799028,0.0,0.0,0.0,0.0,0.0,0.3024788713736508,0.5850118097174677,21.602076683333465,0.2675873118150652,-20.99288631729319
19.33878419239449,0.0,0.0,0.0,0.0169428996004097,-0.01,0.338177200132601,0.5704743605606047,21.66939832453164,-2.547910840243092,-21.21258432948985,0.0,0.0,0.0,0.0,0.0,0.2863497426267,0.5849117267178204,21.554211452405763,0.26727674460827,-20.983133743798803
19.356509934092383,0.0,0.0,0.0,0.0178845526718236,-0.01,0.3139036601039412,0.5716549892243041,21.72596540287565,-2.534498040222447,-21.214268609300994,0.0,0.0,0.0,0.0,0.0,0.2743588988138448,0.5849162349157256,21.602803585308266,0.2659876016643031,-20.982246215013948
19.37423567579027,0.0,0.0,0.0,0.017001817565741,-0.01,0.2966927353884372,0.5710654104525703,21.79654471540109,-2.5311338119803906,-21.23719974620946,0.0,0.0,0.0,0.0,0.0,0.2633024381072504,0.585551144928483,21.49187279889624,0.2681439366852077,-20.98997686665276
19.391961417488154,0.0,0.0,0.0,0.016592033826263,-0.01,0.277894105981824,0.5706513562468826,21.77802104526619,-2.518519812842184,-21.238969707071465,0.0,0.0,0.0,0.0,0.0,0.2530724484421896,0.5869820870310021,21.531231564529776,0.2644464556107296,-20.99291465994208
19.40968715918604,0.0,0.0,0.0,0.0174664227876598,-0.01,0.2613206030191764,0.5717473411052757,21.74948515710877,-2.508338165216367,-21.23095144430637,0.0,0.0,0.0,0.0,0.0,0.238590767420264,0.5850521096223736,21.495972870563627,0.2636071086602718,-20.997008636069456
19.42741290088393,0.0,0.0,0.0,0.0190601382053388,-0.01,0.2449896840582236,0.572046065786157,21.70678487282964,-2.5062615495405085,-21.251038496988176,0.0,0.0,0.0,0.0,0.0,0.2248782040292444,0.5824953669315325,21.527612341792963,0.2598697915697753,-20.9942143944742
19.445138642581817,0.0,0.0,0.0,0.0170333565006021,-0.01,0.2318457500622468,0.5726608388657111,21.70348211093869,-2.506902643372692,-21.25141146337021,0.0,0.0,0.0,0.0,0.0,0.2118144666066728,0.5802530747204601,21.47896357656741,0.262935575062239,-20.991763823044657
19.4628643842797,0.0,0.0,0.0,0.015786572847757,-0.01,0.2215479020541272,0.5738738697542181,21.64183383629253,-2.5091984021223834,-21.23381817457124,0.0,0.0,0.0,0.0,0.0,0.1992470883575596,0.5828869719393329,21.39202725537309,0.2654991603717204,-20.9969118830408
19.48059012597759,0.0,0.0,0.0,0.0157084911165147,-0.01,0.207058648215108,0.5741737183600482,21.576398221044816,-2.509045080341623,-21.25488888101129,0.0,0.0,0.0,0.0,0.0,0.184571485802802,0.5833548442477114,21.388617380987213,0.2671344347451873,-20.9988599665964
19.49831586767548,0.0,0.0,0.0,0.0118093492438238,-0.01,0.1933693949364776,0.5751526186950608,21.56442040588675,-2.5115107913781545,-21.25200792331733,0.0,0.0,0.0,0.0,0.0,0.1719394546886048,0.5841632376473052,21.45167848985062,0.2689987954541888,-21.006734163105246
19.516041609373364,0.0,0.0,0.0,0.0108689746211181,-0.01,0.1788646436264236,0.5762051271137124,21.53750293965274,-2.510623794119162,-21.263567929554704,0.0,0.0,0.0,0.0,0.0,0.1595838957759908,0.5857017998874484,21.345777536462816,0.2707899978406196,-21.0007758033002
19.53376735107125,0.0,0.0,0.0,0.0095533705082334,-0.01,0.161811905665278,0.5764388316851784,21.45482616371844,-2.5041624802731235,-21.23937940934472,0.0,0.0,0.0,0.0,0.0,0.1479317609923876,0.5878165786682541,21.311048785196903,0.2693927701360424,-21.00167400836345
19.55149309276913,0.0,0.0,0.0,0.0090678019001667,-0.01,0.1552828858345612,0.5768218818047419,21.42222192556475,-2.515437197876784,-21.23765177803641,0.0,0.0,0.0,0.0,0.0,0.1380714916260224,0.5850074489262534,21.242086293496108,0.2686607968361252,-20.99403675200992
19.569218834467023,0.0,0.0,0.0,0.008272560621194,-0.01,0.1395745002488808,0.5769671756190365,21.347089385762395,-2.512700031640189,-21.24116305548612,0.0,0.0,0.0,0.0,0.0,0.1235198499100382,0.5852571471776834,21.2341202560982,0.2692269770162655,-20.98938748600242
19.58694457616491,0.0,0.0,0.0,0.0069766015808525,-0.01,0.1214094873940104,0.576773311789575,21.39988149581696,-2.521774079620491,-21.262437693205424,0.0,0.0,0.0,0.0,0.0,0.1103371095089692,0.5855520846557518,21.165422212967336,0.2755843376271192,-20.98759202338439
19.6046703178628,0.0,0.0,0.0,0.0057565632137845,-0.01,0.1068449616275956,0.5754396163667903,21.340927430281926,-2.5040266257162536,-21.251281952359736,0.0,0.0,0.0,0.0,0.0,0.0950068310394128,0.5856248076965231,21.154158002630705,0.2754392317104707,-20.99280718625144
19.622396059560685,0.0,0.0,0.0,0.0050451854595534,-0.01,0.0923178822308792,0.5733310765611356,21.283937216878662,-2.496249331162608,-21.26791016256032,0.0,0.0,0.0,0.0,0.0,0.0812169864699228,0.5863955423856637,21.09330691002719,0.2734971960774206,-20.98022989831509
19.64012180125857,0.0,0.0,0.0,0.0038451118801738,-0.01,0.0769367328986132,0.5728563151828069,21.206407183917324,-2.482196053577173,-21.27224463634376,0.0,0.0,0.0,0.0,0.0,0.0652401209627932,0.5864057769936708,20.93466935909517,0.2697616816532569,-20.980510151482274
19.657847542956457,0.0,0.0,0.0,0.0034495275830555,-0.01,0.0644250569698252,0.5737930561518445,21.00638542130468,-2.4553998136445183,-21.27597578870456,0.0,0.0,0.0,0.0,0.0,0.057220461455148,0.5844834647397068,20.73158736394513,0.2672066924282191,-20.97648482049236
19.675573284654345,0.0,0.0,0.0,0.0022876829503821,-0.01,0.0500768294093858,0.5728012296575219,20.773282930283635,-2.4251061403421894,-21.25276244349553,0.0,0.0,0.0,0.0,0.0,0.0455681652368652,0.5811569836243873,20.70381587269306,0.2623955096723945,-20.97777218600421
19.693299026352232,0.0,0.0,0.0,0.0014396871028982,-0.01,0.0397819607866316,0.5728179409247117,20.63141992906512,-2.409107425521618,-21.25272989285271,0.0,0.0,0.0,0.0,0.0,0.035884264417822,0.5767595009942126,20.64423065981372,0.2581846218190086,-20.980766255669685
19.71102476805012,0.0,0.0,0.0,0.0007959427458258,-0.01,0.026351744551384,0.5704088342380103,20.307585984311856,-2.36497589600766,-21.272824239786647,0.0,0.0,0.0,0.0,0.0,0.027183206738137,0.5797084789237608,20.467413235686216,0.2551303530571808,-20.98200803386675
19.728750509748004,0.0,0.0,0.0,0.0005670248663132,-0.008387458750521,0.015260128714818,0.5693614705516812,19.921270307103708,-2.320931971027288,-21.26498282660665,0.0,0.0,0.0,0.0,0.0,0.01605258393895,0.5804691487248087,20.170579422885567,0.2522196922281657,-20.986017796493847
19.74647625144589,0.0,0.0,0.0,0.0001991155311955,-0.0035298723460067,0.0059308674942588,0.5662399613579493,19.38920489525814,-2.2593171655807227,-21.223459546560186,0.0,0.0,0.0,0.0,0.0,0.0063281053335888,0.5780582746934941,19.74829022301948,0.2509916099372455,-20.980524189397656
19.76420199314378,0.0,0.0,0.0,0.0,-0.0,0.0,0.564746458974204,18.93328564141378,-2.2195034390866653,-21.212510061487578,0.0,0.0,0.0,0.0,-0.0,0.0,0.5769188069812748,19.38578154481516,0.2484740600360654,-20.980575104155204
19.781927734841663,0.0,0.0,0.0,0.0,-0.0,0.0,0.5630423605395642,18.44120656595458,-2.1609140339079764,-21.229510720833805,0.0,0.0,0.0,0.0,-0.0,0.0,0.5744884618762665,19.01945486274099,0.2431721987708814,-20.99026475677932
19.79965347653955,0.0,0.0,0.0,0.0,-0.0,0.0,0.5589402745510297,17.8516228218853,-2.1022926846152967,-21.23768371609632,0.0,0.0,0.0,0.0,-0.0,0.0,0.5736271954592492,18.7200211843052,0.2410446640996744,-20.99765313533036
19.81737921823744,0.0,0.0,0.0,0.0,-0.0,0.0,0.5555394332073751,17.48308050299507,-2.0428041386918125,-21.21854075124608,0.0,0.0,0.0,0.0,-0.0,0.0,0.5733265355579971,18.322204485939125,0.2339460629110227,-20.992533910518294
19.835104959935325,0.0,0.0,0.0,0.0,-0.0,0.0,0.5536456494693589,16.91066340364319,-1.9950109148139064,-21.220854136685908,0.0,0.0,0.0,0.0,-0.0,0.0,0.5727338959853058,17.68037703920037,0.2364668266617306,-20.99748224817661
19.852830701633213,0.0,0.0,0.0,0.0,-0.0,0.0,0.5495521698176896,16.07133129621669,-1.915903777653284,-21.210930696057385,0.0,0.0,0.0,0.0,-0.0,0.0,0.5704179388993051,17.218066947191666,0.2339709251788032,-20.99372091578455
19.8705564433311,0.0,0.0,0.0,0.0,-0.0,0.0,0.5445345342831411,15.416461202347714,-1.8516725107665843,-21.20408931616237,0.0,0.0,0.0,0.0,-0.0,0.0,0.5685069932638683,16.57109810934123,0.2354896998807663,-21.00642792587302
19.888282185028984,0.0,0.0,0.0,0.0,-0.0,0.0,0.5403291619281322,14.670929732487334,-1.762996727453713,-21.21617134311969,0.0,0.0,0.0,0.0,-0.0,0.0,0.5641112834700649,15.949837282241583,0.2261042094175831,-21.006326173854102
19.906007926726872,0.0,0.0,0.0,0.0,-0.0,0.0,0.5359320546376195,13.88728054059364,-1.6395114727347355,-21.209750823952103,0.0,0.0,0.0,0.0,-0.0,0.0,0.5634167457095652,15.637604043527825,0.1995194257861045,-21.01061091960785
19.92373366842476,0.0,0.0,0.0,0.0,-0.0,0.0,0.5267115686944442,12.922537387376604,-1.5596483954468077,-21.188133046774468,0.0,0.0,0.0,0.0,-0.0,0.0,0.5595153516679382,14.890251287364617,0.1789960529090543,-21.00880745268464
19.941459410122647,0.0,0.0,0.0,0.0,-0.0,0.0,0.517580742133508,11.883224855773614,-1.454584337769499,-21.160833432795368,0.0,0.0,0.0,0.0,-0.0,0.0,0.5585884942830259,14.189523853994167,0.1678220998375837,-21.00995707782993
19.95918515182053,0.0,0.0,0.0,0.0,-0.0,0.0,0.5083317938143294,10.852053441499342,-1.3470515646565744,-21.119153543020328,0.0,0.0,0.0,0.0,-0.0,0.0,0.5556499227058878,13.280791532096671,0.159232342576765,-21.006694480428603
19.97691089351842,0.0,0.0,0.0,0.0,-0.0,0.0,0.5017948698407412,9.80439955704174,-1.2105832304010469,-21.101357423811177,0.0,0.0,0.0,0.0,-0.0,0.0,0.5468656214792676,12.672813207192966,0.1603737665686022,-21.015699783160503
19.994636635216303,0.0,0.0,0.0,0.0,-0.0,0.0,0.49436934658481,9.022845232686128,-1.0930644979019322,-21.102809189254376,0.0,0.0,0.0,0.0,-0.0,0.0,0.5428652632865613,11.932975547561234,0.1560416638540647,-21.01528265448823
20.0123623769142,0.0,0.0,0.0,0.0,-0.0,0.0,0.4856058181815295,8.316142370020572,-1.0045986307831412,-21.07776480430521,0.0,0.0,0.0,0.0,-0.0,0.0,0.5403085706664942,10.811862801394495,0.150360765617052,-21.016279021503863
20.03008811861208,0.0,0.0,0.0,0.0,-0.0,0.0,0.4735618696063533,7.447332253344915,-0.8996891970070832,-21.058440460281847,0.0,0.0,0.0,0.0,-0.0,0.0,0.5267909807015634,10.184847484630772,0.1375837926055095,-21.01180263148923
20.04781386030997,0.0,0.0,0.0,0.0,-0.0,0.0,0.455720773693007,6.609029367365271,-0.81069505895865,-21.04872716870191,0.0,0.0,0.0,0.0,-0.0,0.0,0.516058794736665,9.37987647703486,0.1215162588891388,-21.017725243595805
20.065539602007853,0.0,0.0,0.0,0.0,-0.0,0.0,0.4336286814170237,5.611362206088498,-0.6999529667973512,-21.03561491761829,0.0,0.0,0.0,0.0,-0.0,0.0,0.4951995987352166,8.245652202320212,0.0991817278309084,-21.018844766858088
20.08326534370574,0.0,0.0,0.0,0.0,-0.0,0.0,0.4169779227147375,4.651455796976612,-0.5756007471123863,-21.0328924091046,0.0,0.0,0.0,0.0,-0.0,0.0,0.4816528862978324,7.270225612210452,0.0848975801984576,-21.026415220062344
20.100991085403628,0.0,0.0,0.0,0.0,-0.0,0.0,0.4022750209345623,3.771649379803774,-0.4969515296592242,-21.015290897227807,0.0,0.0,0.0,0.0,-0.0,0.0,0.4660377845677164,6.392617735860495,0.0778907298350975,-21.021888432655693
20.118716827101515,0.0,0.0,0.0,0.0,-0.0,-0.0,0.3903528503767936,3.1034002902235964,-0.4166434446607987,-21.022054537149977,0.0,0.0,0.0,0.0,0.0,0.0,0.4557342393384679,5.471819293469162,0.0748161709573838,-21.023440067162365
20.1364425687994,0.0,0.0,0.0,0.0,-0.0,-0.0,0.3704323131277027,2.441226801326566,-0.3587716537464532,-21.03012973580695,0.0,0.0,0.0,0.0,0.0,0.0,0.4488923597971315,4.38606207409304,0.0708830781647298,-21.02653592614728
20.154168310497287,0.0,0.0,0.0,0.0,-0.0,0.0,0.3536978487872476,1.949511861485731,-0.3067400929407299,-21.001067359100563,0.0,0.0,0.0,0.0,0.0,0.0,0.4294932966809415,3.611619582129182,0.0618849939771046,-21.03588505346649
20.17189405219517,0.0,0.0,0.0,0.0,-0.0,0.0,0.3375106499369211,1.4428089809979867,-0.2360979722113496,-21.02085354668045,0.0,0.0,0.0,0.0,0.0,0.0,0.415735014167461,3.249169782164562,0.0547065540787165,-21.042942941811337
20.189619793893065,0.0,0.0,0.0,0.0,-0.0,0.0,0.3208695461486029,1.1034056128958136,-0.2019470499483436,-21.023234564180203,0.0,0.0,0.0,0.0,0.0,-0.0,0.3970883265034756,2.6743839956004267,0.0394323873405294,-21.04782870085966
20.20734553559095,0.0,0.0,0.0,0.0,-0.0,0.0,0.3007236262807459,0.7762239267225162,-0.1635714999845272,-21.00513805343195,0.0,0.0,0.0,0.0,0.0,-0.0,0.3724656147534088,2.0277337669698032,0.0285178275004699,-21.04627603117397
20.22507127728884,0.0,0.0,0.0,0.0,-0.0,0.0,0.2854892866777825,0.4296307038619879,-0.115730639954946,-21.01556191247861,0.0,0.0,0.0,0.0,0.0,-0.0,0.3381493817291136,1.5152867272698214,0.0212071652560726,-21.049957173099795
20.24279701898672,0.0,0.0,0.0,0.0,-0.0,0.0,0.2710319565519973,0.15400039645149,-0.0805727459155449,-21.017409267003178,0.0,0.0,0.0,0.0,0.0,-0.0,0.3014942297908568,1.0654104998246812,0.0169728116030897,-21.050702986646986
20.26052276068461,0.0,0.0,0.0,0.0,-0.0,0.0,0.2507952165196095,-0.080852508087254,-0.0549968535269683,-21.01555784586389,0.0,0.0,0.0,0.0,0.0,-0.0,0.2721725224282084,0.5714871161828321,0.0161700330627372,-21.057025967819623
20.278248502382496,0.0,0.0,0.0,0.0,-0.0,0.0,0.23501292302817,-0.298106808839761,-0.0331040139642002,-21.00136252204014,0.0,0.0,0.0,0.0,0.0,-0.0,0.249697662028504,0.237428763828532,0.0073760529657302,-21.051703249303745
20.295974244080384,0.0,0.0,0.0,0.0,-0.0,0.0,0.2251167294317063,-0.5068646993356876,-0.0109706025982268,-20.991558245588543,0.0,0.0,0.0,0.0,0.0,0.0,0.2301365033114187,-0.1021818112665143,-0.0037818203401709,-21.05004964477289
20.313699985778268,0.0,0.0,0.0,0.0,-0.0,0.0,0.2109742130632688,-0.6215250679650471,0.0108900619046127,-21.012915137162324,0.0,0.0,0.0,0.0,0.0,0.0,0.2173939392568721,-0.3372355196446099,-0.0051522916049863,-21.047157499064685
20.331425727476155,0.0,0.0,0.0,0.0,-0.0,0.0,0.196852678998511,-0.7267744187592243,0.0274998839039608,-20.988330172872807,0.0,0.0,0.0,0.0,0.0,-0.0,0.1973999314163068,-0.5930587616135313,-0.0051516951976243,-21.03632521975174
20.349151469174043,0.0,0.0,0.0,0.0,-0.0,0.0,0.1902481981993057,-0.7912182275477876,0.0327206832151613,-21.00877456749621,0.0,0.0,0.0,0.0,0.0,-0.0,0.1847541574576415,-0.7253478285491607,-0.0051516907044684,-21.030439928605844
20.36687721087193,0.0,0.0,0.0,0.0,-0.0,0.0,0.1840250866025256,-0.8489442665591511,0.0372794592240679,-21.01726665706996,0.0,0.0,0.0,0.0,0.0,0.0,0.1755806825593007,-0.8225089869822346,-0.0051535315602339,-21.02522648862021
20.38460295256981,0.0,0.0,0.0,0.0,-0.0,0.0,0.1665442902760985,-0.8966019158746817,0.039928098728493,-21.02271313579617,0.0,0.0,0.0,0.0,0.0,0.0,0.1583292914030791,-0.9408974229127672,-0.0051513001044437,-21.02693152638942
20.402328694267705,0.0,0.0,0.0,0.0,0.0,0.0,0.1529632484393042,-0.9458516206821646,0.0426377771146405,-21.026527405914013,0.0,0.0,0.0,0.0,-0.0,0.0,0.1421025753251254,-1.0341176105974528,-0.0051536776591203,-21.02556167720616
20.42005443596559,0.0,0.0,0.0,0.0,-0.0,0.0,0.1465418988171892,-0.9717940908530946,0.0420061332567654,-21.04561613225689,0.0,0.0,0.0,0.0,-0.0,0.0,0.1313853366076844,-1.103212958501292,-0.005151778588848,-21.02321732766288
20.43778017766348,0.0,0.0,0.0,0.0,-0.0,0.0,0.1404734207421848,-0.9730237892685364,0.0424620703352104,-21.06976563855456,0.0,0.0,0.0,0.0,0.0,0.0,0.1191438559531473,-1.147747794040357,-0.0051428749472399,-21.031228036426874
20.455505919361364,0.0,0.0,0.0,0.0,-0.0,0.0,0.1322012897504648,-0.9588756463380173,0.0430599896459244,-21.08170020656897,0.0,0.0,0.0,0.0,0.0,0.0,0.1055312290760034,-1.1888987295027102,-0.0051418435000461,-21.035677120353004
20.47323166105925,0.0,0.0,0.0,0.0,0.0,0.0,0.1288254453795064,-0.9728507100574134,0.0428834635474914,-21.08983846771872,0.0,0.0,0.0,0.0,-0.0,0.0,0.0941234881306641,-1.2048922757699982,-0.0051409725897997,-21.023355826619223
20.490957402757136,0.0,0.0,0.0,0.0,0.0,0.0,0.12652717831999,-0.9792223573924728,0.0426534361132068,-21.11846353340271,0.0,0.0,0.0,0.0,-0.0,0.0,0.0833829991270905,-1.2284048372629823,-0.0051433451578986,-21.02506925742405
20.508683144455023,0.0,0.0,0.0,0.0,0.0,0.0,0.1250005410216287,-0.953789581242248,0.0413502771784257,-21.10145014006148,0.0,0.0,0.0,0.0,-0.0,0.0,0.0808269929674191,-1.2285465089513596,-0.0051431684990234,-21.01291647397071
20.52640888615291,0.0,0.0,0.0,-0.0,0.0,-0.0,0.1235452563156732,-0.9386430000894586,0.0416300254440758,-21.115934856095823,0.0,0.0,0.0,0.0,-0.0,-0.0,0.0783366665112558,-1.2316592295294395,-0.0051451622301853,-21.011743715627635
20.5441346278508,0.0,0.0,0.0,-0.0,0.0,-0.0,0.1228621324136103,-0.9350208676627088,0.0371664959686457,-21.101353573835706,0.0,0.0,0.0,0.0,-0.0,-0.0,0.0766918914498757,-1.2239668983967749,-0.0051482923998925,-21.00691851355402
20.561860369548683,0.0,0.0,0.0,-0.0,0.0,0.0,0.1223961567076469,-0.9129404789582256,0.0332301917554365,-21.099915520360312,0.0,0.0,0.0,0.0,-0.0,-0.0,0.0755019882246676,-1.2221944683670902,-0.0051461035190216,-21.001148427273176
20.57958611124657,0.0,0.0,0.0,-0.0,0.0,0.0,0.1216800169011643,-0.8975486499268759,0.0317837263858373,-21.07979885641566,0.0,0.0,0.0,0.0,0.0,-0.0,0.0743822613165218,-1.223924363537194,-0.0051478346150564,-20.99822610232452
20.597311852944458,0.0,0.0,0.0,0.0,0.0,0.0,0.1209227276722914,-0.8912734837161489,0.031104505185809,-21.084698485430803,0.0,0.0,0.0,0.0,0.0,-0.0,0.0731129044324593,-1.2222340908900262,-0.0051507623532137,-20.99943875142076
20.615037594642345,0.0,0.0,0.0,0.0,0.0,0.0,0.1201856425781982,-0.879496492239114,0.0310709128645079,-21.1078947570631,0.0,0.0,0.0,0.0,-0.0,0.0,0.0721276897964759,-1.192706697527632,-0.005151060366319,-20.997384464993708
20.63276333634024,0.0,0.0,0.0,0.0,0.0,-0.0,0.1194968666073157,-0.8529061441360879,0.0311220101307913,-21.10517042825684,0.0,0.0,0.0,0.0,-0.0,-0.0,0.0712673148126474,-1.1776156737986452,-0.0051500578710093,-20.99274790932625
20.65048907803812,0.0,0.0,0.0,0.0,0.0,0.0,0.1188813231625885,-0.8211855334884349,0.0313412969676047,-21.118172256811807,0.0,0.0,0.0,0.0,-0.0,0.0,0.0707173534441816,-1.1512213544759329,-0.0051520560046576,-20.9931567735106
20.668214819736004,0.0,0.0,0.0,0.0,0.0,-0.0,0.1188141543281387,-0.7954152312370039,0.03265465997051,-21.15521772642589,0.0,0.0,0.0,0.0,-0.0,0.0,0.0705518101444269,-1.1332181703892144,-0.0051548998660872,-20.998808509570075
20.68594056143389,0.0,0.0,0.0,0.0,0.0,0.0,0.1187426883810441,-0.7734332947464286,0.031958128139823,-21.11709014989363,0.0,0.0,0.0,0.0,-0.0,0.0,0.0704359965037233,-1.123911468888006,-0.0051546041937604,-21.001716124099627
20.70366630313178,0.0,0.0,0.0,0.0,0.0,0.0,0.1185365966146453,-0.7524934752857394,0.0315135817406167,-21.11915959328576,0.0,0.0,0.0,0.0,-0.0,0.0,0.0703079300816272,-1.1027079366487595,-0.0051531249601917,-20.999236652670685
20.721392044829667,0.0,0.0,0.0,0.0,0.0,0.0,0.118262566091005,-0.7379449025853122,0.0312403841162401,-21.11844617786605,0.0,0.0,0.0,0.0,-0.0,0.0,0.0700637624800369,-1.0856753884575694,-0.0051557013673291,-20.99728536768044
20.73911778652755,0.0,0.0,0.0,0.0,0.0,0.0,0.1180932280277464,-0.7116059534214426,0.0312306841916515,-21.144501472503748,0.0,0.0,0.0,0.0,-0.0,-0.0,0.0701518854574362,-1.0561002770292751,-0.0051573502233817,-20.99966026141632
20.75684352822544,0.0,0.0,0.0,-0.0,0.0,0.0,0.1180299368129412,-0.687692796796757,0.0309737225578127,-21.125881921417143,0.0,0.0,0.0,0.0,-0.0,-0.0,0.0700896192826838,-1.0194230186629714,-0.005163343916441,-20.993182033525787
20.77456926992333,0.0,0.0,0.0,-0.0,0.0,-0.0,0.1180610661421606,-0.6742134222771468,0.0303809474896504,-21.086353812931325,0.0,0.0,0.0,0.0,-0.0,-0.0,0.0700577988424658,-0.9977559046046156,-0.0051636520724434,-20.98950312171195
20.792295011621214,0.0,0.0,0.0,-0.0,0.0,0.0,0.1181012880105957,-0.6492250212856464,0.0299894681155895,-21.05928291695316,0.0,0.0,0.0,0.0,-0.0,0.0,0.0700949733215411,-0.9903305410670692,-0.0051652436295582,-20.99766934834921
20.8100207533191,0.0,0.0,0.0,0.0,0.0,0.0,0.1180820230017612,-0.6291209257473651,0.0294495758709914,-21.01141613811025,0.0,0.0,0.0,0.0,-0.0,0.0,0.0703444272245995,-0.9819422183077704,-0.0051598262008464,-20.992460168971693
20.827746495016985,0.0,0.0,0.0,0.0,0.0,0.0,0.1179724287585915,-0.6121228833989022,0.0266682158588214,-20.97807520104705,0.0,0.0,0.0,0.0,-0.0,0.0,0.0699409511605112,-0.9644423647567096,-0.0051585121185415,-20.98092202551272
20.84547223671488,0.0,0.0,0.0,0.0,0.0,0.0,0.1178562522185487,-0.5919183112867757,0.0242142618195425,-21.01011325306993,0.0,0.0,0.0,0.0,-0.0,0.0,0.069653366375451,-0.93315210459528,-0.0051558311605316,-20.9697556555428
20.86319797841276,0.0,0.0,0.0,0.0,0.0,0.0,0.1177660910421263,-0.580002652435591,0.0215922180974086,-21.037821945718164,0.0,0.0,0.0,0.0,-0.0,0.0,0.0698223473974743,-0.924753393819975,-0.0051571633761482,-20.969053797530343
20.880923720110648,0.0,0.0,0.0,0.0,0.0,0.0,0.1177682932084255,-0.5650070950098186,0.0200881485538529,-21.05495627867605,0.0,0.0,0.0,0.0,-0.0,0.0,0.0697823549118125,-0.9142309040984092,-0.0051576151364807,-20.971252516602085
20.89864946180853,0.0,0.0,0.0,0.0,0.0,0.0,0.1177771209558806,-0.558643186558044,0.0206910941590669,-21.047195304593306,0.0,0.0,0.0,0.0,-0.0,0.0,0.0694833645563132,-0.8954378898424231,-0.0051574698565104,-20.97478638055038
20.91637520350642,0.0,0.0,0.0,0.0,0.0,0.0,0.1178091846506244,-0.5498261472016704,0.020531655304238,-21.040512193036623,0.0,0.0,0.0,0.0,-0.0,0.0,0.0695831470105968,-0.881099097813102,-0.0051554303315523,-20.97686982410388
20.934100945204307,0.0,0.0,0.0,0.0,0.0,0.0,0.1180496463493002,-0.5436871647105158,0.0195434726018831,-21.04689353716505,0.0,0.0,0.0,0.0,-0.0,0.0,0.0693447617330496,-0.8666116783372304,-0.0051561981934824,-20.967650015051408
20.951826686902194,0.0,0.0,0.0,0.0,0.0,0.0,0.1180013732488797,-0.5270594598729,0.0198868528990219,-21.07305079181791,0.0,0.0,0.0,0.0,-0.0,-0.0,0.0692255287928793,-0.8427947241121353,-0.0051576536634038,-20.968153265728787
20.96955242860008,0.0,0.0,0.0,0.0,0.0,0.0,0.1180010962411136,-0.5053034867171156,0.0209269029826213,-21.0975379180051,0.0,0.0,0.0,0.0,-0.0,0.0,0.0688893666114017,-0.8314460403927602,-0.00515648850718,-20.963917489679645
20.98727817029797,0.0,0.0,0.0,0.0,0.0,0.0,0.1181044999708804,-0.4903567025089289,0.0211000631787519,-21.09093008408872,0.0,0.0,0.0,0.0,-0.0,0.0,0.0690503548307093,-0.8169938494401952,-0.0051547721563904,-20.97192068232581
21.005003911995853,0.0,0.0,0.0,0.0,0.0,0.0,0.1180918440660776,-0.4790272385469958,0.0220249410196587,-21.08240390186232,0.0,0.0,0.0,0.0,-0.0,-0.0,0.0688980032504288,-0.8074425321599061,-0.0051563469745691,-20.979174717412985
21.02272965369374,0.0,0.0,0.0,0.0,-0.0,0.0,0.1181383548722295,-0.4636460833301617,0.0216708133527026,-21.05300236081676,0.0,0.0,0.0,0.0,-0.0,0.0,0.0683716295773445,-0.7985061954979177,-0.0051561548895746,-20.988626237104736
21.04045539539163,0.0,0.0,0.0,0.0,-0.0,0.0,0.1180444463102306,-0.4565886359968632,0.0216482816727766,-21.05658922833737,0.0,0.0,0.0,0.0,-0.0,0.0,0.0682683933658778,-0.7844197583324082,-0.0051545371991273,-20.98663973145264
21.05818113708952,0.0,0.0,0.0,0.0,-0.0,0.0,0.1181752577678422,-0.4527655695619955,0.0213945807984573,-21.0395043648604,0.0,0.0,0.0,0.0,0.0,0.0,0.0680594452317443,-0.7694777430801583,-0.0051523532205567,-20.990024205744536
21.0759068787874,0.0,0.0,0.0,0.0,-0.0,0.0,0.1183398791251182,-0.443039667098112,0.0220944075179604,-21.04839453794831,0.0,0.0,0.0,0.0,0.0,0.0,0.0679988210726796,-0.7670426889947234,-0.0051527879200091,-20.991494997136133
21.093632620485288,0.0,0.0,0.0,-0.0,-0.0,0.0,0.1183091357316,-0.4298788001480236,0.0233470107537321,-21.066076625213515,0.0,0.0,0.0,0.0,0.0,0.0,0.0681855365989654,-0.7550666090561198,-0.0051534009583059,-20.998582769524976
21.11135836218317,0.0,0.0,0.0,-0.0,-0.0,0.0,0.1183444129335596,-0.4234562771262164,0.0221761174200642,-21.0510861122968,0.0,0.0,0.0,0.0,0.0,0.0,0.0681354618891433,-0.74422708132069,-0.0051526668421573,-20.991093160337936
21.129084103881063,0.0,0.0,0.0,0.0,0.0,0.0,0.1181576572712725,-0.4172304053009688,0.0214776214309568,-21.05057717235868,0.0,0.0,0.0,0.0,0.0,-0.0,0.0684092007526317,-0.7254734412458477,-0.0051524850759335,-20.997842001062647
21.14680984557895,0.0,0.0,0.0,0.0,-0.0,0.0,0.1179738761897871,-0.4050450440727961,0.022167293578424,-21.061550881102555,0.0,0.0,0.0,0.0,0.0,0.0,0.0684270110132344,-0.7224379135799733,-0.0051552245494052,-20.995121901731206
21.16453558727684,0.0,0.0,0.0,0.0,-0.0,0.0,0.1178393406691513,-0.3884619878572752,0.0214307865091787,-21.0634316263504,0.0,0.0,0.0,0.0,0.0,-0.0,0.0684751586858863,-0.7200359401354466,-0.005152987156981,-20.99753854748181
21.18226132897472,0.0,0.0,0.0,0.0,-0.0,-0.0,0.1179011649539857,-0.3686087358939598,0.0208830211702455,-21.06494820238657,0.0,0.0,0.0,0.0,-0.0,-0.0,0.0686101844880077,-0.7041083905687411,-0.0051505141313567,-20.996182199406856
21.19998707067261,0.0,0.0,0.0,0.0,-0.0,0.0,0.1179068011934244,-0.3568239573878695,0.0206285907601451,-21.056369102169988,0.0,0.0,0.0,0.0,0.0,0.0,0.0684562101476991,-0.6903479527445304,-0.0051532192943808,-20.996559758438472
21.217712812370497,0.0,0.0,0.0,0.0,-0.0,0.0,0.1178324405339713,-0.354126977745839,0.0212468940246064,-21.07360420339948,0.0,0.0,0.0,0.0,0.0,-0.0,0.0685367697977656,-0.6866449726982444,-0.0051561353882881,-20.99017661129943
21.23543855406838,0.0,0.0,0.0,0.0,-0.0,0.0,0.1176559194835306,-0.3519347206206791,0.0201909672633233,-21.08165166595945,0.0,0.0,0.0,0.0,0.0,-0.0,0.0684000553020166,-0.6732591200106129,-0.0051553607948516,-20.97669341857372
21.25316429576627,0.0,0.0,0.0,0.0,-0.0,0.0,0.1175398136204633,-0.3473606178512323,0.0200095687478948,-21.084504152681973,0.0,0.0,0.0,0.0,0.0,-0.0,0.0684166817865888,-0.6641448139187803,-0.0051512091945685,-20.9719439164064
21.27089003746416,0.0,0.0,0.0,0.0,-0.0,0.0,0.1175104340664333,-0.3468353857084482,0.0205644633609209,-21.08719219127489,0.0,0.0,0.0,0.0,0.0,0.0,0.0685148911605438,-0.660456193118971,-0.0051493062955628,-20.97252749441669
21.288615779162043,0.0,0.0,0.0,0.0,-0.0,0.0,0.1176027883758788,-0.3484112296477082,0.0204984558352595,-21.060845409291733,0.0,0.0,0.0,0.0,0.0,0.0,0.0687141192980377,-0.6514907524164905,-0.0051532853108328,-20.96773942074624
21.30634152085993,0.0,0.0,0.0,0.0,-0.0,0.0,0.1178003198154138,-0.3404670694110312,0.0192396354917784,-21.0712281287768,0.0,0.0,0.0,0.0,0.0,-0.0,0.0686724930550874,-0.6425375088074424,-0.0051528435986189,-20.97625961383568
21.32406726255781,0.0,0.0,0.0,0.0,-0.0,0.0,0.1180084077525978,-0.3289802351870489,0.0203545518011867,-21.04756396755189,0.0,0.0,0.0,0.0,0.0,0.0,0.0688055204227103,-0.6305463149038408,-0.0051554802873554,-20.968605399181307
21.341793004255702,0.0,0.0,0.0,0.0,-0.0,0.0,0.1179940361459416,-0.3103059562041257,0.020711934475155,-21.068617240339496,0.0,0.0,0.0,0.0,0.0,0.0,0.0690292685977088,-0.6132826130611375,-0.0051586924716179,-20.96698715092504
21.35951874595359,0.0,0.0,0.0,-0.0,0.0,0.0,0.1179348380761085,-0.2942165022825557,0.021187938825384,-21.07401434053332,0.0,0.0,0.0,0.0,0.0,0.0,0.0691647384582583,-0.6000752456540448,-0.0051540121482627,-20.965736703106195
21.37724448765148,0.0,0.0,0.0,0.0,0.0,-0.0,0.1180482361813237,-0.2863388656087696,0.0211722619784378,-21.098042005876177,0.0,0.0,0.0,0.0,0.0,0.0,0.0693227594597697,-0.5920094784525424,-0.0051529238431231,-20.97295512639454
21.394970229349365,0.0,0.0,0.0,0.0,-0.0,-0.0,0.1181562565176437,-0.2767351889286697,0.0226065957255215,-21.11383467653438,0.0,0.0,0.0,0.0,0.0,0.0,0.0694291968763045,-0.5951708064459906,-0.0051514955457874,-20.98243521871113
21.41269597104725,0.0,0.0,0.0,0.0,-0.0,-0.0,0.1182141358446273,-0.2649406135297533,0.0227194284688233,-21.108392850913944,0.0,0.0,0.0,0.0,-0.0,0.0,0.0692319339423375,-0.5931833042577104,-0.005152643868928,-20.97739355930276
21.430421712745137,0.0,0.0,0.0,0.0,0.0,-0.0,0.1181699116245703,-0.252472339574584,0.0236173891087858,-21.113491249529982,0.0,0.0,0.0,0.0,-0.0,0.0,0.0690941765531477,-0.5867418814124808,-0.0051536794948382,-20.98236189829116
21.448147454443024,0.0,0.0,0.0,0.0,0.0,-0.0,0.1180933999181115,-0.2358415206738475,0.0240941318853305,-21.135455164711423,0.0,0.0,0.0,0.0,-0.0,0.0,0.068844191651116,-0.5878830224801181,-0.00515173258375,-20.986728767376103
21.46587319614091,0.0,0.0,0.0,0.0,0.0,-0.0,0.1179044987240783,-0.2280093586410947,0.0247969873922084,-21.11804057864422,0.0,0.0,0.0,0.0,-0.0,0.0,0.0690068473225998,-0.5734869956114755,-0.005151821388175,-20.98012869395912
21.4835989378388,0.0,0.0,0.0,0.0,0.0,-0.0,0.117872953992144,-0.2243968896048357,0.0238953866632814,-21.14301995278801,0.0,0.0,0.0,0.0,-0.0,0.0,0.069016179417134,-0.5653881003677461,-0.0051511550607407,-20.9760728029505
21.501324679536683,0.0,0.0,0.0,0.0,-0.0,0.0,0.1178259861873701,-0.2170289298365053,0.0240754252814407,-21.12809553929229,0.0,0.0,0.0,0.0,-0.0,0.0,0.0685791999268468,-0.5553489480903901,-0.0051510770560304,-20.979806304330506
21.51905042123457,0.0,0.0,0.0,0.0,-0.0,0.0,0.117907568892634,-0.211666012642601,0.0232123448385104,-21.099520664104976,0.0,0.0,0.0,0.0,-0.0,-0.0,0.0682085837520146,-0.5434500199473223,-0.0051545025330601,-20.98206682177101
21.53677616293246,0.0,0.0,0.0,0.0,-0.0,0.0,0.1178840793023392,-0.2088402159948902,0.0225990334754267,-21.07392306677481,0.0,0.0,0.0,0.0,-0.0,-0.0,0.0681118217826968,-0.5298652899086242,-0.0051500102908887,-20.978327157576093
21.554501904630342,0.0,0.0,0.0,0.0,0.0,0.0,0.117740635224918,-0.2049518987721423,0.0212565465859121,-21.04898570372092,0.0,0.0,0.0,0.0,-0.0,-0.0,0.0677962074648494,-0.5176732057206146,-0.005152009596541,-20.97434845883188
21.57222764632823,0.0,0.0,0.0,0.0,0.0,0.0,0.1176534535478817,-0.2006179506390372,0.0209039984373999,-21.04215362070917,0.0,0.0,0.0,0.0,-0.0,-0.0,0.0677817704904156,-0.5156693303412088,-0.0051548667996526,-20.98312389751361
21.58995338802612,0.0,0.0,0.0,0.0,0.0,0.0,0.117689066422298,-0.1985197978123371,0.0203416289929796,-21.05721264632512,0.0,0.0,0.0,0.0,-0.0,-0.0,0.0681469785675781,-0.5118079595104591,-0.005153605183838,-20.978673467515552
21.607679129724005,0.0,0.0,0.0,0.0,0.0,0.0,0.1177455289140267,-0.1984530050623721,0.0190749523363299,-21.068620408681408,0.0,0.0,0.0,0.0,-0.0,-0.0,0.0680934417535855,-0.5097615038586802,-0.0051560677229374,-20.96985897549124
21.62540487142189,0.0,0.0,0.0,0.0,0.0,0.0,0.1178385041496856,-0.1951044219758067,0.0187067717179217,-21.06111523789616,0.0,0.0,0.0,0.0,-0.0,-0.0,0.0677282554377135,-0.5022534103036329,-0.0051562909090245,-20.965414200731608
21.64313061311978,0.0,0.0,0.0,0.0,0.0,0.0,0.1178176244600917,-0.1895250468624971,0.0186996016632643,-21.07113556783268,0.0,0.0,0.0,0.0,0.0,-0.0,0.0676522765285307,-0.4911009048694595,-0.0051583354924572,-20.97312113272953
21.660856354817664,0.0,0.0,0.0,0.0,0.0,0.0,0.1177422968339581,-0.1895671962398945,0.0190259119241571,-21.066473598086624,0.0,0.0,0.0,0.0,0.0,-0.0,0.0678716364608848,-0.4887613457219412,-0.0051582194860253,-20.97171907172766
21.67858209651555,0.0,0.0,0.0,0.0,0.0,0.0,0.1176980451313748,-0.1877050257579943,0.0185025421646088,-21.100886325341005,0.0,0.0,0.0,0.0,0.0,-0.0,0.0682782832497412,-0.4845060903209985,-0.0051547500709191,-20.975261671780505
21.69630783821344,0.0,0.0,0.0,0.0,0.0,0.0,0.1177355951267809,-0.180884481168107,0.0191017058227494,-21.092802113711304,0.0,0.0,0.0,0.0,0.0,-0.0,0.0682551456457755,-0.4751776207179939,-0.0051592997476947,-20.978991336141327
21.714033579911327,0.0,0.0,0.0,0.0,0.0,0.0,0.1178965901690656,-0.1744787765518089,0.0188866853014024,-21.10309919057234,0.0,0.0,0.0,0.0,-0.0,0.0,0.0682224725732164,-0.4638985973211664,-0.0051607497041929,-20.98272827020288
21.73175932160921,0.0,0.0,0.0,0.0,0.0,0.0,0.1180407585153569,-0.1709449317040338,0.019287992782656,-21.148631647977105,0.0,0.0,0.0,0.0,-0.0,0.0,0.068037912023059,-0.4582187744516169,-0.0051603504810519,-20.97490346558154
21.74948506330709,0.0,0.0,0.0,0.0,-0.0,0.0,0.118082429056,-0.1624767415506182,0.018477749351159,-21.138166692446244,0.0,0.0,0.0,0.0,-0.0,-0.0,0.0678063873818352,-0.4564935939163752,-0.0051610103406028,-20.98261209497856
21.767210805004986,0.0,0.0,0.0,0.0,-0.0,0.0,0.1180481216361077,-0.1526708268823784,0.0199660639372393,-21.1266415518959,0.0,0.0,0.0,0.0,-0.0,0.0,0.0675407656640609,-0.4516535324048483,-0.0051589880349772,-20.98497831259889
21.78493654670288,0.0,0.0,0.0,0.0,-0.0,-0.0,0.118101205100643,-0.1294502446763181,0.0201166373886385,-21.14312948184357,0.0,0.0,0.0,0.0,-0.0,0.0,0.067716766531319,-0.451811930103192,-0.0051554115017262,-20.988154616610263
21.80266228840076,0.0,0.0,0.0,0.0,-0.0,-0.0,0.1180473582485276,-0.1087332389481855,0.0202530070100839,-21.114289983567662,0.0,0.0,0.0,0.0,-0.0,0.0,0.0676019966947572,-0.4493970911704127,-0.0051533436733316,-20.97575489305432
21.82038803009865,0.0,0.0,0.0,0.0,-0.0,-0.0,0.1179575956686035,-0.1029055263806119,0.0201171680984687,-21.10317184819008,0.0,0.0,0.0,0.0,0.0,0.0,0.0678212313338421,-0.4464383635513796,-0.0051528814909374,-20.9765201496765
21.83811377179653,0.0,0.0,0.0,0.0,-0.0,-0.0,0.1179799907538349,-0.0983266479430878,0.0210346746750246,-21.07471156932865,0.0,0.0,0.0,0.0,0.0,0.0,0.0676298230555968,-0.4439413535744897,-0.0051531728923966,-20.973040084807483
21.85583951349442,0.0,0.0,0.0,0.0,-0.0,-0.0,0.1178671248549692,-0.0969526603077794,0.0209862070597396,-21.07996103974966,0.0,0.0,0.0,0.0,0.0,0.0,0.0675741427145431,-0.434029910451404,-0.0051524209492451,-20.972337921278395
21.873565255192307,0.0,0.0,0.0,0.0,-0.0,-0.0,0.1176879137693596,-0.0954633112509496,0.0221200017256965,-21.089051348866388,0.0,0.0,0.0,0.0,0.0,0.0,0.0676812815089383,-0.4253932057606394,-0.0051494741750796,-20.96966513844796
21.891290996890195,0.0,0.0,0.0,0.0,-0.0,-0.0,0.1175603197247586,-0.0933829849615184,0.0223503702107742,-21.050498799558724,0.0,0.0,0.0,0.0,0.0,0.0,0.067558616870793,-0.4106894361035842,-0.0051469520473843,-20.97779129422437
21.90901673858808,0.0,0.0,0.0,0.0,0.0,-0.0,0.1174171016164279,-0.0959434357287662,0.0233921482341809,-21.04672768755125,0.0,0.0,0.0,0.0,0.0,0.0,0.0674799738541423,-0.4005509899958204,-0.0051461592200727,-20.972965886415324
21.926742480285967,0.0,0.0,0.0,0.0,0.0,-0.0,0.1173442287458509,-0.0976615274713146,0.0234342288401118,-21.052438729965385,0.0,0.0,0.0,0.0,0.0,0.0,0.0676290043610324,-0.3958934233979762,-0.0051452454924693,-20.9805826855632
21.94446822198385,0.0,0.0,0.0,0.0,0.0,-0.0,0.1172706483289949,-0.0933862132998511,0.0232856606420141,-21.05642234608437,0.0,0.0,0.0,0.0,0.0,-0.0,0.0676115079265789,-0.3917834501292747,-0.0051492759399277,-20.97967933794517
21.96219396368174,0.0,0.0,0.0,0.0,0.0,-0.0,0.1173405924565779,-0.0876741590525619,0.0227893845137061,-21.04663992608591,0.0,0.0,0.0,0.0,0.0,-0.0,0.0678027957489201,-0.3920305932797583,-0.0051515644022792,-20.99002122276632
21.97991970537963,0.0,0.0,0.0,0.0,0.0,-0.0,0.1176848132266114,-0.0848696113144125,0.0231335913330589,-21.066115733947505,0.0,0.0,0.0,0.0,0.0,-0.0,0.0673751889418398,-0.3867448088984931,-0.0051513072336068,-20.98562948100121
21.99764544707752,0.0,0.0,0.0,0.0,0.0,-0.0,0.1179230695403127,-0.0823499481322271,0.0235923358679996,-21.078994155459903,0.0,0.0,0.0,0.0,-0.0,-0.0,0.0672264621996868,-0.3834365505492734,-0.0051538695868757,-20.97925285312401
22.0153711887754,0.0,0.0,0.0,0.0,0.0,-0.0,0.1178121400658395,-0.0810248579553787,0.0232910137004588,-21.08631390397393,0.0,0.0,0.0,0.0,0.0,-0.0,0.0671834679245395,-0.377731136313721,-0.0051523793340572,-20.977310435266084
22.033096930473288,0.0,0.0,0.0,0.0,-0.0,-0.0,0.1177189384922255,-0.0783571322081439,0.022520033094421,-21.09701205303795,0.0,0.0,0.0,0.0,0.0,-0.0,0.0671294421565378,-0.3741758804133859,-0.0051546982096178,-20.98579928122972
22.050822672171176,0.0,0.0,0.0,0.0,0.0,0.0,0.1177381111613687,-0.0725955129537896,0.0229786265885512,-21.071104976440523,0.0,0.0,0.0,0.0,0.0,0.0,0.0674436227399904,-0.3748904770736949,-0.0051528322350464,-20.991484411641764
22.068548413869063,0.0,0.0,0.0,0.0,0.0,0.0,0.1177264717615099,-0.0690666073289409,0.0233981896419781,-21.05151802688634,0.0,0.0,0.0,0.0,0.0,0.0,0.0676562747067617,-0.3722839390766909,-0.0051534103188255,-20.995397041909776
22.086274155566947,0.0,0.0,0.0,0.0,0.0,0.0,0.1178643657708953,-0.0702210113064505,0.0223786735018058,-21.07427142772526,0.0,0.0,0.0,0.0,0.0,0.0,0.0677739477127242,-0.3617132833911551,-0.0051550252097104,-20.99663034621658
22.103999897264835,0.0,0.0,0.0,-0.0,0.0,0.0,0.1177644994342848,-0.0691087715070347,0.0229799422795888,-21.072530429967333,0.0,0.0,0.0,0.0,0.0,0.0,0.0679238460940942,-0.3602064232974563,-0.0051549416550709,-20.992371466137275
22.12172563896272,0.0,0.0,0.0,-0.0,0.0,0.0,0.1176681710405661,-0.0650509788592494,0.0230721792000363,-21.125787979030225,0.0,0.0,0.0,0.0,0.0,0.0,0.0677021456572485,-0.3542787522176001,-0.005152632673924,-20.9891183451586
22.13945138066061,0.0,0.0,0.0,0.0,0.0,0.0,0.1177144953224593,-0.0564744881793217,0.0233470180715686,-21.12674786849564,0.0,0.0,0.0,0.0,0.0,0.0,0.067869525500427,-0.351052046394158,-0.0051529412145589,-20.97867083071605
22.157177122358497,0.0,0.0,0.0,0.0,0.0,0.0,0.1174991429454206,-0.0504576617463369,0.0233209569712865,-21.11762110467588,0.0,0.0,0.0,0.0,0.0,0.0,0.0681739407040837,-0.3421427074500194,-0.0051514458458908,-20.983616253536475
22.17490286405638,0.0,0.0,0.0,0.0,0.0,0.0,0.1173363545451399,-0.0499729564824647,0.0229407360537372,-21.11389219889832,0.0,0.0,0.0,0.0,0.0,0.0,0.0682259570910703,-0.3382317228390152,-0.0051512476999239,-20.98541921601261
22.19262860575427,0.0,0.0,0.0,0.0,0.0,0.0,0.117393856675117,-0.0480035430500151,0.0233289054846541,-21.10775252133404,0.0,0.0,0.0,0.0,0.0,0.0,0.0683223858145853,-0.3326094240327059,-0.0051520120372917,-20.982518739732026
22.21035434745216,0.0,0.0,0.0,0.0,0.0,0.0,0.1174860636377804,-0.0435183178798805,0.0220038798183664,-21.13648639907415,0.0,0.0,0.0,0.0,-0.0,0.0,0.0682281447349531,-0.3345512861911905,-0.0051555529418978,-20.986325148516045
22.228080089150044,0.0,0.0,0.0,0.0,-0.0,0.0,0.1174847998392173,-0.0409870126717308,0.0214941839194976,-21.15053889037013,0.0,0.0,0.0,0.0,-0.0,0.0,0.0678178627098681,-0.3318913861178748,-0.0051564118740259,-20.97666494954608
22.245805830847928,0.0,0.0,0.0,-0.0,-0.0,0.0,0.1173112952719826,-0.0399224660706889,0.0211897255609747,-21.141150487626124,0.0,0.0,0.0,0.0,-0.0,0.0,0.06781528423216,-0.331603177268795,-0.0051562161253291,-20.971460623763104
22.263531572545816,0.0,0.0,0.0,-0.0,0.0,0.0,0.1174383768905385,-0.0371599198958809,0.0206357822878779,-21.132447642150417,0.0,0.0,0.0,0.0,0.0,0.0,0.0676976956126009,-0.3293078497442832,-0.0051548868635986,-20.970658170158924
22.281257314243703,0.0,0.0,0.0,-0.0,-0.0,0.0,0.1175739908448787,-0.0378450282384943,0.0207012277778674,-21.10543463196753,0.0,0.0,0.0,0.0,0.0,0.0,0.0677256241690458,-0.3276592696358003,-0.0051565645873296,-20.972730129218384
22.29898305594159,0.0,0.0,0.0,-0.0,-0.0,0.0,0.1174850819649358,-0.0174918081308342,0.0199353989953288,-21.099977317498137,0.0,0.0,0.0,0.0,0.0,-0.0,0.0674769945400733,-0.325759385120861,-0.0051581085271157,-20.979131131050742
22.31670879763948,0.0,0.0,0.0,0.0,-0.0,0.0,0.1175663195018862,-0.0008650104366775,0.0192512365793301,-21.09303378801702,0.0,0.0,0.0,0.0,0.0,-0.0,0.0675299229020862,-0.3262151065941145,-0.0051572725928581,-20.97646985656233
22.33443453933736,0.0,0.0,0.0,0.0,0.0,0.0,0.1177370532745122,0.0002727979022103,0.0190932045467773,-21.10337472319425,0.0,0.0,0.0,0.0,0.0,-0.0,0.0675130065330206,-0.3200704975479836,-0.0051615990575488,-20.978572131910184
22.35216028103525,0.0,0.0,0.0,0.0,0.0,0.0,0.1177129158584793,0.0003409369622322,0.0192295498128804,-21.10280760179296,0.0,0.0,0.0,0.0,0.0,-0.0,0.0674335399414603,-0.3181574128679564,-0.0051576290139281,-20.97933087327009
22.369886022733137,0.0,0.0,0.0,0.0,0.0,0.0,0.1175686569081374,0.0002053763510102,0.019903770248904,-21.107877618015223,0.0,0.0,0.0,0.0,0.0,-0.0,0.0674024545216891,-0.3130828355149294,-0.0051561686861091,-20.970965485255725
22.387611764431025,0.0,0.0,0.0,0.0,0.0,0.0,0.1174773555966864,0.0016250538708719,0.0159457944141901,-21.10685465145408,0.0,0.0,0.0,0.0,0.0,-0.0,0.0675760641146327,-0.3104777079515448,-0.0051527964449413,-20.980845209571388
22.405337506128912,0.0,0.0,0.0,0.0,0.0,0.0,0.1173925352737936,0.006756103590964,0.0104003836853282,-21.09897491312345,0.0,0.0,0.0,0.0,0.0,-0.0,0.0675065916670155,-0.3062767929297996,-0.0051510423535011,-20.98319496076188
22.4230632478268,0.0,0.0,0.0,0.0,0.0,0.0,0.1171733408424422,0.0080677134754554,0.0101519514845853,-21.11116449447225,0.0,0.0,0.0,0.0,0.0,-0.0,0.0674385899037085,-0.3022145992769501,-0.0051457563078094,-20.98375161857153
22.440788989524684,0.0,0.0,0.0,0.0,0.0,0.0,0.1171848387001868,0.0115157993633117,0.0105728828417114,-21.10182164631865,0.0,0.0,0.0,0.0,0.0,-0.0,0.0673880798278415,-0.3002670878560428,-0.0051418027825625,-20.982261390450866
22.45851473122257,0.0,0.0,0.0,0.0,0.0,0.0,0.1172841030405307,0.0103740657198229,0.0106964734387592,-21.10336785399514,0.0,0.0,0.0,0.0,0.0,-0.0,0.0676564500787961,-0.305579728272197,-0.0051400531106278,-20.98535893157548
22.47624047292046,0.0,0.0,0.0,0.0,0.0,0.0,0.117233022475986,0.0136743543739739,0.0128482880178636,-21.13557787165909,0.0,0.0,0.0,0.0,0.0,0.0,0.0673201196329816,-0.3022884285156905,-0.0051385713630879,-20.98065928271334
22.493966214618347,0.0,0.0,0.0,-0.0,-0.0,0.0,0.116994697224358,0.0143278165909386,0.0137703943200938,-21.132193765883883,0.0,0.0,0.0,0.0,0.0,0.0,0.0671624166348843,-0.2923123382188736,-0.0051356381121056,-20.969606524186144
22.51169195631623,0.0,0.0,0.0,0.0,0.0,0.0,0.1169410186694465,0.0138745609459846,0.0146076984403885,-21.118847931308377,0.0,0.0,0.0,0.0,0.0,0.0,0.0673363246113009,-0.2859057464410018,-0.0051368138729526,-20.97347568330541
22.52941769801412,0.0,0.0,0.0,0.0,0.0,-0.0,0.1169866150061877,0.0142358339412095,0.0151126083821039,-21.08927556120616,0.0,0.0,0.0,0.0,0.0,0.0,0.0674151793894587,-0.2781521451914185,-0.0051367033119853,-20.97172612716716
22.54714343971201,0.0,0.0,0.0,0.0,0.0,-0.0,0.1171091207907874,0.0156188564754935,0.0150551140709669,-21.09657311682546,0.0,0.0,0.0,0.0,0.0,-0.0,0.0673508369520972,-0.2733752410501498,-0.0051391976161342,-20.9678832546206
22.564869181409893,0.0,0.0,0.0,0.0,-0.0,-0.0,0.117222882597529,0.0160374182438101,0.0166693975655452,-21.09266933832692,0.0,0.0,0.0,0.0,-0.0,0.0,0.0673707171735051,-0.2636375639011304,-0.0051401791908295,-20.975405371596725
22.58259492310778,0.0,0.0,0.0,0.0,-0.0,0.0,0.1173285911158512,0.0167233450647067,0.0151670261434494,-21.09065463604144,0.0,0.0,0.0,0.0,-0.0,0.0,0.067340801087409,-0.2604738562820696,-0.0051446111784846,-20.97433080260472
22.600320664805665,0.0,0.0,0.0,0.0,-0.0,-0.0,0.1172706227854998,0.01585786599381,0.015768625181675,-21.096447775217623,0.0,0.0,0.0,0.0,-0.0,0.0,0.0671394936769401,-0.2613867817566194,-0.0051468513829997,-20.97803684108716
22.618046406503552,0.0,0.0,0.0,0.0,-0.0,-0.0,0.1171665905650895,0.0167812885981759,0.0201567800505014,-21.10833103496981,0.0,0.0,0.0,0.0,-0.0,0.0,0.0666844542049346,-0.2584574769882618,-0.0051463927224933,-20.96859635956066
22.63577214820144,0.0,0.0,0.0,0.0,-0.0,-0.0,0.1171793094604189,0.0147564879028218,0.0237394992010751,-21.07514176457297,0.0,0.0,0.0,0.0,-0.0,0.0,0.0670663066465063,-0.25962018089366,-0.00514742320105,-20.969391868003395
22.653497889899327,0.0,0.0,0.0,0.0,0.0,-0.0,0.1174257029509086,0.014475423393666,0.0244934710849883,-21.078907285070898,0.0,0.0,0.0,0.0,-0.0,-0.0,0.0671071139295339,-0.2578400127867583,-0.005148686084477,-20.978451629974863
22.67122363159721,0.0,0.0,0.0,0.0,-0.0,-0.0,0.1174915149667679,0.0196049571334556,0.023091494534619,-21.079770732913428,0.0,0.0,0.0,0.0,-0.0,-0.0,0.0669701519608026,-0.2561401172097964,-0.005148968894461,-20.97521465248864
22.6889493732951,0.0,0.0,0.0,0.0,-0.0,-0.0,0.1174699403029583,0.0291194118741925,0.0206793379527926,-21.09648415108422,0.0,0.0,0.0,0.0,-0.0,-0.0,0.0668417758444342,-0.2555931092242579,-0.0051500724020731,-20.97741904577039
22.706675114992983,0.0,0.0,0.0,0.0,-0.0,-0.0,0.1174450365453156,0.0326528712053177,0.0197351602186828,-21.093032364926373,0.0,0.0,0.0,0.0,-0.0,-0.0,0.0668355854536211,-0.2534267522305303,-0.0051503553967004,-20.97892344230381
22.72440085669088,0.0,0.0,0.0,0.0,-0.0,-0.0,0.1174614751561595,0.0307441924558332,0.0186181051487193,-21.09506268693521,0.0,0.0,0.0,0.0,-0.0,-0.0,0.066757432772674,-0.256317021367995,-0.0051513507665826,-20.972924217446096
