time_s,L_fx1,L_fy1,L_fz1,L_fx2,L_fy2,L_fz2,L_proximity,L_roll,L_pitch,L_yaw,R_fx1,R_fy1,R_fz1,R_fx2,R_fy2,R_fz2,R_proximity,R_roll,R_pitch,R_yaw
0.0,0.0,0.0,0.0,0.0,0.0,0.0,0.033205157549401,-4.129999999999996,-16.8,-109.14999999999998,0.0,0.0,0.0,0.0,0.0,0.0,0.0478126192111085,1.6999999999999886,17.3,29.9
0.0150000005960464,0.0,0.0,0.0,0.0,0.0,0.0,0.0334950789654383,-4.129999999999996,-16.8,-109.14999999999998,0.0,0.0,0.0,0.0,0.0,0.0,0.0475837338826581,1.6999999999999886,17.3,29.9
0.0309999994933605,0.0,0.0,0.0,0.0,0.0,0.0,0.0336934462500953,-4.129999999999996,-16.8,-109.14999999999998,0.0,0.0,0.0,0.0,0.0,0.0,0.0473548485542076,1.6999999999999886,17.3,29.9
0.0460000000894069,0.0,0.0,0.0,0.0,0.0,0.0,0.033708705271992,-4.129999999999996,-16.8,-109.14999999999998,0.0,0.0,0.0,0.0,0.0,0.0,0.0472327763790341,1.6999999999999886,17.3,29.9
0.0620000008493661,0.0,0.0,0.0,0.0,0.0,0.0,0.0337239642938887,-4.029999999999987,-16.8,-109.25,0.0,0.0,0.0,0.0,0.0,0.0,0.0469123369192034,1.6999999999999886,17.3,29.9
0.0779999997466802,0.0,0.0,0.0,0.0,0.0,0.0,0.0337239642938887,-4.029999999999987,-16.900000000000002,-109.25,0.0,0.0,0.0,0.0,0.0,0.0,0.0469123369192034,1.6999999999999886,17.3,29.9
0.0930000003427267,0.0,0.0,0.0,0.0,0.0,0.0,0.0337239642938887,-3.9299999999999926,-16.900000000000002,-109.25,0.0,0.0,0.0,0.0,0.0,0.0,0.0469123369192034,1.799999999999983,17.3,29.9
0.1089999992400407,0.0,0.0,0.0,0.0,0.0,0.0,0.0337697413595788,-3.9299999999999926,-16.900000000000002,-109.25,0.0,0.0,0.0,0.0,0.0,0.0,0.0469123369192034,1.799999999999983,17.3,30.0
0.125,0.0,0.0,0.0,0.0,0.0,0.0,0.0337697413595788,-3.9299999999999926,-16.900000000000002,-109.25,0.0,0.0,0.0,0.0,0.0,0.0,0.0469123369192034,1.799999999999983,17.3,30.0
0.1400000005960464,0.0,0.0,0.0,0.0,0.0,0.0,0.0337850003814755,-3.9299999999999926,-16.900000000000002,-109.25,0.0,0.0,0.0,0.0,0.0,0.0,0.0474158846417944,1.799999999999983,17.3,30.0
0.1710000000894069,0.0,0.0,0.0,0.0,0.0,0.0,0.0338765545128557,-3.9299999999999926,-16.900000000000002,-109.25,0.0,0.0,0.0,0.0,0.0,0.0,0.0496437018387121,1.8999999999999773,17.3,30.0
0.1870000008493662,0.0,0.0,0.0,0.0,0.0,0.0,0.0346089875638971,-3.9299999999999926,-16.900000000000002,-109.25,0.0,0.0,0.0,0.0,0.0,0.0,0.0521919584954604,1.8999999999999773,17.3,30.0
0.2029999997466802,0.0,0.0,0.0,0.0,0.0,0.0,0.0352040894178683,-3.9299999999999926,-16.900000000000002,-109.25,0.0,0.0,0.0,0.0,0.0,0.0,0.0545113298237583,1.8999999999999773,17.3,30.0
0.2180000003427267,0.0,0.0,0.0,0.0,0.0,0.0,0.0364095521477073,-3.9299999999999926,-16.900000000000002,-109.25,0.0,0.0,0.0,0.0,0.0,0.0,0.0570901045242999,1.8999999999999773,17.3,30.0
0.2339999992400407,0.0,0.0,0.0,0.0,0.0,0.0,0.037126726176852,-3.9299999999999926,-16.900000000000002,-109.25,0.0,0.0,0.0,0.0,0.0,0.0,0.0620798046845197,1.8999999999999773,17.3,30.0
0.25,0.0,0.0,0.0,0.0,0.0,0.0,0.0378591592278935,-3.9299999999999926,-16.900000000000002,-109.25,0.0,0.0,0.0,0.0,0.0,0.0,0.0675120164797436,1.8999999999999773,17.3,30.1
0.2650000005960464,0.0,0.0,0.0,0.0,0.0,0.0,0.0391409170672159,-3.9299999999999926,-16.900000000000002,-109.25,0.0,0.0,0.0,0.0,0.0,0.0,0.0714946211947814,1.8999999999999773,17.3,30.1
0.2809999994933605,0.0,0.0,0.0,0.0,0.0,0.0,0.0401022354467078,-3.9299999999999926,-16.900000000000002,-109.25,0.0,0.0,0.0,0.0,0.0,0.0,0.0743633173113603,1.8999999999999773,17.3,30.1
0.2960000000894069,0.0,0.0,0.0,0.0,0.0,0.0,0.0404226749065384,-3.9299999999999926,-16.900000000000002,-109.25,0.0,0.0,0.0,0.0,0.0,0.0,0.0784832532234683,1.8999999999999773,17.3,30.0
0.3120000008493662,0.0,0.0,0.0,0.0,0.0,0.0,0.0413229571984435,-3.9299999999999926,-16.900000000000002,-109.25,0.0,0.0,0.0,0.0,0.0,0.0,0.0839612420843823,1.8999999999999773,17.3,30.0
0.3430000003427267,0.0,0.0,0.0,0.0,0.0,0.0,0.0429251544975967,-3.9299999999999926,-16.900000000000002,-109.25,0.0,0.0,0.0,0.0,0.0,0.0,0.0898664835584039,1.8999999999999773,17.3,30.0
0.3589999992400408,0.0,0.0,0.0,0.0,0.0,0.0,0.0445883878843366,-3.9299999999999926,-16.900000000000002,-109.25,0.0,0.0,0.0,0.0,0.0,0.0,0.0982589456015869,1.8999999999999773,17.3,30.0
0.375,0.0,0.0,0.0,0.0,0.0,0.0,0.0462821393148699,-3.9299999999999926,-16.900000000000002,-109.25,0.0,0.0,0.0,0.0,0.0,0.0,0.1143419546807049,1.8999999999999773,17.3,30.0
0.3900000005960464,0.0,0.0,0.0,0.0,0.0,0.0,0.0485557335774776,-3.9299999999999926,-16.900000000000002,-109.25,0.0,0.0,0.0,0.0,0.0,0.0,0.155053025101091,1.8999999999999773,17.3,30.0
0.4059999994933605,0.0,0.0,0.0,0.0,0.0,0.0,0.0505699244678416,-3.9299999999999926,-16.900000000000002,-109.25,0.0,0.0,0.0,0.0,0.0,0.0,0.1946501869230182,1.8999999999999773,17.3,30.1
0.4210000000894069,0.0,0.0,0.0,0.0,0.0,0.0,0.0506309605554284,-3.9299999999999926,-16.900000000000002,-109.25,0.0,0.0,0.0,0.0,0.0,0.0,0.2004180971999694,1.8999999999999773,17.3,30.1
0.4370000008493662,0.0,0.0,0.0,0.0,0.0,0.0,0.0517601281757839,-3.9299999999999926,-16.900000000000002,-109.25,0.0,0.0,0.0,0.0,0.0,0.0,0.2026306553749904,1.8999999999999773,17.3,30.1
0.4529999997466802,0.0,0.0,0.0,0.0,0.0,0.0,0.0540032043945983,-3.9299999999999926,-16.900000000000002,-109.25,0.0,0.0,0.0,0.0,0.0,0.0,0.2098176546883344,1.8999999999999773,17.3,30.0
0.4680000003427267,0.0,0.0,0.0,0.0,0.0,0.0,0.0573296711680781,-3.9299999999999926,-16.900000000000002,-109.14999999999998,0.0,0.0,0.0,0.0,0.0,0.0,0.2268314641031509,1.8999999999999773,17.3,30.0
0.4839999992400408,0.0,0.0,0.0,0.0,0.0,0.0,0.0587792782482642,-3.9299999999999926,-16.900000000000002,-109.14999999999998,0.0,0.0,0.0,0.0,0.0,0.0,0.2268314641031509,1.8999999999999773,17.3,30.0
0.5,0.0,0.0,0.0,0.0,0.0,0.0,0.0600152590218966,-3.9299999999999926,-16.900000000000002,-109.14999999999998,0.0,0.0,0.0,0.0,0.0,0.0,0.2268314641031509,1.8999999999999773,17.3,30.0
0.5309999994933605,0.0,0.0,0.0,0.0,0.0,0.0,0.060854505226215,-3.9299999999999926,-16.900000000000002,-109.14999999999998,0.0,0.0,0.0,0.0,0.0,0.0,0.2187441824979018,1.8999999999999773,17.3,30.0
0.546000000089407,0.0,0.0,0.0,0.0,0.0,0.0,0.0608697642481117,-3.9299999999999926,-16.900000000000002,-109.14999999999998,0.0,0.0,0.0,0.0,0.0,0.0,0.2187441824979018,1.8999999999999773,17.3,30.0
0.5620000008493662,0.0,0.0,0.0,0.0,0.0,0.0,0.0618768596932936,-3.9299999999999926,-16.900000000000002,-109.14999999999998,0.0,0.0,0.0,0.0,0.0,0.0,0.2187441824979018,1.8999999999999773,17.3,30.0
0.5779999997466803,0.0,0.0,0.0,0.0,0.0,0.0,0.0631891355764095,-3.9299999999999926,-16.900000000000002,-109.14999999999998,0.0,0.0,0.0,0.0,0.0,0.0,0.2187441824979018,1.8999999999999773,17.3,30.0
0.5930000003427267,0.0,0.0,0.0,0.0,0.0,0.0,0.0665003433279926,-3.9299999999999926,-16.900000000000002,-109.14999999999998,0.0,0.0,0.0,0.0,0.0,0.0,0.2187441824979018,1.8999999999999773,17.3,30.0
0.6089999992400408,0.0,0.0,0.0,0.0,0.0,0.0,0.0698268101014725,-3.829999999999984,-16.900000000000002,-109.14999999999998,0.0,0.0,0.0,0.0,0.0,0.0,0.2277622644388494,1.8999999999999773,17.3,30.0
0.625,0.0,0.0,0.0,0.0,0.0,0.0,0.072161440451667,-3.829999999999984,-16.900000000000002,-109.25,0.0,0.0,0.0,0.0,0.0,0.0,0.2423956664377813,1.8999999999999773,17.3,30.0
0.6400000005960464,0.0,0.0,0.0,0.0,0.0,0.0,0.075075913633936,-3.829999999999984,-16.900000000000002,-109.25,0.0,0.0,0.0,0.0,0.0,0.0,0.2548317692835889,1.8999999999999773,17.3,30.0
0.6559999994933605,0.0,0.0,0.0,0.0,0.0,0.0,0.0801724269474326,-3.829999999999984,-16.900000000000002,-109.25,0.0,0.0,0.0,0.0,0.0,0.0,0.2552742809185931,1.8999999999999773,17.3,30.0
0.671000000089407,0.0,0.0,0.0,0.0,0.0,0.0,0.0838345922026398,-3.829999999999984,-16.900000000000002,-109.25,0.0,0.0,0.0,0.0,0.0,0.0,0.2561898222323949,1.8999999999999773,17.3,30.0
0.6870000008493662,0.0,0.0,0.0,0.0,0.0,0.0,0.0869932097352559,-3.829999999999984,-16.900000000000002,-109.14999999999998,0.0,0.0,0.0,0.0,0.0,0.0,0.2635904478522927,1.8999999999999773,17.3,30.0
0.7029999997466803,0.0,0.0,0.0,0.0,0.0,0.0,0.0905180437933928,-3.9299999999999926,-16.900000000000002,-109.14999999999998,0.0,0.0,0.0,0.0,0.0,0.0,0.2841138323033493,1.8999999999999773,17.3,30.0
0.7180000003427267,0.0,0.0,0.0,0.0,0.0,0.0,0.0949279011215381,-3.9299999999999926,-16.900000000000002,-109.14999999999998,0.0,0.0,0.0,0.0,0.0,0.0,0.304286259250782,1.8999999999999773,17.200000000000003,30.0
0.75,0.0,0.0,0.0,0.0,0.0,0.0,0.1011688410772869,-3.9299999999999926,-16.900000000000002,-109.14999999999998,0.0,0.0,0.0,0.0,0.0,0.0,0.3210711833371481,1.8999999999999773,17.200000000000003,30.0
0.7650000005960464,0.0,0.0,0.0,0.0,0.0,0.0,0.1061890592813,-3.829999999999984,-16.900000000000002,-109.14999999999998,0.0,0.0,0.0,0.0,0.0,0.0,0.3335225452048524,1.8999999999999773,17.200000000000003,30.0
0.7809999994933605,0.0,0.0,0.0,0.0,0.0,0.0,0.1141695277332723,-3.829999999999984,-16.900000000000002,-109.14999999999998,0.0,0.0,0.0,0.0,0.0,0.0,0.343089951934081,1.8999999999999773,17.200000000000003,30.0
0.796000000089407,0.0,0.0,0.0,0.0,0.0,0.0,0.1272617685206378,-3.9299999999999926,-16.900000000000002,-109.14999999999998,0.0,0.0,0.0,0.0,0.0,0.0,0.3456076905470359,1.8999999999999773,17.200000000000003,30.0
0.8120000008493662,0.0,0.0,0.0,0.0,0.0,0.0,0.1425665674830243,-3.9299999999999926,-16.900000000000002,-109.14999999999998,0.0,0.0,0.0,0.0,0.0,0.0,0.3456076905470359,1.8999999999999773,17.200000000000003,30.0
0.8279999997466803,0.0,0.0,0.0,0.0,0.0,0.0,0.1557045853360799,-3.9299999999999926,-16.900000000000002,-109.14999999999998,0.0,0.0,0.0,0.0,0.0,0.0,0.3456076905470359,1.8999999999999773,17.200000000000003,30.0
0.8430000003427267,0.0,0.0,0.0,0.0,0.0,0.0695999999999998,0.1721843289845121,-3.9299999999999926,-16.900000000000002,-109.25,0.0,0.0,0.0,0.0,0.0,0.0,0.3456076905470359,1.799999999999983,17.200000000000003,30.0
0.8589999992400408,0.0,0.0,0.0,0.0465,0.0,0.1874,0.1877790493629358,-3.9299999999999926,-16.900000000000002,-109.25,0.0,0.0,0.0,0.0,0.0,0.0,0.3456076905470359,1.799999999999983,17.200000000000003,30.0
0.8900000005960464,0.0,0.0,0.0,0.1141,0.0,0.2776,0.1919295033188372,-3.9299999999999926,-16.900000000000002,-109.25,0.0,0.0,0.0,0.0,0.0,0.0944,0.3456076905470359,1.799999999999983,17.200000000000003,30.0
0.9059999994933604,0.0,0.0,0.0,0.2244,0.0,0.4066,0.1976821545738918,-4.029999999999987,-16.900000000000002,-109.25,0.0,0.0,0.0,0.0,0.0,0.1922,0.3456076905470359,1.799999999999983,17.200000000000003,30.0
0.921000000089407,0.0,0.0,0.0,0.3295,0.0,0.5094,0.2003677424277103,-4.029999999999987,-16.900000000000002,-109.25,0.0,0.0,0.0061999999999996,0.0504,0.0,0.3201999999999998,0.3484611276417182,1.799999999999983,17.200000000000003,30.0
0.9370000008493662,0.0042,0.0,0.0381999999999996,0.4272,0.0,0.6086,0.2064103150988021,-4.029999999999987,-16.900000000000002,-109.14999999999998,0.0,0.0,0.0553999999999996,0.1329,0.0,0.4385999999999998,0.3564415960936904,1.799999999999983,17.200000000000003,30.0
0.9529999997466804,0.0186,0.0,0.0601999999999996,0.5131,0.0,0.7054,0.2082108796826123,-4.029999999999987,-16.900000000000002,-109.14999999999998,0.0,0.0,0.0997999999999996,0.2111,0.0,0.5496,0.3712123292896925,1.6999999999999886,17.200000000000003,29.9
0.9680000003427268,0.0513,0.0,0.1188,0.6142,0.0,0.8036,0.2111253528648813,-4.129999999999996,-16.8,-109.14999999999998,0.0,-0.0126,0.1169999999999998,0.3019,0.0,0.6552,0.3848538948653391,1.6999999999999886,17.200000000000003,29.9
0.9839999992400408,0.0585,-0.0023,0.1651999999999998,0.713,0.0,0.8622,0.2181750209811551,-4.129999999999996,-16.8,-109.14999999999998,0.0,-0.0434,0.1385999999999996,0.3888,0.0,0.7482,0.3944365606164645,1.6999999999999886,17.200000000000003,29.9
1.0,0.0761,0.0,0.1945999999999996,0.794,0.0,0.9021999999999998,0.2278339818417639,-4.129999999999996,-16.8,-109.14999999999998,0.0,-0.0668,0.1487999999999996,0.4731,0.0,0.8165999999999998,0.4049042496375982,1.6999999999999886,17.200000000000003,29.9
1.0309999994933603,0.0822,-0.0042,0.1912,0.8886,0.0,0.904,0.2354940108339055,-4.129999999999996,-16.8,-109.14999999999998,0.0,-0.0781,0.171,0.5619,0.0,0.8776,0.4162722209506371,1.6999999999999886,17.200000000000003,29.8
1.046000000089407,0.1008,0.0,0.17,0.9548,0.0,0.8893999999999997,0.2395529106584268,-4.129999999999996,-16.8,-109.04999999999998,0.0,-0.0899,0.1681999999999998,0.657,0.0,0.9262,0.4288761730373083,1.799999999999983,17.200000000000003,29.8
1.0620000008493662,0.1073,0.0,0.1422,1.0236,0.0719,0.8996,0.2516838330663004,-4.22999999999999,-16.8,-109.04999999999998,0.0,-0.1027,0.1814,0.7392,0.0,0.9752,0.4590127412832838,1.799999999999983,17.200000000000003,29.8
1.0779999997466805,0.1095,0.0,0.1075999999999996,1.0682,0.1506,0.9042,0.2672785534447242,-4.22999999999999,-16.8,-109.04999999999998,0.0,-0.1071,0.1769999999999998,0.8239,0.0,1.0284,0.4827405203326467,1.8999999999999773,17.200000000000003,29.8
1.0930000003427267,0.1074,0.0,0.0769999999999996,1.053,0.1868,0.9032,0.2708949416342412,-4.22999999999999,-16.8,-109.04999999999998,0.002,-0.1093,0.1812,0.9011,0.0,1.062,0.5015396353093767,1.9999999999999856,17.200000000000003,29.8
1.1089999992400408,0.1019,0.0,0.0618,1.0141,0.1996,0.9064,0.2764950026703288,-4.329999999999984,-16.8,-108.94999999999996,0.0095,-0.1208,0.1827999999999996,0.9458,0.0203,1.1178,0.5098863202868696,2.09999999999998,17.200000000000003,29.8
1.1400000005960464,0.0847,0.0,0.0336,0.9578,0.1925,0.9265999999999998,0.2813168535896849,-4.329999999999984,-16.8,-108.94999999999996,0.0105,-0.1195,0.1968,0.993,0.0485,1.1880000000000002,0.5151659418631266,2.1999999999999886,17.200000000000003,29.8
1.1559999994933603,0.0727,0.0,0.0144,0.928,0.1423,0.9948,0.3135744258793011,-4.429999999999993,-16.8,-108.94999999999996,0.0271,-0.1127,0.2185999999999998,1.028,0.058,1.234,0.5172716868848707,2.3999999999999773,17.200000000000003,29.8
1.171000000089407,0.0778,0.0,0.0,0.9113,0.059,1.0570000000000002,0.3228824292362859,-4.429999999999993,-16.8,-108.84999999999998,0.0489,-0.1274,0.2874,1.0659,0.0537,1.2886,0.5182024872205692,2.499999999999986,17.200000000000003,29.8
1.1870000008493662,0.0671,0.0,0.0,0.9012,0.0,1.0856,0.3404150453955901,-4.429999999999993,-16.700000000000003,-108.84999999999998,0.0885,-0.1397,0.3634,1.1228,0.0313,1.3448,0.5186449988555734,2.6999999999999886,17.3,29.8
1.2029999997466805,0.0549,0.0,0.0,0.8899,0.0,1.126,0.3547585259784848,-4.429999999999993,-16.700000000000003,-108.84999999999998,0.1384,-0.1546,0.4534,1.1612,0.0,1.4096,0.5208117799649042,2.799999999999983,17.3,29.8
1.2180000003427267,0.011,0.0,0.0,0.8983,0.0,1.1734,0.3815381094071869,-4.429999999999993,-16.700000000000003,-108.75,0.163,-0.1657,0.5352,1.1804,0.0,1.453,0.5208117799649042,2.999999999999986,17.3,29.8
1.2339999992400408,0.0,0.0,0.0,0.8736,-0.0036,1.2302,0.4124681467917906,-4.329999999999984,-16.700000000000003,-108.75,0.2167,-0.1911,0.6374,1.2185,0.0,1.5249999999999997,0.5208117799649042,3.1999999999999886,17.3,29.8
1.2650000005960464,0.0,0.0,0.0,0.8615,-0.1419,1.3004,0.4305806057831692,-4.329999999999984,-16.700000000000003,-108.75,0.2458,-0.2391,0.7162,1.2319,0.0,1.611,0.5247638666361486,3.299999999999983,17.3,29.8
1.2809999994933603,0.0,0.0,0.0,0.844,-0.2733,1.3934000000000006,0.44120088502327,-4.22999999999999,-16.700000000000003,-108.64999999999998,0.2949,-0.2708,0.8132,1.2681,0.0,1.7022000000000002,0.5425101091020066,3.499999999999986,17.3,29.8
1.296000000089407,0.0,0.0,0.0,0.8297,-0.4063,1.4685999999999997,0.4508445868619821,-4.129999999999996,-16.700000000000003,-108.64999999999998,0.3243,-0.3193,0.8964,1.2797,-0.0322,1.815,0.5521843289845121,3.6999999999999886,17.3,29.8
1.3279999997466805,0.0,0.0,0.0,0.8044,-0.5172,1.5637999999999999,0.462059967956054,-4.029999999999987,-16.700000000000003,-108.54999999999998,0.3605,-0.367,0.972,1.2854,-0.0955,1.9262,0.5609124895094225,3.899999999999977,17.3,29.8
1.3430000003427267,0.0,0.0,0.0,0.7821,-0.6451,1.6605999999999999,0.4738246738384069,-3.9299999999999926,-16.8,-108.54999999999998,0.4052,-0.4137,1.0716,1.2893,-0.1428,2.0614,0.5711818112458992,3.999999999999986,17.3,29.7
1.3589999992400408,0.0,0.0,0.0,0.7498,-0.7464,1.7736,0.4877256427862974,-3.829999999999984,-16.8,-108.54999999999998,0.4543,-0.4805,1.1634,1.2965,-0.2549,2.2286,0.581039139391165,4.199999999999989,17.3,29.7
1.375,0.0,0.0,0.0033999999999998,0.7274,-0.83,1.8956,0.5026031891355763,-3.629999999999996,-16.8,-108.54999999999998,0.4772,-0.5366,1.2198,1.2735,-0.3359,2.4098,0.5889738307774471,4.399999999999977,17.3,29.7
1.3900000005960464,-0.035,0.0,0.0239999999999998,0.6887,-0.9271,2.0118,0.5179995422293431,-3.529999999999987,-16.8,-108.44999999999996,0.522,-0.5774,1.2855999999999999,1.2783,-0.4137,2.6224,0.5967406729228657,4.59999999999998,17.3,29.7
1.421000000089407,-0.0659,0.0,0.0656,0.6451,-1.0017,2.144400000000001,0.5315190356298161,-3.4299999999999926,-16.8,-108.44999999999996,0.5579,-0.6185,1.3058,1.2563,-0.5183,2.8402,0.6069947356374457,4.799999999999983,17.3,29.6
1.4370000008493662,-0.1165,0.0,0.0956,0.6154,-1.061,2.2802,0.5450232700083925,-3.2299999999999898,-16.8,-108.44999999999996,0.587,-0.6341,1.3126,1.2428,-0.6484,3.0714,0.617630273899443,4.899999999999977,17.3,29.6
1.4529999997466805,-0.148,0.0,0.1307999999999998,0.5691,-1.0845,2.347400000000001,0.5547280079346913,-3.1299999999999955,-16.8,-108.44999999999996,0.6025,-0.6372,1.3102,1.1934,-0.694,3.2034,0.6477821011673152,5.09999999999998,17.3,29.6
1.4680000003427267,-0.1757,0.0,0.1548,0.5521,-1.0874,2.3806,0.563639276722362,-3.029999999999987,-16.8,-108.34999999999998,0.5975,-0.6149,1.2928,1.181,-0.7134,3.2596,0.6623086900129702,5.199999999999989,17.3,29.6
1.5,-0.1956,0.0,0.1635999999999996,0.5394,-1.0983,2.4186,0.5806225680933852,-2.9299999999999926,-16.8,-108.34999999999998,0.6166,-0.6221,1.296,1.1688,-0.7175,3.3066,0.6748516060120546,5.299999999999983,17.3,29.5
1.5150000005960464,-0.1914,0.0,0.169,0.5153,-1.1081,2.4204,0.5891065842679484,-2.9299999999999926,-16.8,-108.25,0.6098,-0.6143,1.2906,1.1587,-0.7264,3.3312000000000004,0.6916975661860075,5.399999999999977,17.3,29.5
1.5309999994933603,-0.1914,0.0,0.1902,0.4974,-1.1056,2.444,0.597575341420615,-2.829999999999984,-16.8,-108.25,0.6127,-0.6107,1.2862,1.1299,-0.7309,3.3622,0.6968551155870909,5.499999999999986,17.3,29.5
1.546000000089407,-0.1973,0.0,0.1882,0.4888,-1.1041,2.4568,0.6022140840772107,-2.829999999999984,-16.8,-108.14999999999998,0.6061,-0.6111,1.277,1.1279,-0.743,3.4019999999999997,0.6973739223315786,5.499999999999986,17.3,29.6
1.5620000008493662,-0.1966,0.0,0.2035999999999996,0.4891,-1.1061,2.457,0.6050064850843061,-2.7299999999999898,-16.8,-108.14999999999998,0.608,-0.6009,1.2736,1.1113,-0.7381,3.402600000000001,0.69810635538262,5.59999999999998,17.3,29.6
1.5779999997466805,-0.1731,0.0,0.1889999999999998,0.4755,-1.0744,2.3822,0.606318760967422,-2.7299999999999898,-16.8,-108.14999999999998,0.5544,-0.5795,1.2458,1.123,-0.6637,3.2464,0.6973739223315786,5.59999999999998,17.3,29.6
1.6089999992400408,-0.1328,0.0,0.1461999999999996,0.4907,-1.036,2.2548,0.606318760967422,-2.7299999999999898,-16.8,-108.14999999999998,0.5007,-0.5297,1.1818000000000002,1.1085,-0.5972,3.0416000000000003,0.6968551155870909,5.59999999999998,17.3,29.6
1.625,-0.0898,0.0,0.1052,0.5176,-0.9846,2.1282,0.606318760967422,-2.7299999999999898,-16.8,-108.14999999999998,0.4481,-0.5056,1.1372000000000002,1.1018,-0.543,2.8336,0.6966720073243305,5.59999999999998,17.3,29.6
1.6400000005960464,-0.0645,0.0,0.0969999999999998,0.5208,-0.9808,2.077,0.5967055771725032,-2.7299999999999898,-16.8,-108.14999999999998,0.4285,-0.4928,1.1344,1.1062,-0.5347,2.7662,0.6834729533836881,5.59999999999998,17.3,29.7
1.671000000089407,-0.0695,0.0,0.0903999999999996,0.5185,-0.9812,2.0596,0.5862531471732662,-2.7299999999999898,-16.900000000000002,-108.14999999999998,0.4185,-0.4845,1.1296000000000002,1.1018,-0.5459,2.7386,0.6667643244068056,5.59999999999998,17.3,29.7
1.6870000008493662,-0.0499,0.0,0.0776,0.5188,-0.9853,2.041,0.5814160372320134,-2.7299999999999898,-16.900000000000002,-108.14999999999998,0.4202,-0.4949,1.1288,1.0915,-0.5385,2.7098,0.6558236057068743,5.59999999999998,17.3,29.7
1.7029999997466805,-0.0436,0.0,0.0852,0.528,-0.9773,2.0448,0.5807141222247654,-2.6299999999999955,-16.900000000000002,-108.14999999999998,0.3952,-0.4869,1.1252,1.0989,-0.5531,2.6885999999999997,0.6541145952544443,5.59999999999998,17.3,29.7
1.7180000003427267,-0.059,0.0,0.0832,0.5223,-0.9916,2.0136,0.5803021286335546,-2.6299999999999955,-16.900000000000002,-108.25,0.3911,-0.4786,1.1292,1.0843,-0.5489,2.7002,0.6530769817654688,5.59999999999998,17.3,29.8
1.7339999992400408,-0.0492,0.0,0.0841999999999996,0.5304,-0.9929,2.0378,0.5801342793926909,-2.6299999999999955,-16.900000000000002,-108.25,0.4001,-0.4738,1.1154000000000002,1.089,-0.5424,2.6768,0.6525429159990844,5.59999999999998,17.3,29.8
1.75,-0.054,0.0,0.0867999999999996,0.5191,-0.9928,2.0302,0.5800427252613107,-2.529999999999987,-16.900000000000002,-108.25,0.3895,-0.4854,1.1246,1.0828,-0.5524,2.6700000000000004,0.6521919584954604,5.59999999999998,17.3,29.8
1.7809999994933603,-0.0542,0.0,0.0776,0.5078,-1.0155,2.0142,0.580027466239414,-2.529999999999987,-16.900000000000002,-108.25,0.3875,-0.4741,1.1116,1.0865,-0.5542,2.685,0.6521919584954604,5.59999999999998,17.3,29.8
1.796000000089407,-0.0368,0.0,0.0792,0.5116,-0.9997,2.0254,0.579981689173724,-2.529999999999987,-17.0,-108.25,0.3865,-0.4892,1.1266,1.0885,-0.5453,2.6636,0.6520241092545968,5.499999999999986,17.3,29.8
1.8120000008493664,-0.0415,0.0,0.0825999999999998,0.5154,-1.0008,2.0236,0.5799664301518273,-2.529999999999987,-17.0,-108.34999999999998,0.3831,-0.4817,1.1146,1.0883,-0.5522,2.6654,0.6519783321889067,5.499999999999986,17.3,29.9
1.8279999997466805,-0.0494,0.0,0.0801999999999998,0.5139,-0.9875,2.0282,0.5797985809109636,-2.529999999999987,-17.0,-108.25,0.3869,-0.4722,1.1166,1.0856,-0.5526,2.674,0.6519783321889067,5.499999999999986,17.3,29.9
1.8589999992400408,-0.0463,0.0,0.0732,0.5211,-1.0037,2.0152,0.5797528038452735,-2.529999999999987,-17.0,-108.25,0.3779,-0.4788,1.1188,1.0832,-0.5463,2.6684,0.6519783321889067,5.499999999999986,17.3,29.9
1.875,-0.0443,0.0,0.0801999999999998,0.505,-0.9981,2.02,0.5797528038452735,-2.529999999999987,-17.0,-108.25,0.3762,-0.4854,1.1236000000000002,1.076,-0.5579,2.6690000000000005,0.6519783321889067,5.499999999999986,17.3,30.0
1.8900000005960464,-0.0497,0.0,0.0852,0.5108,-1.0046,2.0116,0.5797528038452735,-2.6299999999999955,-17.0,-108.25,0.3939,-0.4833,1.1146,1.0927,-0.5569,2.6606,0.6519783321889067,5.499999999999986,17.3,30.0
1.9059999994933603,-0.0423,0.0,0.086,0.5114,-0.9971,2.0214000000000003,0.5797528038452735,-2.6299999999999955,-16.900000000000002,-108.14999999999998,0.3813,-0.4817,1.1102,1.0892,-0.5473,2.6632,0.6520241092545968,5.499999999999986,17.3,30.0
1.921000000089407,-0.037,0.0,0.0903999999999996,0.5055,-0.9918,2.0182,0.5797528038452735,-2.6299999999999955,-16.900000000000002,-108.14999999999998,0.3754,-0.4877,1.115,1.0778,-0.5599,2.6618,0.6521004043640802,5.499999999999986,17.3,30.1
1.9529999997466805,-0.0452,0.0,0.0906,0.5165,-1.0016,2.0172,0.5799053940642405,-2.6299999999999955,-16.900000000000002,-108.14999999999998,0.3709,-0.4831,1.116,1.0774,-0.5503,2.6646,0.652161440451667,5.499999999999986,17.3,30.1
1.9680000003427267,-0.0334,0.0,0.081,0.5277,-0.9827,2.0198,0.5799053940642405,-2.7299999999999898,-16.900000000000002,-108.14999999999998,0.3799,-0.4828,1.1094000000000002,1.0754,-0.5479,2.6774,0.6522224765392538,5.499999999999986,17.3,30.1
1.9839999992400408,-0.0232,0.0,0.081,0.5123,-0.9981,2.0226,0.5799053940642405,-2.7299999999999898,-16.900000000000002,-108.04999999999998,0.3776,-0.4869,1.1168,1.0825,-0.5718,2.6676,0.6525886930647745,5.499999999999986,17.3,30.1
2.0150000005960464,-0.0245,0.0,0.0949999999999998,0.5157,-1.004,2.025000000000001,0.5796307316700999,-2.7299999999999898,-16.900000000000002,-108.04999999999998,0.3663,-0.4798,1.1166,1.0783,-0.5619,2.667,0.6526802471961547,5.499999999999986,17.3,30.1
2.0309999994933605,-0.0328,0.0,0.0944,0.5064,-0.9976,2.012,0.5796307316700999,-2.6299999999999955,-16.900000000000002,-108.04999999999998,0.3748,-0.4849,1.1178,1.0699,-0.5611,2.6646,0.6529396505683985,5.499999999999986,17.3,30.1
2.046000000089407,-0.037,0.0,0.0966,0.5107,-1.0014,2.0254,0.5796307316700999,-2.6299999999999955,-16.900000000000002,-108.14999999999998,0.3597,-0.4812,1.1014,1.081,-0.56,2.6516,0.6529549095902952,5.499999999999986,17.3,30.1
2.062000000849366,-0.0309,0.0,0.0855999999999996,0.5194,-0.9984,2.0314,0.5796307316700999,-2.6299999999999955,-16.900000000000002,-108.14999999999998,0.376,-0.4777,1.119,1.0713,-0.5481,2.661,0.6535957885099566,5.499999999999986,17.3,30.1
2.0779999997466803,-0.0281,0.0,0.0875999999999996,0.5137,-1.0045,2.031,0.5796307316700999,-2.6299999999999955,-17.0,-108.14999999999998,0.3772,-0.4741,1.1126,1.0584,-0.5649,2.6658,0.6542214084077211,5.499999999999986,17.3,30.1
2.0930000003427267,-0.032,0.0,0.0903999999999996,0.5234,-0.9935,2.0088000000000004,0.5795849546044098,-2.529999999999987,-17.0,-108.14999999999998,0.3674,-0.4718,1.1074000000000002,1.0697,-0.5529,2.6678,0.6546028839551385,5.499999999999986,17.3,30.0
2.125,-0.0275,0.0,0.0961999999999996,0.515,-1.0122,2.0356,0.5794476234073396,-2.529999999999987,-17.0,-108.25,0.3742,-0.462,1.1084,1.0697,-0.5546,2.6656,0.6549080643930725,5.499999999999986,17.3,30.0
2.1400000005960464,-0.0215,0.0,0.0866,0.5124,-1.0103,2.0318,0.5794323643854429,-2.529999999999987,-17.0,-108.25,0.3729,-0.4846,1.1138,1.0742,-0.5731,2.6624,0.6550453955901427,5.499999999999986,17.3,30.0
2.1559999994933605,-0.0377,0.0,0.091,0.5135,-0.9971,2.0218,0.579325551232166,-2.4299999999999926,-17.0,-108.25,0.3583,-0.4811,1.1002,1.0674,-0.5639,2.6692,0.6554421301594568,5.499999999999986,17.3,30.0
2.187000000849366,-0.0217,0.0,0.091,0.5304,-0.9931,2.0296,0.5793102922102693,-2.4299999999999926,-17.0,-108.25,0.3767,-0.473,1.1114000000000002,1.0675,-0.5562,2.6754,0.6555489433127337,5.499999999999986,17.3,30.0
2.187000000849366,-0.0248,0.0,0.0974,0.524,-1.0031,2.034,0.5793102922102693,-2.4299999999999926,-17.0,-108.25,0.3644,-0.4748,1.1094000000000002,1.0724,-0.5625,2.6700000000000004,0.655838864728771,5.499999999999986,17.3,29.9
2.2180000003427267,-0.0299,0.0,0.1005999999999996,0.5124,-0.9991,2.0296,0.5793102922102693,-2.4299999999999926,-17.0,-108.25,0.3689,-0.4688,1.102,1.0522,-0.5626,2.6698,0.6561287861448082,5.499999999999986,17.3,29.9
2.233999999240041,-0.0308,0.0,0.0961999999999996,0.5165,-1.0032,2.0182,0.5792950331883726,-2.4299999999999926,-17.0,-108.25,0.3657,-0.4704,1.1038,1.0652,-0.5617,2.6806,0.6566170748455025,5.499999999999986,17.3,29.9
2.25,-0.0263,0.0,0.0938,0.5136,-0.9913,2.0268,0.5792492561226825,-2.4299999999999926,-17.0,-108.25,0.3715,-0.4719,1.1118,1.0551,-0.5792,2.6762,0.6567238879987793,5.499999999999986,17.3,29.9
2.2650000005960464,-0.0256,0.0,0.0936,0.5162,-1.0023,2.019,0.5792034790569924,-2.4299999999999926,-17.0,-108.25,0.3596,-0.474,1.0932000000000002,1.0547,-0.5684,2.682,0.6569680323491265,5.499999999999986,17.3,29.9
2.296000000089407,-0.0181,0.0,0.0967999999999996,0.5053,-0.9911,2.0232,0.5790356298161288,-2.529999999999987,-17.0,-108.25,0.3727,-0.4721,1.095,1.0559,-0.553,2.6842,0.6572274357213703,5.499999999999986,17.3,29.9
2.312000000849366,-0.0293,0.0,0.0984,0.5098,-1.0136,2.0256,0.5788830395971618,-2.529999999999987,-17.0,-108.14999999999998,0.3748,-0.4795,1.111,1.0553,-0.5608,2.6712,0.6573800259403373,5.499999999999986,17.3,30.0
2.3279999997466803,-0.0248,0.0,0.1017999999999996,0.5123,-1.003,2.0238,0.5788830395971618,-2.529999999999987,-17.0,-108.14999999999998,0.3564,-0.4702,1.0932000000000002,1.064,-0.5683,2.6809999999999996,0.6575631342030976,5.499999999999986,17.3,30.0
2.3430000003427267,-0.0216,0.0,0.1011999999999996,0.5053,-1.0066,2.0402,0.5788830395971618,-2.529999999999987,-17.0,-108.14999999999998,0.3635,-0.4735,1.0974,1.0603,-0.5716,2.664,0.6577309834439613,5.499999999999986,17.3,30.0
2.375,-0.0313,0.0,0.1009999999999996,0.5039,-1.0183,2.0246,0.5788677805752651,-2.529999999999987,-17.0,-108.04999999999998,0.3635,-0.4719,1.0982,1.0671,-0.5748,2.6712,0.6580666819256886,5.399999999999977,17.3,30.0
2.3900000005960464,-0.0212,0.0,0.0942,0.5103,-0.9936,2.0334,0.5788677805752651,-2.529999999999987,-17.0,-108.04999999999998,0.3597,-0.473,1.0972000000000002,1.0605,-0.5669,2.671,0.6581277180132754,5.399999999999977,17.3,30.1
2.4059999994933605,-0.0259,0.0,0.1103999999999996,0.5336,-1.0003,2.0286,0.5787151903562981,-2.529999999999987,-17.0,-108.04999999999998,0.3665,-0.4689,1.1048,1.0661,-0.5668,2.6766,0.6587228198672466,5.399999999999977,17.3,30.1
2.421000000089407,-0.0135,0.0,0.0966,0.5149,-1.0155,2.0219999999999994,0.5786694132906081,-2.529999999999987,-17.0,-108.04999999999998,0.3741,-0.4786,1.1036,1.0528,-0.5749,2.6742000000000004,0.6588906691081102,5.399999999999977,17.3,30.1
2.437000000849366,-0.0215,0.0,0.0976,0.5167,-1.0047,2.0254,0.5785778591592279,-2.6299999999999955,-17.0,-108.04999999999998,0.3583,-0.4724,1.0946,1.0591,-0.5743,2.6802000000000006,0.6592111085679409,5.399999999999977,17.3,30.1
2.4680000003427267,-0.0242,0.0,0.1074,0.5222,-0.9883,2.0194,0.5784100099183642,-2.6299999999999955,-17.0,-108.04999999999998,0.3734,-0.467,1.1082,1.0572,-0.5712,2.6763999999999997,0.6593789578088045,5.399999999999977,17.3,30.1
2.483999999240041,-0.0192,0.0,0.1053999999999996,0.5123,-0.993,2.032,0.5783794918745708,-2.6299999999999955,-17.0,-108.04999999999998,0.3707,-0.4761,1.1006000000000002,1.0465,-0.5727,2.6832,0.659607843137255,5.399999999999977,17.3,30.1
2.5,-0.025,0.0,0.1105999999999998,0.5142,-1.0001,2.0232,0.5783031967650873,-2.6299999999999955,-17.0,-108.04999999999998,0.3644,-0.472,1.0916,1.0664,-0.5852,2.6838,0.6598519874876021,5.399999999999977,17.3,30.1
2.5150000005960464,-0.008,0.0,0.0979999999999998,0.5208,-1.0015,2.024,0.5783031967650873,-2.6299999999999955,-17.0,-107.94999999999996,0.3808,-0.4788,1.102,1.0357,-0.5719,2.6812000000000005,0.6601724269474327,5.399999999999977,17.3,30.1
2.546000000089407,-0.0208,0.0,0.1017999999999996,0.5185,-1.0019,2.0282,0.5783031967650873,-2.6299999999999955,-17.0,-107.94999999999996,0.3643,-0.4786,1.0948,1.0472,-0.5714,2.6778,0.6603250171663997,5.399999999999977,17.3,30.1
2.546000000089407,-0.0157,0.0,0.1011999999999996,0.5188,-0.9945,2.0234,0.5783031967650873,-2.7299999999999898,-17.0,-107.94999999999996,0.3655,-0.4631,1.095,1.0473,-0.5679,2.6734000000000004,0.6606912336919204,5.399999999999977,17.3,30.1
2.5779999997466803,-0.0177,0.0,0.1053999999999996,0.5119,-0.9925,2.0344000000000007,0.5782879377431906,-2.7299999999999898,-16.900000000000002,-107.94999999999996,0.365,-0.458,1.0974,1.0476,-0.5832,2.6868,0.661164263370718,5.399999999999977,17.3,30.1
2.5930000003427267,-0.0048,0.0,0.1092,0.5175,-0.9854,2.0212,0.5782116426337072,-2.7299999999999898,-16.900000000000002,-107.94999999999996,0.3648,-0.4704,1.097,1.0435,-0.5797,2.676,0.661316853589685,5.399999999999977,17.3,30.1
2.608999999240041,-0.0196,0.0,0.1029999999999996,0.5129,-1.0001,2.0384,0.5782421606775006,-2.7299999999999898,-16.900000000000002,-107.94999999999996,0.368,-0.4645,1.1008,1.0466,-0.5744,2.6802000000000006,0.6614389257648585,5.399999999999977,17.3,30.1
2.6400000005960464,-0.0127,0.0,0.1052,0.5091,-0.9985,2.0268,0.5782421606775006,-2.7299999999999898,-17.0,-107.94999999999996,0.3633,-0.4674,1.0992000000000002,1.055,-0.5757,2.684800000000001,0.6616525520714123,5.399999999999977,17.3,30.2
2.6559999994933605,-0.0143,0.0,0.1005999999999996,0.5024,-1.0003,2.0324,0.5782421606775006,-2.6299999999999955,-17.0,-107.94999999999996,0.3642,-0.4693,1.0868,1.0514,-0.57,2.6844,0.6616983291371024,5.399999999999977,17.3,30.2
2.671000000089407,-0.0081,0.0,0.1049999999999996,0.5048,-1.0066,2.031,0.5782879377431906,-2.6299999999999955,-17.0,-107.94999999999996,0.3712,-0.469,1.0962,1.0491,-0.5725,2.6730000000000005,0.6618966964217594,5.399999999999977,17.3,30.2
2.687000000849366,-0.0111,0.0,0.0969999999999998,0.5199,-0.9962,2.0192,0.5782879377431906,-2.6299999999999955,-17.0,-108.04999999999998,0.3578,-0.4706,1.0912,1.0428,-0.5856,2.6736,0.6619882505531396,5.399999999999977,17.3,30.2
2.7029999997466803,-0.0023,0.0,0.0991999999999996,0.5233,-0.9999,2.0394,0.578318455786984,-2.529999999999987,-17.0,-108.04999999999998,0.36,-0.4757,1.0916,1.0308,-0.5833,2.6694,0.6622781719691768,5.399999999999977,17.3,30.2
2.7180000003427267,-0.0164,0.0,0.108,0.5108,-0.997,2.0304,0.5783642328526741,-2.529999999999987,-17.0,-108.04999999999998,0.3715,-0.462,1.1014,1.0382,-0.5728,2.6744,0.6623849851224537,5.399999999999977,17.3,30.2
2.75,-0.0122,0.0,0.1028,0.5222,-0.9956,2.024,0.5784252689402609,-2.529999999999987,-17.0,-108.04999999999998,0.3629,-0.4708,1.0922,1.0296,-0.5813,2.6838,0.6623849851224537,5.399999999999977,17.3,30.2
2.7650000005960464,-0.0161,0.0,0.1124,0.5148,-0.9981,2.02,0.5784252689402609,-2.4299999999999926,-17.0,-108.14999999999998,0.3589,-0.4725,1.0934,1.0284,-0.5993,2.6734000000000004,0.6623849851224537,5.399999999999977,17.3,30.2
2.7809999994933605,-0.0142,0.0,0.1072,0.5103,-1.0048,2.024,0.5783642328526741,-2.4299999999999926,-17.1,-108.14999999999998,0.3726,-0.4709,1.1016,1.0109,-0.593,2.6952,0.6624155031662471,5.399999999999977,17.3,30.2
2.812000000849366,-0.0234,0.0,0.1252,0.5111,-1.0017,2.0254,0.5781658655680171,-2.4299999999999926,-17.1,-108.14999999999998,0.3781,-0.4749,1.111,1.0296,-0.6082,2.6763999999999997,0.6624155031662471,5.399999999999977,17.3,30.2
2.8279999997466803,-0.0147,0.0,0.1159999999999998,0.5049,-0.993,2.008,0.5781658655680171,-2.4299999999999926,-17.1,-108.14999999999998,0.3832,-0.4835,1.1054000000000002,1.0182,-0.6249,2.6942,0.6624155031662471,5.399999999999977,17.400000000000002,30.1
2.8430000003427267,-0.017,0.0,0.1287999999999998,0.5048,-0.9925,2.0296,0.5781658655680171,-2.4299999999999926,-17.1,-108.14999999999998,0.3784,-0.4741,1.105,1.0038,-0.6129,2.7034,0.6624155031662471,5.399999999999977,17.400000000000002,30.1
2.858999999240041,-0.0217,0.0,0.127,0.4954,-1.001,2.0258,0.5781658655680171,-2.4299999999999926,-17.1,-108.04999999999998,0.3781,-0.4778,1.1046,1.0206,-0.6169,2.689,0.662522316319524,5.399999999999977,17.400000000000002,30.1
2.875,-0.0274,0.0,0.1344,0.5021,-0.9863,2.0214000000000003,0.5781658655680171,-2.529999999999987,-17.1,-108.04999999999998,0.3731,-0.4687,1.1018,1.0172,-0.6118,2.7048,0.6627512016479744,5.399999999999977,17.400000000000002,30.1
2.8900000005960464,-0.0329,0.0,0.1285999999999996,0.4931,-0.988,2.028,0.5787151903562981,-2.529999999999987,-17.1,-108.04999999999998,0.3733,-0.4681,1.1028,1.0025,-0.6111,2.7078,0.6638803692683299,5.399999999999977,17.400000000000002,30.1
2.921000000089407,-0.0232,0.0,0.1282,0.5058,-0.9807,2.0184000000000006,0.5790356298161288,-2.529999999999987,-17.1,-108.04999999999998,0.3758,-0.4662,1.1028,1.0083,-0.6221,2.7056,0.6653452353704128,5.499999999999986,17.400000000000002,30.0
2.937000000849366,-0.0294,0.0,0.1356,0.4919,-0.9978,2.0146,0.5794628824292363,-2.529999999999987,-17.1,-107.94999999999996,0.3761,-0.464,1.1072000000000002,1.0131,-0.6167,2.7134,0.6663218127718014,5.499999999999986,17.400000000000002,30.0
2.9529999997466803,-0.0332,0.0,0.1399999999999998,0.5034,-0.9766,2.0104,0.5794934004730297,-2.6299999999999955,-17.1,-107.94999999999996,0.377,-0.4575,1.1,0.9997,-0.6261,2.6954,0.667191577019913,5.499999999999986,17.400000000000002,30.0
2.983999999240041,-0.0128,0.0,0.1383999999999996,0.505,-0.9866,2.017,0.5796612497138933,-2.6299999999999955,-17.1,-107.94999999999996,0.3867,-0.4715,1.1142,1.0026,-0.6288,2.6996,0.6681376363775082,5.499999999999986,17.400000000000002,30.0
3.0,-0.0222,0.0,0.135,0.4907,-0.9861,2.0176,0.5800122072175173,-2.6299999999999955,-17.1,-107.94999999999996,0.3894,-0.4784,1.106,1.0009,-0.6289,2.698400000000001,0.6681376363775082,5.499999999999986,17.400000000000002,30.0
3.0150000005960464,-0.032,0.0,0.1252,0.5008,-0.9931,2.014,0.5804699778744182,-2.6299999999999955,-17.1,-107.94999999999996,0.3862,-0.4599,1.1138,1.0055,-0.6244,2.703,0.6684580758373388,5.499999999999986,17.400000000000002,30.0
3.0309999994933605,-0.0181,0.0,0.1399999999999998,0.4996,-0.9835,2.0134,0.5806073090714885,-2.6299999999999955,-17.1,-107.94999999999996,0.3845,-0.4571,1.1068,1.0019,-0.6187,2.7138000000000004,0.6687174792095827,5.399999999999977,17.5,30.0
3.046000000089407,-0.0099,0.0,0.131,0.5057,-0.9921,2.023,0.5806225680933852,-2.6299999999999955,-17.200000000000003,-107.94999999999996,0.3848,-0.455,1.1006000000000002,0.9991,-0.6267,2.704,0.6687479972533761,5.399999999999977,17.5,30.0
3.062000000849366,-0.015,0.0,0.1369999999999996,0.4993,-0.9776,2.0228,0.5806683451590753,-2.529999999999987,-17.200000000000003,-107.94999999999996,0.3814,-0.4521,1.0972000000000002,0.9847,-0.6295,2.7036,0.669709315632868,5.399999999999977,17.5,30.1
3.0930000003427267,-0.018,0.0,0.1241999999999998,0.5068,-0.9831,2.014,0.5806683451590753,-2.529999999999987,-17.200000000000003,-107.94999999999996,0.379,-0.462,1.0972000000000002,0.9916,-0.6373,2.7015999999999996,0.6697856107423514,5.399999999999977,17.5,30.1
3.108999999240041,-0.0133,0.0,0.1399999999999998,0.5048,-0.9927,2.0178,0.580683604180972,-2.529999999999987,-17.3,-108.04999999999998,0.3864,-0.4573,1.1062,0.9982,-0.6274,2.7015999999999996,0.6699992370489052,5.399999999999977,17.6,30.1
3.125,-0.0187,0.0,0.1265999999999996,0.4986,-0.9842,2.02,0.5806988632028687,-2.529999999999987,-17.3,-108.04999999999998,0.3815,-0.4573,1.1086,0.9949,-0.6296,2.7184000000000004,0.6700450141145953,5.399999999999977,17.6,30.1
3.1559999994933605,-0.0159,0.0,0.1366,0.5077,-0.9841,2.0148,0.5806988632028687,-2.4299999999999926,-17.400000000000002,-108.04999999999998,0.3807,-0.4452,1.1096,0.9836,-0.6316,2.7014,0.6700450141145953,5.399999999999977,17.6,30.1
3.171000000089407,-0.005,0.0,0.1252,0.5024,-0.9957,2.0234,0.5806988632028687,-2.4299999999999926,-17.400000000000002,-108.04999999999998,0.381,-0.4625,1.0964,0.9892,-0.6395,2.7083999999999997,0.670411230640116,5.399999999999977,17.700000000000003,30.2
3.187000000849366,-0.0075,0.0,0.1341999999999996,0.4964,-0.9973,2.0256,0.5807446402685588,-2.4299999999999926,-17.400000000000002,-108.04999999999998,0.3809,-0.451,1.0942,0.9933,-0.6286,2.710600000000001,0.670411230640116,5.399999999999977,17.700000000000003,30.2
3.2029999997466803,-0.0058,0.0,0.1273999999999998,0.5033,-0.9963,2.0138,0.5807446402685588,-2.4299999999999926,-17.5,-108.04999999999998,0.3811,-0.4605,1.0930000000000002,0.9896,-0.6387,2.705,0.6704264896620127,5.399999999999977,17.700000000000003,30.2
3.2180000003427267,-0.0091,0.0,0.1233999999999996,0.5062,-0.9861,2.0222000000000007,0.5807446402685588,-2.4299999999999926,-17.5,-108.04999999999998,0.3858,-0.4468,1.0942,0.9928,-0.6311,2.7014,0.6706858930342565,5.399999999999977,17.8,30.2
3.233999999240041,-0.0036,0.0,0.1117999999999996,0.51,-0.9924,2.0226,0.5807446402685588,-2.529999999999987,-17.5,-108.04999999999998,0.3875,-0.4423,1.0864000000000005,0.9807,-0.629,2.710600000000001,0.67076218814374,5.399999999999977,17.8,30.2
3.2650000005960464,-0.0024,0.0,0.1293999999999996,0.5122,-0.9882,2.02,0.5807598992904555,-2.529999999999987,-17.6,-108.04999999999998,0.3967,-0.4467,1.0854,0.9893,-0.6459,2.714,0.6709452964065004,5.499999999999986,17.8,30.2
3.2809999994933605,-0.008,0.0,0.1199999999999996,0.5042,-0.9904,2.0148,0.5809124895094224,-2.529999999999987,-17.6,-107.94999999999996,0.3894,-0.4469,1.0908,0.9869,-0.6427,2.708,0.671113145647364,5.499999999999986,17.900000000000002,30.2
3.296000000089407,0.0,0.0,0.1196,0.5117,-0.9941,2.023,0.5809124895094224,-2.529999999999987,-17.6,-107.94999999999996,0.3995,-0.4481,1.0956,0.9917,-0.6487,2.7058,0.671113145647364,5.499999999999986,17.900000000000002,30.2
3.312000000849366,0.0,0.0,0.1164,0.5219,-0.9916,2.0174000000000003,0.5809124895094224,-2.6299999999999955,-17.700000000000003,-107.94999999999996,0.3872,-0.4465,1.0852,0.9955,-0.6408,2.7066000000000003,0.6710673685816739,5.499999999999986,18.0,30.1
3.3430000003427267,0.0,0.0,0.1159999999999998,0.5174,-0.9951,2.0196,0.580378423743038,-2.6299999999999955,-17.700000000000003,-107.94999999999996,0.3874,-0.4398,1.0848,0.9838,-0.6368,2.7104,0.6710673685816739,5.499999999999986,18.0,30.1
3.358999999240041,0.0,0.0,0.1114,0.5082,-0.9915,2.0218,0.5801647974364843,-2.7299999999999898,-17.8,-107.84999999999998,0.3938,-0.4353,1.0774,0.9868,-0.6326,2.7082,0.670960555428397,5.499999999999986,18.1,30.1
3.375,0.0,0.0,0.1141999999999996,0.5207,-0.9956,2.0344000000000007,0.5800122072175173,-2.7299999999999898,-17.8,-107.84999999999998,0.3864,-0.4393,1.0774,0.9817,-0.644,2.7144,0.6708842603189136,5.499999999999986,18.1,30.1
3.3900000005960464,0.0,0.0,0.1065999999999998,0.5272,-1.0084,2.0334,0.5796917677576867,-2.7299999999999898,-17.900000000000002,-107.84999999999998,0.3889,-0.4276,1.0624,0.9881,-0.6466,2.7042,0.6683817807278554,5.499999999999986,18.200000000000003,30.1
3.4059999994933605,0.0,0.0,0.1092,0.5292,-0.9859,2.0282,0.5794323643854429,-2.7299999999999898,-17.900000000000002,-107.84999999999998,0.3886,-0.4327,1.0626000000000002,0.9923,-0.6393,2.708,0.6679697871366446,5.499999999999986,18.200000000000003,30.1
3.437000000849366,0.0,0.0,0.0988,0.5434,-1.0102,2.0336,0.5793560692759594,-2.7299999999999898,-18.0,-107.84999999999998,0.3882,-0.4263,1.069,0.9744,-0.6421,2.6972,0.6677714198519875,5.499999999999986,18.3,30.1
3.4529999997466803,0.0,0.0,0.0984,0.536,-0.9869,2.0316,0.5792645151445792,-2.829999999999984,-18.0,-107.75,0.3831,-0.4225,1.0586000000000002,0.981,-0.647,2.698400000000001,0.6671305409323263,5.499999999999986,18.3,30.1
3.4680000003427267,0.0,0.0,0.0947999999999996,0.5266,-0.9965,2.034,0.578974593728542,-2.829999999999984,-18.1,-107.75,0.4004,-0.4168,1.0502,0.983,-0.6305,2.702,0.6663828488593881,5.499999999999986,18.4,30.1
3.483999999240041,0.0,0.0,0.0999999999999998,0.5318,-1.001,2.041,0.5789288166628519,-2.829999999999984,-18.1,-107.75,0.379,-0.4184,1.0348000000000002,0.9734,-0.628,2.6954,0.6656809338521401,5.499999999999986,18.4,30.0
3.5150000005960464,0.0,0.0,0.1025999999999996,0.5334,-1.0032,2.042,0.5787762264438849,-2.829999999999984,-18.200000000000003,-107.75,0.3895,-0.4055,1.0444,0.9814,-0.6323,2.7022,0.6649790188448921,5.499999999999986,18.5,30.0
3.5309999994933605,0.0,0.0,0.0959999999999998,0.5422,-0.9997,2.0386,0.5787762264438849,-2.9299999999999926,-18.200000000000003,-107.64999999999998,0.3838,-0.4026,1.0354,0.9847,-0.635,2.6912,0.6645670252536813,5.499999999999986,18.5,30.0
3.546000000089407,0.0,0.0,0.0888,0.557,-1.0015,2.04,0.5787762264438849,-2.9299999999999926,-18.3,-107.64999999999998,0.3951,-0.4015,1.0304,0.9784,-0.6252,2.6918,0.6635294117647059,5.499999999999986,18.6,30.0
3.562000000849366,0.0,0.0,0.0838,0.5582,-1.0074,2.0538,0.5787762264438849,-2.9299999999999926,-18.3,-107.64999999999998,0.3948,-0.4068,1.0244000000000002,0.9712,-0.6301,2.6884,0.661316853589685,5.499999999999986,18.700000000000003,30.0
3.5779999997466803,0.0,0.0,0.0777999999999996,0.5523,-1.0203,2.0494000000000003,0.5787762264438849,-2.9299999999999926,-18.4,-107.64999999999998,0.396,-0.3973,1.0152,0.9693,-0.6267,2.6826000000000003,0.6604318303196766,5.59999999999998,18.700000000000003,30.0
3.608999999240041,0.0,0.0,0.0763999999999996,0.5599,-1.0172,2.0472,0.5788067444876783,-3.029999999999987,-18.4,-107.64999999999998,0.397,-0.3899,1.0016,0.9715,-0.6267,2.6972,0.6595925841153583,5.59999999999998,18.8,30.0
3.625,0.0,0.0,0.0723999999999996,0.5613,-1.0186,2.0592,0.5793560692759594,-3.029999999999987,-18.5,-107.54999999999998,0.3983,-0.3901,1.0036,0.9769,-0.6327,2.6744,0.658600747692073,5.59999999999998,18.9,29.9
3.6400000005960464,0.0,0.0,0.0766,0.5657,-1.0123,2.0674,0.5799969481956206,-3.029999999999987,-18.6,-107.54999999999998,0.3995,-0.3763,1.0106,0.9692,-0.6291,2.6844,0.6579598687724117,5.59999999999998,18.9,29.9
3.671000000089407,0.0,0.0,0.0738,0.5681,-1.0244,2.0661999999999994,0.5806988632028687,-3.029999999999987,-18.6,-107.54999999999998,0.3926,-0.3724,0.986,0.9673,-0.633,2.6916,0.657395284962234,5.59999999999998,19.0,29.9
3.687000000849366,0.0,0.0,0.0742,0.5702,-1.0188,2.0682,0.5833234149691005,-3.1299999999999955,-18.8,-107.44999999999996,0.3933,-0.3737,0.9826,0.9747,-0.6211,2.6794,0.6566781109330893,5.59999999999998,19.1,29.9
3.70299999974668,0.0,0.0,0.0637999999999996,0.5759,-1.0171,2.0762,0.5848340581368734,-3.1299999999999955,-18.8,-107.44999999999996,0.3926,-0.376,0.9724,0.9697,-0.6336,2.687,0.6565865568017091,5.59999999999998,19.1,29.9
3.718000000342727,0.0,0.0,0.0594,0.599,-1.0385,2.0752,0.5865583276112001,-3.2299999999999898,-18.9,-107.44999999999996,0.3865,-0.3629,0.9714,0.9649,-0.6347,2.6687999999999996,0.6564187075608454,5.59999999999998,19.200000000000003,29.9
3.733999999240041,0.0,0.0,0.0694,0.59,-1.0329,2.083,0.5886488136110475,-3.2299999999999898,-19.0,-107.44999999999996,0.3988,-0.3564,0.9654000000000001,0.9698,-0.634,2.6834,0.6557320515754941,5.59999999999998,19.3,29.9
3.75,0.0,0.0,0.0555999999999996,0.5926,-1.0329,2.0866,0.5906477454795147,-3.2299999999999898,-19.0,-107.44999999999996,0.4057,-0.3509,0.9617999999999998,0.9712,-0.6164,2.6878000000000006,0.6551674677653163,5.59999999999998,19.4,29.9
3.780999999493361,0.0,0.0,0.0551999999999996,0.6034,-1.0385,2.0826,0.5926161593041885,-3.2299999999999898,-19.1,-107.34999999999998,0.4037,-0.3417,0.9453999999999998,0.9557,-0.6359,2.6776,0.6548012512397956,5.59999999999998,19.5,29.9
3.796000000089407,0.0,0.0,0.0619999999999996,0.6043,-1.0379,2.0834,0.5945082780193789,-3.329999999999984,-19.200000000000003,-107.34999999999998,0.4047,-0.3434,0.947,0.9693,-0.6308,2.6752,0.6541451132982377,5.59999999999998,19.5,29.9
3.812000000849366,0.0,0.0,0.0685999999999996,0.6033,-1.0417,2.1002,0.5961409933623254,-3.329999999999984,-19.3,-107.34999999999998,0.4151,-0.3447,0.9566,0.9595,-0.6388,2.6738,0.653977264057374,5.59999999999998,19.6,29.9
3.82799999974668,0.0,0.0,0.0587999999999996,0.6162,-1.044,2.0904,0.5980636301213093,-3.329999999999984,-19.3,-107.34999999999998,0.4224,-0.3365,0.9422,0.9606,-0.6504,2.6746,0.653977264057374,5.59999999999998,19.700000000000003,30.0
3.843000000342727,0.0,0.0,0.0579999999999998,0.6162,-1.0416,2.108,0.5992233157854582,-3.4299999999999926,-19.4,-107.25,0.418,-0.3186,0.9334,0.9634,-0.6407,2.6716,0.653977264057374,5.699999999999989,19.8,30.0
3.858999999240041,0.0,0.0,0.0648,0.6197,-1.0575,2.1012,0.6114000152590219,-3.4299999999999926,-19.5,-107.25,0.422,-0.3124,0.9282,0.9481,-0.6515,2.675,0.653977264057374,5.699999999999989,19.9,30.0
3.8900000005960464,0.0,0.0,0.0614,0.6282,-1.0647,2.0932,0.5997573815518425,-3.4299999999999926,-19.6,-107.25,0.4172,-0.3199,0.9352,0.9462,-0.6501,2.6852000000000005,0.653977264057374,5.699999999999989,20.0,30.0
3.905999999493361,0.0,0.0,0.0641999999999996,0.637,-1.0484,2.0978,0.6008255130846113,-3.529999999999987,-19.700000000000003,-107.25,0.4262,-0.3118,0.9289999999999998,0.9501,-0.6618,2.679,0.6547249561303121,5.699999999999989,20.1,30.0
3.921000000089407,0.0,0.0,0.0583999999999996,0.6334,-1.0691,2.0944,0.6014511329823758,-3.529999999999987,-19.8,-107.25,0.4339,-0.3133,0.9224,0.9475,-0.6724,2.6818000000000004,0.656388189517052,5.699999999999989,20.200000000000003,30.0
3.95299999974668,0.0,0.0,0.0511999999999998,0.6306,-1.0614,2.0916,0.6067917906462196,-3.529999999999987,-19.8,-107.14999999999998,0.4337,-0.3032,0.9178,0.9363,-0.6572,2.6844,0.659607843137255,5.699999999999989,20.3,30.0
3.968000000342727,0.0,0.0,0.0563999999999996,0.6454,-1.0602,2.1024,0.6074784466315709,-3.529999999999987,-19.9,-107.14999999999998,0.4573,-0.3005,0.9316,0.9369,-0.664,2.6844,0.661713588158999,5.699999999999989,20.4,30.0
3.983999999240041,0.0,0.0,0.053,0.6357,-1.0648,2.1018,0.6098588540474555,-3.629999999999996,-20.0,-107.14999999999998,0.4513,-0.2957,0.9197999999999996,0.9498,-0.6841,2.6944000000000004,0.6648874647135119,5.699999999999989,20.5,30.0
4.0,0.0,0.0,0.0595999999999998,0.6491,-1.0701,2.0902,0.6098588540474555,-3.629999999999996,-20.1,-107.14999999999998,0.4607,-0.2913,0.9182,0.9307,-0.6777,2.685,0.6783154039826047,5.699999999999989,20.6,30.0
4.0150000005960464,0.0,0.0,0.0551999999999996,0.6458,-1.0696,2.0900000000000003,0.6144823376821545,-3.7299999999999898,-20.3,-107.04999999999998,0.4657,-0.2973,0.92,0.915,-0.6706,2.69,0.6783154039826047,5.699999999999989,20.700000000000003,30.0
4.0309999994933605,0.0,0.0,0.0547999999999998,0.6554,-1.0916,2.0788,0.6144823376821545,-3.7299999999999898,-20.4,-107.04999999999998,0.47,-0.2899,0.9182,0.9221,-0.697,2.6926,0.6783154039826047,5.699999999999989,20.8,30.0
4.062000000849366,0.0,0.0,0.0492,0.6556,-1.089,2.077,0.6144823376821545,-3.7299999999999898,-20.5,-107.04999999999998,0.4739,-0.279,0.926,0.8981,-0.6914,2.7000000000000006,0.6237796597238118,5.799999999999983,20.9,30.0
4.07799999974668,0.0,0.0,0.0573999999999996,0.6604,-1.0948,2.082,0.5723369192034791,-3.7299999999999898,-20.6,-107.04999999999998,0.4797,-0.2851,0.9187999999999996,0.9051,-0.7153,2.7086,0.6237796597238118,5.799999999999983,21.0,30.0
4.093000000342727,0.0,0.0,0.0553999999999996,0.6452,-1.0973,2.075,0.5723369192034791,-3.7299999999999898,-20.700000000000003,-107.04999999999998,0.4938,-0.2913,0.9265999999999998,0.8952,-0.7229,2.7094,0.6237796597238118,5.799999999999983,21.1,30.0
4.125,0.0,0.0,0.0339999999999998,0.6527,-1.0958,2.0610000000000004,0.5723369192034791,-3.829999999999984,-20.8,-107.04999999999998,0.5059,-0.288,0.9364,0.8837,-0.7285,2.7142,0.6237796597238118,5.799999999999983,21.200000000000003,30.0
4.1400000005960464,0.0,0.0,0.0495999999999996,0.6433,-1.1169,2.0558,0.5723369192034791,-3.829999999999984,-20.9,-107.04999999999998,0.5073,-0.2855,0.9334,0.8881,-0.7354,2.7222000000000004,0.6237796597238118,5.799999999999983,21.3,30.0
4.1559999994933605,0.0,0.0,0.0547999999999998,0.6425,-1.1137,2.0398,0.5723369192034791,-3.829999999999984,-21.0,-107.04999999999998,0.5197,-0.2854,0.945,0.8792,-0.7512,2.721,0.645279621576257,5.799999999999983,21.4,30.0
4.171000000089407,0.0,0.0,0.0514,0.6393,-1.1016,2.044,0.5998794537270161,-3.829999999999984,-21.1,-107.04999999999998,0.5326,-0.2848,0.9548,0.8691,-0.7589,2.7388,0.6598977645532922,5.799999999999983,21.5,30.0
4.187000000849366,0.0,0.0,0.0543999999999998,0.6329,-1.1023,2.0416,0.6046250095368887,-3.9299999999999926,-21.200000000000003,-106.94999999999996,0.5364,-0.2742,0.9526,0.8626,-0.7689,2.7522,0.6725780117494469,5.799999999999983,21.6,30.0
4.20299999974668,0.0,0.0,0.0601999999999996,0.6409,-1.1085,2.0246,0.6109117265583276,-3.9299999999999926,-21.3,-106.94999999999996,0.5469,-0.267,0.9658,0.8575,-0.7873,2.7578,0.6841138323033493,5.799999999999983,21.8,30.0
4.233999999240041,0.0,0.0,0.0626,0.6327,-1.0924,2.0124,0.6122697795071336,-3.9299999999999926,-21.4,-106.94999999999996,0.5632,-0.2716,0.9704,0.8651,-0.8108,2.7714,0.6957717250324255,5.799999999999983,21.9,30.0
4.25,0.0,0.0,0.0586,0.63,-1.1064,1.998,0.6122697795071336,-3.9299999999999926,-21.6,-106.94999999999996,0.5765,-0.2815,0.9996,0.8505,-0.8195,2.773,0.7077805752651255,5.899999999999977,22.0,30.0
4.2650000005960464,0.0,0.0,0.0722,0.6245,-1.1114,2.0024,0.6117357137407492,-3.9299999999999926,-21.700000000000003,-106.94999999999996,0.5901,-0.2776,1.0036,0.8467,-0.8404,2.7928,0.718767071030747,5.899999999999977,22.1,30.0
4.296000000089407,0.0,0.0,0.0774,0.6136,-1.1052,1.9832,0.6101182574196994,-4.029999999999987,-21.8,-106.94999999999996,0.6053,-0.2656,1.0246,0.8513,-0.8558,2.7934,0.7269001297016862,5.899999999999977,22.200000000000003,30.0
4.312000000849366,0.0,0.0,0.083,0.6002,-1.1168,1.9818,0.6104539559014267,-4.029999999999987,-21.9,-106.94999999999996,0.6164,-0.2795,1.0262,0.836,-0.8704,2.8114000000000003,0.7341329060807202,5.899999999999977,22.3,30.0
4.32799999974668,-0.025,0.0,0.106,0.604,-1.1072,1.9658,0.6101182574196994,-4.029999999999987,-22.0,-106.94999999999996,0.6192,-0.2761,1.0494,0.8351,-0.8904,2.8194,0.7407400625619898,5.899999999999977,22.4,30.0
4.343000000342727,-0.0359,0.0,0.0985999999999996,0.5959,-1.1099,1.959,0.610087739375906,-4.029999999999987,-22.200000000000003,-106.94999999999996,0.6352,-0.2735,1.0424,0.8105,-0.8954,2.8362,0.7469352254520486,5.899999999999977,22.6,30.0
4.375,-0.0702,0.0,0.1267999999999996,0.582,-1.1189,1.9474,0.6094468604562447,-4.129999999999996,-22.4,-106.84999999999998,0.6479,-0.2693,1.07,0.8104,-0.9288,2.8388000000000004,0.7469352254520486,5.899999999999977,22.700000000000003,30.0
4.375,-0.0955,0.0,0.1361999999999996,0.5737,-1.1151,1.9362,0.6094468604562447,-4.129999999999996,-22.5,-106.84999999999998,0.6577,-0.279,1.0846,0.7998,-0.9439,2.8466000000000005,0.7407400625619898,5.899999999999977,22.8,30.0
4.4059999994933605,-0.0928,0.0,0.1548,0.5679,-1.0867,1.9184,0.610087739375906,-4.22999999999999,-22.700000000000003,-106.84999999999998,0.6685,-0.2833,1.0902,0.8032,-0.9404,2.8634,0.7343923094529641,5.999999999999986,23.0,30.0
4.421000000089407,-0.1057,0.0,0.16,0.5479,-1.0883,1.9136,0.6094468604562447,-4.22999999999999,-22.8,-106.84999999999998,0.6869,-0.275,1.112,0.793,-0.9562,2.8748,0.7315693904020752,5.999999999999986,23.1,30.0
4.437000000849366,-0.1151,0.0,0.1726,0.5644,-1.0955,1.9054,0.6074937056534676,-4.329999999999984,-22.9,-106.75,0.703,-0.2703,1.1268,0.7981,-0.9784,2.884,0.7302113374532693,5.999999999999986,23.200000000000003,30.0
4.468000000342727,-0.1347,0.0,0.1876,0.5482,-1.1079,1.8992,0.5925703822384984,-4.329999999999984,-23.0,-106.75,0.703,-0.2854,1.134,0.7887,-0.9845,2.9019999999999997,0.7301350423437858,5.999999999999986,23.4,30.1
4.483999999240041,-0.1477,0.0,0.1932,0.5447,-1.0908,1.9018,0.5925703822384984,-4.429999999999993,-23.200000000000003,-106.75,0.7125,-0.2789,1.1514000000000002,0.7756,-0.9986,2.9118,0.7294941634241245,5.999999999999986,23.5,30.1
4.5,-0.144,0.0,0.2038,0.5295,-1.088,1.8838,0.5925703822384984,-4.429999999999993,-23.3,-106.64999999999998,0.7211,-0.2822,1.1584,0.782,-1.0207,2.9198,0.7291279468986038,5.999999999999986,23.700000000000003,30.1
4.5150000005960464,-0.1514,0.0,0.2117999999999996,0.5245,-1.082,1.8908,0.5921278706034943,-4.529999999999987,-23.4,-106.64999999999998,0.7389,-0.2783,1.1630000000000005,0.7751,-1.0356,2.9174,0.7277851529716945,5.999999999999986,23.8,30.1
4.5309999994933605,-0.1556,0.0,0.2306,0.5346,-1.0683,1.8886,0.5895490959029526,-4.529999999999987,-23.6,-106.64999999999998,0.7463,-0.2935,1.1734,0.7691,-1.0381,2.9515999999999996,0.7240619516289006,6.09999999999998,24.0,30.1
4.546000000089407,-0.1481,0.0,0.2361999999999996,0.5215,-1.0779,1.8742,0.5895490959029526,-4.629999999999996,-23.700000000000003,-106.54999999999998,0.7394,-0.2908,1.1844,0.7672,-1.0495,2.9480000000000004,0.7147692072938124,6.09999999999998,24.1,30.1
4.57799999974668,-0.161,0.0,0.2463999999999998,0.5283,-1.0773,1.8798,0.5856733043411917,-4.629999999999996,-23.9,-106.54999999999998,0.7566,-0.2775,1.1862,0.7569,-1.0493,2.9476,0.7112596322575723,6.09999999999998,24.3,30.2
4.593000000342727,-0.1669,0.0,0.2442,0.5278,-1.0656,1.873,0.5843457694361791,-4.629999999999996,-24.0,-106.54999999999998,0.7681,-0.2857,1.1942000000000002,0.7527,-1.0625,2.9488,0.7076127260242618,6.09999999999998,24.4,30.2
4.608999999240041,-0.167,0.0,0.2537999999999998,0.5161,-1.0817,1.8682,0.5843457694361791,-4.72999999999999,-24.200000000000003,-106.54999999999998,0.7802,-0.2756,1.1998,0.7576,-1.0723,2.979000000000001,0.704591439688716,6.09999999999998,24.6,30.2
4.6400000005960464,-0.1875,0.0,0.2588,0.5302,-1.0714,1.8804,0.5843457694361791,-4.72999999999999,-24.3,-106.54999999999998,0.7722,-0.2813,1.2064000000000001,0.7584,-1.0734,2.9760000000000004,0.7021194781414511,6.09999999999998,24.700000000000003,30.2
4.6559999994933605,-0.1743,0.0,0.2595999999999996,0.5196,-1.0765,1.8688,0.5843457694361791,-4.829999999999984,-24.4,-106.44999999999996,0.7889,-0.2736,1.2164,0.7491,-1.0933,2.9716,0.7010055695429923,6.199999999999989,24.9,30.2
4.671000000089407,-0.1767,0.0,0.2739999999999998,0.5148,-1.0716,1.8632,0.5843457694361791,-4.829999999999984,-24.6,-106.44999999999996,0.7787,-0.2786,1.2118000000000002,0.7504,-1.0931,2.983,0.7003799496452278,6.199999999999989,25.0,30.3
4.687000000849366,-0.1774,0.0,0.2857999999999998,0.5259,-1.0527,1.8614,0.585307087815671,-4.829999999999984,-24.700000000000003,-106.44999999999996,0.7937,-0.2798,1.2338,0.7469,-1.1035,2.984,0.6998001068131533,6.199999999999989,25.200000000000003,30.3
4.70299999974668,-0.1804,0.0,0.2836,0.5249,-1.0496,1.8618,0.5858716716258487,-4.929999999999993,-24.9,-106.44999999999996,0.8101,-0.2886,1.2386000000000001,0.7307,-1.1088,2.9916000000000005,0.6989913786526284,6.199999999999989,25.3,30.3
4.718000000342727,-0.1815,0.0,0.2942,0.5158,-1.0518,1.8566,0.5858716716258487,-4.929999999999993,-25.1,-106.34999999999998,0.8107,-0.2821,1.2352,0.7426,-1.1048,2.9992,0.6979385061417563,6.199999999999989,25.5,30.3
4.75,-0.1783,0.0,0.2985999999999998,0.5201,-1.0531,1.8672,0.5858716716258487,-5.029999999999987,-25.200000000000003,-106.34999999999998,0.8086,-0.281,1.2449999999999999,0.7505,-1.1077,3.0144,0.6968398565651942,6.299999999999983,25.6,30.3
4.7650000005960464,-0.1789,0.0,0.3058,0.521,-1.0462,1.8614,0.5855207141222247,-5.029999999999987,-25.4,-106.34999999999998,0.8076,-0.2847,1.2502,0.739,-1.1251,3.012,0.6964888990615702,6.299999999999983,25.8,30.3
4.7809999994933605,-0.183,0.0,0.307,0.511,-1.0651,1.871,0.5851392385748073,-5.129999999999996,-25.5,-106.34999999999998,0.8116,-0.2831,1.2472,0.7378,-1.1341,3.012,0.6964888990615702,6.299999999999983,26.0,30.3
4.796000000089407,-0.185,0.0,0.3206,0.5092,-1.053,1.8626,0.5846967269398031,-5.129999999999996,-25.700000000000003,-106.34999999999998,0.816,-0.2924,1.2574,0.7379,-1.1479,3.0324000000000004,0.6964888990615702,6.299999999999983,26.1,30.3
4.82799999974668,-0.2039,0.0,0.3393999999999996,0.5168,-1.0598,1.8582,0.5846967269398031,-5.129999999999996,-25.9,-106.25,0.8325,-0.2807,1.2531999999999999,0.7237,-1.1462,3.0342,0.6964888990615702,6.299999999999983,26.3,30.3
4.843000000342727,-0.19,0.0,0.3417999999999998,0.4922,-1.0613,1.8674,0.5846967269398031,-5.22999999999999,-26.0,-106.25,0.8249,-0.2838,1.2658,0.7345,-1.1449,3.0286000000000004,0.6964888990615702,6.299999999999983,26.4,30.3
4.858999999240041,-0.1825,0.0,0.3448,0.5025,-1.0495,1.858,0.5846814679179064,-5.22999999999999,-26.200000000000003,-106.25,0.8277,-0.283,1.2702,0.7155,-1.1557,3.0404000000000004,0.6971908140688182,6.399999999999977,26.6,30.3
4.875,-0.2,0.0,0.3438,0.4997,-1.0484,1.864,0.5846204318303196,-5.22999999999999,-26.4,-106.25,0.8432,-0.2839,1.2776,0.7234,-1.1702,3.0516,0.6981368734264134,6.399999999999977,26.8,30.3
4.8900000005960464,-0.2028,0.0,0.3534,0.5122,-1.0376,1.86,0.584452582589456,-5.22999999999999,-26.5,-106.25,0.8481,-0.2741,1.2742,0.7338,-1.1706,3.063,0.7000595101853971,6.399999999999977,27.0,30.3
4.921000000089407,-0.1867,0.0,0.3591999999999998,0.5081,-1.033,1.8598,0.5840558480201419,-5.329999999999984,-26.700000000000003,-106.25,0.8496,-0.2831,1.2788,0.7222,-1.1813,3.054,0.7007461661707485,6.399999999999977,27.1,30.3
4.937000000849366,-0.2053,0.0,0.3701999999999998,0.5112,-1.0422,1.8646,0.5839948119325551,-5.329999999999984,-26.9,-106.25,0.861,-0.276,1.2813999999999999,0.7162,-1.1913,3.0592,0.7023178454261082,6.499999999999986,27.3,30.3
4.95299999974668,-0.1968,0.0,0.3611999999999998,0.5069,-1.0311,1.8536,0.5834149691004806,-5.429999999999993,-27.0,-106.14999999999998,0.8673,-0.2751,1.2904000000000002,0.7171,-1.1873,3.075800000000001,0.7027145799954223,6.499999999999986,27.5,30.3
4.968000000342727,-0.2074,0.0,0.3708,0.5029,-1.0306,1.8614,0.582087434195468,-5.429999999999993,-27.200000000000003,-106.14999999999998,0.8578,-0.2708,1.2826,0.7134,-1.2001,3.0802,0.703080796520943,6.499999999999986,27.6,30.3
4.983999999240041,-0.1997,0.0,0.3818,0.4966,-1.0363,1.857,0.5818127718013275,-5.529999999999987,-27.3,-106.14999999999998,0.8622,-0.2767,1.2872000000000001,0.7119,-1.2019,3.0616,0.7033401998931869,6.499999999999986,27.8,30.4
5.0,-0.2069,0.0,0.3948,0.4978,-1.039,1.8612,0.581736476691844,-5.529999999999987,-27.5,-106.14999999999998,0.8615,-0.2671,1.2908,0.7101,-1.2158,3.0756,0.7037064164187076,6.499999999999986,27.9,30.4
5.0309999994933605,-0.2103,0.0,0.3901999999999998,0.5049,-1.0255,1.8676,0.5815686274509804,-5.629999999999996,-27.6,-106.04999999999998,0.8701,-0.2684,1.2984,0.7053,-1.2083,3.0816,0.7040115968566415,6.59999999999998,28.1,30.4
5.046000000089407,-0.202,0.0,0.3938,0.5028,-1.0266,1.8674,0.5815686274509804,-5.629999999999996,-27.8,-106.04999999999998,0.8704,-0.2735,1.2864,0.7075,-1.2082,3.0942,0.7043625543602655,6.59999999999998,28.200000000000003,30.4
5.062000000849366,-0.2073,0.0,0.3952,0.4981,-1.0257,1.874,0.5814312962539101,-5.72999999999999,-28.0,-106.04999999999998,0.8687,-0.2683,1.2893999999999999,0.7066,-1.2198,3.0986,0.7048203250171664,6.59999999999998,28.4,30.4
5.093000000342727,-0.2002,0.0,0.4028,0.5031,-1.0331,1.8622,0.5814312962539101,-5.829999999999984,-28.1,-105.94999999999996,0.885,-0.2575,1.2984,0.7035,-1.2328,3.1064,0.7053238727397574,6.59999999999998,28.6,30.4
5.108999999240041,-0.2001,0.0,0.4061999999999998,0.5048,-1.0308,1.8612,0.581232928969253,-5.829999999999984,-28.3,-105.94999999999996,0.8891,-0.2653,1.298,0.7051,-1.222,3.1044,0.7062699320973526,6.59999999999998,28.700000000000003,30.5
5.125,-0.1945,0.0,0.4032,0.4951,-1.0184,1.8604,0.5810650797283894,-5.929999999999993,-28.4,-105.94999999999996,0.8813,-0.2738,1.3074000000000001,0.7003,-1.2323,3.1156,0.7065903715571832,6.699999999999989,28.9,30.5
5.1400000005960464,-0.2061,0.0,0.4192,0.488,-1.0299,1.864,0.5810650797283894,-5.929999999999993,-28.6,-105.84999999999998,0.9026,-0.2624,1.3094,0.7005,-1.2339,3.1114,0.7070786602578775,6.699999999999989,29.1,30.5
5.171000000089407,-0.2102,0.0,0.4143999999999998,0.4994,-1.0155,1.8698,0.5810193026626993,-6.029999999999987,-28.8,-105.84999999999998,0.9071,-0.2657,1.3204,0.692,-1.2521,3.1142,0.7072922865644312,6.699999999999989,29.200000000000003,30.5
5.187000000849366,-0.2205,0.0,0.4183999999999998,0.4956,-1.0174,1.868,0.5810193026626993,-6.029999999999987,-28.9,-105.84999999999998,0.8919,-0.253,1.3192,0.691,-1.2503,3.1188,0.7078110933089189,6.699999999999989,29.4,30.5
5.20299999974668,-0.2165,0.0,0.4278,0.5005,-1.0098,1.872,0.5810193026626993,-6.029999999999987,-29.1,-105.84999999999998,0.9178,-0.2629,1.322,0.681,-1.2459,3.1332,0.7078110933089189,6.699999999999989,29.5,30.5
5.218000000342727,-0.2193,0.0,0.4357999999999998,0.5011,-1.0095,1.8742,0.5810193026626993,-6.129999999999996,-29.200000000000003,-105.84999999999998,0.9117,-0.2486,1.3108,0.6863,-1.2523,3.1198,0.707856870374609,6.799999999999983,29.700000000000003,30.5
5.233999999240041,-0.2152,0.0,0.435,0.4832,-1.0146,1.869,0.5810193026626993,-6.129999999999996,-29.4,-105.84999999999998,0.9066,-0.2598,1.3072000000000001,0.6912,-1.266,3.1318,0.7078873884184024,6.799999999999983,29.8,30.6
5.2650000005960464,-0.2132,0.0,0.435,0.5009,-1.0097,1.8734,0.5812024109254597,-6.129999999999996,-29.6,-105.84999999999998,0.9088,-0.2465,1.3078,0.6793,-1.275,3.135,0.7079026474402991,6.799999999999983,30.0,30.6
5.2809999994933605,-0.2164,0.0,0.4356,0.4926,-0.9996,1.8634,0.5812176699473564,-6.22999999999999,-29.700000000000003,-105.75,0.9136,-0.2526,1.3262,0.6881,-1.2675,3.1388,0.7079026474402991,6.799999999999983,30.200000000000003,30.6
5.296000000089407,-0.2128,0.0,0.4456,0.5091,-1.0016,1.878,0.58138551918822,-6.22999999999999,-29.9,-105.75,0.912,-0.2603,1.3174,0.6815,-1.2791,3.136000000000001,0.7079026474402991,6.899999999999977,30.3,30.6
5.312000000849366,-0.2181,0.0,0.4456,0.4889,-1.0121,1.8592,0.5814770733196002,-6.329999999999984,-30.1,-105.75,0.9112,-0.2472,1.3135999999999999,0.6743,-1.2877,3.1516,0.7079026474402991,6.899999999999977,30.5,30.6
5.32799999974668,-0.2148,0.0,0.4571999999999998,0.4837,-1.0168,1.8778,0.5814923323414969,-6.329999999999984,-30.200000000000003,-105.75,0.925,-0.2508,1.3274000000000001,0.6702,-1.2919,3.1462,0.7079789425497826,6.899999999999977,30.700000000000003,30.7
5.343000000342727,-0.2148,0.0,0.448,0.4974,-1.0067,1.8717999999999997,0.5815228503852903,-6.429999999999993,-30.4,-105.64999999999998,0.9149,-0.2494,1.3232,0.6793,-1.2893,3.1463999999999994,0.7079789425497826,6.899999999999977,30.8,30.7
5.375,-0.2229,0.0,0.4625999999999998,0.4868,-0.9997,1.8768,0.5815228503852903,-6.429999999999993,-30.5,-105.64999999999998,0.9263,-0.2482,1.3238,0.6711,-1.2937,3.1672,0.7079789425497826,6.899999999999977,31.0,30.7
5.3900000005960464,-0.2192,0.0,0.4598,0.4978,-0.9923,1.8884,0.5816449225604639,-6.529999999999987,-30.700000000000003,-105.64999999999998,0.9428,-0.2507,1.333,0.6741,-1.288,3.1646,0.7076127260242618,6.999999999999986,31.1,30.7
5.4059999994933605,-0.222,0.0,0.4659999999999998,0.4895,-0.9984,1.8666,0.5818738078889143,-6.529999999999987,-30.8,-105.64999999999998,0.9284,-0.2365,1.3304,0.6751,-1.2994,3.1606,0.7071091783016709,6.999999999999986,31.3,30.7
5.421000000089407,-0.2267,0.0,0.4774,0.502,-1.0051,1.8756,0.5820721751735713,-6.629999999999996,-31.0,-105.54999999999998,0.937,-0.2457,1.3334000000000001,0.6671,-1.3054,3.1668,0.7067277027542535,6.999999999999986,31.4,30.7
5.45299999974668,-0.2273,0.0,0.4854,0.479,-0.9969,1.8838,0.5820721751735713,-6.629999999999996,-31.1,-105.54999999999998,0.9436,-0.2507,1.341,0.6663,-1.3049,3.1724,0.7062699320973526,6.999999999999986,31.6,30.7
5.468000000342727,-0.2154,0.0,0.4633999999999998,0.4827,-0.9974,1.8660000000000003,0.5820721751735713,-6.72999999999999,-31.3,-105.44999999999996,0.9415,-0.2476,1.3294,0.6708,-1.3056,3.159,0.7055985351338979,6.999999999999986,31.800000000000004,30.7
5.483999999240041,-0.2202,0.0,0.481,0.4835,-0.9978,1.882,0.5819043259327077,-6.829999999999984,-31.5,-105.44999999999996,0.9397,-0.2378,1.3357999999999999,0.6539,-1.316,3.1678,0.7050339513237202,7.09999999999998,31.9,30.8
5.5,-0.2148,0.0,0.4765999999999998,0.4878,-0.9962,1.8786,0.5819043259327077,-6.829999999999984,-31.6,-105.34999999999998,0.9434,-0.2344,1.3304,0.6662,-1.3071,3.1836,0.70494239719234,7.09999999999998,32.1,30.8
5.5150000005960464,-0.2167,0.0,0.4787999999999998,0.4884,-0.9949,1.8786,0.5819043259327077,-6.929999999999993,-31.8,-105.34999999999998,0.9391,-0.2392,1.3392000000000002,0.6603,-1.3177,3.1836,0.7047745479514763,7.09999999999998,32.300000000000004,30.8
5.546000000089407,-0.2219,0.0,0.4926,0.4868,-0.9895,1.8806,0.5819043259327077,-6.929999999999993,-31.9,-105.34999999999998,0.9522,-0.2401,1.3399999999999999,0.6508,-1.32,3.1774,0.7044235904478523,7.09999999999998,32.4,30.8
5.562000000849366,-0.2243,0.0,0.4874,0.4825,-0.9963,1.8886,0.5819043259327077,-7.029999999999987,-32.1,-105.34999999999998,0.9554,-0.2316,1.3442,0.6502,-1.3353,3.1838,0.7029892423895628,7.199999999999989,32.6,30.8
5.57799999974668,-0.2321,0.0,0.4915999999999998,0.4858,-0.9875,1.8826,0.5819501029983978,-7.029999999999987,-32.2,-105.25,0.9563,-0.2317,1.3378000000000003,0.6492,-1.325,3.185,0.7025619897764553,7.199999999999989,32.7,30.8
5.608999999240041,-0.2275,0.0,0.496,0.4785,-1.0,1.885,0.5819958800640879,-7.129999999999996,-32.4,-105.25,0.9447,-0.2347,1.3376000000000001,0.6546,-1.3368,3.1698,0.7022873273823148,7.199999999999989,32.9,30.8
5.625,-0.2214,0.0,0.5031999999999998,0.4831,-0.9966,1.8846,0.5821484702830548,-7.129999999999996,-32.5,-105.25,0.9557,-0.2241,1.3496,0.6537,-1.338,3.1948000000000003,0.7022720683604181,7.199999999999989,33.0,30.8
5.6400000005960464,-0.2308,0.0,0.4989999999999998,0.4825,-0.9858,1.893,0.5821484702830548,-7.129999999999996,-32.7,-105.25,0.9502,-0.2319,1.3356000000000001,0.6546,-1.3423,3.1897999999999995,0.7021194781414511,7.199999999999989,33.2,30.8
5.6559999994933605,-0.2237,0.0,0.4991999999999998,0.4938,-0.9837,1.8932,0.5821484702830548,-7.22999999999999,-32.9,-105.25,0.9599,-0.2238,1.3384,0.6425,-1.3293,3.2028,0.7020431830319677,7.199999999999989,33.300000000000004,30.8
5.671000000089407,-0.2344,0.0,0.5023999999999998,0.4781,-0.9873,1.885,0.5821484702830548,-7.22999999999999,-33.0,-105.14999999999998,0.9573,-0.2329,1.3372,0.647,-1.3388,3.1976,0.7019668879224842,7.299999999999983,33.5,30.8
5.687000000849366,-0.2304,0.0,0.5092,0.4765,-0.987,1.8956,0.5819806210421912,-7.329999999999984,-33.2,-105.14999999999998,0.9639,-0.2285,1.3479999999999999,0.6469,-1.3534,3.1966000000000014,0.7019058518348974,7.299999999999983,33.6,30.8
5.718000000342727,-0.2234,0.0,0.5212,0.469,-0.9954,1.8924,0.5819806210421912,-7.329999999999984,-33.300000000000004,-105.14999999999998,0.9719,-0.2343,1.3399999999999999,0.6529,-1.3514,3.203,0.701722743572137,7.299999999999983,33.800000000000004,30.8
5.733999999240041,-0.223,0.0,0.518,0.4698,-0.9899,1.8872,0.5819806210421912,-7.429999999999993,-33.5,-105.14999999999998,0.9598,-0.2371,1.3448,0.6398,-1.3478,3.207,0.701722743572137,7.299999999999983,33.9,30.8
5.75,-0.2358,0.0,0.5222,0.4714,-0.9848,1.8854,0.5819501029983978,-7.429999999999993,-33.6,-105.04999999999998,0.9718,-0.2246,1.3452,0.6406,-1.3532,3.206,0.701722743572137,7.399999999999977,34.1,30.8
5.7650000005960464,-0.2368,0.0,0.5336,0.47,-0.9887,1.8854,0.5818585488670176,-7.529999999999987,-33.7,-105.04999999999998,0.9685,-0.2289,1.3526,0.6307,-1.3543,3.2104,0.701722743572137,7.399999999999977,34.2,30.9
5.7809999994933605,-0.2282,0.0,0.5182,0.4779,-0.9735,1.8944,0.5817669947356374,-7.529999999999987,-33.800000000000004,-105.04999999999998,0.9654,-0.225,1.3462000000000003,0.6306,-1.3616,3.2098,0.701722743572137,7.399999999999977,34.300000000000004,30.9
5.812000000849366,-0.2398,0.0,0.5256,0.4741,-0.9791,1.8874,0.5816449225604639,-7.6299999999999955,-34.0,-104.94999999999996,0.9781,-0.2283,1.3476,0.6421,-1.3581,3.216800000000001,0.701875333791104,7.399999999999977,34.5,30.9
5.82799999974668,-0.2296,0.0,0.5233999999999998,0.4762,-0.9792,1.894,0.5812939650568398,-7.6299999999999955,-34.1,-104.94999999999996,0.9759,-0.2305,1.3557999999999997,0.6278,-1.3659,3.2158,0.7020126649881743,7.399999999999977,34.6,30.9
5.843000000342727,-0.2229,0.0,0.5459999999999998,0.4762,-0.9765,1.8964,0.5812481879911497,-7.72999999999999,-34.300000000000004,-104.94999999999996,0.9695,-0.2115,1.3346,0.6261,-1.3649,3.2112,0.7021194781414511,7.499999999999986,34.800000000000004,30.9
5.858999999240041,-0.229,0.0,0.5172,0.4673,-0.9882,1.8902,0.5808209353780422,-7.829999999999984,-34.4,-104.84999999999998,0.9767,-0.2168,1.3514000000000002,0.6246,-1.3655,3.222,0.7022415503166247,7.499999999999986,34.9,31.0
5.8900000005960464,-0.2299,0.0,0.5452,0.4686,-0.9817,1.8936,0.5806530861371786,-7.829999999999984,-34.5,-104.84999999999998,0.9856,-0.2154,1.351,0.6385,-1.3731,3.227,0.7022415503166247,7.499999999999986,35.1,31.0
5.9059999994933605,-0.2416,0.0,0.5414,0.4686,-0.9823,1.8999999999999997,0.5806378271152819,-7.929999999999993,-34.6,-104.75,0.9895,-0.214,1.3462000000000003,0.6257,-1.3802,3.2205999999999997,0.7022568093385214,7.499999999999986,35.2,31.0
5.921000000089407,-0.2261,0.0,0.5294,0.4742,-0.9829,1.908,0.5806073090714885,-7.929999999999993,-34.800000000000004,-104.75,0.9933,-0.216,1.3538,0.626,-1.3723,3.2256,0.7022568093385214,7.59999999999998,35.300000000000004,31.0
5.95299999974668,-0.229,0.0,0.5414,0.4657,-0.9819,1.9044,0.5805615320057984,-8.029999999999987,-34.9,-104.75,0.9878,-0.2212,1.3494,0.6258,-1.3754,3.2294,0.7022568093385214,7.59999999999998,35.4,31.0
5.968000000342727,-0.2363,0.0,0.5504,0.4672,-0.98,1.902,0.5803631647211414,-8.029999999999987,-35.0,-104.75,0.9858,-0.2085,1.3526,0.6133,-1.3704,3.2318,0.7022568093385214,7.59999999999998,35.6,31.0
5.968000000342727,-0.2346,0.0,0.5479999999999996,0.4776,-0.9775,1.9024,0.580027466239414,-8.029999999999987,-35.1,-104.64999999999998,0.9804,-0.212,1.3528000000000002,0.626,-1.3784,3.2354,0.7022568093385214,7.59999999999998,35.7,31.0
6.0,-0.2323,0.0,0.5542,0.4662,-0.9724,1.9022,0.5799053940642405,-8.129999999999995,-35.300000000000004,-104.64999999999998,0.9902,-0.2102,1.3554000000000002,0.6205,-1.3844,3.2306000000000004,0.7026230258640421,7.59999999999998,35.800000000000004,31.0
6.0150000005960464,-0.2394,0.0,0.5562,0.47,-0.9757,1.9074,0.5797528038452735,-8.129999999999995,-35.4,-104.64999999999998,1.0005,-0.209,1.3616000000000001,0.6254,-1.3901,3.23,0.7028976882581827,7.59999999999998,35.9,31.0
6.0309999994933605,-0.2332,0.0,0.5526,0.4571,-0.9849,1.9038,0.5796459906919966,-8.129999999999995,-35.5,-104.64999999999998,0.9992,-0.2121,1.3536000000000001,0.6205,-1.3791,3.2416,0.703080796520943,7.699999999999989,36.1,31.0
6.062000000849366,-0.2438,0.0,0.5694,0.4705,-0.9764,1.9074,0.5794476234073396,-8.22999999999999,-35.6,-104.64999999999998,0.9998,-0.2061,1.3548000000000002,0.6214,-1.3925,3.2327999999999997,0.7033401998931869,7.699999999999989,36.2,31.0
6.07799999974668,-0.2372,0.0,0.5538,0.4643,-0.9815,1.9106,0.5793408102540627,-8.22999999999999,-35.7,-104.54999999999998,0.985,-0.2108,1.3507999999999998,0.6075,-1.4004,3.2438,0.7035080491340505,7.699999999999989,36.3,31.0
6.093000000342727,-0.24,0.0,0.5608,0.4698,-0.9719,1.9166,0.5792950331883726,-8.22999999999999,-35.800000000000004,-104.54999999999998,0.9924,-0.2095,1.3654,0.6176,-1.3909,3.236,0.7035233081559472,7.699999999999989,36.4,31.0
6.125,-0.2484,0.0,0.5728,0.452,-0.9738,1.9114,0.5792187380788891,-8.329999999999984,-36.0,-104.54999999999998,1.0006,-0.2156,1.3572,0.6183,-1.3945,3.2495999999999996,0.703736934462501,7.699999999999989,36.5,31.0
6.1400000005960464,-0.237,0.0,0.5582,0.4615,-0.9738,1.9154,0.5788372625314717,-8.329999999999984,-36.1,-104.54999999999998,0.9925,-0.2066,1.3545999999999998,0.614,-1.4013,3.2422000000000004,0.7039200427252613,7.699999999999989,36.6,31.0
6.1400000005960464,-0.2449,0.0,0.5554,0.46,-0.9761,1.9146,0.5785778591592279,-8.429999999999993,-36.2,-104.54999999999998,0.9995,-0.2101,1.3522,0.6084,-1.3865,3.2524,0.7041489280537118,7.799999999999983,36.7,31.1
6.171000000089407,-0.2385,0.0,0.5734,0.4614,-0.9812,1.914,0.5785168230716411,-8.429999999999993,-36.3,-104.44999999999996,1.0106,-0.2039,1.3644000000000005,0.6177,-1.3941,3.2448,0.7043167772945754,7.799999999999983,36.9,31.1
6.187000000849366,-0.233,0.0,0.5669999999999998,0.4542,-0.9744,1.9194,0.5783947508964675,-8.529999999999987,-36.4,-104.44999999999996,1.0041,-0.2006,1.3575999999999997,0.6153,-1.3954,3.2486,0.7045151445792325,7.799999999999983,37.0,31.1
6.20299999974668,-0.2444,0.0,0.5769999999999998,0.4525,-0.9698,1.9136,0.5782574196993973,-8.529999999999987,-36.5,-104.44999999999996,1.0073,-0.2051,1.3625999999999998,0.6112,-1.4049,3.2428000000000003,0.70494239719234,7.799999999999983,37.1,31.1
6.233999999240041,-0.242,0.0,0.5814,0.4538,-0.9696,1.912,0.5782269016556039,-8.629999999999995,-36.6,-104.34999999999998,0.9953,-0.2026,1.3559999999999999,0.6063,-1.4093,3.2552,0.70494239719234,7.799999999999983,37.2,31.1
6.25,-0.2452,0.0,0.5874,0.4623,-0.9694,1.9248,0.5781506065461204,-8.629999999999995,-36.7,-104.34999999999998,1.0001,-0.2018,1.354,0.6044,-1.4076,3.252,0.70494239719234,7.799999999999983,37.3,31.1
6.2650000005960464,-0.2441,0.0,0.5812000000000002,0.4604,-0.9687,1.9272,0.5780895704585336,-8.72999999999999,-36.8,-104.25,1.0017,-0.1984,1.3526,0.6057,-1.407,3.2579999999999996,0.7048661020828565,7.899999999999977,37.4,31.1
6.2809999994933605,-0.24,0.0,0.5856,0.4523,-0.9744,1.9196,0.5780743114366369,-8.72999999999999,-36.8,-104.25,1.0144,-0.204,1.3696,0.6037,-1.4025,3.2571999999999997,0.7048661020828565,7.899999999999977,37.5,31.0
6.312000000849366,-0.2313,0.0,0.5791999999999998,0.4451,-0.968,1.9238,0.5779827573052567,-8.829999999999984,-36.9,-104.25,1.0066,-0.2031,1.3544,0.6007,-1.4156,3.2588000000000004,0.7048661020828565,7.899999999999977,37.6,31.0
6.32799999974668,-0.2486,0.0,0.5874,0.4485,-0.9721,1.9218,0.5779827573052567,-8.829999999999984,-37.0,-104.14999999999998,0.9984,-0.2101,1.3648,0.6034,-1.42,3.2584,0.7048508430609598,7.899999999999977,37.7,31.0
6.343000000342727,-0.2294,0.0,0.5774,0.4583,-0.969,1.9302,0.5779827573052567,-8.829999999999984,-37.1,-104.14999999999998,1.0044,-0.1984,1.3544,0.5884,-1.4221,3.2562,0.7048203250171664,7.899999999999977,37.8,31.0
6.358999999240041,-0.2426,0.0,0.5921999999999998,0.4403,-0.9738,1.9236,0.5779064621957732,-8.929999999999993,-37.2,-104.14999999999998,1.0083,-0.1943,1.3534,0.5986,-1.4282,3.2626000000000004,0.7048508430609598,7.899999999999977,37.8,31.0
6.375,-0.2482,0.0,0.5824,0.4486,-0.967,1.9232,0.5778606851300832,-8.929999999999993,-37.3,-104.14999999999998,1.0047,-0.1983,1.3498,0.5884,-1.4249,3.2602,0.7048508430609598,7.899999999999977,37.9,31.0
6.4059999994933605,-0.2448,0.0,0.5931999999999998,0.4503,-0.9699,1.929,0.5778606851300832,-8.929999999999993,-37.4,-104.14999999999998,1.0008,-0.1958,1.352,0.5848,-1.4208,3.26,0.7049271381704433,7.899999999999977,38.0,31.0
6.421000000089407,-0.2483,0.0,0.5906,0.4491,-0.9483,1.927,0.5778606851300832,-8.929999999999993,-37.5,-104.14999999999998,1.0074,-0.1945,1.3554000000000002,0.5938,-1.418,3.2726000000000006,0.7049576562142367,7.999999999999986,38.1,31.0
6.437000000849366,-0.2406,0.0,0.6026,0.4518,-0.9682,1.9324,0.5778606851300832,-9.029999999999989,-37.6,-104.14999999999998,0.9998,-0.2054,1.3578000000000001,0.6003,-1.4169,3.2718,0.7049576562142367,7.999999999999986,38.2,31.1
6.468000000342727,-0.2394,0.0,0.6152,0.4409,-0.9696,1.9376,0.5778606851300832,-9.029999999999989,-37.6,-104.04999999999998,1.017,-0.1809,1.3642,0.5896,-1.4282,3.2674,0.7053391317616541,7.999999999999986,38.3,31.1
6.468000000342727,-0.2468,0.0,0.6063999999999998,0.4417,-0.9648,1.9334,0.5779369802395666,-9.029999999999989,-37.7,-104.04999999999998,1.0093,-0.1877,1.3516000000000001,0.5808,-1.4364,3.2646,0.7053696498054475,7.999999999999986,38.4,31.1
6.5,-0.2547,0.0,0.601,0.4468,-0.9656,1.941,0.5779369802395666,-9.029999999999989,-37.8,-104.04999999999998,1.0262,-0.1951,1.3586,0.5916,-1.4262,3.2636,0.7053696498054475,7.999999999999986,38.5,31.1
6.5150000005960464,-0.2449,0.0,0.5988,0.4316,-0.9689,1.9304,0.5779369802395666,-9.029999999999989,-37.9,-104.04999999999998,1.015,-0.1861,1.3557999999999997,0.5917,-1.4366,3.2674,0.7055069810025177,8.09999999999998,38.5,31.1
6.5309999994933605,-0.249,0.0,0.6041999999999998,0.4339,-0.9649,1.9334,0.5779369802395666,-9.129999999999995,-38.0,-104.04999999999998,1.0199,-0.199,1.3656,0.5846,-1.4344,3.268,0.7055985351338979,8.09999999999998,38.6,31.1
6.546000000089407,-0.2514,0.0,0.603,0.4473,-0.9623,1.9376,0.5779369802395666,-9.129999999999995,-38.0,-104.04999999999998,1.0173,-0.1796,1.3579999999999999,0.5902,-1.4374,3.272,0.7061020828564889,8.09999999999998,38.7,31.2
6.57799999974668,-0.2521,0.0,0.6062,0.4482,-0.9589,1.9462,0.5778606851300832,-9.129999999999995,-38.1,-103.94999999999996,1.0119,-0.1866,1.36,0.5709,-1.4349,3.2742,0.7063614862287327,8.09999999999998,38.8,31.2
6.593000000342727,-0.2574,0.0,0.6142,0.4377,-0.9663,1.949,0.5778606851300832,-9.22999999999999,-38.2,-103.94999999999996,1.0171,-0.1915,1.3638000000000001,0.5866,-1.4331,3.2796,0.7065598535133898,8.09999999999998,38.9,31.2
6.608999999240041,-0.2504,0.0,0.6172,0.4415,-0.9671,1.9386,0.5777843900205997,-9.22999999999999,-38.2,-103.94999999999996,1.0286,-0.1823,1.3636,0.5827,-1.439,3.2792,0.7066666666666667,8.09999999999998,38.9,31.2
6.625,-0.2574,0.0,0.6199999999999998,0.4401,-0.9683,1.9496,0.5777386129549096,-9.22999999999999,-38.3,-103.94999999999996,1.0176,-0.184,1.3625999999999998,0.574,-1.4404,3.2766,0.7071396963454643,8.199999999999989,39.0,31.2
6.6400000005960464,-0.2506,0.0,0.6156,0.4451,-0.9595,1.9464,0.5775860227359426,-9.22999999999999,-38.4,-103.94999999999996,1.0155,-0.1876,1.3606,0.5832,-1.4461,3.2812,0.7073685816739147,8.199999999999989,39.1,31.3
6.6559999994933605,-0.2538,0.0,0.6193999999999998,0.4319,-0.9699,1.9414,0.5775249866483558,-9.22999999999999,-38.5,-103.94999999999996,1.0181,-0.1892,1.3594000000000002,0.5751,-1.4486,3.2726000000000006,0.7076432440680552,8.199999999999989,39.1,31.3
6.687000000849366,-0.261,0.0,0.6255999999999996,0.4322,-0.9564,1.9326,0.5774792095826657,-9.329999999999984,-38.5,-103.94999999999996,1.0238,-0.1845,1.368,0.5726,-1.458,3.2688,0.7077347981994354,8.199999999999989,39.2,31.3
6.70299999974668,-0.2588,0.0,0.6392,0.4417,-0.9573,1.95,0.5772045471885252,-9.329999999999984,-38.6,-103.84999999999998,1.0183,-0.181,1.3646,0.5755,-1.4595,3.2806,0.7081773098344396,8.199999999999989,39.3,31.3
6.718000000342727,-0.2582,0.0,0.6293999999999998,0.419,-0.97,1.9486,0.5770214389257649,-9.329999999999984,-38.7,-103.84999999999998,1.0274,-0.1787,1.3650000000000002,0.5713,-1.4501,3.2815999999999996,0.7083909361409934,8.199999999999989,39.3,31.3
6.75,-0.2614,0.0,0.6395999999999998,0.4229,-0.9703,1.949,0.5766552224002441,-9.329999999999984,-38.7,-103.84999999999998,1.0284,-0.1826,1.3681999999999999,0.5648,-1.4482,3.2874,0.7091233691920348,8.199999999999989,39.4,31.3
6.7650000005960464,-0.2552,0.0,0.6323999999999999,0.426,-0.9543,1.9508,0.5766399633783474,-9.329999999999984,-38.8,-103.84999999999998,1.0298,-0.1843,1.373,0.5643,-1.4647,3.2832000000000003,0.7093064774547951,8.199999999999989,39.5,31.3
6.7809999994933605,-0.2587,0.0,0.6401999999999998,0.442,-0.9661,1.9563999999999997,0.5764721141374838,-9.429999999999993,-38.8,-103.84999999999998,1.0245,-0.1808,1.3694,0.559,-1.4568,3.2874,0.7093369954985885,8.199999999999989,39.5,31.2
6.796000000089407,-0.2664,0.0,0.6336,0.4169,-0.9713,1.947,0.5763653009842069,-9.429999999999993,-38.9,-103.84999999999998,1.0275,-0.1739,1.3705999999999998,0.5683,-1.4552,3.2846,0.7102525368123903,8.199999999999989,39.6,31.2
6.812000000849366,-0.2596,0.0,0.6382,0.4298,-0.9547,1.957,0.5760906385900664,-9.429999999999993,-38.9,-103.75,1.0315,-0.1806,1.3601999999999999,0.5684,-1.4543,3.2891999999999997,0.710771343556878,8.199999999999989,39.6,31.2
6.843000000342727,-0.2696,0.0,0.6358,0.4194,-0.9659,1.9498,0.5760448615243763,-9.529999999999989,-39.0,-103.75,1.0251,-0.1775,1.3690000000000007,0.5542,-1.4636,3.2910000000000004,0.7112138551918822,8.199999999999989,39.7,31.2
6.858999999240041,-0.2556,0.0,0.6547999999999996,0.4257,-0.9711,1.9576,0.5759533073929961,-9.529999999999989,-39.0,-103.75,1.0263,-0.1807,1.359,0.5612,-1.4682,3.2870000000000004,0.7112901503013657,8.199999999999989,39.7,31.2
6.875,-0.2406,0.0,0.635,0.4207,-0.9658,1.9612,0.575754940108339,-9.529999999999989,-39.0,-103.64999999999998,1.0268,-0.1826,1.3592000000000002,0.5621,-1.4529,3.2818000000000005,0.7115037766079194,8.199999999999989,39.8,31.2
6.8900000005960464,-0.2598,0.0,0.6365999999999998,0.4228,-0.9729,1.9536,0.5755413138017853,-9.629999999999995,-39.1,-103.64999999999998,1.0278,-0.1697,1.3690000000000007,0.5639,-1.4648,3.2844,0.7115953307392996,8.299999999999983,39.8,31.2
6.921000000089407,-0.2601,0.0,0.643,0.4287,-0.9641,1.959,0.5754497596704051,-9.629999999999995,-39.1,-103.64999999999998,1.0376,-0.1756,1.3545999999999998,0.5556,-1.4671,3.2926,0.7118547341115434,8.299999999999983,39.9,31.2
6.937000000849366,-0.2592,0.0,0.648,0.4188,-0.9789,1.9624,0.5754497596704051,-9.629999999999995,-39.2,-103.64999999999998,1.0439,-0.1677,1.3579999999999999,0.5527,-1.474,3.2916000000000003,0.7118547341115434,8.299999999999983,39.9,31.2
6.937000000849366,-0.266,0.0,0.6438,0.4266,-0.9573,1.9648,0.5753124284733349,-9.629999999999995,-39.2,-103.64999999999998,1.0211,-0.1796,1.3644000000000005,0.5532,-1.4642,3.289,0.711976806286717,8.299999999999983,40.0,31.2
6.968000000342727,-0.2584,0.0,0.6502,0.4242,-0.9622,1.9552,0.5753124284733349,-9.629999999999995,-39.2,-103.64999999999998,1.0348,-0.1675,1.357,0.5501,-1.4699,3.2992000000000004,0.7122972457465476,8.299999999999983,40.0,31.2
6.983999999240041,-0.2696,0.0,0.6543999999999998,0.4184,-0.9551,1.9654,0.5748851758602274,-9.72999999999999,-39.3,-103.64999999999998,1.0413,-0.1691,1.3614000000000004,0.5454,-1.4641,3.2952,0.7123887998779278,8.299999999999983,40.0,31.2
7.0,-0.2679,0.0,0.6603999999999998,0.4181,-0.96,1.9628000000000003,0.5746715495536736,-9.72999999999999,-39.3,-103.64999999999998,1.0202,-0.18,1.3559999999999999,0.558,-1.4701,3.2926,0.7125871671625849,8.299999999999983,40.1,31.2
7.0309999994933605,-0.2592,0.0,0.6587999999999998,0.4297,-0.9548,1.972,0.5746562905317769,-9.72999999999999,-39.4,-103.64999999999998,1.0437,-0.1789,1.3686,0.5586,-1.4651,3.3030000000000004,0.7127397573815518,8.299999999999983,40.1,31.2
7.046000000089407,-0.2521,0.0,0.6514,0.4179,-0.9654,1.9642,0.5743663691157397,-9.72999999999999,-39.4,-103.64999999999998,1.0315,-0.1733,1.3595999999999997,0.5462,-1.4734,3.2944,0.7134874494544899,8.299999999999983,40.2,31.2
7.062000000849366,-0.2637,0.0,0.6495999999999998,0.4202,-0.9569,1.9724,0.5741374837872892,-9.72999999999999,-39.5,-103.64999999999998,1.0415,-0.1734,1.3583999999999998,0.5434,-1.488,3.2966,0.71353322652018,8.299999999999983,40.2,31.2
7.07799999974668,-0.2744,0.0,0.6603999999999998,0.4207,-0.9614,1.9702,0.5740154116121157,-9.72999999999999,-39.5,-103.64999999999998,1.0334,-0.1656,1.3608,0.55,-1.4724,3.3018,0.7135637445639734,8.299999999999983,40.2,31.2
7.093000000342727,-0.2741,0.0,0.6605999999999999,0.421,-0.9618,1.9845999999999997,0.5739085984588388,-9.72999999999999,-39.5,-103.64999999999998,1.0425,-0.1624,1.3545999999999998,0.5396,-1.4778,3.299,0.7138536659800107,8.299999999999983,40.3,31.2
7.125,-0.2713,0.0,0.6514,0.4138,-0.9479,1.9732,0.5738933394369421,-9.72999999999999,-39.6,-103.64999999999998,1.0502,-0.1714,1.3632,0.5566,-1.475,3.309800000000001,0.7140215152208743,8.299999999999983,40.3,31.2
7.1400000005960464,-0.257,0.0,0.6577999999999996,0.4195,-0.9558,1.9612,0.573496604867628,-9.72999999999999,-39.6,-103.64999999999998,1.0438,-0.1733,1.3595999999999997,0.547,-1.4815,3.2914,0.7143419546807049,8.299999999999983,40.3,31.2
7.1559999994933605,-0.2743,0.0,0.661,0.4075,-0.9673,1.9708,0.5733897917143511,-9.72999999999999,-39.6,-103.64999999999998,1.0379,-0.1695,1.3545999999999998,0.5542,-1.4751,3.2914,0.7146013580529488,8.299999999999983,40.3,31.2
7.171000000089407,-0.2748,0.0,0.668,0.4156,-0.9587,1.9654,0.5732524605172808,-9.72999999999999,-39.7,-103.54999999999998,1.0449,-0.1579,1.3612,0.5512,-1.4676,3.3021999999999996,0.7147844663157091,8.299999999999983,40.4,31.2
7.20299999974668,-0.2686,0.0,0.6643999999999998,0.4104,-0.9616,1.9674,0.573145647364004,-9.72999999999999,-39.7,-103.54999999999998,1.0422,-0.165,1.3516000000000001,0.546,-1.4942,3.2980000000000005,0.7151049057755398,8.399999999999977,40.4,31.2
7.218000000342727,-0.2609,0.0,0.6732,0.4021,-0.9699,1.9694,0.57279468986038,-9.72999999999999,-39.7,-103.54999999999998,1.0456,-0.1631,1.3516000000000001,0.5397,-1.4816,3.2998,0.7154711223010605,8.399999999999977,40.4,31.2
7.233999999240041,-0.2648,0.0,0.6662,0.4037,-0.9683,1.9658,0.57279468986038,-9.829999999999984,-39.7,-103.54999999999998,1.0453,-0.1663,1.3512000000000002,0.5523,-1.4864,3.3046,0.715593194476234,8.399999999999977,40.4,31.2
7.2650000005960464,-0.2753,0.0,0.6742,0.4102,-0.9509,1.9714,0.5723979552910659,-9.829999999999984,-39.7,-103.54999999999998,1.0355,-0.167,1.3554000000000002,0.537,-1.4852,3.3084,0.715700007629511,8.399999999999977,40.4,31.2
7.28099999949336,-0.2721,0.0,0.6778,0.4043,-0.9623,1.9752,0.5722453650720989,-9.829999999999984,-39.7,-103.44999999999996,1.0369,-0.1646,1.3484,0.5339,-1.4835,3.2978,0.7158983749141681,8.399999999999977,40.4,31.2
7.28099999949336,-0.2928,0.0,0.682,0.4063,-0.9511,1.9668,0.571787594415198,-9.829999999999984,-39.7,-103.44999999999996,1.0425,-0.1694,1.3594000000000002,0.5412,-1.4884,3.2980000000000005,0.7159441519798582,8.399999999999977,40.4,31.2
7.312000000849366,-0.2764,0.0,0.6736,0.4089,-0.9572,1.9816,0.5715892271305409,-9.929999999999993,-39.7,-103.44999999999996,1.0454,-0.1563,1.3616000000000001,0.5387,-1.4924,3.3118,0.7163256275272756,8.399999999999977,40.5,31.2
7.32799999974668,-0.2743,0.0,0.6789999999999998,0.4046,-0.9695,1.9972,0.5712230106050202,-9.929999999999993,-39.7,-103.44999999999996,1.0485,-0.1782,1.353,0.5419,-1.4906,3.3074,0.7164782177462425,8.399999999999977,40.5,31.2
7.343000000342727,-0.2667,0.0,0.6942,0.4097,-0.9539,1.9898,0.5709178301670863,-9.929999999999993,-39.7,-103.44999999999996,1.053,-0.1602,1.3654,0.5331,-1.4963,3.3135999999999997,0.7167833981841765,8.399999999999977,40.5,31.2
7.375,-0.2793,0.0,0.6804,0.4035,-0.9615,1.9834,0.5702006561379416,-9.929999999999993,-39.8,-103.44999999999996,1.0456,-0.1711,1.3592000000000002,0.54,-1.5077,3.2974,0.7170122835126269,8.399999999999977,40.5,31.3
7.3900000005960464,-0.2914,0.0,0.6984,0.3888,-0.9586,1.9878,0.569880216678111,-9.929999999999993,-39.8,-103.44999999999996,1.0481,-0.1617,1.3587999999999998,0.5324,-1.5017,3.3222,0.7176531624322882,8.399999999999977,40.5,31.3
7.40599999949336,-0.2805,0.0,0.6946,0.4012,-0.9657,2.0046,0.5697581445029374,-9.829999999999984,-39.8,-103.44999999999996,1.0531,-0.1603,1.3660000000000003,0.5484,-1.5047,3.3188,0.7184771496147098,8.399999999999977,40.5,31.3
7.437000000849366,-0.2873,0.0,0.6972,0.3925,-0.9482,1.9926,0.5697581445029374,-9.829999999999984,-39.8,-103.44999999999996,1.0487,-0.1633,1.3566,0.5313,-1.4932,3.3046,0.7192553597314413,8.399999999999977,40.5,31.3
7.437000000849366,-0.2795,0.0,0.6964,0.3962,-0.9553,1.99,0.569727626459144,-9.829999999999984,-39.8,-103.44999999999996,1.0515,-0.1625,1.3622000000000003,0.5379,-1.5073,3.3138,0.7197131303883422,8.399999999999977,40.5,31.3
7.468000000342727,-0.2896,0.0,0.7128,0.3969,-0.963,1.9986,0.5693156328679332,-9.829999999999984,-39.8,-103.54999999999998,1.0577,-0.1608,1.3652,0.5364,-1.5117,3.3226,0.7197131303883422,8.399999999999977,40.5,31.3
7.483999999240041,-0.3032,0.0,0.7033999999999998,0.3887,-0.9529,1.9988,0.5693003738460365,-9.829999999999984,-39.8,-103.54999999999998,1.0565,-0.1626,1.3608,0.5271,-1.5233,3.3222,0.7197131303883422,8.399999999999977,40.5,31.2
7.5,-0.2805,0.0,0.704,0.3833,-0.9614,1.9896,0.5692851148241398,-9.829999999999984,-39.8,-103.54999999999998,1.0575,-0.1585,1.3638000000000001,0.5323,-1.5129,3.324,0.7204150453955902,8.399999999999977,40.5,31.2
7.5150000005960464,-0.2893,0.0,0.6952000000000002,0.3849,-0.9545,1.99,0.5692545967803464,-9.829999999999984,-39.8,-103.54999999999998,1.0606,-0.1656,1.3638000000000001,0.5376,-1.508,3.3135999999999997,0.7218036163881896,8.399999999999977,40.5,31.2
7.546000000089407,-0.281,0.0,0.7172,0.3859,-0.9775,1.9978,0.5692545967803464,-9.829999999999984,-39.8,-103.54999999999998,1.046,-0.1612,1.3518,0.5205,-1.5136,3.3162,0.7225970855268178,8.399999999999977,40.5,31.2
7.562000000849366,-0.288,0.0,0.7088,0.4012,-0.9611,2.0014,0.5692545967803464,-9.829999999999984,-39.8,-103.54999999999998,1.0709,-0.1551,1.3678,0.5229,-1.5213,3.3154,0.7230853742275121,8.399999999999977,40.5,31.2
7.57799999974668,-0.292,0.0,0.7022,0.393,-0.9591,2.0082,0.5692545967803464,-9.829999999999984,-39.8,-103.54999999999998,1.0472,-0.1527,1.3464,0.5072,-1.5043,3.3102000000000005,0.7230853742275121,8.399999999999977,40.5,31.2
7.608999999240041,-0.285,0.0,0.7008,0.382,-0.9632,2.0002,0.5692851148241398,-9.829999999999984,-39.8,-103.54999999999998,1.0525,-0.1607,1.3660000000000003,0.5159,-1.5168,3.3118,0.7231311512932022,8.399999999999977,40.5,31.2
7.625,-0.2817,0.0,0.6966,0.3993,-0.9692,2.004,0.5693614099336233,-9.829999999999984,-39.8,-103.44999999999996,1.0601,-0.1603,1.3608,0.5275,-1.5084,3.3196,0.7231311512932022,8.399999999999977,40.5,31.2
7.6400000005960464,-0.2971,0.0,0.7122,0.3872,-0.956,1.9952,0.56937666895552,-9.829999999999984,-39.8,-103.44999999999996,1.0585,-0.1602,1.3574,0.522,-1.5062,3.3194000000000004,0.7231311512932022,8.399999999999977,40.5,31.2
7.65599999949336,-0.2919,0.0,0.7044,0.3813,-0.9709,2.0044,0.5694377050431068,-9.829999999999984,-39.7,-103.44999999999996,1.0539,-0.162,1.3418,0.5065,-1.5123,3.3106000000000004,0.7231311512932022,8.399999999999977,40.5,31.2
7.671000000089407,-0.2947,0.0,0.7094,0.3801,-0.9636,2.0026,0.5694529640650035,-9.829999999999984,-39.7,-103.44999999999996,1.0528,-0.1525,1.3564,0.5231,-1.5148,3.313,0.7231616693369955,8.399999999999977,40.5,31.2
7.687000000849366,-0.284,0.0,0.6924,0.4009,-0.9569,2.0122,0.5694987411306935,-9.829999999999984,-39.7,-103.44999999999996,1.0539,-0.154,1.3512000000000002,0.5252,-1.5157,3.31,0.7233447775997559,8.399999999999977,40.5,31.2
7.718000000342727,-0.2882,0.0,0.7126,0.388,-0.9589,2.0086,0.5694529640650035,-9.829999999999984,-39.7,-103.44999999999996,1.0455,-0.1597,1.3536000000000001,0.5073,-1.5108,3.3138,0.7237720302128634,8.399999999999977,40.5,31.2
7.733999999240041,-0.2918,0.0,0.7176,0.3938,-0.9704,2.0156,0.5695292591744869,-9.829999999999984,-39.7,-103.44999999999996,1.0613,-0.1512,1.3482,0.5091,-1.4987,3.3078,0.7240009155413138,8.399999999999977,40.4,31.2
7.75,-0.2899,0.0,0.7068,0.3844,-0.9655,2.000600000000001,0.5695902952620737,-9.829999999999984,-39.7,-103.44999999999996,1.0517,-0.1473,1.3500000000000003,0.4956,-1.514,3.3096,0.7240161745632105,8.399999999999977,40.4,31.2
7.7650000005960464,-0.2956,0.0,0.715,0.3963,-0.9648,2.0074,0.5696208133058671,-9.829999999999984,-39.7,-103.44999999999996,1.0561,-0.1552,1.3479999999999999,0.5064,-1.5131,3.3086,0.7244129091325247,8.399999999999977,40.4,31.2
7.796000000089407,-0.2985,0.0,0.7174,0.3829,-0.968,2.0114,0.5696360723277638,-9.829999999999984,-39.7,-103.44999999999996,1.0524,-0.1574,1.3437999999999999,0.5108,-1.5142,3.314,0.7246875715266652,8.399999999999977,40.4,31.2
7.812000000849366,-0.2857,0.0,0.7088,0.3825,-0.9613,2.019,0.569727626459144,-9.829999999999984,-39.7,-103.44999999999996,1.0506,-0.1462,1.349,0.5197,-1.4966,3.3064,0.7247791256580454,8.399999999999977,40.4,31.3
7.82799999974668,-0.2895,0.0,0.7048,0.3745,-0.963,2.0122,0.5697734035248341,-9.829999999999984,-39.7,-103.44999999999996,1.0563,-0.1579,1.3568000000000007,0.5057,-1.5054,3.311,0.7250843060959793,8.399999999999977,40.4,31.3
7.843000000342727,-0.2973,0.0,0.7028,0.377,-0.9669,2.016,0.5697734035248341,-9.829999999999984,-39.7,-103.54999999999998,1.056,-0.1484,1.3496,0.5066,-1.5183,3.3135999999999997,0.7252368963149463,8.399999999999977,40.4,31.3
7.858999999240041,-0.294,0.0,0.7102,0.3874,-0.9585,2.0072,0.5697734035248341,-9.72999999999999,-39.7,-103.54999999999998,1.0413,-0.1448,1.3419999999999999,0.5011,-1.5121,3.3204,0.7254657816433967,8.399999999999977,40.4,31.3
7.8900000005960464,-0.2903,0.0,0.712,0.3744,-0.9642,2.0142,0.5697734035248341,-9.72999999999999,-39.7,-103.54999999999998,1.0551,-0.1588,1.3448,0.4955,-1.5137,3.3034,0.7261982146944381,8.399999999999977,40.4,31.3
7.90599999949336,-0.2921,0.0,0.7122,0.3777,-0.9666,2.0086,0.5698344396124209,-9.72999999999999,-39.7,-103.54999999999998,1.0502,-0.1471,1.3488,0.4974,-1.5135,3.3148,0.7264728770885787,8.399999999999977,40.4,31.3
7.921000000089407,-0.3035,0.0,0.7168,0.3873,-0.9671,2.0196,0.5698344396124209,-9.72999999999999,-39.7,-103.54999999999998,1.0537,-0.1478,1.3552,0.4939,-1.5153,3.3166,0.7267627985046159,8.399999999999977,40.4,31.3
7.937000000849366,-0.304,0.0,0.7152,0.3758,-0.9769,2.0204,0.5698496986343176,-9.72999999999999,-39.7,-103.54999999999998,1.0583,-0.1487,1.3418,0.4933,-1.5068,3.3059999999999996,0.7269459067673762,8.399999999999977,40.4,31.3
7.95299999974668,-0.2962,0.0,0.7168,0.394,-0.9598,2.0164,0.5700633249408713,-9.72999999999999,-39.7,-103.54999999999998,1.0426,-0.1469,1.3482,0.4944,-1.513,3.3172,0.7272663462272069,8.399999999999977,40.4,31.3
7.968000000342727,-0.2971,0.0,0.7231999999999996,0.3752,-0.9699,2.0148,0.5701396200503548,-9.72999999999999,-39.7,-103.54999999999998,1.0509,-0.1558,1.3384,0.4987,-1.5171,3.3138,0.7274494544899672,8.399999999999977,40.4,31.3
8.0,-0.305,0.0,0.7313999999999998,0.3766,-0.9613,2.0206,0.5701701380941482,-9.72999999999999,-39.7,-103.54999999999998,1.0521,-0.1496,1.3419999999999999,0.4936,-1.5252,3.3096,0.7276783398184177,8.399999999999977,40.4,31.3
8.015000000596046,-0.306,0.0,0.7216,0.3752,-0.9745,2.0198,0.5701701380941482,-9.829999999999984,-39.7,-103.54999999999998,1.0493,-0.1431,1.3228000000000002,0.4967,-1.5078,3.3134,0.7279224841687648,8.499999999999986,40.4,31.4
8.03099999949336,-0.3055,0.0,0.7284,0.3646,-0.9701,2.016,0.5702159151598383,-9.829999999999984,-39.7,-103.44999999999996,1.0603,-0.1414,1.3352000000000002,0.4772,-1.5215,3.3078,0.7281208514534219,8.499999999999986,40.4,31.4
8.062000000849366,-0.31,0.0,0.725,0.3727,-0.9656,2.0226,0.5702769512474251,-9.829999999999984,-39.7,-103.44999999999996,1.0435,-0.149,1.3366,0.4919,-1.5125,3.3176,0.7285633630884261,8.499999999999986,40.4,31.4
8.07799999974668,-0.2973,0.0,0.7304,0.3839,-0.9732,2.0198,0.5702769512474251,-9.829999999999984,-39.7,-103.44999999999996,1.0549,-0.1423,1.3402,0.4893,-1.5221,3.309800000000001,0.7286701762417029,8.499999999999986,40.4,31.4
8.093000000342727,-0.2987,0.0,0.7226,0.3711,-0.9742,2.0314,0.5702922102693218,-9.829999999999984,-39.7,-103.44999999999996,1.0509,-0.1474,1.3278,0.4819,-1.5171,3.3132,0.7288380254825666,8.499999999999986,40.4,31.4
8.10899999924004,-0.3032,0.0,0.7294,0.3683,-0.9664,2.0152,0.5703074692912184,-9.829999999999984,-39.6,-103.44999999999996,1.0548,-0.1431,1.3408,0.4749,-1.529,3.3088,0.7288532845044633,8.499999999999986,40.4,31.4
8.125,-0.2952,0.0,0.7266,0.3785,-0.9598,2.0252,0.5704448004882887,-9.829999999999984,-39.6,-103.44999999999996,1.0517,-0.1416,1.3336,0.4872,-1.5086,3.311200000000001,0.7290058747234303,8.499999999999986,40.4,31.4
8.140000000596046,-0.2954,0.0,0.7276,0.3674,-0.982,2.0198,0.5706584267948425,-9.829999999999984,-39.6,-103.44999999999996,1.0611,-0.1459,1.3342,0.4753,-1.5211,3.3104,0.7290821698329137,8.499999999999986,40.4,31.4
8.171000000089407,-0.3056,0.0,0.7403999999999998,0.3619,-0.9757,2.0288,0.5707042038605326,-9.829999999999984,-39.6,-103.44999999999996,1.0509,-0.1397,1.3274000000000001,0.4771,-1.5207,3.3024000000000004,0.7291432059205005,8.499999999999986,40.4,31.4
8.187000000849366,-0.3089,0.0,0.725,0.3651,-0.971,2.0174000000000003,0.570780498970016,-9.829999999999984,-39.6,-103.44999999999996,1.0542,-0.1483,1.3398,0.4779,-1.5166,3.313,0.7293263141832609,8.499999999999986,40.4,31.4
8.20299999974668,-0.3118,0.0,0.7322,0.3808,-0.9576,2.0216,0.5708110170138094,-9.829999999999984,-39.6,-103.44999999999996,1.0538,-0.1377,1.3322,0.4751,-1.5191,3.3074,0.7296772716868849,8.499999999999986,40.4,31.4
8.23399999924004,-0.3013,0.0,0.733,0.3537,-0.97,2.0208,0.5708873121232929,-9.72999999999999,-39.6,-103.54999999999998,1.0559,-0.1347,1.3286,0.4865,-1.5103,3.325400000000001,0.7297840848401618,8.499999999999986,40.4,31.4
8.25,-0.3052,0.0,0.7304,0.3688,-0.9805,2.0368,0.570933089188983,-9.72999999999999,-39.6,-103.54999999999998,1.0531,-0.1367,1.3206,0.4763,-1.5298,3.3114000000000003,0.7298603799496453,8.499999999999986,40.4,31.4
8.265000000596046,-0.3133,0.0,0.7406,0.3497,-0.9758,2.0244,0.5710399023422599,-9.72999999999999,-39.6,-103.54999999999998,1.0535,-0.1503,1.3312,0.4714,-1.5242,3.3002,0.7299061570153353,8.499999999999986,40.4,31.4
8.28099999949336,-0.2968,0.0,0.7403999999999998,0.3605,-0.9643,2.031,0.5712230106050202,-9.72999999999999,-39.7,-103.54999999999998,1.0482,-0.1418,1.3376000000000001,0.4748,-1.5229,3.3202,0.7299366750591287,8.499999999999986,40.4,31.4
8.296000000089407,-0.309,0.0,0.7403999999999998,0.3583,-0.9734,2.032,0.5712535286488136,-9.72999999999999,-39.7,-103.54999999999998,1.0503,-0.1391,1.3256,0.4631,-1.5274,3.3078,0.7299366750591287,8.499999999999986,40.4,31.4
8.312000000849366,-0.3056,0.0,0.744,0.3675,-0.9592,2.0324,0.5713603418020905,-9.72999999999999,-39.7,-103.54999999999998,1.0512,-0.1355,1.323,0.4716,-1.5261,3.3036,0.7299671931029221,8.499999999999986,40.4,31.4
8.343000000342727,-0.3039,0.0,0.7524,0.3676,-0.961,2.0284,0.571436636911574,-9.72999999999999,-39.6,-103.54999999999998,1.0607,-0.1267,1.32,0.479,-1.5089,3.3124,0.7300129701686122,8.399999999999977,40.3,31.4
8.35899999924004,-0.315,0.0,0.7319999999999998,0.3553,-0.9667,2.0308,0.571436636911574,-9.72999999999999,-39.6,-103.54999999999998,1.0562,-0.1479,1.3354,0.4729,-1.5207,3.3156,0.7300892652780957,8.399999999999977,40.3,31.3
8.375,-0.3119,0.0,0.7357999999999998,0.3615,-0.9579,2.0368,0.5716044861524376,-9.72999999999999,-39.6,-103.54999999999998,1.0552,-0.1461,1.3274000000000001,0.4648,-1.5254,3.3082,0.7302571145189594,8.399999999999977,40.3,31.3
8.390000000596046,-0.3095,0.0,0.7468,0.3526,-0.9612,2.0296,0.5716044861524376,-9.72999999999999,-39.6,-103.54999999999998,1.0496,-0.1439,1.3296,0.4719,-1.53,3.3162,0.7302876325627528,8.399999999999977,40.3,31.3
8.421000000089407,-0.3163,0.0,0.747,0.363,-0.9684,2.0364,0.5716197451743343,-9.72999999999999,-39.6,-103.54999999999998,1.0598,-0.1318,1.3224,0.4679,-1.5202,3.3164,0.7302876325627528,8.399999999999977,40.3,31.3
8.437000000849366,-0.3162,0.0,0.745,0.3493,-0.9714,2.0232,0.5717112993057145,-9.72999999999999,-39.6,-103.44999999999996,1.0567,-0.1287,1.3215999999999999,0.474,-1.519,3.3146000000000004,0.7302876325627528,8.399999999999977,40.3,31.4
8.45299999974668,-0.3133,0.0,0.7441999999999998,0.354,-0.9676,2.0284,0.5718638895246815,-9.829999999999984,-39.6,-103.44999999999996,1.0579,-0.1334,1.323,0.4681,-1.5286,3.3148,0.7302571145189594,8.499999999999986,40.3,31.4
8.468000000342727,-0.3227,0.0,0.751,0.3583,-0.9683,2.0332,0.5718791485465782,-9.829999999999984,-39.6,-103.44999999999996,1.0546,-0.1405,1.3256,0.4599,-1.5194,3.3181999999999996,0.7302876325627528,8.499999999999986,40.3,31.4
8.48399999924004,-0.3159,-0.0021,0.7468,0.357,-0.9762,2.0424,0.5721080338750286,-9.829999999999984,-39.6,-103.44999999999996,1.049,-0.1393,1.3262,0.454,-1.5262,3.3078,0.7302876325627528,8.499999999999986,40.3,31.4
8.515000000596046,-0.3136,0.0,0.7517999999999998,0.3529,-0.9797,2.039,0.5721690699626154,-9.829999999999984,-39.6,-103.44999999999996,1.0512,-0.1411,1.3156,0.4635,-1.5254,3.299,0.7301960784313726,8.499999999999986,40.3,31.4
8.53099999949336,-0.3069,0.0,0.7486,0.3587,-0.9726,2.0484,0.572291142137789,-9.829999999999984,-39.6,-103.44999999999996,1.0561,-0.1338,1.3206,0.4649,-1.5258,3.3066,0.7301808194094759,8.499999999999986,40.3,31.4
8.562000000849366,-0.3176,0.0,0.7508,0.3509,-0.9738,2.04,0.5723826962691692,-9.829999999999984,-39.6,-103.44999999999996,1.0532,-0.1309,1.3226,0.4607,-1.5222,3.3052000000000006,0.7301045242999924,8.499999999999986,40.3,31.4
8.562000000849366,-0.3243,0.0,0.7592,0.3626,-0.9558,2.0496,0.5724742504005493,-9.829999999999984,-39.6,-103.44999999999996,1.0597,-0.1444,1.3184,0.4616,-1.5222,3.3166,0.7299824521248188,8.499999999999986,40.3,31.4
8.593000000342727,-0.3181,0.0,0.7516000000000002,0.3453,-0.962,2.0324,0.5725200274662394,-9.72999999999999,-39.6,-103.44999999999996,1.0602,-0.1373,1.3194000000000001,0.4481,-1.5371,3.3046,0.7296925307087816,8.499999999999986,40.3,31.4
8.60899999924004,-0.3149,0.0,0.7546,0.3525,-0.9733,2.0462,0.5725200274662394,-9.72999999999999,-39.6,-103.54999999999998,1.0505,-0.1308,1.3166,0.4528,-1.5285,3.311200000000001,0.7296467536430915,8.499999999999986,40.3,31.5
8.625,-0.3184,0.0,0.7526,0.3629,-0.9682,2.0508,0.5725963225757229,-9.72999999999999,-39.6,-103.54999999999998,1.0523,-0.1261,1.3166,0.4514,-1.5216,3.296,0.7295246814679179,8.499999999999986,40.3,31.5
8.640000000596046,-0.3175,0.0,0.7608,0.359,-0.9652,2.0508,0.5727489127946899,-9.72999999999999,-39.6,-103.54999999999998,1.0578,-0.131,1.3086000000000002,0.453,-1.528,3.3072000000000004,0.7295246814679179,8.499999999999986,40.3,31.5
8.65599999949336,-0.3162,0.0,0.7554,0.3578,-0.9683,2.05,0.5727641718165866,-9.72999999999999,-39.6,-103.54999999999998,1.0571,-0.1178,1.3026000000000002,0.4526,-1.5223,3.3056,0.7294483863584345,8.499999999999986,40.3,31.5
8.687000000849366,-0.3246,0.0,0.7658,0.3516,-0.9653,2.0462,0.57279468986038,-9.72999999999999,-39.6,-103.54999999999998,1.0601,-0.1357,1.3132,0.4547,-1.5198,3.309800000000001,0.7293873502708477,8.499999999999986,40.3,31.5
8.70299999974668,-0.3177,0.0,0.762,0.3447,-0.9739,2.0442,0.5728709849698634,-9.72999999999999,-39.6,-103.54999999999998,1.0448,-0.1284,1.3148000000000002,0.4547,-1.5168,3.3074,0.7293263141832609,8.499999999999986,40.3,31.5
8.718000000342727,-0.3103,0.0,0.765,0.3479,-0.9734,2.0492,0.5728862439917601,-9.629999999999995,-39.6,-103.54999999999998,1.0501,-0.1428,1.3086000000000002,0.4451,-1.53,3.3038,0.7290363927672237,8.499999999999986,40.3,31.5
8.75,-0.3179,0.0,0.7582,0.3364,-0.9739,2.039,0.5729625391012436,-9.629999999999995,-39.6,-103.54999999999998,1.0417,-0.1389,1.3064,0.4507,-1.5304,3.3084,0.7289753566796369,8.499999999999986,40.3,31.5
8.765000000596046,-0.3141,0.0,0.7638000000000001,0.3484,-0.971,2.045,0.5730388342107271,-9.629999999999995,-39.6,-103.54999999999998,1.0437,-0.1334,1.3154000000000001,0.4443,-1.5236,3.3134,0.7288532845044633,8.499999999999986,40.3,31.5
8.78099999949336,-0.3239,0.0,0.7719999999999998,0.3346,-0.9761,2.0426,0.5730693522545205,-9.629999999999995,-39.6,-103.64999999999998,1.0563,-0.1323,1.3177999999999999,0.4362,-1.5259,3.3094,0.7288075074387732,8.499999999999986,40.3,31.5
8.796000000089407,-0.3263,0.0,0.7628,0.3464,-0.9673,2.046,0.5731303883421073,-9.629999999999995,-39.6,-103.64999999999998,1.0497,-0.1368,1.3135999999999999,0.4415,-1.5349,3.309800000000001,0.7284870679789426,8.499999999999986,40.3,31.5
8.812000000849366,-0.323,0.0,0.7574,0.353,-0.9794,2.0608,0.5731303883421073,-9.529999999999989,-39.6,-103.64999999999998,1.0481,-0.1192,1.31,0.4459,-1.5305,3.312,0.7284565499351492,8.499999999999986,40.3,31.6
8.82799999974668,-0.3242,0.0,0.758,0.3403,-0.9818,2.0546,0.5731914244296941,-9.529999999999989,-39.6,-103.64999999999998,1.0585,-0.1346,1.3154000000000001,0.4466,-1.522,3.3102000000000005,0.7283955138475624,8.499999999999986,40.3,31.6
8.85899999924004,-0.3293,0.0,0.7698,0.3448,-0.978,2.0588000000000006,0.5732066834515908,-9.529999999999989,-39.6,-103.64999999999998,1.0583,-0.1295,1.314,0.4353,-1.5302,3.2966,0.7283497367818723,8.499999999999986,40.3,31.6
8.875,-0.3336,0.0,0.7719999999999998,0.3471,-0.9794,2.052,0.5731914244296941,-9.529999999999989,-39.6,-103.64999999999998,1.0523,-0.1325,1.3202,0.4411,-1.5323,3.3082,0.7282887006942855,8.499999999999986,40.3,31.6
8.890000000596046,-0.3246,0.0,0.7648,0.347,-0.9798,2.0534000000000003,0.5731914244296941,-9.529999999999989,-39.6,-103.64999999999998,1.0512,-0.1278,1.3055999999999999,0.4405,-1.5347,3.3036,0.7274799725337606,8.499999999999986,40.3,31.6
8.90599999949336,-0.3287,0.0,0.773,0.343,-0.9693,2.0594,0.5732066834515908,-9.529999999999989,-39.6,-103.64999999999998,1.0649,-0.1292,1.3217999999999999,0.4393,-1.5272,3.3042,0.7272510872053102,8.499999999999986,40.3,31.6
8.921000000089407,-0.3203,0.0,0.7675999999999994,0.3435,-0.9806,2.0672,0.5732066834515908,-9.529999999999989,-39.6,-103.64999999999998,1.0511,-0.134,1.3097999999999999,0.4399,-1.5225,3.3092000000000006,0.7269459067673762,8.499999999999986,40.3,31.6
8.95299999974668,-0.324,0.0,0.7621999999999995,0.3438,-0.9758,2.0482,0.5732524605172808,-9.529999999999989,-39.6,-103.64999999999998,1.053,-0.1335,1.3094,0.4382,-1.5286,3.3138,0.7265796902418555,8.499999999999986,40.3,31.6
8.968000000342727,-0.3323,0.0,0.7834,0.3349,-0.9727,2.0512,0.5732372014953842,-9.529999999999989,-39.6,-103.64999999999998,1.0421,-0.121,1.3032000000000001,0.4294,-1.5238,3.3034,0.7265339131761654,8.499999999999986,40.3,31.6
8.98399999924004,-0.3277,0.0,0.7774,0.3359,-0.9775,2.0498,0.5732524605172808,-9.529999999999989,-39.6,-103.64999999999998,1.0543,-0.1293,1.3048,0.4407,-1.5168,3.3044,0.7265339131761654,8.499999999999986,40.3,31.5
9.0,-0.3317,0.0,0.7692,0.3401,-0.9747,2.059,0.5733134966048676,-9.529999999999989,-39.6,-103.64999999999998,1.0562,-0.1167,1.3024,0.438,-1.5277,3.3058,0.7265339131761654,8.499999999999986,40.3,31.5
9.03099999949336,-0.3352,0.0,0.7723999999999998,0.3344,-0.9773,2.0602,0.5732677195391775,-9.629999999999995,-39.6,-103.64999999999998,1.047,-0.1302,1.3053999999999997,0.4391,-1.5252,3.3032,0.7264271000228886,8.499999999999986,40.3,31.5
9.046000000089409,-0.3247,0.0,0.7754,0.3297,-0.9816,2.0622,0.5732677195391775,-9.629999999999995,-39.6,-103.64999999999998,1.0554,-0.1291,1.315,0.4333,-1.539,3.3084,0.7262134737163348,8.499999999999986,40.3,31.5
9.062000000849366,-0.335,0.0,0.7734,0.3416,-0.9714,2.0558,0.5732677195391775,-9.629999999999995,-39.6,-103.54999999999998,1.0585,-0.135,1.3064,0.4269,-1.5401,3.3074,0.726152437628748,8.499999999999986,40.3,31.5
9.093000000342728,-0.3254,0.0,0.7668,0.336,-0.9747,2.0642,0.5732982375829709,-9.629999999999995,-39.6,-103.54999999999998,1.0542,-0.1333,1.3086000000000002,0.4373,-1.5364,3.3012,0.725954070344091,8.499999999999986,40.3,31.5
9.10899999924004,-0.3266,0.0,0.7776,0.3284,-0.9804,2.0556,0.5732982375829709,-9.629999999999995,-39.6,-103.54999999999998,1.056,-0.1347,1.3102,0.4333,-1.5284,3.3062000000000005,0.7257862211032273,8.499999999999986,40.3,31.5
9.125,-0.3326,0.0,0.7784,0.334,-0.9718,2.0532,0.5732982375829709,-9.629999999999995,-39.6,-103.54999999999998,1.0677,-0.1169,1.3036,0.4386,-1.5287,3.3156,0.7256183718623637,8.499999999999986,40.3,31.5
9.140000000596046,-0.323,0.0,0.775,0.3335,-0.975,2.0628,0.5732982375829709,-9.629999999999995,-39.6,-103.54999999999998,1.0533,-0.1229,1.2964,0.4301,-1.532,3.3086,0.7253437094682231,8.499999999999986,40.3,31.5
9.15599999949336,-0.3379,0.0,0.7844,0.3252,-0.982,2.0610000000000004,0.573344014648661,-9.629999999999995,-39.6,-103.54999999999998,1.0554,-0.1194,1.2978,0.4279,-1.538,3.3048,0.7252674143587396,8.499999999999986,40.3,31.5
9.171000000089409,-0.3351,0.0,0.786,0.3302,-0.9719,2.0582,0.5733897917143511,-9.629999999999995,-39.6,-103.54999999999998,1.057,-0.1189,1.3072000000000001,0.4295,-1.5211,3.297600000000001,0.7252368963149463,8.499999999999986,40.3,31.5
9.20299999974668,-0.3339,0.0,0.783,0.3356,-0.9801,2.0650000000000004,0.5733897917143511,-9.629999999999995,-39.6,-103.64999999999998,1.055,-0.1194,1.31,0.4266,-1.5379,3.3059999999999996,0.7251758602273595,8.499999999999986,40.3,31.5
9.218000000342728,-0.3425,0.0,0.7848,0.323,-0.9786,2.0610000000000004,0.5733897917143511,-9.629999999999995,-39.6,-103.64999999999998,1.0585,-0.1192,1.3118,0.422,-1.5345,3.3114000000000003,0.7245502403295949,8.499999999999986,40.3,31.5
9.23399999924004,-0.3358,0.0,0.7826,0.3304,-0.9747,2.06,0.5734203097581445,-9.629999999999995,-39.6,-103.64999999999998,1.0578,-0.1241,1.3020000000000005,0.4222,-1.5317,3.2988,0.724092469672694,8.499999999999986,40.3,31.5
9.25,-0.3346,0.0,0.7832,0.3284,-0.9618,2.06,0.5734203097581445,-9.629999999999995,-39.6,-103.64999999999998,1.0593,-0.1205,1.3076,0.4247,-1.5318,3.2934,0.7237262531471733,8.499999999999986,40.3,31.5
9.265000000596046,-0.3323,0.0,0.7764,0.3238,-0.974,2.0636,0.5735271229114214,-9.629999999999995,-39.6,-103.64999999999998,1.0637,-0.127,1.3028,0.4152,-1.5291,3.305,0.7235584039063097,8.499999999999986,40.3,31.6
9.296000000089409,-0.333,0.0,0.7816,0.3297,-0.9746,2.073,0.5735423819333181,-9.629999999999995,-39.6,-103.64999999999998,1.056,-0.1219,1.3064,0.4248,-1.5325,3.3062000000000005,0.7234668497749295,8.59999999999998,40.3,31.6
9.312000000849366,-0.3387,0.0,0.7936,0.322,-0.9784,2.0596,0.5735423819333181,-9.629999999999995,-39.6,-103.64999999999998,1.0518,-0.1173,1.2998,0.4142,-1.5443,3.3122,0.7234058136873427,8.59999999999998,40.3,31.6
9.32799999974668,-0.3308,0.0,0.786,0.3305,-0.9715,2.0708,0.5735728999771115,-9.629999999999995,-39.6,-103.64999999999998,1.0564,-0.1276,1.3052,0.4234,-1.5381,3.312,0.7229175249866484,8.59999999999998,40.3,31.6
9.343000000342728,-0.3392,0.0,0.7918,0.3232,-0.9731,2.0694,0.573649195086595,-9.629999999999995,-39.6,-103.64999999999998,1.0609,-0.1208,1.3044,0.4177,-1.5356,3.311,0.7226428625925079,8.59999999999998,40.3,31.6
9.375,-0.3408,0.0,0.7864,0.3115,-0.9769,2.071,0.573649195086595,-9.72999999999999,-39.6,-103.64999999999998,1.0517,-0.1195,1.3018,0.424,-1.5394,3.2996,0.7224292362859541,8.59999999999998,40.3,31.6
9.390000000596046,-0.3438,0.0,0.7918,0.3294,-0.9779,2.0668,0.5737560082398718,-9.72999999999999,-39.5,-103.64999999999998,1.0607,-0.1187,1.3048,0.4184,-1.536,3.315,0.7223987182421607,8.59999999999998,40.3,31.6
9.40599999949336,-0.3256,0.0,0.7876,0.3247,-0.9725,2.0726,0.5737712672617685,-9.72999999999999,-39.5,-103.64999999999998,1.0513,-0.1216,1.2972,0.4243,-1.5313,3.309800000000001,0.7218646524757764,8.699999999999989,40.3,31.6
9.421000000089409,-0.3408,0.0,0.7987999999999996,0.3123,-0.9651,2.0646,0.5737865262836652,-9.829999999999984,-39.5,-103.64999999999998,1.0424,-0.1223,1.2946,0.422,-1.5395,3.3092000000000006,0.7217578393224995,8.699999999999989,40.3,31.5
9.437000000849366,-0.3434,0.0,0.798,0.3157,-0.9782,2.071,0.5737865262836652,-9.829999999999984,-39.5,-103.64999999999998,1.0457,-0.1197,1.2972,0.4117,-1.5438,3.3012,0.7211017013809415,8.699999999999989,40.3,31.5
9.45299999974668,-0.3471,0.0,0.8076,0.3176,-0.9826,2.0714,0.5737865262836652,-9.829999999999984,-39.5,-103.64999999999998,1.0594,-0.125,1.3064,0.4194,-1.5298,3.3002,0.7208728160524911,8.699999999999989,40.3,31.5
9.48399999924004,-0.3409,0.0,0.7876,0.317,-0.9749,2.0746,0.5737865262836652,-9.829999999999984,-39.5,-103.64999999999998,1.0618,-0.1206,1.3068,0.4152,-1.5363,3.3072000000000004,0.7206134126802473,8.699999999999989,40.3,31.4
9.5,-0.3386,0.0,0.7958,0.3252,-0.9769,2.0778000000000003,0.5738628213931487,-9.929999999999993,-39.5,-103.75,1.065,-0.1252,1.3076,0.4169,-1.5352,3.3084,0.7205523765926605,8.699999999999989,40.2,31.4
9.515000000596046,-0.3457,0.0,0.7966,0.3217,-0.9761,2.0712,0.5739696345464256,-9.929999999999993,-39.5,-103.75,1.054,-0.1257,1.2978,0.4284,-1.5307,3.313,0.7205523765926605,8.699999999999989,40.2,31.3
9.546000000089409,-0.3521,0.0,0.789,0.3141,-0.9761,2.0718,0.5739696345464256,-9.929999999999993,-39.5,-103.75,1.0605,-0.1205,1.3088,0.4051,-1.5421,3.304,0.7201709010452431,8.699999999999989,40.2,31.3
9.546000000089409,-0.3431,0.0,0.7904,0.32,-0.967,2.0712,0.5740154116121157,-9.929999999999993,-39.5,-103.84999999999998,1.0569,-0.1194,1.2892,0.4129,-1.5343,3.3072000000000004,0.7197589074540323,8.699999999999989,40.2,31.2
9.57799999974668,-0.3411,0.0,0.7938,0.3151,-0.9698,2.0736,0.5740306706340124,-9.929999999999993,-39.5,-103.94999999999996,1.051,-0.1121,1.2926,0.406,-1.5396,3.2994,0.719621576256962,8.699999999999989,40.2,31.2
9.593000000342728,-0.3422,0.0,0.8043999999999998,0.3231,-0.9743,2.078,0.5740306706340124,-9.929999999999993,-39.5,-103.94999999999996,1.0519,-0.1127,1.2952000000000001,0.4058,-1.5346,3.3034,0.7193926909285115,8.699999999999989,40.2,31.1
9.60899999924004,-0.3398,0.0,0.7987999999999996,0.3113,-0.9855,2.0816,0.5740611886778058,-9.929999999999993,-39.5,-104.04999999999998,1.0573,-0.1082,1.2962,0.4186,-1.5222,3.3135999999999997,0.7193011367971314,8.699999999999989,40.2,31.1
9.640000000596046,-0.3413,0.0,0.8079999999999998,0.3218,-0.977,2.0962,0.5740306706340124,-9.929999999999993,-39.5,-104.04999999999998,1.0653,-0.1208,1.293,0.4114,-1.5461,3.3132,0.7189959563591974,8.699999999999989,40.2,31.0
9.65599999949336,-0.3512,0.0,0.8065999999999998,0.3068,-0.9782,2.0882,0.5741680018310826,-9.929999999999993,-39.5,-104.14999999999998,1.0585,-0.1199,1.2982,0.4098,-1.5674,3.316,0.718965438315404,8.699999999999989,40.2,30.9
9.671000000089409,-0.3426,0.0,0.802,0.3049,-0.9674,2.0874,0.5741832608529793,-9.929999999999993,-39.5,-104.25,1.0554,-0.126,1.3052,0.4228,-1.5424,3.301,0.7187212939650569,8.699999999999989,40.2,30.8
9.687000000849366,-0.3535,0.0,0.8329999999999999,0.3103,-0.9759,2.093,0.5742290379186694,-9.929999999999993,-39.5,-104.34999999999998,1.0526,-0.1168,1.3188,0.4167,-1.5616,3.3298,0.7185381857022966,8.699999999999989,40.2,30.7
9.718000000342728,-0.3539,0.0,0.8374,0.2997,-0.9821,2.097,0.5742290379186694,-9.929999999999993,-39.5,-104.34999999999998,1.0541,-0.1212,1.3152000000000001,0.4178,-1.5818,3.3368,0.7177294575417716,8.699999999999989,40.2,30.6
9.73399999924004,-0.3535,0.0,0.8292,0.2999,-0.9799,2.0888,0.5743816281376364,-9.929999999999993,-39.5,-104.44999999999996,1.0597,-0.1209,1.3135999999999999,0.4148,-1.5714,3.3118,0.7149980926222629,8.699999999999989,40.2,30.6
9.75,-0.3663,0.0,0.8318,0.2839,-0.9888,2.1024,0.5746562905317769,-10.029999999999989,-39.5,-104.54999999999998,1.0708,-0.1231,1.3217999999999999,0.426,-1.5631,3.3316000000000003,0.7137621118486305,8.699999999999989,40.2,30.5
9.765000000596046,-0.3763,0.0,0.8382,0.283,-0.9859,2.107,0.5752819104295415,-10.029999999999989,-39.5,-104.64999999999998,1.0674,-0.1262,1.3242,0.4223,-1.5856,3.3428,0.7137621118486305,8.699999999999989,40.2,30.4
9.78099999949336,-0.3483,0.0,0.8464,0.2913,-0.9753,2.102,0.5754650186923018,-10.029999999999989,-39.5,-104.64999999999998,1.0609,-0.1244,1.3076,0.4181,-1.5698,3.3194000000000004,0.7130144197756924,8.699999999999989,40.2,30.3
9.796000000089409,-0.3655,0.0,0.8462,0.2825,-0.9837,2.108,0.5752819104295415,-10.029999999999989,-39.4,-104.75,1.0671,-0.1244,1.3288,0.4213,-1.5815,3.3274000000000004,0.7115953307392996,8.699999999999989,40.2,30.1
9.82799999974668,-0.3618,0.0,0.8409999999999997,0.2951,-0.9697,2.1008,0.575053025101091,-10.029999999999989,-39.4,-104.84999999999998,1.0724,-0.1218,1.3297999999999999,0.4207,-1.5912,3.3422,0.7114274814984359,8.699999999999989,40.2,30.0
9.843000000342728,-0.3566,0.0,0.8366,0.2965,-0.9757,2.1032,0.575053025101091,-10.129999999999995,-39.4,-104.94999999999996,1.0855,-0.1237,1.3246,0.4169,-1.5654,3.3246,0.7115953307392996,8.699999999999989,40.2,29.9
9.85899999924004,-0.3645,0.0,0.8602,0.2799,-0.9972,2.1104,0.575053025101091,-10.129999999999995,-39.4,-105.04999999999998,1.0805,-0.1183,1.326,0.4151,-1.5975,3.3414,0.7104509040970474,8.699999999999989,40.2,29.8
9.890000000596046,-0.3712,0.0,0.8474,0.2779,-0.9742,2.1027999999999993,0.5752208743419547,-10.129999999999995,-39.4,-105.14999999999998,1.076,-0.123,1.3318,0.4128,-1.5926,3.3474,0.7085893034256504,8.699999999999989,40.2,29.7
9.90599999949336,-0.3608,0.0,0.8512,0.2768,-0.9792,2.1018,0.575053025101091,-10.129999999999995,-39.4,-105.25,1.0828,-0.1271,1.3366,0.4024,-1.5673,3.3212,0.7085740444037537,8.699999999999989,40.2,29.6
9.921000000089409,-0.3648,0.0,0.8512,0.2848,-0.9784,2.1258,0.574702067597467,-10.129999999999995,-39.4,-105.34999999999998,1.076,-0.128,1.3264,0.421,-1.6009,3.344,0.7085740444037537,8.799999999999983,40.2,29.5
9.937000000849366,-0.3679,0.0,0.8588,0.2767,-0.9799,2.1112,0.5746715495536736,-10.129999999999995,-39.4,-105.44999999999996,1.0721,-0.1259,1.3423999999999998,0.4201,-1.6009,3.345800000000001,0.7085740444037537,8.699999999999989,40.2,29.4
9.95299999974668,-0.3609,0.0,0.8512,0.2882,-0.9594,2.0974,0.574702067597467,-10.129999999999995,-39.4,-105.64999999999998,1.0751,-0.1296,1.3343999999999998,0.4131,-1.5711,3.3246,0.7085740444037537,8.799999999999983,40.2,29.3
9.968000000342728,-0.3678,0.0,0.8602,0.2781,-0.9792,2.1284,0.574702067597467,-10.129999999999995,-39.4,-105.75,1.0805,-0.1174,1.3376000000000001,0.4154,-1.5962,3.3510000000000004,0.7084214541847867,8.799999999999983,40.2,29.2
10.0,-0.3673,0.0,0.8652,0.2738,-0.9879,2.1198,0.5746715495536736,-10.129999999999995,-39.4,-105.84999999999998,1.0696,-0.1104,1.325,0.4029,-1.5951,3.3496,0.7070939192797742,8.799999999999983,40.2,29.0
10.015000000596046,-0.3645,0.0,0.8522,0.2682,-0.9737,2.107,0.5741832608529793,-10.129999999999995,-39.4,-106.04999999999998,1.0799,-0.1269,1.3402,0.4068,-1.579,3.3246,0.7085740444037537,8.799999999999983,40.2,28.9
10.03099999949336,-0.3674,0.0,0.8602,0.2787,-0.9827,2.115,0.5741374837872892,-10.129999999999995,-39.4,-106.14999999999998,1.075,-0.1179,1.3404,0.413,-1.5934,3.335600000000001,0.7091233691920348,8.799999999999983,40.2,28.8
10.046000000089409,-0.3758,0.0,0.8666,0.2697,-0.9871,2.1258,0.5741374837872892,-10.129999999999995,-39.4,-106.34999999999998,1.085,-0.1198,1.3352000000000002,0.4024,-1.5985,3.3476,0.706346227206836,8.799999999999983,40.2,28.7
10.062000000849366,-0.3786,0.0,0.8686000000000001,0.2733,-0.9785,2.1168,0.5741374837872892,-10.129999999999995,-39.5,-106.44999999999996,1.0765,-0.1073,1.3426000000000002,0.4081,-1.5916,3.3318,0.705995269703212,8.799999999999983,40.2,28.5
10.093000000342728,-0.3663,0.0,0.861,0.2759,-0.9729,2.1262,0.5741374837872892,-10.129999999999995,-39.5,-106.64999999999998,1.0769,-0.1191,1.3272,0.4067,-1.5765,3.3282,0.705644312199588,8.799999999999983,40.2,28.4
10.10899999924004,-0.3737,0.0,0.868,0.2691,-0.9865,2.1196,0.5740611886778058,-10.129999999999995,-39.4,-106.75,1.079,-0.1152,1.3308,0.4039,-1.601,3.3510000000000004,0.705644312199588,8.799999999999983,40.2,28.2
10.125,-0.3687,0.0,0.8696,0.2678,-0.9816,2.1162,0.5741374837872892,-10.129999999999995,-39.5,-106.94999999999996,1.0875,-0.1149,1.3342,0.4014,-1.5909,3.3318,0.705644312199588,8.799999999999983,40.2,28.1
10.140000000596046,-0.3795,0.0,0.8748,0.2654,-0.9818,2.1304,0.5741680018310826,-10.129999999999995,-39.5,-107.04999999999998,1.0742,-0.1175,1.3254,0.4089,-1.5774,3.3354,0.705644312199588,8.899999999999977,40.2,28.0
10.171000000089409,-0.3836,-0.0128,0.8788,0.2686,-0.9811,2.1366,0.5746868085755703,-10.22999999999999,-39.4,-107.25,1.0869,-0.1128,1.3266,0.4046,-1.6103,3.3398,0.7055069810025177,8.799999999999983,40.2,27.8
10.187000000849366,-0.3751,0.0,0.8678,0.2628,-0.9684,2.125,0.5741680018310826,-10.22999999999999,-39.4,-107.44999999999996,1.092,-0.1153,1.3414000000000001,0.4057,-1.5955,3.3384,0.705644312199588,8.799999999999983,40.2,27.6
10.20299999974668,-0.3715,0.0,0.868,0.2645,-0.9727,2.1206,0.5740917067215991,-10.129999999999995,-39.4,-107.54999999999998,1.0848,-0.114,1.3343999999999998,0.4041,-1.5817,3.3176,0.7060563057907988,8.899999999999977,40.2,27.4
10.218000000342728,-0.369,0.0,0.8784,0.2586,-0.9772,2.1282,0.5737407492179751,-10.129999999999995,-39.4,-107.75,1.0828,-0.1088,1.3366,0.3974,-1.5981,3.3358000000000003,0.7070176241702907,8.799999999999983,40.2,27.2
10.25,-0.386,0.0,0.878,0.2589,-0.9817,2.1314,0.5740917067215991,-10.22999999999999,-39.4,-107.84999999999998,1.0892,-0.111,1.3294,0.3935,-1.6065,3.343,0.7060563057907988,8.799999999999983,40.2,27.0
10.265000000596046,-0.3899,0.0,0.8864,0.2465,-0.995,2.129,0.5740917067215991,-10.22999999999999,-39.4,-108.04999999999998,1.0864,-0.1167,1.3328,0.3969,-1.5896,3.3412,0.7057663843747616,8.799999999999983,40.2,26.8
10.28099999949336,-0.3847,0.0,0.8776,0.2477,-0.9818,2.1246,0.5740917067215991,-10.22999999999999,-39.4,-108.25,1.074,-0.1115,1.3343999999999998,0.3992,-1.5798,3.3256,0.7055527580682078,8.799999999999983,40.2,26.6
10.296000000089409,-0.3889,-0.0011,0.8802,0.2519,-0.9779,2.1308,0.5740917067215991,-10.22999999999999,-39.4,-108.44999999999996,1.0762,-0.1046,1.3302,0.3957,-1.5909,3.3350000000000004,0.7055527580682078,8.699999999999989,40.2,26.4
10.312000000849366,-0.397,-0.0027,0.885,0.2611,-0.9747,2.1466,0.5741374837872892,-10.22999999999999,-39.4,-108.64999999999998,1.0905,-0.1028,1.3297999999999999,0.3949,-1.6047,3.3496,0.7050492103456169,8.699999999999989,40.2,26.2
10.343000000342728,-0.3847,0.0,0.8858,0.267,-0.9701,2.1298,0.5741374837872892,-10.22999999999999,-39.4,-108.84999999999998,1.0814,-0.1031,1.3272,0.393,-1.5777,3.324,0.7050492103456169,8.699999999999989,40.2,26.1
10.35899999924004,-0.3802,0.0,0.8812,0.2694,-0.9706,2.1484,0.5741680018310826,-10.129999999999995,-39.4,-109.04999999999998,1.079,-0.0943,1.3232,0.3933,-1.5878,3.3312000000000004,0.7050492103456169,8.699999999999989,40.2,25.9
10.375,-0.3896,0.0,0.8771999999999998,0.2528,-0.9806,2.15,0.5744731822690166,-10.129999999999995,-39.4,-109.25,1.0932,-0.1115,1.329,0.3872,-1.6104,3.3428,0.7046677347981994,8.699999999999989,40.2,25.6
10.390000000596046,-0.3959,0.0,0.8766000000000002,0.2422,-0.9793,2.1232,0.5744731822690166,-10.129999999999995,-39.5,-109.44999999999996,1.0782,-0.1072,1.3168,0.3998,-1.6001,3.318,0.7046677347981994,8.699999999999989,40.2,25.5
10.421000000089409,-0.3922,0.0,0.8864,0.2589,-0.9739,2.1542,0.5741680018310826,-10.129999999999995,-39.5,-109.64999999999998,1.0867,-0.1033,1.3354,0.391,-1.5951,3.3374,0.7050492103456169,8.699999999999989,40.2,25.2
10.421000000089409,-0.3884,0.0,0.8824,0.2554,-0.9852,2.1408,0.5741680018310826,-10.029999999999989,-39.5,-109.84999999999998,1.0883,-0.0977,1.3242,0.3739,-1.5959,3.3202,0.705796902418555,8.59999999999998,40.2,25.0
10.45299999974668,-0.3793,-0.0091,0.8836,0.2419,-0.9687,2.1518,0.5742290379186694,-10.029999999999989,-39.5,-110.04999999999998,1.0741,-0.1018,1.3184,0.385,-1.584,3.3265999999999996,0.705796902418555,8.59999999999998,40.2,24.8
10.468000000342728,-0.391,0.0,0.8834,0.2553,-0.9843,2.164,0.5743663691157397,-10.029999999999989,-39.5,-110.25,1.0879,-0.0991,1.321,0.3841,-1.6075,3.3442,0.705796902418555,8.59999999999998,40.2,24.6
10.48399999924004,-0.3974,0.0,0.8832,0.2382,-0.9774,2.1408,0.5742595559624628,-10.029999999999989,-39.5,-110.44999999999996,1.0806,-0.0991,1.3322,0.3876,-1.5928,3.3192,0.7061326009002823,8.59999999999998,40.2,24.4
10.515000000596046,-0.4054,0.0,0.8904,0.2585,-0.9765,2.1604,0.5742595559624628,-10.029999999999989,-39.5,-110.54999999999998,1.0775,-0.0966,1.3126,0.387,-1.6035,3.3414,0.7061326009002823,8.59999999999998,40.2,24.2
10.53099999949336,-0.3955,0.0,0.879,0.2408,-0.9859,2.1552,0.5742595559624628,-10.029999999999989,-39.5,-110.75,1.0853,-0.1022,1.338,0.3796,-1.6066,3.343,0.705644312199588,8.59999999999998,40.2,24.0
10.546000000089409,-0.3909,-0.0033,0.8753999999999996,0.2413,-0.9674,2.144,0.5743663691157397,-10.029999999999989,-39.5,-110.94999999999996,1.0739,-0.1022,1.3152000000000001,0.3851,-1.5806,3.318,0.705644312199588,8.59999999999998,40.2,23.8
10.562000000849366,-0.4003,0.0,0.9006,0.2428,-0.9826,2.1646,0.5746257724879835,-10.029999999999989,-39.5,-111.14999999999998,1.0826,-0.1008,1.3168,0.377,-1.6015,3.3346000000000005,0.705644312199588,8.499999999999986,40.2,23.6
10.57799999974668,-0.3964,0.0,0.8851999999999998,0.2328,-0.983,2.1442,0.5746257724879835,-10.029999999999989,-39.5,-111.34999999999998,1.0671,-0.0916,1.3278,0.3796,-1.5981,3.3172,0.705644312199588,8.499999999999986,40.2,23.4
10.593000000342728,-0.399,0.0,0.8948,0.2402,-0.9744,2.1508,0.574854657816434,-10.029999999999989,-39.5,-111.54999999999998,1.0824,-0.1062,1.3126,0.3784,-1.5867,3.3246,0.7055527580682078,8.499999999999986,40.2,23.200000000000003
10.625,-0.4002,0.0,0.8908,0.2387,-0.9773,2.1668,0.574854657816434,-10.029999999999989,-39.5,-111.64999999999998,1.0767,-0.0921,1.3288,0.3821,-1.6057,3.3324,0.7055527580682078,8.499999999999986,40.2,23.0
10.640000000596046,-0.3917,-0.0008,0.8884,0.2389,-0.9826,2.1656,0.5746562905317769,-10.129999999999995,-39.5,-111.84999999999998,1.0794,-0.0965,1.33,0.3769,-1.603,3.321400000000001,0.705644312199588,8.499999999999986,40.2,22.8
10.65599999949336,-0.4049,0.0,0.8816,0.2369,-0.9768,2.1488,0.5746562905317769,-10.029999999999989,-39.5,-112.04999999999998,1.0742,-0.0911,1.3202,0.3736,-1.595,3.3156,0.7067124437323568,8.499999999999986,40.2,22.6
10.687000000849366,-0.3911,-0.0099,0.8943999999999998,0.2497,-0.9693,2.1678,0.574854657816434,-10.129999999999995,-39.5,-112.25,1.0742,-0.095,1.319,0.3794,-1.5895,3.3302,0.7055527580682078,8.499999999999986,40.2,22.4
10.70299999974668,-0.4004,-0.0157,0.8952,0.2358,-0.9863,2.1614,0.5748699168383307,-10.129999999999995,-39.5,-112.44999999999996,1.0841,-0.1005,1.3166,0.3692,-1.5967,3.335600000000001,0.7055527580682078,8.399999999999977,40.2,22.200000000000003
10.718000000342728,-0.3979,-0.0139,0.879,0.2311,-0.981,2.151,0.5748699168383307,-10.129999999999995,-39.5,-112.64999999999998,1.0642,-0.0828,1.3066,0.3707,-1.6036,3.314,0.7056900892652781,8.499999999999986,40.2,22.0
10.73399999924004,-0.407,-0.0096,0.8927999999999998,0.2362,-0.9661,2.1644,0.5748699168383307,-10.129999999999995,-39.5,-112.84999999999998,1.0649,-0.1066,1.314,0.3666,-1.593,3.3246,0.7068345159075303,8.499999999999986,40.2,21.9
10.75,-0.4138,-0.0043,0.8988,0.2468,-0.9855,2.1768,0.5748699168383307,-10.129999999999995,-39.4,-112.94999999999996,1.0726,-0.0969,1.3204,0.3665,-1.6082,3.3172,0.7068345159075303,8.399999999999977,40.2,21.700000000000003
10.78099999949336,-0.4057,0.0,0.8935999999999998,0.2366,-0.9789,2.159,0.575053025101091,-10.129999999999995,-39.4,-113.14999999999998,1.0738,-0.091,1.3055999999999999,0.372,-1.5845,3.308,0.7056900892652781,8.399999999999977,40.2,21.5
10.796000000089409,-0.3877,-0.0002,0.8854,0.2318,-0.9581,2.1614,0.575403982604715,-10.129999999999995,-39.4,-113.34999999999998,1.0768,-0.085,1.3095999999999999,0.3673,-1.5858,3.3164,0.7056900892652781,8.399999999999977,40.2,21.3
10.812000000849366,-0.4148,-0.0075,0.9028,0.2353,-0.9831,2.1754,0.575358205539025,-10.22999999999999,-39.4,-113.44999999999996,1.0772,-0.0866,1.3212,0.3649,-1.6008,3.3172,0.7057816433966583,8.399999999999977,40.2,21.1
10.82799999974668,-0.4108,-0.0079,0.896,0.2267,-0.9872,2.1712,0.5752208743419547,-10.22999999999999,-39.4,-113.64999999999998,1.0769,-0.0902,1.3222,0.3604,-1.5886,3.3116,0.7070481422140841,8.399999999999977,40.2,20.9
10.843000000342728,-0.3992,-0.0016,0.8864,0.2274,-0.9758,2.1528,0.575053025101091,-10.22999999999999,-39.4,-113.84999999999998,1.0707,-0.0834,1.301,0.3625,-1.5863,3.3084,0.7070481422140841,8.399999999999977,40.2,20.8
10.875,-0.4001,-0.0063,0.8899999999999998,0.2336,-0.9809,2.1654,0.5751140611886778,-10.22999999999999,-39.4,-114.04999999999998,1.0608,-0.0847,1.3064,0.3618,-1.5906,3.307,0.7070481422140841,8.399999999999977,40.2,20.6
10.890000000596046,-0.4163,-0.0061,0.8914,0.2261,-0.9749,2.1662,0.5752208743419547,-10.22999999999999,-39.4,-114.25,1.0794,-0.0769,1.3152000000000001,0.3541,-1.602,3.3132,0.7062394140535592,8.399999999999977,40.2,20.4
10.90599999949336,-0.4195,-0.0135,0.909,0.2323,-0.9861,2.1892,0.5752208743419547,-10.22999999999999,-39.4,-114.34999999999998,1.077,-0.0894,1.3108,0.3673,-1.5938,3.3188,0.7062394140535592,8.399999999999977,40.2,20.200000000000003
10.921000000089409,-0.4082,0.0,0.9026,0.2205,-0.9823,2.1798,0.5752208743419547,-10.22999999999999,-39.4,-114.54999999999998,1.0603,-0.0919,1.3142000000000005,0.357,-1.5905,3.3004,0.7062394140535592,8.399999999999977,40.2,20.0
10.937000000849366,-0.4078,-0.007,0.8906,0.2286,-0.9782,2.1664,0.5752208743419547,-10.129999999999995,-39.4,-114.84999999999998,1.0651,-0.0891,1.301,0.3595,-1.5846,3.2982,0.7062394140535592,8.399999999999977,40.2,19.8
10.968000000342728,-0.3974,-0.0053,0.8964,0.2236,-0.9811,2.1792,0.5753429465171283,-10.129999999999995,-39.4,-115.04999999999998,1.0748,-0.0894,1.3052,0.3617,-1.5941,3.3166,0.7062394140535592,8.399999999999977,40.2,19.6
10.98399999924004,-0.4171,-0.014,0.9114,0.2296,-0.9822,2.1808,0.575403982604715,-10.129999999999995,-39.4,-115.25,1.0786,-0.0873,1.3142000000000005,0.3544,-1.5941,3.3184000000000005,0.7062394140535592,8.299999999999983,40.2,19.3
11.0,-0.4154,-0.0122,0.9052,0.2331,-0.9817,2.184,0.5759533073929961,-10.129999999999995,-39.4,-115.34999999999998,1.0705,-0.083,1.3088,0.3669,-1.5993,3.318,0.7062394140535592,8.299999999999983,40.2,19.1
11.015000000596046,-0.4152,-0.0136,0.9044,0.2338,-0.9853,2.1834,0.5759838254367895,-10.129999999999995,-39.4,-115.54999999999998,1.074,-0.0795,1.2992000000000001,0.3508,-1.5795,3.3052000000000006,0.7072465094987411,8.299999999999983,40.2,18.9
11.03099999949336,-0.4061,-0.0079,0.9082,0.2162,-0.9914,2.1804,0.5760143434805829,-10.129999999999995,-39.5,-115.84999999999998,1.0599,-0.0824,1.3015999999999999,0.3614,-1.59,3.3016,0.7073228046082246,8.299999999999983,40.2,18.8
11.062000000849366,-0.4043,-0.0039,0.9026,0.2214,-0.9781,2.1678,0.5759838254367895,-10.029999999999989,-39.5,-116.04999999999998,1.0633,-0.0771,1.2972,0.3579,-1.5751,3.3046,0.7081773098344396,8.399999999999977,40.2,18.6
11.07799999974668,-0.4069,-0.0052,0.9021999999999998,0.2268,-0.9734,2.1738,0.5759533073929961,-10.029999999999989,-39.5,-116.25,1.0731,-0.0753,1.3106,0.3499,-1.5931,3.3198000000000003,0.7082688639658198,8.299999999999983,40.2,18.3
11.093000000342728,-0.4143,-0.009,0.8973999999999998,0.2245,-0.99,2.1892,0.5757854581521324,-10.029999999999989,-39.5,-116.44999999999996,1.0745,-0.0768,1.3186,0.3541,-1.5911,3.3030000000000004,0.7082688639658198,8.299999999999983,40.2,18.1
11.10899999924004,-0.4135,-0.0173,0.9048000000000002,0.2201,-1.0021,2.1856,0.5757244220645457,-10.029999999999989,-39.5,-116.54999999999998,1.0649,-0.0867,1.3084,0.3511,-1.579,3.31,0.7082688639658198,8.299999999999983,40.2,17.9
11.140000000596046,-0.4169,-0.0116,0.9034,0.2227,-0.9734,2.1664,0.5757244220645457,-10.029999999999989,-39.5,-116.84999999999998,1.0737,-0.07,1.2988,0.3432,-1.5847,3.2934,0.7069108110170138,8.299999999999983,40.2,17.799999999999997
11.15599999949336,-0.4128,-0.0173,0.9038,0.2351,-0.9767,2.1926,0.5757244220645457,-10.029999999999989,-39.5,-116.94999999999996,1.0676,-0.0749,1.3048,0.3383,-1.5847,3.3064,0.7069108110170138,8.299999999999983,40.2,17.6
11.171000000089409,-0.424,-0.0193,0.9156,0.2333,-0.9812,2.2,0.5757244220645457,-10.129999999999995,-39.4,-117.14999999999998,1.0728,-0.08,1.3156,0.3509,-1.5868,3.297600000000001,0.7069108110170138,8.299999999999983,40.2,17.4
11.20299999974668,-0.4169,-0.013,0.9086,0.2114,-0.9882,2.1886,0.5757244220645457,-10.129999999999995,-39.4,-117.25,1.0641,-0.0777,1.3014,0.3604,-1.5681,3.2932,0.7069108110170138,8.299999999999983,40.1,17.200000000000003
11.218000000342728,-0.4024,-0.0221,0.9044,0.2154,-0.9743,2.1786,0.5757244220645457,-10.129999999999995,-39.4,-117.44999999999996,1.0543,-0.0828,1.2994,0.3485,-1.5745,3.2954000000000003,0.7069108110170138,8.399999999999977,40.1,17.1
11.23399999924004,-0.4131,-0.0166,0.9048000000000002,0.219,-0.9767,2.1966,0.5757244220645457,-10.129999999999995,-39.4,-117.64999999999998,1.0697,-0.0816,1.3068,0.3337,-1.5952,3.3058,0.7069108110170138,8.299999999999983,40.1,16.9
11.25,-0.4121,-0.0185,0.9078,0.2173,-0.9972,2.2032,0.5758922713054093,-10.129999999999995,-39.4,-117.84999999999998,1.0638,-0.0827,1.304,0.3455,-1.5855,3.3016,0.7083604180972,8.299999999999983,40.1,16.700000000000003
11.265000000596046,-0.4114,0.0,0.9044,0.2108,-0.9788,2.1832,0.5758922713054093,-10.129999999999995,-39.4,-118.04999999999998,1.062,-0.0731,1.297,0.3498,-1.5788,3.2918,0.7083604180972,8.299999999999983,40.1,16.5
11.28099999949336,-0.4134,-0.0084,0.8952,0.2248,-0.9656,2.1906,0.5758922713054093,-10.129999999999995,-39.4,-118.25,1.0715,-0.0778,1.2966,0.3494,-1.5765,3.3084,0.7084214541847867,8.299999999999983,40.1,16.299999999999997
11.312000000849366,-0.4157,-0.0264,0.9143999999999998,0.2159,-0.9889,2.2002,0.5758770122835126,-10.129999999999995,-39.4,-118.44999999999996,1.0597,-0.0776,1.3026000000000002,0.3366,-1.5816,3.2972,0.7084214541847867,8.299999999999983,40.1,16.1
11.32799999974668,-0.4178,-0.0096,0.9046,0.2087,-0.9903,2.189,0.5756023498893721,-10.129999999999995,-39.4,-118.54999999999998,1.0588,-0.0783,1.3022,0.3466,-1.5722,3.2942,0.7084214541847867,8.299999999999983,40.1,15.9
11.343000000342728,-0.4109,-0.011,0.9038,0.2117,-0.9796,2.1818,0.5756481269550622,-10.029999999999989,-39.4,-118.84999999999998,1.0618,-0.0767,1.2893999999999999,0.3393,-1.5809,3.2948,0.7083756771190967,8.299999999999983,40.1,15.700000000000005
11.35899999924004,-0.4166,-0.0099,0.912,0.2152,-0.9748,2.2016,0.5758770122835126,-10.029999999999989,-39.4,-119.04999999999998,1.0711,-0.0721,1.2984,0.3525,-1.5822,3.3016,0.7084214541847867,8.199999999999989,40.1,15.5
11.390000000596046,-0.416,-0.0169,0.9102,0.2155,-0.9798,2.194200000000001,0.5758770122835126,-10.029999999999989,-39.4,-119.25,1.0724,-0.0762,1.306,0.3431,-1.5713,3.2818000000000005,0.708909742885481,8.299999999999983,40.1,15.299999999999995
11.390000000596046,-0.4262,-0.0198,0.9095999999999999,0.2092,-0.9673,2.1896,0.5758770122835126,-10.029999999999989,-39.5,-119.44999999999996,1.0688,-0.0688,1.2988,0.3402,-1.5776,3.2962,0.7102067597467002,8.299999999999983,40.1,15.1
11.421000000089409,-0.4278,-0.0095,0.9162,0.2072,-0.985,2.205,0.5757701991302357,-10.029999999999989,-39.5,-119.64999999999998,1.0756,-0.0744,1.3088,0.3349,-1.5849,3.3012,0.7105882352941176,8.199999999999989,40.1,14.9
11.437000000849366,-0.4291,-0.0205,0.9082,0.2189,-0.981,2.2064,0.5756481269550622,-10.029999999999989,-39.5,-119.84999999999998,1.0645,-0.0696,1.3006000000000002,0.3443,-1.5662,3.2948,0.708909742885481,8.199999999999989,40.1,14.700000000000005
11.45299999974668,-0.4164,-0.0014,0.9084,0.2207,-0.9921,2.1992,0.5757701991302357,-9.929999999999993,-39.5,-120.04999999999998,1.0535,-0.0685,1.2908,0.338,-1.576,3.2870000000000004,0.708909742885481,8.299999999999983,40.1,14.6
11.48399999924004,-0.413,-0.0158,0.9036,0.2054,-0.9627,2.1876000000000007,0.5762737468528267,-9.929999999999993,-39.5,-120.25,1.0651,-0.0715,1.2912000000000001,0.3438,-1.5676,3.292,0.708909742885481,8.299999999999983,40.1,14.4
11.5,-0.4133,-0.0172,0.918,0.2153,-0.9767,2.21,0.5762737468528267,-9.929999999999993,-39.5,-120.44999999999996,1.0687,-0.0801,1.3076,0.3345,-1.5773,3.2970000000000006,0.7095353627832456,8.199999999999989,40.1,14.200000000000005
11.515000000596046,-0.4255,-0.0218,0.9194,0.1943,-0.9831,2.198599999999999,0.5762127107652399,-9.929999999999993,-39.5,-120.64999999999998,1.0669,-0.0663,1.2982,0.3405,-1.5665,3.2806,0.7095353627832456,8.299999999999983,40.1,14.0
11.53099999949336,-0.4203,-0.0188,0.9094,0.2073,-0.984,2.194,0.5757701991302357,-9.929999999999993,-39.5,-120.84999999999998,1.0544,-0.0677,1.2888,0.336,-1.5746,3.2950000000000004,0.7095353627832456,8.299999999999983,40.1,13.9
11.546000000089409,-0.424,-0.0222,0.9228,0.2034,-0.9781,2.2012000000000005,0.5759380483710994,-9.929999999999993,-39.5,-120.94999999999996,1.0689,-0.0618,1.293,0.3296,-1.5864,3.2984000000000004,0.7093980315861753,8.199999999999989,40.1,13.700000000000005
11.57799999974668,-0.4163,-0.0237,0.9202,0.2077,-0.9906,2.2146,0.5761364156557565,-10.029999999999989,-39.4,-121.14999999999998,1.0636,-0.0712,1.2928,0.3359,-1.5774,3.2910000000000004,0.7093980315861753,8.299999999999983,40.1,13.5
11.593000000342728,-0.4176,-0.017,0.911,0.1991,-0.9881,2.2002,0.5761364156557565,-9.929999999999993,-39.5,-121.34999999999998,1.0639,-0.0654,1.2830000000000001,0.3265,-1.5627,3.2918,0.7095353627832456,8.299999999999983,40.1,13.299999999999995
11.60899999924004,-0.419,-0.0141,0.9034,0.2056,-0.9671,2.2036,0.5761364156557565,-9.929999999999993,-39.4,-121.54999999999998,1.0666,-0.0725,1.2996,0.3252,-1.5713,3.2914,0.7105119401846341,8.199999999999989,40.1,13.1
11.625,-0.4163,-0.0235,0.9184,0.2142,-0.9752,2.2164,0.5759380483710994,-10.029999999999989,-39.4,-121.64999999999998,1.0606,-0.0613,1.2954,0.3303,-1.569,3.285,0.7105119401846341,8.199999999999989,40.1,12.9
11.65599999949336,-0.4274,-0.0124,0.9248,0.1963,-0.9884,2.2052,0.575907530327306,-10.029999999999989,-39.4,-121.84999999999998,1.0524,-0.0672,1.3004,0.3336,-1.5682,3.2718,0.7105119401846341,8.199999999999989,40.1,12.700000000000005
11.671000000089409,-0.4286,-0.0206,0.9197999999999996,0.1898,-0.9807,2.201,0.5759380483710994,-9.929999999999993,-39.4,-122.04999999999998,1.0635,-0.0674,1.2950000000000002,0.3235,-1.5659,3.2864,0.710267795834287,8.199999999999989,40.1,12.5
11.687000000849366,-0.4171,-0.0226,0.9236,0.2018,-0.9906,2.2118,0.5761364156557565,-9.929999999999993,-39.4,-122.25,1.0689,-0.0628,1.3028,0.3171,-1.5643,3.2944,0.7119005111772335,8.199999999999989,40.1,12.299999999999995
11.70299999974668,-0.4302,-0.0255,0.9286,0.2015,-0.9902,2.2152,0.5761974517433432,-10.029999999999989,-39.4,-122.44999999999996,1.0585,-0.0621,1.2926,0.3223,-1.5704,3.2716,0.7120378423743038,8.199999999999989,40.1,12.1
11.718000000342728,-0.4278,-0.0153,0.916,0.1937,-0.9831,2.1976,0.5761974517433432,-9.929999999999993,-39.4,-122.64999999999998,1.064,-0.0586,1.2902,0.3193,-1.5664,3.2769999999999997,0.712480354009308,8.199999999999989,40.1,11.9
11.75,-0.418,-0.0161,0.9250000000000002,0.2106,-0.9756,2.2112,0.5760753795681697,-9.929999999999993,-39.4,-122.84999999999998,1.0756,-0.0609,1.2968,0.3195,-1.575,3.2899999999999996,0.712480354009308,8.199999999999989,40.1,11.700000000000005
11.765000000596046,-0.4255,-0.0233,0.9278,0.1962,-0.9919,2.2204,0.5760753795681697,-9.929999999999993,-39.4,-123.04999999999998,1.0577,-0.0576,1.293,0.3338,-1.5673,3.282,0.7120378423743038,8.199999999999989,40.1,11.5
11.78099999949336,-0.4349,-0.0265,0.9262,0.1902,-0.9865,2.2118,0.5761974517433432,-9.929999999999993,-39.4,-123.25,1.0567,-0.0574,1.2888,0.3264,-1.5614,3.28,0.7118547341115434,8.199999999999989,40.1,11.299999999999995
11.796000000089409,-0.423,-0.0219,0.9196,0.2001,-0.9728,2.2098,0.5763653009842069,-9.829999999999984,-39.5,-123.44999999999996,1.0677,-0.0569,1.2908,0.3291,-1.5721,3.2912,0.712480354009308,8.199999999999989,40.1,11.1
11.82799999974668,-0.4282,-0.0358,0.9312,0.1991,-0.9771,2.2254,0.5763653009842069,-9.829999999999984,-39.4,-123.64999999999998,1.0629,-0.0542,1.2906,0.3154,-1.5794,3.2876,0.7133196002136263,8.09999999999998,40.1,10.9
11.843000000342728,-0.4172,-0.0198,0.9318,0.1968,-0.9856,2.2222,0.5761364156557565,-9.829999999999984,-39.4,-123.84999999999998,1.0551,-0.0633,1.2914,0.3209,-1.5685,3.2693999999999996,0.7133196002136263,8.199999999999989,40.1,10.700000000000005
11.85899999924004,-0.4188,-0.0172,0.923,0.189,-0.9778,2.2078,0.5760753795681697,-9.829999999999984,-39.5,-124.04999999999998,1.0609,-0.0579,1.2898,0.3181,-1.575,3.2780000000000005,0.7124193179217212,8.199999999999989,40.1,10.5
11.875,-0.4328,-0.0173,0.9262,0.2018,-0.9715,2.214400000000001,0.5761211566338598,-9.829999999999984,-39.5,-124.25,1.0651,-0.0613,1.2966,0.3085,-1.5759,3.2844,0.7124193179217212,8.199999999999989,40.1,10.299999999999995
11.890000000596046,-0.4411,-0.0366,0.9434,0.1872,-0.9913,2.219,0.5761364156557565,-9.829999999999984,-39.4,-124.44999999999996,1.0492,-0.0631,1.2846,0.3227,-1.5649,3.2626000000000004,0.7125871671625849,8.199999999999989,40.1,10.1
11.90599999949336,-0.4225,-0.0188,0.9194,0.197,-0.9794,2.2120000000000006,0.5761364156557565,-9.829999999999984,-39.5,-124.64999999999998,1.0517,-0.0589,1.284,0.3195,-1.5664,3.2812,0.7132433051041428,8.199999999999989,40.1,10.0
11.937000000849366,-0.4253,-0.0189,0.928,0.19,-0.976,2.2078,0.5761364156557565,-9.829999999999984,-39.5,-124.84999999999998,1.057,-0.0607,1.2855999999999999,0.3159,-1.5782,3.27,0.7132433051041428,8.09999999999998,40.0,9.799999999999995
11.95299999974668,-0.4334,-0.0337,0.9258,0.1871,-0.9783,2.226,0.5761364156557565,-9.829999999999984,-39.4,-125.04999999999998,1.0569,-0.0601,1.3032000000000001,0.3203,-1.5691,3.2818000000000005,0.7132433051041428,8.09999999999998,40.0,9.6
11.968000000342728,-0.4292,-0.0361,0.9342,0.1837,-0.9967,2.2346,0.5762737468528267,-9.829999999999984,-39.4,-125.14999999999998,1.0511,-0.0516,1.284,0.3143,-1.5554,3.2606,0.7132433051041428,8.09999999999998,40.0,9.4
12.0,-0.4305,-0.0258,0.9268,0.1937,-0.9839,2.2212,0.5762737468528267,-9.829999999999984,-39.4,-125.34999999999998,1.0497,-0.0454,1.2738,0.3232,-1.5656,3.2692,0.7134721904325932,8.09999999999998,40.0,9.200000000000005
12.015000000596046,-0.4269,-0.0194,0.9292,0.187,-0.9896,2.2166,0.5762737468528267,-9.829999999999984,-39.4,-125.54999999999998,1.0586,-0.0558,1.277,0.3021,-1.5775,3.275,0.7134721904325932,8.09999999999998,40.0,9.0
12.03099999949336,-0.4261,-0.0285,0.927,0.1918,-0.971,2.2206,0.5762737468528267,-9.829999999999984,-39.4,-125.75,1.0585,-0.0518,1.2928,0.3185,-1.5618,3.2710000000000004,0.7142046234836347,8.09999999999998,40.0,8.799999999999997
12.046000000089409,-0.432,-0.0396,0.935,0.2061,-0.9632,2.221,0.5762127107652399,-9.829999999999984,-39.4,-125.94999999999996,1.0573,-0.0527,1.2866,0.3143,-1.5619,3.2778000000000005,0.7135027084763866,8.09999999999998,40.0,8.700000000000003
12.062000000849366,-0.4325,-0.0431,0.9265999999999998,0.192,-0.9712,2.215,0.5762127107652399,-9.829999999999984,-39.4,-126.04999999999998,1.067,-0.0524,1.282,0.3166,-1.5658,3.269,0.7135027084763866,7.999999999999986,40.0,8.5
12.07799999974668,-0.426,-0.0208,0.9232,0.1932,-0.9768,2.226,0.5762127107652399,-9.72999999999999,-39.4,-126.25,1.0612,-0.0538,1.2844000000000002,0.3096,-1.5576,3.2739999999999996,0.7135027084763866,7.999999999999986,40.0,8.299999999999997
12.10899999924004,-0.4505,-0.0367,0.9388,0.2012,-0.9738,2.2282,0.5762127107652399,-9.72999999999999,-39.4,-126.44999999999996,1.0523,-0.0566,1.2842,0.3141,-1.5637,3.268,0.7135027084763866,7.999999999999986,40.0,8.100000000000001
12.125,-0.4326,-0.0382,0.9388,0.195,-0.977,2.2277999999999993,0.5763653009842069,-9.72999999999999,-39.4,-126.64999999999998,1.0488,-0.0521,1.2786,0.3161,-1.5612,3.2678,0.7142046234836347,7.999999999999986,40.0,7.899999999999999
12.140000000596046,-0.4247,-0.0365,0.9369999999999998,0.1953,-0.9803,2.2236,0.5765178912031739,-9.72999999999999,-39.4,-126.75,1.0556,-0.0635,1.292,0.3012,-1.5598,3.2634000000000003,0.7144640268558785,7.899999999999977,40.0,7.799999999999997
12.171000000089409,-0.4207,-0.03,0.9335999999999998,0.1967,-0.9905,2.237,0.5766552224002441,-9.72999999999999,-39.4,-126.94999999999996,1.036,-0.0523,1.2872000000000001,0.3078,-1.561,3.2648,0.7147234302281223,7.899999999999977,40.0,7.600000000000001
12.187000000849366,-0.4359,-0.0437,0.9415999999999998,0.1969,-0.995,2.2396,0.5767925535973144,-9.72999999999999,-39.4,-127.14999999999998,1.0584,-0.0308,1.2773999999999999,0.3088,-1.554,3.2578,0.7148302433813992,7.999999999999986,40.0,7.5
12.20299999974668,-0.44,-0.0299,0.9278,0.1892,-0.9833,2.222,0.5766552224002441,-9.72999999999999,-39.4,-127.25,1.0477,-0.0447,1.2738,0.3107,-1.5577,3.2614,0.7148760204470893,7.999999999999986,40.0,7.399999999999999
12.218000000342728,-0.4431,-0.0331,0.9335999999999998,0.1826,-0.9735,2.2304,0.5765178912031739,-9.629999999999995,-39.4,-127.44999999999996,1.0527,-0.0585,1.2944,0.3043,-1.5649,3.284,0.7148302433813992,7.899999999999977,40.0,7.200000000000003
12.23399999924004,-0.4414,-0.0335,0.9396,0.1889,-0.9892,2.2364,0.5765178912031739,-9.629999999999995,-39.4,-127.64999999999998,1.0468,-0.051,1.2792000000000001,0.2978,-1.5534,3.2454,0.7148760204470893,7.999999999999986,40.0,7.100000000000001
12.25,-0.4339,-0.0282,0.9326,0.1778,-0.9783,2.2282,0.5767009994659342,-9.629999999999995,-39.4,-127.75,1.05,-0.0558,1.2824,0.3109,-1.5595,3.2636,0.7149217975127794,7.899999999999977,40.0,6.899999999999999
12.28099999949336,-0.4359,-0.0493,0.943,0.1939,-0.9772,2.2346,0.5767009994659342,-9.529999999999989,-39.4,-127.94999999999996,1.0499,-0.0542,1.2750000000000001,0.3054,-1.553,3.2614,0.7150896467536431,7.899999999999977,40.0,6.799999999999997
12.296000000089409,-0.4405,-0.0293,0.9464,0.1822,-0.9909,2.2344,0.5764721141374838,-9.629999999999995,-39.4,-128.04999999999998,1.0527,-0.0489,1.2773999999999999,0.3105,-1.5579,3.248800000000001,0.71524223697261,7.899999999999977,40.0,6.700000000000003
12.312000000849366,-0.4323,-0.0227,0.9346,0.1764,-0.982,2.2228,0.5764721141374838,-9.529999999999989,-39.4,-128.24999999999997,1.0501,-0.0482,1.286,0.2945,-1.5607,3.262,0.7149217975127794,7.899999999999977,40.0,6.600000000000001
12.32799999974668,-0.4292,-0.0287,0.944,0.1867,-0.9717,2.2366,0.5767009994659342,-9.529999999999989,-39.4,-128.34999999999997,1.0539,-0.0491,1.2908,0.2951,-1.5739,3.2722,0.71524223697261,7.899999999999977,40.0,6.399999999999999
12.35899999924004,-0.4427,-0.0504,0.9448,0.1923,-0.977,2.2374,0.5770824750133516,-9.529999999999989,-39.4,-128.45,1.0557,-0.0405,1.2806,0.2984,-1.5498,3.2454,0.7152574959945067,7.899999999999977,40.0,6.299999999999997
12.375,-0.4421,-0.026,0.9419999999999998,0.1757,-0.9945,2.2315999999999994,0.5770824750133516,-9.629999999999995,-39.4,-128.54999999999998,1.0447,-0.0445,1.2790000000000001,0.3033,-1.559,3.253,0.7162951094834822,7.899999999999977,40.0,6.200000000000003
12.390000000596046,-0.4328,-0.0334,0.9376,0.1847,-0.9769,2.2302,0.5768078126192111,-9.629999999999995,-39.4,-128.64999999999998,1.0544,-0.042,1.2764,0.2877,-1.5553,3.2710000000000004,0.7161425192645152,7.899999999999977,40.0,6.0
12.421000000089409,-0.4308,-0.0367,0.928,0.1819,-0.9722,2.238,0.5764415960936904,-9.629999999999995,-39.4,-128.74999999999997,1.0576,-0.0466,1.28,0.3016,-1.5601,3.2666000000000004,0.7152727550164034,7.899999999999977,40.0,5.899999999999999
12.421000000089409,-0.4454,-0.039,0.9411999999999998,0.1888,-0.9828,2.234,0.5765331502250706,-9.629999999999995,-39.4,-128.84999999999997,1.0481,-0.0556,1.2836,0.3044,-1.5487,3.249,0.7152727550164034,7.899999999999977,40.0,5.799999999999997
12.45299999974668,-0.4397,-0.0341,0.9442,0.1884,-0.9861,2.2456,0.5764721141374838,-9.629999999999995,-39.3,-128.95,1.039,-0.0546,1.2752000000000001,0.2993,-1.5402,3.2522,0.7153032730601968,7.899999999999977,40.0,5.700000000000003
12.468000000342728,-0.4425,-0.0227,0.94,0.1764,-0.9832,2.2416,0.5764721141374838,-9.529999999999989,-39.4,-129.04999999999998,1.0563,-0.0479,1.2750000000000001,0.2958,-1.5544,3.266,0.7153032730601968,7.799999999999983,39.9,5.5
12.48399999924004,-0.4356,-0.0358,0.9419999999999998,0.1681,-0.9739,2.2419999999999995,0.5764721141374838,-9.529999999999989,-39.3,-129.24999999999997,1.061,-0.0504,1.2878000000000005,0.3026,-1.5582,3.2632,0.7153032730601968,7.799999999999983,39.9,5.399999999999999
12.515000000596046,-0.444,-0.0389,0.9546,0.1784,-0.9972,2.2468,0.5764721141374838,-9.529999999999989,-39.3,-129.24999999999997,1.041,-0.0446,1.2718,0.3053,-1.5428,3.2442000000000006,0.7153032730601968,7.799999999999983,39.9,5.299999999999997
12.53099999949336,-0.4432,-0.0267,0.9504,0.1765,-0.9858,2.2426,0.5764721141374838,-9.529999999999989,-39.3,-129.34999999999997,1.0395,-0.0412,1.2598,0.3037,-1.557,3.2478,0.7153032730601968,7.799999999999983,39.9,5.200000000000003
12.546000000089409,-0.4435,-0.033,0.9408,0.1845,-0.9732,2.2342,0.5764721141374838,-9.529999999999989,-39.4,-129.54999999999998,1.059,-0.0565,1.2904000000000002,0.3045,-1.5553,3.2692,0.7153185320820935,7.799999999999983,39.9,5.100000000000001
12.562000000849366,-0.4378,-0.0334,0.9414,0.1808,-0.9775,2.238,0.576411078049897,-9.429999999999993,-39.3,-129.64999999999998,1.0447,-0.0406,1.2676,0.2953,-1.5619,3.2484,0.7154406042572671,7.799999999999983,39.9,5.0
12.57799999974668,-0.4382,-0.0411,0.9464,0.1805,-0.9938,2.2476,0.576411078049897,-9.429999999999993,-39.3,-129.74999999999997,1.0428,-0.0458,1.2672,0.2877,-1.55,3.249,0.7156694895857176,7.799999999999983,39.9,4.899999999999999
12.593000000342728,-0.4427,-0.0317,0.952,0.1742,-0.988,2.238800000000001,0.576411078049897,-9.429999999999993,-39.4,-129.84999999999997,1.0488,-0.0326,1.2682,0.2966,-1.5504,3.2446,0.7162340733958954,7.799999999999983,39.9,4.799999999999997
12.625,-0.4413,-0.0268,0.9453999999999998,0.1787,-0.9703,2.2362,0.576411078049897,-9.329999999999984,-39.4,-129.95,1.0443,-0.0493,1.2806,0.2873,-1.5553,3.2568,0.7162340733958954,7.699999999999989,39.9,4.700000000000003
12.640000000596046,-0.435,-0.0367,0.9484,0.1833,-0.9876,2.2540000000000004,0.576411078049897,-9.429999999999993,-39.4,-129.95,1.0337,-0.0485,1.2624,0.2848,-1.5529,3.2466000000000004,0.7162340733958954,7.799999999999983,39.9,4.700000000000003
12.65599999949336,-0.451,-0.0477,0.9544,0.1728,-0.9875,2.246,0.5764873731593805,-9.329999999999984,-39.4,-130.04999999999998,1.0404,-0.046,1.274,0.2888,-1.5525,3.2449999999999997,0.7172716868848708,7.799999999999983,39.9,4.600000000000001
12.671000000089409,-0.4346,-0.0367,0.9404,0.1785,-0.9701,2.24,0.5766704814221408,-9.329999999999984,-39.4,-130.14999999999998,1.0395,-0.0367,1.2710000000000001,0.2944,-1.5557,3.2578,0.7174853131914245,7.699999999999989,39.9,4.5
12.687000000849366,-0.448,-0.0406,0.9526,0.1718,-0.9768,2.2534,0.5768993667505913,-9.329999999999984,-39.4,-130.24999999999997,1.0473,-0.0432,1.274,0.2832,-1.5487,3.2396,0.7177294575417716,7.699999999999989,39.9,4.5
12.718000000342728,-0.4421,-0.0338,0.9504,0.1772,-0.9954,2.2514,0.5768993667505913,-9.329999999999984,-39.4,-130.24999999999997,1.0335,-0.0467,1.2686,0.293,-1.5451,3.248800000000001,0.7184008545052263,7.799999999999983,39.9,4.5
12.73399999924004,-0.4405,-0.0276,0.9491999999999998,0.1755,-0.9802,2.2456,0.5768993667505913,-9.329999999999984,-39.3,-130.24999999999997,1.0418,-0.0319,1.2698,0.283,-1.543,3.2574,0.7186755168993668,7.799999999999983,39.9,4.399999999999999
12.75,-0.4325,-0.0261,0.9456,0.1718,-0.9729,2.2386,0.5768993667505913,-9.329999999999984,-39.4,-130.34999999999997,1.044,-0.039,1.276,0.285,-1.5606,3.2546,0.7177294575417716,7.699999999999989,39.9,4.399999999999999
12.765000000596046,-0.4432,-0.0467,0.9518,0.1822,-0.9773,2.2646,0.5768993667505913,-9.329999999999984,-39.3,-130.34999999999997,1.043,-0.0373,1.2653999999999999,0.2782,-1.5552,3.2418,0.7174853131914245,7.799999999999983,39.9,4.299999999999997
12.796000000089409,-0.451,-0.0337,0.9532000000000002,0.1664,-0.9955,2.248,0.5769604028381781,-9.329999999999984,-39.3,-130.45,1.0411,-0.039,1.2604,0.2839,-1.5509,3.25,0.7177294575417716,7.799999999999983,39.9,4.299999999999997
12.812000000849366,-0.4435,-0.0287,0.9358,0.1684,-0.9685,2.2364,0.5771587701228351,-9.22999999999999,-39.3,-130.45,1.0414,-0.0406,1.2662,0.2726,-1.5485,3.251,0.7182024872205692,7.699999999999989,39.9,4.299999999999997
12.82799999974668,-0.4612,-0.0598,0.964,0.1737,-0.9882,2.262,0.5771587701228351,-9.22999999999999,-39.3,-130.54999999999998,1.0371,-0.0434,1.2687999999999997,0.2814,-1.5401,3.2388,0.7182024872205692,7.799999999999983,39.9,4.200000000000003
12.843000000342728,-0.453,-0.0418,0.9502,0.1678,-0.9868,2.2486,0.5769604028381781,-9.22999999999999,-39.3,-130.54999999999998,1.0467,-0.0396,1.2613999999999999,0.2795,-1.5472,3.2414,0.717058060578317,7.799999999999983,39.9,4.200000000000003
12.85899999924004,-0.446,-0.0309,0.951,0.1705,-0.9673,2.2442,0.5767162584878309,-9.22999999999999,-39.3,-130.64999999999998,1.0538,-0.0407,1.2754,0.2728,-1.5627,3.2586,0.717058060578317,7.699999999999989,39.9,4.200000000000003
12.890000000596046,-0.444,-0.0479,0.9552,0.1751,-0.9805,2.2636,0.5767162584878309,-9.22999999999999,-39.3,-130.64999999999998,1.0427,-0.0431,1.2724,0.2823,-1.5486,3.2334,0.717409018081941,7.799999999999983,39.9,4.200000000000003
12.90599999949336,-0.4525,-0.0378,0.9646,0.1662,-0.9915,2.2514,0.5769604028381781,-9.22999999999999,-39.3,-130.64999999999998,1.0467,-0.039,1.2750000000000001,0.2861,-1.5518,3.2512000000000003,0.7182024872205692,7.799999999999983,39.9,4.100000000000001
12.921000000089409,-0.4495,-0.0373,0.953,0.1625,-0.9952,2.255,0.5772808422980087,-9.22999999999999,-39.3,-130.64999999999998,1.0336,-0.0332,1.2624,0.2753,-1.5469,3.2492,0.7193011367971314,7.699999999999989,39.9,4.100000000000001
12.937000000849366,-0.4408,-0.0515,0.9506,0.1735,-0.9867,2.248,0.5772045471885252,-9.329999999999984,-39.3,-130.64999999999998,1.0387,-0.0409,1.273,0.2708,-1.5548,3.238,0.7190112153810941,7.799999999999983,39.9,4.100000000000001
12.968000000342728,-0.4478,-0.0374,0.9514,0.1759,-0.9754,2.249,0.5772045471885252,-9.329999999999984,-39.3,-130.64999999999998,1.045,-0.0376,1.2634,0.2727,-1.5455,3.243,0.7190112153810941,7.799999999999983,39.9,4.100000000000001
12.98399999924004,-0.4428,-0.0518,0.9499999999999998,0.1655,-0.9835,2.2494,0.5772045471885252,-9.329999999999984,-39.3,-130.64999999999998,1.0438,-0.0428,1.2651999999999999,0.2777,-1.5368,3.246,0.7192401007095446,7.799999999999983,39.9,4.100000000000001
13.0,-0.4541,-0.0448,0.9613999999999998,0.1722,-0.9896,2.2528,0.5772045471885252,-9.329999999999984,-39.3,-130.54999999999998,1.0447,-0.0414,1.2628000000000001,0.2764,-1.5376,3.2396,0.7192401007095446,7.799999999999983,39.9,4.100000000000001
13.015000000596046,-0.4344,-0.0335,0.948,0.1665,-0.9803,2.2482,0.5771740291447318,-9.429999999999993,-39.3,-130.54999999999998,1.0429,-0.045,1.2640000000000002,0.2818,-1.5462,3.238599999999999,0.7190112153810941,7.799999999999983,39.9,4.100000000000001
13.03099999949336,-0.4488,-0.0472,0.9537999999999998,0.1769,-0.9728,2.246,0.5771740291447318,-9.429999999999993,-39.3,-130.54999999999998,1.0438,-0.0417,1.2618,0.2782,-1.5442,3.2327999999999997,0.7189959563591974,7.799999999999983,39.9,4.100000000000001
13.046000000089409,-0.4404,-0.0406,0.9462,0.1672,-0.9885,2.2508,0.5771587701228351,-9.429999999999993,-39.3,-130.54999999999998,1.0352,-0.0397,1.2636,0.2689,-1.5477,3.2344000000000004,0.7189959563591974,7.799999999999983,39.9,4.100000000000001
13.07799999974668,-0.4496,-0.0442,0.9586,0.1761,-0.9779,2.2534,0.5771587701228351,-9.429999999999993,-39.3,-130.54999999999998,1.0334,-0.0373,1.2613999999999999,0.269,-1.5474,3.238,0.718965438315404,7.799999999999983,39.9,4.100000000000001
13.093000000342728,-0.4571,-0.046,0.9536,0.1762,-0.9734,2.2462,0.5771587701228351,-9.429999999999993,-39.3,-130.54999999999998,1.0343,-0.0385,1.2544,0.2794,-1.5451,3.2296,0.7189501792935074,7.799999999999983,39.9,4.100000000000001
13.10899999924004,-0.4412,-0.0475,0.9554,0.1678,-0.9916,2.2568,0.5771740291447318,-9.429999999999993,-39.3,-130.54999999999998,1.024,-0.0387,1.2491999999999999,0.2681,-1.5407,3.2376,0.7189349202716107,7.799999999999983,39.9,4.100000000000001
13.125,-0.4382,-0.0421,0.9444,0.1773,-0.9794,2.2592,0.5771740291447318,-9.429999999999993,-39.3,-130.54999999999998,1.0397,-0.0306,1.2504000000000002,0.2646,-1.54,3.2334,0.7189349202716107,7.799999999999983,39.9,4.100000000000001
13.15599999949336,-0.4385,-0.0457,0.9476,0.1704,-0.995,2.257,0.5771740291447318,-9.429999999999993,-39.3,-130.54999999999998,1.0272,-0.043,1.257,0.2654,-1.5427,3.2268000000000003,0.718965438315404,7.799999999999983,39.9,4.100000000000001
13.171000000089409,-0.4382,-0.0468,0.9457999999999998,0.172,-0.9858,2.2558,0.5771587701228351,-9.429999999999993,-39.3,-130.54999999999998,1.0371,-0.0404,1.2512,0.2684,-1.5531,3.2266,0.7189349202716107,7.799999999999983,39.9,4.100000000000001
13.187000000849366,-0.4367,-0.0457,0.9552,0.1731,-0.9772,2.2516,0.5771587701228351,-9.429999999999993,-39.3,-130.64999999999998,1.0337,-0.0459,1.258,0.266,-1.5363,3.2268000000000003,0.718919661249714,7.799999999999983,39.9,4.100000000000001
13.20299999974668,-0.4407,-0.037,0.9518,0.1757,-0.9919,2.2562000000000006,0.5771587701228351,-9.329999999999984,-39.3,-130.64999999999998,1.0295,-0.0383,1.2546,0.2743,-1.5426,3.231,0.7188281071183338,7.799999999999983,39.9,4.100000000000001
13.218000000342728,-0.4373,-0.0574,0.9482,0.1796,-0.9843,2.2536,0.5771587701228351,-9.329999999999984,-39.3,-130.64999999999998,1.03,-0.0502,1.2506,0.2724,-1.5403,3.2382000000000004,0.7188281071183338,7.799999999999983,39.9,4.0
13.25,-0.4349,-0.0286,0.9486,0.1682,-0.9882,2.2582,0.5771587701228351,-9.329999999999984,-39.3,-130.64999999999998,1.0296,-0.0359,1.2510000000000001,0.2706,-1.5371,3.2332,0.7188281071183338,7.799999999999983,39.9,4.0
13.265000000596046,-0.4329,-0.0429,0.9522,0.1713,-0.9794,2.2468,0.5771587701228351,-9.329999999999984,-39.3,-130.64999999999998,1.0234,-0.051,1.2548000000000001,0.2751,-1.5429,3.2314,0.7188281071183338,7.799999999999983,39.9,4.0
13.28099999949336,-0.4421,-0.0441,0.953,0.1751,-0.9764,2.2536,0.5771892881666285,-9.329999999999984,-39.3,-130.64999999999998,1.0282,-0.0452,1.2514,0.2649,-1.5392,3.2256,0.7188281071183338,7.899999999999977,39.9,4.0
13.312000000849366,-0.449,-0.0401,0.9578,0.1768,-0.9856,2.262,0.5771892881666285,-9.329999999999984,-39.3,-130.64999999999998,1.0291,-0.0472,1.2596,0.2663,-1.5406,3.2244000000000006,0.7188281071183338,7.899999999999977,39.9,4.0
13.32799999974668,-0.4306,-0.0427,0.9495999999999998,0.1727,-0.9844,2.2592,0.5771892881666285,-9.329999999999984,-39.3,-130.64999999999998,1.0221,-0.0376,1.2486,0.2645,-1.5322,3.2288,0.7188738841840239,7.899999999999977,39.9,4.0
13.343000000342728,-0.4329,-0.0478,0.9462,0.1876,-0.9782,2.2506,0.5771587701228351,-9.429999999999993,-39.3,-130.64999999999998,1.0286,-0.0412,1.253,0.2581,-1.5389,3.2236,0.7188738841840239,7.899999999999977,39.9,4.0
13.35899999924004,-0.4324,-0.0374,0.9335999999999998,0.1695,-0.9845,2.2502000000000004,0.5771587701228351,-9.429999999999993,-39.3,-130.64999999999998,1.0247,-0.0407,1.2522,0.2634,-1.5488,3.2236,0.7188128480964371,7.899999999999977,39.9,4.0
13.375,-0.4435,-0.0425,0.9524,0.176,-0.9765,2.2546,0.5771435111009384,-9.429999999999993,-39.3,-130.54999999999998,1.0195,-0.0451,1.2496,0.2668,-1.5366,3.2194,0.7188281071183338,7.899999999999977,39.9,4.0
13.390000000596046,-0.435,-0.0512,0.9354,0.1819,-0.9902,2.2578,0.5771282520790417,-9.429999999999993,-39.3,-130.54999999999998,1.025,-0.0422,1.2464,0.2616,-1.5384,3.2352,0.7188281071183338,7.899999999999977,39.9,4.0
13.421000000089409,-0.4475,-0.0531,0.943,0.1808,-0.9788,2.2626,0.577112993057145,-9.429999999999993,-39.3,-130.54999999999998,1.0203,-0.0513,1.2504000000000002,0.2645,-1.5428,3.2302,0.7187975890745404,7.899999999999977,39.9,4.0
13.437000000849366,-0.4442,-0.0444,0.952,0.1788,-0.9851,2.2542,0.5771282520790417,-9.429999999999993,-39.3,-130.54999999999998,1.0228,-0.0414,1.2552,0.2495,-1.5272,3.2320000000000007,0.7187823300526437,7.899999999999977,39.9,4.0
13.45299999974668,-0.4333,-0.0538,0.945,0.1774,-0.982,2.262,0.5771435111009384,-9.529999999999989,-39.3,-130.54999999999998,1.0314,-0.0444,1.2522,0.2656,-1.5379,3.2208,0.7187823300526437,7.899999999999977,39.9,4.100000000000001
13.468000000342728,-0.4424,-0.0388,0.9446,0.165,-0.9821,2.2540000000000004,0.577112993057145,-9.529999999999989,-39.3,-130.54999999999998,1.0082,-0.0478,1.2396,0.2538,-1.5381,3.2222000000000004,0.7187975890745404,7.899999999999977,39.9,4.100000000000001
13.5,-0.4378,-0.0475,0.9434,0.1728,-0.9763,2.2514,0.577112993057145,-9.529999999999989,-39.3,-130.54999999999998,1.0247,-0.0473,1.2550000000000001,0.2616,-1.5356,3.2254,0.7187975890745404,7.899999999999977,39.9,4.100000000000001
13.515000000596046,-0.4344,-0.0372,0.9434,0.166,-0.9899,2.2532,0.577112993057145,-9.529999999999989,-39.3,-130.54999999999998,1.0038,-0.0463,1.2438,0.2597,-1.5356,3.2248,0.7187823300526437,7.899999999999977,39.9,4.100000000000001
13.53099999949336,-0.4306,-0.0593,0.9548,0.1825,-0.981,2.2558,0.5771587701228351,-9.429999999999993,-39.3,-130.54999999999998,1.0194,-0.0371,1.2478000000000002,0.269,-1.5424,3.2088000000000014,0.7187823300526437,7.899999999999977,39.9,4.100000000000001
13.546000000089409,-0.4439,-0.0554,0.947,0.173,-0.9887,2.26,0.5772198062104219,-9.429999999999993,-39.3,-130.54999999999998,1.0086,-0.0441,1.2524,0.2568,-1.5302,3.2186,0.7187823300526437,7.999999999999986,39.9,4.100000000000001
13.562000000849366,-0.4359,-0.0484,0.9474,0.1742,-0.983,2.2668,0.5772045471885252,-9.429999999999993,-39.3,-130.54999999999998,1.0119,-0.038,1.2422,0.2538,-1.528,3.2320000000000007,0.7188281071183338,7.999999999999986,39.9,4.100000000000001
13.593000000342728,-0.4278,-0.048,0.9457999999999998,0.1768,-0.9741,2.2488,0.5772045471885252,-9.429999999999993,-39.3,-130.54999999999998,1.0214,-0.0436,1.2456,0.2571,-1.5369,3.2098,0.7187823300526437,7.999999999999986,39.9,4.200000000000003
13.60899999924004,-0.4377,-0.0432,0.9428,0.1737,-0.9967,2.2656,0.5772198062104219,-9.429999999999993,-39.3,-130.54999999999998,1.0018,-0.0488,1.2434,0.2559,-1.5324,3.2248,0.7185687037460899,7.999999999999986,39.9,4.200000000000003
13.625,-0.4298,-0.0485,0.9556,0.1766,-0.9819,2.2562000000000006,0.5772198062104219,-9.429999999999993,-39.3,-130.64999999999998,1.0256,-0.0388,1.247,0.2581,-1.536,3.2244000000000006,0.7187823300526437,7.999999999999986,39.9,4.200000000000003
13.65599999949336,-0.4375,-0.0465,0.9528,0.1812,-0.9772,2.2602,0.5772198062104219,-9.429999999999993,-39.3,-130.64999999999998,0.9968,-0.0457,1.2262,0.2511,-1.5253,3.2212,0.7188281071183338,7.999999999999986,39.9,4.200000000000003
13.671000000089409,-0.4328,-0.0445,0.9457999999999998,0.189,-0.9805,2.2574,0.5772045471885252,-9.429999999999993,-39.3,-130.64999999999998,1.003,-0.0434,1.2266000000000001,0.2544,-1.5316,3.2260000000000004,0.7186907759212635,7.999999999999986,39.9,4.100000000000001
13.687000000849366,-0.4391,-0.0472,0.9512,0.1804,-0.9872,2.2672,0.5772045471885252,-9.429999999999993,-39.3,-130.64999999999998,1.0084,-0.0417,1.2422,0.2587,-1.535,3.2156,0.7186297398336767,7.999999999999986,39.9,4.100000000000001
13.70299999974668,-0.4418,-0.0464,0.9411999999999998,0.179,-0.984,2.2554,0.5772350652323186,-9.429999999999993,-39.3,-130.64999999999998,1.0134,-0.0397,1.2394,0.2646,-1.5301,3.2175999999999996,0.7186297398336767,7.999999999999986,39.9,4.100000000000001
13.718000000342728,-0.4325,-0.0405,0.9457999999999998,0.1903,-0.9792,2.2616,0.5772045471885252,-9.429999999999993,-39.3,-130.54999999999998,1.0016,-0.0394,1.2411999999999999,0.2517,-1.5399,3.214,0.7186297398336767,7.999999999999986,39.9,4.100000000000001
13.73399999924004,-0.4321,-0.049,0.946,0.1784,-0.9865,2.2542,0.5772045471885252,-9.429999999999993,-39.3,-130.54999999999998,1.0045,-0.0318,1.2326,0.2681,-1.5264,3.2076,0.7186297398336767,7.999999999999986,39.9,4.100000000000001
13.765000000596046,-0.4219,-0.0417,0.9362,0.1901,-0.9781,2.2688,0.5772045471885252,-9.429999999999993,-39.3,-130.54999999999998,1.0067,-0.0385,1.2378,0.2614,-1.5298,3.2104,0.7184618905928131,7.999999999999986,39.9,4.100000000000001
13.78099999949336,-0.434,-0.0458,0.9506,0.1777,-0.9775,2.2532,0.5772350652323186,-9.429999999999993,-39.3,-130.54999999999998,1.0011,-0.0427,1.2374,0.2573,-1.5243,3.2192,0.7184313725490197,7.999999999999986,39.9,4.100000000000001
13.796000000089409,-0.4284,-0.0561,0.9426,0.186,-0.9781,2.2642,0.5772350652323186,-9.529999999999989,-39.3,-130.54999999999998,1.0125,-0.0389,1.2344,0.2454,-1.532,3.2114,0.7184313725490197,7.999999999999986,39.9,4.100000000000001
13.82799999974668,-0.4384,-0.0504,0.957,0.1868,-0.9742,2.2656,0.5772503242542153,-9.529999999999989,-39.3,-130.54999999999998,1.0077,-0.0426,1.2334,0.2542,-1.5305,3.2118,0.7184313725490197,7.999999999999986,39.9,4.100000000000001
13.82799999974668,-0.4375,-0.0395,0.9494,0.1819,-0.9886,2.2654,0.5773266193636988,-9.529999999999989,-39.3,-130.54999999999998,0.9969,-0.0397,1.234,0.2526,-1.5357,3.2068,0.7184313725490197,7.999999999999986,39.9,4.100000000000001
13.843000000342728,-0.4346,-0.0414,0.9506,0.1747,-0.9854,2.2596,0.5773266193636988,-9.529999999999989,-39.3,-130.45,1.0002,-0.0399,1.2326,0.2515,-1.5254,3.2208,0.7184008545052263,7.999999999999986,39.9,4.100000000000001
13.875,-0.429,-0.0577,0.9402,0.1806,-0.9841,2.2672,0.5773266193636988,-9.529999999999989,-39.3,-130.45,0.9967,-0.0451,1.2376000000000005,0.2555,-1.5242,3.2172,0.7184008545052263,7.999999999999986,39.9,4.100000000000001
13.890000000596046,-0.4343,-0.0523,0.9377999999999997,0.1757,-0.9852,2.2614,0.5773266193636988,-9.529999999999989,-39.3,-130.45,1.0084,-0.0505,1.2338,0.2582,-1.528,3.203,0.7185381857022966,7.999999999999986,39.9,4.100000000000001
13.90599999949336,-0.4349,-0.0403,0.9402,0.1838,-0.9783,2.2532,0.5773266193636988,-9.529999999999989,-39.3,-130.45,1.0035,-0.0399,1.2326,0.2393,-1.5246,3.2104,0.7185687037460899,7.999999999999986,39.9,4.0
13.937000000849366,-0.4333,-0.0446,0.9434,0.1856,-0.971,2.2674,0.5773266193636988,-9.529999999999989,-39.3,-130.54999999999998,1.0002,-0.0398,1.2318,0.2528,-1.5296,3.2156,0.7185687037460899,7.999999999999986,39.9,4.0
13.95299999974668,-0.4433,-0.0538,0.9432,0.1844,-0.9826,2.2684000000000006,0.5773266193636988,-9.529999999999989,-39.3,-130.54999999999998,1.0079,-0.0453,1.2308000000000001,0.2504,-1.5349,3.2036,0.7185687037460899,7.999999999999986,39.9,4.0
13.968000000342728,-0.4391,-0.046,0.9414,0.1758,-0.9864,2.2586,0.5773266193636988,-9.429999999999993,-39.3,-130.54999999999998,0.9948,-0.0416,1.2296,0.2426,-1.5195,3.2015999999999996,0.7185687037460899,7.999999999999986,39.9,4.0
13.98399999924004,-0.4321,-0.0491,0.9562,0.1719,-0.9769,2.2658,0.5773266193636988,-9.429999999999993,-39.3,-130.54999999999998,1.0023,-0.0425,1.2264,0.236,-1.5252,3.2152,0.7185992217898833,7.999999999999986,39.9,4.0
14.015000000596046,-0.4415,-0.0601,0.9495999999999998,0.177,-0.9731,2.2632000000000003,0.5773266193636988,-9.429999999999993,-39.3,-130.54999999999998,0.9989,-0.0457,1.2329999999999999,0.2514,-1.5327,3.2086,0.7186297398336767,7.999999999999986,39.9,4.0
14.03099999949336,-0.4282,-0.0568,0.9558,0.1829,-0.9827,2.2648,0.577418173495079,-9.429999999999993,-39.3,-130.54999999999998,0.9916,-0.0437,1.2260000000000002,0.2505,-1.5263,3.199,0.7186449988555734,7.999999999999986,39.9,4.0
14.046000000089409,-0.4351,-0.047,0.953,0.1869,-0.9838,2.2662000000000004,0.577418173495079,-9.429999999999993,-39.3,-130.54999999999998,1.0016,-0.0367,1.2308000000000001,0.2422,-1.5211,3.2019999999999995,0.7186755168993668,7.999999999999986,39.9,3.899999999999999
14.062000000849366,-0.4292,-0.0515,0.9448,0.1899,-0.97,2.264,0.577418173495079,-9.429999999999993,-39.3,-130.54999999999998,1.0007,-0.0389,1.2296,0.2414,-1.5253,3.1974,0.7186755168993668,7.999999999999986,39.9,3.899999999999999
14.07799999974668,-0.4371,-0.0454,0.9394,0.1814,-0.9665,2.2614,0.577418173495079,-9.429999999999993,-39.3,-130.54999999999998,0.9994,-0.0392,1.231,0.2457,-1.5251,3.2048,0.7186297398336767,7.999999999999986,39.9,3.899999999999999
14.10899999924004,-0.4268,-0.04,0.9408,0.1877,-0.9787,2.2618,0.577418173495079,-9.429999999999993,-39.3,-130.54999999999998,1.0056,-0.0454,1.2272,0.2462,-1.5318,3.204600000000001,0.7185381857022966,7.999999999999986,39.9,3.899999999999999
14.125,-0.429,-0.0478,0.9502,0.1931,-0.974,2.271,0.577418173495079,-9.429999999999993,-39.3,-130.54999999999998,0.9938,-0.0384,1.2244,0.2391,-1.5273,3.1968,0.7185381857022966,7.999999999999986,39.9,3.899999999999999
14.140000000596046,-0.4403,-0.062,0.9424,0.1845,-0.9824,2.2662000000000004,0.577418173495079,-9.429999999999993,-39.3,-130.54999999999998,0.991,-0.036,1.2228,0.2463,-1.525,3.2044,0.7185381857022966,7.999999999999986,39.9,4.0
14.15599999949336,-0.4414,-0.049,0.9578,0.1855,-0.9915,2.2606,0.577418173495079,-9.429999999999993,-39.3,-130.54999999999998,1.0024,-0.0302,1.2188,0.2465,-1.5274,3.2058,0.7185381857022966,7.999999999999986,39.9,4.0
14.187000000849366,-0.4264,-0.0507,0.948,0.1808,-0.9957,2.265,0.5775097276264591,-9.529999999999989,-39.3,-130.54999999999998,0.9911,-0.0316,1.2192,0.2356,-1.521,3.2072,0.7185381857022966,7.999999999999986,39.9,4.0
14.187000000849366,-0.4345,-0.0524,0.9494,0.1781,-0.9814,2.2634,0.5774334325169757,-9.529999999999989,-39.3,-130.45,1.0016,-0.0384,1.2336,0.2314,-1.5298,3.2102,0.7185229266803999,7.999999999999986,39.9,4.0
14.218000000342728,-0.4348,-0.0486,0.9552,0.1805,-0.9847,2.2688,0.5775097276264591,-9.529999999999989,-39.3,-130.45,0.9977,-0.034,1.2296,0.2336,-1.5177,3.2134,0.7184466315709164,7.999999999999986,39.9,4.0
14.23399999924004,-0.4343,-0.0478,0.9533999999999998,0.1771,-0.9791,2.2632000000000003,0.5775097276264591,-9.529999999999989,-39.3,-130.45,0.9882,-0.0403,1.2176,0.2406,-1.5229,3.2062000000000004,0.7184466315709164,7.999999999999986,39.9,4.0
14.25,-0.4394,-0.0593,0.9432,0.1792,-0.9852,2.269200000000001,0.5775097276264591,-9.529999999999989,-39.2,-130.45,1.0009,-0.0404,1.224,0.2395,-1.5194,3.2058,0.718416113527123,7.999999999999986,39.9,4.0
14.28099999949336,-0.428,-0.0538,0.9369999999999998,0.1837,-0.9679,2.267,0.5775249866483558,-9.529999999999989,-39.2,-130.45,0.9917,-0.0391,1.2212,0.2409,-1.5218,3.2012,0.718416113527123,7.999999999999986,39.9,4.0
14.296000000089409,-0.4319,-0.0481,0.9342,0.179,-0.9932,2.2628,0.5775402456702525,-9.529999999999989,-39.2,-130.45,1.0016,-0.0338,1.212,0.2293,-1.5089,3.203,0.718416113527123,7.999999999999986,39.9,4.100000000000001
14.312000000849366,-0.4334,-0.0474,0.9537999999999998,0.1813,-0.9825,2.2624000000000004,0.5776470588235294,-9.529999999999989,-39.2,-130.45,0.9988,-0.0345,1.2249999999999999,0.2431,-1.5137,3.2164,0.718416113527123,7.999999999999986,39.9,4.100000000000001
14.32799999974668,-0.446,-0.0466,0.9414,0.1766,-0.9824,2.2624000000000004,0.5776470588235294,-9.529999999999989,-39.2,-130.45,0.9843,-0.0342,1.2098,0.2294,-1.5233,3.2056,0.718416113527123,7.999999999999986,39.9,4.100000000000001
14.343000000342728,-0.4315,-0.0355,0.9552,0.1937,-0.9815,2.274,0.5776623178454261,-9.529999999999989,-39.2,-130.45,0.9911,-0.0462,1.2156,0.2401,-1.5188,3.204600000000001,0.7183093003738461,7.999999999999986,39.8,4.100000000000001
14.35899999924004,-0.4396,-0.0485,0.9512,0.1795,-0.987,2.26,0.5776623178454261,-9.429999999999993,-39.2,-130.54999999999998,0.9899,-0.0318,1.2084,0.24,-1.5272,3.204600000000001,0.7183093003738461,7.999999999999986,39.8,4.100000000000001
14.390000000596046,-0.4335,-0.0495,0.9466,0.1889,-0.978,2.2694,0.5776928358892195,-9.429999999999993,-39.1,-130.54999999999998,0.9842,-0.0287,1.2106000000000001,0.2306,-1.5208,3.1986000000000003,0.7183093003738461,7.999999999999986,39.8,4.100000000000001
14.40599999949336,-0.4448,-0.0488,0.9434,0.1847,-0.9888,2.2718,0.5776775768673228,-9.429999999999993,-39.1,-130.54999999999998,0.9977,-0.0385,1.2228,0.2393,-1.5174,3.1916,0.7183093003738461,7.999999999999986,39.7,4.0
14.421000000089409,-0.4337,-0.0477,0.943,0.1787,-0.9916,2.27,0.5776928358892195,-9.329999999999984,-39.1,-130.54999999999998,0.9852,-0.0408,1.2166,0.2256,-1.5261,3.1906,0.7183093003738461,7.999999999999986,39.7,4.0
14.45299999974668,-0.4413,-0.0533,0.9462,0.1887,-0.9762,2.2746000000000004,0.5777386129549096,-9.329999999999984,-39.0,-130.54999999999998,0.9949,-0.0424,1.2266000000000001,0.2301,-1.5202,3.1908,0.7182787823300527,7.999999999999986,39.7,4.0
14.468000000342728,-0.4375,-0.0407,0.9411999999999998,0.1851,-0.9902,2.2792,0.5777538719768063,-9.329999999999984,-39.0,-130.64999999999998,1.0003,-0.0356,1.2236,0.2273,-1.5279,3.2015999999999996,0.7183093003738461,7.999999999999986,39.6,4.0
14.48399999924004,-0.4321,-0.0455,0.9468,0.1739,-0.982,2.2736,0.5777538719768063,-9.329999999999984,-38.9,-130.64999999999998,0.9896,-0.0347,1.2124,0.2144,-1.5138,3.207,0.7184618905928131,7.999999999999986,39.5,4.0
14.5,-0.4414,-0.0571,0.9508,0.1726,-0.9904,2.2716,0.5777843900205997,-9.329999999999984,-38.8,-130.64999999999998,0.9887,-0.0398,1.2172,0.2218,-1.5244,3.191,0.7184618905928131,7.999999999999986,39.5,4.0
14.515000000596046,-0.4312,-0.053,0.953,0.1774,-0.9866,2.2624000000000004,0.5778301670862898,-9.22999999999999,-38.8,-130.64999999999998,0.9946,-0.0384,1.2104000000000001,0.226,-1.5069,3.206,0.7184618905928131,7.999999999999986,39.4,4.0
14.53099999949336,-0.4415,-0.0498,0.9472,0.1725,-0.9858,2.2674,0.5778301670862898,-9.22999999999999,-38.7,-130.64999999999998,0.9889,-0.0396,1.2176,0.2329,-1.5242,3.1931999999999996,0.7183855954833296,7.999999999999986,39.3,3.899999999999999
14.562000000849366,-0.4317,-0.0423,0.9419999999999998,0.1864,-0.9865,2.2666,0.5778301670862898,-9.22999999999999,-38.6,-130.64999999999998,0.985,-0.0416,1.2136,0.2244,-1.5196,3.1958,0.7182787823300527,7.899999999999977,39.2,3.899999999999999
14.593000000342728,-0.4368,-0.0501,0.9578,0.1882,-0.9914,2.2712,0.5778149080643931,-9.22999999999999,-38.4,-130.64999999999998,0.9958,-0.0389,1.216,0.2366,-1.524,3.1958,0.7183398184176395,7.899999999999977,39.2,3.899999999999999
14.593000000342728,-0.4322,-0.0458,0.9558,0.1783,-0.9872,2.268,0.5778149080643931,-9.22999999999999,-38.3,-130.64999999999998,0.9918,-0.0435,1.2167999999999999,0.2275,-1.5277,3.1838,0.7182482642862593,7.899999999999977,39.1,3.899999999999999
14.625,-0.4279,-0.0505,0.9468,0.1879,-0.984,2.2718,0.5778149080643931,-9.129999999999995,-38.2,-130.64999999999998,0.9771,-0.0432,1.2054,0.2231,-1.5191,3.2028,0.7182482642862593,7.899999999999977,39.0,3.899999999999999
14.640000000596046,-0.4365,-0.0373,0.9406,0.1786,-0.9875,2.2678,0.5778149080643931,-9.129999999999995,-38.1,-130.64999999999998,0.9812,-0.0361,1.2042,0.2215,-1.5238,3.1906,0.7182482642862593,7.899999999999977,38.9,3.899999999999999
14.65599999949336,-0.4287,-0.0526,0.9456,0.1799,-0.9942,2.2716,0.5778301670862898,-9.129999999999995,-38.0,-130.74999999999997,1.0011,-0.0409,1.2066000000000001,0.2188,-1.5109,3.189,0.7182482642862593,7.899999999999977,38.8,3.899999999999999
14.671000000089409,-0.4373,-0.0506,0.9466,0.1818,-0.9886,2.265,0.5778301670862898,-9.029999999999989,-37.9,-130.74999999999997,0.9908,-0.0422,1.2108,0.218,-1.5282,3.1893999999999996,0.7182482642862593,7.899999999999977,38.7,3.899999999999999
14.687000000849366,-0.4369,-0.0532,0.9457999999999998,0.1887,-0.9845,2.2758,0.5778454261081865,-9.029999999999989,-37.8,-130.74999999999997,0.9846,-0.0369,1.1988,0.2158,-1.5218,3.2036,0.7183093003738461,7.899999999999977,38.5,3.899999999999999
14.718000000342728,-0.4356,-0.0491,0.9436,0.1833,-0.9905,2.2686,0.5778454261081865,-8.929999999999993,-37.7,-130.84999999999997,0.9843,-0.0428,1.204,0.2183,-1.5071,3.1918,0.7183093003738461,7.799999999999983,38.4,3.899999999999999
14.73399999924004,-0.4391,-0.0492,0.9524,0.1825,-0.9933,2.2736,0.5778454261081865,-8.829999999999984,-37.5,-130.84999999999997,0.9872,-0.0368,1.2044,0.2145,-1.5169,3.193,0.7183093003738461,7.799999999999983,38.3,3.899999999999999
14.75,-0.4381,-0.0416,0.9436,0.1783,-0.9936,2.2768,0.5778454261081865,-8.829999999999984,-37.4,-130.95,0.9891,-0.0455,1.2089999999999999,0.2284,-1.5124,3.19,0.7183093003738461,7.799999999999983,38.2,3.899999999999999
14.765000000596046,-0.4407,-0.0466,0.9476,0.1774,-0.9825,2.26,0.5778454261081865,-8.72999999999999,-37.3,-130.95,0.9852,-0.0471,1.2032,0.2216,-1.5208,3.1964,0.7181872281986725,7.799999999999983,38.0,3.799999999999997
14.78099999949336,-0.4495,-0.0419,0.9448,0.1788,-1.002,2.2694,0.5778454261081865,-8.629999999999995,-37.1,-131.04999999999998,0.9981,-0.0363,1.2026000000000001,0.221,-1.5186,3.1874,0.7181872281986725,7.799999999999983,37.9,3.799999999999997
14.812000000849366,-0.4344,-0.0491,0.9452000000000002,0.1937,-0.9977,2.2818,0.5779522392614633,-8.629999999999995,-37.0,-131.04999999999998,0.9877,-0.0395,1.2028,0.2144,-1.5212,3.1806,0.7183093003738461,7.799999999999983,37.7,3.799999999999997
14.82799999974668,-0.4349,-0.046,0.9624,0.1804,-0.9773,2.2612,0.5779522392614633,-8.529999999999987,-36.8,-131.14999999999998,0.9905,-0.0369,1.1946,0.2162,-1.515,3.175,0.7181872281986725,7.699999999999989,37.6,3.799999999999997
14.843000000342728,-0.4442,-0.0469,0.9464,0.1826,-0.9885,2.2664,0.5779827573052567,-8.429999999999993,-36.7,-131.14999999999998,0.9924,-0.0409,1.2092,0.2207,-1.522,3.184800000000001,0.7181872281986725,7.699999999999989,37.4,3.799999999999997
14.85899999924004,-0.4422,-0.0358,0.947,0.1878,-0.9944,2.2796,0.5779522392614633,-8.329999999999984,-36.5,-131.24999999999997,0.9906,-0.0444,1.2089999999999999,0.2133,-1.5166,3.1774,0.718110933089189,7.699999999999989,37.2,3.799999999999997
14.890000000596046,-0.4504,-0.0347,0.9578,0.1835,-0.9828,2.2658,0.5779522392614633,-8.22999999999999,-36.4,-131.24999999999997,0.9826,-0.0432,1.1976000000000002,0.216,-1.5296,3.1804,0.718110933089189,7.699999999999989,37.1,3.799999999999997
14.90599999949336,-0.4489,-0.0392,0.952,0.1815,-0.9986,2.2704,0.5779522392614633,-8.22999999999999,-36.2,-131.34999999999997,0.9911,-0.0399,1.1964,0.2062,-1.5161,3.1814000000000004,0.718065156023499,7.59999999999998,36.9,3.799999999999997
14.921000000089409,-0.4501,-0.0425,0.9484,0.1776,-1.0043,2.2732,0.5779827573052567,-8.129999999999995,-36.0,-131.34999999999997,0.9833,-0.0398,1.2096,0.2174,-1.504,3.1864000000000003,0.7180193789578089,7.59999999999998,36.7,3.799999999999997
14.937000000849366,-0.4528,-0.031,0.9526,0.1895,-0.9984,2.2764,0.5779827573052567,-8.029999999999987,-35.9,-131.45,0.9901,-0.0444,1.2104000000000001,0.209,-1.5169,3.188,0.7178667887388419,7.59999999999998,36.5,3.799999999999997
14.968000000342728,-0.4507,-0.0308,0.9495999999999998,0.1749,-1.0009,2.263,0.5780590524147402,-7.929999999999993,-35.7,-131.54999999999998,0.9903,-0.0373,1.2082,0.2103,-1.512,3.177,0.7178667887388419,7.59999999999998,36.3,3.799999999999997
14.98399999924004,-0.4482,-0.0332,0.9524,0.1781,-1.0008,2.2688,0.5780590524147402,-7.829999999999984,-35.5,-131.54999999999998,0.9888,-0.0471,1.1968,0.2077,-1.5074,3.1852,0.7178667887388419,7.59999999999998,36.1,3.799999999999997
15.0,-0.4534,-0.0395,0.9495999999999998,0.1831,-0.9839,2.259,0.5780590524147402,-7.72999999999999,-35.300000000000004,-131.64999999999998,0.9869,-0.0436,1.1998,0.212,-1.5155,3.1746,0.7178515297169452,7.499999999999986,35.9,3.799999999999997
15.015000000596046,-0.4686,-0.0405,0.965,0.1872,-1.0018,2.2718,0.5780590524147402,-7.6299999999999955,-35.1,-131.64999999999998,0.9832,-0.0438,1.203,0.2036,-1.5089,3.1798,0.7176531624322882,7.499999999999986,35.7,3.799999999999997
15.03099999949336,-0.4537,-0.0383,0.9601999999999998,0.1897,-1.0004,2.2676,0.5780590524147402,-7.529999999999987,-34.9,-131.74999999999997,0.9859,-0.0567,1.2032,0.2095,-1.5106,3.1828,0.7176531624322882,7.499999999999986,35.5,3.799999999999997
15.062000000849366,-0.4575,-0.0386,0.9554,0.1883,-1.0007,2.2724,0.5780437933928435,-7.429999999999993,-34.7,-131.74999999999997,0.9831,-0.0466,1.2024000000000001,0.2004,-1.5115,3.1782,0.7175921263447014,7.399999999999977,35.300000000000004,3.700000000000003
15.07799999974668,-0.4528,-0.0301,0.9558,0.1753,-1.014,2.2728,0.5780437933928435,-7.429999999999993,-34.4,-131.84999999999997,0.9823,-0.0426,1.2038,0.2083,-1.5141,3.1766,0.7175768673228047,7.399999999999977,35.1,3.700000000000003
15.093000000342728,-0.4663,-0.0414,0.9562,0.1759,-1.0067,2.2628,0.5780437933928435,-7.329999999999984,-34.2,-131.84999999999997,0.9818,-0.0648,1.2002000000000002,0.1976,-1.5165,3.1716,0.7174547951476311,7.399999999999977,34.800000000000004,3.700000000000003
15.10899999924004,-0.4602,-0.0324,0.952,0.1856,-0.9977,2.2572,0.5780437933928435,-7.22999999999999,-34.0,-131.95,0.9886,-0.0534,1.2094,0.2136,-1.5152,3.176,0.7174547951476311,7.399999999999977,34.6,3.700000000000003
15.140000000596046,-0.4622,-0.03,0.9522,0.1865,-0.9988,2.2622000000000004,0.5780437933928435,-7.129999999999996,-33.7,-131.95,0.9869,-0.0557,1.2,0.2058,-1.5169,3.167,0.7174547951476311,7.299999999999983,34.4,3.700000000000003
15.140000000596046,-0.4588,-0.0355,0.9482,0.187,-1.001,2.2612,0.5780437933928435,-7.129999999999996,-33.5,-131.95,0.9855,-0.0451,1.1968,0.2031,-1.5143,3.1734000000000004,0.7174547951476311,7.299999999999983,34.1,3.6000000000000014
15.171000000089409,-0.4632,-0.0327,0.9664,0.1758,-1.0082,2.2624000000000004,0.5780437933928435,-7.029999999999987,-33.2,-132.04999999999998,0.996,-0.0579,1.202,0.1995,-1.5122,3.1828,0.7174547951476311,7.199999999999989,33.9,3.6000000000000014
15.187000000849366,-0.4619,-0.0323,0.9584,0.1786,-1.0128,2.2702000000000004,0.5782269016556039,-6.929999999999993,-33.0,-132.04999999999998,0.9845,-0.0433,1.2002000000000002,0.1977,-1.5186,3.1752,0.7174547951476311,7.199999999999989,33.6,3.6000000000000014
15.20299999974668,-0.461,-0.0301,0.9494,0.177,-1.0058,2.2597999999999994,0.5782269016556039,-6.929999999999993,-32.7,-132.04999999999998,0.9898,-0.0563,1.2114,0.1982,-1.5018,3.1784,0.7174395361257344,7.199999999999989,33.300000000000004,3.6000000000000014
15.218000000342728,-0.4634,-0.0266,0.9516,0.174,-1.0165,2.2732,0.5782269016556039,-6.829999999999984,-32.5,-132.14999999999998,0.9871,-0.0531,1.1968,0.2045,-1.5176,3.1748,0.7174395361257344,7.09999999999998,33.1,3.5
15.25,-0.4705,-0.0245,0.952,0.1809,-1.0065,2.261,0.5782116426337072,-6.72999999999999,-32.2,-132.14999999999998,0.995,-0.0606,1.2072,0.2057,-1.5201,3.1712,0.717409018081941,7.09999999999998,32.800000000000004,3.5
15.265000000596046,-0.4744,-0.0213,0.9536,0.1734,-1.0142,2.2624000000000004,0.5782116426337072,-6.629999999999996,-31.9,-132.24999999999997,0.9933,-0.0608,1.2038,0.1889,-1.5127,3.1762,0.717409018081941,7.09999999999998,32.5,3.5
15.28099999949336,-0.4781,-0.0252,0.9566,0.1797,-1.0112,2.2612,0.5782269016556039,-6.529999999999987,-31.6,-132.24999999999997,0.9874,-0.0575,1.1958,0.2073,-1.5051,3.1722000000000015,0.717409018081941,6.999999999999986,32.300000000000004,3.3999999999999986
15.296000000089409,-0.4774,-0.0222,0.9546,0.1829,-1.0126,2.2668,0.5782269016556039,-6.429999999999993,-31.4,-132.34999999999997,0.9858,-0.0498,1.1946,0.1955,-1.5075,3.1732,0.717409018081941,6.999999999999986,32.0,3.3999999999999986
15.32799999974668,-0.4728,-0.025,0.9506,0.1805,-1.0068,2.2574,0.5783794918745708,-6.329999999999984,-31.1,-132.34999999999997,0.9901,-0.0637,1.1884,0.1896,-1.5153,3.1672,0.7173479819943542,6.999999999999986,31.700000000000003,3.3999999999999986
15.343000000342728,-0.4712,-0.0266,0.9582,0.1812,-1.0088,2.2592,0.5784405279621576,-6.22999999999999,-30.8,-132.45,0.9855,-0.0579,1.1994,0.2056,-1.5046,3.1676,0.7173479819943542,6.899999999999977,31.4,3.3999999999999986
15.35899999924004,-0.4732,-0.0085,0.9574,0.1726,-1.0126,2.266,0.5784405279621576,-6.129999999999996,-30.6,-132.54999999999998,0.982,-0.0597,1.1938,0.1913,-1.5053,3.1568,0.7173479819943542,6.899999999999977,31.1,3.3999999999999986
15.375,-0.4869,-0.0189,0.9672,0.1846,-1.0082,2.2674,0.5785626001373312,-6.029999999999987,-30.3,-132.54999999999998,0.9832,-0.0517,1.1908,0.1903,-1.5041,3.167,0.7172716868848708,6.799999999999983,30.9,3.3999999999999986
15.390000000596046,-0.4772,-0.0188,0.9604,0.1737,-1.0027,2.255,0.5784405279621576,-5.929999999999993,-30.0,-132.64999999999998,0.9883,-0.061,1.2062000000000002,0.1889,-1.52,3.171,0.7172716868848708,6.799999999999983,30.6,3.3999999999999986
15.421000000089409,-0.4816,-0.0157,0.9604,0.1703,-1.0175,2.2622000000000004,0.5784405279621576,-5.829999999999984,-29.8,-132.64999999999998,0.9919,-0.0653,1.1894000000000002,0.1811,-1.5114,3.1680000000000006,0.717256427862974,6.799999999999983,30.3,3.299999999999997
15.437000000849366,-0.4814,-0.0203,0.951,0.1737,-1.0128,2.257,0.5785778591592279,-5.72999999999999,-29.5,-132.74999999999997,0.9935,-0.0619,1.1974,0.1973,-1.5216,3.1674,0.717210650797284,6.699999999999989,30.0,3.299999999999997
15.45299999974668,-0.4885,-0.0197,0.9706,0.1816,-1.0109,2.257,0.5785931181811246,-5.629999999999996,-29.200000000000003,-132.74999999999997,0.9984,-0.0666,1.2129999999999999,0.1923,-1.5135,3.1636,0.717210650797284,6.699999999999989,29.700000000000003,3.299999999999997
15.468000000342728,-0.4853,-0.0204,0.9604,0.1915,-1.0083,2.259,0.5785931181811246,-5.529999999999987,-28.9,-132.84999999999997,0.9866,-0.0693,1.2006,0.1978,-1.5044,3.1662000000000003,0.717256427862974,6.699999999999989,29.4,3.299999999999997
15.5,-0.4893,-0.0071,0.9571999999999998,0.1759,-1.013,2.2572,0.5788677805752651,-5.429999999999993,-28.700000000000003,-132.84999999999997,0.9951,-0.0639,1.2012,0.1912,-1.5113,3.1582000000000003,0.717210650797284,6.59999999999998,29.200000000000003,3.299999999999997
15.5,-0.4901,-0.0094,0.9628,0.1852,-1.0156,2.2568,0.5791424429694056,-5.429999999999993,-28.4,-132.84999999999997,0.9887,-0.0706,1.1984,0.189,-1.5082,3.1519999999999997,0.717210650797284,6.59999999999998,28.9,3.299999999999997
15.53099999949336,-0.4877,-0.0149,0.9616,0.181,-1.0169,2.264,0.5792797741664759,-5.329999999999984,-28.1,-132.95,0.9889,-0.0666,1.1938,0.1824,-1.5015,3.1687999999999996,0.7171648737315939,6.59999999999998,28.6,3.299999999999997
15.546000000089409,-0.4901,-0.0128,0.9686,0.1823,-1.0128,2.2624000000000004,0.579325551232166,-5.22999999999999,-27.8,-132.95,1.003,-0.0594,1.1982000000000002,0.1888,-1.5087,3.1746,0.717210650797284,6.499999999999986,28.3,3.299999999999997
15.562000000849366,-0.4962,-0.0101,0.9693999999999998,0.1851,-1.0214,2.2556,0.5793713282978561,-5.22999999999999,-27.5,-132.95,0.9978,-0.0689,1.2034,0.1935,-1.4988,3.1622,0.7172869459067674,6.499999999999986,28.0,3.299999999999997
15.593000000342728,-0.4906,-0.0125,0.9724,0.1797,-1.009,2.2536,0.5793865873197528,-5.129999999999996,-27.3,-132.95,1.0002,-0.067,1.1994,0.1752,-1.5058,3.1646,0.7171648737315939,6.499999999999986,27.700000000000003,3.299999999999997
15.60899999924004,-0.493,-0.0098,0.9606,0.1809,-1.0165,2.255,0.5794018463416495,-5.029999999999987,-27.0,-133.04999999999998,1.0037,-0.0623,1.1988,0.1894,-1.5008,3.1565999999999996,0.7171648737315939,6.399999999999977,27.5,3.299999999999997
15.625,-0.497,-0.0109,0.9728,0.1841,-1.0219,2.2602,0.5794476234073396,-4.929999999999993,-26.700000000000003,-133.04999999999998,0.9935,-0.0853,1.205,0.1938,-1.5073,3.1506,0.7171648737315939,6.399999999999977,27.200000000000003,3.299999999999997
15.640000000596046,-0.4976,-0.0007,0.9692,0.1746,-1.0181,2.2540000000000004,0.5794628824292363,-4.929999999999993,-26.4,-133.04999999999998,1.0063,-0.0738,1.2036000000000002,0.1688,-1.4968,3.1682,0.7171648737315939,6.399999999999977,26.9,3.299999999999997
15.65599999949336,-0.5009,-0.0081,0.96,0.1817,-1.0184,2.2500000000000004,0.5797222858014801,-4.829999999999984,-26.1,-133.14999999999998,0.9979,-0.0674,1.1920000000000002,0.1851,-1.4974,3.1658000000000004,0.7171648737315939,6.299999999999983,26.6,3.299999999999997
15.687000000849366,-0.5109,0.0,0.9668,0.1774,-1.0167,2.2612,0.5797222858014801,-4.72999999999999,-25.9,-133.14999999999998,0.997,-0.0657,1.1946,0.183,-1.5063,3.1598,0.7171343556878005,6.299999999999983,26.3,3.299999999999997
15.70299999974668,-0.5008,-0.0117,0.968,0.1827,-1.027,2.2648,0.5797833218890669,-4.629999999999996,-25.6,-133.24999999999997,1.0008,-0.0754,1.1996000000000002,0.18,-1.4972,3.1572,0.7171343556878005,6.299999999999983,26.1,3.299999999999997
15.718000000342728,-0.4994,-0.0085,0.9613999999999998,0.1782,-1.035,2.2532,0.5797833218890669,-4.529999999999987,-25.3,-133.24999999999997,0.993,-0.0768,1.1954,0.1751,-1.5132,3.1608,0.7171496147096972,6.199999999999989,25.8,3.299999999999997
15.73399999924004,-0.5111,-0.0018,0.962,0.1582,-1.0332,2.2468,0.5797833218890669,-4.429999999999993,-25.1,-133.34999999999997,0.9927,-0.0791,1.1976000000000002,0.1799,-1.5041,3.1598,0.7171496147096972,6.199999999999989,25.5,3.299999999999997
15.765000000596046,-0.5003,-0.0007,0.9708,0.1777,-1.0222,2.2534,0.5797833218890669,-4.329999999999984,-24.8,-133.34999999999997,0.9905,-0.0798,1.1994,0.1835,-1.5108,3.1570000000000005,0.7171343556878005,6.199999999999989,25.200000000000003,3.299999999999997
15.78099999949336,-0.5079,-0.0026,0.9704,0.1676,-1.0288,2.2486,0.579829098954757,-4.22999999999999,-24.5,-133.45,0.9966,-0.0781,1.1989999999999998,0.187,-1.4976,3.1632,0.7171343556878005,6.09999999999998,24.9,3.299999999999997
15.796000000089409,-0.5178,0.0,0.9688,0.1802,-1.0264,2.2473999999999994,0.579829098954757,-4.129999999999996,-24.3,-133.45,0.9944,-0.083,1.1954,0.1737,-1.5121,3.1546,0.7171496147096972,6.09999999999998,24.700000000000003,3.299999999999997
15.812000000849366,-0.4946,0.0,0.9646,0.1661,-1.0314,2.241,0.5798596169985504,-4.029999999999987,-24.0,-133.54999999999998,1.0,-0.0857,1.206,0.1788,-1.4962,3.1518,0.7171953917753873,6.09999999999998,24.4,3.299999999999997
15.82799999974668,-0.5059,0.0,0.9684,0.1649,-1.0225,2.2456,0.5799359121080339,-4.029999999999987,-23.8,-133.54999999999998,0.9906,-0.0858,1.1989999999999998,0.1748,-1.5095,3.1556,0.7171953917753873,5.999999999999986,24.1,3.299999999999997
15.843000000342728,-0.5242,-0.0037,0.9735999999999998,0.1628,-1.0362,2.2538,0.5799359121080339,-3.9299999999999926,-23.5,-133.54999999999998,1.0012,-0.0856,1.2036000000000002,0.1706,-1.5027,3.1492,0.7171953917753873,5.999999999999986,23.8,3.299999999999997
15.875,-0.523,0.0,0.9596,0.1604,-1.0372,2.2478,0.579981689173724,-3.829999999999984,-23.200000000000003,-133.64999999999998,0.9965,-0.0878,1.2054,0.1758,-1.5,3.1492,0.7170885786221104,5.999999999999986,23.5,3.299999999999997
15.890000000596046,-0.5221,0.0,0.9726,0.1703,-1.0335,2.2528,0.579981689173724,-3.7299999999999898,-22.9,-133.64999999999998,1.0032,-0.0838,1.1984,0.164,-1.5017,3.1562,0.7171496147096972,5.899999999999977,23.3,3.200000000000003
15.90599999949336,-0.525,0.0,0.9678,0.1685,-1.0282,2.2473999999999994,0.579981689173724,-3.7299999999999898,-22.6,-133.64999999999998,0.9957,-0.0823,1.1996000000000002,0.1755,-1.5059,3.1508,0.7170733196002137,5.899999999999977,23.0,3.200000000000003
15.937000000849366,-0.5215,0.0,0.9697999999999998,0.1728,-1.0318,2.2462,0.579981689173724,-3.629999999999996,-22.4,-133.64999999999998,1.0001,-0.0804,1.2092,0.1701,-1.5055,3.1572,0.7170428015564203,5.899999999999977,22.700000000000003,3.200000000000003
15.95299999974668,-0.5168,0.0,0.9666,0.1696,-1.0209,2.251000000000001,0.5800732433051041,-3.529999999999987,-22.1,-133.64999999999998,0.999,-0.083,1.189,0.1478,-1.502,3.1476,0.7170428015564203,5.799999999999983,22.4,3.200000000000003
15.968000000342728,-0.5192,0.0,0.9624,0.1628,-1.0355,2.2458,0.5800732433051041,-3.529999999999987,-21.8,-133.74999999999997,1.0032,-0.0922,1.1960000000000002,0.1717,-1.4968,3.1474,0.7170428015564203,5.799999999999983,22.1,3.200000000000003
15.98399999924004,-0.5298,0.0,0.9826,0.1672,-1.024,2.234,0.5800732433051041,-3.4299999999999926,-21.5,-133.74999999999997,1.0018,-0.0842,1.2006,0.1677,-1.5038,3.1460000000000004,0.7170428015564203,5.799999999999983,21.9,3.1000000000000014
16.0,-0.5204,0.0,0.9701999999999998,0.1598,-1.0373,2.2428000000000003,0.5801037613488975,-3.329999999999984,-21.3,-133.74999999999997,1.0078,-0.081,1.1908,0.173,-1.5038,3.1404,0.7169817654688335,5.699999999999989,21.6,3.1000000000000014
16.015000000596046,-0.5242,0.0,0.975,0.1811,-1.0225,2.2466,0.5801037613488975,-3.329999999999984,-21.0,-133.74999999999997,1.0099,-0.0949,1.1946,0.1591,-1.5033,3.1556,0.7169817654688335,5.699999999999989,21.3,3.1000000000000014
16.046000000089407,-0.5324,0.0,0.9732,0.1631,-1.0319,2.2468,0.5801037613488975,-3.2299999999999898,-20.700000000000003,-133.74999999999997,0.9987,-0.0899,1.1900000000000002,0.1728,-1.4943,3.1502,0.7169817654688335,5.699999999999989,21.0,3.1000000000000014
16.062000000849366,-0.52,0.0,0.9764,0.1707,-1.0318,2.2444,0.5801037613488975,-3.1299999999999955,-20.4,-133.84999999999997,0.9994,-0.1012,1.2002000000000002,0.1668,-1.4985,3.1544000000000003,0.7169970244907302,5.59999999999998,20.700000000000003,3.1000000000000014
16.07799999974668,-0.5266,0.0,0.9722,0.1624,-1.0347,2.245,0.5801647974364843,-3.1299999999999955,-20.200000000000003,-133.84999999999997,1.0046,-0.0878,1.2,0.1609,-1.4995,3.1546,0.7169970244907302,5.59999999999998,20.5,3.1000000000000014
16.093000000342727,-0.5335,0.0,0.9696,0.1663,-1.0345,2.243,0.5802105745021744,-3.029999999999987,-19.9,-133.84999999999997,1.0048,-0.0907,1.2024000000000001,0.1685,-1.4881,3.1382,0.7169970244907302,5.59999999999998,20.200000000000003,3.1000000000000014
16.10899999924004,-0.5306,0.0,0.972,0.1644,-1.0282,2.2392,0.5802716105897612,-2.9299999999999926,-19.6,-133.95,1.0119,-0.0888,1.2022,0.1682,-1.4935,3.142,0.7170122835126269,5.499999999999986,19.9,3.1000000000000014
16.140000000596046,-0.5322,0.0,0.967,0.1701,-1.0305,2.2448,0.5802716105897612,-2.829999999999984,-19.4,-133.95,1.0081,-0.0957,1.2012,0.1655,-1.5051,3.135,0.717058060578317,5.499999999999986,19.6,3.1000000000000014
16.15599999949336,-0.5389,0.0,0.977,0.1595,-1.0365,2.2464,0.5803021286335546,-2.7299999999999898,-19.1,-133.95,1.0175,-0.0932,1.2054,0.1597,-1.4963,3.1540000000000004,0.717058060578317,5.499999999999986,19.3,3.1000000000000014
16.171000000089407,-0.5284,0.0,0.9756,0.166,-1.046,2.2382,0.5802716105897612,-2.6299999999999955,-18.8,-134.04999999999998,1.003,-0.0935,1.1976000000000002,0.1593,-1.4921,3.1356,0.7171038376440071,5.399999999999977,19.1,3.1000000000000014
16.187000000849366,-0.539,0.0,0.9744,0.1616,-1.035,2.2386,0.5802258335240711,-2.529999999999987,-18.5,-134.04999999999998,1.0049,-0.0929,1.2089999999999999,0.1606,-1.5091,3.1432,0.7171953917753873,5.399999999999977,18.8,3.1000000000000014
16.218000000342727,-0.5461,0.0,0.9792,0.1629,-1.0432,2.2426,0.5802258335240711,-2.529999999999987,-18.3,-134.14999999999998,1.0088,-0.0989,1.201,0.16,-1.4928,3.1484,0.7171801327534906,5.399999999999977,18.5,3.1000000000000014
16.23399999924004,-0.5229,0.0,0.9624,0.1732,-1.0353,2.2372,0.5802105745021744,-2.4299999999999926,-18.0,-134.14999999999998,1.0105,-0.0988,1.2036000000000002,0.1569,-1.5059,3.1554,0.7171801327534906,5.299999999999983,18.200000000000003,3.1000000000000014
16.25,-0.5402,0.0,0.9822,0.1659,-1.0379,2.2496,0.5802105745021744,-2.329999999999984,-17.8,-134.14999999999998,1.0159,-0.0894,1.1992,0.163,-1.4841,3.1354,0.7171038376440071,5.299999999999983,18.0,3.1000000000000014
16.28099999949336,-0.5356,0.0,0.9732,0.1694,-1.0424,2.2504,0.5802105745021744,-2.2299999999999898,-17.5,-134.14999999999998,1.003,-0.0978,1.1948,0.158,-1.5041,3.1392,0.717058060578317,5.299999999999983,17.700000000000003,3.1000000000000014
16.28099999949336,-0.5357,0.0,0.9714,0.1663,-1.0383,2.2418000000000005,0.5802105745021744,-2.2299999999999898,-17.200000000000003,-134.14999999999998,1.0129,-0.0985,1.1986,0.1593,-1.4994,3.1489999999999996,0.717058060578317,5.299999999999983,17.400000000000002,3.1000000000000014
16.312000000849366,-0.5589,0.0,0.9814000000000002,0.1688,-1.034,2.2422,0.580332646677348,-2.1299999999999955,-16.900000000000002,-134.14999999999998,1.0014,-0.0973,1.1960000000000002,0.1616,-1.4988,3.143,0.717058060578317,5.199999999999989,17.1,3.1000000000000014
16.32799999974668,-0.5474,0.0,0.9798,0.165,-1.0389,2.2412,0.5803631647211414,-2.1299999999999955,-16.700000000000003,-134.24999999999997,1.0118,-0.0929,1.1944,0.1569,-1.4942,3.137,0.717058060578317,5.199999999999989,16.8,3.1000000000000014
16.343000000342727,-0.5545,0.0,0.9734000000000002,0.1543,-1.0358,2.2286,0.580332646677348,-2.029999999999987,-16.400000000000002,-134.24999999999997,1.0073,-0.1104,1.205,0.1582,-1.4922,3.1502,0.717058060578317,5.199999999999989,16.6,3.1000000000000014
16.35899999924004,-0.5523,0.0,0.9814000000000002,0.1658,-1.0442,2.2356,0.580332646677348,-1.9299999999999928,-16.1,-134.24999999999997,1.022,-0.1032,1.2028,0.1523,-1.4945,3.1344,0.717256427862974,5.09999999999998,16.3,3.0
16.390000000596046,-0.5519,0.0,0.973,0.1619,-1.0464,2.2446,0.5803631647211414,-1.9299999999999928,-15.8,-134.24999999999997,1.0191,-0.1102,1.2116,0.1636,-1.492,3.1426,0.717256427862974,5.09999999999998,15.999999999999998,3.0
16.40599999949336,-0.5513,0.0,0.9706,0.1658,-1.0418,2.2376,0.580378423743038,-1.829999999999984,-15.6,-134.24999999999997,1.0117,-0.1077,1.2074,0.1586,-1.485,3.1302,0.7173327229724575,5.09999999999998,15.7,3.0
16.421000000089407,-0.5494,0.0,0.9776,0.1584,-1.0543,2.2318,0.5804089417868314,-1.829999999999984,-15.3,-134.24999999999997,1.0148,-0.0993,1.2074,0.1559,-1.5025,3.1396,0.7173327229724575,4.999999999999986,15.5,3.0
16.45299999974668,-0.5506,0.0,0.969,0.1623,-1.0466,2.2252,0.5804089417868314,-1.7299999999999898,-15.0,-134.24999999999997,1.0087,-0.1078,1.204,0.1593,-1.4885,3.128400000000001,0.7173327229724575,4.999999999999986,15.2,3.0
16.468000000342727,-0.566,0.0,0.9768,0.1732,-1.0399,2.2376,0.5804089417868314,-1.6299999999999957,-14.7,-134.24999999999997,1.0131,-0.0967,1.1982000000000002,0.1456,-1.49,3.1356,0.7173327229724575,4.999999999999986,14.9,3.0
16.48399999924004,-0.5736,0.0,0.9814000000000002,0.1639,-1.049,2.2356,0.5804242008087281,-1.529999999999987,-14.5,-134.34999999999997,1.0159,-0.0962,1.1978,0.1482,-1.4925,3.1244,0.7173937590600443,4.899999999999977,14.6,3.0
16.5,-0.5601,0.0,0.9796,0.1636,-1.0457,2.2324,0.5804547188525215,-1.529999999999987,-14.2,-134.34999999999997,1.0143,-0.1058,1.2076,0.1462,-1.4963,3.1218,0.7173937590600443,4.899999999999977,14.4,3.0
16.515000000596046,-0.5545,0.0,0.9674,0.1594,-1.0477,2.2432,0.5804699778744182,-1.4299999999999926,-13.9,-134.34999999999997,1.0135,-0.1141,1.1934,0.1524,-1.4903,3.1418000000000004,0.7175310902571146,4.899999999999977,14.1,3.0
16.53099999949336,-0.562,0.0,0.9722,0.1574,-1.0486,2.2322,0.5804852368963149,-1.329999999999984,-13.7,-134.34999999999997,1.0225,-0.1131,1.2066000000000001,0.1469,-1.501,3.1352,0.7176226443884948,4.799999999999983,13.8,3.0
16.562000000849366,-0.5652,0.0,0.9688,0.1541,-1.051,2.235,0.5805157549401083,-1.2299999999999898,-13.4,-134.45,1.0244,-0.1031,1.2,0.1512,-1.4871,3.1374,0.7176226443884948,4.799999999999983,13.5,3.0
16.57799999974668,-0.5549,0.0,0.9718,0.1672,-1.0543,2.235,0.5805157549401083,-1.1299999999999957,-13.1,-134.45,1.0053,-0.1091,1.2058,0.1535,-1.4819,3.1356,0.7175768673228047,4.799999999999983,13.3,3.0
16.593000000342727,-0.555,0.0,0.9682,0.1583,-1.0449,2.2232,0.5805462729839017,-1.1299999999999957,-12.9,-134.45,1.0201,-0.1169,1.197,0.149,-1.4907,3.1254000000000004,0.7175768673228047,4.799999999999983,13.0,3.0
16.60899999924004,-0.5633,0.0,0.9726,0.1605,-1.0561,2.2328,0.5805767910276951,-1.029999999999987,-12.6,-134.54999999999998,1.0206,-0.1071,1.195,0.1626,-1.4828,3.1296000000000004,0.7175768673228047,4.699999999999989,12.7,3.0
16.640000000596046,-0.5682,0.0,0.9776,0.1653,-1.0479,2.2374,0.5805767910276951,-0.9299999999999926,-12.3,-134.54999999999998,1.0167,-0.1166,1.1974,0.1593,-1.4867,3.129,0.7175921263447014,4.699999999999989,12.4,3.0
16.65599999949336,-0.5635,0.0,0.9682,0.1661,-1.0507,2.2348000000000003,0.5805767910276951,-0.9299999999999926,-12.1,-134.54999999999998,1.0156,-0.1145,1.2087999999999999,0.1505,-1.4798,3.1226,0.7175921263447014,4.699999999999989,12.2,3.0
16.671000000089407,-0.5674,0.0,0.9734000000000002,0.1664,-1.0431,2.2324,0.5806225680933852,-0.8299999999999841,-11.8,-134.54999999999998,1.014,-0.1151,1.2064000000000001,0.1546,-1.4829,3.125,0.7175921263447014,4.59999999999998,11.9,3.0
16.687000000849366,-0.5694,0.0,0.9706,0.1647,-1.05,2.235,0.5806530861371786,-0.7299999999999898,-11.5,-134.54999999999998,1.0211,-0.1156,1.2038,0.1344,-1.4834,3.1206,0.717759975585565,4.59999999999998,11.6,2.8999999999999986
16.70299999974668,-0.5731,0.0,0.9716,0.1742,-1.049,2.2334,0.5806530861371786,-0.7299999999999898,-11.3,-134.54999999999998,1.0088,-0.1047,1.1886,0.1501,-1.4794,3.1254000000000004,0.7177904936293584,4.59999999999998,11.3,2.8999999999999986
16.73399999924004,-0.5759,0.0,0.976,0.1621,-1.0535,2.2296,0.5806988632028687,-0.6299999999999955,-11.0,-134.54999999999998,1.0209,-0.1137,1.1956000000000002,0.1468,-1.4805,3.1264,0.7177904936293584,4.59999999999998,11.0,2.8999999999999986
16.75,-0.5818,0.0,0.9688,0.163,-1.0512,2.2246,0.5807598992904555,-0.6299999999999955,-10.7,-134.54999999999998,1.0189,-0.1182,1.2006,0.1436,-1.481,3.1294,0.7177904936293584,4.499999999999986,10.8,2.8999999999999986
16.765000000596046,-0.5735,0.0,0.9644,0.165,-1.0437,2.2244,0.5807751583123522,-0.5299999999999869,-10.4,-134.54999999999998,1.0257,-0.1192,1.2072,0.1437,-1.4913,3.1316,0.7177904936293584,4.499999999999986,10.5,2.8999999999999986
16.78099999949336,-0.5764,0.0,0.9718,0.1555,-1.0546,2.2254,0.5807751583123522,-0.4299999999999926,-10.2,-134.54999999999998,1.0199,-0.1192,1.2046,0.15,-1.4729,3.131,0.7177904936293584,4.499999999999986,10.2,2.8999999999999986
16.796000000089407,-0.5758,0.0,0.9754,0.1602,-1.0498,2.2268,0.5807751583123522,-0.4299999999999926,-9.9,-134.54999999999998,1.0221,-0.1217,1.1989999999999998,0.1454,-1.491,3.116,0.7178515297169452,4.399999999999977,9.9,2.8999999999999986
16.82799999974668,-0.5745,0.0,0.9636,0.1568,-1.0467,2.2196,0.580881971465629,-0.3299999999999841,-9.6,-134.54999999999998,1.0089,-0.1153,1.1946,0.1365,-1.4916,3.123,0.7178515297169452,4.399999999999977,9.7,2.8999999999999986
16.843000000342727,-0.5871,0.0,0.9758,0.1704,-1.0462,2.2258,0.5809277485313191,-0.3299999999999841,-9.4,-134.54999999999998,1.0196,-0.1117,1.197,0.1311,-1.478,3.1226,0.7177904936293584,4.399999999999977,9.4,2.8999999999999986
16.85899999924004,-0.5815,0.0,0.9676,0.1611,-1.0581,2.2277999999999993,0.5809735255970092,-0.2299999999999897,-9.1,-134.54999999999998,1.0179,-0.1162,1.1884,0.1381,-1.4871,3.119,0.717759975585565,4.399999999999977,9.1,2.8999999999999986
16.875,-0.5805,0.0,0.97,0.17,-1.0522,2.2184,0.5809735255970092,-0.1299999999999954,-8.799999999999999,-134.54999999999998,1.0115,-0.1295,1.1952,0.1337,-1.4769,3.1272,0.7177294575417716,4.299999999999983,8.799999999999999,2.8999999999999986
16.90599999949336,-0.5769,0.0,0.9664,0.1638,-1.0627,2.221,0.5809735255970092,-0.1299999999999954,-8.5,-134.54999999999998,1.016,-0.1249,1.1989999999999998,0.1322,-1.4834,3.1236,0.717714198519875,4.299999999999983,8.6,2.8999999999999986
16.921000000089407,-0.5735,0.0,0.9542,0.1655,-1.0545,2.2212,0.5811566338597696,-0.0299999999999869,-8.3,-134.54999999999998,1.0177,-0.1211,1.1872,0.1361,-1.4836,3.1207999999999996,0.717714198519875,4.299999999999983,8.299999999999999,2.8999999999999986
16.937000000849366,-0.578,0.0,0.9632,0.1625,-1.0443,2.2164,0.5811718928816663,-0.0299999999999869,-8.0,-134.54999999999998,1.0188,-0.1287,1.1934,0.137,-1.4763,3.1070000000000007,0.7176531624322882,4.199999999999989,8.0,2.8999999999999986
16.95299999974668,-0.5769,0.0,0.97,0.1604,-1.0523,2.2122,0.581232928969253,0.0700000000000073,-7.699999999999999,-134.54999999999998,1.0069,-0.1222,1.1846,0.1389,-1.4816,3.112,0.7176531624322882,4.199999999999989,7.799999999999999,2.8999999999999986
16.968000000342727,-0.5921,0.0,0.9646,0.1662,-1.0575,2.2158000000000007,0.5812634470130464,0.0700000000000073,-7.5,-134.54999999999998,1.014,-0.1269,1.1912,0.1384,-1.4757,3.1142,0.7175921263447014,4.199999999999989,7.5,2.8999999999999986
16.98399999924004,-0.5726,0.0,0.9586,0.1671,-1.0495,2.2114,0.5814465552758068,0.1700000000000159,-7.199999999999999,-134.54999999999998,1.0109,-0.1322,1.1998,0.133,-1.4653,3.1088,0.7175768673228047,4.09999999999998,7.199999999999999,2.8999999999999986
17.015000000596046,-0.587,0.0,0.9568,0.1581,-1.0709,2.2138,0.5815838864728771,0.1700000000000159,-6.9,-134.54999999999998,1.0023,-0.1312,1.1918,0.1358,-1.4638,3.1144,0.717409018081941,4.09999999999998,6.9,2.8999999999999986
17.03099999949336,-0.5882,0.0,0.9571999999999998,0.1668,-1.0462,2.2124,0.5817059586480506,0.2700000000000102,-6.699999999999999,-134.54999999999998,1.0163,-0.1273,1.1938,0.1331,-1.459,3.1140000000000003,0.717256427862974,4.09999999999998,6.699999999999999,2.8999999999999986
17.046000000089407,-0.5819,0.0,0.9546,0.1691,-1.0528,2.2136,0.5818432898451209,0.3700000000000045,-6.4,-134.54999999999998,1.0056,-0.126,1.1848,0.1393,-1.4707,3.1092,0.7172411688410774,3.999999999999986,6.4,2.8999999999999986
17.07799999974668,-0.5871,0.0,0.9524,0.1599,-1.0571,2.2008,0.5820569161516747,0.3700000000000045,-6.199999999999999,-134.54999999999998,1.0127,-0.1321,1.1932,0.1331,-1.4687,3.1096,0.7171801327534906,3.999999999999986,6.199999999999999,2.8999999999999986
17.093000000342727,-0.5783,0.0,0.9464,0.1765,-1.0545,2.2132,0.5821637293049515,0.4700000000000131,-5.9,-134.54999999999998,0.9965,-0.1312,1.1856,0.1288,-1.4537,3.1112,0.7171343556878005,3.999999999999986,5.9,2.8999999999999986
17.10899999924004,-0.5851,0.0,0.9518,0.166,-1.061,2.2068,0.582240024414435,0.5700000000000074,-5.699999999999999,-134.54999999999998,1.0048,-0.1254,1.1880000000000002,0.1331,-1.4689,3.116400000000001,0.7168139162279699,3.999999999999986,5.699999999999999,2.8999999999999986
17.125,-0.5748,0.0,0.9434,0.1706,-1.0583,2.2052,0.5824841687647822,0.5700000000000074,-5.5,-134.64999999999998,1.0016,-0.1335,1.185,0.1327,-1.4638,3.1146,0.7166002899214161,3.899999999999977,5.4,2.8999999999999986
17.140000000596046,-0.5826,0.0,0.9424,0.1693,-1.0601,2.2046,0.5826367589837491,0.6700000000000159,-5.199999999999999,-134.64999999999998,1.007,-0.123,1.1784,0.1355,-1.4711,3.1056000000000004,0.7166002899214161,3.899999999999977,5.199999999999999,2.8999999999999986
17.15599999949336,-0.5902,0.0,0.9388,0.1725,-1.0678,2.1946,0.5829114213778896,0.7700000000000102,-5.0,-134.64999999999998,0.9933,-0.1268,1.172,0.1289,-1.4682,3.1022,0.7165697718776227,3.899999999999977,5.0,2.8999999999999986
17.187000000849366,-0.5854,0.0,0.9398,0.1721,-1.0586,2.204,0.5831555657282368,0.7700000000000102,-4.8,-134.64999999999998,1.0049,-0.134,1.1868000000000003,0.1332,-1.4691,3.1094000000000004,0.7165239948119326,3.899999999999977,4.699999999999999,2.8999999999999986
17.20299999974668,-0.5756,0.0,0.94,0.1681,-1.0578,2.1922,0.5833386739909971,0.8700000000000045,-4.6,-134.64999999999998,1.0069,-0.1333,1.1826,0.1274,-1.452,3.1042,0.7160357061112383,3.899999999999977,4.5,2.8999999999999986
17.218000000342727,-0.5732,0.0,0.9388,0.1785,-1.0528,2.1972000000000005,0.5836133363851377,0.8700000000000045,-4.4,-134.74999999999997,0.9957,-0.1329,1.171,0.1228,-1.4565,3.0972000000000004,0.7160204470893416,3.799999999999983,4.3,2.8999999999999986
17.25,-0.5778,0.0,0.928,0.1785,-1.068,2.2032,0.5840100709544518,0.9700000000000132,-4.2,-134.74999999999997,0.9904,-0.1251,1.1748,0.126,-1.4502,3.0996,0.7157763027389945,3.799999999999983,4.1,2.8999999999999986
17.265000000596046,-0.5852,0.0,0.9330000000000002,0.1888,-1.0618,2.194200000000001,0.5840405889982452,1.0700000000000074,-4.0,-134.74999999999997,1.0007,-0.1214,1.1708,0.1279,-1.4519,3.097,0.7153185320820935,3.799999999999983,3.9,2.8999999999999986
17.28099999949336,-0.5738,0.0,0.9202,0.1869,-1.0473,2.1904,0.5840558480201419,1.0700000000000074,-3.8,-134.74999999999997,0.9943,-0.1309,1.1704,0.1316,-1.452,3.0948000000000007,0.7153032730601968,3.799999999999983,3.7,2.8999999999999986
17.296000000089407,-0.586,0.0,0.9276,0.1828,-1.063,2.1896,0.5840711070420386,1.0700000000000074,-3.6,-134.74999999999997,0.9828,-0.1324,1.164,0.1169,-1.4453,3.0924,0.7151049057755398,3.799999999999983,3.5,2.8999999999999986
17.312000000849366,-0.5771,0.0,0.9196,0.1916,-1.0547,2.186399999999999,0.5841626611734188,1.170000000000016,-3.3999999999999995,-134.74999999999997,0.9963,-0.1486,1.1766,0.1261,-1.4527,3.1008,0.7151049057755398,3.6999999999999886,3.3000000000000003,2.8999999999999986
17.32799999974668,-0.5834,0.0,0.9194,0.1776,-1.0593,2.1936,0.5842084382391088,1.170000000000016,-3.2,-134.74999999999997,1.0052,-0.1329,1.1564,0.1329,-1.4495,3.087,0.7148455024032959,3.6999999999999886,3.1,2.799999999999997
17.35899999924004,-0.5675,0.0,0.9184,0.1793,-1.0614,2.177,0.5844220645456626,1.170000000000016,-3.1,-134.64999999999998,0.9884,-0.1276,1.16,0.1263,-1.4435,3.0876,0.7142961776150148,3.6999999999999886,2.9,2.799999999999997
17.375,-0.58,0.0,0.9226,0.2031,-1.0609,2.1992,0.5844983596551461,1.2700000000000102,-2.8999999999999995,-134.64999999999998,0.9823,-0.1374,1.1618,0.1202,-1.4376,3.0832,0.7138231479362173,3.6999999999999886,2.8000000000000003,2.799999999999997
17.390000000596046,-0.5778,0.0,0.9213999999999998,0.1912,-1.048,2.1884,0.5845746547646296,1.2700000000000102,-2.7,-134.64999999999998,0.991,-0.1297,1.1656000000000002,0.1248,-1.4291,3.0788,0.7137468528267338,3.6999999999999886,2.6,2.799999999999997
17.421000000089407,-0.5698,0.0,0.9082,0.1843,-1.0567,2.1776,0.5845746547646296,1.2700000000000102,-2.6,-134.64999999999998,0.987,-0.1357,1.1668,0.1234,-1.4356,3.0748,0.7131517509727626,3.6999999999999886,2.4,2.799999999999997
17.437000000849366,-0.5714,0.0,0.9166,0.1883,-1.0658,2.1852,0.5846662088960097,1.3700000000000043,-2.4,-134.64999999999998,0.9905,-0.1379,1.1604,0.1213,-1.4395,3.0812000000000004,0.7129686427100023,3.59999999999998,2.3000000000000003,2.799999999999997
17.45299999974668,-0.5797,0.0,0.9196,0.1974,-1.0586,2.187,0.5846967269398031,1.3700000000000043,-2.3,-134.64999999999998,0.981,-0.1277,1.1588,0.1293,-1.4314,3.0802,0.7128160524910353,3.59999999999998,2.1,2.799999999999997
17.468000000342727,-0.5771,0.0,0.9152,0.1929,-1.057,2.1866,0.5847577630273899,1.470000000000013,-2.1,-134.64999999999998,0.984,-0.1324,1.1578,0.1175,-1.4233,3.0635999999999997,0.7126939803158617,3.59999999999998,2.0,2.799999999999997
17.48399999924004,-0.5738,0.0,0.9062,0.191,-1.0628,2.1778,0.5848187991149767,1.470000000000013,-2.0,-134.64999999999998,0.9857,-0.1499,1.1590000000000005,0.1228,-1.4329,3.0794,0.7124193179217212,3.59999999999998,1.8000000000000005,2.799999999999997
17.5,-0.5843,0.0,0.9028,0.1919,-1.0656,2.1844,0.5848187991149767,1.470000000000013,-1.9,-134.64999999999998,0.9853,-0.1293,1.1488000000000005,0.1181,-1.4314,3.071,0.7122667277027542,3.59999999999998,1.7000000000000002,2.700000000000003
17.53099999949336,-0.5817,0.0,0.9042,0.2022,-1.0616,2.184,0.5848187991149767,1.5700000000000074,-1.7,-134.74999999999997,0.9768,-0.1369,1.1458000000000002,0.1241,-1.4161,3.065,0.7110002288853284,3.59999999999998,1.5,2.700000000000003
17.546000000089407,-0.5809,0.0,0.908,0.1949,-1.0637,2.173,0.5849256122682536,1.5700000000000074,-1.6,-134.74999999999997,0.9856,-0.1325,1.1642,0.1182,-1.4191,3.067800000000001,0.7108476386663615,3.59999999999998,1.4,2.700000000000003
17.562000000849366,-0.5746,0.0,0.902,0.204,-1.063,2.1822,0.584956130312047,1.5700000000000074,-1.5,-134.74999999999997,0.9799,-0.137,1.1502,0.1178,-1.4165,3.0638,0.710771343556878,3.59999999999998,1.3,2.700000000000003
17.593000000342727,-0.5804,0.0,0.9015999999999998,0.2011,-1.0562,2.1788,0.5849256122682536,1.670000000000016,-1.4,-134.74999999999997,0.9813,-0.1306,1.1484,0.1243,-1.4277,3.0626,0.7106492713817044,3.499999999999986,1.2000000000000002,2.700000000000003
17.60899999924004,-0.5836,0.0,0.899,0.1983,-1.0516,2.1738,0.5849256122682536,1.670000000000016,-1.2999999999999998,-134.74999999999997,0.9752,-0.1421,1.1542,0.1175,-1.4193,3.0506000000000006,0.7101457236591134,3.499999999999986,1.1,2.700000000000003
17.60899999924004,-0.5758,0.0,0.8934,0.2036,-1.0579,2.1812,0.5849256122682536,1.670000000000016,-1.1999999999999995,-134.74999999999997,0.9788,-0.1395,1.151,0.1197,-1.4095,3.0652000000000004,0.7101457236591134,3.499999999999986,1.0,2.700000000000003
17.640000000596046,-0.5718,0.0,0.8924,0.2093,-1.0741,2.1808,0.584956130312047,1.7700000000000102,-1.1,-134.74999999999997,0.9685,-0.1404,1.1502,0.1264,-1.4107,3.059800000000001,0.7100846875715267,3.499999999999986,0.9000000000000001,2.799999999999997
17.65599999949336,-0.5677,0.0,0.884,0.2044,-1.06,2.174199999999999,0.5850324254215304,1.7700000000000102,-1.0,-134.74999999999997,0.9698,-0.1344,1.1418,0.1139,-1.4169,3.052,0.7100389105058366,3.499999999999986,0.8,2.799999999999997
17.671000000089407,-0.5744,0.0,0.887,0.2016,-1.0708,2.1808,0.5850324254215304,1.7700000000000102,-1.0,-134.74999999999997,0.9756,-0.1298,1.143,0.1255,-1.4129,3.0568000000000004,0.7097489890897993,3.499999999999986,0.7000000000000002,2.799999999999997
17.70299999974668,-0.577,0.0,0.8875999999999996,0.2216,-1.0536,2.1722,0.5850324254215304,1.7700000000000102,-0.8999999999999999,-134.74999999999997,0.9742,-0.1279,1.1442,0.1126,-1.3996,3.0458,0.7097337300679026,3.3999999999999773,0.6000000000000001,2.799999999999997
17.718000000342727,-0.5771,0.0,0.8948,0.2106,-1.0553,2.1656,0.5850324254215304,1.7700000000000102,-0.7999999999999998,-134.74999999999997,0.9832,-0.1353,1.1344,0.1204,-1.4038,3.0564,0.7092759594110017,3.3999999999999773,0.6000000000000001,2.799999999999997
17.73399999924004,-0.5741,0.0,0.8934,0.2036,-1.0561,2.1678,0.5850324254215304,1.7700000000000102,-0.6999999999999998,-134.74999999999997,0.9662,-0.1376,1.1434000000000002,0.1273,-1.3994,3.0568000000000004,0.7091996643015183,3.3999999999999773,0.5,2.799999999999997
17.75,-0.576,0.0,0.8845999999999998,0.2151,-1.0624,2.1736,0.5850171663996337,1.7700000000000102,-0.6999999999999998,-134.74999999999997,0.9676,-0.1354,1.1428,0.1301,-1.3997,3.0374,0.7091996643015183,3.3999999999999773,0.4000000000000001,2.799999999999997
17.78099999949336,-0.5667,0.0,0.8862,0.2054,-1.0575,2.1588,0.584956130312047,1.8700000000000043,-0.5999999999999999,-134.74999999999997,0.9644,-0.1452,1.1446,0.1235,-1.3994,3.0391999999999997,0.7091996643015183,3.3999999999999773,0.4000000000000001,2.799999999999997
17.796000000089407,-0.575,0.0,0.8893999999999997,0.2009,-1.0601,2.1576000000000004,0.5848645761806668,1.8700000000000043,-0.5999999999999999,-134.74999999999997,0.9657,-0.1324,1.1436,0.1211,-1.39,3.0368,0.7092759594110017,3.3999999999999773,0.3,2.799999999999997
17.812000000849366,-0.5598,0.0,0.887,0.2156,-1.0597,2.171,0.5848340581368734,1.8700000000000043,-0.4999999999999999,-134.64999999999998,0.9567,-0.1231,1.1334,0.1155,-1.3955,3.047600000000001,0.7091996643015183,3.3999999999999773,0.3,2.799999999999997
17.82799999974668,-0.5713,0.0,0.88,0.2172,-1.0568,2.1762,0.5848187991149767,1.8700000000000043,-0.4999999999999999,-134.64999999999998,0.9575,-0.1433,1.1454000000000002,0.1279,-1.3901,3.0361999999999996,0.7089402609292744,3.3999999999999773,0.2,2.799999999999997
17.843000000342727,-0.5648,0.0,0.8738,0.2068,-1.0598,2.1692,0.5847272449835965,1.8700000000000043,-0.3999999999999998,-134.64999999999998,0.9653,-0.1355,1.1434000000000002,0.1169,-1.3919,3.031,0.7087724116884108,3.3999999999999773,0.2,2.799999999999997
17.875,-0.5823,0.0,0.8788,0.2232,-1.0552,2.168,0.5847272449835965,1.8700000000000043,-0.3999999999999998,-134.64999999999998,0.9741,-0.1324,1.136,0.1295,-1.3874,3.0370000000000004,0.7087724116884108,3.3999999999999773,0.2,2.799999999999997
17.890000000596046,-0.5774,0.0,0.8742,0.2112,-1.0675,2.1636,0.5847272449835965,1.8700000000000043,-0.3999999999999998,-134.64999999999998,0.9678,-0.1375,1.1392000000000002,0.1182,-1.3834,3.0342,0.7086198214694438,3.3999999999999773,0.1,2.799999999999997
17.90599999949336,-0.575,0.0,0.8702,0.2135,-1.0682,2.1668,0.5847272449835965,1.8700000000000043,-0.2999999999999999,-134.64999999999998,0.9709,-0.1328,1.1314,0.1191,-1.3962,3.0338,0.7086198214694438,3.3999999999999773,0.1,2.799999999999997
17.921000000089407,-0.5722,0.0,0.871,0.2075,-1.0568,2.1574,0.5847272449835965,1.8700000000000043,-0.2999999999999999,-134.74999999999997,0.958,-0.1316,1.1328,0.1199,-1.3907,3.0306,0.7086198214694438,3.3999999999999773,0.1,2.799999999999997
17.937000000849366,-0.5638,0.0,0.8746,0.2127,-1.0602,2.167,0.5847272449835965,1.8700000000000043,-0.2999999999999999,-134.74999999999997,0.9539,-0.1429,1.1408,0.114,-1.3891,3.0328,0.7086198214694438,3.3999999999999773,0.1,2.799999999999997
17.95299999974668,-0.5812,0.0,0.883,0.2181,-1.0477,2.1638,0.5847577630273899,1.8700000000000043,-0.2999999999999999,-134.74999999999997,0.955,-0.1381,1.1398,0.1183,-1.3814,3.0324000000000004,0.7087571526665141,3.3999999999999773,0.1,2.799999999999997
17.98399999924004,-0.5662,0.0,0.8648,0.2229,-1.0529,2.1658000000000004,0.5847577630273899,1.970000000000013,-0.2999999999999999,-134.74999999999997,0.9677,-0.1364,1.1286,0.1131,-1.3856,3.031,0.7089250019073777,3.3999999999999773,0.1,2.799999999999997
18.0,-0.5703,0.0,0.8696,0.2249,-1.0638,2.1684,0.5847425040054932,1.970000000000013,-0.2999999999999999,-134.74999999999997,0.9585,-0.1347,1.1230000000000002,0.1138,-1.3807,3.0332000000000003,0.7087571526665141,3.299999999999983,0.1,2.799999999999997
18.015000000596046,-0.5663,0.0,0.8658,0.2055,-1.0695,2.1696,0.5847425040054932,1.970000000000013,-0.3999999999999998,-134.74999999999997,0.956,-0.1317,1.133,0.1318,-1.3942,3.0288,0.7087571526665141,3.299999999999983,0.1,2.799999999999997
18.046000000089407,-0.5775,0.0,0.8756,0.2132,-1.063,2.1692,0.5846967269398031,1.970000000000013,-0.3999999999999998,-134.74999999999997,0.9517,-0.1269,1.1243999999999998,0.1186,-1.3914,3.0352,0.7087571526665141,3.299999999999983,0.1,2.799999999999997
18.06200000084937,-0.572,0.0,0.8636,0.2116,-1.0692,2.1614,0.5846967269398031,1.970000000000013,-0.3999999999999998,-134.74999999999997,0.9604,-0.139,1.1218,0.1206,-1.3935,3.0306,0.7087571526665141,3.299999999999983,0.1,2.799999999999997
18.07799999974668,-0.5748,0.0,0.8684,0.209,-1.0701,2.1629999999999994,0.5845746547646296,1.970000000000013,-0.3999999999999998,-134.74999999999997,0.9506,-0.1334,1.1262,0.1162,-1.3799,3.0269999999999997,0.7085893034256504,3.299999999999983,0.1,2.799999999999997
18.093000000342727,-0.5709,0.0,0.871,0.2115,-1.0603,2.1672,0.5845746547646296,1.970000000000013,-0.3999999999999998,-134.74999999999997,0.9483,-0.1407,1.1318,0.1274,-1.3817,3.0130000000000003,0.7085893034256504,3.299999999999983,0.1,2.799999999999997
18.10899999924004,-0.5754,0.0,0.8733999999999998,0.2168,-1.0636,2.1646,0.5845746547646296,1.8700000000000043,-0.3999999999999998,-134.74999999999997,0.9444,-0.1389,1.131,0.1216,-1.3833,3.028,0.7085893034256504,3.299999999999983,0.1,2.799999999999997
18.125,-0.5616,0.0,0.8762,0.2124,-1.0653,2.1582,0.5845746547646296,1.8700000000000043,-0.3999999999999998,-134.74999999999997,0.9485,-0.1333,1.1248,0.1163,-1.3741,3.028,0.7086198214694438,3.299999999999983,0.1,2.799999999999997
18.15599999949336,-0.566,0.0,0.87,0.2053,-1.0589,2.159,0.5845746547646296,1.8700000000000043,-0.3999999999999998,-134.74999999999997,0.9511,-0.1388,1.138,0.1133,-1.3806,3.0246,0.7086350804913405,3.299999999999983,0.1,2.799999999999997
18.171000000089407,-0.5752,0.0,0.8656000000000001,0.2107,-1.0597,2.1634,0.5845746547646296,1.8700000000000043,-0.3999999999999998,-134.64999999999998,0.9394,-0.139,1.1348,0.1317,-1.382,3.0342,0.7086350804913405,3.299999999999983,0.1,2.700000000000003
18.18700000084937,-0.5702,0.0,0.8682,0.2055,-1.0672,2.1674,0.5845746547646296,1.8700000000000043,-0.3999999999999998,-134.64999999999998,0.9486,-0.1396,1.1210000000000002,0.1298,-1.3718,3.0246,0.7086350804913405,3.299999999999983,0.1,2.700000000000003
18.218000000342727,-0.5753,0.0,0.8708,0.2178,-1.057,2.1608,0.5845746547646296,1.8700000000000043,-0.3999999999999998,-134.64999999999998,0.9562,-0.1304,1.1332000000000002,0.1144,-1.3839,3.0168,0.7086655985351339,3.299999999999983,0.2,2.700000000000003
18.23399999924004,-0.5689,0.0,0.8728,0.2149,-1.0668,2.1658000000000004,0.5844983596551461,1.8700000000000043,-0.3999999999999998,-134.64999999999998,0.9494,-0.1303,1.1270000000000002,0.1152,-1.3788,3.0117999999999996,0.7086655985351339,3.299999999999983,0.2,2.700000000000003
18.25,-0.5743,0.0,0.8649999999999998,0.2191,-1.0526,2.1604,0.5844831006332494,1.8700000000000043,-0.4999999999999999,-134.64999999999998,0.9535,-0.1415,1.1344,0.1197,-1.3754,3.0206,0.7086655985351339,3.299999999999983,0.2,2.700000000000003
18.265000000596046,-0.5741,0.0,0.8729999999999998,0.2149,-1.0606,2.1598,0.5844220645456626,1.8700000000000043,-0.4999999999999999,-134.64999999999998,0.9487,-0.1366,1.1278,0.1204,-1.3775,3.0206,0.7086655985351339,3.299999999999983,0.2,2.700000000000003
18.28099999949336,-0.5772,0.0,0.8672,0.2174,-1.0594,2.161999999999999,0.5844831006332494,1.8700000000000043,-0.4999999999999999,-134.64999999999998,0.9444,-0.1506,1.1334,0.1266,-1.3776,3.0214,0.7086350804913405,3.299999999999983,0.2,2.700000000000003
18.296000000089407,-0.569,0.0,0.8523999999999998,0.2187,-1.0536,2.1634,0.5844831006332494,1.8700000000000043,-0.4999999999999999,-134.64999999999998,0.9487,-0.1421,1.1192,0.1243,-1.3738,3.0116,0.7086350804913405,3.299999999999983,0.2,2.700000000000003
18.32799999974668,-0.5751,0.0,0.864,0.2197,-1.0572,2.1668,0.5844831006332494,1.8700000000000043,-0.4999999999999999,-134.64999999999998,0.9469,-0.1408,1.1354,0.1234,-1.3818,3.0174,0.708558785381857,3.299999999999983,0.2,2.700000000000003
18.343000000342727,-0.5638,0.0,0.8634,0.213,-1.059,2.1596,0.5844373235675593,1.8700000000000043,-0.4999999999999999,-134.64999999999998,0.9445,-0.1378,1.1334,0.1197,-1.3741,3.0228,0.7084519722285801,3.299999999999983,0.2,2.700000000000003
18.35899999924004,-0.5663,0.0,0.861,0.2196,-1.0581,2.17,0.5844373235675593,1.8700000000000043,-0.4999999999999999,-134.74999999999997,0.9535,-0.1381,1.132,0.1181,-1.3691,3.0204,0.708558785381857,3.299999999999983,0.2,2.700000000000003
18.375,-0.5704,0.0,0.864,0.2191,-1.0542,2.1574,0.5844373235675593,1.8700000000000043,-0.4999999999999999,-134.74999999999997,0.9568,-0.1384,1.1194000000000002,0.1249,-1.375,3.0098,0.708558785381857,3.299999999999983,0.3,2.700000000000003
18.40599999949336,-0.5718,0.0,0.8638,0.2221,-1.0587,2.1674,0.5844373235675593,1.8700000000000043,-0.5999999999999999,-134.74999999999997,0.9534,-0.1418,1.1270000000000002,0.1138,-1.3737,3.0108,0.7084519722285801,3.299999999999983,0.3,2.700000000000003
18.421000000089407,-0.564,0.0,0.8548,0.2251,-1.0643,2.1576000000000004,0.5844373235675593,1.8700000000000043,-0.5999999999999999,-134.74999999999997,0.9487,-0.1298,1.1243999999999998,0.1249,-1.369,3.0172000000000003,0.7084367132066834,3.299999999999983,0.3,2.700000000000003
18.43700000084937,-0.5724,0.0,0.8569999999999998,0.2119,-1.0683,2.144400000000001,0.5844373235675593,1.8700000000000043,-0.5999999999999999,-134.74999999999997,0.9467,-0.1405,1.124,0.1241,-1.374,3.017000000000001,0.7084367132066834,3.299999999999983,0.3,2.799999999999997
18.45299999974668,-0.5774,0.0,0.8678,0.2149,-1.0571,2.1608,0.5844373235675593,1.8700000000000043,-0.5999999999999999,-134.74999999999997,0.9473,-0.1451,1.1332000000000002,0.1278,-1.3698,3.0160000000000005,0.7084519722285801,3.299999999999983,0.3,2.799999999999997
18.468000000342727,-0.5798,0.0,0.8716,0.2178,-1.0572,2.161,0.5844983596551461,1.8700000000000043,-0.5999999999999999,-134.74999999999997,0.9434,-0.1445,1.1276000000000002,0.1251,-1.3749,3.025,0.7085740444037537,3.299999999999983,0.3,2.799999999999997
18.5,-0.5761,0.0,0.8622,0.2199,-1.0696,2.158,0.5844373235675593,1.8700000000000043,-0.5999999999999999,-134.74999999999997,0.9429,-0.1309,1.1162,0.1223,-1.3824,3.020000000000002,0.7085740444037537,3.299999999999983,0.3,2.799999999999997
18.515000000596046,-0.5759,0.0,0.8544,0.212,-1.0558,2.1591999999999993,0.5843915465018692,1.8700000000000043,-0.5999999999999999,-134.74999999999997,0.9434,-0.1346,1.1302,0.1351,-1.3756,3.004,0.7084367132066834,3.299999999999983,0.3,2.799999999999997
18.53099999949336,-0.5642,0.0,0.8531999999999998,0.2159,-1.0592,2.1542,0.5844983596551461,1.8700000000000043,-0.5999999999999999,-134.64999999999998,0.9357,-0.1503,1.13,0.13,-1.3701,3.0106,0.7084367132066834,3.299999999999983,0.4000000000000001,2.799999999999997
18.56200000084937,-0.5774,0.0,0.8653999999999998,0.2128,-1.0609,2.1534,0.5844068055237659,1.8700000000000043,-0.5999999999999999,-134.64999999999998,0.9416,-0.1411,1.1308,0.1298,-1.3716,3.0174,0.7085740444037537,3.299999999999983,0.4000000000000001,2.799999999999997
18.57799999974668,-0.5729,0.0,0.8624,0.2286,-1.0616,2.1632,0.5843762874799725,1.8700000000000043,-0.5999999999999999,-134.64999999999998,0.9504,-0.1368,1.1296000000000002,0.1173,-1.3703,3.015600000000001,0.7085740444037537,3.299999999999983,0.4000000000000001,2.799999999999997
18.593000000342727,-0.5687,0.0,0.852,0.2232,-1.0628,2.1552,0.5843762874799725,1.7700000000000102,-0.5999999999999999,-134.64999999999998,0.9381,-0.1421,1.1238,0.1178,-1.37,3.012,0.7085740444037537,3.299999999999983,0.4000000000000001,2.799999999999997
18.60899999924004,-0.5694,0.0,0.8653999999999998,0.2109,-1.0667,2.161,0.5843762874799725,1.7700000000000102,-0.6999999999999998,-134.64999999999998,0.9396,-0.1368,1.1238,0.1241,-1.3789,3.0134000000000003,0.708909742885481,3.299999999999983,0.4000000000000001,2.799999999999997
18.625,-0.5852,0.0,0.8576,0.2287,-1.0573,2.1616,0.5843762874799725,1.7700000000000102,-0.6999999999999998,-134.64999999999998,0.9411,-0.1509,1.1246,0.123,-1.3626,3.0166,0.7089250019073777,3.299999999999983,0.4000000000000001,2.799999999999997
18.640000000596046,-0.5664,0.0,0.8516,0.2244,-1.0654,2.148,0.5844068055237659,1.7700000000000102,-0.6999999999999998,-134.64999999999998,0.9376,-0.1331,1.1243999999999998,0.1256,-1.3703,3.0108,0.7089402609292744,3.299999999999983,0.4000000000000001,2.799999999999997
18.671000000089407,-0.5697,0.0,0.8582,0.2256,-1.0611,2.1629999999999994,0.5844068055237659,1.7700000000000102,-0.6999999999999998,-134.64999999999998,0.9433,-0.1366,1.1236000000000002,0.1244,-1.3766,3.0188,0.7089402609292744,3.299999999999983,0.4000000000000001,2.799999999999997
18.68700000084937,-0.5649,0.0,0.8536,0.2095,-1.0655,2.1468,0.5844373235675593,1.7700000000000102,-0.6999999999999998,-134.64999999999998,0.9343,-0.1363,1.122,0.1358,-1.3734,3.0044,0.7089250019073777,3.299999999999983,0.4000000000000001,2.799999999999997
18.70299999974668,-0.5674,0.0,0.8648,0.2174,-1.063,2.155,0.5844373235675593,1.7700000000000102,-0.6999999999999998,-134.64999999999998,0.9446,-0.1394,1.1174000000000002,0.1164,-1.3743,3.0079999999999996,0.7089402609292744,3.299999999999983,0.4000000000000001,2.799999999999997
18.718000000342727,-0.563,0.0,0.853,0.2035,-1.0809,2.1536000000000004,0.5844373235675593,1.7700000000000102,-0.6999999999999998,-134.64999999999998,0.9395,-0.1435,1.1148,0.1222,-1.3673,3.0056,0.7089402609292744,3.299999999999983,0.4000000000000001,2.700000000000003
18.75,-0.5666,0.0,0.85,0.2183,-1.0609,2.1568,0.5844831006332494,1.8700000000000043,-0.6999999999999998,-134.64999999999998,0.9453,-0.1464,1.1196000000000002,0.1274,-1.3772,3.0076,0.7089402609292744,3.299999999999983,0.4000000000000001,2.700000000000003
18.765000000596046,-0.5699,0.0,0.8485999999999998,0.2076,-1.0728,2.149799999999999,0.5844831006332494,1.8700000000000043,-0.6999999999999998,-134.64999999999998,0.932,-0.1442,1.1206,0.1208,-1.361,3.006,0.7088639658197909,3.299999999999983,0.4000000000000001,2.700000000000003
18.78099999949336,-0.5577,0.0,0.8622,0.2315,-1.0551,2.153,0.5844678416113527,1.8700000000000043,-0.7999999999999998,-134.64999999999998,0.9373,-0.1496,1.1278,0.1191,-1.3599,3.0082,0.7087266346227207,3.299999999999983,0.5,2.700000000000003
18.796000000089407,-0.5666,0.0,0.846,0.2282,-1.0597,2.1598,0.5844678416113527,1.8700000000000043,-0.7999999999999998,-134.64999999999998,0.9407,-0.1415,1.1186,0.1301,-1.3559,3.0053999999999994,0.7087418936446174,3.299999999999983,0.5,2.700000000000003
18.81200000084937,-0.58,0.0,0.8578,0.2151,-1.0707,2.1618,0.5844678416113527,1.8700000000000043,-0.7999999999999998,-134.74999999999997,0.944,-0.1448,1.1306,0.1217,-1.3688,3.011000000000001,0.7087418936446174,3.299999999999983,0.5,2.700000000000003
18.843000000342727,-0.5697,0.0,0.8596,0.2154,-1.0737,2.156600000000001,0.5844831006332494,1.8700000000000043,-0.7999999999999998,-134.74999999999997,0.942,-0.1431,1.124,0.1236,-1.3723,3.0038000000000005,0.7087418936446174,3.299999999999983,0.5,2.700000000000003
18.85899999924004,-0.5661,0.0,0.8603999999999998,0.212,-1.063,2.1614,0.5844831006332494,1.8700000000000043,-0.7999999999999998,-134.74999999999997,0.9413,-0.1429,1.1256000000000002,0.1194,-1.3633,3.0062,0.7087418936446174,3.299999999999983,0.5,2.700000000000003
18.875,-0.5664,0.0,0.8578,0.2118,-1.0667,2.155,0.5844678416113527,1.8700000000000043,-0.7999999999999998,-134.74999999999997,0.932,-0.1478,1.1122,0.1304,-1.3521,3.0130000000000003,0.7087266346227207,3.299999999999983,0.5,2.700000000000003
18.890000000596046,-0.5747,0.0,0.8672,0.2215,-1.0583,2.16,0.5844678416113527,1.8700000000000043,-0.7999999999999998,-134.74999999999997,0.9445,-0.1471,1.1264,0.1198,-1.3673,3.0012000000000003,0.7087418936446174,3.299999999999983,0.5,2.700000000000003
18.921000000089407,-0.5734,0.0,0.8523999999999998,0.2273,-1.0584,2.1586,0.5844373235675593,1.8700000000000043,-0.7999999999999998,-134.74999999999997,0.9405,-0.143,1.128,0.1181,-1.365,2.991200000000001,0.7088334477759975,3.299999999999983,0.5,2.799999999999997
18.968000000342727,-0.5659,0.0,0.8462,0.2108,-1.0634,2.1534,0.5844220645456626,1.8700000000000043,-0.8999999999999999,-134.84999999999997,0.9357,-0.1438,1.118,0.1196,-1.3767,3.0008000000000004,0.7088334477759975,3.299999999999983,0.5,2.799999999999997
18.968000000342727,-0.5779,0.0,0.8576,0.222,-1.0549,2.1582,0.5844068055237659,1.8700000000000043,-0.8999999999999999,-134.84999999999997,0.9437,-0.1384,1.1192,0.123,-1.3645,2.9948,0.7088334477759975,3.299999999999983,0.5,2.799999999999997
19.0,-0.5716,0.0,0.8472,0.2119,-1.0642,2.154,0.5844220645456626,1.970000000000013,-0.8999999999999999,-134.84999999999997,0.9414,-0.1456,1.1256000000000002,0.1209,-1.361,2.9938,0.7088029297322042,3.299999999999983,0.5,2.799999999999997
19.015000000596046,-0.5702,0.0,0.8542,0.2292,-1.0631,2.1634,0.5844220645456626,1.970000000000013,-0.8999999999999999,-134.84999999999997,0.9406,-0.1449,1.1188,0.1179,-1.3653,3.0078,0.7088029297322042,3.299999999999983,0.5,2.799999999999997
19.03099999949336,-0.583,0.0,0.8616,0.222,-1.0586,2.1532,0.5844220645456626,1.970000000000013,-0.8999999999999999,-134.84999999999997,0.9338,-0.1418,1.1206,0.1275,-1.3626,3.011000000000001,0.7088029297322042,3.299999999999983,0.6000000000000001,2.799999999999997
19.046000000089407,-0.5735,0.0,0.8565999999999998,0.2254,-1.0697,2.1614,0.5844220645456626,1.970000000000013,-0.8999999999999999,-134.84999999999997,0.9367,-0.1464,1.1208,0.1161,-1.3687,2.9956,0.7084824902723735,3.299999999999983,0.6000000000000001,2.799999999999997
19.06200000084937,-0.5632,0.0,0.8474,0.2216,-1.0669,2.157,0.5843305104142824,1.8700000000000043,-0.8999999999999999,-134.84999999999997,0.9371,-0.1397,1.118,0.1327,-1.3661,3.0022,0.7084824902723735,3.299999999999983,0.6000000000000001,2.799999999999997
19.093000000342727,-0.5668,0.0,0.842,0.22,-1.0434,2.1282,0.5843305104142824,1.8700000000000043,-0.8999999999999999,-134.84999999999997,0.9415,-0.1468,1.1204,0.124,-1.3588,3.015600000000001,0.7084824902723735,3.299999999999983,0.6000000000000001,2.799999999999997
19.10899999924004,-0.4764,0.0,0.7374,0.2137,-0.9877,2.015,0.5843305104142824,1.7700000000000102,-0.8999999999999999,-134.84999999999997,0.929,-0.1392,1.1092,0.1272,-1.333,2.9462,0.7084824902723735,3.1999999999999886,0.6000000000000001,2.799999999999997
19.125,-0.4247,0.0,0.6224,0.1134,-0.8791,1.8228,0.584299992370489,1.5700000000000074,-0.8999999999999999,-134.84999999999997,0.8103,-0.0868,0.9356,0.1116,-1.2833,2.6936,0.7084214541847867,3.09999999999998,0.6000000000000001,2.799999999999997
19.140000000596046,-0.4245,0.0,0.5648,0.0583,-0.7116,1.6377999999999997,0.5832623788815137,1.2700000000000102,-0.8999999999999999,-134.84999999999997,0.6727,-0.0328,0.7554,0.0848,-1.219,2.3616,0.7084214541847867,2.6999999999999886,0.6000000000000001,2.8999999999999986
19.171000000089407,-0.408,0.0,0.493,0.029,-0.5492,1.3848,0.578822003509575,0.9700000000000132,-0.7999999999999998,-134.84999999999997,0.5904,0.0,0.6424,0.0635,-1.0699,1.9778,0.7083146410315099,2.1999999999999886,0.6000000000000001,2.8999999999999986
19.18700000084937,-0.3717,0.0,0.4106,0.0157,-0.4287,1.1778000000000002,0.5677897306782635,0.7700000000000102,-0.7999999999999998,-134.84999999999997,0.5288,0.0,0.5584,0.0505,-0.8658,1.6490000000000002,0.704637216754406,1.6999999999999886,0.6000000000000001,2.8999999999999986
19.20299999974668,-0.3224,0.0,0.347,0.004,-0.2844,0.9712,0.5413611047531853,0.6700000000000159,-0.7999999999999998,-134.84999999999997,0.4899,0.0,0.494,0.0416,-0.7173,1.4288,0.7014480811779965,1.3999999999999773,0.6000000000000001,3.0
19.218000000342727,-0.2678,0.0,0.2918,0.0,-0.2425,0.8142,0.5220431830319676,0.4700000000000131,-0.7999999999999998,-134.84999999999997,0.3854,0.0,0.4086,0.0098,-0.5916,1.1468000000000005,0.6828168154421301,1.09999999999998,0.6000000000000001,3.0
19.23399999924004,-0.2234,0.0,0.2171999999999998,0.0284,-0.3745,0.8008,0.5036865796902419,0.3700000000000045,-0.7999999999999998,-134.84999999999997,0.317,0.0,0.3694,0.0,-0.5608,1.0438,0.6828168154421301,0.799999999999983,0.6000000000000001,3.0
19.265000000596046,-0.2139,0.0,0.1867999999999996,0.0468,-0.4669,0.8309999999999996,0.4502342259861143,0.1700000000000159,-0.7999999999999998,-134.84999999999997,0.2732,0.0,0.3212,0.0,-0.5529,1.0092,0.6792462043183032,0.4999999999999858,0.6000000000000001,3.0
19.28099999949336,-0.2246,0.0,0.1757999999999998,0.0,-0.3143,0.712,0.4353719386587319,0.1700000000000159,-0.7999999999999998,-134.84999999999997,0.2459,0.0,0.297,0.0,-0.4737,0.8935999999999998,0.6506507972838941,0.2999999999999829,0.6000000000000001,3.1000000000000014
19.296000000089407,-0.233,0.0,0.1616,0.0,-0.3147,0.6514,0.4289478904402227,0.0700000000000073,-0.7999999999999998,-134.84999999999997,0.229,0.0,0.285,0.0,-0.4885,0.9616,0.6286167696650645,0.0999999999999801,0.6000000000000001,3.1000000000000014
19.31200000084937,-0.2249,0.0,0.1255999999999996,0.0,-0.2736,0.5621999999999996,0.3051667048142213,-0.0299999999999869,-0.7999999999999998,-134.95,0.2169,0.0,0.2383999999999998,0.0,-0.422,0.8914,0.4766521705958648,-1.4210854715202004e-14,0.6000000000000001,3.1000000000000014
19.32799999974668,-0.1529,0.0,0.083,0.0,-0.2203,0.454,0.2529198138399328,0.0700000000000073,-0.7999999999999998,-134.95,0.1986,0.0,0.2233999999999996,0.0,-0.3268,0.723,0.4224826428625925,-0.1000000000000227,0.6000000000000001,3.1000000000000014
19.343000000342727,-0.1272,0.0,0.0717999999999996,0.0,-0.186,0.4048,0.1888471808957046,0.0700000000000073,-0.7999999999999998,-134.95,0.1649,0.0,0.1863999999999996,0.0,-0.2956,0.6272,0.2004486152437628,-0.200000000000017,0.6000000000000001,3.1000000000000014
19.375,-0.084,0.0,0.042,0.0,-0.1432,0.3535999999999998,0.1683390554665446,0.0700000000000073,-0.7999999999999998,-134.95,0.1472,0.0,0.1697999999999998,0.0,-0.2752,0.5578,0.1604394598306248,-0.3000000000000113,0.6000000000000001,3.1000000000000014
19.390000000596046,-0.0592,0.0,0.0299999999999996,0.0,-0.1209,0.3227999999999998,0.167866025787747,0.0700000000000073,-0.7999999999999998,-135.04999999999998,0.1131,0.0,0.1522,0.0,-0.2476,0.5022,0.1455771725032425,-0.3000000000000113,0.6000000000000001,3.1000000000000014
19.40599999949336,-0.0556,0.0,0.0162,0.0,-0.1158,0.2834,0.1620218204013122,0.0700000000000073,-0.7999999999999998,-135.04999999999998,0.109,0.0,0.1409999999999996,0.0,-0.2241,0.4587999999999998,0.138313878080415,-0.4000000000000199,0.7000000000000002,3.1000000000000014
19.421000000089407,-0.0284,0.0,0.0063999999999998,0.0,-0.0936,0.257,0.1605111772335393,0.0700000000000073,-0.7999999999999998,-135.04999999999998,0.0953,0.0,0.1237999999999996,0.0,-0.2094,0.4236,0.133842984664683,-0.4000000000000199,0.7000000000000002,3.200000000000003
19.43700000084937,-0.0322,0.0,0.0003999999999998,0.0,-0.0707,0.2319999999999998,0.1576882581826505,0.0700000000000073,-0.7999999999999998,-135.04999999999998,0.0732,0.0,0.1087999999999998,0.0,-0.1894,0.3849999999999996,0.1321034561684596,-0.4000000000000199,0.7000000000000002,3.200000000000003
19.45299999974668,-0.0191,0.0,0.0,0.0,-0.0507,0.215,0.1576882581826505,0.0700000000000073,-0.7999999999999998,-135.04999999999998,0.0591,0.0,0.0989999999999998,0.0,-0.1822,0.3574,0.1282429236285954,-0.5000000000000142,0.7000000000000002,3.200000000000003
19.468000000342727,0.0,0.0,0.0,0.0,-0.0441,0.1957999999999996,0.1576729991607538,0.0700000000000073,-0.7999999999999998,-135.04999999999998,0.06,0.0,0.081,0.0,-0.1652,0.3348,0.1211474784466315,-0.5000000000000142,0.7000000000000002,3.200000000000003
19.5,0.0,0.0,0.0,0.0,-0.0478,0.1772,0.1555214770733196,0.0700000000000073,-0.7999999999999998,-135.04999999999998,0.0454,0.0,0.0772,0.0,-0.1546,0.311,0.1177447165636682,-0.5000000000000142,0.7000000000000002,3.200000000000003
19.515000000596046,0.0,0.0,0.0,0.0,-0.0347,0.1549999999999998,0.1540871290150301,0.0700000000000073,-0.7999999999999998,-135.14999999999998,0.0397,0.0,0.0728,0.0,-0.1377,0.2762,0.1153795681696803,-0.5000000000000142,0.7000000000000002,3.200000000000003
19.53099999949336,0.0,0.0,0.0,0.0,-0.0273,0.1451999999999996,0.1527290760662241,0.0700000000000073,-0.7999999999999998,-135.14999999999998,0.0265,0.0,0.063,0.0,-0.1212,0.2662,0.113182269016556,-0.5000000000000142,0.7000000000000002,3.200000000000003
19.546000000089407,0.0,0.0,0.0,0.0,-0.0275,0.1345999999999996,0.1517219806210422,0.0700000000000073,-0.8999999999999999,-135.14999999999998,0.0232,0.0,0.0536,0.0,-0.1192,0.2338,0.1115190356298161,-0.6000000000000227,0.7000000000000002,3.200000000000003
19.56200000084937,0.0,0.0,0.0,0.0,0.0,0.1175999999999996,0.1515083543144884,0.0700000000000073,-0.8999999999999999,-135.14999999999998,0.0128,0.0,0.0451999999999996,0.0,-0.1053,0.2226,0.1096269169146257,-0.6000000000000227,0.7000000000000002,3.299999999999997
19.57799999974668,0.0,0.0,0.0,0.0,0.0,0.1094,0.1511116197451743,0.0700000000000073,-0.8999999999999999,-135.14999999999998,0.0089,0.0,0.0333999999999996,0.0,-0.0967,0.2061999999999996,0.1071854734111543,-0.6000000000000227,0.7000000000000002,3.299999999999997
19.593000000342727,0.0,0.0,0.0,0.0,0.0,0.0939999999999996,0.1511116197451743,0.0700000000000073,-0.8999999999999999,-135.14999999999998,0.0,0.0,0.0354,0.0,-0.0923,0.1981999999999996,0.1060563057907988,-0.6000000000000227,0.7000000000000002,3.299999999999997
19.625,0.0,0.0,0.0,0.0,0.0,0.0817999999999996,0.1508827344167239,0.0700000000000073,-0.8999999999999999,-135.14999999999998,0.0,0.0,0.0203999999999998,0.0,-0.0781,0.1764,0.1059189745937285,-0.6000000000000227,0.7000000000000002,3.299999999999997
19.640000000596046,0.0,0.0,0.0,0.0,0.0,0.0766,0.1508369573510338,0.0700000000000073,-0.8999999999999999,-135.14999999999998,0.0,0.0,0.0271999999999998,0.0,-0.0748,0.162,0.1058579385061417,-0.6000000000000227,0.7000000000000002,3.299999999999997
19.65599999949336,0.0,0.0,0.0,0.0,0.0,0.0615999999999998,0.1499824521248188,0.0700000000000073,-0.8999999999999999,-135.14999999999998,0.0,0.0,0.0153999999999998,0.0,-0.0702,0.1579999999999996,0.1047592889295796,-0.6000000000000227,0.7000000000000002,3.299999999999997
19.671000000089407,0.0,0.0,0.0,0.0,0.0,0.0592,0.1499061570153353,0.0700000000000073,-0.8999999999999999,-135.14999999999998,0.0,0.0,0.0144,0.0,-0.0693,0.1409999999999996,0.102424658579385,-0.6000000000000227,0.7000000000000002,3.299999999999997
19.68700000084937,0.0,0.0,0.0,0.0,0.0,0.0505999999999996,0.1495857175555047,0.0700000000000073,-0.8999999999999999,-135.14999999999998,0.0,0.0,0.0,0.0,-0.0629,0.1282,0.1001510643167772,-0.6000000000000227,0.7000000000000002,3.299999999999997
19.70299999974668,0.0,0.0,0.0,0.0,0.0,0.0472,0.1493720912489509,0.0700000000000073,-0.8999999999999999,-135.14999999999998,0.0,0.0,0.0082,0.0,-0.0617,0.1179999999999996,0.0984573128862439,-0.6000000000000227,0.7000000000000002,3.299999999999997
19.718000000342727,0.0,0.0,0.0,0.0,0.0,0.0275999999999996,0.1491432059205005,0.0700000000000073,-0.8999999999999999,-135.14999999999998,0.0,0.0,0.0,0.0,-0.0458,0.1033999999999998,0.0969314106965743,-0.6000000000000227,0.7000000000000002,3.299999999999997
19.73399999924004,0.0,0.0,0.0,0.0,0.0,0.0164,0.1488838025482566,0.0700000000000073,-0.8999999999999999,-135.14999999999998,0.0,0.0,0.0,0.0,-0.0464,0.0949999999999998,0.0961989776455329,-0.6000000000000227,0.7000000000000002,3.299999999999997
19.765000000596046,0.0,0.0,0.0,0.0,0.0,0.0246,0.1487922484168765,0.1700000000000159,-0.8999999999999999,-135.14999999999998,0.0,0.0,0.0,0.0,-0.0362,0.0892,0.095588616769665,-0.5000000000000142,0.7000000000000002,3.299999999999997
19.78099999949336,0.0,0.0,0.0,0.0,0.0,0.0101999999999998,0.1486243991760128,0.1700000000000159,-0.8999999999999999,-135.14999999999998,0.0,0.0,0.0,0.0,-0.0351,0.0742,0.0951155870908674,-0.5000000000000142,0.7000000000000002,3.299999999999997
19.796000000089407,0.0,0.0,0.0,0.0,0.0,0.0,0.1485023270008392,0.1700000000000159,-0.8999999999999999,-135.14999999999998,0.0,0.0,0.0,0.0,-0.0217,0.0656,0.0947493705653467,-0.5000000000000142,0.7000000000000002,3.299999999999997
19.81200000084937,0.0,0.0,0.0,0.0,0.0,0.0,0.1483344777599756,0.1700000000000159,-0.8999999999999999,-135.14999999999998,0.0,0.0,0.0,0.0,-0.023,0.0598,0.09473411154345,-0.4000000000000199,0.7000000000000002,3.299999999999997
19.82799999974668,0.0,0.0,0.0,0.0,0.0,0.0,0.1483344777599756,0.1700000000000159,-0.8999999999999999,-135.14999999999998,0.0,0.0,0.0,0.0,-0.0241,0.0537999999999996,0.0946272983901731,-0.4000000000000199,0.7000000000000002,3.299999999999997
19.843000000342727,0.0,0.0,0.0,0.0,0.0,0.0,0.1483344777599756,0.1700000000000159,-0.8999999999999999,-135.14999999999998,0.0,0.0,0.0,0.0,-0.0115,0.0453999999999998,0.0946120393682764,-0.4000000000000199,0.7000000000000002,3.299999999999997
19.85899999924004,0.0,0.0,0.0,0.0,0.0,0.0,0.1483344777599756,0.1700000000000159,-0.8999999999999999,-135.14999999999998,0.0,0.0,0.0,0.0,-0.0171,0.0379999999999998,0.0946120393682764,-0.4000000000000199,0.7000000000000002,3.299999999999997
19.875,0.0,0.0,0.0,0.0,0.0,0.0,0.1483344777599756,0.1700000000000159,-0.8999999999999999,-135.14999999999998,0.0,0.0,0.0,0.0,-0.0049,0.0318,0.0946120393682764,-0.4000000000000199,0.7000000000000002,3.299999999999997
19.90599999949336,0.0,0.0,0.0,0.0,0.0,0.0,0.1483802548256657,0.1700000000000159,-0.8999999999999999,-135.14999999999998,0.0,0.0,0.0,0.0,0.0,0.0281999999999996,0.0945815213244831,-0.4000000000000199,0.7000000000000002,3.299999999999997
19.921000000089407,0.0,0.0,0.0,0.0,0.0,0.0,0.1484870679789425,0.1700000000000159,-0.8999999999999999,-135.14999999999998,0.0,0.0,0.0,0.0,0.0,0.0228,0.0945815213244831,-0.4000000000000199,0.7000000000000002,3.299999999999997
19.93700000084937,0.0,0.0,0.0,0.0,0.0,0.0,0.1485175860227359,0.1700000000000159,-0.8999999999999999,-135.14999999999998,0.0,0.0,0.0,0.0,0.0,0.0244,0.0946120393682764,-0.4000000000000199,0.7000000000000002,3.299999999999997
19.95299999974668,0.0,0.0,0.0,0.0,0.0,0.0,0.1485175860227359,0.1700000000000159,-0.8999999999999999,-135.14999999999998,0.0,0.0,0.0,0.0,-0.0007,0.0127999999999998,0.0946272983901731,-0.4000000000000199,0.7000000000000002,3.299999999999997
19.968000000342727,0.0,0.0,0.0,0.0,0.0,0.0,0.1486701762417029,0.1700000000000159,-0.8999999999999999,-135.14999999999998,0.0,0.0,0.0,0.0,0.0,0.0082,0.0946425574120698,-0.4000000000000199,0.7000000000000002,3.299999999999997
19.98399999924004,0.0,0.0,0.0,0.0,0.0,0.0,0.1487312123292897,0.1700000000000159,-0.8999999999999999,-135.14999999999998,0.0,0.0,0.0,0.0,0.0,0.0,0.095085069047074,-0.4000000000000199,0.7000000000000002,3.299999999999997
20.0,0.0,0.0,0.0,0.0,0.0,0.0,0.1487617303730831,0.1700000000000159,-0.8999999999999999,-135.14999999999998,0.0,0.0,0.0,0.0,0.0,0.0,0.0951155870908674,-0.3000000000000113,0.7000000000000002,3.299999999999997
20.015000000596046,0.0,0.0,0.0,0.0,0.0,0.0,0.1487769893949798,0.1700000000000159,-0.8999999999999999,-135.04999999999998,0.0,0.0,0.0,0.0,0.0,0.0,0.0951155870908674,-0.3000000000000113,0.7000000000000002,3.299999999999997
20.046000000089407,0.0,0.0,0.0,0.0,0.0,0.0,0.1487922484168765,0.1700000000000159,-0.8999999999999999,-135.04999999999998,0.0,0.0,0.0,0.0,0.0,0.0,0.0951155870908674,-0.3000000000000113,0.7000000000000002,3.299999999999997
20.06200000084937,0.0,0.0,0.0,0.0,0.0,0.0,0.1488532845044632,0.1700000000000159,-0.8999999999999999,-135.04999999999998,0.0,0.0,0.0,0.0,0.0,0.0,0.0951155870908674,-0.3000000000000113,0.8,3.299999999999997
20.07799999974668,0.0,0.0,0.0,0.0,0.0,0.0,0.1488532845044632,0.1700000000000159,-0.8999999999999999,-135.14999999999998,0.0,0.0,0.0,0.0,0.0,0.0,0.0951766231784542,-0.3000000000000113,0.8,3.299999999999997
20.093000000342727,0.0,0.0,0.0,0.0,0.0,0.0,0.14891432059205,0.1700000000000159,-0.8999999999999999,-135.14999999999998,0.0,0.0,0.0,0.0,0.0,0.0,0.0952071412222476,-0.3000000000000113,0.8,3.299999999999997
20.10899999924004,0.0,0.0,0.0,0.0,0.0,0.0,0.1489600976577401,0.1700000000000159,-0.8999999999999999,-135.14999999999998,0.0,0.0,0.0,0.0,0.0,0.0,0.0952071412222476,-0.3000000000000113,0.8,3.299999999999997
20.125,0.0,0.0,0.0,0.0,0.0,0.0,0.1489600976577401,0.1700000000000159,-0.8999999999999999,-135.14999999999998,0.0,0.0,0.0,0.0,0.0,0.0,0.0952071412222476,-0.3000000000000113,0.8,3.299999999999997
20.140000000596046,0.0,0.0,0.0,0.0,0.0,0.0,0.1490211337453269,0.1700000000000159,-0.8999999999999999,-135.14999999999998,0.0,0.0,0.0,0.0,0.0,0.0,0.0952071412222476,-0.3000000000000113,0.8,3.299999999999997
20.15599999949336,0.0,0.0,0.0,0.0,0.0,0.0,0.1490211337453269,0.1700000000000159,-0.8999999999999999,-135.14999999999998,0.0,0.0,0.0,0.0,0.0,0.0,0.0952071412222476,-0.3000000000000113,0.8,3.299999999999997
20.171000000089407,0.0,0.0,0.0,0.0,0.0,0.0,0.1490211337453269,0.1700000000000159,-0.8999999999999999,-135.14999999999998,0.0,0.0,0.0,0.0,0.0,0.0,0.0952071412222476,-0.3000000000000113,0.8,3.299999999999997
20.18700000084937,0.0,0.0,0.0,0.0,0.0,0.0,0.1489906157015335,0.1700000000000159,-0.8999999999999999,-135.14999999999998,0.0,0.0,0.0,0.0,0.0,0.0,0.0952071412222476,-0.3000000000000113,0.8,3.299999999999997
20.20299999974668,0.0,0.0,0.0,0.0,0.0,0.0,0.1489600976577401,0.1700000000000159,-0.8999999999999999,-135.14999999999998,0.0,0.0,0.0,0.0,0.0,0.0,0.0951155870908674,-0.3000000000000113,0.8,3.299999999999997
20.218000000342727,0.0,0.0,0.0,0.0,0.0,0.0,0.1489448386358434,0.1700000000000159,-0.8999999999999999,-135.14999999999998,0.0,0.0,0.0,0.0,0.0,0.0,0.0951155870908674,-0.3000000000000113,0.8,3.299999999999997
20.25,0.0,0.0,0.0,0.0,0.0,0.0,0.1488075074387732,0.1700000000000159,-0.8999999999999999,-135.04999999999998,0.0,0.0,0.0,0.0,0.0,0.0,0.0951155870908674,-0.3000000000000113,0.8,3.299999999999997
20.265000000596046,0.0,0.0,0.0,0.0,0.0,0.0,0.1488075074387732,0.1700000000000159,-0.8999999999999999,-135.04999999999998,0.0,0.0,0.0,0.0,0.0,0.0,0.0951155870908674,-0.3000000000000113,0.8,3.299999999999997
20.28099999949336,0.0,0.0,0.0,0.0,0.0,0.0,0.1488075074387732,0.1700000000000159,-0.8999999999999999,-135.04999999999998,0.0,0.0,0.0,0.0,0.0,0.0,0.0951155870908674,-0.3000000000000113,0.8,3.299999999999997
20.296000000089407,0.0,0.0,0.0,0.0,0.0,0.0,0.1488075074387732,0.1700000000000159,-0.8999999999999999,-135.04999999999998,0.0,0.0,0.0,0.0,0.0,0.0,0.0951766231784542,-0.3000000000000113,0.8,3.299999999999997
20.31200000084937,0.0,0.0,0.0,0.0,0.0,0.0,0.1488532845044632,0.1700000000000159,-0.8999999999999999,-135.14999999999998,0.0,0.0,0.0,0.0,0.0,0.0,0.0951766231784542,-0.3000000000000113,0.8,3.299999999999997
20.32799999974668,0.0,0.0,0.0,0.0,0.0,0.0,0.1490516517891203,0.1700000000000159,-0.8999999999999999,-135.14999999999998,0.0,0.0,0.0,0.0,0.0,0.0,0.0951766231784542,-0.3000000000000113,0.8,3.200000000000003
20.343000000342727,0.0,0.0,0.0,0.0,0.0,0.0,0.1490821698329137,0.1700000000000159,-0.8999999999999999,-135.14999999999998,0.0,0.0,0.0,0.0,0.0,0.0,0.0951461051346608,-0.3000000000000113,0.8,3.200000000000003
20.35899999924004,0.0,0.0,0.0,0.0,0.0,0.0,0.1491432059205005,0.1700000000000159,-0.8999999999999999,-135.14999999999998,0.0,0.0,0.0,0.0,0.0,0.0,0.0951461051346608,-0.3000000000000113,0.8,3.200000000000003
20.375,0.0,0.0,0.0,0.0,0.0,0.0,0.1492805371175707,0.1700000000000159,-0.8999999999999999,-135.14999999999998,0.0,0.0,0.0,0.0,0.0,0.0,0.0951461051346608,-0.3000000000000113,0.8,3.200000000000003
20.390000000596046,0.0,0.0,0.0,0.0,0.0,0.0,0.1491889829861906,0.1700000000000159,-0.8999999999999999,-135.04999999999998,0.0,0.0,0.0,0.0,0.0,0.0,0.0951461051346608,-0.3000000000000113,0.8,3.200000000000003
20.40599999949336,0.0,0.0,0.0,0.0,0.0,0.0,0.1492957961394674,0.1700000000000159,-0.8999999999999999,-135.04999999999998,0.0,0.0,0.0,0.0,0.0,0.0,0.0951461051346608,-0.3000000000000113,0.8,3.200000000000003
20.421000000089407,0.0,0.0,0.0,0.0,0.0,0.0,0.1491889829861906,0.1700000000000159,-0.8999999999999999,-135.04999999999998,0.0,0.0,0.0,0.0,0.0,0.0,0.0951461051346608,-0.3000000000000113,0.8,3.299999999999997
20.45299999974668,0.0,0.0,0.0,0.0,0.0,0.0,0.1493110551613641,0.0700000000000073,-0.8999999999999999,-135.04999999999998,0.0,0.0,0.0,0.0,0.0,0.0,0.0952681773098344,-0.3000000000000113,0.8,3.299999999999997
20.468000000342727,0.0,0.0,0.0,0.0,0.0,0.0,0.1493110551613641,0.0700000000000073,-0.8999999999999999,-135.04999999999998,0.0,0.0,0.0,0.0,0.0,0.0,0.0953139543755245,-0.3000000000000113,0.8,3.299999999999997
20.48399999924004,0.0,0.0,0.0,0.0,0.0,0.0,0.1493110551613641,0.0700000000000073,-0.8999999999999999,-135.04999999999998,0.0,0.0,0.0,0.0,0.0,0.0,0.0953139543755245,-0.3000000000000113,0.8,3.200000000000003
20.5,0.0,0.0,0.0,0.0,0.0,0.0,0.1493110551613641,0.0700000000000073,-0.8999999999999999,-135.04999999999998,0.0,0.0,0.0,0.0,0.0,0.0,0.0953139543755245,-0.3000000000000113,0.8,3.200000000000003
20.515000000596046,0.0,0.0,0.0,0.0,0.0,0.0,0.1493110551613641,0.0700000000000073,-0.8999999999999999,-135.04999999999998,0.0,0.0,0.0,0.0,0.0,0.0,0.0953139543755245,-0.3000000000000113,0.8,3.200000000000003
20.53099999949336,0.0,0.0,0.0,0.0,0.0,0.0,0.1493110551613641,0.0700000000000073,-0.8999999999999999,-135.04999999999998,0.0,0.0,0.0,0.0,0.0,0.0,0.0953139543755245,-0.3000000000000113,0.8,3.200000000000003
20.546000000089407,0.0,0.0,0.0,0.0,0.0,0.0,0.1493415732051575,0.0700000000000073,-0.8999999999999999,-135.04999999999998,0.0,0.0,0.0,0.0,0.0,0.0,0.095390249485008,-0.3000000000000113,0.8,3.200000000000003
20.56200000084937,0.0,0.0,0.0,0.0,0.0,0.0,0.1493415732051575,0.0700000000000073,-0.8999999999999999,-135.04999999999998,0.0,0.0,0.0,0.0,0.0,0.0,0.0954970626382848,-0.3000000000000113,0.8,3.200000000000003
20.57799999974668,0.0,0.0,0.0,0.0,0.0,0.0,0.1493415732051575,0.0700000000000073,-0.8999999999999999,-135.04999999999998,0.0,0.0,0.0,0.0,0.0,0.0,0.0954970626382848,-0.3000000000000113,0.8,3.200000000000003
20.60899999924004,0.0,0.0,0.0,0.0,0.0,0.0,0.1493873502708476,0.0700000000000073,-0.8999999999999999,-135.04999999999998,0.0,0.0,0.0,0.0,0.0,0.0,0.0954970626382848,-0.3000000000000113,0.8,3.200000000000003
20.625,0.0,0.0,0.0,0.0,0.0,0.0,0.1493873502708476,0.0700000000000073,-0.8999999999999999,-135.04999999999998,0.0,0.0,0.0,0.0,0.0,0.0,0.0955580987258716,-0.3000000000000113,0.8,3.200000000000003
20.640000000596046,0.0,0.0,0.0,0.0,0.0,0.0,0.1493873502708476,0.0700000000000073,-0.8999999999999999,-135.04999999999998,0.0,0.0,0.0,0.0,0.0,0.0,0.0955580987258716,-0.3000000000000113,0.8,3.200000000000003
20.65599999949336,0.0,0.0,0.0,0.0,0.0,0.0,0.1494483863584344,0.0700000000000073,-0.8999999999999999,-135.04999999999998,0.0,0.0,0.0,0.0,0.0,0.0,0.0955580987258716,-0.3000000000000113,0.8,3.200000000000003
20.671000000089407,0.0,0.0,0.0,0.0,0.0,0.0,0.1494636453803311,0.0700000000000073,-0.8999999999999999,-135.04999999999998,0.0,0.0,0.0,0.0,0.0,0.0,0.0955580987258716,-0.3000000000000113,0.8,3.200000000000003
20.68700000084937,0.0,0.0,0.0,0.0,0.0,0.0,0.1494636453803311,0.0700000000000073,-0.8999999999999999,-135.04999999999998,0.0,0.0,0.0,0.0,0.0,0.0,0.0956496528572518,-0.3000000000000113,0.8,3.200000000000003
20.70299999974668,0.0,0.0,0.0,0.0,0.0,0.0,0.1494789044022278,0.0700000000000073,-0.8999999999999999,-135.04999999999998,0.0,0.0,0.0,0.0,0.0,0.0,0.0956649118791485,-0.3000000000000113,0.8,3.200000000000003
20.718000000342727,0.0,0.0,0.0,0.0,0.0,0.0,0.1494941634241245,0.0700000000000073,-0.8999999999999999,-135.04999999999998,0.0,0.0,0.0,0.0,0.0,0.0,0.095741206988632,-0.3000000000000113,0.8,3.200000000000003
20.73399999924004,0.0,0.0,0.0,0.0,0.0,0.0,0.1495094224460212,0.0700000000000073,-0.8999999999999999,-135.04999999999998,0.0,0.0,0.0,0.0,0.0,0.0,0.095741206988632,-0.3000000000000113,0.8,3.200000000000003
20.75,0.0,0.0,0.0,0.0,0.0,0.0,0.1495094224460212,0.0700000000000073,-0.8999999999999999,-135.04999999999998,0.0,0.0,0.0,0.0,0.0,0.0,0.0957259479667353,-0.3000000000000113,0.8,3.200000000000003
20.765000000596046,0.0,0.0,0.0,0.0,0.0,0.0,0.1495094224460212,0.0700000000000073,-0.8999999999999999,-135.04999999999998,0.0,0.0,0.0,0.0,0.0,0.0,0.0957259479667353,-0.3000000000000113,0.8,3.200000000000003
20.78099999949336,0.0,0.0,0.0,0.0,0.0,0.0,0.1495399404898146,0.0700000000000073,-0.8999999999999999,-135.04999999999998,0.0,0.0,0.0,0.0,0.0,0.0,0.0957259479667353,-0.3000000000000113,0.8,3.200000000000003
20.796000000089407,0.0,0.0,0.0,0.0,0.0,0.0,0.149570458533608,0.0700000000000073,-0.8999999999999999,-135.04999999999998,0.0,0.0,0.0,0.0,0.0,0.0,0.095741206988632,-0.3000000000000113,0.8,3.200000000000003
20.81200000084937,0.0,0.0,0.0,0.0,0.0,0.0,0.1495399404898146,0.0700000000000073,-0.8999999999999999,-135.04999999999998,0.0,0.0,0.0,0.0,0.0,0.0,0.0957869840543221,-0.3000000000000113,0.8,3.200000000000003
20.843000000342727,0.0,0.0,0.0,0.0,0.0,0.0,0.149570458533608,0.0700000000000073,-0.8999999999999999,-135.04999999999998,0.0,0.0,0.0,0.0,0.0,0.0,0.0957717250324254,-0.3000000000000113,0.8,3.200000000000003
20.85899999924004,0.0,0.0,0.0,0.0,0.0,0.0,0.149570458533608,0.0700000000000073,-0.8999999999999999,-135.04999999999998,0.0,0.0,0.0,0.0,0.0,0.0,0.0957869840543221,-0.3000000000000113,0.8,3.200000000000003
20.875,0.0,0.0,0.0,0.0,0.0,0.0,0.1496009765774014,0.0700000000000073,-0.8999999999999999,-135.04999999999998,0.0,0.0,0.0,0.0,0.0,0.0,0.0958327611200122,-0.3000000000000113,0.8,3.299999999999997
20.890000000596046,0.0,0.0,0.0,0.0,0.0,0.0,0.1496009765774014,0.0700000000000073,-0.8999999999999999,-135.04999999999998,0.0,0.0,0.0,0.0,0.0,0.0,0.0958327611200122,-0.3000000000000113,0.8,3.299999999999997
20.90599999949336,0.0,0.0,0.0,0.0,0.0,0.0,0.1496009765774014,0.0700000000000073,-0.8999999999999999,-135.04999999999998,0.0,0.0,0.0,0.0,0.0,0.0,0.0958327611200122,-0.3000000000000113,0.8,3.299999999999997
20.921000000089407,0.0,0.0,0.0,0.0,0.0,0.0,0.1496314946211948,0.0700000000000073,-0.8999999999999999,-135.04999999999998,0.0,0.0,0.0,0.0,0.0,0.0,0.0958327611200122,-0.3000000000000113,0.8,3.200000000000003
20.93700000084937,0.0,0.0,0.0,0.0,0.0,0.0,0.1496467536430915,0.0700000000000073,-0.8999999999999999,-135.04999999999998,0.0,0.0,0.0,0.0,0.0,0.0,0.0959700923170824,-0.3000000000000113,0.8,3.200000000000003
20.968000000342727,0.0,0.0,0.0,0.0,0.0,0.0,0.1496467536430915,0.0700000000000073,-0.8999999999999999,-135.04999999999998,0.0,0.0,0.0,0.0,0.0,0.0,0.0960616464484626,-0.3000000000000113,0.8,3.200000000000003
20.98399999924004,0.0,0.0,0.0,0.0,0.0,0.0,0.1496467536430915,0.0700000000000073,-0.8999999999999999,-135.04999999999998,0.0,0.0,0.0,0.0,0.0,0.0,0.0960616464484626,-0.3000000000000113,0.8,3.200000000000003
20.98399999924004,0.0,0.0,0.0,0.0,0.0,0.0,0.1496467536430915,0.0700000000000073,-0.8999999999999999,-135.04999999999998,0.0,0.0,0.0,0.0,0.0,0.0,0.0960616464484626,-0.3000000000000113,0.8,3.200000000000003
21.0,0.0,0.0,0.0,0.0,0.0,0.0,0.1496467536430915,0.0700000000000073,-0.8999999999999999,-135.04999999999998,0.0,0.0,0.0,0.0,0.0,0.0,0.0960769054703593,-0.3000000000000113,0.8,3.200000000000003
21.03099999949336,0.0,0.0,0.0,0.0,0.0,0.0,0.1496925307087815,0.0700000000000073,-0.8999999999999999,-135.04999999999998,0.0,0.0,0.0,0.0,0.0,0.0,0.0960769054703593,-0.3000000000000113,0.8,3.299999999999997
21.046000000089407,0.0,0.0,0.0,0.0,0.0,0.0,0.1496925307087815,0.0700000000000073,-0.8999999999999999,-135.04999999999998,0.0,0.0,0.0,0.0,0.0,0.0,0.0960769054703593,-0.3000000000000113,0.8,3.299999999999997
21.06200000084937,0.0,0.0,0.0,0.0,0.0,0.0,0.1496925307087815,0.0700000000000073,-0.8999999999999999,-135.04999999999998,0.0,0.0,0.0,0.0,0.0,0.0,0.0960616464484626,-0.3000000000000113,0.8,3.299999999999997
21.07799999974668,0.0,0.0,0.0,0.0,0.0,0.0,0.1496925307087815,0.0700000000000073,-0.8999999999999999,-135.04999999999998,0.0,0.0,0.0,0.0,0.0,0.0,0.0960616464484626,-0.3000000000000113,0.8,3.299999999999997
21.093000000342727,0.0,0.0,0.0,0.0,0.0,0.0,0.1496925307087815,0.0700000000000073,-0.8999999999999999,-135.04999999999998,0.0,0.0,0.0,0.0,0.0,0.0,0.0960769054703593,-0.3000000000000113,0.8,3.299999999999997
21.10899999924004,0.0,0.0,0.0,0.0,0.0,0.0,0.1496925307087815,0.0700000000000073,-0.8999999999999999,-135.04999999999998,0.0,0.0,0.0,0.0,0.0,0.0,0.0960769054703593,-0.3000000000000113,0.8,3.299999999999997
21.125,0.0,0.0,0.0,0.0,0.0,0.0,0.1496925307087815,0.0700000000000073,-0.8999999999999999,-135.04999999999998,0.0,0.0,0.0,0.0,0.0,0.0,0.0959243152513923,-0.3000000000000113,0.8,3.299999999999997
21.140000000596046,0.0,0.0,0.0,0.0,0.0,0.0,0.1497077897306782,0.0700000000000073,-0.8999999999999999,-135.04999999999998,0.0,0.0,0.0,0.0,0.0,0.0,0.0959243152513923,-0.3000000000000113,0.8,3.299999999999997
21.15599999949336,0.0,0.0,0.0,0.0,0.0,0.0,0.1497077897306782,0.0700000000000073,-0.8999999999999999,-135.04999999999998,0.0,0.0,0.0,0.0,0.0,0.0,0.0959243152513923,-0.3000000000000113,0.8,3.299999999999997
21.171000000089407,0.0,0.0,0.0,0.0,0.0,0.0,0.1496925307087815,0.0700000000000073,-0.8999999999999999,-135.04999999999998,0.0,0.0,0.0,0.0,0.0,0.0,0.0960616464484626,-0.3000000000000113,0.8,3.299999999999997
21.20299999974668,0.0,0.0,0.0,0.0,0.0,0.0,0.1497077897306782,0.0700000000000073,-0.8999999999999999,-135.04999999999998,0.0,0.0,0.0,0.0,0.0,0.0,0.0960616464484626,-0.3000000000000113,0.8,3.299999999999997
21.20299999974668,0.0,0.0,0.0,0.0,0.0,0.0,0.1497077897306782,0.0700000000000073,-0.8999999999999999,-135.04999999999998,0.0,0.0,0.0,0.0,0.0,0.0,0.0960616464484626,-0.3000000000000113,0.8,3.299999999999997
21.23399999924004,0.0,0.0,0.0,0.0,0.0,0.0,0.1497077897306782,0.0700000000000073,-0.8999999999999999,-135.04999999999998,0.0,0.0,0.0,0.0,0.0,0.0,0.0961989776455329,-0.3000000000000113,0.8,3.299999999999997
21.25,0.0,0.0,0.0,0.0,0.0,0.0,0.1497077897306782,0.0700000000000073,-0.8999999999999999,-135.04999999999998,0.0,0.0,0.0,0.0,0.0,0.0,0.0962294956893263,-0.3000000000000113,0.8,3.299999999999997
21.265000000596046,0.0,0.0,0.0,0.0,0.0,0.0,0.1497077897306782,0.0700000000000073,-0.8999999999999999,-135.04999999999998,0.0,0.0,0.0,0.0,0.0,0.0,0.0962294956893263,-0.3000000000000113,0.8,3.299999999999997
21.28099999949336,0.0,0.0,0.0,0.0,0.0,0.0,0.1497230487525749,0.0700000000000073,-0.8999999999999999,-135.04999999999998,0.0,0.0,0.0,0.0,0.0,0.0,0.0962294956893263,-0.3000000000000113,0.8,3.299999999999997
21.296000000089407,0.0,0.0,0.0,0.0,0.0,0.0,0.1497383077744716,0.0700000000000073,-0.8999999999999999,-135.04999999999998,0.0,0.0,0.0,0.0,0.0,0.0,0.0962294956893263,-0.3000000000000113,0.8,3.299999999999997
21.31200000084937,0.0,0.0,0.0,0.0,0.0,0.0,0.149768825818265,0.0700000000000073,-0.8999999999999999,-135.04999999999998,0.0,0.0,0.0,0.0,0.0,0.0,0.0962294956893263,-0.3000000000000113,0.8,3.299999999999997
21.32799999974668,0.0,0.0,0.0,0.0,0.0,0.0,0.1497993438620584,0.0700000000000073,-0.8999999999999999,-135.04999999999998,0.0,0.0,0.0,0.0,0.0,0.0,0.096244754711223,-0.3000000000000113,0.8,3.299999999999997
21.343000000342727,0.0,0.0,0.0,0.0,0.0,0.0,0.1497993438620584,0.0700000000000073,-0.8999999999999999,-135.04999999999998,0.0,0.0,0.0,0.0,0.0,0.0,0.0963820859082932,-0.3000000000000113,0.8,3.299999999999997
21.375,0.0,0.0,0.0,0.0,0.0,0.0,0.1497993438620584,0.0700000000000073,-0.8999999999999999,-135.04999999999998,0.0,0.0,0.0,0.0,0.0,0.0,0.0966872663462272,-0.3000000000000113,0.8,3.299999999999997
21.390000000596046,0.0,0.0,0.0,0.0,0.0,0.0,0.1497993438620584,0.0700000000000073,-0.8999999999999999,-135.04999999999998,0.0,0.0,0.0,0.0,0.0,0.0,0.0967635614557106,-0.3000000000000113,0.8,3.299999999999997
21.390000000596046,0.0,0.0,0.0,0.0,0.0,0.0,0.1498298619058518,0.0700000000000073,-0.8999999999999999,-135.04999999999998,0.0,0.0,0.0,0.0,0.0,0.0,0.096794079499504,-0.3000000000000113,0.8,3.299999999999997
21.421000000089407,0.0,0.0,0.0,0.0,0.0,0.0,0.1498298619058518,0.0700000000000073,-0.8999999999999999,-135.04999999999998,0.0,0.0,0.0,0.0,0.0,0.0,0.096794079499504,-0.3000000000000113,0.8,3.299999999999997
21.43700000084937,0.0,0.0,0.0,0.0,0.0,0.0,0.1497840848401617,0.0700000000000073,-0.8999999999999999,-135.04999999999998,0.0,0.0,0.0,0.0,0.0,0.0,0.096794079499504,-0.3000000000000113,0.8,3.299999999999997
21.45299999974668,0.0,0.0,0.0,0.0,0.0,0.0,0.1497840848401617,0.0700000000000073,-0.8999999999999999,-135.04999999999998,0.0,0.0,0.0,0.0,0.0,0.0,0.096794079499504,-0.3000000000000113,0.8,3.299999999999997
21.468000000342727,0.0,0.0,0.0,0.0,0.0,0.0,0.1498146028839551,0.0700000000000073,-0.8999999999999999,-135.04999999999998,0.0,0.0,0.0,0.0,0.0,0.0,0.0968551155870908,-0.3000000000000113,0.8,3.299999999999997
21.48399999924004,0.0,0.0,0.0,0.0,0.0,0.0,0.1498146028839551,0.0700000000000073,-0.8999999999999999,-135.04999999999998,0.0,0.0,0.0,0.0,0.0,0.0,0.0969619287403677,-0.3000000000000113,0.8,3.299999999999997
21.5,0.0,0.0,0.0,0.0,0.0,0.0,0.1498298619058518,0.0700000000000073,-0.8999999999999999,-135.04999999999998,0.0,0.0,0.0,0.0,0.0,0.0,0.0969771877622644,-0.3000000000000113,0.8,3.299999999999997
21.515000000596046,0.0,0.0,0.0,0.0,0.0,0.0,0.1498146028839551,0.0700000000000073,-0.8999999999999999,-135.04999999999998,0.0,0.0,0.0,0.0,0.0,0.0,0.0969924467841611,-0.3000000000000113,0.8,3.299999999999997
21.53099999949336,0.0,0.0,0.0,0.0,0.0,0.0,0.1498146028839551,0.0700000000000073,-0.8999999999999999,-135.04999999999998,0.0,0.0,0.0,0.0,0.0,0.0,0.0969924467841611,-0.3000000000000113,0.8,3.299999999999997
21.546000000089407,0.0,0.0,0.0,0.0,0.0,0.0,0.1498146028839551,0.0700000000000073,-0.8999999999999999,-135.04999999999998,0.0,0.0,0.0,0.0,0.0,0.0,0.0970840009155413,-0.3000000000000113,0.8,3.299999999999997
21.57799999974668,0.0,0.0,0.0,0.0,0.0,0.0,0.1498146028839551,0.0700000000000073,-0.8999999999999999,-135.04999999999998,0.0,0.0,0.0,0.0,0.0,0.0,0.0971145189593347,-0.3000000000000113,0.8,3.299999999999997
21.593000000342727,0.0,0.0,0.0,0.0,0.0,0.0,0.1498451209277485,0.0700000000000073,-0.8999999999999999,-135.04999999999998,0.0,0.0,0.0,0.0,0.0,0.0,0.0972365911345082,-0.3000000000000113,0.8,3.299999999999997
21.60899999924004,0.0,0.0,0.0,0.0,0.0,0.0,0.1498451209277485,0.0700000000000073,-0.8999999999999999,-135.04999999999998,0.0,0.0,0.0,0.0,0.0,0.0,0.097297627222095,-0.200000000000017,0.8,3.299999999999997
21.625,0.0,0.0,0.0,0.0,0.0,0.0,0.1498146028839551,0.0700000000000073,-0.8999999999999999,-135.04999999999998,0.0,0.0,0.0,0.0,0.0,0.0,0.0973434042877851,-0.200000000000017,0.8,3.299999999999997
21.640000000596046,0.0,0.0,0.0,0.0,0.0,0.0,0.1498298619058518,0.0700000000000073,-0.8999999999999999,-135.04999999999998,0.0,0.0,0.0,0.0,0.0,0.0,0.0973586633096818,-0.3000000000000113,0.8,3.299999999999997
21.65599999949336,0.0,0.0,0.0,0.0,0.0,0.0,0.1498451209277485,0.0700000000000073,-0.8999999999999999,-135.04999999999998,0.0,0.0,0.0,0.0,0.0,0.0,0.0974044403753719,-0.3000000000000113,0.8,3.299999999999997
21.671000000089407,0.0,0.0,0.0,0.0,0.0,0.0,0.1498451209277485,0.0700000000000073,-0.8999999999999999,-135.04999999999998,0.0,0.0,0.0,0.0,0.0,0.0,0.0974196993972686,-0.3000000000000113,0.8,3.299999999999997
21.68700000084937,0.0,0.0,0.0,0.0,0.0,0.0,0.1498298619058518,0.0700000000000073,-0.8999999999999999,-135.04999999999998,0.0,0.0,0.0,0.0,0.0,0.0,0.097450217441062,-0.3000000000000113,0.8,3.299999999999997
21.70299999974668,0.0,0.0,0.0,0.0,0.0,0.0,0.1497993438620584,0.0700000000000073,-0.8999999999999999,-135.04999999999998,0.0,0.0,0.0,0.0,0.0,0.0,0.097450217441062,-0.3000000000000113,0.8,3.299999999999997
21.718000000342727,0.0,0.0,0.0,0.0,0.0,0.0,0.1497993438620584,0.0700000000000073,-0.8999999999999999,-135.04999999999998,0.0,0.0,0.0,0.0,0.0,0.0,0.0975265125505455,-0.3000000000000113,0.8,3.299999999999997
21.73399999924004,0.0,0.0,0.0,0.0,0.0,0.0,0.1497993438620584,0.0700000000000073,-0.8999999999999999,-135.04999999999998,0.0,0.0,0.0,0.0,0.0,0.0,0.097648584725719,-0.3000000000000113,0.8,3.299999999999997
21.75,0.0,0.0,0.0,0.0,0.0,0.0,0.1497993438620584,0.0700000000000073,-0.8999999999999999,-135.04999999999998,0.0,0.0,0.0,0.0,0.0,0.0,0.0976638437476157,-0.3000000000000113,0.8,3.299999999999997
21.78099999949336,0.0,0.0,0.0,0.0,0.0,0.0,0.1497993438620584,0.0700000000000073,-0.8999999999999999,-135.04999999999998,0.0,0.0,0.0,0.0,0.0,0.0,0.0976943617914091,-0.3000000000000113,0.8,3.299999999999997
21.796000000089407,0.0,0.0,0.0,0.0,0.0,0.0,0.1497993438620584,0.0700000000000073,-0.8999999999999999,-134.95,0.0,0.0,0.0,0.0,0.0,0.0,0.0977096208133058,-0.3000000000000113,0.8,3.299999999999997
21.81200000084937,0.0,0.0,0.0,0.0,0.0,0.0,0.1497993438620584,0.0700000000000073,-0.8999999999999999,-134.95,0.0,0.0,0.0,0.0,0.0,0.0,0.0977096208133058,-0.200000000000017,0.8,3.299999999999997
21.82799999974668,0.0,0.0,0.0,0.0,0.0,0.0,0.1497993438620584,0.0700000000000073,-0.8999999999999999,-135.04999999999998,0.0,0.0,0.0,0.0,0.0,0.0,0.0977553978789959,-0.200000000000017,0.8,3.299999999999997
21.843000000342727,0.0,0.0,0.0,0.0,0.0,0.0,0.1498298619058518,0.0700000000000073,-0.8999999999999999,-135.04999999999998,0.0,0.0,0.0,0.0,0.0,0.0,0.0977553978789959,-0.200000000000017,0.8,3.299999999999997
21.85899999924004,0.0,0.0,0.0,0.0,0.0,0.0,0.1497993438620584,0.0700000000000073,-0.8999999999999999,-135.04999999999998,0.0,0.0,0.0,0.0,0.0,0.0,0.0977859159227893,-0.200000000000017,0.8,3.299999999999997
21.875,0.0,0.0,0.0,0.0,0.0,0.0,0.1498298619058518,0.0700000000000073,-0.8999999999999999,-135.04999999999998,0.0,0.0,0.0,0.0,0.0,0.0,0.0978469520103761,-0.200000000000017,0.8,3.299999999999997
21.90599999949336,0.0,0.0,0.0,0.0,0.0,0.0,0.1498298619058518,0.0700000000000073,-0.8999999999999999,-135.04999999999998,0.0,0.0,0.0,0.0,0.0,0.0,0.0978927290760662,-0.3000000000000113,0.8,3.299999999999997
