time_s,L_fx1,L_fy1,L_fz1,L_fx2,L_fy2,L_fz2,L_proximity,L_roll,L_pitch,L_yaw,R_fx1,R_fy1,R_fz1,R_fx2,R_fy2,R_fz2,R_proximity,R_roll,R_pitch,R_yaw
0.0,0.0,0.0,0.0,0.0,0.0,0.0,0.0712306401159685,-4.129999999999996,-16.8,-100.34999999999998,0.0,0.0,0.0,0.0,0.0,0.0,0.0253513389791714,1.6999999999999886,17.3,33.9
0.0319999996572732,0.0,0.0,0.0,0.0,0.0,0.0,0.0709407186999313,-4.129999999999996,-16.8,-100.34999999999998,0.0,0.0,0.0,0.0,0.0,0.0,0.0253665980010681,1.6999999999999886,17.3,33.9
0.0470000002533197,0.0,0.0,0.0,0.0,0.0,0.0,0.07029983978027,-4.129999999999996,-16.8,-100.34999999999998,0.0,0.0,0.0,0.0,0.0,0.0,0.025671778439002,1.6999999999999886,17.3,33.9
0.0629999991506338,0.0,0.0,0.0,0.0,0.0,0.0,0.0701319905394064,-4.129999999999996,-16.900000000000002,-100.34999999999998,0.0,0.0,0.0,0.0,0.0,0.0,0.0257328145265888,1.6999999999999886,17.3,33.9
0.078999999910593,0.0,0.0,0.0,0.0,0.0,0.0,0.069597924773022,-4.029999999999987,-16.900000000000002,-100.34999999999998,0.0,0.0,0.0,0.0,0.0,0.0,0.026175326161593,1.6999999999999886,17.3,33.9
0.0940000005066394,0.0,0.0,0.0,0.0,0.0,0.0,0.069094377050431,-4.029999999999987,-16.900000000000002,-100.34999999999998,0.0,0.0,0.0,0.0,0.0,0.0,0.0262668802929732,1.799999999999983,17.3,33.9
0.1099999994039535,0.0,0.0,0.0,0.0,0.0,0.0,0.0665156023498893,-4.029999999999987,-16.900000000000002,-100.34999999999998,0.0,0.0,0.0,0.0,0.0,0.0,0.0262821393148699,1.799999999999983,17.3,33.9
0.125,0.0,0.0,0.0,0.0,0.0,0.0,0.0663477531090257,-4.029999999999987,-16.900000000000002,-100.34999999999998,0.0,0.0,0.0,0.0,0.0,0.0,0.0262821393148699,1.799999999999983,17.3,33.9
0.1410000007599592,0.0,0.0,0.0,0.0,0.0,0.0,0.0663477531090257,-4.029999999999987,-16.900000000000002,-100.34999999999998,0.0,0.0,0.0,0.0,0.0,0.0,0.0264042114900434,1.799999999999983,17.3,33.9
0.1569999996572733,0.0,0.0,0.0,0.0,0.0,0.0,0.0663477531090257,-4.029999999999987,-16.900000000000002,-100.34999999999998,0.0,0.0,0.0,0.0,0.0,0.0,0.027182421606775,1.799999999999983,17.3,33.9
0.1720000002533197,0.0,0.0,0.0,0.0,0.0,0.0,0.0663477531090257,-4.029999999999987,-16.900000000000002,-100.24999999999996,0.0,0.0,0.0,0.0,0.0,0.0,0.0282810711833371,1.8999999999999773,17.3,33.9
0.203999999910593,0.0,0.0,0.0,0.0,0.0,0.0,0.0663477531090257,-4.029999999999987,-16.900000000000002,-100.24999999999996,0.0,0.0,0.0,0.0,0.0,0.0,0.0298985275043869,1.8999999999999773,17.3,33.9
0.2190000005066394,0.0,0.0,0.0,0.0,0.0,0.0,0.0685755703059434,-4.029999999999987,-16.900000000000002,-100.24999999999996,0.0,0.0,0.0,0.0,0.0,0.0,0.0313786526283665,1.8999999999999773,17.3,33.9
0.2349999994039535,0.0,0.0,0.0,0.0,0.0,0.0,0.0722987716487373,-4.029999999999987,-16.900000000000002,-100.24999999999996,0.0,0.0,0.0,0.0,0.0,0.0,0.0326146334019989,1.8999999999999773,17.3,33.9
0.25,0.0,0.0,0.0,0.0,0.0,0.0,0.0744808117799649,-3.9299999999999926,-16.900000000000002,-100.34999999999998,0.0,0.0,0.0,0.0,0.0,0.0,0.034567788204776,1.8999999999999773,17.3,33.9
0.2660000007599592,0.0,0.0,0.0,0.0,0.0,0.0,0.0755489433127336,-3.9299999999999926,-16.900000000000002,-100.34999999999998,0.0,0.0,0.0,0.0,0.0,0.0,0.0365667200732433,1.8999999999999773,17.3,33.9
0.2819999996572733,0.0,0.0,0.0,0.0,0.0,0.0,0.075579461356527,-3.9299999999999926,-16.900000000000002,-100.34999999999998,0.0,0.0,0.0,0.0,0.0,0.0,0.0389318684672312,1.8999999999999773,17.3,34.0
0.2970000002533197,0.0,0.0,0.0,0.0,0.0,0.0,0.0768764782177462,-3.9299999999999926,-16.900000000000002,-100.34999999999998,0.0,0.0,0.0,0.0,0.0,0.0,0.0414953841458762,1.8999999999999773,17.3,34.0
0.3129999991506338,0.0,0.0,0.0,0.0,0.0,0.0,0.0794705119401846,-3.9299999999999926,-16.900000000000002,-100.34999999999998,0.0,0.0,0.0,0.0,0.0,0.0,0.0441504539559014,1.8999999999999773,17.3,33.9
0.328999999910593,0.0,0.0,0.0,0.0,0.0,0.0,0.0828580148012512,-3.9299999999999926,-16.900000000000002,-100.34999999999998,0.0,0.0,0.0,0.0,0.0,0.0,0.0460883497367818,1.8999999999999773,17.200000000000003,33.9
0.3440000005066395,0.0,0.0,0.0,0.0,0.0,0.0,0.0866422522316319,-3.9299999999999926,-16.900000000000002,-100.34999999999998,0.0,0.0,0.0,0.0,0.0,0.0,0.0476752880140383,1.8999999999999773,17.200000000000003,33.9
0.3599999994039535,0.0,0.0,0.0,0.0,0.0,0.0,0.091113145647364,-3.9299999999999926,-16.900000000000002,-100.34999999999998,0.0,0.0,0.0,0.0,0.0,0.0,0.0492774853131914,1.8999999999999773,17.200000000000003,33.9
0.375,0.0,0.0,0.0,0.0,0.0,0.0,0.0963775082017242,-3.9299999999999926,-16.900000000000002,-100.24999999999996,0.0,0.0,0.0,0.0,0.0,0.0,0.0512916762035553,1.8999999999999773,17.200000000000003,33.9
0.4069999996572733,0.0,0.0,0.0,0.0,0.0,0.0,0.0978118562600137,-4.029999999999987,-16.900000000000002,-100.24999999999996,0.0,0.0,0.0,0.0,0.0,0.0,0.0533058670939192,1.8999999999999773,17.200000000000003,33.9
0.4069999996572733,0.0,0.0,0.0,0.0,0.0,0.0,0.09930724040589,-4.029999999999987,-16.900000000000002,-100.24999999999996,0.0,0.0,0.0,0.0,0.0,0.0,0.0562508583199816,1.8999999999999773,17.200000000000003,33.9
0.4379999991506338,0.0,0.0,0.0,0.0,0.0,0.0,0.0993835355153734,-4.029999999999987,-16.900000000000002,-100.24999999999996,0.0,0.0,0.0,0.0,0.0,0.0,0.0596536202029449,1.8999999999999773,17.200000000000003,33.9
0.453999999910593,0.0,0.0,0.0,0.0,0.0,0.0,0.1017029068436713,-3.9299999999999926,-16.900000000000002,-100.24999999999996,0.0,0.0,0.0,0.0,0.0,0.0,0.0647196154726481,1.8999999999999773,17.200000000000003,33.9
0.4690000005066395,0.0,0.0,0.0,0.0,0.0,0.0,0.1093476768139162,-3.9299999999999926,-16.900000000000002,-100.24999999999996,0.0,0.0,0.0,0.0,0.0,0.0,0.0714183260852979,1.8999999999999773,17.200000000000003,33.9
0.4849999994039535,0.0,0.0,0.0,0.0,0.0,0.0,0.1162600137331197,-3.9299999999999926,-16.900000000000002,-100.24999999999996,0.0,0.0,0.0,0.0,0.0,0.0,0.0846478980697337,1.8999999999999773,17.200000000000003,33.9
0.5,0.0,0.0,0.0,0.0,0.0,0.0,0.1253849088273441,-3.9299999999999926,-16.900000000000002,-100.24999999999996,0.0,0.0,0.0,0.0,0.0,0.0,0.1002426184481574,1.8999999999999773,17.200000000000003,33.9
0.5160000007599592,0.0,0.0,0.0,0.0,0.0,0.0,0.1295048447394522,-3.9299999999999926,-16.900000000000002,-100.24999999999996,0.0,0.0,0.0,0.0,0.0,0.0,0.1084367132066834,1.8999999999999773,17.200000000000003,33.9
0.5319999996572733,0.0,0.0,0.0,0.0,0.0,0.0,0.1305577172503242,-3.9299999999999926,-16.900000000000002,-100.34999999999998,0.0,0.0,0.0,0.0,0.0,0.0,0.1155321583886472,1.8999999999999773,17.200000000000003,33.9
0.5470000002533197,0.0,0.0,0.0,0.0,0.0,0.0,0.1337010757610437,-3.9299999999999926,-16.900000000000002,-100.34999999999998,0.0,0.0,0.0,0.0,0.0,0.0,0.1216052491035324,1.8999999999999773,17.200000000000003,33.9
0.5629999991506338,0.0,0.0,0.0,0.0,0.0,0.0,0.1339604791332875,-3.9299999999999926,-16.900000000000002,-100.34999999999998,0.0,0.0,0.0,0.0,0.0,0.0,0.1304859998474097,1.8999999999999773,17.200000000000003,33.9
0.578999999910593,0.0,0.0,0.0,0.0,0.0,0.0,0.1339604791332875,-3.9299999999999926,-16.900000000000002,-100.34999999999998,0.0,0.0,0.0,0.0,0.0,0.0,0.1349721522850385,1.8999999999999773,17.200000000000003,33.9
0.5940000005066395,0.0,0.0,0.0,0.0,0.0,0.0,0.1434973678187228,-3.9299999999999926,-16.900000000000002,-100.34999999999998,0.0,0.0,0.0,0.0,0.0,0.0,0.1408163576714732,1.8999999999999773,17.200000000000003,33.9
0.6099999994039536,0.0,0.0,0.0,0.0,0.0,0.0,0.1514930952925917,-3.9299999999999926,-16.900000000000002,-100.24999999999996,0.0,0.0,0.0,0.0,0.0,0.0,0.1509941252765697,1.8999999999999773,17.200000000000003,33.9
0.6410000007599592,0.0,0.0,0.0,0.0,0.0,0.0,0.156055542839704,-3.9299999999999926,-16.900000000000002,-100.24999999999996,0.0,0.0,0.0,0.0,0.0,0.0,0.1769344625009536,1.9999999999999856,17.200000000000003,33.9
0.6569999996572733,0.0,0.0,0.0,0.0,0.0,0.0,0.1664316777294575,-3.9299999999999926,-16.900000000000002,-100.24999999999996,0.0,0.0,0.0,0.0,0.0,0.0,0.1971984435797665,1.9999999999999856,17.200000000000003,33.9
0.6720000002533197,0.0,0.0,0.0,0.0,0.0,0.0,0.1779217212176699,-3.9299999999999926,-16.900000000000002,-100.24999999999996,0.0,0.0,0.0,0.0,0.0,0.0,0.1971984435797665,1.8999999999999773,17.200000000000003,33.9
0.6879999991506338,0.0,0.0,0.0,0.0,0.0,0.0,0.1817517357137407,-3.9299999999999926,-16.900000000000002,-100.24999999999996,0.0,0.0,0.0,0.0,0.0,0.0,0.1971984435797665,1.8999999999999773,17.200000000000003,33.9
0.703999999910593,0.0,0.0,0.0,0.0,0.0,0.0,0.1860547798886091,-3.9299999999999926,-16.900000000000002,-100.24999999999996,0.0,0.0,0.0,0.0,0.0,0.0,0.1984191653315022,1.9999999999999856,17.200000000000003,33.9
0.7190000005066395,0.0,0.0,0.0,0.0,0.0,0.0,0.1970412756542305,-3.9299999999999926,-16.900000000000002,-100.24999999999996,0.0,0.0,0.0,0.0,0.0,0.0,0.1967254139009689,1.9999999999999856,17.200000000000003,33.9
0.7349999994039536,0.0,0.0,0.0,0.0,0.0,0.0,0.2096147096971084,-3.9299999999999926,-16.900000000000002,-100.24999999999996,0.0,0.0,0.0,0.0,0.0,0.0,0.1967254139009689,1.9999999999999856,17.200000000000003,33.9
0.75,0.0,0.0,0.0,0.0,0.0,0.0,0.216771190966659,-3.9299999999999926,-16.900000000000002,-100.24999999999996,0.0,0.0,0.0,0.0,0.0,0.0,0.1967254139009689,1.8999999999999773,17.200000000000003,33.9
0.7819999996572733,0.0,0.0,0.0,0.0,0.0,0.0,0.2172289616235599,-3.9299999999999926,-16.900000000000002,-100.24999999999996,0.0,0.0,0.0,0.0,0.0,0.0,0.1967254139009689,1.8999999999999773,17.200000000000003,33.9
0.7970000002533197,0.0,0.0,0.0,0.0,0.0,0.0,0.2179308766308079,-3.9299999999999926,-16.900000000000002,-100.24999999999996,0.0,0.0,0.0,0.0,0.0,0.0,0.2011352712291142,1.9999999999999856,17.200000000000003,33.9
0.8129999991506338,0.0,0.0,0.0,0.0,0.0,0.0,0.2186175326161593,-3.9299999999999926,-16.900000000000002,-100.34999999999998,0.0,0.0,0.0,0.0,0.0,0.0,0.2151583123521782,1.9999999999999856,17.200000000000003,33.9
0.8129999991506338,0.0,0.0,0.0,0.0,0.0,0.0,0.2194110017547875,-3.9299999999999926,-16.900000000000002,-100.24999999999996,0.0,0.0,0.0,0.0,0.0,0.0,0.2326909285114824,1.9999999999999856,17.200000000000003,33.9
0.8440000005066395,0.0,0.0,0.0,0.0,0.0,0.0,0.2230426489662012,-3.9299999999999926,-16.900000000000002,-100.24999999999996,0.0,0.0,0.0,0.0,0.0,0.0,0.2581277180132754,1.9999999999999856,17.200000000000003,33.9
0.8599999994039536,0.0,0.0,0.0,0.0,0.0,0.0,0.2283070115205615,-3.9299999999999926,-16.900000000000002,-100.24999999999996,0.0,0.0,0.0,0.0,0.0,0.0,0.2722880903334096,1.8999999999999773,17.200000000000003,33.9
0.875,0.0,0.0,0.0,0.0,0.0,0.0,0.2297261005569543,-3.9299999999999926,-16.900000000000002,-100.24999999999996,0.0,0.0,0.0,0.0,0.0,0.0,0.3059647516594186,1.8999999999999773,17.200000000000003,33.9
0.8910000007599592,0.0,0.0,0.0,0.0,0.0,0.0,0.2305653467612726,-4.029999999999987,-16.900000000000002,-100.24999999999996,0.0,0.0,0.0,0.0,0.0,0.0,0.3209338521400778,1.8999999999999773,17.200000000000003,33.9
0.9069999996572732,0.0,0.0,0.0,0.0,0.0,0.0,0.2345021744106203,-4.029999999999987,-16.900000000000002,-100.24999999999996,0.0,0.0,0.0,0.0,0.0,0.0,0.347011520561532,1.799999999999983,17.200000000000003,33.9
0.9220000002533196,0.0,0.0,0.0,0.0,0.0,0.0052,0.2439322499427786,-4.129999999999996,-16.900000000000002,-100.24999999999996,0.0,0.0,0.0,0.0,0.0,0.0404,0.3769344625009537,1.799999999999983,17.200000000000003,33.9
0.953999999910593,0.0,0.0,0.0,0.0591,0.0,0.0691999999999996,0.2485252155336842,-4.129999999999996,-16.900000000000002,-100.24999999999996,0.0,0.0,0.0056,0.0,0.0,0.1341999999999996,0.3964965285725185,1.799999999999983,17.200000000000003,33.9
0.9690000005066396,0.0,0.0,0.0,0.1284,0.0,0.1237999999999996,0.2506309605554284,-4.22999999999999,-16.8,-100.14999999999998,0.0,0.0,0.0354,0.0,0.0,0.1905999999999996,0.4220096131837949,1.799999999999983,17.200000000000003,33.8
0.9690000005066396,0.0,0.0,0.0,0.2711,0.0,0.2493999999999998,0.2514396887159533,-4.22999999999999,-16.8,-100.14999999999998,0.0,0.0,0.0501999999999996,0.0586,0.0,0.2592,0.4332249942778668,1.799999999999983,17.200000000000003,33.8
0.9849999994039536,0.0253,0.0,0.0164,0.3884,0.0,0.3625999999999998,0.2519279774166476,-4.22999999999999,-16.8,-100.14999999999998,0.0,0.0,0.0688,0.0894,0.0,0.3402,0.4533058670939193,1.799999999999983,17.200000000000003,33.8
1.0160000007599592,0.0573,0.0,0.0449999999999996,0.4716,0.0,0.4564,0.2540489814602883,-4.22999999999999,-16.8,-100.14999999999998,0.0,0.0,0.0942,0.1763,0.0,0.4649999999999996,0.4544960708018616,1.799999999999983,17.200000000000003,33.8
1.0319999996572733,0.0834,0.0,0.0811999999999996,0.5495,0.0,0.5614,0.2545220111390859,-4.22999999999999,-16.8,-100.14999999999998,0.0,0.0,0.1333999999999996,0.2107,0.0,0.5738,0.4913313496604868,1.6999999999999886,17.200000000000003,33.8
1.0470000002533195,0.1003,0.0,0.088,0.6036,0.0,0.661,0.263265430685893,-4.22999999999999,-16.900000000000002,-100.24999999999996,0.0,-0.0132,0.1364,0.2521,0.0,0.6348,0.5024704356450752,1.6999999999999886,17.200000000000003,33.7
1.0629999991506338,0.1018,0.0,0.0747999999999998,0.6442,0.014,0.7632,0.2884122987716487,-4.22999999999999,-16.900000000000002,-100.24999999999996,0.0,0.0,0.1208,0.3169,0.0,0.6828,0.5106340123598078,1.6999999999999886,17.200000000000003,33.7
1.0940000005066397,0.0799,0.0,0.066,0.6552,0.0514,0.8248,0.2941344319829099,-4.22999999999999,-16.900000000000002,-100.24999999999996,0.0,0.0,0.113,0.373,0.0,0.698,0.5215136949721523,1.799999999999983,17.200000000000003,33.7
1.1099999994039536,0.0576,0.0,0.0479999999999998,0.678,0.0408,0.8931999999999998,0.2968200198367284,-4.22999999999999,-16.900000000000002,-100.24999999999996,0.0,0.0,0.0994,0.4128,0.0,0.7238,0.5451804379339285,1.799999999999983,17.200000000000003,33.6
1.125,0.0296,0.0,0.0297999999999998,0.6994,0.0194,0.9524,0.3067689021133745,-4.22999999999999,-16.900000000000002,-100.24999999999996,0.0,0.0,0.0896,0.4675,0.0,0.7483999999999998,0.5542137788967727,1.8999999999999773,17.200000000000003,33.6
1.1410000007599592,0.0113,0.0,0.0,0.7073,0.0,1.0212,0.3261631189440757,-4.22999999999999,-16.900000000000002,-100.24999999999996,0.0,0.0,0.0685999999999996,0.4945,0.0,0.7672,0.5618890669108111,1.9999999999999856,17.200000000000003,33.6
1.1569999996572733,0.0,0.0,0.0,0.7297,0.0,1.0646000000000002,0.3425970855268177,-4.22999999999999,-16.900000000000002,-100.24999999999996,0.0,0.0,0.0531999999999996,0.5393,0.0,0.7841999999999998,0.570434119172961,2.09999999999998,17.200000000000003,33.6
1.1720000002533195,0.0,0.0,0.0,0.7492,0.0,1.1024,0.3552773327229724,-4.129999999999996,-16.900000000000002,-100.24999999999996,0.0,0.0,0.0291999999999996,0.5348,-0.0223,0.8118,0.5794522011139086,2.1999999999999886,17.200000000000003,33.6
1.1879999991506338,0.0,0.0,0.0,0.7663,0.0,1.143,0.3672251468680857,-4.129999999999996,-16.900000000000002,-100.34999999999998,0.0,0.0,0.0148,0.5211,-0.0623,0.886,0.5890653849088273,2.299999999999983,17.200000000000003,33.5
1.203999999910593,0.0275,0.0,0.0,0.7809,-0.095,1.1818000000000002,0.3822705424582284,-4.029999999999987,-16.900000000000002,-100.34999999999998,0.0,0.0,0.004,0.4946,-0.1209,0.9328,0.5991668574044404,2.499999999999986,17.200000000000003,33.5
1.2349999994039536,0.0934,0.0,0.0384,0.785,-0.234,1.2129999999999999,0.4057389181353475,-3.9299999999999926,-17.0,-100.34999999999998,0.0,0.0,0.0,0.4651,-0.1759,1.0096,0.6095124742504006,2.59999999999998,17.200000000000003,33.5
1.25,0.1633,0.0,0.1179999999999996,0.8067,-0.3981,1.256,0.4393087663080796,-3.829999999999984,-17.0,-100.45,0.0,0.0,0.0,0.4401,-0.2416,1.0802,0.6211398489356832,2.799999999999983,17.200000000000003,33.5
1.2660000007599592,0.2352,-0.0036,0.1978,0.8313,-0.5625,1.3242,0.4896177615014877,-3.629999999999996,-17.0,-100.45,0.0,0.0,0.0,0.4034,-0.3302,1.1874000000000002,0.6337285420004578,2.8999999999999773,17.200000000000003,33.5
1.2819999996572733,0.2919,-0.0554,0.303,0.878,-0.7156,1.4328,0.5084931715877012,-3.529999999999987,-17.1,-100.45,0.0,0.0,0.0,0.3837,-0.406,1.3226,0.6477363241016251,3.09999999999998,17.3,33.6
1.3129999991506338,0.3472,-0.1118,0.4072,0.9499,-0.8612,1.5412,0.5273075455863279,-3.329999999999984,-17.1,-100.54999999999998,0.0,0.0,0.0,0.3582,-0.4536,1.4926000000000001,0.6617441062027924,3.1999999999999886,17.3,33.6
1.3129999991506338,0.3837,-0.159,0.5052,1.0005,-1.0337,1.6656000000000002,0.5465186541542687,-3.2299999999999898,-17.1,-100.54999999999998,0.0,0.0,0.0195999999999996,0.3478,-0.4963,1.6361999999999999,0.6758587014572366,3.3999999999999773,17.3,33.6
1.3440000005066397,0.4312,-0.227,0.6321999999999998,1.0481,-1.1436,1.7848,0.5632272831311512,-3.029999999999987,-17.1,-100.54999999999998,0.0,0.0,0.0369999999999996,0.3154,-0.5383,1.7981999999999998,0.6914381628137637,3.59999999999998,17.3,33.6
1.3599999994039536,0.4783,-0.2982,0.7353999999999998,1.0617,-1.2235,1.8998,0.5806683451590753,-2.9299999999999926,-17.200000000000003,-100.54999999999998,0.0,0.0,0.0833999999999998,0.3179,-0.5766,1.9814,0.7077653162432288,3.799999999999983,17.3,33.6
1.375,0.5155,-0.369,0.8533999999999998,1.089,-1.314,2.0172,0.5971938658731976,-2.7299999999999898,-17.200000000000003,-100.54999999999998,0.0,0.0,0.1265999999999996,0.2836,-0.6356,2.198599999999999,0.7208117799649043,3.999999999999986,17.3,33.6
1.4069999996572733,0.5736,-0.4276,0.9646,1.1272,-1.4094,2.1432,0.6127885862516212,-2.6299999999999955,-17.200000000000003,-100.54999999999998,0.0,0.0,0.2114,0.2477,-0.6675,2.3874,0.7225207904173343,4.09999999999998,17.3,33.7
1.4220000002533195,0.6046,-0.4981,1.0570000000000002,1.1658,-1.4821,2.29,0.6293446250095369,-2.4299999999999926,-17.200000000000003,-100.45,0.0,-0.011,0.443,0.1796,-0.7622,2.765600000000001,0.7255115587090868,4.499999999999986,17.3,33.7
1.453999999910593,0.6574,-0.5141,1.1256000000000002,1.1836,-1.5535,2.3752,0.6395071335927367,-2.329999999999984,-17.200000000000003,-100.45,0.0,-0.0784,0.531,0.1437,-0.7642,2.910400000000001,0.7255115587090868,4.699999999999989,17.3,33.7
1.4690000005066397,0.6499,-0.5157,1.1078,1.1806,-1.5892,2.4088,0.6433981841763943,-2.2299999999999898,-17.200000000000003,-100.45,0.0,-0.0972,0.5749999999999998,0.1061,-0.7611,2.9716,0.7293873502708477,4.799999999999983,17.3,33.8
1.4849999994039536,0.6461,-0.4974,1.0932000000000002,1.1769,-1.6093,2.4226,0.6436270695048447,-2.2299999999999898,-17.200000000000003,-100.45,0.0,-0.111,0.6026,0.0878,-0.7611,3.0104,0.7337361715114061,4.899999999999977,17.3,33.8
1.5,0.636,-0.4987,1.0878,1.1801,-1.6177,2.4466,0.6450614175631342,-2.1299999999999955,-17.200000000000003,-100.34999999999998,0.0,-0.1221,0.6253999999999998,0.0711,-0.767,3.031200000000001,0.7439902342259861,4.999999999999986,17.3,33.8
1.5160000007599592,0.6395,-0.5014,1.0854,1.1507,-1.6546,2.4506,0.6462058442053864,-2.029999999999987,-17.200000000000003,-100.34999999999998,0.0,-0.1426,0.6394,0.0379,-0.7721,3.0542,0.7544274052033265,5.09999999999998,17.3,33.9
1.5470000002533195,0.6287,-0.49,1.073,1.1511,-1.6702,2.4664,0.6471976806286717,-1.9299999999999928,-17.200000000000003,-100.34999999999998,0.0,-0.1477,0.652,0.0077,-0.7465,3.0808,0.7544274052033265,5.199999999999989,17.3,33.9
1.5629999991506338,0.6303,-0.4825,1.0653999999999997,1.1566,-1.6778,2.471,0.6471976806286717,-1.9299999999999928,-17.200000000000003,-100.34999999999998,0.0,-0.139,0.6602,0.0102,-0.7561,3.0978,0.7544274052033265,5.299999999999983,17.3,33.9
1.578999999910593,0.5795,-0.4545,1.0086,1.1301,-1.6647,2.426,0.6471976806286717,-1.829999999999984,-17.200000000000003,-100.34999999999998,0.0,-0.1207,0.6224,0.0,-0.7534,3.0414000000000008,0.7544274052033265,5.299999999999983,17.3,33.9
1.5940000005066397,0.4951,-0.3828,0.9044,1.102,-1.6252,2.3082,0.6465720607309071,-1.829999999999984,-17.200000000000003,-100.34999999999998,0.0,-0.0596,0.5479999999999996,0.0,-0.7518,2.8698,0.7544274052033265,5.299999999999983,17.3,33.9
1.625,0.3988,-0.3216,0.8012,1.052,-1.5626,2.1668,0.6459159227893492,-1.829999999999984,-17.200000000000003,-100.45,0.0,0.0,0.472,0.0039,-0.7397,2.6518,0.7544274052033265,5.299999999999983,17.3,33.9
1.6410000007599592,0.3497,-0.3112,0.762,1.0186,-1.527,2.0722,0.6437796597238117,-1.829999999999984,-17.200000000000003,-100.45,0.0,0.0,0.4158,0.0215,-0.7488,2.5324,0.7544274052033265,5.299999999999983,17.3,34.0
1.6569999996572733,0.3518,-0.2882,0.741,1.0021,-1.5163,2.0388,0.6420248722056916,-1.7299999999999898,-17.3,-100.45,0.0,0.0,0.4052,0.0186,-0.7475,2.4906,0.7544274052033265,5.299999999999983,17.3,34.0
1.6720000002533195,0.3256,-0.2849,0.73,0.9878,-1.4946,2.0278,0.6390493629358358,-1.7299999999999898,-17.3,-100.45,0.0,0.0,0.387,0.0195,-0.7522,2.4692,0.7503685053788053,5.299999999999983,17.3,34.0
1.6879999991506338,0.3199,-0.2736,0.7252,0.9932,-1.5,2.0048,0.6381033035782406,-1.7299999999999898,-17.3,-100.54999999999998,0.0,0.0,0.3867999999999998,0.0256,-0.7514,2.4634,0.7481559472037843,5.299999999999983,17.3,34.0
1.703999999910593,0.3145,-0.2808,0.7222,0.9962,-1.4901,2.0124,0.6375692378118563,-1.7299999999999898,-17.3,-100.54999999999998,0.0,0.0,0.3827999999999998,0.0281,-0.7774,2.4606,0.7479575799191273,5.299999999999983,17.3,34.1
1.7190000005066397,0.33,-0.278,0.7326,0.9942,-1.4767,2.0106,0.6375387197680629,-1.7299999999999898,-17.3,-100.54999999999998,0.0,0.0,0.367,0.0118,-0.7671,2.4400000000000004,0.7476981765468834,5.299999999999983,17.3,34.1
1.7349999994039536,0.33,-0.2831,0.7376,0.9902,-1.4749,1.9988,0.6370962081330587,-1.7299999999999898,-17.3,-100.54999999999998,0.0,0.0,0.3634,0.0143,-0.7579,2.4438000000000004,0.7476218814373999,5.299999999999983,17.3,34.1
1.7660000007599592,0.3254,-0.291,0.7319999999999998,0.9698,-1.4815,1.9964,0.6367452506294347,-1.7299999999999898,-17.3,-100.54999999999998,0.0,0.0,0.364,0.0109,-0.7637,2.432,0.7473777370870528,5.299999999999983,17.3,34.1
1.7819999996572733,0.3201,-0.283,0.7216,0.9731,-1.475,2.0008,0.6366384374761578,-1.829999999999984,-17.3,-100.45,0.0,0.0,0.3704,0.0105,-0.7667,2.434,0.7473624780651561,5.299999999999983,17.3,34.2
1.7970000002533195,0.3067,-0.2876,0.7246,0.9638,-1.4711,2.0036,0.6366231784542611,-1.829999999999984,-17.3,-100.45,0.0,0.0,0.3688,0.0156,-0.7752,2.4254,0.747316700999466,5.299999999999983,17.3,34.2
1.8129999991506336,0.3184,-0.2648,0.7224,0.9675,-1.4795,2.0084,0.6365621423666743,-1.829999999999984,-17.200000000000003,-100.45,0.0,0.0,0.357,0.0,-0.7681,2.4326,0.7472098878461891,5.199999999999989,17.3,34.2
1.828999999910593,0.3035,-0.295,0.7296,0.9625,-1.4667,2.0048,0.6365621423666743,-1.9299999999999928,-17.200000000000003,-100.45,0.0,0.0,0.3568,0.009,-0.7582,2.4342,0.7472098878461891,5.199999999999989,17.3,34.2
1.8599999994039536,0.3097,-0.2748,0.7238,0.9842,-1.4683,1.9942,0.6365621423666743,-1.9299999999999928,-17.200000000000003,-100.34999999999998,0.0,0.0,0.3614,0.0,-0.7673,2.4354,0.7472098878461891,5.199999999999989,17.3,34.2
1.875,0.2964,-0.2914,0.7234000000000002,0.9786,-1.4782,1.9928,0.6365621423666743,-1.9299999999999928,-17.200000000000003,-100.34999999999998,0.0,0.0,0.3526,0.0,-0.7716,2.4292,0.7472098878461891,5.199999999999989,17.3,34.2
1.8910000007599592,0.3124,-0.2863,0.7352,0.981,-1.4685,1.994,0.6365621423666743,-2.029999999999987,-17.200000000000003,-100.34999999999998,0.0,0.0,0.352,0.0,-0.7751,2.4322,0.7472098878461891,5.199999999999989,17.3,34.2
1.9069999996572733,0.3102,-0.288,0.7266,0.9778,-1.466,1.993,0.6365163653009842,-2.029999999999987,-17.200000000000003,-100.34999999999998,0.0,0.0,0.3517999999999998,0.0001,-0.7699,2.4266,0.7472098878461891,5.199999999999989,17.3,34.3
1.92200000025332,0.2989,-0.2714,0.7178,0.9544,-1.471,1.9906,0.6365163653009842,-2.029999999999987,-17.200000000000003,-100.24999999999996,0.0,0.0,0.3568,0.0,-0.7752,2.4328,0.7472556649118792,5.199999999999989,17.3,34.3
1.953999999910593,0.2984,-0.2812,0.7138,0.9736,-1.4701,1.9994,0.6365163653009842,-2.029999999999987,-17.200000000000003,-100.24999999999996,0.0,0.0,0.3594,0.0,-0.7706,2.4336,0.7472709239337759,5.199999999999989,17.3,34.3
1.96900000050664,0.2996,-0.2642,0.7142,0.9671,-1.4723,1.9874,0.6365163653009842,-2.029999999999987,-17.200000000000003,-100.34999999999998,0.0,0.0,0.3512,0.0,-0.7731,2.4316000000000004,0.7472709239337759,5.199999999999989,17.3,34.3
1.9849999994039536,0.2876,-0.2773,0.7172,0.9778,-1.474,1.9946,0.6365011062790875,-1.9299999999999928,-17.200000000000003,-100.34999999999998,0.0,0.0,0.3499999999999998,0.0,-0.7782,2.4238,0.7473014419775693,5.199999999999989,17.3,34.3
2.0,0.2878,-0.2824,0.7254,0.9746,-1.457,1.9924,0.6364858472571908,-1.9299999999999928,-17.200000000000003,-100.34999999999998,0.0,0.0,0.3605999999999998,0.0,-0.764,2.447,0.7472709239337759,5.199999999999989,17.3,34.3
2.0319999996572733,0.2933,-0.2698,0.7214,0.9651,-1.469,1.993,0.6364858472571908,-1.9299999999999928,-17.200000000000003,-100.34999999999998,0.0,0.0,0.3457999999999998,0.0,-0.77,2.4374,0.7472404058899825,5.199999999999989,17.3,34.3
2.04700000025332,0.2972,-0.2691,0.7214,0.9775,-1.4638,1.9848,0.6364858472571908,-1.9299999999999928,-17.200000000000003,-100.45,0.0,0.0,0.3594,0.0,-0.7644,2.4494,0.7472404058899825,5.199999999999989,17.3,34.2
2.062999999150634,0.2854,-0.2701,0.7037999999999998,0.9582,-1.458,1.992,0.6364705882352941,-1.829999999999984,-17.200000000000003,-100.45,0.0,0.0,0.3455999999999998,0.0,-0.782,2.4336,0.7471335927367057,5.199999999999989,17.3,34.2
2.078999999910593,0.2954,-0.2807,0.715,0.9593,-1.4709,1.974,0.6364705882352941,-1.829999999999984,-17.200000000000003,-100.45,0.0,0.0,0.3515999999999998,0.0,-0.7622,2.4348,0.7470420386053255,5.199999999999989,17.3,34.2
2.0940000005066395,0.2838,-0.2762,0.7078,0.9762,-1.4678,1.9956,0.6364400701915007,-1.829999999999984,-17.3,-100.45,0.0,0.0,0.3532,0.0,-0.7695,2.4326,0.7468436713206683,5.199999999999989,17.3,34.2
2.125,0.2772,-0.2726,0.7128,0.9741,-1.468,1.988,0.6363637750820172,-1.829999999999984,-17.3,-100.45,0.0,0.0,0.3535999999999998,0.0,-0.7677,2.4418,0.7466300450141146,5.199999999999989,17.3,34.2
2.141000000759959,0.2898,-0.267,0.7004,0.9772,-1.4694,1.9892,0.6363637750820172,-1.829999999999984,-17.3,-100.54999999999998,0.0,0.0,0.3554,0.0,-0.7894,2.4382,0.7464927138170443,5.199999999999989,17.3,34.2
2.1569999996572733,0.2862,-0.2704,0.7104,0.9658,-1.4766,1.982,0.6363485160601206,-1.829999999999984,-17.3,-100.54999999999998,0.0,0.0,0.3478,0.0,-0.76,2.4284,0.7460959792477302,5.199999999999989,17.3,34.2
2.17200000025332,0.2763,-0.2755,0.7126,0.9617,-1.4612,1.9838,0.6363332570382239,-1.7299999999999898,-17.3,-100.54999999999998,0.0,0.0,0.3484,0.0,-0.767,2.4418,0.7454551003280689,5.199999999999989,17.3,34.1
2.203999999910593,0.2787,-0.2721,0.7096,0.9617,-1.4674,1.9906,0.6363332570382239,-1.7299999999999898,-17.3,-100.64999999999998,0.0,0.0,0.3494,0.0,-0.77,2.437,0.7451346608682383,5.199999999999989,17.3,34.1
2.2190000005066395,0.2859,-0.2702,0.6986,0.963,-1.4845,2.0,0.6363332570382239,-1.7299999999999898,-17.3,-100.64999999999998,0.0,0.0,0.3508,0.0,-0.7758,2.4418,0.7447684443427176,5.199999999999989,17.3,34.1
2.2349999994039536,0.2844,-0.2713,0.7036,0.9671,-1.4676,1.9882,0.6362111848630503,-1.6299999999999957,-17.3,-100.64999999999998,0.0,0.0,0.3534,0.0,-0.7665,2.4466,0.7446158541237506,5.199999999999989,17.3,34.1
2.25,0.2742,-0.2641,0.7018,0.9611,-1.4755,1.9807999999999997,0.6361959258411536,-1.6299999999999957,-17.3,-100.74999999999996,0.0,0.0,0.342,0.0,-0.7823,2.4552,0.744448004882887,5.199999999999989,17.3,34.1
2.266000000759959,0.2761,-0.2686,0.6991999999999998,0.9634,-1.4696,1.976,0.6361806668192569,-1.6299999999999957,-17.3,-100.74999999999996,0.0,0.0,0.3499999999999998,0.0,-0.7775,2.4424,0.7442191195544365,5.199999999999989,17.3,34.1
2.29700000025332,0.2697,-0.2745,0.7032000000000002,0.9569,-1.4816,1.982,0.6361654077973602,-1.6299999999999957,-17.400000000000002,-100.74999999999996,0.0,0.0,0.3546,0.0,-0.784,2.434,0.743944457160296,5.199999999999989,17.3,34.1
2.312999999150634,0.2768,-0.2674,0.7068,0.9582,-1.4696,1.9862,0.6361654077973602,-1.529999999999987,-17.400000000000002,-100.74999999999996,0.0,0.0,0.3457999999999998,0.0,-0.7677,2.434,0.7437308308537423,5.199999999999989,17.3,34.1
2.328999999910593,0.2882,-0.2801,0.6984,0.9637,-1.4599,1.9868,0.6361654077973602,-1.529999999999987,-17.400000000000002,-100.84999999999998,0.0,0.0,0.3506,0.0,-0.7758,2.431,0.7434256504158083,5.199999999999989,17.3,34.1
2.3440000005066395,0.2722,-0.2664,0.7006,0.9519,-1.4693,1.988,0.6361654077973602,-1.529999999999987,-17.400000000000002,-100.84999999999998,0.0,0.0,0.348,0.0,-0.7762,2.4538,0.7434256504158083,5.199999999999989,17.3,34.1
2.3599999994039536,0.2719,-0.2739,0.7084,0.9608,-1.4695,1.977,0.6361654077973602,-1.6299999999999957,-17.400000000000002,-100.74999999999996,0.0,0.0,0.3499999999999998,0.0,-0.7765,2.4438000000000004,0.7433035782406348,5.199999999999989,17.3,34.1
2.391000000759959,0.2682,-0.2716,0.69,0.9623,-1.4743,1.973,0.6361654077973602,-1.6299999999999957,-17.3,-100.74999999999996,0.0,0.0,0.3403999999999998,0.0,-0.7858,2.439,0.7433035782406348,5.199999999999989,17.3,34.1
2.4069999996572733,0.2733,-0.2604,0.6914,0.9464,-1.4675,1.9882,0.6361654077973602,-1.6299999999999957,-17.3,-100.74999999999996,0.0,0.0,0.3488,0.0,-0.7735,2.4404,0.7432730601968414,5.199999999999989,17.3,34.1
2.42200000025332,0.278,-0.2797,0.6968,0.9587,-1.47,1.9888,0.6361348897535668,-1.6299999999999957,-17.3,-100.74999999999996,0.0,0.0,0.3459999999999998,0.0,-0.7766,2.4388,0.7431662470435645,5.199999999999989,17.3,34.1
2.437999999150634,0.2756,-0.2634,0.6868,0.9616,-1.4776,1.9868,0.6361348897535668,-1.7299999999999898,-17.3,-100.64999999999998,0.0,0.0,0.3514,0.0,-0.7653,2.4400000000000004,0.7429983978027008,5.199999999999989,17.3,34.1
2.453999999910593,0.2792,-0.2744,0.6962,0.9484,-1.4717,1.9774,0.6361348897535668,-1.7299999999999898,-17.3,-100.64999999999998,0.0,0.0,0.3504,0.0,-0.7832,2.4432,0.7426779583428702,5.199999999999989,17.3,34.2
2.4849999994039536,0.2725,-0.261,0.6826,0.949,-1.4725,1.9816,0.6361348897535668,-1.7299999999999898,-17.3,-100.64999999999998,0.0,0.0,0.3455999999999998,0.0,-0.777,2.4532,0.7425253681239032,5.199999999999989,17.3,34.2
2.5,0.271,-0.2592,0.681,0.9641,-1.4707,1.987,0.6360585946440833,-1.829999999999984,-17.3,-100.64999999999998,0.0,0.0,0.3408,0.0,-0.7805,2.4528,0.7421133745326924,5.199999999999989,17.3,34.2
2.516000000759959,0.2749,-0.271,0.6902,0.9506,-1.4777,1.9728,0.6360585946440833,-1.829999999999984,-17.3,-100.54999999999998,0.0,0.0,0.3382,0.0,-0.7667,2.449,0.7418539711604486,5.199999999999989,17.3,34.2
2.5319999996572733,0.2691,-0.2612,0.688,0.9485,-1.4707,1.9774,0.6361348897535668,-1.829999999999984,-17.3,-100.54999999999998,0.0,0.0,0.3337999999999998,0.0,-0.7766,2.4368,0.7417166399633783,5.199999999999989,17.3,34.3
2.562999999150634,0.2579,-0.2652,0.702,0.9612,-1.4751,1.9792,0.6360891126878767,-1.829999999999984,-17.3,-100.54999999999998,0.0,0.0,0.332,0.0,-0.7707,2.448,0.7416098268101015,5.199999999999989,17.3,34.3
2.578999999910593,0.2594,-0.2606,0.68,0.9614,-1.4676,1.9826,0.6360891126878767,-1.829999999999984,-17.3,-100.64999999999998,0.0,0.0,0.3464,0.0,-0.779,2.4488,0.7415487907225147,5.199999999999989,17.3,34.3
2.5940000005066395,0.2609,-0.2634,0.6822,0.9575,-1.4757,1.9772,0.6360280766002899,-1.7299999999999898,-17.3,-100.64999999999998,0.0,0.0,0.3422,0.0,-0.7676,2.447,0.7414572365911345,5.199999999999989,17.3,34.3
2.6099999994039536,0.2483,-0.271,0.677,0.9506,-1.4604,1.9784,0.6360128175783932,-1.7299999999999898,-17.3,-100.64999999999998,0.0,0.0,0.336,0.0,-0.7668,2.457,0.7412741283283741,5.199999999999989,17.3,34.3
2.625,0.2667,-0.2711,0.6873999999999998,0.9482,-1.4527,1.9828,0.6360128175783932,-1.7299999999999898,-17.3,-100.64999999999998,0.0,0.0,0.334,0.0,-0.7811,2.4454,0.7412741283283741,5.199999999999989,17.3,34.3
2.6569999996572733,0.2534,-0.2753,0.6859999999999998,0.9559,-1.4766,1.9742,0.6359060044251164,-1.7299999999999898,-17.3,-100.74999999999996,0.0,0.0,0.344,0.0,-0.7738,2.459000000000001,0.7410910200656138,5.199999999999989,17.3,34.3
2.67200000025332,0.2627,-0.2605,0.6928,0.9665,-1.4521,1.9758,0.6358907454032197,-1.7299999999999898,-17.3,-100.74999999999996,0.0,0.0,0.3424,0.0,-0.7713,2.4424,0.7409231708247501,5.199999999999989,17.3,34.3
2.687999999150634,0.2554,-0.2593,0.6852,0.9515,-1.4768,1.9754,0.6358907454032197,-1.6299999999999957,-17.3,-100.74999999999996,0.0,0.0,0.33,0.0,-0.7815,2.4662,0.7409231708247501,5.199999999999989,17.3,34.3
2.703999999910593,0.2486,-0.2573,0.6888,0.9514,-1.4763,1.976,0.6358907454032197,-1.6299999999999957,-17.3,-100.74999999999996,0.0,0.0,0.3298,0.0,-0.7748,2.4564,0.7409079118028534,5.199999999999989,17.3,34.3
2.7190000005066395,0.245,-0.2737,0.6882,0.9465,-1.4583,1.9814,0.6358907454032197,-1.6299999999999957,-17.3,-100.74999999999996,0.0,0.0,0.3342,0.0,-0.7778,2.455,0.7407858396276799,5.199999999999989,17.3,34.3
2.75,0.2585,-0.2418,0.6671999999999998,0.9408,-1.4804,1.978,0.6359060044251164,-1.7299999999999898,-17.3,-100.74999999999996,0.0,0.0,0.3429999999999998,0.0,-0.7849,2.4466,0.7407400625619898,5.199999999999989,17.3,34.3
2.766000000759959,0.2743,-0.2453,0.6716,0.9431,-1.4708,1.9758,0.6359822995345998,-1.7299999999999898,-17.3,-100.74999999999996,0.0,0.0,0.336,0.0,-0.7708,2.449,0.7407400625619898,5.199999999999989,17.3,34.3
2.7819999996572733,0.2536,-0.2491,0.6605999999999999,0.9284,-1.4764,1.9766,0.6361043717097734,-1.7299999999999898,-17.3,-100.74999999999996,0.0,0.0,0.3371999999999996,0.0,-0.787,2.4534,0.7407095445181964,5.199999999999989,17.3,34.2
2.79700000025332,0.2472,-0.2443,0.664,0.9286,-1.4816,1.9685999999999997,0.6361043717097734,-1.7299999999999898,-17.3,-100.64999999999998,0.0,0.0,0.3286,0.0,-0.7706,2.4502,0.7399160753795682,5.199999999999989,17.3,34.2
2.812999999150634,0.2537,-0.2371,0.6532,0.9259,-1.4751,1.982,0.6361043717097734,-1.829999999999984,-17.3,-100.64999999999998,0.0,0.0,0.3314,0.0,-0.7884,2.4552,0.7391989013504234,5.199999999999989,17.3,34.2
2.8440000005066395,0.2538,-0.2483,0.6584,0.9344,-1.4696,1.9786,0.6361043717097734,-1.829999999999984,-17.3,-100.64999999999998,0.0,0.0,0.3286,0.0,-0.7809,2.4606,0.7386343175402457,5.199999999999989,17.3,34.2
2.8599999994039536,0.243,-0.2435,0.6507999999999998,0.9314,-1.4817,1.9807999999999997,0.6362111848630503,-1.829999999999984,-17.3,-100.64999999999998,0.0,0.0,0.3409999999999998,0.0,-0.7815,2.461,0.7378713664454108,5.199999999999989,17.3,34.2
2.875,0.2429,-0.2409,0.6574,0.9306,-1.4859,1.9782,0.6361043717097734,-1.9299999999999928,-17.3,-100.54999999999998,0.0,0.0,0.3217999999999998,0.0,-0.7769,2.4608,0.7378713664454108,5.199999999999989,17.3,34.2
2.891000000759959,0.2457,-0.2343,0.6514,0.9172,-1.4818,1.9642,0.6361043717097734,-1.9299999999999928,-17.3,-100.54999999999998,0.0,0.0,0.3243999999999998,0.0,-0.7873,2.453,0.7358724345769436,5.199999999999989,17.3,34.1
2.92200000025332,0.241,-0.2358,0.6504,0.9328,-1.4712,1.9848,0.6360891126878767,-1.9299999999999928,-17.3,-100.54999999999998,0.0,0.0,0.321,0.0,-0.7807,2.4452,0.7350026703288319,5.199999999999989,17.3,34.1
2.937999999150634,0.2355,-0.2369,0.651,0.9251,-1.4748,1.97,0.6360891126878767,-1.9299999999999928,-17.3,-100.54999999999998,0.0,0.0,0.3227999999999998,0.0,-0.7872,2.4462,0.7350026703288319,5.199999999999989,17.3,34.1
2.953999999910593,0.2566,-0.2343,0.6458,0.9251,-1.4818,1.9794,0.6360891126878767,-1.9299999999999928,-17.3,-100.54999999999998,0.0,0.0,0.3271999999999996,0.0,-0.7887,2.448,0.7349568932631418,5.199999999999989,17.3,34.1
2.9690000005066395,0.2474,-0.2273,0.644,0.9348,-1.4854,1.974,0.6360891126878767,-1.9299999999999928,-17.400000000000002,-100.54999999999998,0.0,0.0,0.3237999999999998,0.0,-0.7896,2.4362,0.7349416342412451,5.199999999999989,17.400000000000002,34.1
2.9849999994039536,0.2458,-0.2291,0.6495999999999998,0.9242,-1.4757,1.9708,0.6360585946440833,-1.9299999999999928,-17.400000000000002,-100.64999999999998,0.0,0.0,0.3226,0.0,-0.7731,2.455,0.7348043030441749,5.199999999999989,17.400000000000002,34.1
3.016000000759959,0.2354,-0.2501,0.6515999999999998,0.9123,-1.4763,1.9704,0.6359365224689097,-1.829999999999984,-17.400000000000002,-100.64999999999998,0.0,0.0,0.318,0.0,-0.7874,2.451,0.7340260929274434,5.199999999999989,17.400000000000002,34.2
3.0319999996572733,0.2507,-0.2305,0.6481999999999998,0.9325,-1.4661,1.988,0.6359365224689097,-1.829999999999984,-17.5,-100.64999999999998,0.0,0.0,0.3181999999999998,0.0,-0.7847,2.4458,0.7339497978179599,5.199999999999989,17.400000000000002,34.2
3.04700000025332,0.2536,-0.2262,0.655,0.9193,-1.4871,1.9738,0.6359365224689097,-1.829999999999984,-17.5,-100.64999999999998,0.0,0.0,0.3144,0.0,-0.7795,2.4544,0.7339040207522698,5.199999999999989,17.400000000000002,34.2
3.062999999150634,0.2391,-0.2524,0.6734,0.9249,-1.4653,1.974,0.6358144502937362,-1.829999999999984,-17.5,-100.74999999999996,0.0,0.0,0.3277999999999998,0.0,-0.7796,2.4454,0.7335530632486458,5.199999999999989,17.5,34.2
3.078999999910593,0.232,-0.2423,0.6467999999999998,0.9229,-1.4688,1.9694,0.6358144502937362,-1.829999999999984,-17.5,-100.74999999999996,0.0,0.0,0.3184,0.0,-0.7884,2.4548,0.7331105516136416,5.199999999999989,17.5,34.2
3.1099999994039536,0.2387,-0.2473,0.6506,0.9251,-1.4768,1.979,0.6359365224689097,-1.829999999999984,-17.6,-100.74999999999996,0.0,0.0,0.3149999999999996,0.0,-0.7863,2.4446,0.7330647745479515,5.199999999999989,17.5,34.2
3.125,0.2461,-0.2412,0.6552,0.9195,-1.4877,1.9766,0.6359670405127031,-1.829999999999984,-17.6,-100.74999999999996,0.0,0.0,0.3186,0.0,-0.7681,2.452200000000001,0.7321187151903563,5.199999999999989,17.5,34.2
3.141000000759959,0.2552,-0.2331,0.6554,0.9177,-1.4803,1.9584,0.6360128175783932,-1.829999999999984,-17.6,-100.74999999999996,0.0,0.0,0.313,0.0,-0.7745,2.4602,0.7312031738765545,5.199999999999989,17.6,34.3
3.1569999996572733,0.2508,-0.2577,0.6628,0.9231,-1.4766,1.9842,0.6359670405127031,-1.829999999999984,-17.700000000000003,-100.64999999999998,0.0,0.0,0.3181999999999998,0.0,-0.7803,2.4598,0.7311726558327611,5.199999999999989,17.6,34.3
3.17200000025332,0.2434,-0.2402,0.6554,0.9309,-1.4752,1.9744,0.6359670405127031,-1.9299999999999928,-17.700000000000003,-100.64999999999998,0.0,0.0,0.3112,0.0,-0.7808,2.4548,0.7306996261539636,5.199999999999989,17.6,34.3
3.203999999910593,0.2396,-0.2465,0.6465999999999996,0.9237,-1.4893,1.973,0.6359670405127031,-1.9299999999999928,-17.700000000000003,-100.64999999999998,0.0,0.0,0.3146,0.0,-0.7906,2.4636,0.7306996261539636,5.199999999999989,17.700000000000003,34.3
3.2190000005066395,0.2444,-0.2468,0.657,0.9231,-1.477,1.9828,0.6359670405127031,-2.029999999999987,-17.700000000000003,-100.54999999999998,0.0,0.0,0.3171999999999996,0.0,-0.7757,2.4572,0.7306996261539636,5.199999999999989,17.700000000000003,34.4
3.2349999994039536,0.2481,-0.2344,0.6495999999999998,0.9351,-1.4716,1.9806,0.6359670405127031,-2.029999999999987,-17.700000000000003,-100.54999999999998,0.0,0.0,0.3056,0.0,-0.7847,2.4492,0.7305165178912032,5.199999999999989,17.700000000000003,34.4
3.25,0.2459,-0.2368,0.6547999999999996,0.9304,-1.4715,1.9838,0.6359060044251164,-2.1299999999999955,-17.8,-100.54999999999998,0.0,0.0,0.3066,0.0,-0.7803,2.4618,0.7305165178912032,5.199999999999989,17.8,34.4
3.2819999996572733,0.2509,-0.2554,0.6598,0.9324,-1.4658,1.978,0.6359060044251164,-2.1299999999999955,-17.8,-100.45,0.0,0.0,0.3084,0.0,-0.7793,2.447,0.7304859998474098,5.199999999999989,17.8,34.4
3.29700000025332,0.2533,-0.2446,0.6485999999999998,0.9297,-1.476,1.9642,0.6357991912718395,-2.1299999999999955,-17.8,-100.45,0.0,0.0,0.299,0.0,-0.787,2.4472,0.7304554818036164,5.199999999999989,17.900000000000002,34.4
3.312999999150634,0.2413,-0.2385,0.6532,0.9304,-1.4755,1.9794,0.6357534142061494,-2.1299999999999955,-17.900000000000002,-100.45,0.0,0.0,0.3118,0.0,-0.7799,2.4592,0.7304554818036164,5.199999999999989,17.900000000000002,34.4
3.328999999910593,0.2556,-0.2593,0.6562,0.9275,-1.4741,1.9874,0.6356618600747692,-2.1299999999999955,-17.900000000000002,-100.45,0.0,0.0,0.3059999999999998,0.0,-0.7889,2.4532,0.7303639276722362,5.199999999999989,18.0,34.4
3.3440000005066395,0.2537,-0.246,0.6657999999999998,0.9226,-1.4706,1.9838,0.6354177157244221,-2.2299999999999898,-18.0,-100.45,0.0,0.0,0.3148,0.0,-0.7799,2.4572,0.7302571145189594,5.199999999999989,18.0,34.4
3.375,0.2495,-0.2532,0.6514,0.9379,-1.463,1.9956,0.6354177157244221,-2.2299999999999898,-18.0,-100.45,0.0,0.0,0.3046,0.0,-0.7816,2.4418,0.7302418554970627,5.199999999999989,18.1,34.4
3.391000000759959,0.2502,-0.2387,0.6538,0.9299,-1.4712,1.9748,0.6354177157244221,-2.2299999999999898,-18.0,-100.45,0.0,0.0,0.3099999999999998,0.0,-0.7782,2.4456,0.7300434882124056,5.199999999999989,18.1,34.4
3.4069999996572733,0.2558,-0.2548,0.6696,0.9375,-1.4576,1.9882,0.6354177157244221,-2.2299999999999898,-18.1,-100.45,0.0,0.0,0.301,0.0,-0.7942,2.4476,0.7299061570153353,5.199999999999989,18.1,34.4
3.42200000025332,0.2508,-0.2583,0.6758,0.9365,-1.4604,1.9964,0.6354177157244221,-2.2299999999999898,-18.200000000000003,-100.45,0.0,0.0,0.3074,0.0,-0.7952,2.4472,0.7297993438620585,5.199999999999989,18.200000000000003,34.4
3.453999999910593,0.2473,-0.248,0.659,0.9451,-1.4623,1.9772,0.6354177157244221,-2.2299999999999898,-18.200000000000003,-100.45,0.0,0.0,0.2981999999999998,0.0,-0.7833,2.4546,0.7297840848401618,5.199999999999989,18.200000000000003,34.4
3.4690000005066395,0.2569,-0.2668,0.6682,0.9422,-1.4579,1.9794,0.6354177157244221,-2.2299999999999898,-18.3,-100.45,0.0,0.0,0.3041999999999998,0.0,-0.7944,2.4534,0.7297688258182651,5.299999999999983,18.3,34.4
3.4849999994039536,0.2583,-0.2614,0.6746,0.9516,-1.455,1.9944,0.6353109025711452,-2.2299999999999898,-18.3,-100.45,0.0,0.0,0.3019999999999998,0.0,-0.7808,2.4488,0.7295551995117113,5.299999999999983,18.3,34.3
3.5,0.2506,-0.2659,0.6689999999999998,0.9493,-1.4576,1.9864,0.6353109025711452,-2.2299999999999898,-18.4,-100.45,0.0,0.0,0.3008,0.0,-0.7836,2.4584,0.7295399404898146,5.299999999999983,18.4,34.3
3.516000000759959,0.2423,-0.2638,0.6772,0.9493,-1.4637,1.9864,0.6352040894178683,-2.2299999999999898,-18.5,-100.45,0.0,0.0,0.2955999999999998,0.0,-0.7788,2.455,0.7295246814679179,5.299999999999983,18.4,34.3
3.54700000025332,0.2707,-0.2664,0.6824,0.949,-1.4481,1.9845999999999997,0.6352040894178683,-2.2299999999999898,-18.5,-100.45,0.0,0.0,0.3084,0.0,-0.7835,2.45,0.7293110551613642,5.299999999999983,18.5,34.3
3.562999999150634,0.2652,-0.2726,0.6918,0.9392,-1.4575,1.9912,0.6352040894178683,-2.329999999999984,-18.6,-100.45,0.0,0.0,0.2942,0.0,-0.7939,2.448,0.7293110551613642,5.299999999999983,18.6,34.3
3.578999999910593,0.2523,-0.2817,0.6948,0.9527,-1.441,1.9898,0.6352956435492485,-2.329999999999984,-18.6,-100.45,0.0,0.0,0.2981999999999998,0.0,-0.7766,2.4462,0.7294941634241245,5.299999999999983,18.6,34.3
3.5940000005066395,0.2427,-0.2766,0.684,0.9464,-1.4252,1.9896,0.6352956435492485,-2.329999999999984,-18.700000000000003,-100.34999999999998,0.0,0.0,0.2878,0.0,-0.7871,2.4542,0.7294941634241245,5.299999999999983,18.700000000000003,34.3
3.6099999994039536,0.2608,-0.2867,0.6957999999999998,0.9469,-1.448,1.9938,0.6353414206149386,-2.4299999999999926,-18.700000000000003,-100.34999999999998,0.0,0.0,0.2876,0.0,-0.7764,2.452200000000001,0.7294941634241245,5.299999999999983,18.8,34.3
3.641000000759959,0.2526,-0.2769,0.6999999999999998,0.9567,-1.441,2.0004,0.6353566796368353,-2.4299999999999926,-18.8,-100.34999999999998,0.0,0.0,0.2945999999999998,0.0,-0.7865,2.458,0.729570458533608,5.299999999999983,18.9,34.3
3.656999999657273,0.2685,-0.2832,0.7052,0.9525,-1.4405,2.0016,0.6353566796368353,-2.529999999999987,-18.9,-100.34999999999998,0.0,0.0,0.2899999999999998,0.0,-0.7815,2.4622,0.729570458533608,5.299999999999983,18.9,34.3
3.67200000025332,0.2735,-0.2827,0.7026,0.9607,-1.424,1.9954,0.6354177157244221,-2.529999999999987,-18.9,-100.24999999999996,0.0,0.0,0.2981999999999998,0.0,-0.7791,2.4532,0.7296925307087816,5.299999999999983,19.0,34.3
3.687999999150634,0.2685,-0.2888,0.7032000000000002,0.9538,-1.4235,2.002,0.6354634927901122,-2.529999999999987,-19.0,-100.24999999999996,0.0,0.0,0.2938,0.0,-0.7926,2.4584,0.7299671931029221,5.399999999999977,19.1,34.3
3.703999999910593,0.2742,-0.2818,0.725,0.9467,-1.4285,2.0152,0.6354634927901122,-2.529999999999987,-19.1,-100.24999999999996,0.0,0.0,0.3035999999999998,0.0,-0.8097,2.4574,0.7299671931029221,5.399999999999977,19.200000000000003,34.3
3.7349999994039536,0.2777,-0.3067,0.7231999999999996,0.9565,-1.4305,2.0058,0.6354634927901122,-2.6299999999999955,-19.200000000000003,-100.24999999999996,0.0,0.0,0.297,0.0,-0.7857,2.456,0.7302571145189594,5.399999999999977,19.200000000000003,34.3
3.75,0.2796,-0.2933,0.7361999999999999,0.9486,-1.4292,1.9974,0.6355092698558023,-2.6299999999999955,-19.200000000000003,-100.24999999999996,0.0,0.0,0.2799999999999998,0.0,-0.7836,2.4504,0.7305165178912032,5.399999999999977,19.3,34.3
3.766000000759959,0.2741,-0.2982,0.7302,0.9551,-1.4248,2.0188,0.6355855649652857,-2.6299999999999955,-19.3,-100.24999999999996,0.0,0.0,0.2894,0.0,-0.7952,2.4532,0.7306996261539636,5.399999999999977,19.4,34.4
3.781999999657273,0.2897,-0.3008,0.7395999999999998,0.9593,-1.4202,2.0256,0.635921263447013,-2.6299999999999955,-19.4,-100.24999999999996,0.0,0.0,0.2882,0.0,-0.7815,2.463000000000001,0.7309132524605173,5.399999999999977,19.5,34.4
3.812999999150634,0.2798,-0.2981,0.7234000000000002,0.9516,-1.412,2.0144,0.6362417029068437,-2.6299999999999955,-19.5,-100.24999999999996,0.0,0.0,0.2836,0.0,-0.7978,2.4694,0.7309132524605173,5.399999999999977,19.5,34.4
3.828999999910593,0.2826,-0.2934,0.7382,0.9379,-1.4043,2.0284,0.6363790341039139,-2.6299999999999955,-19.6,-100.24999999999996,0.0,0.0,0.2882,0.0,-0.781,2.4702,0.7311879148546578,5.399999999999977,19.6,34.4
3.84400000050664,0.2808,-0.3065,0.7446,0.9633,-1.4049,2.0332,0.6365468833447776,-2.6299999999999955,-19.700000000000003,-100.24999999999996,0.0,0.0,0.2824,0.0,-0.7884,2.4512,0.7313862821393149,5.399999999999977,19.700000000000003,34.4
3.8599999994039536,0.2872,-0.3115,0.7315999999999998,0.9566,-1.3956,2.032,0.6369893949797818,-2.6299999999999955,-19.8,-100.24999999999996,0.0,0.0,0.2918,0.0,-0.7937,2.4456,0.7313862821393149,5.399999999999977,19.8,34.4
3.875,0.2897,-0.314,0.7502,0.9477,-1.392,2.0368,0.637080949111162,-2.7299999999999898,-19.8,-100.24999999999996,0.0,0.0,0.2756,0.0,-0.7875,2.4542,0.7314930952925918,5.399999999999977,19.9,34.4
3.906999999657273,0.2918,-0.3056,0.7426,0.9438,-1.4021,2.0424,0.6375234607461662,-2.7299999999999898,-19.9,-100.24999999999996,0.0,0.0,0.2693999999999996,0.0,-0.793,2.4584,0.7317219806210422,5.399999999999977,20.0,34.4
3.92200000025332,0.2967,-0.3105,0.7432,0.9613,-1.3983,2.0518,0.6384237430380713,-2.7299999999999898,-20.0,-100.24999999999996,0.0,0.0,0.291,0.0,-0.7937,2.4526,0.7319050888838026,5.499999999999986,20.0,34.4
3.937999999150634,0.3062,-0.3121,0.7414,0.9509,-1.3927,2.0394,0.6403158617532616,-2.829999999999984,-20.1,-100.24999999999996,0.0,0.0,0.2771999999999996,0.0,-0.7918,2.4626,0.7325764858472572,5.499999999999986,20.1,34.5
3.953999999910593,0.3037,-0.3116,0.7374,0.946,-1.3901,2.0396,0.6428488593881132,-2.829999999999984,-20.200000000000003,-100.24999999999996,0.0,0.0,0.2719999999999998,0.0,-0.7971,2.4602,0.7334767681391623,5.499999999999986,20.200000000000003,34.5
3.9849999994039536,0.33,-0.3072,0.7418,0.9367,-1.3868,2.0484,0.6453818570229648,-2.829999999999984,-20.3,-100.14999999999998,0.0,0.0,0.2743999999999998,0.0,-0.8087,2.457,0.7360860608834974,5.499999999999986,20.4,34.5
4.0,0.3314,-0.2868,0.7286,0.9394,-1.3875,2.0592,0.6489677271686884,-2.9299999999999926,-20.4,-100.14999999999998,0.0,0.0,0.2773999999999998,0.0,-0.7969,2.4582,0.7370931563286793,5.499999999999986,20.5,34.5
4.016000000759959,0.3235,-0.2948,0.7336,0.9329,-1.3886,2.066,0.6513633936064698,-2.9299999999999926,-20.5,-100.14999999999998,0.0,0.0,0.2524,0.0,-0.802,2.4544,0.7375661860074769,5.499999999999986,20.6,34.5
4.031999999657273,0.3307,-0.2902,0.7214,0.9204,-1.3939,2.0552,0.6556664377813382,-3.029999999999987,-20.6,-100.14999999999998,0.0,0.0,0.2621999999999996,0.0,-0.8103,2.4612,0.7384512092774853,5.499999999999986,20.700000000000003,34.5
4.04700000025332,0.3465,-0.2871,0.7386,0.9177,-1.388,2.064,0.6617853055619135,-3.029999999999987,-20.700000000000003,-100.04999999999998,0.0,0.0,0.2561999999999996,0.0,-0.8122,2.455,0.7390310521095598,5.499999999999986,20.8,34.5
4.078999999910593,0.3475,-0.2836,0.7197999999999998,0.9062,-1.369,2.068,0.6617853055619135,-3.1299999999999955,-20.8,-100.04999999999998,0.0,0.0,0.256,0.0,-0.8128,2.448,0.741533531700618,5.499999999999986,20.9,34.5
4.09400000050664,0.3665,-0.289,0.7277999999999998,0.9088,-1.3867,2.0664,0.6617853055619135,-3.1299999999999955,-20.9,-100.04999999999998,0.0,0.0,0.2482,0.0,-0.8161,2.450800000000001,0.7429831387808041,5.59999999999998,21.0,34.5
4.1099999994039536,0.3579,-0.2892,0.7184,0.9032,-1.3719,2.063,0.6324879835202564,-3.1299999999999955,-21.0,-100.04999999999998,0.0,0.0,0.2498,0.0,-0.8192,2.457,0.7452719920653086,5.59999999999998,21.1,34.5
4.125,0.3675,-0.2817,0.698,0.8836,-1.381,2.0706,0.6324879835202564,-3.2299999999999898,-21.1,-100.04999999999998,0.0,0.0,0.2524,0.0,-0.8192,2.4586,0.7452719920653086,5.59999999999998,21.200000000000003,34.5
4.141000000759959,0.3802,-0.2805,0.7186,0.8721,-1.3831,2.0786,0.6324879835202564,-3.2299999999999898,-21.200000000000003,-99.95,0.0,0.0,0.2449999999999996,0.0,-0.806,2.4528,0.7452719920653086,5.59999999999998,21.3,34.5
4.156999999657273,0.3822,-0.2679,0.697,0.8618,-1.3714,2.0806,0.6324879835202564,-3.329999999999984,-21.3,-99.95,0.0,0.0,0.2423999999999996,0.0,-0.8191,2.4602,0.6533363851377127,5.59999999999998,21.4,34.5
4.187999999150634,0.4031,-0.2665,0.6862,0.842,-1.364,2.0914,0.6324879835202564,-3.329999999999984,-21.4,-99.95,0.0,0.0,0.2316,0.0,-0.834,2.4536,0.6533363851377127,5.59999999999998,21.5,34.4
4.203999999910593,0.3992,-0.2673,0.6865999999999998,0.8323,-1.3575,2.0882,0.6372182803082322,-3.4299999999999926,-21.5,-99.84999999999998,0.0,0.0,0.2466,0.0,-0.8295,2.4584,0.6533363851377127,5.59999999999998,21.6,34.4
4.21900000050664,0.4184,-0.2713,0.6762,0.8162,-1.3523,2.0904,0.6372182803082322,-3.4299999999999926,-21.6,-99.84999999999998,0.0,0.0,0.2368,0.0,-0.8627,2.4502,0.6533363851377127,5.59999999999998,21.700000000000003,34.4
4.2349999994039536,0.4186,-0.2516,0.6678,0.8167,-1.3659,2.101,0.6372182803082322,-3.4299999999999926,-21.700000000000003,-99.84999999999998,0.0,0.0,0.226,0.0,-0.8556,2.4650000000000003,0.6533363851377127,5.59999999999998,21.8,34.4
4.266000000759959,0.425,-0.2371,0.6565999999999999,0.8049,-1.3519,2.1180000000000003,0.6422842755779354,-3.529999999999987,-21.8,-99.84999999999998,0.0,0.0,0.2328,0.0,-0.8514,2.4612,0.672822156099794,5.699999999999989,21.9,34.4
4.281999999657273,0.4333,-0.2341,0.6382,0.783,-1.3522,2.1068,0.6456107423514152,-3.529999999999987,-21.9,-99.74999999999996,0.0,0.0,0.2261999999999998,0.0,-0.8546,2.467,0.6966109712367438,5.699999999999989,22.1,34.4
4.29700000025332,0.4296,-0.2229,0.6398,0.7631,-1.3531,2.1174,0.6456107423514152,-3.629999999999996,-22.1,-99.74999999999996,0.0,0.0,0.2251999999999998,0.0,-0.8661,2.4664,0.7062241550316625,5.699999999999989,22.200000000000003,34.4
4.312999999150634,0.4458,-0.2126,0.6222,0.7509,-1.3312,2.1414000000000004,0.6456107423514152,-3.629999999999996,-22.200000000000003,-99.74999999999996,0.0,0.0,0.2226,0.0,-0.8797,2.468,0.713182269016556,5.699999999999989,22.4,34.4
4.34400000050664,0.4562,-0.2206,0.6008,0.7325,-1.3244,2.1358,0.6475181200885023,-3.629999999999996,-22.3,-99.74999999999996,0.0,0.0,0.2261999999999998,0.0,-0.8767,2.4754,0.713182269016556,5.699999999999989,22.5,34.4
4.3599999994039536,0.4664,-0.2025,0.5988,0.7259,-1.3219,2.14,0.6594811932555124,-3.629999999999996,-22.4,-99.74999999999996,0.0,0.0,0.2094,0.0,-0.887,2.4818,0.7122514686808575,5.699999999999989,22.700000000000003,34.4
4.375,0.4693,-0.1925,0.5957999999999998,0.7082,-1.3298,2.1426,0.6724818799114977,-3.7299999999999898,-22.5,-99.74999999999996,0.0,0.0,0.2211999999999998,0.0,-0.8933,2.4780000000000006,0.7122514686808575,5.799999999999983,22.8,34.5
4.391000000759959,0.4732,-0.2024,0.5818,0.6951,-1.3138,2.1482,0.6724818799114977,-3.7299999999999898,-22.700000000000003,-99.74999999999996,0.0,0.0,0.2165999999999996,0.0,-0.9082,2.4912,0.7122514686808575,5.799999999999983,22.9,34.5
4.42200000025332,0.4732,-0.1906,0.5646,0.6828,-1.2997,2.1596,0.6724818799114977,-3.7299999999999898,-22.8,-99.74999999999996,0.0,0.0,0.2177999999999996,0.0,-0.9055,2.4956000000000005,0.7122514686808575,5.799999999999983,23.1,34.5
4.437999999150634,0.4868,-0.1853,0.5584,0.6483,-1.3085,2.1596,0.6623041123064012,-3.7299999999999898,-22.9,-99.74999999999996,0.0,0.0,0.2049999999999996,0.0,-0.9129,2.5024,0.7122514686808575,5.799999999999983,23.200000000000003,34.5
4.453999999910593,0.486,-0.1825,0.5524,0.6403,-1.2974,2.1668,0.6554680704966811,-3.7299999999999898,-23.0,-99.74999999999996,0.0,0.0,0.2129999999999996,0.0,-0.9187,2.500999999999999,0.7141130693522545,5.799999999999983,23.3,34.5
4.46900000050664,0.4971,-0.1848,0.5498,0.63,-1.2953,2.1794,0.6398123140306706,-3.829999999999984,-23.200000000000003,-99.74999999999996,0.0,0.0,0.211,0.0,-0.9352,2.5032,0.7171953917753873,5.799999999999983,23.5,34.5
4.4849999994039536,0.4994,-0.1653,0.5237999999999998,0.6151,-1.2859,2.1814,0.6333730067902648,-3.829999999999984,-23.3,-99.64999999999998,0.0,0.0,0.2104,0.0,-0.9321,2.5164,0.7185076676585032,5.899999999999977,23.6,34.6
4.5,0.4988,-0.1622,0.5231999999999998,0.6059,-1.285,2.1734,0.6297261005569543,-3.9299999999999926,-23.5,-99.64999999999998,0.0,0.0,0.2111999999999996,0.0,-0.941,2.5136,0.7198046845197223,5.899999999999977,23.700000000000003,34.6
4.531999999657273,0.5048,-0.1688,0.5086,0.6016,-1.2831,2.1850000000000005,0.626170748455024,-3.9299999999999926,-23.6,-99.64999999999998,0.0,0.0,0.2079999999999996,0.0,-0.9441,2.513199999999999,0.7211932555123217,5.899999999999977,23.9,34.6
4.54700000025332,0.5075,-0.1679,0.51,0.5946,-1.2899,2.1784,0.6232715342946517,-4.029999999999987,-23.700000000000003,-99.64999999999998,0.0,0.0,0.2044,0.0,-0.9423,2.5202,0.7228259708552682,5.899999999999977,24.0,34.6
4.562999999150634,0.5022,-0.1661,0.5151999999999998,0.5819,-1.2801,2.1850000000000005,0.6189532310978866,-4.029999999999987,-23.9,-99.54999999999998,0.0,0.0,0.2057999999999998,0.0,-0.9425,2.5224,0.7247028305485619,5.899999999999977,24.200000000000003,34.6
4.578999999910593,0.5067,-0.1744,0.5095999999999998,0.5706,-1.2768,2.201,0.6177019913023575,-4.129999999999996,-24.0,-99.54999999999998,0.0,0.0,0.2226,0.0,-0.9521,2.5268,0.7263355458915084,5.899999999999977,24.3,34.6
4.6099999994039536,0.5134,-0.1497,0.4967999999999998,0.5645,-1.2781,2.2032,0.6177019913023575,-4.129999999999996,-24.1,-99.54999999999998,0.0,0.0,0.2161999999999998,0.0,-0.9486,2.5322,0.7279682612344549,5.999999999999986,24.4,34.6
4.625,0.5014,-0.1498,0.4944,0.568,-1.2661,2.1966,0.6177019913023575,-4.22999999999999,-24.3,-99.45,0.0,0.0,0.2156,0.0,-0.9476,2.5436,0.7293873502708477,5.999999999999986,24.6,34.7
4.641000000759959,0.5193,-0.1672,0.5006,0.5581,-1.253,2.2096,0.6177019913023575,-4.22999999999999,-24.4,-99.45,0.0,0.0,0.2157999999999996,0.0,-0.9576,2.541,0.7306233310444801,5.999999999999986,24.700000000000003,34.7
4.656999999657273,0.5142,-0.1559,0.501,0.5476,-1.2586,2.2106,0.6177019913023575,-4.329999999999984,-24.6,-99.45,0.0,0.0,0.2185999999999998,0.0,-0.9519,2.5512,0.7320271610589761,5.999999999999986,24.8,34.7
4.67200000025332,0.5313,-0.1557,0.4946,0.5321,-1.2605,2.2120000000000006,0.6215320057984283,-4.329999999999984,-24.700000000000003,-99.34999999999998,0.0,0.0,0.2285999999999996,0.0,-0.9592,2.579,0.7344838635843443,5.999999999999986,25.1,34.7
4.703999999910593,0.5388,-0.1612,0.4926,0.5401,-1.2622,2.2142,0.6227832455939574,-4.429999999999993,-24.9,-99.34999999999998,0.0,0.0,0.2167999999999996,0.0,-0.9498,2.5546,0.7354451819638361,6.09999999999998,25.3,34.7
4.71900000050664,0.5365,-0.1661,0.4938,0.5319,-1.261,2.2142,0.6244922560463874,-4.429999999999993,-25.0,-99.34999999999998,0.0,0.0,0.2223999999999996,0.0,-0.9644,2.5664,0.736055542839704,6.09999999999998,25.4,34.7
4.7349999994039536,0.5265,-0.1583,0.494,0.5292,-1.2584,2.225,0.6252552071412222,-4.529999999999987,-25.200000000000003,-99.34999999999998,0.0,0.0,0.2174,0.0,-0.9748,2.566,0.736757457846952,6.09999999999998,25.6,34.7
4.75,0.5401,-0.156,0.4756,0.5344,-1.2482,2.227,0.6260334172579537,-4.529999999999987,-25.3,-99.24999999999996,0.0,0.0,0.2257999999999996,0.0,-0.9776,2.5688,0.7372457465476463,6.09999999999998,25.700000000000003,34.7
4.781999999657273,0.5427,-0.1602,0.4855999999999998,0.5209,-1.2367,2.2204,0.6266132600900282,-4.629999999999996,-25.5,-99.24999999999996,0.0,0.0,0.2366,0.0,-0.9754,2.5776,0.7382986190585183,6.09999999999998,25.9,34.7
4.79700000025332,0.538,-0.1571,0.4844,0.5137,-1.2448,2.2304,0.6272083619439993,-4.629999999999996,-25.700000000000003,-99.24999999999996,0.0,0.0,0.2189999999999996,0.0,-0.9797,2.5828,0.738817425803006,6.199999999999989,26.0,34.7
4.812999999150634,0.5385,-0.1546,0.4782,0.5119,-1.2439,2.2342,0.6272083619439993,-4.629999999999996,-25.8,-99.24999999999996,0.0,0.0,0.2191999999999998,0.0,-0.9641,2.5872,0.7393514915693904,6.199999999999989,26.200000000000003,34.7
4.828999999910593,0.5412,-0.1572,0.4767999999999998,0.5064,-1.2435,2.23,0.6274525062943465,-4.72999999999999,-26.0,-99.24999999999996,0.0,0.0,0.2321999999999996,0.0,-0.9768,2.5788,0.7395803768978408,6.199999999999989,26.3,34.7
4.84400000050664,0.5343,-0.1501,0.4758,0.491,-1.2492,2.2408,0.6283680476081484,-4.72999999999999,-26.1,-99.24999999999996,0.0,0.0,0.2351999999999996,0.0,-0.974,2.5862,0.7397482261387045,6.199999999999989,26.5,34.7
4.8599999994039536,0.5489,-0.1511,0.4732,0.4852,-1.226,2.2356,0.6283680476081484,-4.72999999999999,-26.3,-99.24999999999996,0.0,0.0,0.2257999999999996,0.0,-0.9886,2.59,0.7398092622262913,6.199999999999989,26.6,34.7
4.891000000759959,0.5362,-0.1661,0.4679999999999998,0.4807,-1.2288,2.2452,0.6283680476081484,-4.829999999999984,-26.4,-99.14999999999998,0.0,0.0,0.2348,0.0,-0.9727,2.5968,0.7398092622262913,6.199999999999989,26.8,34.7
4.906999999657273,0.5476,-0.1633,0.4705999999999998,0.4859,-1.2303,2.2414,0.6282612344548715,-4.929999999999993,-26.6,-99.14999999999998,0.0,0.0,0.2316,0.0,-0.9811,2.6052,0.7398092622262913,6.299999999999983,26.9,34.7
4.92200000025332,0.5448,-0.1579,0.4618,0.4768,-1.235,2.2442,0.6281696803234913,-4.929999999999993,-26.8,-99.14999999999998,0.0,0.0,0.2373999999999996,0.0,-0.9822,2.6068,0.7394430457007706,6.299999999999983,27.1,34.7
4.937999999150634,0.5389,-0.1601,0.4652,0.4749,-1.2226,2.2546,0.627727168688487,-5.029999999999987,-26.9,-99.04999999999998,0.0,0.0,0.2378,0.0,-0.9921,2.6038,0.7393362325474937,6.299999999999983,27.200000000000003,34.7
4.96900000050664,0.5515,-0.1578,0.461,0.4721,-1.2211,2.247,0.6276661326009002,-5.129999999999996,-27.1,-99.04999999999998,0.0,0.0,0.2332,0.0,-0.9938,2.6114,0.7392904554818036,6.299999999999983,27.4,34.7
4.9849999994039536,0.5504,-0.1623,0.4694,0.4676,-1.2092,2.2564,0.6276661326009002,-5.129999999999996,-27.200000000000003,-98.95,0.0,0.0,0.2453999999999998,0.0,-0.9879,2.616200000000001,0.7392751964599069,6.399999999999977,27.6,34.7
5.0,0.5368,-0.1551,0.4593999999999996,0.4727,-1.2205,2.251000000000001,0.6276661326009002,-5.22999999999999,-27.4,-98.95,0.0,0.0,0.2401999999999996,0.0,-0.9829,2.623,0.7390463111314565,6.399999999999977,27.700000000000003,34.7
5.016000000759959,0.5556,-0.1576,0.4702,0.4575,-1.2116,2.2596,0.6276661326009002,-5.22999999999999,-27.5,-98.95,0.0,0.0,0.2359999999999996,0.0,-0.9835,2.6092,0.7389547570000763,6.399999999999977,27.9,34.7
5.031999999657273,0.551,-0.1599,0.457,0.4432,-1.2154,2.2606,0.6276661326009002,-5.329999999999984,-27.700000000000003,-98.95,0.0,0.0,0.2449999999999996,0.0,-1.0047,2.6232,0.7386953536278325,6.399999999999977,28.200000000000003,34.7
5.062999999150634,0.5516,-0.1657,0.461,0.4556,-1.204,2.2582,0.6276661326009002,-5.329999999999984,-27.8,-98.84999999999998,0.0,0.0,0.2332,0.0,-0.9956,2.6174,0.7385732814526589,6.399999999999977,28.3,34.7
5.078999999910593,0.5542,-0.1693,0.4598,0.4585,-1.2092,2.2558,0.6276813916227969,-5.429999999999993,-28.0,-98.84999999999998,0.0,0.0,0.2535999999999996,0.0,-0.9944,2.6188,0.7384817273212787,6.499999999999986,28.5,34.8
5.09400000050664,0.5575,-0.1539,0.4642,0.4478,-1.2108,2.2614,0.6277576867322804,-5.429999999999993,-28.200000000000003,-98.84999999999998,0.0,0.0,0.2344,0.0,-0.9951,2.632,0.7384817273212787,6.499999999999986,28.6,34.8
5.1099999994039536,0.5562,-0.1676,0.4596,0.4498,-1.2104,2.266,0.6277576867322804,-5.529999999999987,-28.3,-98.74999999999996,0.0,0.0,0.2498,0.0,-0.9936,2.6354,0.7384817273212787,6.499999999999986,28.8,34.8
5.141000000759959,0.5504,-0.1518,0.4625999999999998,0.448,-1.2011,2.2656,0.6284138246738384,-5.529999999999987,-28.5,-98.74999999999996,0.0,0.0,0.2443999999999998,0.0,-1.0045,2.6384,0.7384817273212787,6.59999999999998,28.9,34.8
5.156999999657273,0.5502,-0.1653,0.4612,0.4441,-1.2012,2.267,0.6285053788052186,-5.629999999999996,-28.700000000000003,-98.74999999999996,0.0,0.0,0.251,0.0,-1.0031,2.645,0.7384817273212787,6.59999999999998,29.1,34.8
5.17200000025332,0.5558,-0.1648,0.4556,0.4243,-1.1891,2.275,0.6288563363088426,-5.629999999999996,-28.8,-98.74999999999996,0.0,0.0,0.2406,0.0,-1.0171,2.640600000000001,0.7384969863431754,6.59999999999998,29.200000000000003,34.8
5.187999999150634,0.5421,-0.1619,0.4536,0.4123,-1.2048,2.2938,0.6289784084840162,-5.629999999999996,-29.0,-98.74999999999996,0.0,0.0,0.2466,0.0,-1.0073,2.6428,0.7385732814526589,6.59999999999998,29.4,34.9
5.203999999910593,0.5524,-0.171,0.4542,0.428,-1.1979,2.2808,0.62919203479057,-5.72999999999999,-29.1,-98.74999999999996,0.0,0.0,0.2527999999999998,0.0,-1.0012,2.653,0.7386037994964523,6.59999999999998,29.5,34.9
5.2349999994039536,0.5544,-0.1528,0.4564,0.4331,-1.1896,2.2914,0.62919203479057,-5.72999999999999,-29.3,-98.64999999999998,0.0,0.0,0.26,0.0,-1.0139,2.6506,0.7386800946059358,6.699999999999989,29.700000000000003,34.9
5.25,0.5526,-0.163,0.4582,0.422,-1.1892,2.2918,0.6294514381628138,-5.72999999999999,-29.4,-98.64999999999998,0.0,0.0,0.2719999999999998,0.0,-1.0078,2.6646,0.7388021667811093,6.699999999999989,29.8,34.9
5.266000000759959,0.5442,-0.1634,0.4543999999999998,0.4214,-1.192,2.2878,0.6295735103379874,-5.829999999999984,-29.6,-98.64999999999998,0.0,0.0,0.2557999999999998,0.0,-1.0039,2.6552,0.7390005340657664,6.699999999999989,30.0,34.9
5.281999999657273,0.5566,-0.1688,0.4556,0.4127,-1.1914,2.2878,0.6296498054474708,-5.929999999999993,-29.8,-98.64999999999998,0.0,0.0,0.2626,0.0,-1.0171,2.6614,0.7391073472190433,6.699999999999989,30.1,34.9
5.312999999150634,0.5536,-0.1552,0.45,0.4213,-1.1892,2.2858,0.6300007629510949,-5.929999999999993,-29.9,-98.54999999999998,0.0,0.0,0.268,0.0,-1.0138,2.661,0.7391378652628366,6.699999999999989,30.3,34.9
5.328999999910593,0.5484,-0.1569,0.4585999999999998,0.4067,-1.189,2.294,0.630046540016785,-6.029999999999987,-30.1,-98.54999999999998,0.0,0.0,0.2664,0.0,-1.0037,2.6716,0.73916838330663,6.799999999999983,30.4,35.0
5.34400000050664,0.5498,-0.1658,0.4592,0.4052,-1.1919,2.2884,0.6300617990386816,-6.129999999999996,-30.200000000000003,-98.45,0.0,0.0,0.2676,0.0,-1.0224,2.6652,0.7396871900511177,6.799999999999983,30.6,35.0
5.3599999994039536,0.5541,-0.1754,0.473,0.4049,-1.1881,2.298,0.6300617990386816,-6.129999999999996,-30.4,-98.45,0.0,0.0,0.264,0.0,-1.0126,2.6668,0.7396871900511177,6.799999999999983,30.8,35.0
5.375,0.547,-0.1696,0.4568,0.394,-1.1749,2.3046,0.6300617990386816,-6.22999999999999,-30.5,-98.45,0.0,0.0,0.2584,0.0,-1.0114,2.663,0.7396871900511177,6.799999999999983,30.9,35.0
5.406999999657273,0.544,-0.1595,0.4639999999999998,0.3958,-1.1821,2.2974,0.6301228351262684,-6.22999999999999,-30.700000000000003,-98.34999999999998,0.0,0.0,0.2726,0.0,-1.0216,2.677,0.7394277866788739,6.899999999999977,31.200000000000003,35.0
5.42200000025332,0.5352,-0.1579,0.4619999999999998,0.4029,-1.1797,2.3014,0.6302143892576486,-6.329999999999984,-30.8,-98.34999999999998,0.0,0.0,0.2762,0.0,-1.0185,2.6744,0.7394277866788739,6.899999999999977,31.3,35.0
5.437999999150634,0.544,-0.1581,0.4702,0.3953,-1.1807,2.2852,0.6302296482795453,-6.329999999999984,-31.0,-98.34999999999998,0.0,0.0,0.2723999999999998,0.0,-1.0151,2.6758,0.7394277866788739,6.899999999999977,31.5,35.0
5.453999999910593,0.5511,-0.1623,0.4688,0.3884,-1.1814,2.3028,0.6302296482795453,-6.429999999999993,-31.1,-98.24999999999996,0.0,0.0,0.2742,0.0,-1.0152,2.6746,0.7394277866788739,6.899999999999977,31.6,35.0
5.46900000050664,0.5554,-0.1665,0.456,0.404,-1.1698,2.2982,0.6303364614328222,-6.529999999999987,-31.3,-98.24999999999996,0.0,0.0,0.2732,0.0,-1.0145,2.6816,0.7396108949416342,6.899999999999977,31.800000000000004,35.0
5.5,0.5442,-0.1622,0.4625999999999998,0.3859,-1.1814,2.2948,0.6303669794766156,-6.529999999999987,-31.5,-98.24999999999996,0.0,0.0,0.2648,0.0,-1.0141,2.6872,0.7396414129854276,6.999999999999986,32.0,35.0
5.516000000759959,0.5512,-0.1657,0.4676,0.3953,-1.1754,2.2984,0.6304280155642024,-6.629999999999996,-31.6,-98.14999999999998,0.0,0.0,0.2688,0.0,-1.0114,2.6814,0.7396566720073243,6.999999999999986,32.1,35.0
5.531999999657273,0.5614,-0.1544,0.4688,0.3972,-1.166,2.3138,0.6304280155642024,-6.629999999999996,-31.8,-98.14999999999998,0.0,0.0,0.2621999999999996,0.0,-1.0173,2.6928,0.7396871900511177,6.999999999999986,32.300000000000004,35.0
5.54700000025332,0.5439,-0.17,0.456,0.3832,-1.1779,2.3046,0.6304280155642024,-6.72999999999999,-31.9,-98.14999999999998,0.0,0.0,0.2786,0.0,-1.0282,2.6852000000000005,0.7397482261387045,6.999999999999986,32.4,35.0
5.578999999910593,0.5628,-0.1867,0.4764,0.3926,-1.1715,2.2968,0.6304737926298924,-6.72999999999999,-32.1,-98.14999999999998,0.0,0.0,0.2766,0.0,-1.0142,2.6988,0.7397940032043946,7.09999999999998,32.6,35.0
5.59400000050664,0.5467,-0.1624,0.4667999999999998,0.3894,-1.1774,2.309800000000001,0.6306721599145495,-6.72999999999999,-32.2,-98.14999999999998,0.0,0.0,0.2792,0.0,-1.0224,2.6898,0.7399465934233616,7.09999999999998,32.7,35.0
5.6099999994039536,0.5371,-0.1652,0.4593999999999996,0.3834,-1.1671,2.3134,0.6306721599145495,-6.829999999999984,-32.4,-98.14999999999998,0.0,0.0,0.2824,0.0,-1.0173,2.6988,0.7399618524452583,7.09999999999998,32.800000000000004,35.0
5.625,0.5375,-0.1656,0.4688,0.374,-1.1734,2.3068000000000004,0.6307179369802396,-6.829999999999984,-32.6,-98.04999999999998,0.0,0.0,0.2812,0.0,-1.0228,2.6954,0.7399618524452583,7.09999999999998,33.0,35.0
5.641000000759959,0.5423,-0.1664,0.4639999999999998,0.3788,-1.1466,2.3194,0.6307179369802396,-6.929999999999993,-32.7,-98.04999999999998,0.0,0.0,0.2723999999999998,0.0,-1.0229,2.6976,0.7403585870145724,7.09999999999998,33.1,35.1
5.656999999657273,0.5476,-0.1636,0.469,0.3878,-1.1586,2.3108000000000004,0.6307179369802396,-6.929999999999993,-32.9,-98.04999999999998,0.0,0.0,0.2938,0.0,-1.0231,2.7014,0.7403585870145724,7.199999999999989,33.300000000000004,35.1
5.687999999150634,0.5361,-0.165,0.4678,0.3804,-1.1624,2.318000000000001,0.6307179369802396,-7.029999999999987,-33.0,-97.95,0.0,0.0,0.2816,0.0,-1.0239,2.7094,0.7403585870145724,7.199999999999989,33.4,35.1
5.703999999910593,0.5451,-0.1653,0.4658,0.3761,-1.1644,2.3172,0.6307179369802396,-7.029999999999987,-33.2,-97.95,0.0,0.0,0.2886,0.0,-1.0326,2.7036,0.7403585870145724,7.199999999999989,33.6,35.1
5.71900000050664,0.5442,-0.1718,0.4744,0.3839,-1.1713,2.3164,0.6307179369802396,-7.129999999999996,-33.300000000000004,-97.95,0.0,0.0,0.2814,0.0,-1.0193,2.705,0.7403585870145724,7.199999999999989,33.7,35.1
5.7349999994039536,0.5473,-0.1679,0.4734,0.3681,-1.1721,2.3161999999999994,0.6307179369802396,-7.22999999999999,-33.4,-97.84999999999998,0.0,0.0,0.266,0.0,-1.0158,2.7036,0.7403585870145724,7.299999999999983,33.9,35.1
5.766000000759959,0.5405,-0.1639,0.4688,0.3704,-1.166,2.3186,0.6307179369802396,-7.22999999999999,-33.6,-97.84999999999998,0.0,0.0,0.2779999999999998,0.0,-1.023,2.7112,0.7403585870145724,7.299999999999983,34.1,35.2
5.781999999657273,0.5382,-0.1643,0.4725999999999998,0.3613,-1.166,2.3174,0.6307026779583429,-7.329999999999984,-33.7,-97.74999999999996,0.0,0.0,0.2926,0.0,-1.019,2.7126,0.7404348821240558,7.299999999999983,34.2,35.2
5.79700000025332,0.5283,-0.1755,0.4662,0.378,-1.1538,2.3196,0.6307026779583429,-7.329999999999984,-33.800000000000004,-97.74999999999996,0.0,0.0,0.2872,0.0,-1.0243,2.7124,0.740679026474403,7.299999999999983,34.4,35.2
5.812999999150634,0.5321,-0.1589,0.4645999999999998,0.3713,-1.1591,2.3132,0.6307026779583429,-7.429999999999993,-34.0,-97.74999999999996,0.0,0.0,0.2958,0.0,-1.0359,2.7162,0.7409231708247501,7.399999999999977,34.5,35.2
5.828999999910593,0.5391,-0.1738,0.469,0.3724,-1.1638,2.322000000000001,0.6306874189364462,-7.429999999999993,-34.1,-97.64999999999998,0.0,0.0,0.2872,0.0,-1.0288,2.7175999999999996,0.7409842069123369,7.399999999999977,34.7,35.2
5.8599999994039536,0.547,-0.1592,0.4762,0.3793,-1.1559,2.312,0.6305653467612726,-7.529999999999987,-34.2,-97.64999999999998,0.0,0.0,0.2988,0.0,-1.0205,2.7132,0.7411978332188907,7.399999999999977,34.800000000000004,35.2
5.875,0.5408,-0.1733,0.4826,0.368,-1.1504,2.3204,0.6305653467612726,-7.529999999999987,-34.4,-97.64999999999998,0.0,0.0,0.2896,0.0,-1.0302,2.7218000000000004,0.7412893873502708,7.399999999999977,34.9,35.3
5.891000000759959,0.537,-0.1733,0.4822,0.3799,-1.139,2.3208,0.6305653467612726,-7.6299999999999955,-34.5,-97.54999999999998,0.0,0.0,0.2872,0.0,-1.0278,2.719,0.7415030136568246,7.499999999999986,35.1,35.3
5.906999999657273,0.5377,-0.1708,0.4787999999999998,0.3613,-1.1686,2.333,0.6305653467612726,-7.6299999999999955,-34.6,-97.54999999999998,0.0,0.0,0.2952,0.0,-1.0272,2.7214000000000005,0.7415182726787213,7.499999999999986,35.2,35.3
5.92200000025332,0.5423,-0.1615,0.4841999999999998,0.3664,-1.1358,2.3276,0.6305653467612726,-7.72999999999999,-34.800000000000004,-97.54999999999998,0.0,0.0,0.2812,0.0,-1.0355,2.7251999999999996,0.7418997482261387,7.499999999999986,35.300000000000004,35.3
5.953999999910593,0.5378,-0.1673,0.4758,0.3544,-1.1501,2.325,0.6305653467612726,-7.72999999999999,-34.9,-97.54999999999998,0.0,0.0,0.2884,0.0,-1.022,2.7268000000000003,0.7419150072480354,7.499999999999986,35.4,35.3
5.96900000050664,0.5343,-0.1645,0.4829999999999998,0.3789,-1.1567,2.3342000000000005,0.6305653467612726,-7.72999999999999,-35.0,-97.54999999999998,0.0,0.0,0.2814,0.0,-1.0343,2.7218000000000004,0.7421133745326924,7.499999999999986,35.5,35.3
5.9849999994039536,0.5388,-0.1798,0.4764,0.3483,-1.1492,2.3244,0.6304890516517891,-7.829999999999984,-35.1,-97.54999999999998,0.0,0.0,0.2999999999999998,0.0,-1.0268,2.7266,0.7424338139925231,7.59999999999998,35.6,35.3
6.0,0.5282,-0.1767,0.4778,0.365,-1.1523,2.3224,0.6304890516517891,-7.829999999999984,-35.300000000000004,-97.45,0.0,0.0,0.2868,0.0,-1.0333,2.7354,0.7426321812771801,7.59999999999998,35.800000000000004,35.4
6.031999999657273,0.5394,-0.1722,0.4852,0.3586,-1.1456,2.3142,0.6304890516517891,-7.829999999999984,-35.4,-97.45,0.0,0.0,0.3004,0.0,-1.0275,2.7308,0.7426932173647669,7.59999999999998,35.9,35.4
6.04700000025332,0.5359,-0.1689,0.4794,0.3603,-1.1505,2.3296,0.6304737926298924,-7.929999999999993,-35.5,-97.45,0.0,0.0,0.2819999999999998,0.0,-1.0262,2.734,0.7427237354085603,7.59999999999998,36.0,35.4
6.062999999150634,0.5252,-0.1748,0.4732,0.3433,-1.139,2.3324,0.6304737926298924,-7.929999999999993,-35.6,-97.45,0.0,0.0,0.2932,0.0,-1.0383,2.7394,0.7427847714961471,7.59999999999998,36.1,35.4
6.078999999910593,0.5331,-0.1749,0.4829999999999998,0.3641,-1.1377,2.3324,0.6304890516517891,-8.029999999999987,-35.7,-97.34999999999998,0.0,0.0,0.2971999999999998,0.0,-1.0255,2.736,0.7428000305180438,7.699999999999989,36.2,35.4
6.09400000050664,0.5337,-0.1673,0.4812,0.3564,-1.1435,2.334,0.6305806057831693,-8.029999999999987,-35.800000000000004,-97.34999999999998,0.0,0.0,0.2948,0.0,-1.0256,2.7372,0.7428000305180438,7.699999999999989,36.3,35.4
6.125,0.5291,-0.1722,0.4815999999999998,0.3529,-1.1433,2.3378,0.6306263828488594,-8.129999999999995,-35.9,-97.34999999999998,0.0,0.0,0.2932,0.0,-1.0338,2.7372,0.7431509880216678,7.699999999999989,36.5,35.4
6.141000000759959,0.5338,-0.1747,0.481,0.3494,-1.1431,2.3276,0.6306569008926528,-8.129999999999995,-36.0,-97.24999999999996,0.0,0.0,0.2981999999999998,0.0,-1.041,2.746,0.7431662470435645,7.699999999999989,36.7,35.4
6.156999999657273,0.5361,-0.1684,0.4778,0.3574,-1.1433,2.3296,0.6307942320897231,-8.22999999999999,-36.1,-97.24999999999996,0.0,0.0,0.2961999999999998,0.0,-1.0312,2.7444,0.7432883192187381,7.699999999999989,36.8,35.4
6.17200000025332,0.5311,-0.181,0.4778,0.3576,-1.134,2.3328,0.6307942320897231,-8.22999999999999,-36.2,-97.24999999999996,0.0,0.0,0.2922,0.0,-1.0311,2.754,0.7432883192187381,7.799999999999983,36.9,35.4
6.203999999910593,0.5332,-0.1768,0.4805999999999996,0.345,-1.1374,2.3334,0.6307942320897231,-8.329999999999984,-36.3,-97.14999999999998,0.0,0.0,0.2999999999999998,0.0,-1.0247,2.7476,0.7432578011749447,7.799999999999983,37.0,35.4
6.21900000050664,0.5336,-0.1843,0.4855999999999998,0.347,-1.142,2.3458,0.6308094911116198,-8.329999999999984,-36.4,-97.14999999999998,0.0,0.0,0.2934,0.0,-1.0339,2.7508,0.7432578011749447,7.799999999999983,37.1,35.4
6.2349999994039536,0.5333,-0.1839,0.4951999999999998,0.3402,-1.145,2.3358,0.6308247501335165,-8.429999999999993,-36.5,-97.14999999999998,0.0,0.0,0.3171999999999996,0.0,-1.0315,2.75,0.7432578011749447,7.799999999999983,37.2,35.4
6.25,0.534,-0.1788,0.4861999999999998,0.3487,-1.1377,2.3354,0.6308552681773099,-8.429999999999993,-36.6,-97.04999999999998,0.0,0.0,0.3076,0.0,-1.0442,2.7376,0.7432883192187381,7.799999999999983,37.3,35.4
6.266000000759959,0.5309,-0.1782,0.4872,0.352,-1.1313,2.3462,0.6308705271992066,-8.529999999999987,-36.7,-97.04999999999998,0.0,0.0,0.3004,0.0,-1.0344,2.746,0.7432883192187381,7.799999999999983,37.4,35.4
6.29700000025332,0.5283,-0.178,0.4962,0.357,-1.1328,2.338,0.6309620813305867,-8.529999999999987,-36.8,-97.04999999999998,0.0,0.0,0.3066,0.0,-1.0411,2.7474,0.743593499656672,7.799999999999983,37.4,35.5
6.312999999150634,0.5377,-0.1766,0.494,0.3456,-1.1319,2.3462,0.6310688944838636,-8.629999999999995,-36.9,-96.95,0.0,0.0,0.3121999999999998,0.0,-1.043,2.7422,0.7436392767223621,7.899999999999977,37.5,35.5
6.328999999910593,0.5234,-0.1839,0.4855999999999998,0.3542,-1.1249,2.3362,0.6311299305714504,-8.629999999999995,-37.0,-96.95,0.0,0.0,0.3046,0.0,-1.0405,2.7588000000000004,0.7436392767223621,7.899999999999977,37.6,35.5
6.34400000050664,0.5393,-0.1856,0.4901999999999998,0.354,-1.1339,2.3428,0.6311757076371405,-8.72999999999999,-37.1,-96.95,0.0,0.0,0.3061999999999998,0.0,-1.0386,2.7448,0.7436392767223621,7.899999999999977,37.7,35.5
6.3599999994039536,0.5365,-0.1737,0.4946,0.354,-1.1245,2.3388,0.6312062256809339,-8.72999999999999,-37.2,-96.84999999999998,0.0,0.0,0.2965999999999998,0.0,-1.0449,2.7466000000000004,0.743593499656672,7.899999999999977,37.8,35.5
6.391000000759959,0.5298,-0.1836,0.4966,0.3381,-1.1357,2.3512,0.6312367437247273,-8.829999999999984,-37.2,-96.84999999999998,0.0,0.0,0.3127999999999996,0.0,-1.035,2.7588000000000004,0.743593499656672,7.899999999999977,37.9,35.5
6.406999999657273,0.5256,-0.1732,0.4895999999999998,0.3414,-1.1283,2.3424000000000005,0.6312825207904174,-8.829999999999984,-37.3,-96.84999999999998,0.0,0.0,0.3148,0.0,-1.0375,2.754,0.7434714274814984,7.899999999999977,38.0,35.5
6.42200000025332,0.5312,-0.1806,0.4987999999999998,0.3415,-1.1202,2.3424000000000005,0.6313588158999008,-8.929999999999993,-37.4,-96.74999999999996,0.0,0.0,0.3058,0.0,-1.0379,2.7588000000000004,0.7434714274814984,7.899999999999977,38.1,35.5
6.437999999150634,0.5219,-0.1813,0.4894,0.3517,-1.1264,2.339,0.6315114061188678,-8.929999999999993,-37.5,-96.74999999999996,0.0,0.0,0.311,0.0,-1.0428,2.7526,0.7434714274814984,7.999999999999986,38.1,35.5
6.46900000050664,0.5217,-0.1869,0.4958,0.346,-1.1286,2.3538,0.6315266651407645,-8.929999999999993,-37.6,-96.74999999999996,0.0,0.0,0.3152,0.0,-1.0414,2.7574,0.7435172045471885,7.999999999999986,38.2,35.5
6.4849999994039536,0.5262,-0.1747,0.4951999999999998,0.3363,-1.1274,2.3512,0.6315266651407645,-8.929999999999993,-37.6,-96.74999999999996,0.0,0.0,0.316,0.0,-1.0412,2.7556,0.743593499656672,7.999999999999986,38.4,35.6
6.5,0.523,-0.1812,0.4978,0.3309,-1.1333,2.3628,0.6316182192721447,-9.029999999999989,-37.7,-96.74999999999996,0.0,0.0,0.3019999999999998,0.0,-1.0422,2.7698,0.7435172045471885,7.999999999999986,38.5,35.6
6.531999999657273,0.5216,-0.1904,0.4958,0.3341,-1.1328,2.3476,0.6316792553597315,-9.029999999999989,-37.8,-96.64999999999998,0.0,0.0,0.3098,0.0,-1.0516,2.7702000000000004,0.743593499656672,7.999999999999986,38.6,35.6
6.54700000025332,0.5174,-0.1906,0.4864,0.3451,-1.1295,2.3634,0.6316792553597315,-9.029999999999989,-37.9,-96.64999999999998,0.0,0.0,0.3186,0.0,-1.045,2.763,0.743593499656672,8.09999999999998,38.6,35.6
6.562999999150634,0.5313,-0.1878,0.4926,0.3271,-1.1219,2.3527999999999993,0.6317708094911116,-9.029999999999989,-38.0,-96.64999999999998,0.0,0.0,0.2998,0.0,-1.0314,2.7666,0.7436240177004654,8.09999999999998,38.7,35.6
6.578999999910593,0.517,-0.1798,0.5012,0.3287,-1.1258,2.3370000000000006,0.6318471046005951,-9.029999999999989,-38.1,-96.64999999999998,0.0,0.0,0.3126,0.0,-1.0428,2.7716,0.7436392767223621,8.09999999999998,38.8,35.7
6.59400000050664,0.5276,-0.1784,0.4912,0.3302,-1.1212,2.3534,0.6319081406881819,-9.029999999999989,-38.1,-96.64999999999998,0.0,0.0,0.3206,0.0,-1.0548,2.7684,0.7436240177004654,8.09999999999998,38.9,35.7
6.6099999994039536,0.5196,-0.176,0.4942,0.3378,-1.1199,2.3458,0.6318471046005951,-9.129999999999995,-38.2,-96.64999999999998,0.0,0.0,0.3171999999999996,0.0,-1.0483,2.7790000000000004,0.7436240177004654,8.09999999999998,38.9,35.7
6.625,0.5111,-0.1772,0.4887999999999998,0.3325,-1.1298,2.3518,0.6319691767757687,-9.129999999999995,-38.3,-96.64999999999998,0.0,0.0,0.318,0.0,-1.0472,2.7739999999999996,0.7436240177004654,8.09999999999998,39.0,35.7
6.641000000759959,0.5154,-0.1772,0.4878,0.3136,-1.1222,2.3592,0.6322743572137026,-9.129999999999995,-38.4,-96.64999999999998,0.0,0.0,0.3132,0.0,-1.0435,2.7744,0.7436087586785687,8.199999999999989,39.1,35.7
6.67200000025332,0.5135,-0.1771,0.484,0.319,-1.1178,2.3394,0.6323353933012894,-9.129999999999995,-38.4,-96.64999999999998,0.0,0.0,0.321,0.0,-1.0543,2.7752,0.7435629816128786,8.199999999999989,39.1,35.7
6.687999999150634,0.509,-0.1721,0.49,0.3152,-1.1193,2.3462,0.6323506523231861,-9.129999999999995,-38.5,-96.64999999999998,0.0,0.0,0.3201999999999998,0.0,-1.0445,2.7812,0.7435629816128786,8.199999999999989,39.2,35.7
6.703999999910593,0.5194,-0.1775,0.4934,0.3195,-1.1236,2.3622,0.6323506523231861,-9.22999999999999,-38.5,-96.54999999999998,0.0,0.0,0.3166,0.0,-1.0452,2.7748000000000004,0.7435629816128786,8.199999999999989,39.2,35.7
6.7349999994039536,0.519,-0.1824,0.5054,0.3218,-1.1106,2.3498,0.6323506523231861,-9.22999999999999,-38.6,-96.54999999999998,0.0,0.0,0.3296,0.0,-1.0517,2.7808000000000006,0.7435629816128786,8.199999999999989,39.3,35.7
6.75,0.5162,-0.1777,0.5028,0.3053,-1.1239,2.3516,0.6323964293888762,-9.22999999999999,-38.6,-96.54999999999998,0.0,0.0,0.3273999999999998,0.0,-1.0493,2.782,0.7435629816128786,8.199999999999989,39.4,35.7
6.766000000759959,0.5066,-0.1758,0.4964,0.3165,-1.114,2.3606,0.6325947966735332,-9.329999999999984,-38.7,-96.45,0.0,0.0,0.3263999999999998,0.0,-1.0542,2.7870000000000004,0.7436697947661555,8.199999999999989,39.4,35.7
6.781999999657273,0.5102,-0.1831,0.4934,0.3153,-1.1197,2.3527999999999993,0.6325947966735332,-9.329999999999984,-38.7,-96.45,0.0,0.0,0.3184,0.0,-1.0512,2.7844,0.7437613488975356,8.199999999999989,39.5,35.7
6.79700000025332,0.517,-0.1811,0.5042,0.3218,-1.1091,2.3642,0.6326253147173266,-9.429999999999993,-38.8,-96.45,0.0,0.0,0.3236,0.0,-1.0526,2.7946000000000004,0.743791866941329,8.199999999999989,39.5,35.7
6.828999999910593,0.5088,-0.1845,0.4881999999999998,0.3037,-1.105,2.3606,0.6326710917830167,-9.429999999999993,-38.8,-96.45,0.0,0.0,0.3316,0.0,-1.0626,2.7870000000000004,0.743791866941329,8.199999999999989,39.6,35.7
6.84400000050664,0.5121,-0.1877,0.5026,0.2977,-1.1223,2.3668000000000005,0.6327168688487068,-9.429999999999993,-38.9,-96.45,0.0,0.0,0.3246,0.0,-1.0593,2.7870000000000004,0.7440817883573663,8.199999999999989,39.7,35.7
6.8599999994039536,0.5205,-0.1725,0.5022,0.2966,-1.1216,2.367600000000001,0.6327168688487068,-9.429999999999993,-38.9,-96.34999999999998,0.0,0.0,0.3273999999999998,0.0,-1.0474,2.785400000000001,0.7441886015106431,8.199999999999989,39.7,35.7
6.875,0.5125,-0.1871,0.5033999999999998,0.307,-1.1152,2.3600000000000003,0.6327168688487068,-9.429999999999993,-38.9,-96.34999999999998,0.0,0.0,0.3253999999999998,0.0,-1.0532,2.7874,0.7442038605325398,8.199999999999989,39.8,35.7
6.891000000759959,0.5096,-0.1827,0.4954,0.3053,-1.1149,2.3652000000000006,0.6327168688487068,-9.529999999999989,-39.0,-96.34999999999998,0.0,0.0,0.3276,0.0,-1.0622,2.7902,0.7442038605325398,8.199999999999989,39.8,35.7
6.92200000025332,0.5123,-0.1821,0.4921999999999998,0.3097,-1.1082,2.3594,0.6327779049362936,-9.529999999999989,-39.0,-96.34999999999998,0.0,0.0,0.3414,0.0,-1.0536,2.7852,0.7442038605325398,8.199999999999989,39.8,35.7
6.937999999150634,0.5102,-0.1902,0.5088,0.3037,-1.1198,2.3592,0.632808422980087,-9.529999999999989,-39.1,-96.34999999999998,0.0,0.0,0.3168,0.0,-1.0575,2.797800000000001,0.7445700770580606,8.299999999999983,39.9,35.7
6.953999999910593,0.5074,-0.1989,0.494,0.3078,-1.1104,2.3666000000000005,0.6329304951552606,-9.529999999999989,-39.1,-96.34999999999998,0.0,0.0,0.3328,0.0,-1.0616,2.7882,0.7445700770580606,8.299999999999983,39.9,35.7
6.9849999994039536,0.5147,-0.18,0.497,0.3078,-1.1132,2.37,0.6329762722209507,-9.529999999999989,-39.2,-96.34999999999998,0.0,0.0,0.3212,0.0,-1.0521,2.7882,0.7446616311894407,8.299999999999983,40.0,35.7
6.9849999994039536,0.5143,-0.1871,0.5046,0.3211,-1.113,2.3612,0.6331441214618143,-9.529999999999989,-39.2,-96.34999999999998,0.0,0.0,0.3257999999999998,0.0,-1.0578,2.8032,0.7446616311894407,8.299999999999983,40.0,35.7
7.016000000759959,0.5081,-0.2013,0.5033999999999998,0.302,-1.1153,2.3662,0.633159380483711,-9.529999999999989,-39.3,-96.34999999999998,0.0,0.0,0.329,0.0,-1.0584,2.8013999999999997,0.7446616311894407,8.299999999999983,40.0,35.7
7.031999999657273,0.506,-0.1805,0.5022,0.3114,-1.1074,2.3686,0.633159380483711,-9.529999999999989,-39.3,-96.34999999999998,0.0,0.0,0.3276,0.0,-1.0623,2.797,0.7446616311894407,8.299999999999983,40.1,35.7
7.04700000025332,0.5082,-0.1889,0.505,0.3026,-1.1137,2.3818,0.633159380483711,-9.529999999999989,-39.3,-96.34999999999998,0.0,0.0,0.329,0.0,-1.0556,2.8046,0.7446616311894407,8.299999999999983,40.1,35.7
7.062999999150634,0.5114,-0.1961,0.505,0.3015,-1.11,2.3752,0.633159380483711,-9.529999999999989,-39.4,-96.34999999999998,0.0,0.0,0.3267999999999998,0.0,-1.0622,2.805,0.7446616311894407,8.299999999999983,40.1,35.7
7.09400000050664,0.5118,-0.1811,0.5006,0.2993,-1.0986,2.3674,0.633159380483711,-9.529999999999989,-39.4,-96.34999999999998,0.0,0.0,0.3314,0.0,-1.0534,2.8056,0.7446921492332341,8.299999999999983,40.2,35.7
7.1099999994039536,0.5048,-0.1865,0.507,0.298,-1.1039,2.3774,0.6332051575494011,-9.529999999999989,-39.4,-96.34999999999998,0.0,0.0,0.3166,0.0,-1.0602,2.7984000000000004,0.7447226672770275,8.299999999999983,40.2,35.7
7.125,0.5046,-0.1999,0.5068,0.2944,-1.1068,2.383,0.6334035248340582,-9.629999999999995,-39.5,-96.24999999999996,0.0,0.0,0.326,0.0,-1.0614,2.802,0.7447379262989242,8.299999999999983,40.2,35.7
7.141000000759959,0.4972,-0.1897,0.4972,0.3096,-1.1092,2.363,0.633510337987335,-9.629999999999995,-39.5,-96.24999999999996,0.0,0.0,0.3332,0.0,-1.0488,2.7964,0.7447837033646143,8.299999999999983,40.2,35.7
7.156999999657273,0.5097,-0.1882,0.5023999999999998,0.2988,-1.097,2.3690000000000007,0.633510337987335,-9.629999999999995,-39.5,-96.24999999999996,0.0,0.0,0.3323999999999998,0.0,-1.0558,2.8034000000000003,0.7449210345616846,8.299999999999983,40.3,35.8
7.187999999150634,0.5056,-0.205,0.5136,0.2981,-1.1105,2.3808,0.6335255970092317,-9.629999999999995,-39.5,-96.24999999999996,0.0,0.0,0.3148,0.0,-1.0654,2.8064,0.7449362935835813,8.399999999999977,40.3,35.8
7.203999999910593,0.5039,-0.1912,0.5082,0.3035,-1.1102,2.3776,0.6335255970092317,-9.72999999999999,-39.5,-96.24999999999996,0.0,0.0,0.336,0.0,-1.0598,2.8046,0.744951552605478,8.399999999999977,40.3,35.8
7.219000000506639,0.4933,-0.1882,0.5,0.2916,-1.1022,2.3652000000000006,0.6335255970092317,-9.72999999999999,-39.5,-96.24999999999996,0.0,0.0,0.3392,0.0,-1.0545,2.8126,0.7449668116273747,8.399999999999977,40.4,35.8
7.2349999994039536,0.4937,-0.1895,0.4991999999999998,0.2864,-1.1056,2.3664,0.6335255970092317,-9.72999999999999,-39.6,-96.14999999999998,0.0,0.0,0.3216,0.0,-1.0633,2.8042,0.7451651789120317,8.399999999999977,40.4,35.8
7.25,0.4945,-0.1961,0.505,0.2848,-1.103,2.3822,0.6335866330968185,-9.72999999999999,-39.6,-96.14999999999998,0.0,0.0,0.3316,0.0,-1.06,2.8048000000000006,0.7451651789120317,8.399999999999977,40.4,35.8
7.281999999657273,0.5068,-0.1925,0.5098,0.2875,-1.103,2.3836,0.6335866330968185,-9.72999999999999,-39.6,-96.14999999999998,0.0,0.0,0.327,0.0,-1.0623,2.8154,0.7452109559777218,8.399999999999977,40.4,35.8
7.29700000025332,0.5016,-0.1839,0.4991999999999998,0.2929,-1.1056,2.376,0.6337239642938888,-9.72999999999999,-39.6,-96.14999999999998,0.0,0.0,0.3492,0.0,-1.0647,2.8132,0.7452262149996185,8.399999999999977,40.4,35.8
7.312999999150634,0.5114,-0.1821,0.5043999999999998,0.2914,-1.0997,2.3816,0.6339528496223392,-9.72999999999999,-39.6,-96.14999999999998,0.0,0.0,0.3261999999999998,0.0,-1.0748,2.823,0.7452109559777218,8.399999999999977,40.4,35.9
7.328999999910593,0.492,-0.1863,0.5073999999999999,0.2881,-1.1023,2.3834,0.6344258793011368,-9.72999999999999,-39.6,-96.24999999999996,0.0,0.0,0.3358,0.0,-1.0686,2.8268,0.7451651789120317,8.399999999999977,40.4,35.9
7.344000000506639,0.495,-0.1752,0.5106,0.2771,-1.0984,2.3918,0.634670023651484,-9.629999999999995,-39.7,-96.24999999999996,0.0,0.0,0.3371999999999996,0.0,-1.0733,2.823,0.7451651789120317,8.399999999999977,40.5,35.9
7.375,0.4967,-0.1764,0.5118,0.2795,-1.1011,2.3866,0.6349752040894179,-9.629999999999995,-39.7,-96.24999999999996,0.0,0.0,0.3352,0.0,-1.0648,2.8192000000000004,0.7451651789120317,8.399999999999977,40.5,35.9
7.391000000759959,0.4883,-0.1819,0.5063999999999999,0.267,-1.1049,2.3832,0.6350362401770047,-9.629999999999995,-39.7,-96.24999999999996,0.0,0.0,0.3321999999999998,0.0,-1.076,2.8126,0.7451956969558251,8.399999999999977,40.5,35.9
7.406999999657273,0.4871,-0.1848,0.5068,0.272,-1.1072,2.3872,0.6352803845273518,-9.629999999999995,-39.7,-96.24999999999996,0.0,0.0,0.3428,0.0,-1.0849,2.8354000000000004,0.745149919890135,8.399999999999977,40.5,35.8
7.42200000025332,0.4911,-0.1741,0.4986,0.283,-1.0946,2.3906,0.6354024567025254,-9.629999999999995,-39.7,-96.24999999999996,0.0,0.0,0.3393999999999996,0.0,-1.0739,2.829,0.7449057755397879,8.399999999999977,40.5,35.8
7.437999999150634,0.4873,-0.1668,0.5014,0.2791,-1.0888,2.3878,0.6356923781185626,-9.629999999999995,-39.7,-96.24999999999996,0.0,0.0,0.3358,0.0,-1.0781,2.8216,0.7448142214084077,8.399999999999977,40.5,35.8
7.469000000506639,0.4862,-0.1781,0.5084,0.2705,-1.0848,2.3876,0.6368520637827115,-9.629999999999995,-39.7,-96.24999999999996,0.0,0.0,0.3466,0.0,-1.074,2.829,0.7448142214084077,8.399999999999977,40.5,35.8
7.4849999994039536,0.487,-0.1764,0.5058,0.2688,-1.083,2.394,0.6370504310673686,-9.629999999999995,-39.7,-96.24999999999996,0.0,0.0,0.3409999999999998,0.0,-1.0786,2.8350000000000004,0.7448142214084077,8.399999999999977,40.5,35.8
7.5,0.4919,-0.1783,0.5108,0.2716,-1.1033,2.3938,0.6370962081330587,-9.629999999999995,-39.7,-96.24999999999996,0.0,0.0,0.3495999999999998,0.0,-1.0771,2.8394,0.7448142214084077,8.399999999999977,40.5,35.8
7.516000000759959,0.4828,-0.1775,0.4972,0.2705,-1.1031,2.3894,0.6372335393301289,-9.629999999999995,-39.7,-96.14999999999998,0.0,0.0,0.3312,0.0,-1.0729,2.8366,0.7448142214084077,8.399999999999977,40.5,35.8
7.54700000025332,0.4788,-0.1783,0.4932,0.2755,-1.0871,2.3892,0.6374471656366827,-9.72999999999999,-39.7,-96.14999999999998,0.0,0.0,0.348,0.0,-1.083,2.837,0.7451651789120317,8.399999999999977,40.5,35.8
7.562999999150634,0.4888,-0.1692,0.5035999999999998,0.2648,-1.1,2.389,0.6377218280308232,-9.72999999999999,-39.7,-96.14999999999998,0.0,0.0,0.3352,0.0,-1.0809,2.8306,0.7451651789120317,8.399999999999977,40.5,35.8
7.578999999910593,0.4883,-0.1803,0.5134,0.2601,-1.0961,2.3904,0.6378591592278935,-9.72999999999999,-39.7,-96.14999999999998,0.0,0.0,0.3371999999999996,0.0,-1.0842,2.8324,0.7450888838025482,8.399999999999977,40.4,35.8
7.594000000506639,0.4867,-0.183,0.5062,0.2688,-1.1108,2.3908,0.6379201953154803,-9.72999999999999,-39.7,-96.14999999999998,0.0,0.0,0.3435999999999998,0.0,-1.0753,2.829600000000001,0.7450583657587548,8.399999999999977,40.4,35.8
7.625,0.4833,-0.1814,0.4998,0.2766,-1.0861,2.3948,0.6379812314030671,-9.72999999999999,-39.7,-96.14999999999998,0.0,0.0,0.3403999999999998,0.0,-1.078,2.8328,0.7449057755397879,8.399999999999977,40.4,35.7
7.625,0.4905,-0.1808,0.5042,0.2772,-1.0947,2.3964,0.6379964904249638,-9.72999999999999,-39.7,-96.14999999999998,0.0,0.0,0.3426,0.0,-1.0737,2.836,0.7448905165178912,8.399999999999977,40.4,35.7
7.656999999657273,0.4859,-0.1811,0.5086,0.2667,-1.0834,2.3878,0.6380270084687572,-9.72999999999999,-39.7,-96.14999999999998,0.0,0.0,0.3406,0.0,-1.0794,2.8356,0.7448599984740978,8.399999999999977,40.4,35.7
7.67200000025332,0.4919,-0.1713,0.5046,0.2645,-1.09,2.4024,0.6380270084687572,-9.72999999999999,-39.7,-96.14999999999998,0.0,0.0,0.3432,0.0,-1.0766,2.8408,0.7448599984740978,8.399999999999977,40.4,35.7
7.687999999150634,0.4933,-0.191,0.5168,0.2676,-1.0816,2.3934000000000006,0.6380575265125505,-9.72999999999999,-39.7,-96.14999999999998,0.0,0.0,0.3343999999999998,0.0,-1.0688,2.8352,0.7448599984740978,8.399999999999977,40.4,35.7
7.719000000506639,0.4826,-0.1815,0.5078,0.2856,-1.0764,2.3866,0.6381185626001373,-9.72999999999999,-39.7,-96.14999999999998,0.0,0.0,0.3432,0.0,-1.0719,2.8326,0.7448599984740978,8.399999999999977,40.4,35.7
7.7349999994039536,0.486,-0.1929,0.5075999999999998,0.2687,-1.1101,2.3962,0.6381185626001373,-9.629999999999995,-39.7,-96.14999999999998,0.0,0.0,0.3246,0.0,-1.0697,2.8416,0.7448142214084077,8.399999999999977,40.4,35.7
7.75,0.4903,-0.1906,0.5125999999999998,0.2758,-1.0939,2.3988,0.6381795986877241,-9.629999999999995,-39.7,-96.14999999999998,0.0,0.0,0.3358,0.0,-1.0777,2.8358000000000003,0.7448599984740978,8.399999999999977,40.4,35.8
7.766000000759959,0.4791,-0.1918,0.5124,0.278,-1.0864,2.3864,0.6381795986877241,-9.629999999999995,-39.7,-96.24999999999996,0.0,0.0,0.348,0.0,-1.0844,2.8432,0.7448142214084077,8.399999999999977,40.4,35.8
7.781999999657273,0.4799,-0.1804,0.512,0.2614,-1.0917,2.3994,0.6381948577096208,-9.629999999999995,-39.7,-96.24999999999996,0.0,0.0,0.3355999999999998,0.0,-1.0762,2.8394,0.7447684443427176,8.399999999999977,40.4,35.8
7.812999999150634,0.49,-0.2048,0.511,0.2739,-1.0971,2.3974,0.6381948577096208,-9.629999999999995,-39.7,-96.24999999999996,0.0,0.0,0.3298,0.0,-1.0712,2.8326,0.7447684443427176,8.399999999999977,40.4,35.8
7.828999999910593,0.491,-0.1932,0.5118,0.2765,-1.0842,2.3988,0.6382558937972076,-9.629999999999995,-39.7,-96.24999999999996,0.0,0.0,0.3459999999999998,0.0,-1.0736,2.8328,0.7447684443427176,8.399999999999977,40.4,35.8
7.844000000506639,0.4904,-0.1885,0.509,0.2725,-1.0892,2.3974,0.6382711528191043,-9.629999999999995,-39.7,-96.24999999999996,0.0,0.0,0.3512,0.0,-1.072,2.8424,0.7447684443427176,8.399999999999977,40.4,35.8
7.8599999994039536,0.4908,-0.1873,0.5136,0.2736,-1.0993,2.3878,0.6382711528191043,-9.629999999999995,-39.7,-96.24999999999996,0.0,0.0,0.3362,0.0,-1.0808,2.8338,0.7447684443427176,8.399999999999977,40.4,35.8
7.891000000759959,0.4853,-0.1848,0.5195999999999998,0.2681,-1.1025,2.3984,0.6382711528191043,-9.629999999999995,-39.7,-96.24999999999996,0.0,0.0,0.3281999999999998,0.0,-1.0635,2.8364,0.7447684443427176,8.399999999999977,40.4,35.8
7.906999999657273,0.4882,-0.1955,0.5185999999999998,0.2773,-1.0888,2.3969999999999994,0.6382711528191043,-9.629999999999995,-39.7,-96.24999999999996,0.0,0.0,0.3448,0.0,-1.0695,2.8406,0.7449057755397879,8.399999999999977,40.4,35.8
7.92200000025332,0.4899,-0.1913,0.5174,0.2601,-1.095,2.3908,0.6382711528191043,-9.629999999999995,-39.7,-96.14999999999998,0.0,0.0,0.3369999999999998,0.0,-1.0696,2.8482,0.7449668116273747,8.399999999999977,40.4,35.8
7.953999999910593,0.4877,-0.2014,0.5094,0.2652,-1.0928,2.4038,0.6382711528191043,-9.629999999999995,-39.7,-96.14999999999998,0.0,0.0,0.3406,0.0,-1.0698,2.8404,0.7449057755397879,8.399999999999977,40.4,35.8
7.969000000506639,0.4898,-0.1896,0.5153999999999997,0.2736,-1.0895,2.3892,0.6383016708628977,-9.629999999999995,-39.7,-96.14999999999998,0.0,0.0,0.3328,0.0,-1.0732,2.8378,0.7448294804303044,8.399999999999977,40.4,35.8
7.9849999994039536,0.4839,-0.1876,0.5078,0.2796,-1.0895,2.393,0.6383016708628977,-9.629999999999995,-39.6,-96.14999999999998,0.0,0.0,0.3406,0.0,-1.0775,2.8386,0.7448294804303044,8.399999999999977,40.4,35.8
8.0,0.4917,-0.1959,0.5155999999999998,0.2714,-1.0886,2.404200000000001,0.6383016708628977,-9.72999999999999,-39.6,-96.14999999999998,0.0,0.0,0.3444,0.0,-1.0706,2.8333999999999997,0.7448294804303044,8.399999999999977,40.4,35.9
8.01600000075996,0.4883,-0.1902,0.5144,0.263,-1.0967,2.3934000000000006,0.6383016708628977,-9.72999999999999,-39.6,-96.14999999999998,0.0,0.0,0.3352,0.0,-1.0818,2.841800000000001,0.7448142214084077,8.399999999999977,40.4,35.9
8.031999999657273,0.4819,-0.1901,0.5104,0.2685,-1.0879,2.401,0.6383321889066911,-9.72999999999999,-39.6,-96.14999999999998,0.0,0.0,0.3409999999999998,0.0,-1.0758,2.8374,0.7448142214084077,8.399999999999977,40.4,35.9
8.04700000025332,0.493,-0.2001,0.5184,0.288,-1.0978,2.3922,0.6383474479285878,-9.72999999999999,-39.6,-96.14999999999998,0.0,0.0,0.3296,0.0,-1.0754,2.8438,0.7448294804303044,8.399999999999977,40.4,35.9
8.078999999910593,0.4819,-0.1897,0.5113999999999999,0.2781,-1.0873,2.3856,0.6383779659723812,-9.629999999999995,-39.6,-96.14999999999998,0.0,0.0,0.3466,0.0,-1.077,2.8379999999999996,0.7448294804303044,8.399999999999977,40.4,35.9
8.09400000050664,0.4827,-0.1881,0.5054,0.2719,-1.0838,2.403,0.6383779659723812,-9.629999999999995,-39.6,-96.14999999999998,0.0,0.0,0.3273999999999998,0.0,-1.0644,2.8184,0.7448294804303044,8.399999999999977,40.4,35.9
8.109999999403954,0.4789,-0.1915,0.506,0.2704,-1.0966,2.4014,0.6383932249942779,-9.629999999999995,-39.6,-96.14999999999998,0.0,0.0,0.3362,0.0,-1.0756,2.8382,0.744798962386511,8.399999999999977,40.4,35.8
8.125,0.4799,-0.1943,0.5118,0.2686,-1.0954,2.3968,0.6384084840161746,-9.629999999999995,-39.6,-96.14999999999998,0.0,0.0,0.3321999999999998,0.0,-1.072,2.8326,0.744798962386511,8.399999999999977,40.4,35.8
8.156999999657273,0.4902,-0.2025,0.5191999999999998,0.2795,-1.096,2.4022,0.6383932249942779,-9.629999999999995,-39.6,-96.24999999999996,0.0,0.0,0.3452,0.0,-1.077,2.8264,0.7448142214084077,8.399999999999977,40.4,35.8
8.17200000025332,0.4911,-0.2111,0.5168,0.2746,-1.0921,2.4004,0.6383932249942779,-9.629999999999995,-39.6,-96.24999999999996,0.0,0.0,0.3332,0.0,-1.0668,2.8422,0.7448142214084077,8.399999999999977,40.4,35.8
8.187999999150634,0.4876,-0.2088,0.5165999999999998,0.2827,-1.0953,2.3966,0.638286411841001,-9.529999999999989,-39.6,-96.24999999999996,0.0,0.0,0.3303999999999998,0.0,-1.0785,2.8356,0.7448142214084077,8.399999999999977,40.4,35.8
8.203999999910593,0.493,-0.1937,0.5174,0.2744,-1.0836,2.4036,0.638286411841001,-9.529999999999989,-39.6,-96.24999999999996,0.0,0.0,0.3446,0.0,-1.0806,2.8386,0.7449057755397879,8.399999999999977,40.4,35.8
8.21900000050664,0.4817,-0.2057,0.5095999999999998,0.2713,-1.0831,2.3922,0.638286411841001,-9.529999999999989,-39.6,-96.24999999999996,0.0,0.0,0.3316,0.0,-1.0754,2.8378,0.7449210345616846,8.399999999999977,40.3,35.8
8.25,0.4823,-0.2028,0.5136,0.2795,-1.0854,2.3886,0.638286411841001,-9.529999999999989,-39.6,-96.24999999999996,0.0,0.0,0.3334,0.0,-1.0787,2.839,0.7449820706492714,8.399999999999977,40.3,35.8
8.26600000075996,0.4879,-0.2063,0.5325999999999999,0.274,-1.0806,2.3942,0.638286411841001,-9.529999999999989,-39.6,-96.24999999999996,0.0,0.0,0.3276,0.0,-1.0828,2.827,0.7449820706492714,8.399999999999977,40.3,35.8
8.281999999657273,0.4926,-0.2017,0.52,0.2727,-1.0878,2.4066,0.638286411841001,-9.529999999999989,-39.6,-96.24999999999996,0.0,0.0,0.329,0.0,-1.08,2.8416,0.7447531853208209,8.399999999999977,40.3,35.8
8.29700000025332,0.486,-0.184,0.517,0.2802,-1.0807,2.399,0.638286411841001,-9.629999999999995,-39.6,-96.24999999999996,0.0,0.0,0.3412,0.0,-1.0765,2.8358000000000003,0.7447074082551308,8.399999999999977,40.3,35.8
8.312999999150634,0.4941,-0.194,0.5288,0.2671,-1.0867,2.3936,0.638286411841001,-9.629999999999995,-39.6,-96.14999999999998,0.0,0.0,0.3332,0.0,-1.0787,2.8344000000000005,0.7447074082551308,8.399999999999977,40.3,35.8
8.34400000050664,0.4841,-0.1951,0.5231999999999998,0.268,-1.093,2.3966,0.6382711528191043,-9.629999999999995,-39.6,-96.14999999999998,0.0,0.0,0.3337999999999998,0.0,-1.083,2.8388000000000004,0.7447074082551308,8.399999999999977,40.3,35.8
8.359999999403954,0.4785,-0.2006,0.5205999999999998,0.2927,-1.0847,2.3976,0.6382711528191043,-9.629999999999995,-39.6,-96.14999999999998,0.0,0.0,0.3371999999999996,0.0,-1.0833,2.8454,0.7447074082551308,8.399999999999977,40.3,35.8
8.375,0.4869,-0.1966,0.517,0.2773,-1.0862,2.3956,0.6382711528191043,-9.629999999999995,-39.6,-96.14999999999998,0.0,0.0,0.3426,0.0,-1.0789,2.8402,0.7447074082551308,8.399999999999977,40.3,35.8
8.39100000075996,0.483,-0.2102,0.5228,0.2764,-1.0886,2.4014,0.6382711528191043,-9.629999999999995,-39.6,-96.14999999999998,0.0,0.0,0.334,0.0,-1.0793,2.8342000000000005,0.7447226672770275,8.399999999999977,40.3,35.8
8.406999999657273,0.4834,-0.2017,0.5244,0.2718,-1.0938,2.3880000000000003,0.6382558937972076,-9.629999999999995,-39.6,-96.14999999999998,0.0,0.0,0.3358,0.0,-1.0782,2.823,0.744798962386511,8.399999999999977,40.3,35.8
8.437999999150634,0.4782,-0.193,0.5138,0.2758,-1.0669,2.3988,0.6382711528191043,-9.629999999999995,-39.6,-96.14999999999998,0.0,0.0,0.3438,0.0,-1.08,2.8416,0.744798962386511,8.399999999999977,40.3,35.8
8.453999999910593,0.4818,-0.2023,0.5122,0.2703,-1.0883,2.3928,0.6383627069504845,-9.72999999999999,-39.6,-96.14999999999998,0.0,0.0,0.3348,0.0,-1.0806,2.834,0.7447226672770275,8.399999999999977,40.3,35.8
8.46900000050664,0.4909,-0.2022,0.5188,0.2634,-1.0931,2.3986,0.6383627069504845,-9.72999999999999,-39.6,-96.14999999999998,0.0,0.0,0.3349999999999996,0.0,-1.0742,2.8348,0.7447226672770275,8.399999999999977,40.3,35.8
8.484999999403954,0.4811,-0.202,0.5202,0.2692,-1.0895,2.3932,0.6383474479285878,-9.72999999999999,-39.6,-96.04999999999998,0.0,0.0,0.3403999999999998,0.0,-1.0755,2.8378,0.7447226672770275,8.399999999999977,40.3,35.8
8.51600000075996,0.489,-0.2129,0.5158,0.2866,-1.075,2.4032000000000004,0.6383474479285878,-9.72999999999999,-39.5,-96.04999999999998,0.0,0.0,0.3323999999999998,0.0,-1.0803,2.8358000000000003,0.7447226672770275,8.399999999999977,40.3,35.8
8.531999999657273,0.487,-0.2012,0.5272,0.2723,-1.0686,2.405,0.6383474479285878,-9.72999999999999,-39.5,-96.04999999999998,0.0,0.0,0.3402,0.0,-1.0684,2.832,0.7449210345616846,8.399999999999977,40.3,35.8
8.54700000025332,0.4873,-0.2123,0.5317999999999998,0.2766,-1.0891,2.3846,0.6383474479285878,-9.72999999999999,-39.5,-96.04999999999998,0.0,0.0,0.336,0.0,-1.0814,2.8348,0.7449057755397879,8.399999999999977,40.3,35.8
8.562999999150634,0.4775,-0.2023,0.5115999999999998,0.2892,-1.0941,2.3952,0.6383169298847944,-9.829999999999984,-39.5,-96.04999999999998,0.0,0.0,0.3298,0.0,-1.0646,2.8302,0.7449057755397879,8.399999999999977,40.3,35.8
8.578999999910593,0.4862,-0.199,0.5228,0.2764,-1.0778,2.3922,0.6383169298847944,-9.829999999999984,-39.5,-96.04999999999998,0.0,0.0,0.3468,0.0,-1.0785,2.832,0.7449057755397879,8.399999999999977,40.3,35.8
8.609999999403954,0.4876,-0.2043,0.5225999999999998,0.2617,-1.0849,2.3928,0.6383169298847944,-9.829999999999984,-39.5,-96.04999999999998,0.0,0.0,0.3306,0.0,-1.0819,2.8416,0.7447074082551308,8.399999999999977,40.3,35.9
8.625,0.4936,-0.2111,0.5204,0.2774,-1.0885,2.4064,0.6383779659723812,-9.829999999999984,-39.5,-96.04999999999998,0.0,0.0,0.331,0.0,-1.067,2.8458,0.7447074082551308,8.399999999999977,40.3,35.9
8.64100000075996,0.4978,-0.21,0.5248,0.2747,-1.0943,2.392000000000001,0.6383779659723812,-9.829999999999984,-39.5,-96.04999999999998,0.0,0.0,0.3318,0.0,-1.0674,2.8333999999999997,0.7446616311894407,8.399999999999977,40.3,35.9
8.67200000025332,0.4769,-0.2075,0.5122,0.2672,-1.0952,2.4026,0.6383779659723812,-9.829999999999984,-39.5,-96.04999999999998,0.0,0.0,0.3328,0.0,-1.0728,2.8324,0.7446616311894407,8.399999999999977,40.3,35.9
8.687999999150634,0.4831,-0.2104,0.5185999999999998,0.2799,-1.0865,2.3928,0.6383779659723812,-9.829999999999984,-39.5,-96.04999999999998,0.0,0.0,0.3438,0.0,-1.0625,2.8324,0.7446616311894407,8.399999999999977,40.3,35.9
8.703999999910593,0.4947,-0.2104,0.5352,0.276,-1.082,2.402,0.6384084840161746,-9.72999999999999,-39.5,-96.04999999999998,0.0,0.0,0.3389999999999998,0.0,-1.0715,2.8488,0.7446616311894407,8.399999999999977,40.3,35.9
8.71900000050664,0.4944,-0.2073,0.5252,0.2804,-1.0921,2.3952,0.638439002059968,-9.72999999999999,-39.5,-96.04999999999998,0.0,0.0,0.3355999999999998,0.0,-1.0628,2.8356,0.744646372167544,8.399999999999977,40.3,35.9
8.734999999403954,0.496,-0.2065,0.5285999999999998,0.2783,-1.0875,2.4046,0.638439002059968,-9.72999999999999,-39.5,-96.04999999999998,0.0,0.0,0.3383999999999998,0.0,-1.0715,2.8448000000000007,0.7446311131456473,8.399999999999977,40.3,35.9
8.75,0.4879,-0.202,0.5256,0.2661,-1.0892,2.398000000000001,0.6384084840161746,-9.72999999999999,-39.5,-96.04999999999998,0.0,0.0,0.3318,0.0,-1.0713,2.8356,0.7446311131456473,8.399999999999977,40.3,35.9
8.76600000075996,0.4855,-0.204,0.5228,0.279,-1.0782,2.3950000000000005,0.638439002059968,-9.72999999999999,-39.5,-96.04999999999998,0.0,0.0,0.3403999999999998,0.0,-1.0843,2.8352,0.7446311131456473,8.399999999999977,40.3,35.9
8.79700000025332,0.4797,-0.2078,0.5193999999999998,0.291,-1.0935,2.3924,0.6384542610818646,-9.72999999999999,-39.5,-96.04999999999998,0.0,0.0,0.3408,0.0,-1.0761,2.8376,0.7446311131456473,8.399999999999977,40.3,35.9
8.812999999150634,0.4851,-0.2042,0.5197999999999998,0.2824,-1.0926,2.3924,0.6384542610818646,-9.629999999999995,-39.5,-96.14999999999998,0.0,0.0,0.3474,0.0,-1.0715,2.8356,0.7446311131456473,8.399999999999977,40.3,35.9
8.828999999910593,0.4814,-0.211,0.5231999999999998,0.2791,-1.0971,2.3984,0.638484779125658,-9.629999999999995,-39.5,-96.14999999999998,0.0,0.0,0.3352,0.0,-1.0834,2.8354000000000004,0.744646372167544,8.399999999999977,40.3,35.9
8.84400000050664,0.4879,-0.2111,0.5273999999999998,0.2838,-1.0842,2.3996,0.6384542610818646,-9.629999999999995,-39.5,-96.14999999999998,0.0,0.0,0.3412,0.0,-1.0858,2.8384000000000005,0.7447074082551308,8.399999999999977,40.3,35.9
8.859999999403954,0.4854,-0.2092,0.5264,0.2826,-1.0892,2.4054,0.638484779125658,-9.629999999999995,-39.5,-96.14999999999998,0.0,0.0,0.3318,0.0,-1.0705,2.8346000000000005,0.7447531853208209,8.399999999999977,40.3,35.8
8.89100000075996,0.4953,-0.2141,0.5257999999999998,0.2837,-1.0794,2.4,0.638484779125658,-9.629999999999995,-39.5,-96.14999999999998,0.0,0.0,0.3343999999999998,0.0,-1.0657,2.8376,0.7447531853208209,8.399999999999977,40.3,35.8
8.906999999657273,0.4877,-0.2141,0.5285999999999998,0.2765,-1.0925,2.3982,0.638484779125658,-9.72999999999999,-39.5,-96.04999999999998,0.0,0.0,0.3392,0.0,-1.0719,2.831,0.7447531853208209,8.399999999999977,40.3,35.8
8.937999999150634,0.5029,-0.2179,0.5346,0.2802,-1.0779,2.3976,0.638484779125658,-9.72999999999999,-39.5,-96.04999999999998,0.0,0.0,0.338,0.0,-1.0671,2.8318,0.744448004882887,8.399999999999977,40.3,35.8
8.953999999910593,0.4867,-0.2095,0.5245999999999998,0.2673,-1.0794,2.4052,0.638484779125658,-9.72999999999999,-39.5,-96.04999999999998,0.0,0.0,0.3363999999999998,0.0,-1.073,2.8333999999999997,0.744448004882887,8.399999999999977,40.3,35.8
8.96900000050664,0.4805,-0.2096,0.5233999999999998,0.2722,-1.0801,2.4014,0.638484779125658,-9.72999999999999,-39.5,-96.04999999999998,0.0,0.0,0.3308,0.0,-1.0695,2.8308,0.744448004882887,8.399999999999977,40.3,35.8
8.984999999403954,0.484,-0.207,0.5272,0.2779,-1.0846,2.3998,0.6385000381475547,-9.72999999999999,-39.5,-96.04999999999998,0.0,0.0,0.3349999999999996,0.0,-1.0729,2.8396000000000003,0.744448004882887,8.399999999999977,40.3,35.8
9.0,0.4909,-0.2007,0.5217999999999998,0.2607,-1.0895,2.4082,0.6385000381475547,-9.72999999999999,-39.5,-96.04999999999998,0.0,0.0,0.3377999999999998,0.0,-1.0792,2.8298,0.744448004882887,8.399999999999977,40.3,35.8
9.031999999657272,0.4971,-0.2171,0.5275999999999998,0.2746,-1.0909,2.4,0.6385458152132448,-9.72999999999999,-39.5,-96.04999999999998,0.0,0.0,0.3343999999999998,0.0,-1.074,2.8404,0.744448004882887,8.399999999999977,40.3,35.8
9.04700000025332,0.4833,-0.2119,0.5273999999999998,0.2688,-1.0929,2.4056,0.6386221103227283,-9.72999999999999,-39.5,-96.04999999999998,0.0,0.0,0.3318,0.0,-1.0754,2.8356,0.744448004882887,8.399999999999977,40.3,35.8
9.062999999150634,0.4851,-0.2066,0.5262,0.2801,-1.0868,2.4036,0.6386526283665217,-9.72999999999999,-39.5,-96.04999999999998,0.0,0.0,0.3249999999999996,0.0,-1.0754,2.841800000000001,0.7444022278171969,8.399999999999977,40.3,35.8
9.078999999910591,0.4812,-0.2103,0.5257999999999998,0.2821,-1.1011,2.3992,0.6386221103227283,-9.72999999999999,-39.5,-96.04999999999998,0.0,0.0,0.3196,0.0,-1.0722,2.8358000000000003,0.7444022278171969,8.399999999999977,40.3,35.8
9.09400000050664,0.4815,-0.2217,0.5237999999999998,0.2857,-1.0903,2.401,0.6386221103227283,-9.72999999999999,-39.5,-96.04999999999998,0.0,0.0,0.3321999999999998,0.0,-1.0683,2.844,0.7444022278171969,8.399999999999977,40.3,35.8
9.109999999403954,0.4963,-0.2164,0.5288,0.2757,-1.0945,2.404200000000001,0.6386526283665217,-9.629999999999995,-39.5,-96.04999999999998,0.0,0.0,0.3403999999999998,0.0,-1.0751,2.834,0.7444327458609903,8.399999999999977,40.3,35.8
9.14100000075996,0.4864,-0.2161,0.5282,0.2818,-1.0726,2.3886,0.6387136644541085,-9.629999999999995,-39.5,-96.14999999999998,0.0,0.0,0.3348,0.0,-1.0709,2.8448000000000007,0.7444937819485771,8.399999999999977,40.3,35.8
9.156999999657272,0.4889,-0.2031,0.525,0.2774,-1.0926,2.3914,0.6387289234760052,-9.629999999999995,-39.5,-96.14999999999998,0.0,0.0,0.3424,0.0,-1.0764,2.8346000000000005,0.7444937819485771,8.399999999999977,40.3,35.8
9.17200000025332,0.482,-0.2099,0.5185999999999998,0.2852,-1.0851,2.396,0.6387441824979019,-9.629999999999995,-39.5,-96.14999999999998,0.0,0.0,0.3426,0.0,-1.0714,2.841800000000001,0.7445548180361639,8.399999999999977,40.3,35.8
9.187999999150634,0.4851,-0.2068,0.5168,0.2827,-1.0807,2.3996,0.6387289234760052,-9.629999999999995,-39.5,-96.14999999999998,0.0,0.0,0.3349999999999996,0.0,-1.0723,2.8333999999999997,0.7446158541237506,8.399999999999977,40.3,35.9
9.203999999910591,0.4829,-0.2081,0.52,0.2768,-1.0836,2.4018,0.6387289234760052,-9.629999999999995,-39.5,-96.14999999999998,0.0,0.0,0.33,0.0,-1.0821,2.836,0.7446158541237506,8.399999999999977,40.3,35.9
9.234999999403954,0.4816,-0.2184,0.5347999999999998,0.2628,-1.0734,2.41,0.6387289234760052,-9.629999999999995,-39.5,-96.14999999999998,0.0,0.0,0.333,0.0,-1.0736,2.8322,0.7446158541237506,8.499999999999986,40.3,35.9
9.25,0.4829,-0.2144,0.5342,0.2756,-1.0755,2.4078,0.6386984054322118,-9.629999999999995,-39.5,-96.14999999999998,0.0,0.0,0.3403999999999998,0.0,-1.0667,2.8414000000000015,0.7446158541237506,8.499999999999986,40.3,35.9
9.26600000075996,0.4699,-0.21,0.5134,0.283,-1.098,2.4012,0.6386984054322118,-9.629999999999995,-39.5,-96.14999999999998,0.0,0.0,0.3377999999999998,0.0,-1.0729,2.8438,0.7446158541237506,8.499999999999986,40.3,35.9
9.281999999657272,0.4841,-0.2007,0.5292,0.2714,-1.0748,2.3966,0.6386984054322118,-9.629999999999995,-39.5,-96.14999999999998,0.0,0.0,0.33,0.0,-1.069,2.8394,0.744600595101854,8.499999999999986,40.2,35.9
9.312999999150634,0.4845,-0.2079,0.5285999999999998,0.2747,-1.0884,2.3992,0.6386984054322118,-9.629999999999995,-39.5,-96.14999999999998,0.0,0.0,0.3424,0.0,-1.0851,2.8468000000000004,0.7445700770580606,8.499999999999986,40.2,35.9
9.328999999910591,0.4898,-0.2089,0.527,0.2682,-1.0825,2.4014,0.6388357366292821,-9.72999999999999,-39.5,-96.14999999999998,0.0,0.0,0.3355999999999998,0.0,-1.0751,2.8398,0.7444632639047837,8.499999999999986,40.2,35.9
9.34400000050664,0.4795,-0.2083,0.529,0.282,-1.0736,2.406,0.6388357366292821,-9.72999999999999,-39.5,-96.14999999999998,0.0,0.0,0.3374,0.0,-1.0717,2.8425999999999996,0.7444632639047837,8.499999999999986,40.2,35.9
9.359999999403954,0.4805,-0.2012,0.5305999999999998,0.2716,-1.0848,2.405,0.6388357366292821,-9.72999999999999,-39.5,-96.14999999999998,0.0,0.0,0.3337999999999998,0.0,-1.0864,2.836,0.7445548180361639,8.59999999999998,40.2,35.9
9.39100000075996,0.4808,-0.212,0.5305999999999998,0.2807,-1.0711,2.403,0.6388357366292821,-9.72999999999999,-39.5,-96.14999999999998,0.0,0.0,0.3335999999999998,0.0,-1.0741,2.8398,0.7445548180361639,8.59999999999998,40.2,35.9
9.406999999657272,0.4923,-0.2118,0.5362,0.2822,-1.0823,2.4052,0.6388509956511788,-9.829999999999984,-39.5,-96.14999999999998,0.0,0.0,0.3432,0.0,-1.0752,2.8478,0.7445548180361639,8.59999999999998,40.2,35.9
9.42200000025332,0.4749,-0.2001,0.5205999999999998,0.2716,-1.0728,2.4072000000000005,0.6388509956511788,-9.829999999999984,-39.5,-96.14999999999998,0.0,0.0,0.3434,0.0,-1.079,2.841800000000001,0.7445548180361639,8.59999999999998,40.2,35.9
9.437999999150634,0.4991,-0.2091,0.5334,0.2719,-1.0845,2.4068,0.6388509956511788,-9.829999999999984,-39.5,-96.14999999999998,0.0,0.0,0.3438,0.0,-1.0676,2.8432,0.7445548180361639,8.59999999999998,40.2,35.8
9.453999999910591,0.489,-0.212,0.5374,0.2713,-1.0717,2.398000000000001,0.6388662546730755,-9.829999999999984,-39.5,-96.14999999999998,0.0,0.0,0.3426,0.0,-1.0707,2.839,0.7445548180361639,8.59999999999998,40.2,35.8
9.46900000050664,0.4797,-0.2032,0.5308,0.2728,-1.0711,2.4104,0.6388662546730755,-9.829999999999984,-39.5,-96.24999999999996,0.0,0.0,0.34,0.0,-1.0629,2.8358000000000003,0.7445548180361639,8.59999999999998,40.2,35.8
9.5,0.4744,-0.1941,0.524,0.2799,-1.0821,2.4068,0.6388509956511788,-9.829999999999984,-39.5,-96.24999999999996,0.0,0.0,0.3388,0.0,-1.0668,2.8396000000000003,0.7445548180361639,8.59999999999998,40.2,35.7
9.51600000075996,0.4823,-0.2133,0.5288,0.2664,-1.0788,2.4004,0.6388509956511788,-9.829999999999984,-39.5,-96.34999999999998,0.0,0.0,0.3382,0.0,-1.0792,2.8454,0.7445548180361639,8.59999999999998,40.2,35.7
9.531999999657272,0.4814,-0.2067,0.5313999999999998,0.2718,-1.0769,2.410200000000001,0.6388357366292821,-9.829999999999984,-39.5,-96.34999999999998,0.0,0.0,0.3409999999999998,0.0,-1.0735,2.8333999999999997,0.7445242999923705,8.59999999999998,40.2,35.6
9.54700000025332,0.4782,-0.2064,0.5153999999999997,0.2676,-1.0749,2.3968,0.6388204776073854,-9.829999999999984,-39.5,-96.45,0.0,0.0,0.3355999999999998,0.0,-1.0694,2.85,0.7445242999923705,8.59999999999998,40.2,35.6
9.562999999150634,0.4813,-0.2127,0.525,0.265,-1.0817,2.4122,0.6388052185854887,-9.72999999999999,-39.5,-96.54999999999998,0.0,0.0,0.3382,0.0,-1.0665,2.8402,0.7444632639047837,8.699999999999989,40.2,35.5
9.59400000050664,0.4822,-0.2096,0.5328,0.2564,-1.077,2.4114,0.638789959563592,-9.72999999999999,-39.5,-96.54999999999998,0.0,0.0,0.3494,0.0,-1.0735,2.8416,0.7444632639047837,8.699999999999989,40.2,35.5
9.609999999403954,0.4822,-0.211,0.533,0.2692,-1.0764,2.3948,0.638789959563592,-9.72999999999999,-39.5,-96.64999999999998,0.0,0.0,0.3424,0.0,-1.0681,2.8512,0.7444632639047837,8.699999999999989,40.2,35.4
9.625,0.4762,-0.1919,0.5277999999999998,0.264,-1.0685,2.4062,0.638789959563592,-9.829999999999984,-39.5,-96.64999999999998,0.0,0.0,0.3354,0.0,-1.0783,2.843,0.7443564507515068,8.699999999999989,40.2,35.4
9.64100000075996,0.4731,-0.2035,0.5264,0.2546,-1.0828,2.3988,0.6388052185854887,-9.72999999999999,-39.5,-96.74999999999996,0.0,0.0,0.3406,0.0,-1.0739,2.8386,0.7443564507515068,8.699999999999989,40.2,35.3
9.67200000025332,0.4679,-0.1992,0.5188,0.2502,-1.0691,2.4056,0.6388052185854887,-9.829999999999984,-39.5,-96.84999999999998,0.0,0.0,0.3286,0.0,-1.0712,2.837,0.7443564507515068,8.699999999999989,40.2,35.2
9.687999999150634,0.4796,-0.2161,0.5305999999999998,0.2468,-1.0876,2.431,0.638789959563592,-9.829999999999984,-39.5,-96.84999999999998,0.0,0.0,0.3522,0.0,-1.0838,2.8584,0.7444632639047837,8.699999999999989,40.2,35.2
9.703999999910591,0.4658,-0.1845,0.5055999999999998,0.2332,-1.0798,2.4188,0.638789959563592,-9.829999999999984,-39.5,-96.95,0.0,0.0,0.3486,0.0,-1.0832,2.8618,0.7444785229266804,8.699999999999989,40.2,35.1
9.71900000050664,0.4603,-0.1902,0.5214,0.2401,-1.0818,2.4192,0.6385305561913481,-9.829999999999984,-39.5,-97.04999999999998,0.0072,0.0,0.3438,0.0,-1.0898,2.8496,0.7443106736858167,8.699999999999989,40.2,35.0
9.75,0.4826,-0.1953,0.5315999999999999,0.2324,-1.0814,2.4356,0.6372945754177157,-9.929999999999993,-39.5,-97.04999999999998,0.0,0.0,0.3596,0.0,-1.1012,2.8824,0.7432883192187381,8.699999999999989,40.2,34.9
9.76600000075996,0.4594,-0.1747,0.5158,0.2238,-1.08,2.4262,0.6372945754177157,-9.929999999999993,-39.5,-97.14999999999998,0.0037,0.0,0.3544,0.0,-1.0877,2.8846,0.7432883192187381,8.699999999999989,40.2,34.8
9.781999999657272,0.4595,-0.1956,0.5204,0.2196,-1.0693,2.4236,0.6372640573739223,-9.929999999999993,-39.5,-97.24999999999996,0.0205,0.0,0.3415999999999998,0.0,-1.0827,2.8682,0.7432883192187381,8.699999999999989,40.2,34.7
9.79700000025332,0.4664,-0.1897,0.5244,0.2262,-1.0841,2.4356,0.6369741359578851,-9.929999999999993,-39.4,-97.34999999999998,0.0119,0.0,0.3741999999999998,0.0,-1.0972,2.8716000000000004,0.7431357289997711,8.699999999999989,40.2,34.6
9.812999999150634,0.4505,-0.1789,0.5115999999999998,0.2165,-1.0678,2.431,0.6369741359578851,-9.929999999999993,-39.5,-97.45,0.0059,0.0,0.3692,0.0,-1.0953,2.893,0.7421744106202792,8.699999999999989,40.2,34.5
9.84400000050664,0.4565,-0.1823,0.5177999999999998,0.2222,-1.0842,2.421,0.6366536964980545,-9.929999999999993,-39.4,-97.54999999999998,0.0114,0.0,0.3659999999999998,0.0,-1.0948,2.8674,0.7421744106202792,8.699999999999989,40.2,34.5
9.859999999403954,0.4722,-0.1944,0.5364,0.2192,-1.0932,2.4548,0.6365316243228809,-10.029999999999989,-39.4,-97.64999999999998,0.0164,0.0,0.3584,0.0,-1.0937,2.8682,0.7431815060654612,8.699999999999989,40.2,34.4
9.875,0.443,-0.1733,0.5014,0.2157,-1.0798,2.434600000000001,0.6362874799725338,-9.929999999999993,-39.5,-97.74999999999996,0.0123,0.0,0.3692,0.0,-1.1077,2.8978,0.7421744106202792,8.699999999999989,40.2,34.3
9.89100000075996,0.4441,-0.1751,0.505,0.1982,-1.0775,2.429,0.636226443884947,-9.929999999999993,-39.5,-97.84999999999998,0.0112,0.0,0.3724,0.0,-1.1113,2.9002,0.7421286335545891,8.699999999999989,40.2,34.2
9.906999999657272,0.4669,-0.1969,0.5216,0.2032,-1.082,2.4378,0.635524528877699,-9.929999999999993,-39.5,-97.95,0.0129,0.0,0.3625999999999998,0.0,-1.1048,2.8794,0.7421286335545891,8.799999999999983,40.2,34.1
9.937999999150634,0.4492,-0.1727,0.5082,0.2,-1.0883,2.4288,0.635524528877699,-9.929999999999993,-39.5,-98.14999999999998,0.0203,0.0,0.3634,0.0,-1.0877,2.8756,0.7421744106202792,8.799999999999983,40.2,34.0
9.953999999910591,0.4484,-0.1649,0.5043999999999998,0.2112,-1.0661,2.4244,0.635524528877699,-9.929999999999993,-39.5,-98.24999999999996,0.0204,0.0,0.365,0.0,-1.1116,2.9076,0.7429678797589074,8.799999999999983,40.2,33.9
9.96900000050664,0.4503,-0.1769,0.5155999999999998,0.2016,-1.0732,2.4434,0.6354940108339056,-9.929999999999993,-39.5,-98.34999999999998,0.0294,0.0,0.3696,0.0,-1.1233,2.9048,0.7429678797589074,8.799999999999983,40.2,33.8
9.984999999403954,0.4442,-0.1602,0.5086,0.1816,-1.0603,2.443,0.6352803845273518,-9.929999999999993,-39.5,-98.54999999999998,0.0269,0.0,0.3717999999999998,0.0,-1.1166,2.8782,0.7424948500801098,8.799999999999983,40.2,33.7
10.0,0.4367,-0.1686,0.506,0.1868,-1.0797,2.4396,0.6352803845273518,-9.929999999999993,-39.5,-98.64999999999998,0.0326,0.0,0.36,0.0,-1.1113,2.894,0.7429678797589074,8.799999999999983,40.2,33.6
10.01600000075996,0.4495,-0.1855,0.513,0.1845,-1.0841,2.4400000000000004,0.6354787518120089,-9.929999999999993,-39.5,-98.74999999999996,0.0406,0.0,0.3818,0.0,-1.1181,2.9168,0.743089951934081,8.799999999999983,40.2,33.4
10.04700000025332,0.4386,-0.1575,0.5063999999999999,0.1827,-1.0705,2.4376000000000007,0.6352803845273518,-9.929999999999993,-39.5,-98.95,0.0324,0.0,0.3816,0.0,-1.1063,2.8938,0.7441733424887464,8.799999999999983,40.2,33.3
10.062999999150634,0.4515,-0.1768,0.5212,0.1706,-1.0764,2.4428,0.6350057221332113,-9.929999999999993,-39.5,-99.04999999999998,0.0309,0.0,0.3756,0.0,-1.1094,2.9174,0.7440054932478828,8.799999999999983,40.2,33.2
10.078999999910591,0.4388,-0.1634,0.5075999999999998,0.1934,-1.0783,2.4452,0.6350057221332113,-9.929999999999993,-39.5,-99.14999999999998,0.0358,0.0,0.3826,0.0,-1.1196,2.9288,0.7440054932478828,8.799999999999983,40.2,33.1
10.109999999403954,0.4256,-0.1567,0.502,0.1691,-1.0804,2.4252,0.6350057221332113,-9.929999999999993,-39.5,-99.34999999999998,0.0416,0.0,0.3682,0.0,-1.1126,2.9042,0.7441733424887464,8.799999999999983,40.2,32.9
10.125,0.4496,-0.1831,0.5208,0.1755,-1.0726,2.4452,0.6347615777828641,-10.029999999999989,-39.4,-99.45,0.0316,0.0,0.3777999999999998,0.0,-1.1166,2.8992,0.7442038605325398,8.799999999999983,40.2,32.8
10.14100000075996,0.444,-0.1711,0.5048,0.1639,-1.0682,2.4372,0.634715800717174,-10.029999999999989,-39.4,-99.54999999999998,0.0352,0.0,0.3871999999999998,0.0,-1.1151,2.936,0.7442038605325398,8.799999999999983,40.2,32.6
10.156999999657272,0.4272,-0.1635,0.5088,0.1712,-1.0662,2.4442,0.634715800717174,-10.029999999999989,-39.4,-99.74999999999996,0.044,0.0,0.3768,0.0,-1.1238,2.9024000000000014,0.7442038605325398,8.799999999999983,40.2,32.5
10.17200000025332,0.4488,-0.18,0.5148,0.1633,-1.0781,2.4554,0.634715800717174,-10.129999999999995,-39.4,-99.84999999999998,0.0425,0.0,0.3814,0.0,-1.1239,2.913,0.7445853360799572,8.799999999999983,40.2,32.2
10.203999999910591,0.4272,-0.1551,0.506,0.1629,-1.0724,2.4684,0.634715800717174,-10.029999999999989,-39.4,-100.04999999999998,0.0377,0.0,0.3926,0.0,-1.1282,2.933,0.7449820706492714,8.799999999999983,40.2,32.0
10.21900000050664,0.415,-0.1501,0.5035999999999998,0.169,-1.0674,2.457,0.6345326924544137,-10.029999999999989,-39.4,-100.24999999999996,0.0446,0.0,0.3907999999999998,0.0,-1.1126,2.9134000000000007,0.7449820706492714,8.799999999999983,40.2,31.8
10.234999999403954,0.441,-0.1653,0.5174,0.1712,-1.0677,2.4742,0.6345326924544137,-10.029999999999989,-39.4,-100.45,0.0561,0.0,0.3844,0.0,-1.1186,2.905,0.7458823529411764,8.799999999999983,40.2,31.7
10.25,0.4324,-0.1665,0.5068,0.1556,-1.088,2.4622,0.6345326924544137,-10.029999999999989,-39.4,-100.64999999999998,0.044,0.0,0.3826,0.0,-1.1259,2.9278,0.74600442511635,8.799999999999983,40.2,31.5
10.26600000075996,0.4145,-0.1555,0.4996,0.153,-1.0595,2.452200000000001,0.6348378728923476,-10.029999999999989,-39.5,-100.84999999999998,0.0506,0.0,0.3887999999999998,0.0,-1.1317,2.9346,0.74600442511635,8.799999999999983,40.2,31.3
10.281999999657272,0.4333,-0.1606,0.5125999999999998,0.1594,-1.0721,2.476600000000001,0.6344106202792401,-10.029999999999989,-39.5,-101.04999999999998,0.0543,0.0,0.3821999999999998,0.0,-1.1251,2.9164,0.74600442511635,8.799999999999983,40.2,31.1
10.312999999150634,0.4348,-0.1613,0.5172,0.1448,-1.0719,2.4616,0.63436484321355,-9.929999999999993,-39.5,-101.24999999999996,0.0561,0.0,0.3816,0.0,-1.1223,2.9086,0.7458823529411764,8.799999999999983,40.2,30.9
10.328999999910591,0.4202,-0.1574,0.5033999999999998,0.1458,-1.0733,2.4506,0.6344106202792401,-9.929999999999993,-39.5,-101.45,0.0442,0.0,0.3846,0.0,-1.1343,2.9384,0.7460807202258335,8.699999999999989,40.2,30.7
10.34400000050664,0.4442,-0.1745,0.525,0.161,-1.0659,2.4758,0.6347310597390707,-9.929999999999993,-39.5,-101.64999999999998,0.0503,0.0,0.4018,0.0,-1.1282,2.9338,0.7471488517586024,8.699999999999989,40.2,30.5
10.359999999403954,0.4215,-0.1486,0.4998,0.1655,-1.0713,2.4626,0.63436484321355,-9.929999999999993,-39.5,-101.84999999999998,0.0627,0.0,0.3852,0.0,-1.1186,2.9134000000000007,0.7471488517586024,8.699999999999989,40.2,30.3
10.375,0.4321,-0.1692,0.5048,0.1527,-1.0662,2.4558,0.6343495841916533,-9.929999999999993,-39.5,-102.04999999999998,0.0482,0.0,0.3901999999999998,0.0,-1.1352,2.9234000000000004,0.7467521171892881,8.699999999999989,40.2,30.1
10.406999999657272,0.438,-0.1649,0.5202,0.1594,-1.0883,2.4698,0.6343495841916533,-9.929999999999993,-39.5,-102.14999999999998,0.0563,0.0,0.3918,0.0,-1.1281,2.9392,0.7467521171892881,8.699999999999989,40.2,30.0
10.42200000025332,0.4106,-0.1538,0.4994,0.1429,-1.0669,2.4504,0.6343495841916533,-9.829999999999984,-39.5,-102.34999999999998,0.0559,0.0,0.3976,0.0,-1.1136,2.9266,0.7475608453498132,8.699999999999989,40.2,29.8
10.437999999150634,0.4216,-0.1701,0.5188,0.1548,-1.0694,2.4664,0.6341817349507897,-9.929999999999993,-39.5,-102.54999999999998,0.0549,0.0,0.3958,0.0,-1.1303,2.946,0.7475608453498132,8.699999999999989,40.2,29.6
10.46900000050664,0.4227,-0.1534,0.5043999999999998,0.1326,-1.066,2.4532,0.6341817349507897,-9.929999999999993,-39.5,-102.74999999999996,0.0643,0.0,0.3839999999999998,0.0,-1.13,2.927,0.7475608453498132,8.699999999999989,40.2,29.4
10.484999999403954,0.4368,-0.167,0.5176,0.1453,-1.0594,2.4524,0.6341817349507897,-9.929999999999993,-39.5,-102.94999999999996,0.0641,0.0,0.3958,0.0,-1.1326,2.9431999999999996,0.7475608453498132,8.699999999999989,40.2,29.2
10.5,0.427,-0.1695,0.508,0.1497,-1.0694,2.466,0.6341817349507897,-9.929999999999993,-39.5,-103.04999999999998,0.0621,0.0,0.4086,0.0,-1.1219,2.9478000000000004,0.7475608453498132,8.699999999999989,40.2,29.0
10.51600000075996,0.419,-0.1505,0.5098,0.1564,-1.0707,2.450800000000001,0.63436484321355,-9.929999999999993,-39.5,-103.25,0.0673,0.0,0.3933999999999998,0.0,-1.1233,2.923,0.7478507667658504,8.699999999999989,40.2,28.8
10.54700000025332,0.4313,-0.1665,0.5285999999999998,0.1455,-1.0701,2.47,0.63436484321355,-9.929999999999993,-39.5,-103.44999999999996,0.0502,0.0,0.3964,0.0,-1.13,2.9428,0.7480491340505074,8.59999999999998,40.2,28.6
10.562999999150634,0.4369,-0.1639,0.5235999999999998,0.1407,-1.0812,2.4738,0.63436484321355,-9.929999999999993,-39.5,-103.64999999999998,0.0597,0.0,0.4026,0.0,-1.1289,2.9404,0.7480491340505074,8.59999999999998,40.2,28.3
10.578999999910591,0.4226,-0.1512,0.5111999999999998,0.1402,-1.0622,2.4546,0.63436484321355,-9.929999999999993,-39.5,-103.84999999999998,0.0709,0.0,0.3983999999999998,0.0,-1.1232,2.9309999999999996,0.7484763866636149,8.59999999999998,40.2,28.1
10.59400000050664,0.4289,-0.1683,0.5164,0.1472,-1.0704,2.4654,0.6339986266880293,-9.929999999999993,-39.5,-104.04999999999998,0.0617,0.0,0.4095999999999998,0.0,-1.1256,2.9612,0.7488578622110323,8.59999999999998,40.2,27.9
10.609999999403954,0.4246,-0.1594,0.5086,0.1328,-1.0601,2.4694,0.6339986266880293,-9.929999999999993,-39.5,-104.25,0.0656,0.0,0.3918,0.0,-1.1256,2.9414,0.7488578622110323,8.59999999999998,40.2,27.7
10.64100000075996,0.4132,-0.1609,0.5054,0.1421,-1.0701,2.467,0.63436484321355,-9.929999999999993,-39.5,-104.44999999999996,0.0602,0.0,0.3936,0.0,-1.1276,2.930800000000001,0.7492240787365531,8.499999999999986,40.2,27.5
10.656999999657272,0.4317,-0.1751,0.5195999999999998,0.1427,-1.0733,2.4780000000000006,0.6342275120164798,-9.929999999999993,-39.5,-104.54999999999998,0.0705,0.0,0.4032,0.0,-1.1283,2.9524000000000004,0.7492240787365531,8.499999999999986,40.2,27.3
10.67200000025332,0.4157,-0.1608,0.5071999999999998,0.148,-1.0584,2.469,0.6341817349507897,-9.929999999999993,-39.5,-104.75,0.0713,0.0,0.3971999999999996,0.0,-1.1251,2.9338,0.7489188982986191,8.499999999999986,40.2,27.1
10.687999999150634,0.425,-0.1594,0.5132,0.1387,-1.0713,2.4526,0.6341817349507897,-9.929999999999993,-39.5,-104.94999999999996,0.0604,0.0,0.3962,0.0,-1.1316,2.932,0.7489188982986191,8.499999999999986,40.2,26.9
10.703999999910591,0.4273,-0.1676,0.5254,0.1386,-1.0666,2.471,0.6342275120164798,-10.029999999999989,-39.5,-105.14999999999998,0.0599,0.0,0.3943999999999998,0.0,-1.1198,2.9474,0.7489188982986191,8.499999999999986,40.2,26.7
10.734999999403954,0.429,-0.1586,0.5144,0.1315,-1.0791,2.472,0.6343801022354467,-10.029999999999989,-39.5,-105.25,0.0705,0.0,0.4114,0.0,-1.1251,2.942,0.7499412527656978,8.499999999999986,40.2,26.5
10.75,0.4098,-0.1609,0.5015999999999998,0.1122,-1.0686,2.4516,0.6342275120164798,-10.029999999999989,-39.5,-105.44999999999996,0.0751,0.0,0.3976,0.0,-1.1335,2.9256000000000006,0.7499412527656978,8.499999999999986,40.2,26.3
10.76600000075996,0.4327,-0.1706,0.5277999999999998,0.1463,-1.0759,2.4844,0.6341817349507897,-10.029999999999989,-39.4,-105.64999999999998,0.0701,0.0,0.4126,0.0,-1.1358,2.962,0.7499412527656978,8.499999999999986,40.2,26.1
10.781999999657272,0.4212,-0.1641,0.5115999999999998,0.1346,-1.0656,2.4778,0.6341817349507897,-10.029999999999989,-39.5,-105.84999999999998,0.0862,0.0,0.4086,0.0,-1.1327,2.94,0.750032806897078,8.499999999999986,40.2,25.9
10.79700000025332,0.417,-0.1601,0.5082,0.1142,-1.0737,2.4654,0.6345021744106203,-10.029999999999989,-39.5,-106.04999999999998,0.0697,0.0,0.4019999999999998,0.0,-1.1305,2.9372,0.7501701380941482,8.499999999999986,40.2,25.7
10.828999999910591,0.4226,-0.1659,0.5242,0.1277,-1.0609,2.491,0.6345021744106203,-10.029999999999989,-39.5,-106.14999999999998,0.0768,0.0,0.3932,0.0,-1.1373,2.9634000000000005,0.7503685053788053,8.499999999999986,40.2,25.6
10.84400000050664,0.4138,-0.1537,0.5122,0.1228,-1.0763,2.472,0.6341206988632029,-10.029999999999989,-39.5,-106.44999999999996,0.0786,0.0,0.4004,0.0,-1.1258,2.9428,0.7501701380941482,8.499999999999986,40.2,25.4
10.859999999403954,0.4169,-0.1637,0.5073999999999999,0.1134,-1.062,2.4756,0.6341206988632029,-9.929999999999993,-39.5,-106.64999999999998,0.0725,0.0,0.4174,0.0,-1.1374,2.9544,0.7501701380941482,8.499999999999986,40.2,25.2
10.875,0.427,-0.1679,0.5222,0.1211,-1.0671,2.4962,0.6343190661478599,-9.929999999999993,-39.5,-106.75,0.0738,0.0,0.4058,0.0,-1.1356,2.969,0.7503990234225987,8.499999999999986,40.2,25.0
10.89100000075996,0.4211,-0.1629,0.5055999999999998,0.1227,-1.0713,2.477,0.6343190661478599,-9.929999999999993,-39.5,-107.04999999999998,0.0862,0.0,0.3996,0.0,-1.1242,2.9396,0.7507957579919128,8.499999999999986,40.2,24.9
10.92200000025332,0.4216,-0.1657,0.5078,0.1238,-1.071,2.4622,0.6339070725566491,-9.929999999999993,-39.5,-107.25,0.0721,0.0,0.4019999999999998,0.0,-1.1352,2.9692,0.7507957579919128,8.499999999999986,40.2,24.7
10.937999999150634,0.4319,-0.1612,0.5262,0.1177,-1.0678,2.491,0.6339070725566491,-9.929999999999993,-39.5,-107.44999999999996,0.0754,0.0,0.4134,0.0,-1.1348,2.9648,0.7507957579919128,8.499999999999986,40.2,24.5
10.953999999910591,0.4105,-0.1463,0.5026,0.1252,-1.074,2.4746,0.6339070725566491,-9.829999999999984,-39.5,-107.64999999999998,0.0822,0.0,0.4084,0.0,-1.1228,2.938,0.7514671549553674,8.499999999999986,40.2,24.3
10.96900000050664,0.4159,-0.1512,0.517,0.1084,-1.0615,2.474,0.6340749217975128,-9.829999999999984,-39.5,-107.84999999999998,0.077,0.0,0.4148,0.0,-1.146,2.9652,0.7518791485465782,8.499999999999986,40.2,24.1
11.0,0.4266,-0.1473,0.512,0.1394,-1.0778,2.4864,0.6339070725566491,-9.829999999999984,-39.5,-108.04999999999998,0.0842,0.0,0.416,0.0,-1.1233,2.9608000000000003,0.7518791485465782,8.499999999999986,40.2,23.9
11.01600000075996,0.397,-0.1319,0.4989999999999998,0.1123,-1.0629,2.4778,0.6338460364690623,-9.829999999999984,-39.5,-108.25,0.0825,0.0,0.4138,0.0,-1.1297,2.9384,0.7518638895246815,8.499999999999986,40.2,23.8
11.031999999657272,0.4187,-0.164,0.5162,0.1116,-1.0568,2.4872,0.6338460364690623,-9.829999999999984,-39.5,-108.44999999999996,0.0812,0.0,0.4106,0.0,-1.1342,2.9596,0.7518638895246815,8.499999999999986,40.2,23.6
11.04700000025332,0.4197,-0.1618,0.5193999999999998,0.112,-1.0658,2.4908,0.6340444037537194,-9.829999999999984,-39.5,-108.54999999999998,0.078,0.0,0.4128,0.0,-1.1339,2.9682,0.7518791485465782,8.499999999999986,40.2,23.4
11.062999999150634,0.3996,-0.1515,0.5014,0.1094,-1.0611,2.4768,0.6338460364690623,-9.829999999999984,-39.5,-108.75,0.0888,0.0,0.4216,0.0,-1.1201,2.9466,0.7523369192034791,8.499999999999986,40.2,23.200000000000003
11.09400000050664,0.4089,-0.1605,0.5162,0.1129,-1.0669,2.4764,0.6337392233157855,-9.829999999999984,-39.5,-108.94999999999996,0.078,0.0,0.4214,0.0,-1.1434,2.9564,0.752291142137789,8.499999999999986,40.2,23.1
11.109999999403954,0.4223,-0.1671,0.5228,0.1188,-1.0668,2.4878,0.6335561150530251,-9.829999999999984,-39.5,-109.14999999999998,0.0871,0.0,0.4101999999999998,0.0,-1.1395,2.9568,0.752291142137789,8.499999999999986,40.2,22.9
11.125,0.404,-0.1341,0.5028,0.0961,-1.0762,2.475,0.6335561150530251,-9.829999999999984,-39.5,-109.34999999999998,0.0892,0.0,0.4038,0.0,-1.132,2.9436,0.7531303883421073,8.499999999999986,40.2,22.700000000000003
11.14100000075996,0.4106,-0.1622,0.5174,0.1117,-1.0654,2.4886,0.6335561150530251,-9.829999999999984,-39.5,-109.44999999999996,0.0748,0.0,0.424,0.0,-1.1432,2.967,0.7532372014953842,8.399999999999977,40.2,22.5
11.156999999657272,0.4247,-0.1555,0.522,0.1192,-1.0763,2.4892,0.6334340428778515,-9.829999999999984,-39.5,-109.64999999999998,0.0932,0.0,0.4114,0.0,-1.134,2.9580000000000006,0.7531303883421073,8.399999999999977,40.2,22.3
11.187999999150634,0.4023,-0.1406,0.5035999999999998,0.0927,-1.0619,2.4738,0.6334340428778515,-9.829999999999984,-39.5,-109.84999999999998,0.0899,0.0,0.412,0.0,-1.1372,2.9454,0.7531303883421073,8.499999999999986,40.2,22.200000000000003
11.203999999910591,0.4214,-0.1599,0.5155999999999998,0.1187,-1.0786,2.4854,0.6335561150530251,-9.829999999999984,-39.5,-110.04999999999998,0.0835,0.0,0.4188,0.0,-1.1372,2.9826,0.7532372014953842,8.399999999999977,40.2,22.0
11.21900000050664,0.4001,-0.1438,0.5128,0.1084,-1.0656,2.498,0.6335561150530251,-9.829999999999984,-39.5,-110.25,0.0933,0.0,0.4078,0.0,-1.1246,2.957,0.7533592736705578,8.499999999999986,40.2,21.8
11.234999999403954,0.4135,-0.1662,0.5176,0.1037,-1.0678,2.4812,0.6333577477683681,-9.829999999999984,-39.5,-110.44999999999996,0.0801,0.0,0.424,0.0,-1.15,2.964,0.7533592736705578,8.399999999999977,40.2,21.6
11.26600000075996,0.4087,-0.1507,0.521,0.1176,-1.0722,2.4978,0.6333577477683681,-9.829999999999984,-39.5,-110.64999999999998,0.0805,0.0,0.4196,0.0,-1.1291,2.967,0.7533592736705578,8.499999999999986,40.2,21.4
11.281999999657272,0.4144,-0.1509,0.517,0.0894,-1.057,2.484,0.6333577477683681,-9.829999999999984,-39.5,-110.84999999999998,0.0908,0.0,0.4146,0.0,-1.1428,2.9534,0.7536034180209049,8.399999999999977,40.2,21.200000000000003
11.29700000025332,0.4104,-0.155,0.5285999999999998,0.0937,-1.0799,2.4954,0.6332509346150912,-9.829999999999984,-39.5,-111.04999999999998,0.0912,0.0,0.4298,0.0,-1.1424,2.9732,0.7536034180209049,8.399999999999977,40.2,21.0
11.312999999150634,0.4139,-0.1435,0.5148,0.1045,-1.059,2.498,0.6332509346150912,-9.72999999999999,-39.5,-111.25,0.1065,0.0,0.425,0.0,-1.1258,2.9538,0.7539391165026322,8.399999999999977,40.2,20.8
11.328999999910591,0.4025,-0.1528,0.5104,0.0816,-1.0539,2.4818,0.6332509346150912,-9.72999999999999,-39.5,-111.44999999999996,0.0887,0.0,0.4274,0.0,-1.1564,2.9742,0.7539391165026322,8.399999999999977,40.2,20.6
11.359999999403954,0.4018,-0.1588,0.5242,0.0982,-1.0653,2.4966,0.6332509346150912,-9.72999999999999,-39.5,-111.64999999999998,0.0918,0.0,0.4238,0.0,-1.1345,2.9642000000000004,0.7544274052033265,8.399999999999977,40.2,20.4
11.375,0.4003,-0.1557,0.5108,0.084,-1.0642,2.4816,0.6331441214618143,-9.629999999999995,-39.5,-111.84999999999998,0.0851,0.0,0.4272,0.0,-1.1472,2.975,0.7544274052033265,8.399999999999977,40.2,20.200000000000003
11.39100000075996,0.4063,-0.1527,0.5231999999999998,0.0917,-1.0696,2.4926,0.6331441214618143,-9.72999999999999,-39.5,-112.04999999999998,0.092,0.0,0.4322,0.0,-1.1504,2.9820000000000007,0.7544274052033265,8.399999999999977,40.2,20.0
11.406999999657272,0.4064,-0.1406,0.5136,0.0965,-1.0749,2.4896,0.6331441214618143,-9.629999999999995,-39.5,-112.25,0.1114,0.0,0.4114,0.0,-1.1356,2.9616,0.7544274052033265,8.399999999999977,40.2,19.8
11.42200000025332,0.4054,-0.1522,0.518,0.091,-1.0642,2.489,0.6328542000457771,-9.629999999999995,-39.5,-112.44999999999996,0.0967,0.0,0.4351999999999998,0.0,-1.1452,2.98,0.7544274052033265,8.299999999999983,40.2,19.6
11.453999999910591,0.41,-0.1526,0.5228,0.0838,-1.0867,2.5074,0.6326863508049134,-9.72999999999999,-39.5,-112.64999999999998,0.0989,0.0,0.429,0.0,-1.1384,2.9674,0.7544274052033265,8.399999999999977,40.2,19.4
11.46900000050664,0.4,-0.1421,0.5177999999999998,0.0767,-1.0564,2.4924000000000004,0.6326863508049134,-9.72999999999999,-39.5,-112.84999999999998,0.0933,0.0,0.4149999999999998,0.0,-1.133,2.9522,0.7544274052033265,8.399999999999977,40.2,19.200000000000003
11.484999999403954,0.414,-0.1557,0.521,0.0994,-1.0622,2.4994,0.6328542000457771,-9.72999999999999,-39.5,-112.94999999999996,0.0908,0.0,0.4312,0.0,-1.1443,2.9820000000000007,0.7544274052033265,8.299999999999983,40.2,19.0
11.5,0.4042,-0.1562,0.5168,0.0902,-1.0731,2.500999999999999,0.6325032425421531,-9.72999999999999,-39.5,-113.14999999999998,0.0974,0.0,0.4256,0.0,-1.1379,2.9656,0.7544274052033265,8.299999999999983,40.2,18.8
11.531999999657272,0.3983,-0.1479,0.5185999999999998,0.0636,-1.0598,2.4922,0.6325032425421531,-9.72999999999999,-39.5,-113.34999999999998,0.0952,0.0,0.422,0.0,-1.142,2.9604,0.7544274052033265,8.299999999999983,40.1,18.6
11.54700000025332,0.4161,-0.1549,0.5285999999999998,0.0973,-1.0622,2.5096,0.6325032425421531,-9.72999999999999,-39.5,-113.54999999999998,0.0982,0.0,0.4408,0.0,-1.1388,2.9794,0.7544274052033265,8.299999999999983,40.1,18.4
11.562999999150634,0.4108,-0.1569,0.5177999999999998,0.097,-1.0602,2.5052,0.6329152361333639,-9.72999999999999,-39.5,-113.64999999999998,0.1085,0.0,0.4232,0.0,-1.1341,2.969,0.7544274052033265,8.399999999999977,40.2,18.3
11.578999999910591,0.3936,-0.1506,0.5115999999999998,0.0783,-1.0587,2.4908,0.6329152361333639,-9.72999999999999,-39.5,-113.84999999999998,0.101,0.0,0.4316,0.0,-1.1431,2.9758,0.7544274052033265,8.399999999999977,40.1,18.1
11.59400000050664,0.4111,-0.16,0.5334,0.0821,-1.0677,2.5078,0.6324422064545663,-9.72999999999999,-39.5,-114.04999999999998,0.1017,0.0,0.4254,0.0,-1.1358,2.9835999999999996,0.7544274052033265,8.399999999999977,40.2,17.9
11.625,0.4008,-0.149,0.519,0.0728,-1.0531,2.4962,0.6324422064545663,-9.72999999999999,-39.5,-114.25,0.1008,0.0,0.4214,0.0,-1.1344,2.9538,0.7544274052033265,8.399999999999977,40.1,17.700000000000003
11.64100000075996,0.4033,-0.1578,0.5317999999999998,0.0896,-1.065,2.492,0.6329152361333639,-9.72999999999999,-39.5,-114.44999999999996,0.1014,0.0,0.4345999999999998,0.0,-1.1338,2.978,0.7544274052033265,8.299999999999983,40.1,17.5
11.656999999657272,0.4226,-0.1545,0.5337999999999998,0.0866,-1.0582,2.5014,0.6324422064545663,-9.72999999999999,-39.5,-114.64999999999998,0.1122,0.0,0.4198,0.0,-1.1344,2.965,0.7544274052033265,8.399999999999977,40.1,17.4
11.67200000025332,0.3934,-0.1451,0.517,0.0595,-1.0574,2.5016,0.6324422064545663,-9.629999999999995,-39.5,-114.84999999999998,0.1009,0.0,0.4343999999999998,0.0,-1.1409,2.9666,0.7544274052033265,8.299999999999983,40.1,17.200000000000003
11.687999999150634,0.4209,-0.1623,0.5362,0.0787,-1.0696,2.5072,0.6324422064545663,-9.629999999999995,-39.5,-115.04999999999998,0.0997,0.0,0.4294,0.0,-1.1281,2.9788,0.7544274052033265,8.299999999999983,40.1,17.0
11.71900000050664,0.4027,-0.1537,0.5184,0.0792,-1.0552,2.4954,0.6324422064545663,-9.629999999999995,-39.5,-115.25,0.1074,0.0,0.4294,0.0,-1.1339,2.9538,0.7544274052033265,8.399999999999977,40.1,16.799999999999997
11.734999999403954,0.4094,-0.164,0.525,0.0891,-1.0579,2.5012,0.6327016098268101,-9.629999999999995,-39.5,-115.44999999999996,0.103,0.0,0.4414,0.0,-1.1384,2.991,0.7544274052033265,8.299999999999983,40.1,16.6
11.75,0.4243,-0.1483,0.5418,0.0864,-1.0612,2.5084,0.6327016098268101,-9.629999999999995,-39.5,-115.64999999999998,0.1084,0.0,0.421,0.0,-1.1423,2.9598,0.7544274052033265,8.399999999999977,40.1,16.5
11.76600000075996,0.3918,-0.1517,0.5182,0.065,-1.0594,2.4988,0.6326405737392233,-9.629999999999995,-39.5,-115.84999999999998,0.0936,0.0,0.4403999999999998,0.0,-1.1472,2.9776,0.7544274052033265,8.399999999999977,40.1,16.299999999999997
11.781999999657272,0.4047,-0.1737,0.5302,0.0821,-1.0742,2.4938,0.6326405737392233,-9.629999999999995,-39.5,-116.04999999999998,0.1143,0.0,0.4348,0.0,-1.1367,2.9786,0.7544274052033265,8.299999999999983,40.1,16.1
11.812999999150634,0.4169,-0.1502,0.5368,0.0775,-1.0624,2.521,0.6322438391699092,-9.629999999999995,-39.5,-116.25,0.1192,0.0,0.4206,0.0,-1.1295,2.968,0.7544274052033265,8.399999999999977,40.1,15.9
11.828999999910591,0.4017,-0.1599,0.5297999999999998,0.0756,-1.0522,2.498,0.6322438391699092,-9.629999999999995,-39.5,-116.44999999999996,0.1104,0.0,0.436,0.0,-1.1422,2.9848,0.7544274052033265,8.399999999999977,40.1,15.700000000000005
11.84400000050664,0.4145,-0.1554,0.5336,0.0839,-1.0642,2.5046000000000004,0.6322438391699092,-9.629999999999995,-39.5,-116.64999999999998,0.1069,0.0,0.4263999999999998,0.0,-1.139,2.9744000000000006,0.7544274052033265,8.399999999999977,40.1,15.5
11.859999999403954,0.3983,-0.1542,0.5272,0.0597,-1.0621,2.5082,0.6319844357976654,-9.629999999999995,-39.5,-116.84999999999998,0.1213,0.0,0.4301999999999998,0.0,-1.1255,2.9634000000000005,0.7544274052033265,8.399999999999977,40.1,15.4
11.89100000075996,0.4079,-0.1643,0.5387999999999996,0.0658,-1.0563,2.5148,0.6319844357976654,-9.629999999999995,-39.5,-116.94999999999996,0.1039,0.0,0.4436,0.0,-1.1279,2.9848,0.7544274052033265,8.299999999999983,40.1,15.200000000000005
11.906999999657272,0.4183,-0.1529,0.5427999999999998,0.0778,-1.0798,2.5226,0.6319844357976654,-9.629999999999995,-39.5,-117.14999999999998,0.1036,0.0,0.436,0.0,-1.1256,2.9732,0.7544274052033265,8.399999999999977,40.1,15.0
11.92200000025332,0.3938,-0.1527,0.5275999999999998,0.0496,-1.0568,2.5094,0.6321675440604257,-9.629999999999995,-39.5,-117.34999999999998,0.1009,0.0,0.4363999999999998,0.0,-1.1322,2.979000000000001,0.7544274052033265,8.399999999999977,40.1,14.799999999999995
11.937999999150634,0.4076,-0.1637,0.5336,0.0743,-1.0581,2.5086,0.6319844357976654,-9.629999999999995,-39.5,-117.54999999999998,0.1049,0.0,0.4328,0.0,-1.1368,2.9936,0.7544274052033265,8.299999999999983,40.1,14.6
11.953999999910591,0.4182,-0.1543,0.5308,0.0714,-1.0522,2.5192,0.6319844357976654,-9.629999999999995,-39.5,-117.75,0.1202,0.0,0.4261999999999998,0.0,-1.1342,2.9626,0.7544274052033265,8.299999999999983,40.1,14.4
11.96900000050664,0.3929,-0.1476,0.5205999999999998,0.0602,-1.0592,2.511,0.6321675440604257,-9.629999999999995,-39.5,-117.94999999999996,0.1079,0.0,0.427,0.0,-1.1413,2.9878000000000005,0.7544274052033265,8.299999999999983,40.1,14.200000000000005
12.0,0.4201,-0.1585,0.5418,0.0748,-1.0533,2.5304,0.6322438391699092,-9.629999999999995,-39.5,-118.14999999999998,0.1108,0.0,0.4181999999999998,0.0,-1.1357,2.9751999999999996,0.7544274052033265,8.299999999999983,40.1,14.0
12.01600000075996,0.4031,-0.1509,0.5312,0.0627,-1.0688,2.5106,0.6321675440604257,-9.529999999999989,-39.5,-118.34999999999998,0.115,0.0,0.4294,0.0,-1.135,2.9702000000000015,0.7544274052033265,8.299999999999983,40.1,13.799999999999995
12.031999999657272,0.4017,-0.1545,0.5322,0.0617,-1.0401,2.513199999999999,0.6321675440604257,-9.529999999999989,-39.5,-118.54999999999998,0.1077,0.0,0.4397999999999998,0.0,-1.1379,2.9816,0.7544274052033265,8.199999999999989,40.1,13.6
12.062999999150634,0.4076,-0.1591,0.5452,0.0704,-1.0527,2.5036000000000005,0.6322438391699092,-9.529999999999989,-39.5,-118.75,0.1109,0.0,0.4357999999999998,0.0,-1.1272,2.9758,0.7544274052033265,8.199999999999989,40.1,13.4
12.062999999150634,0.4039,-0.1622,0.5352,0.0788,-1.0635,2.5292,0.632304875257496,-9.529999999999989,-39.5,-118.84999999999998,0.1161,0.0,0.429,0.0,-1.1297,2.9716,0.7544274052033265,8.199999999999989,40.1,13.200000000000005
12.09400000050664,0.4167,-0.153,0.5372,0.0596,-1.0625,2.5198000000000005,0.6324727244983597,-9.429999999999993,-39.5,-119.04999999999998,0.1223,0.0,0.4308,0.0,-1.1336,2.9594,0.7544274052033265,8.199999999999989,40.1,13.0
12.109999999403954,0.4003,-0.1514,0.5277999999999998,0.0541,-1.0735,2.5082,0.6324727244983597,-9.429999999999993,-39.5,-119.25,0.1139,0.0,0.434,0.0,-1.1271,2.9858,0.7544274052033265,8.09999999999998,40.1,12.799999999999995
12.125,0.4035,-0.163,0.5353999999999998,0.0682,-1.0614,2.5202,0.632304875257496,-9.429999999999993,-39.5,-119.44999999999996,0.1203,0.0,0.4417999999999998,0.0,-1.1272,2.978,0.7544274052033265,8.09999999999998,40.1,12.6
12.156999999657272,0.4066,-0.1595,0.5284,0.0612,-1.0613,2.5156,0.632304875257496,-9.429999999999993,-39.5,-119.64999999999998,0.1259,0.0,0.4265999999999998,0.0,-1.1301,2.966,0.7544274052033265,8.09999999999998,40.1,12.5
12.17200000025332,0.3957,-0.1532,0.536,0.0604,-1.0434,2.512800000000001,0.6323506523231861,-9.329999999999984,-39.5,-119.84999999999998,0.116,0.0,0.442,0.0,-1.1403,2.9918,0.7544274052033265,8.09999999999998,40.0,12.299999999999995
12.187999999150634,0.4132,-0.1659,0.5484,0.069,-1.0627,2.5152,0.631602960250248,-9.329999999999984,-39.5,-119.94999999999996,0.1156,0.0,0.4337999999999998,0.0,-1.1269,2.9796,0.7544274052033265,8.09999999999998,40.0,12.1
12.203999999910591,0.3921,-0.1425,0.5304,0.0609,-1.0592,2.5284,0.6312214847028306,-9.329999999999984,-39.5,-120.14999999999998,0.1118,0.0,0.4343999999999998,0.0,-1.1225,2.9675999999999996,0.7544274052033265,8.09999999999998,40.0,12.0
12.21900000050664,0.3995,-0.1602,0.5324,0.0572,-1.0531,2.5106,0.6312214847028306,-9.329999999999984,-39.5,-120.25,0.1152,0.0,0.4518,0.0,-1.1473,2.9918,0.7544274052033265,8.09999999999998,40.0,11.799999999999995
12.25,0.4214,-0.1701,0.5496,0.0649,-1.0545,2.5274,0.6312214847028306,-9.329999999999984,-39.5,-120.44999999999996,0.12,0.0,0.4345999999999998,0.0,-1.1297,2.9788,0.7544274052033265,8.09999999999998,40.0,11.700000000000005
12.26600000075996,0.4031,-0.1483,0.5296,0.0576,-1.0661,2.516,0.631297779812314,-9.329999999999984,-39.5,-120.54999999999998,0.1213,0.0,0.4334,0.0,-1.1263,2.9696,0.7544274052033265,8.09999999999998,40.0,11.5
12.281999999657272,0.3913,-0.1527,0.5315999999999999,0.0442,-1.0616,2.5294,0.631297779812314,-9.329999999999984,-39.5,-120.64999999999998,0.1263,0.0,0.4402,0.0,-1.139,2.9932000000000003,0.7544274052033265,7.999999999999986,40.0,11.4
12.29700000025332,0.4286,-0.1552,0.5524,0.0724,-1.068,2.5308,0.630748455024033,-9.329999999999984,-39.5,-120.75,0.1233,0.0,0.4198,0.0,-1.1312,2.9568,0.7544274052033265,8.09999999999998,40.0,11.299999999999995
12.312999999150634,0.3898,-0.1436,0.5302,0.0628,-1.0412,2.5166,0.630748455024033,-9.329999999999984,-39.5,-120.94999999999996,0.106,0.0,0.4357999999999998,0.0,-1.1437,2.9854,0.7544274052033265,7.999999999999986,40.0,11.1
12.34400000050664,0.4208,-0.1674,0.5515999999999998,0.064,-1.0566,2.5304,0.631297779812314,-9.329999999999984,-39.4,-121.04999999999998,0.1282,0.0,0.4331999999999998,0.0,-1.1317,2.9914,0.7544274052033265,7.999999999999986,40.0,11.0
12.359999999403954,0.3958,-0.1666,0.5372,0.0524,-1.0693,2.5284,0.630748455024033,-9.329999999999984,-39.4,-121.14999999999998,0.1204,0.0,0.4363999999999998,0.0,-1.1309,2.9675999999999996,0.7544274052033265,7.999999999999986,40.0,10.9
12.375,0.3955,-0.1515,0.5284,0.0497,-1.0459,2.5246,0.630748455024033,-9.329999999999984,-39.4,-121.34999999999998,0.116,0.0,0.4456,0.0,-1.1394,2.9856,0.7544274052033265,7.999999999999986,40.0,10.799999999999995
12.39100000075996,0.4118,-0.1674,0.5499999999999996,0.0474,-1.0526,2.5290000000000004,0.630748455024033,-9.329999999999984,-39.4,-121.44999999999996,0.1167,0.0,0.4454,0.0,-1.126,2.9792,0.7544274052033265,7.999999999999986,40.0,10.6
12.42200000025332,0.4182,-0.1745,0.5427999999999998,0.0708,-1.0547,2.5276,0.6308857862211033,-9.329999999999984,-39.4,-121.54999999999998,0.1242,0.0,0.4263999999999998,0.0,-1.134,2.963200000000001,0.7544274052033265,7.999999999999986,40.0,10.6
12.437999999150634,0.4008,-0.1465,0.5334,0.0501,-1.0513,2.5294,0.6318928816662852,-9.22999999999999,-39.4,-121.64999999999998,0.1182,0.0,0.4326,0.0,-1.1325,2.985,0.7544274052033265,7.999999999999986,40.0,10.4
12.453999999910591,0.4016,-0.1525,0.5465999999999998,0.0466,-1.0392,2.520800000000001,0.6309620813305867,-9.22999999999999,-39.4,-121.75,0.1177,0.0,0.4528,0.0,-1.1281,2.9948,0.7544274052033265,7.999999999999986,40.0,10.299999999999995
12.46900000050664,0.4115,-0.1648,0.5519999999999998,0.0527,-1.0648,2.5282,0.6308857862211033,-9.22999999999999,-39.4,-121.94999999999996,0.12,0.0,0.4232,0.0,-1.1277,2.9578,0.7544274052033265,7.999999999999986,40.0,10.200000000000005
12.484999999403954,0.3999,-0.1514,0.5374,0.0484,-1.0551,2.5216,0.6308857862211033,-9.129999999999995,-39.4,-122.04999999999998,0.1307,0.0,0.443,0.0,-1.1345,2.9714000000000005,0.7544274052033265,7.999999999999986,40.0,10.1
12.51600000075996,0.3998,-0.1602,0.5492,0.0437,-1.0383,2.5264,0.6309620813305867,-9.129999999999995,-39.4,-122.14999999999998,0.1187,0.0,0.4452,0.0,-1.1366,2.991200000000001,0.7544274052033265,7.899999999999977,40.0,10.0
12.531999999657272,0.4188,-0.1798,0.5566,0.0602,-1.0638,2.5298,0.630748455024033,-9.129999999999995,-39.4,-122.25,0.1264,0.0,0.4278,0.0,-1.1319,2.9629999999999996,0.7544274052033265,7.999999999999986,40.0,9.9
12.54700000025332,0.4017,-0.1606,0.5442,0.0419,-1.0712,2.5396,0.6306874189364462,-9.129999999999995,-39.4,-122.34999999999998,0.1268,0.0,0.4436,0.0,-1.1284,2.9698000000000007,0.7544274052033265,7.999999999999986,40.0,9.799999999999995
12.562999999150634,0.392,-0.1474,0.5419999999999998,0.0483,-1.0465,2.5168000000000004,0.6301838712138552,-9.129999999999995,-39.4,-122.44999999999996,0.1187,0.0,0.451,0.0,-1.1345,2.9946000000000015,0.7544274052033265,7.899999999999977,39.9,9.700000000000005
12.59400000050664,0.4106,-0.1697,0.5519999999999998,0.0566,-1.0507,2.5296,0.6301838712138552,-9.029999999999989,-39.4,-122.54999999999998,0.1236,0.0,0.434,0.0,-1.1272,2.9796,0.7544274052033265,7.899999999999977,39.9,9.6
12.609999999403954,0.4166,-0.1604,0.5656,0.0617,-1.0746,2.537,0.6305043106736858,-9.129999999999995,-39.4,-122.54999999999998,0.1314,0.0,0.4354,0.0,-1.1331,2.9698000000000007,0.7544274052033265,7.899999999999977,39.9,9.5
12.625,0.3947,-0.1465,0.5437999999999998,0.042,-1.0465,2.5234,0.6305043106736858,-9.129999999999995,-39.4,-122.64999999999998,0.1207,0.0,0.447,0.0,-1.1282,2.9842,0.7544274052033265,7.899999999999977,39.9,9.4
12.64100000075996,0.3986,-0.1491,0.5422,0.0538,-1.0423,2.5268,0.6305043106736858,-9.029999999999989,-39.4,-122.75,0.1248,0.0,0.4443999999999998,0.0,-1.1395,2.998,0.7544274052033265,7.899999999999977,39.9,9.299999999999995
12.656999999657272,0.412,-0.1682,0.5559999999999998,0.0522,-1.0642,2.535,0.630244907301442,-9.029999999999989,-39.4,-122.84999999999998,0.1249,0.0,0.4312,0.0,-1.1218,2.969,0.7544274052033265,7.899999999999977,39.9,9.299999999999995
12.687999999150634,0.3865,-0.1477,0.537,0.047,-1.0576,2.5294,0.630244907301442,-9.029999999999989,-39.4,-122.94999999999996,0.1289,0.0,0.4522,0.0,-1.1305,2.9894,0.7544274052033265,7.899999999999977,39.9,9.200000000000005
12.703999999910591,0.3997,-0.164,0.5435999999999998,0.041,-1.0636,2.5232,0.6305043106736858,-9.029999999999989,-39.4,-122.94999999999996,0.128,0.0,0.4462,0.0,-1.1384,2.9918,0.7544274052033265,7.899999999999977,39.9,9.1
12.71900000050664,0.4018,-0.17,0.5532,0.0647,-1.0623,2.5274,0.6312825207904174,-9.029999999999989,-39.4,-123.04999999999998,0.1369,0.0,0.4276,0.0,-1.1276,2.9760000000000004,0.7544274052033265,7.899999999999977,39.9,9.0
12.734999999403954,0.3968,-0.1491,0.5418,0.049,-1.0551,2.5216,0.630244907301442,-8.929999999999993,-39.4,-123.14999999999998,0.1293,0.0,0.4467999999999998,0.0,-1.1267,2.9846000000000004,0.7544274052033265,7.799999999999983,39.9,9.0
12.75,0.3955,-0.1469,0.5496,0.0486,-1.0522,2.5158000000000005,0.6294972152285039,-8.929999999999993,-39.4,-123.14999999999998,0.125,0.0,0.4471999999999996,0.0,-1.1306,2.9882000000000004,0.7544274052033265,7.799999999999983,39.9,8.899999999999999
12.781999999657272,0.4116,-0.1799,0.5599999999999998,0.059,-1.0681,2.5458,0.6294972152285039,-8.929999999999993,-39.4,-123.25,0.1374,0.0,0.4403999999999998,0.0,-1.129,2.9612,0.7544274052033265,7.899999999999977,39.9,8.799999999999997
12.79700000025332,0.3849,-0.1494,0.5382,0.0333,-1.0542,2.5354,0.6294972152285039,-8.929999999999993,-39.4,-123.25,0.1259,0.0,0.4507999999999998,0.0,-1.1302,2.9846000000000004,0.7544274052033265,7.799999999999983,39.9,8.799999999999997
12.812999999150634,0.4015,-0.1713,0.538,0.0482,-1.0456,2.5354,0.6305043106736858,-8.929999999999993,-39.4,-123.34999999999998,0.13,0.0,0.4322,0.0,-1.1314,2.9818,0.7544274052033265,7.799999999999983,39.9,8.700000000000003
12.828999999910591,0.4156,-0.167,0.5654,0.0554,-1.0643,2.549,0.6294972152285039,-8.929999999999993,-39.4,-123.34999999999998,0.1426,0.0,0.4316,0.0,-1.1304,2.9734,0.7544274052033265,7.799999999999983,39.9,8.700000000000003
12.84400000050664,0.3837,-0.1516,0.5346,0.036,-1.0619,2.521,0.6294972152285039,-8.929999999999993,-39.4,-123.34999999999998,0.1201,0.0,0.4494,0.0,-1.1401,2.9822,0.7544274052033265,7.799999999999983,39.9,8.600000000000001
12.875,0.4094,-0.1672,0.5542,0.0502,-1.0572,2.5408,0.6305043106736858,-8.929999999999993,-39.4,-123.44999999999996,0.14,0.0,0.447,0.0,-1.1399,2.9732,0.7544274052033265,7.799999999999983,39.9,8.600000000000001
12.89100000075996,0.4085,-0.161,0.545,0.0494,-1.0652,2.5274,0.6305043106736858,-8.929999999999993,-39.4,-123.44999999999996,0.1378,0.0,0.442,0.0,-1.1441,2.9728,0.7544274052033265,7.799999999999983,39.9,8.5
12.906999999657272,0.3967,-0.1588,0.5492,0.0328,-1.0596,2.5394,0.6296650644693675,-8.929999999999993,-39.4,-123.44999999999996,0.1333,0.0,0.4403999999999998,0.0,-1.1445,2.9842,0.7544274052033265,7.699999999999989,39.9,8.5
12.92200000025332,0.3967,-0.1591,0.5464,0.0348,-1.046,2.5502,0.6296650644693675,-8.929999999999993,-39.4,-123.44999999999996,0.1301,0.0,0.4334,0.0,-1.1317,2.9746,0.7544274052033265,7.699999999999989,39.9,8.399999999999999
12.937999999150634,0.3949,-0.1603,0.5469999999999998,0.0487,-1.0584,2.525,0.6296650644693675,-8.929999999999993,-39.4,-123.44999999999996,0.1288,0.0,0.4363999999999998,0.0,-1.1253,2.9872,0.7544274052033265,7.699999999999989,39.9,8.399999999999999
12.96900000050664,0.4075,-0.1631,0.5552,0.0396,-1.0644,2.5346,0.6297871366445411,-9.029999999999989,-39.4,-123.44999999999996,0.137,0.0,0.4343999999999998,0.0,-1.1262,2.9746,0.7544274052033265,7.799999999999983,39.9,8.399999999999999
12.984999999403954,0.4117,-0.1652,0.5579999999999998,0.0384,-1.0693,2.5206,0.6297871366445411,-9.029999999999989,-39.4,-123.44999999999996,0.127,0.0,0.4403999999999998,0.0,-1.1277,2.9866000000000006,0.7544274052033265,7.799999999999983,39.9,8.399999999999999
13.0,0.3892,-0.1598,0.5458,0.046,-1.0612,2.5284,0.6297871366445411,-9.029999999999989,-39.4,-123.44999999999996,0.1323,0.0,0.4314,0.0,-1.1262,2.9856,0.7544274052033265,7.799999999999983,39.9,8.399999999999999
13.01600000075996,0.4049,-0.1652,0.5547999999999998,0.0435,-1.0514,2.547,0.6297871366445411,-9.029999999999989,-39.4,-123.44999999999996,0.1261,0.0,0.428,0.0,-1.1347,2.986,0.7544274052033265,7.799999999999983,39.9,8.399999999999999
13.04700000025332,0.3996,-0.1619,0.559,0.0475,-1.0538,2.5336,0.6297871366445411,-8.929999999999993,-39.4,-123.44999999999996,0.1187,0.0,0.4411999999999998,0.0,-1.1298,2.9788,0.7544274052033265,7.799999999999983,39.9,8.399999999999999
13.062999999150634,0.3919,-0.1569,0.5459999999999998,0.0502,-1.0682,2.5320000000000005,0.6297718776226444,-8.929999999999993,-39.4,-123.44999999999996,0.131,0.0,0.4417999999999998,0.0,-1.1425,2.9834,0.7544274052033265,7.799999999999983,39.9,8.399999999999999
13.078999999910591,0.4043,-0.1642,0.5454,0.0452,-1.0494,2.5364,0.6297566186007477,-8.929999999999993,-39.4,-123.44999999999996,0.1213,0.0,0.4411999999999998,0.0,-1.1343,2.9820000000000007,0.7544274052033265,7.799999999999983,39.9,8.399999999999999
13.09400000050664,0.3944,-0.1613,0.553,0.0542,-1.0509,2.5372,0.6296803234912642,-8.929999999999993,-39.4,-123.44999999999996,0.1326,0.0,0.4423999999999998,0.0,-1.1358,2.9686,0.7544274052033265,7.799999999999983,39.9,8.5
13.109999999403954,0.4064,-0.1585,0.553,0.0581,-1.0551,2.539,0.6296803234912642,-8.929999999999993,-39.4,-123.54999999999998,0.1352,0.0,0.438,0.0,-1.115,2.9822,0.7544274052033265,7.799999999999983,39.9,8.5
13.14100000075996,0.4011,-0.1641,0.553,0.0538,-1.0565,2.5354,0.6296803234912642,-8.929999999999993,-39.4,-123.54999999999998,0.1292,0.0,0.4368,0.0,-1.1374,2.9758,0.7544274052033265,7.799999999999983,39.9,8.5
13.156999999657272,0.3898,-0.1604,0.5433999999999998,0.0524,-1.0579,2.5376,0.6296803234912642,-8.929999999999993,-39.4,-123.54999999999998,0.1294,0.0,0.4383999999999998,0.0,-1.1264,2.9778,0.7544274052033265,7.899999999999977,39.9,8.5
13.17200000025332,0.4113,-0.1729,0.5564,0.0497,-1.0588,2.5256,0.6297566186007477,-8.929999999999993,-39.4,-123.54999999999998,0.1291,0.0,0.4383999999999998,0.0,-1.1217,2.9806000000000004,0.7544274052033265,7.899999999999977,39.9,8.5
13.187999999150634,0.4077,-0.1694,0.5534,0.0642,-1.0518,2.5362,0.6297566186007477,-8.929999999999993,-39.4,-123.54999999999998,0.124,0.0,0.4342,0.0,-1.1305,2.9824000000000015,0.7544274052033265,7.899999999999977,39.9,8.5
13.203999999910591,0.4027,-0.1601,0.561,0.0482,-1.0499,2.535,0.6297566186007477,-8.929999999999993,-39.4,-123.54999999999998,0.1334,0.0,0.442,0.0,-1.1378,2.9734,0.7544274052033265,7.899999999999977,39.9,8.5
13.234999999403954,0.4096,-0.1603,0.5635999999999998,0.0551,-1.0509,2.5342,0.6297566186007477,-8.929999999999993,-39.4,-123.44999999999996,0.1444,0.0,0.439,0.0,-1.1329,2.9754000000000005,0.7544274052033265,7.899999999999977,39.9,8.5
13.25,0.4082,-0.163,0.5546,0.0372,-1.0524,2.5348,0.6297566186007477,-9.029999999999989,-39.4,-123.44999999999996,0.1299,0.0,0.4354,0.0,-1.1318,2.9794,0.7544274052033265,7.899999999999977,39.9,8.5
13.26600000075996,0.4084,-0.1598,0.557,0.0469,-1.0557,2.5272,0.6297871366445411,-9.029999999999989,-39.4,-123.44999999999996,0.1282,0.0,0.446,0.0,-1.1295,2.971,0.7544274052033265,7.899999999999977,39.9,8.5
13.281999999657272,0.4,-0.1636,0.5459999999999998,0.0588,-1.05,2.5362,0.6297566186007477,-9.029999999999989,-39.4,-123.44999999999996,0.1328,0.0,0.4377999999999998,0.0,-1.1343,2.974,0.7544274052033265,7.899999999999977,39.9,8.5
13.312999999150634,0.3905,-0.1678,0.5532,0.048,-1.0604,2.5308,0.6297566186007477,-9.029999999999989,-39.4,-123.44999999999996,0.1199,0.0,0.4371999999999998,0.0,-1.1342,2.971,0.7544274052033265,7.899999999999977,39.9,8.5
13.328999999910591,0.4065,-0.1647,0.5626,0.0485,-1.0624,2.5372,0.6297871366445411,-9.029999999999989,-39.4,-123.44999999999996,0.1318,0.0,0.4342,0.0,-1.1363,2.9704,0.7544274052033265,7.899999999999977,39.9,8.5
13.34400000050664,0.4017,-0.1715,0.5576,0.0436,-1.0587,2.5414,0.6297871366445411,-9.029999999999989,-39.4,-123.44999999999996,0.1186,0.0,0.427,0.0,-1.1242,2.9754000000000005,0.7544274052033265,7.899999999999977,39.9,8.5
13.359999999403954,0.3971,-0.1612,0.5512,0.0476,-1.0513,2.541,0.6298329137102312,-9.129999999999995,-39.4,-123.44999999999996,0.1323,0.0,0.441,0.0,-1.1243,2.9718,0.7544274052033265,7.899999999999977,39.9,8.5
13.375,0.4008,-0.1567,0.5486,0.0498,-1.051,2.5328,0.6298786907759213,-9.129999999999995,-39.4,-123.34999999999998,0.1206,0.0,0.444,0.0,-1.1339,2.9738,0.7544274052033265,7.899999999999977,39.9,8.5
13.406999999657272,0.4009,-0.1647,0.5642,0.0486,-1.0485,2.5398,0.6298329137102312,-9.129999999999995,-39.4,-123.44999999999996,0.137,0.0,0.4312,0.0,-1.1292,2.966800000000001,0.7544274052033265,7.899999999999977,39.9,8.5
13.42200000025332,0.409,-0.1662,0.5498,0.0525,-1.0523,2.5302,0.6298786907759213,-9.129999999999995,-39.4,-123.44999999999996,0.1276,0.0,0.426,0.0,-1.1299,2.9766,0.7544274052033265,7.899999999999977,39.9,8.5
13.437999999150634,0.3965,-0.171,0.5506,0.0492,-1.0537,2.5332,0.6298786907759213,-9.029999999999989,-39.4,-123.44999999999996,0.1284,0.0,0.4316,0.0,-1.1231,2.968,0.7544274052033265,7.899999999999977,39.9,8.5
13.453999999910591,0.3997,-0.1681,0.5527999999999998,0.0483,-1.052,2.5392,0.6298329137102312,-9.029999999999989,-39.4,-123.44999999999996,0.1391,0.0,0.4288,0.0,-1.1221,2.9802,0.7544274052033265,7.899999999999977,39.9,8.399999999999999
13.46900000050664,0.4018,-0.1572,0.5517999999999998,0.0521,-1.0703,2.5268,0.6298329137102312,-9.029999999999989,-39.4,-123.44999999999996,0.1265,0.0,0.4423999999999998,0.0,-1.1288,2.9804,0.7544274052033265,7.899999999999977,39.9,8.399999999999999
13.484999999403954,0.3958,-0.1618,0.5447999999999998,0.0522,-1.0544,2.5302,0.6298329137102312,-9.029999999999989,-39.4,-123.44999999999996,0.1382,0.0,0.4467999999999998,0.0,-1.1319,2.9748,0.7544274052033265,7.899999999999977,39.9,8.399999999999999
13.51600000075996,0.4,-0.158,0.5507999999999998,0.0434,-1.0527,2.5314,0.6298329137102312,-9.029999999999989,-39.4,-123.44999999999996,0.1297,0.0,0.4408,0.0,-1.1234,2.964,0.7544274052033265,7.899999999999977,39.9,8.399999999999999
13.531999999657272,0.3909,-0.1629,0.5536,0.0407,-1.0531,2.5364,0.6298023956664378,-9.029999999999989,-39.4,-123.44999999999996,0.1289,0.0,0.432,0.0,-1.1376,2.9768000000000003,0.7544274052033265,7.899999999999977,39.9,8.399999999999999
13.54700000025332,0.3963,-0.1643,0.5546,0.0553,-1.0519,2.5364,0.6298023956664378,-9.029999999999989,-39.4,-123.44999999999996,0.1412,0.0,0.4337999999999998,0.0,-1.1295,2.9774,0.7544274052033265,7.899999999999977,39.9,8.399999999999999
13.578999999910591,0.4048,-0.1722,0.559,0.0432,-1.0565,2.5372,0.6298329137102312,-9.029999999999989,-39.4,-123.44999999999996,0.1386,0.0,0.4383999999999998,0.0,-1.1288,2.9738,0.7544274052033265,7.899999999999977,39.9,8.399999999999999
13.59400000050664,0.3922,-0.1701,0.5554,0.0434,-1.0461,2.5328,0.6298481727321279,-9.029999999999989,-39.4,-123.44999999999996,0.134,0.0,0.4342,0.0,-1.1291,2.9674,0.7544274052033265,7.899999999999977,39.9,8.399999999999999
13.609999999403954,0.4052,-0.1605,0.5614,0.0564,-1.0596,2.5382,0.6298329137102312,-9.029999999999989,-39.4,-123.44999999999996,0.1308,0.0,0.4345999999999998,0.0,-1.1303,2.9736,0.7544274052033265,7.899999999999977,39.9,8.399999999999999
13.625,0.4022,-0.1807,0.5498,0.0464,-1.0545,2.537,0.6298329137102312,-9.029999999999989,-39.4,-123.44999999999996,0.1345,0.0,0.4385999999999998,0.0,-1.1248,2.9802,0.7544274052033265,7.899999999999977,39.9,8.399999999999999
13.64100000075996,0.4006,-0.1734,0.5459999999999998,0.0546,-1.0465,2.5262,0.6298329137102312,-9.029999999999989,-39.4,-123.44999999999996,0.1393,0.0,0.4362,0.0,-1.12,2.9716,0.7544274052033265,7.899999999999977,39.9,8.299999999999997
13.67200000025332,0.398,-0.1705,0.5498,0.0386,-1.0566,2.5290000000000004,0.6298481727321279,-9.129999999999995,-39.4,-123.44999999999996,0.1332,0.0,0.4366,0.0,-1.1126,2.9744000000000006,0.7544274052033265,7.899999999999977,39.9,8.299999999999997
13.687999999150634,0.3923,-0.1685,0.5494,0.0343,-1.0503,2.5374,0.6298634317540246,-9.129999999999995,-39.4,-123.34999999999998,0.1313,0.0,0.4417999999999998,0.0,-1.1368,2.9724000000000004,0.7544274052033265,7.999999999999986,39.9,8.299999999999997
13.703999999910591,0.4124,-0.1746,0.5582,0.0505,-1.064,2.5348,0.6298786907759213,-9.129999999999995,-39.4,-123.34999999999998,0.1317,0.0,0.441,0.0,-1.1262,2.9728,0.7544274052033265,7.999999999999986,39.9,8.399999999999999
13.71900000050664,0.4017,-0.1641,0.5557999999999998,0.0363,-1.0631,2.5246,0.6298634317540246,-9.129999999999995,-39.4,-123.34999999999998,0.13,0.0,0.4218,0.0,-1.1238,2.9728,0.7544274052033265,7.999999999999986,39.9,8.399999999999999
13.75,0.4047,-0.1648,0.5552,0.0621,-1.0565,2.531,0.6298634317540246,-9.129999999999995,-39.3,-123.34999999999998,0.1186,0.0,0.4274,0.0,-1.1253,2.9658,0.7544274052033265,7.999999999999986,39.9,8.399999999999999
13.76600000075996,0.3947,-0.1624,0.5498,0.0557,-1.0481,2.537,0.6298634317540246,-9.129999999999995,-39.3,-123.34999999999998,0.1322,0.0,0.4244,0.0,-1.1261,2.9658,0.7544274052033265,7.999999999999986,39.9,8.399999999999999
13.781999999657272,0.4009,-0.1676,0.5486,0.0592,-1.0636,2.5356,0.6298634317540246,-9.129999999999995,-39.3,-123.34999999999998,0.1296,0.0,0.4292,0.0,-1.1274,2.968,0.7544274052033265,7.999999999999986,39.9,8.399999999999999
13.79700000025332,0.404,-0.1699,0.5435999999999998,0.0453,-1.0574,2.5424,0.6298481727321279,-9.129999999999995,-39.3,-123.34999999999998,0.1164,0.0,0.4357999999999998,0.0,-1.1203,2.966,0.7544274052033265,7.999999999999986,39.9,8.399999999999999
13.812999999150634,0.3991,-0.1678,0.5592,0.0528,-1.0627,2.5422,0.6298481727321279,-9.129999999999995,-39.3,-123.34999999999998,0.1334,0.0,0.4276,0.0,-1.1259,2.9656,0.7544274052033265,7.999999999999986,39.9,8.399999999999999
13.84400000050664,0.4014,-0.1726,0.5504,0.044,-1.0553,2.5456,0.6298481727321279,-9.129999999999995,-39.4,-123.34999999999998,0.1287,0.0,0.4186,0.0,-1.1287,2.979000000000001,0.7544274052033265,7.999999999999986,39.9,8.399999999999999
13.859999999403954,0.4053,-0.1719,0.5572,0.0413,-1.0594,2.5334,0.6298634317540246,-9.129999999999995,-39.4,-123.34999999999998,0.1267,0.0,0.428,0.0,-1.1203,2.9714000000000005,0.7544274052033265,7.999999999999986,39.9,8.5
13.875,0.3997,-0.1713,0.5492,0.0619,-1.0548,2.531,0.6298481727321279,-9.129999999999995,-39.4,-123.34999999999998,0.1326,0.0,0.4362,0.0,-1.1354,2.9738,0.7544274052033265,7.999999999999986,39.9,8.5
13.89100000075996,0.3936,-0.177,0.5464,0.0433,-1.0605,2.5356,0.6298329137102312,-9.129999999999995,-39.4,-123.44999999999996,0.1298,0.0,0.437,0.0,-1.1239,2.9726,0.7544274052033265,7.999999999999986,39.9,8.5
13.906999999657272,0.3974,-0.1761,0.5477999999999998,0.0521,-1.062,2.5346,0.6298329137102312,-9.129999999999995,-39.4,-123.44999999999996,0.1307,0.0,0.4178,0.0,-1.1117,2.9744000000000006,0.7544274052033265,7.999999999999986,39.9,8.5
13.937999999150634,0.4035,-0.1651,0.5582,0.0719,-1.0533,2.5352,0.6298634317540246,-9.029999999999989,-39.4,-123.44999999999996,0.1286,0.0,0.4268,0.0,-1.1336,2.9716,0.7544274052033265,7.999999999999986,39.9,8.5
13.953999999910591,0.3972,-0.1708,0.5465999999999998,0.0499,-1.0597,2.5358,0.6298634317540246,-9.029999999999989,-39.4,-123.44999999999996,0.1316,0.0,0.4328,0.0,-1.1274,2.9578,0.7544274052033265,8.09999999999998,39.9,8.5
13.96900000050664,0.4112,-0.1747,0.5555999999999998,0.0448,-1.0649,2.5376,0.6298329137102312,-9.029999999999989,-39.4,-123.44999999999996,0.131,0.0,0.4385999999999998,0.0,-1.1297,2.9666,0.7544274052033265,8.09999999999998,39.9,8.5
13.984999999403954,0.3982,-0.1674,0.5519999999999998,0.0543,-1.0557,2.5332,0.6298329137102312,-9.129999999999995,-39.4,-123.44999999999996,0.1275,0.0,0.4234,0.0,-1.1346,2.9646000000000003,0.7544274052033265,8.09999999999998,39.9,8.5
14.0,0.3987,-0.1704,0.5446,0.0566,-1.0522,2.534,0.6298634317540246,-9.129999999999995,-39.4,-123.44999999999996,0.1237,0.0,0.4234,0.0,-1.1239,2.9744000000000006,0.7544274052033265,8.09999999999998,39.9,8.5
14.031999999657272,0.4046,-0.1728,0.5524,0.0495,-1.0539,2.5414,0.6298634317540246,-9.129999999999995,-39.4,-123.34999999999998,0.1232,0.0,0.4294,0.0,-1.1255,2.9682,0.7544274052033265,8.09999999999998,39.9,8.5
14.04700000025332,0.4076,-0.1793,0.5602,0.072,-1.0436,2.539,0.6298481727321279,-9.129999999999995,-39.4,-123.34999999999998,0.1237,0.0,0.4348,0.0,-1.1272,2.9762,0.7544274052033265,8.09999999999998,39.9,8.5
14.062999999150634,0.4016,-0.1665,0.557,0.0597,-1.0507,2.5362,0.6298481727321279,-9.129999999999995,-39.4,-123.34999999999998,0.1315,0.0,0.4232,0.0,-1.1305,2.9562000000000004,0.7544274052033265,8.09999999999998,39.9,8.5
14.09400000050664,0.3979,-0.1715,0.5412,0.055,-1.0579,2.533000000000001,0.6298481727321279,-9.129999999999995,-39.3,-123.34999999999998,0.1387,0.0,0.419,0.0,-1.1216,2.9634000000000005,0.7544274052033265,8.09999999999998,39.9,8.399999999999999
14.109999999403954,0.4058,-0.1677,0.5572,0.0526,-1.0642,2.5202,0.6298481727321279,-9.22999999999999,-39.3,-123.34999999999998,0.1342,0.0,0.4286,0.0,-1.1216,2.9702000000000015,0.7544274052033265,8.09999999999998,39.9,8.399999999999999
14.125,0.4121,-0.1787,0.5608,0.0536,-1.0429,2.5424,0.6298481727321279,-9.22999999999999,-39.3,-123.34999999999998,0.1247,0.0,0.4268,0.0,-1.1233,2.9716,0.7544274052033265,8.09999999999998,39.9,8.399999999999999
14.14100000075996,0.4064,-0.1687,0.5602,0.0483,-1.0573,2.5286,0.6298481727321279,-9.22999999999999,-39.3,-123.34999999999998,0.1396,0.0,0.426,0.0,-1.1241,2.9642000000000004,0.7544274052033265,8.09999999999998,39.9,8.399999999999999
14.156999999657272,0.4038,-0.1758,0.5532,0.0546,-1.0557,2.5288,0.6298481727321279,-9.22999999999999,-39.3,-123.34999999999998,0.12,0.0,0.4225999999999998,0.0,-1.1242,2.9742,0.7544274052033265,8.09999999999998,39.9,8.399999999999999
14.17200000025332,0.3923,-0.1714,0.5554,0.0513,-1.0556,2.5304,0.6298481727321279,-9.22999999999999,-39.3,-123.34999999999998,0.1288,0.0,0.434,0.0,-1.1283,2.962,0.7544274052033265,8.09999999999998,39.9,8.399999999999999
14.203999999910591,0.4054,-0.1757,0.5559999999999998,0.0556,-1.0556,2.5384,0.6298481727321279,-9.22999999999999,-39.3,-123.34999999999998,0.1345,0.0,0.4166,0.0,-1.1182,2.9622000000000006,0.7544274052033265,8.09999999999998,39.9,8.399999999999999
14.21900000050664,0.404,-0.1685,0.5616,0.0516,-1.0597,2.5226,0.6297871366445411,-9.22999999999999,-39.3,-123.34999999999998,0.1332,0.0,0.4377999999999998,0.0,-1.1197,2.9616,0.7544274052033265,8.09999999999998,39.9,8.399999999999999
14.234999999403954,0.3999,-0.1577,0.5473999999999998,0.0546,-1.053,2.5386,0.6297871366445411,-9.129999999999995,-39.3,-123.34999999999998,0.1245,0.0,0.4225999999999998,0.0,-1.1241,2.975,0.7544274052033265,8.09999999999998,39.9,8.5
14.25,0.3989,-0.1775,0.5576,0.0599,-1.0541,2.5346,0.6297871366445411,-9.129999999999995,-39.3,-123.34999999999998,0.1234,0.0,0.4342,0.0,-1.1305,2.9642000000000004,0.7544274052033265,8.09999999999998,39.9,8.5
14.281999999657272,0.4116,-0.1666,0.5542,0.0619,-1.0632,2.544,0.6297871366445411,-9.129999999999995,-39.3,-123.34999999999998,0.1325,0.0,0.4305999999999998,0.0,-1.1204,2.9658,0.7544274052033265,8.09999999999998,39.9,8.5
14.29700000025332,0.4069,-0.1717,0.5592,0.0621,-1.0704,2.5292,0.6297718776226444,-9.129999999999995,-39.3,-123.34999999999998,0.1254,0.0,0.4216,0.0,-1.1247,2.9692,0.7544274052033265,8.09999999999998,39.9,8.5
14.312999999150634,0.4048,-0.1617,0.551,0.0487,-1.0613,2.5378,0.6297718776226444,-9.129999999999995,-39.3,-123.34999999999998,0.1288,0.0,0.437,0.0,-1.1299,2.9662,0.7544274052033265,8.09999999999998,39.9,8.5
14.328999999910591,0.4135,-0.1788,0.5649999999999998,0.0516,-1.0554,2.5246,0.6297718776226444,-9.129999999999995,-39.3,-123.34999999999998,0.129,0.0,0.4356,0.0,-1.1249,2.9644,0.7544274052033265,8.09999999999998,39.9,8.5
14.34400000050664,0.4032,-0.17,0.5492,0.0572,-1.0671,2.5356,0.6297718776226444,-9.129999999999995,-39.3,-123.44999999999996,0.1264,0.0,0.423,0.0,-1.1205,2.9672,0.7544274052033265,8.09999999999998,39.9,8.5
14.359999999403954,0.402,-0.1718,0.5524,0.0657,-1.0523,2.5262,0.6297718776226444,-9.129999999999995,-39.2,-123.44999999999996,0.1284,0.0,0.4175999999999998,0.0,-1.1193,2.9598,0.7544274052033265,8.09999999999998,39.8,8.399999999999999
14.39100000075996,0.4027,-0.1707,0.5614,0.05,-1.0615,2.5188,0.6297261005569543,-9.029999999999989,-39.2,-123.44999999999996,0.1296,0.0,0.4316,0.0,-1.1203,2.9602000000000004,0.7544274052033265,8.09999999999998,39.8,8.399999999999999
14.42200000025332,0.4165,-0.1778,0.5698,0.0634,-1.05,2.5382,0.6297261005569543,-9.029999999999989,-39.2,-123.44999999999996,0.1252,0.0,0.4252,0.0,-1.1318,2.9604,0.7544274052033265,8.09999999999998,39.8,8.399999999999999
14.42200000025332,0.4053,-0.1725,0.5652,0.0623,-1.0517,2.525,0.6297261005569543,-9.029999999999989,-39.1,-123.34999999999998,0.1306,0.0,0.4234,0.0,-1.1275,2.9652,0.7544274052033265,8.09999999999998,39.8,8.399999999999999
14.453999999910591,0.3977,-0.1752,0.5602,0.0602,-1.0608,2.5244,0.6297261005569543,-9.029999999999989,-39.1,-123.34999999999998,0.1335,0.0,0.435,0.0,-1.1159,2.9682,0.7544274052033265,8.09999999999998,39.7,8.399999999999999
14.453999999910591,0.3993,-0.1807,0.5559999999999998,0.0548,-1.0586,2.5334,0.6297261005569543,-9.029999999999989,-39.0,-123.34999999999998,0.1353,0.0,0.4164,0.0,-1.124,2.9629999999999996,0.7544274052033265,8.09999999999998,39.7,8.5
14.484999999403954,0.4053,-0.1795,0.5574,0.0623,-1.0611,2.531,0.6296803234912642,-9.029999999999989,-38.9,-123.34999999999998,0.1234,0.0,0.4234,0.0,-1.129,2.953,0.7544274052033265,8.09999999999998,39.6,8.5
14.5,0.3988,-0.1688,0.5522,0.0473,-1.0645,2.5354,0.6296803234912642,-9.029999999999989,-38.9,-123.34999999999998,0.133,0.0,0.4281999999999998,0.0,-1.1264,2.9675999999999996,0.7544274052033265,8.09999999999998,39.6,8.5
14.51600000075996,0.4029,-0.1761,0.555,0.0685,-1.0501,2.5422,0.6297718776226444,-9.029999999999989,-38.8,-123.34999999999998,0.1257,0.0,0.4198,0.0,-1.1274,2.9644,0.7544274052033265,8.09999999999998,39.5,8.5
14.531999999657272,0.4043,-0.1762,0.5557999999999998,0.0505,-1.06,2.5322,0.6297718776226444,-9.029999999999989,-38.7,-123.44999999999996,0.1301,0.0,0.4196,0.0,-1.1166,2.9728,0.7544274052033265,8.09999999999998,39.5,8.5
14.562999999150634,0.4201,-0.1783,0.5649999999999998,0.053,-1.0535,2.5442000000000005,0.6296803234912642,-9.029999999999989,-38.7,-123.44999999999996,0.1386,0.0,0.4218,0.0,-1.1233,2.9712,0.7544274052033265,8.09999999999998,39.4,8.5
14.578999999910591,0.4029,-0.183,0.5442,0.0627,-1.0524,2.5332,0.6296803234912642,-8.929999999999993,-38.6,-123.44999999999996,0.1289,0.0,0.4244,0.0,-1.1234,2.9682,0.7544274052033265,8.09999999999998,39.3,8.5
14.59400000050664,0.3991,-0.1696,0.551,0.0582,-1.0542,2.546,0.6296803234912642,-8.929999999999993,-38.5,-123.44999999999996,0.1311,0.0,0.4294,0.0,-1.1195,2.9644,0.7544274052033265,7.999999999999986,39.2,8.5
14.609999999403954,0.3993,-0.1734,0.5546,0.0512,-1.0731,2.5332,0.6296955825131609,-8.929999999999993,-38.4,-123.54999999999998,0.1279,0.0,0.4188,0.0,-1.1242,2.9612,0.7544274052033265,7.999999999999986,39.1,8.5
14.64100000075996,0.4074,-0.175,0.5628,0.0631,-1.0641,2.5268,0.6296955825131609,-8.829999999999984,-38.3,-123.54999999999998,0.1357,0.0,0.4246,0.0,-1.1187,2.9592000000000005,0.7544274052033265,7.999999999999986,39.0,8.5
14.656999999657272,0.4083,-0.183,0.5586,0.0578,-1.0559,2.5376,0.6296955825131609,-8.72999999999999,-38.2,-123.54999999999998,0.1297,0.0,0.4186,0.0,-1.1277,2.9616,0.7544274052033265,7.999999999999986,38.9,8.5
14.67200000025332,0.4041,-0.1754,0.5567999999999999,0.0559,-1.0576,2.5320000000000005,0.6297718776226444,-8.72999999999999,-38.1,-123.64999999999998,0.1291,0.0,0.4161999999999998,0.0,-1.1281,2.957,0.7544274052033265,7.999999999999986,38.8,8.5
14.687999999150634,0.4085,-0.1829,0.5646,0.0605,-1.062,2.5368,0.6297718776226444,-8.629999999999995,-38.0,-123.64999999999998,0.1216,0.0,0.4081999999999998,0.0,-1.1273,2.9500000000000006,0.7544274052033265,7.999999999999986,38.7,8.5
14.703999999910591,0.4096,-0.1831,0.5592,0.0521,-1.0602,2.5412000000000003,0.6297718776226444,-8.629999999999995,-37.9,-123.64999999999998,0.1279,0.0,0.4149999999999998,0.0,-1.1273,2.9583999999999997,0.7544274052033265,7.999999999999986,38.6,8.5
14.734999999403954,0.4017,-0.1824,0.5552,0.0508,-1.0632,2.525,0.6298329137102312,-8.529999999999987,-37.8,-123.75,0.1324,0.0,0.4186,0.0,-1.123,2.9666,0.7544274052033265,7.899999999999977,38.5,8.5
14.75,0.393,-0.1682,0.5486,0.0579,-1.052,2.523,0.6298481727321279,-8.529999999999987,-37.7,-123.75,0.1412,0.0,0.4183999999999998,0.0,-1.1181,2.9622000000000006,0.7544274052033265,7.899999999999977,38.4,8.399999999999999
14.76600000075996,0.4038,-0.1712,0.5576,0.0673,-1.0566,2.5302,0.6298481727321279,-8.429999999999993,-37.6,-123.84999999999998,0.1325,0.0,0.4278,0.0,-1.1288,2.9522,0.7544274052033265,7.899999999999977,38.2,8.399999999999999
14.79700000025332,0.3938,-0.1672,0.5502,0.0368,-1.052,2.5368,0.6299244678416114,-8.329999999999984,-37.4,-123.84999999999998,0.1356,0.0,0.4152,0.0,-1.1231,2.9566000000000003,0.7544274052033265,7.899999999999977,38.1,8.399999999999999
14.812999999150634,0.3979,-0.1783,0.5519999999999998,0.0617,-1.0584,2.5338,0.6299244678416114,-8.329999999999984,-37.3,-123.94999999999996,0.1253,0.0,0.4305999999999998,0.0,-1.1251,2.956,0.7544274052033265,7.799999999999983,37.9,8.399999999999999
14.828999999910591,0.4017,-0.1671,0.5604,0.0646,-1.0581,2.523,0.6299244678416114,-8.22999999999999,-37.2,-123.94999999999996,0.1301,0.0,0.4161999999999998,0.0,-1.126,2.9616,0.7544274052033265,7.799999999999983,37.8,8.299999999999997
14.84400000050664,0.3943,-0.1706,0.5484,0.0661,-1.055,2.5356,0.6299397268635081,-8.129999999999995,-37.0,-124.04999999999998,0.1218,0.0,0.4092,0.0,-1.1344,2.9482,0.7544274052033265,7.799999999999983,37.6,8.299999999999997
14.859999999403954,0.3964,-0.1737,0.5477999999999998,0.0576,-1.0567,2.5318,0.6300770580605783,-8.029999999999987,-36.9,-124.04999999999998,0.1264,0.0,0.4138,0.0,-1.1226,2.9596,0.7544274052033265,7.799999999999983,37.5,8.299999999999997
14.875,0.3905,-0.156,0.5469999999999998,0.0557,-1.0498,2.5418,0.6301075761043717,-7.929999999999993,-36.7,-124.14999999999998,0.1238,0.0,0.4046,0.0,-1.1364,2.9532,0.7544274052033265,7.699999999999989,37.3,8.299999999999997
14.906999999657272,0.3989,-0.1671,0.5515999999999998,0.0595,-1.0603,2.5292,0.630244907301442,-7.929999999999993,-36.6,-124.14999999999998,0.1322,0.0,0.4208,0.0,-1.1233,2.9648,0.7544274052033265,7.699999999999989,37.1,8.299999999999997
14.92200000025332,0.3912,-0.178,0.551,0.0584,-1.0519,2.5318,0.6303212024109255,-7.829999999999984,-36.4,-124.25,0.1453,0.0,0.4132,0.0,-1.1299,2.9626,0.7544274052033265,7.699999999999989,37.0,8.200000000000003
14.937999999150634,0.3959,-0.1633,0.553,0.0611,-1.0526,2.5366,0.6303212024109255,-7.72999999999999,-36.2,-124.25,0.1299,0.0,0.419,0.0,-1.1274,2.9574,0.7544274052033265,7.699999999999989,36.8,8.200000000000003
14.953999999910591,0.3997,-0.1673,0.5524,0.0605,-1.0578,2.5412000000000003,0.6303517204547189,-7.6299999999999955,-36.0,-124.34999999999998,0.1277,0.0,0.417,0.0,-1.1287,2.9684000000000004,0.7544274052033265,7.59999999999998,36.6,8.200000000000003
14.96900000050664,0.4028,-0.1645,0.5526,0.0565,-1.0567,2.5274,0.6303212024109255,-7.6299999999999955,-35.800000000000004,-124.34999999999998,0.1383,0.0,0.4076,0.0,-1.1239,2.9568,0.7544274052033265,7.59999999999998,36.4,8.200000000000003
15.0,0.3871,-0.1685,0.5424,0.0617,-1.076,2.5338,0.6303517204547189,-7.529999999999987,-35.7,-124.34999999999998,0.1353,0.0,0.4232,0.0,-1.122,2.9600000000000004,0.7544274052033265,7.59999999999998,36.2,8.200000000000003
15.01600000075996,0.3905,-0.1562,0.5446,0.0546,-1.071,2.5274,0.6303517204547189,-7.429999999999993,-35.5,-124.44999999999996,0.1332,0.0,0.4164,0.0,-1.1275,2.9568,0.7544274052033265,7.59999999999998,36.0,8.200000000000003
15.031999999657272,0.3955,-0.1595,0.5479999999999996,0.0577,-1.0647,2.52,0.6303517204547189,-7.429999999999993,-35.2,-124.44999999999996,0.1356,0.0,0.4063999999999998,0.0,-1.1254,2.9566000000000003,0.7544274052033265,7.499999999999986,35.800000000000004,8.200000000000003
15.04700000025332,0.3934,-0.164,0.5426,0.0589,-1.0659,2.5258,0.6304432745860991,-7.329999999999984,-35.0,-124.44999999999996,0.1341,0.0,0.4134,0.0,-1.1249,2.9596,0.7544274052033265,7.499999999999986,35.6,8.200000000000003
15.078999999910591,0.3904,-0.1692,0.5427999999999998,0.0547,-1.0654,2.5336,0.6305043106736858,-7.329999999999984,-34.800000000000004,-124.54999999999998,0.1379,0.0,0.4138,0.0,-1.1275,2.9583999999999997,0.7544274052033265,7.499999999999986,35.4,8.200000000000003
15.09400000050664,0.3971,-0.1661,0.5489999999999996,0.0616,-1.0506,2.5412000000000003,0.6305653467612726,-7.22999999999999,-34.6,-124.54999999999998,0.1348,0.0,0.4192,0.0,-1.1248,2.9558,0.7544274052033265,7.499999999999986,35.1,8.200000000000003
15.109999999403954,0.3816,-0.1682,0.5384,0.051,-1.0707,2.5298,0.6306874189364462,-7.129999999999996,-34.300000000000004,-124.54999999999998,0.1343,0.0,0.418,0.0,-1.1288,2.9616,0.7544274052033265,7.399999999999977,34.9,8.200000000000003
15.125,0.3892,-0.1606,0.5475999999999998,0.0607,-1.0533,2.5438,0.6307942320897231,-7.129999999999996,-34.1,-124.64999999999998,0.1358,0.0,0.414,0.0,-1.1261,2.959,0.7544274052033265,7.399999999999977,34.7,8.200000000000003
15.14100000075996,0.3987,-0.1614,0.5515999999999998,0.0553,-1.0741,2.5172,0.6307942320897231,-7.029999999999987,-33.9,-124.64999999999998,0.1255,0.0,0.4108,0.0,-1.1401,2.9626,0.7544274052033265,7.399999999999977,34.4,8.200000000000003
15.17200000025332,0.3914,-0.1607,0.5484,0.0562,-1.0789,2.520800000000001,0.6308705271992066,-6.929999999999993,-33.6,-124.75,0.1313,0.0,0.4218,0.0,-1.129,2.9522,0.7544274052033265,7.299999999999983,34.2,8.100000000000001
15.187999999150634,0.3904,-0.1701,0.5489999999999996,0.0641,-1.0683,2.5192,0.6308705271992066,-6.829999999999984,-33.4,-124.75,0.1326,0.0,0.3998,0.0,-1.1333,2.9442,0.7544274052033265,7.299999999999983,33.9,8.100000000000001
15.203999999910591,0.3853,-0.1592,0.5494,0.0489,-1.0658,2.5314,0.6310078583962768,-6.72999999999999,-33.1,-124.84999999999998,0.1336,0.0,0.4154,0.0,-1.1248,2.955,0.7544274052033265,7.299999999999983,33.7,8.100000000000001
15.21900000050664,0.3819,-0.1553,0.5402,0.0606,-1.0721,2.5294,0.6310383764400702,-6.629999999999996,-32.9,-124.84999999999998,0.1421,0.0,0.4084,0.0,-1.1351,2.9456,0.7544274052033265,7.199999999999989,33.4,8.100000000000001
15.25,0.3789,-0.1654,0.5393999999999998,0.0534,-1.0648,2.5352,0.6311604486152438,-6.529999999999987,-32.6,-124.94999999999996,0.1382,0.0,0.412,0.0,-1.1241,2.945,0.7544274052033265,7.199999999999989,33.2,8.100000000000001
15.26600000075996,0.383,-0.1476,0.5378,0.0512,-1.0731,2.5252,0.6311909666590372,-6.429999999999993,-32.4,-125.04999999999998,0.1455,0.0,0.4021999999999998,0.0,-1.1298,2.9568,0.7544274052033265,7.199999999999989,32.9,8.100000000000001
15.281999999657272,0.3831,-0.1493,0.5334,0.0511,-1.0758,2.5306,0.6312367437247273,-6.329999999999984,-32.1,-125.04999999999998,0.137,0.0,0.4112,0.0,-1.1304,2.9458000000000006,0.7544274052033265,7.09999999999998,32.6,8.100000000000001
15.29700000025332,0.3905,-0.1545,0.5433999999999998,0.0569,-1.0745,2.5188,0.6313435568780041,-6.22999999999999,-31.9,-125.14999999999998,0.1433,0.0,0.4109999999999998,0.0,-1.122,2.9592000000000005,0.7544274052033265,7.09999999999998,32.300000000000004,8.100000000000001
15.312999999150634,0.3912,-0.1534,0.5464,0.0633,-1.0725,2.5298,0.6313588158999008,-6.129999999999996,-31.6,-125.14999999999998,0.1364,0.0,0.4036,0.0,-1.1218,2.9544,0.7544274052033265,6.999999999999986,32.1,8.100000000000001
15.328999999910591,0.3925,-0.1506,0.5412,0.0512,-1.0747,2.5252,0.6314961470969711,-6.029999999999987,-31.3,-125.25,0.1402,0.0,0.4063999999999998,0.0,-1.1231,2.9532,0.7544274052033265,6.999999999999986,31.800000000000004,8.100000000000001
15.359999999403954,0.3868,-0.1455,0.5387999999999996,0.0466,-1.072,2.523,0.6315266651407645,-5.929999999999993,-31.1,-125.25,0.1381,0.0,0.3952,0.0,-1.126,2.957,0.7544274052033265,6.999999999999986,31.5,8.100000000000001
15.375,0.3912,-0.1519,0.5456,0.0486,-1.074,2.5320000000000005,0.6316792553597315,-5.829999999999984,-30.8,-125.34999999999998,0.159,0.0,0.4106,0.0,-1.1366,2.9506,0.7544274052033265,6.899999999999977,31.200000000000003,8.100000000000001
15.39100000075996,0.379,-0.1422,0.5242,0.0451,-1.0816,2.5246,0.6317860685130083,-5.72999999999999,-30.5,-125.34999999999998,0.1387,0.0,0.4046,0.0,-1.1274,2.9506,0.7544274052033265,6.899999999999977,30.9,8.100000000000001
15.42200000025332,0.3687,-0.1498,0.519,0.0519,-1.0729,2.5342,0.6320454718852522,-5.72999999999999,-30.200000000000003,-125.44999999999996,0.1521,0.0,0.4032,0.0,-1.1276,2.9468,0.7544274052033265,6.899999999999977,30.700000000000003,8.100000000000001
15.437999999150634,0.3808,-0.1508,0.5299999999999996,0.0448,-1.0791,2.5268,0.6320759899290456,-5.629999999999996,-30.0,-125.44999999999996,0.1416,0.0,0.4034,0.0,-1.134,2.9412,0.7544274052033265,6.799999999999983,30.4,8.0
15.453999999910591,0.3724,-0.1386,0.5304,0.0444,-1.0737,2.5268,0.6320759899290456,-5.529999999999987,-29.700000000000003,-125.44999999999996,0.1517,0.0,0.4018,0.0,-1.1307,2.9480000000000004,0.7544274052033265,6.799999999999983,30.1,8.0
15.46900000050664,0.3764,-0.1393,0.5347999999999998,0.0494,-1.0718,2.5328,0.6323506523231861,-5.529999999999987,-29.4,-125.54999999999998,0.1332,0.0,0.4063999999999998,0.0,-1.1347,2.9414,0.7544274052033265,6.799999999999983,29.8,8.0
15.484999999403954,0.3868,-0.1366,0.5353999999999998,0.0453,-1.0845,2.531,0.6323659113450828,-5.429999999999993,-29.1,-125.54999999999998,0.1492,0.0,0.3986,0.0,-1.125,2.9526,0.7544274052033265,6.699999999999989,29.5,8.0
15.5,0.3817,-0.1339,0.5387999999999996,0.05,-1.0752,2.5184000000000006,0.6323659113450828,-5.329999999999984,-28.8,-125.54999999999998,0.1411,0.0,0.3898,0.0,-1.1276,2.9486000000000003,0.7544274052033265,6.699999999999989,29.200000000000003,7.899999999999999
15.531999999657272,0.3773,-0.1546,0.5325999999999999,0.0449,-1.0675,2.521,0.6327321278706035,-5.22999999999999,-28.6,-125.64999999999998,0.1465,0.0,0.3971999999999996,0.0,-1.1328,2.9418,0.7544274052033265,6.59999999999998,29.0,7.899999999999999
15.54700000025332,0.3836,-0.1458,0.531,0.0712,-1.0794,2.5144,0.632961013199054,-5.129999999999996,-28.3,-125.64999999999998,0.1501,0.0,0.3949999999999996,0.0,-1.1226,2.9552,0.7544274052033265,6.59999999999998,28.700000000000003,7.899999999999999
15.562999999150634,0.3737,-0.1356,0.5233999999999998,0.0527,-1.0695,2.5192,0.6330373083085374,-5.129999999999996,-28.0,-125.64999999999998,0.1502,0.0,0.4049999999999996,0.0,-1.1274,2.943000000000001,0.7544274052033265,6.59999999999998,28.4,7.899999999999999
15.59400000050664,0.3768,-0.1433,0.5304,0.0482,-1.0833,2.5298,0.6334340428778515,-5.029999999999987,-27.700000000000003,-125.75,0.1485,0.0,0.397,0.0,-1.1404,2.9454,0.7544274052033265,6.499999999999986,28.1,7.799999999999997
15.609999999403954,0.3774,-0.1309,0.5265999999999998,0.0349,-1.0758,2.5238,0.6336171511406119,-4.929999999999993,-27.5,-125.75,0.1396,0.0,0.408,0.0,-1.1287,2.9494,0.7544274052033265,6.499999999999986,27.8,7.799999999999997
15.625,0.3713,-0.1427,0.5233999999999998,0.0308,-1.0724,2.5280000000000005,0.6337239642938888,-4.829999999999984,-27.200000000000003,-125.84999999999998,0.1502,0.0,0.3948,0.0,-1.1281,2.9480000000000004,0.7544274052033265,6.399999999999977,27.5,7.799999999999997
15.64100000075996,0.3723,-0.1404,0.5248,0.0552,-1.079,2.5278,0.6338002594033723,-4.72999999999999,-26.9,-125.84999999999998,0.149,0.0,0.4066,0.0,-1.1298,2.9492,0.7544274052033265,6.399999999999977,27.3,7.799999999999997
15.656999999657272,0.3612,-0.1223,0.5195999999999998,0.047,-1.0768,2.5296,0.634013885709926,-4.629999999999996,-26.6,-125.94999999999996,0.1623,0.0,0.3912,0.0,-1.1248,2.9385999999999997,0.7544274052033265,6.399999999999977,27.0,7.799999999999997
15.67200000025332,0.3746,-0.1219,0.523,0.058,-1.0764,2.5264,0.6340444037537194,-4.529999999999987,-26.4,-126.04999999999998,0.1483,0.0,0.3966,0.0,-1.1257,2.9462,0.7544274052033265,6.299999999999983,26.700000000000003,7.700000000000003
15.703999999910591,0.3705,-0.1358,0.5193999999999998,0.0301,-1.0807,2.5326,0.6343190661478599,-4.429999999999993,-26.1,-126.04999999999998,0.1542,0.0,0.4012,0.0,-1.1263,2.9514,0.7544274052033265,6.299999999999983,26.4,7.700000000000003
15.71900000050664,0.3675,-0.1326,0.5204,0.0522,-1.0752,2.5288,0.6346395056076906,-4.329999999999984,-25.8,-126.04999999999998,0.1512,0.0,0.3976,0.0,-1.1453,2.9390000000000014,0.7544274052033265,6.299999999999983,26.1,7.700000000000003
15.734999999403954,0.3755,-0.1311,0.5324,0.0547,-1.0908,2.5236,0.6348531319142443,-4.22999999999999,-25.6,-126.14999999999998,0.1552,0.0,0.3974,0.0,-1.1374,2.9416,0.7544274052033265,6.199999999999989,25.9,7.700000000000003
15.76600000075996,0.3671,-0.1348,0.5214,0.0324,-1.0863,2.52,0.634868390936141,-4.129999999999996,-25.3,-126.14999999999998,0.1498,0.0,0.3962,0.0,-1.1299,2.937,0.7544274052033265,6.199999999999989,25.6,7.700000000000003
15.781999999657272,0.3743,-0.139,0.517,0.0588,-1.0783,2.5284,0.6348836499580377,-4.029999999999987,-25.0,-126.25,0.1514,0.0,0.3993999999999996,0.0,-1.1401,2.9382,0.7544274052033265,6.199999999999989,25.3,7.700000000000003
15.79700000025332,0.3724,-0.1324,0.5217999999999998,0.0526,-1.0761,2.5188,0.6350820172426948,-4.029999999999987,-24.700000000000003,-126.25,0.1587,0.0,0.3859999999999998,0.0,-1.1371,2.9434,0.7544274052033265,6.09999999999998,25.0,7.700000000000003
15.812999999150634,0.3548,-0.1219,0.5124,0.0413,-1.0704,2.5258,0.6350820172426948,-3.9299999999999926,-24.4,-126.25,0.1559,0.0,0.3884,0.0,-1.1437,2.941,0.7544274052033265,6.09999999999998,24.700000000000003,7.700000000000003
15.828999999910591,0.3645,-0.1205,0.5204,0.0409,-1.082,2.513199999999999,0.6350820172426948,-3.829999999999984,-24.200000000000003,-126.25,0.1538,0.0,0.3981999999999998,0.0,-1.1283,2.9494,0.7544274052033265,6.09999999999998,24.4,7.700000000000003
15.84400000050664,0.3634,-0.1211,0.5095999999999998,0.0411,-1.0824,2.527,0.6351277943083848,-3.829999999999984,-23.9,-126.34999999999998,0.1585,0.0,0.3912,0.0,-1.1406,2.9434,0.7544274052033265,5.999999999999986,24.200000000000003,7.700000000000003
15.875,0.3634,-0.1151,0.5125999999999998,0.0489,-1.0739,2.5202,0.6354482337682155,-3.7299999999999898,-23.6,-126.34999999999998,0.1559,0.0,0.4039999999999998,0.0,-1.1265,2.945,0.7544274052033265,5.999999999999986,23.9,7.700000000000003
15.89100000075996,0.3532,-0.1206,0.5088,0.0478,-1.0777,2.5186,0.6354787518120089,-3.629999999999996,-23.3,-126.34999999999998,0.1558,0.0,0.4001999999999998,0.0,-1.1385,2.9402000000000004,0.7544274052033265,5.999999999999986,23.6,7.700000000000003
15.906999999657272,0.368,-0.1182,0.5155999999999998,0.0459,-1.0767,2.5088,0.6354787518120089,-3.629999999999996,-23.0,-126.34999999999998,0.155,0.0,0.3959999999999998,0.0,-1.1201,2.9364000000000003,0.7544274052033265,5.899999999999977,23.3,7.700000000000003
15.937999999150634,0.357,-0.116,0.5052,0.0424,-1.0705,2.5112,0.6355550469214923,-3.529999999999987,-22.8,-126.44999999999996,0.1518,0.0,0.3976,0.0,-1.1398,2.9412,0.7544274052033265,5.899999999999977,23.0,7.700000000000003
15.953999999910591,0.3548,-0.1107,0.5033999999999998,0.0314,-1.071,2.5152,0.6356008239871824,-3.4299999999999926,-22.5,-126.44999999999996,0.1619,0.0,0.3941999999999998,0.0,-1.1293,2.9356000000000004,0.7544274052033265,5.899999999999977,22.8,7.700000000000003
15.96900000050664,0.3507,-0.1215,0.5118,0.0368,-1.0805,2.53,0.6359365224689097,-3.329999999999984,-22.200000000000003,-126.44999999999996,0.1578,0.0,0.3887999999999998,0.0,-1.1309,2.9408,0.7544274052033265,5.799999999999983,22.5,7.600000000000001
15.984999999403954,0.3547,-0.1073,0.5084,0.0301,-1.0783,2.5094,0.6360585946440833,-3.329999999999984,-22.0,-126.44999999999996,0.1679,0.0,0.3861999999999998,0.0,-1.1294,2.94,0.7544274052033265,5.799999999999983,22.200000000000003,7.600000000000001
16.01600000075996,0.3568,-0.1125,0.5082,0.0306,-1.0845,2.5122,0.6360585946440833,-3.2299999999999898,-21.700000000000003,-126.54999999999998,0.1575,0.0,0.3826,0.0,-1.1377,2.9326000000000003,0.7544274052033265,5.799999999999983,21.9,7.600000000000001
16.031999999657273,0.3522,-0.1135,0.5115999999999998,0.0346,-1.0794,2.52,0.6361196307316701,-3.1299999999999955,-21.4,-126.54999999999998,0.155,0.0,0.391,0.0,-1.1371,2.9385999999999997,0.7544274052033265,5.699999999999989,21.6,7.600000000000001
16.04700000025332,0.3557,-0.1064,0.511,0.0295,-1.0843,2.5214,0.6361196307316701,-3.029999999999987,-21.200000000000003,-126.64999999999998,0.1503,0.0,0.3932,0.0,-1.1279,2.9412,0.7544274052033265,5.699999999999989,21.4,7.600000000000001
16.062999999150634,0.3593,-0.1104,0.5106,0.032,-1.0825,2.5088,0.6362569619287404,-2.9299999999999926,-20.9,-126.64999999999998,0.1721,0.0,0.3916,0.0,-1.1408,2.9302000000000006,0.7544274052033265,5.699999999999989,21.1,7.600000000000001
16.078999999910593,0.3408,-0.1135,0.4949999999999998,0.0359,-1.0848,2.5166,0.6364400701915007,-2.829999999999984,-20.6,-126.75,0.1553,0.0,0.3844,0.0,-1.1305,2.9382,0.7544274052033265,5.59999999999998,20.8,7.600000000000001
16.109999999403954,0.3538,-0.1075,0.5046,0.0444,-1.0834,2.5112,0.6367452506294347,-2.7299999999999898,-20.4,-126.75,0.1649,0.0,0.3941999999999998,0.0,-1.1329,2.9374,0.7544274052033265,5.59999999999998,20.5,7.600000000000001
16.125,0.3527,-0.1019,0.504,0.0315,-1.0784,2.5238,0.6367452506294347,-2.7299999999999898,-20.1,-126.75,0.1561,0.0,0.3876,0.0,-1.139,2.9346,0.7544274052033265,5.59999999999998,20.200000000000003,7.600000000000001
16.125,0.341,-0.1018,0.5042,0.0202,-1.0905,2.5188,0.6367910276951247,-2.6299999999999955,-19.8,-126.84999999999998,0.163,0.0,0.3898,0.0,-1.1316,2.937,0.7544274052033265,5.499999999999986,20.0,7.600000000000001
16.156999999657273,0.3415,-0.0984,0.5035999999999998,0.034,-1.0733,2.5086,0.6369436179140917,-2.529999999999987,-19.5,-126.84999999999998,0.1507,0.0,0.3966,0.0,-1.1365,2.937,0.7544274052033265,5.499999999999986,19.700000000000003,7.600000000000001
16.17200000025332,0.3544,-0.0966,0.4996,0.0332,-1.0845,2.513,0.6369893949797818,-2.4299999999999926,-19.3,-126.84999999999998,0.1625,0.0,0.3844,0.0,-1.1265,2.9322000000000004,0.7544274052033265,5.499999999999986,19.4,7.600000000000001
16.187999999150634,0.3441,-0.0954,0.5055999999999998,0.038,-1.0959,2.5116,0.6372030212863355,-2.4299999999999926,-19.0,-126.84999999999998,0.1582,0.0,0.3853999999999998,0.0,-1.1363,2.93,0.7544274052033265,5.399999999999977,19.1,7.600000000000001
16.21900000050664,0.3455,-0.0933,0.4964,0.0288,-1.0873,2.5124,0.6372182803082322,-2.329999999999984,-18.700000000000003,-126.84999999999998,0.1613,0.0,0.3867999999999998,0.0,-1.1359,2.9422,0.7544274052033265,5.399999999999977,18.9,7.600000000000001
16.234999999403954,0.3491,-0.1072,0.4986,0.0395,-1.095,2.5038,0.6373098344396124,-2.2299999999999898,-18.4,-126.94999999999996,0.167,0.0,0.383,0.0,-1.1466,2.9236000000000004,0.7544274052033265,5.399999999999977,18.6,7.5
16.25,0.3487,-0.0893,0.4949999999999998,0.0335,-1.1,2.5038,0.6376455329213397,-2.2299999999999898,-18.200000000000003,-126.94999999999996,0.1625,0.0,0.3864,0.0,-1.1391,2.9314,0.7544274052033265,5.299999999999983,18.3,7.5
16.26600000075996,0.3393,-0.0948,0.4869999999999998,0.0245,-1.0931,2.5146,0.6377065690089265,-2.1299999999999955,-17.900000000000002,-126.94999999999996,0.1663,0.0,0.3844,0.0,-1.1232,2.9352,0.7544274052033265,5.299999999999983,18.0,7.5
16.29700000025332,0.3541,-0.1086,0.4918,0.0297,-1.086,2.508,0.6377218280308232,-2.1299999999999955,-17.6,-126.94999999999996,0.1623,0.0,0.3887999999999998,0.0,-1.1402,2.927,0.7544274052033265,5.299999999999983,17.700000000000003,7.5
16.29700000025332,0.3455,-0.0933,0.4898,0.0275,-1.0933,2.5022,0.6377218280308232,-2.029999999999987,-17.3,-126.94999999999996,0.1623,0.0,0.3873999999999998,0.0,-1.1354,2.9366,0.7544274052033265,5.199999999999989,17.5,7.5
16.328999999910593,0.3426,-0.102,0.4989999999999998,0.021,-1.0971,2.5108,0.63778286411841,-1.9299999999999928,-17.1,-126.94999999999996,0.1674,0.0,0.3867999999999998,0.0,-1.1312,2.9312,0.7544274052033265,5.199999999999989,17.200000000000003,7.399999999999999
16.34400000050664,0.3388,-0.0841,0.489,0.0211,-1.077,2.5076,0.6378591592278935,-1.9299999999999928,-16.8,-126.94999999999996,0.1679,0.0,0.3856,0.0,-1.1371,2.9282,0.7544274052033265,5.199999999999989,16.900000000000002,7.399999999999999
16.359999999403954,0.3436,-0.0935,0.4936,0.0236,-1.0779,2.521,0.6381033035782406,-1.829999999999984,-16.5,-127.04999999999998,0.1623,0.0,0.3839999999999998,0.0,-1.1333,2.927,0.7544274052033265,5.09999999999998,16.6,7.399999999999999
16.39100000075996,0.3356,-0.1061,0.4852,0.0167,-1.0988,2.509,0.638133821622034,-1.7299999999999898,-16.2,-127.04999999999998,0.1669,0.0,0.3948,0.0,-1.139,2.9266,0.7544274052033265,5.09999999999998,16.3,7.399999999999999
16.406999999657273,0.3427,-0.075,0.4854,0.019,-1.0928,2.5116,0.6381795986877241,-1.6299999999999957,-16.0,-127.04999999999998,0.1622,0.0,0.391,0.0,-1.1373,2.9304,0.7544274052033265,5.09999999999998,16.1,7.399999999999999
16.42200000025332,0.3344,-0.0794,0.4938,0.0275,-1.0932,2.5162,0.638286411841001,-1.6299999999999957,-15.7,-127.14999999999998,0.1591,0.0,0.3824,0.0,-1.146,2.929,0.7544274052033265,5.09999999999998,15.8,7.399999999999999
16.437999999150634,0.3462,-0.0969,0.4796,0.0114,-1.0895,2.5162,0.6384084840161746,-1.529999999999987,-15.5,-127.14999999999998,0.1621,0.0,0.3949999999999996,0.0,-1.1381,2.9402000000000004,0.7544274052033265,4.999999999999986,15.5,7.399999999999999
16.453999999910593,0.3387,-0.0838,0.4966,0.0203,-1.11,2.5016,0.638484779125658,-1.4299999999999926,-15.2,-127.14999999999998,0.1757,0.0,0.3861999999999998,0.0,-1.133,2.9266,0.7544274052033265,4.999999999999986,15.2,7.399999999999999
16.46900000050664,0.3265,-0.0726,0.4861999999999998,0.0343,-1.0999,2.520800000000001,0.6385610742351415,-1.329999999999984,-14.9,-127.25,0.1746,0.0,0.3771999999999998,0.0,-1.1307,2.9282,0.7544274052033265,4.999999999999986,15.0,7.399999999999999
16.5,0.3404,-0.0867,0.498,0.0319,-1.1112,2.4996000000000005,0.6385610742351415,-1.2299999999999898,-14.7,-127.25,0.1687,0.0,0.3771999999999998,0.0,-1.139,2.9192,0.7544274052033265,4.899999999999977,14.7,7.399999999999999
16.51600000075996,0.3299,-0.0789,0.4964,0.0213,-1.09,2.4966,0.6385610742351415,-1.2299999999999898,-14.4,-127.25,0.1607,0.0,0.3896,0.0,-1.1331,2.9318000000000004,0.7544274052033265,4.899999999999977,14.4,7.399999999999999
16.531999999657273,0.3236,-0.0794,0.478,0.0123,-1.0952,2.5066,0.6386068513008316,-1.1299999999999957,-14.1,-127.25,0.17,0.0,0.3792,0.0,-1.1323,2.925,0.7544274052033265,4.899999999999977,14.1,7.399999999999999
16.562999999150634,0.3325,-0.074,0.4874,0.0148,-1.1009,2.5206,0.6386068513008316,-1.029999999999987,-13.8,-127.25,0.1625,0.0,0.3774,0.0,-1.131,2.9256000000000006,0.7544274052033265,4.799999999999983,13.9,7.399999999999999
16.578999999910593,0.3362,-0.0666,0.4881999999999998,0.0101,-1.0953,2.5068,0.6388967727168688,-1.029999999999987,-13.6,-127.34999999999998,0.1738,0.0,0.3664,0.0,-1.1322,2.9232,0.7544274052033265,4.799999999999983,13.6,7.399999999999999
16.59400000050664,0.3355,-0.0821,0.488,0.0105,-1.0928,2.511,0.639140917067216,-0.9299999999999926,-13.3,-127.34999999999998,0.1701,0.0,0.3752,0.0,-1.1346,2.9174,0.7544274052033265,4.799999999999983,13.3,7.399999999999999
16.609999999403954,0.3253,-0.0569,0.469,0.0168,-1.0918,2.500999999999999,0.6391561760891127,-0.9299999999999926,-13.0,-127.34999999999998,0.1644,0.0,0.3768,0.0,-1.1308,2.9196000000000004,0.7544274052033265,4.699999999999989,13.0,7.399999999999999
16.625,0.3296,-0.0799,0.4846,0.0177,-1.0886,2.512800000000001,0.6391866941329061,-0.8299999999999841,-12.8,-127.34999999999998,0.1757,0.0,0.3662,0.0,-1.127,2.9218,0.7544274052033265,4.699999999999989,12.8,7.399999999999999
16.64100000075996,0.3301,-0.0745,0.4796,0.015,-1.0995,2.5084,0.6392477302204929,-0.7299999999999898,-12.5,-127.34999999999998,0.1664,0.0,0.3696,0.0,-1.1337,2.9202,0.7544274052033265,4.699999999999989,12.5,7.399999999999999
16.67200000025332,0.3277,-0.0756,0.4744,0.0171,-1.0968,2.5102,0.6392629892423896,-0.7299999999999898,-12.2,-127.34999999999998,0.1683,0.0,0.3786,0.0,-1.1439,2.9244,0.7544274052033265,4.59999999999998,12.2,7.399999999999999
16.687999999150634,0.3221,-0.0832,0.4798,0.0133,-1.0996,2.4926,0.639293507286183,-0.6299999999999955,-11.9,-127.34999999999998,0.1703,0.0,0.3838,0.0,-1.1319,2.9234000000000004,0.7544274052033265,4.59999999999998,11.9,7.399999999999999
16.703999999910593,0.3201,-0.0779,0.477,0.0179,-1.1073,2.5002,0.6393240253299763,-0.6299999999999955,-11.7,-127.34999999999998,0.1737,0.0,0.379,0.0,-1.1365,2.9238,0.7544274052033265,4.59999999999998,11.7,7.399999999999999
16.734999999403954,0.3184,-0.0693,0.4716,0.0007,-1.1088,2.5042,0.6393698023956664,-0.5299999999999869,-11.4,-127.34999999999998,0.164,0.0,0.367,0.0,-1.1347,2.916,0.7544274052033265,4.499999999999986,11.4,7.399999999999999
16.75,0.3255,-0.0745,0.4789999999999998,0.0098,-1.1073,2.4972,0.6394766155489433,-0.4299999999999926,-11.1,-127.34999999999998,0.165,0.0,0.3781999999999998,0.0,-1.139,2.9208,0.7544274052033265,4.499999999999986,11.1,7.399999999999999
16.76600000075996,0.3147,-0.0742,0.4765999999999998,0.0136,-1.0929,2.502,0.6397207598992904,-0.4299999999999926,-10.9,-127.34999999999998,0.1745,0.0,0.3818,0.0,-1.1435,2.9222,0.7544274052033265,4.499999999999986,10.8,7.399999999999999
16.781999999657273,0.3218,-0.0682,0.4724,0.0044,-1.0972,2.508,0.6398275730525673,-0.3299999999999841,-10.6,-127.44999999999996,0.1647,0.0,0.3836,0.0,-1.1249,2.9149999999999996,0.7544274052033265,4.499999999999986,10.6,7.299999999999997
16.79700000025332,0.3176,-0.0668,0.4758,0.0066,-1.1044,2.5048,0.6398733501182574,-0.2299999999999897,-10.3,-127.44999999999996,0.1757,0.0,0.3668,0.0,-1.1383,2.9174,0.7544274052033265,4.399999999999977,10.3,7.299999999999997
16.812999999150634,0.3121,-0.0697,0.4734,0.0085,-1.111,2.5066,0.6398733501182574,-0.1299999999999954,-10.1,-127.44999999999996,0.1729,0.0,0.3757999999999998,0.0,-1.135,2.9282,0.7544274052033265,4.399999999999977,10.0,7.299999999999997
16.84400000050664,0.3042,-0.0564,0.4659999999999998,0.0111,-1.1014,2.5072,0.6399343862058442,-0.1299999999999954,-9.8,-127.44999999999996,0.179,0.0,0.3704,0.0,-1.1415,2.9114,0.7544274052033265,4.399999999999977,9.7,7.299999999999997
16.859999999403954,0.3206,-0.0619,0.4725999999999998,0.0006,-1.1007,2.4964,0.6399649042496376,-0.0299999999999869,-9.5,-127.44999999999996,0.1695,0.0,0.3659999999999998,0.0,-1.1277,2.9268000000000014,0.7544274052033265,4.299999999999983,9.4,7.299999999999997
16.875,0.3169,-0.0628,0.47,0.008,-1.087,2.5018,0.6400259403372244,0.0700000000000073,-9.2,-127.44999999999996,0.1724,0.0,0.3645999999999998,0.0,-1.1364,2.9168,0.7544274052033265,4.299999999999983,9.2,7.299999999999997
16.89100000075996,0.3074,-0.057,0.4613999999999998,0.0136,-1.1067,2.4962,0.6400259403372244,0.0700000000000073,-9.0,-127.44999999999996,0.1748,0.0,0.3752,0.0,-1.1427,2.922,0.7544274052033265,4.299999999999983,8.9,7.299999999999997
16.92200000025332,0.3229,-0.0586,0.4653999999999998,0.0048,-1.1152,2.5038,0.6402090485999847,0.1700000000000159,-8.7,-127.54999999999998,0.1749,0.0,0.3792,0.0,-1.1378,2.9184,0.7544274052033265,4.299999999999983,8.6,7.299999999999997
16.937999999150634,0.314,-0.0617,0.4592,0.0135,-1.1083,2.4968,0.6403006027313649,0.2700000000000102,-8.4,-127.54999999999998,0.1719,0.0,0.3739999999999998,0.0,-1.1338,2.9174,0.7544274052033265,4.199999999999989,8.4,7.299999999999997
16.953999999910593,0.315,-0.0602,0.4671999999999998,0.0121,-1.0982,2.5,0.6404074158846418,0.2700000000000102,-8.2,-127.54999999999998,0.1829,0.0,0.3724,0.0,-1.1405,2.9128,0.7544274052033265,4.199999999999989,8.1,7.200000000000003
16.96900000050664,0.3085,-0.0573,0.4732,0.0,-1.1118,2.5028,0.640498970016022,0.3700000000000045,-7.899999999999999,-127.54999999999998,0.1789,0.0,0.377,0.0,-1.1381,2.9154,0.7544274052033265,4.199999999999989,7.9,7.200000000000003
16.984999999403954,0.3165,-0.0583,0.4688,0.0035,-1.0919,2.4984,0.6405294880598154,0.4700000000000131,-7.6,-127.54999999999998,0.1802,0.0,0.3704,0.0,-1.1395,2.9118,0.7544274052033265,4.199999999999989,7.6,7.200000000000003
17.0,0.3076,-0.0518,0.4613999999999998,0.0131,-1.1039,2.4954,0.6405752651255054,0.4700000000000131,-7.399999999999999,-127.54999999999998,0.1796,0.0,0.3816,0.0,-1.1399,2.9154,0.7544274052033265,4.09999999999998,7.3,7.200000000000003
17.01600000075996,0.3122,-0.0467,0.4709999999999998,0.0014,-1.1043,2.4958,0.6405752651255054,0.5700000000000074,-7.1,-127.64999999999998,0.1774,0.0,0.3714,0.0,-1.1298,2.9200000000000004,0.7544274052033265,4.09999999999998,7.1,7.200000000000003
17.04700000025332,0.3054,-0.0516,0.4624,0.0,-1.1038,2.5036000000000005,0.6405752651255054,0.6700000000000159,-6.9,-127.64999999999998,0.1794,0.0,0.3522,0.0,-1.1352,2.923,0.7544274052033265,4.09999999999998,6.8,7.200000000000003
17.062999999150634,0.3011,-0.0452,0.4596,0.0,-1.11,2.491400000000001,0.6407125963225757,0.7700000000000102,-6.6,-127.64999999999998,0.1833,0.0,0.3624,0.0,-1.1325,2.9154,0.7544274052033265,4.09999999999998,6.6,7.200000000000003
17.078999999910593,0.304,-0.0538,0.4702,0.0086,-1.0993,2.4918,0.6408651865415427,0.7700000000000102,-6.4,-127.64999999999998,0.1713,0.0,0.3776,0.0,-1.1395,2.906,0.7544274052033265,3.999999999999986,6.3,7.200000000000003
17.09400000050664,0.3086,-0.0527,0.4696,0.0,-1.1027,2.4894,0.6409719996948195,0.8700000000000045,-6.1,-127.75,0.1836,0.0,0.3714,0.0,-1.1269,2.9096,0.7544274052033265,3.999999999999986,6.1,7.200000000000003
17.109999999403954,0.3056,-0.0462,0.4656,0.0034,-1.1135,2.498,0.6411398489356832,0.9700000000000132,-5.9,-127.75,0.1844,0.0,0.3734,0.0,-1.1399,2.9168,0.7544274052033265,3.999999999999986,5.9,7.200000000000003
17.14100000075996,0.3049,-0.0462,0.4604,0.0051,-1.1197,2.49,0.6411551079575799,0.9700000000000132,-5.699999999999999,-127.75,0.1846,0.0,0.3554,0.0,-1.1371,2.9138,0.7544274052033265,3.999999999999986,5.6,7.200000000000003
17.156999999657273,0.3098,-0.0468,0.4636,0.0063,-1.1076,2.4974,0.6411551079575799,1.0700000000000074,-5.4,-127.75,0.1829,0.0,0.3714,0.0,-1.1382,2.9098,0.7544274052033265,3.899999999999977,5.4,7.200000000000003
17.17200000025332,0.2988,-0.0489,0.4523999999999998,0.0049,-1.1131,2.4986,0.6411551079575799,1.0700000000000074,-5.199999999999999,-127.75,0.1807,0.0,0.3752,0.0,-1.1388,2.9092,0.7544274052033265,3.899999999999977,5.199999999999999,7.200000000000003
17.187999999150634,0.2967,-0.0419,0.4565999999999998,0.0,-1.1209,2.4978,0.64120088502327,1.170000000000016,-5.0,-127.75,0.1906,0.0,0.3676,0.0,-1.1324,2.9096,0.7544274052033265,3.899999999999977,4.9,7.200000000000003
17.21900000050664,0.2933,-0.0361,0.4571999999999998,0.0016,-1.1043,2.5024,0.6413839932860304,1.170000000000016,-4.699999999999999,-127.75,0.1733,0.0,0.3648,0.0,-1.1307,2.906,0.7544274052033265,3.899999999999977,4.699999999999999,7.200000000000003
17.234999999403954,0.2966,-0.0327,0.4554,0.0,-1.1204,2.4954,0.6414145113298237,1.2700000000000102,-4.5,-127.75,0.1814,0.0,0.3736,0.0,-1.1236,2.9062,0.7544274052033265,3.799999999999983,4.5,7.200000000000003
17.25,0.3115,-0.0409,0.4613999999999998,0.0,-1.113,2.4872,0.6414297703517204,1.2700000000000102,-4.3,-127.75,0.1731,0.0,0.3752,0.0,-1.1499,2.9026,0.7544274052033265,3.799999999999983,4.3,7.200000000000003
17.26600000075996,0.3053,-0.0395,0.4578,0.0,-1.1154,2.5016,0.6417654688334478,1.3700000000000043,-4.1,-127.75,0.1872,0.0,0.372,0.0,-1.1306,2.9182,0.7544274052033265,3.799999999999983,4.1,7.200000000000003
17.281999999657273,0.2994,-0.0538,0.4604,0.0,-1.1199,2.4988,0.6417654688334478,1.3700000000000043,-3.9,-127.75,0.1773,0.0,0.365,0.0,-1.1268,2.9141999999999997,0.7544274052033265,3.6999999999999886,3.9,7.200000000000003
17.29700000025332,0.2987,-0.0477,0.4582,0.0,-1.116,2.4894,0.6418417639429312,1.3700000000000043,-3.7,-127.75,0.1827,0.0,0.3597999999999998,0.0,-1.1418,2.9120000000000004,0.7544274052033265,3.6999999999999886,3.7,7.200000000000003
17.328999999910593,0.294,-0.0328,0.4496,0.0,-1.1259,2.4862,0.6418722819867246,1.470000000000013,-3.5,-127.75,0.1888,0.0,0.3677999999999998,0.0,-1.1412,2.904,0.7544274052033265,3.6999999999999886,3.6,7.200000000000003
17.34400000050664,0.2943,-0.0413,0.4552,0.0,-1.1284,2.4846,0.6419638361181048,1.470000000000013,-3.3,-127.75,0.1724,0.0,0.3706,0.0,-1.131,2.8998000000000004,0.7544274052033265,3.6999999999999886,3.4,7.200000000000003
17.359999999403954,0.3029,-0.0522,0.459,0.0,-1.12,2.4868,0.6419790951400015,1.5700000000000074,-3.2,-127.75,0.1902,0.0,0.363,0.0,-1.1279,2.9084,0.7544274052033265,3.59999999999998,3.0,7.200000000000003
17.375,0.2814,-0.0381,0.444,0.0,-1.1166,2.488800000000001,0.6419943541618982,1.5700000000000074,-3.0,-127.75,0.1781,0.0,0.372,0.0,-1.1433,2.9036000000000004,0.7544274052033265,3.59999999999998,2.9,7.200000000000003
17.406999999657273,0.2929,-0.026,0.4522,0.0,-1.1091,2.4908,0.6419943541618982,1.670000000000016,-2.8,-127.75,0.1856,0.0,0.3611999999999998,0.0,-1.1341,2.9046,0.7544274052033265,3.59999999999998,2.7,7.200000000000003
17.42200000025332,0.3007,-0.0411,0.4565999999999998,0.0,-1.1123,2.4976,0.6420248722056916,1.670000000000016,-2.7,-127.75,0.1904,0.0,0.3644,0.0,-1.1208,2.9116,0.7544274052033265,3.59999999999998,2.6,7.200000000000003
17.437999999150634,0.292,-0.0392,0.4476,0.0,-1.1165,2.5014,0.6422384985122453,1.7700000000000102,-2.5,-127.75,0.1846,0.0,0.367,0.0,-1.1273,2.9034,0.7544274052033265,3.59999999999998,2.4,7.200000000000003
17.453999999910593,0.2913,-0.0416,0.4462,0.0,-1.1063,2.486,0.642253757534142,1.7700000000000102,-2.4,-127.75,0.1794,0.0,0.3642,0.0,-1.1358,2.9126,0.7544274052033265,3.499999999999986,2.2,7.200000000000003
17.484999999403954,0.2975,-0.0301,0.456,0.0,-1.1162,2.4940000000000007,0.6422995345998321,1.8700000000000043,-2.3,-127.84999999999998,0.1918,0.0,0.3562,0.0,-1.1337,2.9046,0.7544274052033265,3.499999999999986,2.1,7.200000000000003
17.5,0.3012,-0.0411,0.4534,0.0,-1.114,2.4846,0.6422995345998321,1.8700000000000043,-2.1,-127.84999999999998,0.1947,0.0,0.363,0.0,-1.1322,2.8974,0.7544274052033265,3.499999999999986,2.0,7.200000000000003
17.51600000075996,0.292,-0.0331,0.4463999999999998,0.0,-1.119,2.4892,0.6423910887312123,1.8700000000000043,-2.0,-127.84999999999998,0.1912,0.0,0.3762,0.0,-1.1321,2.909,0.7544274052033265,3.499999999999986,1.8000000000000005,7.200000000000003
17.531999999657273,0.3076,-0.039,0.456,0.0,-1.1138,2.4936,0.6423910887312123,1.970000000000013,-1.9,-127.84999999999998,0.1762,0.0,0.3659999999999998,0.0,-1.1408,2.894,0.7544274052033265,3.499999999999986,1.7000000000000002,7.200000000000003
17.54700000025332,0.2918,-0.0257,0.4564,0.0,-1.1051,2.4892,0.642406347753109,1.970000000000013,-1.7,-127.84999999999998,0.1937,0.0,0.3579999999999998,0.0,-1.1306,2.9048,0.7544274052033265,3.499999999999986,1.6,7.200000000000003
17.578999999910593,0.2798,-0.0336,0.4498,0.0,-1.1073,2.4954,0.6424521248187991,1.970000000000013,-1.6,-127.84999999999998,0.1881,0.0,0.3701999999999998,0.0,-1.1324,2.9084,0.7544274052033265,3.499999999999986,1.5,7.200000000000003
17.59400000050664,0.2916,-0.0392,0.4488,0.0,-1.1274,2.4848,0.6428336003662165,1.970000000000013,-1.5,-127.84999999999998,0.1835,0.0,0.3576,0.0,-1.1314,2.9034,0.7544274052033265,3.3999999999999773,1.4,7.200000000000003
17.609999999403954,0.3022,-0.0348,0.4494,0.0,-1.1293,2.4864,0.6429861905851835,1.970000000000013,-1.4,-127.84999999999998,0.1853,0.0,0.36,0.0,-1.1313,2.8974,0.7544274052033265,3.3999999999999773,1.2000000000000002,7.200000000000003
17.625,0.2863,-0.0258,0.446,0.0,-1.1367,2.4794,0.6430014496070802,2.0700000000000074,-1.2999999999999998,-127.84999999999998,0.1962,0.0,0.3602,0.0,-1.1379,2.9036000000000004,0.7544274052033265,3.3999999999999773,1.1,7.200000000000003
17.64100000075996,0.2794,-0.0207,0.4585999999999998,0.0,-1.1086,2.487,0.6430319676508736,2.0700000000000074,-1.1999999999999995,-127.75,0.1892,0.0,0.383,0.0,-1.1272,2.9028000000000005,0.7544274052033265,3.3999999999999773,1.0,7.200000000000003
17.656999999657273,0.2927,-0.025,0.451,0.0,-1.1269,2.4996000000000005,0.6430930037384603,2.0700000000000074,-1.1,-127.75,0.1942,0.0,0.3797999999999998,0.0,-1.1334,2.9056,0.7544274052033265,3.3999999999999773,0.9000000000000001,7.200000000000003
17.687999999150634,0.2885,-0.0261,0.4423999999999998,0.0,-1.1244,2.4692,0.6430930037384603,2.0700000000000074,-1.0,-127.75,0.1871,0.0,0.3624,0.0,-1.1371,2.9012,0.7544274052033265,3.3999999999999773,0.9000000000000001,7.200000000000003
17.703999999910593,0.2792,-0.0263,0.4462,0.0,-1.1122,2.4866,0.6432150759136339,2.0700000000000074,-0.8999999999999999,-127.75,0.1957,0.0,0.3656,0.0,-1.1332,2.9038,0.7544274052033265,3.3999999999999773,0.8,7.200000000000003
17.71900000050664,0.2899,-0.0229,0.4476,0.0,-1.1115,2.4922,0.6432303349355306,2.0700000000000074,-0.8999999999999999,-127.75,0.1935,0.0,0.3605999999999998,0.0,-1.1384,2.8986,0.7544274052033265,3.3999999999999773,0.6000000000000001,7.200000000000003
17.734999999403954,0.2898,-0.0347,0.461,0.0,-1.1236,2.4808,0.6432455939574273,2.0700000000000074,-0.7999999999999998,-127.75,0.1793,0.0,0.3699999999999998,0.0,-1.1271,2.893,0.7544274052033265,3.3999999999999773,0.5,7.200000000000003
17.76600000075996,0.2786,-0.036,0.4414,0.0,-1.1095,2.4806,0.6432455939574273,2.170000000000016,-0.6999999999999998,-127.75,0.1813,0.0,0.3591999999999998,0.0,-1.1328,2.8948,0.7544274052033265,3.299999999999983,0.5,7.200000000000003
17.781999999657273,0.2781,-0.0236,0.4456,0.0,-1.1169,2.4876,0.6433829251544976,2.170000000000016,-0.6999999999999998,-127.75,0.2041,0.0,0.372,0.0,-1.1331,2.904,0.7544274052033265,3.299999999999983,0.4000000000000001,7.200000000000003
17.79700000025332,0.2986,-0.0181,0.4482,0.0,-1.1262,2.476,0.6434287022201877,2.170000000000016,-0.5999999999999999,-127.75,0.181,0.0,0.3722,0.0,-1.1285,2.9036000000000004,0.7544274052033265,3.299999999999983,0.4000000000000001,7.200000000000003
17.812999999150634,0.2873,-0.02,0.4446,0.0,-1.124,2.4784,0.6434592202639811,2.170000000000016,-0.5999999999999999,-127.84999999999998,0.1921,0.0,0.3664,0.0,-1.1297,2.9008,0.7544274052033265,3.299999999999983,0.3,7.200000000000003
17.828999999910593,0.287,-0.0303,0.4414,0.0,-1.1238,2.4904,0.6434592202639811,2.170000000000016,-0.5999999999999999,-127.84999999999998,0.1886,0.0,0.3654,0.0,-1.1327,2.9019999999999997,0.7544274052033265,3.299999999999983,0.3,7.200000000000003
17.859999999403954,0.2798,-0.0194,0.4465999999999998,0.0,-1.1026,2.4952,0.6435965514610513,2.2700000000000102,-0.4999999999999999,-127.84999999999998,0.1973,0.0,0.367,0.0,-1.13,2.898,0.7544274052033265,3.299999999999983,0.2,7.200000000000003
17.875,0.2812,-0.0197,0.437,0.0,-1.122,2.4924000000000004,0.643611810482948,2.2700000000000102,-0.4999999999999999,-127.84999999999998,0.1963,0.0,0.3664,0.0,-1.1315,2.8956000000000004,0.7544274052033265,3.299999999999983,0.2,7.200000000000003
17.89100000075996,0.2883,-0.0204,0.4436,0.0,-1.1191,2.4826,0.6436575875486381,2.2700000000000102,-0.4999999999999999,-127.84999999999998,0.1929,0.0,0.3542,0.0,-1.1387,2.9024000000000014,0.7544274052033265,3.299999999999983,0.2,7.200000000000003
17.906999999657273,0.2773,-0.0276,0.4432,0.0,-1.1269,2.484,0.6436728465705348,2.2700000000000102,-0.4999999999999999,-127.84999999999998,0.1864,0.0,0.3588,0.0,-1.1239,2.901,0.7544274052033265,3.299999999999983,0.1,7.200000000000003
17.937999999150634,0.27,-0.0215,0.4402,0.0,-1.1285,2.4938,0.6437033646143282,2.2700000000000102,-0.4999999999999999,-127.84999999999998,0.1932,0.0,0.3682,0.0,-1.1345,2.8984,0.7544274052033265,3.299999999999983,0.1,7.200000000000003
17.953999999910593,0.2822,-0.0085,0.4512,0.0,-1.1203,2.4854,0.6437186236362249,2.2700000000000102,-0.3999999999999998,-127.84999999999998,0.1927,0.0,0.3741999999999998,0.0,-1.1309,2.8972,0.7544274052033265,3.299999999999983,0.1,7.200000000000003
17.96900000050664,0.2793,-0.0129,0.4371999999999998,0.0,-1.1166,2.4854,0.6437186236362249,2.2700000000000102,-0.3999999999999998,-127.84999999999998,0.1896,0.0,0.3696,0.0,-1.1324,2.9008,0.7544274052033265,3.299999999999983,0.1,7.200000000000003
17.984999999403954,0.274,-0.0198,0.4406,0.0,-1.1205,2.4866,0.6437338826581216,2.2700000000000102,-0.3999999999999998,-127.84999999999998,0.1904,0.0,0.3648,0.0,-1.1254,2.8989999999999996,0.7544274052033265,3.299999999999983,0.1,7.200000000000003
18.0,0.2782,-0.0184,0.439,0.0,-1.1175,2.4962,0.6437338826581216,2.2700000000000102,-0.3999999999999998,-127.84999999999998,0.1906,0.0,0.3574,0.0,-1.1307,2.9036000000000004,0.7544274052033265,3.1999999999999886,0.1,7.200000000000003
18.03199999965728,0.2815,-0.0153,0.444,0.0,-1.1138,2.4852,0.6437338826581216,2.2700000000000102,-0.3999999999999998,-127.84999999999998,0.1899,0.0,0.3651999999999998,0.0,-1.1246,2.8972,0.7544274052033265,3.1999999999999886,0.1,7.200000000000003
18.04700000025332,0.2957,-0.0229,0.441,0.0,-1.1136,2.4874000000000005,0.6437338826581216,2.170000000000016,-0.3999999999999998,-127.75,0.1997,0.0,0.3692,0.0,-1.12,2.9048,0.7544274052033265,3.1999999999999886,0.1,7.200000000000003
18.06299999915064,0.2907,-0.0223,0.4474,0.0,-1.1224,2.474,0.6437491416800183,2.170000000000016,-0.3999999999999998,-127.75,0.1955,0.0,0.371,0.0,-1.1376,2.898,0.7544274052033265,3.1999999999999886,0.1,7.200000000000003
18.0789999999106,0.281,-0.0263,0.4366,0.0,-1.1246,2.484,0.6437491416800183,2.170000000000016,-0.3999999999999998,-127.75,0.1939,0.0,0.3706,0.0,-1.117,2.8968,0.7544274052033265,3.1999999999999886,0.1,7.200000000000003
18.09400000050664,0.2804,-0.0118,0.4448,0.0,-1.1196,2.4846,0.6438101777676051,2.170000000000016,-0.3999999999999998,-127.75,0.1902,0.0,0.3568,0.0,-1.1291,2.8956000000000004,0.7544274052033265,3.1999999999999886,0.1,7.200000000000003
18.125,0.2809,-0.0261,0.4478,0.0,-1.1181,2.4862,0.6438254367895018,2.170000000000016,-0.3999999999999998,-127.75,0.1992,0.0,0.3514,0.0,-1.1153,2.9008,0.7544274052033265,3.1999999999999886,0.1,7.200000000000003
18.14100000075996,0.2859,-0.0145,0.4449999999999998,0.0,-1.1277,2.489,0.6438559548332952,2.170000000000016,-0.3999999999999998,-127.75,0.1955,0.0,0.3616,0.0,-1.1403,2.8974,0.7544274052033265,3.1999999999999886,0.1,7.299999999999997
18.15699999965728,0.2926,-0.0185,0.44,0.0,-1.126,2.4814,0.6438559548332952,2.170000000000016,-0.4999999999999999,-127.75,0.1905,0.0,0.367,0.0,-1.1303,2.892,0.7544274052033265,3.1999999999999886,0.1,7.299999999999997
18.17200000025332,0.2761,-0.0147,0.4362,0.0,-1.1289,2.4826,0.6438559548332952,2.170000000000016,-0.4999999999999999,-127.75,0.1942,0.0,0.3684,0.0,-1.1328,2.8972,0.7544274052033265,3.1999999999999886,0.1,7.299999999999997
18.2039999999106,0.281,-0.0272,0.4434,0.0,-1.1245,2.4994,0.6438559548332952,2.170000000000016,-0.4999999999999999,-127.75,0.1902,0.0,0.3597999999999998,0.0,-1.1305,2.8934,0.7544274052033265,3.1999999999999886,0.2,7.299999999999997
18.21900000050664,0.2831,-0.0172,0.441,0.0,-1.1237,2.4858,0.6438559548332952,2.170000000000016,-0.4999999999999999,-127.75,0.1876,0.0,0.3628,0.0,-1.1391,2.8962,0.7544274052033265,3.1999999999999886,0.2,7.200000000000003
18.23499999940396,0.2819,-0.0192,0.4476,0.0,-1.1053,2.4894,0.6438559548332952,2.170000000000016,-0.4999999999999999,-127.84999999999998,0.1849,0.0,0.3706,0.0,-1.1249,2.8978,0.7544274052033265,3.1999999999999886,0.2,7.200000000000003
18.25,0.2761,-0.0253,0.4458,0.0,-1.1216,2.4974,0.6438864728770886,2.170000000000016,-0.4999999999999999,-127.84999999999998,0.1917,0.0,0.3637999999999998,0.0,-1.1339,2.8988,0.7544274052033265,3.1999999999999886,0.2,7.200000000000003
18.26600000075996,0.2705,-0.0197,0.4288,0.0,-1.129,2.4834000000000005,0.6439780270084687,2.170000000000016,-0.4999999999999999,-127.84999999999998,0.1967,0.0,0.3759999999999998,0.0,-1.1272,2.9082000000000003,0.7544274052033265,3.1999999999999886,0.2,7.200000000000003
18.28199999965728,0.2809,-0.0227,0.4449999999999998,0.0,-1.1248,2.4762000000000004,0.6439780270084687,2.170000000000016,-0.5999999999999999,-127.84999999999998,0.2022,0.0,0.3677999999999998,0.0,-1.1348,2.9008,0.7544274052033265,3.1999999999999886,0.2,7.200000000000003
18.31299999915064,0.2821,-0.0113,0.4456,0.0,-1.1149,2.4864,0.6439780270084687,2.170000000000016,-0.5999999999999999,-127.84999999999998,0.1937,0.0,0.3644,0.0,-1.1306,2.895,0.7544274052033265,3.1999999999999886,0.2,7.200000000000003
18.3289999999106,0.263,-0.0206,0.43,0.0,-1.1262,2.4902000000000006,0.643962767986572,2.170000000000016,-0.5999999999999999,-127.84999999999998,0.1829,0.0,0.3774,0.0,-1.1262,2.890600000000001,0.7544274052033265,3.1999999999999886,0.2,7.200000000000003
18.34400000050664,0.2805,-0.0022,0.4363999999999998,0.0,-1.118,2.4796,0.643962767986572,2.170000000000016,-0.5999999999999999,-127.84999999999998,0.1956,0.0,0.3748,0.0,-1.1143,2.897,0.7544274052033265,3.1999999999999886,0.2,7.200000000000003
18.35999999940396,0.2891,-0.0144,0.4482,0.0,-1.1188,2.4940000000000007,0.643962767986572,2.170000000000016,-0.5999999999999999,-127.84999999999998,0.1923,0.0,0.3741999999999998,0.0,-1.121,2.8922000000000003,0.7544274052033265,3.1999999999999886,0.2,7.200000000000003
18.375,0.2847,-0.0165,0.4443999999999998,0.0,-1.1237,2.4788,0.643962767986572,2.170000000000016,-0.5999999999999999,-127.84999999999998,0.1898,0.0,0.367,0.0,-1.1221,2.904,0.7544274052033265,3.1999999999999886,0.2,7.200000000000003
18.40699999965728,0.2922,-0.0314,0.4492,0.0,-1.1288,2.4868,0.643962767986572,2.2700000000000102,-0.5999999999999999,-127.84999999999998,0.2031,0.0,0.3739999999999998,0.0,-1.1241,2.8994,0.7544274052033265,3.1999999999999886,0.3,7.200000000000003
18.42200000025332,0.2813,-0.0293,0.4402,0.0,-1.1137,2.4846,0.6439780270084687,2.2700000000000102,-0.6999999999999998,-127.94999999999996,0.191,0.0,0.3624,0.0,-1.1367,2.8918,0.7544274052033265,3.1999999999999886,0.3,7.200000000000003
18.43799999915064,0.2753,-0.014,0.4292,0.0,-1.1336,2.486,0.6439932860303654,2.2700000000000102,-0.6999999999999998,-127.94999999999996,0.1998,0.0,0.3616,0.0,-1.1295,2.8924,0.7544274052033265,3.1999999999999886,0.3,7.200000000000003
18.4539999999106,0.2888,-0.021,0.443,0.0,-1.128,2.4864,0.6440238040741588,2.2700000000000102,-0.6999999999999998,-127.94999999999996,0.2048,0.0,0.3648,0.0,-1.1281,2.8976,0.7544274052033265,3.1999999999999886,0.3,7.200000000000003
18.46900000050664,0.2832,-0.0279,0.4356,0.0,-1.1321,2.4774,0.6440238040741588,2.2700000000000102,-0.6999999999999998,-127.94999999999996,0.196,0.0,0.3604,0.0,-1.1208,2.892,0.7544274052033265,3.1999999999999886,0.3,7.200000000000003
18.5,0.271,-0.0097,0.4406,0.0,-1.1261,2.491400000000001,0.6440238040741588,2.2700000000000102,-0.6999999999999998,-127.94999999999996,0.1901,0.0,0.3651999999999998,0.0,-1.1285,2.8956000000000004,0.7544274052033265,3.1999999999999886,0.3,7.200000000000003
18.51600000075996,0.2926,-0.0167,0.4363999999999998,0.0,-1.1257,2.4894,0.6440848401617456,2.2700000000000102,-0.6999999999999998,-127.94999999999996,0.1888,0.0,0.3696,0.0,-1.1331,2.8946,0.7544274052033265,3.1999999999999886,0.3,7.200000000000003
18.53199999965728,0.2857,-0.0178,0.4351999999999998,0.0,-1.122,2.4992,0.6440848401617456,2.2700000000000102,-0.6999999999999998,-127.94999999999996,0.2057,0.0,0.3668,0.0,-1.127,2.8988,0.7544274052033265,3.1999999999999886,0.3,7.200000000000003
18.56299999915064,0.2772,-0.0224,0.4385999999999998,0.0,-1.1243,2.493,0.644115358205539,2.2700000000000102,-0.6999999999999998,-127.94999999999996,0.188,0.0,0.3642,0.0,-1.1335,2.8946,0.7544274052033265,3.1999999999999886,0.3,7.200000000000003
18.5789999999106,0.296,-0.0235,0.454,0.0,-1.1211,2.4826,0.644115358205539,2.2700000000000102,-0.6999999999999998,-127.94999999999996,0.1993,0.0,0.3676,0.0,-1.1231,2.8904,0.7544274052033265,3.1999999999999886,0.4000000000000001,7.200000000000003
18.59400000050664,0.2831,-0.0219,0.446,0.0,-1.1302,2.4718,0.644115358205539,2.170000000000016,-0.6999999999999998,-127.94999999999996,0.1865,0.0,0.3636,0.0,-1.1367,2.9008,0.7544274052033265,3.1999999999999886,0.4000000000000001,7.200000000000003
18.60999999940396,0.2733,-0.0124,0.4303999999999998,0.0,-1.1138,2.4872,0.644115358205539,2.170000000000016,-0.7999999999999998,-127.94999999999996,0.1936,0.0,0.3654,0.0,-1.1323,2.885,0.7544274052033265,3.1999999999999886,0.4000000000000001,7.200000000000003
18.625,0.2788,-0.0161,0.4414,0.0,-1.1221,2.497,0.6441611352712291,2.170000000000016,-0.7999999999999998,-127.94999999999996,0.1936,0.0,0.3671999999999998,0.0,-1.1304,2.8828,0.7544274052033265,3.1999999999999886,0.4000000000000001,7.200000000000003
18.64100000075996,0.2816,-0.0308,0.4462,0.0,-1.1336,2.4776,0.6441763942931258,2.170000000000016,-0.7999999999999998,-127.94999999999996,0.1881,0.0,0.3712,0.0,-1.1282,2.8943999999999996,0.7544274052033265,3.1999999999999886,0.4000000000000001,7.200000000000003
18.67200000025332,0.2769,-0.0218,0.4406,0.0,-1.1211,2.484,0.6441763942931258,2.170000000000016,-0.7999999999999998,-127.84999999999998,0.1953,0.0,0.3704,0.0,-1.1319,2.8896,0.7544274052033265,3.1999999999999886,0.4000000000000001,7.200000000000003
18.68799999915064,0.277,-0.0187,0.4331999999999998,0.0,-1.1311,2.4832,0.6441763942931258,2.170000000000016,-0.7999999999999998,-127.84999999999998,0.2033,0.0,0.3582,0.0,-1.1274,2.8952000000000004,0.7544274052033265,3.1999999999999886,0.4000000000000001,7.200000000000003
18.7039999999106,0.2895,-0.0167,0.4432,0.0,-1.1203,2.486,0.6441763942931258,2.170000000000016,-0.7999999999999998,-127.84999999999998,0.1971,0.0,0.3665999999999998,0.0,-1.1334,2.8992,0.7544274052033265,3.1999999999999886,0.4000000000000001,7.200000000000003
18.71900000050664,0.2786,-0.013,0.4342,0.0,-1.1075,2.4906,0.6441763942931258,2.170000000000016,-0.7999999999999998,-127.84999999999998,0.1884,0.0,0.3706,0.0,-1.1257,2.8882,0.7544274052033265,3.1999999999999886,0.4000000000000001,7.200000000000003
18.73499999940396,0.2693,-0.0137,0.434,0.0,-1.1223,2.4844,0.6441763942931258,2.170000000000016,-0.7999999999999998,-127.84999999999998,0.1938,0.0,0.3642,0.0,-1.1272,2.8936000000000006,0.7544274052033265,3.1999999999999886,0.4000000000000001,7.299999999999997
18.75,0.2851,-0.0234,0.4391999999999998,0.0,-1.1299,2.4796,0.6441763942931258,2.170000000000016,-0.7999999999999998,-127.84999999999998,0.1971,0.0,0.3686,0.0,-1.1296,2.886000000000001,0.7544274052033265,3.1999999999999886,0.4000000000000001,7.299999999999997
18.78199999965728,0.2817,-0.0213,0.4423999999999998,0.0,-1.1146,2.4874000000000005,0.6442069123369192,2.170000000000016,-0.7999999999999998,-127.84999999999998,0.1942,0.0,0.364,0.0,-1.1323,2.8908,0.7544274052033265,3.1999999999999886,0.4000000000000001,7.299999999999997
18.79700000025332,0.281,-0.0193,0.4334,0.0,-1.1156,2.4784,0.644267948424506,2.170000000000016,-0.7999999999999998,-127.94999999999996,0.1934,0.0,0.3692,0.0,-1.1207,2.9016,0.7544274052033265,3.1999999999999886,0.5,7.299999999999997
18.81299999915064,0.2734,-0.0241,0.4366,0.0,-1.1261,2.4912,0.6443289845120928,2.170000000000016,-0.7999999999999998,-127.94999999999996,0.1969,0.0,0.3688,0.0,-1.1295,2.8858,0.7544274052033265,3.1999999999999886,0.5,7.299999999999997
18.84400000050664,0.2856,-0.0209,0.444,0.0,-1.1108,2.4884000000000004,0.6443289845120928,2.170000000000016,-0.7999999999999998,-127.94999999999996,0.1973,0.0,0.3636,0.0,-1.1273,2.8936000000000006,0.7544274052033265,3.1999999999999886,0.5,7.299999999999997
18.85999999940396,0.2831,-0.0143,0.4348,0.0,-1.1326,2.4818,0.6443442435339894,2.170000000000016,-0.8999999999999999,-127.94999999999996,0.1961,0.0,0.3712,0.0,-1.1243,2.9,0.7544274052033265,3.1999999999999886,0.5,7.299999999999997
18.875,0.2793,-0.0106,0.431,0.0,-1.1224,2.4874000000000005,0.6443442435339894,2.170000000000016,-0.8999999999999999,-127.94999999999996,0.2003,0.0,0.3648,0.0,-1.1261,2.894200000000001,0.7544274052033265,3.1999999999999886,0.5,7.299999999999997
18.89100000075996,0.289,-0.0297,0.4374,0.0,-1.1278,2.487,0.6443442435339894,2.170000000000016,-0.8999999999999999,-127.94999999999996,0.1947,0.0,0.3637999999999998,0.0,-1.1255,2.8926,0.7544274052033265,3.1999999999999886,0.5,7.299999999999997
18.92200000025332,0.2839,-0.0098,0.4416,0.0,-1.134,2.4806,0.6443442435339894,2.170000000000016,-0.8999999999999999,-127.94999999999996,0.1941,0.0,0.3608,0.0,-1.1331,2.8946,0.7544274052033265,3.1999999999999886,0.5,7.299999999999997
18.93799999915064,0.2928,-0.0232,0.4376,0.0,-1.1235,2.4812,0.6443442435339894,2.170000000000016,-0.8999999999999999,-127.94999999999996,0.1941,0.0,0.367,0.0,-1.1306,2.8904,0.7544274052033265,3.1999999999999886,0.5,7.299999999999997
18.96900000050664,0.2771,-0.019,0.4331999999999998,0.0,-1.1248,2.4922,0.6444357976653696,2.170000000000016,-0.8999999999999999,-127.94999999999996,0.1984,0.0,0.3726,0.0,-1.1287,2.8836,0.7544274052033265,3.1999999999999886,0.5,7.200000000000003
18.98499999940396,0.2695,-0.0113,0.4316,0.0,-1.1255,2.4848,0.6444510566872663,2.170000000000016,-0.8999999999999999,-127.94999999999996,0.1971,0.0,0.3594,0.0,-1.1222,2.8932,0.7544274052033265,3.1999999999999886,0.5,7.200000000000003
19.0,0.2755,-0.0216,0.4414,0.0,-1.1302,2.4718,0.6444357976653696,2.170000000000016,-0.8999999999999999,-127.94999999999996,0.2028,0.0,0.3684,0.0,-1.1243,2.8956000000000004,0.7544274052033265,3.1999999999999886,0.5,7.200000000000003
19.03199999965728,0.2751,-0.0216,0.4351999999999998,0.0,-1.1237,2.4788,0.6444357976653696,2.170000000000016,-0.8999999999999999,-127.94999999999996,0.2099,0.0,0.3585999999999998,0.0,-1.1322,2.8916,0.7544274052033265,3.1999999999999886,0.5,7.200000000000003
19.04700000025332,0.276,-0.0201,0.4383999999999998,0.0,-1.1329,2.49,0.6444510566872663,2.0700000000000074,-0.8999999999999999,-127.84999999999998,0.1968,0.0,0.3728,0.0,-1.1301,2.8888,0.7544274052033265,3.1999999999999886,0.5,7.200000000000003
19.06299999915064,0.2901,-0.0177,0.4391999999999998,0.0,-1.1202,2.4864,0.6444357976653696,2.0700000000000074,-0.8999999999999999,-127.84999999999998,0.1953,0.0,0.3611999999999998,0.0,-1.1236,2.89,0.7544274052033265,3.1999999999999886,0.5,7.200000000000003
19.0789999999106,0.2701,-0.0096,0.4345999999999998,0.0,-1.1222,2.4794,0.6444357976653696,2.0700000000000074,-0.8999999999999999,-127.84999999999998,0.1974,0.0,0.3694,0.0,-1.1232,2.9024000000000014,0.7544274052033265,3.1999999999999886,0.5,7.200000000000003
19.10999999940396,0.2308,0.0,0.3932,0.0,-1.1008,2.4292,0.6444357976653696,2.0700000000000074,-0.8999999999999999,-127.84999999999998,0.1963,0.0,0.36,0.0,-1.1202,2.8842,0.7544274052033265,3.1999999999999886,0.6000000000000001,7.200000000000003
19.125,0.1329,0.0,0.2965999999999998,0.0,-0.9975,2.227,0.6443900205996795,1.970000000000013,-0.8999999999999999,-127.84999999999998,0.2067,0.0,0.3434,0.0,-1.1258,2.8162,0.7544274052033265,3.1999999999999886,0.6000000000000001,7.200000000000003
19.14100000075996,0.072,0.0,0.2318,0.0,-0.909,1.936,0.6443442435339894,1.7700000000000102,-0.8999999999999999,-127.84999999999998,0.2004,0.0,0.2862,0.0,-1.0705,2.5032,0.7544274052033265,3.09999999999998,0.6000000000000001,7.200000000000003
19.15699999965728,0.0316,0.0,0.2403999999999998,0.0,-0.7075,1.676,0.6435507743953612,1.3700000000000043,-0.7999999999999998,-127.84999999999998,0.1902,0.0,0.2368,0.0,-0.9666,2.097,0.7544274052033265,2.8999999999999773,0.6000000000000001,7.200000000000003
19.17200000025332,0.0086,0.0,0.2175999999999998,0.0,-0.5592,1.4586,0.6378133821622034,0.9700000000000132,-0.7999999999999998,-127.84999999999998,0.1609,0.0,0.2077999999999998,0.0,-0.8294,1.6984000000000001,0.7544274052033265,2.3999999999999773,0.5,7.200000000000003
19.18799999915064,0.0003,0.0,0.1863999999999996,0.0,-0.4793,1.2922,0.6366536964980545,0.7700000000000102,-0.7999999999999998,-127.84999999999998,0.1523,0.0,0.2009999999999998,0.0,-0.7396,1.4492,0.744798962386511,1.9999999999999856,0.5,7.200000000000003
19.2039999999106,0.0,0.0,0.1525999999999996,0.0,-0.4119,1.1376,0.6263385976958876,0.5700000000000074,-0.7999999999999998,-127.84999999999998,0.1427,0.0,0.162,0.0,-0.5752,1.2182,0.7117174029144732,1.6999999999999886,0.5,7.200000000000003
19.23499999940396,0.0009,0.0,0.0994,0.0,-0.4146,1.0264,0.6112016479743648,0.2700000000000102,-0.6999999999999998,-127.84999999999998,0.106,0.0,0.1164,0.0,-0.4647,1.0026000000000002,0.7000595101853971,1.299999999999983,0.5,7.299999999999997
19.25,0.0,0.0,0.0889999999999996,0.0,-0.4927,1.1772,0.604258793011368,0.0700000000000073,-0.6999999999999998,-127.75,0.1005,0.0,0.1082,0.0,-0.4505,0.916,0.6677561608300908,0.9999999999999858,0.5,7.299999999999997
19.26600000075996,0.0,0.0,0.0777999999999996,0.0082,-0.444,1.2167999999999999,0.5553841458762493,-0.0299999999999869,-0.6999999999999998,-127.75,0.1222,0.0,0.132,0.0,-0.5411,0.9773999999999998,0.653321126115816,0.799999999999983,0.5,7.299999999999997
19.28199999965728,0.0,0.0,0.0966,0.0,-0.364,1.1644,0.5519050888838025,-0.1299999999999954,-0.6999999999999998,-127.75,0.111,0.0,0.1422,0.0403,-0.5207,0.9832,0.6147310597390707,0.4999999999999858,0.5,7.299999999999997
19.29700000025332,0.0001,0.0,0.0956,0.0,-0.2913,1.0826,0.4655848020141909,-0.2299999999999897,-0.6999999999999998,-127.75,0.1004,0.0,0.1097999999999996,0.0376,-0.4855,0.9162,0.6103059433890288,0.3999999999999772,0.5,7.399999999999999
19.31299999915064,0.0317,0.0,0.0817999999999996,0.0228,-0.2428,1.01,0.452309452964065,-0.3299999999999841,-0.6999999999999998,-127.75,0.0723,0.0,0.1039999999999996,0.0919,-0.3518,0.8441999999999998,0.5027756160830091,0.1999999999999886,0.5,7.399999999999999
19.3289999999106,0.0433,0.0,0.0547999999999998,0.0648,-0.2531,0.9373999999999998,0.3965377279316395,-0.4299999999999926,-0.6999999999999998,-127.75,0.0551,0.0,0.0821999999999996,0.0852,-0.2961,0.7696,0.364101625085832,0.0999999999999801,0.6000000000000001,7.399999999999999
19.34400000050664,0.0303,0.0,0.0129999999999996,0.0,-0.2181,0.7502,0.3574898908979934,-0.4299999999999926,-0.5999999999999999,-127.75,0.0448,0.0,0.0821999999999996,0.0699,-0.238,0.6743999999999998,0.3591577019913023,-1.4210854715202004e-14,0.6000000000000001,7.399999999999999
19.375,0.0281,0.0,0.005,0.0,-0.1874,0.6103999999999998,0.304327458609903,-0.4299999999999926,-0.5999999999999999,-127.75,0.0333,0.0,0.0599999999999996,0.0267,-0.2077,0.5799999999999998,0.2776287479972534,-1.4210854715202004e-14,0.6000000000000001,7.399999999999999
19.39100000075996,0.03,0.0,0.0,0.0,-0.1546,0.5313999999999998,0.2509819180590524,-0.4299999999999926,-0.5999999999999999,-127.75,0.0138,0.0,0.0388,0.0,-0.1989,0.4909999999999998,0.2261905851834897,-0.1000000000000227,0.6000000000000001,7.399999999999999
19.40699999965728,0.0292,0.0,0.0,0.0,-0.133,0.4696,0.2199145494773785,-0.5299999999999869,-0.5999999999999999,-127.64999999999998,0.0187,0.0,0.0249999999999998,0.0,-0.1815,0.4232,0.2015014877546349,-0.200000000000017,0.6000000000000001,7.5
19.42200000025332,0.0103,0.0,0.0,0.0,-0.1081,0.4265999999999998,0.1882673380636301,-0.5299999999999869,-0.5999999999999999,-127.64999999999998,0.001,0.0,0.0061999999999996,0.0,-0.1641,0.3824,0.1826871137560082,-0.200000000000017,0.6000000000000001,7.5
19.4539999999106,0.011,0.0,0.0,0.0,-0.0844,0.3968,0.1687663080796521,-0.5299999999999869,-0.5999999999999999,-127.64999999999998,0.0,0.0,0.0,0.0,-0.151,0.3455999999999998,0.1812069886320287,-0.200000000000017,0.6000000000000001,7.5
19.4539999999106,0.0105,0.0,0.0,0.0,-0.0744,0.3668,0.1676218814373998,-0.5299999999999869,-0.5999999999999999,-127.64999999999998,0.0,0.0,0.0,0.0,-0.1234,0.3039999999999998,0.1265186541542687,-0.3000000000000113,0.6000000000000001,7.5
19.48499999940396,0.0,0.0,0.0,0.0,-0.0558,0.3412,0.1660959792477302,-0.5299999999999869,-0.5999999999999999,-127.54999999999998,0.0,0.0,0.0,0.0,-0.117,0.268,0.1221698329137102,-0.3000000000000113,0.6000000000000001,7.5
19.48499999940396,0.0069,0.0,0.0,0.0,-0.0479,0.3178,0.1656992446784161,-0.5299999999999869,-0.5999999999999999,-127.54999999999998,0.0,0.0,0.0,0.0,-0.1063,0.2429999999999996,0.1185687037460898,-0.3000000000000113,0.6000000000000001,7.5
19.5,0.0,0.0,0.0,0.0,-0.0328,0.2984,0.1619607843137255,-0.5299999999999869,-0.5999999999999999,-127.54999999999998,0.0,0.0,0.0,0.0,-0.1041,0.225,0.1139909971770809,-0.3000000000000113,0.6000000000000001,7.5
19.53199999965728,0.0,0.0,0.0,0.0,-0.0098,0.2788,0.161579308766308,-0.5299999999999869,-0.5999999999999999,-127.54999999999998,0.0,0.0,0.0,0.0,-0.0881,0.2087999999999998,0.1114274814984359,-0.3000000000000113,0.6000000000000001,7.5
19.54700000025332,0.0,0.0,0.0,0.0,-0.0092,0.2642,0.1606637674525063,-0.6299999999999955,-0.5999999999999999,-127.54999999999998,0.0,0.0,0.0,0.0,-0.0854,0.1822,0.1086198214694438,-0.4000000000000199,0.6000000000000001,7.5
19.56299999915064,0.0,0.0,0.0,0.0,-0.0046,0.2475999999999996,0.157261005569543,-0.6299999999999955,-0.5999999999999999,-127.44999999999996,0.0,0.0,0.0,0.0,-0.0779,0.1617999999999996,0.1060105287251087,-0.4000000000000199,0.6000000000000001,7.5
19.5789999999106,0.0,0.0,0.0,0.0,0.0,0.2201999999999998,0.1579018844892042,-0.6299999999999955,-0.5999999999999999,-127.44999999999996,0.0,0.0,0.0,0.0,-0.0713,0.1414,0.1048050659952697,-0.4000000000000199,0.6000000000000001,7.5
19.59400000050664,0.0,0.0,0.0,0.0,0.0,0.2167999999999996,0.1559792477302205,-0.6299999999999955,-0.5999999999999999,-127.44999999999996,0.0,0.0,0.0,0.0,-0.0537,0.1218,0.1041641870756084,-0.4000000000000199,0.6000000000000001,7.5
19.60999999940396,0.0,0.0,0.0,0.0,0.0,0.1981999999999996,0.1579018844892042,-0.5299999999999869,-0.5999999999999999,-127.44999999999996,0.0,0.0,0.0,0.0,-0.0505,0.1155999999999996,0.1038742656595712,-0.4000000000000199,0.6000000000000001,7.5
19.64100000075996,0.0,0.0,0.0,0.0,0.0,0.1922,0.157261005569543,-0.5299999999999869,-0.5999999999999999,-127.44999999999996,0.0,0.0,0.0,0.0,-0.0434,0.1025999999999996,0.1024399176012817,-0.4000000000000199,0.6000000000000001,7.5
19.65699999965728,0.0,0.0,0.0,0.0,0.0,0.1766,0.1559792477302205,-0.5299999999999869,-0.5999999999999999,-127.44999999999996,0.0,0.0,0.0,0.0,-0.0422,0.0893999999999996,0.1007461661707484,-0.4000000000000199,0.6000000000000001,7.5
19.67200000025332,0.0,0.0,0.0,0.0,0.0,0.1574,0.1548500801098649,-0.5299999999999869,-0.5999999999999999,-127.44999999999996,0.0,0.0,0.0,0.0,-0.0349,0.0828,0.1002883955138475,-0.4000000000000199,0.6000000000000001,7.5
19.68799999915064,0.0,0.0,0.0,0.0,0.0,0.1485999999999998,0.1547737850003814,-0.5299999999999869,-0.5999999999999999,-127.44999999999996,0.0,0.0,0.0,0.0,-0.0352,0.0672,0.0994338902876325,-0.4000000000000199,0.6000000000000001,7.5
19.7039999999106,0.0,0.0,0.0,0.0,0.0,0.1447999999999996,0.153842984664683,-0.5299999999999869,-0.5999999999999999,-127.44999999999996,0.0,0.0,0.0,0.0,-0.0164,0.0547999999999998,0.0989456015869382,-0.4000000000000199,0.6000000000000001,7.5
19.71900000050664,0.0,0.0,0.0,0.0,0.0,0.1292,0.153690394445716,-0.5299999999999869,-0.5999999999999999,-127.44999999999996,0.0,0.0,0.0,0.0,-0.0254,0.0517999999999998,0.0986709391927977,-0.4000000000000199,0.6000000000000001,7.399999999999999
19.73499999940396,0.0,0.0,0.0,0.0,0.0,0.1239999999999996,0.1526222629129472,-0.5299999999999869,-0.5999999999999999,-127.44999999999996,0.0,0.0,0.0,0.0,-0.0259,0.0305999999999998,0.0984115358205539,-0.4000000000000199,0.6000000000000001,7.399999999999999
19.75,0.0,0.0,0.0,0.0,0.0,0.1167999999999996,0.1525459678034638,-0.4299999999999926,-0.5999999999999999,-127.44999999999996,0.0,0.0,0.0,0.0,-0.0083,0.0213999999999996,0.0983657587548638,-0.3000000000000113,0.6000000000000001,7.5
19.78199999965728,0.0,0.0,0.0,0.0,0.0,0.1074,0.1523628595407034,-0.4299999999999926,-0.5999999999999999,-127.44999999999996,0.0,0.0,0.0,0.0,-0.0099,0.0137999999999996,0.0979385061417563,-0.3000000000000113,0.7000000000000002,7.5
19.79700000025332,0.0,0.0,0.0,0.0,0.0,0.0922,0.1523628595407034,-0.4299999999999926,-0.5999999999999999,-127.44999999999996,0.0,0.0,0.0,0.0,-0.017,0.01,0.0974044403753719,-0.3000000000000113,0.7000000000000002,7.5
19.81299999915064,0.0,0.0,0.0,0.0,0.0,0.0974,0.1522865644312199,-0.4299999999999926,-0.5999999999999999,-127.44999999999996,0.0,0.0,0.0,0.0,-0.0022,0.0086,0.0974044403753719,-0.200000000000017,0.7000000000000002,7.5
19.8289999999106,0.0,0.0,0.0,0.0,0.0,0.0869999999999996,0.1523628595407034,-0.4299999999999926,-0.5999999999999999,-127.44999999999996,0.0,0.0,0.0,0.0,0.0,0.0,0.0972518501564049,-0.200000000000017,0.7000000000000002,7.5
19.84400000050664,0.0,0.0,0.0,0.0,0.0,0.085,0.1522865644312199,-0.3299999999999841,-0.6999999999999998,-127.44999999999996,0.0,0.0,0.0,0.0,0.0,0.0,0.096946669718471,-0.200000000000017,0.7000000000000002,7.5
19.85999999940396,0.0,0.0,0.0,0.0,0.0,0.0872,0.1522865644312199,-0.3299999999999841,-0.6999999999999998,-127.44999999999996,0.0,0.0,0.0,0.0,0.0,0.0,0.0968856336308842,-0.200000000000017,0.7000000000000002,7.5
19.89100000075996,0.0,0.0,0.0,0.0,0.0,0.0643999999999998,0.1522865644312199,-0.3299999999999841,-0.6999999999999998,-127.44999999999996,0.0,0.0,0.0,0.0,0.0,0.0,0.0968856336308842,-0.200000000000017,0.7000000000000002,7.5
19.90699999965728,0.0,0.0,0.0,0.0,0.0,0.0609999999999996,0.1522865644312199,-0.3299999999999841,-0.6999999999999998,-127.44999999999996,0.0,0.0,0.0,0.0,0.0,0.0,0.0968856336308842,-0.200000000000017,0.7000000000000002,7.5
19.92200000025332,0.0,0.0,0.0,0.0,0.0,0.0459999999999996,0.1523781185626001,-0.3299999999999841,-0.6999999999999998,-127.44999999999996,0.0,0.0,0.0,0.0,0.0,0.0,0.0968856336308842,-0.200000000000017,0.7000000000000002,7.5
19.93799999915064,0.0,0.0,0.0,0.0,0.0,0.0576,0.1524086366063935,-0.3299999999999841,-0.6999999999999998,-127.44999999999996,0.0,0.0,0.0,0.0,0.0,0.0,0.0968856336308842,-0.200000000000017,0.7000000000000002,7.5
19.9539999999106,0.0,0.0,0.0,0.0,0.0,0.0444,0.1525764858472572,-0.3299999999999841,-0.6999999999999998,-127.44999999999996,0.0,0.0,0.0,0.0,0.0,0.0,0.0968093385214007,-0.200000000000017,0.7000000000000002,7.5
19.96900000050664,0.0,0.0,0.0,0.0,0.0,0.0451999999999996,0.1526222629129472,-0.3299999999999841,-0.6999999999999998,-127.44999999999996,0.0,0.0,0.0,0.0,0.0,0.0,0.0968093385214007,-0.200000000000017,0.7000000000000002,7.5
19.98499999940396,0.0,0.0,0.0,0.0,0.0,0.032,0.1526985580224307,-0.3299999999999841,-0.6999999999999998,-127.44999999999996,0.0,0.0,0.0,0.0,0.0,0.0,0.0968093385214007,-0.200000000000017,0.7000000000000002,7.5
20.0,0.0,0.0,0.0,0.0,0.0,0.0239999999999998,0.1526985580224307,-0.3299999999999841,-0.6999999999999998,-127.44999999999996,0.0,0.0,0.0,0.0,0.0,0.0,0.0937422751201648,-0.200000000000017,0.7000000000000002,7.5
20.01600000075996,0.0,0.0,0.0,0.0,0.0,0.027,0.1529274433508812,-0.3299999999999841,-0.6999999999999998,-127.44999999999996,0.0,0.0,0.0,0.0,0.0,0.0,0.0937422751201648,-0.200000000000017,0.7000000000000002,7.5
20.03199999965728,0.0,0.0,0.0,0.0,0.0,0.0259999999999996,0.1529274433508812,-0.3299999999999841,-0.6999999999999998,-127.44999999999996,0.0,0.0,0.0,0.0,0.0,0.0,0.0937422751201648,-0.200000000000017,0.7000000000000002,7.5
20.04700000025332,0.0,0.0,0.0,0.0,0.0,0.0206,0.1529732204165713,-0.3299999999999841,-0.6999999999999998,-127.44999999999996,0.0,0.0,0.0,0.0,0.0,0.0,0.0937422751201648,-0.200000000000017,0.7000000000000002,7.5
20.06299999915064,0.0,0.0,0.0,0.0,0.0,0.0148,0.1505622949568932,-0.3299999999999841,-0.6999999999999998,-127.44999999999996,0.0,0.0,0.0,0.0,0.0,0.0,0.0929182879377431,-0.200000000000017,0.7000000000000002,7.5
20.09400000050664,0.0,0.0,0.0,0.0,0.0,0.0061999999999996,0.1505622949568932,-0.3299999999999841,-0.6999999999999998,-127.34999999999998,0.0,0.0,0.0,0.0,0.0,0.0,0.0929182879377431,-0.200000000000017,0.7000000000000002,7.5
20.10999999940396,0.0,0.0,0.0,0.0,0.0,0.0046,0.1505622949568932,-0.2299999999999897,-0.6999999999999998,-127.34999999999998,0.0,0.0,0.0,0.0,0.0,0.0,0.0929182879377431,-0.200000000000017,0.7000000000000002,7.5
20.125,0.0,0.0,0.0,0.0,0.0,0.0061999999999996,0.149417868314641,-0.2299999999999897,-0.6999999999999998,-127.34999999999998,0.0,0.0,0.0,0.0,0.0,0.0,0.0949477378500038,-0.200000000000017,0.7000000000000002,7.5
20.14100000075996,0.0,0.0,0.0,0.0,0.0,0.0036,0.149417868314641,-0.2299999999999897,-0.6999999999999998,-127.34999999999998,0.0,0.0,0.0,0.0,0.0,0.0,0.0924452582589455,-0.200000000000017,0.7000000000000002,7.5
20.15699999965728,0.0,0.0,0.0,0.0,0.0,0.0,0.149417868314641,-0.2299999999999897,-0.6999999999999998,-127.34999999999998,0.0,0.0,0.0,0.0,0.0,0.0,0.0924452582589455,-0.200000000000017,0.7000000000000002,7.5
20.17200000025332,0.0,0.0,0.0,0.0,0.0,0.0,0.149417868314641,-0.2299999999999897,-0.6999999999999998,-127.44999999999996,0.0,0.0,0.0,0.0,0.0,0.0,0.0924452582589455,-0.200000000000017,0.7000000000000002,7.5
20.18799999915064,0.0,0.0,0.0,0.0,0.0,0.0,0.1526680399786373,-0.2299999999999897,-0.6999999999999998,-127.44999999999996,0.0,0.0,0.0,0.0,0.0,0.0,0.097450217441062,-0.200000000000017,0.7000000000000002,7.5
20.2039999999106,0.0,0.0,0.0,0.0,0.0,0.0,0.1534462500953688,-0.2299999999999897,-0.6999999999999998,-127.44999999999996,0.0,0.0,0.0,0.0,0.0,0.0,0.097450217441062,-0.200000000000017,0.7000000000000002,7.5
20.21900000050664,0.0,0.0,0.0,0.0,0.0,0.0,0.1534462500953688,-0.2299999999999897,-0.6999999999999998,-127.44999999999996,0.0,0.0,0.0,0.0,0.0,0.0,0.0973281452658884,-0.200000000000017,0.7000000000000002,7.5
20.23499999940396,0.0,0.0,0.0,0.0,0.0,0.0,0.1534615091172655,-0.2299999999999897,-0.6999999999999998,-127.44999999999996,0.0,0.0,0.0,0.0,0.0,0.0,0.0973128862439917,-0.200000000000017,0.7000000000000002,7.5
20.25,0.0,0.0,0.0,0.0,0.0,0.0,0.1534615091172655,-0.2299999999999897,-0.6999999999999998,-127.44999999999996,0.0,0.0,0.0,0.0,0.0,0.0,0.0973281452658884,-0.200000000000017,0.7000000000000002,7.5
20.26600000075996,0.0,0.0,0.0,0.0,0.0,0.0,0.1535225452048523,-0.2299999999999897,-0.6999999999999998,-127.44999999999996,0.0,0.0,0.0,0.0,0.0,0.0,0.0973281452658884,-0.200000000000017,0.7000000000000002,7.5
20.29700000025332,0.0,0.0,0.0,0.0,0.0,0.0,0.1535835812924391,-0.2299999999999897,-0.6999999999999998,-127.44999999999996,0.0,0.0,0.0,0.0,0.0,0.0,0.0973281452658884,-0.200000000000017,0.7000000000000002,7.5
20.31299999915064,0.0,0.0,0.0,0.0,0.0,0.0,0.1535835812924391,-0.2299999999999897,-0.6999999999999998,-127.44999999999996,0.0,0.0,0.0,0.0,0.0,0.0,0.0973128862439917,-0.200000000000017,0.7000000000000002,7.5
20.3289999999106,0.0,0.0,0.0,0.0,0.0,0.0,0.1535835812924391,-0.2299999999999897,-0.6999999999999998,-127.34999999999998,0.0,0.0,0.0,0.0,0.0,0.0,0.0973128862439917,-0.200000000000017,0.7000000000000002,7.5
20.34400000050664,0.0,0.0,0.0,0.0,0.0,0.0,0.1535988403143358,-0.2299999999999897,-0.6999999999999998,-127.34999999999998,0.0,0.0,0.0,0.0,0.0,0.0,0.0973281452658884,-0.200000000000017,0.7000000000000002,7.5
20.35999999940396,0.0,0.0,0.0,0.0,0.0,0.0,0.1536140993362325,-0.2299999999999897,-0.6999999999999998,-127.34999999999998,0.0,0.0,0.0,0.0,0.0,0.0,0.0973281452658884,-0.200000000000017,0.7000000000000002,7.5
20.375,0.0,0.0,0.0,0.0,0.0,0.0,0.153690394445716,-0.2299999999999897,-0.7999999999999998,-127.34999999999998,0.0,0.0,0.0,0.0,0.0,0.0,0.0973281452658884,-0.200000000000017,0.7000000000000002,7.5
20.39100000075996,0.0,0.0,0.0,0.0,0.0,0.0,0.1537056534676127,-0.2299999999999897,-0.7999999999999998,-127.34999999999998,0.0,0.0,0.0,0.0,0.0,0.0,0.0973281452658884,-0.200000000000017,0.7000000000000002,7.5
20.40699999965728,0.0,0.0,0.0,0.0,0.0,0.0,0.1537361715114061,-0.2299999999999897,-0.7999999999999998,-127.34999999999998,0.0,0.0,0.0,0.0,0.0,0.0,0.0973434042877851,-0.200000000000017,0.7000000000000002,7.5
20.42200000025332,0.0,0.0,0.0,0.0,0.0,0.0,0.1537666895551995,-0.2299999999999897,-0.7999999999999998,-127.44999999999996,0.0,0.0,0.0,0.0,0.0,0.0,0.0973739223315785,-0.200000000000017,0.7000000000000002,7.5
20.43799999915064,0.0,0.0,0.0,0.0,0.0,0.0,0.1537666895551995,-0.2299999999999897,-0.7999999999999998,-127.44999999999996,0.0,0.0,0.0,0.0,0.0,0.0,0.097450217441062,-0.200000000000017,0.7000000000000002,7.5
20.4539999999106,0.0,0.0,0.0,0.0,0.0,0.0,0.1538124666208896,-0.1299999999999954,-0.7999999999999998,-127.34999999999998,0.0,0.0,0.0,0.0,0.0,0.0,0.097450217441062,-0.200000000000017,0.7000000000000002,7.5
20.46900000050664,0.0,0.0,0.0,0.0,0.0,0.0,0.1538277256427863,-0.1299999999999954,-0.7999999999999998,-127.34999999999998,0.0,0.0,0.0,0.0,0.0,0.0,0.097450217441062,-0.200000000000017,0.7000000000000002,7.5
20.48499999940396,0.0,0.0,0.0,0.0,0.0,0.0,0.1538277256427863,-0.1299999999999954,-0.7999999999999998,-127.34999999999998,0.0,0.0,0.0,0.0,0.0,0.0,0.097450217441062,-0.200000000000017,0.7000000000000002,7.5
20.51600000075996,0.0,0.0,0.0,0.0,0.0,0.0,0.1538277256427863,-0.1299999999999954,-0.7999999999999998,-127.34999999999998,0.0,0.0,0.0,0.0,0.0,0.0,0.0974807354848554,-0.200000000000017,0.7000000000000002,7.5
20.53199999965728,0.0,0.0,0.0,0.0,0.0,0.0,0.153888761730373,-0.1299999999999954,-0.7999999999999998,-127.34999999999998,0.0,0.0,0.0,0.0,0.0,0.0,0.0974807354848554,-0.200000000000017,0.7000000000000002,7.5
20.54700000025332,0.0,0.0,0.0,0.0,0.0,0.0,0.1539040207522697,-0.1299999999999954,-0.7999999999999998,-127.34999999999998,0.0,0.0,0.0,0.0,0.0,0.0,0.0975112535286488,-0.200000000000017,0.7000000000000002,7.5
20.56299999915064,0.0,0.0,0.0,0.0,0.0,0.0,0.1539040207522697,-0.1299999999999954,-0.7999999999999998,-127.34999999999998,0.0,0.0,0.0,0.0,0.0,0.0,0.0975265125505455,-0.200000000000017,0.7000000000000002,7.5
20.5789999999106,0.0,0.0,0.0,0.0,0.0,0.0,0.1539040207522697,-0.1299999999999954,-0.7999999999999998,-127.34999999999998,0.0,0.0,0.0,0.0,0.0,0.0,0.0975570305943389,-0.200000000000017,0.7000000000000002,7.5
20.59400000050664,0.0,0.0,0.0,0.0,0.0,0.0,0.1539192797741664,-0.1299999999999954,-0.7999999999999998,-127.34999999999998,0.0,0.0,0.0,0.0,0.0,0.0,0.0975570305943389,-0.200000000000017,0.7000000000000002,7.5
20.60999999940396,0.0,0.0,0.0,0.0,0.0,0.0,0.1539192797741664,-0.1299999999999954,-0.7999999999999998,-127.34999999999998,0.0,0.0,0.0,0.0,0.0,0.0,0.0975722896162356,-0.200000000000017,0.7000000000000002,7.5
20.625,0.0,0.0,0.0,0.0,0.0,0.0,0.1539650568398565,-0.1299999999999954,-0.7999999999999998,-127.34999999999998,0.0,0.0,0.0,0.0,0.0,0.0,0.0975722896162356,-0.200000000000017,0.7000000000000002,7.5
20.64100000075996,0.0,0.0,0.0,0.0,0.0,0.0,0.1539803158617532,-0.1299999999999954,-0.7999999999999998,-127.34999999999998,0.0,0.0,0.0,0.0,0.0,0.0,0.0975722896162356,-0.200000000000017,0.7000000000000002,7.5
20.65699999965728,0.0,0.0,0.0,0.0,0.0,0.0,0.1539955748836499,-0.1299999999999954,-0.7999999999999998,-127.34999999999998,0.0,0.0,0.0,0.0,0.0,0.0,0.0975722896162356,-0.200000000000017,0.8,7.5
20.67200000025332,0.0,0.0,0.0,0.0,0.0,0.0,0.1539955748836499,-0.1299999999999954,-0.7999999999999998,-127.34999999999998,0.0,0.0,0.0,0.0,0.0,0.0,0.0975875486381323,-0.200000000000017,0.8,7.5
20.68799999915064,0.0,0.0,0.0,0.0,0.0,0.0,0.1539955748836499,-0.1299999999999954,-0.7999999999999998,-127.34999999999998,0.0,0.0,0.0,0.0,0.0,0.0,0.097648584725719,-0.200000000000017,0.8,7.5
20.71900000050664,0.0,0.0,0.0,0.0,0.0,0.0,0.1540718699931334,-0.1299999999999954,-0.7999999999999998,-127.34999999999998,0.0,0.0,0.0,0.0,0.0,0.0,0.097648584725719,-0.200000000000017,0.8,7.5
20.73499999940396,0.0,0.0,0.0,0.0,0.0,0.0,0.1540871290150301,-0.1299999999999954,-0.7999999999999998,-127.34999999999998,0.0,0.0,0.0,0.0,0.0,0.0,0.0976180666819256,-0.200000000000017,0.8,7.5
20.75,0.0,0.0,0.0,0.0,0.0,0.0,0.1540871290150301,-0.1299999999999954,-0.7999999999999998,-127.34999999999998,0.0,0.0,0.0,0.0,0.0,0.0,0.0975875486381323,-0.200000000000017,0.8,7.5
20.76600000075996,0.0,0.0,0.0,0.0,0.0,0.0,0.1540871290150301,-0.1299999999999954,-0.7999999999999998,-127.34999999999998,0.0,0.0,0.0,0.0,0.0,0.0,0.0976180666819256,-0.200000000000017,0.8,7.5
20.78199999965728,0.0,0.0,0.0,0.0,0.0,0.0,0.1540871290150301,-0.1299999999999954,-0.7999999999999998,-127.34999999999998,0.0,0.0,0.0,0.0,0.0,0.0,0.0975722896162356,-0.200000000000017,0.8,7.5
20.79700000025332,0.0,0.0,0.0,0.0,0.0,0.0,0.1541176470588235,-0.1299999999999954,-0.7999999999999998,-127.34999999999998,0.0,0.0,0.0,0.0,0.0,0.0,0.0975722896162356,-0.200000000000017,0.8,7.5
20.81299999915064,0.0,0.0,0.0,0.0,0.0,0.0,0.1541481651026169,-0.1299999999999954,-0.7999999999999998,-127.34999999999998,0.0,0.0,0.0,0.0,0.0,0.0,0.0975417715724422,-0.200000000000017,0.8,7.5
20.8289999999106,0.0,0.0,0.0,0.0,0.0,0.0,0.1541176470588235,-0.1299999999999954,-0.7999999999999998,-127.34999999999998,0.0,0.0,0.0,0.0,0.0,0.0,0.0975417715724422,-0.200000000000017,0.8,7.5
20.85999999940396,0.0,0.0,0.0,0.0,0.0,0.0,0.1541176470588235,-0.1299999999999954,-0.7999999999999998,-127.34999999999998,0.0,0.0,0.0,0.0,0.0,0.0,0.0975417715724422,-0.200000000000017,0.8,7.5
20.875,0.0,0.0,0.0,0.0,0.0,0.0,0.15404135194934,-0.1299999999999954,-0.7999999999999998,-127.34999999999998,0.0,0.0,0.0,0.0,0.0,0.0,0.0975417715724422,-0.200000000000017,0.8,7.5
20.875,0.0,0.0,0.0,0.0,0.0,0.0,0.15404135194934,-0.1299999999999954,-0.7999999999999998,-127.34999999999998,0.0,0.0,0.0,0.0,0.0,0.0,0.0975417715724422,-0.200000000000017,0.8,7.5
20.90699999965728,0.0,0.0,0.0,0.0,0.0,0.0,0.15404135194934,-0.1299999999999954,-0.7999999999999998,-127.34999999999998,0.0,0.0,0.0,0.0,0.0,0.0,0.0975417715724422,-0.200000000000017,0.8,7.5
20.92200000025332,0.0,0.0,0.0,0.0,0.0,0.0,0.15404135194934,-0.1299999999999954,-0.7999999999999998,-127.34999999999998,0.0,0.0,0.0,0.0,0.0,0.0,0.0975417715724422,-0.200000000000017,0.8,7.5
20.93799999915064,0.0,0.0,0.0,0.0,0.0,0.0,0.15404135194934,-0.1299999999999954,-0.7999999999999998,-127.34999999999998,0.0,0.0,0.0,0.0,0.0,0.0,0.0975265125505455,-0.200000000000017,0.8,7.5
20.9539999999106,0.0,0.0,0.0,0.0,0.0,0.0,0.15404135194934,-0.1299999999999954,-0.7999999999999998,-127.34999999999998,0.0,0.0,0.0,0.0,0.0,0.0,0.0975265125505455,-0.200000000000017,0.8,7.5
20.98499999940396,0.0,0.0,0.0,0.0,0.0,0.0,0.1540566109712367,-0.1299999999999954,-0.7999999999999998,-127.34999999999998,0.0,0.0,0.0,0.0,0.0,0.0,0.0975417715724422,-0.200000000000017,0.8,7.5
21.0,0.0,0.0,0.0,0.0,0.0,0.0,0.1540566109712367,-0.1299999999999954,-0.7999999999999998,-127.34999999999998,0.0,0.0,0.0,0.0,0.0,0.0,0.0975417715724422,-0.200000000000017,0.8,7.5
21.01600000075996,0.0,0.0,0.0,0.0,0.0,0.0,0.1540871290150301,-0.1299999999999954,-0.7999999999999998,-127.34999999999998,0.0,0.0,0.0,0.0,0.0,0.0,0.0975417715724422,-0.200000000000017,0.8,7.5
21.03199999965728,0.0,0.0,0.0,0.0,0.0,0.0,0.1540871290150301,-0.1299999999999954,-0.7999999999999998,-127.34999999999998,0.0,0.0,0.0,0.0,0.0,0.0,0.0975417715724422,-0.200000000000017,0.8,7.5
21.04700000025332,0.0,0.0,0.0,0.0,0.0,0.0,0.1540871290150301,-0.1299999999999954,-0.7999999999999998,-127.34999999999998,0.0,0.0,0.0,0.0,0.0,0.0,0.0975417715724422,-0.200000000000017,0.8,7.5
21.06299999915064,0.0,0.0,0.0,0.0,0.0,0.0,0.1541023880369268,-0.1299999999999954,-0.7999999999999998,-127.34999999999998,0.0,0.0,0.0,0.0,0.0,0.0,0.0975722896162356,-0.200000000000017,0.8,7.5
21.0789999999106,0.0,0.0,0.0,0.0,0.0,0.0,0.1541023880369268,-0.1299999999999954,-0.7999999999999998,-127.34999999999998,0.0,0.0,0.0,0.0,0.0,0.0,0.0975722896162356,-0.200000000000017,0.8,7.5
21.09400000050664,0.0,0.0,0.0,0.0,0.0,0.0,0.1541481651026169,-0.1299999999999954,-0.7999999999999998,-127.34999999999998,0.0,0.0,0.0,0.0,0.0,0.0,0.0975722896162356,-0.200000000000017,0.8,7.5
21.10999999940396,0.0,0.0,0.0,0.0,0.0,0.0,0.1541786831464103,-0.1299999999999954,-0.7999999999999998,-127.34999999999998,0.0,0.0,0.0,0.0,0.0,0.0,0.0975722896162356,-0.200000000000017,0.8,7.5
21.125,0.0,0.0,0.0,0.0,0.0,0.0,0.1541786831464103,-0.1299999999999954,-0.7999999999999998,-127.34999999999998,0.0,0.0,0.0,0.0,0.0,0.0,0.0975722896162356,-0.200000000000017,0.8,7.5
21.14100000075996,0.0,0.0,0.0,0.0,0.0,0.0,0.1542244602121004,-0.1299999999999954,-0.7999999999999998,-127.34999999999998,0.0,0.0,0.0,0.0,0.0,0.0,0.0975722896162356,-0.200000000000017,0.8,7.5
21.15699999965728,0.0,0.0,0.0,0.0,0.0,0.0,0.1542244602121004,-0.1299999999999954,-0.7999999999999998,-127.34999999999998,0.0,0.0,0.0,0.0,0.0,0.0,0.0975722896162356,-0.200000000000017,0.8,7.5
21.17200000025332,0.0,0.0,0.0,0.0,0.0,0.0,0.1542549782558938,-0.1299999999999954,-0.7999999999999998,-127.34999999999998,0.0,0.0,0.0,0.0,0.0,0.0,0.0975722896162356,-0.200000000000017,0.8,7.5
21.2039999999106,0.0,0.0,0.0,0.0,0.0,0.0,0.1542549782558938,-0.1299999999999954,-0.7999999999999998,-127.34999999999998,0.0,0.0,0.0,0.0,0.0,0.0,0.0975722896162356,-0.200000000000017,0.8,7.5
21.2039999999106,0.0,0.0,0.0,0.0,0.0,0.0,0.1542702372777905,-0.1299999999999954,-0.7999999999999998,-127.34999999999998,0.0,0.0,0.0,0.0,0.0,0.0,0.0975722896162356,-0.200000000000017,0.8,7.5
21.21900000050664,0.0,0.0,0.0,0.0,0.0,0.0,0.1543007553215838,-0.1299999999999954,-0.7999999999999998,-127.34999999999998,0.0,0.0,0.0,0.0,0.0,0.0,0.097648584725719,-0.200000000000017,0.8,7.5
21.25,0.0,0.0,0.0,0.0,0.0,0.0,0.1542702372777905,-0.1299999999999954,-0.7999999999999998,-127.34999999999998,0.0,0.0,0.0,0.0,0.0,0.0,0.097648584725719,-0.200000000000017,0.8,7.5
21.26600000075996,0.0,0.0,0.0,0.0,0.0,0.0,0.1542702372777905,-0.1299999999999954,-0.7999999999999998,-127.34999999999998,0.0,0.0,0.0,0.0,0.0,0.0,0.097648584725719,-0.200000000000017,0.8,7.5
21.28199999965728,0.0,0.0,0.0,0.0,0.0,0.0,0.1541481651026169,-0.1299999999999954,-0.7999999999999998,-127.34999999999998,0.0,0.0,0.0,0.0,0.0,0.0,0.097648584725719,-0.200000000000017,0.8,7.5
21.29700000025332,0.0,0.0,0.0,0.0,0.0,0.0,0.1541481651026169,-0.1299999999999954,-0.7999999999999998,-127.34999999999998,0.0,0.0,0.0,0.0,0.0,0.0,0.097648584725719,-0.200000000000017,0.8,7.5
21.31299999915064,0.0,0.0,0.0,0.0,0.0,0.0,0.1541481651026169,-0.1299999999999954,-0.7999999999999998,-127.34999999999998,0.0,0.0,0.0,0.0,0.0,0.0,0.0976638437476157,-0.200000000000017,0.8,7.5
21.3289999999106,0.0,0.0,0.0,0.0,0.0,0.0,0.1541481651026169,-0.1299999999999954,-0.7999999999999998,-127.25,0.0,0.0,0.0,0.0,0.0,0.0,0.0976638437476157,-0.200000000000017,0.8,7.5
21.34400000050664,0.0,0.0,0.0,0.0,0.0,0.0,0.1541481651026169,-0.1299999999999954,-0.7999999999999998,-127.25,0.0,0.0,0.0,0.0,0.0,0.0,0.0976791027695124,-0.200000000000017,0.8,7.5
21.35999999940396,0.0,0.0,0.0,0.0,0.0,0.0,0.1542702372777905,-0.1299999999999954,-0.7999999999999998,-127.25,0.0,0.0,0.0,0.0,0.0,0.0,0.0976791027695124,-0.200000000000017,0.8,7.5
21.375,0.0,0.0,0.0,0.0,0.0,0.0,0.154392309452964,-0.1299999999999954,-0.7999999999999998,-127.25,0.0,0.0,0.0,0.0,0.0,0.0,0.0976791027695124,-0.200000000000017,0.8,7.5
21.39100000075996,0.0,0.0,0.0,0.0,0.0,0.0,0.1544533455405508,-0.0299999999999869,-0.7999999999999998,-127.25,0.0,0.0,0.0,0.0,0.0,0.0,0.0976943617914091,-0.200000000000017,0.8,7.5
21.40699999965728,0.0,0.0,0.0,0.0,0.0,0.0,0.1544533455405508,-0.0299999999999869,-0.7999999999999998,-127.34999999999998,0.0,0.0,0.0,0.0,0.0,0.0,0.0976943617914091,-0.200000000000017,0.8,7.5
21.42200000025332,0.0,0.0,0.0,0.0,0.0,0.0,0.1544838635843442,-0.0299999999999869,-0.7999999999999998,-127.34999999999998,0.0,0.0,0.0,0.0,0.0,0.0,0.0977401388570992,-0.200000000000017,0.8,7.5
21.43799999915064,0.0,0.0,0.0,0.0,0.0,0.0,0.1544838635843442,-0.0299999999999869,-0.7999999999999998,-127.34999999999998,0.0,0.0,0.0,0.0,0.0,0.0,0.0977401388570992,-0.200000000000017,0.8,7.5
21.46900000050664,0.0,0.0,0.0,0.0,0.0,0.0,0.1545754177157244,-0.0299999999999869,-0.7999999999999998,-127.34999999999998,0.0,0.0,0.0,0.0,0.0,0.0,0.0977553978789959,-0.200000000000017,0.8,7.5
21.48499999940396,0.0,0.0,0.0,0.0,0.0,0.0,0.1545906767376211,-0.0299999999999869,-0.7999999999999998,-127.34999999999998,0.0,0.0,0.0,0.0,0.0,0.0,0.0977553978789959,-0.200000000000017,0.8,7.5
21.5,0.0,0.0,0.0,0.0,0.0,0.0,0.1545906767376211,-0.0299999999999869,-0.8999999999999999,-127.34999999999998,0.0,0.0,0.0,0.0,0.0,0.0,0.0977553978789959,-0.200000000000017,0.8,7.5
21.51600000075996,0.0,0.0,0.0,0.0,0.0,0.0,0.1545906767376211,-0.0299999999999869,-0.8999999999999999,-127.34999999999998,0.0,0.0,0.0,0.0,0.0,0.0,0.0977553978789959,-0.200000000000017,0.8,7.5
21.53199999965728,0.0,0.0,0.0,0.0,0.0,0.0,0.1545906767376211,-0.0299999999999869,-0.8999999999999999,-127.34999999999998,0.0,0.0,0.0,0.0,0.0,0.0,0.0977859159227893,-0.200000000000017,0.8,7.5
21.54700000025332,0.0,0.0,0.0,0.0,0.0,0.0,0.1545906767376211,-0.0299999999999869,-0.8999999999999999,-127.34999999999998,0.0,0.0,0.0,0.0,0.0,0.0,0.0977859159227893,-0.200000000000017,0.8,7.5
21.56299999915064,0.0,0.0,0.0,0.0,0.0,0.0,0.1546059357595178,-0.0299999999999869,-0.7999999999999998,-127.34999999999998,0.0,0.0,0.0,0.0,0.0,0.0,0.0977859159227893,-0.200000000000017,0.8,7.5
21.5789999999106,0.0,0.0,0.0,0.0,0.0,0.0,0.1546059357595178,-0.0299999999999869,-0.7999999999999998,-127.34999999999998,0.0,0.0,0.0,0.0,0.0,0.0,0.0977859159227893,-0.200000000000017,0.8,7.5
21.59400000050664,0.0,0.0,0.0,0.0,0.0,0.0,0.1545906767376211,-0.0299999999999869,-0.8999999999999999,-127.34999999999998,0.0,0.0,0.0,0.0,0.0,0.0,0.097801174944686,-0.200000000000017,0.8,7.5
21.60999999940396,0.0,0.0,0.0,0.0,0.0,0.0,0.1546059357595178,-0.0299999999999869,-0.8999999999999999,-127.34999999999998,0.0,0.0,0.0,0.0,0.0,0.0,0.0978164339665827,-0.200000000000017,0.8,7.5
21.64100000075996,0.0,0.0,0.0,0.0,0.0,0.0,0.1545906767376211,-0.0299999999999869,-0.8999999999999999,-127.34999999999998,0.0,0.0,0.0,0.0,0.0,0.0,0.0978469520103761,-0.200000000000017,0.8,7.5
21.65699999965728,0.0,0.0,0.0,0.0,0.0,0.0,0.1545906767376211,-0.0299999999999869,-0.8999999999999999,-127.34999999999998,0.0,0.0,0.0,0.0,0.0,0.0,0.0978469520103761,-0.200000000000017,0.8,7.5
21.67200000025332,0.0,0.0,0.0,0.0,0.0,0.0,0.1545906767376211,-0.0299999999999869,-0.8999999999999999,-127.34999999999998,0.0,0.0,0.0,0.0,0.0,0.0,0.0978622110322728,-0.200000000000017,0.8,7.5
21.68799999915064,0.0,0.0,0.0,0.0,0.0,0.0,0.1545906767376211,-0.0299999999999869,-0.8999999999999999,-127.34999999999998,0.0,0.0,0.0,0.0,0.0,0.0,0.0978622110322728,-0.200000000000017,0.8,7.5
21.7039999999106,0.0,0.0,0.0,0.0,0.0,0.0,0.1545906767376211,-0.0299999999999869,-0.8999999999999999,-127.34999999999998,0.0,0.0,0.0,0.0,0.0,0.0,0.0978774700541695,-0.200000000000017,0.8,7.5
21.71900000050664,0.0,0.0,0.0,0.0,0.0,0.0,0.1545906767376211,-0.0299999999999869,-0.8999999999999999,-127.34999999999998,0.0,0.0,0.0,0.0,0.0,0.0,0.0978927290760662,-0.200000000000017,0.8,7.5
21.73499999940396,0.0,0.0,0.0,0.0,0.0,0.0,0.1545906767376211,-0.0299999999999869,-0.8999999999999999,-127.34999999999998,0.0,0.0,0.0,0.0,0.0,0.0,0.0978927290760662,-0.200000000000017,0.8,7.5
21.75,0.0,0.0,0.0,0.0,0.0,0.0,0.1545754177157244,-0.0299999999999869,-0.8999999999999999,-127.34999999999998,0.0,0.0,0.0,0.0,0.0,0.0,0.0978774700541695,-0.200000000000017,0.8,7.5
21.76600000075996,0.0,0.0,0.0,0.0,0.0,0.0,0.1545754177157244,-0.0299999999999869,-0.8999999999999999,-127.34999999999998,0.0,0.0,0.0,0.0,0.0,0.0,0.0978774700541695,-0.200000000000017,0.8,7.5
21.78199999965728,0.0,0.0,0.0,0.0,0.0,0.0,0.1545754177157244,-0.0299999999999869,-0.8999999999999999,-127.34999999999998,0.0,0.0,0.0,0.0,0.0,0.0,0.0979385061417563,-0.200000000000017,0.8,7.5
21.79700000025332,0.0,0.0,0.0,0.0,0.0,0.0,0.154544899671931,-0.0299999999999869,-0.8999999999999999,-127.34999999999998,0.0,0.0,0.0,0.0,0.0,0.0,0.0979385061417563,-0.200000000000017,0.8,7.5
21.81299999915064,0.0,0.0,0.0,0.0,0.0,0.0,0.154544899671931,-0.0299999999999869,-0.8999999999999999,-127.34999999999998,0.0,0.0,0.0,0.0,0.0,0.0,0.0978774700541695,-0.200000000000017,0.8,7.5
21.8289999999106,0.0,0.0,0.0,0.0,0.0,0.0,0.1545296406500343,-0.0299999999999869,-0.8999999999999999,-127.34999999999998,0.0,0.0,0.0,0.0,0.0,0.0,0.0978774700541695,-0.200000000000017,0.8,7.5
21.85999999940396,0.0,0.0,0.0,0.0,0.0,0.0,0.1545296406500343,-0.0299999999999869,-0.8999999999999999,-127.34999999999998,0.0,0.0,0.0,0.0,0.0,0.0,0.0978622110322728,-0.200000000000017,0.8,7.5
21.875,0.0,0.0,0.0,0.0,0.0,0.0,0.1545296406500343,-0.0299999999999869,-0.8999999999999999,-127.34999999999998,0.0,0.0,0.0,0.0,0.0,0.0,0.0978622110322728,-0.200000000000017,0.8,7.5
21.89100000075996,0.0,0.0,0.0,0.0,0.0,0.0,0.154544899671931,-0.0299999999999869,-0.8999999999999999,-127.34999999999998,0.0,0.0,0.0,0.0,0.0,0.0,0.0978316929884794,-0.200000000000017,0.8,7.5
21.90699999965728,0.0,0.0,0.0,0.0,0.0,0.0,0.154544899671931,-0.0299999999999869,-0.8999999999999999,-127.34999999999998,0.0,0.0,0.0,0.0,0.0,0.0,0.0978316929884794,-0.200000000000017,0.8,7.5
21.92200000025332,0.0,0.0,0.0,0.0,0.0,0.0,0.1545601586938277,-0.0299999999999869,-0.8999999999999999,-127.34999999999998,0.0,0.0,0.0,0.0,0.0,0.0,0.0978316929884794,-0.200000000000017,0.8,7.5
