time_s,L_fx1,L_fy1,L_fz1,L_fx2,L_fy2,L_fz2,L_proximity,L_roll,L_pitch,L_yaw,R_fx1,R_fy1,R_fz1,R_fx2,R_fy2,R_fz2,R_proximity,R_roll,R_pitch,R_yaw
0.0,0.0,0.0,0.0,0.0,0.0,0.0,0.0060761425192645,0.0100000000000051,-0.0399999999999999,0.0199999999999889,0.0,0.0,0.0,0.0,0.0,0.0,0.0003036545357442,1.4210854715202004e-14,5.551115123125783e-17,-0.0800000000000125
0.015999998897314,0.0,0.0,0.0,0.0,0.0,0.0,0.0054200045777065,0.0100000000000051,-0.0399999999999999,0.0199999999999889,0.0,0.0,0.0,0.0,0.0,0.0,0.0003494316014343,1.4210854715202004e-14,5.551115123125783e-17,-0.0800000000000125
0.0309999994933605,0.0,0.0,0.0,0.0,0.0,0.0,0.0047486076142519,0.0100000000000051,-0.0399999999999999,0.0199999999999889,0.0,0.0,0.0,0.0,0.0,0.0,0.0004867627985046,1.4210854715202004e-14,5.551115123125783e-17,-0.0800000000000125
0.0470000002533197,0.0,0.0,0.0,0.0,0.0,0.0,0.0041840238040741,0.0100000000000051,-0.0399999999999999,0.0199999999999889,0.0,0.0,0.0,0.0,0.0,0.0,0.0004867627985046,1.4210854715202004e-14,5.551115123125783e-17,-0.0800000000000125
0.0629999991506338,0.0,0.0,0.0,0.0,0.0,0.0,0.003634699015793,0.0100000000000051,0.06,0.0199999999999889,0.0,0.0,0.0,0.0,0.0,0.0,0.0006546120393682,1.4210854715202004e-14,5.551115123125783e-17,-0.0800000000000125
0.0779999997466802,0.0,0.0,0.0,0.0,0.0,0.0,0.003283741512169,0.0100000000000051,0.06,0.0199999999999889,0.0,0.0,0.0,0.0,0.0,0.0,0.000715648126955,1.4210854715202004e-14,5.551115123125783e-17,-0.0800000000000125
0.0939999986439943,0.0,0.0,0.0,0.0,0.0,0.0,0.0031158922713054,0.0100000000000051,0.06,0.0199999999999889,0.0,0.0,0.0,0.0,0.0,0.0,0.000715648126955,1.4210854715202004e-14,5.551115123125783e-17,-0.0800000000000125
0.1099999994039535,0.0,0.0,0.0,0.0,0.0,0.0,0.003085374227512,0.0100000000000051,0.06,0.0199999999999889,0.0,0.0,0.0,0.0,0.0,0.0,0.000715648126955,1.4210854715202004e-14,5.551115123125783e-17,-0.0800000000000125
0.125,0.0,0.0,0.0,0.0,0.0,0.0,0.0030090791180285,0.0100000000000051,0.06,0.0199999999999889,0.0,0.0,0.0,0.0,0.0,0.0,0.0007003891050583,1.4210854715202004e-14,5.551115123125783e-17,-0.0800000000000125
0.1559999994933605,0.0,0.0,0.0,0.0,0.0,0.0,0.0030090791180285,0.0100000000000051,0.06,0.0199999999999889,0.0,0.0,0.0,0.0,0.0,0.0,0.0007003891050583,1.4210854715202004e-14,5.551115123125783e-17,-0.0800000000000125
0.1720000002533197,0.0,0.0,0.0,0.0,0.0,0.0,0.0030090791180285,0.0100000000000051,0.06,0.0199999999999889,0.0,0.0,0.0,0.0,0.0,0.0,0.0007003891050583,0.1000000000000085,5.551115123125783e-17,-0.0800000000000125
0.1879999991506338,0.0,0.0,0.0,0.0,0.0,0.0,0.0030090791180285,0.1099999999999994,0.06,0.0199999999999889,0.0,0.0,0.0,0.0,0.0,0.0,0.0007003891050583,0.1000000000000085,5.551115123125783e-17,-0.0800000000000125
0.2029999997466802,0.0,0.0,0.0,0.0,0.0,0.0,0.0030090791180285,0.1099999999999994,0.06,0.0199999999999889,0.0,0.0,0.0,0.0,0.0,0.0,0.0007003891050583,0.1000000000000085,5.551115123125783e-17,-0.0800000000000125
0.2189999986439943,0.0,0.0,0.0,0.0,0.0,0.0,0.0039856565194171,0.1099999999999994,0.06,0.0199999999999889,0.0,0.0,0.0,0.0,0.0,0.0,0.0009445334554055,0.2000000000000028,5.551115123125783e-17,-0.0800000000000125
0.2349999994039535,0.0,0.0,0.0,0.0,0.0,0.0,0.0072663462272068,0.2100000000000079,-0.0399999999999999,0.0199999999999889,0.0,0.0,0.0,0.0,0.0,0.0,0.001722743572137,0.2000000000000028,5.551115123125783e-17,-0.0800000000000125
0.25,0.0,0.0,0.0,0.0,0.0,0.0,0.0103639276722362,0.2100000000000079,-0.0399999999999999,-0.0800000000000054,0.0,0.0,0.0,0.0,0.0,0.0,0.0027603570611124,0.2000000000000028,5.551115123125783e-17,-0.0800000000000125
0.265999998897314,0.0,0.0,0.0,0.0,0.0,0.0,0.0129121843289845,0.2100000000000079,-0.0399999999999999,-0.0800000000000054,0.0,0.0,0.0,0.0,0.0,0.0,0.0037216754406042,0.2000000000000028,5.551115123125783e-17,-0.0800000000000125
0.2809999994933605,0.0,0.0,0.0,0.0,0.0,0.0,0.0146517128252079,0.2100000000000079,-0.0399999999999999,-0.0800000000000054,0.0,0.0,0.0,0.0,0.0,0.0,0.0051255054551003,0.2000000000000028,5.551115123125783e-17,-0.0800000000000125
0.2970000002533197,0.0,0.0,0.0,0.0,0.0,0.0,0.0185580224307622,0.2100000000000079,-0.0399999999999999,-0.0800000000000054,0.0,0.0,0.0,0.0,0.0,0.0,0.0072159914549477,0.2000000000000028,5.551115123125783e-17,-0.0800000000000125
0.3129999991506338,0.0,0.0,0.0,0.0,0.0,0.0,0.0203585870145723,0.2100000000000079,-0.0399999999999999,-0.0800000000000054,0.0,0.0,0.0,0.0,0.0,0.0,0.0097489890897993,0.2000000000000028,5.551115123125783e-17,-0.0800000000000125
0.3279999997466802,0.0,0.0,0.0,0.0,0.0,0.0,0.0254551003280689,0.2100000000000079,-0.0399999999999999,-0.0800000000000054,0.0,0.0,0.0,0.0,0.0,0.0,0.011625848783093,0.2000000000000028,5.551115123125783e-17,-0.0800000000000125
0.3599999994039535,0.0,0.0,0.0,0.0,0.0,0.0,0.0288731212329289,0.2100000000000079,-0.0399999999999999,-0.0800000000000054,0.0,0.0,0.0,0.0,0.0,0.0,0.0129686427100023,0.3000000000000113,5.551115123125783e-17,-0.0800000000000125
0.375,0.0,0.0,0.0,0.0,0.0,0.0,0.0332219424734874,0.2100000000000079,-0.0399999999999999,0.0199999999999889,0.0,0.0,0.0,0.0,0.0,0.0,0.0144335088120851,0.3000000000000113,5.551115123125783e-17,-0.0800000000000125
0.390999998897314,0.0,0.0,0.0,0.0,0.0,0.0,0.040531013962005,0.2100000000000079,-0.0399999999999999,0.0199999999999889,0.0,0.0,0.0,0.0,0.0,0.0,0.01695124742504,0.3000000000000113,5.551115123125783e-17,-0.0800000000000125
0.4059999994933605,0.0,0.0,0.0,0.0,0.0,0.0,0.0470313572899977,0.2100000000000079,-0.0399999999999999,0.0199999999999889,0.0,0.0,0.0,0.0,0.0,0.0,0.0209033340962844,0.3000000000000113,5.551115123125783e-17,-0.0800000000000125
0.4220000002533197,0.0,0.0,0.0,0.0,0.0,0.0,0.051288624399176,0.2100000000000079,-0.0399999999999999,0.0199999999999889,0.0,0.0,0.0,0.0,0.0,0.0,0.0276478217746242,0.3000000000000113,5.551115123125783e-17,-0.0800000000000125
0.4379999991506338,0.0,0.0,0.0,0.0,0.0,0.0,0.0559731441214618,0.2100000000000079,-0.0399999999999999,0.0199999999999889,0.0,0.0,0.0,0.0,0.0,0.0,0.0390310521095597,0.3000000000000113,5.551115123125783e-17,-0.0800000000000125
0.4529999997466802,0.0,0.0,0.0,0.0,0.0,0.0,0.0639688715953307,0.2100000000000079,-0.0399999999999999,-0.0800000000000054,0.0,0.0,0.0,0.0,0.0,0.0,0.0516044861524376,0.3000000000000113,5.551115123125783e-17,-0.0800000000000125
0.4689999986439943,0.0,0.0,0.0,0.0,0.0,0.0,0.0718730449378195,0.2100000000000079,-0.0399999999999999,-0.0800000000000054,0.0,0.0,0.0,0.0,0.0,0.0,0.0552361333638514,0.3000000000000113,5.551115123125783e-17,-0.0800000000000125
0.4849999994039535,0.0,0.0,0.0,0.0,0.0,0.0,0.0780987258716716,0.3100000000000023,-0.0399999999999999,-0.0800000000000054,0.0,0.0,0.0,0.0,0.0,0.0,0.0564568551155871,0.3000000000000113,5.551115123125783e-17,-0.0800000000000125
0.5,0.0,0.0,0.0,0.0,0.0,0.0,0.0837903410391394,0.2100000000000079,-0.0399999999999999,-0.0800000000000054,0.0,0.0,0.0,0.0,0.0,0.0,0.0569298847943847,0.3000000000000113,5.551115123125783e-17,-0.0800000000000125
0.5159999988973141,0.0,0.0,0.0,0.0,0.0,0.0,0.0928847180895704,0.2100000000000079,-0.0399999999999999,-0.0800000000000054,0.0,0.0,0.0,0.0,0.0,0.0,0.0569298847943847,0.3000000000000113,5.551115123125783e-17,-0.0800000000000125
0.5309999994933605,0.0,0.0,0.0,0.0,0.0,0.0,0.1063736934462501,0.2100000000000079,-0.0399999999999999,-0.0800000000000054,0.0,0.0,0.0,0.0,0.0,0.0,0.0597833218890669,0.3000000000000113,5.551115123125783e-17,-0.0800000000000125
0.5629999991506338,0.0,0.0,0.0,0.0,0.0,0.0,0.1175585564965285,0.2100000000000079,-0.0399999999999999,-0.0800000000000054,0.0,0.0,0.0,0.0,0.0,0.0,0.0611261158159762,0.3000000000000113,5.551115123125783e-17,-0.0800000000000125
0.5779999997466803,0.0,0.0,0.0,0.0,0.0,0.0,0.1292774853131914,0.2100000000000079,-0.0399999999999999,-0.0800000000000054,0.0,0.0,0.0,0.0,0.0,0.0,0.0632928969253071,0.3000000000000113,5.551115123125783e-17,-0.0800000000000125
0.5939999986439943,0.0,0.0,0.0,0.0,0.0,0.0,0.1411184863050278,0.2100000000000079,-0.0399999999999999,0.0199999999999889,0.0,0.0,0.0,0.0,0.0,0.0,0.0632928969253071,0.3000000000000113,5.551115123125783e-17,-0.0800000000000125
0.6099999994039536,0.0,0.0,0.0,0.0,0.0,0.0,0.1549126420996414,0.2100000000000079,-0.0399999999999999,0.0199999999999889,0.0,0.0,0.0,0.0,0.0,0.0,0.0666193636987869,0.3000000000000113,5.551115123125783e-17,-0.0800000000000125
0.625,0.0,0.0,0.0,0.0,0.0,0.0,0.1675013351644159,0.2100000000000079,-0.0399999999999999,0.0199999999999889,0.0,0.0,0.0,0.0,0.0,0.0,0.0666193636987869,0.3000000000000113,5.551115123125783e-17,-0.0800000000000125
0.6409999988973141,0.0,0.0,0.0,0.0,0.0,0.0,0.1698054474708171,0.2100000000000079,-0.0399999999999999,0.0199999999999889,0.0,0.0,0.0,0.0,0.0,0.0,0.0666193636987869,0.3000000000000113,5.551115123125783e-17,-0.0800000000000125
0.6559999994933605,0.0,0.0,0.0,0.0,0.0,0.0,0.1698054474708171,0.2100000000000079,-0.0399999999999999,0.0199999999999889,0.0,0.0,0.0,0.0,0.0,0.0,0.0761867704280155,0.3000000000000113,5.551115123125783e-17,-0.0800000000000125
0.6720000002533197,0.0,0.0,0.0,0.0,0.0,0.0,0.1698054474708171,0.2100000000000079,-0.0399999999999999,0.0199999999999889,0.0,0.0,0.0,0.0,0.0,0.0,0.0856473640039673,0.3000000000000113,5.551115123125783e-17,-0.0800000000000125
0.6879999991506338,0.0,0.0,0.0,0.0,0.0,0.0,0.1685847257190814,0.2100000000000079,-0.0399999999999999,0.0199999999999889,0.0,0.0,0.0,0.0,0.0,0.0,0.0936430914778363,0.3000000000000113,5.551115123125783e-17,-0.0800000000000125
0.7029999997466803,0.0,0.0,0.0,0.0,0.0,0.0,0.1628015564202334,0.2100000000000079,-0.0399999999999999,0.0199999999999889,0.0,0.0,0.0,0.0,0.0,0.0,0.1021271076523995,0.3000000000000113,5.551115123125783e-17,-0.0800000000000125
0.7189999986439943,0.0,0.0,0.0,0.0,0.0,0.0,0.1551262684061951,0.2100000000000079,-0.0399999999999999,-0.0800000000000054,0.0,0.0,0.0,0.0,0.0,0.0,0.1090394445716029,0.3000000000000113,5.551115123125783e-17,-0.0800000000000125
0.7349999994039536,0.0,0.0,0.0,0.0,0.0,0.0,0.153020523384451,0.2100000000000079,-0.0399999999999999,-0.0800000000000054,0.0,0.0,0.0,0.0,0.0,0.0,0.1146395056076905,0.3000000000000113,5.551115123125783e-17,-0.0800000000000125
0.7659999988973141,0.0,0.0,0.0,0.0,0.0,0.0,0.1528679331654841,0.2100000000000079,-0.0399999999999999,-0.0800000000000054,0.0,0.0,0.0,0.0,0.0,0.0,0.1204837109941253,0.3000000000000113,5.551115123125783e-17,-0.0800000000000125
0.7809999994933605,0.0,0.0,0.0,0.0,0.0,0.0,0.1503044174868391,0.2100000000000079,-0.0399999999999999,-0.0800000000000054,0.0,0.0,0.0,0.0,0.0,0.0,0.1284489204242008,0.3000000000000113,5.551115123125783e-17,-0.0800000000000125
0.7970000002533197,0.0,0.0,0.0,0.0,0.0,0.0,0.14905317769131,0.2100000000000079,-0.0399999999999999,-0.0800000000000054,0.0,0.0,0.0,0.0,0.0,0.0,0.1395880064087891,0.3000000000000113,5.551115123125783e-17,-0.0800000000000125
0.8129999991506338,0.0,0.0,0.0,0.0,0.0,0.0,0.1476035706111238,0.2100000000000079,-0.0399999999999999,-0.0800000000000054,0.0,0.0,0.0,0.0,0.0,0.0,0.1520088502327,0.3000000000000113,5.551115123125783e-17,-0.0800000000000125
0.8279999997466803,0.0,0.0,0.0,0.0,0.0,0.0,0.1476035706111238,0.2100000000000079,-0.0399999999999999,-0.0800000000000054,0.0,0.0,0.0,0.0,0.0,0.0,0.1646585793850614,0.3000000000000113,5.551115123125783e-17,-0.0800000000000125
0.8439999986439943,0.0,0.0,0.0,0.0,0.0,0.0,0.1476035706111238,0.2100000000000079,-0.0399999999999999,0.0199999999999889,0.0,0.0,0.0,0.0,0.0,0.0,0.2321492332341496,0.3000000000000113,5.551115123125783e-17,-0.0800000000000125
0.8599999994039536,0.0,0.0,0.0,0.0,0.0,0.0,0.1476035706111238,0.2100000000000079,-0.0399999999999999,0.0199999999999889,0.0,0.0,0.0,0.0,0.0,0.0,0.177994964522774,0.3000000000000113,5.551115123125783e-17,-0.0800000000000125
0.875,0.0,0.0,0.0,0.0,0.0,0.0,0.1476035706111238,0.2100000000000079,-0.0399999999999999,0.0199999999999889,0.0,0.0,0.0,0.0,0.0,0.0,0.19302510109102,0.3000000000000113,5.551115123125783e-17,-0.0800000000000125
0.8909999988973141,0.0,0.0,0.0,0.0,0.0,0.0,0.147893492027161,0.2100000000000079,-0.0399999999999999,0.0199999999999889,0.0,0.0,0.0,0.0,0.0,0.0,0.2115190356298161,0.3000000000000113,5.551115123125783e-17,-0.0800000000000125
0.9059999994933604,0.0,0.0,0.0,0.0,0.0,0.0,0.1498619058518349,0.1099999999999994,-0.0399999999999999,0.0199999999999889,0.0,0.0,0.0,0.0,0.0,0.0,0.2321492332341496,0.3000000000000113,5.551115123125783e-17,-0.0800000000000125
0.9220000002533196,0.0,0.0,0.0,0.0,0.0,0.0,0.149953459983215,0.1099999999999994,-0.0399999999999999,0.0199999999999889,0.0,0.0,0.0,0.0,0.0,0.0,0.3222232394903487,0.2000000000000028,5.551115123125783e-17,-0.0800000000000125
0.9379999991506338,0.0,0.0,0.0,0.0,-0.0414,0.0376,0.1651819638361181,0.0100000000000051,-0.0399999999999999,0.0199999999999889,0.0,0.0,0.0,0.0,0.0,0.0,0.2794216830701152,0.2000000000000028,5.551115123125783e-17,-0.0800000000000125
0.9689999986439944,0.0,0.0,0.0,0.0,-0.0884,0.0995999999999998,0.1719417105363546,0.0100000000000051,-0.0399999999999999,0.0199999999999889,0.0,0.0,0.0,0.0,0.0,0.0,0.3361547264820325,0.2000000000000028,5.551115123125783e-17,-0.0800000000000125
0.9849999994039536,0.0,0.0,0.0,0.029,-0.0933,0.1685999999999996,0.1777096208133058,0.0100000000000051,-0.0399999999999999,0.0199999999999889,0.0,0.0,0.0,-0.0028,0.0,0.0,0.2975951781490806,0.2000000000000028,5.551115123125783e-17,-0.0800000000000125
1.0,0.0,0.0,0.0,0.1076,-0.0537,0.2449999999999996,0.1836606393530175,0.0100000000000051,-0.0399999999999999,0.0199999999999889,0.0,0.0,0.0,-0.0135,0.0731,0.0057999999999996,0.3186526283665217,0.2000000000000028,5.551115123125783e-17,-0.1800000000000068
1.015999998897314,0.0,0.0,0.0,0.1717,-0.0519,0.3243999999999998,0.1916716258487831,0.0100000000000051,-0.0399999999999999,-0.0800000000000054,0.0,0.0,0.0,0.0,0.1115,0.0656,0.3222232394903487,0.1000000000000085,5.551115123125783e-17,-0.1800000000000068
1.0309999994933603,0.0,0.0,0.0,0.2358,-0.0129,0.4351999999999998,0.2049774929427023,0.0100000000000051,-0.0399999999999999,-0.0800000000000054,0.0,0.0,0.0,-0.0011,0.1596,0.1409999999999996,0.3361547264820325,0.1000000000000085,5.551115123125783e-17,-0.1800000000000068
1.0470000002533195,0.0,0.0,0.0,0.3221,-0.0014,0.529,0.2191531242847333,0.0100000000000051,-0.0399999999999999,-0.0800000000000054,0.0,-0.0081,0.0,0.0,0.2208,0.2126,0.3471717402914473,0.1000000000000085,5.551115123125783e-17,-0.0800000000000125
1.0779999997466805,0.0,0.0,0.0,0.3838,0.0,0.6198,0.2328252079041733,0.0100000000000051,-0.0399999999999999,-0.0800000000000054,0.0,-0.04,0.0336,0.0,0.2993,0.2789999999999998,0.3816113527122912,0.1000000000000085,5.551115123125783e-17,-0.0800000000000125
1.0939999986439943,0.0,0.0,0.0,0.4615,0.0,0.6976,0.2410803387502861,0.0100000000000051,-0.0399999999999999,-0.1800000000000068,0.0,-0.051,0.0594,0.0,0.3412,0.3114,0.3949477378500038,1.4210854715202004e-14,5.551115123125783e-17,-0.0800000000000125
1.1099999994039536,0.0,0.0,0.0,0.5303,0.0,0.753,0.2533180743114366,0.0100000000000051,-0.0399999999999999,-0.1800000000000068,0.0,-0.0611,0.0815999999999998,0.0,0.3655,0.3893999999999998,0.4054154268711376,1.4210854715202004e-14,5.551115123125783e-17,-0.0800000000000125
1.125,0.0,0.0,0.0,0.5825,0.0,0.8216,0.2724834058136873,0.0100000000000051,-0.0399999999999999,-0.1800000000000068,0.0,-0.0805,0.0912,0.0,0.3556,0.5102,0.4227649347676814,1.4210854715202004e-14,5.551115123125783e-17,-0.0800000000000125
1.140999998897314,0.0,0.0,0.0,0.6379,0.0,0.87,0.2916029602502479,0.0100000000000051,-0.0399999999999999,-0.1800000000000068,0.02,-0.0874,0.1023999999999998,0.0,0.3352,0.5884,0.4341023880369268,1.4210854715202004e-14,5.551115123125783e-17,-0.0800000000000125
1.1559999994933603,0.0,0.0,0.0,0.6889,0.0,0.9330000000000002,0.3101884489204242,-0.0899999999999892,-0.0399999999999999,-0.1800000000000068,0.016,-0.0948,0.1159999999999998,0.0,0.2777,0.6882,0.4683588921950103,1.4210854715202004e-14,5.551115123125783e-17,-0.0800000000000125
1.1879999991506338,0.0,0.0,0.0,0.7558,-0.0208,1.0148,0.3279652094300755,-0.0899999999999892,-0.0399999999999999,-0.1800000000000068,0.0312,-0.1049,0.0985999999999996,0.0,0.2001,0.7677999999999998,0.4984496833752956,1.4210854715202004e-14,5.551115123125783e-17,-0.0800000000000125
1.2029999997466805,0.0,-0.0035,0.0,0.8214,-0.0364,1.0886,0.3448111696040284,-0.0899999999999892,-0.0399999999999999,-0.1800000000000068,0.0539,-0.1046,0.1049999999999996,0.0,0.1363,0.8742,0.5147920958266575,1.4210854715202004e-14,5.551115123125783e-17,0.0199999999999818
1.2189999986439943,0.0,-0.0007,0.0,0.8864,-0.0514,1.156,0.3602380407415885,0.0100000000000051,-0.0399999999999999,-0.1800000000000068,0.0591,-0.1238,0.1124,0.0,0.0983,0.9781999999999998,0.5247104600595102,1.4210854715202004e-14,5.551115123125783e-17,0.0199999999999818
1.2349999994039536,0.0,-0.0058,0.0,0.9363,-0.1113,1.2362,0.3769771877622644,0.0100000000000051,-0.0399999999999999,-0.0800000000000054,0.0659,-0.1091,0.0985999999999996,0.0,0.0496,1.0664,0.5306614785992219,1.4210854715202004e-14,5.551115123125783e-17,0.0199999999999818
1.25,0.0,-0.0163,0.0,0.9899,-0.1503,1.326,0.3952727550164034,0.1099999999999994,-0.0399999999999999,-0.0800000000000054,0.0844,-0.1072,0.1049999999999996,0.0,0.0051,1.1676000000000002,0.5349797817959869,0.1000000000000085,5.551115123125783e-17,0.0199999999999818
1.2809999994933603,0.0,0.0,0.0,1.0576,-0.1844,1.396,0.4129274433508812,0.1099999999999994,-0.0399999999999999,-0.0800000000000054,0.0841,-0.1105,0.085,0.0,0.0,1.2536,0.53653620202945,0.2000000000000028,5.551115123125783e-17,0.0199999999999818
1.2970000002533195,0.0,-0.0069,0.0,1.1239,-0.2,1.458,0.4255466544594491,0.2100000000000079,-0.0399999999999999,-0.0800000000000054,0.0814,-0.0978,0.0949999999999998,0.0,0.0,1.3474000000000002,0.5428534370946823,0.3000000000000113,0.1,0.0199999999999818
1.3129999991506338,0.0,-0.0026,0.0,1.1902,-0.2219,1.529,0.4383337148088808,0.3100000000000023,-0.0399999999999999,0.0199999999999889,0.107,-0.0905,0.1022,0.0,0.0,1.4208,0.5501319905394064,0.4000000000000057,0.1,0.1200000000000045
1.3279999997466805,0.0,0.0,0.0,1.2341,-0.238,1.5812000000000002,0.4566292820630198,0.5100000000000051,-0.0399999999999999,0.0199999999999889,0.1029,-0.0863,0.0952,0.0,-0.0101,1.4960000000000002,0.5621560997940033,0.5000000000000142,0.1,0.1200000000000045
1.3439999986439943,0.0,0.0,0.0,1.2244,-0.2849,1.6186000000000005,0.4934187838559548,0.6099999999999994,-0.1399999999999999,0.0199999999999889,0.1183,-0.0642,0.0949999999999998,0.0,-0.1296,1.5792,0.568351262684062,0.6000000000000085,0.1,0.1200000000000045
1.375,0.0,0.0,0.0,1.3461,-0.3984,1.7354,0.5110429541466391,0.9100000000000108,-0.1399999999999999,0.0199999999999889,0.1412,-0.0519,0.0889999999999996,0.0,-0.2152,1.6556000000000004,0.5717387655451286,0.7000000000000028,0.1,0.1200000000000045
1.390999998897314,0.0,0.0,0.0,1.3746,-0.4847,1.7848,0.5191149767299915,1.1099999999999994,-0.1399999999999999,0.0199999999999889,0.16,-0.0464,0.0958,-0.0105,-0.3275,1.7406,0.5768657969024186,0.9000000000000057,0.1,0.2199999999999988
1.4059999994933603,0.0,0.0,0.0,1.4141,-0.5712,1.83,0.5258594644083314,1.210000000000008,-0.1399999999999999,0.0199999999999889,0.1705,-0.0391,0.1213999999999996,-0.0383,-0.4022,1.8356,0.582420080872816,1.0000000000000142,0.1,0.2199999999999988
1.4220000002533195,0.0,0.0,0.0126,1.4604,-0.6589,1.8956,0.5315510795757992,1.4100000000000108,-0.1399999999999999,0.0199999999999889,0.1591,0.0,0.1869999999999998,-0.0397,-0.4684,1.912,0.5897291523613336,1.2000000000000028,0.1,0.2199999999999988
1.4379999991506338,0.0,-0.012,0.0566,1.4999,-0.7525,1.9776,0.5334584573128862,1.5100000000000051,-0.2399999999999999,0.0199999999999889,0.1314,0.0,0.2482,-0.0492,-0.5069,1.994,0.5970077058060579,1.4000000000000057,0.1,0.2199999999999988
1.4689999986439943,0.0,-0.0389,0.1167999999999996,1.5211,-0.8487,2.0454,0.537944609750515,1.710000000000008,-0.2399999999999999,0.1199999999999903,0.1191,0.0,0.3298,-0.0589,-0.5706,2.0738000000000003,0.6058579385061418,1.5000000000000142,0.1,0.2199999999999988
1.4849999994039536,0.0,-0.0742,0.176,1.5503,-0.9338,2.1394,0.5443076218814373,1.8100000000000025,-0.2399999999999999,0.1199999999999903,0.0776,0.0,0.4101999999999998,-0.0572,-0.632,2.1454000000000004,0.6165545128557259,1.7000000000000028,0.1,0.2199999999999988
1.5,0.0,-0.1198,0.2498,1.5522,-1.0102,2.2552,0.5520744640268558,2.010000000000005,-0.2399999999999999,0.1199999999999903,0.043,0.0,0.5115999999999998,-0.0518,-0.6881,2.2354,0.6282887006942856,1.9000000000000057,0.1,0.2199999999999988
1.5309999994933603,0.0012,-0.1874,0.3464,1.5623,-1.0753,2.3902,0.5609704737926299,2.210000000000008,-0.2399999999999999,0.1199999999999903,0.0,0.0,0.5908,-0.051,-0.7615,2.3336,0.6602410925459679,2.1000000000000085,0.1,0.2199999999999988
1.5470000002533195,0.0365,-0.2267,0.4308,1.6056,-1.105,2.527,0.5689662012664988,2.3100000000000023,-0.3399999999999999,0.0199999999999889,0.0,0.0,0.6746,-0.0566,-0.7924,2.426,0.6774990463111314,2.200000000000003,0.1,0.2199999999999988
1.5629999991506338,0.0874,-0.2431,0.5148,1.621,-1.1496,2.6654,0.5710414282444495,2.510000000000005,-0.3399999999999999,0.0199999999999889,0.0,0.0,0.763,-0.0518,-0.8549,2.5206,0.6938261997405967,2.4000000000000057,0.1,0.2199999999999988
1.5779999997466805,0.1393,-0.2485,0.5904,1.6526,-1.1777,2.7769999999999997,0.5711024643320363,2.6099999999999994,-0.3399999999999999,0.0199999999999889,0.0,0.0,0.8278,-0.0338,-0.893,2.5898,0.7097718776226444,2.6000000000000085,0.1,0.2199999999999988
1.5939999986439943,0.1662,-0.2403,0.6253999999999998,1.6837,-1.1635,2.8232000000000004,0.5726588845654993,2.8100000000000023,-0.3399999999999999,0.0199999999999889,0.0,0.0,0.8527999999999998,-0.039,-0.9114,2.621,0.7257633325703823,2.700000000000003,0.1,0.2199999999999988
1.6099999994039536,0.1771,-0.2496,0.6447999999999998,1.6728,-1.1755,2.858,0.5726588845654993,2.910000000000011,-0.3399999999999999,0.0199999999999889,0.0,0.0,0.847,-0.0352,-0.9112,2.6382,0.7257633325703823,2.800000000000012,0.1,0.2199999999999988
1.625,0.1822,-0.2548,0.661,1.6697,-1.1795,2.8888,0.5726588845654993,2.910000000000011,-0.3399999999999999,0.1199999999999903,0.0,0.0,0.837,-0.0417,-0.9333,2.6564,0.7257633325703823,2.9000000000000057,0.1,0.2199999999999988
1.640999998897314,0.1952,-0.2563,0.6750000000000002,1.675,-1.1897,2.9084,0.5726588845654993,3.010000000000005,-0.3399999999999999,0.1199999999999903,0.0,0.0,0.8546,-0.0553,-0.9279,2.6680000000000006,0.7257633325703823,3.000000000000014,0.1,0.2199999999999988
1.6720000002533195,0.1908,-0.255,0.6957999999999998,1.6901,-1.1796,2.9428,0.5742915999084458,3.1099999999999994,-0.3399999999999999,0.1199999999999903,0.0,0.0,0.8602,-0.0515,-0.931,2.6612,0.7257633325703823,3.1000000000000085,0.1,0.2199999999999988
1.6879999991506338,0.1701,-0.2799,0.6717999999999998,1.6976,-1.168,2.8736,0.5756649118791485,3.1099999999999994,-0.3399999999999999,0.1199999999999903,0.0,0.0,0.8412,-0.051,-0.943,2.675,0.7257633325703823,3.1000000000000085,0.1,0.2199999999999988
1.7029999997466805,0.1028,-0.261,0.5861999999999998,1.6393,-1.1509,2.7546000000000004,0.5759243152513923,3.1099999999999994,-0.3399999999999999,0.2199999999999917,0.0,0.0,0.7475999999999998,-0.065,-0.9123,2.5886,0.7257633325703823,3.200000000000003,0.1,0.2199999999999988
1.7189999986439943,0.0538,-0.2429,0.5193999999999998,1.6044,-1.1403,2.6524,0.5759243152513923,3.1099999999999994,-0.3399999999999999,0.2199999999999917,0.0,0.0,0.6447999999999998,-0.0817,-0.8711,2.4972,0.7257633325703823,3.200000000000003,0.1,0.2199999999999988
1.7349999994039536,0.0512,-0.2185,0.5068,1.5876,-1.1288,2.6192,0.5759243152513923,3.1099999999999994,-0.3399999999999999,0.3199999999999932,0.0,0.0,0.5769999999999998,-0.0809,-0.8903,2.422400000000001,0.7257633325703823,3.200000000000003,0.1,0.2199999999999988
1.765999998897314,0.04,-0.2392,0.5084,1.5807,-1.1243,2.6084,0.5728877698939497,3.1099999999999994,-0.3399999999999999,0.3199999999999932,0.0,0.0,0.5566,-0.076,-0.8952,2.4092,0.7257633325703823,3.200000000000003,0.1,0.2199999999999988
1.7809999994933603,0.0335,-0.2344,0.5132,1.5799,-1.1335,2.6106,0.5717586022735942,3.1099999999999994,-0.3399999999999999,0.3199999999999932,0.0,0.0,0.5292,-0.0843,-0.9035,2.3856,0.7257633325703823,3.200000000000003,0.1,0.2199999999999988
1.7970000002533195,0.041,-0.2465,0.507,1.5808,-1.1319,2.5970000000000004,0.57131609063859,3.1099999999999994,-0.3399999999999999,0.3199999999999932,0.0,0.0,0.5322,-0.0876,-0.9058,2.3718,0.7257633325703823,3.200000000000003,0.1,0.2199999999999988
1.8129999991506336,0.0376,-0.2284,0.5084,1.5804,-1.1197,2.5932,0.57131609063859,3.1099999999999994,-0.3399999999999999,0.3199999999999932,0.0,0.0,0.5182,-0.08,-0.8973,2.373,0.7257633325703823,3.200000000000003,0.1,0.3199999999999932
1.8279999997466805,0.0305,-0.2504,0.5185999999999998,1.5795,-1.1294,2.6012,0.57131609063859,3.1099999999999994,-0.3399999999999999,0.3199999999999932,0.0,0.0,0.5182,-0.0912,-0.9025,2.3656,0.7257633325703823,3.200000000000003,0.1,0.3199999999999932
1.8599999994039536,0.0207,-0.2565,0.5195999999999998,1.5904,-1.1234,2.5978,0.57131609063859,3.1099999999999994,-0.3399999999999999,0.3199999999999932,0.0,0.0,0.511,-0.0648,-0.9087,2.3722000000000003,0.7257633325703823,3.200000000000003,0.1,0.3199999999999932
1.875,0.0338,-0.2445,0.5172,1.5916,-1.1091,2.6104,0.57131609063859,3.210000000000008,-0.3399999999999999,0.2199999999999917,0.0,0.0,0.506,-0.0882,-0.9053,2.3666000000000005,0.7257633325703823,3.200000000000003,0.1,0.3199999999999932
1.890999998897314,0.0384,-0.2616,0.5362,1.5708,-1.1301,2.6036,0.5714991989013504,3.210000000000008,-0.3399999999999999,0.2199999999999917,0.0,0.0,0.498,-0.0775,-0.9008,2.3622,0.7257633325703823,3.200000000000003,0.1,0.3199999999999932
1.9059999994933603,0.0429,-0.2409,0.5292,1.5785,-1.114,2.6144,0.571819638361181,3.210000000000008,-0.3399999999999999,0.2199999999999917,0.0,0.0,0.497,-0.0728,-0.9101,2.3606,0.7257633325703823,3.200000000000003,0.1,0.3199999999999932
1.92200000025332,0.0353,-0.2491,0.5312,1.5784,-1.1173,2.6192,0.5718654154268711,3.210000000000008,-0.4399999999999999,0.2199999999999917,0.0,0.0,0.4966,-0.0732,-0.9107,2.3576,0.7257633325703823,3.200000000000003,0.1,0.3199999999999932
1.9529999997466805,0.0345,-0.2553,0.528,1.5919,-1.1088,2.6288,0.5721553368429083,3.210000000000008,-0.4399999999999999,0.1199999999999903,0.0,0.0,0.4934,-0.0862,-0.8999,2.3565999999999994,0.7257633325703823,3.200000000000003,0.1,0.4199999999999875
1.9689999986439943,0.0352,-0.2603,0.5386,1.5762,-1.1227,2.635,0.5723537041275654,3.210000000000008,-0.4399999999999999,0.1199999999999903,0.0,0.0,0.4881999999999998,-0.0858,-0.9147,2.3606,0.7257633325703823,3.200000000000003,0.1,0.4199999999999875
1.9849999994039536,0.0429,-0.2647,0.5462,1.5769,-1.0944,2.629799999999999,0.5726283665217059,3.210000000000008,-0.4399999999999999,0.1199999999999903,0.0,0.0,0.4822,-0.0853,-0.9105,2.3626000000000005,0.7257633325703823,3.200000000000003,0.1,0.4199999999999875
2.0,0.034,-0.2639,0.5473999999999998,1.5755,-1.1179,2.644,0.5726894026092927,3.210000000000008,-0.4399999999999999,0.1199999999999903,0.0,0.0,0.4815999999999998,-0.0754,-0.9113,2.3578,0.7257633325703823,3.200000000000003,0.1,0.4199999999999875
2.0309999994933605,0.0415,-0.2664,0.5489999999999996,1.5842,-1.1171,2.6366,0.5731471732661936,3.210000000000008,-0.4399999999999999,0.1199999999999903,0.0,0.0,0.4874,-0.0845,-0.9161,2.3594,0.7257633325703823,3.200000000000003,0.1,0.4199999999999875
2.04700000025332,0.0413,-0.2593,0.5464,1.5871,-1.1127,2.6428,0.5732387273975738,3.210000000000008,-0.4399999999999999,0.2199999999999917,0.0,0.0,0.4989999999999998,-0.0714,-0.9068,2.3666000000000005,0.7257633325703823,3.200000000000003,0.1,0.5199999999999818
2.062999999150634,0.0398,-0.2593,0.536,1.5893,-1.1112,2.6522,0.5735591668574044,3.210000000000008,-0.4399999999999999,0.2199999999999917,0.0,0.0,0.4696,-0.0884,-0.9073,2.3654,0.7257633325703823,3.200000000000003,0.1,0.5199999999999818
2.0779999997466803,0.0448,-0.2595,0.5618,1.5838,-1.1152,2.6398,0.5738948653391317,3.210000000000008,-0.4399999999999999,0.2199999999999917,0.0,0.0,0.4796,-0.0846,-0.9178,2.3564,0.7257633325703823,3.200000000000003,0.1,0.4199999999999875
2.0939999986439943,0.0362,-0.2691,0.5587999999999999,1.5961,-1.1114,2.652,0.5739864194705119,3.210000000000008,-0.4399999999999999,0.3199999999999932,0.0,0.0,0.477,-0.0781,-0.9163,2.3704,0.7257633325703823,3.200000000000003,0.1,0.4199999999999875
2.125,0.0488,-0.2719,0.5619999999999998,1.5792,-1.1059,2.657,0.5746272983901731,3.1099999999999994,-0.3399999999999999,0.3199999999999932,0.0,0.0,0.4826,-0.0695,-0.9139,2.367600000000001,0.7257633325703823,3.200000000000003,0.1,0.4199999999999875
2.140999998897314,0.0428,-0.2742,0.5629999999999998,1.5797,-1.1061,2.6628,0.5749935149156938,3.1099999999999994,-0.3399999999999999,0.3199999999999932,0.0,0.0,0.4884,-0.0898,-0.9096,2.3624,0.7257633325703823,3.200000000000003,0.1,0.4199999999999875
2.1559999994933605,0.0548,-0.2661,0.5599999999999998,1.5885,-1.0989,2.66,0.5752529182879377,3.1099999999999994,-0.3399999999999999,0.3199999999999932,0.0,0.0,0.469,-0.0825,-0.9128,2.373,0.7257633325703823,3.200000000000003,0.1,0.4199999999999875
2.17200000025332,0.0442,-0.2817,0.5679999999999998,1.5826,-1.1086,2.6774,0.575588616769665,3.1099999999999994,-0.3399999999999999,0.3199999999999932,0.0,0.0,0.4692,-0.0853,-0.8968,2.379800000000001,0.7257633325703823,3.200000000000003,0.1,0.4199999999999875
2.187999999150634,0.0503,-0.2833,0.5679999999999998,1.594,-1.1029,2.6734000000000004,0.5758937972075989,3.1099999999999994,-0.3399999999999999,0.3199999999999932,0.0,0.0,0.4688,-0.0738,-0.901,2.365,0.7257633325703823,3.200000000000003,0.1,0.4199999999999875
2.2189999986439943,0.0523,-0.2773,0.5788,1.5763,-1.107,2.6776,0.5759090562294956,3.1099999999999994,-0.3399999999999999,0.3199999999999932,0.0,0.0,0.4684,-0.0764,-0.9116,2.3606,0.7257633325703823,3.200000000000003,0.1,0.4199999999999875
2.2349999994039536,0.0508,-0.2824,0.5808,1.5718,-1.1038,2.6771999999999996,0.5766567483024337,3.1099999999999994,-0.3399999999999999,0.3199999999999932,0.0,0.0,0.4794,-0.085,-0.9061,2.3642,0.7257633325703823,3.200000000000003,0.1,0.4199999999999875
2.25,0.0506,-0.2813,0.5812000000000002,1.5782,-1.098,2.6788,0.5769314106965743,3.1099999999999994,-0.3399999999999999,0.3199999999999932,0.0,0.0,0.4767999999999998,-0.0789,-0.9071,2.3686,0.7257633325703823,3.200000000000003,0.1,0.4199999999999875
2.265999998897314,0.0604,-0.269,0.5774,1.5916,-1.0938,2.6802000000000006,0.5772213321126115,3.210000000000008,-0.3399999999999999,0.3199999999999932,0.0,0.0,0.4758,-0.0899,-0.9178,2.3654,0.7257633325703823,3.200000000000003,5.551115123125783e-17,0.4199999999999875
2.2809999994933605,0.0608,-0.288,0.5946,1.5831,-1.1001,2.679,0.5777706569008926,3.210000000000008,-0.4399999999999999,0.2199999999999917,0.0,0.0,0.4749999999999998,-0.0851,-0.9255,2.3668000000000005,0.7257633325703823,3.200000000000003,5.551115123125783e-17,0.4199999999999875
2.312999999150634,0.0533,-0.2861,0.5856,1.5947,-1.0898,2.6978000000000004,0.5780910963607232,3.210000000000008,-0.4399999999999999,0.2199999999999917,0.0,0.0,0.4652,-0.0792,-0.9158,2.382,0.7257633325703823,3.200000000000003,5.551115123125783e-17,0.3199999999999932
2.3279999997466803,0.0519,-0.2864,0.5874,1.597,-1.0869,2.686200000000001,0.5784267948424505,3.210000000000008,-0.4399999999999999,0.2199999999999917,0.0,0.0,0.4653999999999998,-0.1018,-0.9163,2.3738,0.7257633325703823,3.200000000000003,5.551115123125783e-17,0.3199999999999932
2.3439999986439943,0.0683,-0.2866,0.5923999999999996,1.5835,-1.1086,2.6976,0.578701457236591,3.210000000000008,-0.4399999999999999,0.2199999999999917,0.0,0.0,0.4685999999999998,-0.0868,-0.9136,2.3682,0.7257633325703823,3.200000000000003,5.551115123125783e-17,0.3199999999999932
2.3599999994039536,0.0531,-0.2823,0.5877999999999998,1.6056,-1.0906,2.6994,0.5789608606088349,3.210000000000008,-0.4399999999999999,0.2199999999999917,0.0,0.0,0.4652,-0.0861,-0.9051,2.3672,0.7257633325703823,3.200000000000003,5.551115123125783e-17,0.3199999999999932
2.375,0.0557,-0.2866,0.5879999999999997,1.5791,-1.0975,2.7018,0.5790524147402151,3.210000000000008,-0.4399999999999999,0.2199999999999917,0.0,0.0,0.4502,-0.095,-0.9115,2.3809999999999993,0.7257633325703823,3.300000000000012,5.551115123125783e-17,0.2199999999999988
2.4059999994933605,0.0601,-0.3006,0.5997999999999998,1.5938,-1.1024,2.7000000000000006,0.5796169985503928,3.210000000000008,-0.4399999999999999,0.2199999999999917,0.0,0.0,0.4747999999999998,-0.0776,-0.9234,2.377,0.7257633325703823,3.300000000000012,5.551115123125783e-17,0.2199999999999988
2.42200000025332,0.0657,-0.2922,0.59,1.5922,-1.1,2.7044,0.5800137331197069,3.210000000000008,-0.4399999999999999,0.2199999999999917,0.0,0.0,0.4605999999999998,-0.0796,-0.9197,2.3758000000000004,0.7257633325703823,3.300000000000012,5.551115123125783e-17,0.2199999999999988
2.437999999150634,0.0626,-0.2928,0.5963999999999998,1.5742,-1.1033,2.7112,0.5803494316014343,3.210000000000008,-0.4399999999999999,0.2199999999999917,0.0,0.0,0.4554,-0.0829,-0.9221,2.3732,0.7257633325703823,3.300000000000012,5.551115123125783e-17,0.2199999999999988
2.4529999997466803,0.0661,-0.2872,0.5968,1.5962,-1.0817,2.7132,0.5809292744335087,3.210000000000008,-0.4399999999999999,0.2199999999999917,0.0,0.0,0.4554,-0.0761,-0.9148,2.3762,0.7257633325703823,3.300000000000012,5.551115123125783e-17,0.2199999999999988
2.4849999994039536,0.0637,-0.2898,0.6054,1.5955,-1.0909,2.715,0.5811886778057526,3.210000000000008,-0.4399999999999999,0.3199999999999932,0.0,0.0,0.4616,-0.0888,-0.9279,2.3788000000000005,0.7257633325703823,3.300000000000012,5.551115123125783e-17,0.2199999999999988
2.5,0.0655,-0.2899,0.603,1.5855,-1.1006,2.7126,0.5814785992217898,3.1099999999999994,-0.4399999999999999,0.3199999999999932,0.0,0.0,0.4618,-0.0773,-0.9128,2.3716,0.7257633325703823,3.300000000000012,5.551115123125783e-17,0.2199999999999988
2.515999998897314,0.0564,-0.3027,0.609,1.5915,-1.1056,2.7100000000000004,0.5816311894407568,3.1099999999999994,-0.4399999999999999,0.3199999999999932,0.0,0.0,0.4545999999999998,-0.0803,-0.9244,2.373,0.7257633325703823,3.300000000000012,5.551115123125783e-17,0.2199999999999988
2.5309999994933605,0.0538,-0.2977,0.6011999999999998,1.5912,-1.0946,2.7129999999999996,0.5820584420538643,3.1099999999999994,-0.3399999999999999,0.3199999999999932,0.0,0.0,0.4613999999999998,-0.085,-0.9191,2.3724,0.7257633325703823,3.300000000000012,5.551115123125783e-17,0.1200000000000045
2.562999999150634,0.0667,-0.2927,0.6016,1.6009,-1.091,2.7182,0.5822873273823147,3.1099999999999994,-0.3399999999999999,0.4199999999999946,0.0,0.0,0.4604,-0.0844,-0.9357,2.376,0.7257633325703823,3.300000000000012,5.551115123125783e-17,0.1200000000000045
2.5779999997466803,0.0683,-0.2987,0.6054,1.5897,-1.0979,2.7142,0.5826688029297321,3.1099999999999994,-0.3399999999999999,0.4199999999999946,0.0,0.0,0.4478,-0.0908,-0.9258,2.3914,0.7257633325703823,3.300000000000012,5.551115123125783e-17,0.1200000000000045
2.5939999986439943,0.0732,-0.3016,0.6058,1.5888,-1.0942,2.7230000000000003,0.5829129472800793,3.1099999999999994,-0.3399999999999999,0.4199999999999946,0.0,0.0,0.4538,-0.0966,-0.9167,2.3728,0.7257633325703823,3.300000000000012,5.551115123125783e-17,0.0199999999999818
2.6099999994039536,0.0736,-0.2988,0.6102,1.5958,-1.093,2.7273999999999994,0.5830197604333561,3.1099999999999994,-0.3399999999999999,0.3199999999999932,0.0,0.0,0.4494,-0.1049,-0.9123,2.3718,0.7257633325703823,3.300000000000012,5.551115123125783e-17,0.0199999999999818
2.625,0.0671,-0.2979,0.6166,1.6071,-1.0967,2.725,0.5834622720683603,3.1099999999999994,-0.3399999999999999,0.3199999999999932,0.0,0.0,0.4564,-0.0791,-0.9211,2.363,0.7257633325703823,3.300000000000012,5.551115123125783e-17,0.0199999999999818
2.6559999994933605,0.0692,-0.3027,0.6123999999999998,1.594,-1.0909,2.7254,0.5836148622873273,3.1099999999999994,-0.4399999999999999,0.3199999999999932,0.0,0.0,0.4454,-0.0928,-0.9134,2.3728,0.7257633325703823,3.4000000000000057,5.551115123125783e-17,0.0199999999999818
2.67200000025332,0.0683,-0.2985,0.6102,1.6023,-1.0933,2.7266,0.5837674525062942,3.1099999999999994,-0.4399999999999999,0.3199999999999932,0.0,0.0,0.4478,-0.0707,-0.9244,2.3766,0.7257633325703823,3.4000000000000057,5.551115123125783e-17,0.0199999999999818
2.687999999150634,0.0685,-0.2874,0.5999999999999998,1.5993,-1.1008,2.7366000000000006,0.5841184100099183,3.210000000000008,-0.4399999999999999,0.3199999999999932,0.0,0.0,0.4545999999999998,-0.0841,-0.9196,2.3774,0.7257633325703823,3.4000000000000057,5.551115123125783e-17,0.0199999999999818
2.7029999997466803,0.072,-0.3048,0.6159999999999998,1.6062,-1.0859,2.7396,0.584133669031815,3.210000000000008,-0.4399999999999999,0.2199999999999917,0.0,0.0,0.4552,-0.0744,-0.9217,2.3608,0.7257633325703823,3.4000000000000057,5.551115123125783e-17,0.0199999999999818
2.7349999994039536,0.0702,-0.308,0.6298,1.5978,-1.0908,2.7322,0.5842557412069885,3.210000000000008,-0.4399999999999999,0.2199999999999917,0.0,0.0,0.4598,-0.0877,-0.915,2.3682,0.7257633325703823,3.4000000000000057,5.551115123125783e-17,0.0199999999999818
2.75,0.0776,-0.2976,0.613,1.5938,-1.0994,2.7414,0.5846219577325094,3.210000000000008,-0.4399999999999999,0.2199999999999917,0.0,0.0,0.4462,-0.078,-0.9152,2.3752,0.7257633325703823,3.4000000000000057,5.551115123125783e-17,-0.0800000000000125
2.765999998897314,0.0669,-0.3023,0.6225999999999998,1.5898,-1.0895,2.7396,0.5847440299076829,3.210000000000008,-0.4399999999999999,0.2199999999999917,0.0,0.0,0.4545999999999998,-0.0864,-0.9075,2.3776,0.7257633325703823,3.4000000000000057,5.551115123125783e-17,-0.0800000000000125
2.7809999994933605,0.0688,-0.3136,0.6233999999999998,1.6059,-1.0819,2.7414,0.5850339513237202,3.210000000000008,-0.4399999999999999,0.2199999999999917,0.0,0.0,0.4543999999999998,-0.0768,-0.9174,2.3754,0.7257633325703823,3.4000000000000057,5.551115123125783e-17,-0.0800000000000125
2.79700000025332,0.0854,-0.3008,0.6176,1.5963,-1.0879,2.7332,0.5852628366521706,3.210000000000008,-0.4399999999999999,0.2199999999999917,0.0,0.0,0.453,-0.0862,-0.9081,2.3782,0.7257633325703823,3.4000000000000057,-0.0999999999999999,-0.0800000000000125
2.812999999150634,0.0611,-0.3084,0.6245999999999996,1.5863,-1.09,2.747,0.5854612039368277,3.210000000000008,-0.4399999999999999,0.2199999999999917,0.0,0.0,0.4446,-0.0931,-0.9083,2.3682,0.7257633325703823,3.4000000000000057,-0.0999999999999999,-0.1800000000000068
2.8439999986439943,0.0816,-0.3182,0.6336,1.5979,-1.0888,2.741200000000001,0.5856900892652781,3.210000000000008,-0.4399999999999999,0.2199999999999917,0.0,0.0,0.438,-0.0839,-0.9193,2.3808,0.7257633325703823,3.4000000000000057,-0.0999999999999999,-0.1800000000000068
2.8599999994039536,0.0715,-0.3046,0.618,1.5908,-1.0976,2.743,0.5860563057907988,3.210000000000008,-0.4399999999999999,0.3199999999999932,0.0,0.0,0.4488,-0.095,-0.9115,2.3674,0.7257633325703823,3.4000000000000057,-0.0999999999999999,-0.1800000000000068
2.875,0.0693,-0.3077,0.6258,1.6002,-1.0766,2.7454,0.5863614862287327,3.1099999999999994,-0.4399999999999999,0.3199999999999932,0.0,0.0,0.44,-0.0829,-0.9126,2.3809999999999993,0.7257633325703823,3.4000000000000057,-0.0999999999999999,-0.1800000000000068
2.890999998897314,0.0808,-0.317,0.6343999999999999,1.5936,-1.0784,2.7514,0.5863920042725261,3.1099999999999994,-0.4399999999999999,0.3199999999999932,0.0,0.0,0.4474,-0.0675,-0.9281,2.3846,0.7257633325703823,3.4000000000000057,-0.0999999999999999,-0.1800000000000068
2.92200000025332,0.0743,-0.3217,0.6325999999999998,1.5887,-1.0847,2.7598,0.5868955519951171,3.1099999999999994,-0.4399999999999999,0.3199999999999932,0.0,0.0,0.4534,-0.0701,-0.9267,2.3734,0.7257633325703823,3.4000000000000057,-0.0999999999999999,-0.1800000000000068
2.937999999150634,0.0842,-0.3104,0.6258,1.6059,-1.0789,2.746,0.5870176241702907,3.1099999999999994,-0.3399999999999999,0.4199999999999946,0.0,0.0,0.453,-0.0896,-0.9141,2.387,0.7257633325703823,3.4000000000000057,-0.0999999999999999,-0.1800000000000068
2.9529999997466803,0.0682,-0.3175,0.6345999999999998,1.5932,-1.0825,2.7576,0.5874753948271916,3.1099999999999994,-0.3399999999999999,0.4199999999999946,0.0,0.0,0.4505999999999998,-0.0911,-0.9258,2.3952,0.7257633325703823,3.4000000000000057,-0.0999999999999999,-0.1800000000000068
2.9689999986439943,0.0852,-0.3084,0.6276,1.5911,-1.0931,2.764,0.5878416113527123,3.1099999999999994,-0.3399999999999999,0.4199999999999946,0.0,0.0,0.4462,-0.0793,-0.9313,2.3888,0.7257633325703823,3.4000000000000057,-0.0999999999999999,-0.1800000000000068
2.9849999994039536,0.0856,-0.314,0.6332,1.5976,-1.0876,2.7596,0.5883146410315099,3.1099999999999994,-0.3399999999999999,0.4199999999999946,0.0,0.0,0.4376,-0.0857,-0.9304,2.3742,0.7257633325703823,3.4000000000000057,-0.0999999999999999,-0.2800000000000011
3.015999998897314,0.0714,-0.3012,0.6305999999999998,1.6173,-1.0756,2.761000000000001,0.5887876707103075,3.1099999999999994,-0.3399999999999999,0.4199999999999946,0.0,0.0,0.447,-0.0751,-0.924,2.3818,0.7257633325703823,3.4000000000000057,-0.0999999999999999,-0.2800000000000011
3.0309999994933605,0.0785,-0.315,0.6241999999999998,1.5905,-1.0857,2.7648,0.5894590676737621,3.1099999999999994,-0.3399999999999999,0.4199999999999946,0.0,0.0,0.4496,-0.0686,-0.9256,2.3844,0.7257633325703823,3.4000000000000057,-0.0999999999999999,-0.2800000000000011
3.04700000025332,0.0765,-0.3071,0.6414,1.5978,-1.0825,2.7664000000000004,0.5896879530022126,3.1099999999999994,-0.3399999999999999,0.3199999999999932,0.0,0.0,0.4374,-0.0843,-0.9228,2.3858000000000006,0.7257633325703823,3.500000000000014,-0.0999999999999999,-0.2800000000000011
3.062999999150634,0.0781,-0.3029,0.636,1.5913,-1.084,2.765600000000001,0.5902067597467002,3.1099999999999994,-0.4399999999999999,0.3199999999999932,0.0,0.0,0.4449999999999998,-0.0746,-0.9352,2.3894,0.7257633325703823,3.500000000000014,-0.0999999999999999,-0.3799999999999954
3.0779999997466803,0.0822,-0.305,0.6293999999999998,1.5977,-1.0877,2.763,0.5902830548561837,3.210000000000008,-0.4399999999999999,0.3199999999999932,0.0,0.0,0.4408,-0.0938,-0.9194,2.3812000000000006,0.7257633325703823,3.500000000000014,-0.0999999999999999,-0.3799999999999954
3.1099999994039536,0.09,-0.3198,0.6427999999999998,1.5917,-1.0833,2.7634000000000003,0.5902983138780804,3.210000000000008,-0.4399999999999999,0.3199999999999932,0.0,0.0,0.4374,-0.0853,-0.9188,2.3847999999999994,0.7257633325703823,3.500000000000014,-0.0999999999999999,-0.3799999999999954
3.125,0.0787,-0.3175,0.6365999999999998,1.5918,-1.0857,2.7692,0.5903746089875639,3.210000000000008,-0.4399999999999999,0.2199999999999917,0.0,0.0,0.4463999999999998,-0.0909,-0.9202,2.3944,0.7257633325703823,3.500000000000014,-0.0999999999999999,-0.3799999999999954
3.140999998897314,0.0875,-0.3163,0.6445999999999998,1.5956,-1.0765,2.7668000000000004,0.590420386053254,3.210000000000008,-0.4399999999999999,0.2199999999999917,0.0,0.0,0.4323999999999998,-0.0886,-0.9208,2.3874,0.7257633325703823,3.500000000000014,-0.0999999999999999,-0.3799999999999954
3.1559999994933605,0.0848,-0.3093,0.643,1.5948,-1.0893,2.7728,0.5906950484473945,3.210000000000008,-0.4399999999999999,0.2199999999999917,0.0,0.0,0.4363999999999998,-0.0958,-0.9205,2.3886,0.7257633325703823,3.500000000000014,-0.0999999999999999,-0.3799999999999954
3.187999999150634,0.0917,-0.3172,0.6435999999999998,1.5974,-1.0801,2.7824000000000004,0.590923933775845,3.210000000000008,-0.4399999999999999,0.2199999999999917,0.0,0.0,0.4416,-0.0923,-0.9195,2.3834,0.7257633325703823,3.500000000000014,-0.0999999999999999,-0.3799999999999954
3.2029999997466803,0.0904,-0.3072,0.636,1.5994,-1.0682,2.7738,0.5911070420386053,3.210000000000008,-0.4399999999999999,0.2199999999999917,0.0,0.0,0.4336,-0.0764,-0.9264,2.3838,0.7257633325703823,3.500000000000014,-0.0999999999999999,-0.3799999999999954
3.2189999986439943,0.0912,-0.2992,0.6313999999999999,1.5935,-1.0762,2.778,0.5913817044327458,3.210000000000008,-0.4399999999999999,0.2199999999999917,0.0,0.0,0.4301999999999998,-0.0815,-0.93,2.3802,0.7257633325703823,3.500000000000014,-0.0999999999999999,-0.3799999999999954
3.2349999994039536,0.0879,-0.3137,0.6342,1.6023,-1.0702,2.7724,0.5914427405203326,3.210000000000008,-0.4399999999999999,0.3199999999999932,0.0,0.0,0.4403999999999998,-0.0887,-0.9128,2.3912000000000004,0.7257633325703823,3.500000000000014,-0.0999999999999999,-0.3799999999999954
3.25,0.0794,-0.3224,0.6336,1.6096,-1.0793,2.7942,0.5915342946517128,3.210000000000008,-0.4399999999999999,0.3199999999999932,0.0,0.0,0.4274,-0.0869,-0.9236,2.3876,0.7257633325703823,3.500000000000014,-0.0999999999999999,-0.4800000000000182
3.2809999994933605,0.0895,-0.3102,0.6363999999999999,1.6021,-1.0827,2.7672000000000003,0.5916411078049897,3.210000000000008,-0.4399999999999999,0.3199999999999932,0.0,0.0,0.4296,-0.0809,-0.9238,2.3872,0.7257633325703823,3.500000000000014,-0.0999999999999999,-0.4800000000000182
3.29700000025332,0.0836,-0.3209,0.6394,1.5886,-1.083,2.7714,0.5917021438925765,3.210000000000008,-0.4399999999999999,0.3199999999999932,0.0,0.0,0.433,-0.0733,-0.917,2.3752,0.7257633325703823,3.500000000000014,-0.0999999999999999,-0.4800000000000182
3.312999999150634,0.0896,-0.3218,0.6462,1.6061,-1.0835,2.7788,0.5920073243305104,3.210000000000008,-0.4399999999999999,0.3199999999999932,0.0,0.0,0.4351999999999998,-0.0712,-0.9249,2.3858000000000006,0.7257633325703823,3.500000000000014,-0.0999999999999999,-0.4800000000000182
3.3279999997466803,0.0974,-0.3218,0.6454,1.592,-1.0896,2.7784,0.5922362096589608,3.210000000000008,-0.4399999999999999,0.3199999999999932,0.0,0.0,0.429,-0.077,-0.9283,2.3884,0.7257633325703823,3.4000000000000057,-0.0999999999999999,-0.4800000000000182
3.3439999986439943,0.095,-0.3169,0.6441999999999998,1.6026,-1.0795,2.7784,0.592480354009308,3.210000000000008,-0.4399999999999999,0.3199999999999932,0.0,0.0,0.4305999999999998,-0.0677,-0.9225,2.3894,0.7257633325703823,3.4000000000000057,-0.0999999999999999,-0.4800000000000182
3.375,0.0864,-0.3091,0.6336,1.6029,-1.0887,2.7754,0.592480354009308,3.210000000000008,-0.4399999999999999,0.3199999999999932,0.0,0.0,0.4351999999999998,-0.0836,-0.9129,2.3788000000000005,0.7257633325703823,3.4000000000000057,-0.0999999999999999,-0.3799999999999954
3.390999998897314,0.0835,-0.3242,0.6538,1.5858,-1.0979,2.777600000000001,0.5924956130312047,3.210000000000008,-0.4399999999999999,0.3199999999999932,0.0,0.0,0.4343999999999998,-0.0767,-0.9247,2.3846,0.7257633325703823,3.4000000000000057,-0.0999999999999999,-0.3799999999999954
3.4059999994933605,0.0951,-0.3178,0.6458,1.6156,-1.0758,2.7882,0.5927855344472419,3.210000000000008,-0.4399999999999999,0.3199999999999932,0.0,0.0,0.4467999999999998,-0.0754,-0.9189,2.386,0.7257633325703823,3.4000000000000057,-0.0999999999999999,-0.3799999999999954
3.42200000025332,0.0988,-0.3171,0.6443999999999998,1.6017,-1.0863,2.7758,0.5928465705348287,3.210000000000008,-0.4399999999999999,0.3199999999999932,0.0,0.0,0.4363999999999998,-0.0886,-0.9218,2.3854,0.7257633325703823,3.4000000000000057,-0.0999999999999999,-0.3799999999999954
3.4529999997466803,0.0904,-0.3055,0.6304,1.5972,-1.0835,2.793800000000001,0.5930601968413824,3.210000000000008,-0.4399999999999999,0.3199999999999932,0.0,0.0,0.4296,-0.0794,-0.9326,2.385,0.7257633325703823,3.4000000000000057,-0.0999999999999999,-0.3799999999999954
3.4689999986439943,0.0898,-0.3239,0.6462,1.5832,-1.0891,2.78,0.5931517509727626,3.210000000000008,-0.4399999999999999,0.3199999999999932,0.0,0.0,0.4281999999999998,-0.0736,-0.9212,2.3828,0.7257633325703823,3.4000000000000057,5.551115123125783e-17,-0.3799999999999954
3.4849999994039536,0.0877,-0.3117,0.6494,1.5971,-1.0902,2.7832000000000003,0.5933196002136263,3.210000000000008,-0.4399999999999999,0.3199999999999932,0.0,0.0,0.4345999999999998,-0.0746,-0.9357,2.3712,0.7257633325703823,3.4000000000000057,5.551115123125783e-17,-0.3799999999999954
3.5,0.0979,-0.3091,0.6414,1.5988,-1.0924,2.7762,0.593334859235523,3.210000000000008,-0.4399999999999999,0.3199999999999932,0.0,0.0,0.4342,-0.0832,-0.9383,2.3892,0.7257633325703823,3.4000000000000057,5.551115123125783e-17,-0.3799999999999954
3.515999998897314,0.0986,-0.3047,0.6375999999999998,1.5949,-1.0847,2.785400000000001,0.5935637445639734,3.210000000000008,-0.4399999999999999,0.4199999999999946,0.0,0.0,0.4276,-0.0764,-0.9258,2.3808,0.7257633325703823,3.4000000000000057,5.551115123125783e-17,-0.3799999999999954
3.54700000025332,0.0949,-0.3067,0.6405999999999998,1.5984,-1.0874,2.7870000000000004,0.5937773708705272,3.1099999999999994,-0.4399999999999999,0.4199999999999946,0.0,0.0,0.4268,-0.0798,-0.9269,2.387,0.7257633325703823,3.4000000000000057,5.551115123125783e-17,-0.3799999999999954
3.562999999150634,0.0985,-0.3101,0.6403999999999997,1.5932,-1.0918,2.7932,0.593838406958114,3.1099999999999994,-0.4399999999999999,0.4199999999999946,0.0,0.0,0.4172,-0.0845,-0.9185,2.3758000000000004,0.7257633325703823,3.4000000000000057,5.551115123125783e-17,-0.3799999999999954
3.5779999997466803,0.0923,-0.3095,0.6408,1.5954,-1.0879,2.7856,0.5939147020675974,3.1099999999999994,-0.4399999999999999,0.4199999999999946,0.0,0.0,0.4323999999999998,-0.0679,-0.9263,2.3776,0.7257633325703823,3.4000000000000057,5.551115123125783e-17,-0.3799999999999954
3.5939999986439943,0.0951,-0.307,0.6375999999999998,1.6044,-1.0888,2.782,0.5944029907682917,3.1099999999999994,-0.4399999999999999,0.4199999999999946,0.0,0.0,0.4322,-0.0891,-0.9236,2.3788000000000005,0.7257633325703823,3.4000000000000057,5.551115123125783e-17,-0.3799999999999954
3.6099999994039536,0.1027,-0.3037,0.6403999999999997,1.5997,-1.1004,2.7870000000000004,0.5945860990310521,3.1099999999999994,-0.4399999999999999,0.4199999999999946,0.0,0.0,0.4336,-0.0713,-0.929,2.3874,0.7257633325703823,3.4000000000000057,5.551115123125783e-17,-0.3799999999999954
3.640999998897314,0.087,-0.3132,0.6415999999999998,1.5954,-1.0886,2.7904,0.5947997253376058,3.1099999999999994,-0.4399999999999999,0.4199999999999946,0.0,0.0,0.4286,-0.0888,-0.9274,2.3936,0.7257633325703823,3.300000000000012,5.551115123125783e-17,-0.2800000000000011
3.655999999493361,0.094,-0.3138,0.6403999999999997,1.5852,-1.0967,2.786,0.5949065384908827,3.210000000000008,-0.4399999999999999,0.4199999999999946,0.0,0.0,0.4225999999999998,-0.0811,-0.9311,2.3894,0.7257633325703823,3.300000000000012,5.551115123125783e-17,-0.2800000000000011
3.67200000025332,0.0926,-0.2993,0.6298,1.5957,-1.0931,2.7906,0.5950286106660563,3.210000000000008,-0.4399999999999999,0.3199999999999932,0.0,0.0,0.4188,-0.0747,-0.9196,2.3902,0.7257633325703823,3.300000000000012,5.551115123125783e-17,-0.2800000000000011
3.687999999150634,0.0904,-0.2939,0.6414,1.5992,-1.1014,2.785400000000001,0.5952880140383001,3.210000000000008,-0.4399999999999999,0.3199999999999932,0.0,0.0,0.4305999999999998,-0.0848,-0.9316,2.389,0.7257633325703823,3.300000000000012,5.551115123125783e-17,-0.2800000000000011
3.70299999974668,0.1048,-0.292,0.6334,1.5951,-1.1004,2.7894,0.5953795681696803,3.210000000000008,-0.4399999999999999,0.3199999999999932,0.0,0.0,0.4256,-0.0829,-0.9349,2.398000000000001,0.7257633325703823,3.300000000000012,5.551115123125783e-17,-0.2800000000000011
3.7349999994039536,0.0931,-0.2899,0.6312,1.5986,-1.1178,2.7912000000000003,0.5955168993667506,3.210000000000008,-0.4399999999999999,0.3199999999999932,0.0,0.0,0.426,-0.0951,-0.9308,2.4006,0.7257633325703823,3.300000000000012,5.551115123125783e-17,-0.2800000000000011
3.75,0.1033,-0.2901,0.6255999999999996,1.5948,-1.1155,2.7992000000000004,0.5961272602426184,3.210000000000008,-0.4399999999999999,0.3199999999999932,0.0,0.0,0.4274,-0.0889,-0.9315,2.4034000000000004,0.7257633325703823,3.300000000000012,5.551115123125783e-17,-0.2800000000000011
3.765999998897314,0.0941,-0.2761,0.625,1.5997,-1.1267,2.791,0.5967223620965896,3.210000000000008,-0.4399999999999999,0.3199999999999932,0.0,0.0,0.4181999999999998,-0.0689,-0.9517,2.4022,0.7257633325703823,3.300000000000012,5.551115123125783e-17,-0.2800000000000011
3.780999999493361,0.1086,-0.2818,0.6245999999999996,1.5977,-1.1099,2.8028,0.5969359884031433,3.210000000000008,-0.4399999999999999,0.3199999999999932,0.0,0.0,0.4183999999999998,-0.0789,-0.9269,2.3992,0.7257633325703823,3.300000000000012,5.551115123125783e-17,-0.2800000000000011
3.812999999150634,0.1064,-0.2854,0.6203999999999998,1.5911,-1.1198,2.7932,0.5976684214541848,3.210000000000008,-0.4399999999999999,0.3199999999999932,0.0,0.0,0.4174,-0.0856,-0.9405,2.3854,0.7257633325703823,3.300000000000012,5.551115123125783e-17,-0.2800000000000011
3.82799999974668,0.1033,-0.2659,0.6173999999999998,1.603,-1.118,2.8034000000000003,0.5983703364614328,3.210000000000008,-0.4399999999999999,0.3199999999999932,0.0,0.0,0.4174,-0.0905,-0.931,2.3966,0.7257633325703823,3.300000000000012,5.551115123125783e-17,-0.2800000000000011
3.8439999986439934,0.1047,-0.2824,0.6112,1.5902,-1.1237,2.8016,0.5987212939650568,3.210000000000008,-0.4399999999999999,0.3199999999999932,0.0046,0.0,0.4154,-0.0736,-0.9526,2.3984,0.7257633325703823,3.300000000000012,5.551115123125783e-17,-0.2800000000000011
3.8599999994039536,0.0969,-0.2646,0.6136,1.6006,-1.1196,2.8084,0.5991485465781643,3.210000000000008,-0.4399999999999999,0.3199999999999932,0.004,0.0,0.424,-0.077,-0.9513,2.4008,0.7257633325703823,3.300000000000012,5.551115123125783e-17,-0.2800000000000011
3.875,0.1126,-0.2716,0.6168,1.5977,-1.1347,2.8070000000000004,0.599514763103685,3.210000000000008,-0.4399999999999999,0.3199999999999932,0.0198,0.0,0.4218,-0.0943,-0.9424,2.3986,0.7257633325703823,3.300000000000012,5.551115123125783e-17,-0.2800000000000011
3.905999999493361,0.1071,-0.2762,0.6113999999999998,1.5957,-1.137,2.8084,0.5999572747386892,3.1099999999999994,-0.4399999999999999,0.4199999999999946,0.019,0.0,0.4148,-0.0883,-0.9408,2.392000000000001,0.7257633325703823,3.300000000000012,5.551115123125783e-17,-0.2800000000000011
3.92200000025332,0.1213,-0.2642,0.6148,1.5918,-1.1317,2.8102000000000005,0.6005065995269703,3.1099999999999994,-0.4399999999999999,0.4199999999999946,0.0201,0.0,0.4076,-0.0693,-0.9445,2.405,0.7257633325703823,3.300000000000012,5.551115123125783e-17,-0.2800000000000011
3.937999999150634,0.1083,-0.2711,0.5982,1.5867,-1.1464,2.8066,0.6010406652933546,3.1099999999999994,-0.4399999999999999,0.4199999999999946,0.0296,0.0,0.4286,-0.0913,-0.9426,2.3988,0.7257633325703823,3.300000000000012,5.551115123125783e-17,-0.1800000000000068
3.95299999974668,0.1266,-0.2514,0.5991999999999998,1.6023,-1.1443,2.8094,0.6014526588845654,3.1099999999999994,-0.4399999999999999,0.4199999999999946,0.0215,0.0,0.4054,-0.0873,-0.951,2.3956,0.7257633325703823,3.300000000000012,5.551115123125783e-17,-0.1800000000000068
3.9689999986439934,0.1107,-0.271,0.6102,1.5837,-1.1438,2.8072,0.6014984359502555,3.1099999999999994,-0.4399999999999999,0.4199999999999946,0.0332,0.0,0.4221999999999998,-0.0924,-0.942,2.404,0.7257633325703823,3.300000000000012,5.551115123125783e-17,-0.1800000000000068
4.0,0.1176,-0.2759,0.603,1.602,-1.1481,2.8114000000000003,0.6025665674830243,3.1099999999999994,-0.4399999999999999,0.4199999999999946,0.0242,0.0,0.414,-0.0819,-0.9479,2.4024,0.7257633325703823,3.200000000000003,5.551115123125783e-17,-0.1800000000000068
4.015999998897314,0.1141,-0.2784,0.6031999999999998,1.5863,-1.1554,2.8092,0.6029785610742351,3.1099999999999994,-0.4399999999999999,0.4199999999999946,0.0462,0.0,0.4118,-0.0894,-0.9528,2.3992,0.7257633325703823,3.200000000000003,5.551115123125783e-17,-0.1800000000000068
4.0309999994933605,0.1251,-0.2632,0.5994,1.5959,-1.1592,2.8106000000000004,0.6035431448844129,3.1099999999999994,-0.4399999999999999,0.4199999999999946,0.047,0.0,0.4086,-0.0793,-0.9494,2.403,0.7257633325703823,3.200000000000003,5.551115123125783e-17,-0.1800000000000068
4.04700000025332,0.1135,-0.2621,0.5931999999999998,1.5963,-1.164,2.8194,0.6039551384756237,3.1099999999999994,-0.4399999999999999,0.4199999999999946,0.0483,0.0,0.4128,-0.0796,-0.9601,2.414,0.7257633325703823,3.200000000000003,5.551115123125783e-17,-0.1800000000000068
4.07799999974668,0.1273,-0.2758,0.6016,1.5835,-1.1645,2.8114000000000003,0.6053589684901197,3.210000000000008,-0.4399999999999999,0.3199999999999932,0.0592,0.0,0.4178,-0.0825,-0.9597,2.4056,0.7257633325703823,3.200000000000003,5.551115123125783e-17,-0.1800000000000068
4.093999998643994,0.1253,-0.2609,0.5963999999999998,1.5789,-1.1648,2.8134,0.6079530022125581,3.210000000000008,-0.4399999999999999,0.3199999999999932,0.0607,0.0,0.418,-0.087,-0.9567,2.3950000000000005,0.7257633325703823,3.200000000000003,5.551115123125783e-17,-0.1800000000000068
4.1099999994039536,0.1221,-0.2699,0.5874,1.587,-1.1778,2.8148,0.6121339742122529,3.210000000000008,-0.4399999999999999,0.3199999999999932,0.0785,0.0,0.4112,-0.0763,-0.9572,2.404200000000001,0.7257633325703823,3.200000000000003,5.551115123125783e-17,-0.1800000000000068
4.125,0.1223,-0.2714,0.5856,1.5887,-1.1772,2.8222000000000005,0.6177950713359274,3.210000000000008,-0.4399999999999999,0.3199999999999932,0.0735,0.0,0.4152,-0.0767,-0.9741,2.3854,0.7257633325703823,3.200000000000003,5.551115123125783e-17,-0.1800000000000068
4.140999998897314,0.1225,-0.2712,0.5894,1.5986,-1.1687,2.8172,0.6264316777294575,3.210000000000008,-0.4399999999999999,0.3199999999999932,0.0716,0.0,0.408,-0.081,-0.9691,2.4064,0.7257633325703823,3.200000000000003,5.551115123125783e-17,-0.1800000000000068
4.17200000025332,0.1289,-0.269,0.5824,1.6002,-1.167,2.8158,0.6287357900358587,3.210000000000008,-0.4399999999999999,0.3199999999999932,0.086,0.0,0.4028,-0.077,-0.9581,2.4106,0.7257633325703823,3.200000000000003,5.551115123125783e-17,-0.0800000000000125
4.187999999150634,0.1362,-0.2739,0.5898,1.5779,-1.1817,2.8236000000000003,0.6313145647364004,3.210000000000008,-0.4399999999999999,0.3199999999999932,0.0763,0.0,0.4056,-0.0817,-0.9592,2.4024,0.703607232776379,3.200000000000003,5.551115123125783e-17,-0.0800000000000125
4.20299999974668,0.1408,-0.2758,0.5921999999999998,1.577,-1.1888,2.8182000000000005,0.6347631036850537,3.210000000000008,-0.4399999999999999,0.3199999999999932,0.0877,0.0,0.4124,-0.0716,-0.9628,2.403,0.703607232776379,3.200000000000003,5.551115123125783e-17,-0.1800000000000068
4.218999998643994,0.1342,-0.278,0.587,1.5786,-1.184,2.8256,0.6394934004730296,3.210000000000008,-0.4399999999999999,0.3199999999999932,0.1092,0.0,0.3998,-0.0835,-0.9616,2.4036,0.703607232776379,3.200000000000003,5.551115123125783e-17,-0.1800000000000068
4.25,0.1515,-0.2789,0.582,1.5899,-1.1806,2.8262000000000005,0.6455512321660181,3.210000000000008,-0.4399999999999999,0.3199999999999932,0.1098,0.0,0.4092,-0.068,-0.9792,2.399,0.703607232776379,3.200000000000003,5.551115123125783e-17,-0.1800000000000068
4.265999998897314,0.1398,-0.288,0.5884,1.5794,-1.1847,2.83,0.6520210574502174,3.1099999999999994,-0.4399999999999999,0.3199999999999932,0.106,0.0,0.4054,-0.0779,-0.9691,2.3910000000000005,0.703607232776379,3.200000000000003,5.551115123125783e-17,-0.1800000000000068
4.2809999994933605,0.1395,-0.2853,0.5881999999999998,1.5785,-1.1987,2.834,0.6603524834058137,3.1099999999999994,-0.4399999999999999,0.4199999999999946,0.1033,0.0,0.4132,-0.0719,-0.9645,2.4014,0.7203158617532617,3.200000000000003,5.551115123125783e-17,-0.1800000000000068
4.29700000025332,0.1348,-0.3019,0.5968,1.5709,-1.182,2.8354000000000004,0.6696147096971083,3.1099999999999994,-0.4399999999999999,0.4199999999999946,0.118,0.0,0.3959999999999998,-0.0904,-0.9612,2.4086,0.725626001373312,3.200000000000003,5.551115123125783e-17,-0.1800000000000068
4.312999999150634,0.135,-0.298,0.5886,1.5889,-1.1751,2.8338,0.6712474250400549,3.1099999999999994,-0.4399999999999999,0.4199999999999946,0.1163,0.0,0.4089999999999998,-0.0796,-0.9596,2.4006,0.7257633325703823,3.200000000000003,5.551115123125783e-17,-0.1800000000000068
4.343999998643994,0.159,-0.2913,0.5841999999999998,1.5855,-1.1937,2.8265999999999996,0.6712474250400549,3.1099999999999994,-0.4399999999999999,0.4199999999999946,0.1191,0.0,0.4021999999999998,-0.0861,-0.9768,2.4144,0.7257633325703823,3.200000000000003,5.551115123125783e-17,-0.1800000000000068
4.3599999994039536,0.1349,-0.2958,0.5938,1.5802,-1.1856,2.8406,0.6712474250400549,3.1099999999999994,-0.4399999999999999,0.4199999999999946,0.126,0.0,0.4146,-0.0789,-0.9686,2.4094000000000007,0.7257633325703823,3.200000000000003,5.551115123125783e-17,-0.1800000000000068
4.375,0.1564,-0.3067,0.5904,1.5756,-1.1965,2.8374,0.6135683222705424,3.1099999999999994,-0.4399999999999999,0.4199999999999946,0.1316,0.0,0.4072,-0.0729,-0.9801,2.4124,0.7257633325703823,3.200000000000003,5.551115123125783e-17,-0.1800000000000068
4.390999998897314,0.1487,-0.3111,0.5891999999999998,1.5786,-1.1928,2.8362,0.53542687113756,3.1099999999999994,-0.4399999999999999,0.4199999999999946,0.1318,0.0,0.3932,-0.0682,-0.9646,2.4094000000000007,0.7257633325703823,3.200000000000003,5.551115123125783e-17,-0.1800000000000068
4.42200000025332,0.1432,-0.2959,0.5814,1.5781,-1.1911,2.8382,0.53542687113756,3.1099999999999994,-0.4399999999999999,0.4199999999999946,0.134,0.0,0.4132,-0.0812,-0.9732,2.4078,0.7257633325703823,3.200000000000003,5.551115123125783e-17,-0.1800000000000068
4.437999999150634,0.1432,-0.3158,0.5881999999999998,1.5666,-1.1841,2.8252,0.53542687113756,3.1099999999999994,-0.4399999999999999,0.4199999999999946,0.1453,0.0,0.3956,-0.0792,-0.9733,2.4036,0.7257633325703823,3.200000000000003,5.551115123125783e-17,-0.1800000000000068
4.45299999974668,0.1413,-0.3229,0.593,1.5706,-1.1914,2.8452,0.53542687113756,3.1099999999999994,-0.4399999999999999,0.4199999999999946,0.1423,0.0,0.4074,-0.08,-0.9786,2.4066,0.7257633325703823,3.200000000000003,5.551115123125783e-17,-0.1800000000000068
4.468999998643994,0.1434,-0.3134,0.5902,1.5789,-1.1758,2.8482,0.53542687113756,3.1099999999999994,-0.4399999999999999,0.4199999999999946,0.1483,0.0,0.3988,-0.0856,-0.9823,2.4156000000000004,0.7257633325703823,3.200000000000003,5.551115123125783e-17,-0.1800000000000068
4.4849999994039536,0.1502,-0.316,0.5988,1.5727,-1.1871,2.8438,0.5685847257190814,3.1099999999999994,-0.4399999999999999,0.3199999999999932,0.1508,0.0,0.3988,-0.0841,-0.9785,2.4146,0.7257633325703823,3.200000000000003,5.551115123125783e-17,-0.1800000000000068
4.5,0.1555,-0.3225,0.5886,1.5587,-1.1875,2.8494000000000006,0.598156710154879,3.210000000000008,-0.4399999999999999,0.3199999999999932,0.1417,0.0,0.3907999999999998,-0.0769,-0.9875,2.410200000000001,0.7257633325703823,3.200000000000003,5.551115123125783e-17,-0.1800000000000068
4.5309999994933605,0.1397,-0.337,0.5943999999999998,1.565,-1.1913,2.8434000000000004,0.6206942854962997,3.210000000000008,-0.4399999999999999,0.3199999999999932,0.1561,0.0,0.4178,-0.0728,-0.9667,2.4142,0.7257633325703823,3.200000000000003,5.551115123125783e-17,-0.1800000000000068
4.54700000025332,0.1567,-0.3245,0.593,1.5759,-1.1832,2.8542,0.6352056153200579,3.210000000000008,-0.4399999999999999,0.3199999999999932,0.1458,0.0,0.3919999999999998,-0.0754,-0.9865,2.4038,0.7257633325703823,3.200000000000003,5.551115123125783e-17,-0.1800000000000068
4.562999999150634,0.1485,-0.3334,0.6046,1.5705,-1.1839,2.8482,0.6408514534218356,3.210000000000008,-0.4399999999999999,0.3199999999999932,0.1557,0.0,0.3968,-0.0802,-0.9722,2.4148,0.7206363012130923,3.200000000000003,5.551115123125783e-17,-0.1800000000000068
4.57799999974668,0.1536,-0.3331,0.5959999999999998,1.5747,-1.1914,2.8474,0.6408514534218356,3.1099999999999994,-0.4399999999999999,0.3199999999999932,0.1466,0.0,0.3966,-0.0728,-0.9753,2.4128,0.7201327534905013,3.200000000000003,5.551115123125783e-17,-0.1800000000000068
4.6099999994039536,0.1571,-0.3369,0.597,1.5603,-1.189,2.8582,0.6426825360494391,3.1099999999999994,-0.4399999999999999,0.3199999999999932,0.16,0.0,0.4026,-0.0776,-0.9814,2.4188,0.7201327534905013,3.200000000000003,5.551115123125783e-17,-0.1800000000000068
4.625,0.1532,-0.3389,0.594,1.5606,-1.1968,2.8448000000000007,0.6448340581368733,3.1099999999999994,-0.4399999999999999,0.3199999999999932,0.163,0.0,0.3943999999999998,-0.0781,-0.9895,2.4178,0.7201327534905013,3.200000000000003,5.551115123125783e-17,-0.1800000000000068
4.640999998897314,0.1621,-0.3352,0.6001999999999998,1.572,-1.196,2.8576,0.6448340581368733,3.1099999999999994,-0.4399999999999999,0.4199999999999946,0.1494,0.0,0.4014,-0.0674,-0.9842,2.4092,0.7201327534905013,3.200000000000003,5.551115123125783e-17,-0.1800000000000068
4.6559999994933605,0.1572,-0.3366,0.5971999999999998,1.5708,-1.1856,2.8568,0.6448340581368733,3.1099999999999994,-0.4399999999999999,0.4199999999999946,0.1647,0.0,0.4048,-0.0825,-0.9755,2.4074,0.7201327534905013,3.200000000000003,5.551115123125783e-17,-0.1800000000000068
4.67200000025332,0.1605,-0.3446,0.5959999999999998,1.5623,-1.1849,2.861,0.6448340581368733,3.1099999999999994,-0.4399999999999999,0.4199999999999946,0.1657,0.0,0.4049999999999996,-0.0769,-0.9657,2.4148,0.7212924391546502,3.200000000000003,5.551115123125783e-17,-0.1800000000000068
4.70299999974668,0.149,-0.3606,0.5976,1.561,-1.1938,2.8468000000000004,0.6512733653772793,3.1099999999999994,-0.4399999999999999,0.4199999999999946,0.1759,0.0,0.3978,-0.0761,-0.979,2.4128,0.7237796597238118,3.200000000000003,5.551115123125783e-17,-0.1800000000000068
4.718999998643994,0.1623,-0.3334,0.5888,1.5565,-1.1965,2.8616000000000006,0.6540962844281681,3.1099999999999994,-0.4399999999999999,0.4199999999999946,0.1762,0.0,0.4121999999999998,-0.0703,-0.9882,2.4142,0.7257633325703823,3.200000000000003,5.551115123125783e-17,-0.1800000000000068
4.7349999994039536,0.1557,-0.3433,0.5971999999999998,1.5571,-1.1872,2.854000000000001,0.6543862058442054,3.1099999999999994,-0.4399999999999999,0.4199999999999946,0.1631,0.0,0.3971999999999996,-0.0695,-0.9884,2.4108,0.7257633325703823,3.200000000000003,5.551115123125783e-17,-0.1800000000000068
4.75,0.1525,-0.3534,0.597,1.5675,-1.1855,2.8616000000000006,0.6547981994354162,3.1099999999999994,-0.4399999999999999,0.4199999999999946,0.175,0.0,0.3998,-0.083,-0.9758,2.4128,0.7257633325703823,3.200000000000003,5.551115123125783e-17,-0.1800000000000068
4.765999998897314,0.1645,-0.3448,0.598,1.5678,-1.1879,2.8496,0.6547981994354162,3.1099999999999994,-0.4399999999999999,0.4199999999999946,0.1744,0.0,0.4028,-0.0676,-0.9918,2.4134,0.7257633325703823,3.200000000000003,5.551115123125783e-17,-0.1800000000000068
4.79700000025332,0.1601,-0.3532,0.61,1.5568,-1.2089,2.8618,0.6547981994354162,3.1099999999999994,-0.4399999999999999,0.4199999999999946,0.1627,0.0,0.3878,-0.0899,-0.9804,2.4072000000000005,0.7257633325703823,3.200000000000003,5.551115123125783e-17,-0.1800000000000068
4.812999999150634,0.1588,-0.3507,0.6016,1.5726,-1.1853,2.8636,0.6458716716258487,3.1099999999999994,-0.4399999999999999,0.4199999999999946,0.185,0.0,0.3919999999999998,-0.0748,-0.9791,2.4188,0.7257633325703823,3.200000000000003,5.551115123125783e-17,-0.1800000000000068
4.82799999974668,0.1718,-0.3554,0.6038,1.5572,-1.1922,2.8544,0.6426825360494391,3.1099999999999994,-0.4399999999999999,0.4199999999999946,0.1683,0.0,0.403,-0.0755,-0.977,2.4096,0.7257633325703823,3.200000000000003,5.551115123125783e-17,-0.1800000000000068
4.843999998643994,0.1607,-0.3459,0.5931999999999998,1.5725,-1.1856,2.8556000000000004,0.6424536507209887,3.1099999999999994,-0.4399999999999999,0.4199999999999946,0.1594,0.0,0.4069999999999998,-0.0933,-0.9735,2.4222,0.7257633325703823,3.200000000000003,5.551115123125783e-17,-0.1800000000000068
4.875,0.1672,-0.349,0.5942,1.5669,-1.1889,2.8524,0.6423773556115052,3.1099999999999994,-0.4399999999999999,0.4199999999999946,0.1698,0.0,0.387,-0.0799,-0.9823,2.4206,0.7257633325703823,3.200000000000003,5.551115123125783e-17,-0.1800000000000068
4.890999998897314,0.1639,-0.3499,0.598,1.5508,-1.1925,2.8558,0.6423773556115052,3.1099999999999994,-0.4399999999999999,0.4199999999999946,0.1787,0.0,0.3946,-0.0834,-0.9783,2.411,0.7257633325703823,3.200000000000003,5.551115123125783e-17,-0.1800000000000068
4.9059999994933605,0.1617,-0.3476,0.6006,1.556,-1.1943,2.8506000000000005,0.6423773556115052,3.1099999999999994,-0.4399999999999999,0.3199999999999932,0.1746,0.0,0.4041999999999998,-0.089,-0.9841,2.414,0.7257633325703823,3.200000000000003,5.551115123125783e-17,-0.1800000000000068
4.92200000025332,0.16,-0.3599,0.6031999999999998,1.5526,-1.1936,2.8594000000000004,0.6423773556115052,3.1099999999999994,-0.4399999999999999,0.3199999999999932,0.1744,0.0,0.3999999999999998,-0.0865,-0.9757,2.4194000000000004,0.7257633325703823,3.200000000000003,5.551115123125783e-17,-0.1800000000000068
4.937999999150634,0.1637,-0.3646,0.6046,1.5522,-1.1935,2.8522,0.6424536507209887,3.1099999999999994,-0.4399999999999999,0.3199999999999932,0.1795,0.0,0.3892,-0.0768,-0.9904,2.416,0.7257633325703823,3.200000000000003,5.551115123125783e-17,-0.1800000000000068
4.968999998643994,0.1737,-0.353,0.5911999999999998,1.5519,-1.1983,2.8568,0.642590981918059,3.1099999999999994,-0.4399999999999999,0.3199999999999932,0.1786,0.0,0.4016,-0.0699,-0.9851,2.415,0.7257633325703823,3.200000000000003,5.551115123125783e-17,-0.1800000000000068
4.9849999994039536,0.1592,-0.3542,0.5951999999999998,1.5663,-1.2003,2.8722,0.6427588311589226,3.1099999999999994,-0.4399999999999999,0.3199999999999932,0.1794,0.0,0.4089999999999998,-0.0827,-0.9815,2.419,0.7257633325703823,3.200000000000003,5.551115123125783e-17,-0.1800000000000068
5.0,0.1756,-0.3487,0.5946,1.5589,-1.1954,2.8632000000000004,0.6428046082246127,3.1099999999999994,-0.4399999999999999,0.4199999999999946,0.1869,0.0,0.3833999999999998,-0.0819,-0.9839,2.4164,0.7257633325703823,3.200000000000003,5.551115123125783e-17,-0.1800000000000068
5.015999998897314,0.1744,-0.3608,0.6026,1.5537,-1.1864,2.8544,0.6430029755092698,3.1099999999999994,-0.4399999999999999,0.4199999999999946,0.1923,0.0,0.387,-0.0741,-0.9721,2.4164,0.7257633325703823,3.200000000000003,5.551115123125783e-17,-0.1800000000000068
5.04700000025332,0.1673,-0.3775,0.6008,1.5597,-1.1895,2.8604,0.6431097886625466,3.1099999999999994,-0.4399999999999999,0.4199999999999946,0.1828,0.0,0.3932,-0.0788,-0.9842,2.4098,0.7257633325703823,3.200000000000003,5.551115123125783e-17,-0.1800000000000068
5.062999999150634,0.169,-0.3537,0.5999999999999998,1.5696,-1.1881,2.8634,0.6431250476844433,3.1099999999999994,-0.4399999999999999,0.4199999999999946,0.1811,0.0,0.3998,-0.0703,-0.9907,2.4136,0.7257633325703823,3.200000000000003,5.551115123125783e-17,-0.1800000000000068
5.07799999974668,0.1687,-0.3593,0.5999999999999998,1.5582,-1.198,2.866,0.6432166018158235,3.1099999999999994,-0.4399999999999999,0.4199999999999946,0.1813,0.0,0.3992,-0.0802,-0.9878,2.4202,0.7257633325703823,3.200000000000003,5.551115123125783e-17,-0.1800000000000068
5.093999998643994,0.1682,-0.3652,0.6022,1.5692,-1.183,2.8592,0.6432471198596169,3.1099999999999994,-0.4399999999999999,0.4199999999999946,0.1804,0.0,0.3893999999999998,-0.0789,-0.9924,2.4208,0.7257633325703823,3.200000000000003,5.551115123125783e-17,-0.1800000000000068
5.1099999994039536,0.1633,-0.3653,0.6026,1.5519,-1.2014,2.8554,0.643292896925307,3.1099999999999994,-0.4399999999999999,0.4199999999999946,0.1818,0.0,0.3878,-0.0762,-0.972,2.4198,0.7257633325703823,3.200000000000003,5.551115123125783e-17,-0.1800000000000068
5.125,0.1601,-0.3709,0.6026,1.5549,-1.1897,2.8546,0.643292896925307,3.1099999999999994,-0.4399999999999999,0.4199999999999946,0.1926,0.0,0.3939999999999998,-0.0902,-0.9761,2.417,0.7257633325703823,3.200000000000003,5.551115123125783e-17,-0.1800000000000068
5.1559999994933605,0.1562,-0.3652,0.6001999999999998,1.5436,-1.185,2.876,0.6433081559472037,3.1099999999999994,-0.4399999999999999,0.4199999999999946,0.1947,0.0,0.4059999999999998,-0.083,-0.9818,2.407,0.7257633325703823,3.200000000000003,5.551115123125783e-17,-0.1800000000000068
5.17200000025332,0.1775,-0.3685,0.6074,1.5548,-1.1969,2.8546,0.6433081559472037,3.1099999999999994,-0.4399999999999999,0.4199999999999946,0.2004,0.0,0.3924,-0.0754,-0.9903,2.4194000000000004,0.7257633325703823,3.200000000000003,5.551115123125783e-17,-0.1800000000000068
5.187999999150634,0.1769,-0.3762,0.6096,1.5501,-1.194,2.863,0.643445487144274,3.1099999999999994,-0.4399999999999999,0.4199999999999946,0.179,0.0,0.3932,-0.0792,-0.9771,2.415,0.7257633325703823,3.200000000000003,5.551115123125783e-17,-0.1800000000000068
5.218999998643994,0.1664,-0.3659,0.5983999999999998,1.5505,-1.1861,2.8676,0.643445487144274,3.1099999999999994,-0.4399999999999999,0.4199999999999946,0.1983,0.0,0.3896,-0.08,-0.9846,2.4126,0.7257633325703823,3.200000000000003,5.551115123125783e-17,-0.1800000000000068
5.2349999994039536,0.1763,-0.3584,0.6058,1.5589,-1.1791,2.8585999999999996,0.643445487144274,3.1099999999999994,-0.4399999999999999,0.4199999999999946,0.1845,0.0,0.3916,-0.0837,-0.9782,2.4106,0.7257633325703823,3.200000000000003,5.551115123125783e-17,-0.1800000000000068
5.25,0.1748,-0.3631,0.5963999999999998,1.5527,-1.1812,2.8604,0.6437048905165178,3.1099999999999994,-0.4399999999999999,0.4199999999999946,0.1893,0.0,0.4021999999999998,-0.0741,-1.0055,2.4166,0.7257633325703823,3.200000000000003,5.551115123125783e-17,-0.1800000000000068
5.265999998897314,0.1791,-0.3562,0.6011999999999998,1.5373,-1.1896,2.8564,0.6438422217135881,3.1099999999999994,-0.4399999999999999,0.4199999999999946,0.1781,0.0,0.3948,-0.0781,-0.982,2.4098,0.7257633325703823,3.200000000000003,5.551115123125783e-17,-0.1800000000000068
5.2809999994933605,0.1653,-0.3661,0.6068,1.557,-1.1928,2.8692000000000006,0.6441626611734187,3.1099999999999994,-0.4399999999999999,0.4199999999999946,0.2017,0.0,0.3824,-0.0761,-0.9795,2.422400000000001,0.7257633325703823,3.200000000000003,5.551115123125783e-17,-0.1800000000000068
5.312999999150634,0.1674,-0.3764,0.5983999999999998,1.5497,-1.2,2.8602,0.6443152513923857,3.1099999999999994,-0.4399999999999999,0.4199999999999946,0.1813,0.0,0.3901999999999998,-0.0888,-0.9848,2.4228,0.7257633325703823,3.200000000000003,5.551115123125783e-17,-0.1800000000000068
5.32799999974668,0.1737,-0.3671,0.6016,1.5534,-1.1933,2.8585999999999996,0.6443762874799724,3.1099999999999994,-0.4399999999999999,0.4199999999999946,0.1883,0.0,0.3907999999999998,-0.0692,-0.9765,2.4226,0.7257633325703823,3.200000000000003,5.551115123125783e-17,-0.1800000000000068
5.343999998643994,0.1752,-0.3731,0.6079999999999998,1.5537,-1.1991,2.8526,0.6449713893339436,3.1099999999999994,-0.4399999999999999,0.4199999999999946,0.1903,0.0,0.3966,-0.0721,-0.9789,2.4192,0.7257633325703823,3.200000000000003,5.551115123125783e-17,-0.0800000000000125
5.3599999994039536,0.1796,-0.3781,0.606,1.566,-1.1907,2.8656,0.6449866483558403,3.1099999999999994,-0.4399999999999999,0.4199999999999946,0.2025,0.0,0.3867999999999998,-0.0725,-0.9872,2.4116,0.7257633325703823,3.200000000000003,5.551115123125783e-17,-0.0800000000000125
5.390999998897314,0.1742,-0.3811,0.6031999999999998,1.5584,-1.1841,2.8556000000000004,0.6450629434653238,3.1099999999999994,-0.4399999999999999,0.4199999999999946,0.204,0.0,0.387,-0.085,-0.9839,2.4136,0.7257633325703823,3.200000000000003,5.551115123125783e-17,-0.0800000000000125
5.4059999994933605,0.1715,-0.373,0.5988,1.543,-1.1918,2.8684,0.6453223468375676,3.1099999999999994,-0.4399999999999999,0.4199999999999946,0.1941,0.0,0.3968,-0.0713,-1.0025,2.4204,0.7257633325703823,3.200000000000003,5.551115123125783e-17,-0.0800000000000125
5.42200000025332,0.1764,-0.3697,0.6076,1.5474,-1.191,2.8652,0.6453376058594643,3.1099999999999994,-0.4399999999999999,0.3199999999999932,0.1996,0.0,0.4012,-0.0671,-0.9891,2.4166,0.7257633325703823,3.1000000000000085,5.551115123125783e-17,-0.0800000000000125
5.437999999150634,0.1819,-0.3735,0.6116,1.5476,-1.1904,2.8726,0.6454444190127412,3.1099999999999994,-0.4399999999999999,0.3199999999999932,0.2064,0.0,0.3958,-0.0813,-0.9757,2.4204,0.7257633325703823,3.1000000000000085,5.551115123125783e-17,-0.0800000000000125
5.45299999974668,0.1651,-0.368,0.6068,1.5501,-1.1855,2.8688,0.645505455100328,3.1099999999999994,-0.4399999999999999,0.3199999999999932,0.2056,0.0,0.3799999999999998,-0.0787,-0.991,2.4316000000000004,0.7257633325703823,3.1000000000000085,5.551115123125783e-17,-0.0800000000000125
5.468999998643994,0.1729,-0.3746,0.6121999999999999,1.54,-1.1859,2.8642,0.6455817502098115,3.1099999999999994,-0.4399999999999999,0.3199999999999932,0.2121,0.0,0.3866,-0.08,-0.9887,2.4144,0.7257633325703823,3.1000000000000085,5.551115123125783e-17,-0.0800000000000125
5.5,0.1796,-0.367,0.5978,1.5442,-1.1882,2.8552,0.6455970092317082,3.210000000000008,-0.4399999999999999,0.3199999999999932,0.2039,0.0,0.3876,-0.0841,-0.9913,2.4176,0.7257633325703823,3.1000000000000085,5.551115123125783e-17,-0.0800000000000125
5.515999998897314,0.1634,-0.3662,0.5976,1.5511,-1.1887,2.8642,0.645505455100328,3.210000000000008,-0.4399999999999999,0.3199999999999932,0.1995,0.0,0.4023999999999998,-0.0777,-0.9852,2.4174,0.7257633325703823,3.1000000000000085,5.551115123125783e-17,0.0199999999999818
5.5309999994933605,0.1894,-0.3609,0.6001999999999998,1.5523,-1.1924,2.8642,0.6454444190127412,3.210000000000008,-0.4399999999999999,0.3199999999999932,0.2002,0.0,0.3978,-0.0832,-0.971,2.4194000000000004,0.7257633325703823,3.1000000000000085,5.551115123125783e-17,0.0199999999999818
5.562999999150634,0.1612,-0.3707,0.6071999999999999,1.5407,-1.1942,2.869,0.6455970092317082,3.210000000000008,-0.4399999999999999,0.3199999999999932,0.2073,0.0,0.3904,-0.079,-0.9767,2.4222,0.7257633325703823,3.1000000000000085,5.551115123125783e-17,0.0199999999999818
5.57799999974668,0.1733,-0.3787,0.6172,1.5448,-1.1912,2.8774,0.6455970092317082,3.210000000000008,-0.4399999999999999,0.3199999999999932,0.2027,0.0,0.3939999999999998,-0.0739,-0.9768,2.4178,0.7257633325703823,3.1000000000000085,5.551115123125783e-17,0.0199999999999818
5.593999998643994,0.1804,-0.3662,0.5982,1.5397,-1.1971,2.8664,0.6455970092317082,3.210000000000008,-0.4399999999999999,0.3199999999999932,0.215,0.0,0.3826,-0.0793,-0.9898,2.436,0.7257633325703823,3.1000000000000085,5.551115123125783e-17,0.0199999999999818
5.6099999994039536,0.1871,-0.3791,0.6083999999999998,1.5335,-1.1957,2.8638,0.6455664911879148,3.210000000000008,-0.4399999999999999,0.3199999999999932,0.2115,0.0,0.4036,-0.0754,-0.9839,2.4182,0.7257633325703823,3.1000000000000085,5.551115123125783e-17,0.0199999999999818
5.625,0.1808,-0.3709,0.6054,1.551,-1.1908,2.8682,0.6455664911879148,3.210000000000008,-0.4399999999999999,0.3199999999999932,0.2121,0.0,0.3928,-0.0655,-0.9836,2.418,0.7257633325703823,3.1000000000000085,5.551115123125783e-17,0.0199999999999818
5.640999998897314,0.1689,-0.3725,0.5974,1.5374,-1.2053,2.8728,0.6455664911879148,3.210000000000008,-0.4399999999999999,0.3199999999999932,0.2146,0.0,0.3856,-0.0632,-0.994,2.419,0.7257633325703823,3.1000000000000085,5.551115123125783e-17,0.0199999999999818
5.67200000025332,0.1752,-0.3781,0.6003999999999998,1.5413,-1.2026,2.8744,0.6457343404287784,3.210000000000008,-0.4399999999999999,0.3199999999999932,0.2158,0.0,0.4004,-0.0699,-0.9904,2.4056,0.7257633325703823,3.1000000000000085,5.551115123125783e-17,0.0199999999999818
5.687999999150634,0.1777,-0.3725,0.6011999999999998,1.5385,-1.1909,2.852,0.6457343404287784,3.210000000000008,-0.4399999999999999,0.3199999999999932,0.2076,0.0,0.3941999999999998,-0.0648,-0.9907,2.4234,0.7257633325703823,3.1000000000000085,5.551115123125783e-17,0.0199999999999818
5.70299999974668,0.1744,-0.38,0.6031999999999998,1.54,-1.1894,2.868,0.6456427862973982,3.210000000000008,-0.4399999999999999,0.3199999999999932,0.2147,0.0,0.3933999999999998,-0.0781,-0.9855,2.4154000000000004,0.7257633325703823,3.1000000000000085,5.551115123125783e-17,0.0199999999999818
5.7349999994039536,0.1629,-0.3959,0.6159999999999998,1.5273,-1.2032,2.8636,0.6456427862973982,3.210000000000008,-0.4399999999999999,0.3199999999999932,0.2075,0.0,0.3922,-0.0721,-0.9868,2.4174,0.7257633325703823,3.1000000000000085,5.551115123125783e-17,0.0199999999999818
5.75,0.1715,-0.3804,0.6078,1.5478,-1.1983,2.8692000000000006,0.6457343404287784,3.210000000000008,-0.4399999999999999,0.3199999999999932,0.2112,0.0,0.3906,-0.0747,-0.9909,2.4128,0.7257633325703823,3.1000000000000085,5.551115123125783e-17,0.0199999999999818
5.765999998897314,0.1823,-0.3801,0.6092,1.5368,-1.1967,2.8754000000000004,0.6457343404287784,3.210000000000008,-0.4399999999999999,0.3199999999999932,0.213,0.0,0.3992,-0.0746,-0.9833,2.4318,0.7257633325703823,3.1000000000000085,5.551115123125783e-17,0.0199999999999818
5.7809999994933605,0.1796,-0.3805,0.6102,1.5291,-1.2016,2.8668,0.645856412603952,3.210000000000008,-0.4399999999999999,0.3199999999999932,0.2139,0.0,0.3986,-0.0801,-0.9741,2.4226,0.7257633325703823,3.1000000000000085,5.551115123125783e-17,0.0199999999999818
5.79700000025332,0.178,-0.3926,0.6068,1.5414,-1.1975,2.8678000000000003,0.6458716716258487,3.210000000000008,-0.4399999999999999,0.3199999999999932,0.2064,0.0,0.4018,-0.085,-0.9844,2.4168,0.7257633325703823,3.1000000000000085,5.551115123125783e-17,0.0199999999999818
5.812999999150634,0.1769,-0.3812,0.6041999999999998,1.5392,-1.1892,2.8722,0.6458716716258487,3.210000000000008,-0.4399999999999999,0.2199999999999917,0.2059,0.0,0.3924,-0.0854,-0.9821,2.425,0.7257633325703823,3.200000000000003,5.551115123125783e-17,0.0199999999999818
5.843999998643994,0.1734,-0.3811,0.6076,1.5358,-1.2037,2.874,0.6459174486915388,3.210000000000008,-0.4399999999999999,0.2199999999999917,0.2085,0.0,0.397,-0.078,-0.9905,2.4124,0.7257633325703823,3.200000000000003,5.551115123125783e-17,0.0199999999999818
5.8599999994039536,0.1819,-0.3775,0.6081999999999999,1.5308,-1.1908,2.8742,0.6459174486915388,3.210000000000008,-0.4399999999999999,0.2199999999999917,0.2114,0.0,0.3933999999999998,-0.0818,-0.9897,2.4128,0.7257633325703823,3.200000000000003,5.551115123125783e-17,0.0199999999999818
5.875,0.1902,-0.3904,0.6138,1.5375,-1.2002,2.8688,0.6460395208667123,3.210000000000008,-0.4399999999999999,0.2199999999999917,0.2129,0.0,0.3939999999999998,-0.0708,-0.9866,2.4186,0.7257633325703823,3.200000000000003,5.551115123125783e-17,0.0199999999999818
5.890999998897314,0.1777,-0.3796,0.6098,1.5496,-1.195,2.8762000000000003,0.6460242618448157,3.210000000000008,-0.4399999999999999,0.2199999999999917,0.2106,0.0,0.3832,-0.074,-0.9804,2.4168,0.7257633325703823,3.200000000000003,5.551115123125783e-17,0.0199999999999818
5.92200000025332,0.1716,-0.3981,0.6086,1.5272,-1.1893,2.8698,0.6459479667353322,3.210000000000008,-0.4399999999999999,0.2199999999999917,0.2164,0.0,0.387,-0.068,-0.9953,2.421,0.7257633325703823,3.200000000000003,5.551115123125783e-17,0.0199999999999818
5.937999999150634,0.1807,-0.3835,0.6136,1.5457,-1.1943,2.8658000000000015,0.6460242618448157,3.210000000000008,-0.4399999999999999,0.2199999999999917,0.206,0.0,0.3853999999999998,-0.0689,-0.9812,2.4052,0.7257633325703823,3.200000000000003,5.551115123125783e-17,0.0199999999999818
5.95299999974668,0.1673,-0.389,0.6112,1.5377,-1.1885,2.8698,0.6460242618448157,3.210000000000008,-0.4399999999999999,0.2199999999999917,0.2139,0.0,0.3898,-0.0785,-0.9842,2.4278000000000004,0.7257633325703823,3.200000000000003,5.551115123125783e-17,0.0199999999999818
5.968999998643994,0.1749,-0.3828,0.613,1.5334,-1.1851,2.8658000000000015,0.6459937438010223,3.210000000000008,-0.4399999999999999,0.2199999999999917,0.2057,0.0,0.3918,-0.0729,-0.9753,2.412,0.7257633325703823,3.200000000000003,5.551115123125783e-17,0.0199999999999818
5.9849999994039536,0.1862,-0.3929,0.6096,1.5357,-1.1871,2.8728,0.6459937438010223,3.210000000000008,-0.4399999999999999,0.2199999999999917,0.2167,0.0,0.3842,-0.0717,-0.9776,2.4154000000000004,0.7257633325703823,3.200000000000003,5.551115123125783e-17,0.0199999999999818
6.015999998897314,0.1863,-0.3817,0.6103999999999998,1.5432,-1.1875,2.8623999999999996,0.6459479667353322,3.210000000000008,-0.4399999999999999,0.2199999999999917,0.2182,0.0,0.4001999999999998,-0.0785,-0.978,2.4174,0.7257633325703823,3.1000000000000085,5.551115123125783e-17,0.0199999999999818
6.0309999994933605,0.1823,-0.388,0.6152,1.5479,-1.2037,2.8636,0.6458106355382619,3.210000000000008,-0.4399999999999999,0.2199999999999917,0.2189,0.0,0.3971999999999996,-0.0702,-0.9936,2.4236,0.7257633325703823,3.1000000000000085,5.551115123125783e-17,0.0199999999999818
6.04700000025332,0.1798,-0.3808,0.5994,1.5353,-1.1937,2.863,0.6458106355382619,3.210000000000008,-0.4399999999999999,0.2199999999999917,0.2198,0.0,0.3901999999999998,-0.0793,-0.9915,2.4146,0.7257633325703823,3.1000000000000085,5.551115123125783e-17,0.0199999999999818
6.062999999150634,0.1824,-0.3801,0.6138,1.5305,-1.1924,2.8648,0.6458106355382619,3.210000000000008,-0.4399999999999999,0.2199999999999917,0.2154,0.0,0.3948,-0.0769,-0.9834,2.4174,0.7257633325703823,3.1000000000000085,5.551115123125783e-17,0.0199999999999818
6.07799999974668,0.172,-0.3986,0.6123999999999998,1.538,-1.1984,2.8792000000000004,0.6458716716258487,3.210000000000008,-0.4399999999999999,0.2199999999999917,0.2036,0.0,0.3886,-0.077,-0.9924,2.416,0.7257633325703823,3.1000000000000085,5.551115123125783e-17,0.1200000000000045
6.093999998643994,0.1708,-0.3833,0.6126,1.5392,-1.1917,2.8656,0.6458106355382619,3.210000000000008,-0.4399999999999999,0.2199999999999917,0.2203,0.0,0.3971999999999996,-0.0852,-0.9844,2.4176,0.7257633325703823,3.1000000000000085,5.551115123125783e-17,0.1200000000000045
6.125,0.1892,-0.3901,0.6088,1.5242,-1.1937,2.871,0.6458106355382619,3.210000000000008,-0.4399999999999999,0.2199999999999917,0.2203,0.0,0.3901999999999998,-0.0782,-0.9909,2.4228,0.7257633325703823,3.1000000000000085,5.551115123125783e-17,0.1200000000000045
6.140999998897314,0.1844,-0.3902,0.6048,1.528,-1.1997,2.862,0.6458716716258487,3.210000000000008,-0.4399999999999999,0.2199999999999917,0.2253,0.0,0.3932,-0.0791,-0.9818,2.4144,0.7257633325703823,3.1000000000000085,5.551115123125783e-17,0.1200000000000045
6.1559999994933605,0.1883,-0.3899,0.6092,1.5221,-1.2053,2.8722,0.6459021896696421,3.210000000000008,-0.4399999999999999,0.2199999999999917,0.2278,0.0,0.3933999999999998,-0.0717,-0.9897,2.4124,0.7257633325703823,3.1000000000000085,5.551115123125783e-17,0.1200000000000045
6.187999999150634,0.1827,-0.3861,0.6142,1.5145,-1.2163,2.856,0.6459021896696421,3.210000000000008,-0.4399999999999999,0.2199999999999917,0.2202,0.0,0.3938,-0.073,-0.9777,2.4298,0.7257633325703823,3.1000000000000085,5.551115123125783e-17,0.1200000000000045
6.20299999974668,0.1918,-0.379,0.6068,1.5363,-1.2017,2.869,0.6459021896696421,3.210000000000008,-0.4399999999999999,0.2199999999999917,0.222,0.0,0.3882,-0.0716,-0.9836,2.422,0.7257633325703823,3.1000000000000085,5.551115123125783e-17,0.1200000000000045
6.218999998643994,0.1831,-0.39,0.6138,1.5318,-1.1939,2.8706,0.6459632257572289,3.210000000000008,-0.4399999999999999,0.2199999999999917,0.2175,0.0,0.3876,-0.0806,-0.9946,2.4186,0.7257633325703823,3.1000000000000085,5.551115123125783e-17,0.1200000000000045
6.2349999994039536,0.1755,-0.3881,0.6081999999999999,1.5302,-1.1843,2.873800000000001,0.6459632257572289,3.210000000000008,-0.4399999999999999,0.2199999999999917,0.2162,0.0,0.3904,-0.0835,-0.9824,2.41,0.7257633325703823,3.1000000000000085,5.551115123125783e-17,0.1200000000000045
6.265999998897314,0.187,-0.3855,0.6051999999999998,1.5306,-1.1957,2.8718,0.6459632257572289,3.210000000000008,-0.4399999999999999,0.2199999999999917,0.2292,0.0,0.4092,-0.074,-0.9747,2.4308,0.7257633325703823,3.1000000000000085,5.551115123125783e-17,0.1200000000000045
6.2809999994933605,0.1827,-0.3921,0.614,1.5269,-1.1862,2.871,0.6459632257572289,3.210000000000008,-0.4399999999999999,0.2199999999999917,0.2245,0.0,0.3943999999999998,-0.0672,-0.9897,2.434600000000001,0.7257633325703823,3.1000000000000085,5.551115123125783e-17,0.1200000000000045
6.29700000025332,0.1831,-0.3955,0.6159999999999998,1.5338,-1.1923,2.8838000000000004,0.6459784847791256,3.210000000000008,-0.4399999999999999,0.2199999999999917,0.2193,0.0,0.3948,-0.0789,-0.9792,2.419,0.7257633325703823,3.1000000000000085,5.551115123125783e-17,0.1200000000000045
6.312999999150634,0.1748,-0.3985,0.621,1.5278,-1.1955,2.8648,0.6459937438010223,3.210000000000008,-0.4399999999999999,0.2199999999999917,0.2279,0.0,0.3933999999999998,-0.083,-0.9948,2.4206,0.7257633325703823,3.1000000000000085,5.551115123125783e-17,0.1200000000000045
6.32799999974668,0.1875,-0.3988,0.6133999999999998,1.5332,-1.1953,2.8640000000000003,0.6459937438010223,3.210000000000008,-0.4399999999999999,0.2199999999999917,0.2317,0.0,0.3847999999999998,-0.0822,-0.9902,2.4164,0.7257633325703823,3.1000000000000085,5.551115123125783e-17,0.1200000000000045
6.3599999994039536,0.1794,-0.3874,0.6043999999999998,1.5363,-1.1887,2.8828,0.646054779888609,3.210000000000008,-0.4399999999999999,0.2199999999999917,0.2219,0.0,0.4072,-0.084,-0.9926,2.428,0.7257633325703823,3.1000000000000085,5.551115123125783e-17,0.1200000000000045
6.375,0.1754,-0.3919,0.614,1.5346,-1.1944,2.8726,0.6460700389105057,3.210000000000008,-0.4399999999999999,0.2199999999999917,0.2343,0.0,0.393,-0.0809,-0.9733,2.4242,0.7257633325703823,3.1000000000000085,5.551115123125783e-17,0.1200000000000045
6.390999998897314,0.1843,-0.3862,0.609,1.535,-1.1925,2.8778,0.6460700389105057,3.210000000000008,-0.4399999999999999,0.2199999999999917,0.2264,0.0,0.3847999999999998,-0.0754,-0.9817,2.427,0.7257633325703823,3.1000000000000085,5.551115123125783e-17,0.1200000000000045
6.4059999994933605,0.1896,-0.39,0.6038,1.5335,-1.1917,2.873800000000001,0.646054779888609,3.210000000000008,-0.4399999999999999,0.2199999999999917,0.2219,0.0,0.3936,-0.0744,-0.9931,2.4148,0.7257633325703823,3.1000000000000085,5.551115123125783e-17,0.1200000000000045
6.437999999150634,0.1783,-0.3938,0.6046,1.5384,-1.1933,2.8652,0.646054779888609,3.210000000000008,-0.4399999999999999,0.2199999999999917,0.2174,0.0,0.3941999999999998,-0.073,-0.9862,2.4276,0.7257633325703823,3.1000000000000085,5.551115123125783e-17,0.1200000000000045
6.45299999974668,0.1807,-0.388,0.602,1.5372,-1.1956,2.8764,0.646054779888609,3.210000000000008,-0.4399999999999999,0.2199999999999917,0.2183,0.0,0.3933999999999998,-0.0725,-0.985,2.4122,0.7257633325703823,3.1000000000000085,5.551115123125783e-17,0.1200000000000045
6.468999998643994,0.188,-0.3804,0.6078,1.5266,-1.1892,2.871,0.646054779888609,3.210000000000008,-0.4399999999999999,0.2199999999999917,0.2182,0.0,0.397,-0.0626,-0.9956,2.4212,0.7257633325703823,3.1000000000000085,5.551115123125783e-17,0.1200000000000045
6.4849999994039536,0.1909,-0.3836,0.6113999999999998,1.5267,-1.1856,2.8756,0.646054779888609,3.1099999999999994,-0.4399999999999999,0.2199999999999917,0.22,0.0,0.3946,-0.0813,-0.9905,2.4252,0.7257633325703823,3.1000000000000085,5.551115123125783e-17,0.1200000000000045
6.5,0.1749,-0.3975,0.6146,1.5218,-1.1912,2.872,0.646054779888609,3.1099999999999994,-0.4399999999999999,0.2199999999999917,0.2323,0.0,0.3876,-0.0798,-0.9778,2.4266,0.7257633325703823,3.1000000000000085,5.551115123125783e-17,0.1200000000000045
6.5309999994933605,0.1849,-0.3926,0.6118,1.5308,-1.1945,2.8736,0.646054779888609,3.1099999999999994,-0.4399999999999999,0.2199999999999917,0.2228,0.0,0.3819999999999998,-0.0636,-0.9835,2.4162,0.7257633325703823,3.1000000000000085,5.551115123125783e-17,0.1200000000000045
6.54700000025332,0.1807,-0.3868,0.605,1.5146,-1.1928,2.873,0.646054779888609,3.1099999999999994,-0.4399999999999999,0.2199999999999917,0.2383,0.0,0.3853999999999998,-0.0752,-0.9839,2.42,0.7257633325703823,3.1000000000000085,5.551115123125783e-17,0.1200000000000045
6.562999999150634,0.1878,-0.4033,0.6148,1.5222,-1.1955,2.8682,0.646054779888609,3.1099999999999994,-0.4399999999999999,0.2199999999999917,0.2311,0.0,0.3958,-0.0819,-0.9791,2.421,0.7257633325703823,3.1000000000000085,5.551115123125783e-17,0.1200000000000045
6.57799999974668,0.1845,-0.3897,0.6142,1.537,-1.1851,2.8748,0.646054779888609,3.1099999999999994,-0.4399999999999999,0.2199999999999917,0.2308,0.0,0.3896,-0.0727,-0.9968,2.4152,0.7257633325703823,3.1000000000000085,5.551115123125783e-17,0.1200000000000045
6.593999998643994,0.1949,-0.388,0.614,1.5225,-1.194,2.8714,0.6461005569542991,3.1099999999999994,-0.4399999999999999,0.2199999999999917,0.2297,0.0,0.3999999999999998,-0.0703,-0.9861,2.4188,0.7257633325703823,3.1000000000000085,5.551115123125783e-17,0.1200000000000045
6.6099999994039536,0.1876,-0.4011,0.6136,1.5207,-1.1955,2.8698,0.6460852979324024,3.1099999999999994,-0.4399999999999999,0.2199999999999917,0.2236,0.0,0.3936,-0.0642,-0.9834,2.4208,0.7257633325703823,3.1000000000000085,5.551115123125783e-17,0.1200000000000045
6.640999998897314,0.1924,-0.3887,0.6088,1.5321,-1.188,2.8688,0.6460852979324024,3.1099999999999994,-0.4399999999999999,0.2199999999999917,0.2176,0.0,0.3939999999999998,-0.0799,-0.9835,2.4212,0.7257633325703823,3.1000000000000085,5.551115123125783e-17,0.1200000000000045
6.6559999994933605,0.1879,-0.3956,0.6106,1.5366,-1.1878,2.8806,0.6461310749980925,3.1099999999999994,-0.4399999999999999,0.2199999999999917,0.2289,0.0,0.387,-0.0599,-0.9893,2.4264,0.7257633325703823,3.1000000000000085,5.551115123125783e-17,0.1200000000000045
6.67200000025332,0.1815,-0.4004,0.619,1.5202,-1.2033,2.8728,0.6461310749980925,3.1099999999999994,-0.4399999999999999,0.2199999999999917,0.2334,0.0,0.3919999999999998,-0.0718,-0.9773,2.4316000000000004,0.7257633325703823,3.1000000000000085,5.551115123125783e-17,0.1200000000000045
6.70299999974668,0.1843,-0.3824,0.6034,1.5379,-1.1838,2.8804,0.6460852979324024,3.1099999999999994,-0.4399999999999999,0.2199999999999917,0.2201,0.0,0.3983999999999998,-0.0717,-0.9824,2.4194000000000004,0.7257633325703823,3.1000000000000085,5.551115123125783e-17,0.1200000000000045
6.718999998643994,0.177,-0.3987,0.6218,1.5395,-1.1914,2.876,0.646009002822919,3.1099999999999994,-0.4399999999999999,0.2199999999999917,0.2327,0.0,0.3873999999999998,-0.072,-0.9884,2.4218,0.7257633325703823,3.1000000000000085,5.551115123125783e-17,0.1200000000000045
6.7349999994039536,0.1979,-0.3943,0.6146,1.5249,-1.1969,2.874,0.646009002822919,3.1099999999999994,-0.4399999999999999,0.2199999999999917,0.2274,0.0,0.3708,-0.0815,-0.9845,2.4184,0.7257633325703823,3.1000000000000085,5.551115123125783e-17,0.1200000000000045
6.75,0.1774,-0.3894,0.6168,1.5273,-1.1893,2.8826,0.646009002822919,3.1099999999999994,-0.4399999999999999,0.2199999999999917,0.2297,0.0,0.3858,-0.0595,-0.9861,2.4108,0.7257633325703823,3.1000000000000085,5.551115123125783e-17,0.1200000000000045
6.7809999994933605,0.1932,-0.39,0.606,1.5309,-1.1975,2.8764,0.646009002822919,3.1099999999999994,-0.4399999999999999,0.2199999999999917,0.2315,0.0,0.3856,-0.0819,-0.9767,2.422400000000001,0.7257633325703823,3.1000000000000085,5.551115123125783e-17,0.1200000000000045
6.79700000025332,0.1885,-0.4009,0.6126,1.5161,-1.1995,2.8728,0.646009002822919,3.1099999999999994,-0.4399999999999999,0.2199999999999917,0.2309,0.0,0.381,-0.0619,-0.9893,2.417,0.7257633325703823,3.1000000000000085,5.551115123125783e-17,0.1200000000000045
6.812999999150634,0.1842,-0.3855,0.6074,1.5279,-1.2041,2.8688,0.646054779888609,3.1099999999999994,-0.4399999999999999,0.2199999999999917,0.2197,0.0,0.393,-0.0699,-0.9902,2.4152,0.7257633325703823,3.1000000000000085,5.551115123125783e-17,0.1200000000000045
6.82799999974668,0.1816,-0.3913,0.6166,1.5177,-1.1927,2.8750000000000004,0.646054779888609,3.1099999999999994,-0.4399999999999999,0.2199999999999917,0.2208,0.0,0.3864,-0.0907,-0.9821,2.4256,0.7257633325703823,3.1000000000000085,5.551115123125783e-17,0.1200000000000045
6.843999998643994,0.1864,-0.3919,0.6166,1.5269,-1.1885,2.8728,0.646054779888609,3.1099999999999994,-0.4399999999999999,0.2199999999999917,0.2463,0.0,0.3959999999999998,-0.0764,-0.9845,2.422400000000001,0.7257633325703823,3.1000000000000085,5.551115123125783e-17,0.1200000000000045
6.875,0.1848,-0.4004,0.6123999999999998,1.5279,-1.1964,2.8692000000000006,0.6460395208667123,3.1099999999999994,-0.4399999999999999,0.3199999999999932,0.2271,0.0,0.3844,-0.0727,-0.9805,2.429,0.7257633325703823,3.1000000000000085,5.551115123125783e-17,0.2199999999999988
6.890999998897314,0.1959,-0.3917,0.6113999999999998,1.5149,-1.2058,2.8707999999999996,0.6459479667353322,3.1099999999999994,-0.4399999999999999,0.3199999999999932,0.2263,0.0,0.3884,-0.0727,-0.988,2.4192,0.7257633325703823,3.1000000000000085,5.551115123125783e-17,0.1200000000000045
6.9059999994933605,0.1864,-0.3941,0.6102,1.5081,-1.2086,2.8707999999999996,0.6457953765163652,3.1099999999999994,-0.4399999999999999,0.3199999999999932,0.2293,0.0,0.3879999999999998,-0.0826,-0.9934,2.4294,0.7257633325703823,3.1000000000000085,5.551115123125783e-17,0.1200000000000045
6.92200000025332,0.1943,-0.3885,0.6056,1.5352,-1.1922,2.8748,0.6457953765163652,3.1099999999999994,-0.4399999999999999,0.3199999999999932,0.2248,0.0,0.3853999999999998,-0.0718,-0.9781,2.419,0.7257633325703823,3.1000000000000085,5.551115123125783e-17,0.1200000000000045
6.937999999150634,0.1881,-0.3957,0.6199999999999998,1.5215,-1.1962,2.8716000000000004,0.6457953765163652,3.1099999999999994,-0.4399999999999999,0.3199999999999932,0.2322,0.0,0.3861999999999998,-0.0699,-0.9818,2.4216000000000006,0.7257633325703823,3.1000000000000085,5.551115123125783e-17,0.1200000000000045
6.95299999974668,0.1908,-0.3959,0.6148,1.5245,-1.1935,2.8726,0.6457953765163652,3.1099999999999994,-0.4399999999999999,0.3199999999999932,0.2213,0.0,0.3916,-0.0725,-0.9928,2.4264,0.7257633325703823,3.1000000000000085,5.551115123125783e-17,0.1200000000000045
6.9849999994039536,0.1861,-0.393,0.6188,1.5244,-1.1925,2.8794,0.6457953765163652,3.1099999999999994,-0.4399999999999999,0.2199999999999917,0.2278,0.0,0.3998,-0.0756,-0.9869,2.4244,0.7257633325703823,3.1000000000000085,5.551115123125783e-17,0.1200000000000045
7.0,0.1838,-0.397,0.6078,1.5281,-1.1948,2.8716000000000004,0.6457495994506751,3.1099999999999994,-0.4399999999999999,0.2199999999999917,0.2379,0.0,0.3844,-0.0736,-1.0005,2.4108,0.7257633325703823,3.1000000000000085,5.551115123125783e-17,0.1200000000000045
7.015999998897314,0.1861,-0.3908,0.6092,1.5315,-1.1814,2.8686,0.6457190814068817,3.1099999999999994,-0.4399999999999999,0.2199999999999917,0.2369,0.0,0.3879999999999998,-0.061,-0.988,2.4164,0.7257633325703823,3.1000000000000085,5.551115123125783e-17,0.1200000000000045
7.04700000025332,0.1886,-0.4053,0.6168,1.5255,-1.189,2.8854,0.6457495994506751,3.1099999999999994,-0.4399999999999999,0.2199999999999917,0.2185,0.0,0.3878,-0.0722,-0.9779,2.4248,0.7257633325703823,3.1000000000000085,5.551115123125783e-17,0.1200000000000045
7.062999999150634,0.1898,-0.4042,0.6088,1.5194,-1.1856,2.8648,0.6457190814068817,3.1099999999999994,-0.4399999999999999,0.2199999999999917,0.2304,0.0,0.3879999999999998,-0.0905,-0.9879,2.4214,0.7257633325703823,3.1000000000000085,5.551115123125783e-17,0.1200000000000045
7.07799999974668,0.1943,-0.3958,0.6108,1.5303,-1.1994,2.881,0.6456427862973982,3.1099999999999994,-0.4399999999999999,0.2199999999999917,0.2317,0.0,0.3882,-0.0625,-1.0025,2.4122,0.7257633325703823,3.200000000000003,5.551115123125783e-17,0.1200000000000045
7.093999998643994,0.1864,-0.3926,0.61,1.515,-1.1926,2.8698,0.6456427862973982,3.1099999999999994,-0.4399999999999999,0.2199999999999917,0.2358,0.0,0.3861999999999998,-0.0714,-0.9909,2.4282,0.7257633325703823,3.200000000000003,5.551115123125783e-17,0.1200000000000045
7.1099999994039536,0.1911,-0.4002,0.611,1.521,-1.194,2.881,0.6456427862973982,3.1099999999999994,-0.4399999999999999,0.2199999999999917,0.2383,0.0,0.3879999999999998,-0.0735,-0.9868,2.4176,0.7257633325703823,3.200000000000003,5.551115123125783e-17,0.1200000000000045
7.125,0.1834,-0.3954,0.6212,1.5138,-1.199,2.8718,0.6456122682536048,3.1099999999999994,-0.4399999999999999,0.2199999999999917,0.2365,0.0,0.4018,-0.0722,-0.9942,2.4234,0.7257633325703823,3.200000000000003,5.551115123125783e-17,0.0199999999999818
7.1559999994933605,0.1917,-0.3996,0.6041999999999998,1.525,-1.1901,2.8722,0.6456122682536048,3.1099999999999994,-0.4399999999999999,0.2199999999999917,0.2392,0.0,0.3847999999999998,-0.067,-0.9935,2.423,0.7257633325703823,3.200000000000003,5.551115123125783e-17,0.0199999999999818
7.17200000025332,0.194,-0.4016,0.6132,1.5197,-1.2014,2.8726,0.6456122682536048,3.1099999999999994,-0.4399999999999999,0.2199999999999917,0.221,0.0,0.3796,-0.0779,-0.9852,2.4278000000000004,0.7257633325703823,3.200000000000003,5.551115123125783e-17,0.0199999999999818
7.187999999150634,0.1964,-0.4093,0.6158,1.522,-1.1937,2.8750000000000004,0.6456427862973982,3.1099999999999994,-0.4399999999999999,0.2199999999999917,0.2323,0.0,0.3918,-0.0773,-0.9937,2.4262,0.7257633325703823,3.200000000000003,5.551115123125783e-17,0.0199999999999818
7.20299999974668,0.2021,-0.4008,0.6184,1.5221,-1.19,2.889,0.6456580453192949,3.1099999999999994,-0.4399999999999999,0.2199999999999917,0.2386,0.0,0.3926,-0.0795,-0.993,2.4202,0.7257633325703823,3.200000000000003,5.551115123125783e-17,0.0199999999999818
7.218999998643994,0.1947,-0.3915,0.6118,1.5201,-1.1999,2.8644,0.6456122682536048,3.1099999999999994,-0.4399999999999999,0.3199999999999932,0.2536,0.0,0.3904,-0.0633,-0.9949,2.424,0.7257633325703823,3.200000000000003,5.551115123125783e-17,0.0199999999999818
7.2349999994039536,0.1887,-0.4033,0.6235999999999998,1.5243,-1.1876,2.8682,0.6456122682536048,3.1099999999999994,-0.4399999999999999,0.3199999999999932,0.229,0.0,0.3924,-0.0776,-0.9817,2.4142,0.7257633325703823,3.200000000000003,5.551115123125783e-17,0.0199999999999818
7.265999998897314,0.1994,-0.3782,0.6088,1.5206,-1.1922,2.8704,0.6456122682536048,3.1099999999999994,-0.4399999999999999,0.3199999999999932,0.2292,0.0,0.3832,-0.0842,-0.9881,2.4252,0.7257633325703823,3.200000000000003,5.551115123125783e-17,0.0199999999999818
7.28099999949336,0.1853,-0.3924,0.6066,1.5142,-1.1884,2.8674,0.6456580453192949,3.1099999999999994,-0.4399999999999999,0.3199999999999932,0.2279,0.0,0.3896,-0.063,-1.0014,2.4144,0.7257633325703823,3.200000000000003,5.551115123125783e-17,-0.0800000000000125
7.29700000025332,0.1916,-0.393,0.6076,1.5171,-1.197,2.8812,0.6456275272755015,3.1099999999999994,-0.4399999999999999,0.3199999999999932,0.2345,0.0,0.3824,-0.075,-0.98,2.4158,0.7257633325703823,3.200000000000003,5.551115123125783e-17,-0.0800000000000125
7.32799999974668,0.191,-0.3934,0.6199999999999998,1.526,-1.189,2.8686,0.6456275272755015,3.1099999999999994,-0.4399999999999999,0.3199999999999932,0.2375,0.0,0.389,-0.0714,-0.9896,2.4126,0.7257633325703823,3.200000000000003,5.551115123125783e-17,-0.0800000000000125
7.343999998643994,0.1859,-0.3989,0.6071999999999999,1.5157,-1.1949,2.8722,0.6456275272755015,3.1099999999999994,-0.4399999999999999,0.3199999999999932,0.2306,0.0,0.389,-0.077,-0.9812,2.4202,0.7257633325703823,3.200000000000003,5.551115123125783e-17,-0.0800000000000125
7.3599999994039536,0.1867,-0.3944,0.6066,1.5256,-1.1897,2.8836,0.645703822384985,3.1099999999999994,-0.4399999999999999,0.3199999999999932,0.2402,0.0,0.3882,-0.0812,-0.9821,2.43,0.7257633325703823,3.200000000000003,5.551115123125783e-17,-0.0800000000000125
7.375,0.1919,-0.3935,0.607,1.5178,-1.1866,2.871,0.6457190814068817,3.1099999999999994,-0.4399999999999999,0.3199999999999932,0.2319,0.0,0.3832,-0.0778,-0.9832,2.4218,0.7257633325703823,3.200000000000003,5.551115123125783e-17,-0.0800000000000125
7.390999998897314,0.1848,-0.3978,0.6199999999999998,1.517,-1.1887,2.874,0.6457190814068817,3.1099999999999994,-0.4399999999999999,0.3199999999999932,0.2273,0.0,0.391,-0.0841,-0.9916,2.4158,0.7257633325703823,3.200000000000003,5.551115123125783e-17,-0.0800000000000125
7.40599999949336,0.1961,-0.4018,0.6199999999999998,1.505,-1.1896,2.8716000000000004,0.645703822384985,3.1099999999999994,-0.4399999999999999,0.3199999999999932,0.2468,0.0,0.3896,-0.0774,-0.9845,2.4084,0.7257633325703823,3.200000000000003,5.551115123125783e-17,-0.0800000000000125
7.437999999150634,0.1863,-0.3988,0.6074,1.5241,-1.1899,2.871,0.645703822384985,3.1099999999999994,-0.4399999999999999,0.3199999999999932,0.2265,0.0,0.3879999999999998,-0.0658,-0.9917,2.424,0.7257633325703823,3.200000000000003,5.551115123125783e-17,-0.0800000000000125
7.45299999974668,0.1947,-0.4045,0.618,1.5152,-1.1941,2.8776,0.6456885633630883,3.010000000000005,-0.4399999999999999,0.3199999999999932,0.2312,0.0,0.3826,-0.0728,-0.9906,2.4272,0.7257633325703823,3.200000000000003,5.551115123125783e-17,-0.0800000000000125
7.468999998643994,0.1815,-0.4026,0.6112,1.5088,-1.1971,2.8750000000000004,0.6456733043411916,3.1099999999999994,-0.4399999999999999,0.3199999999999932,0.2302,0.0,0.3912,-0.0694,-0.989,2.4164,0.7257633325703823,3.200000000000003,5.551115123125783e-17,0.0199999999999818
7.5,0.198,-0.3978,0.6198,1.5281,-1.1892,2.8792000000000004,0.6456580453192949,3.1099999999999994,-0.4399999999999999,0.3199999999999932,0.2397,0.0,0.3799999999999998,-0.0862,-0.9949,2.4212,0.7257633325703823,3.200000000000003,5.551115123125783e-17,0.0199999999999818
7.515999998897314,0.1832,-0.3914,0.6098,1.5246,-1.1735,2.8758,0.6456580453192949,3.1099999999999994,-0.4399999999999999,0.3199999999999932,0.2258,0.0,0.3933999999999998,-0.0756,-0.9802,2.418,0.7257633325703823,3.200000000000003,5.551115123125783e-17,0.0199999999999818
7.53099999949336,0.1894,-0.4075,0.6144,1.5117,-1.199,2.8794,0.6456580453192949,3.1099999999999994,-0.4399999999999999,0.3199999999999932,0.237,0.0,0.379,-0.0766,-0.9927,2.4194000000000004,0.7257633325703823,3.200000000000003,5.551115123125783e-17,0.0199999999999818
7.54700000025332,0.1922,-0.4109,0.6152,1.5258,-1.188,2.8750000000000004,0.6456580453192949,3.010000000000005,-0.4399999999999999,0.3199999999999932,0.2469,0.0,0.3907999999999998,-0.0725,-0.9836,2.4152,0.7257633325703823,3.200000000000003,5.551115123125783e-17,0.0199999999999818
7.562999999150634,0.1994,-0.4026,0.6241999999999998,1.513,-1.1825,2.8718,0.6456733043411916,3.010000000000005,-0.4399999999999999,0.3199999999999932,0.2339,0.0,0.3938,-0.0615,-1.0001,2.4244,0.7257633325703823,3.200000000000003,5.551115123125783e-17,0.0199999999999818
7.57799999974668,0.2011,-0.3984,0.6074,1.5011,-1.2015,2.8800000000000003,0.6458258945601586,3.010000000000005,-0.4399999999999999,0.3199999999999932,0.2444,0.0,0.3936,-0.0828,-0.9903,2.4272,0.7257633325703823,3.200000000000003,5.551115123125783e-17,0.0199999999999818
7.6099999994039536,0.1856,-0.3976,0.6051999999999998,1.5182,-1.195,2.8821999999999997,0.6458716716258487,3.010000000000005,-0.4399999999999999,0.3199999999999932,0.232,0.0,0.397,-0.0829,-0.9808,2.4216000000000006,0.7257633325703823,3.200000000000003,5.551115123125783e-17,0.0199999999999818
7.625,0.1766,-0.4089,0.618,1.5088,-1.1961,2.8816,0.6458716716258487,3.010000000000005,-0.4399999999999999,0.3199999999999932,0.227,0.0,0.3896,-0.0805,-0.9839,2.4308,0.7257633325703823,3.200000000000003,5.551115123125783e-17,0.0199999999999818
7.640999998897314,0.1877,-0.3985,0.605,1.5129,-1.1842,2.871,0.646009002822919,3.010000000000005,-0.4399999999999999,0.3199999999999932,0.2313,0.0,0.3879999999999998,-0.071,-0.986,2.4094000000000007,0.7257633325703823,3.200000000000003,5.551115123125783e-17,0.0199999999999818
7.67200000025332,0.1881,-0.4062,0.6148,1.5055,-1.1986,2.8623999999999996,0.6460242618448157,3.010000000000005,-0.4399999999999999,0.3199999999999932,0.2417,0.0,0.3786,-0.079,-0.9804,2.4232,0.7257633325703823,3.200000000000003,5.551115123125783e-17,0.0199999999999818
7.687999999150634,0.1932,-0.4004,0.6113999999999998,1.5254,-1.1768,2.8707999999999996,0.6460242618448157,3.010000000000005,-0.4399999999999999,0.3199999999999932,0.2378,0.0,0.3912,-0.0877,-0.9899,2.437,0.7257633325703823,3.200000000000003,5.551115123125783e-17,0.0199999999999818
7.70299999974668,0.1985,-0.4075,0.6172,1.5119,-1.2,2.8668,0.6460242618448157,3.010000000000005,-0.4399999999999999,0.3199999999999932,0.231,0.0,0.3752,-0.0644,-0.9918,2.4132,0.7257633325703823,3.200000000000003,5.551115123125783e-17,0.0199999999999818
7.718999998643994,0.1977,-0.4137,0.6182,1.5214,-1.1868,2.8728,0.6460242618448157,3.010000000000005,-0.4399999999999999,0.3199999999999932,0.2358,0.0,0.3878,-0.0748,-0.9874,2.415,0.7257633325703823,3.200000000000003,5.551115123125783e-17,0.0199999999999818
7.7349999994039536,0.1905,-0.4,0.6011999999999998,1.5194,-1.1926,2.8666,0.6459479667353322,3.010000000000005,-0.4399999999999999,0.3199999999999932,0.239,0.0,0.3827999999999998,-0.0767,-0.9794,2.4148,0.7257633325703823,3.200000000000003,5.551115123125783e-17,0.0199999999999818
7.75,0.1969,-0.4101,0.627,1.5107,-1.1928,2.8714,0.6459479667353322,3.010000000000005,-0.4399999999999999,0.3199999999999932,0.2377,0.0,0.4038,-0.0819,-0.9951,2.4246,0.7257633325703823,3.200000000000003,5.551115123125783e-17,0.0199999999999818
7.78099999949336,0.1801,-0.4034,0.615,1.4982,-1.1989,2.8654,0.6459479667353322,3.010000000000005,-0.4399999999999999,0.3199999999999932,0.2414,0.0,0.389,-0.0756,-0.9914,2.4182,0.7257633325703823,3.200000000000003,5.551115123125783e-17,0.0199999999999818
7.79700000025332,0.1906,-0.404,0.6158,1.5112,-1.1984,2.8722,0.6459479667353322,3.010000000000005,-0.4399999999999999,0.3199999999999932,0.2254,0.0,0.387,-0.0735,-0.9955,2.4234,0.7257633325703823,3.200000000000003,5.551115123125783e-17,0.0199999999999818
7.812999999150634,0.1888,-0.4093,0.614,1.5115,-1.1953,2.8826,0.6460700389105057,3.010000000000005,-0.4399999999999999,0.3199999999999932,0.2264,0.0,0.3842,-0.0741,-0.9892,2.4284,0.7257633325703823,3.200000000000003,5.551115123125783e-17,0.0199999999999818
7.843999998643994,0.1965,-0.4073,0.6238,1.5122,-1.2001,2.8796,0.6459632257572289,3.010000000000005,-0.4399999999999999,0.3199999999999932,0.2305,0.0,0.3946,-0.0698,-0.995,2.4288,0.7257633325703823,3.200000000000003,5.551115123125783e-17,0.0199999999999818
7.8599999994039536,0.198,-0.3979,0.6016,1.5129,-1.1813,2.8788,0.6460700389105057,3.010000000000005,-0.4399999999999999,0.3199999999999932,0.2423,0.0,0.3867999999999998,-0.0743,-0.9858,2.4172,0.7257633325703823,3.200000000000003,5.551115123125783e-17,0.0199999999999818
7.875,0.1891,-0.4062,0.6144,1.522,-1.1912,2.8838000000000004,0.6460700389105057,3.010000000000005,-0.4399999999999999,0.3199999999999932,0.2425,0.0,0.3936,-0.0807,-0.9842,2.4162,0.7257633325703823,3.200000000000003,5.551115123125783e-17,0.0199999999999818
7.890999998897314,0.1976,-0.4049,0.6238,1.5075,-1.1867,2.8776,0.6459632257572289,3.010000000000005,-0.4399999999999999,0.3199999999999932,0.2366,0.0,0.3936,-0.0732,-0.9942,2.418,0.7257633325703823,3.200000000000003,5.551115123125783e-17,0.0199999999999818
7.90599999949336,0.1921,-0.4179,0.6184,1.5061,-1.1923,2.8658000000000015,0.6459632257572289,3.010000000000005,-0.4399999999999999,0.3199999999999932,0.2481,0.0,0.3913999999999998,-0.0711,-0.9884,2.42,0.7257633325703823,3.200000000000003,5.551115123125783e-17,0.0199999999999818
7.92200000025332,0.1906,-0.4144,0.6193999999999998,1.5185,-1.197,2.879,0.6459632257572289,3.1099999999999994,-0.4399999999999999,0.3199999999999932,0.2406,0.0,0.3839999999999998,-0.0746,-0.9879,2.4244,0.7257633325703823,3.200000000000003,5.551115123125783e-17,0.0199999999999818
7.95299999974668,0.1889,-0.4097,0.6222,1.513,-1.186,2.8758,0.6459632257572289,3.1099999999999994,-0.4399999999999999,0.3199999999999932,0.2503,0.0,0.3922,-0.0695,-0.9977,2.4246,0.7257633325703823,3.200000000000003,5.551115123125783e-17,0.0199999999999818
7.968999998643994,0.1841,-0.4076,0.6103999999999998,1.5105,-1.1871,2.8745999999999996,0.6459632257572289,3.1099999999999994,-0.4399999999999999,0.3199999999999932,0.2478,0.0,0.3836,-0.0749,-0.9851,2.4142,0.7257633325703823,3.200000000000003,5.551115123125783e-17,0.0199999999999818
7.9849999994039536,0.1922,-0.4044,0.6203999999999998,1.5186,-1.1935,2.8736,0.6459632257572289,3.1099999999999994,-0.4399999999999999,0.3199999999999932,0.2368,0.0,0.3752,-0.0656,-0.9964,2.4216000000000006,0.7257633325703823,3.200000000000003,5.551115123125783e-17,0.0199999999999818
8.015999998897314,0.201,-0.4158,0.618,1.5186,-1.1875,2.879,0.6459632257572289,3.1099999999999994,-0.4399999999999999,0.3199999999999932,0.2507,0.0,0.3918,-0.0706,-0.9956,2.4134,0.7257633325703823,3.200000000000003,5.551115123125783e-17,0.0199999999999818
8.03099999949336,0.1893,-0.3995,0.6038,1.5177,-1.1745,2.8794,0.6459632257572289,3.1099999999999994,-0.4399999999999999,0.3199999999999932,0.2476,0.0,0.3943999999999998,-0.0668,-0.9783,2.4232,0.7257633325703823,3.200000000000003,5.551115123125783e-17,0.0199999999999818
8.04700000025332,0.191,-0.4087,0.6138,1.5098,-1.1961,2.873800000000001,0.6459632257572289,3.1099999999999994,-0.4399999999999999,0.3199999999999932,0.252,0.0,0.383,-0.0762,-0.9856,2.4112,0.7257633325703823,3.200000000000003,5.551115123125783e-17,0.0199999999999818
8.062999999150634,0.1968,-0.4041,0.6166,1.5153,-1.1833,2.8766,0.6459632257572289,3.1099999999999994,-0.4399999999999999,0.3199999999999932,0.2348,0.0,0.3916,-0.0627,-0.9934,2.4216000000000006,0.7257633325703823,3.200000000000003,5.551115123125783e-17,0.0199999999999818
8.07799999974668,0.1956,-0.4083,0.6176,1.5049,-1.1913,2.8706,0.6459632257572289,3.1099999999999994,-0.4399999999999999,0.3199999999999932,0.231,0.0,0.3839999999999998,-0.0698,-1.0046,2.4316000000000004,0.7257633325703823,3.200000000000003,5.551115123125783e-17,0.0199999999999818
8.093999998643994,0.1924,-0.3998,0.6018,1.4996,-1.1986,2.8758,0.6461158159761958,3.1099999999999994,-0.4399999999999999,0.3199999999999932,0.2366,0.0,0.3919999999999998,-0.078,-0.9875,2.4232,0.7257633325703823,3.200000000000003,5.551115123125783e-17,0.0199999999999818
8.125,0.1927,-0.4009,0.6093999999999996,1.5027,-1.1938,2.8664,0.6461310749980925,3.1099999999999994,-0.4399999999999999,0.3199999999999932,0.2433,0.0,0.393,-0.0628,-0.9902,2.4248,0.7257633325703823,3.200000000000003,5.551115123125783e-17,0.0199999999999818
8.140999998897314,0.1902,-0.4115,0.6098,1.5075,-1.1901,2.8732,0.6461615930418859,3.1099999999999994,-0.4399999999999999,0.3199999999999932,0.2466,0.0,0.3884,-0.0725,-0.982,2.4192,0.7257633325703823,3.200000000000003,5.551115123125783e-17,0.0199999999999818
8.15599999949336,0.1888,-0.4095,0.6196,1.5134,-1.1844,2.871,0.6461615930418859,3.1099999999999994,-0.4399999999999999,0.3199999999999932,0.239,0.0,0.3838,-0.0798,-0.9947,2.4246,0.7257633325703823,3.200000000000003,5.551115123125783e-17,0.0199999999999818
8.17200000025332,0.1897,-0.4018,0.6224,1.5082,-1.1942,2.8678000000000003,0.6461615930418859,3.1099999999999994,-0.4399999999999999,0.3199999999999932,0.244,0.0,0.3816,-0.0744,-0.9848,2.4158,0.7257633325703823,3.200000000000003,5.551115123125783e-17,0.0199999999999818
8.20299999974668,0.1944,-0.4075,0.6163999999999998,1.5204,-1.1831,2.8756,0.6461615930418859,3.1099999999999994,-0.4399999999999999,0.3199999999999932,0.2306,0.0,0.3871999999999998,-0.0672,-0.9807,2.4152,0.7257633325703823,3.200000000000003,5.551115123125783e-17,0.0199999999999818
8.218999998643994,0.1927,-0.4034,0.6092,1.5093,-1.1916,2.8768,0.6462378881513694,3.1099999999999994,-0.4399999999999999,0.3199999999999932,0.2461,0.0,0.3839999999999998,-0.0693,-1.0001,2.431,0.7257633325703823,3.200000000000003,5.551115123125783e-17,0.0199999999999818
8.234999999403954,0.1857,-0.4078,0.6182,1.5104,-1.1886,2.871,0.6461615930418859,3.1099999999999994,-0.4399999999999999,0.3199999999999932,0.2399,0.0,0.3842,-0.0674,-0.9935,2.4162,0.7257633325703823,3.200000000000003,5.551115123125783e-17,0.0199999999999818
8.25,0.1984,-0.4127,0.614,1.5064,-1.1947,2.8664,0.6461615930418859,3.1099999999999994,-0.4399999999999999,0.3199999999999932,0.2502,0.0,0.3859999999999998,-0.0697,-1.0029,2.43,0.7257633325703823,3.200000000000003,5.551115123125783e-17,0.0199999999999818
8.265999998897314,0.1885,-0.4149,0.6241999999999998,1.5125,-1.1851,2.8768,0.6462378881513694,3.1099999999999994,-0.4399999999999999,0.3199999999999932,0.229,0.0,0.383,-0.0773,-0.9853,2.4284,0.7257633325703823,3.1000000000000085,5.551115123125783e-17,0.0199999999999818
8.29700000025332,0.1969,-0.4104,0.614,1.494,-1.1944,2.8780000000000014,0.6463294422827496,3.1099999999999994,-0.4399999999999999,0.3199999999999932,0.2321,0.0,0.3752,-0.0739,-0.9857,2.4114,0.7257633325703823,3.1000000000000085,5.551115123125783e-17,0.0199999999999818
8.312999999150634,0.1917,-0.4113,0.6208,1.5065,-1.1876,2.8704,0.646359960326543,3.1099999999999994,-0.4399999999999999,0.3199999999999932,0.2384,0.0,0.3956,-0.063,-0.9844,2.425,0.7257633325703823,3.1000000000000085,5.551115123125783e-17,0.0199999999999818
8.32799999974668,0.1892,-0.4141,0.613,1.5081,-1.1862,2.8774,0.6464820325017165,3.1099999999999994,-0.4399999999999999,0.3199999999999932,0.2394,0.0,0.3941999999999998,-0.0767,-0.9896,2.4238,0.7257633325703823,3.1000000000000085,5.551115123125783e-17,0.0199999999999818
8.359999999403954,0.2018,-0.3998,0.6083999999999998,1.5162,-1.1931,2.8736,0.6464820325017165,3.1099999999999994,-0.4399999999999999,0.3199999999999932,0.2418,0.0,0.4061999999999998,-0.0797,-0.9926,2.4162,0.7257633325703823,3.1000000000000085,5.551115123125783e-17,0.0199999999999818
8.375,0.197,-0.4105,0.6199999999999998,1.5013,-1.1949,2.8798,0.6465125505455099,3.1099999999999994,-0.4399999999999999,0.3199999999999932,0.2437,0.0,0.3839999999999998,-0.0762,-0.9942,2.4146,0.7257633325703823,3.1000000000000085,5.551115123125783e-17,0.0199999999999818
8.390999998897314,0.1918,-0.404,0.6199999999999998,1.5071,-1.1866,2.8792000000000004,0.6465125505455099,3.1099999999999994,-0.4399999999999999,0.3199999999999932,0.2583,0.0,0.3892,-0.0841,-0.9816,2.4232,0.7257633325703823,3.200000000000003,5.551115123125783e-17,0.0199999999999818
8.40599999949336,0.1942,-0.4115,0.615,1.5072,-1.1855,2.8842,0.6465125505455099,3.1099999999999994,-0.4399999999999999,0.3199999999999932,0.2499,0.0,0.389,-0.0809,-0.9855,2.407,0.7257633325703823,3.200000000000003,5.551115123125783e-17,0.0199999999999818
8.42200000025332,0.1897,-0.4003,0.6142,1.5015,-1.1885,2.8812,0.6464972915236132,3.1099999999999994,-0.4399999999999999,0.3199999999999932,0.2369,0.0,0.3859999999999998,-0.066,-0.9854,2.4192,0.7257633325703823,3.200000000000003,5.551115123125783e-17,0.0199999999999818
8.437999999150634,0.1879,-0.3947,0.6079999999999998,1.4975,-1.1911,2.8734,0.6464972915236132,3.1099999999999994,-0.4399999999999999,0.3199999999999932,0.2358,0.0,0.3893999999999998,-0.0713,-0.9957,2.4204,0.7257633325703823,3.200000000000003,5.551115123125783e-17,0.0199999999999818
8.468999998643994,0.1926,-0.4082,0.6096,1.5115,-1.181,2.866200000000001,0.6464972915236132,3.1099999999999994,-0.4399999999999999,0.3199999999999932,0.2372,0.0,0.389,-0.0674,-0.9982,2.4144,0.7257633325703823,3.200000000000003,5.551115123125783e-17,0.0199999999999818
8.484999999403954,0.2083,-0.4077,0.6163999999999998,1.4994,-1.1972,2.8778,0.6464972915236132,3.1099999999999994,-0.4399999999999999,0.3199999999999932,0.2406,0.0,0.3913999999999998,-0.0844,-0.9921,2.4222,0.7257633325703823,3.200000000000003,5.551115123125783e-17,0.0199999999999818
8.5,0.1892,-0.4167,0.619,1.5038,-1.1839,2.8736,0.6463904783703364,3.1099999999999994,-0.4399999999999999,0.3199999999999932,0.2527,0.0,0.3836,-0.0734,-0.9871,2.4198,0.7257633325703823,3.200000000000003,5.551115123125783e-17,0.0199999999999818
8.515999998897314,0.1942,-0.3932,0.6083999999999998,1.5078,-1.1873,2.8742,0.6462684061951628,3.1099999999999994,-0.4399999999999999,0.3199999999999932,0.2396,0.0,0.383,-0.0656,-0.9958,2.4228,0.7257633325703823,3.200000000000003,5.551115123125783e-17,0.0199999999999818
8.54700000025332,0.1917,-0.4078,0.6142,1.5034,-1.1828,2.8674,0.6461768520637826,3.1099999999999994,-0.4399999999999999,0.3199999999999932,0.2362,0.0,0.3821999999999998,-0.0755,-1.0036,2.4192,0.7257633325703823,3.200000000000003,5.551115123125783e-17,0.0199999999999818
8.54700000025332,0.1892,-0.404,0.6133999999999998,1.5071,-1.1877,2.8712000000000004,0.6461768520637826,3.1099999999999994,-0.4399999999999999,0.3199999999999932,0.2474,0.0,0.3856,-0.0787,-0.989,2.4192,0.7257633325703823,3.200000000000003,5.551115123125783e-17,0.0199999999999818
8.57799999974668,0.1896,-0.412,0.6192,1.5079,-1.1985,2.8678000000000003,0.6461768520637826,3.1099999999999994,-0.4399999999999999,0.3199999999999932,0.2432,0.0,0.3932,-0.0643,-0.996,2.4156000000000004,0.7257633325703823,3.200000000000003,5.551115123125783e-17,0.0199999999999818
8.593999998643994,0.1976,-0.4178,0.614,1.5034,-1.1929,2.8644,0.6461768520637826,3.1099999999999994,-0.4399999999999999,0.3199999999999932,0.2471,0.0,0.3867999999999998,-0.0715,-0.9951,2.4208,0.7257633325703823,3.200000000000003,5.551115123125783e-17,0.0199999999999818
8.609999999403954,0.1946,-0.4107,0.6146,1.5104,-1.1865,2.8642,0.6461768520637826,3.1099999999999994,-0.4399999999999999,0.3199999999999932,0.2434,0.0,0.3853999999999998,-0.0669,-0.9866,2.4116,0.7257633325703823,3.200000000000003,5.551115123125783e-17,0.0199999999999818
8.640999998897314,0.1949,-0.4086,0.6121999999999999,1.5031,-1.1934,2.8745999999999996,0.6461768520637826,3.1099999999999994,-0.4399999999999999,0.3199999999999932,0.2474,0.0,0.3792,-0.0622,-0.9927,2.4208,0.7257633325703823,3.1000000000000085,5.551115123125783e-17,0.0199999999999818
8.65599999949336,0.197,-0.4113,0.6173999999999998,1.5061,-1.1887,2.866,0.6462226291294727,3.1099999999999994,-0.4399999999999999,0.3199999999999932,0.2394,0.0,0.3818,-0.0803,-0.9834,2.4178,0.7257633325703823,3.1000000000000085,5.551115123125783e-17,0.0199999999999818
8.67200000025332,0.188,-0.413,0.6185999999999998,1.5071,-1.1895,2.874,0.6462378881513694,3.1099999999999994,-0.4399999999999999,0.3199999999999932,0.247,0.0,0.3886,-0.0703,-0.9869,2.4246,0.7257633325703823,3.1000000000000085,5.551115123125783e-17,0.0199999999999818
8.687999999150634,0.1918,-0.4008,0.6062,1.4954,-1.1975,2.8726,0.6464515144579231,3.1099999999999994,-0.4399999999999999,0.3199999999999932,0.2423,0.0,0.3916,-0.0788,-0.9843,2.422,0.7257633325703823,3.1000000000000085,5.551115123125783e-17,0.0199999999999818
8.70299999974668,0.1944,-0.4165,0.6136,1.4917,-1.1921,2.8644,0.6464667734798198,3.1099999999999994,-0.4399999999999999,0.3199999999999932,0.2366,0.0,0.3887999999999998,-0.0789,-0.9853,2.4178,0.7257633325703823,3.1000000000000085,5.551115123125783e-17,0.0199999999999818
8.718999998643994,0.1983,-0.4077,0.6172,1.4993,-1.1814,2.8670000000000004,0.6464820325017165,3.1099999999999994,-0.4399999999999999,0.3199999999999932,0.2236,0.0,0.3882,-0.0708,-0.9918,2.413,0.7257633325703823,3.1000000000000085,5.551115123125783e-17,0.0199999999999818
8.75,0.1948,-0.4101,0.6118,1.5075,-1.1868,2.8752,0.6466193636987868,3.1099999999999994,-0.4399999999999999,0.3199999999999932,0.2337,0.0,0.3938,-0.0732,-0.9842,2.412,0.7257633325703823,3.1000000000000085,5.551115123125783e-17,0.0199999999999818
8.765999998897314,0.189,-0.3985,0.6178,1.4963,-1.2021,2.8702,0.6466346227206835,3.1099999999999994,-0.4399999999999999,0.3199999999999932,0.2484,0.0,0.3832,-0.0734,-0.9754,2.4166,0.7257633325703823,3.1000000000000085,5.551115123125783e-17,0.0199999999999818
8.78099999949336,0.2019,-0.4106,0.615,1.5086,-1.1837,2.8688,0.6466956588082703,3.1099999999999994,-0.4399999999999999,0.3199999999999932,0.2422,0.0,0.3919999999999998,-0.0821,-0.9809,2.4196,0.7257633325703823,3.1000000000000085,5.551115123125783e-17,0.0199999999999818
8.812999999150634,0.1955,-0.4012,0.614,1.4981,-1.2024,2.8736,0.6467414358739604,3.1099999999999994,-0.4399999999999999,0.3199999999999932,0.2441,0.0,0.3882,-0.0782,-0.9905,2.4226,0.7257633325703823,3.1000000000000085,5.551115123125783e-17,0.0199999999999818
8.82799999974668,0.1801,-0.4203,0.6166,1.5017,-1.1918,2.8716000000000004,0.6467566948958571,3.1099999999999994,-0.4399999999999999,0.3199999999999932,0.251,0.0,0.3832,-0.0826,-0.9892,2.4274,0.7257633325703823,3.1000000000000085,5.551115123125783e-17,0.0199999999999818
8.843999998643994,0.1962,-0.4123,0.6168,1.4999,-1.1856,2.8728,0.6469703212024109,3.1099999999999994,-0.4399999999999999,0.3199999999999932,0.2373,0.0,0.3804,-0.0854,-0.9901,2.414,0.7257633325703823,3.1000000000000085,5.551115123125783e-17,0.1200000000000045
8.859999999403954,0.1951,-0.4145,0.6116,1.5044,-1.1964,2.8686,0.6470466163118944,3.1099999999999994,-0.4399999999999999,0.3199999999999932,0.2413,0.0,0.3799999999999998,-0.0756,-0.9977,2.4264,0.7257633325703823,3.1000000000000085,5.551115123125783e-17,0.1200000000000045
8.875,0.188,-0.4057,0.6121999999999999,1.5051,-1.177,2.8786,0.6471534294651713,3.1099999999999994,-0.4399999999999999,0.3199999999999932,0.2345,0.0,0.387,-0.0776,-0.9747,2.4272,0.7257633325703823,3.1000000000000085,5.551115123125783e-17,0.1200000000000045
8.890999998897314,0.1913,-0.4057,0.6152,1.499,-1.1884,2.8694,0.6473517967498283,3.1099999999999994,-0.4399999999999999,0.3199999999999932,0.2409,0.0,0.3812,-0.0744,-0.997,2.4168,0.7257633325703823,3.1000000000000085,5.551115123125783e-17,0.1200000000000045
8.92200000025332,0.1904,-0.4029,0.6119999999999998,1.5046,-1.1966,2.876,0.6473517967498283,3.1099999999999994,-0.4399999999999999,0.3199999999999932,0.2487,0.0,0.391,-0.0732,-0.9881,2.413,0.7257633325703823,3.1000000000000085,5.551115123125783e-17,0.1200000000000045
8.937999999150634,0.1971,-0.4107,0.6138,1.5003,-1.1878,2.874,0.6474738689250019,3.1099999999999994,-0.4399999999999999,0.3199999999999932,0.2402,0.0,0.3853999999999998,-0.0855,-0.9879,2.421,0.7257633325703823,3.1000000000000085,5.551115123125783e-17,0.1200000000000045
8.95299999974668,0.1939,-0.4082,0.618,1.5028,-1.1863,2.8699999999999997,0.6475043869687953,3.1099999999999994,-0.4399999999999999,0.3199999999999932,0.2472,0.0,0.3846,-0.0723,-0.986,2.4132,0.7257633325703823,3.1000000000000085,5.551115123125783e-17,0.1200000000000045
8.984999999403954,0.1963,-0.4037,0.6068,1.494,-1.1886,2.8734,0.6476112001220722,3.1099999999999994,-0.4399999999999999,0.3199999999999932,0.2413,0.0,0.3933999999999998,-0.0652,-0.9887,2.415,0.7257633325703823,3.1000000000000085,5.551115123125783e-17,0.1200000000000045
9.0,0.1872,-0.4143,0.6199999999999998,1.5056,-1.1941,2.8856,0.6485877775234608,3.1099999999999994,-0.4399999999999999,0.3199999999999932,0.2488,0.0,0.3919999999999998,-0.0779,-0.9903,2.4152,0.7257633325703823,3.1000000000000085,5.551115123125783e-17,0.1200000000000045
9.015999998897314,0.1816,-0.4065,0.6216,1.5044,-1.1893,2.8788,0.6498084992751965,3.1099999999999994,-0.4399999999999999,0.3199999999999932,0.257,0.0,0.3864,-0.0721,-0.9871,2.4296,0.7257633325703823,3.1000000000000085,5.551115123125783e-17,0.1200000000000045
9.03099999949336,0.1978,-0.4078,0.6144,1.4973,-1.1684,2.8794,0.6506630045014115,3.1099999999999994,-0.4399999999999999,0.3199999999999932,0.238,0.0,0.3892,-0.079,-0.9925,2.4216000000000006,0.7257633325703823,3.1000000000000085,5.551115123125783e-17,0.1200000000000045
9.04700000025332,0.1981,-0.4048,0.6224,1.5001,-1.1844,2.8829999999999996,0.6511970702677958,3.1099999999999994,-0.4399999999999999,0.3199999999999932,0.2383,0.0,0.3824,-0.0696,-0.9967,2.419,0.7257633325703823,3.1000000000000085,5.551115123125783e-17,0.1200000000000045
9.062999999150634,0.2029,-0.4053,0.6152,1.4954,-1.1859,2.8798,0.6516853589684901,3.1099999999999994,-0.4399999999999999,0.3199999999999932,0.2284,0.0,0.3861999999999998,-0.0681,-0.9833,2.414,0.7257633325703823,3.1000000000000085,5.551115123125783e-17,0.1200000000000045
9.093999998643994,0.2028,-0.4067,0.5991999999999998,1.5021,-1.1913,2.8756,0.6519295033188373,3.1099999999999994,-0.4399999999999999,0.3199999999999932,0.2568,0.0,0.3792,-0.0738,-0.9927,2.418,0.7257633325703823,3.1000000000000085,5.551115123125783e-17,0.1200000000000045
9.109999999403954,0.1899,-0.4127,0.6152,1.5004,-1.1855,2.8756,0.6520210574502174,3.1099999999999994,-0.4399999999999999,0.3199999999999932,0.2351,0.0,0.3836,-0.0761,-0.9945,2.4164,0.7257633325703823,3.1000000000000085,5.551115123125783e-17,0.1200000000000045
9.125,0.1947,-0.4025,0.6156,1.4929,-1.1945,2.8802,0.6520973525597009,3.1099999999999994,-0.4399999999999999,0.3199999999999932,0.2538,0.0,0.3861999999999998,-0.0767,-1.0068,2.42,0.7257633325703823,3.1000000000000085,5.551115123125783e-17,0.1200000000000045
9.15599999949336,0.1937,-0.4173,0.6133999999999998,1.5026,-1.1972,2.8724,0.6521583886472877,3.1099999999999994,-0.4399999999999999,0.3199999999999932,0.2487,0.0,0.3884,-0.0763,-0.9857,2.417,0.7257633325703823,3.1000000000000085,5.551115123125783e-17,0.1200000000000045
9.17200000025332,0.1974,-0.4028,0.6051999999999998,1.501,-1.1887,2.8838000000000004,0.6523262378881514,3.1099999999999994,-0.4399999999999999,0.3199999999999932,0.2462,0.0,0.4018,-0.0709,-1.0033,2.4122,0.7257633325703823,3.1000000000000085,5.551115123125783e-17,0.1200000000000045
9.187999999150634,0.1961,-0.3997,0.6062,1.504,-1.1853,2.8692000000000006,0.6525093461509117,3.1099999999999994,-0.4399999999999999,0.3199999999999932,0.243,0.0,0.3943999999999998,-0.0816,-0.9892,2.4146,0.7257633325703823,3.1000000000000085,5.551115123125783e-17,0.1200000000000045
9.20299999974668,0.1956,-0.4106,0.6199999999999998,1.4833,-1.2,2.8728,0.6525703822384985,3.1099999999999994,-0.4399999999999999,0.3199999999999932,0.26,0.0,0.3762,-0.0742,-0.9885,2.4258,0.7257633325703823,3.1000000000000085,5.551115123125783e-17,0.1200000000000045
9.218999998643994,0.1999,-0.406,0.6168,1.4963,-1.1936,2.8712000000000004,0.6526619363698787,3.1099999999999994,-0.4399999999999999,0.3199999999999932,0.2467,0.0,0.3799999999999998,-0.084,-0.9959,2.4266,0.7257633325703823,3.1000000000000085,5.551115123125783e-17,0.1200000000000045
9.234999999403954,0.1923,-0.4185,0.613,1.4988,-1.1951,2.8652,0.6527077134355688,3.1099999999999994,-0.4399999999999999,0.3199999999999932,0.2475,0.0,0.3879999999999998,-0.0769,-0.9761,2.4172,0.7257633325703823,3.1000000000000085,5.551115123125783e-17,0.1200000000000045
9.265999998897314,0.1952,-0.405,0.6158,1.5001,-1.1841,2.8734,0.6528145265888456,3.1099999999999994,-0.4399999999999999,0.3199999999999932,0.2434,0.0,0.3861999999999998,-0.0775,-0.983,2.4124,0.7257633325703823,3.1000000000000085,5.551115123125783e-17,0.1200000000000045
9.28099999949336,0.2075,-0.4,0.6153999999999996,1.4981,-1.176,2.8776,0.6529365987640192,3.1099999999999994,-0.4399999999999999,0.3199999999999932,0.2591,0.0,0.3896,-0.0624,-0.9881,2.4242,0.7257633325703823,3.1000000000000085,5.551115123125783e-17,0.1200000000000045
9.29700000025332,0.1996,-0.3967,0.6262,1.4913,-1.2034,2.8702,0.6531197070267796,3.1099999999999994,-0.4399999999999999,0.3199999999999932,0.2422,0.0,0.3974,-0.0774,-0.9836,2.4196,0.7257633325703823,3.1000000000000085,5.551115123125783e-17,0.1200000000000045
9.32799999974668,0.1914,-0.4092,0.6146,1.5055,-1.1893,2.8852,0.6532722972457465,3.1099999999999994,-0.4399999999999999,0.3199999999999932,0.2528,0.0,0.3819999999999998,-0.0824,-0.9992,2.416,0.7257633325703823,3.1000000000000085,5.551115123125783e-17,0.1200000000000045
9.343999998643994,0.1834,-0.4161,0.6272,1.4965,-1.1947,2.8782,0.6533638513771267,3.1099999999999994,-0.4399999999999999,0.3199999999999932,0.2505,0.0,0.3966,-0.0729,-0.9957,2.4134,0.7257633325703823,3.1000000000000085,5.551115123125783e-17,0.1200000000000045
9.359999999403954,0.197,-0.4123,0.6173999999999998,1.491,-1.1866,2.8748,0.6541573205157549,3.1099999999999994,-0.4399999999999999,0.3199999999999932,0.239,0.0,0.3712,-0.062,-1.005,2.4166,0.7257633325703823,3.1000000000000085,5.551115123125783e-17,0.1200000000000045
9.375,0.2103,-0.4106,0.6203999999999998,1.4864,-1.192,2.8808,0.6545387960631723,3.1099999999999994,-0.4399999999999999,0.3199999999999932,0.2463,0.0,0.3879999999999998,-0.0785,-0.9951,2.419,0.7257633325703823,3.1000000000000085,5.551115123125783e-17,0.1200000000000045
9.390999998897314,0.1901,-0.4136,0.617,1.4852,-1.1846,2.8608,0.654706645304036,3.1099999999999994,-0.4399999999999999,0.3199999999999932,0.2432,0.0,0.4026,-0.0636,-0.9927,2.4118,0.7257633325703823,3.1000000000000085,5.551115123125783e-17,0.1200000000000045
9.40599999949336,0.2008,-0.4037,0.6108,1.4885,-1.1923,2.8734,0.654706645304036,3.1099999999999994,-0.4399999999999999,0.3199999999999932,0.2505,0.0,0.3859999999999998,-0.0659,-0.985,2.4156000000000004,0.7257633325703823,3.1000000000000085,5.551115123125783e-17,0.1200000000000045
9.437999999150634,0.194,-0.4149,0.6178,1.4917,-1.1896,2.8702,0.654706645304036,3.1099999999999994,-0.3399999999999999,0.3199999999999932,0.2454,0.0,0.3764,-0.0765,-0.9949,2.4236,0.7257633325703823,3.1000000000000085,5.551115123125783e-17,0.1200000000000045
9.45299999974668,0.1877,-0.4094,0.6119999999999998,1.4918,-1.1927,2.8756,0.6540810254062714,3.210000000000008,-0.3399999999999999,0.3199999999999932,0.2546,0.0,0.3873999999999998,-0.0851,-0.9823,2.415,0.7257633325703823,3.1000000000000085,-0.0999999999999999,0.1200000000000045
9.468999998643994,0.1991,-0.4089,0.6103999999999998,1.4952,-1.1887,2.8712000000000004,0.6539284351873045,3.210000000000008,-0.3399999999999999,0.3199999999999932,0.2597,0.0,0.3847999999999998,-0.0638,-0.9912,2.4154000000000004,0.7257633325703823,3.1000000000000085,-0.0999999999999999,0.1200000000000045
9.5,0.1952,-0.4099,0.6138,1.5089,-1.1863,2.8716000000000004,0.653852140077821,3.210000000000008,-0.3399999999999999,0.2199999999999917,0.2629,0.0,0.3887999999999998,-0.0764,-0.9889,2.414,0.7257633325703823,3.1000000000000085,-0.0999999999999999,0.1200000000000045
9.515999998897314,0.194,-0.408,0.6159999999999998,1.4959,-1.1912,2.8622,0.6538063630121309,3.210000000000008,-0.3399999999999999,0.2199999999999917,0.2519,0.0,0.3904,-0.0762,-0.9906,2.417,0.7257633325703823,3.1000000000000085,-0.0999999999999999,0.0199999999999818
9.53099999949336,0.1943,-0.411,0.6108,1.4993,-1.1848,2.8732,0.6537300679026474,3.210000000000008,-0.3399999999999999,0.2199999999999917,0.2502,0.0,0.3968,-0.0668,-0.9924,2.4214,0.7257633325703823,3.1000000000000085,-0.0999999999999999,0.0199999999999818
9.54700000025332,0.1959,-0.4143,0.6128,1.502,-1.1906,2.8842,0.6537300679026474,3.210000000000008,-0.3399999999999999,0.2199999999999917,0.2379,0.0,0.3873999999999998,-0.0706,-0.9912,2.4056,0.7257633325703823,3.1000000000000085,-0.0999999999999999,0.0199999999999818
9.562999999150634,0.2011,-0.4117,0.6142,1.4946,-1.1926,2.8742,0.6536385137712672,3.1099999999999994,-0.3399999999999999,0.2199999999999917,0.2366,0.0,0.3866,-0.0732,-0.9866,2.4212,0.7257633325703823,3.1000000000000085,-0.0999999999999999,0.0199999999999818
9.57799999974668,0.2014,-0.4165,0.6222,1.4815,-1.1952,2.8714,0.6536385137712672,3.1099999999999994,-0.3399999999999999,0.2199999999999917,0.2409,0.0,0.3864,-0.0654,-0.9843,2.4082,0.7257633325703823,3.1000000000000085,-0.0999999999999999,0.0199999999999818
9.609999999403954,0.192,-0.4174,0.6188,1.5097,-1.195,2.8834000000000004,0.653501182574197,3.1099999999999994,-0.3399999999999999,0.1199999999999903,0.2598,0.0,0.3867999999999998,-0.0766,-0.9886,2.4136,0.7257633325703823,3.1000000000000085,-0.0999999999999999,-0.0800000000000125
9.625,0.2077,-0.4188,0.617,1.4893,-1.1895,2.8766,0.653501182574197,3.1099999999999994,-0.3399999999999999,0.1199999999999903,0.2451,0.0,0.3844,-0.078,-0.9839,2.4236,0.7257633325703823,3.1000000000000085,-0.0999999999999999,-0.0800000000000125
9.640999998897314,0.2044,-0.4139,0.6076,1.5104,-1.1875,2.8756,0.6534859235523003,3.1099999999999994,-0.2399999999999999,0.1199999999999903,0.2544,0.0,0.389,-0.0796,-0.989,2.4212,0.7257633325703823,3.1000000000000085,-0.0999999999999999,-0.0800000000000125
9.65599999949336,0.187,-0.4249,0.6193999999999998,1.4899,-1.1927,2.8736,0.6534401464866102,3.1099999999999994,-0.2399999999999999,0.1199999999999903,0.2449,0.0,0.3752,-0.076,-0.9874,2.4168,0.7257633325703823,3.1000000000000085,-0.0999999999999999,-0.1800000000000068
9.687999999150634,0.1953,-0.4128,0.6172,1.5036,-1.1909,2.8772,0.6534859235523003,3.1099999999999994,-0.2399999999999999,0.0199999999999889,0.2496,0.0,0.3808,-0.0775,-0.9923,2.4194000000000004,0.7257633325703823,3.1000000000000085,-0.1999999999999999,-0.1800000000000068
9.70299999974668,0.1929,-0.3989,0.606,1.4907,-1.1922,2.877,0.6533943694209201,3.1099999999999994,-0.2399999999999999,0.0199999999999889,0.248,0.0,0.3819999999999998,-0.0693,-0.9954,2.4072000000000005,0.7257633325703823,3.1000000000000085,-0.1999999999999999,-0.2800000000000011
9.718999998643994,0.1987,-0.4118,0.6079999999999998,1.4939,-1.1924,2.8686,0.6530434119172961,3.1099999999999994,-0.2399999999999999,-0.0800000000000054,0.2602,0.0,0.3906,-0.0728,-0.9877,2.4168,0.7257633325703823,3.1000000000000085,-0.1999999999999999,-0.2800000000000011
9.734999999403954,0.1957,-0.4102,0.6106,1.4975,-1.1978,2.872,0.6530434119172961,3.1099999999999994,-0.2399999999999999,-0.0800000000000054,0.2527,0.0,0.3671999999999998,-0.0675,-0.9897,2.421,0.7257633325703823,3.1000000000000085,-0.1999999999999999,-0.3799999999999954
9.75,0.1882,-0.4142,0.6083999999999998,1.4889,-1.183,2.869,0.6527840085450523,3.1099999999999994,-0.2399999999999999,-0.1800000000000068,0.251,0.0,0.3818,-0.0732,-0.9904,2.4184,0.7257633325703823,3.1000000000000085,-0.1999999999999999,-0.3799999999999954
9.78099999949336,0.1928,-0.4112,0.6092,1.5017,-1.1837,2.8718,0.6526771953917754,3.1099999999999994,-0.2399999999999999,-0.1800000000000068,0.2637,0.0,0.3816,-0.08,-0.9895,2.4134,0.7257633325703823,3.1000000000000085,-0.1999999999999999,-0.4800000000000182
9.79700000025332,0.1916,-0.4107,0.6153999999999996,1.5029,-1.1857,2.8752,0.652494087129015,3.1099999999999994,-0.2399999999999999,-0.2800000000000082,0.2535,0.0,0.3846,-0.0804,-0.9798,2.4116,0.7257633325703823,3.1000000000000085,-0.1999999999999999,-0.4800000000000182
9.812999999150634,0.2051,-0.4092,0.6128,1.4983,-1.193,2.871,0.6523720149538415,3.1099999999999994,-0.2399999999999999,-0.3800000000000096,0.2503,0.0,0.3936,-0.0688,-0.9952,2.4226,0.7257633325703823,3.1000000000000085,-0.1999999999999999,-0.5800000000000125
9.82799999974668,0.1986,-0.4177,0.6128,1.5034,-1.1973,2.863,0.6523720149538415,3.1099999999999994,-0.2399999999999999,-0.4800000000000111,0.2629,0.0,0.3833999999999998,-0.0885,-0.9889,2.4266,0.7257633325703823,3.1000000000000085,-0.1999999999999999,-0.5800000000000125
9.859999999403954,0.1936,-0.4133,0.6118,1.4946,-1.1957,2.8764,0.6523109788662547,3.1099999999999994,-0.2399999999999999,-0.4800000000000111,0.2586,0.0,0.3712,-0.0612,-0.9859,2.419,0.7257633325703823,3.1000000000000085,-0.1999999999999999,-0.6800000000000068
9.875,0.2033,-0.4022,0.6148,1.4951,-1.1862,2.8804,0.6523720149538415,3.1099999999999994,-0.2399999999999999,-0.5800000000000054,0.2553,0.0,0.3866,-0.0704,-0.9882,2.4252,0.7257633325703823,3.1000000000000085,-0.1999999999999999,-0.7800000000000011
9.890999998897314,0.1993,-0.407,0.6222,1.4905,-1.1954,2.8686,0.6523109788662547,3.1099999999999994,-0.1399999999999999,-0.6800000000000068,0.2509,0.0,0.3821999999999998,-0.0778,-0.9944,2.4152,0.7257633325703823,3.1000000000000085,-0.1999999999999999,-0.7800000000000011
9.90599999949336,0.2073,-0.4167,0.6153999999999996,1.4888,-1.1991,2.872,0.6521583886472877,3.1099999999999994,-0.1399999999999999,-0.7800000000000082,0.2525,0.0,0.3842,-0.0742,-0.987,2.4228,0.7257633325703823,3.1000000000000085,-0.1999999999999999,-0.8799999999999955
9.92200000025332,0.2018,-0.4288,0.6316,1.4861,-1.1874,2.8642,0.6520057984283207,3.1099999999999994,-0.1399999999999999,-0.7800000000000082,0.2552,0.0,0.3714,-0.0671,-0.9881,2.4108,0.7257633325703823,3.1000000000000085,-0.2999999999999999,-0.9800000000000182
9.95299999974668,0.193,-0.4156,0.6176,1.4937,-1.1824,2.8832,0.6520057984283207,3.1099999999999994,-0.1399999999999999,-0.8800000000000097,0.2472,0.0,0.3799999999999998,-0.0753,-0.9816,2.4178,0.7257633325703823,3.1000000000000085,-0.2999999999999999,-1.0800000000000125
9.968999998643994,0.1929,-0.4086,0.61,1.4881,-1.1888,2.8782,0.6520057984283207,3.1099999999999994,-0.1399999999999999,-0.9800000000000112,0.2522,0.0,0.3774,-0.0838,-0.9906,2.422400000000001,0.7257633325703823,3.1000000000000085,-0.2999999999999999,-1.1800000000000068
9.984999999403954,0.1877,-0.4086,0.6224,1.4988,-1.1853,2.8776,0.6519600213626306,3.1099999999999994,-0.1399999999999999,-1.0800000000000054,0.2511,0.0,0.3836,-0.0775,-0.9821,2.4166,0.7257633325703823,3.1000000000000085,-0.2999999999999999,-1.2800000000000011
10.0,0.1893,-0.4119,0.623,1.4942,-1.1846,2.8750000000000004,0.6517616540779736,3.1099999999999994,-0.1399999999999999,-1.1800000000000068,0.2576,0.0,0.3726,-0.0596,-0.9952,2.4152,0.7257633325703823,3.1000000000000085,-0.2999999999999999,-1.2800000000000011
10.03099999949336,0.1967,-0.4175,0.6093999999999996,1.4953,-1.1918,2.8762000000000003,0.6517616540779736,3.1099999999999994,-0.1399999999999999,-1.1800000000000068,0.2527,0.0,0.3788,-0.0769,-0.983,2.4192,0.7257633325703823,3.1000000000000085,-0.2999999999999999,-1.3799999999999957
10.04700000025332,0.1902,-0.4166,0.6142,1.4931,-1.1905,2.872,0.6517311360341802,3.1099999999999994,-0.1399999999999999,-1.2800000000000082,0.2501,0.0,0.391,-0.0663,-0.9929,2.4152,0.7257633325703823,3.1000000000000085,-0.2999999999999999,-1.4800000000000182
10.062999999150634,0.1932,-0.4155,0.6224,1.4895,-1.1905,2.8712000000000004,0.6511207751583123,3.1099999999999994,-0.1399999999999999,-1.3800000000000097,0.256,0.0,0.3741999999999998,-0.0818,-0.9824,2.417,0.7257633325703823,3.1000000000000085,-0.2999999999999999,-1.5800000000000125
10.07799999974668,0.198,-0.4205,0.6172,1.4906,-1.1907,2.8742,0.6511055161364157,3.1099999999999994,-0.1399999999999999,-1.480000000000011,0.248,0.0,0.3867999999999998,-0.068,-0.9918,2.4262,0.7257633325703823,3.1000000000000085,-0.2999999999999999,-1.6800000000000068
10.093999998643994,0.2003,-0.4163,0.6172,1.4932,-1.1896,2.872,0.6510597390707256,3.1099999999999994,-0.1399999999999999,-1.5800000000000054,0.2573,0.0,0.3796,-0.0622,-1.0005,2.4086,0.7257633325703823,3.1000000000000085,-0.2999999999999999,-1.7800000000000011
10.125,0.1994,-0.4145,0.6146,1.4913,-1.1899,2.8800000000000003,0.6510749980926223,3.1099999999999994,-0.1399999999999999,-1.6800000000000068,0.2579,0.0,0.3656,-0.0611,-0.9924,2.4164,0.7257633325703823,3.1000000000000085,-0.2999999999999999,-1.879999999999996
10.140999998897314,0.2066,-0.4169,0.6218,1.4949,-1.1842,2.872,0.6510597390707256,3.1099999999999994,-0.1399999999999999,-1.8800000000000097,0.2607,0.0,0.3744,-0.0717,-0.9896,2.4304,0.7257633325703823,3.1000000000000085,-0.2999999999999999,-1.9800000000000184
10.15599999949336,0.2049,-0.4154,0.6205999999999998,1.4823,-1.1978,2.8780000000000014,0.6510139620050355,3.1099999999999994,-0.1399999999999999,-1.980000000000011,0.258,0.0,0.3812,-0.0682,-0.9968,2.417,0.7257633325703823,3.1000000000000085,-0.2999999999999999,-2.180000000000007
10.17200000025332,0.2048,-0.4186,0.6182,1.4937,-1.1946,2.8856,0.6506172274357214,3.1099999999999994,-0.1399999999999999,-2.0800000000000054,0.2549,0.0,0.3752,-0.0692,-0.9869,2.4246,0.7257633325703823,3.1000000000000085,-0.2999999999999999,-2.280000000000001
10.187999999150634,0.1967,-0.4133,0.6138,1.4871,-1.1942,2.8821999999999997,0.650083161669337,3.1099999999999994,-0.1399999999999999,-2.180000000000007,0.2497,0.0,0.3858,-0.0627,-1.0034,2.4118,0.7257633325703823,3.1000000000000085,-0.2999999999999999,-2.3799999999999955
10.218999998643994,0.1914,-0.4129,0.6079999999999998,1.4843,-1.1869,2.8722,0.6500373846036469,3.1099999999999994,-0.1399999999999999,-2.280000000000008,0.2553,0.0,0.3821999999999998,-0.0704,-0.9813,2.4242,0.7257633325703823,3.1000000000000085,-0.2999999999999999,-2.480000000000018
10.234999999403954,0.2067,-0.4204,0.6232,1.4919,-1.1898,2.8706,0.6495490959029526,3.1099999999999994,-0.1399999999999999,-2.480000000000011,0.2685,0.0,0.3736,-0.0643,-0.9982,2.424,0.7257633325703823,3.1000000000000085,-0.2999999999999999,-2.5800000000000125
10.25,0.2037,-0.4138,0.6159999999999998,1.491,-1.1936,2.8718,0.6491981383993286,3.1099999999999994,-0.0399999999999999,-2.5800000000000054,0.2524,0.0,0.3744,-0.0755,-1.0022,2.4262,0.7257633325703823,3.1000000000000085,-0.2999999999999999,-2.680000000000007
10.265999998897314,0.2018,-0.41,0.6103999999999998,1.4771,-1.1913,2.8648,0.6491981383993286,3.1099999999999994,-0.0399999999999999,-2.680000000000007,0.2515,0.0,0.3754,-0.0783,-0.9846,2.4212,0.7257633325703823,3.1000000000000085,-0.2999999999999999,-2.8799999999999955
10.29700000025332,0.2011,-0.4242,0.619,1.4837,-1.1924,2.8626,0.6491523613336385,3.1099999999999994,-0.0399999999999999,-2.780000000000008,0.2715,0.0,0.3786,-0.0659,-0.9946,2.422,0.7257633325703823,3.1000000000000085,-0.2999999999999999,-2.980000000000018
10.312999999150634,0.2043,-0.4216,0.6192,1.4917,-1.1883,2.8724,0.6489539940489815,3.1099999999999994,-0.0399999999999999,-2.980000000000011,0.2488,0.0,0.3812,-0.0704,-0.9929,2.418,0.7257633325703823,3.1000000000000085,-0.2999999999999999,-3.0800000000000125
10.32799999974668,0.1938,-0.4197,0.6074,1.49,-1.1838,2.878400000000001,0.648572518501564,3.1099999999999994,-0.0399999999999999,-3.0800000000000054,0.2725,0.0,0.3726,-0.0711,-0.9802,2.4256,0.7257633325703823,3.1000000000000085,-0.2999999999999999,-3.280000000000001
10.343999998643994,0.2016,-0.416,0.6166,1.4908,-1.1913,2.871,0.6484962233920806,3.1099999999999994,-0.0399999999999999,-3.280000000000008,0.2564,0.0,0.3776,-0.0715,-1.0009,2.4216000000000006,0.7257633325703823,3.1000000000000085,-0.2999999999999999,-3.3799999999999955
10.359999999403954,0.2017,-0.4241,0.6142,1.4827,-1.2009,2.8856,0.6460852979324024,3.1099999999999994,-0.0399999999999999,-3.3800000000000097,0.2477,0.0,0.3802,-0.0809,-0.9976,2.4236,0.7257633325703823,3.1000000000000085,-0.2999999999999999,-3.5800000000000125
10.390999998897314,0.2003,-0.415,0.6083999999999998,1.4857,-1.1803,2.8758,0.6442694743266956,3.1099999999999994,-0.1399999999999999,-3.480000000000011,0.2476,0.0,0.3762,-0.0796,-0.9921,2.4194000000000004,0.7257633325703823,3.1000000000000085,-0.2999999999999999,-3.680000000000007
10.40599999949336,0.2064,-0.4227,0.6106,1.4938,-1.1801,2.8758,0.6442236972610055,3.1099999999999994,-0.1399999999999999,-3.680000000000007,0.2539,0.0,0.3688,-0.0731,-1.0,2.4226,0.7257633325703823,3.1000000000000085,-0.2999999999999999,-3.879999999999996
10.42200000025332,0.2026,-0.4246,0.6103999999999998,1.487,-1.1923,2.8814000000000006,0.6442236972610055,3.1099999999999994,-0.1399999999999999,-3.780000000000008,0.2627,0.0,0.3717999999999998,-0.0667,-0.9977,2.4234,0.7257633325703823,3.1000000000000085,-0.2999999999999999,-3.980000000000018
10.437999999150634,0.1975,-0.4153,0.6198,1.4837,-1.199,2.8704,0.6442236972610055,3.1099999999999994,-0.1399999999999999,-3.980000000000011,0.2661,0.0,0.3722,-0.0769,-0.9845,2.4164,0.7257633325703823,3.1000000000000085,-0.2999999999999999,-4.180000000000007
10.468999998643994,0.1959,-0.4292,0.6153999999999996,1.4854,-1.1822,2.8714,0.6442694743266956,3.1099999999999994,-0.1399999999999999,-4.080000000000005,0.2701,0.0,0.3777999999999998,-0.0716,-0.9918,2.417,0.7257633325703823,3.1000000000000085,-0.2999999999999999,-4.280000000000001
10.484999999403954,0.2016,-0.4251,0.6192,1.4863,-1.1926,2.8828,0.6442694743266956,3.1099999999999994,-0.1399999999999999,-4.180000000000007,0.2518,0.0,0.3637999999999998,-0.0733,-0.9891,2.4116,0.7257633325703823,3.1000000000000085,-0.2999999999999999,-4.480000000000018
10.5,0.2036,-0.4343,0.6323999999999999,1.4837,-1.19,2.8832,0.6446967269398031,3.1099999999999994,-0.1399999999999999,-4.38000000000001,0.2699,0.0,0.3844,-0.0571,-0.9992,2.4238,0.7257633325703823,3.1000000000000085,-0.2999999999999999,-4.5800000000000125
10.515999998897314,0.206,-0.4245,0.6216,1.4937,-1.1819,2.8744,0.6446967269398031,3.1099999999999994,-0.1399999999999999,-4.480000000000011,0.253,0.0,0.3786,-0.0674,-0.991,2.422,0.7257633325703823,3.1000000000000085,-0.2999999999999999,-4.780000000000001
10.53099999949336,0.1927,-0.4233,0.623,1.4823,-1.1905,2.8762000000000003,0.6447425040054932,3.1099999999999994,-0.1399999999999999,-4.680000000000007,0.2584,0.0,0.3756,-0.0746,-0.9907,2.4236,0.7257633325703823,3.1000000000000085,-0.2999999999999999,-4.879999999999996
10.54700000025332,0.2111,-0.4227,0.6153999999999996,1.4919,-1.1879,2.882,0.6447425040054932,3.1099999999999994,-0.1399999999999999,-4.88000000000001,0.2575,0.0,0.367,-0.0692,-0.9766,2.422400000000001,0.7257633325703823,3.1000000000000085,-0.2999999999999999,-5.0800000000000125
10.57799999974668,0.2033,-0.4165,0.6168,1.4985,-1.196,2.8818,0.6447425040054932,3.1099999999999994,-0.1399999999999999,-4.980000000000011,0.2647,0.0,0.3699999999999998,-0.0626,-0.9974,2.424,0.7257633325703823,3.1000000000000085,-0.2999999999999999,-5.180000000000007
10.593999998643994,0.1962,-0.4234,0.6133999999999998,1.488,-1.1824,2.8722,0.6447425040054932,3.1099999999999994,-0.1399999999999999,-5.180000000000007,0.2712,0.0,0.3644,-0.0679,-0.9891,2.4268,0.7257633325703823,3.1000000000000085,-0.2999999999999999,-5.379999999999996
10.609999999403954,0.2064,-0.4246,0.6265999999999998,1.4738,-1.1964,2.873,0.6447577630273899,3.1099999999999994,-0.1399999999999999,-5.280000000000008,0.2578,0.0,0.3741999999999998,-0.0712,-0.9793,2.4232,0.7257633325703823,3.1000000000000085,-0.2999999999999999,-5.5800000000000125
10.640999998897314,0.2053,-0.4347,0.6166,1.4847,-1.194,2.8836,0.6450476844434271,3.1099999999999994,-0.1399999999999999,-5.480000000000011,0.2663,0.0,0.361,-0.0798,-0.9898,2.42,0.7257633325703823,3.1000000000000085,-0.2999999999999999,-5.680000000000007
10.65599999949336,0.1958,-0.4294,0.619,1.4744,-1.1932,2.8821999999999997,0.6452155336842907,3.1099999999999994,-0.1399999999999999,-5.580000000000005,0.2601,0.0,0.3746,-0.072,-0.9945,2.4238,0.7257633325703823,3.1000000000000085,-0.2999999999999999,-5.879999999999996
10.67200000025332,0.1948,-0.4333,0.6264,1.479,-1.1955,2.8844,0.6452307927061874,3.1099999999999994,-0.2399999999999999,-5.780000000000008,0.2574,0.0,0.373,-0.0654,-0.9954,2.418,0.7257633325703823,3.1000000000000085,-0.1999999999999999,-5.980000000000018
10.687999999150634,0.1972,-0.4256,0.6218,1.487,-1.1911,2.8898,0.6453376058594643,3.1099999999999994,-0.2399999999999999,-5.88000000000001,0.257,0.0,0.373,-0.0791,-0.9874,2.4258,0.7257633325703823,3.1000000000000085,-0.1999999999999999,-6.180000000000007
10.70299999974668,0.2062,-0.428,0.622,1.4799,-1.194,2.8856,0.6456427862973982,3.1099999999999994,-0.2399999999999999,-6.080000000000005,0.27,0.0,0.3706,-0.0719,-0.9874,2.412,0.7257633325703823,3.1000000000000085,-0.1999999999999999,-6.280000000000001
10.718999998643994,0.1918,-0.4312,0.6243999999999998,1.4733,-1.1945,2.8858,0.6456427862973982,3.1099999999999994,-0.2399999999999999,-6.180000000000007,0.2566,0.0,0.3712,-0.0778,-0.9841,2.4268,0.7257633325703823,3.1000000000000085,-0.1999999999999999,-6.480000000000018
10.75,0.212,-0.4227,0.6243999999999998,1.4826,-1.1793,2.8842,0.6456427862973982,3.1099999999999994,-0.2399999999999999,-6.38000000000001,0.2615,0.0,0.3619999999999998,-0.069,-1.008,2.4216000000000006,0.7257633325703823,3.1000000000000085,-0.1999999999999999,-6.680000000000007
10.765999998897314,0.2031,-0.4365,0.6276,1.4915,-1.1886,2.8758,0.6453986419470511,3.1099999999999994,-0.2399999999999999,-6.480000000000011,0.265,0.0,0.3657999999999998,-0.0679,-0.9975,2.4268,0.7257633325703823,3.1000000000000085,-0.1999999999999999,-6.780000000000001
10.78099999949336,0.1932,-0.4337,0.6233999999999998,1.4792,-1.1976,2.8716000000000004,0.6447730220492865,3.010000000000005,-0.2399999999999999,-6.680000000000007,0.2506,0.0,0.373,-0.0724,-0.9892,2.4202,0.7257633325703823,3.1000000000000085,-0.1999999999999999,-6.980000000000018
10.812999999150634,0.1957,-0.4239,0.6208,1.4806,-1.1872,2.8750000000000004,0.644650949874113,3.010000000000005,-0.2399999999999999,-6.780000000000008,0.2627,0.0,0.364,-0.0702,-0.9881,2.410200000000001,0.7257633325703823,3.1000000000000085,-0.1999999999999999,-7.0800000000000125
10.82799999974668,0.1974,-0.4342,0.6265999999999998,1.4813,-1.1791,2.882,0.644147402151522,3.010000000000005,-0.2399999999999999,-6.980000000000011,0.2584,0.0,0.3594,-0.0762,-0.9989,2.417,0.7257633325703823,3.1000000000000085,-0.1999999999999999,-7.280000000000001
10.843999998643994,0.1929,-0.4353,0.6308,1.4774,-1.1902,2.8766,0.6441321431296253,3.010000000000005,-0.2399999999999999,-7.080000000000005,0.2595,0.0,0.3665999999999998,-0.0687,-0.9907,2.4288,0.7257633325703823,3.1000000000000085,-0.1999999999999999,-7.3799999999999955
10.859999999403954,0.1877,-0.4346,0.6218,1.4826,-1.1866,2.8736,0.6441321431296253,3.010000000000005,-0.2399999999999999,-7.280000000000008,0.2533,0.0,0.3625999999999998,-0.0694,-0.991,2.4274,0.7257633325703823,3.1000000000000085,-0.1999999999999999,-7.5800000000000125
10.875,0.2073,-0.4246,0.619,1.4708,-1.1904,2.8832,0.6441321431296253,3.010000000000005,-0.2399999999999999,-7.38000000000001,0.2614,0.0,0.3662,-0.0733,-0.9841,2.4194000000000004,0.7257633325703823,3.000000000000014,-0.1999999999999999,-7.680000000000007
10.890999998897314,0.1916,-0.43,0.6304,1.475,-1.1879,2.8796,0.6441321431296253,3.010000000000005,-0.2399999999999999,-7.580000000000005,0.2634,0.0,0.3764,-0.0781,-0.9832,2.4296,0.7257633325703823,3.000000000000014,-0.1999999999999999,-7.8799999999999955
10.92200000025332,0.2016,-0.4289,0.6356,1.485,-1.1819,2.8892,0.644147402151522,3.010000000000005,-0.2399999999999999,-7.680000000000007,0.2732,0.0,0.3777999999999998,-0.066,-0.9911,2.4194000000000004,0.7257633325703823,3.000000000000014,-0.1999999999999999,-7.980000000000018
10.937999999150634,0.205,-0.4417,0.6232,1.4685,-1.1766,2.8818,0.6442236972610055,3.010000000000005,-0.2399999999999999,-7.88000000000001,0.2659,0.0,0.3659999999999998,-0.075,-1.0037,2.4204,0.7257633325703823,3.000000000000014,-0.1999999999999999,-8.180000000000007
10.95299999974668,0.2005,-0.4248,0.6268,1.4771,-1.1919,2.8794,0.6443305104142824,3.010000000000005,-0.2399999999999999,-7.980000000000007,0.2746,0.0,0.3699999999999998,-0.0813,-0.9899,2.427,0.7257633325703823,3.000000000000014,-0.1999999999999999,-8.280000000000001
10.984999999403954,0.1944,-0.4283,0.625,1.4813,-1.1907,2.8848,0.6443305104142824,3.1099999999999994,-0.2399999999999999,-8.180000000000007,0.2698,0.0,0.363,-0.0618,-0.992,2.425,0.7257633325703823,3.000000000000014,-0.1999999999999999,-8.480000000000018
11.0,0.2072,-0.43,0.6281999999999998,1.4868,-1.1887,2.8836,0.6443610284580757,3.1099999999999994,-0.2399999999999999,-8.280000000000008,0.2695,0.0,0.3625999999999998,-0.0693,-0.9939,2.411,0.7257633325703823,3.000000000000014,-0.1999999999999999,-8.580000000000013
11.015999998897314,0.192,-0.434,0.626,1.4767,-1.1918,2.877,0.644498359655146,3.1099999999999994,-0.2399999999999999,-8.480000000000008,0.2675,0.0,0.3634,-0.0721,-0.9964,2.4216000000000006,0.7257633325703823,3.000000000000014,-0.1999999999999999,-8.780000000000001
11.03099999949336,0.2051,-0.424,0.6265999999999998,1.4828,-1.1945,2.8796,0.6445288776989394,3.1099999999999994,-0.2399999999999999,-8.580000000000009,0.2545,0.0,0.3554,-0.0697,-0.9926,2.4244,0.7257633325703823,3.000000000000014,-0.1999999999999999,-8.879999999999995
11.04700000025332,0.2052,-0.4366,0.6233999999999998,1.4783,-1.188,2.8918,0.6445746547646295,3.1099999999999994,-0.2399999999999999,-8.780000000000008,0.2579,0.0,0.3576,-0.07,-0.9989,2.426,0.7257633325703823,3.000000000000014,-0.1999999999999999,-9.080000000000013
11.062999999150634,0.2016,-0.4391,0.6368,1.4753,-1.1903,2.8814000000000006,0.6446356908522163,3.1099999999999994,-0.2399999999999999,-8.88000000000001,0.2639,0.0,0.3602,-0.0582,-0.9964,2.422400000000001,0.7257633325703823,3.000000000000014,-0.1999999999999999,-9.28
11.093999998643994,0.2123,-0.4242,0.6292,1.4831,-1.1883,2.893,0.6447577630273899,3.1099999999999994,-0.3399999999999999,-9.080000000000007,0.248,0.0,0.3624,-0.0691,-0.9911,2.4226,0.7257633325703823,3.000000000000014,-0.1999999999999999,-9.379999999999995
11.109999999403954,0.2021,-0.4393,0.6252,1.4858,-1.1921,2.8854,0.6447730220492865,3.1099999999999994,-0.3399999999999999,-9.180000000000009,0.2615,0.0,0.3602,-0.0648,-0.9972,2.4276,0.7257633325703823,3.000000000000014,-0.1999999999999999,-9.580000000000013
11.125,0.2043,-0.4287,0.6225999999999998,1.4739,-1.1903,2.8674,0.6447730220492865,3.1099999999999994,-0.3399999999999999,-9.38000000000001,0.2616,0.0,0.3716,-0.0699,-0.9827,2.4188,0.7257633325703823,3.000000000000014,-0.1999999999999999,-9.680000000000009
11.140999998897314,0.1941,-0.44,0.6281999999999998,1.4836,-1.1814,2.8752,0.64484931715877,3.1099999999999994,-0.3399999999999999,-9.480000000000008,0.2659,0.0,0.3574,-0.0688,-0.9779,2.4204,0.7257633325703823,3.000000000000014,-0.1999999999999999,-9.879999999999995
11.17200000025332,0.2049,-0.4307,0.622,1.4784,-1.1835,2.8829999999999996,0.64484931715877,3.1099999999999994,-0.3399999999999999,-9.680000000000009,0.2792,0.0,0.3708,-0.0825,-0.9982,2.4252,0.7257633325703823,3.000000000000014,-0.1999999999999999,-9.980000000000018
11.187999999150634,0.1963,-0.4235,0.6265999999999998,1.4756,-1.1776,2.8821999999999997,0.6449408712901502,3.1099999999999994,-0.3399999999999999,-9.780000000000008,0.2723,0.0,0.3677999999999998,-0.0738,-0.9942,2.4142,0.7257633325703823,3.000000000000014,-0.0999999999999999,-10.180000000000009
11.20299999974668,0.2008,-0.4407,0.6328,1.4704,-1.1908,2.8824,0.6449408712901502,3.1099999999999994,-0.3399999999999999,-9.980000000000008,0.2666,0.0,0.3488,-0.0688,-1.0012,2.419,0.7257633325703823,3.000000000000014,-0.0999999999999999,-10.379999999999995
11.218999998643994,0.2104,-0.4281,0.6312,1.4911,-1.1786,2.876,0.6449408712901502,3.1099999999999994,-0.3399999999999999,-10.080000000000007,0.2755,0.0,0.3499999999999998,-0.0761,-0.9964,2.4306,0.7257633325703823,3.000000000000014,-0.0999999999999999,-10.480000000000018
11.234999999403954,0.1883,-0.4354,0.6239999999999998,1.4719,-1.1862,2.8838000000000004,0.6449408712901502,3.1099999999999994,-0.3399999999999999,-10.280000000000008,0.2584,0.0,0.3532,-0.0724,-0.9848,2.4228,0.7257633325703823,3.000000000000014,-0.0999999999999999,-10.680000000000009
11.265999998897314,0.2097,-0.4331,0.6305999999999998,1.4872,-1.1811,2.8842,0.645001907377737,3.1099999999999994,-0.3399999999999999,-10.38000000000001,0.2653,0.0,0.3642,-0.0714,-0.9922,2.4244,0.7257633325703823,3.000000000000014,-0.0999999999999999,-10.78
11.28099999949336,0.2023,-0.4274,0.6216,1.4817,-1.1678,2.888,0.645001907377737,3.1099999999999994,-0.3399999999999999,-10.580000000000007,0.266,0.0,0.3724,-0.0734,-0.9897,2.4334,0.7257633325703823,3.000000000000014,-0.1999999999999999,-10.980000000000018
11.29700000025332,0.22,-0.4371,0.6405999999999998,1.4717,-1.1823,2.8867999999999996,0.645001907377737,3.1099999999999994,-0.3399999999999999,-10.680000000000009,0.2531,0.0,0.3664,-0.0714,-0.9873,2.4256,0.7257633325703823,3.000000000000014,-0.1999999999999999,-11.080000000000013
11.312999999150634,0.2065,-0.4389,0.6265999999999998,1.4698,-1.1953,2.8782,0.6450782024872205,3.1099999999999994,-0.3399999999999999,-10.88000000000001,0.2592,0.0,0.3557999999999998,-0.0729,-0.9974,2.4148,0.7257633325703823,3.000000000000014,-0.0999999999999999,-11.28
11.343999998643994,0.2079,-0.436,0.627,1.4723,-1.1872,2.8842,0.6450934615091172,3.1099999999999994,-0.3399999999999999,-10.980000000000008,0.2669,0.0,0.3656,-0.069,-0.9918,2.4262,0.7257633325703823,3.000000000000014,-0.0999999999999999,-11.379999999999995
11.359999999403954,0.2003,-0.4427,0.6358,1.4829,-1.185,2.8792000000000004,0.645154497596704,3.010000000000005,-0.3399999999999999,-11.180000000000009,0.2706,0.0,0.3699999999999998,-0.0736,-0.9968,2.4314,0.7257633325703823,3.000000000000014,-0.0999999999999999,-11.580000000000013
11.375,0.211,-0.4388,0.6292,1.4718,-1.1896,2.8814000000000006,0.645154497596704,3.010000000000005,-0.3399999999999999,-11.280000000000008,0.2628,0.0,0.3582,-0.0763,-0.9866,2.4226,0.7257633325703823,3.1000000000000085,-0.0999999999999999,-11.680000000000009
11.390999998897314,0.2124,-0.4313,0.6216,1.4858,-1.1776,2.8892,0.645154497596704,3.010000000000005,-0.3399999999999999,-11.480000000000008,0.2699,0.0,0.3552,-0.0656,-0.9968,2.423,0.7257633325703823,3.1000000000000085,-0.0999999999999999,-11.879999999999995
11.40599999949336,0.2048,-0.4482,0.637,1.4738,-1.183,2.893,0.645154497596704,3.010000000000005,-0.3399999999999999,-11.580000000000007,0.2704,0.0,0.3637999999999998,-0.0615,-0.9932,2.4228,0.7257633325703823,3.000000000000014,-0.0999999999999999,-12.080000000000013
11.437999999150634,0.2028,-0.4338,0.6334,1.4795,-1.1767,2.8858,0.645154497596704,3.010000000000005,-0.3399999999999999,-11.780000000000008,0.263,0.0,0.3557999999999998,-0.0631,-0.9944,2.4186,0.7257633325703823,3.000000000000014,-0.0999999999999999,-12.180000000000009
11.45299999974668,0.2036,-0.434,0.6278,1.4826,-1.1695,2.8782,0.645154497596704,3.010000000000005,-0.3399999999999999,-11.88000000000001,0.2557,0.0,0.3568,-0.0607,-0.996,2.4252,0.7257633325703823,3.000000000000014,-0.0999999999999999,-12.379999999999995
11.468999998643994,0.2077,-0.437,0.6265999999999998,1.4771,-1.182,2.8814000000000006,0.6451697566186007,3.1099999999999994,-0.3399999999999999,-12.080000000000007,0.2675,0.0,0.3474,-0.0616,-0.9814,2.428,0.7257633325703823,3.000000000000014,-0.0999999999999999,-12.480000000000018
11.484999999403954,0.201,-0.443,0.6348,1.4769,-1.1906,2.8804,0.6452460517280841,3.1099999999999994,-0.3399999999999999,-12.180000000000009,0.2637,0.0,0.3542,-0.0778,-0.9797,2.4208,0.7257633325703823,3.000000000000014,-0.0999999999999999,-12.680000000000009
11.515999998897314,0.2031,-0.441,0.6318,1.4748,-1.183,2.884,0.6452918287937742,3.1099999999999994,-0.3399999999999999,-12.38000000000001,0.2651,0.0,0.3475999999999998,-0.0614,-0.9878,2.4228,0.7257633325703823,3.000000000000014,-0.0999999999999999,-12.78
11.53099999949336,0.204,-0.4437,0.6354,1.4756,-1.162,2.8846,0.6453070878156709,3.1099999999999994,-0.3399999999999999,-12.580000000000007,0.2677,0.0,0.363,-0.0648,-0.9977,2.4328,0.7257633325703823,3.1000000000000085,-0.0999999999999999,-12.980000000000018
11.54700000025332,0.2088,-0.4416,0.6361999999999998,1.4774,-1.1819,2.890600000000001,0.6453070878156709,3.1099999999999994,-0.3399999999999999,-12.680000000000009,0.2593,0.0,0.3616,-0.0649,-0.9879,2.421,0.7257633325703823,3.1000000000000085,-0.0999999999999999,-13.080000000000013
11.562999999150634,0.2058,-0.4465,0.6388,1.4906,-1.1689,2.8874,0.6453070878156709,3.1099999999999994,-0.3399999999999999,-12.88000000000001,0.2765,0.0,0.3588,-0.0696,-1.0028,2.4228,0.7257633325703823,3.1000000000000085,-0.0999999999999999,-13.28
11.57799999974668,0.2036,-0.4444,0.6363999999999999,1.4681,-1.18,2.8858,0.6452918287937742,3.010000000000005,-0.3399999999999999,-12.980000000000008,0.2639,0.0,0.3499999999999998,-0.0704,-0.9921,2.422,0.7257633325703823,3.1000000000000085,-0.0999999999999999,-13.480000000000018
11.609999999403954,0.2088,-0.4452,0.6332,1.4785,-1.1741,2.8886,0.6453223468375676,3.1099999999999994,-0.3399999999999999,-13.180000000000009,0.257,0.0,0.3539999999999998,-0.0671,-0.9993,2.4146,0.7257633325703823,3.1000000000000085,-0.0999999999999999,-13.580000000000013
11.625,0.2086,-0.4455,0.6273999999999998,1.4865,-1.1733,2.8896,0.6452613107499808,3.1099999999999994,-0.3399999999999999,-13.38000000000001,0.2676,0.0,0.3616,-0.0641,-1.0035,2.431,0.7257633325703823,3.1000000000000085,-0.0999999999999999,-13.78
11.640999998897314,0.2138,-0.4528,0.6345999999999998,1.4777,-1.1852,2.9038,0.6451087205310139,3.1099999999999994,-0.4399999999999999,-13.480000000000008,0.2597,0.0,0.3552,-0.0738,-1.0092,2.4228,0.7257633325703823,3.1000000000000085,-0.0999999999999999,-13.879999999999995
11.65599999949336,0.1981,-0.441,0.6273999999999998,1.4687,-1.1798,2.8914000000000004,0.6416754406042572,3.1099999999999994,-0.4399999999999999,-13.680000000000009,0.2657,0.0,0.361,-0.0761,-0.9929,2.421,0.7257633325703823,3.1000000000000085,-0.0999999999999999,-14.080000000000013
11.67200000025332,0.2064,-0.4339,0.6245999999999996,1.4664,-1.1874,2.891,0.6416754406042572,3.1099999999999994,-0.4399999999999999,-13.780000000000008,0.261,0.0,0.3564,-0.0639,-0.998,2.428,0.7257633325703823,3.1000000000000085,-0.0999999999999999,-14.180000000000009
11.687999999150634,0.1993,-0.4487,0.6312,1.4729,-1.1767,2.8838000000000004,0.6416754406042572,3.1099999999999994,-0.4399999999999999,-13.980000000000008,0.2737,0.0,0.3459999999999998,-0.0758,-1.0037,2.4272,0.7257633325703823,3.1000000000000085,-0.0999999999999999,-14.379999999999995
11.718999998643994,0.2182,-0.4467,0.6388,1.4689,-1.1826,2.8829999999999996,0.6416754406042572,3.1099999999999994,-0.4399999999999999,-14.080000000000007,0.2524,0.0,0.355,-0.057,-0.999,2.432,0.7257633325703823,3.1000000000000085,-0.0999999999999999,-14.480000000000018
11.734999999403954,0.2028,-0.4447,0.636,1.4815,-1.1759,2.8952000000000004,0.6416754406042572,3.1099999999999994,-0.4399999999999999,-14.280000000000008,0.2575,0.0,0.3478,-0.0688,-1.0033,2.434,0.7257633325703823,3.1000000000000085,-0.0999999999999999,-14.680000000000009
11.75,0.2032,-0.4425,0.6252,1.4756,-1.1751,2.8800000000000003,0.6417059586480506,3.1099999999999994,-0.4399999999999999,-14.38000000000001,0.2617,0.0,0.3624,-0.0626,-1.0073,2.4234,0.7257633325703823,3.1000000000000085,-0.0999999999999999,-14.78
11.78099999949336,0.1995,-0.45,0.6305999999999998,1.4758,-1.1776,2.891,0.641736476691844,3.1099999999999994,-0.4399999999999999,-14.580000000000007,0.2611,0.0,0.3548,-0.0703,-0.9903,2.4204,0.7257633325703823,3.1000000000000085,-0.0999999999999999,-14.980000000000018
11.79700000025332,0.2046,-0.4485,0.631,1.4712,-1.1764,2.8936000000000006,0.641736476691844,3.1099999999999994,-0.4399999999999999,-14.680000000000009,0.2536,0.0,0.3565999999999998,-0.0758,-0.9899,2.4318,0.7257633325703823,3.1000000000000085,-0.0999999999999999,-15.080000000000013
11.812999999150634,0.1987,-0.4487,0.6372,1.4735,-1.1737,2.8846,0.6418585488670175,3.1099999999999994,-0.4399999999999999,-14.88000000000001,0.2605,0.0,0.3591999999999998,-0.0734,-0.9945,2.4232,0.7257633325703823,3.1000000000000085,-0.0999999999999999,-15.28
11.82799999974668,0.2031,-0.4385,0.6336,1.466,-1.1784,2.8828,0.6418738078889142,3.1099999999999994,-0.4399999999999999,-14.980000000000008,0.254,0.0,0.3459999999999998,-0.0742,-0.9864,2.4312,0.7257633325703823,3.1000000000000085,-0.0999999999999999,-15.480000000000018
11.843999998643994,0.1997,-0.4425,0.636,1.4646,-1.1719,2.8886,0.6418738078889142,3.1099999999999994,-0.4399999999999999,-15.180000000000009,0.2686,0.0,0.3546,-0.0671,-0.9996,2.429,0.7257633325703823,3.1000000000000085,-0.0999999999999999,-15.580000000000013
11.859999999403954,0.2072,-0.4437,0.634,1.4756,-1.1808,2.8866,0.6418738078889142,3.1099999999999994,-0.4399999999999999,-15.280000000000008,0.2537,0.0,0.3472,-0.0752,-0.9943,2.4248,0.7257633325703823,3.1000000000000085,-0.0999999999999999,-15.78
11.890999998897314,0.2012,-0.4407,0.6278,1.4592,-1.1899,2.8936000000000006,0.6420569161516746,3.1099999999999994,-0.4399999999999999,-15.480000000000008,0.27,0.0,0.349,-0.0672,-0.9913,2.4304,0.7257633325703823,3.1000000000000085,-0.0999999999999999,-15.879999999999995
11.90599999949336,0.2109,-0.449,0.6313999999999999,1.4616,-1.1856,2.876,0.6421484702830548,3.1099999999999994,-0.4399999999999999,-15.580000000000007,0.2623,0.0,0.3554,-0.0717,-0.9933,2.4312,0.7257633325703823,3.1000000000000085,-0.0999999999999999,-16.080000000000013
11.92200000025332,0.1982,-0.446,0.6316,1.4701,-1.1813,2.8842,0.642240024414435,3.1099999999999994,-0.4399999999999999,-15.780000000000008,0.2627,0.0,0.3526,-0.0676,-0.9984,2.4272,0.7257633325703823,3.1000000000000085,-0.0999999999999999,-16.180000000000007
11.95299999974668,0.2098,-0.4415,0.6345999999999998,1.4693,-1.1613,2.8838000000000004,0.6424231326771953,3.1099999999999994,-0.4399999999999999,-15.88000000000001,0.2596,0.0,0.3486,-0.0737,-1.0,2.428,0.7257633325703823,3.1000000000000085,-0.0999999999999999,-16.379999999999995
11.968999998643994,0.2069,-0.4513,0.6336,1.477,-1.1757,2.8986,0.6424231326771953,3.1099999999999994,-0.4399999999999999,-16.08000000000001,0.2645,0.0,0.3466,-0.0655,-0.9921,2.4328,0.7257633325703823,3.1000000000000085,-0.0999999999999999,-16.580000000000013
11.984999999403954,0.2006,-0.4497,0.6375999999999998,1.4644,-1.1754,2.8912,0.642438391699092,3.1099999999999994,-0.4399999999999999,-16.180000000000007,0.2838,0.0,0.3656,-0.0725,-0.998,2.4248,0.7257633325703823,3.1000000000000085,5.551115123125783e-17,-16.680000000000007
12.0,0.2028,-0.4526,0.6278,1.4763,-1.1835,2.894,0.6425299458304722,3.1099999999999994,-0.4399999999999999,-16.38000000000001,0.278,0.0,0.351,-0.0697,-0.9958,2.4296,0.7257633325703823,3.1000000000000085,5.551115123125783e-17,-16.879999999999995
12.015999998897314,0.2186,-0.4561,0.6368,1.4809,-1.1712,2.8974,0.6425604638742656,3.1099999999999994,-0.4399999999999999,-16.480000000000008,0.2605,0.0,0.3488,-0.0676,-1.0014,2.4314,0.7257633325703823,3.1000000000000085,5.551115123125783e-17,-16.980000000000018
12.03099999949336,0.2176,-0.4482,0.6325999999999998,1.4698,-1.1878,2.886000000000001,0.642590981918059,3.1099999999999994,-0.5399999999999999,-16.680000000000007,0.2649,0.0,0.3532,-0.073,-0.9852,2.4322,0.7257633325703823,3.000000000000014,5.551115123125783e-17,-17.180000000000007
12.062999999150634,0.2111,-0.4508,0.6302,1.4787,-1.1653,2.8974,0.6426977950713358,3.1099999999999994,-0.5399999999999999,-16.78000000000001,0.2574,0.0,0.349,-0.0768,-0.9869,2.426,0.7257633325703823,3.000000000000014,5.551115123125783e-17,-17.28
12.07799999974668,0.21,-0.4487,0.6354,1.4614,-1.1762,2.8912,0.6427435721370259,3.1099999999999994,-0.5399999999999999,-16.980000000000008,0.2853,0.0,0.3514,-0.0632,-0.9957,2.423,0.7257633325703823,3.000000000000014,5.551115123125783e-17,-17.480000000000018
12.093999998643994,0.2046,-0.4425,0.6321999999999998,1.4689,-1.1768,2.8888,0.6428046082246127,3.1099999999999994,-0.5399999999999999,-17.08000000000001,0.2624,0.0,0.3466,-0.0721,-0.9996,2.422,0.7257633325703823,3.000000000000014,5.551115123125783e-17,-17.580000000000013
12.125,0.2077,-0.4431,0.638,1.4552,-1.1879,2.8878,0.6428198672465094,3.210000000000008,-0.5399999999999999,-17.28000000000001,0.2672,0.0,0.3524,-0.0624,-1.0091,2.4244,0.7257633325703823,3.000000000000014,5.551115123125783e-17,-17.680000000000007
12.140999998897314,0.2097,-0.4588,0.6338,1.477,-1.1759,2.8852,0.6428198672465094,3.1099999999999994,-0.5399999999999999,-17.38000000000001,0.2631,0.0,0.3546,-0.0591,-0.9953,2.4266,0.7257633325703823,3.000000000000014,5.551115123125783e-17,-17.879999999999995
12.15599999949336,0.2049,-0.4589,0.6388,1.4675,-1.1773,2.8922000000000003,0.6428809033340962,3.1099999999999994,-0.5399999999999999,-17.480000000000008,0.2656,0.0,0.3429999999999998,-0.0694,-0.9896,2.4322,0.7257633325703823,3.000000000000014,0.1,-17.980000000000018
12.17200000025332,0.2109,-0.4504,0.6363999999999999,1.4649,-1.1731,2.8836,0.6429114213778896,3.1099999999999994,-0.5399999999999999,-17.58000000000001,0.2588,0.0,0.3654,-0.0747,-0.9895,2.4294,0.7257633325703823,3.000000000000014,0.1,-18.080000000000013
12.187999999150634,0.21,-0.4508,0.6403999999999997,1.4676,-1.1819,2.8821999999999997,0.6429266803997863,3.1099999999999994,-0.5399999999999999,-17.78000000000001,0.263,0.0,0.3564,-0.0763,-0.9873,2.4308,0.7257633325703823,3.000000000000014,0.1,-18.28
12.20299999974668,0.2125,-0.4426,0.644,1.4619,-1.1841,2.889,0.6429877164873731,3.1099999999999994,-0.5399999999999999,-17.88000000000001,0.2627,0.0,0.3478,-0.0705,-0.9917,2.429,0.7257633325703823,3.000000000000014,0.1,-18.379999999999995
12.234999999403954,0.2081,-0.4482,0.6388,1.4683,-1.1656,2.8898,0.6430029755092698,3.210000000000008,-0.5399999999999999,-17.980000000000008,0.2652,0.0,0.3478,-0.0662,-1.0105,2.427,0.7257633325703823,3.000000000000014,0.1,-18.48000000000001
12.25,0.2137,-0.4491,0.639,1.4711,-1.1693,2.8956000000000004,0.6431555657282367,3.210000000000008,-0.6399999999999999,-18.08000000000001,0.2559,0.0,0.3482,-0.0694,-0.9914,2.4272,0.7257633325703823,3.000000000000014,0.1,-18.580000000000013
12.265999998897314,0.2126,-0.4518,0.6323999999999999,1.4578,-1.1732,2.8838000000000004,0.6431555657282367,3.210000000000008,-0.6399999999999999,-18.180000000000007,0.2643,0.0,0.352,-0.0724,-0.9999,2.426,0.7257633325703823,3.000000000000014,0.1,-18.78
12.28099999949336,0.205,-0.451,0.6394,1.4761,-1.1751,2.8854,0.6431708247501334,3.210000000000008,-0.6399999999999999,-18.38000000000001,0.26,0.0,0.3535999999999998,-0.0801,-0.9983,2.4242,0.7257633325703823,3.000000000000014,0.1,-18.879999999999995
12.29700000025332,0.1976,-0.4574,0.6365999999999998,1.4646,-1.1703,2.8896,0.6432166018158235,3.210000000000008,-0.6399999999999999,-18.480000000000008,0.2747,0.0,0.3426,-0.0629,-1.0094,2.4116,0.7257633325703823,3.000000000000014,0.1,-18.98000000000001
12.32799999974668,0.2088,-0.4597,0.645,1.4736,-1.172,2.8876000000000004,0.6432318608377202,3.210000000000008,-0.6399999999999999,-18.58000000000001,0.2565,0.0,0.3468,-0.0723,-0.9961,2.4294,0.7257633325703823,3.000000000000014,0.1,-19.080000000000013
12.343999998643994,0.2026,-0.4586,0.6408,1.4769,-1.1594,2.8934,0.6432776379034103,3.210000000000008,-0.6399999999999999,-18.680000000000007,0.2614,0.0,0.3528,-0.0634,-0.9871,2.4274,0.7257633325703823,3.000000000000014,0.1,-19.180000000000007
12.359999999403954,0.2083,-0.4528,0.6441999999999998,1.4674,-1.1741,2.8878,0.643292896925307,3.210000000000008,-0.6399999999999999,-18.78000000000001,0.2656,0.0,0.3512,-0.086,-0.9938,2.4248,0.7257633325703823,3.000000000000014,0.2,-19.28
12.375,0.2102,-0.452,0.6312,1.4702,-1.1721,2.8986,0.643292896925307,3.210000000000008,-0.6399999999999999,-18.88000000000001,0.2625,0.0,0.3502,-0.07,-0.9868,2.4252,0.7257633325703823,3.000000000000014,0.2,-19.379999999999995
12.40599999949336,0.1986,-0.4544,0.6372,1.4643,-1.1804,2.8946,0.643292896925307,3.210000000000008,-0.6399999999999999,-18.980000000000008,0.2641,0.0,0.3435999999999998,-0.0576,-0.9909,2.4182,0.7257633325703823,2.9000000000000057,0.2,-19.48000000000001
12.42200000025332,0.2012,-0.4639,0.6412,1.465,-1.1763,2.8946,0.6433081559472037,3.210000000000008,-0.6399999999999999,-19.08000000000001,0.2632,0.0,0.3494,-0.0622,-0.9998,2.4118,0.7257633325703823,2.9000000000000057,0.2,-19.580000000000013
12.437999999150634,0.2041,-0.4607,0.6465999999999996,1.4625,-1.1729,2.8960000000000004,0.6433081559472037,3.210000000000008,-0.6399999999999999,-19.180000000000007,0.2572,0.0,0.3377999999999998,-0.0631,-0.9841,2.4252,0.7257633325703823,2.9000000000000057,0.2,-19.680000000000007
12.45299999974668,0.2106,-0.4476,0.6392,1.4575,-1.1706,2.8943999999999996,0.6433691920347905,3.210000000000008,-0.6399999999999999,-19.28000000000001,0.2617,0.0,0.347,-0.0644,-0.9847,2.4266,0.7257633325703823,2.9000000000000057,0.2,-19.78
12.468999998643994,0.21,-0.4582,0.6384,1.4745,-1.1699,2.9019999999999997,0.6433081559472037,3.210000000000008,-0.6399999999999999,-19.38000000000001,0.2608,0.0,0.3362,-0.0729,-0.9892,2.4278000000000004,0.7257633325703823,2.9000000000000057,0.2,-19.879999999999995
12.484999999403954,0.2094,-0.463,0.6465999999999996,1.4604,-1.1801,2.8992,0.6433081559472037,3.210000000000008,-0.74,-19.480000000000008,0.2564,0.0,0.347,-0.0634,-1.005,2.422400000000001,0.7257633325703823,2.9000000000000057,0.2,-19.98000000000001
12.515999998897314,0.203,-0.4488,0.633,1.4576,-1.1722,2.8876000000000004,0.6433691920347905,3.210000000000008,-0.74,-19.480000000000008,0.2592,0.0,0.3495999999999998,-0.0717,-0.9822,2.4274,0.7257633325703823,2.9000000000000057,0.2,-19.98000000000001
12.53099999949336,0.2101,-0.4522,0.6502,1.4751,-1.172,2.8954,0.6433844510566872,3.210000000000008,-0.74,-19.58000000000001,0.2637,0.0,0.3389999999999998,-0.0715,-0.9969,2.4294,0.7257633325703823,3.000000000000014,0.2,-20.080000000000013
12.54700000025332,0.2167,-0.4544,0.6438,1.4684,-1.169,2.8958,0.6433844510566872,3.210000000000008,-0.74,-19.680000000000007,0.273,0.0,0.351,-0.0594,-0.9926,2.4278000000000004,0.7257633325703823,3.000000000000014,0.2,-20.180000000000007
12.57799999974668,0.2097,-0.4559,0.6445999999999998,1.4601,-1.1763,2.8954,0.643445487144274,3.210000000000008,-0.74,-19.78000000000001,0.2654,0.0,0.3337999999999998,-0.064,-0.9926,2.4268,0.7257633325703823,3.000000000000014,0.2,-20.28
12.593999998643994,0.2135,-0.4627,0.6394,1.4573,-1.1764,2.8966,0.643491264209964,3.210000000000008,-0.74,-19.78000000000001,0.2734,0.0,0.3478,-0.0659,-0.9927,2.4194000000000004,0.7257633325703823,3.000000000000014,0.2,-20.28
12.609999999403954,0.2131,-0.4582,0.6495999999999998,1.4705,-1.1675,2.8992,0.643491264209964,3.210000000000008,-0.74,-19.88000000000001,0.2508,0.0,0.3544,-0.0683,-0.9977,2.4308,0.7257633325703823,3.000000000000014,0.2,-20.379999999999995
12.625,0.2092,-0.4555,0.647,1.4587,-1.1602,2.9034,0.643491264209964,3.210000000000008,-0.74,-19.980000000000008,0.2607,0.0,0.3328,-0.074,-0.9881,2.428,0.7257633325703823,3.000000000000014,0.2,-20.48000000000001
12.640999998897314,0.2108,-0.4649,0.6478,1.4562,-1.1638,2.8882,0.643491264209964,3.210000000000008,-0.74,-19.980000000000008,0.266,0.0,0.3504,-0.0743,-0.991,2.4326,0.7257633325703823,3.000000000000014,0.2,-20.580000000000013
12.65599999949336,0.2102,-0.4619,0.6358,1.463,-1.1779,2.8918,0.643491264209964,3.210000000000008,-0.74,-20.08000000000001,0.2796,0.0,0.3478,-0.0642,-0.996,2.4314,0.7257633325703823,3.000000000000014,0.2,-20.580000000000013
12.687999999150634,0.2099,-0.4634,0.6438,1.4665,-1.1694,2.886000000000001,0.6435675593194475,3.210000000000008,-0.74,-20.08000000000001,0.2716,0.0,0.3548,-0.0706,-1.002,2.4352,0.7257633325703823,3.000000000000014,0.2,-20.680000000000007
12.70299999974668,0.2041,-0.4551,0.6299999999999998,1.4679,-1.1595,2.8943999999999996,0.643491264209964,3.210000000000008,-0.74,-20.180000000000007,0.2648,0.0,0.3494,-0.0673,-0.9972,2.4304,0.7257633325703823,3.000000000000014,0.3,-20.680000000000007
12.718999998643994,0.201,-0.4509,0.6372,1.4718,-1.1677,2.8908,0.6434607461661707,3.210000000000008,-0.74,-20.180000000000007,0.2676,0.0,0.344,-0.0736,-0.9939,2.425,0.7257633325703823,3.000000000000014,0.3,-20.78
12.75,0.2077,-0.4454,0.6438,1.4599,-1.1764,2.8798,0.6435980773632409,3.210000000000008,-0.74,-20.28000000000001,0.2699,0.0,0.3528,-0.0557,-1.0114,2.4216000000000006,0.7257633325703823,3.000000000000014,0.3,-20.78
12.765999998897314,0.2075,-0.4563,0.6427999999999998,1.4616,-1.1684,2.8858,0.6435828183413442,3.210000000000008,-0.74,-20.28000000000001,0.2707,0.0,0.3495999999999998,-0.0458,-0.9936,2.4252,0.7257633325703823,3.000000000000014,0.3,-20.879999999999995
12.78099999949336,0.2116,-0.4547,0.64,1.4685,-1.1622,2.8842,0.6435828183413442,3.210000000000008,-0.8399999999999999,-20.38000000000001,0.2755,0.0,0.3409999999999998,-0.0619,-0.998,2.4334,0.7257633325703823,3.000000000000014,0.3,-20.879999999999995
12.79700000025332,0.2044,-0.4566,0.6487999999999998,1.463,-1.1647,2.8972,0.6435370412756541,3.210000000000008,-0.74,-20.38000000000001,0.2539,0.0,0.3478,-0.0781,-0.9939,2.4216000000000006,0.7257633325703823,3.000000000000014,0.3,-20.98000000000001
12.812999999150634,0.2084,-0.4651,0.6441999999999998,1.4499,-1.1735,2.8984,0.6434607461661707,3.210000000000008,-0.8399999999999999,-20.480000000000008,0.2713,0.0,0.3358,-0.0703,-1.0002,2.436,0.7257633325703823,3.000000000000014,0.3,-20.98000000000001
12.82799999974668,0.2076,-0.4636,0.645,1.464,-1.1763,2.8882,0.6435370412756541,3.210000000000008,-0.8399999999999999,-20.480000000000008,0.2663,0.0,0.353,-0.0598,-0.9976,2.4196,0.7257633325703823,3.000000000000014,0.3,-20.98000000000001
12.859999999403954,0.2128,-0.4542,0.6455999999999998,1.4623,-1.1736,2.89,0.6435828183413442,3.210000000000008,-0.8399999999999999,-20.480000000000008,0.2611,0.0,0.3484,-0.0651,-0.9884,2.4228,0.7257633325703823,3.000000000000014,0.3,-20.98000000000001
12.875,0.2003,-0.456,0.6408,1.4631,-1.1604,2.891,0.6435370412756541,3.210000000000008,-0.8399999999999999,-20.480000000000008,0.2616,0.0,0.348,-0.0686,-1.0114,2.437,0.7257633325703823,3.000000000000014,0.3,-21.080000000000013
12.890999998897314,0.212,-0.451,0.6418,1.4596,-1.1728,2.888,0.6435370412756541,3.210000000000008,-0.8399999999999999,-20.58000000000001,0.2636,0.0,0.3398,-0.0674,-0.9892,2.4306,0.7257633325703823,2.9000000000000057,0.3,-21.080000000000013
12.92200000025332,0.2176,-0.4595,0.6455999999999998,1.4607,-1.1757,2.8956000000000004,0.6435370412756541,3.210000000000008,-0.8399999999999999,-20.58000000000001,0.2633,0.0,0.3374,-0.0628,-0.9933,2.4322,0.7257633325703823,2.9000000000000057,0.3,-21.080000000000013
12.937999999150634,0.2073,-0.4488,0.6358,1.4648,-1.1769,2.8874,0.6435523002975508,3.210000000000008,-0.8399999999999999,-20.58000000000001,0.2652,0.0,0.3512,-0.063,-1.0058,2.417,0.7257633325703823,2.9000000000000057,0.3,-21.080000000000013
12.95299999974668,0.2062,-0.465,0.6485999999999998,1.463,-1.1683,2.8867999999999996,0.6435523002975508,3.210000000000008,-0.8399999999999999,-20.58000000000001,0.268,0.0,0.3438,-0.0529,-1.0102,2.427,0.7257633325703823,2.9000000000000057,0.3,-21.080000000000013
12.968999998643994,0.1985,-0.4608,0.6377999999999996,1.4623,-1.1746,2.8908,0.6435523002975508,3.210000000000008,-0.8399999999999999,-20.58000000000001,0.2642,0.0,0.3494,-0.0731,-0.9953,2.4202,0.7257633325703823,2.9000000000000057,0.3,-21.080000000000013
12.984999999403954,0.2068,-0.4578,0.6415999999999998,1.4647,-1.1683,2.89,0.6435523002975508,3.210000000000008,-0.8399999999999999,-20.58000000000001,0.2681,0.0,0.3417999999999998,-0.0635,-0.9912,2.4288,0.7257633325703823,2.9000000000000057,0.3,-21.180000000000007
13.0,0.2178,-0.4616,0.6443999999999998,1.457,-1.1662,2.8908,0.6435980773632409,3.210000000000008,-0.8399999999999999,-20.58000000000001,0.2598,0.0,0.3488,-0.0723,-0.9927,2.427,0.7257633325703823,2.9000000000000057,0.3,-21.180000000000007
13.03099999949336,0.2129,-0.4584,0.6443999999999998,1.4583,-1.1777,2.897,0.6435980773632409,3.210000000000008,-0.74,-20.58000000000001,0.2647,0.0,0.3537999999999998,-0.0637,-1.0024,2.4268,0.7257633325703823,2.9000000000000057,0.3,-21.180000000000007
13.04700000025332,0.2074,-0.4652,0.6487999999999998,1.4495,-1.1693,2.8864,0.6436896314946211,3.210000000000008,-0.74,-20.58000000000001,0.2548,0.0,0.3386,-0.0805,-0.9765,2.4286,0.7257633325703823,2.9000000000000057,0.3,-21.180000000000007
13.062999999150634,0.2233,-0.4598,0.6438,1.4618,-1.1877,2.890600000000001,0.6436896314946211,3.210000000000008,-0.74,-20.58000000000001,0.2748,0.0,0.3459999999999998,-0.0668,-0.9986,2.4366,0.7257633325703823,2.9000000000000057,0.3,-21.180000000000007
13.093999998643994,0.2112,-0.4545,0.6345999999999998,1.4674,-1.1724,2.8882,0.6436896314946211,3.210000000000008,-0.74,-20.58000000000001,0.2624,0.0,0.3508,-0.0705,-0.9984,2.4254,0.7257633325703823,2.9000000000000057,0.3,-21.180000000000007
13.109999999403954,0.2073,-0.4639,0.647,1.4621,-1.1796,2.8934,0.6436591134508277,3.210000000000008,-0.74,-20.58000000000001,0.2756,0.0,0.3382,-0.0646,-1.002,2.4288,0.7257633325703823,3.000000000000014,0.3,-21.180000000000007
13.125,0.1988,-0.4563,0.6354,1.4623,-1.1717,2.8896,0.6436591134508277,3.210000000000008,-0.74,-20.58000000000001,0.2609,0.0,0.3554,-0.0597,-1.0048,2.4324,0.7257633325703823,3.000000000000014,0.3,-21.180000000000007
13.140999998897314,0.2188,-0.4581,0.6414,1.4556,-1.178,2.8888,0.6436591134508277,3.210000000000008,-0.74,-20.58000000000001,0.2699,0.0,0.3402,-0.0626,-1.0054,2.4418,0.7257633325703823,3.000000000000014,0.3,-21.180000000000007
13.15599999949336,0.2046,-0.462,0.6445999999999998,1.4652,-1.1662,2.8928,0.6436591134508277,3.210000000000008,-0.74,-20.58000000000001,0.2696,0.0,0.3426,-0.0694,-0.9859,2.4306,0.7257633325703823,3.000000000000014,0.3,-21.180000000000007
13.17200000025332,0.2136,-0.4448,0.6377999999999996,1.4515,-1.1673,2.8876000000000004,0.6436591134508277,3.210000000000008,-0.74,-20.680000000000007,0.2596,0.0,0.3444,-0.0679,-0.9853,2.4374,0.7257633325703823,3.000000000000014,0.3,-21.180000000000007
13.20299999974668,0.2055,-0.457,0.6452,1.4606,-1.1712,2.8904,0.6437506675822079,3.210000000000008,-0.74,-20.680000000000007,0.2698,0.0,0.3457999999999998,-0.075,-0.9974,2.435,0.7257633325703823,3.000000000000014,0.3,-21.180000000000007
13.218999998643994,0.2178,-0.4619,0.6447999999999998,1.4564,-1.1747,2.8821999999999997,0.6437506675822079,3.3100000000000023,-0.74,-20.680000000000007,0.2579,0.0,0.3386,-0.0712,-0.9998,2.4212,0.7257633325703823,2.9000000000000057,0.2,-21.180000000000007
13.234999999403954,0.2131,-0.4618,0.6472,1.4614,-1.1649,2.8826,0.643796444647898,3.3100000000000023,-0.74,-20.680000000000007,0.2659,0.0,0.3494,-0.0629,-0.9972,2.4266,0.7257633325703823,2.9000000000000057,0.2,-21.180000000000007
13.265999998897314,0.2093,-0.4617,0.6316,1.4573,-1.1693,2.8976,0.643796444647898,3.3100000000000023,-0.74,-20.680000000000007,0.2587,0.0,0.361,-0.0571,-1.0158,2.434,0.7257633325703823,2.9000000000000057,0.2,-21.180000000000007
13.28099999949336,0.2126,-0.4709,0.6514,1.451,-1.1807,2.8826,0.643796444647898,3.3100000000000023,-0.74,-20.680000000000007,0.2655,0.0,0.3417999999999998,-0.0674,-1.0025,2.4194000000000004,0.7257633325703823,3.000000000000014,0.2,-21.180000000000007
13.29700000025332,0.2197,-0.4493,0.6374,1.4562,-1.1801,2.885,0.643796444647898,3.210000000000008,-0.74,-20.680000000000007,0.2635,0.0,0.3435999999999998,-0.0652,-0.9974,2.4244,0.7257633325703823,3.000000000000014,0.2,-21.180000000000007
13.312999999150634,0.2106,-0.4575,0.6358,1.4543,-1.1648,2.8926,0.643796444647898,3.210000000000008,-0.74,-20.680000000000007,0.2555,0.0,0.3497999999999998,-0.0629,-1.0045,2.4292,0.7257633325703823,3.000000000000014,0.2,-21.180000000000007
13.32799999974668,0.2046,-0.4542,0.6418,1.4608,-1.1585,2.8829999999999996,0.6437811856260013,3.210000000000008,-0.74,-20.680000000000007,0.2581,0.0,0.3478,-0.0694,-0.9953,2.4284,0.7257633325703823,3.000000000000014,0.2,-21.180000000000007
13.343999998643994,0.2068,-0.4517,0.6356,1.4604,-1.1594,2.8872000000000004,0.643796444647898,3.210000000000008,-0.74,-20.680000000000007,0.2616,0.0,0.3504,-0.0559,-1.0048,2.4316000000000004,0.7257633325703823,3.000000000000014,0.2,-21.180000000000007
13.375,0.2226,-0.4499,0.6358,1.4636,-1.1684,2.8852,0.643796444647898,3.3100000000000023,-0.6399999999999999,-20.680000000000007,0.2624,0.0,0.3597999999999998,-0.0655,-0.9984,2.4246,0.7257633325703823,3.000000000000014,0.2,-21.180000000000007
13.390999998897314,0.202,-0.4578,0.6318,1.4585,-1.1717,2.8912,0.643796444647898,3.3100000000000023,-0.6399999999999999,-20.680000000000007,0.2656,0.0,0.3386,-0.0702,-1.0007,2.4154000000000004,0.7257633325703823,3.000000000000014,0.2,-21.180000000000007
13.40599999949336,0.2025,-0.4586,0.6334,1.4587,-1.1736,2.891,0.643796444647898,3.3100000000000023,-0.6399999999999999,-20.680000000000007,0.27,0.0,0.3512,-0.064,-0.9993,2.4238,0.7257633325703823,3.000000000000014,0.2,-21.180000000000007
13.437999999150634,0.204,-0.4638,0.6392,1.4631,-1.1734,2.89,0.643796444647898,3.3100000000000023,-0.6399999999999999,-20.680000000000007,0.2563,0.0,0.3454,-0.0693,-0.9942,2.4392,0.7257633325703823,3.000000000000014,0.2,-21.180000000000007
13.45299999974668,0.2075,-0.4591,0.6363999999999999,1.4688,-1.1722,2.8878,0.6438269626916914,3.3100000000000023,-0.6399999999999999,-20.680000000000007,0.265,0.0,0.3412,-0.0658,-0.9969,2.4228,0.7257633325703823,3.000000000000014,0.2,-21.180000000000007
13.468999998643994,0.2127,-0.4479,0.6405999999999998,1.4679,-1.1725,2.8998000000000004,0.6439337758449682,3.210000000000008,-0.6399999999999999,-20.680000000000007,0.2576,0.0,0.3475999999999998,-0.0671,-0.9965,2.4354,0.7257633325703823,3.000000000000014,0.2,-21.180000000000007
13.484999999403954,0.2059,-0.4575,0.6421999999999998,1.4555,-1.1683,2.8844,0.6439032578011749,3.210000000000008,-0.6399999999999999,-20.680000000000007,0.264,0.0,0.3424,-0.0681,-1.0049,2.4278000000000004,0.7257633325703823,3.000000000000014,0.2,-21.180000000000007
13.5,0.2091,-0.4613,0.6403999999999997,1.4528,-1.1766,2.884,0.6439032578011749,3.210000000000008,-0.6399999999999999,-20.58000000000001,0.2753,0.0,0.3435999999999998,-0.0688,-0.9972,2.4248,0.7257633325703823,3.000000000000014,0.2,-21.180000000000007
13.515999998897314,0.2022,-0.4555,0.644,1.4537,-1.1809,2.8824,0.6439337758449682,3.210000000000008,-0.6399999999999999,-20.58000000000001,0.2664,0.0,0.3462,-0.0712,-0.9896,2.4282,0.7257633325703823,3.000000000000014,0.2,-21.180000000000007
13.54700000025332,0.2113,-0.4531,0.6415999999999998,1.4594,-1.1831,2.895,0.6439337758449682,3.210000000000008,-0.6399999999999999,-20.58000000000001,0.2684,0.0,0.3426,-0.0736,-1.0003,2.43,0.7257633325703823,3.000000000000014,0.2,-21.180000000000007
13.562999999150634,0.1974,-0.451,0.6374,1.4612,-1.1706,2.8876000000000004,0.6439490348668649,3.210000000000008,-0.6399999999999999,-20.58000000000001,0.2725,0.0,0.3406,-0.0629,-0.9882,2.4252,0.7257633325703823,3.000000000000014,0.2,-21.180000000000007
13.57799999974668,0.2026,-0.4571,0.6414,1.454,-1.1736,2.8886,0.6439490348668649,3.210000000000008,-0.6399999999999999,-20.58000000000001,0.269,0.0,0.3371999999999996,-0.0593,-1.0023,2.4302,0.7257633325703823,3.000000000000014,0.2,-21.180000000000007
13.593999998643994,0.2124,-0.4535,0.6443999999999998,1.4511,-1.1756,2.8924,0.6439490348668649,3.210000000000008,-0.6399999999999999,-20.58000000000001,0.2642,0.0,0.3409999999999998,-0.0622,-0.9929,2.4362,0.7257633325703823,3.000000000000014,0.2,-21.180000000000007
13.609999999403954,0.2031,-0.4653,0.6424,1.4666,-1.1718,2.8916,0.643994811932555,3.210000000000008,-0.6399999999999999,-20.58000000000001,0.2668,0.0,0.3574,-0.0702,-0.9924,2.4362,0.7257633325703823,3.000000000000014,0.2,-21.180000000000007
13.625,0.2092,-0.4574,0.6338,1.4545,-1.1631,2.8924,0.6440100709544517,3.210000000000008,-0.6399999999999999,-20.58000000000001,0.2662,0.0,0.3352,-0.0661,-1.0048,2.4194000000000004,0.7257633325703823,3.000000000000014,0.2,-21.180000000000007
13.65599999949336,0.2071,-0.4431,0.6323999999999999,1.452,-1.1702,2.8886,0.643994811932555,3.210000000000008,-0.6399999999999999,-20.58000000000001,0.2679,0.0,0.3555999999999998,-0.0747,-0.997,2.4218,0.7257633325703823,3.000000000000014,0.2,-21.180000000000007
13.67200000025332,0.2138,-0.4662,0.6455999999999998,1.45,-1.1773,2.8758,0.6439337758449682,3.210000000000008,-0.6399999999999999,-20.58000000000001,0.2678,0.0,0.3472,-0.0682,-1.0038,2.4254,0.7257633325703823,3.000000000000014,0.2,-21.180000000000007
13.687999999150634,0.2121,-0.4602,0.6392,1.4583,-1.1685,2.8978,0.6439337758449682,3.210000000000008,-0.6399999999999999,-20.58000000000001,0.2647,0.0,0.345,-0.0648,-0.9887,2.4262,0.7257633325703823,3.000000000000014,0.2,-21.180000000000007
13.718999998643994,0.2136,-0.4476,0.6382,1.4526,-1.1697,2.8918,0.643994811932555,3.210000000000008,-0.6399999999999999,-20.58000000000001,0.2744,0.0,0.3557999999999998,-0.0606,-0.9941,2.4326,0.7257633325703823,3.000000000000014,0.2,-21.180000000000007
13.734999999403954,0.2136,-0.4654,0.6421999999999998,1.444,-1.1746,2.8924,0.643994811932555,3.210000000000008,-0.6399999999999999,-20.58000000000001,0.266,0.0,0.3388,-0.0765,-0.9916,2.4246,0.7257633325703823,3.000000000000014,0.1,-21.180000000000007
13.75,0.2052,-0.4507,0.6273999999999998,1.4527,-1.1778,2.8828,0.6440100709544517,3.210000000000008,-0.6399999999999999,-20.58000000000001,0.2719,0.0,0.3328,-0.0674,-0.9905,2.416,0.7257633325703823,3.000000000000014,0.1,-21.180000000000007
13.765999998897314,0.2089,-0.4472,0.6403999999999997,1.4727,-1.1673,2.8824,0.6439490348668649,3.210000000000008,-0.6399999999999999,-20.58000000000001,0.2728,0.0,0.353,-0.0662,-1.0037,2.4298,0.7257633325703823,3.000000000000014,0.1,-21.180000000000007
13.78099999949336,0.2145,-0.4634,0.6481999999999998,1.4586,-1.1622,2.8946,0.6440558480201418,3.210000000000008,-0.6399999999999999,-20.58000000000001,0.2554,0.0,0.342,-0.0687,-1.0011,2.434600000000001,0.7257633325703823,3.000000000000014,0.1,-21.180000000000007
13.812999999150634,0.2004,-0.4583,0.641,1.448,-1.181,2.885,0.6441168841077286,3.210000000000008,-0.6399999999999999,-20.680000000000007,0.2642,0.0,0.3428,-0.0617,-1.0003,2.4126,0.7257633325703823,3.000000000000014,0.1,-21.180000000000007
13.82799999974668,0.2174,-0.4579,0.6368,1.4535,-1.1705,2.8856,0.6440558480201418,3.210000000000008,-0.6399999999999999,-20.680000000000007,0.2674,0.0,0.3382,-0.0604,-0.9972,2.4256,0.7257633325703823,3.000000000000014,0.1,-21.180000000000007
13.843999998643994,0.2083,-0.465,0.6405999999999998,1.456,-1.17,2.8962,0.6440558480201418,3.210000000000008,-0.6399999999999999,-20.680000000000007,0.2679,0.0,0.345,-0.0698,-0.999,2.4244,0.7257633325703823,3.000000000000014,0.1,-21.180000000000007
13.859999999403954,0.2173,-0.445,0.634,1.4572,-1.1759,2.887,0.6440558480201418,3.210000000000008,-0.5399999999999999,-20.680000000000007,0.2666,0.0,0.3408,-0.057,-1.0084,2.43,0.7257633325703823,3.000000000000014,0.1,-21.180000000000007
13.890999998897314,0.2064,-0.4571,0.6395999999999998,1.4567,-1.173,2.8772,0.6440558480201418,3.3100000000000023,-0.5399999999999999,-20.680000000000007,0.2679,0.0,0.3428,-0.0674,-0.9928,2.4292,0.7257633325703823,3.000000000000014,0.1,-21.180000000000007
13.90599999949336,0.1994,-0.4585,0.6361999999999998,1.4414,-1.1769,2.884,0.6441168841077286,3.3100000000000023,-0.5399999999999999,-20.58000000000001,0.2668,0.0,0.3417999999999998,-0.0702,-0.9897,2.424,0.7257633325703823,3.000000000000014,0.1,-21.180000000000007
13.92200000025332,0.2091,-0.4586,0.6332,1.4496,-1.1713,2.890600000000001,0.6442236972610055,3.3100000000000023,-0.5399999999999999,-20.58000000000001,0.2661,0.0,0.3393999999999996,-0.0703,-1.0057,2.4278000000000004,0.7257633325703823,3.000000000000014,0.1,-21.180000000000007
13.937999999150634,0.2118,-0.4609,0.641,1.4601,-1.1736,2.8986,0.6442236972610055,3.210000000000008,-0.5399999999999999,-20.58000000000001,0.2684,0.0,0.3517999999999998,-0.0743,-0.9818,2.4316000000000004,0.7257633325703823,3.000000000000014,0.1,-21.180000000000007
13.95299999974668,0.2204,-0.4585,0.6312,1.4626,-1.1689,2.8878,0.6442236972610055,3.210000000000008,-0.5399999999999999,-20.58000000000001,0.2608,0.0,0.3402,-0.0749,-1.0005,2.4246,0.7257633325703823,3.000000000000014,0.1,-21.180000000000007
13.984999999403954,0.2078,-0.4656,0.646,1.46,-1.1675,2.8974,0.6442236972610055,3.210000000000008,-0.5399999999999999,-20.58000000000001,0.264,0.0,0.3466,-0.073,-0.9977,2.4312,0.7257633325703823,3.000000000000014,0.1,-21.180000000000007
14.0,0.2097,-0.4622,0.6464,1.4545,-1.1702,2.8812,0.6442236972610055,3.210000000000008,-0.5399999999999999,-20.58000000000001,0.2728,0.0,0.3478,-0.0652,-0.9977,2.432,0.7257633325703823,3.000000000000014,0.1,-21.180000000000007
14.015999998897314,0.2092,-0.4548,0.6394,1.4462,-1.1745,2.8774,0.6442236972610055,3.210000000000008,-0.5399999999999999,-20.58000000000001,0.2684,0.0,0.349,-0.0663,-1.0015,2.4148,0.7257633325703823,3.000000000000014,0.1,-21.180000000000007
14.03099999949336,0.2155,-0.4652,0.6403999999999997,1.4506,-1.1749,2.8882,0.6442389562829022,3.210000000000008,-0.5399999999999999,-20.58000000000001,0.2684,0.0,0.3424,-0.059,-0.9873,2.422,0.7257633325703823,3.000000000000014,0.1,-21.180000000000007
14.062999999150634,0.2075,-0.4662,0.6374,1.4769,-1.167,2.8848,0.6442389562829022,3.210000000000008,-0.5399999999999999,-20.58000000000001,0.2629,0.0,0.3354,-0.0793,-0.9849,2.4322,0.7257633325703823,3.000000000000014,0.1,-21.180000000000007
14.07799999974668,0.2086,-0.4589,0.6318,1.4625,-1.168,2.8848,0.6443305104142824,3.210000000000008,-0.5399999999999999,-20.58000000000001,0.2664,0.0,0.3374,-0.0629,-1.0036,2.4238,0.7257633325703823,3.000000000000014,0.1,-21.180000000000007
14.093999998643994,0.2143,-0.465,0.6382,1.4478,-1.1645,2.8829999999999996,0.644345769436179,3.210000000000008,-0.5399999999999999,-20.58000000000001,0.2589,0.0,0.3392,-0.0756,-1.0,2.4294,0.7257633325703823,3.000000000000014,0.1,-21.28
14.109999999403954,0.2131,-0.457,0.6356,1.4631,-1.1764,2.8862,0.6444220645456625,3.210000000000008,-0.5399999999999999,-20.58000000000001,0.2724,0.0,0.3352,-0.0735,-0.996,2.4348,0.7257633325703823,3.000000000000014,0.1,-21.28
14.125,0.2001,-0.4594,0.6296,1.4641,-1.1627,2.8862,0.6444678416113526,3.210000000000008,-0.5399999999999999,-20.58000000000001,0.2538,0.0,0.353,-0.0758,-0.9921,2.4244,0.7257633325703823,3.000000000000014,0.1,-21.28
14.140999998897314,0.2097,-0.4542,0.6454,1.4401,-1.1911,2.8818,0.6444831006332493,3.3100000000000023,-0.5399999999999999,-20.58000000000001,0.2735,0.0,0.3415999999999998,-0.069,-1.002,2.4318,0.7257633325703823,3.000000000000014,0.1,-21.28
14.17200000025332,0.2053,-0.4634,0.6467999999999998,1.4564,-1.1763,2.8962,0.6444678416113526,3.3100000000000023,-0.5399999999999999,-20.58000000000001,0.2728,0.0,0.3455999999999998,-0.062,-1.007,2.4254,0.7257633325703823,3.000000000000014,0.1,-21.28
14.187999999150634,0.2067,-0.451,0.6412,1.46,-1.1646,2.8876000000000004,0.6444678416113526,3.3100000000000023,-0.5399999999999999,-20.680000000000007,0.2597,0.0,0.3392,-0.0661,-1.0031,2.4326,0.7257633325703823,3.000000000000014,0.1,-21.28
14.20299999974668,0.2054,-0.4642,0.6427999999999998,1.4538,-1.1737,2.885,0.6444831006332493,3.3100000000000023,-0.5399999999999999,-20.680000000000007,0.2643,0.0,0.3287999999999998,-0.0674,-1.0009,2.4288,0.7257633325703823,3.000000000000014,0.1,-21.28
14.234999999403954,0.2078,-0.4534,0.6392,1.4532,-1.1744,2.8872000000000004,0.6445288776989394,3.3100000000000023,-0.5399999999999999,-20.680000000000007,0.2731,0.0,0.3484,-0.0679,-0.9902,2.4302,0.7257633325703823,3.000000000000014,0.1,-21.28
14.25,0.2107,-0.4531,0.6384,1.4353,-1.1803,2.8867999999999996,0.6445288776989394,3.3100000000000023,-0.5399999999999999,-20.680000000000007,0.2744,0.0,0.3409999999999998,-0.0699,-0.9907,2.4334,0.7257633325703823,3.000000000000014,0.1,-21.28
14.265999998897314,0.1995,-0.4657,0.6292,1.4524,-1.1725,2.8866,0.6445899137865262,3.3100000000000023,-0.5399999999999999,-20.680000000000007,0.2604,0.0,0.3442,-0.0592,-0.9957,2.4258,0.7257633325703823,3.000000000000014,0.1,-21.28
14.28099999949336,0.2069,-0.4565,0.6421999999999998,1.4378,-1.1812,2.8778,0.6447425040054932,3.3100000000000023,-0.5399999999999999,-20.680000000000007,0.2757,0.0,0.3524,-0.0748,-0.9979,2.4238,0.7257633325703823,3.000000000000014,0.1,-21.28
14.29700000025332,0.1997,-0.4689,0.651,1.4481,-1.176,2.8764,0.6447882810711832,3.3100000000000023,-0.5399999999999999,-20.680000000000007,0.264,0.0,0.3546,-0.0698,-1.0042,2.4368,0.7257633325703823,3.000000000000014,0.1,-21.28
14.312999999150634,0.212,-0.4611,0.6527999999999998,1.4553,-1.1715,2.8958,0.6448187991149766,3.3100000000000023,-0.5399999999999999,-20.58000000000001,0.259,0.0,0.3435999999999998,-0.0731,-0.9961,2.4358,0.7257633325703823,3.000000000000014,0.1,-21.28
14.343999998643994,0.2088,-0.4479,0.628,1.4513,-1.163,2.8854,0.6448187991149766,3.210000000000008,-0.5399999999999999,-20.58000000000001,0.2694,0.0,0.3349999999999996,-0.0705,-0.9892,2.4204,0.7257633325703823,3.000000000000014,0.1,-21.28
14.359999999403954,0.2079,-0.4579,0.647,1.4528,-1.1757,2.8912,0.6448187991149766,3.210000000000008,-0.5399999999999999,-20.58000000000001,0.2652,0.0,0.3402,-0.0611,-0.9903,2.4106,0.7257633325703823,3.000000000000014,0.1,-21.28
14.375,0.2059,-0.4595,0.641,1.4491,-1.1759,2.885,0.6449256122682535,3.210000000000008,-0.5399999999999999,-20.58000000000001,0.2606,0.0,0.3332,-0.0649,-0.9955,2.4342,0.7257633325703823,3.000000000000014,0.1,-21.28
14.40599999949336,0.2165,-0.4507,0.6405999999999998,1.4429,-1.1737,2.8848,0.6449408712901502,3.210000000000008,-0.5399999999999999,-20.58000000000001,0.2617,0.0,0.347,-0.0569,-1.0066,2.432,0.7257633325703823,3.000000000000014,0.1,-21.28
14.42200000025332,0.209,-0.4527,0.6328,1.4564,-1.166,2.8816,0.6450476844434271,3.210000000000008,-0.5399999999999999,-20.58000000000001,0.2635,0.0,0.3395999999999998,-0.067,-0.9995,2.4196,0.7257633325703823,3.000000000000014,0.1,-21.180000000000007
14.437999999150634,0.2129,-0.4557,0.6395999999999998,1.4511,-1.1653,2.887,0.645200274662394,3.210000000000008,-0.5399999999999999,-20.58000000000001,0.2664,0.0,0.3349999999999996,-0.0792,-0.9951,2.43,0.7257633325703823,3.000000000000014,0.1,-21.180000000000007
14.45299999974668,0.2104,-0.4583,0.6432,1.4546,-1.1798,2.8866,0.6452155336842907,3.210000000000008,-0.5399999999999999,-20.58000000000001,0.2574,0.0,0.3466,-0.0733,-1.0047,2.4262,0.7257633325703823,3.000000000000014,0.1,-21.180000000000007
14.468999998643994,0.2084,-0.4637,0.6361999999999998,1.456,-1.1634,2.8786,0.6452613107499808,3.210000000000008,-0.5399999999999999,-20.58000000000001,0.2654,0.0,0.3474,-0.0701,-1.0051,2.4166,0.7257633325703823,3.000000000000014,0.1,-21.180000000000007
14.5,0.2076,-0.4556,0.6342,1.4477,-1.1726,2.8886,0.6453070878156709,3.210000000000008,-0.5399999999999999,-20.58000000000001,0.2594,0.0,0.3389999999999998,-0.0601,-0.9889,2.4338000000000006,0.7257633325703823,3.000000000000014,0.1,-21.180000000000007
14.515999998897314,0.2124,-0.4476,0.6283999999999998,1.4443,-1.1696,2.8750000000000004,0.6453376058594643,3.210000000000008,-0.5399999999999999,-20.58000000000001,0.2677,0.0,0.3486,-0.0577,-1.0022,2.4234,0.7257633325703823,3.000000000000014,0.1,-21.180000000000007
14.53099999949336,0.2153,-0.4576,0.653,1.4385,-1.179,2.885,0.6454749370565346,3.210000000000008,-0.5399999999999999,-20.58000000000001,0.27,0.0,0.3478,-0.0663,-0.9963,2.4274,0.7257633325703823,3.000000000000014,0.1,-21.180000000000007
14.54700000025332,0.2108,-0.4603,0.6445999999999998,1.4524,-1.1771,2.89,0.6454901960784313,3.210000000000008,-0.5399999999999999,-20.680000000000007,0.2617,0.0,0.3408,-0.0717,-0.9915,2.4276,0.7257633325703823,3.000000000000014,0.1,-21.180000000000007
14.57799999974668,0.2064,-0.4561,0.645,1.4605,-1.1733,2.8864,0.6454901960784313,3.210000000000008,-0.5399999999999999,-20.680000000000007,0.2636,0.0,0.3452,-0.0658,-0.9943,2.4292,0.7257633325703823,3.000000000000014,0.1,-21.180000000000007
14.593999998643994,0.2015,-0.4638,0.6426,1.4542,-1.1533,2.8856,0.6455207141222247,3.210000000000008,-0.5399999999999999,-20.680000000000007,0.2675,0.0,0.3424,-0.0674,-0.9881,2.4194000000000004,0.7257633325703823,3.000000000000014,0.1,-21.180000000000007
14.609999999403954,0.2068,-0.4615,0.6408,1.4586,-1.1725,2.8867999999999996,0.6456733043411916,3.210000000000008,-0.5399999999999999,-20.680000000000007,0.2685,0.0,0.348,-0.0622,-1.0064,2.4426,0.7257633325703823,3.000000000000014,0.1,-21.28
14.625,0.2104,-0.458,0.6384,1.4534,-1.1735,2.8876000000000004,0.645703822384985,3.210000000000008,-0.5399999999999999,-20.680000000000007,0.268,0.0,0.344,-0.0681,-1.0007,2.4264,0.7257633325703823,3.000000000000014,0.1,-21.28
14.640999998897314,0.2173,-0.4512,0.6481999999999998,1.4559,-1.1811,2.8968,0.645703822384985,3.210000000000008,-0.5399999999999999,-20.680000000000007,0.2679,0.0,0.3448,-0.0585,-0.9842,2.431,0.7257633325703823,3.000000000000014,0.1,-21.28
14.65599999949336,0.2132,-0.4567,0.6363999999999999,1.4497,-1.1628,2.881,0.645703822384985,3.210000000000008,-0.5399999999999999,-20.680000000000007,0.2748,0.0,0.3557999999999998,-0.0597,-0.992,2.4404,0.7257633325703823,3.000000000000014,5.551115123125783e-17,-21.28
14.687999999150634,0.2132,-0.464,0.639,1.4404,-1.1771,2.8888,0.6457495994506751,3.210000000000008,-0.5399999999999999,-20.680000000000007,0.2686,0.0,0.3474,-0.0661,-0.9904,2.4302,0.7257633325703823,3.000000000000014,5.551115123125783e-17,-21.28
14.70299999974668,0.2136,-0.4619,0.6388,1.4508,-1.1767,2.8808,0.6457801174944685,3.210000000000008,-0.5399999999999999,-20.680000000000007,0.2754,0.0,0.3348,-0.0635,-0.9937,2.434600000000001,0.7257633325703823,3.000000000000014,5.551115123125783e-17,-21.28
14.718999998643994,0.2146,-0.4542,0.6415999999999998,1.4461,-1.1752,2.8824,0.6458869306477454,3.210000000000008,-0.5399999999999999,-20.680000000000007,0.2649,0.0,0.3444,-0.0643,-0.9938,2.4242,0.7257633325703823,3.000000000000014,5.551115123125783e-17,-21.28
14.734999999403954,0.2118,-0.4603,0.643,1.4432,-1.1761,2.8854,0.6459327077134355,3.210000000000008,-0.5399999999999999,-20.58000000000001,0.2605,0.0,0.3432,-0.0556,-0.991,2.4316000000000004,0.7257633325703823,3.000000000000014,5.551115123125783e-17,-21.28
14.75,0.2214,-0.4596,0.6323999999999999,1.4407,-1.1833,2.8876000000000004,0.6459937438010223,3.210000000000008,-0.5399999999999999,-20.58000000000001,0.2627,0.0,0.3499999999999998,-0.0749,-0.9953,2.4262,0.7257633325703823,3.000000000000014,5.551115123125783e-17,-21.28
14.78099999949336,0.2111,-0.4565,0.6424,1.4476,-1.1808,2.8808,0.646009002822919,3.210000000000008,-0.5399999999999999,-20.58000000000001,0.2618,0.0,0.3448,-0.0805,-0.9922,2.4236,0.7257633325703823,3.000000000000014,5.551115123125783e-17,-21.28
14.79700000025332,0.2067,-0.4511,0.6342,1.4603,-1.1659,2.8812,0.6460700389105057,3.210000000000008,-0.5399999999999999,-20.58000000000001,0.2707,0.0,0.3424,-0.0767,-0.9897,2.4332,0.7257633325703823,3.000000000000014,5.551115123125783e-17,-21.28
14.812999999150634,0.2147,-0.4422,0.6394,1.4508,-1.1741,2.8794,0.6461921110856793,3.210000000000008,-0.4399999999999999,-20.58000000000001,0.2688,0.0,0.3455999999999998,-0.0789,-1.0011,2.4234,0.7257633325703823,3.000000000000014,5.551115123125783e-17,-21.28
14.843999998643994,0.2178,-0.4629,0.6334,1.4419,-1.1681,2.8692000000000006,0.646207370107576,3.210000000000008,-0.4399999999999999,-20.58000000000001,0.2623,0.0,0.3409999999999998,-0.0677,-0.9907,2.4214,0.7257633325703823,3.000000000000014,5.551115123125783e-17,-21.180000000000007
14.859999999403954,0.2151,-0.4661,0.6438,1.4474,-1.1637,2.891,0.6462531471732661,3.210000000000008,-0.4399999999999999,-20.58000000000001,0.2707,0.0,0.3374,-0.075,-1.0079,2.4266,0.7257633325703823,3.000000000000014,5.551115123125783e-17,-21.180000000000007
14.875,0.2081,-0.4547,0.6336,1.4596,-1.1658,2.9008,0.6462684061951628,3.210000000000008,-0.4399999999999999,-20.58000000000001,0.2562,0.0,0.3409999999999998,-0.0654,-0.984,2.4212,0.7257633325703823,3.000000000000014,5.551115123125783e-17,-21.180000000000007
14.890999998897314,0.1978,-0.4662,0.6492,1.448,-1.1726,2.8888,0.6462684061951628,3.210000000000008,-0.4399999999999999,-20.58000000000001,0.2681,0.0,0.3444,-0.0756,-0.9973,2.4234,0.7257633325703823,3.000000000000014,5.551115123125783e-17,-21.180000000000007
14.90599999949336,0.2024,-0.4613,0.6336,1.4435,-1.1681,2.8876000000000004,0.6462989242389562,3.210000000000008,-0.4399999999999999,-20.58000000000001,0.266,0.0,0.3502,-0.0723,-1.0077,2.4296,0.7257633325703823,3.000000000000014,0.1,-21.180000000000007
14.937999999150634,0.2128,-0.4615,0.6395999999999998,1.4513,-1.1691,2.8794,0.6464667734798198,3.210000000000008,-0.5399999999999999,-20.58000000000001,0.2683,0.0,0.338,-0.0769,-0.9948,2.4194000000000004,0.7257633325703823,3.000000000000014,0.1,-21.180000000000007
14.95299999974668,0.211,-0.4628,0.636,1.4522,-1.1648,2.8821999999999997,0.6464667734798198,3.210000000000008,-0.4399999999999999,-20.680000000000007,0.273,0.0,0.3452,-0.0752,-0.9925,2.428,0.7257633325703823,3.000000000000014,0.1,-21.180000000000007
14.968999998643994,0.2203,-0.4632,0.6384,1.44,-1.1752,2.879,0.6466041046768901,3.210000000000008,-0.4399999999999999,-20.680000000000007,0.2734,0.0,0.3377999999999998,-0.0476,-1.0002,2.4242,0.7257633325703823,3.000000000000014,0.1,-21.180000000000007
14.984999999403954,0.2075,-0.4623,0.6464,1.4575,-1.1748,2.89,0.6466346227206835,3.210000000000008,-0.4399999999999999,-20.680000000000007,0.2644,0.0,0.3432,-0.0745,-1.0064,2.4218,0.7257633325703823,3.000000000000014,0.1,-21.180000000000007
15.015999998897314,0.2089,-0.4558,0.635,1.4496,-1.1753,2.8894,0.6466498817425802,3.210000000000008,-0.4399999999999999,-20.680000000000007,0.2703,0.0,0.3406,-0.0626,-0.9891,2.4264,0.7257633325703823,3.000000000000014,0.1,-21.180000000000007
15.03099999949336,0.2118,-0.4654,0.653,1.4479,-1.1659,2.8818,0.6466651407644769,3.210000000000008,-0.4399999999999999,-20.680000000000007,0.2719,0.0,0.3415999999999998,-0.0707,-0.991,2.4238,0.7257633325703823,3.000000000000014,0.1,-21.180000000000007
15.04700000025332,0.2192,-0.4648,0.644,1.4514,-1.1704,2.8836,0.6466803997863736,3.210000000000008,-0.4399999999999999,-20.680000000000007,0.263,0.0,0.3392,-0.0682,-1.0101,2.426,0.7257633325703823,3.000000000000014,0.1,-21.180000000000007
15.062999999150634,0.2065,-0.4699,0.6452,1.4453,-1.168,2.8826,0.646710917830167,3.210000000000008,-0.4399999999999999,-20.680000000000007,0.2709,0.0,0.3459999999999998,-0.0583,-1.0014,2.4284,0.7257633325703823,3.000000000000014,0.1,-21.180000000000007
15.07799999974668,0.2153,-0.4586,0.6427999999999998,1.4601,-1.161,2.8862,0.6469855802243076,3.210000000000008,-0.4399999999999999,-20.58000000000001,0.2743,0.0,0.3422,-0.0672,-0.9953,2.4266,0.7257633325703823,3.000000000000014,0.1,-21.180000000000007
15.109999999403954,0.2114,-0.4599,0.6434,1.4432,-1.1727,2.881,0.6469855802243076,3.210000000000008,-0.4399999999999999,-20.58000000000001,0.2701,0.0,0.3343999999999998,-0.0744,-1.0004,2.4162,0.7257633325703823,3.000000000000014,0.1,-21.180000000000007
15.125,0.2045,-0.463,0.64,1.4465,-1.156,2.8974,0.6471229114213779,3.210000000000008,-0.4399999999999999,-20.58000000000001,0.2484,0.0,0.3412,-0.0699,-0.9943,2.4292,0.7257633325703823,3.000000000000014,0.1,-21.180000000000007
15.140999998897314,0.2098,-0.4646,0.6518,1.4466,-1.1735,2.8804,0.6471229114213779,3.210000000000008,-0.4399999999999999,-20.58000000000001,0.2662,0.0,0.3478,-0.0711,-1.002,2.4312,0.7257633325703823,3.000000000000014,0.1,-21.180000000000007
15.15599999949336,0.2053,-0.4481,0.6368,1.4629,-1.1718,2.8898,0.6472602426184482,3.210000000000008,-0.4399999999999999,-20.58000000000001,0.2734,0.0,0.3392,-0.0722,-0.9958,2.4306,0.7257633325703823,3.000000000000014,0.1,-21.180000000000007
15.17200000025332,0.2151,-0.451,0.6462,1.4462,-1.1657,2.882,0.6472755016403449,3.210000000000008,-0.4399999999999999,-20.58000000000001,0.2607,0.0,0.336,-0.064,-0.9994,2.4266,0.7257633325703823,3.000000000000014,0.1,-21.180000000000007
15.20299999974668,0.2159,-0.4663,0.6305999999999998,1.4425,-1.1619,2.8786,0.6474128328374151,3.210000000000008,-0.4399999999999999,-20.58000000000001,0.2781,0.0,0.3528,-0.0688,-0.9981,2.4194000000000004,0.7257633325703823,3.000000000000014,0.1,-21.180000000000007
15.218999998643994,0.2096,-0.4541,0.6394,1.4506,-1.1754,2.8816,0.6474738689250019,3.210000000000008,-0.4399999999999999,-20.58000000000001,0.2659,0.0,0.3446,-0.0697,-0.9956,2.422,0.7257633325703823,3.000000000000014,0.1,-21.180000000000007
15.234999999403954,0.2051,-0.4752,0.6502,1.4508,-1.1836,2.8844,0.647672236209659,3.210000000000008,-0.4399999999999999,-20.58000000000001,0.2651,0.0,0.3508,-0.062,-0.9855,2.423,0.7257633325703823,3.000000000000014,0.1,-21.180000000000007
15.25,0.2134,-0.4621,0.6332,1.4424,-1.1573,2.8782,0.6478095674067292,3.210000000000008,-0.4399999999999999,-20.58000000000001,0.2626,0.0,0.3395999999999998,-0.0689,-1.0038,2.4238,0.7257633325703823,3.000000000000014,0.1,-21.180000000000007
15.28099999949336,0.2054,-0.4534,0.6272,1.4547,-1.162,2.8874,0.6478553444724193,3.210000000000008,-0.4399999999999999,-20.58000000000001,0.2657,0.0,0.3374,-0.0663,-1.0004,2.4208,0.7257633325703823,3.000000000000014,0.1,-21.180000000000007
15.29700000025332,0.2016,-0.4622,0.6358,1.4517,-1.169,2.8882,0.6480384527351797,3.210000000000008,-0.4399999999999999,-20.58000000000001,0.2693,0.0,0.3374,-0.059,-0.9943,2.4218,0.7257633325703823,3.000000000000014,0.1,-21.180000000000007
15.312999999150634,0.2115,-0.4538,0.6328,1.4491,-1.1716,2.8829999999999996,0.6480537117570764,3.210000000000008,-0.4399999999999999,-20.58000000000001,0.2766,0.0,0.3417999999999998,-0.0777,-1.0045,2.4352,0.7257633325703823,3.000000000000014,0.1,-21.180000000000007
15.32799999974668,0.2073,-0.4571,0.64,1.4468,-1.1629,2.8886,0.6480537117570764,3.210000000000008,-0.4399999999999999,-20.58000000000001,0.2536,0.0,0.3426,-0.0628,-0.9897,2.4284,0.7257633325703823,3.000000000000014,0.1,-21.180000000000007
15.343999998643994,0.2137,-0.4663,0.646,1.4343,-1.1668,2.8832,0.6480689707789731,3.210000000000008,-0.4399999999999999,-20.58000000000001,0.27,0.0,0.3358,-0.0632,-0.9978,2.4262,0.7257633325703823,3.000000000000014,0.1,-21.180000000000007
15.375,0.2112,-0.467,0.6365999999999998,1.4431,-1.164,2.8886,0.6482063019760433,3.210000000000008,-0.4399999999999999,-20.58000000000001,0.2672,0.0,0.3414,-0.0695,-0.9906,2.4272,0.7257633325703823,3.000000000000014,0.1,-21.180000000000007
15.390999998897314,0.2039,-0.4573,0.6447999999999998,1.4481,-1.1654,2.8874,0.6482368200198367,3.210000000000008,-0.4399999999999999,-20.58000000000001,0.2705,0.0,0.3462,-0.0623,-0.9957,2.43,0.7257633325703823,3.000000000000014,0.1,-21.180000000000007
15.40599999949336,0.2038,-0.4545,0.6394,1.444,-1.1627,2.8882,0.6482368200198367,3.210000000000008,-0.4399999999999999,-20.58000000000001,0.2653,0.0,0.3426,-0.0652,-0.9929,2.4254,0.7257633325703823,3.000000000000014,0.1,-21.180000000000007
15.42200000025332,0.2113,-0.4487,0.6356,1.4561,-1.1691,2.8812,0.6482520790417334,3.210000000000008,-0.4399999999999999,-20.58000000000001,0.2732,0.0,0.3457999999999998,-0.0655,-0.9977,2.4256,0.7257633325703823,3.000000000000014,5.551115123125783e-17,-21.180000000000007
15.45299999974668,0.2107,-0.4645,0.6435999999999998,1.4462,-1.1629,2.887,0.6484657053482872,3.210000000000008,-0.4399999999999999,-20.58000000000001,0.265,0.0,0.3403999999999998,-0.0675,-0.9948,2.4268,0.7257633325703823,3.000000000000014,5.551115123125783e-17,-21.180000000000007
15.468999998643994,0.2131,-0.4604,0.6262,1.4428,-1.1632,2.8812,0.6484657053482872,3.210000000000008,-0.4399999999999999,-20.680000000000007,0.271,0.0,0.3474,-0.0682,-0.9848,2.4272,0.7257633325703823,3.000000000000014,5.551115123125783e-17,-21.180000000000007
15.484999999403954,0.2023,-0.4693,0.6401999999999998,1.4457,-1.1736,2.8872000000000004,0.6484657053482872,3.210000000000008,-0.4399999999999999,-20.680000000000007,0.2671,0.0,0.3414,-0.0608,-0.994,2.416,0.7257633325703823,3.000000000000014,5.551115123125783e-17,-21.180000000000007
15.5,0.2102,-0.4574,0.6372,1.4364,-1.1724,2.8800000000000003,0.6484657053482872,3.210000000000008,-0.4399999999999999,-20.680000000000007,0.2753,0.0,0.3426,-0.0607,-0.9971,2.4376000000000007,0.7257633325703823,3.000000000000014,5.551115123125783e-17,-21.180000000000007
15.515999998897314,0.2145,-0.4634,0.6432,1.4424,-1.1688,2.8934,0.6484046692607004,3.210000000000008,-0.4399999999999999,-20.680000000000007,0.279,0.0,0.3352,-0.0638,-0.9901,2.4266,0.7257633325703823,3.000000000000014,5.551115123125783e-17,-21.180000000000007
15.54700000025332,0.2024,-0.4538,0.648,1.4508,-1.1662,2.8762000000000003,0.6484046692607004,3.210000000000008,-0.4399999999999999,-20.680000000000007,0.2646,0.0,0.3393999999999996,-0.0635,-0.9856,2.424,0.7257633325703823,3.000000000000014,5.551115123125783e-17,-21.180000000000007
15.562999999150634,0.2173,-0.4674,0.6514,1.4336,-1.1613,2.8774,0.6484046692607004,3.210000000000008,-0.4399999999999999,-20.680000000000007,0.2619,0.0,0.3408,-0.0738,-0.9902,2.4318,0.7257633325703823,3.000000000000014,5.551115123125783e-17,-21.180000000000007
15.57799999974668,0.2216,-0.4574,0.6434,1.4352,-1.1649,2.8758,0.6484046692607004,3.210000000000008,-0.4399999999999999,-20.680000000000007,0.2749,0.0,0.3403999999999998,-0.0626,-1.0032,2.4322,0.7257633325703823,3.000000000000014,5.551115123125783e-17,-21.180000000000007
15.593999998643994,0.215,-0.4486,0.6308,1.4354,-1.1644,2.8792000000000004,0.6484962233920806,3.210000000000008,-0.4399999999999999,-20.680000000000007,0.2722,0.0,0.3414,-0.0581,-1.0098,2.4186,0.7257633325703823,3.000000000000014,5.551115123125783e-17,-21.180000000000007
15.609999999403954,0.2107,-0.4596,0.643,1.451,-1.1602,2.891,0.648526741435874,3.210000000000008,-0.4399999999999999,-20.680000000000007,0.2578,0.0,0.3398,-0.0703,-1.005,2.4084,0.7257633325703823,3.000000000000014,5.551115123125783e-17,-21.180000000000007
15.640999998897314,0.1996,-0.4643,0.6426,1.44,-1.1658,2.8821999999999997,0.6484962233920806,3.210000000000008,-0.4399999999999999,-20.680000000000007,0.2601,0.0,0.3332,-0.0679,-0.995,2.431,0.7257633325703823,3.000000000000014,5.551115123125783e-17,-21.180000000000007
15.65599999949336,0.2098,-0.4637,0.6368,1.4528,-1.1662,2.8828,0.6485114824139773,3.210000000000008,-0.4399999999999999,-20.680000000000007,0.2478,0.0,0.3366,-0.0705,-0.9997,2.4194000000000004,0.7257633325703823,3.000000000000014,5.551115123125783e-17,-21.180000000000007
15.67200000025332,0.2056,-0.464,0.6394,1.4441,-1.1591,2.8800000000000003,0.6485114824139773,3.210000000000008,-0.4399999999999999,-20.680000000000007,0.2714,0.0,0.3369999999999998,-0.0711,-0.993,2.4214,0.7257633325703823,3.000000000000014,5.551115123125783e-17,-21.180000000000007
15.687999999150634,0.2127,-0.4595,0.629,1.4387,-1.1622,2.8688,0.6484962233920806,3.210000000000008,-0.4399999999999999,-20.680000000000007,0.2659,0.0,0.3462,-0.0692,-0.9962,2.426,0.7257633325703823,3.000000000000014,5.551115123125783e-17,-21.180000000000007
15.718999998643994,0.2143,-0.466,0.6483999999999998,1.4551,-1.1575,2.8894,0.6484962233920806,3.210000000000008,-0.4399999999999999,-20.680000000000007,0.2603,0.0,0.3362,-0.0688,-1.0041,2.419,0.7257633325703823,3.000000000000014,5.551115123125783e-17,-21.180000000000007
15.734999999403954,0.212,-0.4644,0.6401999999999998,1.4548,-1.1681,2.8824,0.6485114824139773,3.210000000000008,-0.4399999999999999,-20.680000000000007,0.2593,0.0,0.345,-0.0662,-0.9917,2.4344,0.7257633325703823,3.000000000000014,5.551115123125783e-17,-21.180000000000007
15.75,0.2038,-0.4649,0.6308,1.4467,-1.1712,2.8874,0.6484657053482872,3.210000000000008,-0.4399999999999999,-20.680000000000007,0.2721,0.0,0.3417999999999998,-0.057,-1.0019,2.4256,0.7257633325703823,3.000000000000014,0.1,-21.180000000000007
15.765999998897314,0.2086,-0.46,0.6432,1.4402,-1.1727,2.885,0.6485114824139773,3.3100000000000023,-0.4399999999999999,-20.680000000000007,0.2728,0.0,0.3303999999999998,-0.0647,-1.0007,2.4252,0.7257633325703823,3.000000000000014,0.1,-21.180000000000007
15.78099999949336,0.2184,-0.4634,0.6412,1.439,-1.1712,2.8762000000000003,0.6484962233920806,3.210000000000008,-0.4399999999999999,-20.680000000000007,0.2697,0.0,0.3343999999999998,-0.067,-0.9962,2.4306,0.7257633325703823,3.000000000000014,0.1,-21.180000000000007
15.812999999150634,0.2115,-0.4548,0.6421999999999998,1.454,-1.1629,2.8782,0.6484962233920806,3.210000000000008,-0.4399999999999999,-20.680000000000007,0.2589,0.0,0.3374,-0.056,-1.0014,2.4208,0.7257633325703823,3.000000000000014,5.551115123125783e-17,-21.180000000000007
15.82799999974668,0.2084,-0.4543,0.639,1.4424,-1.165,2.8874,0.6485114824139773,3.3100000000000023,-0.4399999999999999,-20.680000000000007,0.2778,0.0,0.3402,-0.066,-0.994,2.4252,0.7257633325703823,3.000000000000014,5.551115123125783e-17,-21.080000000000013
15.843999998643994,0.2062,-0.4618,0.6415999999999998,1.4384,-1.1715,2.8838000000000004,0.6485114824139773,3.3100000000000023,-0.4399999999999999,-20.680000000000007,0.265,0.0,0.3462,-0.0672,-0.9907,2.4154000000000004,0.7257633325703823,3.000000000000014,5.551115123125783e-17,-21.080000000000013
15.859999999403954,0.2182,-0.4548,0.6384,1.4349,-1.1724,2.8842,0.6485114824139773,3.3100000000000023,-0.4399999999999999,-20.680000000000007,0.2632,0.0,0.3446,-0.0634,-0.9973,2.423,0.7257633325703823,3.000000000000014,5.551115123125783e-17,-21.080000000000013
15.890999998897314,0.2111,-0.4589,0.6478,1.4402,-1.1626,2.8886,0.648526741435874,3.3100000000000023,-0.4399999999999999,-20.680000000000007,0.272,0.0,0.3464,-0.0707,-1.0034,2.4124,0.7257633325703823,3.000000000000014,5.551115123125783e-17,-21.080000000000013
15.90599999949336,0.2126,-0.4606,0.6412,1.4387,-1.1724,2.8756,0.6485877775234608,3.3100000000000023,-0.4399999999999999,-20.680000000000007,0.2736,0.0,0.3314,-0.0611,-0.9899,2.422,0.7257633325703823,3.000000000000014,5.551115123125783e-17,-21.080000000000013
15.92200000025332,0.2223,-0.4547,0.6361999999999998,1.4464,-1.1672,2.8758,0.6485877775234608,3.3100000000000023,-0.4399999999999999,-20.680000000000007,0.2758,0.0,0.33,-0.0701,-0.9987,2.4226,0.7257633325703823,3.000000000000014,5.551115123125783e-17,-21.080000000000013
15.937999999150634,0.2146,-0.4576,0.6415999999999998,1.4446,-1.1677,2.8818,0.6485877775234608,3.3100000000000023,-0.4399999999999999,-20.680000000000007,0.2775,0.0,0.3424,-0.0673,-0.9982,2.4272,0.7257633325703823,3.000000000000014,5.551115123125783e-17,-21.080000000000013
15.95299999974668,0.2216,-0.4568,0.6354,1.4471,-1.1618,2.8804,0.648572518501564,3.3100000000000023,-0.4399999999999999,-20.680000000000007,0.2651,0.0,0.3508,-0.075,-0.9921,2.4242,0.7257633325703823,3.000000000000014,5.551115123125783e-17,-21.080000000000013
15.968999998643994,0.2035,-0.4576,0.6272,1.444,-1.1703,2.877,0.6485572594796674,3.3100000000000023,-0.4399999999999999,-20.680000000000007,0.2699,0.0,0.3412,-0.0602,-0.996,2.4246,0.7257633325703823,3.000000000000014,5.551115123125783e-17,-21.080000000000013
16.0,0.2089,-0.4666,0.6334,1.4409,-1.1636,2.8736,0.6485572594796674,3.3100000000000023,-0.4399999999999999,-20.680000000000007,0.2643,0.0,0.3382,-0.0683,-1.0047,2.432,0.7257633325703823,3.000000000000014,5.551115123125783e-17,-21.080000000000013
16.015999998897314,0.2053,-0.4556,0.6377999999999996,1.4444,-1.1714,2.8718,0.6485572594796674,3.3100000000000023,-0.4399999999999999,-20.680000000000007,0.2753,0.0,0.3328,-0.0566,-0.9988,2.4056,0.7257633325703823,3.000000000000014,5.551115123125783e-17,-21.080000000000013
16.03099999949336,0.2052,-0.4664,0.6472,1.4328,-1.1589,2.8780000000000014,0.6485420004577707,3.3100000000000023,-0.4399999999999999,-20.680000000000007,0.2777,0.0,0.3395999999999998,-0.0601,-0.9978,2.4204,0.7257633325703823,3.000000000000014,5.551115123125783e-17,-21.080000000000013
16.04700000025332,0.2118,-0.4633,0.6395999999999998,1.4395,-1.1621,2.8792000000000004,0.6485572594796674,3.3100000000000023,-0.4399999999999999,-20.680000000000007,0.271,0.0,0.3432,-0.0755,-0.9969,2.4286,0.7257633325703823,3.000000000000014,5.551115123125783e-17,-21.080000000000013
16.07799999974668,0.2134,-0.456,0.6394,1.435,-1.1721,2.8804,0.648572518501564,3.3100000000000023,-0.4399999999999999,-20.680000000000007,0.2668,0.0,0.3442,-0.0637,-0.9913,2.4264,0.7257633325703823,3.000000000000014,5.551115123125783e-17,-21.080000000000013
16.093999998643994,0.2092,-0.4725,0.649,1.4306,-1.1775,2.885,0.6485420004577707,3.3100000000000023,-0.4399999999999999,-20.680000000000007,0.2687,0.0,0.3321999999999998,-0.0651,-0.9895,2.4154000000000004,0.7257633325703823,3.000000000000014,5.551115123125783e-17,-21.080000000000013
16.109999999403954,0.2062,-0.4618,0.6365999999999998,1.4447,-1.1628,2.8782,0.6485420004577707,3.3100000000000023,-0.4399999999999999,-20.680000000000007,0.2804,0.0,0.3395999999999998,-0.0723,-1.0021,2.4212,0.7257633325703823,3.000000000000014,5.551115123125783e-17,-21.080000000000013
16.125,0.212,-0.4657,0.645,1.4444,-1.1586,2.8774,0.6484962233920806,3.3100000000000023,-0.4399999999999999,-20.680000000000007,0.2755,0.0,0.3334,-0.0676,-0.9985,2.4262,0.7257633325703823,3.000000000000014,5.551115123125783e-17,-21.080000000000013
16.140999998897314,0.219,-0.4488,0.6427999999999998,1.4378,-1.167,2.8846,0.6484962233920806,3.3100000000000023,-0.4399999999999999,-20.680000000000007,0.2699,0.0,0.3383999999999998,-0.0584,-0.9971,2.4204,0.7257633325703823,3.000000000000014,5.551115123125783e-17,-21.080000000000013
16.17200000025332,0.2041,-0.4613,0.6441999999999998,1.4491,-1.1677,2.8932,0.6484962233920806,3.3100000000000023,-0.4399999999999999,-20.680000000000007,0.2727,0.0,0.3462,-0.0667,-1.0,2.423,0.7257633325703823,3.000000000000014,5.551115123125783e-17,-21.080000000000013
16.187999999150634,0.2056,-0.4583,0.6382,1.4402,-1.1746,2.8766,0.6484046692607004,3.3100000000000023,-0.4399999999999999,-20.680000000000007,0.2691,0.0,0.3398,-0.0704,-1.0058,2.422,0.7257633325703823,3.000000000000014,5.551115123125783e-17,-21.080000000000013
16.20299999974668,0.214,-0.4647,0.636,1.4347,-1.1719,2.8786,0.6484046692607004,3.210000000000008,-0.4399999999999999,-20.680000000000007,0.2714,0.0,0.3459999999999998,-0.0672,-0.9942,2.422,0.7257633325703823,3.000000000000014,5.551115123125783e-17,-21.080000000000013
16.218999998643994,0.2133,-0.4629,0.6478,1.4374,-1.1686,2.8824,0.6484046692607004,3.210000000000008,-0.4399999999999999,-20.680000000000007,0.2724,0.0,0.345,-0.0766,-0.9982,2.425,0.7257633325703823,3.000000000000014,5.551115123125783e-17,-21.080000000000013
16.234999999403954,0.2152,-0.454,0.6285999999999998,1.4406,-1.1646,2.8780000000000014,0.6484809643701839,3.3100000000000023,-0.4399999999999999,-20.680000000000007,0.2669,0.0,0.3277999999999998,-0.0653,-0.9886,2.4132,0.7257633325703823,3.000000000000014,5.551115123125783e-17,-21.080000000000013
16.265999998897314,0.2014,-0.4704,0.6358,1.4438,-1.1687,2.878400000000001,0.6484046692607004,3.3100000000000023,-0.4399999999999999,-20.680000000000007,0.2714,0.0,0.345,-0.0664,-0.9969,2.4218,0.7257633325703823,3.000000000000014,5.551115123125783e-17,-21.080000000000013
16.28099999949336,0.2146,-0.4677,0.6454,1.4477,-1.1687,2.8864,0.6484046692607004,3.3100000000000023,-0.4399999999999999,-20.680000000000007,0.283,0.0,0.3343999999999998,-0.0682,-0.9905,2.4246,0.7257633325703823,3.000000000000014,5.551115123125783e-17,-21.080000000000013
16.29700000025332,0.2065,-0.4532,0.6438,1.4408,-1.1723,2.888,0.6483894102388037,3.3100000000000023,-0.4399999999999999,-20.680000000000007,0.2568,0.0,0.3474,-0.0604,-1.0011,2.4274,0.7257633325703823,3.000000000000014,5.551115123125783e-17,-21.080000000000013
16.312999999150634,0.2091,-0.4613,0.6386,1.4396,-1.1617,2.8786,0.6483131151293202,3.3100000000000023,-0.4399999999999999,-20.680000000000007,0.2683,0.0,0.334,-0.0564,-0.9935,2.424,0.7257633325703823,3.000000000000014,5.551115123125783e-17,-21.080000000000013
16.343999998643994,0.2128,-0.4683,0.6458,1.4416,-1.163,2.8876000000000004,0.6483131151293202,3.3100000000000023,-0.4399999999999999,-20.680000000000007,0.2725,0.0,0.3389999999999998,-0.0521,-0.9956,2.427,0.7257633325703823,3.000000000000014,5.551115123125783e-17,-21.080000000000013
16.359999999403954,0.2166,-0.4627,0.6485999999999998,1.4299,-1.1687,2.8752,0.6482978561074235,3.3100000000000023,-0.4399999999999999,-20.680000000000007,0.2582,0.0,0.3363999999999998,-0.0748,-0.9912,2.422400000000001,0.7257633325703823,3.000000000000014,5.551115123125783e-17,-21.080000000000013
16.375,0.2151,-0.4511,0.6305999999999998,1.4327,-1.1806,2.8754000000000004,0.6482978561074235,3.3100000000000023,-0.4399999999999999,-20.680000000000007,0.2748,0.0,0.3402,-0.0789,-0.9712,2.42,0.7257633325703823,3.000000000000014,5.551115123125783e-17,-21.080000000000013
16.390999998897314,0.2126,-0.461,0.6386,1.4389,-1.1737,2.8778,0.6483131151293202,3.3100000000000023,-0.4399999999999999,-20.680000000000007,0.2746,0.0,0.3412,-0.0667,-0.9868,2.4258,0.7257633325703823,3.000000000000014,5.551115123125783e-17,-21.080000000000013
16.40599999949336,0.2063,-0.4723,0.6432,1.4343,-1.1648,2.8762000000000003,0.6483131151293202,3.3100000000000023,-0.4399999999999999,-20.680000000000007,0.2705,0.0,0.34,-0.0741,-0.9998,2.4232,0.7257633325703823,3.000000000000014,5.551115123125783e-17,-21.080000000000013
16.437999999150634,0.2073,-0.4692,0.6392,1.4397,-1.1712,2.89,0.6483131151293202,3.3100000000000023,-0.4399999999999999,-20.680000000000007,0.266,0.0,0.3464,-0.0621,-0.9869,2.4238,0.7257633325703823,3.000000000000014,5.551115123125783e-17,-21.080000000000013
16.45299999974668,0.2067,-0.4521,0.6304,1.4483,-1.1664,2.8886,0.6482673380636301,3.3100000000000023,-0.4399999999999999,-20.680000000000007,0.2777,0.0,0.34,-0.0738,-0.9949,2.4178,0.7257633325703823,3.000000000000014,5.551115123125783e-17,-21.080000000000013
16.468999998643994,0.2156,-0.4547,0.6348,1.4434,-1.1664,2.8832,0.6482520790417334,3.3100000000000023,-0.4399999999999999,-20.680000000000007,0.2704,0.0,0.3371999999999996,-0.0719,-0.9998,2.4114,0.7257633325703823,3.000000000000014,5.551115123125783e-17,-21.080000000000013
16.484999999403954,0.209,-0.465,0.64,1.4264,-1.1591,2.8842,0.6482520790417334,3.3100000000000023,-0.4399999999999999,-20.680000000000007,0.27,0.0,0.3403999999999998,-0.0668,-0.9952,2.4326,0.7257633325703823,3.000000000000014,5.551115123125783e-17,-21.080000000000013
16.515999998897314,0.213,-0.4607,0.6361999999999998,1.4393,-1.1627,2.8796,0.6482520790417334,3.3100000000000023,-0.4399999999999999,-20.680000000000007,0.2785,0.0,0.3287999999999998,-0.079,-0.9954,2.423,0.7257633325703823,3.000000000000014,5.551115123125783e-17,-21.080000000000013
16.53099999949336,0.2141,-0.4583,0.6375999999999998,1.4333,-1.1699,2.8780000000000014,0.6482520790417334,3.3100000000000023,-0.4399999999999999,-20.680000000000007,0.2713,0.0,0.3332,-0.0703,-1.0026,2.423,0.7257633325703823,3.000000000000014,5.551115123125783e-17,-21.080000000000013
16.54700000025332,0.2173,-0.4526,0.6445999999999998,1.4386,-1.1578,2.8782,0.6482520790417334,3.3100000000000023,-0.4399999999999999,-20.680000000000007,0.2633,0.0,0.3406,-0.0622,-0.999,2.427,0.7257633325703823,3.000000000000014,5.551115123125783e-17,-21.080000000000013
16.562999999150634,0.2027,-0.4653,0.6365999999999998,1.4409,-1.1673,2.8754000000000004,0.6482520790417334,3.210000000000008,-0.4399999999999999,-20.680000000000007,0.2731,0.0,0.3362,-0.0511,-0.9978,2.4156000000000004,0.7257633325703823,3.000000000000014,5.551115123125783e-17,-21.080000000000013
16.57799999974668,0.2128,-0.4589,0.6452,1.4428,-1.1704,2.8778,0.6482368200198367,3.210000000000008,-0.4399999999999999,-20.680000000000007,0.2663,0.0,0.3348,-0.0629,-0.9963,2.4292,0.7257633325703823,3.000000000000014,5.551115123125783e-17,-21.080000000000013
16.593999998643994,0.2144,-0.4617,0.6358,1.443,-1.1625,2.8788,0.64822156099794,3.210000000000008,-0.4399999999999999,-20.680000000000007,0.2693,0.0,0.345,-0.0645,-1.0036,2.4252,0.7257633325703823,3.000000000000014,5.551115123125783e-17,-21.080000000000013
16.625,0.2058,-0.4603,0.6323999999999999,1.4274,-1.1592,2.8782,0.64822156099794,3.210000000000008,-0.4399999999999999,-20.680000000000007,0.2726,0.0,0.33,-0.057,-0.9967,2.422,0.7257633325703823,3.000000000000014,5.551115123125783e-17,-21.080000000000013
16.640999998897314,0.2204,-0.4558,0.6361999999999998,1.4358,-1.1704,2.8744,0.6482063019760433,3.3100000000000023,-0.4399999999999999,-20.680000000000007,0.277,0.0,0.3363999999999998,-0.0557,-0.9977,2.4222,0.7257633325703823,3.000000000000014,5.551115123125783e-17,-21.080000000000013
16.65599999949336,0.2074,-0.4651,0.6363999999999999,1.4339,-1.1669,2.8768,0.6481910429541466,3.210000000000008,-0.4399999999999999,-20.680000000000007,0.2671,0.0,0.3417999999999998,-0.0675,-1.002,2.4226,0.7257633325703823,3.000000000000014,5.551115123125783e-17,-21.080000000000013
16.687999999150634,0.211,-0.4564,0.6398,1.4413,-1.1661,2.8816,0.6481910429541466,3.3100000000000023,-0.4399999999999999,-20.680000000000007,0.2726,0.0,0.3363999999999998,-0.068,-1.0008,2.415,0.7257633325703823,3.000000000000014,5.551115123125783e-17,-21.080000000000013
16.70299999974668,0.2047,-0.4642,0.6401999999999998,1.438,-1.1635,2.8800000000000003,0.6481605249103533,3.210000000000008,-0.4399999999999999,-20.680000000000007,0.2764,0.0,0.3448,-0.0682,-0.9938,2.4288,0.7257633325703823,3.000000000000014,5.551115123125783e-17,-21.080000000000013
16.718999998643994,0.2126,-0.4564,0.6368,1.4396,-1.1641,2.874,0.6481605249103533,3.3100000000000023,-0.4399999999999999,-20.680000000000007,0.2734,0.0,0.3349999999999996,-0.062,-0.9996,2.4174,0.7257633325703823,3.000000000000014,5.551115123125783e-17,-21.080000000000013
16.734999999403954,0.2105,-0.4584,0.6401999999999998,1.4376,-1.1742,2.8828,0.6481300068665599,3.3100000000000023,-0.4399999999999999,-20.680000000000007,0.2705,0.0,0.3442,-0.0655,-1.0047,2.4272,0.7257633325703823,3.000000000000014,5.551115123125783e-17,-21.080000000000013
16.75,0.2097,-0.4643,0.6467999999999998,1.4408,-1.154,2.8824,0.6480994888227665,3.210000000000008,-0.4399999999999999,-20.680000000000007,0.2739,0.0,0.336,-0.0657,-0.9999,2.4248,0.7257633325703823,3.000000000000014,5.551115123125783e-17,-21.080000000000013
16.765999998897314,0.2088,-0.466,0.649,1.4377,-1.1711,2.8842,0.6480842298008698,3.210000000000008,-0.4399999999999999,-20.680000000000007,0.2623,0.0,0.3316,-0.0648,-0.99,2.4296,0.7257633325703823,3.000000000000014,5.551115123125783e-17,-21.080000000000013
16.79700000025332,0.2142,-0.4537,0.648,1.445,-1.1679,2.8878,0.6480384527351797,3.210000000000008,-0.4399999999999999,-20.680000000000007,0.2605,0.0,0.3497999999999998,-0.0665,-1.0016,2.4262,0.7257633325703823,3.000000000000014,5.551115123125783e-17,-21.080000000000013
16.812999999150634,0.2134,-0.4573,0.6352,1.4428,-1.1642,2.8832,0.6480384527351797,3.210000000000008,-0.4399999999999999,-20.680000000000007,0.2676,0.0,0.3389999999999998,-0.0541,-1.009,2.4274,0.7257633325703823,3.000000000000014,5.551115123125783e-17,-21.080000000000013
16.82799999974668,0.2049,-0.4657,0.6485999999999998,1.4307,-1.1685,2.889,0.6479926756694896,3.210000000000008,-0.4399999999999999,-20.680000000000007,0.2854,0.0,0.342,-0.0792,-0.9905,2.4288,0.7257633325703823,3.000000000000014,5.551115123125783e-17,-21.080000000000013
16.859999999403954,0.2132,-0.4641,0.6421999999999998,1.4419,-1.1619,2.8821999999999997,0.6479926756694896,3.210000000000008,-0.4399999999999999,-20.680000000000007,0.2783,0.0,0.3321999999999998,-0.0713,-1.0115,2.4284,0.7257633325703823,3.000000000000014,5.551115123125783e-17,-21.080000000000013
16.875,0.2081,-0.4731,0.6388,1.4362,-1.1663,2.885,0.6479774166475929,3.210000000000008,-0.4399999999999999,-20.680000000000007,0.2772,0.0,0.3414,-0.0542,-0.9909,2.4196,0.7257633325703823,3.000000000000014,5.551115123125783e-17,-21.080000000000013
16.890999998897314,0.2195,-0.4608,0.636,1.4349,-1.1595,2.8664,0.6479774166475929,3.210000000000008,-0.4399999999999999,-20.680000000000007,0.2743,0.0,0.3426,-0.0603,-1.0042,2.4158,0.7257633325703823,3.000000000000014,5.551115123125783e-17,-21.080000000000013
16.90599999949336,0.2021,-0.4588,0.6358,1.4361,-1.1746,2.8834000000000004,0.6479926756694896,3.210000000000008,-0.4399999999999999,-20.680000000000007,0.2647,0.0,0.3374,-0.0562,-1.0006,2.4148,0.7257633325703823,3.000000000000014,5.551115123125783e-17,-21.080000000000013
16.92200000025332,0.2103,-0.463,0.6401999999999998,1.4407,-1.157,2.8774,0.6479926756694896,3.210000000000008,-0.4399999999999999,-20.680000000000007,0.2718,0.0,0.34,-0.0749,-1.0066,2.421,0.7257633325703823,3.000000000000014,5.551115123125783e-17,-21.080000000000013
16.937999999150634,0.2152,-0.4626,0.6395999999999998,1.4335,-1.1738,2.8768,0.6479163805600061,3.210000000000008,-0.4399999999999999,-20.680000000000007,0.2803,0.0,0.3403999999999998,-0.0774,-0.9891,2.4228,0.7257633325703823,3.000000000000014,5.551115123125783e-17,-21.080000000000013
16.968999998643994,0.2085,-0.4622,0.6338,1.429,-1.1621,2.8798,0.6479163805600061,3.210000000000008,-0.4399999999999999,-20.680000000000007,0.2819,0.0,0.3462,-0.0787,-0.988,2.4276,0.7257633325703823,3.000000000000014,5.551115123125783e-17,-21.080000000000013
16.984999999403954,0.2039,-0.4659,0.638,1.4354,-1.1669,2.8692000000000006,0.6479163805600061,3.210000000000008,-0.4399999999999999,-20.58000000000001,0.2766,0.0,0.3377999999999998,-0.0652,-0.9988,2.4302,0.7257633325703823,3.000000000000014,5.551115123125783e-17,-21.080000000000013
17.0,0.2123,-0.4749,0.6418,1.4373,-1.1597,2.8816,0.6479621576256962,3.210000000000008,-0.4399999999999999,-20.58000000000001,0.2785,0.0,0.338,-0.0703,-0.9855,2.4184,0.7257633325703823,3.000000000000014,5.551115123125783e-17,-21.080000000000013
17.03099999949336,0.2115,-0.4701,0.6384,1.4362,-1.1629,2.8806,0.6479163805600061,3.210000000000008,-0.4399999999999999,-20.58000000000001,0.2703,0.0,0.3414,-0.0697,-0.9883,2.4226,0.7257633325703823,3.000000000000014,5.551115123125783e-17,-21.080000000000013
17.04700000025332,0.2106,-0.4697,0.64,1.4337,-1.1674,2.877,0.6479011215381094,3.210000000000008,-0.4399999999999999,-20.680000000000007,0.2679,0.0,0.3346,-0.0677,-0.9945,2.4172,0.7257633325703823,3.000000000000014,5.551115123125783e-17,-21.080000000000013
17.062999999150634,0.2194,-0.4639,0.6427999999999998,1.4345,-1.1603,2.8756,0.6479011215381094,3.210000000000008,-0.4399999999999999,-20.680000000000007,0.2752,0.0,0.3472,-0.0567,-0.9979,2.4118,0.7257633325703823,3.000000000000014,5.551115123125783e-17,-21.080000000000013
17.07799999974668,0.2091,-0.4582,0.6392,1.4371,-1.17,2.8872000000000004,0.6479011215381094,3.210000000000008,-0.4399999999999999,-20.680000000000007,0.2631,0.0,0.3349999999999996,-0.0705,-0.996,2.422400000000001,0.7257633325703823,3.000000000000014,5.551115123125783e-17,-21.080000000000013
17.093999998643994,0.211,-0.4716,0.6394,1.425,-1.165,2.8750000000000004,0.6479011215381094,3.210000000000008,-0.4399999999999999,-20.680000000000007,0.2819,0.0,0.3452,-0.0635,-1.0038,2.4178,0.7257633325703823,3.000000000000014,5.551115123125783e-17,-21.080000000000013
17.109999999403954,0.2268,-0.4629,0.636,1.4265,-1.1798,2.8696,0.6479011215381094,3.210000000000008,-0.4399999999999999,-20.680000000000007,0.273,0.0,0.3375999999999998,-0.0632,-0.9996,2.4274,0.7257633325703823,3.000000000000014,5.551115123125783e-17,-21.080000000000013
17.140999998897314,0.2132,-0.4565,0.6414,1.4331,-1.1761,2.8724,0.6479011215381094,3.210000000000008,-0.4399999999999999,-20.680000000000007,0.262,0.0,0.3221999999999998,-0.0662,-0.997,2.423,0.7257633325703823,3.000000000000014,5.551115123125783e-17,-21.080000000000013
17.15599999949336,0.2141,-0.455,0.632,1.4301,-1.1696,2.885,0.6479316395819028,3.210000000000008,-0.4399999999999999,-20.680000000000007,0.2684,0.0,0.3377999999999998,-0.0732,-0.9964,2.417,0.7257633325703823,3.000000000000014,5.551115123125783e-17,-21.080000000000013
17.17200000025332,0.215,-0.4648,0.6443999999999998,1.4348,-1.1703,2.8758,0.6479316395819028,3.210000000000008,-0.4399999999999999,-20.680000000000007,0.2767,0.0,0.3454,-0.0712,-1.0022,2.4268,0.7257633325703823,3.000000000000014,5.551115123125783e-17,-21.080000000000013
17.20299999974668,0.2058,-0.4768,0.641,1.4435,-1.1721,2.8876000000000004,0.6479316395819028,3.210000000000008,-0.4399999999999999,-20.680000000000007,0.2793,0.0,0.3368,-0.0716,-0.9962,2.4218,0.7257633325703823,3.000000000000014,5.551115123125783e-17,-21.080000000000013
17.218999998643994,0.2125,-0.4654,0.6438,1.4316,-1.1665,2.884,0.6479011215381094,3.210000000000008,-0.4399999999999999,-20.680000000000007,0.2685,0.0,0.3342,-0.074,-0.9923,2.4208,0.7257633325703823,3.000000000000014,5.551115123125783e-17,-21.080000000000013
17.234999999403954,0.2105,-0.4656,0.639,1.4343,-1.1607,2.8812,0.6479316395819028,3.210000000000008,-0.4399999999999999,-20.680000000000007,0.2765,0.0,0.3409999999999998,-0.0652,-1.0051,2.417,0.7257633325703823,3.000000000000014,5.551115123125783e-17,-21.080000000000013
17.25,0.2137,-0.4613,0.6348,1.4293,-1.1621,2.8858,0.6479316395819028,3.210000000000008,-0.4399999999999999,-20.680000000000007,0.2678,0.0,0.3352,-0.0761,-1.0028,2.4204,0.7257633325703823,3.000000000000014,5.551115123125783e-17,-21.080000000000013
17.265999998897314,0.2022,-0.4698,0.6395999999999998,1.4356,-1.1735,2.8858,0.6479011215381094,3.210000000000008,-0.4399999999999999,-20.680000000000007,0.2778,0.0,0.3429999999999998,-0.0746,-0.997,2.4334,0.7257633325703823,3.000000000000014,5.551115123125783e-17,-21.080000000000013
17.28099999949336,0.2191,-0.4579,0.6434,1.433,-1.1561,2.8745999999999996,0.6478858625162127,3.210000000000008,-0.4399999999999999,-20.680000000000007,0.2749,0.0,0.3332,-0.065,-0.9961,2.4258,0.7257633325703823,3.000000000000014,5.551115123125783e-17,-21.080000000000013
17.312999999150634,0.208,-0.4603,0.64,1.4222,-1.1771,2.882,0.647870603494316,3.210000000000008,-0.4399999999999999,-20.680000000000007,0.2736,0.0,0.3422,-0.0709,-1.0071,2.4222,0.7257633325703823,3.000000000000014,5.551115123125783e-17,-21.080000000000013
17.32799999974668,0.2114,-0.4718,0.652,1.4283,-1.1712,2.8666,0.647870603494316,3.210000000000008,-0.4399999999999999,-20.680000000000007,0.2735,0.0,0.3444,-0.0765,-0.9855,2.4272,0.7257633325703823,3.000000000000014,5.551115123125783e-17,-21.080000000000013
17.343999998643994,0.202,-0.464,0.6361999999999998,1.4266,-1.1732,2.8734,0.647870603494316,3.210000000000008,-0.4399999999999999,-20.680000000000007,0.2783,0.0,0.336,-0.0666,-0.9951,2.4232,0.7257633325703823,3.000000000000014,5.551115123125783e-17,-21.080000000000013
17.359999999403954,0.2118,-0.4692,0.639,1.4295,-1.1676,2.884,0.647870603494316,3.210000000000008,-0.4399999999999999,-20.680000000000007,0.2699,0.0,0.33,-0.0675,-0.9939,2.4122,0.7257633325703823,3.000000000000014,5.551115123125783e-17,-21.080000000000013
17.375,0.2077,-0.4703,0.6478,1.4304,-1.1669,2.8802,0.6478553444724193,3.210000000000008,-0.4399999999999999,-20.680000000000007,0.2807,0.0,0.3217999999999998,-0.077,-1.0067,2.422400000000001,0.7257633325703823,3.000000000000014,5.551115123125783e-17,-21.080000000000013
17.40599999949336,0.2218,-0.4659,0.638,1.4406,-1.1656,2.8828,0.6478553444724193,3.210000000000008,-0.4399999999999999,-20.680000000000007,0.2749,0.0,0.34,-0.0643,-0.9942,2.4212,0.7257633325703823,3.000000000000014,5.551115123125783e-17,-21.080000000000013
17.42200000025332,0.2086,-0.4496,0.6308,1.4384,-1.1537,2.8732,0.647870603494316,3.210000000000008,-0.4399999999999999,-20.680000000000007,0.2694,0.0,0.329,-0.0753,-0.985,2.4168,0.7257633325703823,3.000000000000014,5.551115123125783e-17,-21.080000000000013
17.437999999150634,0.2134,-0.4535,0.6395999999999998,1.4395,-1.1564,2.8724,0.6478858625162127,3.210000000000008,-0.4399999999999999,-20.58000000000001,0.277,0.0,0.338,-0.0608,-0.9919,2.4264,0.7257633325703823,3.000000000000014,5.551115123125783e-17,-21.080000000000013
17.45299999974668,0.2061,-0.4644,0.647,1.4408,-1.1653,2.8876000000000004,0.6478858625162127,3.210000000000008,-0.4399999999999999,-20.58000000000001,0.2723,0.0,0.3287999999999998,-0.0697,-1.0029,2.4286,0.7257633325703823,3.000000000000014,5.551115123125783e-17,-21.080000000000013
17.484999999403954,0.2173,-0.4646,0.6546,1.4276,-1.1695,2.8678000000000003,0.6478400854505226,3.210000000000008,-0.4399999999999999,-20.58000000000001,0.2742,0.0,0.3472,-0.0664,-0.9929,2.4274,0.7257633325703823,3.000000000000014,5.551115123125783e-17,-21.080000000000013
17.5,0.2135,-0.4721,0.6487999999999998,1.4337,-1.1627,2.8808,0.6477790493629358,3.210000000000008,-0.4399999999999999,-20.58000000000001,0.2742,0.0,0.3334,-0.0744,-0.9977,2.4134,0.7257633325703823,3.000000000000014,5.551115123125783e-17,-21.080000000000013
17.515999998897314,0.2157,-0.4631,0.6405999999999998,1.4304,-1.1689,2.8734,0.6478400854505226,3.210000000000008,-0.4399999999999999,-20.58000000000001,0.275,0.0,0.3314,-0.0694,-0.9931,2.4234,0.7257633325703823,3.000000000000014,5.551115123125783e-17,-21.080000000000013
17.53099999949336,0.2143,-0.4528,0.636,1.4346,-1.1717,2.8876000000000004,0.6478400854505226,3.210000000000008,-0.4399999999999999,-20.58000000000001,0.2659,0.0,0.3298,-0.0802,-1.0027,2.415,0.7257633325703823,3.000000000000014,5.551115123125783e-17,-21.080000000000013
17.54700000025332,0.2073,-0.4747,0.6478,1.4262,-1.1606,2.8686,0.6478248264286259,3.210000000000008,-0.4399999999999999,-20.58000000000001,0.2791,0.0,0.331,-0.0632,-0.9891,2.417,0.7257633325703823,3.000000000000014,5.551115123125783e-17,-21.180000000000007
17.562999999150634,0.211,-0.4559,0.6386,1.4328,-1.1532,2.8734,0.6477943083848325,3.210000000000008,-0.4399999999999999,-20.58000000000001,0.2643,0.0,0.336,-0.0685,-1.0009,2.4268,0.7257633325703823,3.000000000000014,5.551115123125783e-17,-21.180000000000007
17.593999998643994,0.2126,-0.4642,0.6386,1.4307,-1.1655,2.8758,0.6477943083848325,3.210000000000008,-0.4399999999999999,-20.58000000000001,0.2751,0.0,0.3492,-0.0562,-1.0013,2.4106,0.7257633325703823,3.000000000000014,5.551115123125783e-17,-21.180000000000007
17.609999999403954,0.2178,-0.4553,0.6427999999999998,1.4392,-1.1705,2.8742,0.6477790493629358,3.210000000000008,-0.4399999999999999,-20.58000000000001,0.2866,0.0,0.3257999999999998,-0.0713,-1.0012,2.4214,0.7257633325703823,3.000000000000014,5.551115123125783e-17,-21.180000000000007
17.625,0.2201,-0.4657,0.6458,1.4333,-1.1599,2.8866,0.6477180132753491,3.210000000000008,-0.4399999999999999,-20.58000000000001,0.2754,0.0,0.3408,-0.0702,-0.9966,2.4152,0.7257633325703823,3.000000000000014,5.551115123125783e-17,-21.180000000000007
17.65599999949336,0.2144,-0.4576,0.6403999999999997,1.4469,-1.1624,2.8872000000000004,0.6477180132753491,3.210000000000008,-0.4399999999999999,-20.58000000000001,0.28,0.0,0.3368,-0.0688,-0.9906,2.422,0.7257633325703823,3.000000000000014,5.551115123125783e-17,-21.180000000000007
17.67200000025332,0.2199,-0.4653,0.6462,1.4197,-1.1747,2.8736,0.6477180132753491,3.210000000000008,-0.4399999999999999,-20.58000000000001,0.2705,0.0,0.3328,-0.0589,-0.9945,2.4236,0.7257633325703823,3.000000000000014,5.551115123125783e-17,-21.180000000000007
17.687999999150634,0.2159,-0.4619,0.6405999999999998,1.4292,-1.1773,2.8792000000000004,0.6477180132753491,3.210000000000008,-0.4399999999999999,-20.58000000000001,0.2793,0.0,0.3312,-0.0653,-0.999,2.4234,0.7257633325703823,3.000000000000014,5.551115123125783e-17,-21.180000000000007
17.70299999974668,0.2127,-0.4541,0.6345999999999998,1.4279,-1.1696,2.8745999999999996,0.6477180132753491,3.210000000000008,-0.4399999999999999,-20.58000000000001,0.2645,0.0,0.3308,-0.0632,-0.9968,2.4164,0.7257633325703823,3.000000000000014,5.551115123125783e-17,-21.180000000000007
17.718999998643994,0.2096,-0.4609,0.6377999999999996,1.4283,-1.1581,2.8622,0.6476417181658656,3.210000000000008,-0.4399999999999999,-20.58000000000001,0.2639,0.0,0.3348,-0.0651,-0.9912,2.4184,0.7257633325703823,3.000000000000014,5.551115123125783e-17,-21.180000000000007
17.734999999403954,0.2203,-0.462,0.6412,1.4217,-1.1562,2.8712000000000004,0.6477637903410391,3.210000000000008,-0.4399999999999999,-20.58000000000001,0.2703,0.0,0.329,-0.065,-1.0032,2.417,0.7257633325703823,3.000000000000014,5.551115123125783e-17,-21.180000000000007
17.765999998897314,0.2132,-0.465,0.6426,1.4255,-1.1723,2.8816,0.6477637903410391,3.210000000000008,-0.4399999999999999,-20.58000000000001,0.2775,0.0,0.3398,-0.0643,-0.9995,2.4222,0.7257633325703823,3.000000000000014,5.551115123125783e-17,-21.180000000000007
17.78099999949336,0.2259,-0.4547,0.6361999999999998,1.4379,-1.1635,2.8772,0.6477637903410391,3.210000000000008,-0.4399999999999999,-20.58000000000001,0.2723,0.0,0.3342,-0.0658,-1.005,2.4178,0.7257633325703823,3.000000000000014,5.551115123125783e-17,-21.180000000000007
17.79700000025332,0.221,-0.4563,0.6358,1.4347,-1.1562,2.8867999999999996,0.6477637903410391,3.210000000000008,-0.4399999999999999,-20.58000000000001,0.2731,0.0,0.3369999999999998,-0.0572,-1.0019,2.4086,0.7257633325703823,3.000000000000014,5.551115123125783e-17,-21.180000000000007
17.82799999974668,0.2112,-0.461,0.64,1.4415,-1.1581,2.8902000000000014,0.6477637903410391,3.210000000000008,-0.4399999999999999,-20.58000000000001,0.2774,0.0,0.3243999999999998,-0.0671,-0.9997,2.4168,0.7257633325703823,3.000000000000014,5.551115123125783e-17,-21.180000000000007
17.843999998643994,0.2097,-0.4646,0.647,1.4366,-1.1577,2.8856,0.6478858625162127,3.210000000000008,-0.4399999999999999,-20.58000000000001,0.2733,0.0,0.3352,-0.0645,-1.0115,2.429,0.7257633325703823,3.000000000000014,5.551115123125783e-17,-21.180000000000007
17.859999999403954,0.2117,-0.4642,0.6368,1.4308,-1.166,2.8886,0.6479163805600061,3.210000000000008,-0.4399999999999999,-20.58000000000001,0.2706,0.0,0.3233999999999998,-0.0654,-0.9998,2.4182,0.7257633325703823,3.000000000000014,5.551115123125783e-17,-21.180000000000007
17.875,0.2147,-0.4685,0.6434,1.4262,-1.1758,2.8828,0.6479316395819028,3.210000000000008,-0.4399999999999999,-20.58000000000001,0.2754,0.0,0.3392,-0.0607,-0.9925,2.422400000000001,0.7257633325703823,3.000000000000014,5.551115123125783e-17,-21.180000000000007
17.890999998897314,0.2162,-0.4615,0.635,1.4238,-1.1715,2.8699999999999997,0.6479163805600061,3.210000000000008,-0.4399999999999999,-20.58000000000001,0.2796,0.0,0.3417999999999998,-0.0756,-0.9891,2.4168,0.7257633325703823,3.000000000000014,5.551115123125783e-17,-21.180000000000007
17.90599999949336,0.2188,-0.4718,0.6498,1.4243,-1.1685,2.8864,0.6479316395819028,3.210000000000008,-0.4399999999999999,-20.58000000000001,0.2775,0.0,0.3328,-0.0707,-1.0036,2.4184,0.7257633325703823,3.000000000000014,5.551115123125783e-17,-21.180000000000007
17.937999999150634,0.2164,-0.4681,0.6394,1.4321,-1.1643,2.8732,0.6480079346913863,3.210000000000008,-0.4399999999999999,-20.58000000000001,0.2726,0.0,0.3354,-0.068,-0.9968,2.4166,0.7257633325703823,3.000000000000014,5.551115123125783e-17,-21.180000000000007
17.95299999974668,0.2204,-0.4614,0.6412,1.4273,-1.1602,2.8768,0.6480079346913863,3.210000000000008,-0.4399999999999999,-20.58000000000001,0.2729,0.0,0.3412,-0.0765,-0.992,2.4134,0.7257633325703823,3.000000000000014,5.551115123125783e-17,-21.180000000000007
17.968999998643994,0.2145,-0.4583,0.64,1.432,-1.1545,2.8858,0.6481910429541466,3.210000000000008,-0.4399999999999999,-20.58000000000001,0.2737,0.0,0.3406,-0.0796,-0.9941,2.4246,0.7257633325703823,3.000000000000014,5.551115123125783e-17,-21.180000000000007
18.0,0.2113,-0.473,0.6336,1.4255,-1.166,2.8736,0.6481910429541466,3.210000000000008,-0.4399999999999999,-20.58000000000001,0.269,0.0,0.3354,-0.0638,-0.9879,2.4144,0.7257633325703823,3.000000000000014,5.551115123125783e-17,-21.180000000000007
18.01599999889732,0.2065,-0.4653,0.6424,1.4285,-1.1626,2.8750000000000004,0.6481910429541466,3.210000000000008,-0.4399999999999999,-20.58000000000001,0.2887,0.0,0.3383999999999998,-0.0663,-1.0001,2.4132,0.7257633325703823,3.000000000000014,5.551115123125783e-17,-21.180000000000007
18.03099999949336,0.2111,-0.4608,0.6316,1.427,-1.1651,2.8748,0.6481910429541466,3.210000000000008,-0.4399999999999999,-20.58000000000001,0.2594,0.0,0.3293999999999998,-0.0635,-1.0055,2.4106,0.7257633325703823,3.000000000000014,5.551115123125783e-17,-21.180000000000007
18.04700000025332,0.2084,-0.4739,0.6374,1.4417,-1.1574,2.8800000000000003,0.6481910429541466,3.210000000000008,-0.4399999999999999,-20.58000000000001,0.2783,0.0,0.3335999999999998,-0.0638,-0.9987,2.4208,0.7257633325703823,3.000000000000014,5.551115123125783e-17,-21.180000000000007
18.06299999915064,0.2119,-0.4698,0.6504,1.4303,-1.1502,2.879,0.6481452658884566,3.210000000000008,-0.4399999999999999,-20.58000000000001,0.2786,0.0,0.3366,-0.0627,-0.9968,2.419,0.7257633325703823,3.000000000000014,5.551115123125783e-17,-21.180000000000007
18.07799999974668,0.2184,-0.4682,0.6438,1.4251,-1.1702,2.8778,0.6481452658884566,3.210000000000008,-0.4399999999999999,-20.58000000000001,0.2708,0.0,0.3494,-0.0547,-1.0013,2.4172,0.7257633325703823,3.000000000000014,5.551115123125783e-17,-21.180000000000007
18.10999999940396,0.2165,-0.4662,0.6447999999999998,1.4316,-1.1683,2.8774,0.6481452658884566,3.210000000000008,-0.4399999999999999,-20.58000000000001,0.2677,0.0,0.3368,-0.0652,-0.9936,2.4254,0.7257633325703823,3.000000000000014,5.551115123125783e-17,-21.180000000000007
18.125,0.2047,-0.4677,0.642,1.4265,-1.1551,2.868,0.6482520790417334,3.210000000000008,-0.4399999999999999,-20.58000000000001,0.2684,0.0,0.3402,-0.067,-1.0136,2.4162,0.7257633325703823,3.000000000000014,5.551115123125783e-17,-21.180000000000007
18.14099999889732,0.2136,-0.4591,0.6345999999999998,1.4339,-1.1734,2.8745999999999996,0.6482520790417334,3.210000000000008,-0.4399999999999999,-20.58000000000001,0.2743,0.0,0.3332,-0.0673,-0.9852,2.4208,0.7257633325703823,3.000000000000014,5.551115123125783e-17,-21.180000000000007
18.17200000025332,0.2212,-0.4632,0.6478,1.4322,-1.1549,2.8866,0.6482520790417334,3.210000000000008,-0.4399999999999999,-20.58000000000001,0.2716,0.0,0.3276,-0.0694,-0.9967,2.4242,0.7257633325703823,3.000000000000014,5.551115123125783e-17,-21.180000000000007
18.18799999915064,0.2018,-0.4661,0.6421999999999998,1.4293,-1.15,2.8844,0.6482520790417334,3.210000000000008,-0.4399999999999999,-20.58000000000001,0.2756,0.0,0.3415999999999998,-0.0633,-0.9906,2.4122,0.7257633325703823,3.000000000000014,5.551115123125783e-17,-21.180000000000007
18.20299999974668,0.2141,-0.4664,0.6421999999999998,1.4154,-1.1665,2.8678000000000003,0.6482673380636301,3.210000000000008,-0.4399999999999999,-20.58000000000001,0.2601,0.0,0.3392,-0.0734,-0.9923,2.4288,0.7257633325703823,3.000000000000014,5.551115123125783e-17,-21.180000000000007
18.218999998643994,0.2083,-0.4682,0.6365999999999998,1.4291,-1.1605,2.8748,0.6482673380636301,3.210000000000008,-0.4399999999999999,-20.58000000000001,0.2724,0.0,0.3303999999999998,-0.0652,-0.9955,2.4222,0.7257633325703823,3.000000000000014,5.551115123125783e-17,-21.180000000000007
18.23499999940396,0.2148,-0.4656,0.6358,1.4312,-1.1684,2.8736,0.6482368200198367,3.210000000000008,-0.4399999999999999,-20.58000000000001,0.2713,0.0,0.342,-0.0692,-0.9997,2.4234,0.7257633325703823,3.000000000000014,5.551115123125783e-17,-21.180000000000007
18.25,0.2107,-0.4643,0.6368,1.4316,-1.1568,2.8776,0.6482368200198367,3.210000000000008,-0.4399999999999999,-20.58000000000001,0.2721,0.0,0.3261999999999998,-0.069,-0.9908,2.4164,0.7257633325703823,3.000000000000014,5.551115123125783e-17,-21.180000000000007
18.28099999949336,0.2143,-0.4742,0.6426,1.4354,-1.1605,2.873800000000001,0.6482368200198367,3.210000000000008,-0.4399999999999999,-20.58000000000001,0.2807,0.0,0.3386,-0.0646,-0.9839,2.4164,0.7257633325703823,3.000000000000014,5.551115123125783e-17,-21.180000000000007
18.29700000025332,0.2024,-0.473,0.6478,1.4192,-1.1634,2.8788,0.6482520790417334,3.210000000000008,-0.4399999999999999,-20.58000000000001,0.2904,0.0,0.3316,-0.0537,-1.0035,2.4178,0.7257633325703823,3.000000000000014,5.551115123125783e-17,-21.180000000000007
18.31299999915064,0.2117,-0.4718,0.639,1.434,-1.163,2.8798,0.6482520790417334,3.210000000000008,-0.4399999999999999,-20.58000000000001,0.2748,0.0,0.3343999999999998,-0.0617,-1.0002,2.4204,0.7257633325703823,3.000000000000014,5.551115123125783e-17,-21.180000000000007
18.32799999974668,0.218,-0.4619,0.6421999999999998,1.4347,-1.1591,2.8699999999999997,0.6482368200198367,3.210000000000008,-0.4399999999999999,-20.58000000000001,0.2709,0.0,0.3298,-0.0699,-0.9959,2.4214,0.7257633325703823,3.000000000000014,5.551115123125783e-17,-21.180000000000007
18.35999999940396,0.2128,-0.4516,0.64,1.4293,-1.1646,2.8774,0.6482520790417334,3.210000000000008,-0.4399999999999999,-20.58000000000001,0.2785,0.0,0.3312,-0.0596,-0.9923,2.4204,0.7257633325703823,3.000000000000014,5.551115123125783e-17,-21.180000000000007
18.375,0.2107,-0.4637,0.6343999999999999,1.4271,-1.1639,2.882,0.6482520790417334,3.210000000000008,-0.4399999999999999,-20.58000000000001,0.2699,0.0,0.3349999999999996,-0.0724,-0.9981,2.4274,0.7257633325703823,3.000000000000014,5.551115123125783e-17,-21.180000000000007
18.39099999889732,0.2091,-0.4582,0.6358,1.4247,-1.1688,2.869,0.6482520790417334,3.210000000000008,-0.4399999999999999,-20.58000000000001,0.274,0.0,0.3321999999999998,-0.0676,-1.0031,2.4152,0.7257633325703823,3.000000000000014,5.551115123125783e-17,-21.180000000000007
18.40599999949336,0.2114,-0.4634,0.6394,1.4261,-1.1606,2.8756,0.64822156099794,3.210000000000008,-0.4399999999999999,-20.58000000000001,0.277,0.0,0.3321999999999998,-0.0698,-0.9944,2.4168,0.7257633325703823,3.000000000000014,5.551115123125783e-17,-21.180000000000007
18.42200000025332,0.2051,-0.4679,0.6398,1.4242,-1.1645,2.877,0.64822156099794,3.210000000000008,-0.4399999999999999,-20.58000000000001,0.2786,0.0,0.3414,-0.0662,-0.9975,2.415,0.7257633325703823,3.000000000000014,5.551115123125783e-17,-21.180000000000007
18.45299999974668,0.228,-0.4542,0.6338,1.4308,-1.1572,2.8846,0.64822156099794,3.210000000000008,-0.4399999999999999,-20.58000000000001,0.2808,0.0,0.33,-0.0659,-0.995,2.418,0.7257633325703823,3.000000000000014,5.551115123125783e-17,-21.180000000000007
18.468999998643994,0.21,-0.4562,0.6382,1.4227,-1.1732,2.8756,0.6482368200198367,3.210000000000008,-0.4399999999999999,-20.58000000000001,0.2712,0.0,0.3366,-0.0659,-0.9926,2.4132,0.7257633325703823,3.000000000000014,5.551115123125783e-17,-21.180000000000007
18.48499999940396,0.2136,-0.4699,0.6408,1.4359,-1.1556,2.8778,0.6482368200198367,3.210000000000008,-0.4399999999999999,-20.58000000000001,0.2834,0.0,0.3241999999999998,-0.0684,-0.9908,2.417,0.7257633325703823,3.000000000000014,5.551115123125783e-17,-21.180000000000007
18.5,0.2115,-0.4705,0.6375999999999998,1.4294,-1.1639,2.8776,0.6482825970855268,3.210000000000008,-0.4399999999999999,-20.58000000000001,0.2659,0.0,0.3398,-0.071,-0.9925,2.4192,0.7257633325703823,3.000000000000014,5.551115123125783e-17,-21.180000000000007
18.53099999949336,0.2004,-0.4642,0.6345999999999998,1.4209,-1.1722,2.8821999999999997,0.6482825970855268,3.210000000000008,-0.4399999999999999,-20.58000000000001,0.2679,0.0,0.3354,-0.0853,-0.9974,2.4202,0.7257633325703823,3.000000000000014,5.551115123125783e-17,-21.180000000000007
18.54700000025332,0.2167,-0.4606,0.6336,1.4355,-1.1593,2.877,0.6482825970855268,3.210000000000008,-0.4399999999999999,-20.58000000000001,0.2704,0.0,0.3386,-0.0695,-0.9886,2.4098,0.7257633325703823,3.000000000000014,5.551115123125783e-17,-21.180000000000007
18.56299999915064,0.2144,-0.4629,0.6443999999999998,1.4157,-1.1644,2.8816,0.6482520790417334,3.210000000000008,-0.4399999999999999,-20.58000000000001,0.2712,0.0,0.3371999999999996,-0.0695,-0.9924,2.423,0.7257633325703823,3.000000000000014,5.551115123125783e-17,-21.180000000000007
18.57799999974668,0.2229,-0.4672,0.6394,1.4283,-1.1484,2.8736,0.6482520790417334,3.210000000000008,-0.4399999999999999,-20.58000000000001,0.2847,0.0,0.3408,-0.0627,-0.9924,2.4164,0.7257633325703823,3.000000000000014,5.551115123125783e-17,-21.180000000000007
18.593999998643994,0.2232,-0.4643,0.6421999999999998,1.4286,-1.1745,2.8792000000000004,0.6482520790417334,3.210000000000008,-0.4399999999999999,-20.58000000000001,0.2741,0.0,0.3363999999999998,-0.0751,-0.9893,2.4138,0.7257633325703823,3.000000000000014,5.551115123125783e-17,-21.180000000000007
18.625,0.2059,-0.4656,0.6414,1.4221,-1.1574,2.8834000000000004,0.6482520790417334,3.210000000000008,-0.4399999999999999,-20.58000000000001,0.2644,0.0,0.3352,-0.0669,-0.995,2.4214,0.7257633325703823,3.000000000000014,5.551115123125783e-17,-21.180000000000007
18.64099999889732,0.2231,-0.4648,0.642,1.4325,-1.161,2.8836,0.6482520790417334,3.210000000000008,-0.4399999999999999,-20.58000000000001,0.2733,0.0,0.3429999999999998,-0.071,-0.9817,2.4234,0.7257633325703823,3.000000000000014,5.551115123125783e-17,-21.180000000000007
18.65599999949336,0.2135,-0.4554,0.6418,1.43,-1.1675,2.869,0.6482520790417334,3.210000000000008,-0.4399999999999999,-20.58000000000001,0.2773,0.0,0.3354,-0.0722,-0.9926,2.4218,0.7257633325703823,3.000000000000014,5.551115123125783e-17,-21.180000000000007
18.67200000025332,0.208,-0.4668,0.6465999999999996,1.4235,-1.1618,2.8802,0.6482368200198367,3.210000000000008,-0.4399999999999999,-20.58000000000001,0.279,0.0,0.3429999999999998,-0.0628,-0.9963,2.4066,0.7257633325703823,3.000000000000014,5.551115123125783e-17,-21.180000000000007
18.70299999974668,0.2079,-0.4612,0.638,1.438,-1.1604,2.8778,0.6482368200198367,3.210000000000008,-0.4399999999999999,-20.58000000000001,0.2842,0.0,0.3369999999999998,-0.0686,-0.9884,2.4116,0.7257633325703823,3.000000000000014,5.551115123125783e-17,-21.180000000000007
18.718999998643994,0.2092,-0.4622,0.6375999999999998,1.424,-1.1727,2.8762000000000003,0.6482368200198367,3.210000000000008,-0.4399999999999999,-20.58000000000001,0.27,0.0,0.333,-0.074,-0.996,2.422400000000001,0.7257633325703823,3.000000000000014,5.551115123125783e-17,-21.180000000000007
18.73499999940396,0.2086,-0.4673,0.6392,1.4238,-1.1597,2.8694,0.6481452658884566,3.210000000000008,-0.4399999999999999,-20.58000000000001,0.2641,0.0,0.3306,-0.0801,-0.9955,2.4146,0.7257633325703823,3.000000000000014,5.551115123125783e-17,-21.180000000000007
18.75,0.2116,-0.4558,0.6264,1.4317,-1.1594,2.8796,0.6481452658884566,3.210000000000008,-0.4399999999999999,-20.58000000000001,0.2688,0.0,0.3412,-0.0798,-0.9872,2.4084,0.7257633325703823,3.000000000000014,5.551115123125783e-17,-21.180000000000007
18.76599999889732,0.2106,-0.4594,0.6472,1.4171,-1.1685,2.8606,0.6481452658884566,3.210000000000008,-0.4399999999999999,-20.58000000000001,0.2656,0.0,0.3318,-0.0706,-0.998,2.4114,0.7257633325703823,3.000000000000014,5.551115123125783e-17,-21.180000000000007
18.79700000025332,0.2116,-0.4698,0.6462,1.4241,-1.1698,2.8722,0.6481452658884566,3.210000000000008,-0.4399999999999999,-20.58000000000001,0.2666,0.0,0.3318,-0.058,-0.9944,2.4142,0.7257633325703823,3.000000000000014,5.551115123125783e-17,-21.180000000000007
18.81299999915064,0.2187,-0.4679,0.6415999999999998,1.4217,-1.1608,2.8800000000000003,0.6481452658884566,3.210000000000008,-0.4399999999999999,-20.58000000000001,0.2666,0.0,0.3343999999999998,-0.062,-1.0069,2.4208,0.7257633325703823,3.000000000000014,5.551115123125783e-17,-21.180000000000007
18.82799999974668,0.2215,-0.4771,0.6394,1.4233,-1.1707,2.8716000000000004,0.6481452658884566,3.210000000000008,-0.4399999999999999,-20.58000000000001,0.2675,0.0,0.3388,-0.0608,-0.995,2.4276,0.7257633325703823,3.000000000000014,5.551115123125783e-17,-21.180000000000007
18.843999998643994,0.2195,-0.4538,0.6299999999999998,1.4349,-1.1556,2.8808,0.6481910429541466,3.210000000000008,-0.4399999999999999,-20.58000000000001,0.2683,0.0,0.3362,-0.0683,-0.9945,2.423,0.7257633325703823,3.000000000000014,5.551115123125783e-17,-21.180000000000007
18.875,0.2169,-0.4641,0.6318,1.4169,-1.1587,2.876,0.6482368200198367,3.210000000000008,-0.4399999999999999,-20.58000000000001,0.2723,0.0,0.3371999999999996,-0.0623,-0.9835,2.4266,0.7257633325703823,3.000000000000014,5.551115123125783e-17,-21.180000000000007
18.89099999889732,0.2146,-0.4667,0.6394,1.4149,-1.1672,2.8714,0.6482368200198367,3.210000000000008,-0.4399999999999999,-20.58000000000001,0.2655,0.0,0.3417999999999998,-0.0706,-1.0004,2.4174,0.7257633325703823,3.000000000000014,5.551115123125783e-17,-21.180000000000007
18.90599999949336,0.2103,-0.459,0.6323999999999999,1.424,-1.1695,2.8722,0.6482368200198367,3.210000000000008,-0.4399999999999999,-20.58000000000001,0.2783,0.0,0.3335999999999998,-0.0835,-1.0018,2.422,0.7257633325703823,3.000000000000014,5.551115123125783e-17,-21.180000000000007
18.92200000025332,0.2144,-0.4622,0.6382,1.419,-1.1594,2.8780000000000014,0.6482673380636301,3.210000000000008,-0.4399999999999999,-20.58000000000001,0.2737,0.0,0.3276,-0.0709,-0.9954,2.4144,0.7257633325703823,3.000000000000014,5.551115123125783e-17,-21.180000000000007
18.93799999915064,0.2105,-0.4649,0.6403999999999997,1.4363,-1.1529,2.884,0.6482673380636301,3.210000000000008,-0.4399999999999999,-20.58000000000001,0.2816,0.0,0.3406,-0.069,-0.9854,2.4132,0.7257633325703823,3.000000000000014,5.551115123125783e-17,-21.180000000000007
18.968999998643994,0.1996,-0.4703,0.6386,1.4151,-1.1756,2.8800000000000003,0.6482825970855268,3.210000000000008,-0.4399999999999999,-20.58000000000001,0.2808,0.0,0.3369999999999998,-0.0586,-0.9993,2.4092,0.7257633325703823,3.000000000000014,5.551115123125783e-17,-21.180000000000007
18.98499999940396,0.2115,-0.4691,0.6445999999999998,1.4166,-1.1801,2.8728,0.6482825970855268,3.210000000000008,-0.4399999999999999,-20.58000000000001,0.2767,0.0,0.3334,-0.0635,-0.988,2.4112,0.7257633325703823,3.000000000000014,5.551115123125783e-17,-21.180000000000007
19.0,0.2081,-0.463,0.6375999999999998,1.415,-1.1607,2.8744,0.6482673380636301,3.210000000000008,-0.4399999999999999,-20.58000000000001,0.2767,0.0,0.3366,-0.0663,-0.984,2.4156000000000004,0.7257633325703823,3.000000000000014,5.551115123125783e-17,-21.180000000000007
19.01599999889732,0.2034,-0.4584,0.6245999999999996,1.4297,-1.1616,2.8782,0.6482825970855268,3.210000000000008,-0.4399999999999999,-20.58000000000001,0.2794,0.0,0.3273999999999998,-0.0603,-1.0021,2.4176,0.7257633325703823,3.000000000000014,5.551115123125783e-17,-21.180000000000007
19.04700000025332,0.2053,-0.4656,0.6368,1.4186,-1.1623,2.879,0.64822156099794,3.210000000000008,-0.4399999999999999,-20.58000000000001,0.2733,0.0,0.3429999999999998,-0.0777,-1.006,2.4078,0.7257633325703823,3.000000000000014,5.551115123125783e-17,-21.180000000000007
19.06299999915064,0.2116,-0.4551,0.6384,1.4253,-1.1619,2.8798,0.64822156099794,3.210000000000008,-0.4399999999999999,-20.58000000000001,0.2698,0.0,0.3312,-0.0561,-1.0042,2.417,0.7257633325703823,3.000000000000014,5.551115123125783e-17,-21.180000000000007
19.10999999940396,0.2112,-0.4615,0.632,1.4297,-1.1689,2.888,0.64817578393225,3.210000000000008,-0.4399999999999999,-20.58000000000001,0.2639,0.0,0.3276,-0.078,-1.003,2.4092,0.7257633325703823,3.000000000000014,5.551115123125783e-17,-21.180000000000007
19.125,0.2134,-0.4644,0.6382,1.4307,-1.1612,2.8704,0.64817578393225,3.210000000000008,-0.4399999999999999,-20.58000000000001,0.2703,0.0,0.3343999999999998,-0.0751,-0.9891,2.4212,0.7257633325703823,3.000000000000014,5.551115123125783e-17,-21.180000000000007
19.14099999889732,0.2139,-0.4632,0.6432,1.4332,-1.1632,2.8745999999999996,0.64817578393225,3.210000000000008,-0.4399999999999999,-20.58000000000001,0.2726,0.0,0.3362,-0.0624,-0.9879,2.4146,0.7257633325703823,3.000000000000014,5.551115123125783e-17,-21.180000000000007
19.15599999949336,0.2141,-0.4663,0.6375999999999998,1.4285,-1.1424,2.8744,0.6481910429541466,3.210000000000008,-0.4399999999999999,-20.58000000000001,0.2929,0.0,0.333,-0.0642,-1.0053,2.410200000000001,0.7257633325703823,3.000000000000014,5.551115123125783e-17,-21.080000000000013
19.18799999915064,0.2009,-0.463,0.6332,1.4269,-1.1671,2.8707999999999996,0.64817578393225,3.210000000000008,-0.4399999999999999,-20.58000000000001,0.2693,0.0,0.3298,-0.0617,-0.9996,2.4194000000000004,0.7257633325703823,3.000000000000014,5.551115123125783e-17,-21.080000000000013
19.20299999974668,0.2165,-0.4678,0.6427999999999998,1.4312,-1.1622,2.8745999999999996,0.6481910429541466,3.210000000000008,-0.4399999999999999,-20.58000000000001,0.2836,0.0,0.336,-0.065,-1.0063,2.4214,0.7257633325703823,3.000000000000014,5.551115123125783e-17,-21.080000000000013
19.218999998643994,0.2123,-0.4651,0.6338,1.4268,-1.158,2.8744,0.6481910429541466,3.210000000000008,-0.4399999999999999,-20.58000000000001,0.2687,0.0,0.3257999999999998,-0.0599,-1.0004,2.4202,0.7257633325703823,3.000000000000014,5.551115123125783e-17,-21.080000000000013
19.23499999940396,0.1976,-0.4386,0.6038,1.3915,-1.1434,2.8110000000000004,0.6481910429541466,3.210000000000008,-0.4399999999999999,-20.58000000000001,0.2685,0.0,0.3343999999999998,-0.0625,-1.0082,2.4064,0.7257633325703823,3.000000000000014,5.551115123125783e-17,-21.080000000000013
19.25,0.1147,-0.3348,0.4676,1.2965,-1.0658,2.5856,0.6481605249103533,3.1099999999999994,-0.4399999999999999,-20.58000000000001,0.3113,0.0,0.2896,-0.0773,-0.9704,2.368,0.7257633325703823,3.000000000000014,5.551115123125783e-17,-21.080000000000013
19.28099999949336,0.0678,-0.2853,0.3824,1.1465,-0.9212,2.2326,0.6481300068665599,2.910000000000011,-0.3399999999999999,-20.58000000000001,0.3279,0.0,0.1902,-0.0619,-0.9128,2.1384,0.7257633325703823,2.9000000000000057,5.551115123125783e-17,-21.080000000000013
19.29700000025332,0.0314,-0.2215,0.293,0.9622,-0.7208,1.839,0.6465888456549934,2.510000000000005,-0.3399999999999999,-20.58000000000001,0.2589,0.0,0.1221999999999998,0.0,-0.8311,1.7824,0.7257633325703823,2.700000000000003,5.551115123125783e-17,-21.080000000000013
19.31299999915064,0.0,-0.1624,0.2051999999999996,0.8217,-0.6072,1.5321999999999998,0.641934843976501,2.010000000000005,-0.2399999999999999,-20.58000000000001,0.2595,0.0,0.0861999999999996,0.0,-0.6952,1.4186000000000003,0.7257633325703823,2.300000000000012,5.551115123125783e-17,-21.080000000000013
19.32799999974668,0.0,-0.1394,0.1408,0.6741,-0.531,1.3452,0.636105897611963,1.5100000000000051,-0.2399999999999999,-20.58000000000001,0.2505,0.0,0.0384,0.0,-0.5596,1.1944,0.7088105592431525,1.9000000000000057,5.551115123125783e-17,-21.080000000000013
19.343999998643994,0.0,-0.1381,0.1211999999999996,0.5396,-0.4154,1.2788,0.610470740825513,1.1099999999999994,-0.1399999999999999,-20.58000000000001,0.2143,0.0,0.0059999999999998,0.0,-0.4625,1.0194,0.7088105592431525,1.6000000000000083,5.551115123125783e-17,-21.080000000000013
19.375,0.0,-0.1211,0.0815999999999998,0.5132,-0.4693,1.1288,0.5956237125200274,0.710000000000008,-0.1399999999999999,-20.58000000000001,0.18,0.0,0.0,0.0,-0.4132,0.8962,0.7088105592431525,1.2000000000000028,5.551115123125783e-17,-21.080000000000013
19.39099999889732,0.0,-0.0782,0.0336,0.4469,-0.7009,1.2158000000000002,0.564983596551461,0.4100000000000108,-0.0399999999999999,-20.58000000000001,0.1649,0.0,0.0,0.0,-0.4319,0.8392,0.7088105592431525,0.9000000000000057,5.551115123125783e-17,-21.080000000000013
19.40599999949336,0.0,-0.0697,0.0,0.4088,-0.7787,1.2216,0.5547447928587778,0.2100000000000079,-0.0399999999999999,-20.58000000000001,0.1752,0.0,0.0,0.0,-0.4812,0.8266,0.6933989471274892,0.7000000000000028,5.551115123125783e-17,-21.080000000000013
19.42200000025332,0.0,-0.0731,0.0,0.3754,-0.6948,1.0866,0.5165056839856564,0.0100000000000051,-0.0399999999999999,-20.58000000000001,0.1825,0.0,0.0,0.0,-0.488,0.8729999999999998,0.6836942092011902,0.5000000000000142,5.551115123125783e-17,-21.080000000000013
19.43799999915064,0.0,-0.0766,0.0,0.3355,-0.528,0.9076,0.3980804150453956,-0.0899999999999892,-0.0399999999999999,-20.58000000000001,0.183,0.0,0.0,0.0014,-0.4527,0.84,0.6764919508659495,0.4000000000000057,5.551115123125783e-17,-21.080000000000013
19.45299999974668,0.0,-0.0596,0.0,0.2961,-0.441,0.7966,0.2793041886015106,-0.1899999999999977,-0.0399999999999999,-20.58000000000001,0.1813,0.0,0.0,0.0091,-0.4316,0.7426,0.6355367360952163,0.2000000000000028,5.551115123125783e-17,-21.080000000000013
19.468999998643994,0.0,-0.0485,0.0,0.2823,-0.375,0.706,0.2444983596551461,-0.289999999999992,-0.0399999999999999,-20.58000000000001,0.1489,0.0,0.0,0.0,-0.3819,0.643,0.5060486762798505,0.1000000000000085,5.551115123125783e-17,-21.080000000000013
19.5,0.0,-0.0539,0.0,0.276,-0.2992,0.6239999999999998,0.2051300831616693,-0.3900000000000005,-0.0399999999999999,-20.58000000000001,0.1157,0.0,0.0,0.0,-0.3124,0.5138,0.4122056916151675,1.4210854715202004e-14,5.551115123125783e-17,-21.080000000000013
19.51599999889732,0.0,-0.044,0.0,0.2576,-0.2434,0.5666,0.1883451590753032,-0.3900000000000005,0.06,-20.58000000000001,0.1067,0.0,0.0,0.0,-0.269,0.4316,0.2801541161211566,-0.0999999999999943,5.551115123125783e-17,-21.080000000000013
19.53099999949336,0.0,-0.0461,0.0,0.2767,-0.2196,0.5728,0.1493278400854505,-0.4899999999999949,0.06,-20.58000000000001,0.0928,0.0,0.0,0.0,-0.2342,0.3808,0.2212390325780117,-0.0999999999999943,5.551115123125783e-17,-21.080000000000013
19.54700000025332,0.0,-0.0453,0.0,0.2588,-0.1833,0.5458,0.1158037689784085,-0.4899999999999949,0.06,-20.58000000000001,0.085,0.0,0.0,0.0,-0.2124,0.3355999999999998,0.1877302204928664,-0.1999999999999886,5.551115123125783e-17,-21.080000000000013
19.56299999915064,0.0,-0.0418,0.0,0.2372,-0.1522,0.4887999999999998,0.1110429541466392,-0.4899999999999949,0.06,-20.680000000000007,0.0652,0.0,0.0,0.0,-0.1929,0.2806,0.1518867780575265,-0.1999999999999886,5.551115123125783e-17,-21.080000000000013
19.57799999974668,0.0,-0.0384,0.0,0.2097,-0.1302,0.4458,0.1017654688334477,-0.4899999999999949,0.06,-20.680000000000007,0.0654,0.0,0.0,0.0,-0.1732,0.2547999999999998,0.1204531929503319,-0.2999999999999971,5.551115123125783e-17,-20.98000000000001
19.60999999940396,0.0,-0.007,0.0,0.2045,-0.1143,0.4152,0.1012466620889601,-0.4899999999999949,0.06,-20.680000000000007,0.065,0.0,0.0,0.0,-0.154,0.222,0.1194155794613565,-0.2999999999999971,5.551115123125783e-17,-20.98000000000001
19.625,0.0,-0.01,0.0,0.1876,-0.0943,0.3797999999999998,0.098133821622034,-0.4899999999999949,0.06,-20.680000000000007,0.047,0.0,0.0,0.0,-0.1387,0.1889999999999998,0.1188204776073853,-0.2999999999999971,5.551115123125783e-17,-20.98000000000001
19.64099999889732,0.0,0.0,0.0,0.1731,-0.0719,0.3579999999999998,0.0973708705271992,-0.4899999999999949,0.06,-20.680000000000007,0.0394,0.0,0.0,0.0,-0.1233,0.1735999999999996,0.1094209201190204,-0.2999999999999971,5.551115123125783e-17,-20.98000000000001
19.65599999949336,0.0,-0.001,0.0,0.1714,-0.0557,0.3448,0.0954787518120088,-0.4899999999999949,0.06,-20.680000000000007,0.0382,0.0,0.0,0.0,-0.114,0.1444,0.1037293049515526,-0.2999999999999971,5.551115123125783e-17,-20.98000000000001
19.67200000025332,0.0,-0.0056,0.0,0.1552,-0.0593,0.3046,0.0942580300602731,-0.4899999999999949,0.06,-20.680000000000007,0.031,0.0,0.0,0.0,-0.1154,0.1247999999999996,0.1018524452582589,-0.3999999999999915,5.551115123125783e-17,-20.98000000000001
19.68799999915064,0.0,0.0,0.0,0.1492,-0.0428,0.289,0.0932356755931944,-0.4899999999999949,0.06,-20.680000000000007,0.0191,0.0,0.0,0.0,-0.0939,0.1043999999999998,0.0989074540321965,-0.3999999999999915,5.551115123125783e-17,-20.98000000000001
19.70299999974668,0.0,0.0,0.0,0.1383,-0.0366,0.2733999999999998,0.0929457541771572,-0.4899999999999949,0.06,-20.680000000000007,0.02,0.0,0.0,0.0,-0.0899,0.0847999999999996,0.0954436560616464,-0.3999999999999915,5.551115123125783e-17,-20.98000000000001
19.718999998643994,0.0,0.0,0.0,0.1171,-0.0342,0.2483999999999998,0.0925337605859464,-0.5899999999999892,0.06,-20.680000000000007,0.0219,0.0,0.0,0.0,-0.0701,0.0774,0.0940245670252537,-0.3999999999999915,5.551115123125783e-17,-20.98000000000001
19.73499999940396,0.0,0.0,0.0,0.1115,-0.0233,0.2301999999999996,0.0924269474326695,-0.4899999999999949,0.06,-20.680000000000007,0.0073,0.0,0.0,0.0,-0.0707,0.0412,0.093002212558175,-0.3999999999999915,5.551115123125783e-17,-20.98000000000001
19.76599999889732,0.0,0.0,0.0,0.1224,-0.0143,0.229,0.0923353933012894,-0.4899999999999949,0.06,-20.680000000000007,0.0158,0.0,0.0,0.0,-0.0662,0.0404,0.0916899366750591,-0.3999999999999915,5.551115123125783e-17,-20.98000000000001
19.78099999949336,0.0,0.0,0.0,0.0932,-0.0127,0.1945999999999996,0.0922133211261158,-0.4899999999999949,0.06,-20.680000000000007,0.0059,0.0,0.0,0.0,-0.0521,0.0236,0.0906065461203937,-0.3999999999999915,5.551115123125783e-17,-20.98000000000001
19.79700000025332,0.0,0.0,0.0,0.0943,-0.0015,0.1849999999999998,0.0920759899290455,-0.4899999999999949,0.06,-20.680000000000007,0.0,0.0,0.0,0.0,-0.0463,0.0168,0.0894163424124513,-0.3999999999999915,5.551115123125783e-17,-20.98000000000001
19.81299999915064,0.0,0.0,0.0,0.0875,0.0,0.1764,0.0918318455786984,-0.4899999999999949,0.06,-20.680000000000007,0.0,0.0,0.0,0.0,-0.0333,0.0,0.088226138704509,-0.3999999999999915,5.551115123125783e-17,-20.98000000000001
19.82799999974668,0.0,0.0,0.0,0.0786,0.0,0.1582,0.0916334782940413,-0.4899999999999949,0.06,-20.680000000000007,0.0,0.0,0.0,0.0,-0.035,0.0,0.0859372854200046,-0.3999999999999915,5.551115123125783e-17,-20.98000000000001
19.843999998643994,0.0,0.0,0.0,0.0636,0.0,0.1423999999999996,0.0912825207904173,-0.4899999999999949,0.06,-20.680000000000007,0.0,0.0,0.0,0.0,-0.025,0.0,0.0851743343251697,-0.3999999999999915,5.551115123125783e-17,-20.98000000000001
19.85999999940396,0.0,0.0,0.0,0.0762,0.0,0.127,0.0912367437247272,-0.4899999999999949,0.06,-20.680000000000007,0.0,0.0,0.0,0.0,-0.0339,0.0,0.0841977569237812,-0.3999999999999915,5.551115123125783e-17,-20.98000000000001
19.875,0.0,0.0,0.0,0.0679,0.0,0.1255999999999996,0.091145189593347,-0.3900000000000005,0.06,-20.680000000000007,0.0,0.0,0.0,0.0,-0.0153,0.0,0.0836484321355001,-0.3999999999999915,5.551115123125783e-17,-20.98000000000001
19.89099999889732,0.0,0.0,0.0,0.0643,0.0,0.1095999999999998,0.0911146715495536,-0.3900000000000005,0.06,-20.680000000000007,0.0,0.0,0.0,0.0,-0.0249,0.0,0.0829770351720455,-0.3999999999999915,5.551115123125783e-17,-20.98000000000001
19.92200000025332,0.0,0.0,0.0,0.0537,0.0,0.0944,0.0910688944838636,-0.289999999999992,0.06,-20.680000000000007,0.0,0.0,0.0,0.0,-0.0057,0.0,0.082595559624628,-0.2999999999999971,5.551115123125783e-17,-20.98000000000001
19.93799999915064,0.0,0.0,0.0,0.0417,0.0,0.086,0.0910383764400702,-0.289999999999992,0.06,-20.680000000000007,0.0,0.0,0.0,0.0,-0.0099,0.0,0.0822140840772106,-0.2999999999999971,5.551115123125783e-17,-20.98000000000001
19.95299999974668,0.0,0.0,0.0,0.051,0.0,0.0739999999999996,0.0910383764400702,-0.289999999999992,0.06,-20.680000000000007,0.0,0.0,0.0,0.0,-0.011,0.0,0.0822140840772106,-0.2999999999999971,5.551115123125783e-17,-20.98000000000001
19.968999998643994,0.0,0.0,0.0,0.0335,0.0,0.0738,0.0910383764400702,-0.289999999999992,0.06,-20.680000000000007,0.0,0.0,0.0,0.0,0.0,0.0,0.0821530479896238,-0.2999999999999971,5.551115123125783e-17,-20.98000000000001
19.98499999940396,0.0,0.0,0.0,0.0269,0.0,0.0572,0.0910383764400702,-0.289999999999992,0.06,-20.680000000000007,0.0,0.0,0.0,0.0,0.0,0.0,0.08189364461738,-0.2999999999999971,5.551115123125783e-17,-20.98000000000001
20.0,0.0,0.0,0.0,0.023,0.0,0.0495999999999996,0.0910383764400702,-0.289999999999992,-0.0399999999999999,-20.680000000000007,0.0,0.0,0.0,0.0,0.0,0.0,0.081695277332723,-0.1999999999999886,5.551115123125783e-17,-20.98000000000001
20.01599999889732,0.0,0.0,0.0,0.0236,0.0,0.0479999999999998,0.0910383764400702,-0.1899999999999977,-0.0399999999999999,-20.680000000000007,0.0,0.0,0.0,0.0,0.0,0.0,0.081695277332723,-0.1999999999999886,5.551115123125783e-17,-20.98000000000001
20.03099999949336,0.0,0.0,0.0,0.0341,0.0,0.0352,0.0910688944838636,-0.1899999999999977,-0.0399999999999999,-20.680000000000007,0.0,0.0,0.0,0.0,0.0,0.0,0.081695277332723,-0.1999999999999886,5.551115123125783e-17,-20.98000000000001
20.04700000025332,0.0,0.0,0.0,0.0055,0.0,0.0198,0.0910994125276569,-0.1899999999999977,-0.0399999999999999,-20.680000000000007,0.0,0.0,0.0,0.0,0.0,0.0,0.081695277332723,-0.1999999999999886,5.551115123125783e-17,-20.98000000000001
20.06299999915064,0.0,0.0,0.0,0.0166,0.0,0.0239999999999998,0.0912825207904173,-0.1899999999999977,-0.0399999999999999,-20.680000000000007,0.0,0.0,0.0,0.0,0.0,0.0,0.081695277332723,-0.1999999999999886,5.551115123125783e-17,-20.98000000000001
20.07799999974668,0.0,0.0,0.0,0.0251,0.0,0.0206,0.091297779812314,-0.1899999999999977,0.06,-20.680000000000007,0.0,0.0,0.0,0.0,0.0,0.0,0.0818020904859998,-0.1999999999999886,5.551115123125783e-17,-20.98000000000001
20.093999998643994,0.0,0.0,0.0,0.0,0.0,0.0,0.0913435568780041,-0.1899999999999977,0.06,-20.680000000000007,0.0,0.0,0.0,0.0,0.0,0.0,0.082046234836347,-0.1999999999999886,5.551115123125783e-17,-20.98000000000001
20.125,0.0,0.0,0.0,0.0124,0.0,0.0,0.0914656290531777,-0.1899999999999977,-0.0399999999999999,-20.680000000000007,0.0,0.0,0.0,0.0,0.0,0.0,0.082046234836347,-0.1999999999999886,5.551115123125783e-17,-20.98000000000001
20.14099999889732,0.0,0.0,0.0,0.0055,0.0,0.0,0.0914656290531777,-0.1899999999999977,-0.0399999999999999,-20.680000000000007,0.0,0.0,0.0,0.0,0.0,0.0,0.082046234836347,-0.1999999999999886,5.551115123125783e-17,-20.98000000000001
20.15599999949336,0.0,0.0,0.0,0.0,0.0,0.0,0.0915114061188678,-0.1899999999999977,-0.0399999999999999,-20.680000000000007,0.0,0.0,0.0,0.0,0.0,0.0,0.0820157167925536,-0.1999999999999886,5.551115123125783e-17,-20.98000000000001
20.17200000025332,0.0,0.0,0.0,0.0,0.0,0.0,0.0915419241626611,-0.1899999999999977,-0.0399999999999999,-20.680000000000007,0.0,0.0,0.0,0.0,0.0,0.0,0.0820157167925536,-0.1999999999999886,5.551115123125783e-17,-20.98000000000001
20.18799999915064,0.0,0.0,0.0,0.0,0.0,0.0,0.0916334782940413,-0.1899999999999977,-0.0399999999999999,-20.680000000000007,0.0,0.0,0.0,0.0,0.0,0.0,0.0820157167925536,-0.1999999999999886,5.551115123125783e-17,-20.98000000000001
20.20299999974668,0.0,0.0,0.0,0.0,0.0,0.0,0.0917708094911116,-0.1899999999999977,0.06,-20.680000000000007,0.0,0.0,0.0,0.0,0.0,0.0,0.0820157167925536,-0.1999999999999886,5.551115123125783e-17,-20.98000000000001
20.218999998643994,0.0,0.0,0.0,0.0,0.0,0.0,0.0920302128633554,-0.1899999999999977,0.06,-20.680000000000007,0.0,0.0,0.0,0.0,0.0,0.0,0.0820157167925536,-0.1999999999999886,5.551115123125783e-17,-20.98000000000001
20.23499999940396,0.0,0.0,0.0,0.0,0.0,0.0,0.0920302128633554,-0.1899999999999977,0.06,-20.680000000000007,0.0,0.0,0.0,0.0,0.0,0.0,0.0820157167925536,-0.1999999999999886,5.551115123125783e-17,-20.98000000000001
20.25,0.0,0.0,0.0,0.0,0.0,0.0,0.0919539177538719,-0.1899999999999977,-0.0399999999999999,-20.680000000000007,0.0,0.0,0.0,0.0,0.0,0.0,0.0821683070115205,-0.1999999999999886,5.551115123125783e-17,-20.98000000000001
20.26599999889732,0.0,0.0,0.0,0.0,0.0,0.0,0.0920149538414587,-0.1899999999999977,-0.0399999999999999,-20.680000000000007,0.0,0.0,0.0,0.0,0.0,0.0,0.0821835660334172,-0.1999999999999886,5.551115123125783e-17,-20.98000000000001
20.28099999949336,0.0,0.0,0.0,0.0,0.0,0.0,0.0920149538414587,-0.0899999999999892,-0.0399999999999999,-20.680000000000007,0.0,0.0,0.0,0.0,0.0,0.0,0.0821988250553139,-0.1999999999999886,5.551115123125783e-17,-20.98000000000001
20.29700000025332,0.0,0.0,0.0,0.0,0.0,0.0,0.0919539177538719,-0.0899999999999892,-0.0399999999999999,-20.680000000000007,0.0,0.0,0.0,0.0,0.0,0.0,0.0821988250553139,-0.1999999999999886,5.551115123125783e-17,-20.98000000000001
20.31299999915064,0.0,0.0,0.0,0.0,0.0,0.0,0.0919539177538719,-0.0899999999999892,-0.0399999999999999,-20.680000000000007,0.0,0.0,0.0,0.0,0.0,0.0,0.0821988250553139,-0.1999999999999886,5.551115123125783e-17,-20.98000000000001
20.343999998643994,0.0,0.0,0.0,0.0,0.0,0.0,0.0919539177538719,-0.0899999999999892,-0.0399999999999999,-20.680000000000007,0.0,0.0,0.0,0.0,0.0,0.0,0.0821835660334172,-0.1999999999999886,5.551115123125783e-17,-20.98000000000001
20.35999999940396,0.0,0.0,0.0,0.0,0.0,0.0,0.0920149538414587,-0.0899999999999892,-0.0399999999999999,-20.680000000000007,0.0,0.0,0.0,0.0,0.0,0.0,0.081390096894789,-0.1999999999999886,5.551115123125783e-17,-20.98000000000001
20.375,0.0,0.0,0.0,0.0,0.0,0.0,0.092152285038529,-0.0899999999999892,-0.0399999999999999,-20.680000000000007,0.0,0.0,0.0,0.0,0.0,0.0,0.0821683070115205,-0.1999999999999886,5.551115123125783e-17,-20.98000000000001
20.39099999889732,0.0,0.0,0.0,0.0,0.0,0.0,0.0921828030823224,-0.0899999999999892,-0.0399999999999999,-20.680000000000007,0.0,0.0,0.0,0.0,0.0,0.0,0.0809018081940947,-0.1999999999999886,5.551115123125783e-17,-20.98000000000001
20.40599999949336,0.0,0.0,0.0,0.0,0.0,0.0,0.0923353933012894,-0.0899999999999892,-0.0399999999999999,-20.680000000000007,0.0,0.0,0.0,0.0,0.0,0.0,0.0821835660334172,-0.1999999999999886,5.551115123125783e-17,-20.98000000000001
20.42200000025332,0.0,0.0,0.0,0.0,0.0,0.0,0.0923353933012894,-0.0899999999999892,-0.0399999999999999,-20.680000000000007,0.0,0.0,0.0,0.0,0.0,0.0,0.0829312581063554,-0.1999999999999886,5.551115123125783e-17,-20.98000000000001
20.43799999915064,0.0,0.0,0.0,0.0,0.0,0.0,0.0924574654764629,-0.0899999999999892,-0.0399999999999999,-20.680000000000007,0.0,0.0,0.0,0.0,0.0,0.0,0.0821988250553139,-0.1999999999999886,5.551115123125783e-17,-20.98000000000001
20.45299999974668,0.0,0.0,0.0,0.0,0.0,0.0,0.0924574654764629,-0.0899999999999892,-0.0399999999999999,-20.680000000000007,0.0,0.0,0.0,0.0,0.0,0.0,0.0822140840772106,-0.1999999999999886,5.551115123125783e-17,-20.98000000000001
20.468999998643994,0.0,0.0,0.0,0.0,0.0,0.0,0.0926253147173266,-0.0899999999999892,-0.0399999999999999,-20.680000000000007,0.0,0.0,0.0,0.0,0.0,0.0,0.0822140840772106,-0.1999999999999886,5.551115123125783e-17,-20.98000000000001
20.48499999940396,0.0,0.0,0.0,0.0,0.0,0.0,0.0926253147173266,-0.0899999999999892,-0.0399999999999999,-20.680000000000007,0.0,0.0,0.0,0.0,0.0,0.0,0.0822140840772106,-0.1999999999999886,5.551115123125783e-17,-20.98000000000001
20.5,0.0,0.0,0.0,0.0,0.0,0.0,0.0926405737392233,-0.0899999999999892,-0.0399999999999999,-20.680000000000007,0.0,0.0,0.0,0.0,0.0,0.0,0.0825650415808346,-0.1999999999999886,5.551115123125783e-17,-20.98000000000001
20.53099999949336,0.0,0.0,0.0,0.0,0.0,0.0,0.0927016098268101,-0.0899999999999892,-0.0399999999999999,-20.680000000000007,0.0,0.0,0.0,0.0,0.0,0.0,0.0826108186465247,-0.1999999999999886,5.551115123125783e-17,-20.98000000000001
20.54700000025332,0.0,0.0,0.0,0.0,0.0,0.0,0.0927473868925002,-0.0899999999999892,-0.0399999999999999,-20.680000000000007,0.0,0.0,0.0,0.0,0.0,0.0,0.0826108186465247,-0.1999999999999886,5.551115123125783e-17,-20.98000000000001
20.56299999915064,0.0,0.0,0.0,0.0,0.0,0.0,0.0927473868925002,-0.0899999999999892,-0.0399999999999999,-20.680000000000007,0.0,0.0,0.0,0.0,0.0,0.0,0.0826108186465247,-0.1999999999999886,5.551115123125783e-17,-20.98000000000001
20.57799999974668,0.0,0.0,0.0,0.0,0.0,0.0,0.0927779049362935,-0.0899999999999892,-0.0399999999999999,-20.680000000000007,0.0,0.0,0.0,0.0,0.0,0.0,0.0825650415808346,-0.1999999999999886,5.551115123125783e-17,-20.98000000000001
20.593999998643994,0.0,0.0,0.0,0.0,0.0,0.0,0.0927779049362935,-0.0899999999999892,-0.0399999999999999,-20.680000000000007,0.0,0.0,0.0,0.0,0.0,0.0,0.0825650415808346,-0.1999999999999886,5.551115123125783e-17,-20.98000000000001
20.60999999940396,0.0,0.0,0.0,0.0,0.0,0.0,0.0927779049362935,-0.0899999999999892,-0.0399999999999999,-20.680000000000007,0.0,0.0,0.0,0.0,0.0,0.0,0.0825650415808346,-0.1999999999999886,5.551115123125783e-17,-20.98000000000001
20.625,0.0,0.0,0.0,0.0,0.0,0.0,0.0928236820019836,-0.0899999999999892,-0.0399999999999999,-20.680000000000007,0.0,0.0,0.0,0.0,0.0,0.0,0.0826718547341115,-0.1999999999999886,5.551115123125783e-17,-20.98000000000001
20.64099999889732,0.0,0.0,0.0,0.0,0.0,0.0,0.0928236820019836,-0.0899999999999892,-0.0399999999999999,-20.680000000000007,0.0,0.0,0.0,0.0,0.0,0.0,0.0826718547341115,-0.1999999999999886,5.551115123125783e-17,-20.98000000000001
20.65599999949336,0.0,0.0,0.0,0.0,0.0,0.0,0.0928389410238803,-0.0899999999999892,-0.0399999999999999,-20.680000000000007,0.0,0.0,0.0,0.0,0.0,0.0,0.0826718547341115,-0.1999999999999886,5.551115123125783e-17,-20.98000000000001
20.67200000025332,0.0,0.0,0.0,0.0,0.0,0.0,0.0928389410238803,0.0100000000000051,-0.0399999999999999,-20.680000000000007,0.0,0.0,0.0,0.0,0.0,0.0,0.0827023727779049,-0.1999999999999886,5.551115123125783e-17,-20.98000000000001
20.68799999915064,0.0,0.0,0.0,0.0,0.0,0.0,0.0929152361333638,0.0100000000000051,-0.0399999999999999,-20.680000000000007,0.0,0.0,0.0,0.0,0.0,0.0,0.0827023727779049,-0.1999999999999886,5.551115123125783e-17,-20.98000000000001
20.70299999974668,0.0,0.0,0.0,0.0,0.0,0.0,0.0929304951552605,0.0100000000000051,-0.0399999999999999,-20.680000000000007,0.0,0.0,0.0,0.0,0.0,0.0,0.0827023727779049,-0.1999999999999886,5.551115123125783e-17,-20.98000000000001
20.73499999940396,0.0,0.0,0.0,0.0,0.0,0.0,0.0929457541771572,0.0100000000000051,-0.0399999999999999,-20.680000000000007,0.0,0.0,0.0,0.0,0.0,0.0,0.0826718547341115,-0.1999999999999886,5.551115123125783e-17,-20.98000000000001
20.75,0.0,0.0,0.0,0.0,0.0,0.0,0.0929457541771572,0.0100000000000051,-0.0399999999999999,-20.680000000000007,0.0,0.0,0.0,0.0,0.0,0.0,0.0826565957122148,-0.1999999999999886,5.551115123125783e-17,-20.98000000000001
20.76599999889732,0.0,0.0,0.0,0.0,0.0,0.0,0.0929610131990539,0.0100000000000051,-0.0399999999999999,-20.680000000000007,0.0,0.0,0.0,0.0,0.0,0.0,0.0826565957122148,-0.1999999999999886,5.551115123125783e-17,-20.98000000000001
20.78099999949336,0.0,0.0,0.0,0.0,0.0,0.0,0.093006790264744,0.0100000000000051,-0.0399999999999999,-20.680000000000007,0.0,0.0,0.0,0.0,0.0,0.0,0.0826565957122148,-0.1999999999999886,5.551115123125783e-17,-20.98000000000001
20.79700000025332,0.0,0.0,0.0,0.0,0.0,0.0,0.0930525673304341,0.0100000000000051,-0.0399999999999999,-20.680000000000007,0.0,0.0,0.0,0.0,0.0,0.0,0.0826565957122148,-0.1999999999999886,5.551115123125783e-17,-20.98000000000001
20.81299999915064,0.0,0.0,0.0,0.0,0.0,0.0,0.0931288624399176,0.0100000000000051,-0.0399999999999999,-20.680000000000007,0.0,0.0,0.0,0.0,0.0,0.0,0.0826718547341115,-0.1999999999999886,5.551115123125783e-17,-20.98000000000001
20.82799999974668,0.0,0.0,0.0,0.0,0.0,0.0,0.0932204165712977,0.0100000000000051,-0.0399999999999999,-20.680000000000007,0.0,0.0,0.0,0.0,0.0,0.0,0.0826871137560082,-0.1999999999999886,5.551115123125783e-17,-20.98000000000001
20.843999998643994,0.0,0.0,0.0,0.0,0.0,0.0,0.0932356755931944,0.0100000000000051,-0.0399999999999999,-20.680000000000007,0.0,0.0,0.0,0.0,0.0,0.0,0.0827634088654917,-0.1999999999999886,5.551115123125783e-17,-20.98000000000001
20.85999999940396,0.0,0.0,0.0,0.0,0.0,0.0,0.0932356755931944,0.0100000000000051,-0.0399999999999999,-20.680000000000007,0.0,0.0,0.0,0.0,0.0,0.0,0.0827634088654917,-0.1999999999999886,5.551115123125783e-17,-20.98000000000001
20.875,0.0,0.0,0.0,0.0,0.0,0.0,0.0932356755931944,0.0100000000000051,-0.0399999999999999,-20.680000000000007,0.0,0.0,0.0,0.0,0.0,0.0,0.0827634088654917,-0.1999999999999886,5.551115123125783e-17,-20.98000000000001
20.89099999889732,0.0,0.0,0.0,0.0,0.0,0.0,0.0932356755931944,0.0100000000000051,-0.0399999999999999,-20.680000000000007,0.0,0.0,0.0,0.0,0.0,0.0,0.0827328908216983,-0.1999999999999886,5.551115123125783e-17,-20.98000000000001
20.92200000025332,0.0,0.0,0.0,0.0,0.0,0.0,0.0932356755931944,0.0100000000000051,-0.0399999999999999,-20.680000000000007,0.0,0.0,0.0,0.0,0.0,0.0,0.0827328908216983,-0.1999999999999886,5.551115123125783e-17,-20.98000000000001
20.93799999915064,0.0,0.0,0.0,0.0,0.0,0.0,0.0932356755931944,0.0100000000000051,-0.0399999999999999,-20.680000000000007,0.0,0.0,0.0,0.0,0.0,0.0,0.0827328908216983,-0.1999999999999886,5.551115123125783e-17,-20.98000000000001
20.95299999974668,0.0,0.0,0.0,0.0,0.0,0.0,0.0932356755931944,0.0100000000000051,-0.0399999999999999,-20.680000000000007,0.0,0.0,0.0,0.0,0.0,0.0,0.0827634088654917,-0.1999999999999886,5.551115123125783e-17,-20.98000000000001
20.968999998643994,0.0,0.0,0.0,0.0,0.0,0.0,0.0932356755931944,0.0100000000000051,-0.0399999999999999,-20.680000000000007,0.0,0.0,0.0,0.0,0.0,0.0,0.0827634088654917,-0.1999999999999886,5.551115123125783e-17,-20.98000000000001
20.98499999940396,0.0,0.0,0.0,0.0,0.0,0.0,0.0932204165712977,0.0100000000000051,-0.0399999999999999,-20.680000000000007,0.0,0.0,0.0,0.0,0.0,0.0,0.0828244449530785,-0.1999999999999886,5.551115123125783e-17,-20.98000000000001
21.0,0.0,0.0,0.0,0.0,0.0,0.0,0.093205157549401,0.0100000000000051,-0.0399999999999999,-20.680000000000007,0.0,0.0,0.0,0.0,0.0,0.0,0.0829159990844587,-0.1999999999999886,5.551115123125783e-17,-20.98000000000001
21.01599999889732,0.0,0.0,0.0,0.0,0.0,0.0,0.0931746395056077,0.0100000000000051,-0.0399999999999999,-20.680000000000007,0.0,0.0,0.0,0.0,0.0,0.0,0.0829159990844587,-0.1999999999999886,5.551115123125783e-17,-20.98000000000001
21.03099999949336,0.0,0.0,0.0,0.0,0.0,0.0,0.0931746395056077,0.0100000000000051,-0.0399999999999999,-20.680000000000007,0.0,0.0,0.0,0.0,0.0,0.0,0.0829159990844587,-0.1999999999999886,5.551115123125783e-17,-20.98000000000001
21.04700000025332,0.0,0.0,0.0,0.0,0.0,0.0,0.0931746395056077,0.0100000000000051,-0.0399999999999999,-20.680000000000007,0.0,0.0,0.0,0.0,0.0,0.0,0.0829159990844587,-0.1999999999999886,5.551115123125783e-17,-20.98000000000001
21.06299999915064,0.0,0.0,0.0,0.0,0.0,0.0,0.0931746395056077,0.0100000000000051,-0.0399999999999999,-20.680000000000007,0.0,0.0,0.0,0.0,0.0,0.0,0.0829159990844587,-0.1999999999999886,5.551115123125783e-17,-20.98000000000001
21.07799999974668,0.0,0.0,0.0,0.0,0.0,0.0,0.0931746395056077,0.0100000000000051,-0.0399999999999999,-20.680000000000007,0.0,0.0,0.0,0.0,0.0,0.0,0.0829159990844587,-0.1999999999999886,5.551115123125783e-17,-20.98000000000001
21.093999998643994,0.0,0.0,0.0,0.0,0.0,0.0,0.093205157549401,0.0100000000000051,-0.0399999999999999,-20.680000000000007,0.0,0.0,0.0,0.0,0.0,0.0,0.0832669565880827,-0.1999999999999886,5.551115123125783e-17,-20.98000000000001
21.125,0.0,0.0,0.0,0.0,0.0,0.0,0.0933272297245746,0.0100000000000051,-0.0399999999999999,-20.680000000000007,0.0,0.0,0.0,0.0,0.0,0.0,0.0832974746318761,-0.1999999999999886,5.551115123125783e-17,-20.98000000000001
21.14099999889732,0.0,0.0,0.0,0.0,0.0,0.0,0.093357747768368,0.0100000000000051,-0.0399999999999999,-20.680000000000007,0.0,0.0,0.0,0.0,0.0,0.0,0.0833737697413596,-0.1999999999999886,5.551115123125783e-17,-20.98000000000001
21.15599999949336,0.0,0.0,0.0,0.0,0.0,0.0,0.0933730067902647,0.0100000000000051,-0.0399999999999999,-20.680000000000007,0.0,0.0,0.0,0.0,0.0,0.0,0.0835263599603265,-0.1999999999999886,5.551115123125783e-17,-20.98000000000001
21.17200000025332,0.0,0.0,0.0,0.0,0.0,0.0,0.0934187838559548,0.0100000000000051,-0.0399999999999999,-20.680000000000007,0.0,0.0,0.0,0.0,0.0,0.0,0.0836179140917067,-0.1999999999999886,5.551115123125783e-17,-20.98000000000001
21.18799999915064,0.0,0.0,0.0,0.0,0.0,0.0,0.0934187838559548,0.0100000000000051,-0.0399999999999999,-20.680000000000007,0.0,0.0,0.0,0.0,0.0,0.0,0.0836331731136034,-0.1999999999999886,5.551115123125783e-17,-20.98000000000001
21.20299999974668,0.0,0.0,0.0,0.0,0.0,0.0,0.0934187838559548,0.0100000000000051,-0.0399999999999999,-20.680000000000007,0.0,0.0,0.0,0.0,0.0,0.0,0.0836789501792935,-0.1999999999999886,5.551115123125783e-17,-20.98000000000001
21.218999998643994,0.0,0.0,0.0,0.0,0.0,0.0,0.0934340428778515,0.0100000000000051,-0.0399999999999999,-20.680000000000007,0.0,0.0,0.0,0.0,0.0,0.0,0.0836942092011902,-0.1999999999999886,5.551115123125783e-17,-20.98000000000001
21.23499999940396,0.0,0.0,0.0,0.0,0.0,0.0,0.0934340428778515,0.0100000000000051,-0.0399999999999999,-20.680000000000007,0.0,0.0,0.0,0.0,0.0,0.0,0.0837247272449836,-0.1999999999999886,5.551115123125783e-17,-20.98000000000001
21.25,0.0,0.0,0.0,0.0,0.0,0.0,0.0934340428778515,0.0100000000000051,-0.0399999999999999,-20.680000000000007,0.0,0.0,0.0,0.0,0.0,0.0,0.0838162813763638,-0.1999999999999886,5.551115123125783e-17,-20.98000000000001
21.26599999889732,0.0,0.0,0.0,0.0,0.0,0.0,0.0934340428778515,0.0100000000000051,-0.0399999999999999,-20.680000000000007,0.0,0.0,0.0,0.0,0.0,0.0,0.0838620584420538,-0.1999999999999886,5.551115123125783e-17,-20.98000000000001
21.28099999949336,0.0,0.0,0.0,0.0,0.0,0.0,0.0934340428778515,0.0100000000000051,-0.0399999999999999,-20.680000000000007,0.0,0.0,0.0,0.0,0.0,0.0,0.0838925764858472,-0.1999999999999886,5.551115123125783e-17,-20.98000000000001
21.29700000025332,0.0,0.0,0.0,0.0,0.0,0.0,0.0934187838559548,0.1099999999999994,-0.0399999999999999,-20.680000000000007,0.0,0.0,0.0,0.0,0.0,0.0,0.0839993896391241,-0.1999999999999886,5.551115123125783e-17,-20.98000000000001
21.32799999974668,0.0,0.0,0.0,0.0,0.0,0.0,0.0934035248340581,0.1099999999999994,-0.0399999999999999,-20.680000000000007,0.0,0.0,0.0,0.0,0.0,0.0,0.0839993896391241,-0.1999999999999886,5.551115123125783e-17,-20.98000000000001
21.343999998643994,0.0,0.0,0.0,0.0,0.0,0.0,0.0934035248340581,0.1099999999999994,-0.0399999999999999,-20.680000000000007,0.0,0.0,0.0,0.0,0.0,0.0,0.0839993896391241,-0.1999999999999886,5.551115123125783e-17,-20.98000000000001
21.35999999940396,0.0,0.0,0.0,0.0,0.0,0.0,0.0934035248340581,0.1099999999999994,-0.0399999999999999,-20.680000000000007,0.0,0.0,0.0,0.0,0.0,0.0,0.0839993896391241,-0.1999999999999886,5.551115123125783e-17,-20.98000000000001
21.375,0.0,0.0,0.0,0.0,0.0,0.0,0.0934035248340581,0.1099999999999994,-0.0399999999999999,-20.680000000000007,0.0,0.0,0.0,0.0,0.0,0.0,0.0839993896391241,-0.1999999999999886,5.551115123125783e-17,-20.98000000000001
21.39099999889732,0.0,0.0,0.0,0.0,0.0,0.0,0.0934035248340581,0.1099999999999994,-0.0399999999999999,-20.680000000000007,0.0,0.0,0.0,0.0,0.0,0.0,0.0840756847486076,-0.1999999999999886,5.551115123125783e-17,-20.98000000000001
21.40599999949336,0.0,0.0,0.0,0.0,0.0,0.0,0.0934035248340581,0.1099999999999994,-0.0399999999999999,-20.680000000000007,0.0,0.0,0.0,0.0,0.0,0.0,0.0840756847486076,-0.1999999999999886,5.551115123125783e-17,-20.98000000000001
21.42200000025332,0.0,0.0,0.0,0.0,0.0,0.0,0.0934035248340581,0.1099999999999994,-0.0399999999999999,-20.680000000000007,0.0,0.0,0.0,0.0,0.0,0.0,0.0841214618142977,-0.1999999999999886,5.551115123125783e-17,-20.98000000000001
21.43799999915064,0.0,0.0,0.0,0.0,0.0,0.0,0.0933730067902647,0.1099999999999994,-0.0399999999999999,-20.680000000000007,0.0,0.0,0.0,0.0,0.0,0.0,0.0841214618142977,-0.1999999999999886,5.551115123125783e-17,-20.98000000000001
21.45299999974668,0.0,0.0,0.0,0.0,0.0,0.0,0.0932814526588845,0.1099999999999994,-0.0399999999999999,-20.680000000000007,0.0,0.0,0.0,0.0,0.0,0.0,0.0840451667048142,-0.1999999999999886,5.551115123125783e-17,-20.98000000000001
21.468999998643994,0.0,0.0,0.0,0.0,0.0,0.0,0.0932356755931944,0.1099999999999994,-0.0399999999999999,-20.680000000000007,0.0,0.0,0.0,0.0,0.0,0.0,0.0840451667048142,-0.1999999999999886,5.551115123125783e-17,-20.98000000000001
21.48499999940396,0.0,0.0,0.0,0.0,0.0,0.0,0.0932204165712977,0.1099999999999994,-0.0399999999999999,-20.680000000000007,0.0,0.0,0.0,0.0,0.0,0.0,0.0840451667048142,-0.1999999999999886,5.551115123125783e-17,-20.98000000000001
21.5,0.0,0.0,0.0,0.0,0.0,0.0,0.0931898985275044,0.1099999999999994,-0.0399999999999999,-20.680000000000007,0.0,0.0,0.0,0.0,0.0,0.0,0.0840451667048142,-0.1999999999999886,5.551115123125783e-17,-20.98000000000001
21.53099999949336,0.0,0.0,0.0,0.0,0.0,0.0,0.0931746395056077,0.1099999999999994,-0.0399999999999999,-20.680000000000007,0.0,0.0,0.0,0.0,0.0,0.0,0.0840756847486076,-0.1999999999999886,5.551115123125783e-17,-20.98000000000001
21.54700000025332,0.0,0.0,0.0,0.0,0.0,0.0,0.0931441214618143,0.1099999999999994,-0.0399999999999999,-20.680000000000007,0.0,0.0,0.0,0.0,0.0,0.0,0.0840756847486076,-0.1999999999999886,5.551115123125783e-17,-20.98000000000001
21.56299999915064,0.0,0.0,0.0,0.0,0.0,0.0,0.0931288624399176,0.1099999999999994,-0.0399999999999999,-20.680000000000007,0.0,0.0,0.0,0.0,0.0,0.0,0.0840909437705043,-0.1999999999999886,5.551115123125783e-17,-20.98000000000001
21.57799999974668,0.0,0.0,0.0,0.0,0.0,0.0,0.0930525673304341,0.1099999999999994,-0.0399999999999999,-20.680000000000007,0.0,0.0,0.0,0.0,0.0,0.0,0.0840909437705043,-0.1999999999999886,5.551115123125783e-17,-20.98000000000001
21.593999998643994,0.0,0.0,0.0,0.0,0.0,0.0,0.0930525673304341,0.1099999999999994,-0.0399999999999999,-20.680000000000007,0.0,0.0,0.0,0.0,0.0,0.0,0.0840909437705043,-0.1999999999999886,5.551115123125783e-17,-20.98000000000001
21.60999999940396,0.0,0.0,0.0,0.0,0.0,0.0,0.0930373083085374,0.1099999999999994,-0.0399999999999999,-20.680000000000007,0.0,0.0,0.0,0.0,0.0,0.0,0.0840146486610208,-0.1999999999999886,5.551115123125783e-17,-20.98000000000001
21.625,0.0,0.0,0.0,0.0,0.0,0.0,0.0930373083085374,0.1099999999999994,-0.0399999999999999,-20.680000000000007,0.0,0.0,0.0,0.0,0.0,0.0,0.0840146486610208,-0.1999999999999886,5.551115123125783e-17,-20.98000000000001
21.64099999889732,0.0,0.0,0.0,0.0,0.0,0.0,0.0930373083085374,0.1099999999999994,-0.0399999999999999,-20.680000000000007,0.0,0.0,0.0,0.0,0.0,0.0,0.0840146486610208,-0.1999999999999886,5.551115123125783e-17,-20.98000000000001
21.65599999949336,0.0,0.0,0.0,0.0,0.0,0.0,0.0930525673304341,0.1099999999999994,-0.0399999999999999,-20.680000000000007,0.0,0.0,0.0,0.0,0.0,0.0,0.0840146486610208,-0.1999999999999886,5.551115123125783e-17,-20.98000000000001
21.67200000025332,0.0,0.0,0.0,0.0,0.0,0.0,0.0930525673304341,0.1099999999999994,-0.0399999999999999,-20.680000000000007,0.0,0.0,0.0,0.0,0.0,0.0,0.0840146486610208,-0.1999999999999886,5.551115123125783e-17,-20.98000000000001
21.68799999915064,0.0,0.0,0.0,0.0,0.0,0.0,0.0930830853742275,0.1099999999999994,-0.0399999999999999,-20.680000000000007,0.0,0.0,0.0,0.0,0.0,0.0,0.0840604257267109,-0.1999999999999886,5.551115123125783e-17,-20.98000000000001
21.718999998643994,0.0,0.0,0.0,0.0,0.0,0.0,0.0931136034180209,0.1099999999999994,-0.0399999999999999,-20.680000000000007,0.0,0.0,0.0,0.0,0.0,0.0,0.0840604257267109,-0.1999999999999886,5.551115123125783e-17,-20.98000000000001
21.73499999940396,0.0,0.0,0.0,0.0,0.0,0.0,0.0931288624399176,0.1099999999999994,-0.0399999999999999,-20.680000000000007,0.0,0.0,0.0,0.0,0.0,0.0,0.0841214618142977,-0.1999999999999886,5.551115123125783e-17,-20.98000000000001
21.75,0.0,0.0,0.0,0.0,0.0,0.0,0.0931288624399176,0.1099999999999994,-0.0399999999999999,-20.680000000000007,0.0,0.0,0.0,0.0,0.0,0.0,0.0841672388799878,-0.1999999999999886,5.551115123125783e-17,-20.98000000000001
21.76599999889732,0.0,0.0,0.0,0.0,0.0,0.0,0.0931288624399176,0.1099999999999994,-0.0399999999999999,-20.680000000000007,0.0,0.0,0.0,0.0,0.0,0.0,0.0841824979018845,-0.1999999999999886,5.551115123125783e-17,-20.98000000000001
21.78099999949336,0.0,0.0,0.0,0.0,0.0,0.0,0.093159380483711,0.1099999999999994,-0.0399999999999999,-20.680000000000007,0.0,0.0,0.0,0.0,0.0,0.0,0.0841824979018845,-0.1999999999999886,5.551115123125783e-17,-20.98000000000001
21.79700000025332,0.0,0.0,0.0,0.0,0.0,0.0,0.0932204165712977,0.1099999999999994,-0.0399999999999999,-20.680000000000007,0.0,0.0,0.0,0.0,0.0,0.0,0.0841824979018845,-0.1999999999999886,5.551115123125783e-17,-20.98000000000001
21.81299999915064,0.0,0.0,0.0,0.0,0.0,0.0,0.0931288624399176,0.1099999999999994,-0.0399999999999999,-20.680000000000007,0.0,0.0,0.0,0.0,0.0,0.0,0.0842130159456779,-0.1999999999999886,5.551115123125783e-17,-20.98000000000001
21.82799999974668,0.0,0.0,0.0,0.0,0.0,0.0,0.0931441214618143,0.1099999999999994,-0.0399999999999999,-20.680000000000007,0.0,0.0,0.0,0.0,0.0,0.0,0.0842130159456779,-0.1999999999999886,5.551115123125783e-17,-20.98000000000001
21.843999998643994,0.0,0.0,0.0,0.0,0.0,0.0,0.0931441214618143,0.1099999999999994,-0.0399999999999999,-20.680000000000007,0.0,0.0,0.0,0.0,0.0,0.0,0.0842282749675746,-0.1999999999999886,5.551115123125783e-17,-20.98000000000001
21.85999999940396,0.0,0.0,0.0,0.0,0.0,0.0,0.0931288624399176,0.1099999999999994,-0.0399999999999999,-20.680000000000007,0.0,0.0,0.0,0.0,0.0,0.0,0.0842282749675746,-0.1999999999999886,5.551115123125783e-17,-20.98000000000001
21.875,0.0,0.0,0.0,0.0,0.0,0.0,0.0931288624399176,0.1099999999999994,-0.0399999999999999,-20.680000000000007,0.0,0.0,0.0,0.0,0.0,0.0,0.0842282749675746,-0.1999999999999886,5.551115123125783e-17,-20.98000000000001
21.89099999889732,0.0,0.0,0.0,0.0,0.0,0.0,0.0931136034180209,0.1099999999999994,-0.0399999999999999,-20.680000000000007,0.0,0.0,0.0,0.0,0.0,0.0,0.0842282749675746,-0.1999999999999886,5.551115123125783e-17,-20.98000000000001
21.90599999949336,0.0,0.0,0.0,0.0,0.0,0.0,0.0931136034180209,0.1099999999999994,-0.0399999999999999,-20.680000000000007,0.0,0.0,0.0,0.0,0.0,0.0,0.0842740520332646,-0.1999999999999886,5.551115123125783e-17,-20.98000000000001
21.93799999915064,0.0,0.0,0.0,0.0,0.0,0.0,0.0932204165712977,0.1099999999999994,-0.0399999999999999,-20.680000000000007,0.0,0.0,0.0,0.0,0.0,0.0,0.0842130159456779,-0.1999999999999886,5.551115123125783e-17,-20.98000000000001
21.95299999974668,0.0,0.0,0.0,0.0,0.0,0.0,0.0930830853742275,0.1099999999999994,-0.0399999999999999,-20.680000000000007,0.0,0.0,0.0,0.0,0.0,0.0,0.0842130159456779,-0.1999999999999886,5.551115123125783e-17,-20.98000000000001
21.968999998643994,0.0,0.0,0.0,0.0,0.0,0.0,0.0876661326009003,0.1099999999999994,-0.0399999999999999,-20.680000000000007,0.0,0.0,0.0,0.0,0.0,0.0,0.0841977569237812,-0.1999999999999886,5.551115123125783e-17,-20.98000000000001
21.98499999940396,0.0,0.0,0.0,0.0,0.0,0.0,0.0930678263523308,0.1099999999999994,-0.0399999999999999,-20.680000000000007,0.0,0.0,0.0,0.0,0.0,0.0,0.0841977569237812,-0.1999999999999886,5.551115123125783e-17,-20.98000000000001
22.0,0.0,0.0,0.0,0.0,0.0,0.0,0.0930830853742275,0.1099999999999994,-0.0399999999999999,-20.680000000000007,0.0,0.0,0.0,0.0,0.0,0.0,0.0841519798580911,-0.1999999999999886,5.551115123125783e-17,-20.98000000000001
22.01599999889732,0.0,0.0,0.0,0.0,0.0,0.0,0.0930830853742275,0.1099999999999994,-0.0399999999999999,-20.680000000000007,0.0,0.0,0.0,0.0,0.0,0.0,0.0841519798580911,-0.1999999999999886,5.551115123125783e-17,-20.98000000000001
22.03099999949336,0.0,0.0,0.0,0.0,0.0,0.0,0.0930830853742275,0.1099999999999994,-0.0399999999999999,-20.680000000000007,0.0,0.0,0.0,0.0,0.0,0.0,0.0841519798580911,-0.1999999999999886,5.551115123125783e-17,-20.98000000000001
