time_s,L_fx1,L_fy1,L_fz1,L_fx2,L_fy2,L_fz2,L_proximity,L_roll,L_pitch,L_yaw,R_fx1,R_fy1,R_fz1,R_fx2,R_fy2,R_fz2,R_proximity,R_roll,R_pitch,R_yaw
0.0,0.0,0.0,0.0,0.0,0.0,0.0,0.0016052491035324,0.0,0.0799999999999999,-0.0100000000000051,0.0,0.0,0.0,0.0,0.0,0.0,0.0036224917982757,1.4210854715202004e-14,5.551115123125783e-17,0.0599999999999738
0.015999998897314,0.0,0.0,0.0,0.0,0.0,0.0,0.0014679179064622,0.0,0.0799999999999999,-0.0100000000000051,0.0,0.0,0.0,0.0,0.0,0.0,0.0036224917982757,1.4210854715202004e-14,5.551115123125783e-17,0.0599999999999738
0.0319999996572732,0.0,0.0,0.0,0.0,0.0,0.0,0.0014221408407721,0.0,0.0799999999999999,-0.0100000000000051,0.0,0.0,0.0,0.0,0.0,0.0,0.0036224917982757,1.4210854715202004e-14,5.551115123125783e-17,0.0599999999999738
0.0470000002533197,0.0,0.0,0.0,0.0,0.0,0.0,0.001376363775082,0.0,-0.02,-0.0100000000000051,0.0,0.0,0.0,0.0,0.0,0.0,0.0036224917982757,1.4210854715202004e-14,5.551115123125783e-17,0.0599999999999738
0.0629999991506338,0.0,0.0,0.0,0.0,0.0,0.0,0.0012085145342183,0.0,-0.02,-0.0100000000000051,0.0,0.0,0.0,0.0,0.0,0.0,0.0038666361486228,1.4210854715202004e-14,5.551115123125783e-17,-0.0400000000000204
0.0779999997466802,0.0,0.0,0.0,0.0,0.0,0.0,0.0011322194247348,0.0,-0.02,-0.0100000000000051,0.0,0.0,0.0,0.0,0.0,0.0,0.00411078049897,1.4210854715202004e-14,5.551115123125783e-17,-0.0400000000000204
0.0940000005066394,0.0,0.0,0.0,0.0,0.0,0.0,0.0008880750743877,0.0,-0.02,-0.0100000000000051,0.0,0.0,0.0,0.0,0.0,0.0,0.0045532921339742,1.4210854715202004e-14,5.551115123125783e-17,-0.0400000000000204
0.125,0.0,0.0,0.0,0.0,0.0,0.0,0.0008117799649042,0.0,-0.02,-0.0100000000000051,0.0,0.0,0.0,0.0,0.0,0.0,0.0050263218127718,1.4210854715202004e-14,5.551115123125783e-17,-0.0400000000000204
0.140999998897314,0.0,0.0,0.0,0.0,0.0,0.0,0.0007965209430075,0.0999999999999943,-0.02,-0.0100000000000051,0.0,0.0,0.0,0.0,0.0,0.0,0.0050263218127718,0.1000000000000227,5.551115123125783e-17,-0.0400000000000204
0.1569999996572733,0.0,0.0,0.0,0.0,0.0,0.0,0.0007965209430075,0.0999999999999943,-0.02,-0.0100000000000051,0.0,0.0,0.0,0.0,0.0,0.0,0.0050263218127718,0.1000000000000227,5.551115123125783e-17,-0.0400000000000204
0.1720000002533197,0.0,0.0,0.0,0.0,0.0,0.0,0.0007965209430075,0.0999999999999943,-0.02,-0.0100000000000051,0.0,0.0,0.0,0.0,0.0,0.0,0.004461738002594,0.1000000000000227,5.551115123125783e-17,-0.0400000000000204
0.1879999991506338,0.0,0.0,0.0,0.0,0.0,0.0,0.0007965209430075,0.0999999999999943,-0.02,-0.0100000000000051,0.0,0.0,0.0,0.0,0.0,0.0,0.004461738002594,0.1000000000000227,5.551115123125783e-17,-0.0400000000000204
0.2029999997466802,0.0,0.0,0.0,0.0,0.0,0.0,0.0008117799649042,0.0999999999999943,-0.02,-0.0100000000000051,0.0,0.0,0.0,0.0,0.0,0.0,0.004461738002594,0.200000000000017,5.551115123125783e-17,0.0599999999999738
0.2190000005066394,0.0,0.0,0.0,0.0,0.0,0.0,0.0014068818188754,0.0999999999999943,-0.02,-0.0100000000000051,0.0,0.0,0.0,0.0,0.0,0.0,0.004461738002594,0.200000000000017,5.551115123125783e-17,0.0599999999999738
0.2349999994039535,0.0,0.0,0.0,0.0,0.0,0.0,0.0027191577019913,0.0999999999999943,0.0799999999999999,-0.0100000000000051,0.0,0.0,0.0,0.0,0.0,0.0,0.004461738002594,0.200000000000017,5.551115123125783e-17,0.0599999999999738
0.25,0.0,0.0,0.0,0.0,0.0,0.0,0.0038941023880369,0.0999999999999943,0.0799999999999999,-0.0100000000000051,0.0,0.0,0.0,0.0,0.0,0.0,0.008383306630045,0.200000000000017,5.551115123125783e-17,0.0599999999999738
0.265999998897314,0.0,0.0,0.0,0.0,0.0,0.0,0.0055420767528801,0.2000000000000028,0.0799999999999999,-0.0100000000000051,0.0,0.0,0.0,0.0,0.0,0.0,0.0135713740749218,0.200000000000017,5.551115123125783e-17,0.0599999999999738
0.2819999996572733,0.0,0.0,0.0,0.0,0.0,0.0,0.0068390936140993,0.2000000000000028,-0.02,-0.0100000000000051,0.0,0.0,0.0,0.0,0.0,0.0,0.0156313420309758,0.200000000000017,5.551115123125783e-17,0.0599999999999738
0.3129999991506338,0.0,0.0,0.0,0.0,0.0,0.0,0.008212405584802,0.2000000000000028,-0.02,-0.0100000000000051,0.0,0.0,0.0,0.0,0.0,0.0,0.016577401388571,0.200000000000017,5.551115123125783e-17,0.0599999999999738
0.3279999997466802,0.0,0.0,0.0,0.0,0.0,0.0,0.0098146028839551,0.2000000000000028,-0.02,-0.0100000000000051,0.0,0.0,0.0,0.0,0.0,0.0,0.0166231784542611,0.3000000000000113,5.551115123125783e-17,0.0599999999999738
0.3440000005066395,0.0,0.0,0.0,0.0,0.0,0.0,0.0116609445334554,0.2000000000000028,-0.02,-0.0100000000000051,0.0,0.0,0.0,0.0,0.0,0.0,0.0166231784542611,0.3000000000000113,5.551115123125783e-17,0.0599999999999738
0.3599999994039535,0.0,0.0,0.0,0.0,0.0,0.0,0.0144533455405508,0.2000000000000028,-0.02,-0.0100000000000051,0.0,0.0,0.0,0.0,0.0,0.0,0.0166231784542611,0.3000000000000113,5.551115123125783e-17,0.0599999999999738
0.375,0.0,0.0,0.0,0.0,0.0,0.0,0.0180392156862745,0.2000000000000028,-0.02,-0.0100000000000051,0.0,0.0,0.0,0.0,0.0,0.0,0.0185763332570382,0.3000000000000113,5.551115123125783e-17,0.0599999999999738
0.390999998897314,0.0,0.0,0.0,0.0,0.0,0.0,0.0191989013504234,0.2000000000000028,-0.02,-0.0100000000000051,0.0,0.0,0.0,0.0,0.0,0.0,0.0213839932860303,0.3000000000000113,5.551115123125783e-17,0.0599999999999738
0.4069999996572733,0.0,0.0,0.0,0.0,0.0,0.0,0.0205722133211261,0.2000000000000028,-0.02,-0.0100000000000051,0.0,0.0,0.0,0.0,0.0,0.0,0.0240848401617456,0.3000000000000113,5.551115123125783e-17,0.0599999999999738
0.4220000002533197,0.0,0.0,0.0,0.0,0.0,0.0,0.0227237354085603,0.2000000000000028,-0.02,-0.0100000000000051,0.0,0.0,0.0,0.0,0.0,0.0,0.0280827038986801,0.3000000000000113,5.551115123125783e-17,0.0599999999999738
0.4379999991506338,0.0,0.0,0.0,0.0,0.0,0.0,0.0252414740215152,0.2000000000000028,-0.02,-0.0100000000000051,0.0,0.0,0.0,0.0,0.0,0.0,0.0320805676356145,0.3000000000000113,5.551115123125783e-17,0.0599999999999738
0.4529999997466802,0.0,0.0,0.0,0.0,0.0,0.0,0.0283085374227512,0.2000000000000028,-0.02,-0.0100000000000051,0.0,0.0,0.0,0.0,0.0,0.0,0.0347661554894331,0.3000000000000113,5.551115123125783e-17,0.0599999999999738
0.4690000005066395,0.0,0.0,0.0,0.0,0.0,0.0,0.0316960402838178,0.2000000000000028,0.0799999999999999,-0.0100000000000051,0.0,0.0,0.0,0.0,0.0,0.0,0.0360936903944457,0.3000000000000113,5.551115123125783e-17,0.0599999999999738
0.4849999994039535,0.0,0.0,0.0,0.0,0.0,0.0,0.0342442969405661,0.2000000000000028,0.0799999999999999,-0.0100000000000051,0.0,0.0,0.0,0.0,0.0,0.0,0.0378484779125658,0.3000000000000113,5.551115123125783e-17,0.0599999999999738
0.5,0.0,0.0,0.0,0.0,0.0,0.0,0.0365484092469672,0.2000000000000028,-0.02,-0.0100000000000051,0.0,0.0,0.0,0.0,0.0,0.0,0.0398779278248264,0.3000000000000113,5.551115123125783e-17,0.0599999999999738
0.5319999996572733,0.0,0.0,0.0,0.0,0.0,0.0,0.0380132753490501,0.2000000000000028,-0.02,-0.0100000000000051,0.0,0.0,0.0,0.0,0.0,0.0,0.0402441443503471,0.3000000000000113,5.551115123125783e-17,0.0599999999999738
0.5470000002533197,0.0,0.0,0.0,0.0,0.0,0.0,0.0402563515678645,0.2000000000000028,-0.02,-0.0100000000000051,0.0,0.0,0.0,0.0,0.0,0.0,0.0423346303501945,0.3000000000000113,5.551115123125783e-17,0.0599999999999738
0.5629999991506338,0.0,0.0,0.0,0.0,0.0,0.0,0.0434760051880674,0.2000000000000028,-0.02,-0.0100000000000051,0.0,0.0,0.0,0.0,0.0,0.0,0.0485755703059434,0.3000000000000113,5.551115123125783e-17,0.0599999999999738
0.5779999997466803,0.0,0.0,0.0,0.0,0.0,0.0,0.0460852979324025,0.2000000000000028,-0.02,-0.0100000000000051,0.0,0.0,0.0,0.0,0.0,0.0,0.0558999008163576,0.3000000000000113,5.551115123125783e-17,0.0599999999999738
0.5940000005066395,0.0,0.0,0.0,0.0,0.0,0.0,0.0500679026474403,0.2000000000000028,-0.02,-0.0100000000000051,0.0,0.0,0.0,0.0,0.0,0.0,0.060355535210193,0.3000000000000113,5.551115123125783e-17,0.0599999999999738
0.6099999994039536,0.0,0.0,0.0,0.0,0.0,0.0,0.0536842908369573,0.2000000000000028,-0.02,-0.0100000000000051,0.0,0.0,0.0,0.0,0.0,0.0,0.060706492713817,0.3000000000000113,5.551115123125783e-17,0.1599999999999966
0.625,0.0,0.0,0.0,0.0,0.0,0.0,0.0606424048218509,0.2000000000000028,-0.02,-0.0100000000000051,0.0,0.0,0.0,0.0,0.0,0.0,0.0613321126115816,0.3000000000000113,5.551115123125783e-17,0.1599999999999966
0.6409999988973141,0.0,0.0,0.0,0.0,0.0,0.0,0.0631754024567025,0.2000000000000028,-0.02,-0.0100000000000051,0.0,0.0,0.0,0.0,0.0,0.0,0.063620965896086,0.3000000000000113,5.551115123125783e-17,0.1599999999999966
0.6569999996572733,0.0,0.0,0.0,0.0,0.0,0.0,0.0638773174639505,0.2000000000000028,-0.02,-0.0100000000000051,0.0,0.0,0.0,0.0,0.0,0.0,0.063620965896086,0.3000000000000113,5.551115123125783e-17,0.1599999999999966
0.6720000002533197,0.0,0.0,0.0,0.0,0.0,0.0,0.0686533913176165,0.2000000000000028,-0.02,-0.0100000000000051,0.0,0.0,0.0,0.0,0.0,0.0,0.063620965896086,0.3000000000000113,5.551115123125783e-17,0.1599999999999966
0.6879999991506338,0.0,0.0,0.0,0.0,0.0,0.0,0.0741008621347371,0.2000000000000028,-0.02,-0.0100000000000051,0.0,0.0,0.0,0.0,0.0,0.0,0.0686869611657892,0.3000000000000113,5.551115123125783e-17,0.1599999999999966
0.7029999997466803,0.0,0.0,0.0,0.0,0.0,0.0,0.0788006408789196,0.2000000000000028,-0.02,-0.0100000000000051,0.0,0.0,0.0,0.0,0.0,0.0,0.0768505378805218,0.3000000000000113,5.551115123125783e-17,0.1599999999999966
0.7349999994039536,0.0,0.0,0.0,0.0,0.0,0.0,0.0845380331120775,0.2000000000000028,-0.02,-0.0100000000000051,0.0,0.0,0.0,0.0,0.0,0.0,0.0886305027847715,0.3000000000000113,5.551115123125783e-17,0.1599999999999966
0.75,0.0,0.0,0.0,0.0,0.0,0.0,0.0892530708781567,0.2000000000000028,-0.02,-0.0100000000000051,0.0,0.0,0.0,0.0,0.0,0.0,0.1031876096742199,0.3000000000000113,5.551115123125783e-17,0.1599999999999966
0.7659999988973141,0.0,0.0,0.0,0.0,0.0,0.0,0.0939070725566491,0.2000000000000028,-0.02,-0.0100000000000051,0.0,0.0,0.0,0.0,0.0,0.0,0.1138536659800107,0.3000000000000113,5.551115123125783e-17,0.1599999999999966
0.7819999996572733,0.0,0.0,0.0,0.0,0.0,0.0,0.1017196917677576,0.2000000000000028,-0.02,-0.0100000000000051,0.0,0.0,0.0,0.0,0.0,0.0,0.1213305867093919,0.3000000000000113,5.551115123125783e-17,0.1599999999999966
0.7970000002533197,0.0,0.0,0.0,0.0,0.0,0.0,0.1073350118257419,0.2000000000000028,-0.02,-0.0100000000000051,0.0,0.0,0.0,0.0,0.0,0.0,0.1217730983443961,0.3000000000000113,5.551115123125783e-17,0.1599999999999966
0.8129999991506338,0.0,0.0,0.0,0.0,0.0,0.0,0.1105394064240482,0.2000000000000028,-0.02,-0.0100000000000051,0.0,0.0,0.0,0.0,0.0,0.0,0.1237262531471732,0.3000000000000113,5.551115123125783e-17,0.1599999999999966
0.8279999997466803,0.0,0.0,0.0,0.0,0.0,0.0,0.1187640192263676,0.2000000000000028,-0.02,-0.0100000000000051,0.0,0.0,0.0,0.0,0.0,0.0,0.1305928130006866,0.3000000000000113,5.551115123125783e-17,0.1599999999999966
0.8440000005066395,0.0,0.0,0.0,0.0,0.0,0.0,0.1263782711528191,0.2000000000000028,-0.02,-0.0100000000000051,0.0,0.0,0.0,0.0,0.0,0.0,0.1387258716716258,0.3000000000000113,5.551115123125783e-17,0.1599999999999966
0.8599999994039536,0.0,0.0,0.0,0.0,0.0,0.0,0.1362966353856718,0.2000000000000028,-0.02,-0.0100000000000051,0.0,0.0,0.0,0.0,0.0,0.0,0.1479423208972304,0.3000000000000113,5.551115123125783e-17,0.1599999999999966
0.875,0.0,0.0,0.0,0.0,0.0,0.0,0.1487327382314793,0.2000000000000028,-0.02,-0.0100000000000051,0.0,0.0,0.0,0.0,0.0,0.0,0.157814908064393,0.3000000000000113,5.551115123125783e-17,0.1599999999999966
0.8909999988973141,0.0,0.0,0.0,0.0,0.0,0.0,0.1545159075303273,0.2000000000000028,-0.02,-0.0100000000000051,0.0,0.0,0.0,0.0,0.0,0.0,0.1691218432898451,0.3000000000000113,5.551115123125783e-17,0.1599999999999966
0.9069999996572732,0.0,0.0,0.0,0.0,0.0,0.0,0.1601464866102083,0.2000000000000028,-0.02,-0.0100000000000051,0.0,0.0,0.0,0.0,0.0,0.0,0.1784603646906233,0.3000000000000113,5.551115123125783e-17,0.1599999999999966
0.9379999991506338,0.0,0.0,0.0,0.0,0.0,0.0,0.1804409857328145,0.2000000000000028,-0.02,-0.0100000000000051,0.0,0.0,0.0,0.0,0.0,0.0,0.1882871747920958,0.3000000000000113,5.551115123125783e-17,0.1599999999999966
0.9529999997466804,0.0,0.0,0.0,0.0,0.0,0.0,0.2029480430304417,0.2000000000000028,-0.02,0.0899999999999963,0.0,0.0,0.0,0.0,0.0,0.0,0.2013488975356679,0.3000000000000113,5.551115123125783e-17,0.1599999999999966
0.9690000005066396,0.0,0.0,0.0,0.0,0.0,0.0,0.2249057755397879,0.0999999999999943,-0.02,0.0899999999999963,0.0,0.0,0.0,0.0,0.0,0.0,0.2256870374608987,0.3000000000000113,5.551115123125783e-17,0.1599999999999966
0.9849999994039536,0.0,0.0,0.0,0.0,0.0,0.0,0.2497474631876096,0.0999999999999943,-0.02,0.0899999999999963,0.0,0.0,0.0,0.0,0.0,0.0,0.262720683604181,0.3000000000000113,5.551115123125783e-17,0.1599999999999966
1.0,0.0,0.0,0.0,0.0,0.0,0.0,0.2696910048065919,0.0,-0.02,0.0899999999999963,0.0,0.0,0.0,0.0,0.0,0.0,0.273478294041352,0.3000000000000113,5.551115123125783e-17,0.1599999999999966
1.015999998897314,0.0,0.0,0.0,0.0,0.0,0.0,0.2927321278706035,0.0,-0.02,0.0899999999999963,0.0,0.0,0.0,0.0,0.0,0.0,0.2735698481727321,0.200000000000017,5.551115123125783e-17,0.1599999999999966
1.0319999996572733,0.0,0.0,0.0,0.0,0.0,0.0,0.3284840161745632,0.0,-0.02,0.0899999999999963,0.0,0.0,0.0,0.0,0.0,0.0,0.2742107270923934,0.200000000000017,5.551115123125783e-17,0.1599999999999966
1.0470000002533195,0.0,0.0,0.0,0.0,0.0,0.0,0.3388143739986267,-0.0999999999999943,0.0799999999999999,0.0899999999999963,0.0,0.0,0.0,0.0,0.0,0.0,0.2773235675593195,0.200000000000017,5.551115123125783e-17,0.1599999999999966
1.0629999991506338,0.0,0.0,0.0,0.0,-0.0084,0.0832,0.3428427557793546,-0.0999999999999943,-0.02,0.0899999999999963,0.0,0.0,0.0,-0.015,0.0111,0.0153999999999998,0.2773235675593195,0.200000000000017,5.551115123125783e-17,0.1599999999999966
1.0779999997466805,0.0,0.0,0.0,0.0,-0.0212,0.2161999999999998,0.3494346532387274,0.0,-0.02,-0.0100000000000051,0.0,-0.0081,0.0,-0.0647,0.0332,0.0994,0.2773235675593195,0.200000000000017,5.551115123125783e-17,0.1599999999999966
1.1099999994039536,0.0,0.0,0.0,0.0,-0.065,0.2922,0.3631067368581674,-0.0999999999999943,-0.02,-0.0100000000000051,0.0,-0.0322,0.0,-0.0826,0.0231,0.1694,0.2773235675593195,0.1000000000000227,5.551115123125783e-17,0.1599999999999966
1.125,0.0,0.0,0.0,0.0,-0.1047,0.3959999999999998,0.3777248798352026,-0.0999999999999943,-0.02,-0.0100000000000051,0.0,-0.062,0.0,-0.1254,0.042,0.259,0.2818097199969482,0.1000000000000227,5.551115123125783e-17,0.1599999999999966
1.140999998897314,0.0,0.0,0.0,0.0,-0.1491,0.4692,0.382226291294728,-0.0999999999999943,-0.02,-0.0100000000000051,0.0,-0.0654,0.0065999999999996,-0.1377,0.0731,0.3371999999999996,0.2838696879530022,0.1000000000000227,5.551115123125783e-17,0.1599999999999966
1.1569999996572733,0.0,0.0,0.0,0.0,-0.1735,0.5504,0.4045197222858014,-0.0999999999999943,-0.02,-0.0100000000000051,0.0,-0.1025,0.0244,-0.1423,0.1001,0.4124,0.2864484626535439,0.1000000000000227,5.551115123125783e-17,0.1599999999999966
1.1720000002533195,0.0,0.0,0.0,0.0,-0.2296,0.623,0.418466468299382,-0.0999999999999943,-0.02,-0.0100000000000051,0.0,-0.1055,0.0379999999999998,-0.136,0.1385,0.484,0.293177691309987,0.1000000000000227,5.551115123125783e-17,0.1599999999999966
1.1879999991506338,0.0,0.0,0.0,0.0,-0.2581,0.7082,0.4296055542839704,-0.0999999999999943,-0.02,-0.0100000000000051,0.0,-0.1249,0.043,-0.0987,0.132,0.5174,0.3072922865644312,1.4210854715202004e-14,5.551115123125783e-17,0.1599999999999966
1.2029999997466805,0.0,0.0,0.0,0.0,-0.2921,0.7761999999999998,0.442743572137026,-0.0999999999999943,-0.02,-0.0100000000000051,0.0,-0.1312,0.0371999999999996,-0.081,0.1209,0.5515999999999998,0.3258319981689174,1.4210854715202004e-14,5.551115123125783e-17,0.1599999999999966
1.2349999994039536,0.0,0.0,0.0,0.0,-0.3187,0.8386,0.4551186388952468,-0.0999999999999943,-0.02,-0.0100000000000051,0.0,-0.1232,0.0492,-0.0429,0.0726,0.57,0.3357198443579767,1.4210854715202004e-14,5.551115123125783e-17,0.1599999999999966
1.25,0.0,0.0,0.0,0.0,-0.3546,0.8962,0.47043869687953,0.0,-0.02,-0.0100000000000051,0.0,-0.1259,0.0694,-0.0047,0.0262,0.6203999999999998,0.3528709849698634,0.1000000000000227,5.551115123125783e-17,0.0599999999999738
1.265999998897314,0.0,0.0,0.0,0.0,-0.3854,0.946,0.4873609521629664,0.0999999999999943,-0.02,-0.0100000000000051,0.0,-0.1168,0.0759999999999998,0.0,0.0,0.6786,0.3582421606775006,0.1000000000000227,5.551115123125783e-17,0.0599999999999738
1.2819999996572733,0.0,0.0,0.0,0.0,-0.414,0.986,0.5051071946288243,0.2000000000000028,-0.02,-0.0100000000000051,0.0,-0.1163,0.08,0.0,0.0,0.757,0.3674891279468986,0.200000000000017,5.551115123125783e-17,0.0599999999999738
1.2970000002533195,0.0,0.0,0.0,0.0,-0.4674,1.0176,0.5290638590066377,0.2999999999999971,-0.02,0.0899999999999963,0.0288,-0.1106,0.0936,0.0,0.0,0.8496,0.3789639124132143,0.3000000000000113,5.551115123125783e-17,0.0599999999999738
1.3129999991506338,0.0,0.0,0.0,0.0,-0.5006,1.0602,0.5391348134584573,0.4000000000000057,-0.02,0.0899999999999963,0.0472,-0.1014,0.0995999999999998,0.0,0.0,0.9575999999999998,0.3941161211566338,0.4000000000000199,5.551115123125783e-17,-0.0400000000000204
1.3279999997466805,0.0,0.0,0.0,0.0,-0.5548,1.1076,0.5460624093995574,0.5,-0.02,0.0899999999999963,0.0625,-0.1017,0.1043999999999998,0.0,-0.074,1.0692000000000002,0.4084596017395285,0.5000000000000142,5.551115123125783e-17,-0.0400000000000204
1.3599999994039536,0.0,0.0,0.0,0.0,-0.6199,1.1766,0.5514335851071945,0.7000000000000028,-0.02,0.0899999999999963,0.099,-0.11,0.1323999999999996,-0.0341,-0.1779,1.2108,0.4256260013733119,0.700000000000017,5.551115123125783e-17,-0.0400000000000204
1.375,0.0,0.0,0.0,0.0,-0.6642,1.2472,0.5569268329900053,0.7999999999999972,-0.02,0.1899999999999977,0.1223,-0.0932,0.1499999999999998,-0.0613,-0.297,1.3522,0.4482551308461128,0.8000000000000114,5.551115123125783e-17,-0.0400000000000204
1.390999998897314,0.0,0.0,0.0,0.0,-0.7371,1.3238,0.5622369726100557,1.0,-0.02,0.1899999999999977,0.1684,-0.1106,0.1754,-0.0984,-0.4102,1.5056,0.4774151216906996,0.9000000000000199,5.551115123125783e-17,-0.0400000000000204
1.4220000002533195,0.0,0.0,0.0,0.0,-0.7955,1.4108,0.5681269550621805,1.0999999999999943,-0.12,0.1899999999999977,0.2082,-0.0948,0.1948,-0.1265,-0.5004,1.6294000000000002,0.5025925078202488,1.1000000000000227,5.551115123125783e-17,-0.0400000000000204
1.4379999991506338,0.0,0.0,0.0,0.0,-0.8372,1.4858,0.5745967803463797,1.2999999999999972,-0.12,0.1899999999999977,0.2372,-0.1104,0.229,-0.1558,-0.59,1.7864000000000002,0.5564263370717937,1.200000000000017,5.551115123125783e-17,-0.0400000000000204
1.4529999997466805,0.0,0.0,0.0,0.0,-0.8917,1.5978,0.5803799496452277,1.4000000000000057,-0.12,0.1899999999999977,0.2729,-0.1135,0.2611999999999996,-0.2001,-0.6739,1.9336,0.5776516365300984,1.40000000000002,5.551115123125783e-17,-0.0400000000000204
1.4690000005066397,0.0,0.0,0.0,0.0,-0.9513,1.6958,0.5855680170901045,1.5999999999999943,-0.12,0.289999999999992,0.2993,-0.1313,0.2834,-0.2271,-0.7665,2.075,0.5930022125581751,1.6000000000000227,5.551115123125783e-17,0.0599999999999738
1.4849999994039536,0.0,0.0,0.0,0.024,-1.0044,1.8022,0.5893675135423819,1.7000000000000028,-0.12,0.289999999999992,0.3245,-0.1263,0.2985999999999998,-0.2807,-0.8508,2.2146,0.6052552071412223,1.700000000000017,5.551115123125783e-17,0.0599999999999738
1.5,0.0,0.0,0.0,0.0506,-1.0816,1.9102,0.5917326619363699,1.9000000000000057,-0.12,0.3899999999999934,0.34,-0.1384,0.3334,-0.3153,-0.9326,2.356,0.6160128175783932,1.90000000000002,5.551115123125783e-17,0.0599999999999738
1.5319999996572733,0.0,0.0,0.0,0.1035,-1.1436,2.0274,0.592129396505684,2.0999999999999943,-0.12,0.3899999999999934,0.3577,-0.1317,0.3383999999999998,-0.3598,-0.9831,2.4944,0.6274723430228123,2.1000000000000227,5.551115123125783e-17,0.0599999999999738
1.5470000002533195,0.0,0.0,0.0,0.2445,-1.2426,2.2774,0.5923430228122377,2.5999999999999943,-0.22,0.4899999999999949,0.3935,-0.1134,0.3303999999999998,-0.3919,-1.014,2.5886,0.6379095140001526,2.200000000000017,0.1,0.1599999999999966
1.5629999991506338,0.0,0.0,0.0,0.2567,-1.271,2.3378,0.5923430228122377,2.799999999999997,-0.22,0.4899999999999949,0.4129,-0.0903,0.3412,-0.4179,-1.0874,2.701,0.6493842984664683,2.40000000000002,0.1,0.1599999999999966
1.5940000005066397,0.0,0.0,0.0,0.2789,-1.2667,2.3824,0.5927702754253452,3.0,-0.22,0.4899999999999949,0.4173,-0.083,0.34,-0.4403,-1.0819,2.7452,0.6594094758525979,2.500000000000014,0.1,0.1599999999999966
1.6099999994039536,0.0,0.0,0.0,0.299,-1.2627,2.4154000000000004,0.5940215152208743,3.0999999999999943,-0.22,0.5899999999999963,0.4252,-0.0835,0.3252,-0.4469,-1.0958,2.7682000000000007,0.6775371938658732,2.700000000000017,0.1,0.1599999999999966
1.625,0.0,0.0,0.0,0.3075,-1.2587,2.4274,0.6002319371328297,3.299999999999997,-0.22,0.5899999999999963,0.4353,-0.0723,0.345,-0.4526,-1.1103,2.7846,0.6841748683909361,2.800000000000012,0.1,0.2599999999999909
1.640999998897314,0.0,0.0,0.0,0.2958,-1.2749,2.451,0.6006134126802471,3.4000000000000057,-0.22,0.5899999999999963,0.4328,-0.0731,0.34,-0.461,-1.1141,2.808,0.6841748683909361,2.90000000000002,0.1,0.2599999999999909
1.6569999996572733,0.0,0.0,0.0,0.3256,-1.2692,2.4780000000000006,0.6008575570305943,3.5,-0.32,0.6899999999999977,0.4369,-0.0753,0.3382,-0.4683,-1.1123,2.8112,0.6841748683909361,3.000000000000014,0.1,0.2599999999999909
1.6720000002533195,0.0,0.0,0.0,0.3171,-1.2805,2.4882,0.6014221408407721,3.5,-0.32,0.6899999999999977,0.4441,-0.0673,0.3452,-0.4762,-1.121,2.8322,0.6841748683909361,3.000000000000014,0.1,0.2599999999999909
1.7029999997466805,0.0,0.0,0.0,0.297,-1.2639,2.444,0.6016662851911192,3.5999999999999943,-0.32,0.6899999999999977,0.4293,-0.0687,0.3466,-0.4756,-1.1231,2.8268,0.6841748683909361,3.1000000000000227,0.1,0.2599999999999909
1.7190000005066397,0.0,0.0,0.0,0.263,-1.255,2.3422,0.6016662851911192,3.5999999999999943,-0.32,0.789999999999992,0.4039,-0.097,0.327,-0.4519,-1.118,2.7596,0.6841748683909361,3.1000000000000227,0.1,0.2599999999999909
1.7349999994039536,0.0,0.0,0.0,0.251,-1.221,2.2576,0.6016662851911192,3.5999999999999943,-0.32,0.789999999999992,0.3594,-0.099,0.2868,-0.4297,-1.116,2.6352,0.6841748683909361,3.1000000000000227,0.1,0.2599999999999909
1.75,0.0,0.0,0.0,0.2236,-1.2471,2.2296,0.600521858548867,3.5999999999999943,-0.32,0.789999999999992,0.3285,-0.109,0.2702,-0.4434,-1.1084,2.6182,0.6841748683909361,3.200000000000017,0.1,0.2599999999999909
1.765999998897314,0.0,0.0,0.0,0.2325,-1.221,2.2277999999999993,0.5977904936293583,3.700000000000003,-0.32,0.8899999999999935,0.3197,-0.0975,0.264,-0.4374,-1.1148,2.602,0.6841748683909361,3.200000000000017,0.1,0.3599999999999852
1.7970000002533195,0.0,0.0,0.0,0.2297,-1.2451,2.2166,0.596096742198825,3.700000000000003,-0.32,0.8899999999999935,0.2998,-0.0868,0.2601999999999996,-0.4271,-1.1155,2.5914,0.6822369726100557,3.200000000000017,0.1,0.3599999999999852
1.8129999991506336,0.0,0.0,0.0,0.2365,-1.2201,2.2192,0.5956389715419241,3.700000000000003,-0.32,0.8899999999999935,0.299,-0.0771,0.2608,-0.4345,-1.1139,2.583,0.680512703135729,3.200000000000017,0.1,0.3599999999999852
1.8279999997466805,0.0,0.0,0.0,0.2384,-1.2222,2.216,0.5955168993667506,3.700000000000003,-0.32,0.8899999999999935,0.297,-0.0828,0.2646,-0.4344,-1.1194,2.5864,0.6792462043183032,3.200000000000017,0.1,0.3599999999999852
1.84400000050664,0.0,0.0,0.0,0.2471,-1.2149,2.2134000000000005,0.5953643091477836,3.700000000000003,-0.32,0.8899999999999935,0.2985,-0.0726,0.2594,-0.4397,-1.1276,2.5866,0.6784985122453651,3.200000000000017,0.1,0.3599999999999852
1.875,0.0,0.0,0.0,0.2427,-1.2295,2.2124,0.5951812008850232,3.700000000000003,-0.32,0.9899999999999948,0.2934,-0.0777,0.2534,-0.4382,-1.1189,2.5754,0.6776134889753567,3.200000000000017,0.1,0.3599999999999852
1.890999998897314,0.0,0.0,0.0,0.2427,-1.2266,2.2184,0.5950896467536431,3.5999999999999943,-0.32,0.9899999999999948,0.2956,-0.0746,0.2644,-0.4329,-1.135,2.59,0.6757976653696498,3.200000000000017,0.1,0.3599999999999852
1.9069999996572733,0.0,0.0,0.0,0.239,-1.2231,2.2154,0.5950896467536431,3.5999999999999943,-0.32,0.9899999999999948,0.2828,-0.0902,0.2686,-0.4371,-1.1394,2.5786,0.6752941176470588,3.200000000000017,0.1,0.3599999999999852
1.92200000025332,0.0,0.0,0.0,0.2366,-1.226,2.2172,0.5950896467536431,3.5999999999999943,-0.32,0.9899999999999948,0.2771,-0.0835,0.2726,-0.433,-1.1423,2.5842,0.6748668650339513,3.200000000000017,0.1,0.3599999999999852
1.9379999991506336,0.0,0.0,0.0,0.2459,-1.228,2.2302,0.5950896467536431,3.700000000000003,-0.32,1.0899999999999963,0.2875,-0.0779,0.2632,-0.4409,-1.1292,2.584,0.6744701304646372,3.200000000000017,0.1,0.3599999999999852
1.9529999997466805,0.0,0.0,0.0,0.2383,-1.2456,2.2315999999999994,0.5950896467536431,3.700000000000003,-0.32,0.9899999999999948,0.2775,-0.073,0.2637999999999998,-0.4356,-1.1402,2.5802,0.6740733958953231,3.200000000000017,0.1,0.3599999999999852
1.9849999994039536,0.0,0.0,0.0,0.2412,-1.2364,2.2336,0.5952727550164034,3.700000000000003,-0.32,0.9899999999999948,0.2765,-0.0704,0.2515999999999998,-0.4383,-1.143,2.5938,0.6734630350194553,3.200000000000017,0.1,0.3599999999999852
2.0,0.0,0.0,0.0,0.2443,-1.2224,2.2262,0.595394827191577,3.700000000000003,-0.32,0.9899999999999948,0.2823,-0.0647,0.266,-0.4389,-1.1337,2.5946,0.6731883726253147,3.300000000000012,0.1,0.3599999999999852
2.015999998897314,0.0,0.0,0.0,0.2519,-1.2285,2.241,0.5954558632791638,3.700000000000003,-0.32,0.9899999999999948,0.2848,-0.0791,0.2666,-0.437,-1.1329,2.5870000000000006,0.6731578545815213,3.300000000000012,0.1,0.2599999999999909
2.04700000025332,0.0,0.0,0.0,0.2472,-1.223,2.2408,0.5955321583886473,3.700000000000003,-0.32,1.0899999999999963,0.2674,-0.0805,0.2614,-0.4454,-1.135,2.5892,0.6727763790341039,3.300000000000012,5.551115123125783e-17,0.2599999999999909
2.062999999150634,0.0,0.0,0.0,0.2517,-1.2288,2.245,0.5957610437170977,3.700000000000003,-0.32,1.0899999999999963,0.2835,-0.0672,0.252,-0.4476,-1.1386,2.593,0.6720744640268559,3.300000000000012,5.551115123125783e-17,0.2599999999999909
2.0779999997466803,0.0,0.0,0.0,0.2596,-1.2185,2.247,0.5959136339360647,3.700000000000003,-0.32,1.0899999999999963,0.2792,-0.0767,0.2742,-0.4365,-1.1351,2.5986,0.6717845426108187,3.300000000000012,5.551115123125783e-17,0.2599999999999909
2.0940000005066395,0.0,0.0,0.0,0.2636,-1.2166,2.2466,0.5960204470893415,3.700000000000003,-0.32,1.0899999999999963,0.2688,-0.0867,0.2656,-0.4393,-1.1439,2.5888,0.6715709163042649,3.300000000000012,5.551115123125783e-17,0.2599999999999909
2.1099999994039536,0.0,0.0,0.0,0.2507,-1.2245,2.2442,0.5960357061112382,3.700000000000003,-0.32,0.9899999999999948,0.281,-0.0676,0.262,-0.4336,-1.1582,2.592,0.6713878080415046,3.300000000000012,5.551115123125783e-17,0.2599999999999909
2.125,0.0,0.0,0.0,0.2583,-1.217,2.2514,0.5961272602426184,3.700000000000003,-0.32,0.9899999999999948,0.2752,-0.0767,0.264,-0.4492,-1.1408,2.6056,0.6710521095597772,3.300000000000012,5.551115123125783e-17,0.2599999999999909
2.1569999996572733,0.0,0.0,0.0,0.2565,-1.2188,2.2468,0.5962645914396887,3.700000000000003,-0.42,0.9899999999999948,0.27,-0.0687,0.2571999999999996,-0.4452,-1.1489,2.6046,0.6710521095597772,3.300000000000012,5.551115123125783e-17,0.2599999999999909
2.17200000025332,0.0,0.0,0.0,0.2547,-1.2264,2.2514,0.5963256275272755,3.799999999999997,-0.42,0.9899999999999948,0.2716,-0.0712,0.2779999999999998,-0.44,-1.149,2.601,0.6708842603189136,3.300000000000012,5.551115123125783e-17,0.2599999999999909
2.187999999150634,0.0,0.0,0.0,0.2585,-1.2277,2.2552,0.5966765850308995,3.799999999999997,-0.42,0.9899999999999948,0.2813,-0.0707,0.2614,-0.4352,-1.1542,2.5996,0.6708537422751202,3.300000000000012,5.551115123125783e-17,0.2599999999999909
2.2190000005066395,0.0,0.0,0.0,0.2718,-1.2263,2.2558,0.5970275425345235,3.799999999999997,-0.42,0.8899999999999935,0.2718,-0.0783,0.2693999999999996,-0.442,-1.1519,2.5968,0.6708384832532235,3.300000000000012,5.551115123125783e-17,0.2599999999999909
2.2349999994039536,0.0,0.0,0.0,0.2582,-1.229,2.2608,0.5971801327534905,3.799999999999997,-0.42,0.8899999999999935,0.278,-0.0747,0.2621999999999996,-0.4521,-1.1537,2.611,0.6704417486839094,3.300000000000012,5.551115123125783e-17,0.2599999999999909
2.25,0.0,0.0,0.0,0.2605,-1.2188,2.2562000000000006,0.5973174639505607,3.799999999999997,-0.42,0.8899999999999935,0.2663,-0.0701,0.2463999999999998,-0.4437,-1.152,2.604000000000001,0.6700907911802854,3.300000000000012,5.551115123125783e-17,0.2599999999999909
2.265999998897314,0.0,0.0,0.0,0.2642,-1.223,2.251000000000001,0.5975005722133211,3.799999999999997,-0.42,0.8899999999999935,0.2734,-0.0694,0.2511999999999998,-0.4494,-1.1589,2.6104,0.6700144960708019,3.200000000000017,5.551115123125783e-17,0.3599999999999852
2.2819999996572733,0.0,0.0,0.0,0.2668,-1.2232,2.2546,0.5975921263447013,3.9000000000000057,-0.42,0.789999999999992,0.2683,-0.0789,0.2634,-0.4439,-1.1609,2.6052,0.6699534599832151,3.200000000000017,5.551115123125783e-17,0.3599999999999852
2.29700000025332,0.0,0.0,0.0,0.2554,-1.2286,2.2608,0.5975921263447013,3.9000000000000057,-0.42,0.789999999999992,0.273,-0.0748,0.264,-0.4507,-1.1454,2.615,0.6699534599832151,3.200000000000017,5.551115123125783e-17,0.3599999999999852
2.3279999997466803,0.0,0.0,0.0,0.2611,-1.2311,2.2608,0.5979430838483253,3.9000000000000057,-0.42,0.789999999999992,0.2766,-0.0715,0.259,-0.4473,-1.1546,2.6008,0.6697703517204547,3.200000000000017,5.551115123125783e-17,0.3599999999999852
2.3440000005066395,0.0,0.0,0.0,0.2672,-1.2219,2.2736,0.5982635233081559,4.0,-0.52,0.6899999999999977,0.2578,-0.0703,0.2708,-0.4384,-1.1571,2.6048,0.669709315632868,3.200000000000017,5.551115123125783e-17,0.3599999999999852
2.3599999994039536,0.0,0.0,0.0,0.2654,-1.2279,2.269,0.5983245593957427,4.0,-0.52,0.6899999999999977,0.2794,-0.0658,0.2733999999999998,-0.441,-1.1601,2.5978,0.6695719844357977,3.200000000000017,5.551115123125783e-17,0.3599999999999852
2.390999998897314,0.0,0.0,0.0,0.2627,-1.2332,2.2756,0.598507667658503,4.0,-0.52,0.5899999999999963,0.2725,-0.077,0.2671999999999996,-0.4411,-1.1604,2.6032,0.6691905088883803,3.200000000000017,5.551115123125783e-17,0.4599999999999795
2.4069999996572733,0.0,0.0,0.0,0.2731,-1.2291,2.2844000000000007,0.5987365529869535,4.0,-0.52,0.5899999999999963,0.2781,-0.0581,0.2615999999999998,-0.4473,-1.1533,2.6138,0.6691142137788968,3.200000000000017,5.551115123125783e-17,0.4599999999999795
2.42200000025332,0.0,0.0,0.0,0.2639,-1.2182,2.2746000000000004,0.598812848096437,4.0,-0.52,0.5899999999999963,0.2654,-0.0663,0.261,-0.4476,-1.1632,2.6116,0.6690989547570001,3.200000000000017,5.551115123125783e-17,0.4599999999999795
2.437999999150634,0.0,0.0,0.0,0.2607,-1.2267,2.2698,0.5991027695124742,4.099999999999994,-0.52,0.5899999999999963,0.266,-0.0744,0.2654,-0.4469,-1.1628,2.6022,0.6689921416037232,3.200000000000017,5.551115123125783e-17,0.3599999999999852
2.4529999997466803,0.0,0.0,0.0,0.2574,-1.2354,2.283,0.5991180285343709,4.099999999999994,-0.52,0.4899999999999949,0.2628,-0.0868,0.269,-0.455,-1.1626,2.6168,0.6689158464942397,3.200000000000017,5.551115123125783e-17,0.3599999999999852
2.4690000005066395,0.0,0.0,0.0,0.2819,-1.2082,2.2786,0.5991180285343709,4.099999999999994,-0.52,0.4899999999999949,0.2702,-0.0683,0.2505999999999996,-0.4434,-1.1561,2.6264,0.6687632562752728,3.200000000000017,5.551115123125783e-17,0.3599999999999852
2.5,0.0,0.0,0.0,0.2695,-1.2233,2.2848,0.5993316548409247,4.099999999999994,-0.52,0.4899999999999949,0.2651,-0.0551,0.2624,-0.4473,-1.1666,2.6148,0.6687327382314794,3.200000000000017,5.551115123125783e-17,0.3599999999999852
2.515999998897314,0.0,0.0,0.0,0.2737,-1.2324,2.2768,0.5995300221255817,4.099999999999994,-0.52,0.3899999999999934,0.2674,-0.0672,0.2582,-0.4512,-1.1663,2.6078,0.6687174792095827,3.200000000000017,5.551115123125783e-17,0.3599999999999852
2.5319999996572733,0.0,0.0,0.0,0.2663,-1.2202,2.2806,0.5996978713664454,4.200000000000003,-0.52,0.3899999999999934,0.2776,-0.0704,0.261,-0.449,-1.1651,2.6192,0.6686106660563058,3.300000000000012,5.551115123125783e-17,0.2599999999999909
2.562999999150634,0.0,0.0,0.0,0.2825,-1.2163,2.2898,0.6001403830014496,4.200000000000003,-0.52,0.3899999999999934,0.2696,-0.0733,0.2657999999999998,-0.4566,-1.1622,2.6058,0.6683360036621653,3.300000000000012,5.551115123125783e-17,0.2599999999999909
2.5779999997466803,0.0,0.0,0.0,0.2748,-1.2162,2.286,0.6002014190890363,4.200000000000003,-0.52,0.3899999999999934,0.2708,-0.0699,0.27,-0.4487,-1.1637,2.6194,0.6682291905088884,3.300000000000012,5.551115123125783e-17,0.2599999999999909
2.5940000005066395,0.0,0.0,0.0,0.2728,-1.224,2.281,0.6004303044174868,4.200000000000003,-0.52,0.3899999999999934,0.2728,-0.068,0.2684,-0.4428,-1.1614,2.617599999999999,0.6682139314869917,3.300000000000012,5.551115123125783e-17,0.2599999999999909
2.6099999994039536,0.0,0.0,0.0,0.272,-1.2276,2.2924,0.6004303044174868,4.200000000000003,-0.52,0.289999999999992,0.2587,-0.0669,0.2686,-0.4566,-1.1635,2.616,0.6681376363775082,3.300000000000012,5.551115123125783e-17,0.2599999999999909
2.625,0.0,0.0,0.0,0.2801,-1.2087,2.2982,0.6004913405050736,4.200000000000003,-0.52,0.289999999999992,0.2687,-0.0707,0.2664,-0.442,-1.1677,2.6242,0.6680766002899214,3.300000000000012,5.551115123125783e-17,0.2599999999999909
2.640999998897314,0.0,0.0,0.0,0.2752,-1.2246,2.2856,0.6007507438773174,4.200000000000003,-0.52,0.289999999999992,0.2673,-0.0689,0.2662,-0.4497,-1.1603,2.62,0.668046082246128,3.300000000000012,5.551115123125783e-17,0.2599999999999909
2.67200000025332,0.0,0.0,0.0,0.2772,-1.236,2.2974,0.6008880750743877,4.200000000000003,-0.62,0.289999999999992,0.2662,-0.0675,0.2732,-0.4625,-1.1662,2.6228,0.668046082246128,3.300000000000012,5.551115123125783e-17,0.2599999999999909
2.687999999150634,0.0,0.0,0.0,0.2743,-1.2193,2.2986000000000004,0.6012085145342183,4.200000000000003,-0.62,0.1899999999999977,0.2643,-0.0709,0.2648,-0.4453,-1.1683,2.6172000000000004,0.6680308232242314,3.300000000000012,5.551115123125783e-17,0.1599999999999966
2.7029999997466803,0.0,0.0,0.0,0.2736,-1.223,2.2994,0.6012542915999084,4.200000000000003,-0.62,0.1899999999999977,0.2664,-0.0637,0.2637999999999998,-0.4526,-1.1631,2.6152000000000006,0.6677561608300908,3.300000000000012,5.551115123125783e-17,0.1599999999999966
2.7349999994039536,0.0,0.0,0.0,0.2626,-1.2312,2.2968,0.6013611047531853,4.200000000000003,-0.62,0.1899999999999977,0.2733,-0.0611,0.2621999999999996,-0.457,-1.1598,2.626,0.6677256427862974,3.300000000000012,5.551115123125783e-17,0.1599999999999966
2.75,0.0,0.0,0.0,0.2765,-1.2254,2.2972,0.6014831769283588,4.200000000000003,-0.62,0.289999999999992,0.261,-0.0641,0.2809999999999998,-0.4589,-1.1677,2.6184,0.6677103837644007,3.300000000000012,5.551115123125783e-17,0.1599999999999966
2.765999998897314,0.0,0.0,0.0,0.283,-1.2215,2.3016,0.6015594720378423,4.200000000000003,-0.52,0.289999999999992,0.2623,-0.0576,0.2743999999999998,-0.4459,-1.1635,2.621,0.6676340886549172,3.300000000000012,5.551115123125783e-17,0.0599999999999738
2.7819999996572733,0.0,0.0,0.0,0.2724,-1.2249,2.2978,0.6015594720378423,4.200000000000003,-0.52,0.289999999999992,0.2663,-0.0764,0.2493999999999998,-0.4449,-1.1591,2.6268,0.6675425345235371,3.40000000000002,5.551115123125783e-17,0.0599999999999738
2.79700000025332,0.0,0.0,0.0,0.2687,-1.2213,2.3052,0.6016510261692225,4.200000000000003,-0.52,0.289999999999992,0.2701,-0.0726,0.2554,-0.433,-1.1701,2.6142,0.6674357213702602,3.40000000000002,5.551115123125783e-17,0.0599999999999738
2.812999999150634,0.0,0.0,0.0,0.2887,-1.2198,2.305,0.6016815442130159,4.200000000000003,-0.52,0.289999999999992,0.266,-0.0683,0.2662,-0.4438,-1.1637,2.6178,0.6674357213702602,3.40000000000002,5.551115123125783e-17,-0.0400000000000204
2.8440000005066395,0.0,0.0,0.0,0.2791,-1.2258,2.3024,0.601879911497673,4.200000000000003,-0.52,0.289999999999992,0.2737,-0.0661,0.2634,-0.4499,-1.1866,2.6286,0.6674357213702602,3.40000000000002,5.551115123125783e-17,-0.0400000000000204
2.8599999994039536,0.0,0.0,0.0,0.274,-1.2269,2.3052,0.6021087968261234,4.200000000000003,-0.52,0.289999999999992,0.2705,-0.0625,0.2626,-0.4333,-1.1736,2.625,0.6674204623483635,3.40000000000002,5.551115123125783e-17,-0.0400000000000204
2.875,0.0,0.0,0.0,0.2697,-1.2175,2.3038,0.6022461280231937,4.099999999999994,-0.52,0.289999999999992,0.2564,-0.0729,0.2534,-0.4491,-1.1767,2.623,0.6674052033264668,3.40000000000002,5.551115123125783e-17,-0.0400000000000204
2.890999998897314,0.0,0.0,0.0,0.2661,-1.2246,2.3064,0.6023682001983672,4.099999999999994,-0.52,0.289999999999992,0.267,-0.068,0.2706,-0.4399,-1.1733,2.6190000000000007,0.6670237277790494,3.40000000000002,5.551115123125783e-17,-0.0400000000000204
2.92200000025332,0.0,0.0,0.0,0.2698,-1.2235,2.3038,0.6024902723735408,4.099999999999994,-0.52,0.289999999999992,0.2622,-0.076,0.2671999999999996,-0.4464,-1.1694,2.6252,0.6669474326695659,3.40000000000002,5.551115123125783e-17,-0.0400000000000204
2.92200000025332,0.0,0.0,0.0,0.2893,-1.2272,2.3126000000000007,0.6026123445487144,4.099999999999994,-0.52,0.3899999999999934,0.2636,-0.0675,0.2703999999999998,-0.449,-1.1599,2.6186,0.6669169146257725,3.40000000000002,5.551115123125783e-17,-0.0400000000000204
2.9529999997466803,0.0,0.0,0.0,0.2891,-1.2168,2.3116,0.6027649347676813,4.099999999999994,-0.52,0.3899999999999934,0.2706,-0.0576,0.2488,-0.4453,-1.1777,2.6346,0.6665812161440452,3.300000000000012,5.551115123125783e-17,-0.0400000000000204
2.9690000005066395,0.0,0.0,0.0,0.2987,-1.218,2.3228,0.6028259708552681,4.0,-0.52,0.3899999999999934,0.2656,-0.0606,0.2621999999999996,-0.4426,-1.1792,2.6258,0.6663981078812848,3.300000000000012,5.551115123125783e-17,-0.0400000000000204
2.9849999994039536,0.0,0.0,0.0,0.2811,-1.2137,2.3126000000000007,0.6033905546654459,4.0,-0.52,0.4899999999999949,0.2617,-0.0577,0.2626,-0.4455,-1.1965,2.6242,0.666291294728008,3.300000000000012,5.551115123125783e-17,0.0599999999999738
3.015999998897314,0.0,0.0,0.0,0.2937,-1.2239,2.3048,0.603634699015793,4.0,-0.52,0.4899999999999949,0.2618,-0.0539,0.2617999999999998,-0.4545,-1.1813,2.6264,0.6660776684214542,3.300000000000012,5.551115123125783e-17,0.0599999999999738
3.0319999996572733,0.0,0.0,0.0,0.2893,-1.2371,2.3218,0.6039551384756237,4.0,-0.42,0.4899999999999949,0.2598,-0.0558,0.2608,-0.442,-1.1808,2.629799999999999,0.6656504158083467,3.300000000000012,5.551115123125783e-17,0.0599999999999738
3.04700000025332,0.0,0.0,0.0,0.2867,-1.221,2.311,0.6040619516289005,4.0,-0.42,0.5899999999999963,0.257,-0.0613,0.2664,-0.432,-1.1873,2.6318,0.6649485008010987,3.300000000000012,5.551115123125783e-17,0.0599999999999738
3.062999999150634,0.0,0.0,0.0,0.2871,-1.2218,2.3206,0.6042603189135576,3.9000000000000057,-0.42,0.5899999999999963,0.264,-0.0495,0.2716,-0.444,-1.1823,2.63,0.6647653925383383,3.300000000000012,5.551115123125783e-17,0.0599999999999738
3.0940000005066395,0.0,0.0,0.0,0.2775,-1.2307,2.3268,0.6046265354390783,3.9000000000000057,-0.42,0.5899999999999963,0.2475,-0.0579,0.2575999999999998,-0.4589,-1.1765,2.629799999999999,0.6645975432974747,3.300000000000012,5.551115123125783e-17,0.1599999999999966
3.1099999994039536,0.0,0.0,0.0077999999999996,0.2886,-1.2276,2.326000000000001,0.6048859388113221,3.9000000000000057,-0.42,0.6899999999999977,0.2739,-0.0583,0.2588,-0.4457,-1.1707,2.6328,0.664582284275578,3.300000000000012,5.551115123125783e-17,0.1599999999999966
3.125,0.0,0.0,0.0,0.2732,-1.2382,2.325,0.6049469748989089,3.799999999999997,-0.42,0.6899999999999977,0.2619,-0.0681,0.2706,-0.4505,-1.1821,2.6324,0.6643381399252308,3.300000000000012,5.551115123125783e-17,0.1599999999999966
3.140999998897314,0.0,0.0,0.0,0.289,-1.2148,2.3176,0.6049622339208056,3.799999999999997,-0.42,0.6899999999999977,0.2629,-0.0632,0.2568,-0.4536,-1.1857,2.6338,0.6643381399252308,3.300000000000012,5.551115123125783e-17,0.1599999999999966
3.1569999996572733,0.0,0.0,0.0,0.2785,-1.2256,2.323400000000001,0.6049622339208056,3.799999999999997,-0.42,0.789999999999992,0.2538,-0.0663,0.2657999999999998,-0.451,-1.1842,2.629,0.6643381399252308,3.300000000000012,5.551115123125783e-17,0.1599999999999966
3.187999999150634,0.0,0.0,0.0,0.2893,-1.2048,2.3242,0.6054200045777065,3.799999999999997,-0.42,0.789999999999992,0.263,-0.0629,0.263,-0.4425,-1.1921,2.6344,0.6642618448157473,3.300000000000012,5.551115123125783e-17,0.1599999999999966
3.2029999997466803,0.0,0.0,0.0,0.2845,-1.2253,2.3318,0.6054505226214999,3.799999999999997,-0.42,0.789999999999992,0.2569,-0.0524,0.2614,-0.4451,-1.1854,2.6336,0.6641702906843672,3.300000000000012,5.551115123125783e-17,0.1599999999999966
3.2190000005066395,0.0,0.0,0.0002,0.2927,-1.2187,2.3344,0.6058930342565041,3.799999999999997,-0.42,0.789999999999992,0.2623,-0.0542,0.261,-0.4335,-1.1839,2.6286,0.6639566643778134,3.300000000000012,5.551115123125783e-17,0.1599999999999966
3.2349999994039536,0.0,0.0,0.0,0.3042,-1.2084,2.3392000000000004,0.6060303654535744,3.799999999999997,-0.42,0.8899999999999935,0.2636,-0.0528,0.2634,-0.4556,-1.182,2.64,0.6638193331807432,3.300000000000012,5.551115123125783e-17,0.0599999999999738
3.265999998897314,0.0,0.0,0.0,0.2897,-1.2186,2.3258,0.6061524376287479,3.700000000000003,-0.42,0.8899999999999935,0.2572,-0.0576,0.2584,-0.4479,-1.185,2.6336,0.6638193331807432,3.300000000000012,5.551115123125783e-17,0.0599999999999738
3.2819999996572733,0.0,0.0,0.0012,0.2876,-1.2241,2.338200000000001,0.6064118410009918,3.700000000000003,-0.32,0.9899999999999948,0.2572,-0.0492,0.2649999999999996,-0.4496,-1.1847,2.6364,0.6637582970931564,3.300000000000012,5.551115123125783e-17,0.0599999999999738
3.29700000025332,0.0,0.0,0.0007999999999998,0.2868,-1.2154,2.3334,0.6064728770885786,3.700000000000003,-0.32,0.9899999999999948,0.2547,-0.0619,0.2657999999999998,-0.447,-1.1824,2.6334,0.6637430380712597,3.300000000000012,5.551115123125783e-17,0.0599999999999738
3.312999999150634,0.0,0.0,0.0,0.2879,-1.2264,2.3178,0.6067322804608224,3.700000000000003,-0.32,0.9899999999999948,0.2656,-0.0502,0.255,-0.4586,-1.1767,2.631,0.6636209658960861,3.300000000000012,5.551115123125783e-17,0.0599999999999738
3.3279999997466803,0.0,0.0,0.0,0.2789,-1.2254,2.3346,0.6068238345922026,3.700000000000003,-0.32,1.0899999999999963,0.2566,-0.0651,0.2604,-0.4435,-1.1948,2.6332,0.6636057068741894,3.300000000000012,5.551115123125783e-17,-0.0400000000000204
3.3599999994039536,0.0,0.0,0.0022,0.2887,-1.2182,2.344,0.6068238345922026,3.700000000000003,-0.32,1.0899999999999963,0.2593,-0.0528,0.2577999999999998,-0.4504,-1.189,2.643,0.6636057068741894,3.300000000000012,5.551115123125783e-17,-0.0400000000000204
3.375,0.0,0.0,0.01,0.2847,-1.2304,2.3508,0.6069306477454794,3.700000000000003,-0.32,1.0899999999999963,0.2473,-0.0567,0.2662,-0.4522,-1.1813,2.6392,0.6635294117647059,3.300000000000012,5.551115123125783e-17,-0.0400000000000204
3.390999998897314,0.0,0.0,0.0031999999999998,0.2804,-1.2125,2.3334,0.607052719920653,3.5999999999999943,-0.32,1.0899999999999963,0.2641,-0.0504,0.2584,-0.4456,-1.2011,2.6436,0.6632089723048753,3.300000000000012,5.551115123125783e-17,-0.0400000000000204
3.4069999996572733,0.0,0.0,0.0002,0.2718,-1.2172,2.3304,0.6072205691615167,3.700000000000003,-0.32,1.0899999999999963,0.2538,-0.0451,0.2632,-0.4376,-1.2105,2.6562,0.6628427557793546,3.300000000000012,5.551115123125783e-17,-0.0400000000000204
3.42200000025332,0.0,0.0,0.0,0.293,-1.2136,2.3434,0.6076325627527275,3.700000000000003,-0.32,1.0899999999999963,0.2623,-0.0487,0.2634,-0.4668,-1.1992,2.6576,0.6605691615167468,3.300000000000012,5.551115123125783e-17,-0.0400000000000204
3.4529999997466803,0.0,0.0,0.0115999999999996,0.2703,-1.2225,2.3348,0.607754634927901,3.700000000000003,-0.32,1.0899999999999963,0.2499,-0.0396,0.2656,-0.4471,-1.219,2.6558,0.6583871213855192,3.300000000000012,5.551115123125783e-17,-0.0400000000000204
3.4690000005066395,0.0,0.0,0.0077999999999996,0.2905,-1.2178,2.3384,0.6081513694972152,3.5999999999999943,-0.32,1.0899999999999963,0.2551,-0.05,0.2729999999999998,-0.4434,-1.2253,2.6522,0.6569527733272298,3.300000000000012,5.551115123125783e-17,-0.0400000000000204
3.4849999994039536,0.0,0.0,0.0122,0.291,-1.2266,2.3522,0.6092957961394674,3.5999999999999943,-0.32,1.0899999999999963,0.2461,-0.0407,0.2582,-0.4497,-1.2174,2.6612,0.6564492256046388,3.300000000000012,5.551115123125783e-17,-0.0400000000000204
3.5,0.0,0.0,0.01,0.2871,-1.2144,2.3554,0.6110353246356908,3.5999999999999943,-0.32,1.0899999999999963,0.2497,-0.0476,0.2682,-0.4547,-1.2062,2.659,0.6559304188601511,3.300000000000012,5.551115123125783e-17,-0.1400000000000147
3.5319999996572733,0.0,0.0,0.0048,0.2877,-1.2245,2.3508,0.6132173647669183,3.700000000000003,-0.32,1.0899999999999963,0.2567,-0.0318,0.2737999999999998,-0.4504,-1.2261,2.6574,0.6551216906996262,3.300000000000012,5.551115123125783e-17,-0.1400000000000147
3.54700000025332,0.0,0.0,0.0145999999999996,0.2784,-1.2286,2.3656,0.614743266956588,3.700000000000003,-0.32,1.0899999999999963,0.2563,-0.0383,0.2749999999999996,-0.4457,-1.2338,2.6690000000000005,0.6524818799114976,3.300000000000012,-0.0999999999999999,-0.1400000000000147
3.562999999150634,0.0,0.0,0.0104,0.2774,-1.2373,2.364,0.6147890440222781,3.700000000000003,-0.32,1.0899999999999963,0.2613,-0.0401,0.2739999999999998,-0.4388,-1.2343,2.6536,0.6509407186999313,3.300000000000012,-0.0999999999999999,-0.1400000000000147
3.5779999997466803,0.0,0.0,0.0249999999999998,0.277,-1.2354,2.3638,0.6148653391317616,3.700000000000003,-0.32,1.0899999999999963,0.2623,-0.0352,0.2782,-0.4516,-1.2325,2.6680000000000006,0.6505745021744106,3.300000000000012,5.551115123125783e-17,-0.1400000000000147
3.5940000005066395,0.0,0.0,0.011,0.2885,-1.2268,2.3646,0.6161470969710842,3.700000000000003,-0.32,1.0899999999999963,0.2517,-0.0335,0.2822,-0.4607,-1.2298,2.6662,0.6500404364080262,3.300000000000012,5.551115123125783e-17,-0.1400000000000147
3.625,0.0,0.0,0.0157999999999998,0.2763,-1.2403,2.3762,0.6171999694819562,3.700000000000003,-0.32,1.0899999999999963,0.2397,-0.0378,0.2677999999999998,-0.4346,-1.2399,2.674,0.6497047379262989,3.300000000000012,-0.0999999999999999,-0.1400000000000147
3.640999998897314,0.0,0.0,0.0198,0.2898,-1.2199,2.3734,0.6191836423285267,3.700000000000003,-0.32,1.0899999999999963,0.2536,-0.0467,0.2776,-0.4442,-1.2345,2.6628,0.6496437018387121,3.300000000000012,-0.0999999999999999,-0.1400000000000147
3.656999999657273,0.0,0.0,0.0239999999999998,0.2788,-1.2351,2.3824,0.6210452429999237,3.700000000000003,-0.32,1.0899999999999963,0.2525,-0.0556,0.2793999999999996,-0.454,-1.2329,2.6694,0.6493232623788815,3.300000000000012,5.551115123125783e-17,-0.1400000000000147
3.67200000025332,0.0,0.0,0.0244,0.2976,-1.2202,2.3822,0.6217776760509651,3.700000000000003,-0.32,1.0899999999999963,0.2485,-0.0358,0.2692,-0.4556,-1.2279,2.6690000000000005,0.6492622262912947,3.300000000000012,5.551115123125783e-17,-0.1400000000000147
3.70299999974668,0.0,0.0,0.027,0.2803,-1.2298,2.3812000000000006,0.6221896696421759,3.700000000000003,-0.32,1.0899999999999963,0.2519,-0.0295,0.2748,-0.436,-1.254,2.6702,0.6487129015030136,3.300000000000012,5.551115123125783e-17,-0.1400000000000147
3.71900000050664,0.0,0.0,0.0114,0.2935,-1.2274,2.3828,0.6225101091020065,3.700000000000003,-0.42,1.0899999999999963,0.2607,-0.0323,0.2763999999999998,-0.4535,-1.2521,2.6636,0.6477821011673152,3.300000000000012,5.551115123125783e-17,-0.1400000000000147
3.7349999994039536,0.0,0.0,0.0224,0.2835,-1.2347,2.3792,0.6225101091020065,3.799999999999997,-0.42,0.9899999999999948,0.2608,-0.031,0.2766,-0.4314,-1.2395,2.6724,0.6468665598535134,3.300000000000012,5.551115123125783e-17,-0.1400000000000147
3.75,0.0,0.0,0.0297999999999998,0.2734,-1.2373,2.3862,0.6226016632333867,3.799999999999997,-0.32,0.9899999999999948,0.2484,-0.039,0.2779999999999998,-0.4539,-1.2521,2.667,0.6468665598535134,3.300000000000012,5.551115123125783e-17,-0.1400000000000147
3.781999999657273,0.0,0.0,0.033,0.2974,-1.2314,2.3998,0.6234866865033951,3.799999999999997,-0.42,0.9899999999999948,0.251,-0.0218,0.285,-0.4456,-1.2492,2.6748,0.6468665598535134,3.300000000000012,5.551115123125783e-17,-0.1400000000000147
3.79700000025332,0.0,0.0,0.0281999999999996,0.2835,-1.2393,2.3802,0.6253940642404822,3.799999999999997,-0.42,0.9899999999999948,0.2647,-0.0346,0.2944,-0.4377,-1.2466,2.6774,0.6468513008316167,3.300000000000012,5.551115123125783e-17,-0.1400000000000147
3.812999999150634,0.0,0.0,0.0307999999999998,0.2852,-1.2402,2.3954,0.6269352254520485,3.799999999999997,-0.42,0.9899999999999948,0.252,-0.0392,0.2948,-0.437,-1.2482,2.6738,0.6467139696345464,3.300000000000012,5.551115123125783e-17,-0.0400000000000204
3.82799999974668,0.0,0.0,0.0354,0.2793,-1.2393,2.393,0.6280338750286106,3.799999999999997,-0.42,0.9899999999999948,0.2583,-0.0301,0.3014,-0.437,-1.257,2.6918,0.6463630121309224,3.300000000000012,5.551115123125783e-17,-0.0400000000000204
3.84400000050664,0.0,0.0,0.0305999999999998,0.2865,-1.2429,2.4038,0.6282017242694743,3.799999999999997,-0.42,0.9899999999999948,0.2518,-0.0296,0.2919999999999998,-0.4375,-1.261,2.6872,0.6457526512550545,3.300000000000012,5.551115123125783e-17,-0.0400000000000204
3.875,0.0,0.0,0.0249999999999998,0.2947,-1.2526,2.4018,0.628415350576028,3.799999999999997,-0.42,0.8899999999999935,0.2563,-0.0283,0.3028,-0.4398,-1.2455,2.6687999999999996,0.6457526512550545,3.300000000000012,5.551115123125783e-17,-0.0400000000000204
3.890999998897314,0.0,0.0,0.0229999999999996,0.2944,-1.2528,2.4018,0.6284306095979247,3.799999999999997,-0.42,0.8899999999999935,0.2617,-0.025,0.2944,-0.4292,-1.2596,2.675,0.6455848020141909,3.300000000000012,5.551115123125783e-17,-0.0400000000000204
3.906999999657273,0.0,0.0,0.0404,0.2919,-1.2549,2.4086,0.6300022888532845,3.9000000000000057,-0.42,0.8899999999999935,0.2457,-0.0422,0.3005999999999998,-0.4068,-1.2744,2.6768,0.6454932478828107,3.300000000000012,5.551115123125783e-17,-0.0400000000000204
3.92200000025332,0.0,0.0,0.0373999999999998,0.2793,-1.2537,2.4164,0.6310399023422598,3.9000000000000057,-0.42,0.8899999999999935,0.2727,-0.0337,0.2906,-0.4222,-1.2664,2.674,0.6454169527733272,3.300000000000012,5.551115123125783e-17,-0.0400000000000204
3.937999999150634,0.0,0.0,0.0344,0.2966,-1.2405,2.4092,0.6322606240939955,3.9000000000000057,-0.42,0.789999999999992,0.2675,-0.0287,0.295,-0.4325,-1.2638,2.6694,0.6454169527733272,3.300000000000012,5.551115123125783e-17,-0.0400000000000204
3.95299999974668,0.0,0.0,0.0318,0.2935,-1.2475,2.4146,0.6323064011596856,3.9000000000000057,-0.52,0.789999999999992,0.2603,-0.0297,0.2995999999999998,-0.4284,-1.2688,2.6818000000000004,0.645477988860914,3.300000000000012,5.551115123125783e-17,-0.0400000000000204
3.9849999994039536,0.0,0.0,0.0376,0.2967,-1.2565,2.4238,0.6332524605172808,3.9000000000000057,-0.52,0.789999999999992,0.2638,-0.0367,0.3011999999999998,-0.4168,-1.2752,2.6766,0.645477988860914,3.300000000000012,5.551115123125783e-17,-0.0400000000000204
4.0,0.0,0.0,0.0534,0.2934,-1.2566,2.4292,0.6344884412909132,3.9000000000000057,-0.42,0.789999999999992,0.2735,-0.0361,0.2958,-0.4286,-1.2523,2.6766,0.645477988860914,3.300000000000012,5.551115123125783e-17,-0.0400000000000204
4.015999998897314,0.0,0.0,0.0453999999999998,0.3045,-1.2488,2.428,0.6352971694514381,3.9000000000000057,-0.52,0.789999999999992,0.2676,-0.0343,0.3044,-0.426,-1.2594,2.6826000000000003,0.645477988860914,3.300000000000012,5.551115123125783e-17,-0.1400000000000147
4.04700000025332,0.0,0.0,0.043,0.2898,-1.2543,2.437,0.6356633859769588,3.9000000000000057,-0.52,0.789999999999992,0.2589,-0.0447,0.3154,-0.4093,-1.2713,2.6768,0.6463019760433356,3.300000000000012,5.551115123125783e-17,-0.1400000000000147
4.062999999150634,0.0,0.0,0.0448,0.2881,-1.2675,2.434600000000001,0.635953307392996,3.9000000000000057,-0.52,0.789999999999992,0.2548,-0.0539,0.3106,-0.4268,-1.2637,2.6802000000000006,0.6471564812695506,3.300000000000012,5.551115123125783e-17,-0.1400000000000147
4.07799999974668,0.0,0.0,0.0394,0.2878,-1.2738,2.4306,0.6364110780498969,3.9000000000000057,-0.52,0.6899999999999977,0.2677,-0.0378,0.307,-0.4056,-1.2693,2.6732,0.6475074387731746,3.300000000000012,5.551115123125783e-17,-0.1400000000000147
4.09400000050664,0.0,0.0,0.0494,0.2948,-1.2586,2.4368,0.6368993667505912,4.0,-0.52,0.6899999999999977,0.2771,-0.0401,0.3096,-0.4093,-1.2784,2.6828,0.6493232623788815,3.300000000000012,5.551115123125783e-17,-0.1400000000000147
4.1099999994039536,0.0,0.0,0.0573999999999996,0.2997,-1.2606,2.4414,0.6392187380788891,4.0,-0.42,0.6899999999999977,0.2781,-0.0509,0.3046,-0.3948,-1.2741,2.6878000000000006,0.6522682536049439,3.300000000000012,5.551115123125783e-17,-0.1400000000000147
4.125,0.0,0.0,0.0609999999999996,0.2921,-1.264,2.4404,0.6436133363851376,4.0,-0.42,0.6899999999999977,0.2704,-0.0437,0.3144,-0.3911,-1.2881,2.6792,0.6559304188601511,3.300000000000012,5.551115123125783e-17,-0.1400000000000147
4.156999999657273,0.0,0.0,0.0472,0.2909,-1.2673,2.4362,0.6510597390707256,3.9000000000000057,-0.52,0.6899999999999977,0.2849,-0.0497,0.3158,-0.4139,-1.2639,2.683,0.6604470893415733,3.300000000000012,5.551115123125783e-17,-0.1400000000000147
4.17200000025332,0.0,0.0,0.0373999999999998,0.3016,-1.2576,2.4334,0.6568581673914702,3.9000000000000057,-0.52,0.6899999999999977,0.28,-0.0451,0.3273999999999998,-0.4125,-1.2599,2.677,0.6604470893415733,3.300000000000012,5.551115123125783e-17,-0.1400000000000147
4.187999999150634,0.0,0.0,0.0497999999999998,0.2895,-1.2757,2.4294,0.6611001754787518,3.9000000000000057,-0.52,0.6899999999999977,0.2829,-0.0585,0.3266,-0.3925,-1.2739,2.6838,0.6604470893415733,3.300000000000012,5.551115123125783e-17,-0.1400000000000147
4.20299999974668,0.0,0.0,0.0618,0.302,-1.2673,2.4492,0.6645639734493018,4.0,-0.42,0.6899999999999977,0.2938,-0.0455,0.3156,-0.3986,-1.273,2.6908,0.6432501716639963,3.200000000000017,5.551115123125783e-17,-0.1400000000000147
4.2349999994039536,0.0,0.0,0.0449999999999996,0.3038,-1.2663,2.4472,0.6688517586022735,3.9000000000000057,-0.52,0.6899999999999977,0.2912,-0.0518,0.33,-0.4033,-1.252,2.6784,0.5982513160906386,3.200000000000017,5.551115123125783e-17,-0.1400000000000147
4.25,0.0,0.0,0.0458,0.3024,-1.2838,2.452,0.6729869535362782,3.9000000000000057,-0.52,0.6899999999999977,0.2852,-0.057,0.3171999999999996,-0.3872,-1.2772,2.679,0.5876615548943313,3.200000000000017,5.551115123125783e-17,-0.1400000000000147
4.265999998897314,0.0,0.0,0.0557999999999998,0.2887,-1.2751,2.439,0.678129243915465,3.9000000000000057,-0.52,0.6899999999999977,0.2973,-0.0472,0.3273999999999998,-0.3868,-1.2731,2.6808,0.5876615548943313,3.200000000000017,5.551115123125783e-17,-0.1400000000000147
4.281999999657273,0.0,0.0,0.0527999999999996,0.2978,-1.2666,2.4424,0.6911299305714503,4.0,-0.42,0.6899999999999977,0.3062,-0.0425,0.3217999999999998,-0.3932,-1.2716,2.6885999999999997,0.5876615548943313,3.200000000000017,5.551115123125783e-17,-0.0400000000000204
4.29700000025332,0.0,0.0,0.0641999999999996,0.2936,-1.274,2.4588,0.6911299305714503,4.0,-0.42,0.6899999999999977,0.2903,-0.0565,0.329,-0.3939,-1.273,2.6876,0.5876615548943313,3.200000000000017,5.551115123125783e-17,-0.0400000000000204
4.32799999974668,0.0,0.0,0.0714,0.2891,-1.2751,2.4616,0.6911299305714503,3.9000000000000057,-0.42,0.789999999999992,0.2926,-0.0564,0.3348,-0.3987,-1.2674,2.6872,0.5982513160906386,3.200000000000017,5.551115123125783e-17,-0.0400000000000204
4.34400000050664,0.0,0.0,0.0689999999999998,0.29,-1.271,2.4554,0.6750316624704356,3.9000000000000057,-0.42,0.789999999999992,0.3109,-0.0524,0.336,-0.383,-1.276,2.686200000000001,0.606979476615549,3.200000000000017,5.551115123125783e-17,-0.0400000000000204
4.3599999994039536,0.0,0.0,0.0605999999999996,0.2971,-1.2711,2.445,0.5914274814984359,3.9000000000000057,-0.42,0.789999999999992,0.2957,-0.0613,0.3346,-0.391,-1.2729,2.695,0.621750209811551,3.200000000000017,5.551115123125783e-17,-0.0400000000000204
4.375,0.0,0.0,0.0586,0.2957,-1.2711,2.4484,0.5266529335469596,3.9000000000000057,-0.42,0.789999999999992,0.3037,-0.0662,0.3337999999999998,-0.3937,-1.2724,2.7038,0.6295780880445564,3.200000000000017,5.551115123125783e-17,-0.0400000000000204
4.390999998897314,0.0,0.0,0.0627999999999996,0.2877,-1.2819,2.4604,0.5266529335469596,3.9000000000000057,-0.42,0.789999999999992,0.2922,-0.0582,0.3374,-0.3996,-1.2553,2.6885999999999997,0.6371923399710079,3.200000000000017,0.1,-0.0400000000000204
4.406999999657273,0.0,0.0,0.0627999999999996,0.2905,-1.2771,2.4614,0.5266529335469596,3.9000000000000057,-0.32,0.789999999999992,0.3045,-0.074,0.3442,-0.385,-1.2723,2.6854,0.645279621576257,3.200000000000017,0.1,-0.0400000000000204
4.437999999150634,0.0,0.0,0.0716,0.2911,-1.2766,2.4650000000000003,0.5266529335469596,3.9000000000000057,-0.32,0.789999999999992,0.3011,-0.0665,0.3267999999999998,-0.3882,-1.2838,2.6962,0.6477668421454185,3.200000000000017,5.551115123125783e-17,-0.0400000000000204
4.45299999974668,0.0,0.0,0.0759999999999998,0.2835,-1.2694,2.457,0.5266529335469596,3.9000000000000057,-0.32,0.8899999999999935,0.3096,-0.0626,0.3454,-0.3892,-1.2732,2.6940000000000004,0.650955977721828,3.200000000000017,5.551115123125783e-17,-0.0400000000000204
4.46900000050664,0.0,0.0,0.0688,0.2837,-1.2856,2.4638,0.5420798046845197,3.9000000000000057,-0.32,0.8899999999999935,0.2986,-0.0662,0.3424,-0.3931,-1.2769,2.7078,0.6516884107728694,3.200000000000017,5.551115123125783e-17,0.0599999999999738
4.5,0.0,0.0,0.0783999999999996,0.2872,-1.2774,2.455,0.5776333257038223,3.9000000000000057,-0.32,0.8899999999999935,0.3091,-0.0761,0.3402,-0.4001,-1.2529,2.6896,0.6516884107728694,3.200000000000017,0.1,0.0599999999999738
4.515999998897314,0.0,0.0,0.0753999999999996,0.2896,-1.2745,2.4496,0.6045349813076981,3.799999999999997,-0.32,0.8899999999999935,0.3162,-0.0669,0.342,-0.3955,-1.2646,2.699,0.6519935912108034,3.1000000000000227,0.1,0.0599999999999738
4.531999999657273,0.0,0.0,0.0694,0.2869,-1.2831,2.4532,0.6149111161974516,3.799999999999997,-0.32,0.8899999999999935,0.3134,-0.0668,0.3415999999999998,-0.3818,-1.2836,2.7007999999999996,0.6519935912108034,3.1000000000000227,0.1,0.0599999999999738
4.54700000025332,0.0,0.0,0.0912,0.2861,-1.2753,2.4548,0.6307957579919127,3.799999999999997,-0.32,0.9899999999999948,0.3145,-0.07,0.3406,-0.3873,-1.279,2.698,0.6519935912108034,3.1000000000000227,0.1,0.0599999999999738
4.562999999150634,0.0,-0.002,0.0821999999999996,0.2852,-1.2674,2.4676,0.6429114213778896,3.799999999999997,-0.32,0.9899999999999948,0.3213,-0.0689,0.3393999999999996,-0.4004,-1.2698,2.7078,0.6519935912108034,3.1000000000000227,0.1,0.0599999999999738
4.57799999974668,0.0,0.0,0.0916,0.2933,-1.2698,2.4616,0.6488929579613947,3.799999999999997,-0.32,0.9899999999999948,0.3163,-0.0693,0.34,-0.3841,-1.2656,2.686200000000001,0.6519935912108034,3.1000000000000227,0.1,0.0599999999999738
4.6099999994039536,0.0,0.0,0.0685999999999996,0.2983,-1.2709,2.4618,0.6503120469977874,3.799999999999997,-0.32,0.9899999999999948,0.3215,-0.0744,0.3383999999999998,-0.3962,-1.2723,2.7102,0.6528023193713283,3.1000000000000227,0.1,0.1599999999999966
4.625,0.0,-0.0165,0.0882,0.2975,-1.2596,2.4642,0.6503120469977874,3.799999999999997,-0.32,0.9899999999999948,0.3287,-0.0651,0.3408,-0.3863,-1.2701,2.705,0.6535347524223698,3.1000000000000227,0.1,0.1599999999999966
4.640999998897314,0.0,-0.0192,0.0863999999999998,0.2875,-1.2881,2.4718,0.6413244831006332,3.799999999999997,-0.32,1.0899999999999963,0.3112,-0.0756,0.3472,-0.3833,-1.2689,2.7112,0.6547859922178989,3.1000000000000227,0.1,0.1599999999999966
4.67200000025332,0.0,-0.0153,0.0889999999999996,0.2983,-1.2746,2.4732,0.6411566338597695,3.700000000000003,-0.22,1.0899999999999963,0.3109,-0.0789,0.3358,-0.3904,-1.2627,2.7094,0.6564034485389487,3.1000000000000227,0.1,0.1599999999999966
4.687999999150634,0.0,-0.0041,0.0788,0.2924,-1.2708,2.4662,0.6411566338597695,3.700000000000003,-0.32,1.0899999999999963,0.321,-0.0789,0.3475999999999998,-0.3792,-1.2706,2.7000000000000006,0.6581124589913787,3.1000000000000227,0.1,0.1599999999999966
4.70299999974668,0.0,-0.006,0.0762,0.2809,-1.2814,2.4506,0.6411566338597695,3.700000000000003,-0.32,1.0899999999999963,0.3151,-0.0745,0.3374,-0.3693,-1.2918,2.714,0.6595162890058748,3.1000000000000227,0.1,0.1599999999999966
4.71900000050664,0.0,-0.0209,0.0852,0.2895,-1.273,2.4574,0.6411566338597695,3.700000000000003,-0.32,1.1899999999999975,0.3263,-0.0636,0.3435999999999998,-0.3799,-1.276,2.7116,0.6605539024948501,3.1000000000000227,0.1,0.1599999999999966
4.7349999994039536,0.0,-0.0167,0.0858,0.2808,-1.272,2.4652,0.6411566338597695,3.700000000000003,-0.32,1.1899999999999975,0.3257,-0.0853,0.3495999999999998,-0.3853,-1.2747,2.7032,0.6613015945677883,3.1000000000000227,0.1,0.0599999999999738
4.75,0.0,-0.0257,0.0927999999999996,0.2795,-1.2638,2.4632,0.6434149691004806,3.700000000000003,-0.22,1.1899999999999975,0.3197,-0.0741,0.3452,-0.401,-1.2643,2.7118,0.6628885328450447,3.1000000000000227,0.1,0.0599999999999738
4.781999999657273,0.0,-0.0238,0.0997999999999996,0.2985,-1.2644,2.4774,0.645505455100328,3.700000000000003,-0.22,1.1899999999999975,0.3223,-0.0714,0.3522,-0.3853,-1.2692,2.7068,0.6636514839398795,3.1000000000000227,0.1,0.0599999999999738
4.79700000025332,0.0,-0.0114,0.0869999999999996,0.2996,-1.2674,2.4672,0.6481147478446632,3.700000000000003,-0.32,1.289999999999992,0.3289,-0.0825,0.3454,-0.3873,-1.2788,2.710600000000001,0.664078736552987,3.1000000000000227,0.1,0.0599999999999738
4.812999999150634,0.0,-0.0034,0.0852,0.2894,-1.2812,2.463000000000001,0.6501747158007172,3.700000000000003,-0.32,1.289999999999992,0.3217,-0.0782,0.3426,-0.3765,-1.2661,2.7048,0.664078736552987,3.1000000000000227,0.1,0.0599999999999738
4.84400000050664,0.0,-0.0038,0.0772,0.2945,-1.2631,2.4674,0.6514717326619364,3.700000000000003,-0.32,1.289999999999992,0.3239,-0.0694,0.3508,-0.3784,-1.2687,2.7112,0.664078736552987,3.1000000000000227,0.1,0.0599999999999738
4.8599999994039536,0.0,-0.0357,0.0949999999999998,0.2867,-1.2678,2.4756,0.6529213397421225,3.700000000000003,-0.22,1.289999999999992,0.3193,-0.0759,0.3548,-0.3854,-1.2663,2.6986000000000003,0.6638193331807432,3.1000000000000227,0.1,0.0599999999999738
4.875,0.0,-0.0256,0.0907999999999998,0.3042,-1.2652,2.4792,0.652997634851606,3.700000000000003,-0.32,1.289999999999992,0.3157,-0.0847,0.3552,-0.3785,-1.2621,2.7068,0.6633920805676357,3.1000000000000227,0.1,0.0599999999999738
4.890999998897314,0.0,-0.0139,0.0825999999999998,0.2978,-1.2735,2.4748,0.6531197070267796,3.700000000000003,-0.32,1.289999999999992,0.3242,-0.0724,0.3574,-0.3748,-1.2716,2.7083999999999997,0.6626443884946975,3.1000000000000227,0.1,0.0599999999999738
4.906999999657273,0.0,-0.0342,0.0936,0.283,-1.2722,2.4646,0.6535927367055772,3.700000000000003,-0.32,1.289999999999992,0.3174,-0.0782,0.3448,-0.3847,-1.2663,2.7028,0.6612252994583048,3.1000000000000227,0.1,0.0599999999999738
4.92200000025332,0.0,-0.036,0.1038,0.3014,-1.2676,2.4816,0.6537148088807507,3.700000000000003,-0.32,1.289999999999992,0.3242,-0.0788,0.3555999999999998,-0.3874,-1.2527,2.7004,0.6595010299839781,3.1000000000000227,0.1,0.0599999999999738
4.95299999974668,0.0,-0.0151,0.0952,0.3064,-1.267,2.4664,0.6537911039902342,3.700000000000003,-0.32,1.289999999999992,0.3285,-0.0744,0.347,-0.3715,-1.2839,2.7053999999999996,0.65875333791104,3.1000000000000227,0.1,0.0599999999999738
4.96900000050664,0.0,-0.0379,0.0858,0.2896,-1.2749,2.469,0.6542641336690318,3.700000000000003,-0.32,1.289999999999992,0.3237,-0.0745,0.3539999999999998,-0.3796,-1.2677,2.7156,0.6577157244220646,3.1000000000000227,0.1,0.0599999999999738
4.9849999994039536,0.0,-0.0301,0.1019999999999996,0.2994,-1.2674,2.4872,0.655210193026627,3.700000000000003,-0.32,1.289999999999992,0.3294,-0.0763,0.3576,-0.3833,-1.2695,2.6996,0.6566475928892959,3.1000000000000227,0.1,0.0599999999999738
5.015999998897314,0.0,-0.0313,0.088,0.286,-1.2711,2.4724,0.6558968490119783,3.700000000000003,-0.32,1.289999999999992,0.3248,-0.0735,0.349,-0.3663,-1.2697,2.706,0.6556404974441139,3.1000000000000227,0.1,0.0599999999999738
5.031999999657273,0.0,-0.02,0.0903999999999996,0.2904,-1.2645,2.4674,0.6563241016250858,3.700000000000003,-0.32,1.1899999999999975,0.3284,-0.0777,0.3515999999999998,-0.3727,-1.2721,2.7072,0.6535652704661632,3.1000000000000227,0.1,0.0599999999999738
5.04700000025332,0.0,-0.0475,0.1025999999999996,0.2876,-1.2768,2.483,0.6563393606469825,3.700000000000003,-0.32,1.289999999999992,0.3234,-0.0828,0.3555999999999998,-0.3816,-1.2704,2.704,0.6491859311818112,3.1000000000000227,0.1,0.0599999999999738
5.062999999150634,0.0,-0.0354,0.0977999999999996,0.2905,-1.2683,2.476,0.656415655756466,3.700000000000003,-0.32,1.289999999999992,0.3173,-0.0845,0.3522,-0.38,-1.2688,2.7062000000000004,0.6481635767147326,3.1000000000000227,0.1,0.0599999999999738
5.07799999974668,0.0,-0.0183,0.0938,0.29,-1.2665,2.4594,0.6568123903257801,3.700000000000003,-0.32,1.289999999999992,0.3328,-0.0795,0.3414,-0.373,-1.2757,2.7158,0.6476295109483482,3.1000000000000227,0.1,0.0599999999999738
5.09400000050664,0.0,-0.0445,0.1025999999999996,0.2882,-1.2623,2.486,0.657468528267338,3.700000000000003,-0.32,1.289999999999992,0.3405,-0.0794,0.3577999999999998,-0.3781,-1.2729,2.7042,0.6465766384374761,3.1000000000000227,0.1,0.0599999999999738
5.125,0.0,-0.0354,0.0912,0.2961,-1.2663,2.4768,0.6575295643549248,3.700000000000003,-0.32,1.289999999999992,0.3355,-0.0773,0.3548,-0.3705,-1.2756,2.7018,0.6448523689631495,3.1000000000000227,0.1,0.0599999999999738
5.140999998897314,0.0,-0.0225,0.1009999999999996,0.2941,-1.2716,2.477,0.6576974135957885,3.700000000000003,-0.32,1.289999999999992,0.3255,-0.0909,0.3557999999999998,-0.37,-1.2736,2.710600000000001,0.6445319295033188,3.1000000000000227,0.1,0.0599999999999738
5.156999999657273,0.0,-0.0538,0.1147999999999996,0.2844,-1.2761,2.4854,0.6576974135957885,3.700000000000003,-0.32,1.289999999999992,0.3278,-0.0798,0.3546,-0.3773,-1.2634,2.7026,0.6444098573281453,3.1000000000000227,0.1,0.0599999999999738
5.187999999150634,0.0,-0.0372,0.0976,0.2901,-1.2718,2.4804,0.6576974135957885,3.700000000000003,-0.32,1.289999999999992,0.3386,-0.0729,0.356,-0.3647,-1.2794,2.7038,0.644119935912108,3.1000000000000227,0.1,0.0599999999999738
5.20299999974668,0.0,-0.0257,0.0985999999999996,0.2841,-1.2752,2.4742,0.6577584496833753,3.700000000000003,-0.32,1.289999999999992,0.3254,-0.0761,0.3619999999999998,-0.368,-1.2654,2.7172,0.6439978637369345,3.1000000000000227,0.1,0.0599999999999738
5.21900000050664,0.0,-0.0539,0.11,0.2929,-1.2689,2.49,0.657773708705272,3.700000000000003,-0.32,1.289999999999992,0.3224,-0.0739,0.3665999999999998,-0.3748,-1.2694,2.7062000000000004,0.6419073777370871,3.1000000000000227,0.1,0.0599999999999738
5.2349999994039536,0.0,-0.0277,0.0966,0.2914,-1.2695,2.4656,0.6582009613183795,3.700000000000003,-0.32,1.289999999999992,0.3336,-0.0805,0.363,-0.3747,-1.2733,2.7156,0.64170901045243,3.1000000000000227,0.1,0.0599999999999738
5.25,0.0,-0.0436,0.1028,0.2855,-1.2662,2.4824,0.6582009613183795,3.700000000000003,-0.32,1.289999999999992,0.3306,-0.0871,0.3546,-0.3824,-1.2595,2.710600000000001,0.6416021972991531,3.1000000000000227,0.1,0.0599999999999738
5.265999998897314,0.0,-0.0477,0.1179999999999996,0.2853,-1.2715,2.4938,0.6585214007782101,3.700000000000003,-0.32,1.289999999999992,0.3339,-0.0921,0.3699999999999998,-0.368,-1.2689,2.7122000000000006,0.6401831082627604,3.1000000000000227,0.1,0.1599999999999966
5.29700000025332,0.0,-0.0281,0.0931999999999996,0.2966,-1.2687,2.468,0.6585214007782101,3.700000000000003,-0.32,1.289999999999992,0.3377,-0.0743,0.3631999999999998,-0.3753,-1.2723,2.7246,0.6401831082627604,3.1000000000000227,0.1,0.1599999999999966
5.312999999150634,0.0,-0.0535,0.1095999999999998,0.2812,-1.2798,2.4894,0.6584908827344167,3.700000000000003,-0.32,1.289999999999992,0.3419,-0.0799,0.3585999999999998,-0.3797,-1.2672,2.7144,0.6401831082627604,3.1000000000000227,0.1,0.1599999999999966
5.32799999974668,0.0,-0.0382,0.1032,0.2949,-1.2627,2.4906,0.6584908827344167,3.700000000000003,-0.32,1.289999999999992,0.3312,-0.0875,0.3624,-0.3634,-1.2773,2.7216,0.6401831082627604,3.1000000000000227,0.1,0.1599999999999966
5.3599999994039536,0.0,-0.0302,0.0924,0.2943,-1.269,2.4768,0.6584908827344167,3.700000000000003,-0.42,1.289999999999992,0.3459,-0.0882,0.3664,-0.3751,-1.2767,2.7062000000000004,0.6401831082627604,3.1000000000000227,0.1,0.1599999999999966
5.375,0.0,-0.058,0.114,0.2857,-1.2685,2.4938,0.6586892500190737,3.700000000000003,-0.32,1.289999999999992,0.3375,-0.08,0.3704,-0.3692,-1.2779,2.699,0.640350957503624,3.1000000000000227,0.1,0.1599999999999966
5.390999998897314,0.0,-0.0391,0.1072,0.2932,-1.2683,2.4834000000000005,0.6584908827344167,3.700000000000003,-0.42,1.289999999999992,0.3266,-0.0907,0.3642,-0.372,-1.2769,2.7158,0.6409765774013886,3.1000000000000227,5.551115123125783e-17,0.1599999999999966
5.406999999657273,0.0,-0.043,0.0966,0.2918,-1.2711,2.4822,0.6584908827344167,3.799999999999997,-0.42,1.289999999999992,0.33,-0.0873,0.3657999999999998,-0.376,-1.2781,2.7038,0.641861600671397,3.1000000000000227,5.551115123125783e-17,0.1599999999999966
5.42200000025332,0.0,-0.0423,0.1111999999999996,0.287,-1.271,2.4966,0.6587655451285572,3.799999999999997,-0.42,1.289999999999992,0.3307,-0.0842,0.365,-0.372,-1.2737,2.704600000000001,0.6433875028610666,3.1000000000000227,0.1,0.1599999999999966
5.437999999150634,0.0,-0.0382,0.1062,0.2873,-1.2727,2.4778,0.6593911650263218,3.799999999999997,-0.42,1.289999999999992,0.3494,-0.086,0.367,-0.3715,-1.2774,2.722,0.645981536583505,3.1000000000000227,5.551115123125783e-17,0.1599999999999966
5.46900000050664,0.0,-0.045,0.1153999999999996,0.2875,-1.2702,2.4886,0.6590402075226978,3.799999999999997,-0.42,1.289999999999992,0.3282,-0.0969,0.3604,-0.3758,-1.2712,2.7072,0.6476752880140383,3.1000000000000227,0.1,0.1599999999999966
5.4849999994039536,0.0,-0.0481,0.1169999999999998,0.3005,-1.2535,2.4884000000000004,0.6590402075226978,3.700000000000003,-0.42,1.289999999999992,0.3471,-0.0825,0.3625999999999998,-0.3636,-1.2796,2.7134,0.64854505226215,3.1000000000000227,5.551115123125783e-17,0.1599999999999966
5.5,0.0,-0.0297,0.1045999999999998,0.2888,-1.2731,2.4772,0.6590402075226978,3.700000000000003,-0.42,1.289999999999992,0.327,-0.0954,0.3701999999999998,-0.3694,-1.2667,2.7129999999999996,0.6501472495613031,3.1000000000000227,5.551115123125783e-17,0.1599999999999966
5.531999999657273,0.0,-0.0599,0.1155999999999996,0.2889,-1.264,2.4884000000000004,0.6591012436102845,3.700000000000003,-0.42,1.289999999999992,0.3412,-0.0833,0.3619999999999998,-0.3724,-1.2748,2.7014,0.6535347524223698,3.1000000000000227,0.1,0.1599999999999966
5.54700000025332,0.0,-0.0389,0.112,0.2965,-1.2609,2.484,0.6591012436102845,3.700000000000003,-0.42,1.289999999999992,0.3271,-0.0777,0.3504,-0.3651,-1.2791,2.7144,0.6546944380865187,3.200000000000017,5.551115123125783e-17,0.1599999999999966
5.562999999150634,0.0,-0.0406,0.1127999999999996,0.2856,-1.2785,2.488800000000001,0.6591012436102845,3.700000000000003,-0.42,1.289999999999992,0.3349,-0.0907,0.3716,-0.371,-1.2585,2.7182,0.6550759136339361,3.200000000000017,0.1,0.0599999999999738
5.57799999974668,0.0,-0.0565,0.1167999999999996,0.2838,-1.2801,2.5028,0.6591012436102845,3.700000000000003,-0.42,1.289999999999992,0.3474,-0.0789,0.3648,-0.359,-1.2799,2.7048,0.656739147020676,3.200000000000017,5.551115123125783e-17,0.0599999999999738
5.59400000050664,0.0,-0.0372,0.1002,0.3012,-1.2785,2.4822,0.6594369420920119,3.700000000000003,-0.42,1.3899999999999937,0.3373,-0.0843,0.3624,-0.3702,-1.2821,2.7188,0.657547875181201,3.200000000000017,5.551115123125783e-17,0.0599999999999738
5.6099999994039536,0.0,-0.064,0.1105999999999998,0.285,-1.2669,2.505,0.6594369420920119,3.700000000000003,-0.32,1.3899999999999937,0.3384,-0.0853,0.3671999999999998,-0.3682,-1.2734,2.7015999999999996,0.6575631342030976,3.200000000000017,0.1,0.0599999999999738
5.640999998897314,0.0,-0.0411,0.1114,0.2945,-1.265,2.4938,0.6594369420920119,3.700000000000003,-0.42,1.3899999999999937,0.3462,-0.0795,0.3614,-0.3607,-1.2868,2.716800000000001,0.6575631342030976,3.200000000000017,5.551115123125783e-17,0.0599999999999738
5.656999999657273,0.0,-0.0474,0.1196,0.2782,-1.2795,2.482,0.6594369420920119,3.700000000000003,-0.42,1.3899999999999937,0.3354,-0.078,0.3697999999999998,-0.371,-1.266,2.7064,0.657898832684825,3.200000000000017,0.1,0.0599999999999738
5.67200000025332,0.0,-0.0538,0.1068,0.2867,-1.2538,2.4974,0.6594522011139086,3.700000000000003,-0.32,1.3899999999999937,0.3433,-0.0942,0.36,-0.3587,-1.2785,2.7116,0.658249790188449,3.200000000000017,5.551115123125783e-17,0.0599999999999738
5.687999999150634,0.0,-0.0321,0.1055999999999996,0.2959,-1.2631,2.4834000000000005,0.6594522011139086,3.700000000000003,-0.42,1.3899999999999937,0.3376,-0.0877,0.3654,-0.3626,-1.2667,2.7151999999999994,0.6586770428015565,3.200000000000017,5.551115123125783e-17,0.0599999999999738
5.70299999974668,0.0,-0.0527,0.1201999999999998,0.2853,-1.2577,2.4958,0.6594522011139086,3.700000000000003,-0.32,1.3899999999999937,0.3347,-0.0904,0.3739999999999998,-0.3643,-1.2674,2.6982,0.6587685969329367,3.200000000000017,0.1,0.0599999999999738
5.7349999994039536,0.0,-0.0534,0.1025999999999996,0.2925,-1.2606,2.4862,0.6594522011139086,3.700000000000003,-0.32,1.3899999999999937,0.3351,-0.0912,0.3616,-0.3554,-1.2798,2.7129999999999996,0.6587685969329367,3.200000000000017,5.551115123125783e-17,0.0599999999999738
5.75,0.0,-0.0492,0.1201999999999998,0.2811,-1.2653,2.4822,0.6597268635080491,3.700000000000003,-0.32,1.3899999999999937,0.3411,-0.084,0.3596,-0.3741,-1.2626,2.7154,0.6587685969329367,3.200000000000017,0.1,0.1599999999999966
5.765999998897314,0.0,-0.0632,0.1275999999999996,0.2812,-1.2763,2.5082,0.6597268635080491,3.700000000000003,-0.32,1.3899999999999937,0.3291,-0.0946,0.371,-0.3619,-1.2858,2.7044,0.6587685969329367,3.200000000000017,5.551115123125783e-17,0.1599999999999966
5.781999999657273,0.0,-0.0445,0.1065999999999998,0.3032,-1.2673,2.502,0.6598794537270161,3.700000000000003,-0.32,1.4899999999999949,0.3463,-0.0804,0.3616,-0.3577,-1.2835,2.7074,0.6587685969329367,3.200000000000017,5.551115123125783e-17,0.1599999999999966
5.812999999150634,0.0,-0.0544,0.1094,0.2968,-1.2707,2.4882,0.6597268635080491,3.5999999999999943,-0.32,1.4899999999999949,0.34,-0.0895,0.3636,-0.3735,-1.2662,2.703,0.6589211871519036,3.200000000000017,0.1,0.1599999999999966
5.82799999974668,0.0,-0.0628,0.1175999999999996,0.2861,-1.2501,2.5036000000000005,0.6597268635080491,3.5999999999999943,-0.32,1.4899999999999949,0.3427,-0.0807,0.3611999999999998,-0.3612,-1.2802,2.710600000000001,0.6587685969329367,3.200000000000017,5.551115123125783e-17,0.1599999999999966
5.84400000050664,0.0,-0.0435,0.1028,0.2886,-1.2817,2.4816,0.6597268635080491,3.5999999999999943,-0.32,1.4899999999999949,0.3395,-0.0817,0.3694,-0.3712,-1.2677,2.7108000000000003,0.6587685969329367,3.200000000000017,5.551115123125783e-17,0.1599999999999966
5.8599999994039536,0.0,-0.0601,0.1155999999999996,0.2823,-1.2713,2.5008,0.6604898146028839,3.5999999999999943,-0.32,1.4899999999999949,0.343,-0.0789,0.371,-0.3815,-1.2662,2.7076,0.6587685969329367,3.1000000000000227,5.551115123125783e-17,0.1599999999999966
5.890999998897314,0.0,-0.0386,0.1068,0.284,-1.2717,2.4956000000000005,0.6604898146028839,3.700000000000003,-0.32,1.4899999999999949,0.3523,-0.0736,0.3686,-0.3488,-1.2781,2.7114,0.6587685969329367,3.1000000000000227,5.551115123125783e-17,0.1599999999999966
5.906999999657273,0.0,-0.053,0.114,0.2854,-1.2717,2.4918,0.6604898146028839,3.700000000000003,-0.32,1.4899999999999949,0.3373,-0.0792,0.3651999999999998,-0.3678,-1.2557,2.7053999999999996,0.6589211871519036,3.200000000000017,0.1,0.1599999999999966
5.92200000025332,0.0,-0.0724,0.1246,0.2848,-1.2734,2.493,0.6604898146028839,3.700000000000003,-0.32,1.3899999999999937,0.3435,-0.0913,0.3611999999999998,-0.363,-1.2814,2.7124,0.6589211871519036,3.1000000000000227,5.551115123125783e-17,0.1599999999999966
5.937999999150634,0.0,-0.0428,0.1072,0.2914,-1.2585,2.4852,0.6604898146028839,3.700000000000003,-0.32,1.3899999999999937,0.3501,-0.0932,0.3674,-0.3637,-1.2646,2.7178,0.6589211871519036,3.1000000000000227,5.551115123125783e-17,0.1599999999999966
5.95299999974668,0.0,-0.0685,0.1228,0.2805,-1.2644,2.506,0.6599557488364995,3.700000000000003,-0.32,1.3899999999999937,0.3411,-0.0912,0.3744,-0.3619,-1.2705,2.7056,0.659104295414664,3.200000000000017,5.551115123125783e-17,0.1599999999999966
5.9849999994039536,0.0,-0.0635,0.1111999999999996,0.2919,-1.2597,2.4956000000000005,0.6599557488364995,3.700000000000003,-0.32,1.3899999999999937,0.3366,-0.0894,0.368,-0.3668,-1.2782,2.7264,0.6590585183489739,3.200000000000017,5.551115123125783e-17,0.1599999999999966
6.0,0.0,-0.0432,0.108,0.2949,-1.2735,2.4892,0.6599557488364995,3.700000000000003,-0.42,1.3899999999999937,0.3339,-0.0945,0.3739999999999998,-0.363,-1.27,2.713600000000002,0.6590585183489739,3.200000000000017,5.551115123125783e-17,0.1599999999999966
6.015999998897314,0.0,-0.0692,0.1273999999999998,0.2885,-1.2718,2.5098,0.6599557488364995,3.700000000000003,-0.32,1.3899999999999937,0.3325,-0.087,0.36,-0.3637,-1.2788,2.704,0.6590585183489739,3.200000000000017,5.551115123125783e-17,0.1599999999999966
6.031999999657273,0.0,-0.0537,0.1063999999999996,0.2903,-1.2629,2.4984,0.6599557488364995,3.700000000000003,-0.42,1.3899999999999937,0.3284,-0.0922,0.368,-0.3591,-1.282,2.7184000000000004,0.6590585183489739,3.200000000000017,5.551115123125783e-17,0.1599999999999966
6.062999999150634,0.0,-0.062,0.1241999999999998,0.298,-1.2677,2.4896,0.6599557488364995,3.700000000000003,-0.42,1.3899999999999937,0.3282,-0.0936,0.3724,-0.3729,-1.27,2.7126,0.6590585183489739,3.200000000000017,0.1,0.1599999999999966
6.07799999974668,0.0,-0.0723,0.125,0.2817,-1.2765,2.5036000000000005,0.6603067063401236,3.700000000000003,-0.42,1.3899999999999937,0.3417,-0.083,0.369,-0.3505,-1.2822,2.7086,0.6590585183489739,3.200000000000017,5.551115123125783e-17,0.1599999999999966
6.09400000050664,0.0,-0.0497,0.11,0.2802,-1.2723,2.4862,0.6603067063401236,3.700000000000003,-0.42,1.3899999999999937,0.3282,-0.0883,0.3696,-0.371,-1.2656,2.711,0.6590585183489739,3.200000000000017,0.1,0.0599999999999738
6.1099999994039536,0.0,-0.0681,0.1196,0.2866,-1.2651,2.5072,0.6603067063401236,3.700000000000003,-0.32,1.3899999999999937,0.3348,-0.0985,0.3692,-0.3525,-1.2847,2.714,0.6589822232394904,3.200000000000017,5.551115123125783e-17,0.0599999999999738
6.125,0.0,-0.051,0.1152,0.2951,-1.2607,2.5014,0.6603067063401236,3.700000000000003,-0.32,1.3899999999999937,0.3479,-0.0939,0.3752,-0.3584,-1.2775,2.7092000000000005,0.6589822232394904,3.200000000000017,5.551115123125783e-17,0.0599999999999738
6.156999999657273,0.0,-0.0558,0.1201999999999998,0.2817,-1.2728,2.4958,0.6603067063401236,3.700000000000003,-0.42,1.3899999999999937,0.3499,-0.0826,0.3656,-0.3621,-1.2683,2.7012,0.659104295414664,3.200000000000017,0.1,0.0599999999999738
6.17200000025332,0.0,-0.0646,0.1282,0.2928,-1.2622,2.5106,0.6602456702525368,3.700000000000003,-0.32,1.4899999999999949,0.3396,-0.0914,0.3676,-0.3526,-1.2747,2.7146000000000003,0.659104295414664,3.200000000000017,5.551115123125783e-17,0.0599999999999738
6.187999999150634,0.0,-0.0615,0.1107999999999996,0.2865,-1.2713,2.4878,0.6602456702525368,3.700000000000003,-0.42,1.4899999999999949,0.342,-0.0965,0.3757999999999998,-0.3676,-1.2791,2.7182,0.659104295414664,3.200000000000017,5.551115123125783e-17,0.0599999999999738
6.20299999974668,0.0,-0.0603,0.1167999999999996,0.294,-1.2658,2.5002,0.6602456702525368,3.700000000000003,-0.32,1.4899999999999949,0.3366,-0.0887,0.367,-0.3551,-1.2623,2.7034,0.659104295414664,3.200000000000017,5.551115123125783e-17,0.0599999999999738
6.2349999994039536,0.0,-0.0748,0.1275999999999996,0.2841,-1.2716,2.5022,0.6602456702525368,3.700000000000003,-0.32,1.4899999999999949,0.3474,-0.0828,0.367,-0.3519,-1.2816,2.7218000000000004,0.6592874036774243,3.200000000000017,5.551115123125783e-17,0.0599999999999738
6.25,0.0,-0.0491,0.11,0.2928,-1.2641,2.4986,0.6601083390554665,3.700000000000003,-0.32,1.4899999999999949,0.3413,-0.089,0.3651999999999998,-0.359,-1.2666,2.7038,0.6592874036774243,3.200000000000017,5.551115123125783e-17,0.0599999999999738
6.265999998897314,0.0,-0.0732,0.1275999999999996,0.2875,-1.2665,2.5084,0.6601083390554665,3.700000000000003,-0.32,1.4899999999999949,0.3445,-0.0893,0.3708,-0.3565,-1.2682,2.7166,0.6588143739986267,3.200000000000017,5.551115123125783e-17,0.0599999999999738
6.281999999657273,0.0,-0.0692,0.1111999999999996,0.2982,-1.2623,2.495,0.6602456702525368,3.700000000000003,-0.32,1.4899999999999949,0.3371,-0.0928,0.3617999999999998,-0.3579,-1.2657,2.7142,0.6588143739986267,3.200000000000017,5.551115123125783e-17,0.0599999999999738
6.29700000025332,0.0,-0.0697,0.108,0.2873,-1.2643,2.499,0.6602456702525368,3.700000000000003,-0.42,1.4899999999999949,0.3357,-0.102,0.3726,-0.368,-1.259,2.7129999999999996,0.6592874036774243,3.200000000000017,5.551115123125783e-17,0.0599999999999738
6.32799999974668,0.0,-0.0721,0.1376,0.2857,-1.2651,2.5178,0.6602456702525368,3.700000000000003,-0.32,1.4899999999999949,0.3434,-0.0853,0.3749999999999996,-0.3426,-1.2854,2.7175999999999996,0.6588143739986267,3.200000000000017,5.551115123125783e-17,0.0599999999999738
6.34400000050664,0.0,-0.0658,0.1138,0.2973,-1.2668,2.4972,0.6602456702525368,3.700000000000003,-0.42,1.4899999999999949,0.341,-0.0823,0.365,-0.3651,-1.2754,2.7202,0.6588143739986267,3.200000000000017,5.551115123125783e-17,-0.0400000000000204
6.3599999994039536,0.0,-0.067,0.1292,0.2896,-1.2707,2.4896,0.6604440375371938,3.700000000000003,-0.42,1.3899999999999937,0.3534,-0.0927,0.365,-0.3567,-1.2639,2.7053999999999996,0.6588143739986267,3.200000000000017,5.551115123125783e-17,-0.0400000000000204
6.375,0.0,-0.0856,0.1275999999999996,0.2835,-1.2632,2.5102,0.6604440375371938,3.799999999999997,-0.42,1.3899999999999937,0.3436,-0.0956,0.3724,-0.3632,-1.2797,2.710600000000001,0.6593942168307012,3.200000000000017,5.551115123125783e-17,-0.0400000000000204
6.390999998897314,0.0,-0.0619,0.1219999999999996,0.2927,-1.2538,2.4946,0.6604440375371938,3.799999999999997,-0.42,1.3899999999999937,0.3424,-0.0908,0.3651999999999998,-0.3586,-1.2605,2.704600000000001,0.6593942168307012,3.200000000000017,5.551115123125783e-17,-0.0400000000000204
6.406999999657273,0.0,-0.081,0.1297999999999996,0.2862,-1.2623,2.5062000000000006,0.6604440375371938,3.799999999999997,-0.42,1.3899999999999937,0.3433,-0.0926,0.3774,-0.3565,-1.2733,2.7129999999999996,0.6593942168307012,3.200000000000017,5.551115123125783e-17,-0.0400000000000204
6.437999999150634,0.0,-0.0765,0.1255999999999996,0.2897,-1.2558,2.5156,0.6605050736247806,3.799999999999997,-0.42,1.3899999999999937,0.3374,-0.0948,0.361,-0.345,-1.2874,2.7238,0.6593942168307012,3.200000000000017,5.551115123125783e-17,-0.0400000000000204
6.45299999974668,0.0,-0.0541,0.111,0.2843,-1.2726,2.4966,0.6604440375371938,3.799999999999997,-0.42,1.3899999999999937,0.3469,-0.0927,0.3741999999999998,-0.3554,-1.2617,2.7066000000000003,0.6595620660715649,3.200000000000017,5.551115123125783e-17,-0.0400000000000204
6.46900000050664,0.0,-0.0769,0.133,0.284,-1.2669,2.5114,0.6604440375371938,3.799999999999997,-0.42,1.3899999999999937,0.3438,-0.0845,0.3722,-0.3614,-1.2741,2.7196,0.6593942168307012,3.200000000000017,5.551115123125783e-17,-0.0400000000000204
6.5,0.0,-0.0662,0.1124,0.297,-1.2534,2.4944,0.6605050736247806,3.799999999999997,-0.42,1.3899999999999937,0.3397,-0.0882,0.3665999999999998,-0.3653,-1.2697,2.7128,0.6593942168307012,3.200000000000017,5.551115123125783e-17,0.0599999999999738
6.515999998897314,0.0,-0.0701,0.1211999999999996,0.2829,-1.2632,2.5112,0.6605050736247806,3.799999999999997,-0.42,1.3899999999999937,0.3379,-0.0895,0.368,-0.358,-1.2636,2.703,0.6595620660715649,3.200000000000017,5.551115123125783e-17,0.0599999999999738
6.531999999657273,0.0,-0.0822,0.1287999999999998,0.2736,-1.2657,2.5154,0.6605050736247806,3.799999999999997,-0.42,1.4899999999999949,0.3372,-0.0953,0.3757999999999998,-0.3461,-1.2723,2.728,0.6595620660715649,3.200000000000017,5.551115123125783e-17,0.0599999999999738
6.54700000025332,0.0,-0.0634,0.1125999999999998,0.3009,-1.2713,2.5086,0.6605050736247806,3.799999999999997,-0.42,1.4899999999999949,0.3494,-0.0879,0.3756,-0.3631,-1.2667,2.714,0.6590432593270772,3.200000000000017,5.551115123125783e-17,0.0599999999999738
6.562999999150634,0.0,-0.0776,0.1326,0.2958,-1.2672,2.5166,0.6605050736247806,3.799999999999997,-0.42,1.4899999999999949,0.3487,-0.0826,0.3757999999999998,-0.3599,-1.28,2.7194,0.6590432593270772,3.200000000000017,5.551115123125783e-17,0.0599999999999738
6.57799999974668,0.0,-0.0642,0.1166,0.2989,-1.2672,2.5126,0.6605050736247806,3.700000000000003,-0.42,1.4899999999999949,0.3511,-0.0882,0.3739999999999998,-0.3503,-1.2677,2.7014,0.6590432593270772,3.200000000000017,5.551115123125783e-17,0.0599999999999738
6.6099999994039536,0.0,-0.0789,0.1263999999999998,0.2893,-1.2686,2.5046000000000004,0.660535591668574,3.700000000000003,-0.32,1.4899999999999949,0.335,-0.102,0.3659999999999998,-0.3531,-1.2718,2.7068,0.6590432593270772,3.200000000000017,5.551115123125783e-17,0.0599999999999738
6.625,0.0,-0.079,0.1169999999999998,0.2844,-1.2686,2.51,0.660535591668574,3.700000000000003,-0.42,1.4899999999999949,0.3445,-0.0957,0.3692,-0.3585,-1.2724,2.7216,0.6590432593270772,3.200000000000017,5.551115123125783e-17,0.0599999999999738
6.640999998897314,0.0,-0.0596,0.1198,0.2965,-1.2696,2.5036000000000005,0.660535591668574,3.799999999999997,-0.42,1.4899999999999949,0.3428,-0.1013,0.381,-0.3628,-1.2736,2.704,0.6590432593270772,3.200000000000017,5.551115123125783e-17,0.0599999999999738
6.67200000025332,0.0,-0.0879,0.1359999999999998,0.274,-1.2651,2.5074,0.6607644769970245,3.799999999999997,-0.42,1.4899999999999949,0.3437,-0.0858,0.363,-0.3489,-1.2921,2.733,0.6590432593270772,3.200000000000017,5.551115123125783e-17,0.0599999999999738
6.687999999150634,0.0,-0.0709,0.1167999999999996,0.2867,-1.2783,2.4994,0.6607644769970245,3.799999999999997,-0.42,1.4899999999999949,0.346,-0.0849,0.3684,-0.3659,-1.2635,2.714,0.6592874036774243,3.200000000000017,5.551115123125783e-17,0.0599999999999738
6.70299999974668,0.0,-0.0824,0.1179999999999996,0.2841,-1.2653,2.5038,0.660383001449607,3.799999999999997,-0.42,1.4899999999999949,0.3451,-0.1033,0.3762,-0.3544,-1.2784,2.712,0.6592874036774243,3.200000000000017,5.551115123125783e-17,0.0599999999999738
6.71900000050664,0.0,-0.0756,0.1228,0.2871,-1.2685,2.5252,0.6603982604715037,3.799999999999997,-0.42,1.4899999999999949,0.3554,-0.0917,0.381,-0.3526,-1.2791,2.7138000000000004,0.65879911497673,3.200000000000017,5.551115123125783e-17,-0.0400000000000204
6.7349999994039536,0.0,-0.0572,0.1221999999999998,0.3085,-1.2615,2.5056,0.660383001449607,3.799999999999997,-0.42,1.4899999999999949,0.3488,-0.0967,0.3804,-0.3556,-1.2601,2.7122000000000006,0.65879911497673,3.200000000000017,5.551115123125783e-17,-0.0400000000000204
6.75,0.0,-0.0796,0.1318,0.2756,-1.267,2.5016,0.660383001449607,3.799999999999997,-0.42,1.4899999999999949,0.333,-0.0905,0.3706,-0.3512,-1.2716,2.7184000000000004,0.65879911497673,3.200000000000017,5.551115123125783e-17,-0.0400000000000204
6.781999999657273,0.0,-0.0817,0.1322,0.2856,-1.2731,2.5216,0.6603982604715037,3.799999999999997,-0.42,1.3899999999999937,0.3416,-0.0962,0.3677999999999998,-0.3528,-1.2888,2.7074,0.65879911497673,3.200000000000017,5.551115123125783e-17,-0.0400000000000204
6.79700000025332,0.0,-0.0733,0.1172,0.2925,-1.2711,2.4992,0.6603982604715037,3.799999999999997,-0.42,1.3899999999999937,0.3532,-0.083,0.3668,-0.3719,-1.2649,2.701,0.6594857709620814,3.200000000000017,5.551115123125783e-17,-0.0400000000000204
6.812999999150634,0.0,-0.0927,0.1283999999999996,0.276,-1.2607,2.5102,0.6603982604715037,3.799999999999997,-0.42,1.3899999999999937,0.3373,-0.0939,0.3788,-0.3322,-1.2779,2.7202,0.65879911497673,3.200000000000017,5.551115123125783e-17,-0.0400000000000204
6.84400000050664,0.0,-0.0761,0.1236,0.2925,-1.271,2.516,0.6605661097123674,3.799999999999997,-0.42,1.3899999999999937,0.3512,-0.0862,0.3704,-0.3494,-1.2675,2.718,0.65879911497673,3.200000000000017,5.551115123125783e-17,-0.0400000000000204
6.84400000050664,0.0,-0.0605,0.1267999999999996,0.2872,-1.2673,2.4962,0.6607644769970245,3.799999999999997,-0.42,1.3899999999999937,0.3383,-0.1051,0.3696,-0.3671,-1.2676,2.6986000000000003,0.6594857709620814,3.200000000000017,5.551115123125783e-17,-0.0400000000000204
6.875,0.0,-0.0855,0.1388,0.2922,-1.266,2.5164,0.6607644769970245,3.799999999999997,-0.42,1.3899999999999937,0.3418,-0.0942,0.3726,-0.346,-1.2829,2.7178,0.6594857709620814,3.200000000000017,5.551115123125783e-17,-0.0400000000000204
6.890999998897314,0.0,-0.0525,0.1216,0.2971,-1.2474,2.4978,0.6607644769970245,3.799999999999997,-0.42,1.3899999999999937,0.3426,-0.0838,0.3757999999999998,-0.3536,-1.267,2.703,0.6588754100862135,3.200000000000017,5.551115123125783e-17,-0.0400000000000204
6.906999999657273,0.0,-0.0812,0.1335999999999996,0.2758,-1.259,2.5118,0.6607644769970245,3.799999999999997,-0.42,1.4899999999999949,0.334,-0.0927,0.3792,-0.3439,-1.2841,2.72,0.6588754100862135,3.200000000000017,5.551115123125783e-17,-0.0400000000000204
6.92200000025332,0.0,-0.0712,0.132,0.3013,-1.2518,2.519,0.6607644769970245,3.799999999999997,-0.42,1.4899999999999949,0.346,-0.0957,0.3741999999999998,-0.3672,-1.274,2.7216,0.6588754100862135,3.200000000000017,5.551115123125783e-17,-0.0400000000000204
6.95299999974668,0.0,-0.0801,0.134,0.2924,-1.2696,2.5072,0.6607644769970245,3.799999999999997,-0.42,1.4899999999999949,0.3497,-0.0979,0.3752,-0.3479,-1.2797,2.7202,0.6588754100862135,3.200000000000017,5.551115123125783e-17,-0.0400000000000204
6.96900000050664,0.0,-0.076,0.1326,0.2959,-1.2591,2.5106,0.6607644769970245,3.799999999999997,-0.42,1.4899999999999949,0.3442,-0.1019,0.3796,-0.362,-1.2727,2.7148,0.6588754100862135,3.200000000000017,5.551115123125783e-17,-0.0400000000000204
6.9849999994039536,0.0,-0.0784,0.1292,0.2853,-1.2788,2.5002,0.6609323262378881,3.799999999999997,-0.42,1.4899999999999949,0.3415,-0.0932,0.3766,-0.3448,-1.2783,2.7118,0.6587838559548334,3.200000000000017,5.551115123125783e-17,-0.0400000000000204
7.0,0.0,-0.0775,0.1335999999999996,0.285,-1.2642,2.512800000000001,0.6609628442816815,3.799999999999997,-0.42,1.4899999999999949,0.3475,-0.0967,0.377,-0.3484,-1.2739,2.7138000000000004,0.6587838559548334,3.200000000000017,5.551115123125783e-17,-0.0400000000000204
7.015999998897314,0.0,-0.0683,0.1303999999999996,0.2891,-1.267,2.5086,0.6609628442816815,3.799999999999997,-0.42,1.4899999999999949,0.3418,-0.0947,0.3821999999999998,-0.3555,-1.2758,2.7074,0.6591653315022508,3.200000000000017,5.551115123125783e-17,-0.0400000000000204
7.04700000025332,0.0,-0.0904,0.1357999999999996,0.2808,-1.2605,2.521,0.6609323262378881,3.799999999999997,-0.42,1.4899999999999949,0.354,-0.0945,0.3786,-0.3451,-1.2822,2.7222000000000004,0.6590585183489739,3.1000000000000227,5.551115123125783e-17,0.0599999999999738
7.062999999150634,0.0,-0.0664,0.1267999999999996,0.2862,-1.2674,2.511,0.6609628442816815,3.799999999999997,-0.42,1.4899999999999949,0.3578,-0.0899,0.3814,-0.3423,-1.2762,2.7104,0.6588601510643168,3.200000000000017,5.551115123125783e-17,-0.0400000000000204
7.07799999974668,0.0,-0.0719,0.127,0.2946,-1.2716,2.509,0.6611306935225452,3.799999999999997,-0.42,1.4899999999999949,0.339,-0.0938,0.377,-0.3492,-1.2635,2.7022,0.6590585183489739,3.1000000000000227,5.551115123125783e-17,0.0599999999999738
7.09400000050664,0.0,-0.0814,0.1318,0.2842,-1.2709,2.502,0.6611306935225452,3.799999999999997,-0.42,1.4899999999999949,0.3444,-0.0998,0.3704,-0.3414,-1.2858,2.716800000000001,0.6590585183489739,3.200000000000017,5.551115123125783e-17,0.0599999999999738
7.125,0.0,-0.0923,0.1356,0.2758,-1.2702,2.5244,0.661191729610132,3.799999999999997,-0.42,1.4899999999999949,0.3395,-0.1069,0.3794,-0.3485,-1.2694,2.7186,0.6591653315022508,3.200000000000017,5.551115123125783e-17,0.0599999999999738
7.140999998897314,0.0,-0.0681,0.1273999999999998,0.2881,-1.2677,2.505,0.6611306935225452,3.799999999999997,-0.42,1.4899999999999949,0.3448,-0.095,0.3712,-0.3496,-1.2735,2.710600000000001,0.6591653315022508,3.200000000000017,5.551115123125783e-17,0.0599999999999738
7.156999999657273,0.0,-0.0731,0.1328,0.2864,-1.2682,2.5114,0.660535591668574,3.799999999999997,-0.42,1.4899999999999949,0.3403,-0.1017,0.3732,-0.3472,-1.2828,2.6996,0.6590585183489739,3.200000000000017,0.1,0.0599999999999738
7.17200000025332,0.0,-0.1035,0.1507999999999996,0.2765,-1.2584,2.517,0.6583840695811398,3.799999999999997,-0.42,1.4899999999999949,0.3428,-0.0974,0.3722,-0.341,-1.2836,2.7138000000000004,0.6588754100862135,3.200000000000017,5.551115123125783e-17,0.0599999999999738
7.187999999150634,0.0,-0.0819,0.1318,0.3029,-1.2486,2.5108,0.6580178530556191,3.799999999999997,-0.42,1.3899999999999937,0.3388,-0.0965,0.3714,-0.36,-1.2624,2.7174,0.6591653315022508,3.200000000000017,5.551115123125783e-17,0.0599999999999738
7.20299999974668,0.0,-0.0758,0.1196,0.2933,-1.263,2.4962,0.6580178530556191,3.799999999999997,-0.42,1.3899999999999937,0.3529,-0.09,0.3792,-0.3516,-1.2651,2.701,0.6594247348744946,3.1000000000000227,5.551115123125783e-17,0.0599999999999738
7.2349999994039536,0.0,-0.0926,0.1326,0.281,-1.2697,2.5258,0.6580178530556191,3.799999999999997,-0.42,1.3899999999999937,0.3478,-0.1017,0.3744,-0.3538,-1.2858,2.716,0.6594247348744946,3.1000000000000227,5.551115123125783e-17,0.0599999999999738
7.25,0.0,-0.0781,0.1244,0.2929,-1.2601,2.5048,0.6580178530556191,3.799999999999997,-0.42,1.3899999999999937,0.3549,-0.0955,0.3749999999999996,-0.352,-1.272,2.6922,0.6588754100862135,3.1000000000000227,0.1,0.0599999999999738
7.265999998897314,0.0,-0.069,0.1255999999999996,0.2917,-1.2687,2.5012,0.6583840695811398,3.799999999999997,-0.42,1.3899999999999937,0.3447,-0.0907,0.3814,-0.3421,-1.2831,2.707,0.6588754100862135,3.1000000000000227,5.551115123125783e-17,0.0599999999999738
7.29700000025332,0.0,-0.0853,0.1447999999999996,0.2909,-1.265,2.5304,0.6583840695811398,3.799999999999997,-0.42,1.4899999999999949,0.339,-0.0898,0.377,-0.3524,-1.2722,2.7174,0.6589669642175937,3.1000000000000227,5.551115123125783e-17,0.0599999999999738
7.312999999150634,0.0,-0.0678,0.127,0.2913,-1.2665,2.5026,0.6584908827344167,3.799999999999997,-0.42,1.4899999999999949,0.3512,-0.0841,0.3676,-0.3503,-1.2643,2.707,0.6594247348744946,3.1000000000000227,0.1,0.0599999999999738
7.32799999974668,0.0,-0.0844,0.1474,0.2793,-1.2703,2.5124,0.6584908827344167,3.799999999999997,-0.42,1.4899999999999949,0.3558,-0.0887,0.3739999999999998,-0.3349,-1.2918,2.7166,0.6589669642175937,3.1000000000000227,5.551115123125783e-17,0.0599999999999738
7.344000000506639,0.0,-0.0871,0.1277999999999996,0.2875,-1.2767,2.5174,0.6583840695811398,3.799999999999997,-0.42,1.4899999999999949,0.3377,-0.0946,0.3814,-0.3536,-1.2726,2.708,0.6589669642175937,3.1000000000000227,0.1,0.0599999999999738
7.3599999994039536,0.0,-0.0669,0.1179999999999996,0.2866,-1.2712,2.5016,0.6583840695811398,3.799999999999997,-0.42,1.4899999999999949,0.3394,-0.0972,0.3741999999999998,-0.3449,-1.2522,2.6931999999999996,0.6589669642175937,3.1000000000000227,5.551115123125783e-17,0.0599999999999738
7.375,0.0,-0.0932,0.1485999999999998,0.2755,-1.2718,2.5228,0.6583840695811398,3.799999999999997,-0.42,1.4899999999999949,0.3532,-0.0965,0.371,-0.338,-1.2781,2.7156,0.6591958495460442,3.1000000000000227,5.551115123125783e-17,0.0599999999999738
7.406999999657273,0.0,-0.0772,0.1313999999999996,0.3034,-1.2625,2.5018,0.6583840695811398,3.799999999999997,-0.42,1.4899999999999949,0.3509,-0.0991,0.3762,-0.3493,-1.2634,2.7052,0.6591958495460442,3.1000000000000227,5.551115123125783e-17,0.0599999999999738
7.42200000025332,0.0,-0.0872,0.1272,0.2821,-1.2725,2.5226,0.6583688105592431,3.799999999999997,-0.42,1.4899999999999949,0.3552,-0.0873,0.3708,-0.3358,-1.2846,2.7104,0.6591958495460442,3.1000000000000227,5.551115123125783e-17,0.0599999999999738
7.437999999150634,0.0,-0.0741,0.1263999999999998,0.2877,-1.2567,2.5092,0.6583535515373464,3.799999999999997,-0.42,1.4899999999999949,0.3381,-0.1019,0.3746,-0.3548,-1.2596,2.7112,0.6591958495460442,3.1000000000000227,5.551115123125783e-17,0.0599999999999738
7.469000000506639,0.0,-0.074,0.1341999999999996,0.2874,-1.272,2.5002,0.6583535515373464,3.799999999999997,-0.42,1.4899999999999949,0.3543,-0.0957,0.3794,-0.3365,-1.2796,2.712,0.6591958495460442,3.1000000000000227,5.551115123125783e-17,0.0599999999999738
7.4849999994039536,0.0,-0.095,0.1381999999999998,0.2853,-1.2648,2.5268,0.658277256427863,3.799999999999997,-0.42,1.4899999999999949,0.3472,-0.096,0.3797999999999998,-0.3563,-1.2751,2.7188,0.6591958495460442,3.200000000000017,5.551115123125783e-17,0.0599999999999738
7.5,0.0,-0.0735,0.1225999999999996,0.2909,-1.2727,2.5026,0.658277256427863,3.799999999999997,-0.42,1.4899999999999949,0.3567,-0.0767,0.3887999999999998,-0.3469,-1.2757,2.7024000000000004,0.6591958495460442,3.1000000000000227,5.551115123125783e-17,0.0599999999999738
7.515999998897314,0.0,-0.0959,0.1323999999999996,0.2835,-1.262,2.5204,0.6582467383840696,3.799999999999997,-0.42,1.4899999999999949,0.3521,-0.0912,0.3734,-0.3392,-1.2837,2.7175999999999996,0.6591958495460442,3.1000000000000227,5.551115123125783e-17,0.0599999999999738
7.531999999657273,0.0,-0.0754,0.1369999999999996,0.2846,-1.2721,2.516,0.6582467383840696,3.799999999999997,-0.42,1.4899999999999949,0.3447,-0.0993,0.3812,-0.3539,-1.2643,2.7056,0.6593331807431144,3.1000000000000227,5.551115123125783e-17,0.0599999999999738
7.54700000025332,0.0,-0.0817,0.1333999999999996,0.2868,-1.2744,2.5118,0.6582314793621729,3.799999999999997,-0.42,1.4899999999999949,0.3445,-0.092,0.3699999999999998,-0.3449,-1.2759,2.7028,0.6593331807431144,3.1000000000000227,5.551115123125783e-17,0.0599999999999738
7.57799999974668,0.0,-0.1006,0.1519999999999998,0.2866,-1.2634,2.5304,0.6581094071869993,3.799999999999997,-0.42,1.4899999999999949,0.3474,-0.098,0.3818,-0.3318,-1.2634,2.715,0.6593331807431144,3.200000000000017,5.551115123125783e-17,0.0599999999999738
7.594000000506639,0.0,-0.083,0.1273999999999998,0.2811,-1.2672,2.5088,0.657972075989929,3.799999999999997,-0.52,1.4899999999999949,0.3475,-0.0967,0.3946,-0.3524,-1.2609,2.7074,0.6593331807431144,3.200000000000017,5.551115123125783e-17,0.0599999999999738
7.6099999994039536,0.0,-0.0743,0.1277999999999996,0.2861,-1.2705,2.4988,0.6579262989242389,3.799999999999997,-0.52,1.4899999999999949,0.3474,-0.0949,0.3804,-0.3341,-1.2817,2.7076,0.6592721446555276,3.200000000000017,5.551115123125783e-17,0.0599999999999738
7.640999998897314,0.0,-0.0942,0.1318,0.2861,-1.267,2.512,0.657773708705272,3.799999999999997,-0.42,1.3899999999999937,0.3426,-0.0909,0.3741999999999998,-0.3446,-1.2773,2.7078,0.6592721446555276,3.200000000000017,5.551115123125783e-17,0.0599999999999738
7.656999999657273,0.0,-0.078,0.1391999999999998,0.2917,-1.2664,2.5168000000000004,0.657773708705272,3.799999999999997,-0.42,1.4899999999999949,0.3565,-0.091,0.3739999999999998,-0.3388,-1.271,2.707,0.6593331807431144,3.200000000000017,5.551115123125783e-17,0.0599999999999738
7.67200000025332,0.0,-0.0799,0.1411999999999996,0.2787,-1.2703,2.5182,0.657773708705272,3.799999999999997,-0.42,1.4899999999999949,0.3505,-0.0966,0.3771999999999998,-0.3438,-1.281,2.7214000000000005,0.6595925841153583,3.200000000000017,5.551115123125783e-17,0.0599999999999738
7.687999999150634,0.0,-0.0847,0.1385999999999996,0.2894,-1.2654,2.504,0.657773708705272,3.799999999999997,-0.42,1.4899999999999949,0.3468,-0.0866,0.3766,-0.3606,-1.268,2.6948000000000003,0.6595162890058748,3.200000000000017,5.551115123125783e-17,0.0599999999999738
7.70299999974668,0.0,-0.0953,0.1265999999999996,0.2886,-1.2587,2.5126,0.657773708705272,3.799999999999997,-0.42,1.4899999999999949,0.3577,-0.0969,0.3842,-0.3428,-1.2812,2.7186,0.6595162890058748,3.200000000000017,5.551115123125783e-17,0.0599999999999738
7.719000000506639,0.0,-0.1019,0.1313999999999996,0.286,-1.2753,2.5214,0.657773708705272,3.799999999999997,-0.42,1.4899999999999949,0.3483,-0.1051,0.3842,-0.3388,-1.2742,2.7151999999999994,0.6595925841153583,3.200000000000017,5.551115123125783e-17,0.0599999999999738
7.75,0.0,-0.0834,0.1359999999999998,0.2757,-1.2752,2.5046000000000004,0.6580178530556191,3.799999999999997,-0.42,1.4899999999999949,0.3506,-0.0856,0.3818,-0.3463,-1.2807,2.7004,0.659607843137255,3.1000000000000227,5.551115123125783e-17,0.0599999999999738
7.765999998897314,0.0,-0.0922,0.131,0.2869,-1.2779,2.5148,0.6580178530556191,3.799999999999997,-0.42,1.4899999999999949,0.346,-0.0977,0.3754,-0.3406,-1.2888,2.709,0.6595925841153583,3.1000000000000227,5.551115123125783e-17,0.0599999999999738
7.781999999657273,0.0,-0.0856,0.135,0.2779,-1.2716,2.5098,0.6580636301213092,3.799999999999997,-0.42,1.4899999999999949,0.3396,-0.1109,0.373,-0.3403,-1.271,2.7122000000000006,0.6595925841153583,3.1000000000000227,5.551115123125783e-17,0.0599999999999738
7.812999999150634,0.0,-0.082,0.1399999999999998,0.274,-1.2751,2.522,0.6580636301213092,3.799999999999997,-0.42,1.4899999999999949,0.3524,-0.0875,0.3812,-0.3456,-1.2779,2.710600000000001,0.659607843137255,3.1000000000000227,5.551115123125783e-17,0.0599999999999738
7.82799999974668,0.0,-0.0908,0.135,0.2841,-1.2751,2.5122,0.6580788891432059,3.799999999999997,-0.42,1.4899999999999949,0.3491,-0.0965,0.3757999999999998,-0.3464,-1.271,2.705,0.6597146562905318,3.200000000000017,5.551115123125783e-17,0.0599999999999738
7.844000000506639,0.0,-0.0887,0.1379999999999998,0.2864,-1.2553,2.5144,0.6581551842526894,3.799999999999997,-0.42,1.4899999999999949,0.3507,-0.1086,0.3779999999999998,-0.35,-1.2727,2.713600000000002,0.659607843137255,3.200000000000017,5.551115123125783e-17,0.0599999999999738
7.8599999994039536,0.0,-0.0893,0.1396,0.2837,-1.2587,2.5088,0.6581704432745861,3.799999999999997,-0.42,1.4899999999999949,0.3512,-0.0894,0.3804,-0.3443,-1.2679,2.717,0.6597299153124285,3.200000000000017,5.551115123125783e-17,0.0599999999999738
7.875,0.0,-0.0917,0.1429999999999996,0.2825,-1.2682,2.5066,0.6581704432745861,3.799999999999997,-0.42,1.5899999999999963,0.3515,-0.1032,0.3824,-0.3479,-1.2757,2.7053999999999996,0.6596688792248417,3.200000000000017,5.551115123125783e-17,0.0599999999999738
7.890999998897314,0.0,-0.0923,0.1332,0.2819,-1.2634,2.513199999999999,0.6581704432745861,3.799999999999997,-0.42,1.5899999999999963,0.3413,-0.0871,0.3779999999999998,-0.3475,-1.2695,2.6998,0.6596688792248417,3.1000000000000227,5.551115123125783e-17,0.0599999999999738
7.92200000025332,0.0,-0.0805,0.1451999999999996,0.2866,-1.2721,2.5126,0.6582314793621729,3.799999999999997,-0.42,1.5899999999999963,0.3515,-0.0901,0.381,-0.348,-1.2865,2.713600000000002,0.6596688792248417,3.1000000000000227,5.551115123125783e-17,0.0599999999999738
7.937999999150634,0.0,-0.0923,0.1418,0.2896,-1.2605,2.5154,0.6582314793621729,3.799999999999997,-0.42,1.5899999999999963,0.3461,-0.0992,0.3836,-0.3452,-1.2842,2.721,0.6596688792248417,3.1000000000000227,5.551115123125783e-17,0.0599999999999738
7.95299999974668,0.0,-0.0808,0.1376,0.2865,-1.269,2.519,0.6582314793621729,3.799999999999997,-0.42,1.5899999999999963,0.3507,-0.0933,0.383,-0.3475,-1.2562,2.7036,0.6596688792248417,3.1000000000000227,5.551115123125783e-17,0.0599999999999738
7.9849999994039536,0.0,-0.0827,0.1289999999999996,0.2909,-1.2613,2.5172,0.6582619974059662,3.799999999999997,-0.42,1.5899999999999963,0.3468,-0.1015,0.3744,-0.3473,-1.2832,2.7116,0.6597299153124285,3.1000000000000227,5.551115123125783e-17,0.0599999999999738
8.0,0.0,-0.0844,0.1406,0.2872,-1.2642,2.5144,0.6582619974059662,3.799999999999997,-0.42,1.5899999999999963,0.3423,-0.1021,0.3846,-0.3542,-1.2608,2.7122000000000006,0.6597909514000153,3.1000000000000227,5.551115123125783e-17,0.0599999999999738
8.015999998897314,0.0,-0.0882,0.1404,0.2804,-1.2709,2.5126,0.6582314793621729,3.799999999999997,-0.42,1.5899999999999963,0.3465,-0.0903,0.3833999999999998,-0.342,-1.2609,2.7172,0.6597909514000153,3.1000000000000227,5.551115123125783e-17,0.0599999999999738
8.031999999657273,0.0,-0.0972,0.1389999999999998,0.2829,-1.2675,2.5168000000000004,0.6582314793621729,3.700000000000003,-0.42,1.6899999999999975,0.3253,-0.1028,0.3766,-0.3503,-1.2685,2.7082,0.6597909514000153,3.1000000000000227,5.551115123125783e-17,0.0599999999999738
8.04700000025332,0.0,-0.0879,0.127,0.2841,-1.2655,2.5118,0.6582009613183795,3.799999999999997,-0.42,1.6899999999999975,0.3583,-0.0973,0.3824,-0.3462,-1.2686,2.7156,0.6598367284657054,3.1000000000000227,5.551115123125783e-17,0.0599999999999738
8.062999999150634,0.0,-0.0971,0.1326,0.2873,-1.2591,2.5112,0.6582009613183795,3.799999999999997,-0.42,1.6899999999999975,0.3488,-0.1043,0.3726,-0.3448,-1.266,2.7154,0.6598367284657054,3.1000000000000227,5.551115123125783e-17,0.0599999999999738
8.09400000050664,0.0,-0.0811,0.1385999999999996,0.2895,-1.2583,2.5162,0.6581399252307927,3.799999999999997,-0.42,1.5899999999999963,0.3437,-0.0912,0.3744,-0.347,-1.2765,2.7128,0.6597299153124285,3.1000000000000227,5.551115123125783e-17,0.0599999999999738
8.109999999403954,0.0,-0.0924,0.1426,0.2861,-1.2589,2.511,0.6581094071869993,3.799999999999997,-0.42,1.5899999999999963,0.3472,-0.0958,0.3694,-0.3489,-1.2688,2.716800000000001,0.6597299153124285,3.1000000000000227,5.551115123125783e-17,0.0599999999999738
8.125,0.0,-0.0883,0.1411999999999996,0.2945,-1.2581,2.5166,0.6581094071869993,3.799999999999997,-0.42,1.5899999999999963,0.3419,-0.0987,0.3832,-0.3442,-1.2758,2.7100000000000004,0.6597299153124285,3.1000000000000227,5.551115123125783e-17,0.0599999999999738
8.156999999657273,0.0,-0.0873,0.1418,0.2787,-1.2635,2.5046000000000004,0.6581094071869993,3.799999999999997,-0.42,1.5899999999999963,0.3562,-0.089,0.3792,-0.3487,-1.2686,2.7068,0.6597604333562219,3.1000000000000227,5.551115123125783e-17,0.0599999999999738
8.17200000025332,0.0,-0.0969,0.134,0.2804,-1.2678,2.5096,0.6582009613183795,3.799999999999997,-0.42,1.5899999999999963,0.3356,-0.0988,0.3771999999999998,-0.3486,-1.2731,2.703,0.6597604333562219,3.1000000000000227,5.551115123125783e-17,0.0599999999999738
8.187999999150634,0.0,-0.0941,0.1404,0.2778,-1.2625,2.5204,0.6581857022964828,3.799999999999997,-0.42,1.5899999999999963,0.3493,-0.095,0.3768,-0.3488,-1.2646,2.7138000000000004,0.6597604333562219,3.1000000000000227,5.551115123125783e-17,0.0599999999999738
8.20299999974668,0.0,-0.0803,0.1439999999999996,0.2805,-1.2671,2.5112,0.6581857022964828,3.799999999999997,-0.42,1.5899999999999963,0.3535,-0.0895,0.3734,-0.3395,-1.2687,2.709,0.6597604333562219,3.1000000000000227,5.551115123125783e-17,0.0599999999999738
8.21900000050664,0.0,-0.0928,0.1357999999999996,0.2823,-1.2628,2.511,0.6581857022964828,3.799999999999997,-0.42,1.5899999999999963,0.3392,-0.0979,0.387,-0.3436,-1.2766,2.7144,0.6597756923781186,3.1000000000000227,5.551115123125783e-17,0.0599999999999738
8.234999999403954,0.0,-0.0757,0.1422,0.2873,-1.2659,2.5152,0.6581857022964828,3.799999999999997,-0.42,1.5899999999999963,0.3382,-0.0948,0.3784,-0.3445,-1.2811,2.7164,0.6597604333562219,3.1000000000000227,5.551115123125783e-17,0.0599999999999738
8.265999998897314,0.0,-0.0855,0.1404,0.2853,-1.2642,2.5182,0.6581857022964828,3.799999999999997,-0.42,1.5899999999999963,0.3521,-0.0876,0.3814,-0.3543,-1.2838,2.7162,0.6597604333562219,3.1000000000000227,5.551115123125783e-17,0.0599999999999738
8.281999999657273,0.0,-0.0913,0.1345999999999996,0.2869,-1.2752,2.5074,0.6581857022964828,3.799999999999997,-0.42,1.5899999999999963,0.3496,-0.0989,0.3844,-0.3516,-1.2696,2.7100000000000004,0.6597604333562219,3.1000000000000227,5.551115123125783e-17,0.0599999999999738
8.29700000025332,0.0,-0.0841,0.1432,0.2826,-1.2754,2.5192,0.6581857022964828,3.799999999999997,-0.42,1.5899999999999963,0.3482,-0.104,0.3802,-0.346,-1.2664,2.7194,0.6597756923781186,3.1000000000000227,5.551115123125783e-17,0.0599999999999738
8.312999999150634,0.0,-0.0844,0.1426,0.2844,-1.2629,2.5174,0.6581857022964828,3.799999999999997,-0.42,1.5899999999999963,0.3568,-0.1024,0.3734,-0.346,-1.2814,2.7072,0.6597909514000153,3.1000000000000227,5.551115123125783e-17,0.0599999999999738
8.34400000050664,0.0,-0.0864,0.1414,0.2845,-1.2575,2.5054,0.6581857022964828,3.799999999999997,-0.42,1.5899999999999963,0.3535,-0.0951,0.3867999999999998,-0.3447,-1.2802,2.7148,0.6597909514000153,3.1000000000000227,5.551115123125783e-17,0.0599999999999738
8.359999999403954,0.0,-0.0785,0.1406,0.2881,-1.2616,2.512800000000001,0.6581857022964828,3.799999999999997,-0.42,1.5899999999999963,0.36,-0.0831,0.3726,-0.3357,-1.2813,2.7162,0.6597604333562219,3.1000000000000227,5.551115123125783e-17,0.0599999999999738
8.375,0.0,-0.0931,0.1394,0.2723,-1.2766,2.5216,0.6581704432745861,3.799999999999997,-0.42,1.5899999999999963,0.338,-0.0884,0.3774,-0.3497,-1.2742,2.7094,0.659806210421912,3.1000000000000227,5.551115123125783e-17,0.0599999999999738
8.390999998897314,0.0,-0.0807,0.1373999999999996,0.2864,-1.2635,2.51,0.6581551842526894,3.799999999999997,-0.42,1.6899999999999975,0.3496,-0.0963,0.3799999999999998,-0.349,-1.2761,2.7175999999999996,0.6598672465094988,3.1000000000000227,5.551115123125783e-17,0.0599999999999738
8.406999999657273,0.0,-0.102,0.1419999999999998,0.2787,-1.2714,2.5166,0.6581551842526894,3.799999999999997,-0.42,1.6899999999999975,0.3469,-0.0874,0.3816,-0.3501,-1.2728,2.7158,0.659806210421912,3.1000000000000227,5.551115123125783e-17,0.0599999999999738
8.437999999150634,0.0,-0.0854,0.1351999999999996,0.283,-1.2646,2.512,0.6581399252307927,3.799999999999997,-0.42,1.6899999999999975,0.3479,-0.1015,0.3804,-0.357,-1.2753,2.7116,0.659806210421912,3.1000000000000227,5.551115123125783e-17,0.0599999999999738
8.45299999974668,0.0,-0.1035,0.1383999999999996,0.2883,-1.2635,2.5226,0.6581399252307927,3.799999999999997,-0.42,1.6899999999999975,0.3517,-0.0899,0.3819999999999998,-0.3441,-1.2784,2.7188,0.659806210421912,3.1000000000000227,5.551115123125783e-17,0.0599999999999738
8.46900000050664,0.0,-0.0893,0.13,0.2822,-1.2712,2.524,0.6581399252307927,3.799999999999997,-0.42,1.6899999999999975,0.3516,-0.0955,0.3804,-0.3428,-1.275,2.709,0.659806210421912,3.1000000000000227,5.551115123125783e-17,0.0599999999999738
8.484999999403954,0.0,-0.0847,0.1458,0.2784,-1.2703,2.5072,0.6581399252307927,3.799999999999997,-0.42,1.5899999999999963,0.3475,-0.0998,0.3777999999999998,-0.3411,-1.2688,2.7082,0.6598367284657054,3.1000000000000227,5.551115123125783e-17,0.0599999999999738
8.515999998897314,0.0,-0.0868,0.1373999999999996,0.2946,-1.2583,2.511,0.6581399252307927,3.799999999999997,-0.42,1.5899999999999963,0.3465,-0.0982,0.3777999999999998,-0.3432,-1.2848,2.7186,0.6598367284657054,3.1000000000000227,5.551115123125783e-17,0.0599999999999738
8.531999999657273,0.0,-0.0813,0.1289999999999996,0.285,-1.2618,2.5134,0.6581399252307927,3.799999999999997,-0.52,1.5899999999999963,0.3567,-0.0912,0.3806,-0.3427,-1.2638,2.6992,0.659806210421912,3.1000000000000227,5.551115123125783e-17,0.0599999999999738
8.54700000025332,0.0,-0.0838,0.1429999999999996,0.287,-1.2727,2.513199999999999,0.6581551842526894,3.799999999999997,-0.52,1.5899999999999963,0.3331,-0.1042,0.3856,-0.3502,-1.2759,2.709,0.6598367284657054,3.1000000000000227,5.551115123125783e-17,0.0599999999999738
8.562999999150634,0.0,-0.0886,0.1411999999999996,0.2897,-1.2691,2.5104,0.6581704432745861,3.799999999999997,-0.52,1.5899999999999963,0.3537,-0.1027,0.3759999999999998,-0.3466,-1.2718,2.7088,0.6598367284657054,3.1000000000000227,5.551115123125783e-17,0.0599999999999738
8.57799999974668,0.0,-0.0892,0.1411999999999996,0.2867,-1.2558,2.5096,0.6581857022964828,3.799999999999997,-0.52,1.5899999999999963,0.3424,-0.0922,0.3779999999999998,-0.3473,-1.2768,2.7184000000000004,0.6598367284657054,3.1000000000000227,5.551115123125783e-17,0.0599999999999738
8.609999999403954,0.0,-0.0891,0.131,0.2981,-1.253,2.517,0.6581704432745861,3.799999999999997,-0.52,1.5899999999999963,0.348,-0.0994,0.3812,-0.3535,-1.2707,2.7034,0.6598367284657054,3.1000000000000227,5.551115123125783e-17,0.0599999999999738
8.625,0.0,-0.0922,0.1422,0.286,-1.2629,2.5066,0.6581551842526894,3.9000000000000057,-0.52,1.5899999999999963,0.3368,-0.0946,0.3833999999999998,-0.3416,-1.269,2.7076,0.6598367284657054,3.1000000000000227,5.551115123125783e-17,0.0599999999999738
8.640999998897314,0.0,-0.0904,0.1401999999999996,0.2874,-1.2619,2.52,0.6581551842526894,3.9000000000000057,-0.52,1.5899999999999963,0.3452,-0.1082,0.3866,-0.3495,-1.2783,2.7134,0.6598367284657054,3.1000000000000227,5.551115123125783e-17,0.0599999999999738
8.656999999657273,0.0,-0.0917,0.1351999999999996,0.29,-1.2612,2.5192,0.6581857022964828,3.9000000000000057,-0.52,1.5899999999999963,0.3423,-0.0853,0.3804,-0.3543,-1.2695,2.7072,0.6598367284657054,3.1000000000000227,5.551115123125783e-17,0.0599999999999738
8.687999999150634,0.0,-0.0887,0.1429999999999996,0.2831,-1.2603,2.5012,0.6582009613183795,3.9000000000000057,-0.52,1.5899999999999963,0.3593,-0.0979,0.3686,-0.3423,-1.2756,2.7232,0.6598672465094988,3.1000000000000227,5.551115123125783e-17,0.0599999999999738
8.70299999974668,0.0,-0.0987,0.1414,0.291,-1.2656,2.5158000000000005,0.6582009613183795,3.799999999999997,-0.52,1.5899999999999963,0.3369,-0.0987,0.3754,-0.3364,-1.2777,2.7074,0.6598672465094988,3.1000000000000227,5.551115123125783e-17,0.0599999999999738
8.71900000050664,0.0,-0.0875,0.1442,0.2822,-1.2625,2.513,0.6582009613183795,3.799999999999997,-0.52,1.5899999999999963,0.3427,-0.1032,0.3752,-0.339,-1.2837,2.7056,0.6598367284657054,3.1000000000000227,5.551115123125783e-17,0.0599999999999738
8.734999999403954,0.0,-0.0799,0.1357999999999996,0.2874,-1.2676,2.5176,0.6582467383840696,3.799999999999997,-0.52,1.5899999999999963,0.3487,-0.0941,0.3724,-0.3444,-1.2676,2.7007999999999996,0.6598367284657054,3.1000000000000227,5.551115123125783e-17,0.0599999999999738
8.75,0.0,-0.093,0.1322,0.2766,-1.2688,2.5086,0.6582467383840696,3.799999999999997,-0.52,1.5899999999999963,0.3475,-0.0995,0.3786,-0.3424,-1.2746,2.7088,0.6598214694438087,3.1000000000000227,5.551115123125783e-17,0.0599999999999738
8.781999999657273,0.0,-0.0881,0.1379999999999998,0.2815,-1.2693,2.5118,0.6582009613183795,3.799999999999997,-0.52,1.5899999999999963,0.3479,-0.1002,0.3797999999999998,-0.3481,-1.2714,2.708,0.6598214694438087,3.1000000000000227,5.551115123125783e-17,0.0599999999999738
8.79700000025332,0.0,-0.0829,0.1383999999999996,0.2805,-1.2712,2.5206,0.6582009613183795,3.799999999999997,-0.52,1.6899999999999975,0.3548,-0.0876,0.3786,-0.3514,-1.2722,2.711,0.6598214694438087,3.1000000000000227,5.551115123125783e-17,0.0599999999999738
8.812999999150634,0.0,-0.0955,0.134,0.2943,-1.254,2.5094,0.6582009613183795,3.799999999999997,-0.52,1.6899999999999975,0.3422,-0.0938,0.3786,-0.3376,-1.2635,2.7086,0.6598214694438087,3.1000000000000227,5.551115123125783e-17,0.0599999999999738
8.82799999974668,0.0,-0.1039,0.1338,0.283,-1.2628,2.5194,0.6582009613183795,3.799999999999997,-0.52,1.6899999999999975,0.3472,-0.1027,0.3808,-0.3487,-1.271,2.7058,0.6598214694438087,3.1000000000000227,5.551115123125783e-17,0.0599999999999738
8.859999999403954,0.0,-0.0916,0.1439999999999996,0.2746,-1.2677,2.5098,0.6581857022964828,3.799999999999997,-0.52,1.6899999999999975,0.3484,-0.0872,0.3654,-0.3348,-1.2824,2.7028,0.6598214694438087,3.1000000000000227,5.551115123125783e-17,0.0599999999999738
8.875,0.0,-0.095,0.1328,0.2791,-1.2725,2.504,0.6582467383840696,3.799999999999997,-0.52,1.5899999999999963,0.3502,-0.0985,0.3833999999999998,-0.3354,-1.2826,2.7028,0.659806210421912,3.1000000000000227,5.551115123125783e-17,0.0599999999999738
8.890999998897314,0.0,-0.0922,0.1316,0.2915,-1.2667,2.5166,0.6582467383840696,3.799999999999997,-0.52,1.5899999999999963,0.3458,-0.106,0.3728,-0.3462,-1.2788,2.7142,0.6598214694438087,3.1000000000000227,5.551115123125783e-17,0.0599999999999738
8.906999999657273,0.0,-0.0922,0.1368,0.278,-1.263,2.5008,0.6582467383840696,3.799999999999997,-0.52,1.5899999999999963,0.3508,-0.0875,0.3708,-0.347,-1.2739,2.7086,0.6598367284657054,3.1000000000000227,5.551115123125783e-17,0.0599999999999738
8.92200000025332,0.0,-0.0937,0.1464,0.2823,-1.2689,2.5104,0.6582467383840696,3.799999999999997,-0.52,1.5899999999999963,0.349,-0.1052,0.3866,-0.3432,-1.2774,2.7134,0.6598367284657054,3.1000000000000227,5.551115123125783e-17,0.0599999999999738
8.95299999974668,0.0,-0.0857,0.1383999999999996,0.277,-1.2778,2.5028,0.6582467383840696,3.9000000000000057,-0.52,1.5899999999999963,0.337,-0.0983,0.3864,-0.3504,-1.2748,2.7182,0.6598367284657054,3.1000000000000227,5.551115123125783e-17,0.0599999999999738
8.96900000050664,0.0,-0.0922,0.1484,0.2735,-1.2605,2.5072,0.6582619974059662,3.9000000000000057,-0.52,1.5899999999999963,0.3454,-0.0802,0.3786,-0.3471,-1.2792,2.7072,0.6598519874876021,3.1000000000000227,5.551115123125783e-17,0.0599999999999738
8.984999999403954,0.0,-0.0959,0.1312,0.2799,-1.2638,2.4996000000000005,0.6582619974059662,3.9000000000000057,-0.52,1.5899999999999963,0.3398,-0.0908,0.379,-0.3503,-1.2681,2.7076,0.659958800640879,3.1000000000000227,5.551115123125783e-17,0.0599999999999738
9.0,0.0,-0.0834,0.1439999999999996,0.2818,-1.2771,2.5134,0.6582619974059662,3.9000000000000057,-0.52,1.5899999999999963,0.3418,-0.0974,0.3776,-0.3438,-1.2734,2.7100000000000004,0.659958800640879,3.1000000000000227,5.551115123125783e-17,0.0599999999999738
9.031999999657272,0.0,-0.0921,0.1442,0.2774,-1.2722,2.5168000000000004,0.6583688105592431,3.9000000000000057,-0.52,1.5899999999999963,0.353,-0.0991,0.3818,-0.34,-1.2716,2.707,0.659958800640879,3.1000000000000227,5.551115123125783e-17,0.0599999999999738
9.04700000025332,0.0,-0.0946,0.1474,0.2783,-1.2697,2.5072,0.6583688105592431,3.9000000000000057,-0.52,1.5899999999999963,0.3484,-0.0911,0.3697999999999998,-0.3457,-1.2854,2.7132,0.659958800640879,3.1000000000000227,5.551115123125783e-17,0.0599999999999738
9.062999999150634,0.0,-0.0888,0.1323999999999996,0.2793,-1.2744,2.5194,0.6584145876249332,3.9000000000000057,-0.52,1.5899999999999963,0.3475,-0.0995,0.3859999999999998,-0.3543,-1.2675,2.7102,0.659958800640879,3.1000000000000227,5.551115123125783e-17,0.0599999999999738
9.07799999974668,0.0,-0.0852,0.1345999999999996,0.2819,-1.2708,2.51,0.6584145876249332,3.9000000000000057,-0.52,1.5899999999999963,0.3485,-0.0963,0.3726,-0.3503,-1.2715,2.7134,0.659958800640879,3.1000000000000227,5.551115123125783e-17,0.0599999999999738
9.09400000050664,0.0,-0.0866,0.1351999999999996,0.2882,-1.2564,2.5086,0.6584145876249332,3.799999999999997,-0.52,1.5899999999999963,0.34,-0.102,0.3836,-0.345,-1.261,2.7022,0.659958800640879,3.1000000000000227,5.551115123125783e-17,0.0599999999999738
9.125,0.0,-0.0937,0.1406,0.2912,-1.2652,2.51,0.6583993286030365,3.799999999999997,-0.52,1.5899999999999963,0.3478,-0.0972,0.3799999999999998,-0.336,-1.2707,2.7118,0.659958800640879,3.1000000000000227,5.551115123125783e-17,0.0599999999999738
9.140999998897314,0.0,-0.0852,0.1401999999999996,0.2779,-1.2799,2.5148,0.6584145876249332,3.799999999999997,-0.52,1.5899999999999963,0.3525,-0.0915,0.3797999999999998,-0.3492,-1.2695,2.7148,0.659958800640879,3.1000000000000227,5.551115123125783e-17,0.0599999999999738
9.156999999657272,0.0,-0.0857,0.1361999999999996,0.2771,-1.2696,2.5146,0.6584145876249332,3.799999999999997,-0.52,1.5899999999999963,0.3539,-0.094,0.3821999999999998,-0.3419,-1.2676,2.7015999999999996,0.659958800640879,3.1000000000000227,5.551115123125783e-17,0.0599999999999738
9.17200000025332,0.0,-0.0942,0.1442,0.2836,-1.2628,2.521,0.6584145876249332,3.799999999999997,-0.52,1.6899999999999975,0.3401,-0.1027,0.3728,-0.3499,-1.2843,2.7048,0.6599740596627757,3.1000000000000227,5.551115123125783e-17,0.0599999999999738
9.187999999150634,0.0,-0.0964,0.1406,0.2863,-1.2769,2.5104,0.65847562371252,3.799999999999997,-0.52,1.6899999999999975,0.3508,-0.0887,0.3833999999999998,-0.3396,-1.279,2.7018,0.6599740596627757,3.1000000000000227,5.551115123125783e-17,0.0599999999999738
9.21900000050664,0.0,-0.0877,0.1361999999999996,0.2938,-1.2578,2.5102,0.65847562371252,3.799999999999997,-0.52,1.6899999999999975,0.3512,-0.0901,0.3766,-0.3437,-1.2737,2.7102,0.6599130235751889,3.1000000000000227,5.551115123125783e-17,0.0599999999999738
9.234999999403954,0.0,-0.0921,0.1338,0.2831,-1.2603,2.5058,0.6584451056687266,3.799999999999997,-0.52,1.6899999999999975,0.3471,-0.102,0.383,-0.345,-1.2788,2.7053999999999996,0.6599130235751889,3.1000000000000227,5.551115123125783e-17,0.0599999999999738
9.25,0.0,-0.0899,0.1461999999999996,0.2887,-1.2714,2.5072,0.6584451056687266,3.799999999999997,-0.52,1.6899999999999975,0.3541,-0.0995,0.3836,-0.3365,-1.2822,2.7088,0.6599130235751889,3.1000000000000227,5.551115123125783e-17,0.0599999999999738
9.265999998897314,0.0,-0.0838,0.1396,0.2808,-1.2764,2.5092,0.6583993286030365,3.799999999999997,-0.52,1.5899999999999963,0.3449,-0.1074,0.3764,-0.344,-1.2832,2.7066000000000003,0.6599130235751889,3.1000000000000227,5.551115123125783e-17,0.0599999999999738
9.29700000025332,0.0,-0.0906,0.1385999999999996,0.2793,-1.2766,2.5118,0.6583993286030365,3.799999999999997,-0.52,1.5899999999999963,0.3451,-0.1011,0.3818,-0.3447,-1.278,2.708,0.6599435416189823,3.1000000000000227,5.551115123125783e-17,0.0599999999999738
9.312999999150634,0.0,-0.0848,0.1357999999999996,0.286,-1.2668,2.5148,0.6583993286030365,3.799999999999997,-0.52,1.5899999999999963,0.3463,-0.0834,0.3786,-0.3455,-1.2784,2.7078,0.6599435416189823,3.1000000000000227,5.551115123125783e-17,0.0599999999999738
9.32799999974668,0.0,-0.0896,0.1379999999999998,0.2858,-1.2585,2.5112,0.6583993286030365,3.9000000000000057,-0.52,1.5899999999999963,0.3569,-0.092,0.3802,-0.3533,-1.2704,2.7042,0.6599435416189823,3.1000000000000227,5.551115123125783e-17,0.0599999999999738
9.34400000050664,0.0,-0.0959,0.1398,0.2798,-1.2779,2.5102,0.6583993286030365,3.9000000000000057,-0.52,1.5899999999999963,0.3421,-0.0944,0.3836,-0.3525,-1.281,2.7118,0.6599740596627757,3.1000000000000227,5.551115123125783e-17,0.0599999999999738
9.359999999403954,0.0,-0.0868,0.1476,0.2774,-1.2702,2.508,0.6583993286030365,3.9000000000000057,-0.52,1.5899999999999963,0.3449,-0.0952,0.373,-0.345,-1.2835,2.7182,0.6600503547722592,3.1000000000000227,5.551115123125783e-17,0.0599999999999738
9.375,0.0,-0.0998,0.1399999999999998,0.2846,-1.2641,2.5082,0.6584451056687266,3.9000000000000057,-0.52,1.5899999999999963,0.3461,-0.0951,0.3806,-0.3528,-1.2722,2.7104,0.6600503547722592,3.1000000000000227,5.551115123125783e-17,0.0599999999999738
9.406999999657272,0.0,-0.0841,0.1435999999999996,0.2888,-1.2698,2.5116,0.6584451056687266,3.9000000000000057,-0.52,1.5899999999999963,0.3435,-0.097,0.3784,-0.3472,-1.2772,2.7066000000000003,0.6599740596627757,3.1000000000000227,5.551115123125783e-17,0.0599999999999738
9.42200000025332,0.0,-0.0963,0.1476,0.2846,-1.251,2.5114,0.6584298466468299,3.9000000000000057,-0.42,1.5899999999999963,0.3539,-0.0925,0.379,-0.3519,-1.2621,2.712,0.6599740596627757,3.1000000000000227,5.551115123125783e-17,0.0599999999999738
9.437999999150634,0.0,-0.0947,0.1344,0.2847,-1.2681,2.5154,0.6582009613183795,3.9000000000000057,-0.42,1.5899999999999963,0.3583,-0.0879,0.373,-0.3492,-1.2687,2.706,0.6599740596627757,3.1000000000000227,5.551115123125783e-17,0.0599999999999738
9.45299999974668,0.0,-0.0928,0.1406,0.2931,-1.2572,2.5174,0.6582009613183795,3.9000000000000057,-0.42,1.5899999999999963,0.3513,-0.0933,0.371,-0.3439,-1.2671,2.7064,0.6599740596627757,3.1000000000000227,-0.0999999999999999,0.0599999999999738
9.484999999403954,0.0,-0.0935,0.1383999999999996,0.2855,-1.2817,2.5196,0.6582009613183795,3.9000000000000057,-0.42,1.5899999999999963,0.3445,-0.0948,0.3816,-0.3482,-1.277,2.717,0.6600198367284658,3.1000000000000227,-0.0999999999999999,0.0599999999999738
9.5,0.0,-0.0856,0.1439999999999996,0.2894,-1.262,2.517,0.6582467383840696,3.9000000000000057,-0.42,1.5899999999999963,0.347,-0.1018,0.3692,-0.3543,-1.2719,2.7262,0.6599740596627757,3.1000000000000227,-0.0999999999999999,0.0599999999999738
9.515999998897314,0.0,-0.0863,0.1409999999999996,0.2954,-1.2599,2.520800000000001,0.6582467383840696,3.9000000000000057,-0.42,1.5899999999999963,0.3502,-0.0953,0.3762,-0.3411,-1.2804,2.7022,0.6599740596627757,3.1000000000000227,-0.0999999999999999,-0.0400000000000204
9.531999999657272,0.0,-0.0872,0.1345999999999996,0.2865,-1.2612,2.5122,0.658323033493553,3.9000000000000057,-0.42,1.4899999999999949,0.3468,-0.085,0.3737999999999998,-0.3427,-1.282,2.7086,0.6600198367284658,3.1000000000000227,-0.0999999999999999,-0.0400000000000204
9.54700000025332,0.0,-0.0869,0.1348,0.2826,-1.2611,2.5114,0.658323033493553,3.9000000000000057,-0.42,1.4899999999999949,0.3337,-0.0969,0.3864,-0.3514,-1.2711,2.7082,0.6601266498817426,3.1000000000000227,-0.0999999999999999,-0.0400000000000204
9.57799999974668,0.0,-0.0775,0.1385999999999996,0.2883,-1.2604,2.5114,0.6583382925154497,3.9000000000000057,-0.42,1.4899999999999949,0.3474,-0.0978,0.3734,-0.3523,-1.2785,2.7100000000000004,0.6599740596627757,3.1000000000000227,-0.0999999999999999,-0.0400000000000204
9.59400000050664,0.0,-0.0929,0.1435999999999996,0.2773,-1.2609,2.5032,0.658323033493553,3.9000000000000057,-0.32,1.4899999999999949,0.336,-0.0965,0.3728,-0.3366,-1.2839,2.7072,0.6599740596627757,3.1000000000000227,-0.0999999999999999,-0.0400000000000204
9.609999999403954,0.0,-0.0908,0.1456,0.283,-1.2788,2.5086,0.6582925154497596,3.9000000000000057,-0.32,1.3899999999999937,0.3454,-0.0943,0.3644,-0.3505,-1.2808,2.706,0.6599740596627757,3.1000000000000227,-0.0999999999999999,-0.1400000000000147
9.625,0.0,-0.101,0.1434,0.2854,-1.2734,2.5112,0.6582925154497596,3.9000000000000057,-0.32,1.3899999999999937,0.3332,-0.1088,0.3827999999999998,-0.3449,-1.2731,2.6996,0.6600198367284658,3.200000000000017,-0.0999999999999999,-0.1400000000000147
9.656999999657272,0.0,-0.0912,0.1396,0.2847,-1.2702,2.505,0.658277256427863,3.9000000000000057,-0.32,1.3899999999999937,0.3477,-0.0971,0.3748,-0.3512,-1.2679,2.7132,0.6600198367284658,3.200000000000017,-0.0999999999999999,-0.1400000000000147
9.67200000025332,0.0,-0.1011,0.1357999999999996,0.2874,-1.2579,2.509,0.6582467383840696,3.9000000000000057,-0.32,1.289999999999992,0.3402,-0.1025,0.3824,-0.3481,-1.27,2.7078,0.6600198367284658,3.200000000000017,-0.0999999999999999,-0.2400000000000091
9.687999999150634,0.0,-0.0918,0.1411999999999996,0.2819,-1.2623,2.5148,0.6582467383840696,3.9000000000000057,-0.32,1.289999999999992,0.3499,-0.0947,0.3832,-0.3653,-1.2659,2.7138000000000004,0.6600198367284658,3.200000000000017,-0.1999999999999999,-0.2400000000000091
9.70299999974668,0.0,-0.1022,0.1364,0.2827,-1.2622,2.5124,0.6582467383840696,3.9000000000000057,-0.32,1.1899999999999975,0.3347,-0.0999,0.3694,-0.3471,-1.2761,2.7064,0.6600350957503625,3.1000000000000227,-0.1999999999999999,-0.3400000000000034
9.71900000050664,0.0,-0.0995,0.1409999999999996,0.2829,-1.2621,2.5154,0.6582467383840696,3.9000000000000057,-0.32,1.1899999999999975,0.3488,-0.0936,0.365,-0.3467,-1.2842,2.7094,0.6600350957503625,3.1000000000000227,-0.1999999999999999,-0.3400000000000034
9.75,0.0,-0.0975,0.1335999999999996,0.2891,-1.2658,2.5258,0.6582467383840696,3.9000000000000057,-0.32,1.0899999999999963,0.3463,-0.0887,0.3724,-0.3455,-1.2796,2.7028,0.6600350957503625,3.1000000000000227,-0.1999999999999999,-0.4400000000000261
9.765999998897314,0.0,-0.096,0.1373999999999996,0.2811,-1.2613,2.5096,0.6582314793621729,3.9000000000000057,-0.32,1.0899999999999963,0.3436,-0.0985,0.3717999999999998,-0.3388,-1.2724,2.7174,0.6600350957503625,3.1000000000000227,-0.1999999999999999,-0.4400000000000261
9.781999999657272,0.0,-0.08,0.1432,0.3007,-1.2594,2.5118,0.6582314793621729,3.9000000000000057,-0.32,0.9899999999999948,0.3497,-0.0952,0.3726,-0.3487,-1.2819,2.7128,0.6600961318379492,3.1000000000000227,-0.1999999999999999,-0.5400000000000205
9.79700000025332,0.0,-0.0958,0.1474,0.2914,-1.2664,2.5122,0.6582314793621729,3.9000000000000057,-0.32,0.9899999999999948,0.339,-0.1047,0.3804,-0.3386,-1.281,2.7074,0.6600961318379492,3.1000000000000227,-0.1999999999999999,-0.5400000000000205
9.812999999150634,0.0,-0.0847,0.1501999999999996,0.2687,-1.2671,2.5108,0.6582314793621729,3.9000000000000057,-0.32,0.8899999999999935,0.3341,-0.103,0.3781999999999998,-0.3453,-1.2769,2.7053999999999996,0.6601419089036393,3.200000000000017,-0.1999999999999999,-0.6400000000000148
9.84400000050664,0.0,-0.0965,0.1391999999999998,0.2788,-1.2575,2.5096,0.6582314793621729,3.9000000000000057,-0.32,0.789999999999992,0.3401,-0.0913,0.3726,-0.3485,-1.2688,2.7114,0.660157167925536,3.200000000000017,-0.1999999999999999,-0.7400000000000091
9.859999999403954,0.0,-0.0914,0.1418,0.2858,-1.2717,2.5054,0.6582314793621729,3.9000000000000057,-0.32,0.6899999999999977,0.3507,-0.0989,0.3671999999999998,-0.3344,-1.2916,2.7028,0.660157167925536,3.200000000000017,-0.1999999999999999,-0.7400000000000091
9.875,0.0,-0.0875,0.1316,0.2968,-1.2638,2.5168000000000004,0.6582009613183795,3.9000000000000057,-0.32,0.6899999999999977,0.3414,-0.1016,0.3768,-0.3414,-1.2873,2.706,0.6601724269474327,3.200000000000017,-0.1999999999999999,-0.8400000000000034
9.890999998897314,0.0,-0.0977,0.1388,0.2863,-1.2718,2.5112,0.6580788891432059,3.9000000000000057,-0.32,0.5899999999999963,0.3443,-0.0907,0.3759999999999998,-0.3463,-1.2729,2.72,0.6601724269474327,3.200000000000017,-0.1999999999999999,-0.940000000000026
9.92200000025332,0.0,-0.0965,0.1389999999999998,0.2791,-1.2782,2.516,0.6580788891432059,3.9000000000000057,-0.22,0.4899999999999949,0.3538,-0.094,0.3756,-0.3572,-1.2625,2.7184000000000004,0.6601266498817426,3.1000000000000227,-0.1999999999999999,-0.940000000000026
9.937999999150634,0.0,-0.0894,0.1406,0.2815,-1.2603,2.5142,0.6580331120775158,4.0,-0.22,0.3899999999999934,0.3465,-0.1025,0.3699999999999998,-0.349,-1.2721,2.7128,0.6600656137941558,3.1000000000000227,-0.2999999999999999,-1.0400000000000205
9.95299999974668,0.0,-0.0846,0.1376,0.2826,-1.2622,2.5068,0.6580331120775158,4.0,-0.22,0.289999999999992,0.3412,-0.0979,0.3734,-0.3485,-1.2711,2.7096000000000005,0.6600656137941558,3.1000000000000227,-0.2999999999999999,-1.1400000000000148
9.96900000050664,0.0,-0.0968,0.1385999999999996,0.2874,-1.257,2.5116,0.6580331120775158,4.0,-0.22,0.289999999999992,0.3426,-0.08,0.3671999999999998,-0.3579,-1.2717,2.7132,0.6600656137941558,3.1000000000000227,-0.2999999999999999,-1.240000000000009
9.984999999403954,0.0,-0.0898,0.1399999999999998,0.2747,-1.2748,2.505,0.6580331120775158,4.0,-0.22,0.1899999999999977,0.3451,-0.0934,0.3744,-0.3572,-1.2778,2.7088,0.6601266498817426,3.1000000000000227,-0.2999999999999999,-1.3400000000000034
10.0,0.0,-0.0984,0.1369999999999996,0.2761,-1.2616,2.5124,0.6580331120775158,4.0,-0.22,0.0899999999999963,0.3421,-0.1003,0.3708,-0.3435,-1.2805,2.7096000000000005,0.6601266498817426,3.1000000000000227,-0.2999999999999999,-1.3400000000000034
10.031999999657272,0.0,-0.0963,0.1408,0.2816,-1.267,2.5092,0.6580941481651026,3.9000000000000057,-0.22,-0.0100000000000051,0.3557,-0.0938,0.3786,-0.3497,-1.2738,2.711,0.6601266498817426,3.1000000000000227,-0.2999999999999999,-1.440000000000026
10.04700000025332,0.0,-0.0865,0.1376,0.2865,-1.2578,2.5258,0.6581094071869993,3.9000000000000057,-0.22,-0.1100000000000065,0.3435,-0.0968,0.3722,-0.3363,-1.266,2.7112,0.6601266498817426,3.1000000000000227,-0.2999999999999999,-1.5400000000000205
10.062999999150634,0.0,-0.0926,0.1385999999999996,0.2785,-1.2693,2.517,0.6581857022964828,3.9000000000000057,-0.22,-0.2100000000000079,0.3466,-0.101,0.3739999999999998,-0.3445,-1.2747,2.6982,0.6601419089036393,3.1000000000000227,-0.2999999999999999,-1.6400000000000148
10.09400000050664,0.0,-0.095,0.1414,0.2832,-1.2552,2.5194,0.6581857022964828,3.9000000000000057,-0.22,-0.3100000000000023,0.3513,-0.0925,0.3741999999999998,-0.3495,-1.2797,2.7166,0.6601419089036393,3.1000000000000227,-0.2999999999999999,-1.740000000000009
10.109999999403954,0.0,-0.0916,0.1378,0.286,-1.2676,2.512800000000001,0.6581857022964828,3.9000000000000057,-0.22,-0.4100000000000037,0.3343,-0.0925,0.3746,-0.3411,-1.2755,2.7064,0.6601419089036393,3.1000000000000227,-0.2999999999999999,-1.840000000000004
10.125,0.0,-0.0849,0.1379999999999998,0.2855,-1.2552,2.5124,0.6581857022964828,3.9000000000000057,-0.22,-0.5100000000000051,0.3478,-0.1007,0.3716,-0.3561,-1.2614,2.7015999999999996,0.6601419089036393,3.1000000000000227,-0.2999999999999999,-1.940000000000026
10.140999998897314,0.0,-0.1018,0.1364,0.2829,-1.2684,2.517,0.658277256427863,3.9000000000000057,-0.22,-0.6100000000000065,0.3451,-0.1009,0.3792,-0.3476,-1.27,2.7018,0.6601266498817426,3.1000000000000227,-0.2999999999999999,-2.140000000000015
10.156999999657272,0.0,-0.0854,0.1411999999999996,0.284,-1.2619,2.5108,0.658277256427863,3.9000000000000057,-0.22,-0.710000000000008,0.3429,-0.0859,0.3654,-0.3468,-1.2712,2.7058,0.6602029449912261,3.1000000000000227,-0.2999999999999999,-2.240000000000009
10.17200000025332,0.0,-0.0819,0.1466,0.2819,-1.2646,2.5172,0.6582619974059662,3.9000000000000057,-0.22,-0.8100000000000023,0.3441,-0.1045,0.3686,-0.3502,-1.2723,2.7088,0.6602334630350195,3.1000000000000227,-0.2999999999999999,-2.3400000000000034
10.20299999974668,0.0,-0.0931,0.131,0.2729,-1.2551,2.5076,0.6582619974059662,3.9000000000000057,-0.22,-0.9100000000000036,0.3437,-0.0919,0.3714,-0.3406,-1.266,2.712,0.6602334630350195,3.1000000000000227,-0.2999999999999999,-2.440000000000026
10.21900000050664,0.0,-0.0857,0.1418,0.2745,-1.2667,2.508,0.6582619974059662,3.9000000000000057,-0.22,-1.1100000000000063,0.3365,-0.0942,0.3777999999999998,-0.3486,-1.2753,2.7053999999999996,0.6601876859693294,3.1000000000000227,-0.2999999999999999,-2.5400000000000205
10.234999999403954,0.0,-0.0932,0.1426,0.2897,-1.2583,2.5174,0.6582009613183795,3.9000000000000057,-0.22,-1.210000000000008,0.3461,-0.0899,0.3762,-0.3445,-1.273,2.7056,0.6601724269474327,3.1000000000000227,-0.2999999999999999,-2.740000000000009
10.265999998897314,0.0,-0.0959,0.1401999999999996,0.2898,-1.2479,2.5204,0.6582009613183795,3.9000000000000057,-0.22,-1.3100000000000025,0.3435,-0.1032,0.3827999999999998,-0.346,-1.275,2.7148,0.6601266498817426,3.1000000000000227,-0.2999999999999999,-2.8400000000000034
10.281999999657272,0.0,-0.0875,0.1328,0.2845,-1.2621,2.5192,0.6582009613183795,3.9000000000000057,-0.22,-1.5100000000000051,0.3336,-0.0838,0.3716,-0.3415,-1.2754,2.7018,0.6601724269474327,3.200000000000017,-0.2999999999999999,-2.940000000000026
10.29700000025332,0.0,-0.0948,0.1333999999999996,0.2831,-1.2708,2.525399999999999,0.6582009613183795,3.9000000000000057,-0.22,-1.6100000000000063,0.3351,-0.1048,0.3659999999999998,-0.3418,-1.2723,2.7044,0.6601724269474327,3.1000000000000227,-0.2999999999999999,-3.140000000000015
10.312999999150634,0.0,-0.0998,0.1398,0.2763,-1.2718,2.502,0.6582009613183795,4.0,-0.22,-1.710000000000008,0.3337,-0.103,0.3754,-0.3516,-1.2753,2.7112,0.6601724269474327,3.200000000000017,-0.2999999999999999,-3.240000000000009
10.32799999974668,0.0,-0.0955,0.1292,0.2732,-1.2598,2.516,0.6582162203402762,4.0,-0.22,-1.910000000000004,0.3451,-0.0926,0.3692,-0.354,-1.284,2.7198000000000007,0.6601724269474327,3.1000000000000227,-0.2999999999999999,-3.3400000000000034
10.34400000050664,0.0,-0.0961,0.1359999999999998,0.2774,-1.2683,2.5118,0.6583077744716563,4.0,-0.22,-2.010000000000005,0.3439,-0.0951,0.3714,-0.3531,-1.2726,2.7192,0.6601724269474327,3.1000000000000227,-0.2999999999999999,-3.5400000000000205
10.375,0.0,-0.0946,0.1318,0.2787,-1.2517,2.5038,0.6584908827344167,4.0,-0.22,-2.210000000000008,0.3412,-0.0789,0.3696,-0.3485,-1.2746,2.706,0.6602182040131228,3.1000000000000227,-0.2999999999999999,-3.640000000000015
10.390999998897314,0.0,-0.09,0.1338,0.2781,-1.2678,2.5222000000000007,0.6585061417563134,4.0,-0.22,-2.3100000000000023,0.3458,-0.0999,0.3665999999999998,-0.3527,-1.2691,2.715,0.6602487220569162,3.1000000000000227,-0.2999999999999999,-3.8400000000000034
10.406999999657272,0.0,-0.1052,0.131,0.2844,-1.2695,2.5168000000000004,0.6585519188220035,4.0,-0.22,-2.410000000000004,0.3506,-0.0869,0.3712,-0.357,-1.2858,2.7254,0.6602487220569162,3.1000000000000227,-0.2999999999999999,-3.940000000000026
10.437999999150634,0.0,-0.094,0.1391999999999998,0.2734,-1.2728,2.5056,0.6585976958876936,4.0,-0.22,-2.6100000000000065,0.3375,-0.0964,0.3712,-0.3496,-1.2758,2.7116,0.6602487220569162,3.1000000000000227,-0.2999999999999999,-4.140000000000015
10.45299999974668,0.0,-0.1,0.1426,0.2659,-1.2743,2.5044,0.6585976958876936,4.0,-0.22,-2.710000000000008,0.3393,-0.0955,0.3736,-0.3502,-1.2788,2.7138000000000004,0.6602944991226063,3.1000000000000227,-0.2999999999999999,-4.240000000000009
10.46900000050664,0.0,-0.1062,0.1345999999999996,0.2902,-1.2554,2.5112,0.6587350270847638,3.9000000000000057,-0.22,-2.910000000000004,0.3356,-0.1015,0.3786,-0.3558,-1.2727,2.710600000000001,0.6603250171663997,3.1000000000000227,-0.2999999999999999,-4.340000000000003
10.484999999403954,0.0,-0.1065,0.1316,0.2799,-1.2613,2.5112,0.6588418402380407,3.9000000000000057,-0.22,-3.010000000000005,0.343,-0.0924,0.3746,-0.3449,-1.2828,2.7162,0.6603250171663997,3.1000000000000227,-0.2999999999999999,-4.5400000000000205
10.5,0.0,-0.1017,0.1348,0.2743,-1.2522,2.5168000000000004,0.6588876173037308,3.9000000000000057,-0.22,-3.210000000000008,0.3488,-0.0941,0.371,-0.3336,-1.28,2.709,0.6603250171663997,3.1000000000000227,-0.2999999999999999,-4.640000000000015
10.515999998897314,0.0,-0.0932,0.1233999999999996,0.2838,-1.2596,2.5054,0.6589333943694209,3.9000000000000057,-0.22,-3.3100000000000023,0.3331,-0.089,0.3692,-0.3531,-1.2813,2.7124,0.6602944991226063,3.1000000000000227,-0.2999999999999999,-4.840000000000003
10.54700000025332,0.0,-0.0863,0.1345999999999996,0.2804,-1.2517,2.5146,0.6589333943694209,3.9000000000000057,-0.22,-3.410000000000004,0.3354,-0.0924,0.365,-0.35,-1.2746,2.7062000000000004,0.6602944991226063,3.1000000000000227,-0.2999999999999999,-4.940000000000026
10.562999999150634,0.0,-0.0906,0.1364,0.2783,-1.2512,2.498,0.6588876173037308,3.9000000000000057,-0.22,-3.610000000000007,0.3445,-0.0852,0.3744,-0.3567,-1.2782,2.7116,0.6602487220569162,3.1000000000000227,-0.2999999999999999,-5.140000000000015
10.57799999974668,0.0,-0.1034,0.133,0.2769,-1.254,2.5124,0.658826581216144,3.9000000000000057,-0.22,-3.710000000000008,0.3509,-0.0916,0.3644,-0.3424,-1.274,2.7074,0.6602487220569162,3.1000000000000227,-0.2999999999999999,-5.340000000000003
10.609999999403954,0.0,-0.0872,0.1361999999999996,0.2813,-1.2626,2.5122,0.658826581216144,3.9000000000000057,-0.22,-3.910000000000004,0.3522,-0.0823,0.3722,-0.3473,-1.2695,2.715,0.6602487220569162,3.1000000000000227,-0.2999999999999999,-5.440000000000026
10.625,0.0,-0.099,0.1344,0.2737,-1.253,2.5204,0.6588113221942473,3.9000000000000057,-0.22,-4.010000000000005,0.3388,-0.1081,0.3749999999999996,-0.3486,-1.2712,2.7132,0.6602944991226063,3.1000000000000227,-0.2999999999999999,-5.640000000000015
10.640999998897314,0.0,-0.0902,0.1379999999999998,0.2684,-1.2656,2.5098,0.6587808041504539,3.9000000000000057,-0.22,-4.210000000000008,0.3372,-0.0894,0.3636,-0.3407,-1.2729,2.706,0.6602944991226063,3.1000000000000227,-0.2999999999999999,-5.740000000000009
10.656999999657272,0.0,-0.1,0.134,0.2881,-1.2567,2.5238,0.6587808041504539,3.9000000000000057,-0.32,-4.410000000000004,0.3429,-0.0912,0.3676,-0.3397,-1.2724,2.713600000000002,0.6602944991226063,3.1000000000000227,-0.1999999999999999,-5.940000000000026
10.67200000025332,0.0,-0.101,0.1313999999999996,0.2799,-1.2597,2.5226,0.6588113221942473,3.9000000000000057,-0.32,-4.510000000000005,0.3344,-0.0985,0.3676,-0.3452,-1.2636,2.7184000000000004,0.6602944991226063,3.1000000000000227,-0.1999999999999999,-6.0400000000000205
10.687999999150634,0.0,-0.0987,0.1305999999999996,0.2809,-1.2652,2.5154,0.6588113221942473,3.9000000000000057,-0.32,-4.710000000000008,0.343,-0.0806,0.3514,-0.3347,-1.286,2.715,0.6602944991226063,3.1000000000000227,-0.1999999999999999,-6.240000000000009
10.71900000050664,0.0,-0.0945,0.1364,0.2798,-1.2655,2.5176,0.6588570992599374,3.9000000000000057,-0.32,-4.810000000000002,0.3403,-0.098,0.3739999999999998,-0.3424,-1.2729,2.708,0.6602944991226063,3.1000000000000227,-0.1999999999999999,-6.340000000000003
10.734999999403954,0.0,-0.0944,0.1366,0.2834,-1.2606,2.5158000000000005,0.6589486533913176,3.9000000000000057,-0.32,-5.010000000000005,0.3483,-0.0897,0.3662,-0.3357,-1.2839,2.7098,0.6602944991226063,3.1000000000000227,-0.1999999999999999,-6.5400000000000205
10.75,0.0,-0.0994,0.1333999999999996,0.2744,-1.2619,2.520800000000001,0.6592233157854581,3.9000000000000057,-0.32,-5.110000000000007,0.3446,-0.09,0.3656,-0.35,-1.2736,2.7129999999999996,0.6602487220569162,3.1000000000000227,-0.1999999999999999,-6.640000000000015
10.781999999657272,0.0,-0.0903,0.1351999999999996,0.2772,-1.2604,2.5252,0.6592690928511482,3.9000000000000057,-0.32,-5.310000000000002,0.3528,-0.1013,0.3736,-0.3542,-1.2705,2.7116,0.6602487220569162,3.1000000000000227,-0.1999999999999999,-6.840000000000003
10.79700000025332,0.0,-0.104,0.1378,0.2834,-1.2602,2.524,0.6592996108949416,3.9000000000000057,-0.32,-5.410000000000004,0.3392,-0.088,0.3446,-0.3465,-1.2836,2.7224,0.6602487220569162,3.1000000000000227,-0.1999999999999999,-6.940000000000026
10.812999999150634,0.0,-0.1028,0.1323999999999996,0.2716,-1.262,2.512800000000001,0.6593148699168383,3.9000000000000057,-0.32,-5.610000000000007,0.3424,-0.0949,0.3617999999999998,-0.3559,-1.2757,2.7186,0.6602487220569162,3.1000000000000227,-0.1999999999999999,-7.140000000000015
10.82799999974668,0.0,-0.0932,0.1356,0.2744,-1.2622,2.5164,0.6593148699168383,3.9000000000000057,-0.32,-5.710000000000008,0.3462,-0.0887,0.3562,-0.3446,-1.2825,2.7148,0.6602944991226063,3.1000000000000227,-0.1999999999999999,-7.240000000000009
10.84400000050664,0.0,-0.0936,0.1241999999999998,0.2888,-1.2698,2.517,0.6593453879606317,3.9000000000000057,-0.32,-5.910000000000004,0.3346,-0.089,0.3622,-0.3473,-1.2807,2.711,0.660309758144503,3.1000000000000227,-0.1999999999999999,-7.440000000000026
10.859999999403954,0.0,-0.0912,0.1376,0.2792,-1.2635,2.5156,0.6593453879606317,3.9000000000000057,-0.32,-6.010000000000005,0.3473,-0.086,0.3724,-0.3448,-1.2764,2.712,0.6603555352101931,3.1000000000000227,-0.1999999999999999,-7.54000000000002
10.890999998897314,0.0,-0.1042,0.1272,0.2736,-1.2562,2.5222000000000007,0.6593453879606317,3.9000000000000057,-0.32,-6.210000000000008,0.3443,-0.0844,0.3614,-0.3471,-1.2837,2.7144,0.6603707942320898,3.1000000000000227,-0.1999999999999999,-7.740000000000009
10.906999999657272,0.0,-0.0986,0.1348,0.2784,-1.2625,2.5106,0.6594674601358053,3.9000000000000057,-0.32,-6.310000000000002,0.3398,-0.0902,0.3716,-0.3598,-1.2814,2.7146000000000003,0.6603555352101931,3.1000000000000227,-0.1999999999999999,-7.940000000000026
10.92200000025332,0.0,-0.0885,0.1277999999999996,0.2796,-1.2484,2.5212,0.6594674601358053,3.9000000000000057,-0.32,-6.510000000000005,0.3611,-0.084,0.364,-0.357,-1.2681,2.7132,0.6603555352101931,3.1000000000000227,-0.1999999999999999,-8.04000000000002
10.937999999150634,0.0,-0.0955,0.1399999999999998,0.2829,-1.2646,2.5176,0.6594674601358053,3.9000000000000057,-0.32,-6.610000000000007,0.3493,-0.0815,0.3622,-0.3454,-1.2764,2.7224,0.6603555352101931,3.1000000000000227,-0.1999999999999999,-8.240000000000009
10.96900000050664,0.0,-0.102,0.1332,0.2835,-1.2598,2.531,0.6595895323109788,3.9000000000000057,-0.32,-6.810000000000002,0.3421,-0.0946,0.3644,-0.3477,-1.271,2.706,0.6603707942320898,3.1000000000000227,-0.1999999999999999,-8.340000000000003
10.984999999403954,0.0,-0.0892,0.1275999999999996,0.2799,-1.2615,2.5106,0.6596505683985656,3.9000000000000057,-0.32,-6.910000000000004,0.3406,-0.0967,0.3662,-0.3391,-1.2837,2.7184000000000004,0.6603707942320898,3.1000000000000227,-0.1999999999999999,-8.54000000000002
11.0,0.0,-0.0963,0.1373999999999996,0.2696,-1.2631,2.522,0.6596505683985656,3.9000000000000057,-0.32,-7.110000000000007,0.34,-0.0865,0.359,-0.354,-1.2848,2.7232,0.6603402761882964,3.1000000000000227,-0.1999999999999999,-8.640000000000015
11.015999998897314,0.0,-0.0859,0.1246,0.2914,-1.2548,2.5202,0.6596658274204623,3.9000000000000057,-0.42,-7.210000000000008,0.3314,-0.0844,0.3622,-0.3492,-1.2758,2.7086,0.660309758144503,3.1000000000000227,-0.1999999999999999,-8.840000000000003
11.031999999657272,0.0,-0.0992,0.1303999999999996,0.2672,-1.2693,2.5144,0.6596963454642557,3.9000000000000057,-0.42,-7.410000000000004,0.333,-0.0929,0.3544,-0.3371,-1.2808,2.7256,0.6603402761882964,3.1000000000000227,-0.1999999999999999,-8.940000000000026
11.062999999150634,0.0,-0.0986,0.1292,0.279,-1.2684,2.524,0.6596963454642557,3.9000000000000057,-0.42,-7.510000000000005,0.3389,-0.0936,0.3631999999999998,-0.3425,-1.2748,2.7144,0.6603402761882964,3.1000000000000227,-0.1999999999999999,-9.140000000000017
11.07799999974668,0.0,-0.0983,0.134,0.29,-1.2499,2.5264,0.6599252307927062,3.9000000000000057,-0.42,-7.710000000000008,0.3311,-0.0923,0.3582,-0.3546,-1.2791,2.711,0.6603402761882964,3.1000000000000227,-0.1999999999999999,-9.340000000000003
11.09400000050664,0.0,-0.0937,0.1247999999999996,0.2845,-1.2546,2.5246,0.6599252307927062,3.9000000000000057,-0.42,-7.810000000000002,0.3488,-0.0785,0.3624,-0.344,-1.2801,2.719,0.6602792401007096,3.1000000000000227,-0.1999999999999999,-9.440000000000026
11.109999999403954,0.0,-0.0995,0.1283999999999996,0.2736,-1.2555,2.5084,0.6599404898146028,3.9000000000000057,-0.42,-8.010000000000005,0.3489,-0.0871,0.3597999999999998,-0.3425,-1.2787,2.7202,0.6602792401007096,3.1000000000000227,-0.0999999999999999,-9.640000000000017
11.125,0.0,-0.1052,0.1313999999999996,0.2731,-1.2589,2.5142,0.6600930800335698,3.9000000000000057,-0.42,-8.110000000000007,0.3326,-0.0949,0.3557999999999998,-0.3421,-1.283,2.7228000000000008,0.6604165712977799,3.000000000000014,-0.0999999999999999,-9.740000000000007
11.156999999657272,0.0,-0.0907,0.1199999999999996,0.2728,-1.2651,2.5122,0.6600930800335698,3.9000000000000057,-0.42,-8.310000000000002,0.3386,-0.0833,0.3594,-0.3439,-1.2836,2.712,0.6604165712977799,3.1000000000000227,-0.0999999999999999,-9.940000000000026
11.17200000025332,0.0,-0.0937,0.1285999999999996,0.2761,-1.2558,2.5222000000000007,0.6600930800335698,3.9000000000000057,-0.42,-8.510000000000005,0.3424,-0.0924,0.3619999999999998,-0.3594,-1.2817,2.7142,0.6603860532539865,3.1000000000000227,-0.0999999999999999,-10.04000000000002
11.187999999150634,0.0,-0.0952,0.1283999999999996,0.281,-1.2468,2.52,0.6603219653620203,3.9000000000000057,-0.42,-8.610000000000007,0.3438,-0.0875,0.3608,-0.345,-1.2743,2.7142,0.6603860532539865,3.1000000000000227,-0.0999999999999999,-10.240000000000007
11.20299999974668,0.0,-0.0949,0.1326,0.2814,-1.2564,2.5278,0.6603219653620203,3.9000000000000057,-0.42,-8.810000000000002,0.3489,-0.0802,0.3608,-0.3496,-1.2824,2.716800000000001,0.6603860532539865,3.1000000000000227,-0.0999999999999999,-10.340000000000003
11.234999999403954,0.0,-0.0914,0.1161999999999996,0.2868,-1.253,2.5156,0.660337224383917,3.9000000000000057,-0.42,-8.910000000000004,0.3391,-0.0955,0.368,-0.3487,-1.2679,2.7182,0.6603860532539865,3.1000000000000227,-0.0999999999999999,-10.54000000000002
11.25,0.0,-0.1032,0.1211999999999996,0.2778,-1.2568,2.5098,0.6603219653620203,3.9000000000000057,-0.42,-9.010000000000003,0.3418,-0.0926,0.3585999999999998,-0.3458,-1.2706,2.7108000000000003,0.6603860532539865,3.000000000000014,-0.0999999999999999,-10.640000000000017
11.265999998897314,0.0,-0.0988,0.1247999999999996,0.2774,-1.2567,2.5198000000000005,0.6603219653620203,3.9000000000000057,-0.42,-9.210000000000008,0.333,-0.0991,0.3499999999999998,-0.3372,-1.2824,2.7058,0.6603860532539865,3.000000000000014,-0.0999999999999999,-10.840000000000003
11.281999999657272,0.0,-0.0976,0.1328,0.287,-1.2459,2.520800000000001,0.6603524834058137,3.9000000000000057,-0.42,-9.310000000000002,0.3387,-0.0865,0.3637999999999998,-0.3383,-1.2863,2.715,0.6604013122758832,3.000000000000014,-0.0999999999999999,-10.940000000000026
11.312999999150634,0.0,-0.0974,0.1361999999999996,0.2783,-1.2464,2.520800000000001,0.6603524834058137,3.9000000000000057,-0.42,-9.510000000000003,0.3348,-0.0924,0.3656,-0.3422,-1.2824,2.7086,0.66046234836347,3.000000000000014,-0.0999999999999999,-11.140000000000017
11.32799999974668,0.0,-0.1024,0.1335999999999996,0.2666,-1.269,2.5154,0.6603524834058137,3.9000000000000057,-0.42,-9.610000000000008,0.3568,-0.0791,0.3582,-0.3428,-1.2915,2.7098,0.66046234836347,3.1000000000000227,-0.0999999999999999,-11.240000000000007
11.34400000050664,0.0,-0.0986,0.1356,0.2814,-1.2621,2.514,0.660383001449607,3.9000000000000057,-0.42,-9.810000000000002,0.3434,-0.0825,0.3515999999999998,-0.3549,-1.2777,2.7218000000000004,0.6604013122758832,3.1000000000000227,-0.0999999999999999,-11.440000000000026
11.359999999403954,0.0,-0.0962,0.1323999999999996,0.2731,-1.2569,2.5274,0.6606118867780575,3.9000000000000057,-0.42,-9.910000000000004,0.3423,-0.0819,0.3576,-0.3401,-1.2766,2.7208,0.6604013122758832,3.1000000000000227,-0.0999999999999999,-11.54000000000002
11.375,0.0,-0.0925,0.1305999999999996,0.2801,-1.263,2.526,0.6606576638437476,3.799999999999997,-0.42,-10.110000000000008,0.3422,-0.09,0.3557999999999998,-0.3458,-1.2786,2.7196,0.66046234836347,3.1000000000000227,-0.0999999999999999,-11.740000000000007
11.406999999657272,0.0,-0.0963,0.1267999999999996,0.283,-1.2585,2.512800000000001,0.6606576638437476,3.9000000000000057,-0.42,-10.210000000000008,0.3443,-0.0911,0.3554,-0.3395,-1.2835,2.718,0.6603860532539865,3.1000000000000227,-0.0999999999999999,-11.940000000000026
11.42200000025332,0.0,-0.0982,0.127,0.2801,-1.2495,2.518,0.6606576638437476,3.9000000000000057,-0.42,-10.410000000000004,0.3473,-0.0831,0.3624,-0.3379,-1.2879,2.7202,0.6603860532539865,3.1000000000000227,-0.0999999999999999,-12.04000000000002
11.437999999150634,0.0,-0.0905,0.1246,0.2751,-1.2591,2.5188,0.6607186999313344,3.9000000000000057,-0.42,-10.510000000000003,0.337,-0.0945,0.3537999999999998,-0.3437,-1.2746,2.7198000000000007,0.6603860532539865,3.1000000000000227,-0.0999999999999999,-12.240000000000007
11.45299999974668,0.0,-0.0973,0.1262,0.266,-1.257,2.5194,0.6607339589532311,3.9000000000000057,-0.42,-10.710000000000008,0.3468,-0.0777,0.3495999999999998,-0.3482,-1.2797,2.716,0.6604928664072633,3.1000000000000227,-0.0999999999999999,-12.340000000000003
11.484999999403954,0.0,-0.1066,0.1257999999999996,0.2789,-1.2475,2.5236,0.6607339589532311,3.9000000000000057,-0.42,-10.910000000000004,0.3391,-0.0803,0.3517999999999998,-0.3478,-1.2754,2.716,0.6605386434729534,3.1000000000000227,-0.0999999999999999,-12.54000000000002
11.5,0.0,-0.0992,0.1273999999999998,0.2812,-1.2494,2.5144,0.6607339589532311,3.9000000000000057,-0.42,-11.010000000000003,0.3388,-0.0846,0.3515999999999998,-0.342,-1.2838,2.7118,0.6604928664072633,3.1000000000000227,-0.0999999999999999,-12.640000000000017
11.515999998897314,0.0,-0.1024,0.1297999999999996,0.2799,-1.2486,2.525,0.6607339589532311,3.9000000000000057,-0.42,-11.210000000000008,0.3438,-0.0811,0.3502,-0.34,-1.2795,2.708,0.66046234836347,3.1000000000000227,-0.0999999999999999,-12.840000000000003
11.531999999657272,0.0,-0.1017,0.1282,0.2702,-1.2512,2.5276,0.6607339589532311,3.9000000000000057,-0.42,-11.310000000000002,0.3465,-0.099,0.3548,-0.3444,-1.2734,2.7205999999999997,0.66046234836347,3.1000000000000227,-0.0999999999999999,-12.940000000000026
11.54700000025332,0.0,-0.1036,0.1293999999999996,0.2778,-1.2504,2.5214,0.6607339589532311,3.9000000000000057,-0.42,-11.510000000000003,0.34,-0.091,0.359,-0.3318,-1.2845,2.7204,0.6604013122758832,3.1000000000000227,-0.0999999999999999,-13.140000000000017
11.57799999974668,0.0,-0.0986,0.1359999999999998,0.2761,-1.2576,2.5206,0.6607339589532311,3.9000000000000057,-0.42,-11.610000000000008,0.3377,-0.0879,0.3555999999999998,-0.353,-1.2775,2.719,0.6604013122758832,3.1000000000000227,-0.0999999999999999,-13.240000000000007
11.59400000050664,0.0,-0.0979,0.123,0.2702,-1.2524,2.519,0.6608102540627145,3.9000000000000057,-0.42,-11.810000000000002,0.3512,-0.0802,0.3662,-0.3416,-1.2823,2.7178,0.6604013122758832,3.1000000000000227,-0.0999999999999999,-13.440000000000026
11.609999999403954,0.0,-0.0994,0.1257999999999996,0.2782,-1.245,2.5274,0.6608102540627145,3.9000000000000057,-0.42,-11.910000000000004,0.3384,-0.0836,0.3585999999999998,-0.3539,-1.279,2.7192,0.6604013122758832,3.1000000000000227,-0.0999999999999999,-13.54000000000002
11.625,0.0,-0.0865,0.1169999999999998,0.2736,-1.2497,2.5198000000000005,0.6608407721065079,3.9000000000000057,-0.42,-12.110000000000008,0.3423,-0.0787,0.3537999999999998,-0.3364,-1.2832,2.716800000000001,0.6604013122758832,3.1000000000000227,-0.0999999999999999,-13.740000000000007
11.656999999657272,0.0,-0.1003,0.126,0.2771,-1.2459,2.5192,0.6608407721065079,3.9000000000000057,-0.42,-12.210000000000008,0.3392,-0.0945,0.3542,-0.354,-1.2893,2.709,0.6604013122758832,3.1000000000000227,-0.0999999999999999,-13.840000000000003
11.67200000025332,0.0,-0.0917,0.1149999999999998,0.2841,-1.2517,2.5198000000000005,0.6608407721065079,3.9000000000000057,-0.42,-12.410000000000004,0.3453,-0.0843,0.3557999999999998,-0.3455,-1.2901,2.7162,0.6604013122758832,3.1000000000000227,-0.0999999999999999,-14.04000000000002
11.687999999150634,0.0,-0.0968,0.1265999999999996,0.2804,-1.2618,2.5266,0.6607949950408178,3.9000000000000057,-0.52,-12.510000000000003,0.3346,-0.0909,0.3582,-0.3408,-1.2847,2.7184000000000004,0.6604165712977799,3.1000000000000227,-0.0999999999999999,-14.240000000000007
11.70299999974668,0.0,-0.1026,0.1267999999999996,0.2835,-1.2473,2.525399999999999,0.6607949950408178,3.9000000000000057,-0.52,-12.710000000000004,0.337,-0.0894,0.3552,-0.335,-1.2917,2.711,0.66046234836347,3.1000000000000227,-0.0999999999999999,-14.340000000000003
11.71900000050664,0.0,-0.1001,0.1203999999999996,0.266,-1.25,2.5096,0.6607949950408178,3.9000000000000057,-0.42,-12.810000000000006,0.3312,-0.0912,0.3508,-0.337,-1.2849,2.716,0.6604776073853666,3.1000000000000227,-0.0999999999999999,-14.54000000000002
11.75,0.0,-0.0936,0.1198,0.2791,-1.2439,2.513199999999999,0.6607949950408178,3.9000000000000057,-0.52,-13.010000000000003,0.3224,-0.0878,0.3402,-0.342,-1.2836,2.7246,0.6604776073853666,3.1000000000000227,-0.0999999999999999,-14.640000000000017
11.765999998897314,0.0,-0.1026,0.1293999999999996,0.2729,-1.2479,2.5232,0.6607949950408178,3.9000000000000057,-0.52,-13.110000000000008,0.342,-0.0881,0.3457999999999998,-0.3453,-1.2785,2.7222000000000004,0.6604776073853666,3.1000000000000227,-0.0999999999999999,-14.840000000000003
11.781999999657272,0.0,-0.0937,0.132,0.281,-1.2473,2.516,0.660886549172198,3.9000000000000057,-0.52,-13.210000000000004,0.3439,-0.0846,0.351,-0.3407,-1.2833,2.7264,0.6604776073853666,3.1000000000000227,-0.0999999999999999,-14.940000000000026
11.79700000025332,0.0,-0.096,0.133,0.2706,-1.2591,2.5152,0.6609475852597848,3.9000000000000057,-0.52,-13.410000000000004,0.3303,-0.0914,0.3494,-0.3466,-1.2838,2.7222000000000004,0.6604928664072633,3.1000000000000227,-0.0999999999999999,-15.140000000000017
11.812999999150634,0.0,-0.0882,0.127,0.2838,-1.2347,2.5096,0.6610696574349584,3.9000000000000057,-0.52,-13.510000000000003,0.337,-0.0758,0.3486,-0.3553,-1.2856,2.7162,0.6604928664072633,3.1000000000000227,-0.0999999999999999,-15.240000000000007
11.82799999974668,0.0,-0.0994,0.1252,0.2759,-1.2466,2.5212,0.6611154345006485,3.9000000000000057,-0.52,-13.710000000000004,0.3329,-0.0829,0.3594,-0.3533,-1.2856,2.7112,0.6604928664072633,3.1000000000000227,-0.0999999999999999,-15.440000000000026
11.859999999403954,0.0,-0.1072,0.1305999999999996,0.275,-1.243,2.5166,0.661390096894789,3.9000000000000057,-0.52,-13.810000000000006,0.3319,-0.094,0.3535999999999998,-0.3441,-1.2812,2.7216,0.6604928664072633,3.1000000000000227,-0.0999999999999999,-15.640000000000017
11.875,0.0,-0.1052,0.1196,0.2801,-1.2508,2.5286,0.6615579461356527,3.9000000000000057,-0.52,-14.010000000000003,0.3429,-0.0879,0.3506,-0.3419,-1.3004,2.7224,0.6604928664072633,3.1000000000000227,-0.0999999999999999,-15.740000000000007
11.890999998897314,0.0,-0.1014,0.131,0.2778,-1.2554,2.5266,0.6615884641794461,3.9000000000000057,-0.52,-14.110000000000008,0.3357,-0.0855,0.3459999999999998,-0.3417,-1.2813,2.7156,0.6604928664072633,3.1000000000000227,-0.0999999999999999,-15.940000000000026
11.92200000025332,0.0,-0.1007,0.1312,0.2755,-1.2568,2.5214,0.6622140840772106,3.9000000000000057,-0.52,-14.310000000000006,0.3351,-0.0782,0.3457999999999998,-0.351,-1.2891,2.722,0.6604776073853666,3.1000000000000227,-0.0999999999999999,-16.04000000000002
11.937999999150634,0.0,-0.0996,0.1354,0.2842,-1.2475,2.5218,0.6623361562523842,3.9000000000000057,-0.52,-14.410000000000004,0.348,-0.0836,0.3444,-0.351,-1.2856,2.718,0.6604776073853666,3.1000000000000227,-0.0999999999999999,-16.24000000000001
11.95299999974668,0.0,-0.105,0.1305999999999996,0.2746,-1.2486,2.5204,0.6623361562523842,3.9000000000000057,-0.52,-14.610000000000008,0.3463,-0.0791,0.345,-0.3458,-1.2821,2.728800000000001,0.6604776073853666,3.000000000000014,-0.0999999999999999,-16.340000000000003
11.96900000050664,0.0,-0.1008,0.1265999999999996,0.2832,-1.2478,2.5302,0.6623361562523842,3.9000000000000057,-0.52,-14.710000000000004,0.3267,-0.0915,0.3455999999999998,-0.3383,-1.2813,2.7186,0.6604776073853666,3.000000000000014,-0.0999999999999999,-16.54000000000002
11.984999999403954,0.0,-0.1053,0.1174,0.2739,-1.2419,2.5164,0.6622751201647974,3.9000000000000057,-0.52,-14.910000000000004,0.3439,-0.0749,0.3438,-0.3413,-1.2845,2.7102,0.6604776073853666,3.000000000000014,5.551115123125783e-17,-16.640000000000015
12.0,0.0,-0.1004,0.1275999999999996,0.2703,-1.2519,2.5166,0.6622751201647974,3.9000000000000057,-0.52,-15.010000000000003,0.3343,-0.0741,0.3466,-0.3409,-1.2856,2.72,0.6604776073853666,3.000000000000014,5.551115123125783e-17,-16.840000000000003
12.031999999657272,0.0,-0.0966,0.1213999999999996,0.264,-1.2644,2.5138,0.6622751201647974,3.9000000000000057,-0.52,-15.210000000000004,0.3314,-0.0788,0.34,-0.348,-1.2842,2.7244000000000006,0.6605539024948501,3.000000000000014,5.551115123125783e-17,-16.940000000000026
12.04700000025332,0.0,-0.0902,0.1275999999999996,0.2753,-1.2469,2.5278,0.6622751201647974,3.9000000000000057,-0.52,-15.310000000000006,0.3481,-0.0817,0.3537999999999998,-0.3496,-1.2914,2.727,0.6605691615167468,3.000000000000014,5.551115123125783e-17,-17.140000000000015
12.062999999150634,0.0,-0.1032,0.1302,0.2852,-1.2446,2.5176,0.6622751201647974,3.9000000000000057,-0.52,-15.510000000000003,0.3309,-0.0951,0.3494,-0.3354,-1.2891,2.7184000000000004,0.6605539024948501,3.000000000000014,5.551115123125783e-17,-17.24000000000001
12.09400000050664,0.0,-0.1004,0.1241999999999998,0.2772,-1.252,2.5238,0.6622751201647974,3.9000000000000057,-0.52,-15.610000000000008,0.339,-0.0793,0.3403999999999998,-0.3466,-1.2829,2.7164,0.66050812542916,3.000000000000014,5.551115123125783e-17,-17.440000000000026
12.09400000050664,0.0,-0.0991,0.1267999999999996,0.2763,-1.2434,2.5258,0.6626108186465247,3.9000000000000057,-0.52,-15.810000000000006,0.3386,-0.0794,0.3468,-0.3279,-1.2823,2.7204,0.66050812542916,3.000000000000014,5.551115123125783e-17,-17.54000000000002
12.125,0.0,-0.0961,0.1239999999999996,0.2875,-1.2524,2.5328,0.6626108186465247,3.9000000000000057,-0.62,-15.910000000000004,0.3358,-0.0929,0.351,-0.3391,-1.2807,2.7148,0.6605539024948501,3.000000000000014,5.551115123125783e-17,-17.74000000000001
12.140999998897314,0.0,-0.1032,0.1225999999999996,0.2794,-1.2458,2.523,0.6626108186465247,3.9000000000000057,-0.62,-16.010000000000005,0.3433,-0.085,0.3522,-0.3398,-1.2841,2.7172,0.6605539024948501,3.000000000000014,5.551115123125783e-17,-17.840000000000003
12.156999999657272,0.0,-0.0939,0.1199999999999996,0.2728,-1.2526,2.5266,0.6626718547341115,3.9000000000000057,-0.62,-16.210000000000004,0.3403,-0.0878,0.3497999999999998,-0.3471,-1.2801,2.725,0.66050812542916,3.000000000000014,0.1,-17.940000000000026
12.17200000025332,0.0,-0.0952,0.1225999999999996,0.2796,-1.2594,2.5252,0.6626718547341115,3.9000000000000057,-0.62,-16.310000000000006,0.3394,-0.0801,0.3495999999999998,-0.3389,-1.2847,2.7166,0.6604776073853666,3.000000000000014,0.1,-18.14000000000001
12.20299999974668,0.0,-0.1017,0.1305999999999996,0.2809,-1.2451,2.522,0.662748149843595,3.9000000000000057,-0.62,-16.410000000000004,0.3428,-0.0741,0.3426,-0.3293,-1.2926,2.7156,0.6604776073853666,3.000000000000014,0.1,-18.24000000000001
12.21900000050664,0.0,-0.0931,0.1216,0.2762,-1.2561,2.5286,0.6627786678873884,3.9000000000000057,-0.62,-16.610000000000007,0.3285,-0.0941,0.3368,-0.3472,-1.2784,2.717,0.6604776073853666,3.000000000000014,0.1,-18.340000000000003
12.234999999403954,0.0,-0.1004,0.1247999999999996,0.2655,-1.2446,2.5204,0.6629007400625619,3.9000000000000057,-0.62,-16.710000000000004,0.3392,-0.0773,0.3424,-0.3422,-1.2851,2.724,0.6604776073853666,3.000000000000014,0.1,-18.440000000000023
12.265999998897314,0.0,-0.0931,0.1297999999999996,0.2723,-1.2401,2.5168000000000004,0.6629007400625619,3.9000000000000057,-0.62,-16.810000000000006,0.3424,-0.0843,0.3557999999999998,-0.3517,-1.2725,2.72,0.6604776073853666,3.000000000000014,0.1,-18.64000000000001
12.281999999657272,0.0,-0.0885,0.1253999999999998,0.2824,-1.2445,2.523,0.6630228122377355,4.0,-0.72,-16.910000000000004,0.3437,-0.0772,0.3435999999999998,-0.3361,-1.288,2.7146000000000003,0.6604776073853666,3.000000000000014,0.1,-18.74000000000001
12.29700000025332,0.0,-0.0965,0.1275999999999996,0.2771,-1.2599,2.5276,0.6630380712596322,4.0,-0.72,-17.010000000000005,0.3277,-0.0787,0.3514,-0.3478,-1.2823,2.7164,0.6605233844510567,3.000000000000014,0.1,-18.840000000000003
12.312999999150634,0.0,-0.0924,0.1275999999999996,0.2847,-1.2444,2.5362,0.6632059205004959,3.9000000000000057,-0.72,-17.110000000000007,0.3341,-0.0844,0.3382,-0.3268,-1.2868,2.7132,0.6605691615167468,3.000000000000014,0.1,-18.940000000000023
12.32799999974668,0.0,-0.0976,0.1201999999999998,0.2764,-1.245,2.5346,0.663251697566186,3.9000000000000057,-0.72,-17.210000000000004,0.3283,-0.0939,0.3402,-0.3424,-1.2849,2.7214000000000005,0.6605996795605402,3.000000000000014,0.1,-19.04000000000002
12.34400000050664,0.0,-0.0936,0.125,0.2716,-1.2575,2.5290000000000004,0.6633737697413595,3.9000000000000057,-0.72,-17.310000000000006,0.3391,-0.0831,0.3386,-0.3461,-1.2903,2.7342,0.6605996795605402,3.000000000000014,0.1,-19.14000000000001
12.375,0.0,-0.0917,0.1244,0.2794,-1.2425,2.5198000000000005,0.6633890287632562,3.9000000000000057,-0.72,-17.510000000000005,0.3364,-0.0691,0.3406,-0.3344,-1.2891,2.7222000000000004,0.6606454566262303,3.000000000000014,0.1,-19.340000000000003
12.390999998897314,0.0,-0.0926,0.1233999999999996,0.2712,-1.2562,2.5196,0.6634348058289463,3.9000000000000057,-0.72,-17.610000000000007,0.3374,-0.0833,0.3522,-0.3537,-1.2853,2.7254,0.6605996795605402,3.000000000000014,0.2,-19.440000000000023
12.406999999657272,0.0,-0.095,0.1194,0.2784,-1.2439,2.5232,0.6635416189822232,4.0,-0.72,-17.710000000000004,0.3368,-0.0847,0.3524,-0.3457,-1.2816,2.7196,0.6605996795605402,2.90000000000002,0.2,-19.54000000000002
12.42200000025332,0.0,-0.0995,0.1296,0.2781,-1.2489,2.5316,0.6636179140917067,4.0,-0.72,-17.810000000000006,0.3401,-0.082,0.3506,-0.3349,-1.2861,2.713600000000002,0.6605996795605402,2.90000000000002,0.2,-19.64000000000001
12.437999999150634,0.0,-0.1019,0.123,0.2745,-1.2515,2.5258,0.6636331731136034,4.0,-0.72,-17.810000000000006,0.3286,-0.0829,0.3464,-0.3368,-1.2809,2.7373999999999996,0.6606454566262303,2.90000000000002,0.2,-19.74000000000001
12.45299999974668,0.0,-0.1079,0.1189999999999996,0.2833,-1.2604,2.5248,0.6636331731136034,4.0,-0.72,-17.910000000000004,0.3339,-0.0834,0.3432,-0.3369,-1.2887,2.7260000000000004,0.660660715648127,2.90000000000002,0.2,-19.74000000000001
12.484999999403954,0.0,-0.106,0.1253999999999998,0.2729,-1.2565,2.5308,0.6636331731136034,4.0,-0.72,-18.010000000000005,0.3389,-0.0707,0.3492,-0.3472,-1.2873,2.7192,0.6606759746700237,2.90000000000002,0.2,-19.840000000000003
12.5,0.0,-0.0984,0.1236,0.2701,-1.2539,2.5184000000000006,0.6636331731136034,4.0,-0.8200000000000001,-18.110000000000007,0.3406,-0.0814,0.3435999999999998,-0.3368,-1.2785,2.7218000000000004,0.6606454566262303,2.90000000000002,0.2,-19.940000000000023
12.515999998897314,0.0,-0.097,0.1253999999999998,0.2766,-1.2556,2.5282,0.6636331731136034,4.0,-0.8200000000000001,-18.210000000000004,0.3318,-0.0803,0.3444,-0.3336,-1.2774,2.7144,0.6606759746700237,2.90000000000002,0.2,-20.04000000000002
12.54700000025332,0.0,-0.0961,0.1228,0.2769,-1.251,2.5316,0.6636331731136034,4.0,-0.8200000000000001,-18.31000000000001,0.3393,-0.092,0.3398,-0.3474,-1.2717,2.7083999999999997,0.6606454566262303,2.90000000000002,0.2,-20.14000000000001
12.562999999150634,0.0,-0.0981,0.1228,0.2659,-1.26,2.5274,0.6636331731136034,4.0,-0.8200000000000001,-18.410000000000004,0.3305,-0.0762,0.3429999999999998,-0.3413,-1.291,2.727,0.6606301976043336,3.000000000000014,0.2,-20.24000000000001
12.57799999974668,0.0,-0.1041,0.1267999999999996,0.2785,-1.2508,2.519,0.6635721370260166,4.0,-0.8200000000000001,-18.410000000000004,0.3291,-0.0973,0.3472,-0.345,-1.2856,2.7158,0.6605844205386435,3.000000000000014,0.2,-20.340000000000003
12.59400000050664,0.0,-0.0981,0.1292,0.2708,-1.255,2.522,0.6635568780041199,4.0,-0.8200000000000001,-18.510000000000005,0.3395,-0.0656,0.3434,-0.3365,-1.2782,2.72,0.6605691615167468,3.000000000000014,0.2,-20.340000000000003
12.609999999403954,0.0,-0.1065,0.1211999999999996,0.272,-1.2415,2.5224,0.6637094682230869,4.0,-0.8200000000000001,-18.610000000000007,0.338,-0.083,0.3484,-0.3436,-1.2822,2.7192,0.6605691615167468,3.000000000000014,0.2,-20.440000000000023
12.625,0.0,-0.0998,0.1228,0.2762,-1.2439,2.5222000000000007,0.6637094682230869,4.0,-0.8200000000000001,-18.610000000000007,0.3371,-0.0902,0.3318,-0.332,-1.2765,2.7256,0.6605691615167468,3.000000000000014,0.2,-20.54000000000002
12.656999999657272,0.0,-0.099,0.1255999999999996,0.2661,-1.2598,2.5296,0.6637094682230869,4.0,-0.8200000000000001,-18.710000000000004,0.3295,-0.0922,0.3389999999999998,-0.3297,-1.2901,2.7192,0.6605691615167468,2.90000000000002,0.2,-20.54000000000002
12.67200000025332,0.0,-0.1027,0.1246,0.2824,-1.2442,2.5248,0.6635568780041199,4.0,-0.8200000000000001,-18.81000000000001,0.3388,-0.0796,0.3455999999999998,-0.3357,-1.2855,2.7204,0.6605691615167468,3.000000000000014,0.2,-20.64000000000001
12.687999999150634,0.0,-0.1071,0.1296,0.2688,-1.2484,2.524,0.6635568780041199,4.0,-0.8200000000000001,-18.81000000000001,0.3377,-0.0827,0.3482,-0.3328,-1.2874,2.7129999999999996,0.6606301976043336,2.90000000000002,0.2,-20.64000000000001
12.71900000050664,0.0,-0.0941,0.1166,0.2655,-1.247,2.523,0.6637399862668802,4.0,-0.8200000000000001,-18.910000000000004,0.3357,-0.0791,0.3358,-0.3441,-1.2787,2.7222000000000004,0.6606759746700237,2.90000000000002,0.2,-20.74000000000001
12.734999999403954,0.0,-0.0975,0.1208,0.2665,-1.2615,2.5182,0.6637399862668802,4.0,-0.8200000000000001,-18.910000000000004,0.3265,-0.0929,0.3438,-0.3452,-1.2844,2.7186,0.6606912336919204,2.90000000000002,0.2,-20.74000000000001
12.75,0.0,-0.1013,0.1262,0.2629,-1.2571,2.5236,0.6637399862668802,3.9000000000000057,-0.8200000000000001,-19.010000000000005,0.3462,-0.0751,0.3388,-0.3452,-1.279,2.7292,0.6606912336919204,3.000000000000014,0.3,-20.840000000000003
12.765999998897314,0.0,-0.1061,0.1252,0.2807,-1.2474,2.5152,0.6638162813763637,4.0,-0.8200000000000001,-19.010000000000005,0.348,-0.083,0.3434,-0.3385,-1.2778,2.7282,0.6606759746700237,3.000000000000014,0.3,-20.840000000000003
12.781999999657272,0.0,-0.0964,0.127,0.2734,-1.2582,2.524,0.6635568780041199,4.0,-0.8200000000000001,-19.010000000000005,0.3333,-0.0899,0.3448,-0.3332,-1.2993,2.7302,0.6606759746700237,2.90000000000002,0.3,-20.940000000000023
12.79700000025332,0.0,-0.1003,0.1253999999999998,0.2702,-1.2464,2.5294,0.6638162813763637,4.0,-0.8200000000000001,-19.110000000000007,0.3239,-0.0844,0.3395999999999998,-0.3385,-1.2864,2.7238,0.6606912336919204,2.90000000000002,0.3,-20.940000000000023
12.82799999974668,0.0,-0.0975,0.132,0.2883,-1.2397,2.5280000000000005,0.6637857633325703,4.0,-0.8200000000000001,-19.110000000000007,0.3354,-0.0804,0.3428,-0.3442,-1.2767,2.7276,0.6606759746700237,2.90000000000002,0.3,-20.940000000000023
12.84400000050664,0.0,-0.1012,0.1253999999999998,0.27,-1.246,2.525399999999999,0.6637857633325703,4.0,-0.92,-19.210000000000004,0.3445,-0.0807,0.3474,-0.3454,-1.282,2.7194,0.6606301976043336,2.90000000000002,0.3,-21.04000000000002
12.859999999403954,0.0,-0.1003,0.1246,0.2729,-1.2385,2.52,0.6638773174639505,4.0,-0.92,-19.210000000000004,0.3384,-0.0795,0.3346,-0.3443,-1.2829,2.7222000000000004,0.6605844205386435,2.90000000000002,0.3,-21.04000000000002
12.890999998897314,0.0,-0.0902,0.1194,0.2644,-1.2557,2.5156,0.6637857633325703,4.0,-0.92,-19.210000000000004,0.3339,-0.0851,0.3403999999999998,-0.3291,-1.286,2.7175999999999996,0.6605844205386435,2.90000000000002,0.3,-21.04000000000002
12.906999999657272,0.0,-0.0999,0.123,0.2774,-1.2504,2.522,0.6634348058289463,4.0,-0.92,-19.31000000000001,0.3247,-0.0852,0.3459999999999998,-0.3397,-1.2897,2.7232,0.6606301976043336,2.90000000000002,0.3,-21.14000000000001
12.92200000025332,0.0,-0.0946,0.1236,0.2723,-1.2522,2.5268,0.6635416189822232,4.0,-0.92,-19.31000000000001,0.3271,-0.0833,0.3354,-0.3392,-1.2878,2.7251999999999996,0.6605844205386435,2.90000000000002,0.3,-21.14000000000001
12.937999999150634,0.0,-0.0926,0.1191999999999998,0.2798,-1.2519,2.520800000000001,0.6635416189822232,4.0,-0.92,-19.31000000000001,0.3381,-0.0843,0.3417999999999998,-0.3345,-1.2922,2.717,0.6605844205386435,2.90000000000002,0.3,-21.14000000000001
12.95299999974668,0.0,-0.0964,0.1263999999999998,0.2698,-1.2535,2.523,0.6635416189822232,4.0,-0.92,-19.31000000000001,0.3357,-0.088,0.336,-0.3474,-1.2827,2.7212,0.6606301976043336,2.90000000000002,0.3,-21.14000000000001
12.96900000050664,0.0,-0.1,0.123,0.2779,-1.2471,2.5274,0.6635416189822232,4.0,-0.92,-19.31000000000001,0.3394,-0.0813,0.3442,-0.3408,-1.294,2.728800000000001,0.6606759746700237,2.90000000000002,0.3,-21.14000000000001
13.0,0.0,-0.1042,0.1322,0.2728,-1.2443,2.5284,0.6635416189822232,4.0,-0.92,-19.31000000000001,0.347,-0.074,0.3432,-0.3391,-1.2761,2.7286,0.6606759746700237,2.90000000000002,0.3,-21.14000000000001
13.015999998897314,0.0,-0.1024,0.1292,0.2619,-1.2491,2.5194,0.6635568780041199,4.0,-0.92,-19.31000000000001,0.339,-0.0829,0.3494,-0.3406,-1.2885,2.7146000000000003,0.660660715648127,2.90000000000002,0.3,-21.14000000000001
13.031999999657272,0.0,-0.0972,0.127,0.2796,-1.2517,2.5256,0.6636179140917067,4.0,-0.92,-19.31000000000001,0.3347,-0.08,0.3454,-0.3377,-1.2801,2.7188,0.660660715648127,2.90000000000002,0.3,-21.14000000000001
13.062999999150634,0.0,-0.1087,0.126,0.2844,-1.245,2.524,0.6639230945296406,4.0,-0.92,-19.31000000000001,0.3383,-0.0902,0.3454,-0.3223,-1.2877,2.7182,0.6606912336919204,2.90000000000002,0.3,-21.24000000000001
13.07799999974668,0.0,-0.0985,0.1246,0.2783,-1.2458,2.5244,0.664106202792401,4.0,-0.8200000000000001,-19.31000000000001,0.3266,-0.087,0.3395999999999998,-0.3394,-1.2797,2.7114,0.660660715648127,2.90000000000002,0.3,-21.24000000000001
13.09400000050664,0.0,-0.1019,0.1185999999999996,0.2799,-1.2368,2.5312,0.6643198290989547,4.0,-0.8200000000000001,-19.31000000000001,0.3383,-0.0823,0.3565999999999998,-0.345,-1.282,2.7184000000000004,0.660660715648127,2.90000000000002,0.3,-21.24000000000001
13.109999999403954,0.0,-0.1018,0.1155999999999996,0.2677,-1.2551,2.519,0.6643503471427481,4.0,-0.8200000000000001,-19.31000000000001,0.3313,-0.0864,0.3414,-0.3394,-1.2776,2.7112,0.660660715648127,2.90000000000002,0.3,-21.24000000000001
13.125,0.0,-0.1054,0.1194,0.2733,-1.2526,2.5266,0.6644419012741283,4.0,-0.8200000000000001,-19.31000000000001,0.3368,-0.0786,0.3414,-0.3419,-1.2941,2.7205999999999997,0.660660715648127,3.000000000000014,0.3,-21.24000000000001
13.140999998897314,0.0,-0.0905,0.1241999999999998,0.2809,-1.2469,2.5224,0.6644876783398184,4.0,-0.8200000000000001,-19.31000000000001,0.3351,-0.0866,0.3448,-0.3358,-1.2863,2.716,0.660660715648127,3.000000000000014,0.3,-21.24000000000001
13.17200000025332,0.0,-0.1061,0.1333999999999996,0.2734,-1.2552,2.53,0.6645181963836118,4.0,-0.8200000000000001,-19.31000000000001,0.3294,-0.0899,0.3462,-0.333,-1.2867,2.7156,0.660660715648127,3.000000000000014,0.3,-21.24000000000001
13.187999999150634,0.0,-0.0991,0.123,0.2663,-1.2567,2.5262,0.6645792324711985,4.0,-0.8200000000000001,-19.410000000000004,0.3351,-0.0829,0.336,-0.3391,-1.2716,2.7236,0.6606454566262303,2.90000000000002,0.2,-21.24000000000001
13.20299999974668,0.0,-0.0953,0.1213999999999996,0.2677,-1.2557,2.5244,0.6645792324711985,4.0,-0.8200000000000001,-19.410000000000004,0.331,-0.0881,0.3371999999999996,-0.3428,-1.2854,2.7248,0.660660715648127,2.90000000000002,0.2,-21.24000000000001
13.234999999403954,0.0,-0.0931,0.1293999999999996,0.2743,-1.254,2.5222000000000007,0.6645792324711985,4.0,-0.8200000000000001,-19.410000000000004,0.3386,-0.0882,0.3488,-0.3323,-1.2836,2.716,0.6606759746700237,2.90000000000002,0.2,-21.24000000000001
13.25,0.0,-0.1,0.1225999999999996,0.2711,-1.239,2.5272,0.6645792324711985,4.0,-0.8200000000000001,-19.410000000000004,0.3309,-0.0837,0.3363999999999998,-0.3494,-1.2889,2.7182,0.6606759746700237,2.90000000000002,0.2,-21.24000000000001
13.265999998897314,0.0,-0.0972,0.1211999999999996,0.2764,-1.2544,2.5232,0.6645487144274052,4.0,-0.8200000000000001,-19.410000000000004,0.3408,-0.0753,0.3435999999999998,-0.3317,-1.282,2.715,0.6606759746700237,2.90000000000002,0.2,-21.24000000000001
13.281999999657272,0.0,-0.0976,0.123,0.2671,-1.2547,2.518,0.6645181963836118,4.0,-0.8200000000000001,-19.410000000000004,0.3448,-0.0745,0.3368,-0.3378,-1.2789,2.715,0.6606912336919204,2.90000000000002,0.2,-21.24000000000001
13.29700000025332,0.0,-0.0982,0.1208,0.2756,-1.2565,2.5238,0.6644419012741283,4.0,-0.8200000000000001,-19.410000000000004,0.3426,-0.0788,0.3388,-0.3378,-1.2863,2.716,0.6607064927138171,3.000000000000014,0.2,-21.24000000000001
13.312999999150634,0.0,-0.1041,0.1175999999999996,0.2797,-1.2481,2.5224,0.6644419012741283,4.0,-0.8200000000000001,-19.410000000000004,0.329,-0.0877,0.344,-0.3457,-1.287,2.7164,0.6607064927138171,3.000000000000014,0.2,-21.24000000000001
13.34400000050664,0.0,-0.1165,0.1164,0.2775,-1.2494,2.522,0.6644419012741283,4.0,-0.8200000000000001,-19.410000000000004,0.3359,-0.074,0.3472,-0.3352,-1.2827,2.7118,0.6606912336919204,3.000000000000014,0.2,-21.24000000000001
13.359999999403954,0.0,-0.0925,0.1175999999999996,0.2739,-1.2523,2.5242,0.6645181963836118,4.0,-0.8200000000000001,-19.410000000000004,0.3385,-0.0786,0.3472,-0.3431,-1.2823,2.7053999999999996,0.6606912336919204,3.000000000000014,0.2,-21.24000000000001
13.375,0.0,-0.1093,0.1196,0.2599,-1.2507,2.518,0.6645181963836118,4.0,-0.8200000000000001,-19.410000000000004,0.328,-0.0872,0.3388,-0.3427,-1.2824,2.7228000000000008,0.660660715648127,3.000000000000014,0.2,-21.24000000000001
13.406999999657272,0.0,-0.0881,0.131,0.2802,-1.249,2.5282,0.6645181963836118,4.0,-0.8200000000000001,-19.410000000000004,0.3339,-0.0937,0.3482,-0.3559,-1.2714,2.7304,0.660660715648127,2.90000000000002,0.2,-21.24000000000001
13.42200000025332,0.0,-0.1092,0.1179999999999996,0.2786,-1.2476,2.5316,0.6646250095368886,4.0,-0.8200000000000001,-19.410000000000004,0.3263,-0.0823,0.3468,-0.3484,-1.2815,2.721,0.660660715648127,2.90000000000002,0.2,-21.24000000000001
13.437999999150634,0.0,-0.0959,0.1228,0.2611,-1.2552,2.5236,0.6647470817120622,4.0,-0.72,-19.410000000000004,0.3484,-0.074,0.345,-0.3416,-1.2856,2.722,0.660660715648127,2.90000000000002,0.2,-21.24000000000001
13.45299999974668,0.0,-0.0989,0.1196,0.2666,-1.2531,2.5156,0.6648538948653391,4.0,-0.72,-19.410000000000004,0.3354,-0.0855,0.3414,-0.3443,-1.2893,2.7132,0.660660715648127,3.000000000000014,0.2,-21.24000000000001
13.46900000050664,0.0,-0.098,0.1252,0.2665,-1.2593,2.5182,0.6648538948653391,4.0,-0.72,-19.410000000000004,0.3229,-0.0927,0.336,-0.3316,-1.2899,2.7156,0.660660715648127,3.000000000000014,0.2,-21.24000000000001
13.484999999403954,0.0,-0.1001,0.1184,0.2745,-1.2453,2.5238,0.6648691538872358,4.0,-0.72,-19.410000000000004,0.3372,-0.0859,0.3398,-0.3425,-1.2778,2.7112,0.6606912336919204,3.000000000000014,0.2,-21.24000000000001
13.515999998897314,0.0,-0.1004,0.1185999999999996,0.2764,-1.242,2.5238,0.6648844129091325,4.0,-0.72,-19.410000000000004,0.3429,-0.0824,0.349,-0.3463,-1.2771,2.7198000000000007,0.6607217517357138,3.000000000000014,0.2,-21.24000000000001
13.531999999657272,0.0,-0.1052,0.1188,0.2678,-1.2468,2.5164,0.6648844129091325,4.0,-0.72,-19.410000000000004,0.3338,-0.0867,0.338,-0.3437,-1.2821,2.7156,0.6607370107576105,3.000000000000014,0.2,-21.24000000000001
13.54700000025332,0.0,-0.0994,0.1169999999999998,0.2659,-1.2536,2.5222000000000007,0.6650980392156862,4.0,-0.72,-19.410000000000004,0.3419,-0.079,0.3468,-0.3448,-1.292,2.7262,0.6607370107576105,3.000000000000014,0.2,-21.24000000000001
13.562999999150634,0.0,-0.1068,0.1144,0.2822,-1.257,2.5274,0.6651132982375829,4.0,-0.72,-19.410000000000004,0.3388,-0.0803,0.3382,-0.3498,-1.2951,2.7256,0.6607370107576105,3.000000000000014,0.2,-21.24000000000001
13.59400000050664,0.0,-0.1023,0.1303999999999996,0.2749,-1.2449,2.5226,0.6650980392156862,4.0,-0.72,-19.410000000000004,0.3297,-0.0747,0.3417999999999998,-0.3447,-1.2894,2.7156,0.6607370107576105,3.000000000000014,0.2,-21.24000000000001
13.609999999403954,0.0,-0.1015,0.1267999999999996,0.2697,-1.2561,2.5246,0.665006485084306,4.0,-0.72,-19.410000000000004,0.3311,-0.0721,0.3326,-0.3362,-1.2801,2.7151999999999994,0.6607370107576105,3.000000000000014,0.2,-21.24000000000001
13.625,0.0,-0.0984,0.1155999999999996,0.265,-1.2482,2.518,0.6648233768215457,4.0,-0.72,-19.410000000000004,0.3403,-0.079,0.3346,-0.3357,-1.2894,2.711,0.6607370107576105,3.000000000000014,0.2,-21.24000000000001
13.640999998897314,0.0,-0.0995,0.1172,0.272,-1.2494,2.5174,0.6648233768215457,4.0,-0.72,-19.410000000000004,0.3346,-0.0835,0.3408,-0.3346,-1.2839,2.7196,0.6607370107576105,3.000000000000014,0.2,-21.24000000000001
13.656999999657272,0.0,-0.099,0.127,0.2741,-1.2479,2.523,0.6648233768215457,4.0,-0.72,-19.410000000000004,0.335,-0.075,0.3442,-0.3459,-1.2856,2.7188,0.6607370107576105,3.000000000000014,0.2,-21.24000000000001
13.687999999150634,0.0,-0.0991,0.1255999999999996,0.279,-1.2527,2.527,0.6647928587777523,4.0,-0.72,-19.410000000000004,0.3352,-0.0776,0.3412,-0.3396,-1.2769,2.7144,0.6606912336919204,3.000000000000014,0.2,-21.24000000000001
13.70299999974668,0.0,-0.0953,0.1255999999999996,0.2641,-1.2521,2.5146,0.6647013046463721,4.0,-0.72,-19.410000000000004,0.3346,-0.0863,0.3314,-0.3341,-1.2821,2.72,0.6606912336919204,3.000000000000014,0.1,-21.24000000000001
13.71900000050664,0.0,-0.0972,0.1263999999999998,0.2825,-1.24,2.5296,0.6647013046463721,4.0,-0.72,-19.410000000000004,0.3385,-0.0877,0.3475999999999998,-0.3398,-1.2897,2.7166,0.6607217517357138,3.000000000000014,0.1,-21.24000000000001
13.734999999403954,0.0,-0.0949,0.1178,0.2678,-1.2541,2.5238,0.6646860456244754,4.0,-0.72,-19.410000000000004,0.3375,-0.0849,0.342,-0.3463,-1.2811,2.7272,0.6607217517357138,3.000000000000014,0.1,-21.24000000000001
13.765999998897314,0.0,-0.0984,0.1158,0.278,-1.2442,2.5248,0.6646860456244754,4.0,-0.72,-19.410000000000004,0.3339,-0.0835,0.3412,-0.3438,-1.2799,2.7273999999999994,0.6606912336919204,3.000000000000014,0.1,-21.24000000000001
13.781999999657272,0.0,-0.108,0.1239999999999996,0.2655,-1.2505,2.527,0.6646402685587853,4.0,-0.72,-19.410000000000004,0.3307,-0.0946,0.3539999999999998,-0.3402,-1.2814,2.7156,0.6606912336919204,3.000000000000014,0.1,-21.24000000000001
13.79700000025332,0.0,-0.1061,0.1219999999999996,0.2678,-1.2456,2.5194,0.6646402685587853,4.0,-0.72,-19.410000000000004,0.3389,-0.0753,0.3499999999999998,-0.3475,-1.2827,2.7142,0.6606912336919204,3.000000000000014,0.1,-21.24000000000001
13.812999999150634,0.0,-0.0964,0.1155999999999996,0.2834,-1.2447,2.5172,0.6645944914930952,4.0,-0.72,-19.410000000000004,0.3377,-0.0884,0.3354,-0.3401,-1.2723,2.7262,0.6607217517357138,3.000000000000014,0.1,-21.24000000000001
13.82799999974668,0.0,-0.0987,0.123,0.2755,-1.2511,2.5218,0.6645639734493018,4.0,-0.72,-19.410000000000004,0.3394,-0.0796,0.3306,-0.3423,-1.2875,2.7118,0.6607370107576105,3.000000000000014,0.1,-21.24000000000001
13.859999999403954,0.0,-0.1039,0.1158,0.2661,-1.2554,2.5252,0.6645639734493018,4.0,-0.72,-19.410000000000004,0.3345,-0.0901,0.3502,-0.3375,-1.2815,2.7226,0.6607370107576105,3.000000000000014,0.1,-21.24000000000001
13.875,0.0,-0.105,0.1253999999999998,0.274,-1.2529,2.5238,0.6645639734493018,4.0,-0.72,-19.410000000000004,0.328,-0.085,0.3415999999999998,-0.3522,-1.2754,2.7268000000000003,0.6607370107576105,3.000000000000014,0.1,-21.24000000000001
13.890999998897314,0.0,-0.1056,0.1221999999999998,0.2703,-1.2481,2.5184000000000006,0.6645639734493018,4.0,-0.72,-19.410000000000004,0.3362,-0.0864,0.3435999999999998,-0.3359,-1.2864,2.710600000000001,0.6607522697795072,3.000000000000014,0.1,-21.24000000000001
13.906999999657272,0.0,-0.1034,0.1127999999999996,0.268,-1.2567,2.5246,0.6645639734493018,4.0,-0.72,-19.410000000000004,0.3376,-0.0771,0.334,-0.3462,-1.2799,2.716,0.6607370107576105,3.000000000000014,0.1,-21.24000000000001
13.92200000025332,0.0,-0.0952,0.1233999999999996,0.2679,-1.2603,2.5316,0.6646402685587853,4.0,-0.72,-19.410000000000004,0.3418,-0.0893,0.342,-0.3483,-1.2762,2.7242,0.6607217517357138,3.000000000000014,0.1,-21.24000000000001
13.95299999974668,0.0,-0.1017,0.1228,0.2783,-1.253,2.525,0.664655527580682,4.0,-0.72,-19.410000000000004,0.3366,-0.0746,0.3371999999999996,-0.3392,-1.2842,2.715,0.6607217517357138,3.000000000000014,0.1,-21.24000000000001
13.96900000050664,0.0,-0.0979,0.112,0.2539,-1.2474,2.52,0.6646860456244754,4.0,-0.62,-19.410000000000004,0.3363,-0.0825,0.3388,-0.3477,-1.2849,2.7204,0.6607217517357138,3.000000000000014,0.1,-21.24000000000001
13.984999999403954,0.0,-0.1005,0.1282,0.2709,-1.2484,2.5326,0.6647470817120622,4.0,-0.62,-19.410000000000004,0.3412,-0.0853,0.34,-0.354,-1.2789,2.72,0.6607370107576105,3.000000000000014,0.1,-21.24000000000001
14.0,0.0,-0.1018,0.1185999999999996,0.2722,-1.2535,2.5158000000000005,0.6647470817120622,4.0,-0.62,-19.410000000000004,0.3417,-0.0786,0.3522,-0.3449,-1.2799,2.7226,0.6607522697795072,3.000000000000014,0.1,-21.24000000000001
14.031999999657272,0.0,-0.0958,0.1158,0.2705,-1.2548,2.520800000000001,0.6646707866025787,4.0,-0.62,-19.410000000000004,0.3285,-0.0785,0.3472,-0.3317,-1.2824,2.7228000000000008,0.6607217517357138,3.000000000000014,0.1,-21.24000000000001
14.04700000025332,0.0,-0.0955,0.1307999999999998,0.2728,-1.2592,2.5144,0.664655527580682,4.0,-0.62,-19.410000000000004,0.3332,-0.0892,0.3452,-0.3421,-1.281,2.7208,0.6607522697795072,3.000000000000014,0.1,-21.24000000000001
14.062999999150634,0.0,-0.1116,0.1201999999999998,0.2766,-1.2532,2.5262,0.6646707866025787,4.0,-0.62,-19.410000000000004,0.3274,-0.0887,0.334,-0.3495,-1.2753,2.7094,0.6607675288014039,3.000000000000014,0.1,-21.24000000000001
14.07799999974668,0.0,-0.1009,0.1247999999999996,0.2769,-1.2586,2.5186,0.6646707866025787,4.0,-0.62,-19.410000000000004,0.3454,-0.0868,0.3412,-0.3331,-1.2806,2.7192,0.6607675288014039,3.000000000000014,0.1,-21.24000000000001
14.109999999403954,0.0,-0.1066,0.1175999999999996,0.2767,-1.243,2.5264,0.664655527580682,4.0,-0.62,-19.410000000000004,0.341,-0.0881,0.3472,-0.3362,-1.2888,2.7205999999999997,0.6607522697795072,3.000000000000014,0.1,-21.24000000000001
14.125,0.0,-0.1026,0.127,0.274,-1.2505,2.5218,0.6646707866025787,4.0,-0.62,-19.410000000000004,0.3368,-0.0745,0.3406,-0.3365,-1.2834,2.7254,0.6607522697795072,3.000000000000014,0.1,-21.24000000000001
14.140999998897314,0.0,-0.0981,0.1228,0.2674,-1.241,2.5174,0.6646707866025787,4.0,-0.62,-19.410000000000004,0.3199,-0.0945,0.3454,-0.3295,-1.2943,2.7182,0.6607675288014039,3.000000000000014,0.1,-21.24000000000001
14.156999999657272,0.0,-0.0898,0.1244,0.2604,-1.2484,2.5282,0.6646707866025787,4.0,-0.62,-19.410000000000004,0.3399,-0.0824,0.3354,-0.3506,-1.2767,2.7234,0.6607675288014039,3.000000000000014,0.1,-21.24000000000001
14.17200000025332,0.0,-0.0927,0.1239999999999996,0.278,-1.2481,2.5246,0.6646250095368886,4.0,-0.62,-19.410000000000004,0.3303,-0.0829,0.3332,-0.3379,-1.28,2.7116,0.6607675288014039,3.000000000000014,0.1,-21.24000000000001
14.20299999974668,0.0,-0.0928,0.1283999999999996,0.27,-1.245,2.5274,0.6645181963836118,4.0,-0.62,-19.410000000000004,0.3397,-0.0795,0.3459999999999998,-0.3381,-1.2849,2.712,0.6607675288014039,3.000000000000014,0.1,-21.24000000000001
14.21900000050664,0.0,-0.0966,0.1175999999999996,0.2821,-1.248,2.516,0.6645181963836118,4.0,-0.62,-19.410000000000004,0.3243,-0.0782,0.3417999999999998,-0.3553,-1.2915,2.7278,0.6607675288014039,3.000000000000014,0.1,-21.14000000000001
14.234999999403954,0.0,-0.0993,0.121,0.2722,-1.2457,2.5202,0.6644266422522316,4.0,-0.62,-19.410000000000004,0.3377,-0.0734,0.3406,-0.3413,-1.2769,2.7162,0.6607675288014039,3.000000000000014,0.1,-21.14000000000001
14.25,0.0,-0.0944,0.1174,0.2758,-1.2533,2.5236,0.6643656061646448,4.0,-0.62,-19.410000000000004,0.3388,-0.0925,0.3484,-0.3372,-1.2906,2.7174,0.6607675288014039,3.000000000000014,0.1,-21.14000000000001
14.281999999657272,0.0,-0.1011,0.1213999999999996,0.2799,-1.245,2.5294,0.6643656061646448,4.0,-0.62,-19.410000000000004,0.3388,-0.0798,0.3472,-0.3419,-1.2761,2.7256,0.6607675288014039,3.000000000000014,0.1,-21.14000000000001
14.29700000025332,0.0,-0.1019,0.1188,0.275,-1.2548,2.523,0.6643350881208514,4.0,-0.62,-19.410000000000004,0.3367,-0.0817,0.3535999999999998,-0.3457,-1.2824,2.728,0.6607675288014039,3.000000000000014,0.1,-21.14000000000001
14.312999999150634,0.0,-0.1006,0.1191999999999998,0.2714,-1.2543,2.5174,0.6640604257267109,4.0,-0.62,-19.410000000000004,0.3397,-0.0756,0.3375999999999998,-0.3411,-1.2885,2.7216,0.6607675288014039,3.000000000000014,0.1,-21.14000000000001
14.32799999974668,0.0,-0.1087,0.1194,0.2773,-1.2506,2.5276,0.6639078355077439,4.0,-0.62,-19.410000000000004,0.3426,-0.0907,0.3383999999999998,-0.3417,-1.2874,2.7218000000000004,0.6607675288014039,3.000000000000014,0.1,-21.14000000000001
14.34400000050664,0.0,-0.0954,0.1149999999999998,0.2637,-1.2678,2.5164,0.6639078355077439,4.0,-0.62,-19.410000000000004,0.3359,-0.0837,0.3495999999999998,-0.337,-1.2718,2.7192,0.6607827878233006,3.000000000000014,0.1,-21.14000000000001
14.375,0.0,-0.1015,0.1233999999999996,0.275,-1.2448,2.5216,0.6639078355077439,4.0,-0.62,-19.410000000000004,0.3348,-0.0827,0.3395999999999998,-0.342,-1.2871,2.7158,0.6607675288014039,3.000000000000014,0.1,-21.14000000000001
14.390999998897314,0.0,-0.0932,0.1196,0.2704,-1.2347,2.5214,0.6639078355077439,4.0,-0.62,-19.410000000000004,0.3368,-0.0837,0.3414,-0.3426,-1.2845,2.7222000000000004,0.6607675288014039,3.000000000000014,0.1,-21.14000000000001
14.406999999657272,0.0,-0.1008,0.1246,0.2774,-1.2511,2.5302,0.6639078355077439,4.0,-0.62,-19.410000000000004,0.3375,-0.0797,0.3277999999999998,-0.3424,-1.2817,2.7156,0.6607522697795072,3.000000000000014,0.1,-21.14000000000001
14.42200000025332,0.0,-0.099,0.1218,0.2704,-1.2448,2.5232,0.6639078355077439,4.0,-0.62,-19.410000000000004,0.3383,-0.0807,0.3395999999999998,-0.3302,-1.3038,2.7126,0.6607370107576105,3.000000000000014,0.1,-21.14000000000001
14.45299999974668,0.0,-0.101,0.1296,0.2773,-1.2555,2.5256,0.6639078355077439,4.0,-0.62,-19.410000000000004,0.3229,-0.0862,0.3466,-0.3516,-1.2796,2.7212,0.6607370107576105,3.000000000000014,0.1,-21.14000000000001
14.46900000050664,0.0,-0.1043,0.1159999999999998,0.2761,-1.2546,2.5204,0.6636636911573968,4.0,-0.62,-19.410000000000004,0.3204,-0.0972,0.3495999999999998,-0.338,-1.2844,2.7230000000000003,0.6607522697795072,3.000000000000014,0.1,-21.24000000000001
14.484999999403954,0.0,-0.0873,0.1263999999999998,0.2694,-1.2616,2.5184000000000006,0.6636636911573968,4.0,-0.62,-19.410000000000004,0.3317,-0.0829,0.3417999999999998,-0.3364,-1.2851,2.7142,0.6607522697795072,3.000000000000014,0.1,-21.24000000000001
14.5,0.0,-0.0884,0.1219999999999996,0.268,-1.2621,2.5134,0.6636636911573968,4.0,-0.62,-19.410000000000004,0.3412,-0.0797,0.3468,-0.335,-1.2744,2.7186,0.6607675288014039,3.000000000000014,0.1,-21.24000000000001
14.515999998897314,0.0,-0.0939,0.128,0.2683,-1.25,2.5278,0.66360265506981,4.0,-0.62,-19.410000000000004,0.3339,-0.0821,0.3348,-0.3383,-1.2889,2.7234,0.6607980468451973,3.000000000000014,0.1,-21.24000000000001
14.54700000025332,0.0,-0.1032,0.1182,0.2677,-1.2388,2.5258,0.66360265506981,4.0,-0.62,-19.410000000000004,0.3446,-0.0765,0.3412,-0.3458,-1.2851,2.7204,0.660813305867094,3.000000000000014,0.1,-21.24000000000001
14.562999999150634,0.0,-0.1078,0.1328,0.2831,-1.2417,2.5192,0.6636179140917067,4.0,-0.62,-19.410000000000004,0.3358,-0.0764,0.3388,-0.3446,-1.2836,2.7264,0.660813305867094,3.000000000000014,0.1,-21.24000000000001
14.57799999974668,0.0,-0.0968,0.1333999999999996,0.263,-1.2505,2.523,0.6636179140917067,4.0,-0.62,-19.410000000000004,0.3449,-0.0803,0.3395999999999998,-0.3468,-1.2738,2.731,0.660813305867094,3.000000000000014,0.1,-21.24000000000001
14.59400000050664,0.0,-0.0942,0.1158,0.2686,-1.2547,2.5194,0.6634958419165331,4.0,-0.62,-19.410000000000004,0.344,-0.0744,0.3457999999999998,-0.3376,-1.2794,2.7218000000000004,0.6607980468451973,3.000000000000014,0.1,-21.24000000000001
14.609999999403954,0.0,-0.0971,0.1175999999999996,0.2843,-1.2472,2.5212,0.6634958419165331,4.0,-0.62,-19.410000000000004,0.3257,-0.0799,0.3422,-0.3395,-1.2803,2.7118,0.6607980468451973,3.000000000000014,0.1,-21.14000000000001
14.640999998897314,0.0,-0.1002,0.1184,0.2749,-1.2447,2.5214,0.6635416189822232,4.0,-0.62,-19.410000000000004,0.3349,-0.0867,0.34,-0.3383,-1.2838,2.7272,0.6607980468451973,3.000000000000014,0.1,-21.14000000000001
14.656999999657272,0.0,-0.0918,0.1275999999999996,0.2682,-1.2486,2.5284,0.6635416189822232,4.0,-0.62,-19.410000000000004,0.3363,-0.0721,0.3368,-0.3486,-1.2661,2.7273999999999994,0.6607980468451973,3.000000000000014,5.551115123125783e-17,-21.14000000000001
14.67200000025332,0.0,-0.1032,0.1305999999999996,0.2672,-1.2385,2.5212,0.6634958419165331,4.0,-0.62,-19.410000000000004,0.3373,-0.0781,0.3355999999999998,-0.3457,-1.2853,2.721,0.6607827878233006,3.000000000000014,5.551115123125783e-17,-21.14000000000001
14.687999999150634,0.0,-0.0972,0.1296,0.2757,-1.2335,2.5232,0.6634958419165331,4.0,-0.62,-19.410000000000004,0.3296,-0.0812,0.3584,-0.3436,-1.2794,2.722,0.6607675288014039,3.000000000000014,5.551115123125783e-17,-21.14000000000001
14.70299999974668,0.0,-0.1047,0.1178,0.2714,-1.2478,2.522,0.6634958419165331,4.0,-0.62,-19.410000000000004,0.3258,-0.0813,0.3417999999999998,-0.3456,-1.2816,2.7126,0.6607675288014039,3.000000000000014,5.551115123125783e-17,-21.14000000000001
14.734999999403954,0.0,-0.1049,0.1205999999999996,0.2675,-1.255,2.5172,0.6634958419165331,4.0,-0.62,-19.410000000000004,0.3429,-0.0896,0.3392,-0.3458,-1.2922,2.7204,0.6607675288014039,3.000000000000014,5.551115123125783e-17,-21.14000000000001
14.75,0.0,-0.0919,0.1199999999999996,0.2804,-1.2605,2.5332,0.6634805828946364,4.0,-0.62,-19.410000000000004,0.3327,-0.0789,0.3402,-0.3478,-1.285,2.7096000000000005,0.6607675288014039,3.000000000000014,5.551115123125783e-17,-21.14000000000001
14.765999998897314,0.0,-0.1005,0.1167999999999996,0.2743,-1.2639,2.5172,0.6634805828946364,4.0,-0.62,-19.410000000000004,0.3356,-0.0803,0.3457999999999998,-0.3351,-1.2745,2.7276,0.6607675288014039,3.000000000000014,5.551115123125783e-17,-21.14000000000001
14.781999999657272,0.0,-0.0937,0.1285999999999996,0.2669,-1.261,2.5154,0.6634805828946364,4.0,-0.62,-19.410000000000004,0.3358,-0.079,0.338,-0.3499,-1.2898,2.7158,0.6607675288014039,3.000000000000014,5.551115123125783e-17,-21.14000000000001
14.79700000025332,0.0,-0.104,0.1228,0.2802,-1.2436,2.5206,0.6634805828946364,4.0,-0.62,-19.410000000000004,0.3375,-0.0828,0.3369999999999998,-0.3341,-1.2875,2.7212,0.6607675288014039,3.000000000000014,5.551115123125783e-17,-21.14000000000001
14.82799999974668,0.0,-0.0878,0.1257999999999996,0.2747,-1.2412,2.522,0.6635416189822232,4.0,-0.62,-19.410000000000004,0.3371,-0.081,0.3368,-0.3358,-1.2796,2.7182,0.6607827878233006,3.000000000000014,5.551115123125783e-17,-21.14000000000001
14.84400000050664,0.0,-0.1056,0.1182,0.2744,-1.2448,2.523,0.6635416189822232,4.0,-0.62,-19.410000000000004,0.3355,-0.0945,0.3517999999999998,-0.3426,-1.2892,2.724,0.6608438239108874,3.000000000000014,5.551115123125783e-17,-21.14000000000001
14.859999999403954,0.0,-0.0966,0.1223999999999998,0.2752,-1.2556,2.519,0.6634042877851529,4.0,-0.62,-19.410000000000004,0.3306,-0.0775,0.3388,-0.3355,-1.2788,2.7124,0.6607827878233006,3.000000000000014,5.551115123125783e-17,-21.14000000000001
14.875,0.0,-0.0804,0.1211999999999996,0.2721,-1.2425,2.5108,0.6635416189822232,4.0,-0.62,-19.410000000000004,0.3333,-0.0728,0.3406,-0.3453,-1.2786,2.7188,0.6608285648889907,3.000000000000014,5.551115123125783e-17,-21.14000000000001
14.890999998897314,0.0,-0.0937,0.1184,0.2682,-1.2442,2.5168000000000004,0.6635568780041199,4.0,-0.62,-19.410000000000004,0.3371,-0.0752,0.3414,-0.334,-1.2959,2.7258000000000018,0.6608285648889907,3.000000000000014,5.551115123125783e-17,-21.14000000000001
14.92200000025332,0.0,-0.1236,0.1247999999999996,0.261,-1.2499,2.5266,0.6636484321355001,4.0,-0.52,-19.410000000000004,0.3354,-0.0761,0.3508,-0.3522,-1.2851,2.7146000000000003,0.6607522697795072,3.000000000000014,5.551115123125783e-17,-21.14000000000001
14.937999999150634,0.0,-0.0935,0.1194,0.2794,-1.2444,2.519,0.6636484321355001,4.0,-0.52,-19.410000000000004,0.3393,-0.0825,0.3455999999999998,-0.3457,-1.2822,2.7116,0.66050812542916,3.000000000000014,5.551115123125783e-17,-21.14000000000001
14.95299999974668,0.0,-0.1049,0.1194,0.2853,-1.2374,2.5074,0.6636636911573968,4.0,-0.62,-19.410000000000004,0.3329,-0.0903,0.3403999999999998,-0.3411,-1.2807,2.713600000000002,0.66050812542916,3.000000000000014,5.551115123125783e-17,-21.14000000000001
14.96900000050664,0.0,-0.1085,0.123,0.2762,-1.2471,2.5344000000000007,0.6634958419165331,4.0,-0.52,-19.410000000000004,0.3376,-0.0821,0.3475999999999998,-0.3312,-1.2894,2.7156,0.66050812542916,3.000000000000014,5.551115123125783e-17,-21.14000000000001
15.0,0.0,-0.1058,0.1335999999999996,0.283,-1.2379,2.5362,0.6634958419165331,4.0,-0.52,-19.410000000000004,0.3497,-0.0781,0.352,-0.353,-1.2758,2.7066000000000003,0.66050812542916,3.000000000000014,5.551115123125783e-17,-21.14000000000001
15.015999998897314,0.0,-0.0775,0.1223999999999998,0.2701,-1.2558,2.5114,0.6633432516975661,4.0,-0.62,-19.410000000000004,0.3346,-0.0885,0.3497999999999998,-0.3284,-1.2952,2.7083999999999997,0.6604776073853666,3.000000000000014,5.551115123125783e-17,-21.14000000000001
15.031999999657272,0.0,-0.0961,0.1257999999999996,0.266,-1.2578,2.5124,0.6631754024567025,4.0,-0.52,-19.410000000000004,0.3345,-0.0783,0.3462,-0.3378,-1.3028,2.7184000000000004,0.6601724269474327,3.000000000000014,5.551115123125783e-17,-21.14000000000001
15.04700000025332,0.0,-0.1098,0.1282,0.2744,-1.2401,2.5278,0.6631754024567025,4.0,-0.52,-19.410000000000004,0.334,-0.08,0.3393999999999996,-0.3413,-1.272,2.7128,0.6604776073853666,3.000000000000014,5.551115123125783e-17,-21.14000000000001
15.062999999150634,0.0,-0.0912,0.1219999999999996,0.2714,-1.2473,2.5064,0.6631448844129091,4.0,-0.52,-19.410000000000004,0.3305,-0.0804,0.3482,-0.3383,-1.2709,2.709,0.6605844205386435,3.000000000000014,5.551115123125783e-17,-21.14000000000001
15.09400000050664,0.0,-0.1077,0.1351999999999996,0.2702,-1.244,2.5184000000000006,0.6631448844129091,4.0,-0.52,-19.410000000000004,0.3474,-0.0829,0.3435999999999998,-0.3262,-1.2892,2.7118,0.6605844205386435,3.000000000000014,5.551115123125783e-17,-21.14000000000001
15.109999999403954,0.0,-0.104,0.1252,0.2747,-1.2522,2.5216,0.6630533302815289,4.0,-0.52,-19.410000000000004,0.3415,-0.075,0.3429999999999998,-0.3294,-1.2794,2.7122000000000006,0.6604776073853666,3.000000000000014,5.551115123125783e-17,-21.14000000000001
15.125,0.0,-0.0921,0.1182,0.2674,-1.2571,2.5052,0.6630533302815289,4.0,-0.52,-19.410000000000004,0.3318,-0.0886,0.3424,-0.3361,-1.2879,2.7184000000000004,0.6604776073853666,3.000000000000014,5.551115123125783e-17,-21.14000000000001
15.140999998897314,0.0,-0.1035,0.1297999999999996,0.2596,-1.2497,2.5296,0.6630533302815289,4.0,-0.52,-19.410000000000004,0.3351,-0.0867,0.3429999999999998,-0.3406,-1.2761,2.7138000000000004,0.6605844205386435,3.000000000000014,5.551115123125783e-17,-21.14000000000001
15.17200000025332,0.0,-0.1042,0.1236,0.2771,-1.2586,2.5290000000000004,0.6627328908216983,4.0,-0.52,-19.410000000000004,0.3427,-0.0728,0.3438,-0.3449,-1.2753,2.705,0.6610574502174411,3.000000000000014,0.1,-21.14000000000001
15.187999999150634,0.0,-0.0844,0.1175999999999996,0.2693,-1.2509,2.51,0.6627328908216983,4.0,-0.52,-19.410000000000004,0.3326,-0.0906,0.3442,-0.3413,-1.2924,2.7162,0.6610574502174411,3.000000000000014,5.551115123125783e-17,-21.14000000000001
15.20299999974668,0.0,-0.1109,0.1275999999999996,0.263,-1.2465,2.521,0.6627328908216983,4.0,-0.52,-19.410000000000004,0.3434,-0.0882,0.3342,-0.332,-1.2748,2.7212,0.6604470893415733,3.000000000000014,5.551115123125783e-17,-21.14000000000001
15.21900000050664,0.0,-0.0984,0.1333999999999996,0.2714,-1.2419,2.5280000000000005,0.6627328908216983,4.0,-0.52,-19.410000000000004,0.3447,-0.0685,0.3306,-0.355,-1.2573,2.7192,0.6604470893415733,3.000000000000014,5.551115123125783e-17,-21.14000000000001
15.234999999403954,0.0,-0.0836,0.125,0.2912,-1.2444,2.5188,0.6627328908216983,4.0,-0.52,-19.410000000000004,0.3371,-0.0766,0.3383999999999998,-0.3358,-1.2886,2.7226,0.6609201190203708,3.000000000000014,5.551115123125783e-17,-21.14000000000001
15.265999998897314,0.0,-0.0918,0.1146,0.2594,-1.2488,2.5166,0.6623361562523842,4.0,-0.52,-19.410000000000004,0.3244,-0.0783,0.3363999999999998,-0.3361,-1.2841,2.7286,0.6609201190203708,3.000000000000014,5.551115123125783e-17,-21.14000000000001
15.281999999657272,0.0,-0.1136,0.1293999999999996,0.2662,-1.2488,2.527,0.6629922941939421,4.0,-0.52,-19.410000000000004,0.3314,-0.0793,0.3368,-0.3393,-1.2721,2.710600000000001,0.6606149385824369,3.000000000000014,5.551115123125783e-17,-21.14000000000001
15.29700000025332,0.0,-0.0888,0.1158,0.2847,-1.2447,2.5146,0.6630838483253223,4.0,-0.52,-19.410000000000004,0.337,-0.0788,0.3408,-0.3302,-1.2874,2.7174,0.6606149385824369,3.000000000000014,5.551115123125783e-17,-21.14000000000001
15.312999999150634,0.0,-0.1042,0.1335999999999996,0.2711,-1.25,2.5206,0.6631296253910124,4.0,-0.52,-19.410000000000004,0.3406,-0.079,0.3459999999999998,-0.3284,-1.307,2.7196,0.6606301976043336,3.000000000000014,5.551115123125783e-17,-21.14000000000001
15.34400000050664,0.0,-0.1066,0.1292,0.2711,-1.2446,2.5284,0.6629922941939421,4.0,-0.52,-19.410000000000004,0.3357,-0.0794,0.3472,-0.335,-1.279,2.7128,0.6609201190203708,3.000000000000014,5.551115123125783e-17,-21.14000000000001
15.359999999403954,0.0,-0.086,0.1246,0.2693,-1.2479,2.5078,0.6629922941939421,4.0,-0.52,-19.410000000000004,0.3256,-0.0938,0.3406,-0.3435,-1.2853,2.7262,0.6606301976043336,3.000000000000014,5.551115123125783e-17,-21.14000000000001
15.375,0.0,-0.1195,0.1322,0.2559,-1.245,2.523,0.6629922941939421,4.0,-0.52,-19.410000000000004,0.3445,-0.0769,0.3366,-0.3475,-1.2726,2.7186,0.6606301976043336,3.000000000000014,5.551115123125783e-17,-21.14000000000001
15.390999998897314,0.0,-0.1032,0.1247999999999996,0.2698,-1.2351,2.5252,0.6633127336537727,4.0,-0.52,-19.410000000000004,0.327,-0.0842,0.3462,-0.3379,-1.2813,2.709,0.6606301976043336,3.000000000000014,5.551115123125783e-17,-21.14000000000001
15.406999999657272,0.0,-0.0847,0.1188,0.269,-1.2575,2.51,0.6636636911573968,4.0,-0.52,-19.410000000000004,0.3374,-0.0813,0.347,-0.3193,-1.2902,2.7172,0.660813305867094,3.000000000000014,5.551115123125783e-17,-21.14000000000001
15.42200000025332,0.0,-0.1111,0.1296,0.2662,-1.2522,2.515,0.6633127336537727,4.0,-0.52,-19.410000000000004,0.3344,-0.0828,0.3442,-0.3309,-1.2909,2.721,0.6608896009765775,3.000000000000014,5.551115123125783e-17,-21.14000000000001
15.45299999974668,0.0,-0.1068,0.1326,0.2664,-1.2513,2.5234,0.6636636911573968,4.0,-0.52,-19.410000000000004,0.339,-0.0857,0.3497999999999998,-0.3436,-1.277,2.7082,0.660813305867094,3.000000000000014,5.551115123125783e-17,-21.14000000000001
15.46900000050664,0.0,-0.0901,0.123,0.2743,-1.2516,2.5176,0.6639230945296406,4.0,-0.52,-19.410000000000004,0.3369,-0.0723,0.3432,-0.3297,-1.289,2.722,0.6607522697795072,3.000000000000014,5.551115123125783e-17,-21.14000000000001
15.484999999403954,0.0,-0.0997,0.128,0.2672,-1.2444,2.5158000000000005,0.6639230945296406,4.0,-0.52,-19.410000000000004,0.3326,-0.0824,0.348,-0.3394,-1.2853,2.7134,0.660813305867094,3.000000000000014,5.551115123125783e-17,-21.14000000000001
15.515999998897314,0.0,-0.1061,0.1296,0.2577,-1.2482,2.5294,0.663801022354467,4.0,-0.52,-19.410000000000004,0.3279,-0.0837,0.3438,-0.3371,-1.2705,2.7096000000000005,0.6608896009765775,3.000000000000014,0.1,-21.14000000000001
15.531999999657272,0.0,-0.0903,0.1203999999999996,0.2746,-1.263,2.5198000000000005,0.6634958419165331,4.0,-0.52,-19.410000000000004,0.3344,-0.0902,0.3409999999999998,-0.3295,-1.2884,2.7172,0.6607675288014039,3.000000000000014,5.551115123125783e-17,-21.14000000000001
15.54700000025332,0.0,-0.1115,0.1326,0.2727,-1.2595,2.5336,0.6634958419165331,4.0,-0.52,-19.410000000000004,0.3291,-0.0844,0.3452,-0.3415,-1.2799,2.7238,0.6607522697795072,3.000000000000014,5.551115123125783e-17,-21.14000000000001
15.562999999150634,0.0,-0.1079,0.1398,0.2738,-1.2511,2.5184000000000006,0.663801022354467,4.0,-0.52,-19.410000000000004,0.3513,-0.0721,0.3548,-0.339,-1.2715,2.7142,0.6607522697795072,3.000000000000014,0.1,-21.14000000000001
15.57799999974668,0.0,-0.0985,0.1124,0.2737,-1.2568,2.5116,0.6634958419165331,4.0,-0.52,-19.410000000000004,0.3369,-0.0922,0.3442,-0.3243,-1.2807,2.7102,0.6607675288014039,3.000000000000014,5.551115123125783e-17,-21.14000000000001
15.59400000050664,0.0,-0.1108,0.1404,0.2617,-1.2567,2.526,0.6634958419165331,4.0,-0.52,-19.410000000000004,0.347,-0.0761,0.3486,-0.3459,-1.2747,2.7132,0.6607980468451973,3.000000000000014,5.551115123125783e-17,-21.14000000000001
15.625,0.0,-0.0912,0.1174,0.2735,-1.2454,2.5288,0.663801022354467,4.0,-0.52,-19.410000000000004,0.3372,-0.0826,0.3548,-0.3219,-1.2919,2.7024000000000004,0.6607980468451973,3.000000000000014,5.551115123125783e-17,-21.14000000000001
15.640999998897314,0.0,-0.09,0.1161999999999996,0.279,-1.2379,2.5172,0.6639841306172274,4.0,-0.52,-19.410000000000004,0.3432,-0.0635,0.3434,-0.3148,-1.2869,2.7118,0.6607980468451973,3.000000000000014,5.551115123125783e-17,-21.14000000000001
15.656999999657272,0.0,-0.118,0.1359999999999998,0.2592,-1.2466,2.5298,0.6640909437705043,4.0,-0.52,-19.410000000000004,0.334,-0.0846,0.3522,-0.3418,-1.2694,2.7083999999999997,0.6607980468451973,3.000000000000014,5.551115123125783e-17,-21.14000000000001
15.687999999150634,0.0,-0.0856,0.1267999999999996,0.2689,-1.2432,2.5236,0.6639841306172274,4.0,-0.52,-19.410000000000004,0.339,-0.1016,0.3444,-0.3196,-1.2999,2.7222000000000004,0.6607980468451973,3.000000000000014,5.551115123125783e-17,-21.14000000000001
15.70299999974668,0.0,-0.0999,0.1272,0.2614,-1.258,2.514,0.6639841306172274,4.0,-0.52,-19.410000000000004,0.3438,-0.0819,0.3468,-0.3284,-1.2791,2.7128,0.6607980468451973,3.000000000000014,5.551115123125783e-17,-21.14000000000001
15.71900000050664,0.0,-0.1095,0.1369999999999996,0.2579,-1.2463,2.525,0.6640909437705043,4.0,-0.52,-19.410000000000004,0.3429,-0.0812,0.3488,-0.334,-1.2787,2.7118,0.6607980468451973,3.000000000000014,0.1,-21.14000000000001
15.734999999403954,0.0,-0.0898,0.1216,0.2761,-1.251,2.5116,0.6640909437705043,4.0,-0.52,-19.410000000000004,0.3403,-0.0857,0.3402,-0.3185,-1.2823,2.707,0.6609658960860609,3.000000000000014,5.551115123125783e-17,-21.14000000000001
15.75,0.0,-0.101,0.1361999999999996,0.2564,-1.2568,2.5194,0.6641367208361943,4.0,-0.52,-19.410000000000004,0.3376,-0.086,0.3446,-0.3389,-1.2873,2.7166,0.6609658960860609,3.000000000000014,5.551115123125783e-17,-21.14000000000001
15.765999998897314,0.0,-0.1027,0.1293999999999996,0.2695,-1.2259,2.5294,0.6644113832303349,4.0,-0.52,-19.410000000000004,0.3318,-0.0829,0.3576,-0.3313,-1.2704,2.7132,0.6608285648889907,3.000000000000014,0.1,-21.14000000000001
15.79700000025332,0.0,-0.0869,0.1225999999999996,0.2683,-1.2512,2.5066,0.6645944914930952,4.0,-0.52,-19.410000000000004,0.3419,-0.0819,0.3488,-0.3238,-1.2886,2.7114,0.6609658960860609,3.000000000000014,5.551115123125783e-17,-21.14000000000001
15.812999999150634,0.0,-0.1084,0.1236,0.2693,-1.2438,2.5238,0.6645944914930952,4.0,-0.52,-19.410000000000004,0.3544,-0.0828,0.3432,-0.3317,-1.2794,2.716,0.6612252994583048,3.000000000000014,5.551115123125783e-17,-21.14000000000001
15.82799999974668,0.0,-0.1082,0.1313999999999996,0.2557,-1.2421,2.5194,0.6646250095368886,4.0,-0.52,-19.31000000000001,0.3265,-0.094,0.3502,-0.3227,-1.2853,2.7094,0.6612252994583048,3.000000000000014,0.1,-21.14000000000001
15.859999999403954,0.0,-0.0946,0.1223999999999998,0.2756,-1.2475,2.519,0.6645944914930952,4.0,-0.52,-19.31000000000001,0.3372,-0.0798,0.3432,-0.3165,-1.2813,2.7256,0.6609658960860609,3.000000000000014,5.551115123125783e-17,-21.14000000000001
15.875,0.0,-0.0968,0.1218,0.2633,-1.2481,2.5106,0.6646250095368886,4.0,-0.52,-19.31000000000001,0.3435,-0.0763,0.3474,-0.3294,-1.2956,2.709,0.6609658960860609,3.000000000000014,5.551115123125783e-17,-21.14000000000001
15.890999998897314,0.0,-0.1192,0.1398,0.2624,-1.2516,2.5206,0.664808117799649,4.0,-0.52,-19.31000000000001,0.3398,-0.0905,0.3448,-0.3488,-1.2762,2.7092000000000005,0.6609658960860609,3.000000000000014,0.1,-21.14000000000001
15.906999999657272,0.0,-0.1056,0.13,0.2643,-1.2457,2.5308,0.6647013046463721,4.0,-0.52,-19.31000000000001,0.3372,-0.0788,0.3546,-0.334,-1.286,2.716,0.6610269321736477,3.000000000000014,5.551115123125783e-17,-21.14000000000001
15.92200000025332,0.0,-0.0982,0.1218,0.2681,-1.2578,2.5182,0.6645944914930952,4.0,-0.52,-19.31000000000001,0.3333,-0.0808,0.344,-0.3261,-1.2749,2.7260000000000004,0.6610269321736477,3.000000000000014,5.551115123125783e-17,-21.14000000000001
15.937999999150634,0.0,-0.12,0.1361999999999996,0.2548,-1.2478,2.5238,0.6647013046463721,4.0,-0.52,-19.31000000000001,0.3518,-0.0823,0.3517999999999998,-0.341,-1.2636,2.7154,0.6610269321736477,3.000000000000014,5.551115123125783e-17,-21.14000000000001
15.96900000050664,0.0,-0.0979,0.1302,0.2713,-1.2438,2.522,0.6645944914930952,4.0,-0.52,-19.31000000000001,0.3479,-0.0804,0.3488,-0.3316,-1.2737,2.7174,0.6611184863050279,3.000000000000014,5.551115123125783e-17,-21.14000000000001
15.984999999403954,0.0,-0.0974,0.1303999999999996,0.2666,-1.2563,2.5142,0.6644876783398184,4.0,-0.52,-19.31000000000001,0.3441,-0.0749,0.3403999999999998,-0.3337,-1.2771,2.7184000000000004,0.6611337453269246,3.000000000000014,5.551115123125783e-17,-21.14000000000001
16.0,0.0,-0.1186,0.1376,0.2644,-1.2544,2.5272,0.6639841306172274,4.0,-0.52,-19.31000000000001,0.3438,-0.0733,0.3464,-0.3346,-1.2932,2.7124,0.6614084077210651,3.000000000000014,0.1,-21.14000000000001
16.031999999657273,0.0,-0.0966,0.1272,0.2797,-1.2409,2.5320000000000005,0.6639841306172274,4.0,-0.52,-19.31000000000001,0.3384,-0.0971,0.353,-0.3176,-1.2884,2.7096000000000005,0.6611337453269246,3.000000000000014,5.551115123125783e-17,-21.14000000000001
16.04700000025332,0.0,-0.0936,0.1223999999999998,0.2602,-1.2543,2.5194,0.6639841306172274,4.0,-0.52,-19.410000000000004,0.3343,-0.0783,0.3492,-0.3246,-1.2743,2.7212,0.6611337453269246,3.000000000000014,5.551115123125783e-17,-21.14000000000001
16.062999999150634,0.0,-0.1093,0.1383999999999996,0.248,-1.2533,2.5252,0.6640451667048142,4.0,-0.52,-19.410000000000004,0.3344,-0.0815,0.3585999999999998,-0.3426,-1.2792,2.7036,0.6611337453269246,3.000000000000014,5.551115123125783e-17,-21.14000000000001
16.07799999974668,0.0,-0.0948,0.1146,0.2737,-1.2437,2.5168000000000004,0.6640451667048142,4.0,-0.52,-19.410000000000004,0.3431,-0.0694,0.3499999999999998,-0.3332,-1.2812,2.7102,0.6612100404364081,3.000000000000014,5.551115123125783e-17,-21.14000000000001
16.09400000050664,0.0,-0.1176,0.1323999999999996,0.2466,-1.2586,2.5228,0.6640451667048142,4.0,-0.52,-19.410000000000004,0.3321,-0.0907,0.3524,-0.339,-1.2737,2.7056,0.6612100404364081,3.000000000000014,5.551115123125783e-17,-21.14000000000001
16.109999999403954,0.0,-0.106,0.1322,0.2618,-1.2447,2.527,0.6640451667048142,4.0,-0.52,-19.410000000000004,0.3408,-0.0842,0.349,-0.3319,-1.2855,2.7128,0.6612100404364081,3.000000000000014,5.551115123125783e-17,-21.14000000000001
16.140999998897314,0.0,-0.092,0.1216,0.2693,-1.2562,2.5168000000000004,0.6643198290989547,4.0,-0.52,-19.410000000000004,0.3436,-0.074,0.348,-0.3323,-1.287,2.7204,0.6612100404364081,3.000000000000014,5.551115123125783e-17,-21.14000000000001
16.156999999657273,0.0,-0.0944,0.1394,0.256,-1.2476,2.5276,0.6644266422522316,4.0,-0.52,-19.410000000000004,0.3361,-0.0819,0.3524,-0.3353,-1.263,2.7072,0.6612558175020982,3.000000000000014,0.1,-21.14000000000001
16.17200000025332,0.0,-0.1001,0.132,0.2684,-1.2373,2.5352,0.6645639734493018,4.0,-0.52,-19.410000000000004,0.3478,-0.0761,0.3532,-0.3272,-1.2874,2.7034,0.6612558175020982,3.000000000000014,5.551115123125783e-17,-21.14000000000001
16.187999999150634,0.0,-0.1,0.1147999999999996,0.2743,-1.248,2.5142,0.6645639734493018,4.0,-0.52,-19.410000000000004,0.3324,-0.07,0.3468,-0.3283,-1.2815,2.7053999999999996,0.6611795223926147,3.000000000000014,5.551115123125783e-17,-21.14000000000001
16.21900000050664,0.0,-0.119,0.1312,0.2643,-1.2457,2.5226,0.6645639734493018,4.0,-0.52,-19.410000000000004,0.3421,-0.0878,0.3504,-0.3409,-1.2703,2.7128,0.6611795223926147,3.000000000000014,5.551115123125783e-17,-21.14000000000001
16.234999999403954,0.0,-0.119,0.1293999999999996,0.2606,-1.241,2.5296,0.6645639734493018,4.0,-0.52,-19.410000000000004,0.3513,-0.0862,0.3352,-0.3177,-1.2937,2.7132,0.6612558175020982,3.000000000000014,5.551115123125783e-17,-21.14000000000001
16.25,0.0,-0.0898,0.1155999999999996,0.2665,-1.2555,2.5086,0.6644266422522316,4.0,-0.52,-19.31000000000001,0.3474,-0.0801,0.344,-0.324,-1.284,2.7078,0.6611337453269246,3.000000000000014,5.551115123125783e-17,-21.14000000000001
16.265999998897314,0.0,-0.1117,0.1345999999999996,0.2581,-1.2493,2.522,0.6645639734493018,4.0,-0.52,-19.31000000000001,0.3441,-0.0802,0.3562,-0.3333,-1.2614,2.712,0.6610879682612345,3.000000000000014,5.551115123125783e-17,-21.14000000000001
16.281999999657273,0.0,-0.1117,0.1312,0.2713,-1.2441,2.5352,0.6647013046463721,4.0,-0.52,-19.31000000000001,0.3433,-0.0892,0.3446,-0.319,-1.2849,2.7098,0.6610879682612345,3.000000000000014,5.551115123125783e-17,-21.14000000000001
16.312999999150634,0.0,-0.0889,0.1237999999999996,0.2741,-1.2522,2.5168000000000004,0.6648538948653391,4.0,-0.52,-19.31000000000001,0.3319,-0.0938,0.3515999999999998,-0.3403,-1.2703,2.7064,0.6611337453269246,3.000000000000014,5.551115123125783e-17,-21.14000000000001
16.32799999974668,0.0,-0.1216,0.1379999999999998,0.2577,-1.251,2.5224,0.6646402685587853,4.0,-0.52,-19.31000000000001,0.3397,-0.085,0.3514,-0.3266,-1.2759,2.701,0.6616983291371024,3.000000000000014,5.551115123125783e-17,-21.14000000000001
16.34400000050664,0.0,-0.0865,0.1219999999999996,0.273,-1.2504,2.5192,0.6646402685587853,4.0,-0.52,-19.31000000000001,0.3447,-0.075,0.3412,-0.3339,-1.29,2.7204,0.6614084077210651,3.000000000000014,5.551115123125783e-17,-21.14000000000001
16.359999999403954,0.0,-0.1059,0.1328,0.2691,-1.259,2.5272,0.6649149309529259,4.0,-0.52,-19.31000000000001,0.3509,-0.0761,0.3636,-0.3287,-1.2689,2.7076,0.6614084077210651,3.000000000000014,5.551115123125783e-17,-21.14000000000001
16.390999998897314,0.0,-0.107,0.1435999999999996,0.27,-1.2306,2.5304,0.6649149309529259,4.0,-0.52,-19.410000000000004,0.3454,-0.0782,0.353,-0.326,-1.2808,2.7134,0.6614084077210651,3.000000000000014,5.551115123125783e-17,-21.14000000000001
16.390999998897314,0.0,-0.0965,0.1247999999999996,0.2616,-1.2487,2.5216,0.664960708018616,4.0,-0.52,-19.410000000000004,0.3505,-0.0809,0.355,-0.333,-1.2886,2.7078,0.6614084077210651,3.000000000000014,5.551115123125783e-17,-21.14000000000001
16.42200000025332,0.0,-0.1003,0.1333999999999996,0.266,-1.2505,2.5152,0.664960708018616,4.0,-0.52,-19.410000000000004,0.3415,-0.083,0.3591999999999998,-0.3359,-1.2719,2.698,0.661316853589685,3.000000000000014,5.551115123125783e-17,-21.14000000000001
16.437999999150634,0.0,-0.1244,0.1378,0.2645,-1.2272,2.5368,0.664960708018616,4.0,-0.52,-19.410000000000004,0.3423,-0.0787,0.3574,-0.3234,-1.2955,2.714,0.661316853589685,3.000000000000014,5.551115123125783e-17,-21.14000000000001
16.45299999974668,0.0,-0.1073,0.1211999999999996,0.2519,-1.2533,2.5222000000000007,0.6649759670405126,4.0,-0.52,-19.410000000000004,0.3392,-0.0832,0.3537999999999998,-0.3246,-1.2918,2.7205999999999997,0.661316853589685,3.000000000000014,5.551115123125783e-17,-21.14000000000001
16.484999999403954,0.0,-0.0961,0.128,0.2616,-1.2523,2.5136,0.664960708018616,4.0,-0.52,-19.410000000000004,0.3351,-0.0825,0.3395999999999998,-0.3392,-1.2729,2.7096000000000005,0.661316853589685,3.000000000000014,5.551115123125783e-17,-21.14000000000001
16.5,0.0,-0.1153,0.1257999999999996,0.2538,-1.2473,2.5348,0.6648386358434424,4.0,-0.52,-19.410000000000004,0.336,-0.0764,0.3428,-0.3305,-1.2921,2.7178,0.6610421911955444,3.000000000000014,5.551115123125783e-17,-21.14000000000001
16.515999998897314,0.0,-0.0916,0.1203999999999996,0.265,-1.255,2.5122,0.6649759670405126,4.0,-0.52,-19.410000000000004,0.3434,-0.0789,0.3524,-0.3307,-1.287,2.7175999999999996,0.6610421911955444,3.000000000000014,5.551115123125783e-17,-21.14000000000001
16.531999999657273,0.0,-0.1082,0.1408,0.2716,-1.2438,2.5248,0.6652201113908598,4.0,-0.52,-19.410000000000004,0.3432,-0.0823,0.3506,-0.3288,-1.2809,2.6918,0.6617746242465858,3.000000000000014,5.551115123125783e-17,-21.14000000000001
16.562999999150634,0.0,-0.1136,0.1418,0.2606,-1.2522,2.5362,0.6648386358434424,4.0,-0.52,-19.410000000000004,0.3365,-0.0913,0.3546,-0.3212,-1.2836,2.7178,0.6617746242465858,3.000000000000014,5.551115123125783e-17,-21.14000000000001
16.562999999150634,0.0,-0.1027,0.1219999999999996,0.2743,-1.2387,2.527,0.664808117799649,4.0,-0.52,-19.410000000000004,0.334,-0.0897,0.3508,-0.3311,-1.2787,2.7132,0.6614389257648585,3.000000000000014,5.551115123125783e-17,-21.14000000000001
16.59400000050664,0.0,-0.1203,0.1389999999999998,0.2554,-1.2455,2.525399999999999,0.664808117799649,4.0,-0.52,-19.410000000000004,0.3456,-0.071,0.3494,-0.3202,-1.2751,2.7092000000000005,0.6614389257648585,3.000000000000014,5.551115123125783e-17,-21.14000000000001
16.609999999403954,0.0,-0.1105,0.1277999999999996,0.2645,-1.2434,2.5232,0.6648386358434424,4.0,-0.52,-19.410000000000004,0.3446,-0.0844,0.3488,-0.3245,-1.2915,2.7134,0.6614389257648585,3.000000000000014,5.551115123125783e-17,-21.14000000000001
16.625,0.0,-0.1046,0.1318,0.2621,-1.2519,2.5222000000000007,0.664808117799649,4.0,-0.52,-19.31000000000001,0.3465,-0.0856,0.3605999999999998,-0.3449,-1.2695,2.7026,0.6614389257648585,3.000000000000014,5.551115123125783e-17,-21.14000000000001
16.656999999657273,0.0,-0.1181,0.1451999999999996,0.2656,-1.2422,2.5372,0.664808117799649,4.0,-0.52,-19.31000000000001,0.3465,-0.0857,0.3432,-0.317,-1.2932,2.716,0.6614389257648585,3.000000000000014,5.551115123125783e-17,-21.14000000000001
16.67200000025332,0.0,-0.0897,0.1312,0.2602,-1.2415,2.5182,0.664808117799649,4.0,-0.52,-19.31000000000001,0.3351,-0.0804,0.3508,-0.3361,-1.287,2.7166,0.6614389257648585,3.000000000000014,5.551115123125783e-17,-21.14000000000001
16.687999999150634,0.0,-0.106,0.1389999999999998,0.2525,-1.2478,2.524,0.664808117799649,4.0,-0.52,-19.31000000000001,0.3373,-0.0826,0.3554,-0.3341,-1.2681,2.704,0.6614389257648585,3.000000000000014,5.551115123125783e-17,-21.14000000000001
16.70299999974668,0.0,-0.1133,0.1344,0.2708,-1.2423,2.5374,0.6648386358434424,4.0,-0.52,-19.31000000000001,0.3309,-0.0904,0.3478,-0.3107,-1.2872,2.72,0.6614389257648585,3.000000000000014,5.551115123125783e-17,-21.14000000000001
16.734999999403954,0.0,-0.0987,0.1231999999999998,0.2666,-1.2439,2.5198000000000005,0.6648386358434424,4.0,-0.52,-19.31000000000001,0.3276,-0.0837,0.3506,-0.3361,-1.2693,2.7053999999999996,0.661316853589685,3.000000000000014,5.551115123125783e-17,-21.14000000000001
16.75,0.0,-0.1131,0.1404,0.2542,-1.2453,2.5248,0.6648386358434424,4.0,-0.52,-19.31000000000001,0.3439,-0.0775,0.3389999999999998,-0.3259,-1.2763,2.7102,0.661316853589685,3.000000000000014,5.551115123125783e-17,-21.14000000000001
16.765999998897314,0.0,-0.0971,0.1459999999999998,0.2504,-1.2551,2.5172,0.6649759670405126,4.0,-0.52,-19.31000000000001,0.3529,-0.0795,0.351,-0.322,-1.294,2.7138000000000004,0.661316853589685,3.000000000000014,5.551115123125783e-17,-21.14000000000001
16.781999999657273,0.0,-0.0954,0.1237999999999996,0.2644,-1.2533,2.5274,0.6648386358434424,4.0,-0.52,-19.410000000000004,0.3349,-0.0772,0.3468,-0.3303,-1.282,2.7094,0.6614389257648585,3.000000000000014,5.551115123125783e-17,-21.14000000000001
16.79700000025332,0.0,-0.1101,0.1383999999999996,0.2626,-1.244,2.5294,0.6647165636682688,4.0,-0.52,-19.410000000000004,0.3444,-0.0735,0.3488,-0.3198,-1.2871,2.7118,0.661362630655375,3.000000000000014,5.551115123125783e-17,-21.14000000000001
16.82799999974668,0.0,-0.1057,0.1307999999999998,0.2659,-1.2453,2.5284,0.6648386358434424,4.0,-0.52,-19.410000000000004,0.3313,-0.0792,0.356,-0.3358,-1.2874,2.7156,0.661362630655375,3.000000000000014,5.551115123125783e-17,-21.14000000000001
16.84400000050664,0.0,-0.1069,0.1253999999999998,0.2628,-1.2513,2.516,0.6647165636682688,4.0,-0.52,-19.410000000000004,0.3527,-0.0726,0.3552,-0.3362,-1.2645,2.7146000000000003,0.6614389257648585,3.000000000000014,5.551115123125783e-17,-21.14000000000001
16.859999999403954,0.0,-0.114,0.1428,0.2471,-1.2531,2.5274,0.6645944914930952,4.0,-0.52,-19.410000000000004,0.345,-0.0811,0.3464,-0.3261,-1.293,2.7214000000000005,0.6614389257648585,3.000000000000014,5.551115123125783e-17,-21.14000000000001
16.875,0.0,-0.1028,0.132,0.2557,-1.2527,2.5246,0.6645944914930952,4.0,-0.52,-19.410000000000004,0.3395,-0.0889,0.3555999999999998,-0.3215,-1.2886,2.711,0.6614236667429618,3.000000000000014,5.551115123125783e-17,-21.14000000000001
16.906999999657273,0.0,-0.1026,0.1303999999999996,0.2752,-1.2434,2.5154,0.6645944914930952,4.0,-0.52,-19.410000000000004,0.3419,-0.0699,0.3486,-0.3354,-1.2885,2.7002,0.6614236667429618,3.000000000000014,5.551115123125783e-17,-21.14000000000001
16.92200000025332,0.0,-0.124,0.1414,0.254,-1.2523,2.5372,0.6644113832303349,4.0,-0.52,-19.410000000000004,0.3368,-0.0903,0.3524,-0.3094,-1.2941,2.709,0.6614236667429618,3.000000000000014,5.551115123125783e-17,-21.14000000000001
16.937999999150634,0.0,-0.1047,0.1383999999999996,0.27,-1.2495,2.5232,0.6645181963836118,4.0,-0.52,-19.410000000000004,0.3337,-0.0897,0.3526,-0.3359,-1.286,2.7102,0.6614694438086519,3.000000000000014,5.551115123125783e-17,-21.14000000000001
16.95299999974668,0.0,-0.1021,0.1262,0.2525,-1.2514,2.5166,0.6645181963836118,4.0,-0.52,-19.410000000000004,0.3518,-0.0807,0.3622,-0.3195,-1.2776,2.717,0.6614236667429618,3.000000000000014,5.551115123125783e-17,-21.14000000000001
16.96900000050664,0.0,-0.1216,0.1323999999999996,0.2591,-1.2458,2.5262,0.6645181963836118,4.0,-0.52,-19.410000000000004,0.3347,-0.0794,0.353,-0.3151,-1.2794,2.7172,0.6614236667429618,3.000000000000014,5.551115123125783e-17,-21.14000000000001
17.0,0.0,-0.1091,0.1418,0.2602,-1.2488,2.5322,0.6650675211718928,4.0,-0.52,-19.410000000000004,0.345,-0.0776,0.3454,-0.3338,-1.2799,2.7188,0.6614694438086519,3.000000000000014,5.551115123125783e-17,-21.14000000000001
17.015999998897314,0.0,-0.1076,0.1244,0.2655,-1.2388,2.521,0.6650675211718928,4.0,-0.52,-19.410000000000004,0.3393,-0.0792,0.348,-0.3279,-1.2771,2.7132,0.6618509193560693,3.000000000000014,5.551115123125783e-17,-21.14000000000001
17.031999999657273,0.0,-0.0978,0.131,0.2639,-1.2519,2.524,0.665159075303273,4.0,-0.52,-19.31000000000001,0.341,-0.0833,0.3622,-0.3329,-1.2727,2.707,0.6618509193560693,3.000000000000014,0.1,-21.14000000000001
17.04700000025332,0.0,-0.112,0.1423999999999996,0.2614,-1.2368,2.5356,0.665159075303273,4.0,-0.52,-19.31000000000001,0.3329,-0.0877,0.3535999999999998,-0.3213,-1.2937,2.7074,0.6618051422903792,3.000000000000014,5.551115123125783e-17,-21.14000000000001
17.07799999974668,0.0,-0.1146,0.1459999999999998,0.2479,-1.2498,2.5276,0.665159075303273,4.0,-0.52,-19.31000000000001,0.3267,-0.0982,0.3522,-0.3233,-1.2773,2.7094,0.6618051422903792,3.000000000000014,5.551115123125783e-17,-21.14000000000001
17.07799999974668,0.0,-0.1007,0.1313999999999996,0.2642,-1.2509,2.5292,0.665159075303273,4.0,-0.52,-19.31000000000001,0.3425,-0.0831,0.3528,-0.3297,-1.2697,2.7028,0.6618051422903792,3.000000000000014,0.1,-21.14000000000001
17.109999999403954,0.0,-0.1082,0.1285999999999996,0.2618,-1.2584,2.5182,0.6651895933470664,4.0,-0.52,-19.31000000000001,0.3402,-0.0743,0.3584,-0.3196,-1.2777,2.7096000000000005,0.6613931486991684,3.000000000000014,5.551115123125783e-17,-21.14000000000001
17.125,0.0,-0.1285,0.1418,0.2637,-1.2472,2.5372,0.6673868925001907,4.0,-0.52,-19.31000000000001,0.3421,-0.0813,0.3475999999999998,-0.3098,-1.287,2.710600000000001,0.6613931486991684,3.000000000000014,5.551115123125783e-17,-21.14000000000001
17.140999998897314,0.0,-0.1157,0.1411999999999996,0.2642,-1.2415,2.5396,0.6673868925001907,4.0,-0.42,-19.31000000000001,0.3348,-0.0843,0.352,-0.3295,-1.2848,2.7112,0.6613931486991684,3.000000000000014,5.551115123125783e-17,-21.14000000000001
17.17200000025332,0.0,-0.1137,0.1388,0.2625,-1.2467,2.5306,0.6673868925001907,4.0,-0.42,-19.31000000000001,0.3353,-0.0908,0.3506,-0.3328,-1.2876,2.7151999999999994,0.6613931486991684,3.000000000000014,5.551115123125783e-17,-21.14000000000001
17.187999999150634,0.0,-0.1033,0.1316,0.262,-1.2479,2.525399999999999,0.6676462958724345,4.0,-0.42,-19.31000000000001,0.3412,-0.0802,0.3492,-0.3335,-1.2777,2.7226,0.6613931486991684,3.000000000000014,0.1,-21.14000000000001
17.20299999974668,0.0,-0.1053,0.1257999999999996,0.2727,-1.2507,2.5256,0.6686991683833066,4.0,-0.52,-19.31000000000001,0.3409,-0.0755,0.3565999999999998,-0.3184,-1.2779,2.7032,0.6621103227283132,3.000000000000014,0.1,-21.14000000000001
17.21900000050664,0.0,-0.0986,0.1296,0.2519,-1.2457,2.517,0.6686991683833066,4.0,-0.52,-19.31000000000001,0.3372,-0.0919,0.3486,-0.3181,-1.2774,2.7116,0.6621103227283132,3.000000000000014,0.1,-21.14000000000001
17.234999999403954,0.0,-0.1132,0.1385999999999996,0.2617,-1.2481,2.5314,0.6686991683833066,4.0,-0.42,-19.31000000000001,0.3321,-0.0752,0.3448,-0.313,-1.2847,2.7138000000000004,0.6621103227283132,3.000000000000014,5.551115123125783e-17,-21.14000000000001
17.265999998897314,0.0,-0.1044,0.132,0.2609,-1.243,2.5212,0.6666392004272526,4.0,-0.42,-19.31000000000001,0.3512,-0.0817,0.3515999999999998,-0.3056,-1.2914,2.7088,0.6620645456626231,3.000000000000014,5.551115123125783e-17,-21.14000000000001
17.281999999657273,0.0,-0.1201,0.1529999999999996,0.2575,-1.2497,2.53,0.6666392004272526,4.0,-0.42,-19.31000000000001,0.3422,-0.0765,0.3482,-0.3245,-1.2774,2.716800000000001,0.6618509193560693,3.000000000000014,5.551115123125783e-17,-21.14000000000001
17.29700000025332,0.0,-0.1196,0.1468,0.2607,-1.2391,2.5262,0.6659372854200045,4.0,-0.42,-19.31000000000001,0.3316,-0.0862,0.347,-0.3233,-1.281,2.7026,0.6618509193560693,3.000000000000014,5.551115123125783e-17,-21.14000000000001
17.312999999150634,0.0,-0.0956,0.1359999999999998,0.271,-1.2465,2.5108,0.6656931410696574,4.0,-0.42,-19.31000000000001,0.3458,-0.0736,0.3459999999999998,-0.3362,-1.2705,2.7122000000000006,0.6616830701152057,3.000000000000014,5.551115123125783e-17,-21.14000000000001
17.34400000050664,0.0,-0.1107,0.1348,0.2602,-1.2565,2.5154,0.6653879606317235,4.0,-0.42,-19.31000000000001,0.3363,-0.0915,0.3514,-0.3157,-1.2939,2.7086,0.6615915159838255,3.000000000000014,5.551115123125783e-17,-21.14000000000001
17.359999999403954,0.0,-0.1099,0.132,0.2624,-1.2389,2.5346,0.6653879606317235,4.0,-0.42,-19.31000000000001,0.345,-0.0896,0.3475999999999998,-0.3212,-1.2949,2.7096000000000005,0.661515220874342,3.000000000000014,5.551115123125783e-17,-21.14000000000001
17.375,0.0,-0.1157,0.1447999999999996,0.2662,-1.2485,2.5328,0.6653879606317235,4.0,-0.42,-19.31000000000001,0.3408,-0.0822,0.3494,-0.3122,-1.274,2.7096000000000005,0.6614389257648585,3.000000000000014,5.551115123125783e-17,-21.14000000000001
17.390999998897314,0.0,-0.1221,0.1326,0.2687,-1.2371,2.5304,0.6656931410696574,4.0,-0.42,-19.31000000000001,0.3452,-0.0851,0.3504,-0.3178,-1.2767,2.716800000000001,0.6614389257648585,3.000000000000014,5.551115123125783e-17,-21.14000000000001
17.406999999657273,0.0,-0.1107,0.1293999999999996,0.2531,-1.2506,2.5296,0.6656931410696574,4.0,-0.42,-19.31000000000001,0.3297,-0.0828,0.3448,-0.329,-1.2666,2.7154,0.6614389257648585,3.000000000000014,0.1,-21.14000000000001
17.42200000025332,0.0,-0.0925,0.1208,0.2674,-1.2489,2.5302,0.6660898756389715,4.0,-0.42,-19.31000000000001,0.3455,-0.0966,0.3605999999999998,-0.3261,-1.2787,2.712,0.6614389257648585,3.000000000000014,5.551115123125783e-17,-21.14000000000001
17.45299999974668,0.0,-0.1055,0.1338,0.2573,-1.2528,2.5238,0.6660898756389715,4.0,-0.42,-19.31000000000001,0.3407,-0.0863,0.3424,-0.3153,-1.2747,2.7124,0.6614389257648585,3.000000000000014,5.551115123125783e-17,-21.14000000000001
17.46900000050664,0.0,-0.1221,0.1504,0.2587,-1.2375,2.5376,0.6660898756389715,4.0,-0.42,-19.31000000000001,0.3423,-0.0795,0.3459999999999998,-0.3163,-1.2717,2.709,0.6615762569619288,3.000000000000014,5.551115123125783e-17,-21.14000000000001
17.484999999403954,0.0,-0.1262,0.1504,0.2606,-1.2458,2.5288,0.6658304722667276,4.0,-0.42,-19.31000000000001,0.3316,-0.0777,0.344,-0.3176,-1.2857,2.712,0.661713588158999,3.000000000000014,5.551115123125783e-17,-21.14000000000001
17.5,0.0,-0.1156,0.1333999999999996,0.2622,-1.2535,2.5324,0.6658304722667276,4.0,-0.42,-19.31000000000001,0.3409,-0.0858,0.3497999999999998,-0.3359,-1.2725,2.7128,0.6620798046845198,3.000000000000014,5.551115123125783e-17,-21.14000000000001
17.531999999657273,0.0,-0.1122,0.1322,0.2644,-1.252,2.526,0.6652506294346532,4.0,-0.42,-19.31000000000001,0.337,-0.089,0.3554,-0.3332,-1.2686,2.7083999999999997,0.6621866178377966,3.000000000000014,5.551115123125783e-17,-21.14000000000001
17.54700000025332,0.0,-0.1054,0.1312,0.2624,-1.2384,2.5228,0.6652353704127565,4.0,-0.42,-19.31000000000001,0.337,-0.0783,0.3446,-0.3195,-1.2702,2.7104,0.6621866178377966,3.000000000000014,0.1,-21.14000000000001
17.562999999150634,0.0,-0.0974,0.1361999999999996,0.2672,-1.2506,2.5168000000000004,0.6652353704127565,4.0,-0.52,-19.31000000000001,0.3408,-0.0729,0.3488,-0.3312,-1.2803,2.7068,0.6621866178377966,3.000000000000014,0.1,-21.14000000000001
17.57799999974668,0.0,-0.109,0.1359999999999998,0.2552,-1.2502,2.525399999999999,0.6652353704127565,4.0,-0.52,-19.31000000000001,0.3438,-0.0854,0.342,-0.3233,-1.2817,2.7132,0.6621866178377966,3.000000000000014,0.1,-21.14000000000001
17.59400000050664,0.0,-0.1039,0.1267999999999996,0.2465,-1.2488,2.520800000000001,0.6654489967193102,4.0,-0.52,-19.31000000000001,0.344,-0.0803,0.3555999999999998,-0.3261,-1.2833,2.7202,0.6620950637064165,3.000000000000014,5.551115123125783e-17,-21.04000000000002
17.625,0.0,-0.1099,0.1406,0.2687,-1.2339,2.5306,0.6654489967193102,4.0,-0.42,-19.31000000000001,0.3444,-0.0832,0.3478,-0.3342,-1.2834,2.7154,0.6620492866407264,3.000000000000014,5.551115123125783e-17,-21.04000000000002
17.640999998897314,0.0,-0.1143,0.134,0.2535,-1.2564,2.5162,0.6654489967193102,4.0,-0.42,-19.31000000000001,0.3502,-0.0879,0.348,-0.3314,-1.2729,2.7175999999999996,0.6620492866407264,3.000000000000014,5.551115123125783e-17,-21.04000000000002
17.656999999657273,0.0,-0.1197,0.1394,0.2522,-1.2426,2.5354,0.6656778820477607,4.0,-0.42,-19.31000000000001,0.3474,-0.0974,0.3662,-0.3165,-1.2827,2.7142,0.6620492866407264,3.000000000000014,5.551115123125783e-17,-21.04000000000002
17.67200000025332,0.0,-0.1159,0.1529999999999996,0.2528,-1.2434,2.5324,0.6657541771572442,4.0,-0.32,-19.31000000000001,0.3446,-0.086,0.353,-0.3229,-1.2728,2.7148,0.6620950637064165,3.000000000000014,5.551115123125783e-17,-21.04000000000002
17.687999999150634,0.0,-0.1015,0.133,0.2653,-1.2373,2.5266,0.665815213244831,4.0,-0.42,-19.31000000000001,0.3414,-0.0878,0.3462,-0.3287,-1.2771,2.701,0.6620492866407264,3.000000000000014,0.1,-21.04000000000002
17.70299999974668,0.0,-0.0942,0.1239999999999996,0.2621,-1.2364,2.5144,0.6657541771572442,4.0,-0.42,-19.31000000000001,0.3395,-0.0854,0.3512,-0.3106,-1.29,2.7034,0.6620340276188297,3.000000000000014,0.1,-21.04000000000002
17.734999999403954,0.0,-0.1086,0.1361999999999996,0.2558,-1.2404,2.5174,0.6657541771572442,4.0,-0.42,-19.31000000000001,0.35,-0.0866,0.3535999999999998,-0.3155,-1.3015,2.7162,0.6620340276188297,3.000000000000014,5.551115123125783e-17,-21.04000000000002
17.75,0.0,-0.1287,0.1418,0.2569,-1.245,2.53,0.665860990310521,4.0,-0.42,-19.31000000000001,0.3395,-0.0886,0.3484,-0.3214,-1.2826,2.704,0.6617441062027924,3.000000000000014,5.551115123125783e-17,-21.04000000000002
17.765999998897314,0.0,-0.1111,0.1328,0.2664,-1.2472,2.5288,0.665860990310521,4.0,-0.42,-19.31000000000001,0.3396,-0.0899,0.3564,-0.3248,-1.2747,2.7094,0.6612863355458916,3.000000000000014,0.1,-21.04000000000002
17.79700000025332,0.0,-0.1056,0.1293999999999996,0.2648,-1.2512,2.525399999999999,0.665860990310521,4.0,-0.42,-19.31000000000001,0.3353,-0.0869,0.3495999999999998,-0.3105,-1.2748,2.7122000000000006,0.6612863355458916,3.000000000000014,0.1,-21.04000000000002
17.812999999150634,0.0,-0.0997,0.1357999999999996,0.2544,-1.2564,2.5154,0.665860990310521,4.0,-0.42,-19.31000000000001,0.3478,-0.0834,0.3472,-0.3252,-1.2805,2.7096000000000005,0.6612863355458916,3.000000000000014,0.1,-21.04000000000002
17.82799999974668,0.0,-0.1053,0.1404,0.2449,-1.2508,2.5198000000000005,0.665860990310521,4.0,-0.42,-19.31000000000001,0.3434,-0.0744,0.3432,-0.3339,-1.2751,2.7236,0.6612863355458916,3.000000000000014,5.551115123125783e-17,-21.04000000000002
17.84400000050664,0.0,-0.1048,0.135,0.2522,-1.2484,2.5318,0.666013580529488,4.0,-0.42,-19.31000000000001,0.3328,-0.0912,0.3497999999999998,-0.3129,-1.2816,2.7112,0.6612863355458916,3.000000000000014,5.551115123125783e-17,-21.04000000000002
17.859999999403954,0.0,-0.1298,0.1369999999999996,0.264,-1.2378,2.5338,0.6667917906462195,4.0,-0.42,-19.31000000000001,0.3402,-0.078,0.3462,-0.3207,-1.2881,2.717,0.6614847028305486,3.000000000000014,5.551115123125783e-17,-21.04000000000002
17.875,0.0,-0.1206,0.1494,0.2534,-1.2479,2.5218,0.6673411154345006,4.0,-0.42,-19.31000000000001,0.3361,-0.086,0.3554,-0.3215,-1.2694,2.6992,0.6614847028305486,3.000000000000014,0.1,-21.04000000000002
17.906999999657273,0.0,-0.11,0.1379999999999998,0.2676,-1.2352,2.5228,0.6674021515220874,4.0,-0.42,-19.31000000000001,0.3412,-0.0807,0.352,-0.3399,-1.2812,2.7062000000000004,0.6616067750057222,3.000000000000014,0.1,-21.04000000000002
17.92200000025332,0.0,-0.114,0.1366,0.2519,-1.2433,2.5214,0.6674021515220874,4.0,-0.42,-19.31000000000001,0.3409,-0.0844,0.355,-0.3235,-1.2806,2.7128,0.6616983291371024,3.000000000000014,0.1,-21.04000000000002
17.937999999150634,0.0,-0.0986,0.1302,0.2565,-1.2427,2.5136,0.6674326695658808,4.0,-0.42,-19.31000000000001,0.3445,-0.0826,0.3435999999999998,-0.3141,-1.2888,2.706,0.6617441062027924,3.000000000000014,0.1,-21.04000000000002
17.96900000050664,0.0,-0.102,0.1351999999999996,0.2533,-1.2586,2.522,0.6674326695658808,4.0,-0.42,-19.31000000000001,0.3455,-0.0795,0.3568,-0.324,-1.2825,2.7026,0.6617593652246891,3.000000000000014,0.1,-21.14000000000001
17.984999999403954,0.0,-0.1068,0.1351999999999996,0.2749,-1.2409,2.5126,0.6675547417410543,4.0,-0.42,-19.31000000000001,0.3448,-0.0861,0.3522,-0.3225,-1.274,2.7088,0.6618509193560693,3.000000000000014,5.551115123125783e-17,-21.14000000000001
18.0,0.0,-0.1089,0.1354,0.2581,-1.246,2.5302,0.6675547417410543,4.0,-0.42,-19.31000000000001,0.3417,-0.0885,0.3512,-0.3289,-1.2772,2.7172,0.6619119554436561,3.000000000000014,5.551115123125783e-17,-21.14000000000001
18.01599999889732,0.0,-0.1003,0.1376,0.253,-1.2507,2.5256,0.6674326695658808,4.0,-0.42,-19.31000000000001,0.3439,-0.0789,0.3495999999999998,-0.3344,-1.2804,2.7172,0.6618509193560693,3.000000000000014,5.551115123125783e-17,-21.14000000000001
18.03199999965728,0.0,-0.1107,0.1303999999999996,0.2593,-1.2515,2.5352,0.6669291218432898,4.0,-0.42,-19.31000000000001,0.3396,-0.0841,0.3548,-0.321,-1.2803,2.716,0.6617593652246891,3.000000000000014,5.551115123125783e-17,-21.14000000000001
18.04700000025332,0.0,-0.1142,0.133,0.2595,-1.2504,2.5336,0.6668986037994964,4.0,-0.42,-19.31000000000001,0.3449,-0.0854,0.3442,-0.3227,-1.2813,2.7086,0.6617593652246891,3.000000000000014,5.551115123125783e-17,-21.14000000000001
18.07799999974668,0.0,-0.1158,0.1312,0.256,-1.2514,2.525399999999999,0.6668986037994964,4.0,-0.42,-19.31000000000001,0.3347,-0.1037,0.3584,-0.3137,-1.2914,2.7104,0.6616983291371024,3.000000000000014,5.551115123125783e-17,-21.14000000000001
18.09400000050664,0.0,-0.1068,0.1322,0.2489,-1.2423,2.5242,0.6668986037994964,4.0,-0.42,-19.31000000000001,0.336,-0.0837,0.3448,-0.3161,-1.281,2.698,0.6616525520714123,3.000000000000014,5.551115123125783e-17,-21.14000000000001
18.10999999940396,0.0,-0.107,0.1474,0.2455,-1.2465,2.518,0.6668986037994964,4.0,-0.42,-19.31000000000001,0.3347,-0.0911,0.3452,-0.325,-1.2768,2.7112,0.6616220340276189,3.000000000000014,5.551115123125783e-17,-21.14000000000001
18.14099999889732,0.0,-0.1125,0.1273999999999998,0.2623,-1.2394,2.5258,0.6669291218432898,4.0,-0.42,-19.31000000000001,0.3435,-0.0817,0.351,-0.3214,-1.2804,2.706,0.6616220340276189,3.000000000000014,5.551115123125783e-17,-21.04000000000002
18.15699999965728,0.0,-0.1147,0.1351999999999996,0.2724,-1.2435,2.5314,0.6669748989089799,4.0,-0.42,-19.31000000000001,0.3324,-0.0822,0.3438,-0.3202,-1.2866,2.6992,0.6616220340276189,3.000000000000014,5.551115123125783e-17,-21.04000000000002
18.17200000025332,0.0,-0.1127,0.132,0.2677,-1.24,2.5242,0.6671732661936369,4.0,-0.42,-19.31000000000001,0.3373,-0.0793,0.3478,-0.316,-1.2894,2.7128,0.6616525520714123,3.000000000000014,5.551115123125783e-17,-21.04000000000002
18.18799999915064,0.0,-0.1158,0.1287999999999998,0.2574,-1.2332,2.534,0.6671885252155336,4.0,-0.42,-19.31000000000001,0.345,-0.0858,0.349,-0.322,-1.2748,2.7032,0.6616525520714123,3.000000000000014,5.551115123125783e-17,-21.04000000000002
18.20299999974668,0.0,-0.1102,0.1313999999999996,0.2549,-1.2408,2.5134,0.6673105973907072,4.0,-0.42,-19.31000000000001,0.3334,-0.0808,0.3499999999999998,-0.3265,-1.2774,2.708,0.6616372930495156,3.000000000000014,5.551115123125783e-17,-21.04000000000002
18.21900000050664,0.0,-0.1161,0.1379999999999998,0.2654,-1.2484,2.5234,0.6673563744563973,4.0,-0.42,-19.31000000000001,0.3356,-0.0847,0.3611999999999998,-0.3159,-1.2743,2.7114,0.661667811093309,3.000000000000014,5.551115123125783e-17,-21.04000000000002
18.25,0.0,-0.1158,0.1307999999999998,0.2621,-1.2459,2.520800000000001,0.6679514763103684,4.0,-0.42,-19.31000000000001,0.3482,-0.0815,0.3499999999999998,-0.326,-1.2846,2.7074,0.6616983291371024,3.000000000000014,5.551115123125783e-17,-21.04000000000002
18.26599999889732,0.0,-0.1007,0.1423999999999996,0.2678,-1.245,2.5314,0.6680277714198519,4.0,-0.42,-19.31000000000001,0.3348,-0.0819,0.3375999999999998,-0.3328,-1.2796,2.706,0.6616983291371024,3.000000000000014,5.551115123125783e-17,-21.04000000000002
18.28199999965728,0.0,-0.1148,0.1335999999999996,0.2545,-1.2424,2.5286,0.6680888075074387,4.0,-0.42,-19.31000000000001,0.3467,-0.0842,0.3515999999999998,-0.324,-1.2843,2.7134,0.661667811093309,3.000000000000014,5.551115123125783e-17,-21.04000000000002
18.31299999915064,0.0,-0.1072,0.1344,0.2582,-1.2447,2.5218,0.6681040665293354,4.0,-0.42,-19.31000000000001,0.3493,-0.0828,0.3546,-0.3161,-1.2769,2.7002,0.661667811093309,3.000000000000014,5.551115123125783e-17,-21.14000000000001
18.32799999974668,0.0,-0.1231,0.1381999999999998,0.2497,-1.2505,2.5176,0.6681803616388189,4.0,-0.42,-19.31000000000001,0.3505,-0.0838,0.3497999999999998,-0.3384,-1.2768,2.7083999999999997,0.661667811093309,3.000000000000014,5.551115123125783e-17,-21.14000000000001
18.34400000050664,0.0,-0.1042,0.1366,0.2513,-1.256,2.5262,0.6682108796826123,4.0,-0.42,-19.31000000000001,0.3255,-0.0828,0.3486,-0.3136,-1.2871,2.7082,0.661713588158999,3.000000000000014,5.551115123125783e-17,-21.14000000000001
18.35999999940396,0.0,-0.111,0.1444,0.2637,-1.241,2.5124,0.6683024338139925,4.0,-0.42,-19.31000000000001,0.3301,-0.0866,0.355,-0.3339,-1.2748,2.7062000000000004,0.661713588158999,3.000000000000014,5.551115123125783e-17,-21.14000000000001
18.375,0.0,-0.1142,0.1411999999999996,0.2639,-1.2566,2.5320000000000005,0.6683176928358892,4.0,-0.42,-19.31000000000001,0.3449,-0.0751,0.3468,-0.3192,-1.2762,2.7129999999999996,0.661713588158999,3.000000000000014,5.551115123125783e-17,-21.14000000000001
18.39099999889732,0.0,-0.1087,0.1366,0.2702,-1.2407,2.524,0.6683787289234759,4.0,-0.42,-19.31000000000001,0.3365,-0.0885,0.359,-0.3232,-1.285,2.7116,0.6616983291371024,3.000000000000014,5.551115123125783e-17,-21.14000000000001
18.42200000025332,0.0,-0.1035,0.1411999999999996,0.2574,-1.2453,2.515,0.6686686503395132,4.0,-0.42,-19.31000000000001,0.3367,-0.0803,0.3499999999999998,-0.3159,-1.2862,2.7108000000000003,0.6616983291371024,3.000000000000014,5.551115123125783e-17,-21.14000000000001
18.43799999915064,0.0,-0.1057,0.1434,0.2651,-1.2352,2.524,0.6689890897993438,4.0,-0.42,-19.31000000000001,0.3389,-0.0791,0.3544,-0.3254,-1.2911,2.7076,0.661667811093309,3.000000000000014,5.551115123125783e-17,-21.14000000000001
18.45299999974668,0.0,-0.1112,0.1442,0.2364,-1.2533,2.5102,0.6691264209964141,4.0,-0.42,-19.31000000000001,0.3291,-0.0915,0.3408,-0.3238,-1.2819,2.708,0.661667811093309,3.000000000000014,5.551115123125783e-17,-21.14000000000001
18.48499999940396,0.0,-0.1129,0.1312,0.2542,-1.2499,2.5282,0.6691721980621042,4.0,-0.42,-19.31000000000001,0.3434,-0.0755,0.352,-0.3233,-1.2779,2.7078,0.661667811093309,3.000000000000014,5.551115123125783e-17,-21.14000000000001
18.5,0.0,-0.0986,0.1391999999999998,0.2567,-1.2385,2.5218,0.6693705653467612,4.0,-0.42,-19.31000000000001,0.3427,-0.0791,0.352,-0.3215,-1.2927,2.7053999999999996,0.661667811093309,3.000000000000014,5.551115123125783e-17,-21.14000000000001
18.51599999889732,0.0,-0.1141,0.1322,0.2633,-1.25,2.5192,0.6694010833905546,4.0,-0.42,-19.31000000000001,0.3415,-0.0779,0.351,-0.3261,-1.2764,2.6986000000000003,0.6616983291371024,3.000000000000014,5.551115123125783e-17,-21.14000000000001
18.53199999965728,0.0,-0.114,0.1381999999999998,0.2569,-1.2576,2.5286,0.6694926375219348,4.0,-0.42,-19.31000000000001,0.3315,-0.0877,0.3499999999999998,-0.3233,-1.2874,2.7074,0.6617746242465858,3.000000000000014,5.551115123125783e-17,-21.14000000000001
18.54700000025332,0.0,-0.1053,0.1332,0.2702,-1.2476,2.531,0.6695536736095216,4.0,-0.42,-19.31000000000001,0.3331,-0.093,0.3532,-0.3249,-1.2808,2.7108000000000003,0.6617746242465858,3.000000000000014,5.551115123125783e-17,-21.14000000000001
18.57799999974668,0.0,-0.101,0.1371999999999996,0.2709,-1.2377,2.5194,0.6697978179598687,4.0,-0.42,-19.31000000000001,0.342,-0.0843,0.3478,-0.312,-1.2821,2.7134,0.6617746242465858,3.000000000000014,5.551115123125783e-17,-21.14000000000001
18.59400000050664,0.0,-0.1144,0.1388,0.2587,-1.2539,2.5346,0.6698130769817654,4.0,-0.42,-19.31000000000001,0.3381,-0.0872,0.342,-0.3292,-1.2803,2.7076,0.6617746242465858,3.000000000000014,5.551115123125783e-17,-21.14000000000001
18.60999999940396,0.0,-0.1127,0.1381999999999998,0.2688,-1.2384,2.5232,0.6698283360036621,4.0,-0.42,-19.31000000000001,0.3439,-0.0732,0.3526,-0.3348,-1.2774,2.7132,0.6617746242465858,3.000000000000014,5.551115123125783e-17,-21.14000000000001
18.625,0.0,-0.1225,0.1313999999999996,0.2539,-1.2456,2.5246,0.6700114442664225,4.0,-0.42,-19.31000000000001,0.3448,-0.0828,0.353,-0.3199,-1.2938,2.7112,0.6617746242465858,3.000000000000014,5.551115123125783e-17,-21.14000000000001
18.65699999965728,0.0,-0.1133,0.1404,0.2546,-1.2512,2.5308,0.6700419623102158,4.0,-0.42,-19.31000000000001,0.3368,-0.0818,0.3486,-0.3371,-1.286,2.7096000000000005,0.6617746242465858,3.000000000000014,5.551115123125783e-17,-21.14000000000001
18.67200000025332,0.0,-0.1077,0.1458,0.2611,-1.2379,2.5274,0.6701487754634927,4.0,-0.52,-19.31000000000001,0.3456,-0.0808,0.3524,-0.3237,-1.2773,2.7036,0.6618356603341726,3.000000000000014,5.551115123125783e-17,-21.14000000000001
18.68799999915064,0.0,-0.1036,0.1438,0.2663,-1.2398,2.534,0.6703624017700465,4.0,-0.52,-19.31000000000001,0.3406,-0.0823,0.3492,-0.3317,-1.2701,2.7022,0.6618966964217594,3.000000000000014,5.551115123125783e-17,-21.14000000000001
18.70299999974668,0.0,-0.1154,0.1341999999999996,0.2569,-1.2371,2.5234,0.6705302510109101,4.0,-0.52,-19.31000000000001,0.3374,-0.0797,0.3409999999999998,-0.3266,-1.2717,2.7000000000000006,0.6618966964217594,3.000000000000014,5.551115123125783e-17,-21.14000000000001
18.71900000050664,0.0,-0.121,0.1373999999999996,0.2594,-1.2545,2.5348,0.6705455100328068,4.0,-0.52,-19.31000000000001,0.3273,-0.0894,0.3495999999999998,-0.322,-1.2748,2.6994,0.6618966964217594,3.000000000000014,5.551115123125783e-17,-21.14000000000001
18.73499999940396,0.0,-0.1073,0.1348,0.2815,-1.2395,2.5192,0.6706828412298771,4.0,-0.52,-19.31000000000001,0.3456,-0.0781,0.3429999999999998,-0.3278,-1.2775,2.7254,0.661866178377966,3.000000000000014,5.551115123125783e-17,-21.14000000000001
18.76599999889732,0.0,-0.1053,0.1484,0.258,-1.2453,2.519,0.6706828412298771,4.0,-0.52,-19.31000000000001,0.3437,-0.0713,0.353,-0.3352,-1.2753,2.7042,0.661866178377966,3.000000000000014,5.551115123125783e-17,-21.14000000000001
18.78199999965728,0.0,-0.1141,0.1422,0.2538,-1.2497,2.5166,0.6706828412298771,4.0,-0.52,-19.31000000000001,0.3424,-0.0931,0.349,-0.3244,-1.2663,2.7186,0.661866178377966,3.000000000000014,5.551115123125783e-17,-21.14000000000001
18.79700000025332,0.0,-0.1153,0.1404,0.2569,-1.253,2.5186,0.6706828412298771,4.0,-0.52,-19.31000000000001,0.3359,-0.0969,0.3579999999999998,-0.3149,-1.2789,2.7034,0.661866178377966,3.000000000000014,5.551115123125783e-17,-21.14000000000001
18.81299999915064,0.0,-0.1087,0.1389999999999998,0.2703,-1.2429,2.5252,0.669782558937972,4.0,-0.52,-19.31000000000001,0.3421,-0.0911,0.3517999999999998,-0.3298,-1.2881,2.7056,0.661866178377966,3.000000000000014,5.551115123125783e-17,-21.14000000000001
18.84400000050664,0.0,-0.1151,0.1383999999999996,0.2537,-1.2499,2.524,0.6695536736095216,4.0,-0.52,-19.31000000000001,0.3463,-0.0805,0.3492,-0.3338,-1.2804,2.7126,0.661866178377966,3.000000000000014,5.551115123125783e-17,-21.14000000000001
18.85999999940396,0.0,-0.119,0.1416,0.2597,-1.2404,2.5202,0.6689585717555504,4.0,-0.52,-19.31000000000001,0.3376,-0.0846,0.359,-0.3248,-1.2775,2.7056,0.6618814373998627,3.000000000000014,5.551115123125783e-17,-21.14000000000001
18.875,0.0,-0.1225,0.1348,0.2595,-1.2499,2.536,0.668424505989166,4.0,-0.52,-19.31000000000001,0.3271,-0.0806,0.3484,-0.3129,-1.2811,2.7056,0.6618966964217594,3.000000000000014,5.551115123125783e-17,-21.14000000000001
18.89099999889732,0.0,-0.114,0.1356,0.2589,-1.248,2.527,0.6683329518577859,4.0,-0.52,-19.31000000000001,0.3417,-0.0875,0.3542,-0.3329,-1.2739,2.6978000000000004,0.6618966964217594,3.000000000000014,5.551115123125783e-17,-21.14000000000001
18.90699999965728,0.0,-0.1032,0.1399999999999998,0.262,-1.2472,2.5312,0.6677378500038147,4.0,-0.52,-19.31000000000001,0.3409,-0.0836,0.3472,-0.3239,-1.2798,2.7000000000000006,0.6618966964217594,3.000000000000014,5.551115123125783e-17,-21.14000000000001
18.93799999915064,0.0,-0.1054,0.1414,0.2473,-1.2459,2.5194,0.6677378500038147,4.0,-0.52,-19.31000000000001,0.3327,-0.0853,0.3414,-0.3273,-1.2713,2.7132,0.6618966964217594,3.000000000000014,5.551115123125783e-17,-21.14000000000001
18.95299999974668,0.0,-0.1106,0.1371999999999996,0.2601,-1.2467,2.5274,0.6676768139162279,4.0,-0.52,-19.31000000000001,0.356,-0.0766,0.3515999999999998,-0.3256,-1.282,2.7014,0.6618204013122759,3.000000000000014,5.551115123125783e-17,-21.14000000000001
18.96900000050664,0.0,-0.1147,0.1361999999999996,0.2548,-1.2442,2.5272,0.6676768139162279,4.0,-0.52,-19.31000000000001,0.3471,-0.0807,0.3512,-0.3169,-1.2848,2.7058,0.6618966964217594,3.000000000000014,5.551115123125783e-17,-21.14000000000001
18.98499999940396,0.0,-0.1105,0.1379999999999998,0.2571,-1.2517,2.5232,0.6676768139162279,4.0,-0.52,-19.31000000000001,0.3442,-0.0838,0.3454,-0.3232,-1.2912,2.7146000000000003,0.6618966964217594,3.000000000000014,5.551115123125783e-17,-21.14000000000001
19.0,0.0,-0.1087,0.1313999999999996,0.2662,-1.2486,2.5282,0.6676768139162279,4.0,-0.52,-19.31000000000001,0.3393,-0.0861,0.3577999999999998,-0.3122,-1.2768,2.7088,0.6618051422903792,3.000000000000014,5.551115123125783e-17,-21.14000000000001
19.03199999965728,0.0,-0.1176,0.135,0.2461,-1.2568,2.5266,0.6677073319600213,4.0,-0.52,-19.31000000000001,0.3408,-0.0845,0.3486,-0.3092,-1.2894,2.706,0.661866178377966,3.000000000000014,5.551115123125783e-17,-21.14000000000001
19.04700000025332,0.0,-0.1105,0.1438,0.2583,-1.2499,2.5196,0.667722590981918,4.0,-0.52,-19.31000000000001,0.3387,-0.0835,0.3426,-0.3216,-1.2826,2.7154,0.6618051422903792,3.000000000000014,5.551115123125783e-17,-21.14000000000001
19.06299999915064,0.0,-0.0971,0.1312,0.2601,-1.2433,2.5234,0.667722590981918,4.0,-0.52,-19.31000000000001,0.3382,-0.0841,0.3466,-0.3341,-1.2798,2.7100000000000004,0.6618051422903792,3.000000000000014,5.551115123125783e-17,-21.14000000000001
19.10999999940396,0.0,-0.1055,0.1429999999999996,0.2628,-1.244,2.5246,0.6677378500038147,4.0,-0.52,-19.31000000000001,0.3519,-0.083,0.3614,-0.3282,-1.2791,2.7028,0.6618051422903792,3.000000000000014,5.551115123125783e-17,-21.14000000000001
19.125,0.0,-0.0999,0.1305999999999996,0.2561,-1.2503,2.5182,0.6677683680476081,4.0,-0.52,-19.31000000000001,0.3339,-0.0852,0.3422,-0.32,-1.273,2.7056,0.6618051422903792,3.000000000000014,5.551115123125783e-17,-21.14000000000001
19.14099999889732,0.0,-0.1068,0.1396,0.2597,-1.2445,2.5182,0.6679362172884717,4.0,-0.52,-19.31000000000001,0.3407,-0.0822,0.3537999999999998,-0.3196,-1.2882,2.7072,0.6618051422903792,3.000000000000014,5.551115123125783e-17,-21.14000000000001
19.15699999965728,0.0,-0.1066,0.1356,0.2706,-1.2491,2.5344000000000007,0.6680888075074387,4.0,-0.52,-19.31000000000001,0.3488,-0.088,0.3452,-0.3164,-1.2885,2.7068,0.6618051422903792,3.000000000000014,5.551115123125783e-17,-21.14000000000001
19.17200000025332,0.0,-0.1118,0.1348,0.2534,-1.2437,2.5276,0.6682719157701991,4.0,-0.52,-19.31000000000001,0.3331,-0.0915,0.3504,-0.3142,-1.2836,2.7053999999999996,0.6618509193560693,3.000000000000014,5.551115123125783e-17,-21.14000000000001
19.18799999915064,0.0,-0.1123,0.125,0.2639,-1.2483,2.5214,0.6682719157701991,4.0,-0.52,-19.31000000000001,0.3426,-0.0769,0.3486,-0.3179,-1.2648,2.7096000000000005,0.6618051422903792,3.000000000000014,5.551115123125783e-17,-21.14000000000001
19.21900000050664,0.0,-0.1117,0.1318,0.2653,-1.2444,2.5264,0.6683787289234759,4.0,-0.52,-19.31000000000001,0.3338,-0.087,0.3499999999999998,-0.3213,-1.2836,2.7026,0.6618509193560693,3.000000000000014,5.551115123125783e-17,-21.14000000000001
19.23499999940396,0.0,-0.0711,0.1201999999999998,0.2236,-1.2234,2.4294,0.6684855420767528,4.0,-0.52,-19.31000000000001,0.3398,-0.0817,0.3417999999999998,-0.3163,-1.2779,2.666399999999999,0.6618509193560693,3.000000000000014,5.551115123125783e-17,-21.14000000000001
19.25,0.0,-0.0215,0.0756,0.1333,-1.1351,2.1578,0.6684855420767528,3.9000000000000057,-0.52,-19.31000000000001,0.2842,-0.055,0.2682,-0.2615,-1.2393,2.475,0.6618509193560693,3.000000000000014,5.551115123125783e-17,-21.14000000000001
19.28199999965728,0.0,0.0,0.0516,0.0115,-0.924,1.7814000000000003,0.6675089646753642,3.700000000000003,-0.42,-19.31000000000001,0.2264,-0.0108,0.1964,-0.1989,-1.1409,2.1378,0.6617746242465858,2.800000000000012,5.551115123125783e-17,-21.14000000000001
19.29700000025332,0.0,0.0,0.0,0.0,-0.7237,1.5064,0.6654337376974135,3.4000000000000057,-0.42,-19.31000000000001,0.1706,0.0,0.1292,-0.1402,-0.9614,1.7278000000000002,0.6589059281300069,2.500000000000014,5.551115123125783e-17,-21.14000000000001
19.31299999915064,0.0,0.0,0.0,0.0209,-0.5806,1.2598,0.658277256427863,2.799999999999997,-0.32,-19.31000000000001,0.145,0.0,0.0873999999999998,-0.0964,-0.8276,1.4618000000000002,0.6489570458533608,2.1000000000000227,5.551115123125783e-17,-21.14000000000001
19.32799999974668,0.0,0.0,0.0,0.0109,-0.4784,1.0964,0.6464667734798198,2.200000000000003,-0.32,-19.31000000000001,0.1172,0.0,0.0738,-0.0696,-0.7081,1.284,0.638092622262913,1.8000000000000114,5.551115123125783e-17,-21.14000000000001
19.34400000050664,0.0,0.0,0.0,0.0,-0.4342,1.0212,0.6161318379491875,1.7999999999999972,-0.22,-19.31000000000001,0.0849,0.0,0.0352,-0.0518,-0.563,1.0774,0.6371313038834211,1.40000000000002,5.551115123125783e-17,-21.14000000000001
19.35999999940396,0.0,0.0,0.0,0.0,-0.3884,0.9284,0.5995605401693751,1.4000000000000057,-0.22,-19.31000000000001,0.0714,0.0,0.0255999999999998,-0.0193,-0.5671,0.9937999999999998,0.6371313038834211,1.1000000000000227,5.551115123125783e-17,-21.14000000000001
19.39099999889732,0.0,0.0,0.0,0.0,-0.5659,0.9377999999999997,0.5865598535133898,1.0,-0.12,-19.31000000000001,0.0711,0.0,0.0258,0.0,-0.6347,1.0746,0.6300968947890441,0.700000000000017,5.551115123125783e-17,-21.14000000000001
19.40699999965728,0.0,0.0,0.0,0.0,-0.8512,1.2260000000000002,0.5807766842145418,0.5999999999999943,-0.12,-19.31000000000001,0.0774,0.0,0.066,0.0,-0.5576,1.1324,0.6113130388342107,0.6000000000000227,5.551115123125783e-17,-21.14000000000001
19.42200000025332,0.0,0.0,0.0,0.0025,-0.7867,1.1138,0.5512657358663309,0.4000000000000057,-0.12,-19.31000000000001,0.086,0.0,0.0841999999999996,0.0,-0.5838,1.1146,0.6040497444113833,0.4000000000000199,5.551115123125783e-17,-21.14000000000001
19.43799999915064,0.0,0.0,0.0,0.0,-0.6638,0.9472,0.5305134660868238,0.2000000000000028,-0.02,-19.31000000000001,0.0636,0.0,0.0605999999999996,0.0,-0.4817,0.9786,0.5701899748226139,0.3000000000000113,5.551115123125783e-17,-21.14000000000001
19.46900000050664,0.0,0.0,0.0,0.0,-0.5241,0.7776,0.4888258182650492,0.0999999999999943,-0.02,-19.31000000000001,0.0468,0.0,0.0309999999999996,0.0,-0.4278,0.8325999999999998,0.4571816586556801,0.1000000000000227,5.551115123125783e-17,-21.14000000000001
19.48499999940396,0.0,0.0,0.0,0.0,-0.4647,0.6722,0.2693705653467613,0.0,-0.02,-19.31000000000001,0.0378,0.0,0.0,0.0,-0.4266,0.7606,0.4195376516365301,1.4210854715202004e-14,5.551115123125783e-17,-21.14000000000001
19.5,0.0,0.0,0.0,0.0,-0.3821,0.5841999999999998,0.2384100099183642,-0.0999999999999943,-0.02,-19.31000000000001,0.0277,0.0,0.0,0.0,-0.3806,0.648,0.3751491569390402,1.4210854715202004e-14,5.551115123125783e-17,-21.14000000000001
19.51599999889732,0.0,0.0,0.0,0.0,-0.3151,0.5058,0.2015442130159457,-0.0999999999999943,-0.02,-19.31000000000001,0.0087,0.0,0.0,0.0,-0.3208,0.5592,0.3017380025940337,-0.0999999999999801,5.551115123125783e-17,-21.14000000000001
19.53199999965728,0.0,0.0,0.0,0.0,-0.2645,0.4476,0.1608484016174563,-0.2000000000000028,-0.02,-19.31000000000001,0.0,0.0,0.0,0.0,-0.2979,0.4972,0.249246967269398,-0.0999999999999801,5.551115123125783e-17,-21.14000000000001
19.54700000025332,0.0,0.0,0.0,0.0,-0.2414,0.4069999999999998,0.1160021362630655,-0.2000000000000028,-0.02,-19.31000000000001,0.0,0.0,0.0,0.0,-0.266,0.4522,0.1693965056839856,-0.0999999999999801,5.551115123125783e-17,-21.14000000000001
19.56299999915064,0.0,0.0,0.0,0.0,-0.2079,0.3634,0.0836530098420691,-0.2999999999999971,-0.02,-19.31000000000001,0.0,0.0,0.0,0.0,-0.2537,0.3998,0.1246875715266651,-0.1999999999999886,5.551115123125783e-17,-21.14000000000001
19.57799999974668,0.0,0.0,0.0,0.0,-0.1852,0.3318,0.0828595407034409,-0.2999999999999971,-0.02,-19.31000000000001,0.0,0.0,0.0,0.0,-0.2168,0.3642,0.0860212100404364,-0.1999999999999886,5.551115123125783e-17,-21.14000000000001
19.60999999940396,0.0,0.0,0.0,0.0,-0.1635,0.3076,0.081745632104982,-0.2999999999999971,-0.02,-19.31000000000001,0.0,0.0,0.0,0.0,-0.2136,0.3253999999999998,0.0760265506981002,-0.1999999999999886,5.551115123125783e-17,-21.14000000000001
19.625,0.0,0.0,0.0,0.0,-0.1487,0.2844,0.0808300907911803,-0.2999999999999971,-0.02,-19.31000000000001,0.0,0.0,0.0,0.0,-0.1912,0.287,0.0732494087129015,-0.1999999999999886,5.551115123125783e-17,-21.14000000000001
19.64099999889732,0.0,0.0,0.0,0.0,-0.1122,0.266,0.0804333562218661,-0.2999999999999971,-0.02,-19.31000000000001,0.0,0.0,0.0,0.0,-0.1761,0.264,0.0710521095597772,-0.1999999999999886,5.551115123125783e-17,-21.14000000000001
19.65699999965728,0.0,0.0,0.0,0.0,-0.1181,0.2393999999999998,0.0802197299153124,-0.4000000000000057,-0.02,-19.31000000000001,0.0,0.0,0.0,0.0,-0.1643,0.2457999999999996,0.0697398336766613,-0.1999999999999886,5.551115123125783e-17,-21.14000000000001
19.67200000025332,0.0,0.0,0.0,0.0,-0.1037,0.2084,0.0800213626306553,-0.4000000000000057,-0.02,-19.410000000000004,0.0,0.0,0.0,0.0,-0.1557,0.2261999999999998,0.0697093156328679,-0.1999999999999886,5.551115123125783e-17,-21.14000000000001
19.68799999915064,0.0,0.0,0.0,0.0,-0.0876,0.1902,0.0792889295796139,-0.4000000000000057,-0.02,-19.410000000000004,0.0,0.0,0.0,0.0,-0.1477,0.2004,0.0670084687571526,-0.2999999999999829,5.551115123125783e-17,-21.14000000000001
19.70299999974668,0.0,0.0,0.0,0.0,-0.0709,0.1769999999999998,0.0789227130540932,-0.4000000000000057,-0.02,-19.410000000000004,0.0,0.0,0.0,0.0,-0.1334,0.176,0.063773556115053,-0.2999999999999829,5.551115123125783e-17,-21.14000000000001
19.71900000050664,0.0,0.0,0.0,0.0,-0.0782,0.1645999999999996,0.0789074540321965,-0.4000000000000057,-0.02,-19.410000000000004,0.0,0.0,0.0,0.0,-0.1205,0.1524,0.0610727092393377,-0.2999999999999829,5.551115123125783e-17,-21.14000000000001
19.75,0.0,0.0,0.0,0.0,-0.0732,0.1468,0.078831158922713,-0.4000000000000057,-0.02,-19.410000000000004,0.0,0.0,0.0,0.0,-0.1063,0.1378,0.0594247348744945,-0.2999999999999829,5.551115123125783e-17,-21.14000000000001
19.76599999889732,0.0,0.0,0.0,0.0,-0.0489,0.121,0.078831158922713,-0.4000000000000057,-0.02,-19.410000000000004,0.0,0.0,0.0,0.0,-0.0961,0.1153999999999996,0.0582650492103456,-0.2999999999999829,5.551115123125783e-17,-21.14000000000001
19.78199999965728,0.0,0.0,0.0,0.0,-0.0498,0.1237999999999996,0.078831158922713,-0.4000000000000057,-0.02,-19.410000000000004,0.0,0.0,0.0,0.0,-0.0976,0.1017999999999996,0.056937514305333,-0.2999999999999829,5.551115123125783e-17,-21.14000000000001
19.79700000025332,0.0,0.0,0.0,0.0,-0.0335,0.1089999999999996,0.078831158922713,-0.4000000000000057,-0.02,-19.410000000000004,0.0,0.0,0.0,0.0,-0.0883,0.0817999999999996,0.0556710154879072,-0.2999999999999829,5.551115123125783e-17,-21.14000000000001
19.82799999974668,0.0,0.0,0.0,0.0,-0.0245,0.0902,0.078831158922713,-0.4000000000000057,-0.02,-19.410000000000004,0.0,0.0,0.0,0.0,-0.0835,0.0722,0.0540688181887541,-0.2999999999999829,5.551115123125783e-17,-21.14000000000001
19.84400000050664,0.0,0.0,0.0,0.0,-0.0147,0.0723999999999996,0.078831158922713,-0.4000000000000057,-0.02,-19.410000000000004,0.0,0.0,0.0,0.0,-0.0778,0.0631999999999998,0.0526192111085679,-0.2999999999999829,5.551115123125783e-17,-21.14000000000001
19.85999999940396,0.0,0.0,0.0,0.0,-0.0091,0.0658,0.078831158922713,-0.4000000000000057,-0.02,-19.410000000000004,0.0,0.0,0.0,0.0,-0.0627,0.0546,0.0516273746852826,-0.2999999999999829,5.551115123125783e-17,-21.14000000000001
19.875,0.0,0.0,0.0,0.0,0.0,0.0537999999999996,0.0788921950102998,-0.4000000000000057,-0.02,-19.410000000000004,0.0,0.0,0.0,0.0,-0.0754,0.0469999999999996,0.0509864957656214,-0.2999999999999829,5.551115123125783e-17,-21.14000000000001
19.89099999889732,0.0,0.0,0.0,0.0,0.0,0.0368,0.0788921950102998,-0.2999999999999971,-0.02,-19.410000000000004,0.0,0.0,0.0,0.0,-0.0671,0.0289999999999998,0.0507118333714809,-0.2999999999999829,5.551115123125783e-17,-21.14000000000001
19.90699999965728,0.0,0.0,0.0,0.0,0.0,0.0376,0.0782665751125352,-0.2000000000000028,-0.02,-19.31000000000001,0.0,0.0,0.0,0.0,-0.0571,0.0169999999999998,0.0498573281452659,-0.1999999999999886,5.551115123125783e-17,-21.14000000000001
19.92200000025332,0.0,0.0,0.0,0.0,0.0,0.0281999999999996,0.0781750209811551,-0.2000000000000028,-0.02,-19.31000000000001,0.0,0.0,0.0,0.0,-0.0472,0.008,0.0489417868314641,-0.1999999999999886,5.551115123125783e-17,-21.14000000000001
19.95299999974668,0.0,0.0,0.0,0.0,0.0,0.0094,0.0781750209811551,-0.2000000000000028,-0.02,-19.31000000000001,0.0,0.0,0.0,0.0,-0.0376,0.0,0.0489417868314641,-0.1999999999999886,5.551115123125783e-17,-21.14000000000001
19.96900000050664,0.0,0.0,0.0,0.0,0.0,0.0,0.0782665751125352,-0.2000000000000028,-0.02,-19.31000000000001,0.0,0.0,0.0,0.0,-0.0414,0.0,0.0484840161745632,-0.1999999999999886,5.551115123125783e-17,-21.14000000000001
19.98499999940396,0.0,0.0,0.0,0.0,0.0,0.0003999999999998,0.0784649423971923,-0.2000000000000028,-0.02,-19.410000000000004,0.0,0.0,0.0,0.0,-0.03,0.0,0.048392462043183,-0.0999999999999801,5.551115123125783e-17,-21.14000000000001
20.0,0.0,0.0,0.0,0.0,0.0,0.0,0.0784649423971923,-0.2000000000000028,-0.02,-19.410000000000004,0.0,0.0,0.0,0.0,-0.0385,0.0,0.0480567635614557,-0.0999999999999801,5.551115123125783e-17,-21.14000000000001
20.01599999889732,0.0,0.0,0.0,0.0,0.0,0.0,0.0784649423971923,-0.2000000000000028,-0.02,-19.410000000000004,0.0,0.0,0.0,0.0,-0.021,0.0,0.0480567635614557,-0.0999999999999801,5.551115123125783e-17,-21.14000000000001
20.03199999965728,0.0,0.0,0.0,0.0,0.0,0.0,0.0788921950102998,-0.0999999999999943,-0.02,-19.410000000000004,0.0,0.0,0.0,0.0,-0.0198,0.0,0.0480567635614557,-0.0999999999999801,5.551115123125783e-17,-21.14000000000001
20.04700000025332,0.0,0.0,0.0,0.0,0.0,0.0,0.079136339360647,-0.0999999999999943,-0.02,-19.410000000000004,0.0,0.0,0.0,0.0,-0.0181,0.0,0.0480567635614557,-0.0999999999999801,5.551115123125783e-17,-21.14000000000001
20.06299999915064,0.0,0.0,0.0,0.0,0.0,0.0,0.079136339360647,-0.0999999999999943,-0.02,-19.410000000000004,0.0,0.0,0.0,0.0,-0.0194,0.0,0.0480567635614557,-0.0999999999999801,5.551115123125783e-17,-21.14000000000001
20.07799999974668,0.0,0.0,0.0,0.0,0.0,0.0,0.0796246280613412,-0.0999999999999943,-0.02,-19.410000000000004,0.0,0.0,0.0,0.0,-0.0143,0.0,0.0483314259555962,-0.0999999999999801,5.551115123125783e-17,-21.14000000000001
20.09400000050664,0.0,0.0,0.0,0.0,0.0,0.0,0.0798840314335851,-0.0999999999999943,-0.02,-19.31000000000001,0.0,0.0,0.0,0.0,-0.0158,0.0,0.0484229800869764,-0.0999999999999801,5.551115123125783e-17,-21.14000000000001
20.125,0.0,0.0,0.0,0.0,0.0,0.0,0.0798840314335851,-0.0999999999999943,-0.02,-19.31000000000001,0.0,0.0,0.0,0.0,-0.0102,0.0,0.0484229800869764,-0.0999999999999801,5.551115123125783e-17,-21.14000000000001
20.14099999889732,0.0,0.0,0.0,0.0,0.0,0.0,0.0798840314335851,-0.0999999999999943,-0.02,-19.31000000000001,0.0,0.0,0.0,0.0,0.0,0.0,0.0484229800869764,-0.0999999999999801,5.551115123125783e-17,-21.14000000000001
20.15699999965728,0.0,0.0,0.0,0.0,0.0,0.0,0.0798840314335851,-0.0999999999999943,-0.02,-19.31000000000001,0.0,0.0,0.0,0.0,0.0,0.0,0.0483466849774929,-0.0999999999999801,5.551115123125783e-17,-21.14000000000001
20.17200000025332,0.0,0.0,0.0,0.0,0.0,0.0,0.0799603265430686,-0.0999999999999943,-0.02,-19.31000000000001,0.0,0.0,0.0,0.0,0.0,0.0,0.0484229800869764,-0.0999999999999801,5.551115123125783e-17,-21.14000000000001
20.18799999915064,0.0,0.0,0.0,0.0,0.0,0.0,0.079990844586862,-0.0999999999999943,-0.02,-19.31000000000001,0.0,0.0,0.0,0.0,0.0,0.0,0.0484229800869764,-0.0999999999999801,5.551115123125783e-17,-21.14000000000001
20.20299999974668,0.0,0.0,0.0,0.0,0.0,0.0,0.079990844586862,-0.0999999999999943,-0.02,-19.31000000000001,0.0,0.0,0.0,0.0,0.0,0.0,0.0484229800869764,-0.0999999999999801,5.551115123125783e-17,-21.14000000000001
20.21900000050664,0.0,0.0,0.0,0.0,0.0,0.0,0.079990844586862,-0.0999999999999943,-0.02,-19.31000000000001,0.0,0.0,0.0,0.0,0.0,0.0,0.0484229800869764,-0.0999999999999801,5.551115123125783e-17,-21.14000000000001
20.23499999940396,0.0,0.0,0.0,0.0,0.0,0.0,0.0802502479591058,-0.0999999999999943,-0.02,-19.31000000000001,0.0,0.0,0.0,0.0,0.0,0.0,0.0486976424811169,-0.0999999999999801,5.551115123125783e-17,-21.14000000000001
20.25,0.0,0.0,0.0,0.0,0.0,0.0,0.0804180971999695,-0.0999999999999943,-0.02,-19.31000000000001,0.0,0.0,0.0,0.0,0.0,0.0,0.0486976424811169,-0.0999999999999801,5.551115123125783e-17,-21.14000000000001
20.26599999889732,0.0,0.0,0.0,0.0,0.0,0.0,0.0804180971999695,-0.0999999999999943,-0.02,-19.31000000000001,0.0,0.0,0.0,0.0,0.0,0.0,0.0486976424811169,-0.0999999999999801,5.551115123125783e-17,-21.14000000000001
20.28199999965728,0.0,0.0,0.0,0.0,0.0,0.0,0.0804180971999695,-0.0999999999999943,-0.02,-19.410000000000004,0.0,0.0,0.0,0.0,0.0,0.0,0.0483772030212863,-0.0999999999999801,5.551115123125783e-17,-21.14000000000001
20.29700000025332,0.0,0.0,0.0,0.0,0.0,0.0,0.0804180971999695,-0.0999999999999943,-0.02,-19.410000000000004,0.0,0.0,0.0,0.0,0.0,0.0,0.0483772030212863,-0.0999999999999801,5.551115123125783e-17,-21.14000000000001
20.32799999974668,0.0,0.0,0.0,0.0,0.0,0.0,0.0804180971999695,-0.0999999999999943,-0.02,-19.410000000000004,0.0,0.0,0.0,0.0,0.0,0.0,0.0483772030212863,-0.0999999999999801,5.551115123125783e-17,-21.14000000000001
20.34400000050664,0.0,0.0,0.0,0.0,0.0,0.0,0.0804180971999695,-0.0999999999999943,-0.02,-19.410000000000004,0.0,0.0,0.0,0.0,0.0,0.0,0.0483772030212863,-0.0999999999999801,5.551115123125783e-17,-21.14000000000001
20.35999999940396,0.0,0.0,0.0,0.0,0.0,0.0,0.0804180971999695,-0.0999999999999943,-0.02,-19.410000000000004,0.0,0.0,0.0,0.0,0.0,0.0,0.0483772030212863,-0.0999999999999801,5.551115123125783e-17,-21.14000000000001
20.375,0.0,0.0,0.0,0.0,0.0,0.0,0.0804486152437628,-0.0999999999999943,-0.02,-19.31000000000001,0.0,0.0,0.0,0.0,0.0,0.0,0.0488044556343938,-0.0999999999999801,5.551115123125783e-17,-21.14000000000001
20.39099999889732,0.0,0.0,0.0,0.0,0.0,0.0,0.0807385366598001,-0.0999999999999943,-0.02,-19.31000000000001,0.0,0.0,0.0,0.0,0.0,0.0,0.0489723048752575,-0.0999999999999801,5.551115123125783e-17,-21.14000000000001
20.40699999965728,0.0,0.0,0.0,0.0,0.0,0.0,0.0807385366598001,-0.0999999999999943,-0.02,-19.31000000000001,0.0,0.0,0.0,0.0,0.0,0.0,0.0489723048752575,-0.0999999999999801,5.551115123125783e-17,-21.14000000000001
20.42200000025332,0.0,0.0,0.0,0.0,0.0,0.0,0.0807385366598001,0.0,-0.02,-19.31000000000001,0.0,0.0,0.0,0.0,0.0,0.0,0.0489723048752575,-0.0999999999999801,5.551115123125783e-17,-21.14000000000001
20.43799999915064,0.0,0.0,0.0,0.0,0.0,0.0,0.0807232776379034,0.0,-0.02,-19.31000000000001,0.0,0.0,0.0,0.0,0.0,0.0,0.0487891966124971,-0.0999999999999801,5.551115123125783e-17,-21.14000000000001
20.45299999974668,0.0,0.0,0.0,0.0,0.0,0.0,0.0807232776379034,0.0,-0.02,-19.31000000000001,0.0,0.0,0.0,0.0,0.0,0.0,0.0486518654154268,-0.0999999999999801,5.551115123125783e-17,-21.14000000000001
20.46900000050664,0.0,0.0,0.0,0.0,0.0,0.0,0.0807232776379034,0.0,-0.02,-19.31000000000001,0.0,0.0,0.0,0.0,0.0,0.0,0.0486518654154268,-0.0999999999999801,5.551115123125783e-17,-21.14000000000001
20.48499999940396,0.0,0.0,0.0,0.0,0.0,0.0,0.0807232776379034,0.0,-0.02,-19.31000000000001,0.0,0.0,0.0,0.0,0.0,0.0,0.0486518654154268,-0.0999999999999801,5.551115123125783e-17,-21.14000000000001
20.5,0.0,0.0,0.0,0.0,0.0,0.0,0.0807232776379034,0.0,-0.02,-19.410000000000004,0.0,0.0,0.0,0.0,0.0,0.0,0.0486518654154268,-0.0999999999999801,5.551115123125783e-17,-21.14000000000001
20.53199999965728,0.0,0.0,0.0,0.0,0.0,0.0,0.0809674219882505,0.0,-0.02,-19.410000000000004,0.0,0.0,0.0,0.0,0.0,0.0,0.0486518654154268,-0.0999999999999801,5.551115123125783e-17,-21.14000000000001
20.54700000025332,0.0,0.0,0.0,0.0,0.0,0.0,0.0809674219882505,0.0,-0.02,-19.410000000000004,0.0,0.0,0.0,0.0,0.0,0.0,0.0486518654154268,-0.0999999999999801,5.551115123125783e-17,-21.14000000000001
20.56299999915064,0.0,0.0,0.0,0.0,0.0,0.0,0.0809674219882505,0.0,-0.02,-19.410000000000004,0.0,0.0,0.0,0.0,0.0,0.0,0.0486518654154268,-0.0999999999999801,5.551115123125783e-17,-21.14000000000001
20.57799999974668,0.0,0.0,0.0,0.0,0.0,0.0,0.0808758678568703,0.0,-0.02,-19.410000000000004,0.0,0.0,0.0,0.0,0.0,0.0,0.04854505226215,-0.0999999999999801,5.551115123125783e-17,-21.14000000000001
20.59400000050664,0.0,0.0,0.0,0.0,0.0,0.0,0.0808758678568703,0.0,-0.02,-19.410000000000004,0.0,0.0,0.0,0.0,0.0,0.0,0.0484077210650797,-0.0999999999999801,5.551115123125783e-17,-21.14000000000001
20.60999999940396,0.0,0.0,0.0,0.0,0.0,0.0,0.0808758678568703,0.0,-0.02,-19.410000000000004,0.0,0.0,0.0,0.0,0.0,0.0,0.0484077210650797,-0.0999999999999801,5.551115123125783e-17,-21.14000000000001
20.625,0.0,0.0,0.0,0.0,0.0,0.0,0.0808758678568703,0.0,-0.02,-19.410000000000004,0.0,0.0,0.0,0.0,0.0,0.0,0.0484077210650797,-0.0999999999999801,5.551115123125783e-17,-21.14000000000001
20.64099999889732,0.0,0.0,0.0,0.0,0.0,0.0,0.081043717097734,0.0,-0.02,-19.410000000000004,0.0,0.0,0.0,0.0,0.0,0.0,0.0484077210650797,-0.0999999999999801,5.551115123125783e-17,-21.14000000000001
20.65699999965728,0.0,0.0,0.0,0.0,0.0,0.0,0.0811200122072175,0.0,-0.02,-19.410000000000004,0.0,0.0,0.0,0.0,0.0,0.0,0.0484077210650797,-0.0999999999999801,5.551115123125783e-17,-21.14000000000001
20.68799999915064,0.0,0.0,0.0,0.0,0.0,0.0,0.0811200122072175,0.0,-0.02,-19.410000000000004,0.0,0.0,0.0,0.0,0.0,0.0,0.0488044556343938,-0.0999999999999801,5.551115123125783e-17,-21.14000000000001
20.70299999974668,0.0,0.0,0.0,0.0,0.0,0.0,0.0811200122072175,0.0,-0.02,-19.410000000000004,0.0,0.0,0.0,0.0,0.0,0.0,0.0488044556343938,-0.0999999999999801,5.551115123125783e-17,-21.14000000000001
20.71900000050664,0.0,0.0,0.0,0.0,0.0,0.0,0.0810894941634241,0.0,-0.02,-19.410000000000004,0.0,0.0,0.0,0.0,0.0,0.0,0.0488044556343938,-0.0999999999999801,5.551115123125783e-17,-21.14000000000001
20.73499999940396,0.0,0.0,0.0,0.0,0.0,0.0,0.0810894941634241,0.0,-0.02,-19.410000000000004,0.0,0.0,0.0,0.0,0.0,0.0,0.0487891966124971,-0.0999999999999801,5.551115123125783e-17,-21.14000000000001
20.75,0.0,0.0,0.0,0.0,0.0,0.0,0.0810894941634241,0.0,-0.02,-19.410000000000004,0.0,0.0,0.0,0.0,0.0,0.0,0.0487586785687037,-0.0999999999999801,5.551115123125783e-17,-21.14000000000001
20.76599999889732,0.0,0.0,0.0,0.0,0.0,0.0,0.0810894941634241,0.0,-0.02,-19.410000000000004,0.0,0.0,0.0,0.0,0.0,0.0,0.0487586785687037,-0.0999999999999801,5.551115123125783e-17,-21.14000000000001
20.78199999965728,0.0,0.0,0.0,0.0,0.0,0.0,0.0810894941634241,0.0,-0.02,-19.410000000000004,0.0,0.0,0.0,0.0,0.0,0.0,0.0487586785687037,-0.0999999999999801,5.551115123125783e-17,-21.14000000000001
20.79700000025332,0.0,0.0,0.0,0.0,0.0,0.0,0.0811810482948043,0.0,-0.02,-19.410000000000004,0.0,0.0,0.0,0.0,0.0,0.0,0.0487586785687037,-0.0999999999999801,5.551115123125783e-17,-21.14000000000001
20.81299999915064,0.0,0.0,0.0,0.0,0.0,0.0,0.081196307316701,0.0,-0.02,-19.410000000000004,0.0,0.0,0.0,0.0,0.0,0.0,0.0487586785687037,-0.0999999999999801,5.551115123125783e-17,-21.14000000000001
20.82799999974668,0.0,0.0,0.0,0.0,0.0,0.0,0.0812115663385977,0.0,-0.02,-19.410000000000004,0.0,0.0,0.0,0.0,0.0,0.0,0.048896009765774,-0.0999999999999801,5.551115123125783e-17,-21.14000000000001
20.84400000050664,0.0,0.0,0.0,0.0,0.0,0.0,0.0812268253604944,0.0,-0.02,-19.410000000000004,0.0,0.0,0.0,0.0,0.0,0.0,0.048896009765774,-0.0999999999999801,5.551115123125783e-17,-21.14000000000001
20.85999999940396,0.0,0.0,0.0,0.0,0.0,0.0,0.0812268253604944,0.0,-0.02,-19.410000000000004,0.0,0.0,0.0,0.0,0.0,0.0,0.048896009765774,-0.0999999999999801,5.551115123125783e-17,-21.14000000000001
20.89099999889732,0.0,0.0,0.0,0.0,0.0,0.0,0.0812268253604944,0.0,-0.02,-19.410000000000004,0.0,0.0,0.0,0.0,0.0,0.0,0.0487129015030136,-0.0999999999999801,5.551115123125783e-17,-21.14000000000001
20.90699999965728,0.0,0.0,0.0,0.0,0.0,0.0,0.0812268253604944,0.0,-0.02,-19.410000000000004,0.0,0.0,0.0,0.0,0.0,0.0,0.0487129015030136,-0.0999999999999801,5.551115123125783e-17,-21.14000000000001
20.92200000025332,0.0,0.0,0.0,0.0,0.0,0.0,0.0812268253604944,0.0,-0.02,-19.410000000000004,0.0,0.0,0.0,0.0,0.0,0.0,0.0487129015030136,-0.0999999999999801,5.551115123125783e-17,-21.14000000000001
20.93799999915064,0.0,0.0,0.0,0.0,0.0,0.0,0.0813031204699778,0.0,-0.02,-19.410000000000004,0.0,0.0,0.0,0.0,0.0,0.0,0.0487129015030136,-0.0999999999999801,5.551115123125783e-17,-21.14000000000001
20.95299999974668,0.0,0.0,0.0,0.0,0.0,0.0,0.0815320057984283,0.0,-0.02,-19.410000000000004,0.0,0.0,0.0,0.0,0.0,0.0,0.0487129015030136,-0.0999999999999801,5.551115123125783e-17,-21.14000000000001
20.96900000050664,0.0,0.0,0.0,0.0,0.0,0.0,0.081745632104982,0.0,-0.02,-19.410000000000004,0.0,0.0,0.0,0.0,0.0,0.0,0.048896009765774,-0.0999999999999801,5.551115123125783e-17,-21.14000000000001
20.98499999940396,0.0,0.0,0.0,0.0,0.0,0.0,0.0818066681925688,0.0,-0.02,-19.410000000000004,0.0,0.0,0.0,0.0,0.0,0.0,0.048896009765774,-0.0999999999999801,5.551115123125783e-17,-21.14000000000001
21.0,0.0,0.0,0.0,0.0,0.0,0.0,0.0818371862363622,0.0,-0.02,-19.410000000000004,0.0,0.0,0.0,0.0,0.0,0.0,0.048896009765774,-0.0999999999999801,5.551115123125783e-17,-21.14000000000001
21.01599999889732,0.0,0.0,0.0,0.0,0.0,0.0,0.0818524452582589,0.0,-0.02,-19.410000000000004,0.0,0.0,0.0,0.0,0.0,0.0,0.0487129015030136,-0.0999999999999801,5.551115123125783e-17,-21.14000000000001
21.03199999965728,0.0,0.0,0.0,0.0,0.0,0.0,0.0818524452582589,0.0,-0.02,-19.410000000000004,0.0,0.0,0.0,0.0,0.0,0.0,0.0487129015030136,-0.0999999999999801,5.551115123125783e-17,-21.14000000000001
21.04700000025332,0.0,0.0,0.0,0.0,0.0,0.0,0.0818524452582589,0.0,-0.02,-19.410000000000004,0.0,0.0,0.0,0.0,0.0,0.0,0.0487129015030136,-0.0999999999999801,5.551115123125783e-17,-21.14000000000001
21.07799999974668,0.0,0.0,0.0,0.0,0.0,0.0,0.0818677042801556,0.0,-0.02,-19.410000000000004,0.0,0.0,0.0,0.0,0.0,0.0,0.0487129015030136,-0.0999999999999801,5.551115123125783e-17,-21.14000000000001
21.09400000050664,0.0,0.0,0.0,0.0,0.0,0.0,0.0820660715648127,0.0999999999999943,-0.02,-19.410000000000004,0.0,0.0,0.0,0.0,0.0,0.0,0.0487129015030136,-0.0999999999999801,5.551115123125783e-17,-21.14000000000001
21.10999999940396,0.0,0.0,0.0,0.0,0.0,0.0,0.0821728847180895,0.0999999999999943,-0.02,-19.410000000000004,0.0,0.0,0.0,0.0,0.0,0.0,0.048743419546807,-0.0999999999999801,5.551115123125783e-17,-21.14000000000001
21.125,0.0,0.0,0.0,0.0,0.0,0.0,0.0822339208056763,0.0999999999999943,-0.02,-19.410000000000004,0.0,0.0,0.0,0.0,0.0,0.0,0.048896009765774,-0.0999999999999801,5.551115123125783e-17,-21.14000000000001
21.14099999889732,0.0,0.0,0.0,0.0,0.0,0.0,0.0822339208056763,0.0999999999999943,-0.02,-19.410000000000004,0.0,0.0,0.0,0.0,0.0,0.0,0.048896009765774,-0.0999999999999801,5.551115123125783e-17,-21.14000000000001
21.15699999965728,0.0,0.0,0.0,0.0,0.0,0.0,0.0822796978713664,0.0999999999999943,-0.02,-19.410000000000004,0.0,0.0,0.0,0.0,0.0,0.0,0.048896009765774,-0.0999999999999801,5.551115123125783e-17,-21.14000000000001
21.17200000025332,0.0,0.0,0.0,0.0,0.0,0.0,0.0822796978713664,0.0999999999999943,-0.02,-19.410000000000004,0.0,0.0,0.0,0.0,0.0,0.0,0.0488197146562905,-0.0999999999999801,5.551115123125783e-17,-21.14000000000001
21.18799999915064,0.0,0.0,0.0,0.0,0.0,0.0,0.0822796978713664,0.0999999999999943,-0.02,-19.410000000000004,0.0,0.0,0.0,0.0,0.0,0.0,0.0488197146562905,-0.0999999999999801,5.551115123125783e-17,-21.14000000000001
21.20299999974668,0.0,0.0,0.0,0.0,0.0,0.0,0.0822796978713664,0.0999999999999943,-0.02,-19.410000000000004,0.0,0.0,0.0,0.0,0.0,0.0,0.0488197146562905,-0.0999999999999801,5.551115123125783e-17,-21.14000000000001
21.21900000050664,0.0,0.0,0.0,0.0,0.0,0.0,0.0823865110246433,0.0999999999999943,-0.02,-19.410000000000004,0.0,0.0,0.0,0.0,0.0,0.0,0.0488197146562905,-0.0999999999999801,5.551115123125783e-17,-21.14000000000001
21.23499999940396,0.0,0.0,0.0,0.0,0.0,0.0,0.082600137331197,0.0999999999999943,-0.02,-19.410000000000004,0.0,0.0,0.0,0.0,0.0,0.0,0.0488197146562905,-0.0999999999999801,5.551115123125783e-17,-21.14000000000001
21.25,0.0,0.0,0.0,0.0,0.0,0.0,0.0826611734187838,0.0999999999999943,-0.02,-19.410000000000004,0.0,0.0,0.0,0.0,0.0,0.0,0.0489112687876707,-0.0999999999999801,5.551115123125783e-17,-21.14000000000001
21.28199999965728,0.0,0.0,0.0,0.0,0.0,0.0,0.0827069504844739,0.0999999999999943,-0.02,-19.410000000000004,0.0,0.0,0.0,0.0,0.0,0.0,0.0489112687876707,-0.0999999999999801,5.551115123125783e-17,-21.14000000000001
21.29700000025332,0.0,0.0,0.0,0.0,0.0,0.0,0.0827222095063706,0.0999999999999943,-0.02,-19.410000000000004,0.0,0.0,0.0,0.0,0.0,0.0,0.0489112687876707,-0.0999999999999801,5.551115123125783e-17,-21.14000000000001
21.31299999915064,0.0,0.0,0.0,0.0,0.0,0.0,0.0827222095063706,0.0999999999999943,-0.02,-19.410000000000004,0.0,0.0,0.0,0.0,0.0,0.0,0.0488197146562905,-0.0999999999999801,5.551115123125783e-17,-21.14000000000001
21.32799999974668,0.0,0.0,0.0,0.0,0.0,0.0,0.0827222095063706,0.0999999999999943,-0.02,-19.410000000000004,0.0,0.0,0.0,0.0,0.0,0.0,0.0488044556343938,-0.0999999999999801,5.551115123125783e-17,-21.14000000000001
21.34400000050664,0.0,0.0,0.0,0.0,0.0,0.0,0.0827222095063706,0.0999999999999943,-0.02,-19.410000000000004,0.0,0.0,0.0,0.0,0.0,0.0,0.0488044556343938,-0.0999999999999801,5.551115123125783e-17,-21.14000000000001
21.35999999940396,0.0,0.0,0.0,0.0,0.0,0.0,0.0827222095063706,0.0999999999999943,-0.02,-19.410000000000004,0.0,0.0,0.0,0.0,0.0,0.0,0.0488044556343938,-0.0999999999999801,5.551115123125783e-17,-21.14000000000001
21.375,0.0,0.0,0.0,0.0,0.0,0.0,0.0829205767910277,0.0999999999999943,-0.02,-19.410000000000004,0.0,0.0,0.0,0.0,0.0,0.0,0.0488044556343938,-0.0999999999999801,5.551115123125783e-17,-21.14000000000001
21.39099999889732,0.0,0.0,0.0,0.0,0.0,0.0,0.0830273899443045,0.0999999999999943,-0.02,-19.410000000000004,0.0,0.0,0.0,0.0,0.0,0.0,0.0488044556343938,-0.0999999999999801,5.551115123125783e-17,-21.14000000000001
21.40699999965728,0.0,0.0,0.0,0.0,0.0,0.0,0.0830273899443045,0.0999999999999943,-0.02,-19.410000000000004,0.0,0.0,0.0,0.0,0.0,0.0,0.0488044556343938,-0.0999999999999801,5.551115123125783e-17,-21.14000000000001
21.42200000025332,0.0,0.0,0.0,0.0,0.0,0.0,0.0830273899443045,0.0999999999999943,-0.02,-19.410000000000004,0.0,0.0,0.0,0.0,0.0,0.0,0.0488044556343938,-0.0999999999999801,5.551115123125783e-17,-21.14000000000001
21.43799999915064,0.0,0.0,0.0,0.0,0.0,0.0,0.0830731670099946,0.0999999999999943,-0.02,-19.410000000000004,0.0,0.0,0.0,0.0,0.0,0.0,0.0486671244373235,-0.0999999999999801,5.551115123125783e-17,-21.14000000000001
21.45299999974668,0.0,0.0,0.0,0.0,0.0,0.0,0.0830731670099946,0.0999999999999943,-0.02,-19.410000000000004,0.0,0.0,0.0,0.0,0.0,0.0,0.0486518654154268,-0.0999999999999801,5.551115123125783e-17,-21.14000000000001
21.48499999940396,0.0,0.0,0.0,0.0,0.0,0.0,0.083256275272755,0.0999999999999943,-0.02,-19.410000000000004,0.0,0.0,0.0,0.0,0.0,0.0,0.0485603112840467,-0.0999999999999801,5.551115123125783e-17,-21.14000000000001
21.5,0.0,0.0,0.0,0.0,0.0,0.0,0.0830273899443045,0.0999999999999943,-0.02,-19.410000000000004,0.0,0.0,0.0,0.0,0.0,0.0,0.0485603112840467,-0.0999999999999801,5.551115123125783e-17,-21.14000000000001
21.51599999889732,0.0,0.0,0.0,0.0,0.0,0.0,0.0805859464408331,0.0999999999999943,-0.02,-19.410000000000004,0.0,0.0,0.0,0.0,0.0,0.0,0.0485603112840467,-0.0999999999999801,5.551115123125783e-17,-21.14000000000001
21.53199999965728,0.0,0.0,0.0,0.0,0.0,0.0,0.0830273899443045,0.0999999999999943,-0.02,-19.410000000000004,0.0,0.0,0.0,0.0,0.0,0.0,0.0485603112840467,-0.0999999999999801,5.551115123125783e-17,-21.14000000000001
21.54700000025332,0.0,0.0,0.0,0.0,0.0,0.0,0.0830273899443045,0.0999999999999943,-0.02,-19.410000000000004,0.0,0.0,0.0,0.0,0.0,0.0,0.0485603112840467,-0.0999999999999801,5.551115123125783e-17,-21.14000000000001
21.56299999915064,0.0,0.0,0.0,0.0,0.0,0.0,0.0830731670099946,0.0999999999999943,-0.02,-19.410000000000004,0.0,0.0,0.0,0.0,0.0,0.0,0.0485603112840467,-0.0999999999999801,5.551115123125783e-17,-21.14000000000001
21.57799999974668,0.0,0.0,0.0,0.0,0.0,0.0,0.0831952391851682,0.0999999999999943,-0.02,-19.410000000000004,0.0,0.0,0.0,0.0,0.0,0.0,0.0484992751964599,-0.0999999999999801,5.551115123125783e-17,-21.14000000000001
21.59400000050664,0.0,0.0,0.0,0.0,0.0,0.0,0.0831952391851682,0.0999999999999943,-0.02,-19.410000000000004,0.0,0.0,0.0,0.0,0.0,0.0,0.0484229800869764,-0.0999999999999801,5.551115123125783e-17,-21.14000000000001
21.60999999940396,0.0,0.0,0.0,0.0,0.0,0.0,0.0831799801632715,0.0999999999999943,-0.02,-19.410000000000004,0.0,0.0,0.0,0.0,0.0,0.0,0.0484229800869764,-0.0999999999999801,5.551115123125783e-17,-21.14000000000001
21.625,0.0,0.0,0.0,0.0,0.0,0.0,0.0831952391851682,0.0999999999999943,-0.02,-19.410000000000004,0.0,0.0,0.0,0.0,0.0,0.0,0.048392462043183,-0.0999999999999801,5.551115123125783e-17,-21.14000000000001
21.65699999965728,0.0,0.0,0.0,0.0,0.0,0.0,0.0831952391851682,0.0999999999999943,-0.02,-19.410000000000004,0.0,0.0,0.0,0.0,0.0,0.0,0.048392462043183,-0.0999999999999801,5.551115123125783e-17,-21.14000000000001
21.67200000025332,0.0,0.0,0.0,0.0,0.0,0.0,0.0831952391851682,0.0999999999999943,-0.02,-19.410000000000004,0.0,0.0,0.0,0.0,0.0,0.0,0.048392462043183,-0.0999999999999801,5.551115123125783e-17,-21.14000000000001
21.68799999915064,0.0,0.0,0.0,0.0,0.0,0.0,0.0831952391851682,0.0999999999999943,-0.02,-19.410000000000004,0.0,0.0,0.0,0.0,0.0,0.0,0.0483619439993896,-0.0999999999999801,5.551115123125783e-17,-21.14000000000001
21.70299999974668,0.0,0.0,0.0,0.0,0.0,0.0,0.0833173113603418,0.0999999999999943,-0.02,-19.410000000000004,0.0,0.0,0.0,0.0,0.0,0.0,0.0483619439993896,-0.0999999999999801,5.551115123125783e-17,-21.14000000000001
21.71900000050664,0.0,0.0,0.0,0.0,0.0,0.0,0.0833173113603418,0.0999999999999943,-0.02,-19.410000000000004,0.0,0.0,0.0,0.0,0.0,0.0,0.0482246128023193,-0.0999999999999801,5.551115123125783e-17,-21.14000000000001
21.73499999940396,0.0,0.0,0.0,0.0,0.0,0.0,0.0833173113603418,0.0999999999999943,-0.02,-19.410000000000004,0.0,0.0,0.0,0.0,0.0,0.0,0.0480567635614557,-0.0999999999999801,5.551115123125783e-17,-21.14000000000001
21.75,0.0,0.0,0.0,0.0,0.0,0.0,0.0831799801632715,0.0999999999999943,-0.02,-19.410000000000004,0.0,0.0,0.0,0.0,0.0,0.0,0.0480109864957656,-0.0999999999999801,5.551115123125783e-17,-21.14000000000001
21.76599999889732,0.0,0.0,0.0,0.0,0.0,0.0,0.0831799801632715,0.0999999999999943,-0.02,-19.410000000000004,0.0,0.0,0.0,0.0,0.0,0.0,0.0480109864957656,-0.0999999999999801,5.551115123125783e-17,-21.14000000000001
21.78199999965728,0.0,0.0,0.0,0.0,0.0,0.0,0.0831799801632715,0.0999999999999943,-0.02,-19.410000000000004,0.0,0.0,0.0,0.0,0.0,0.0,0.0479957274738689,-0.0999999999999801,5.551115123125783e-17,-21.14000000000001
21.79700000025332,0.0,0.0,0.0,0.0,0.0,0.0,0.0831799801632715,0.0999999999999943,-0.02,-19.410000000000004,0.0,0.0,0.0,0.0,0.0,0.0,0.0479804684519722,-0.0999999999999801,5.551115123125783e-17,-21.14000000000001
21.81299999915064,0.0,0.0,0.0,0.0,0.0,0.0,0.0831799801632715,0.0999999999999943,-0.02,-19.410000000000004,0.0,0.0,0.0,0.0,0.0,0.0,0.0479652094300755,-0.0999999999999801,5.551115123125783e-17,-21.14000000000001
21.82799999974668,0.0,0.0,0.0,0.0,0.0,0.0,0.0833936064698253,0.0999999999999943,-0.02,-19.410000000000004,0.0,0.0,0.0,0.0,0.0,0.0,0.0479346913862821,-0.0999999999999801,5.551115123125783e-17,-21.14000000000001
21.85999999940396,0.0,0.0,0.0,0.0,0.0,0.0,0.083454642557412,0.0999999999999943,-0.02,-19.410000000000004,0.0,0.0,0.0,0.0,0.0,0.0,0.047888914320592,-0.0999999999999801,5.551115123125783e-17,-21.14000000000001
21.875,0.0,0.0,0.0,0.0,0.0,0.0,0.083454642557412,0.0999999999999943,-0.02,-19.410000000000004,0.0,0.0,0.0,0.0,0.0,0.0,0.0477363241016251,-0.0999999999999801,5.551115123125783e-17,-21.14000000000001
21.89099999889732,0.0,0.0,0.0,0.0,0.0,0.0,0.083454642557412,0.0999999999999943,-0.02,-19.410000000000004,0.0,0.0,0.0,0.0,0.0,0.0,0.0475837338826581,-0.0999999999999801,5.551115123125783e-17,-21.14000000000001
21.90699999965728,0.0,0.0,0.0,0.0,0.0,0.0,0.083454642557412,0.0999999999999943,-0.02,-19.410000000000004,0.0,0.0,0.0,0.0,0.0,0.0,0.0475837338826581,-0.0999999999999801,5.551115123125783e-17,-21.14000000000001
21.92200000025332,0.0,0.0,0.0,0.0,0.0,0.0,0.083454642557412,0.0999999999999943,-0.02,-19.410000000000004,0.0,0.0,0.0,0.0,0.0,0.0,0.047537956816968,-0.0999999999999801,5.551115123125783e-17,-21.14000000000001
21.93799999915064,0.0,0.0,0.0,0.0,0.0,0.0,0.0835156786449988,0.0999999999999943,-0.02,-19.410000000000004,0.0,0.0,0.0,0.0,0.0,0.0,0.0475226977950713,-0.0999999999999801,5.551115123125783e-17,-21.14000000000001
21.95299999974668,0.0,0.0,0.0,0.0,0.0,0.0,0.0835461966887922,0.0999999999999943,-0.02,-19.410000000000004,0.0,0.0,0.0,0.0,0.0,0.0,0.0475226977950713,-0.0999999999999801,5.551115123125783e-17,-21.14000000000001
21.96900000050664,0.0,0.0,0.0,0.0,0.0,0.0,0.0838818951705195,0.0999999999999943,-0.02,-19.410000000000004,0.0,0.0,0.0,0.0,0.0,0.0,0.0475074387731746,-0.0999999999999801,5.551115123125783e-17,-21.14000000000001
21.98499999940396,0.0,0.0,0.0,0.0,0.0,0.0,0.0842633707179369,0.0999999999999943,-0.02,-19.410000000000004,0.0,0.0,0.0,0.0,0.0,0.0,0.0473395895323109,-0.0999999999999801,5.551115123125783e-17,-21.14000000000001
22.0,0.0,0.0,0.0,0.0,0.0,0.0,0.084461738002594,0.0999999999999943,-0.02,-19.410000000000004,0.0,0.0,0.0,0.0,0.0,0.0,0.0473395895323109,-0.0999999999999801,5.551115123125783e-17,-21.14000000000001
22.01599999889732,0.0,0.0,0.0,0.0,0.0,0.0,0.0845380331120775,0.0999999999999943,-0.02,-19.410000000000004,0.0,0.0,0.0,0.0,0.0,0.0,0.0472785534447242,-0.0999999999999801,5.551115123125783e-17,-21.14000000000001
22.03199999965728,0.0,0.0,0.0,0.0,0.0,0.0,0.0845685511558709,0.0999999999999943,-0.02,-19.410000000000004,0.0,0.0,0.0,0.0,0.0,0.0,0.0471564812695506,-0.0999999999999801,5.551115123125783e-17,-21.14000000000001
