time_s,L_fx1,L_fy1,L_fz1,L_fx2,L_fy2,L_fz2,L_proximity,L_roll,L_pitch,L_yaw,R_fx1,R_fy1,R_fz1,R_fx2,R_fy2,R_fz2,R_proximity,R_roll,R_pitch,R_yaw
0.0,0.0,0.0,0.0,0.0,0.0,0.0,0.0047669184405279,0.0300000000000011,-0.0699999999999999,0.0500000000000113,0.0,0.0,0.0,0.0,0.0,0.0,0.0044205386434729,1.4210854715202004e-14,5.551115123125783e-17,2.8421709430404014e-14
0.015999998897314,0.0,0.0,0.0,0.0,0.0,0.0,0.0038513771267261,0.0300000000000011,-0.0699999999999999,0.0500000000000113,0.0,0.0,0.0,0.0,0.0,0.0,0.0040085450522621,1.4210854715202004e-14,5.551115123125783e-17,2.8421709430404014e-14
0.0319999996572732,0.0,0.0,0.0,0.0,0.0,0.0,0.0028595407034409,0.0300000000000011,0.03,0.0500000000000113,0.0,0.0,0.0,0.0,0.0,0.0,0.0032455939574273,1.4210854715202004e-14,5.551115123125783e-17,2.8421709430404014e-14
0.0470000002533197,0.0,0.0,0.0,0.0,0.0,0.0,0.0028595407034409,0.0300000000000011,0.03,0.0500000000000113,0.0,0.0,0.0,0.0,0.0,0.0,0.0024368657969024,1.4210854715202004e-14,5.551115123125783e-17,2.8421709430404014e-14
0.0779999997466802,0.0,0.0,0.0,0.0,0.0,0.0,0.0027832455939574,-0.0699999999999931,0.03,0.0500000000000113,0.0,0.0,0.0,0.0,0.0,0.0,0.001902800030518,1.4210854715202004e-14,5.551115123125783e-17,2.8421709430404014e-14
0.0940000005066394,0.0,0.0,0.0,0.0,0.0,0.0,0.0024780651560235,-0.0699999999999931,0.03,0.0500000000000113,0.0,0.0,0.0,0.0,0.0,0.0,0.0018722819867246,1.4210854715202004e-14,5.551115123125783e-17,2.8421709430404014e-14
0.1099999994039535,0.0,0.0,0.0,0.0,0.0,0.0,0.0022339208056763,-0.0699999999999931,0.03,0.1500000000000128,0.0,0.0,0.0,0.0,0.0,0.0,0.0018722819867246,1.4210854715202004e-14,5.551115123125783e-17,2.8421709430404014e-14
0.125,0.0,0.0,0.0,0.0,0.0,0.0,0.0009369039444571,-0.0699999999999931,0.03,0.1500000000000128,0.0,0.0,0.0,0.0,0.0,0.0,0.0018722819867246,1.4210854715202004e-14,5.551115123125783e-17,2.8421709430404014e-14
0.140999998897314,0.0,0.0,0.0,0.0,0.0,0.0,0.0003112840466926,0.0300000000000011,0.03,0.1500000000000128,0.0,0.0,0.0,0.0,0.0,0.0,0.0018722819867246,1.4210854715202004e-14,5.551115123125783e-17,2.8421709430404014e-14
0.1569999996572733,0.0,0.0,0.0,0.0,0.0,0.0,0.0003112840466926,0.0300000000000011,0.03,0.1500000000000128,0.0,0.0,0.0,0.0,0.0,0.0,0.0018722819867246,1.4210854715202004e-14,5.551115123125783e-17,2.8421709430404014e-14
0.1720000002533197,0.0,0.0,0.0,0.0,0.0,0.0,0.0003112840466926,0.0300000000000011,0.03,0.1500000000000128,0.0,0.0,0.0,0.0,0.0,0.0,0.002604715037766,0.1000000000000085,5.551115123125783e-17,2.8421709430404014e-14
0.1879999991506338,0.0,0.0,0.0,0.0,0.0,0.0,0.0003112840466926,0.1299999999999954,0.03,0.1500000000000128,0.0,0.0,0.0,0.0,0.0,0.0,0.0028183413443198,0.1000000000000085,5.551115123125783e-17,2.8421709430404014e-14
0.2190000005066394,0.0,0.0,0.0,0.0,0.0,0.0,0.0003112840466926,0.1299999999999954,0.03,0.1500000000000128,0.0,0.0,0.0,0.0,0.0,0.0,0.0028641184100099,0.1000000000000085,5.551115123125783e-17,2.8421709430404014e-14
0.2349999994039535,0.0,0.0,0.0,0.0,0.0,0.0,0.0027679865720607,0.1299999999999954,0.03,0.1500000000000128,0.0,0.0,0.0,0.0,0.0,0.0,0.0040543221179522,0.2000000000000028,5.551115123125783e-17,2.8421709430404014e-14
0.25,0.0,0.0,0.0,0.0,0.0,0.0,0.0038666361486228,0.1299999999999954,0.03,0.1500000000000128,0.0,0.0,0.0,0.0,0.0,0.0,0.0056107423514152,0.2000000000000028,5.551115123125783e-17,2.8421709430404014e-14
0.265999998897314,0.0,0.0,0.0,0.0,0.0,0.0,0.0059571221484703,0.1299999999999954,0.03,0.1500000000000128,0.0,0.0,0.0,0.0,0.0,0.0,0.0070603494316014,0.2000000000000028,5.551115123125783e-17,2.8421709430404014e-14
0.2819999996572733,0.0,0.0,0.0,0.0,0.0,0.0,0.0092530708781567,0.1299999999999954,0.03,0.1500000000000128,0.0,0.0,0.0,0.0,0.0,0.0,0.008586251621271,0.2000000000000028,5.551115123125783e-17,2.8421709430404014e-14
0.2970000002533197,0.0,0.0,0.0,0.0,0.0,0.0,0.0140444037537194,0.1299999999999954,0.03,0.1500000000000128,0.0,0.0,0.0,0.0,0.0,0.0,0.0095170519569695,0.2000000000000028,5.551115123125783e-17,2.8421709430404014e-14
0.3129999991506338,0.0,0.0,0.0,0.0,0.0,0.0,0.0164858472571908,0.1299999999999954,0.03,0.1500000000000128,0.0,0.0,0.0,0.0,0.0,0.0,0.012309452964065,0.2000000000000028,5.551115123125783e-17,2.8421709430404014e-14
0.3279999997466802,0.0,0.0,0.0,0.0,0.0,0.0,0.0180117494468604,0.1299999999999954,0.03,0.1500000000000128,0.0,0.0,0.0,0.0,0.0,0.0,0.0180773632410162,0.2000000000000028,5.551115123125783e-17,2.8421709430404014e-14
0.3440000005066395,0.0,0.0,0.0,0.0,0.0,0.0,0.0207888914320592,0.1299999999999954,0.03,0.1500000000000128,0.0,0.0,0.0,0.0,0.0,0.0,0.022410925459678,0.2000000000000028,5.551115123125783e-17,2.8421709430404014e-14
0.3599999994039535,0.0,0.0,0.0,0.0,0.0,0.0,0.023764400701915,0.1299999999999954,0.03,0.1500000000000128,0.0,0.0,0.0,0.0,0.0,0.0,0.0227466239414053,0.2000000000000028,5.551115123125783e-17,2.8421709430404014e-14
0.375,0.0,0.0,0.0,0.0,0.0,0.0,0.0281589990081635,0.1299999999999954,0.03,0.1500000000000128,0.0,0.0,0.0,0.0,0.0,0.0,0.0238757915617609,0.2000000000000028,5.551115123125783e-17,2.8421709430404014e-14
0.390999998897314,0.0,0.0,0.0,0.0,0.0,0.0,0.0331029221026932,0.1299999999999954,0.03,0.1500000000000128,0.0,0.0,0.0,0.0,0.0,0.0,0.0247302967879759,0.2000000000000028,5.551115123125783e-17,2.8421709430404014e-14
0.4220000002533197,0.0,0.0,0.0,0.0,0.0,0.0,0.038138399328603,0.1299999999999954,0.03,0.1500000000000128,0.0,0.0,0.0,0.0,0.0,0.0,0.0329701686121919,0.2000000000000028,5.551115123125783e-17,2.8421709430404014e-14
0.4379999991506338,0.0,0.0,0.0,0.0,0.0,0.0,0.042563515678645,0.1299999999999954,0.03,0.1500000000000128,0.0,0.0,0.0,0.0,0.0,0.0,0.0475272755016403,0.2000000000000028,5.551115123125783e-17,2.8421709430404014e-14
0.4529999997466802,0.0,0.0,0.0,0.0,0.0,0.0,0.0477058060578317,0.1299999999999954,0.03,0.1500000000000128,0.0,0.0,0.0,0.0,0.0,0.0,0.0539513237201495,0.3000000000000113,5.551115123125783e-17,2.8421709430404014e-14
0.4690000005066395,0.0,0.0,0.0,0.0,0.0,0.0,0.0516426337071793,0.2300000000000039,0.03,0.1500000000000128,0.0,0.0,0.0,0.0,0.0,0.0,0.055233081559472,0.3000000000000113,5.551115123125783e-17,2.8421709430404014e-14
0.4849999994039535,0.0,0.0,0.0,0.0,0.0,0.0,0.0541603723201342,0.2300000000000039,-0.0699999999999999,0.1500000000000128,0.0,0.0,0.0,0.0,0.0,0.0,0.0602227817196917,0.3000000000000113,5.551115123125783e-17,2.8421709430404014e-14
0.5,0.0,0.0,0.0,0.0,0.0,0.0,0.0580209048599984,0.2300000000000039,-0.0699999999999999,0.1500000000000128,0.0,0.0,0.0,0.0,0.0,0.0,0.0626947432669565,0.3000000000000113,5.551115123125783e-17,2.8421709430404014e-14
0.5159999988973141,0.0,0.0,0.0,0.0,0.0,0.0,0.0658030060273136,0.1299999999999954,-0.0699999999999999,0.1500000000000128,0.0,0.0,0.0,0.0,0.0,0.0,0.064785229266804,0.3000000000000113,5.551115123125783e-17,2.8421709430404014e-14
0.5319999996572733,0.0,0.0,0.0,0.0,0.0,0.0,0.0698771648737316,0.1299999999999954,-0.0699999999999999,0.1500000000000128,0.0,0.0,0.0,0.0,0.0,0.0,0.0649225604638742,0.3000000000000113,5.551115123125783e-17,2.8421709430404014e-14
0.5470000002533197,0.0,0.0,0.0,0.0,0.0,0.0,0.0757061112382696,0.1299999999999954,0.03,0.1500000000000128,0.0,0.0,0.0,0.0,0.0,0.0,0.0653192950331883,0.3000000000000113,5.551115123125783e-17,2.8421709430404014e-14
0.5629999991506338,0.0,0.0,0.0,0.0,0.0,0.0,0.0795666437781338,0.1299999999999954,0.03,0.2500000000000142,0.0,0.0,0.0,0.0,0.0,0.0,0.0653192950331883,0.3000000000000113,5.551115123125783e-17,2.8421709430404014e-14
0.5779999997466803,0.0,0.0,0.0,0.0,0.0,0.0,0.0797802700846875,0.1299999999999954,0.03,0.2500000000000142,0.0,0.0,0.0,0.0,0.0,0.0,0.0652277409018082,0.3000000000000113,5.551115123125783e-17,2.8421709430404014e-14
0.5940000005066395,0.0,0.0,0.0,0.0,0.0,0.0,0.0828931105516136,0.1299999999999954,0.03,0.2500000000000142,0.0,0.0,0.0,0.0,0.0,0.0,0.0626947432669565,0.3000000000000113,5.551115123125783e-17,2.8421709430404014e-14
0.625,0.0,0.0,0.0,0.0,0.0,0.0,0.0913008316166933,0.1299999999999954,-0.0699999999999999,0.2500000000000142,0.0,0.0,0.0,0.0,0.0,0.0,0.0624505989166094,0.3000000000000113,5.551115123125783e-17,2.8421709430404014e-14
0.6409999988973141,0.0,0.0,0.0,0.0,0.0,0.0,0.0974959945067521,0.1299999999999954,-0.0699999999999999,0.2500000000000142,0.0,0.0,0.0,0.0,0.0,0.0,0.0624505989166094,0.3000000000000113,5.551115123125783e-17,2.8421709430404014e-14
0.6569999996572733,0.0,0.0,0.0,0.0,0.0,0.0,0.0999069199664301,0.1299999999999954,-0.0699999999999999,0.2500000000000142,0.0,0.0,0.0,0.0,0.0,0.0,0.0624505989166094,0.3000000000000113,5.551115123125783e-17,2.8421709430404014e-14
0.6720000002533197,0.0,0.0,0.0,0.0,0.0,0.0,0.1034622720683604,0.1299999999999954,-0.0699999999999999,0.2500000000000142,0.0,0.0,0.0,0.0,0.0,0.0,0.0624505989166094,0.3000000000000113,5.551115123125783e-17,2.8421709430404014e-14
0.6879999991506338,0.0,0.0,0.0,0.0,0.0,0.0,0.1090928511482414,0.1299999999999954,-0.0699999999999999,0.2500000000000142,0.0,0.0,0.0,0.0,0.0,0.0,0.0624505989166094,0.3000000000000113,5.551115123125783e-17,2.8421709430404014e-14
0.7029999997466803,0.0,0.0,0.0,0.0,0.0,0.0,0.1140520332646677,0.2300000000000039,-0.0699999999999999,0.1500000000000128,0.0,0.0,0.0,0.0,0.0,0.0,0.0648767833981841,0.3000000000000113,5.551115123125783e-17,2.8421709430404014e-14
0.7190000005066395,0.0,0.0,0.0,0.0,0.0,0.0,0.116096742198825,0.2300000000000039,-0.0699999999999999,0.1500000000000128,0.0,0.0,0.0,0.0,0.0,0.0,0.0677607385366598,0.3000000000000113,5.551115123125783e-17,2.8421709430404014e-14
0.7349999994039536,0.0,0.0,0.0,0.0,0.0,0.0,0.1233447775997558,0.2300000000000039,-0.0699999999999999,0.1500000000000128,0.0,0.0,0.0,0.0,0.0,0.0,0.0704463263904783,0.3000000000000113,5.551115123125783e-17,2.8421709430404014e-14
0.75,0.0,0.0,0.0,0.0,0.0,0.0,0.1308522163729305,0.2300000000000039,-0.0699999999999999,0.1500000000000128,0.0,0.0,0.0,0.0,0.0,0.0,0.0724605172808423,0.3000000000000113,5.551115123125783e-17,2.8421709430404014e-14
0.7659999988973141,0.0,0.0,0.0,0.0,0.0,0.0,0.1383901731898985,0.2300000000000039,-0.0699999999999999,0.1500000000000128,0.0,0.0,0.0,0.0,0.0,0.0,0.0774349584191653,0.3000000000000113,5.551115123125783e-17,2.8421709430404014e-14
0.7819999996572733,0.0,0.0,0.0,0.0,0.0,0.0,0.1399771114671549,0.1299999999999954,-0.0699999999999999,0.2500000000000142,0.0,0.0,0.0,0.0,0.0,0.0,0.0833707179369802,0.3000000000000113,5.551115123125783e-17,2.8421709430404014e-14
0.7970000002533197,0.0,0.0,0.0,0.0,0.0,0.0,0.1475303273060196,0.1299999999999954,-0.0699999999999999,0.2500000000000142,0.0,0.0,0.0,0.0,0.0,0.0,0.0873685816739147,0.3000000000000113,5.551115123125783e-17,2.8421709430404014e-14
0.8279999997466803,0.0,0.0,0.0,0.0,0.0,0.0,0.1557854581521324,0.1299999999999954,-0.0699999999999999,0.2500000000000142,0.0,0.0,0.0,0.0,0.0,0.0,0.0904509040970474,0.3000000000000113,5.551115123125783e-17,2.8421709430404014e-14
0.8440000005066395,0.0,0.0,0.0,0.0,0.0,0.0,0.1653681239032578,0.1299999999999954,-0.0699999999999999,0.2500000000000142,0.0,0.0,0.0,0.0,0.0,0.0,0.0936095216296635,0.2000000000000028,5.551115123125783e-17,2.8421709430404014e-14
0.8599999994039536,0.0,0.0,0.0,0.0,0.0,0.0,0.1805050736247806,0.1299999999999954,-0.0699999999999999,0.2500000000000142,0.0,0.0,0.0,0.0,0.0,0.0,0.0951659418631265,0.2000000000000028,5.551115123125783e-17,0.1000000000000227
0.875,0.0,0.0,0.0,0.0,0.0,0.0,0.2204226749065385,0.1299999999999954,-0.0699999999999999,0.2500000000000142,0.0,0.0,0.0,0.0,0.0,0.0,0.0989196612497139,0.2000000000000028,5.551115123125783e-17,0.1000000000000227
0.8909999988973141,0.0,0.0,0.0,0.0,0.0,0.0,0.2372381170366979,0.1299999999999954,-0.0699999999999999,0.2500000000000142,0.0,0.0,0.0,0.0,0.0,0.0,0.1089753566796368,0.2000000000000028,5.551115123125783e-17,0.1000000000000227
0.9069999996572732,0.0,0.0,0.0,0.0,0.0,0.0,0.2653757534142061,0.1299999999999954,-0.0699999999999999,0.2500000000000142,0.0,0.0,0.0,0.0,0.0,0.0,0.1209842069123369,0.2000000000000028,5.551115123125783e-17,2.8421709430404014e-14
0.9220000002533196,0.0,0.0,0.0,0.0,0.0,0.0,0.2684885938811322,0.1299999999999954,-0.0699999999999999,0.2500000000000142,0.0,0.0,0.0,0.0,0.0,0.0,0.1240817883573663,0.2000000000000028,5.551115123125783e-17,2.8421709430404014e-14
0.9379999991506338,0.0,0.0,0.0,0.0,0.0,0.0,0.2806042572671092,0.1299999999999954,-0.0699999999999999,0.1500000000000128,0.0,0.0,0.0,0.0,0.0,0.0,0.1458411535820554,0.2000000000000028,5.551115123125783e-17,2.8421709430404014e-14
0.9529999997466804,0.0,0.0,0.0,0.0,0.0,0.0,0.2971450370031281,0.1299999999999954,-0.0699999999999999,0.1500000000000128,0.0,0.0,0.0,0.0,0.0,0.0,0.1796093690394445,0.1000000000000085,5.551115123125783e-17,2.8421709430404014e-14
0.9849999994039536,0.0,0.0,0.0,0.053,0.0009,0.0,0.3205371175707637,0.1299999999999954,-0.0699999999999999,0.1500000000000128,0.0,0.0,0.0,0.0,0.0,0.0,0.2548363469901579,0.1000000000000085,5.551115123125783e-17,2.8421709430404014e-14
1.0,0.0,0.0,0.0,0.1165,0.0454,0.0366,0.3252521553368429,0.0300000000000011,-0.0699999999999999,0.1500000000000128,0.0,0.0,0.0048,0.0,0.0,0.0,0.2379140917067216,0.1000000000000085,5.551115123125783e-17,0.1000000000000227
1.015999998897314,0.0,0.0,0.0,0.1626,0.0692,0.0882,0.3302876325627527,0.0300000000000011,-0.0699999999999999,0.1500000000000128,0.0,0.0,0.0763999999999996,0.0,0.0,0.0,0.2478171969176776,0.1000000000000085,5.551115123125783e-17,0.1000000000000227
1.0319999996572733,0.0,0.0,0.0,0.186,0.0598,0.1492,0.3307911802853437,0.0300000000000011,-0.0699999999999999,0.1500000000000128,0.0,0.0,0.1524,0.0,0.0213,0.0,0.2548363469901579,1.4210854715202004e-14,5.551115123125783e-17,0.1000000000000227
1.0470000002533195,0.0,0.0,0.0,0.2046,0.0476,0.2488,0.3545342183566033,0.0300000000000011,-0.0699999999999999,0.1500000000000128,-0.0523,0.0,0.2752,-0.0088,0.0136,0.0,0.2637323567559319,1.4210854715202004e-14,5.551115123125783e-17,0.1000000000000227
1.0629999991506338,0.0,0.0,0.0,0.2152,0.0187,0.3318,0.3739894712748913,0.0300000000000011,0.03,0.1500000000000128,-0.1316,0.0,0.4019999999999998,-0.0597,0.0,0.0398,0.2637323567559319,1.4210854715202004e-14,5.551115123125783e-17,0.1000000000000227
1.0779999997466805,0.0,0.0,0.0,0.2357,0.0,0.4263999999999998,0.3750118257419699,-0.0699999999999931,0.03,0.2500000000000142,-0.1926,0.0,0.5174,-0.1062,0.0,0.0698,0.282882429236286,1.4210854715202004e-14,5.551115123125783e-17,0.1000000000000227
1.1099999994039536,0.0,0.0,0.0,0.2468,0.0,0.5357999999999998,0.3852658884565499,-0.0699999999999931,0.03,0.2500000000000142,-0.2331,-0.0034,0.594,-0.1662,0.0,0.1191999999999998,0.2918394750896467,-0.0999999999999943,5.551115123125783e-17,0.200000000000017
1.125,0.0,0.0,0.0,0.2769,0.0,0.6281999999999998,0.3948180361638819,-0.0699999999999931,0.03,0.2500000000000142,-0.2777,-0.0025,0.6574,-0.2239,0.0,0.1899999999999998,0.3075410086213473,-0.0999999999999943,5.551115123125783e-17,0.200000000000017
1.140999998897314,0.0,0.0,0.0,0.2852,0.0,0.7178,0.4103364614328221,-0.0699999999999931,0.03,0.2500000000000142,-0.3154,-0.0085,0.696,-0.2956,0.0,0.269,0.321884489204242,-0.0999999999999943,5.551115123125783e-17,0.200000000000017
1.1569999996572733,0.0,0.0,0.0,0.316,0.0,0.8334,0.4261905851834897,-0.0699999999999931,0.03,0.3500000000000156,-0.3305,0.0,0.7264,-0.3877,0.0,0.3853999999999998,0.3273014419775693,-0.0999999999999943,5.551115123125783e-17,0.200000000000017
1.1720000002533195,0.0,0.0,0.0198,0.341,0.0,0.9414,0.4418158236057068,0.0300000000000011,0.03,0.3500000000000156,-0.3473,0.0,0.7588,-0.4561,0.0,0.4989999999999998,0.3274387731746395,-0.1999999999999886,0.1,0.3000000000000113
1.2029999997466805,0.0,0.0,0.0446,0.3861,0.0,1.0788000000000002,0.4550911726558327,0.1299999999999954,0.03,0.3500000000000156,-0.379,0.0,0.7665999999999996,-0.5163,0.0,0.6142,0.328216983291371,-0.1999999999999886,0.1,0.3000000000000113
1.2190000005066397,0.0,-0.0,0.0752,0.4362,-0.0554,1.2252,0.4653604943923095,0.2300000000000039,0.03,0.3500000000000156,-0.3869,0.0,0.7784,-0.6031,0.0,0.7008,0.3299107347219043,-0.1999999999999886,0.1,0.3000000000000113
1.2349999994039536,0.0,-0.0285,0.0949999999999998,0.4734,-0.1288,1.3789999999999998,0.4698924238956283,0.3299999999999983,0.03,0.3500000000000156,-0.4147,0.0,0.7962,-0.6614,-0.0019,0.7559999999999998,0.3342442969405661,-0.0999999999999943,0.1,0.3000000000000113
1.25,0.0,-0.0333,0.1313999999999996,0.5133,-0.2257,1.55,0.476041809719997,0.4300000000000068,-0.0699999999999999,0.3500000000000156,-0.4453,0.0,0.8308,-0.7275,-0.0119,0.8398,0.3411108567940795,-0.0999999999999943,0.1,0.3000000000000113
1.265999998897314,0.0,-0.0511,0.1726,0.5476,-0.3305,1.7506000000000002,0.4876386663614862,0.5300000000000011,-0.0699999999999999,0.3500000000000156,-0.4767,0.0,0.8329999999999999,-0.8049,-0.0358,0.9108,0.3487861448081178,1.4210854715202004e-14,0.1,0.3000000000000113
1.2819999996572733,0.0,-0.0576,0.2031999999999998,0.5481,-0.4479,1.9332,0.5023025864042115,0.730000000000004,-0.0699999999999999,0.4500000000000099,-0.5157,0.0,0.8533999999999998,-0.8486,-0.0731,0.9898,0.3580025940337225,0.1000000000000085,0.1,0.3000000000000113
1.3129999991506338,0.027,-0.071,0.2427999999999996,0.5508,-0.5884,2.1180000000000003,0.5181872281986725,0.8299999999999983,-0.0699999999999999,0.4500000000000099,-0.5443,0.0,0.8704,-0.9081,-0.1005,1.0774,0.3668375677119097,0.1000000000000085,0.1,0.3000000000000113
1.3279999997466805,0.0702,-0.0802,0.2763999999999998,0.5738,-0.6978,2.3292,0.5272968642710002,1.0300000000000011,-0.0699999999999999,0.4500000000000099,-0.6001,0.0,0.8868,-0.9341,-0.175,1.1896,0.375870908674754,0.2000000000000028,0.1,0.3000000000000113
1.3440000005066397,0.0747,-0.1275,0.307,0.5808,-0.7907,2.5248,0.5328358892195011,1.1299999999999957,-0.0699999999999999,0.4500000000000099,-0.6391,0.0,0.9116,-0.952,-0.2273,1.2924000000000002,0.3947310597390707,0.4000000000000057,0.1,0.3000000000000113
1.3599999994039536,0.0749,-0.2125,0.3574,0.6189,-0.8556,2.7434,0.5412436102845808,1.3299999999999983,-0.1699999999999999,0.5500000000000114,-0.6702,0.0,0.9444,-0.9535,-0.3031,1.4342,0.4050461585412375,0.5000000000000142,0.1,0.3000000000000113
1.375,0.108,-0.3301,0.4543999999999998,0.6865,-0.8622,2.9504,0.5512535286488136,1.5300000000000011,-0.1699999999999999,0.5500000000000114,-0.6991,0.0,0.9853999999999998,-0.9523,-0.4253,1.5641999999999998,0.4153002212558175,0.6000000000000085,0.1,0.4000000000000057
1.4069999996572733,0.2048,-0.5511,0.762,0.8281,-0.8351,3.3640000000000003,0.5762325474937057,1.8299999999999983,-0.1699999999999999,0.6500000000000128,-0.7194,0.0,1.0272,-0.9627,-0.5175,1.7027999999999999,0.4256000610360876,0.7000000000000028,0.1,0.4000000000000057
1.4220000002533195,0.2957,-0.6196,0.9406,0.8957,-0.8123,3.5816,0.5832364385442893,1.9300000000000068,-0.1699999999999999,0.6500000000000128,-0.752,0.0,1.0744,-0.9639,-0.6134,1.8186,0.4347554741741054,0.8000000000000114,0.1,0.4000000000000057
1.4379999991506338,0.4188,-0.6695,1.149,0.9482,-0.7577,3.797600000000001,0.5919951171129931,2.030000000000001,-0.1699999999999999,0.7500000000000142,-0.8014,0.0,1.1382,-0.9394,-0.682,1.8858,0.4450095368886854,1.0000000000000142,0.1,0.5000000000000284
1.4690000005066397,0.5254,-0.6918,1.3177999999999999,0.9796,-0.7116,3.9804,0.5992736705577173,2.230000000000004,-0.1699999999999999,0.7500000000000142,-0.8862,0.0,1.1968,-0.9258,-0.7733,1.9544,0.4572014953841459,1.1000000000000083,0.1,0.5000000000000284
1.4849999994039536,0.556,-0.7044,1.404,1.0133,-0.6703,4.0518,0.5999145494773785,2.3299999999999983,-0.1699999999999999,0.7500000000000142,-0.9118,0.0,1.2289999999999999,-0.9016,-0.8364,1.986,0.4709346150911727,1.2000000000000028,0.1,0.5000000000000284
1.5,0.5807,-0.7248,1.4522000000000002,1.0288,-0.6512,4.1124,0.6013641565575647,2.430000000000007,-0.1699999999999999,0.8500000000000156,-0.91,0.0,1.2356000000000005,-0.9021,-0.8537,1.9998,0.4877805752651255,1.3000000000000114,0.1,0.6000000000000227
1.515999998897314,0.5963,-0.7293,1.5056,1.046,-0.6319,4.1554,0.6048889906157016,2.430000000000007,-0.2699999999999999,0.8500000000000156,-0.9038,0.0,1.2342,-0.8966,-0.8721,2.0084,0.518863202868696,1.4000000000000057,0.1,0.6000000000000227
1.5319999996572733,0.6083,-0.7244,1.5373999999999999,1.0475,-0.6295,4.1684,0.6053162432288091,2.530000000000001,-0.2699999999999999,0.8500000000000156,-0.8892,0.0,1.2354,-0.8775,-0.8986,2.0246,0.5347478446631571,1.4000000000000057,0.1,0.6000000000000227
1.5629999991506338,0.6101,-0.737,1.5564,1.0564,-0.6097,4.1956,0.6141206988632029,2.530000000000001,-0.2699999999999999,0.95000000000001,-0.893,0.0,1.2374,-0.8729,-0.8993,2.0268,0.5472297245746547,1.5000000000000142,0.1,0.6000000000000227
1.5779999997466805,0.5408,-0.7437,1.454,1.0283,-0.622,4.0878000000000005,0.620849927519646,2.6299999999999955,-0.2699999999999999,0.95000000000001,-0.8465,0.0,1.2054,-0.8713,-0.9019,2.0032,0.5546608682383459,1.5000000000000142,0.1,0.6000000000000227
1.5940000005066397,0.4458,-0.6937,1.3020000000000005,0.994,-0.6655,3.924,0.620849927519646,2.6299999999999955,-0.2699999999999999,1.0500000000000114,-0.7406,0.0,1.11,-0.8778,-0.8591,1.9632,0.5612985427634088,1.6000000000000083,0.1,0.6000000000000227
1.6099999994039536,0.3791,-0.6453,1.1608,0.9475,-0.7031,3.7316,0.620849927519646,2.530000000000001,-0.1699999999999999,1.0500000000000114,-0.6486,0.0,1.0248,-0.8496,-0.8123,1.9052,0.5677378500038147,1.6000000000000083,0.1,0.6000000000000227
1.640999998897314,0.3284,-0.5618,1.011,0.8956,-0.7473,3.5294000000000003,0.6198733501182574,2.530000000000001,-0.1699999999999999,1.0500000000000114,-0.5681,0.0,0.9499999999999998,-0.833,-0.7197,1.8078,0.5750469214923323,1.6000000000000083,0.1,0.6000000000000227
1.6569999996572733,0.298,-0.4502,0.8584,0.8361,-0.7959,3.2772,0.6146242465857938,2.530000000000001,-0.1699999999999999,1.1500000000000128,-0.4958,0.0,0.864,-0.8042,-0.6184,1.6912000000000005,0.5750469214923323,1.5000000000000142,0.1,0.6000000000000227
1.6720000002533195,0.283,-0.3831,0.7646,0.7839,-0.8121,3.0914,0.6083375295643549,2.430000000000007,-0.1699999999999999,1.1500000000000128,-0.4366,0.0,0.7854,-0.7924,-0.5167,1.5714,0.5750469214923323,1.5000000000000142,0.1,0.5000000000000284
1.6879999991506338,0.2546,-0.3618,0.7193999999999998,0.7651,-0.8487,3.0365999999999995,0.5994720378423744,2.430000000000007,-0.1699999999999999,1.1500000000000128,-0.3936,0.0,0.739,-0.7702,-0.4584,1.482,0.5697062638284885,1.5000000000000142,0.1,0.5000000000000284
1.7029999997466805,0.2548,-0.3364,0.6953999999999998,0.7618,-0.8706,2.9992,0.5810696574349584,2.430000000000007,-0.1699999999999999,1.1500000000000128,-0.3845,0.0,0.7323999999999998,-0.7729,-0.4599,1.4578,0.5578957808804456,1.4000000000000057,0.1,0.5000000000000284
1.7349999994039536,0.2555,-0.3208,0.6678,0.7567,-0.8764,2.9796,0.5800320439459831,2.3299999999999983,-0.1699999999999999,1.1500000000000128,-0.3668,0.0,0.7313999999999998,-0.7671,-0.4286,1.4492,0.5444068055237659,1.4000000000000057,0.1,0.5000000000000284
1.75,0.2388,-0.3216,0.6498,0.7464,-0.8939,2.9582,0.5796658274204624,2.3299999999999983,-0.1699999999999999,1.0500000000000114,-0.3654,0.0,0.721,-0.772,-0.4351,1.4428,0.5363042648966201,1.4000000000000057,0.1,0.5000000000000284
1.765999998897314,0.2484,-0.3131,0.6395999999999998,0.7492,-0.906,2.9504,0.5794216830701152,2.3299999999999983,-0.1699999999999999,1.0500000000000114,-0.3595,0.0,0.7248,-0.7559,-0.4207,1.426,0.5319707026779583,1.3000000000000114,0.1,0.5000000000000284
1.7819999996572733,0.2376,-0.3011,0.625,0.7371,-0.9185,2.9482,0.5793148699168383,2.3299999999999983,-0.1699999999999999,1.0500000000000114,-0.352,0.0,0.713,-0.7601,-0.4245,1.4240000000000002,0.5304905775539788,1.3000000000000114,0.1,0.5000000000000284
1.7970000002533195,0.2392,-0.3016,0.6222,0.7262,-0.9368,2.9294,0.5792080567635615,2.3299999999999983,-0.1699999999999999,1.0500000000000114,-0.3496,0.0,0.72,-0.7558,-0.4114,1.4318,0.5296360723277638,1.3000000000000114,0.1,0.5000000000000284
1.8279999997466805,0.2325,-0.305,0.6016,0.7323,-0.9352,2.9312,0.5790859845883879,2.3299999999999983,-0.2699999999999999,0.95000000000001,-0.3398,0.0,0.7178,-0.7575,-0.4313,1.4178000000000004,0.5282627603570611,1.3000000000000114,0.1,0.5000000000000284
1.84400000050664,0.25,-0.2998,0.5966,0.7329,-0.9325,2.9172,0.5790707255664912,2.3299999999999983,-0.2699999999999999,0.95000000000001,-0.3331,0.0,0.7113999999999998,-0.7501,-0.4265,1.4096,0.5282627603570611,1.2000000000000028,0.1,0.5000000000000284
1.8599999994039536,0.2282,-0.2881,0.5866,0.7303,-0.9471,2.9158000000000004,0.5788876173037308,2.3299999999999983,-0.2699999999999999,0.95000000000001,-0.3363,0.0,0.7152,-0.7388,-0.4283,1.406,0.5282627603570611,1.2000000000000028,0.1,0.5000000000000284
1.875,0.2352,-0.2818,0.5916,0.7257,-0.9505,2.9134000000000007,0.57842984664683,2.3299999999999983,-0.2699999999999999,0.95000000000001,-0.3348,0.0,0.7082,-0.7472,-0.4258,1.4198000000000002,0.5282627603570611,1.2000000000000028,0.1,0.5000000000000284
1.9069999996572733,0.2316,-0.2826,0.5856,0.7173,-0.9544,2.9026,0.5782009613183795,2.3299999999999983,-0.2699999999999999,0.95000000000001,-0.3269,0.0,0.7071999999999998,-0.7341,-0.4416,1.4064000000000003,0.5282627603570611,1.2000000000000028,0.1,0.4000000000000057
1.92200000025332,0.2366,-0.2842,0.5715999999999998,0.7323,-0.9532,2.9012,0.5779415579461357,2.3299999999999983,-0.2699999999999999,0.95000000000001,-0.334,0.0,0.718,-0.746,-0.4246,1.4016,0.5283085374227512,1.2000000000000028,0.1,0.4000000000000057
1.9379999991506336,0.2325,-0.28,0.5772,0.7245,-0.9627,2.9024000000000014,0.5776363775082017,2.3299999999999983,-0.2699999999999999,0.95000000000001,-0.3158,0.0,0.7071999999999998,-0.7417,-0.4294,1.4056000000000004,0.5300175478751812,1.2000000000000028,0.1,0.4000000000000057
1.9529999997466805,0.2263,-0.2929,0.5658,0.7174,-0.9584,2.895,0.5773311970702678,2.3299999999999983,-0.2699999999999999,0.95000000000001,-0.3271,0.0,0.7068,-0.7368,-0.4291,1.4048,0.5305668726634623,1.2000000000000028,0.1,0.4000000000000057
1.96900000050664,0.2169,-0.2846,0.5689999999999998,0.729,-0.9723,2.888,0.5772854200045777,2.3299999999999983,-0.2699999999999999,1.0500000000000114,-0.3271,0.0,0.6984,-0.7368,-0.42,1.4032,0.5321232928969253,1.3000000000000114,0.1,0.3000000000000113
2.0,0.2206,-0.28,0.5628,0.7232,-0.9716,2.8821999999999997,0.577071793698024,2.230000000000004,-0.2699999999999999,1.0500000000000114,-0.3158,0.0,0.718,-0.7282,-0.437,1.3986,0.53284046692607,1.3000000000000114,5.551115123125783e-17,0.3000000000000113
2.015999998897314,0.2282,-0.2802,0.5496,0.725,-0.9804,2.8862,0.5767360952162967,2.230000000000004,-0.2699999999999999,1.0500000000000114,-0.3262,0.0,0.7033999999999998,-0.7416,-0.4304,1.4092,0.536105897611963,1.3000000000000114,5.551115123125783e-17,0.3000000000000113
2.0319999996572733,0.2212,-0.2656,0.5544,0.7306,-0.9746,2.8828,0.5766903181506066,2.230000000000004,-0.1699999999999999,1.1500000000000128,-0.3152,0.0,0.7044,-0.736,-0.4273,1.3996000000000002,0.5361974517433432,1.3000000000000114,5.551115123125783e-17,0.3000000000000113
2.04700000025332,0.2204,-0.266,0.5536,0.7241,-0.9737,2.878400000000001,0.5766140230411231,2.230000000000004,-0.1699999999999999,1.1500000000000128,-0.3141,0.0,0.7096,-0.7358,-0.4339,1.3990000000000002,0.5374944686045624,1.3000000000000114,5.551115123125783e-17,0.3000000000000113
2.062999999150634,0.2157,-0.2692,0.5456,0.7187,-0.9874,2.8838000000000004,0.5764614328221561,2.230000000000004,-0.1699999999999999,1.1500000000000128,-0.3116,0.0,0.7052,-0.7413,-0.4371,1.3908000000000005,0.5388525215533684,1.3000000000000114,5.551115123125783e-17,0.3000000000000113
2.0940000005066395,0.2196,-0.2589,0.5464,0.7229,-0.9702,2.868,0.5761257343404288,2.230000000000004,-0.1699999999999999,1.1500000000000128,-0.2995,0.0,0.695,-0.7256,-0.4339,1.3892,0.5403936827649347,1.3000000000000114,5.551115123125783e-17,0.3000000000000113
2.1099999994039536,0.2242,-0.2761,0.5355999999999999,0.7334,-0.9827,2.876,0.5760494392309453,2.230000000000004,-0.1699999999999999,1.1500000000000128,-0.3066,0.0,0.7024,-0.735,-0.4395,1.3932,0.5416754406042572,1.3000000000000114,5.551115123125783e-17,0.3000000000000113
2.125,0.224,-0.266,0.536,0.721,-0.989,2.8658000000000015,0.5760494392309453,2.230000000000004,-0.1699999999999999,1.1500000000000128,-0.3098,0.0,0.7056,-0.7354,-0.4351,1.3963999999999999,0.5428046082246127,1.3000000000000114,5.551115123125783e-17,0.3000000000000113
2.140999998897314,0.224,-0.2622,0.5362,0.7168,-0.989,2.8678000000000003,0.5758815899900817,2.230000000000004,-0.2699999999999999,1.1500000000000128,-0.3119,0.0,0.7008,-0.742,-0.433,1.391,0.5441168841077286,1.3000000000000114,5.551115123125783e-17,0.3000000000000113
2.17200000025332,0.2272,-0.2706,0.5292,0.7166,-0.991,2.8658000000000015,0.5756679636835279,2.230000000000004,-0.2699999999999999,1.0500000000000114,-0.3056,0.0,0.6953999999999998,-0.7305,-0.4352,1.3902000000000003,0.5452765697718776,1.2000000000000028,5.551115123125783e-17,0.3000000000000113
2.187999999150634,0.2175,-0.2649,0.5312,0.7239,-0.9842,2.8644,0.5755916685740444,2.230000000000004,-0.2699999999999999,1.0500000000000114,-0.3177,0.0,0.6956,-0.7247,-0.4451,1.3912000000000002,0.5469398031586175,1.2000000000000028,5.551115123125783e-17,0.3000000000000113
2.2029999997466803,0.2249,-0.2599,0.529,0.7265,-0.9915,2.8570000000000007,0.5755001144426642,2.3299999999999983,-0.2699999999999999,1.0500000000000114,-0.3063,0.0,0.6915999999999998,-0.7384,-0.4288,1.3883999999999999,0.5478400854505225,1.2000000000000028,5.551115123125783e-17,0.3000000000000113
2.2190000005066395,0.2182,-0.2697,0.5191999999999998,0.7252,-0.9864,2.86,0.5752407110704204,2.3299999999999983,-0.2699999999999999,1.0500000000000114,-0.3064,0.0,0.6984,-0.7341,-0.45,1.3920000000000001,0.5489997711146715,1.2000000000000028,5.551115123125783e-17,0.4000000000000057
2.2349999994039536,0.2131,-0.2688,0.5216,0.7227,-0.9993,2.8648,0.5750270847638667,2.3299999999999983,-0.2699999999999999,0.95000000000001,-0.3111,0.0,0.6902,-0.7208,-0.4439,1.3892,0.5498237582970931,1.2000000000000028,0.1,0.4000000000000057
2.265999998897314,0.2164,-0.2578,0.515,0.7276,-0.9951,2.8572,0.57501182574197,2.3299999999999983,-0.2699999999999999,0.95000000000001,-0.3085,0.0,0.6872,-0.7373,-0.4355,1.388,0.5505867093919279,1.2000000000000028,0.1,0.4000000000000057
2.2819999996572733,0.2167,-0.2566,0.5265999999999998,0.7199,-1.0058,2.8592,0.5748897535667964,2.3299999999999983,-0.2699999999999999,0.95000000000001,-0.3056,0.0,0.6922,-0.723,-0.4659,1.3906,0.551486991683833,1.2000000000000028,0.1,0.4000000000000057
2.29700000025332,0.2122,-0.2683,0.5136,0.728,-1.0013,2.8598000000000003,0.5746913862821393,2.3299999999999983,-0.2699999999999999,0.95000000000001,-0.3043,0.0,0.685,-0.7194,-0.4503,1.3872,0.5522957198443579,1.2000000000000028,0.1,0.4000000000000057
2.312999999150634,0.214,-0.2555,0.5284,0.719,-1.0041,2.8542,0.5745235370412757,2.3299999999999983,-0.2699999999999999,0.95000000000001,-0.3099,0.0,0.6928,-0.7161,-0.4518,1.3854,0.5533333333333333,1.2000000000000028,0.1,0.4000000000000057
2.3279999997466803,0.2183,-0.2553,0.5138,0.7272,-0.9909,2.8476000000000004,0.5744625009536889,2.3299999999999983,-0.2699999999999999,0.95000000000001,-0.305,0.0,0.6884,-0.7226,-0.4481,1.3772000000000002,0.5540657663843748,1.2000000000000028,0.1,0.4000000000000057
2.3599999994039536,0.2209,-0.2618,0.508,0.7289,-1.003,2.849,0.5744472419317922,2.3299999999999983,-0.2699999999999999,1.0500000000000114,-0.3018,0.0,0.6859999999999998,-0.7096,-0.4464,1.3860000000000001,0.5555306324864576,1.2000000000000028,0.1,0.4000000000000057
2.375,0.224,-0.2461,0.5142,0.7279,-0.9946,2.8532,0.5742793926909285,2.3299999999999983,-0.2699999999999999,1.0500000000000114,-0.3023,0.0,0.6888,-0.7226,-0.4525,1.3796,0.5564003967345693,1.2000000000000028,0.1,0.4000000000000057
2.390999998897314,0.2114,-0.2515,0.518,0.7311,-1.0067,2.8496,0.5740199893186847,2.230000000000004,-0.2699999999999999,1.0500000000000114,-0.293,0.0,0.6848,-0.7179,-0.4544,1.3916000000000002,0.5571480888075074,1.2000000000000028,0.1,0.4000000000000057
2.4069999996572733,0.2107,-0.2518,0.512,0.7305,-1.0085,2.8514,0.5739894712748913,2.230000000000004,-0.2699999999999999,1.1500000000000128,-0.3039,0.0,0.6946,-0.7226,-0.4358,1.3764,0.5577889677271687,1.2000000000000028,0.1,0.4000000000000057
2.437999999150634,0.2094,-0.2515,0.5106,0.7364,-0.9951,2.8458,0.5739284351873045,2.230000000000004,-0.2699999999999999,1.1500000000000128,-0.2923,0.0,0.689,-0.7118,-0.4553,1.3712,0.5583688105592431,1.2000000000000028,0.1,0.4000000000000057
2.4529999997466803,0.2205,-0.2461,0.5128,0.7273,-1.0118,2.8484,0.5737911039902343,2.230000000000004,-0.2699999999999999,1.1500000000000128,-0.2944,0.0,0.6846,-0.7163,-0.4481,1.3732,0.5587960631723506,1.2000000000000028,0.1,0.4000000000000057
2.4690000005066395,0.2231,-0.2401,0.5092,0.7342,-1.0148,2.841800000000001,0.5736842908369574,2.230000000000004,-0.2699999999999999,1.1500000000000128,-0.294,0.0,0.6778,-0.7169,-0.4658,1.3747999999999998,0.5596353093766689,1.2000000000000028,5.551115123125783e-17,0.3000000000000113
2.4849999994039536,0.2124,-0.2407,0.5043999999999998,0.7279,-1.0248,2.8400000000000003,0.5735774776836805,2.230000000000004,-0.2699999999999999,1.1500000000000128,-0.2989,0.0,0.6844,-0.704,-0.4605,1.3846,0.5602151522087434,1.3000000000000114,5.551115123125783e-17,0.3000000000000113
2.5,0.2185,-0.2511,0.5031999999999998,0.7333,-1.004,2.8362,0.5734859235523003,2.230000000000004,-0.2699999999999999,1.1500000000000128,-0.2894,0.0,0.6724,-0.7076,-0.4551,1.3822,0.5606271457999542,1.3000000000000114,5.551115123125783e-17,0.3000000000000113
2.5319999996572733,0.2125,-0.239,0.4964,0.7311,-1.016,2.8392,0.5734554055085069,2.230000000000004,-0.2699999999999999,1.1500000000000128,-0.2907,0.0,0.6814,-0.7109,-0.4581,1.3694,0.561542687113756,1.3000000000000114,5.551115123125783e-17,0.3000000000000113
2.54700000025332,0.2175,-0.2429,0.5018,0.7342,-1.0075,2.8398,0.5734401464866102,2.230000000000004,-0.2699999999999999,1.1500000000000128,-0.279,0.0,0.6804,-0.7089,-0.4706,1.3717999999999997,0.562046234836347,1.3000000000000114,5.551115123125783e-17,0.3000000000000113
2.562999999150634,0.2147,-0.2364,0.4978,0.7289,-1.0128,2.8352,0.5732570382238499,2.3299999999999983,-0.2699999999999999,1.1500000000000128,-0.279,0.0,0.681,-0.6894,-0.4646,1.3785999999999998,0.562595559624628,1.3000000000000114,5.551115123125783e-17,0.3000000000000113
2.5779999997466803,0.2145,-0.2348,0.502,0.7452,-1.0156,2.8326,0.5731654840924697,2.3299999999999983,-0.2699999999999999,1.1500000000000128,-0.2868,0.0,0.6728,-0.694,-0.456,1.3758,0.5632211795223926,1.3000000000000114,5.551115123125783e-17,0.200000000000017
2.6099999994039536,0.2187,-0.247,0.5058,0.7306,-1.0214,2.8378,0.573150225070573,2.3299999999999983,-0.2699999999999999,1.0500000000000114,-0.29,0.0,0.6804,-0.7187,-0.4454,1.3752000000000002,0.5638925764858472,1.3000000000000114,5.551115123125783e-17,0.200000000000017
2.625,0.2166,-0.2488,0.4944,0.7412,-1.0128,2.8392,0.573150225070573,2.3299999999999983,-0.2699999999999999,1.0500000000000114,-0.2977,0.0,0.6724,-0.7041,-0.4604,1.3701999999999999,0.5641977569237812,1.3000000000000114,5.551115123125783e-17,0.200000000000017
2.640999998897314,0.22,-0.2404,0.5062,0.7358,-1.0226,2.8386,0.5731197070267796,2.3299999999999983,-0.2699999999999999,1.0500000000000114,-0.2883,0.0,0.6793999999999998,-0.6961,-0.4573,1.3696,0.564960708018616,1.3000000000000114,5.551115123125783e-17,0.200000000000017
2.6569999996572733,0.2074,-0.248,0.5028,0.749,-1.0086,2.836,0.5731197070267796,2.3299999999999983,-0.2699999999999999,0.95000000000001,-0.2886,0.0,0.6758,-0.6881,-0.4722,1.3660000000000003,0.5652353704127565,1.3000000000000114,5.551115123125783e-17,0.200000000000017
2.67200000025332,0.2074,-0.2453,0.5054,0.7384,-1.017,2.8506000000000005,0.5730586709391928,2.430000000000007,-0.2699999999999999,0.95000000000001,-0.2993,0.0,0.6804,-0.6986,-0.4541,1.3692,0.5654795147631037,1.3000000000000114,5.551115123125783e-17,0.1000000000000227
2.687999999150634,0.2106,-0.2448,0.5015999999999998,0.7447,-0.9946,2.8422,0.5730434119172961,2.430000000000007,-0.2699999999999999,0.95000000000001,-0.2879,0.0,0.6696,-0.6899,-0.4593,1.3764,0.5656015869382772,1.3000000000000114,5.551115123125783e-17,0.1000000000000227
2.7190000005066395,0.2045,-0.2486,0.5015999999999998,0.7271,-1.0099,2.839,0.5730434119172961,2.3299999999999983,-0.2699999999999999,1.0500000000000114,-0.2993,0.0,0.6692,-0.7089,-0.4498,1.3704,0.5656015869382772,1.4000000000000057,5.551115123125783e-17,0.1000000000000227
2.7349999994039536,0.2032,-0.2488,0.5084,0.7384,-0.9952,2.8202,0.5730434119172961,2.3299999999999983,-0.2699999999999999,1.0500000000000114,-0.2877,0.0,0.6665999999999997,-0.7023,-0.4556,1.3746,0.5656015869382772,1.4000000000000057,5.551115123125783e-17,2.8421709430404014e-14
2.75,0.2072,-0.2577,0.5028,0.744,-0.9973,2.8444,0.5730434119172961,2.3299999999999983,-0.2699999999999999,1.0500000000000114,-0.2987,0.0,0.672,-0.6868,-0.4576,1.3728,0.5656168459601739,1.4000000000000057,5.551115123125783e-17,2.8421709430404014e-14
2.7819999996572733,0.2083,-0.2617,0.5058,0.7437,-1.0059,2.8488,0.5730434119172961,2.3299999999999983,-0.2699999999999999,1.0500000000000114,-0.3028,0.0,0.6684,-0.6933,-0.4637,1.3846,0.5654795147631037,1.4000000000000057,5.551115123125783e-17,2.8421709430404014e-14
2.79700000025332,0.2039,-0.2543,0.5046,0.7426,-0.9965,2.8326,0.5730434119172961,2.3299999999999983,-0.2699999999999999,1.1500000000000128,-0.299,0.0,0.6713999999999998,-0.7034,-0.4597,1.3806,0.5654184786755169,1.4000000000000057,5.551115123125783e-17,2.8421709430404014e-14
2.812999999150634,0.2078,-0.2557,0.4947999999999998,0.7564,-0.9968,2.8226,0.5732722972457466,2.3299999999999983,-0.2699999999999999,1.1500000000000128,-0.3022,0.0,0.678,-0.6943,-0.4745,1.3896,0.5650675211718929,1.4000000000000057,5.551115123125783e-17,2.8421709430404014e-14
2.8279999997466803,0.2028,-0.2589,0.5066,0.7504,-0.9917,2.8186,0.5735774776836805,2.3299999999999983,-0.2699999999999999,1.1500000000000128,-0.307,0.0,0.6724,-0.7056,-0.4622,1.382,0.5650675211718929,1.4000000000000057,5.551115123125783e-17,-0.0999999999999943
2.8440000005066395,0.2034,-0.2576,0.5031999999999998,0.7472,-0.9907,2.8352,0.5741420614938583,2.3299999999999983,-0.2699999999999999,1.1500000000000128,-0.2998,0.0,0.6758,-0.6948,-0.468,1.3760000000000001,0.5650675211718929,1.4000000000000057,5.551115123125783e-17,-0.0999999999999943
2.8599999994039536,0.2105,-0.2716,0.4991999999999998,0.7488,-0.9972,2.8238,0.5744014648661021,2.230000000000004,-0.2699999999999999,1.2500000000000142,-0.2884,0.0,0.673,-0.6917,-0.4689,1.3719999999999999,0.5650675211718929,1.4000000000000057,5.551115123125783e-17,2.8421709430404014e-14
2.890999998897314,0.196,-0.2638,0.4972,0.7592,-0.9937,2.8265999999999996,0.5744319829098955,2.230000000000004,-0.2699999999999999,1.2500000000000142,-0.292,0.0,0.674,-0.6934,-0.4771,1.3780000000000001,0.5650217441062028,1.4000000000000057,5.551115123125783e-17,2.8421709430404014e-14
2.9069999996572733,0.1971,-0.259,0.4982,0.7633,-0.9861,2.8332,0.5745693141069658,2.230000000000004,-0.2699999999999999,1.2500000000000142,-0.2914,0.0,0.6647999999999998,-0.6917,-0.4691,1.3778,0.5650675211718929,1.4000000000000057,5.551115123125783e-17,2.8421709430404014e-14
2.92200000025332,0.201,-0.2613,0.4846,0.7608,-0.9929,2.822000000000001,0.5745235370412757,2.3299999999999983,-0.2699999999999999,1.2500000000000142,-0.2911,0.0,0.658,-0.6888,-0.4754,1.39,0.5650827801937895,1.4000000000000057,5.551115123125783e-17,2.8421709430404014e-14
2.937999999150634,0.1972,-0.2582,0.4962,0.758,-1.0047,2.8252,0.5745693141069658,2.3299999999999983,-0.2699999999999999,1.1500000000000128,-0.2934,0.0,0.6575999999999999,-0.6813,-0.4764,1.3744000000000003,0.5650827801937895,1.4000000000000057,5.551115123125783e-17,2.8421709430404014e-14
2.9690000005066395,0.2048,-0.254,0.4904,0.7496,-1.0025,2.8156000000000003,0.5745693141069658,2.3299999999999983,-0.2699999999999999,1.1500000000000128,-0.3086,0.0,0.6636,-0.6849,-0.4717,1.3806,0.5650522621499962,1.4000000000000057,5.551115123125783e-17,2.8421709430404014e-14
2.9849999994039536,0.2025,-0.2578,0.4967999999999998,0.7601,-0.9921,2.8256,0.5746150911726559,2.3299999999999983,-0.2699999999999999,1.1500000000000128,-0.2905,0.0,0.6605999999999999,-0.6818,-0.4667,1.3752000000000002,0.5650522621499962,1.4000000000000057,5.551115123125783e-17,0.1000000000000227
3.0,0.2014,-0.2511,0.4918,0.7647,-1.0015,2.8262000000000005,0.574660868238346,2.3299999999999983,-0.2699999999999999,1.1500000000000128,-0.2968,0.0,0.6636,-0.6729,-0.4728,1.3712,0.5649759670405127,1.4000000000000057,5.551115123125783e-17,0.1000000000000227
3.015999998897314,0.1983,-0.2555,0.4874,0.7581,-1.007,2.8192000000000004,0.574660868238346,2.430000000000007,-0.2699999999999999,1.0500000000000114,-0.3074,0.0,0.6652,-0.6789,-0.473,1.3704,0.5650522621499962,1.4000000000000057,5.551115123125783e-17,0.1000000000000227
3.0319999996572733,0.2004,-0.2482,0.4886,0.7641,-0.9958,2.8196,0.5746150911726559,2.430000000000007,-0.2699999999999999,1.0500000000000114,-0.2986,0.0,0.665,-0.6809,-0.4723,1.38,0.5650522621499962,1.4000000000000057,5.551115123125783e-17,0.1000000000000227
3.062999999150634,0.2017,-0.2534,0.4907999999999998,0.7672,-0.9931,2.8154,0.5746150911726559,2.430000000000007,-0.3699999999999999,1.0500000000000114,-0.291,0.0,0.668,-0.6762,-0.4663,1.3697999999999997,0.5650522621499962,1.4000000000000057,5.551115123125783e-17,0.1000000000000227
3.0779999997466803,0.1988,-0.2476,0.4884,0.7615,-1.0068,2.8118,0.5745693141069658,2.430000000000007,-0.3699999999999999,1.0500000000000114,-0.2976,0.0,0.663,-0.6714,-0.482,1.3754,0.5650522621499962,1.4000000000000057,5.551115123125783e-17,0.1000000000000227
3.0940000005066395,0.1956,-0.248,0.4776,0.7571,-1.0108,2.8124,0.5745387960631724,2.430000000000007,-0.3699999999999999,1.0500000000000114,-0.2965,0.0,0.6622,-0.6799,-0.4831,1.3814,0.5650827801937895,1.4000000000000057,5.551115123125783e-17,0.1000000000000227
3.1099999994039536,0.206,-0.2454,0.4758,0.7632,-1.0084,2.813,0.5744472419317922,2.430000000000007,-0.3699999999999999,1.0500000000000114,-0.2916,0.0,0.6567999999999996,-0.678,-0.473,1.3794000000000002,0.565159075303273,1.4000000000000057,5.551115123125783e-17,0.1000000000000227
3.125,0.2005,-0.2368,0.474,0.7562,-1.0034,2.8024,0.5740962844281682,2.430000000000007,-0.3699999999999999,1.0500000000000114,-0.2943,0.0,0.6567999999999996,-0.6874,-0.4769,1.3666,0.565159075303273,1.4000000000000057,5.551115123125783e-17,0.1000000000000227
3.1569999996572733,0.1944,-0.248,0.4802,0.7599,-1.006,2.8084,0.5740810254062715,2.430000000000007,-0.3699999999999999,1.0500000000000114,-0.2932,0.0,0.6577999999999996,-0.6783,-0.4724,1.3710000000000002,0.5650980392156862,1.4000000000000057,5.551115123125783e-17,0.1000000000000227
3.17200000025332,0.2066,-0.2443,0.4702,0.774,-1.0084,2.8076000000000003,0.5739894712748913,2.3299999999999983,-0.2699999999999999,1.0500000000000114,-0.2982,0.0,0.649,-0.6728,-0.4712,1.3734,0.5650980392156862,1.4000000000000057,5.551115123125783e-17,0.1000000000000227
3.187999999150634,0.1927,-0.2325,0.4724,0.765,-1.0176,2.7996,0.5739894712748913,2.3299999999999983,-0.2699999999999999,1.1500000000000128,-0.2953,0.0,0.6435999999999998,-0.6824,-0.4766,1.3717999999999997,0.5650980392156862,1.4000000000000057,5.551115123125783e-17,0.1000000000000227
3.2029999997466803,0.193,-0.2357,0.4732,0.7593,-1.0236,2.8122,0.5738673990997177,2.3299999999999983,-0.2699999999999999,1.1500000000000128,-0.2963,0.0,0.646,-0.6745,-0.4729,1.3726,0.5650980392156862,1.4000000000000057,5.551115123125783e-17,0.1000000000000227
3.2349999994039536,0.1935,-0.2375,0.4658,0.7534,-1.0232,2.7996,0.5738216220340276,2.3299999999999983,-0.2699999999999999,1.1500000000000128,-0.2879,0.0,0.6478,-0.6805,-0.4735,1.3832000000000002,0.5650980392156862,1.4000000000000057,5.551115123125783e-17,2.8421709430404014e-14
3.25,0.2002,-0.2446,0.4704,0.7624,-1.0159,2.8154,0.5737453269245442,2.3299999999999983,-0.2699999999999999,1.2500000000000142,-0.2996,0.0,0.6494,-0.6722,-0.4762,1.3766000000000005,0.5650980392156862,1.4000000000000057,5.551115123125783e-17,2.8421709430404014e-14
3.265999998897314,0.1993,-0.2373,0.4568,0.7707,-1.0208,2.797800000000001,0.5736232547493706,2.3299999999999983,-0.2699999999999999,1.2500000000000142,-0.2939,0.0,0.6504,-0.6759,-0.4856,1.3823999999999999,0.5650980392156862,1.4000000000000057,5.551115123125783e-17,2.8421709430404014e-14
3.2819999996572733,0.2032,-0.2202,0.4596,0.7614,-1.0366,2.7852,0.5735774776836805,2.3299999999999983,-0.2699999999999999,1.2500000000000142,-0.2881,0.0,0.6495999999999998,-0.6709,-0.4783,1.368,0.5651438162813763,1.4000000000000057,5.551115123125783e-17,2.8421709430404014e-14
3.29700000025332,0.1974,-0.2318,0.469,0.7486,-1.0339,2.8102000000000005,0.5733638513771268,2.3299999999999983,-0.2699999999999999,1.2500000000000142,-0.2889,0.0,0.6554,-0.6599,-0.466,1.3656,0.5651743343251697,1.4000000000000057,5.551115123125783e-17,2.8421709430404014e-14
3.3279999997466803,0.1945,-0.2176,0.4596,0.7557,-1.0411,2.7876,0.5732112611581598,2.230000000000004,-0.2699999999999999,1.2500000000000142,-0.2875,0.0,0.6452,-0.6728,-0.484,1.3785999999999998,0.5655252918287937,1.4000000000000057,5.551115123125783e-17,-0.0999999999999943
3.3440000005066395,0.1991,-0.2173,0.4414,0.7696,-1.0467,2.7918,0.5728297856107424,2.3299999999999983,-0.2699999999999999,1.2500000000000142,-0.2859,0.0,0.6415999999999998,-0.6625,-0.4883,1.3694,0.5655710688944838,1.4000000000000057,5.551115123125783e-17,-0.0999999999999943
3.3599999994039536,0.2111,-0.2166,0.4602,0.747,-1.0489,2.8054,0.5726771953917754,2.3299999999999983,-0.2699999999999999,1.2500000000000142,-0.2872,0.0,0.6265999999999998,-0.664,-0.4762,1.3736000000000004,0.5655710688944838,1.4000000000000057,5.551115123125783e-17,-0.0999999999999943
3.375,0.1976,-0.2012,0.4463999999999998,0.7694,-1.0476,2.7891999999999997,0.5721736476691844,2.3299999999999983,-0.2699999999999999,1.2500000000000142,-0.2847,0.0,0.6321999999999998,-0.6618,-0.4869,1.3688,0.565662623025864,1.4000000000000057,5.551115123125783e-17,-0.0999999999999943
3.4069999996572733,0.2042,-0.1983,0.438,0.7604,-1.0537,2.8054,0.5715327687495232,2.3299999999999983,-0.2699999999999999,1.1500000000000128,-0.2727,0.0,0.6239999999999998,-0.6656,-0.4787,1.3739999999999999,0.565815213244831,1.4000000000000057,5.551115123125783e-17,-0.0999999999999943
3.42200000025332,0.204,-0.1975,0.4454,0.7461,-1.0705,2.804,0.5709529259174487,2.3299999999999983,-0.2699999999999999,1.1500000000000128,-0.27,0.0,0.6338,-0.6595,-0.4853,1.3708,0.5659525444419012,1.4000000000000057,5.551115123125783e-17,2.8421709430404014e-14
3.437999999150634,0.1926,-0.1817,0.4357999999999998,0.7586,-1.0817,2.7808000000000006,0.5705256733043412,2.3299999999999983,-0.2699999999999999,1.1500000000000128,-0.2727,0.0,0.6212,-0.6667,-0.489,1.3672000000000002,0.566166170748455,1.4000000000000057,5.551115123125783e-17,2.8421709430404014e-14
3.4529999997466803,0.2049,-0.1899,0.4274,0.7439,-1.0933,2.8026,0.5704493781948577,2.3299999999999983,-0.2699999999999999,1.1500000000000128,-0.2751,0.0,0.6212,-0.6711,-0.4866,1.3654,0.566166170748455,1.4000000000000057,5.551115123125783e-17,2.8421709430404014e-14
3.4690000005066395,0.2082,-0.1728,0.4385999999999998,0.7236,-1.1018,2.8012,0.570235751888304,2.3299999999999983,-0.2699999999999999,1.1500000000000128,-0.2696,0.0,0.621,-0.6728,-0.4847,1.3896,0.5659830624856946,1.4000000000000057,5.551115123125783e-17,2.8421709430404014e-14
3.4849999994039536,0.2097,-0.1612,0.4178,0.754,-1.1087,2.788,0.5699763485160602,2.3299999999999983,-0.2699999999999999,1.1500000000000128,-0.2669,0.0,0.6121999999999999,-0.6623,-0.4946,1.3780000000000001,0.5659830624856946,1.4000000000000057,5.551115123125783e-17,2.8421709430404014e-14
3.515999998897314,0.21,-0.1654,0.4388,0.7302,-1.1215,2.809,0.5699305714503701,2.3299999999999983,-0.2699999999999999,1.1500000000000128,-0.2605,0.0,0.6163999999999998,-0.6675,-0.4769,1.3792000000000002,0.5659830624856946,1.4000000000000057,5.551115123125783e-17,-0.0999999999999943
3.5319999996572733,0.1989,-0.1539,0.4204,0.7321,-1.1147,2.8032,0.5699305714503701,2.3299999999999983,-0.3699999999999999,1.1500000000000128,-0.2687,0.0,0.6119999999999998,-0.6614,-0.4819,1.3747999999999998,0.5659830624856946,1.4000000000000057,5.551115123125783e-17,-0.0999999999999943
3.54700000025332,0.2025,-0.146,0.41,0.7308,-1.1344,2.7868,0.5699305714503701,2.3299999999999983,-0.2699999999999999,1.1500000000000128,-0.2555,0.0,0.599,-0.6575,-0.4742,1.382,0.5653574425879301,1.4000000000000057,5.551115123125783e-17,-0.0999999999999943
3.5779999997466803,0.2055,-0.1439,0.4041999999999998,0.7046,-1.1551,2.802,0.5699763485160602,2.3299999999999983,-0.2699999999999999,1.1500000000000128,-0.2462,0.0,0.6119999999999998,-0.6454,-0.4857,1.385,0.5652048523689631,1.4000000000000057,5.551115123125783e-17,-0.0999999999999943
3.5940000005066395,0.189,-0.1285,0.4088,0.711,-1.1517,2.7994,0.570235751888304,2.3299999999999983,-0.2699999999999999,1.1500000000000128,-0.2499,0.0,0.6062,-0.642,-0.5007,1.4014,0.5647928587777523,1.4000000000000057,5.551115123125783e-17,-0.0999999999999943
3.6099999994039536,0.1935,-0.1136,0.3956,0.7054,-1.1724,2.7899999999999996,0.5722041657129778,2.3299999999999983,-0.2699999999999999,1.2500000000000142,-0.2523,0.0,0.5911999999999998,-0.6573,-0.4892,1.4032,0.563450064850843,1.4000000000000057,5.551115123125783e-17,-0.0999999999999943
3.625,0.2032,-0.1151,0.3939999999999998,0.6761,-1.189,2.7980000000000005,0.5729823758297093,2.3299999999999983,-0.2699999999999999,1.2500000000000142,-0.2404,0.0,0.6016,-0.6552,-0.4799,1.4024000000000003,0.563251697566186,1.4000000000000057,5.551115123125783e-17,-0.0999999999999943
3.640999998897314,0.2002,-0.1057,0.3958,0.6883,-1.1951,2.8,0.5734554055085069,2.230000000000004,-0.2699999999999999,1.2500000000000142,-0.2208,0.0,0.5917999999999998,-0.6406,-0.5013,1.4165999999999999,0.5594216830701152,1.4000000000000057,5.551115123125783e-17,2.8421709430404014e-14
3.656999999657273,0.1947,-0.0887,0.3776,0.6834,-1.2129,2.7876,0.5750423437857634,2.230000000000004,-0.2699999999999999,1.2500000000000142,-0.2318,0.0,0.5839999999999999,-0.6379,-0.5044,1.413,0.5527534905012588,1.4000000000000057,5.551115123125783e-17,2.8421709430404014e-14
3.687999999150634,0.1958,-0.0795,0.3887999999999998,0.6632,-1.2236,2.813,0.5790707255664912,2.230000000000004,-0.2699999999999999,1.2500000000000142,-0.2126,0.0,0.5896,-0.6361,-0.5008,1.4208,0.5510597390707255,1.4000000000000057,5.551115123125783e-17,2.8421709430404014e-14
3.70299999974668,0.1953,-0.0727,0.391,0.6633,-1.2295,2.8196,0.5828091859311818,2.230000000000004,-0.2699999999999999,1.2500000000000142,-0.2157,0.0,0.5729999999999998,-0.6439,-0.4918,1.4200000000000002,0.5494117647058823,1.4000000000000057,5.551115123125783e-17,2.8421709430404014e-14
3.71900000050664,0.194,-0.0594,0.3659999999999998,0.666,-1.2502,2.7908000000000004,0.5836942092011902,2.230000000000004,-0.2699999999999999,1.2500000000000142,-0.2221,0.0,0.5837999999999998,-0.6306,-0.4937,1.4298,0.5473975738155183,1.4000000000000057,5.551115123125783e-17,2.8421709430404014e-14
3.75,0.1947,-0.0512,0.3814,0.6279,-1.2693,2.8162,0.5838773174639506,2.230000000000004,-0.2699999999999999,1.3500000000000156,-0.2066,0.0,0.5717999999999998,-0.6348,-0.4853,1.4471999999999998,0.5387914854657816,1.3000000000000114,5.551115123125783e-17,2.8421709430404014e-14
3.765999998897314,0.1952,-0.0326,0.3522,0.6381,-1.2721,2.809,0.5848233768215457,2.230000000000004,-0.2699999999999999,1.3500000000000156,-0.205,0.0,0.5748,-0.6153,-0.5013,1.4484000000000001,0.53284046692607,1.3000000000000114,5.551115123125783e-17,2.8421709430404014e-14
3.781999999657273,0.1754,-0.0178,0.3468,0.6208,-1.2965,2.7924,0.5861814297703517,2.230000000000004,-0.2699999999999999,1.3500000000000156,-0.1909,0.0,0.5648,-0.6197,-0.4946,1.4492,0.5303685053788052,1.3000000000000114,5.551115123125783e-17,0.1000000000000227
3.79700000025332,0.1692,-0.0271,0.3619999999999998,0.596,-1.3109,2.823,0.5896452277409018,2.230000000000004,-0.2699999999999999,1.3500000000000156,-0.1929,0.0,0.5738,-0.621,-0.5028,1.4684,0.5300633249408713,1.3000000000000114,5.551115123125783e-17,0.1000000000000227
3.812999999150634,0.169,-0.0031,0.3565999999999998,0.6089,-1.3239,2.8021999999999996,0.5901029983978027,2.1299999999999955,-0.2699999999999999,1.3500000000000156,-0.1745,0.0,0.5684,-0.6092,-0.499,1.4804000000000002,0.525653467612726,1.3000000000000114,5.551115123125783e-17,0.1000000000000227
3.82799999974668,0.1649,-0.0074,0.3502,0.5925,-1.3324,2.8032,0.5902555886167696,2.1299999999999955,-0.2699999999999999,1.45000000000001,-0.1845,0.0,0.5582,-0.6011,-0.4978,1.4868,0.525653467612726,1.3000000000000114,0.1,0.1000000000000227
3.8599999994039536,0.1517,0.0,0.3542,0.5745,-1.3353,2.8178,0.5902555886167696,2.1299999999999955,-0.2699999999999999,1.45000000000001,-0.1728,0.0,0.5656,-0.6054,-0.5065,1.4833999999999998,0.5248142214084077,1.3000000000000114,0.1,0.1000000000000227
3.875,0.1537,0.0,0.3442,0.5785,-1.341,2.7994,0.5903776607919432,2.1299999999999955,-0.2699999999999999,1.45000000000001,-0.1811,0.0,0.5546,-0.5958,-0.5105,1.5000000000000002,0.5246616311894408,1.3000000000000114,5.551115123125783e-17,0.1000000000000227
3.890999998897314,0.1463,0.0,0.327,0.5707,-1.3554,2.801,0.5903776607919432,2.1299999999999955,-0.2699999999999999,1.45000000000001,-0.1698,0.0,0.5522,-0.5934,-0.4999,1.5089999999999997,0.5242191195544366,1.3000000000000114,5.551115123125783e-17,0.1000000000000227
3.92200000025332,0.1381,0.0,0.3306,0.5465,-1.3673,2.8176,0.5903776607919432,2.1299999999999955,-0.2699999999999999,1.45000000000001,-0.1768,0.0,0.5686,-0.5744,-0.4988,1.5154000000000003,0.5242191195544366,1.3000000000000114,5.551115123125783e-17,0.1000000000000227
3.937999999150634,0.1327,0.0,0.336,0.5514,-1.3647,2.805,0.5903776607919432,2.1299999999999955,-0.2699999999999999,1.45000000000001,-0.1686,0.0,0.5487999999999998,-0.5692,-0.496,1.529,0.5246616311894408,1.3000000000000114,5.551115123125783e-17,0.1000000000000227
3.95299999974668,0.1195,0.0,0.3243999999999998,0.5329,-1.3808,2.7874,0.5909422446021211,2.1299999999999955,-0.2699999999999999,1.45000000000001,-0.1676,0.0,0.5472,-0.569,-0.4958,1.5344000000000007,0.5246616311894408,1.3000000000000114,5.551115123125783e-17,2.8421709430404014e-14
3.96900000050664,0.1088,0.0,0.3335999999999998,0.5006,-1.3891,2.8154,0.5941466392004273,2.1299999999999955,-0.2699999999999999,1.45000000000001,-0.17,0.0,0.5473999999999998,-0.5697,-0.4996,1.5584,0.5246616311894408,1.3000000000000114,5.551115123125783e-17,2.8421709430404014e-14
3.9849999994039536,0.1076,0.0,0.3233999999999998,0.5093,-1.3963,2.7988,0.5991973754482338,2.1299999999999955,-0.2699999999999999,1.45000000000001,-0.165,0.0,0.541,-0.5615,-0.4984,1.5544,0.5236545357442588,1.3000000000000114,5.551115123125783e-17,2.8421709430404014e-14
4.0,0.0997,0.0,0.327,0.4881,-1.4019,2.8046,0.6034851606012055,2.1299999999999955,-0.2699999999999999,1.45000000000001,-0.1632,0.0,0.5527999999999998,-0.5661,-0.5144,1.5794,0.5235629816128786,1.3000000000000114,5.551115123125783e-17,2.8421709430404014e-14
4.031999999657273,0.0848,0.0,0.3334,0.464,-1.4119,2.8146,0.6070862897688258,2.1299999999999955,-0.2699999999999999,1.45000000000001,-0.1551,0.0,0.5395999999999997,-0.538,-0.5042,1.5808,0.5198550392919813,1.3000000000000114,5.551115123125783e-17,2.8421709430404014e-14
4.04700000025332,0.072,0.0,0.3184,0.4595,-1.429,2.7986,0.6104585336079957,2.1299999999999955,-0.2699999999999999,1.45000000000001,-0.1423,0.0,0.5462,-0.5349,-0.5034,1.6010000000000002,0.5198550392919813,1.3000000000000114,5.551115123125783e-17,2.8421709430404014e-14
4.062999999150634,0.0537,0.0,0.3277999999999998,0.443,-1.4271,2.8152000000000004,0.6151430533302815,2.1299999999999955,-0.2699999999999999,1.3500000000000156,-0.1521,0.0,0.5486,-0.5269,-0.5145,1.6139999999999999,0.5198550392919813,1.3000000000000114,5.551115123125783e-17,2.8421709430404014e-14
4.09400000050664,0.0528,0.0,0.3366,0.4166,-1.4375,2.8152000000000004,0.6151430533302815,2.1299999999999955,-0.2699999999999999,1.3500000000000156,-0.1412,0.0,0.54,-0.5251,-0.5103,1.6264,0.5198550392919813,1.3000000000000114,5.551115123125783e-17,2.8421709430404014e-14
4.1099999994039536,0.0333,0.0,0.3303999999999998,0.4148,-1.4379,2.8052000000000006,0.6151430533302815,2.1299999999999955,-0.2699999999999999,1.3500000000000156,-0.1369,0.0,0.5475999999999998,-0.5129,-0.5118,1.6292,0.5198550392919813,1.3000000000000114,5.551115123125783e-17,2.8421709430404014e-14
4.125,0.0156,0.0,0.338,0.3868,-1.4394,2.8164,0.5483543144884413,2.1299999999999955,-0.2699999999999999,1.3500000000000156,-0.1337,0.0,0.543,-0.5041,-0.5042,1.6463999999999999,0.5604135194934005,1.3000000000000114,5.551115123125783e-17,2.8421709430404014e-14
4.140999998897314,0.0121,0.0,0.3409999999999998,0.3829,-1.4341,2.8114000000000003,0.4604013122758831,2.1299999999999955,-0.2699999999999999,1.3500000000000156,-0.1361,0.0,0.5432,-0.489,-0.5075,1.6604,0.5752300297550926,1.3000000000000114,5.551115123125783e-17,2.8421709430404014e-14
4.156999999657273,0.0018,0.0,0.328,0.3809,-1.4507,2.8142,0.4604013122758831,2.1299999999999955,-0.2699999999999999,1.45000000000001,-0.1402,0.0,0.5273999999999998,-0.4931,-0.5109,1.673,0.5927626459143969,1.3000000000000114,5.551115123125783e-17,2.8421709430404014e-14
4.17200000025332,0.0,0.0,0.3263999999999998,0.3508,-1.4541,2.8242,0.4604013122758831,2.1299999999999955,-0.2699999999999999,1.45000000000001,-0.1268,0.0,0.5416,-0.4877,-0.5022,1.6820000000000002,0.6084184023804073,1.3000000000000114,5.551115123125783e-17,2.8421709430404014e-14
4.20299999974668,0.0,0.0,0.3369999999999998,0.3369,-1.4519,2.8284,0.4604013122758831,2.1299999999999955,-0.2699999999999999,1.45000000000001,-0.1217,0.0,0.5355999999999999,-0.4709,-0.5112,1.6912000000000005,0.6119890135042343,1.2000000000000028,5.551115123125783e-17,2.8421709430404014e-14
4.21900000050664,0.0,0.0,0.3371999999999996,0.3313,-1.4609,2.8274000000000004,0.4604013122758831,2.030000000000001,-0.2699999999999999,1.45000000000001,-0.1255,0.0,0.5262,-0.4603,-0.5004,1.6887999999999999,0.614766155489433,1.2000000000000028,5.551115123125783e-17,2.8421709430404014e-14
4.2349999994039536,0.0,0.0,0.3266,0.3281,-1.4627,2.8156000000000003,0.4626443884946975,2.030000000000001,-0.2699999999999999,1.45000000000001,-0.1243,0.0,0.5254,-0.4608,-0.5028,1.6980000000000002,0.6168566414892805,1.2000000000000028,5.551115123125783e-17,2.8421709430404014e-14
4.265999998897314,0.0,0.0,0.3435999999999998,0.3238,-1.4632,2.8224000000000005,0.4748058289463646,2.030000000000001,-0.2699999999999999,1.45000000000001,-0.1295,0.0,0.527,-0.4495,-0.498,1.7187999999999999,0.6168566414892805,1.2000000000000028,5.551115123125783e-17,2.8421709430404014e-14
4.281999999657273,0.0,0.0,0.3462,0.3115,-1.4597,2.8284,0.4980605783169299,2.030000000000001,-0.2699999999999999,1.45000000000001,-0.1264,0.0,0.5046,-0.4425,-0.5136,1.728,0.6232349126420996,1.2000000000000028,5.551115123125783e-17,2.8421709430404014e-14
4.29700000025332,0.0,0.0,0.3323999999999998,0.3154,-1.4532,2.8238,0.541182574196994,2.030000000000001,-0.2699999999999999,1.5500000000000114,-0.1197,0.0,0.4989999999999998,-0.436,-0.5001,1.7392,0.6255390249485008,1.2000000000000028,5.551115123125783e-17,0.1000000000000227
4.312999999150634,0.0,0.0,0.3354,0.3019,-1.4599,2.8116,0.5520469977874418,2.030000000000001,-0.2699999999999999,1.5500000000000114,-0.1295,0.0,0.4966,-0.4473,-0.5025,1.7496,0.6283161669336995,1.1000000000000083,5.551115123125783e-17,0.1000000000000227
4.32799999974668,0.0,0.0,0.3442,0.2956,-1.4616,2.8248,0.5585473411154345,1.9300000000000068,-0.2699999999999999,1.5500000000000114,-0.113,0.0,0.4967999999999998,-0.4485,-0.5091,1.7588,0.6291401541161211,1.1000000000000083,5.551115123125783e-17,0.1000000000000227
4.34400000050664,0.0,0.0,0.3429999999999998,0.2697,-1.4651,2.8254,0.5612634470130465,1.9300000000000068,-0.2699999999999999,1.5500000000000114,-0.1099,0.0,0.4914,-0.451,-0.5201,1.7626,0.630803387502861,1.1000000000000083,5.551115123125783e-17,0.1000000000000227
4.375,0.0,0.0,0.3377999999999998,0.2853,-1.458,2.8126,0.5701136797131304,1.9300000000000068,-0.2699999999999999,1.5500000000000114,-0.1154,0.0,0.4914,-0.4366,-0.5136,1.7821999999999998,0.630803387502861,1.0000000000000142,5.551115123125783e-17,0.1000000000000227
4.390999998897314,0.0,0.0,0.3355999999999998,0.29,-1.4537,2.8114000000000003,0.5787655451285573,1.9300000000000068,-0.2699999999999999,1.5500000000000114,-0.1083,0.0,0.4765999999999998,-0.4257,-0.5139,1.7854,0.630803387502861,1.0000000000000142,5.551115123125783e-17,0.1000000000000227
4.406999999657273,0.0,0.0,0.3435999999999998,0.2732,-1.4537,2.817400000000001,0.5828397039749752,1.9300000000000068,-0.1699999999999999,1.6500000000000128,-0.095,0.0,0.469,-0.4368,-0.5104,1.8022,0.6310017547875181,1.0000000000000142,5.551115123125783e-17,0.1000000000000227
4.42200000025332,0.0,0.0,0.3358,0.2702,-1.4468,2.8206,0.5853879606317235,1.8299999999999983,-0.1699999999999999,1.6500000000000128,-0.1017,0.0,0.4536,-0.4234,-0.5178,1.8072,0.6310170138094148,0.9000000000000057,5.551115123125783e-17,0.1000000000000227
4.45299999974668,0.0,0.0,0.3332,0.2602,-1.4629,2.8044,0.591049057755398,1.8299999999999983,-0.1699999999999999,1.6500000000000128,-0.0925,0.0,0.4552,-0.4279,-0.5289,1.834,0.6313374532692454,0.9000000000000057,5.551115123125783e-17,0.1000000000000227
4.46900000050664,0.0,0.0,0.3535999999999998,0.2535,-1.4578,2.8134,0.5934905012588694,1.8299999999999983,-0.1699999999999999,1.6500000000000128,-0.0851,0.0,0.4523999999999998,-0.4232,-0.5234,1.8322,0.6325429159990844,0.8000000000000114,5.551115123125783e-17,0.1000000000000227
4.4849999994039536,0.0,0.0,0.3276,0.2681,-1.4525,2.8054,0.5958098725871672,1.730000000000004,-0.1699999999999999,1.6500000000000128,-0.0971,0.0,0.4448,-0.4249,-0.5335,1.8434,0.635075913633936,0.8000000000000114,5.551115123125783e-17,0.200000000000017
4.5,0.0,0.0,0.3261999999999998,0.2704,-1.446,2.8066,0.5971526665140765,1.730000000000004,-0.1699999999999999,1.7500000000000142,-0.0888,0.0,0.4323999999999998,-0.4222,-0.5221,1.8508,0.6373342488746471,0.7000000000000028,0.1,0.200000000000017
4.515999998897314,0.0,0.0,0.336,0.2521,-1.4599,2.8126,0.5988921950102999,1.730000000000004,-0.1699999999999999,1.7500000000000142,-0.0924,0.0,0.4288,-0.4216,-0.5457,1.8634,0.6397451743343251,0.7000000000000028,0.1,0.200000000000017
4.54700000025332,0.0,0.0,0.3438,0.2285,-1.4639,2.8168,0.5992278934920272,1.730000000000004,-0.1699999999999999,1.7500000000000142,-0.0838,0.0,0.4383999999999998,-0.4129,-0.5432,1.872,0.6412405584802013,0.6000000000000085,5.551115123125783e-17,0.200000000000017
4.562999999150634,0.0,0.0,0.3343999999999998,0.2483,-1.4553,2.799,0.6006317235065233,1.730000000000004,-0.1699999999999999,1.7500000000000142,-0.0834,0.0,0.4323999999999998,-0.4008,-0.5343,1.8764,0.6433005264362553,0.6000000000000085,0.1,0.200000000000017
4.57799999974668,0.0,0.0,0.3434,0.2423,-1.4554,2.8128000000000006,0.6009674219882506,1.6299999999999957,-0.1699999999999999,1.7500000000000142,-0.0767,0.0,0.427,-0.3909,-0.5413,1.8808,0.6439414053559166,0.5000000000000142,0.1,0.200000000000017
4.59400000050664,0.0,0.0,0.3524,0.2191,-1.4654,2.8192000000000004,0.6017914091706722,1.6299999999999957,-0.1699999999999999,1.850000000000016,-0.0716,0.0,0.4161999999999998,-0.4023,-0.5372,1.8964,0.6439414053559166,0.5000000000000142,0.1,0.200000000000017
4.6099999994039536,0.0,0.0,0.3414,0.2283,-1.463,2.809800000000001,0.6018219272144656,1.6299999999999957,-0.1699999999999999,1.850000000000016,-0.0806,0.0,0.4225999999999998,-0.4005,-0.5457,1.8986,0.6441855497062637,0.5000000000000142,0.1,0.200000000000017
4.625,0.0,0.0,0.3349999999999996,0.2272,-1.4707,2.7968,0.6019745174334326,1.6299999999999957,-0.1699999999999999,1.850000000000016,-0.0658,0.0,0.4172,-0.3914,-0.5559,1.9056,0.6442618448157472,0.4000000000000057,0.1,0.200000000000017
4.656999999657273,0.0,0.0,0.3408,0.206,-1.4633,2.8012,0.60240177004654,1.6299999999999957,-0.1699999999999999,1.850000000000016,-0.0729,0.0,0.4032,-0.3803,-0.5392,1.9056,0.6442618448157472,0.4000000000000057,0.1,0.200000000000017
4.67200000025332,0.0,0.0,0.3349999999999996,0.2087,-1.4722,2.8074,0.6078492408636607,1.5300000000000011,-0.1699999999999999,1.850000000000016,-0.072,0.0,0.4076,-0.3733,-0.5415,1.9198,0.6457724879835202,0.4000000000000057,0.1,0.200000000000017
4.687999999150634,0.0,0.0,0.3354,0.2096,-1.4606,2.7932,0.6085206378271153,1.5300000000000011,-0.1699999999999999,1.850000000000016,-0.0679,0.0,0.4069999999999998,-0.375,-0.5534,1.9146,0.6461997405966277,0.4000000000000057,0.1,0.200000000000017
4.71900000050664,0.0,0.0,0.3564,0.194,-1.4652,2.8096,0.6086121919584955,1.5300000000000011,-0.1699999999999999,1.850000000000016,-0.0642,0.0,0.4001999999999998,-0.3834,-0.5569,1.9228,0.647496757457847,0.4000000000000057,0.1,0.200000000000017
4.7349999994039536,0.0,0.0,0.3508,0.1929,-1.4685,2.8164,0.6087953002212558,1.5300000000000011,-0.1699999999999999,1.850000000000016,-0.0625,0.0,0.4112,-0.3734,-0.5522,1.9234,0.6476035706111238,0.3000000000000113,0.1,0.200000000000017
4.75,0.0,0.0,0.34,0.2022,-1.4677,2.8021999999999996,0.6087953002212558,1.5300000000000011,-0.1699999999999999,1.95000000000001,-0.0707,0.0,0.4001999999999998,-0.3621,-0.5437,1.9224000000000003,0.6479087510490578,0.3000000000000113,0.1,0.200000000000017
4.765999998897314,0.0,0.0,0.3434,0.2023,-1.466,2.8068000000000004,0.6087037460898757,1.5300000000000011,-0.0699999999999999,1.95000000000001,-0.0705,0.0,0.3907999999999998,-0.3748,-0.55,1.9264,0.6479087510490578,0.3000000000000113,0.1,0.200000000000017
4.781999999657273,0.0,0.0,0.342,0.185,-1.4694,2.8188,0.6087953002212558,1.5300000000000011,-0.1699999999999999,1.95000000000001,-0.0675,0.0,0.4068,-0.3617,-0.558,1.9208,0.6476035706111238,0.3000000000000113,0.1,0.200000000000017
4.79700000025332,0.0,0.0,0.3429999999999998,0.1776,-1.4674,2.7934,0.6087037460898757,1.5300000000000011,-0.1699999999999999,1.95000000000001,-0.0679,0.0,0.4012,-0.3577,-0.546,1.9334,0.6476035706111238,0.3000000000000113,0.1,0.200000000000017
4.82799999974668,0.0,0.0,0.3355999999999998,0.1741,-1.473,2.7992000000000004,0.6083070115205615,1.5300000000000011,-0.1699999999999999,1.95000000000001,-0.0718,0.0,0.3962,-0.3563,-0.5556,1.9424,0.6476035706111238,0.3000000000000113,0.1,0.200000000000017
4.84400000050664,0.0,0.0,0.3392,0.1574,-1.4746,2.804,0.6083070115205615,1.5300000000000011,-0.1699999999999999,1.95000000000001,-0.0587,0.0,0.403,-0.3445,-0.5513,1.933,0.6473289082169833,0.2000000000000028,0.1,0.200000000000017
4.8599999994039536,0.0,0.0,0.357,0.1752,-1.4765,2.8138,0.6083070115205615,1.5300000000000011,-0.1699999999999999,1.95000000000001,-0.064,0.0,0.3946,-0.3511,-0.5428,1.9306,0.6473289082169833,0.2000000000000028,0.1,0.200000000000017
4.890999998897314,0.0,0.0,0.3428,0.1739,-1.4691,2.8006000000000006,0.6085511558709087,1.5300000000000011,-0.1699999999999999,1.95000000000001,-0.0633,0.0,0.3924,-0.3349,-0.5451,1.9334,0.6473289082169833,0.2000000000000028,0.1,0.200000000000017
4.906999999657273,0.0,0.0,0.3468,0.1547,-1.4785,2.8072,0.6085511558709087,1.5300000000000011,-0.1699999999999999,1.95000000000001,-0.0716,0.0,0.3978,-0.3281,-0.555,1.9444,0.6473594262607767,0.2000000000000028,0.1,0.200000000000017
4.92200000025332,0.0,0.0,0.3497999999999998,0.1537,-1.4782,2.8112,0.6085511558709087,1.5300000000000011,-0.1699999999999999,1.95000000000001,-0.0693,0.0,0.3776,-0.3331,-0.5592,1.9368,0.6475577935454337,0.2000000000000028,0.1,0.200000000000017
4.937999999150634,0.0,0.0,0.3464,0.1644,-1.4721,2.8058,0.6086427100022889,1.5300000000000011,-0.1699999999999999,1.95000000000001,-0.0643,0.0,0.3964,-0.3256,-0.5477,1.9402,0.6473594262607767,0.2000000000000028,0.1,0.200000000000017
4.95299999974668,0.0,0.0,0.3412,0.1476,-1.4813,2.7946000000000004,0.6094514381628138,1.5300000000000011,-0.1699999999999999,1.95000000000001,-0.0635,0.0,0.3936,-0.3192,-0.5523,1.9454,0.6473594262607767,0.2000000000000028,0.1,0.200000000000017
4.96900000050664,0.0,0.0,0.3497999999999998,0.1383,-1.4785,2.8096,0.6095124742504006,1.5300000000000011,-0.1699999999999999,1.850000000000016,-0.063,0.0,0.3887999999999998,-0.3129,-0.5509,1.9336,0.6475577935454337,0.2000000000000028,0.1,0.200000000000017
5.0,0.0,0.0,0.3572,0.1449,-1.4656,2.8106000000000004,0.6095277332722973,1.5300000000000011,-0.1699999999999999,1.850000000000016,-0.061,0.0,0.3928,-0.3196,-0.5573,1.946,0.6475577935454337,0.2000000000000028,0.1,0.200000000000017
5.015999998897314,0.0,0.0,0.3582,0.1446,-1.4792,2.8078,0.6097261005569543,1.5300000000000011,-0.1699999999999999,1.850000000000016,-0.0662,0.0,0.3979999999999998,-0.3238,-0.5495,1.9508,0.6473746852826734,0.1000000000000085,0.1,0.3000000000000113
5.031999999657273,0.0,0.0,0.347,0.1393,-1.4749,2.795,0.6097261005569543,1.5300000000000011,-0.1699999999999999,1.850000000000016,-0.0658,0.0,0.3882,-0.3127,-0.5569,1.9524,0.647191577019913,0.1000000000000085,0.1,0.3000000000000113
5.062999999150634,0.0,0.0,0.3564,0.1309,-1.4857,2.8046,0.6097261005569543,1.5300000000000011,-0.1699999999999999,1.850000000000016,-0.0663,0.0,0.3774,-0.3001,-0.55,1.9374,0.647191577019913,0.1000000000000085,0.1,0.3000000000000113
5.07799999974668,0.0,0.0,0.357,0.1399,-1.4881,2.791,0.6097261005569543,1.5300000000000011,-0.1699999999999999,1.850000000000016,-0.0647,0.0,0.3943999999999998,-0.2952,-0.5585,1.9534,0.6473746852826734,0.1000000000000085,0.1,0.3000000000000113
5.09400000050664,0.0,0.0,0.357,0.1212,-1.4787,2.8021999999999996,0.6096650644693675,1.5300000000000011,-0.1699999999999999,1.850000000000016,-0.0578,0.0,0.3847999999999998,-0.3003,-0.5522,1.9504,0.6473746852826734,0.1000000000000085,0.1,0.3000000000000113
5.1099999994039536,0.0,0.0,0.3604,0.1074,-1.4927,2.8106000000000004,0.6094666971847105,1.5300000000000011,-0.1699999999999999,1.850000000000016,-0.0632,0.0,0.3887999999999998,-0.2981,-0.5583,1.9516,0.647191577019913,0.1000000000000085,0.1,0.3000000000000113
5.125,0.0,0.0,0.3544,0.1352,-1.4721,2.7982,0.6094056610971237,1.5300000000000011,-0.1699999999999999,1.850000000000016,-0.0716,0.0,0.3764,-0.2852,-0.5583,1.9458,0.647191577019913,0.1000000000000085,0.1,0.3000000000000113
5.140999998897314,0.0,0.0,0.3515999999999998,0.1168,-1.4908,2.804,0.6094666971847105,1.5300000000000011,-0.1699999999999999,1.7500000000000142,-0.0653,0.0,0.3844,-0.2879,-0.5604,1.953,0.6476188296330205,0.1000000000000085,0.1,0.3000000000000113
5.17200000025332,0.0,0.0,0.3704,0.1008,-1.4869,2.8046,0.6094666971847105,1.5300000000000011,-0.1699999999999999,1.7500000000000142,-0.0556,0.0,0.3939999999999998,-0.2743,-0.5599,1.9566,0.6476188296330205,0.1000000000000085,0.1,0.3000000000000113
5.187999999150634,0.0,0.0,0.3576,0.11,-1.4919,2.8236000000000003,0.6091309987029832,1.5300000000000011,-0.1699999999999999,1.7500000000000142,-0.0542,0.0,0.3746,-0.2754,-0.5395,1.9504,0.6471457999542229,0.1000000000000085,0.1,0.3000000000000113
5.20299999974668,0.0,0.0,0.359,0.1164,-1.4789,2.8030000000000004,0.6091309987029832,1.5300000000000011,-0.2699999999999999,1.7500000000000142,-0.0627,0.0,0.379,-0.2748,-0.5641,1.9538,0.6471457999542229,0.1000000000000085,0.1,0.3000000000000113
5.2349999994039536,0.0,0.0,0.3637999999999998,0.1105,-1.4889,2.8142,0.6091309987029832,1.6299999999999957,-0.1699999999999999,1.7500000000000142,-0.064,0.0,0.381,-0.2778,-0.5571,1.9512,0.6471457999542229,0.1000000000000085,0.1,0.3000000000000113
5.25,0.0,0.0,0.3726,0.106,-1.491,2.82,0.6087495231555657,1.6299999999999957,-0.1699999999999999,1.7500000000000142,-0.065,0.0,0.3624,-0.2653,-0.5684,1.9478,0.6475577935454337,0.1000000000000085,0.1,0.3000000000000113
5.265999998897314,0.0,0.0,0.3625999999999998,0.1014,-1.5028,2.8058,0.6084596017395285,1.6299999999999957,-0.2699999999999999,1.7500000000000142,-0.0557,0.0,0.3716,-0.2615,-0.5647,1.9524,0.6475577935454337,0.1000000000000085,0.1,0.3000000000000113
5.281999999657273,0.0,0.0,0.3597999999999998,0.1103,-1.4845,2.7972,0.6083070115205615,1.6299999999999957,-0.2699999999999999,1.7500000000000142,-0.0573,0.0,0.3714,-0.2558,-0.5561,1.9548,0.6475577935454337,0.1000000000000085,0.1,0.3000000000000113
5.29700000025332,0.0,0.0,0.357,0.1049,-1.494,2.8178,0.6076356145571069,1.6299999999999957,-0.2699999999999999,1.6500000000000128,-0.0563,0.0,0.3739999999999998,-0.2523,-0.5576,1.9508,0.6479850461585412,0.1000000000000085,0.1,0.3000000000000113
5.32799999974668,0.0,0.0,0.3688,0.1034,-1.4909,2.8108,0.607330434119173,1.6299999999999957,-0.2699999999999999,1.6500000000000128,-0.066,0.0,0.3754,-0.2395,-0.574,1.9606,0.6479850461585412,0.1000000000000085,0.1,0.3000000000000113
5.34400000050664,0.0,0.0,0.363,0.0755,-1.5023,2.8132,0.6068879224841688,1.6299999999999957,-0.2699999999999999,1.6500000000000128,-0.0558,0.0,0.3664,-0.2445,-0.5591,1.9516,0.6479850461585412,0.1000000000000085,0.1,0.3000000000000113
5.3599999994039536,0.0,0.0,0.3671999999999998,0.0973,-1.4979,2.8244,0.6064911879148547,1.6299999999999957,-0.2699999999999999,1.6500000000000128,-0.0498,0.0,0.3796,-0.2487,-0.5692,1.9646,0.6477866788738842,0.1000000000000085,0.1,0.3000000000000113
5.375,0.0,0.0,0.3686,0.1034,-1.503,2.8060000000000005,0.6063385976958877,1.6299999999999957,-0.2699999999999999,1.6500000000000128,-0.0518,0.0,0.3674,-0.2469,-0.5664,1.9588,0.6477866788738842,0.1000000000000085,0.1,0.3000000000000113
5.406999999657273,0.0,0.0,0.3717999999999998,0.0916,-1.5152,2.8232000000000004,0.606323338673991,1.6299999999999957,-0.2699999999999999,1.6500000000000128,-0.042,0.0,0.3622,-0.2295,-0.5687,1.9596,0.6477866788738842,0.1000000000000085,0.1,0.200000000000017
5.42200000025332,0.0,0.0,0.3657999999999998,0.0894,-1.5073,2.8322,0.6058503089951934,1.6299999999999957,-0.2699999999999999,1.6500000000000128,-0.0524,0.0,0.3708,-0.2346,-0.5756,1.9662,0.6477866788738842,0.1000000000000085,0.1,0.200000000000017
5.437999999150634,0.0,0.0,0.3634,0.0908,-1.5162,2.8132,0.6058503089951934,1.6299999999999957,-0.2699999999999999,1.6500000000000128,-0.0379,0.0,0.3762,-0.2289,-0.5777,1.9598,0.6476646066987106,0.1000000000000085,0.1,0.200000000000017
5.45299999974668,0.0,0.0,0.3631999999999998,0.08,-1.4975,2.8114000000000003,0.6052857251850157,1.6299999999999957,-0.2699999999999999,1.5500000000000114,-0.0606,0.0,0.3636,-0.2229,-0.5825,1.9646,0.6477561608300908,0.1000000000000085,0.1,0.200000000000017
5.46900000050664,0.0,0.0,0.3748,0.0681,-1.514,2.815,0.6042023346303502,1.6299999999999957,-0.2699999999999999,1.5500000000000114,-0.062,0.0,0.371,-0.2283,-0.5662,1.9588,0.6477561608300908,0.1000000000000085,0.1,0.200000000000017
5.4849999994039536,0.0,0.0,0.3608,0.0843,-1.5137,2.808,0.6039887083237965,1.6299999999999957,-0.2699999999999999,1.5500000000000114,-0.0603,0.0,0.363,-0.2165,-0.5786,1.9506,0.6477561608300908,0.1000000000000085,0.1,0.200000000000017
5.515999998897314,0.0,0.0,0.3645999999999998,0.0814,-1.4992,2.8054,0.6039887083237965,1.6299999999999957,-0.2699999999999999,1.5500000000000114,-0.0554,0.0,0.367,-0.2136,-0.5674,1.9598,0.6477561608300908,0.1000000000000085,0.1,0.200000000000017
5.531999999657273,0.0,0.0,0.3886,0.0622,-1.5191,2.8294,0.6039887083237965,1.6299999999999957,-0.2699999999999999,1.5500000000000114,-0.0612,0.0,0.3645999999999998,-0.2201,-0.5732,1.9618,0.6477409018081941,0.1000000000000085,5.551115123125783e-17,0.200000000000017
5.54700000025332,0.0,0.0,0.371,0.0826,-1.5099,2.8308,0.6036835278858625,1.6299999999999957,-0.2699999999999999,1.5500000000000114,-0.0574,0.0,0.3582,-0.2115,-0.582,1.9642,0.647695124742504,0.1000000000000085,0.1,0.200000000000017
5.57799999974668,0.0,0.0,0.3636,0.079,-1.511,2.8094,0.6032715342946517,1.6299999999999957,-0.2699999999999999,1.5500000000000114,-0.0558,0.0,0.3676,-0.2014,-0.5827,1.9722,0.6477409018081941,0.1000000000000085,0.1,0.1000000000000227
5.59400000050664,0.0,0.0,0.3644,0.0643,-1.5104,2.8222000000000005,0.6028747997253376,1.6299999999999957,-0.2699999999999999,1.5500000000000114,-0.0522,0.0,0.3415999999999998,-0.1931,-0.5836,1.963,0.6477409018081941,0.1000000000000085,5.551115123125783e-17,0.1000000000000227
5.6099999994039536,0.0,0.0,0.3737999999999998,0.0497,-1.5191,2.8218,0.6023407339589533,1.6299999999999957,-0.2699999999999999,1.5500000000000114,-0.0572,0.0,0.3588,-0.2063,-0.5683,1.9612,0.6479392690928512,0.2000000000000028,0.1,0.1000000000000227
5.625,0.0,0.0,0.367,0.0727,-1.5163,2.824,0.6022949568932632,1.6299999999999957,-0.2699999999999999,1.5500000000000114,-0.0636,0.0,0.3576,-0.1992,-0.5887,1.9648,0.6479392690928512,0.2000000000000028,0.1,0.200000000000017
5.640999998897314,0.0,0.0,0.3648,0.0565,-1.5261,2.8198000000000003,0.6015472648203251,1.5300000000000011,-0.2699999999999999,1.5500000000000114,-0.0485,0.0,0.3588,-0.1917,-0.5998,1.9726,0.6481071183337148,0.2000000000000028,0.1,0.200000000000017
5.656999999657273,0.0,0.0,0.3792,0.0696,-1.5212,2.8284,0.601501487754635,1.5300000000000011,-0.2699999999999999,1.5500000000000114,-0.0497,0.0,0.3548,-0.1795,-0.5806,1.9702,0.6481376363775082,0.2000000000000028,0.1,0.200000000000017
5.687999999150634,0.0,0.0,0.3686,0.0798,-1.5244,2.8182000000000005,0.601501487754635,1.5300000000000011,-0.2699999999999999,1.5500000000000114,-0.06,0.0,0.3625999999999998,-0.1974,-0.5803,1.9685999999999997,0.6483665217059587,0.2000000000000028,0.1,0.200000000000017
5.70299999974668,0.0,0.0,0.3696,0.0678,-1.5119,2.8256,0.601501487754635,1.5300000000000011,-0.2699999999999999,1.5500000000000114,-0.0528,0.0,0.3562,-0.1893,-0.5824,1.9726,0.6481528953994049,0.1000000000000085,0.1,0.200000000000017
5.71900000050664,0.0,0.0,0.3686,0.0558,-1.5228,2.8272,0.601501487754635,1.5300000000000011,-0.2699999999999999,1.5500000000000114,-0.0563,0.0,0.3452,-0.1748,-0.5823,1.9588,0.6481528953994049,0.1000000000000085,0.1,0.200000000000017
5.75,0.0,0.0,0.3708,0.066,-1.5165,2.8274000000000004,0.601501487754635,1.5300000000000011,-0.2699999999999999,1.5500000000000114,-0.0426,0.0,0.3484,-0.1798,-0.5829,1.9676,0.6481528953994049,0.1000000000000085,0.1,0.200000000000017
5.75,0.0,0.0,0.3671999999999998,0.0682,-1.5277,2.8218,0.6016388189517052,1.5300000000000011,-0.2699999999999999,1.5500000000000114,-0.0408,0.0,0.3562,-0.1751,-0.5772,1.9748,0.6482902265964752,0.1000000000000085,0.1,0.200000000000017
5.781999999657273,0.0,0.0,0.3699999999999998,0.0579,-1.522,2.8194,0.6014557106889449,1.5300000000000011,-0.2699999999999999,1.5500000000000114,-0.0484,0.0,0.3539999999999998,-0.1717,-0.5785,1.9664,0.6481528953994049,0.1000000000000085,0.1,0.200000000000017
5.79700000025332,0.0,0.0,0.371,0.0497,-1.5258,2.828,0.6016388189517052,1.4300000000000068,-0.2699999999999999,1.5500000000000114,-0.0537,0.0,0.3557999999999998,-0.1731,-0.5899,1.9714,0.6479850461585412,0.1000000000000085,0.1,0.200000000000017
5.812999999150634,0.0,0.0,0.3722,0.0563,-1.5365,2.8222000000000005,0.6016388189517052,1.4300000000000068,-0.2699999999999999,1.5500000000000114,-0.0542,0.0,0.3355999999999998,-0.1687,-0.5903,1.9582,0.6479850461585412,0.2000000000000028,0.1,0.200000000000017
5.82799999974668,0.0,0.0,0.3657999999999998,0.0462,-1.5349,2.8112,0.6018677042801557,1.4300000000000068,-0.2699999999999999,1.5500000000000114,-0.0512,0.0,0.345,-0.1732,-0.5878,1.9678,0.6479850461585412,0.1000000000000085,0.1,0.200000000000017
5.8599999994039536,0.0,0.0,0.3724,0.0365,-1.5306,2.8192000000000004,0.6016388189517052,1.4300000000000068,-0.1699999999999999,1.6500000000000128,-0.0505,0.0,0.3508,-0.1631,-0.5913,1.9674,0.6479850461585412,0.1000000000000085,0.1,0.200000000000017
5.875,0.0,0.0,0.3766,0.0564,-1.5257,2.8262000000000005,0.6016083009079118,1.4300000000000068,-0.2699999999999999,1.6500000000000128,-0.0478,0.0,0.3369999999999998,-0.1609,-0.5948,1.971,0.6482902265964752,0.1000000000000085,0.1,0.200000000000017
5.890999998897314,0.0,0.0,0.3645999999999998,0.0449,-1.5328,2.8166,0.6016083009079118,1.4300000000000068,-0.2699999999999999,1.6500000000000128,-0.0448,0.0,0.3494,-0.1631,-0.5957,1.9676,0.6482902265964752,0.1000000000000085,0.1,0.200000000000017
5.906999999657273,0.0,0.0,0.3617999999999998,0.0455,-1.541,2.8303999999999996,0.6016388189517052,1.4300000000000068,-0.1699999999999999,1.6500000000000128,-0.0486,0.0,0.3377999999999998,-0.1548,-0.5872,1.9622,0.648549629968719,0.1000000000000085,0.1,0.200000000000017
5.92200000025332,0.0,0.0,0.3739999999999998,0.0459,-1.5307,2.8272,0.6018677042801557,1.4300000000000068,-0.1699999999999999,1.6500000000000128,-0.0455,0.0,0.3321999999999998,-0.1502,-0.5909,1.9604,0.648549629968719,0.1000000000000085,0.1,0.200000000000017
5.937999999150634,0.0,0.0,0.3706,0.062,-1.5322,2.8194,0.6019134813458458,1.4300000000000068,-0.1699999999999999,1.6500000000000128,-0.0381,0.0,0.3502,-0.1453,-0.5933,1.9678,0.648549629968719,0.1000000000000085,0.1,0.200000000000017
5.96900000050664,0.0,0.0,0.3777999999999998,0.0355,-1.5331,2.8178,0.6019134813458458,1.3299999999999983,-0.1699999999999999,1.6500000000000128,-0.0443,0.0,0.3414,-0.1519,-0.5858,1.9656,0.648549629968719,0.1000000000000085,0.1,0.200000000000017
5.9849999994039536,0.0,0.0,0.3657999999999998,0.0454,-1.5462,2.8206,0.6020202944991226,1.3299999999999983,-0.1699999999999999,1.6500000000000128,-0.0353,0.0,0.3428,-0.145,-0.5888,1.9688,0.6487479972533761,0.1000000000000085,0.1,0.200000000000017
6.0,0.0,0.0,0.3739999999999998,0.0526,-1.5252,2.8124,0.6020202944991226,1.3299999999999983,-0.1699999999999999,1.6500000000000128,-0.0428,0.0,0.3354,-0.1361,-0.6022,1.9728,0.6489311055161364,0.1000000000000085,0.1,0.200000000000017
6.031999999657273,0.0,0.0,0.3734,0.0161,-1.545,2.8276,0.6020202944991226,1.3299999999999983,-0.1699999999999999,1.6500000000000128,-0.0467,0.0,0.3318,-0.1407,-0.5952,1.9668,0.6489311055161364,0.1000000000000085,0.1,0.200000000000017
6.04700000025332,0.0,0.0,0.3816,0.0373,-1.541,2.832,0.6023254749370566,1.3299999999999983,-0.1699999999999999,1.6500000000000128,-0.0456,0.0,0.3334,-0.1363,-0.6007,1.9716,0.6489311055161364,0.1000000000000085,0.1,0.200000000000017
6.062999999150634,0.0,0.0,0.3617999999999998,0.0413,-1.537,2.8118,0.6023865110246434,1.3299999999999983,-0.1699999999999999,1.6500000000000128,-0.0422,0.0,0.336,-0.136,-0.5917,1.9666,0.6490074006256199,0.1000000000000085,0.1,0.200000000000017
6.07799999974668,0.0,0.0,0.3662,0.0317,-1.5448,2.8192000000000004,0.60240177004654,1.3299999999999983,-0.1699999999999999,1.6500000000000128,-0.044,0.0,0.321,-0.1337,-0.5885,1.9714,0.6490074006256199,0.1000000000000085,0.1,0.200000000000017
6.09400000050664,0.0,0.0,0.3768,0.0239,-1.5565,2.83,0.6030121309224079,1.3299999999999983,-0.1699999999999999,1.6500000000000128,-0.0396,0.0,0.3408,-0.1379,-0.5914,1.9734,0.6489768825818265,0.1000000000000085,0.1,0.200000000000017
6.1099999994039536,0.0,0.0,0.3701999999999998,0.0275,-1.5488,2.8204,0.6031189440756848,1.3299999999999983,-0.2699999999999999,1.7500000000000142,-0.0454,0.0,0.318,-0.1258,-0.5958,1.9592,0.6490074006256199,0.1000000000000085,0.1,0.200000000000017
6.140999998897314,0.0,0.0,0.3756,0.0429,-1.5516,2.8216,0.6032410162508584,1.230000000000004,-0.1699999999999999,1.7500000000000142,-0.0376,0.0,0.3243999999999998,-0.1056,-0.6041,1.9902,0.6493430991073472,0.1000000000000085,0.1,0.200000000000017
6.156999999657273,0.0,0.0,0.3677999999999998,0.0144,-1.5663,2.8352,0.6038513771267262,1.230000000000004,-0.1699999999999999,1.7500000000000142,-0.0345,0.0,0.328,-0.1216,-0.6109,1.9866,0.6493430991073472,0.1000000000000085,0.1,0.200000000000017
6.17200000025332,0.0,0.0,0.3749999999999996,0.025,-1.5643,2.8278000000000003,0.6039581902800031,1.230000000000004,-0.1699999999999999,1.7500000000000142,-0.0488,0.0,0.3181999999999998,-0.127,-0.6027,1.9698,0.6493430991073472,0.1000000000000085,0.1,0.200000000000017
6.20299999974668,0.0,0.0,0.363,0.0367,-1.5434,2.8154,0.6040344853894866,1.230000000000004,-0.1699999999999999,1.7500000000000142,-0.0312,0.0,0.333,-0.1201,-0.5971,1.976,0.6493430991073472,0.1000000000000085,0.1,0.200000000000017
6.21900000050664,0.0,0.0,0.377,0.019,-1.5673,2.8208,0.6046295872434577,1.230000000000004,-0.1699999999999999,1.7500000000000142,-0.0427,0.0,0.3148,-0.1177,-0.5986,1.9728,0.6496177615014878,0.2000000000000028,0.1,0.200000000000017
6.2349999994039536,0.0,0.0,0.3781999999999998,0.0233,-1.5729,2.828,0.6054993514915694,1.230000000000004,-0.1699999999999999,1.7500000000000142,-0.0393,0.0,0.3335999999999998,-0.1151,-0.599,1.979,0.6496635385671778,0.2000000000000028,0.1,0.200000000000017
6.25,0.0,0.0,0.3766,0.0384,-1.5543,2.8152000000000004,0.6057587548638133,1.230000000000004,-0.1699999999999999,1.7500000000000142,-0.0427,0.0,0.321,-0.12,-0.6053,1.974,0.6496635385671778,0.2000000000000028,0.1,0.200000000000017
6.265999998897314,0.0,0.0,0.3749999999999996,0.0162,-1.5679,2.8246,0.6057587548638133,1.230000000000004,-0.1699999999999999,1.7500000000000142,-0.0497,0.0,0.3212,-0.1147,-0.5951,1.973,0.6497398336766613,0.2000000000000028,0.1,0.200000000000017
6.281999999657273,0.0,0.0,0.3749999999999996,0.0221,-1.5568,2.8436,0.6060486762798505,1.230000000000004,-0.1699999999999999,1.7500000000000142,-0.0392,0.0,0.3247999999999998,-0.1066,-0.6087,1.9792,0.6497398336766613,0.2000000000000028,0.1,0.200000000000017
6.312999999150634,0.0,0.0,0.3776,0.0185,-1.5673,2.8232000000000004,0.6063385976958877,1.230000000000004,-0.1699999999999999,1.7500000000000142,-0.0394,0.0,0.3181999999999998,-0.1085,-0.6013,1.9714,0.6497398336766613,0.2000000000000028,0.1,0.200000000000017
6.32799999974668,0.0,0.0,0.3779999999999998,0.0087,-1.5578,2.8333999999999997,0.6073762111848631,1.1299999999999957,-0.1699999999999999,1.7500000000000142,-0.0397,0.0,0.3106,-0.1081,-0.6032,1.976,0.6498313878080415,0.2000000000000028,0.1,0.200000000000017
6.34400000050664,0.0,0.0,0.372,0.0093,-1.5707,2.833,0.6083527885862516,1.1299999999999957,-0.1699999999999999,1.7500000000000142,-0.0327,0.0,0.3171999999999996,-0.1002,-0.6032,1.9716,0.649907682917525,0.2000000000000028,0.1,0.200000000000017
6.375,0.0,0.0,0.3726,0.0311,-1.5584,2.8314,0.6094056610971237,1.1299999999999957,-0.1699999999999999,1.7500000000000142,-0.0392,0.0,0.3099999999999998,-0.1009,-0.619,1.9726,0.649907682917525,0.2000000000000028,0.1,0.200000000000017
6.390999998897314,0.0,0.0,0.3665999999999998,0.0186,-1.5729,2.8216,0.6097108415350576,1.1299999999999957,-0.1699999999999999,1.7500000000000142,-0.0331,0.0,0.2988,-0.1079,-0.6063,1.9764,0.6498008697642481,0.2000000000000028,0.1,0.200000000000017
6.406999999657273,0.0,0.0,0.3814,0.003,-1.5826,2.8350000000000004,0.6097718776226444,1.1299999999999957,-0.1699999999999999,1.7500000000000142,-0.0346,0.0,0.3118,-0.0973,-0.598,1.9786,0.6498008697642481,0.2000000000000028,0.1,0.200000000000017
6.42200000025332,0.0,0.0,0.3741999999999998,0.0182,-1.5682,2.8254,0.6102754253452354,1.1299999999999957,-0.1699999999999999,1.7500000000000142,-0.0287,0.0,0.316,-0.0917,-0.6134,1.978,0.649907682917525,0.2000000000000028,0.1,0.200000000000017
6.437999999150634,0.0,0.0,0.3781999999999998,0.0073,-1.5662,2.8214,0.6104585336079957,1.1299999999999957,-0.1699999999999999,1.7500000000000142,-0.0392,0.0,0.3068,-0.0912,-0.6127,1.9772,0.6498008697642481,0.2000000000000028,0.1,0.200000000000017
6.45299999974668,0.0,0.0,0.381,0.0,-1.5846,2.8376,0.6112825207904173,1.1299999999999957,-0.1699999999999999,1.7500000000000142,-0.0444,0.0,0.3243999999999998,-0.0918,-0.6134,1.985,0.6497245746547646,0.2000000000000028,0.1,0.200000000000017
6.4849999994039536,0.0,0.0,0.3724,0.0,-1.5962,2.8414000000000015,0.612152285038529,1.1299999999999957,-0.1699999999999999,1.7500000000000142,-0.035,0.0,0.3035999999999998,-0.0748,-0.6126,1.9812,0.6496787975890745,0.1000000000000085,0.1,0.200000000000017
6.5,0.0,0.0,0.373,0.0107,-1.5715,2.8188,0.6122133211261158,1.1299999999999957,-0.1699999999999999,1.7500000000000142,-0.034,0.0,0.322,-0.0964,-0.6181,1.974,0.6496787975890745,0.1000000000000085,0.1,0.200000000000017
6.515999998897314,0.0,0.0,0.3617999999999998,0.0,-1.5702,2.8256,0.6122743572137026,1.1299999999999957,-0.1699999999999999,1.7500000000000142,-0.0331,0.0,0.2994,-0.0931,-0.6053,1.9712,0.6491752498664836,0.1000000000000085,0.1,0.200000000000017
6.54700000025332,0.0,0.0,0.3827999999999998,0.0,-1.6012,2.842,0.6145021744106203,1.1299999999999957,-0.1699999999999999,1.7500000000000142,-0.0374,0.0,0.3025999999999998,-0.0886,-0.6244,1.9804,0.6491752498664836,0.1000000000000085,0.1,0.200000000000017
6.562999999150634,0.0,0.0,0.3846,0.0215,-1.5769,2.828,0.6145479514763104,1.1299999999999957,-0.1699999999999999,1.7500000000000142,-0.0298,0.0,0.3108,-0.0889,-0.6227,1.9952,0.6491752498664836,0.1000000000000085,0.1,0.200000000000017
6.57799999974668,0.0,0.0,0.3804,0.0074,-1.5869,2.8394,0.614868390936141,1.1299999999999957,-0.1699999999999999,1.6500000000000128,-0.0262,0.0,0.3014,-0.0778,-0.6142,1.9756,0.6494193942168307,0.1000000000000085,0.1,0.200000000000017
6.59400000050664,-0.0025,0.0,0.3922,0.0,-1.5836,2.8386,0.6153871976806287,1.1299999999999957,-0.1699999999999999,1.6500000000000128,-0.0369,0.0,0.3035999999999998,-0.0945,-0.6228,1.9814,0.6494193942168307,0.1000000000000085,0.1,0.200000000000017
6.6099999994039536,0.0,0.0,0.383,0.0133,-1.5797,2.8333999999999997,0.6156923781185626,1.1299999999999957,-0.1699999999999999,1.6500000000000128,-0.037,0.0,0.3046,-0.0807,-0.6105,1.982,0.6494193942168307,0.1000000000000085,0.1,0.200000000000017
6.640999998897314,-0.0123,0.0,0.387,0.0013,-1.5868,2.831,0.6165621423666743,1.1299999999999957,-0.1699999999999999,1.6500000000000128,-0.0364,0.0,0.3074,-0.0736,-0.6132,1.9872,0.6494193942168307,0.1000000000000085,0.1,0.200000000000017
6.656999999657273,0.0,0.0,0.3808,0.0,-1.5923,2.823,0.6174013885709926,1.1299999999999957,-0.1699999999999999,1.6500000000000128,-0.034,0.0,0.3064,-0.0707,-0.6287,1.9910000000000003,0.6494193942168307,0.1000000000000085,0.1,0.200000000000017
6.67200000025332,-0.0006,0.0,0.3774,0.0,-1.5872,2.8314,0.6184542610818646,1.1299999999999957,-0.1699999999999999,1.6500000000000128,-0.0398,0.0,0.2984,-0.0608,-0.6308,1.9766,0.6486717021438926,0.1000000000000085,0.1,0.200000000000017
6.687999999150634,0.0,0.0,0.3853999999999998,0.0,-1.5823,2.8488,0.6193545433737697,1.1299999999999957,-0.1699999999999999,1.6500000000000128,-0.031,0.0,0.2965999999999998,-0.087,-0.6177,1.978,0.6486717021438926,0.1000000000000085,0.1,0.200000000000017
6.71900000050664,0.0,0.0,0.3781999999999998,0.0,-1.6016,2.8326,0.6198886091401541,1.1299999999999957,-0.1699999999999999,1.6500000000000128,-0.0272,0.0,0.2964,-0.086,-0.6274,1.9906,0.6486717021438926,0.1000000000000085,0.1,0.200000000000017
6.7349999994039536,0.0,0.0,0.3756,0.0,-1.6088,2.8342000000000005,0.6208194094758526,1.1299999999999957,-0.1699999999999999,1.6500000000000128,-0.0221,0.0,0.2995999999999998,-0.0719,-0.6067,1.9702,0.649251544975967,0.1000000000000085,0.1,0.200000000000017
6.75,0.0,0.0,0.3808,0.0,-1.597,2.8298,0.6213839932860303,1.1299999999999957,-0.1699999999999999,1.6500000000000128,-0.02,0.0,0.2799999999999998,-0.07,-0.6268,1.9892,0.6490074006256199,0.1000000000000085,0.1,0.200000000000017
6.765999998897314,0.0,0.0,0.3766,0.0,-1.5916,2.8424,0.621551842526894,1.1299999999999957,-0.1699999999999999,1.6500000000000128,-0.0168,0.0,0.2886,-0.0714,-0.6369,1.9826,0.6490074006256199,0.2000000000000028,0.1,0.200000000000017
6.781999999657273,-0.003,0.0,0.3896,0.0,-1.6035,2.8392,0.6226962691691463,1.1299999999999957,-0.1699999999999999,1.5500000000000114,-0.0114,0.0,0.295,-0.0479,-0.6202,1.9738,0.649251544975967,0.2000000000000028,0.1,0.200000000000017
6.812999999150634,-0.0024,0.0,0.3853999999999998,0.0,-1.6005,2.8214,0.6226962691691463,1.1299999999999957,-0.1699999999999999,1.5500000000000114,-0.0115,0.0,0.2938,-0.0637,-0.6276,1.9996,0.649251544975967,0.2000000000000028,0.1,0.200000000000017
6.82799999974668,-0.0008,0.0,0.3946,0.0,-1.6162,2.8442,0.6244663157091631,1.1299999999999957,-0.1699999999999999,1.5500000000000114,-0.0209,0.0,0.2844,-0.0605,-0.6259,1.9902,0.6490074006256199,0.2000000000000028,0.1,0.200000000000017
6.84400000050664,-0.0035,0.0,0.3871999999999998,0.0,-1.6108,2.8414000000000015,0.6246341649500268,1.1299999999999957,-0.1699999999999999,1.5500000000000114,-0.0275,0.0,0.2797999999999998,-0.053,-0.6235,1.989,0.6490074006256199,0.1000000000000085,0.1,0.200000000000017
6.8599999994039536,-0.0051,0.0,0.3812,0.0,-1.5939,2.8312000000000004,0.6251529716945144,1.1299999999999957,-0.1699999999999999,1.5500000000000114,-0.0264,0.0,0.2906,-0.0614,-0.6179,1.988,0.6490074006256199,0.1000000000000085,0.1,0.200000000000017
6.875,0.0,0.0,0.3808,0.0,-1.6056,2.8442,0.6260837720302129,1.1299999999999957,-0.1699999999999999,1.5500000000000114,-0.0325,0.0,0.287,-0.0493,-0.6261,1.9902,0.6488548104066529,0.1000000000000085,0.1,0.200000000000017
6.890999998897314,0.0,0.0,0.3907999999999998,0.0,-1.6068,2.8480000000000003,0.6274418249790189,1.1299999999999957,-0.1699999999999999,1.5500000000000114,-0.0248,0.0,0.2878,-0.0604,-0.627,1.9832,0.6488548104066529,0.1000000000000085,0.1,0.200000000000017
6.92200000025332,0.0,0.0,0.3821999999999998,0.0,-1.6031,2.8364,0.6280979629205768,1.1299999999999957,-0.1699999999999999,1.5500000000000114,-0.0326,0.0,0.2878,-0.0444,-0.625,1.998,0.6488548104066529,0.1000000000000085,0.1,0.200000000000017
6.937999999150634,0.0,0.0,0.3918,0.0,-1.6074,2.8356,0.629394979781796,1.1299999999999957,-0.1699999999999999,1.5500000000000114,-0.0253,0.0,0.2664,-0.051,-0.6268,1.9878,0.6488853284504463,0.1000000000000085,0.1,0.200000000000017
6.95299999974668,-0.0031,0.0,0.3867999999999998,0.0,-1.6243,2.843,0.6296238651102465,1.1299999999999957,-0.1699999999999999,1.5500000000000114,-0.0218,0.0,0.2862,-0.0489,-0.6282,1.9988,0.6489768825818265,0.1000000000000085,0.1,0.200000000000017
6.9849999994039536,0.0,0.0,0.3799999999999998,0.0,-1.6051,2.8344000000000005,0.6296238651102465,1.1299999999999957,-0.1699999999999999,1.5500000000000114,-0.0167,0.0,0.2796,-0.04,-0.6233,1.9894,0.6489768825818265,0.1000000000000085,0.1,0.200000000000017
7.0,-0.0031,0.0,0.3802,0.0,-1.6023,2.841,0.6304631113145648,1.1299999999999957,-0.1699999999999999,1.5500000000000114,-0.0277,0.0,0.2936,-0.0489,-0.6338,2.0024,0.6489768825818265,0.1000000000000085,0.1,0.200000000000017
7.015999998897314,-0.0038,0.0,0.3913999999999998,0.0,-1.6293,2.8504,0.6310582131685359,1.0300000000000011,-0.1699999999999999,1.5500000000000114,-0.0354,0.0,0.2702,-0.0366,-0.6377,1.99,0.64905317769131,0.1000000000000085,0.1,0.200000000000017
7.031999999657273,0.0,0.0,0.3832,0.0,-1.6058,2.8312000000000004,0.6313939116502633,1.0300000000000011,-0.1699999999999999,1.5500000000000114,-0.0328,0.0,0.2564,-0.0381,-0.6305,1.9838,0.64905317769131,0.1000000000000085,0.1,0.200000000000017
7.04700000025332,-0.0015,0.0,0.3858,0.0,-1.6239,2.8476000000000004,0.63316395819028,1.0300000000000011,-0.1699999999999999,1.5500000000000114,-0.0312,0.0,0.2736,-0.043,-0.6357,1.9994,0.64905317769131,0.1000000000000085,0.1,0.200000000000017
7.062999999150634,-0.0045,0.0,0.381,0.0,-1.6198,2.8286,0.6336369878690776,1.0300000000000011,-0.1699999999999999,1.5500000000000114,-0.0236,0.0,0.2804,-0.0333,-0.6288,1.9948,0.6491599908445869,0.1000000000000085,0.1,0.200000000000017
7.09400000050664,0.0,0.0,0.3682,0.0,-1.6148,2.8282,0.634171053635462,1.0300000000000011,-0.1699999999999999,1.5500000000000114,-0.0213,0.0,0.2684,-0.0404,-0.6262,2.005,0.6493278400854505,0.1000000000000085,0.1,0.200000000000017
7.1099999994039536,-0.0047,0.0,0.3959999999999998,0.0,-1.6383,2.8438,0.6343541618982224,1.0300000000000011,-0.1699999999999999,1.5500000000000114,-0.0244,0.0,0.2814,-0.0408,-0.6229,1.9892,0.6493583581292439,0.1000000000000085,5.551115123125783e-17,0.200000000000017
7.125,-0.0128,0.0,0.3797999999999998,0.0,-1.6296,2.8378,0.6346440833142596,1.0300000000000011,-0.1699999999999999,1.5500000000000114,-0.014,0.0,0.2696,-0.0267,-0.6407,1.993,0.6493583581292439,0.1000000000000085,0.1,0.200000000000017
7.156999999657273,-0.0165,0.0,0.3842,0.0,-1.6181,2.8292000000000015,0.6356511787594415,1.0300000000000011,-0.1699999999999999,1.5500000000000114,-0.0191,0.0,0.2792,-0.0376,-0.6364,2.0,0.6494651712825208,0.1000000000000085,0.1,0.200000000000017
7.17200000025332,-0.0037,0.0,0.3853999999999998,0.0,-1.6294,2.8504,0.6358953231097887,1.0300000000000011,-0.1699999999999999,1.5500000000000114,-0.0066,0.0,0.2706,-0.0285,-0.6351,2.002,0.649755092698558,0.1000000000000085,0.1,0.200000000000017
7.187999999150634,-0.0092,0.0,0.3952,0.0,-1.624,2.8338,0.6362920576791028,1.0300000000000011,-0.1699999999999999,1.5500000000000114,-0.0217,0.0,0.2632,-0.0258,-0.6343,2.0022,0.649755092698558,0.1000000000000085,0.1,0.200000000000017
7.20299999974668,-0.0105,0.0,0.3873999999999998,0.0,-1.6147,2.8342000000000005,0.6365514610513466,1.0300000000000011,-0.1699999999999999,1.5500000000000114,-0.0188,0.0,0.2746,-0.0166,-0.6435,2.002,0.649755092698558,0.1000000000000085,0.1,0.200000000000017
7.219000000506639,-0.0149,0.0,0.3906,0.0,-1.6328,2.8374,0.6371007858396277,0.9300000000000068,-0.1699999999999999,1.5500000000000114,-0.0136,0.0,0.2656,-0.0317,-0.6357,1.9932,0.6499534599832151,0.1000000000000085,0.1,0.200000000000017
7.2349999994039536,-0.0078,0.0,0.3849999999999996,0.0,-1.6361,2.847,0.637940032043946,0.9300000000000068,-0.1699999999999999,1.5500000000000114,-0.0135,0.0,0.2742,-0.029,-0.6418,1.9986,0.6499534599832151,0.1000000000000085,0.1,0.200000000000017
7.265999998897314,-0.0139,0.0,0.3752,0.0,-1.6288,2.8236000000000003,0.6380621042191196,0.9300000000000068,-0.1699999999999999,1.5500000000000114,-0.0199,0.0,0.2584,-0.0216,-0.6373,1.9886,0.6499687190051118,0.1000000000000085,0.1,0.200000000000017
7.281999999657273,-0.0019,0.0,0.3954,0.0,-1.6305,2.8448000000000007,0.6383825436789502,0.9300000000000068,-0.1699999999999999,1.5500000000000114,-0.0155,0.0,0.2564,-0.0221,-0.6349,2.0028,0.6499687190051118,0.1000000000000085,0.1,0.200000000000017
7.29700000025332,-0.0199,0.0,0.3792,0.0,-1.627,2.846,0.6388860914015412,0.9300000000000068,-0.1699999999999999,1.5500000000000114,-0.0173,0.0,0.2652,-0.0286,-0.6388,1.9952,0.6499687190051118,0.1000000000000085,0.1,0.200000000000017
7.32799999974668,-0.0077,0.0,0.3853999999999998,0.0,-1.6294,2.8368,0.6389776455329214,0.9300000000000068,-0.1699999999999999,1.5500000000000114,-0.0109,0.0,0.261,-0.0207,-0.6371,1.999,0.6499687190051118,0.1000000000000085,0.1,0.200000000000017
7.344000000506639,-0.0158,0.0,0.3899999999999998,0.0,-1.6292,2.839,0.6395574883649958,0.9300000000000068,-0.1699999999999999,1.5500000000000114,-0.0267,0.0,0.2535999999999996,-0.0201,-0.6547,2.0068,0.6499687190051118,0.1000000000000085,0.1,0.200000000000017
7.3599999994039536,-0.011,0.0,0.397,0.0,-1.6382,2.8670000000000004,0.6397863736934463,0.9300000000000068,-0.1699999999999999,1.5500000000000114,-0.0034,0.0,0.2537999999999998,-0.0231,-0.6395,1.9916,0.6496177615014878,0.1000000000000085,5.551115123125783e-17,0.200000000000017
7.375,0.0,0.0,0.3899999999999998,0.0,-1.6295,2.8348,0.6404882887006943,0.9300000000000068,-0.1699999999999999,1.5500000000000114,-0.0135,0.0,0.2501999999999998,-0.0114,-0.6441,2.0062000000000006,0.6494956893263142,0.1000000000000085,0.1,0.200000000000017
7.390999998897314,-0.001,0.0,0.3918,0.0,-1.6489,2.8442,0.6411749446860456,0.8299999999999983,-0.1699999999999999,1.5500000000000114,-0.0174,0.0,0.256,-0.0168,-0.6415,2.0018,0.6494956893263142,0.1000000000000085,5.551115123125783e-17,0.200000000000017
7.406999999657273,-0.0057,0.0,0.389,0.0,-1.6344,2.841800000000001,0.6414038300144961,0.8299999999999983,-0.1699999999999999,1.5500000000000114,-0.0098,0.0,0.252,-0.0167,-0.6473,1.9964,0.649404135194934,0.1000000000000085,5.551115123125783e-17,0.200000000000017
7.437999999150634,-0.0111,0.0,0.3806,0.0,-1.649,2.8448000000000007,0.641556420233463,0.8299999999999983,-0.1699999999999999,1.5500000000000114,-0.0039,0.0,0.251,-0.0152,-0.6429,1.9976,0.6492210269321737,0.1000000000000085,0.1,0.200000000000017
7.45299999974668,-0.0105,0.0,0.3998,0.0,-1.6433,2.8562,0.6426398107881285,0.8299999999999983,-0.1699999999999999,1.5500000000000114,-0.0106,0.0,0.2526,-0.0092,-0.6369,1.999,0.6492210269321737,0.1000000000000085,5.551115123125783e-17,0.200000000000017
7.469000000506639,-0.0017,0.0,0.3901999999999998,0.0,-1.6428,2.8416,0.642716105897612,0.8299999999999983,-0.1699999999999999,1.6500000000000128,-0.0162,0.0,0.2505999999999996,-0.0111,-0.6464,2.0048,0.649205767910277,0.1000000000000085,0.1,0.200000000000017
7.4849999994039536,-0.006,0.0,0.3949999999999996,0.0,-1.6481,2.8534,0.6428686961165789,0.730000000000004,-0.1699999999999999,1.6500000000000128,-0.0111,0.0,0.2399999999999996,-0.0135,-0.6468,2.0028,0.6491142137788968,0.2000000000000028,0.1,0.200000000000017
7.5,-0.012,0.0,0.3948,0.0,-1.6423,2.8492,0.6429602502479591,0.730000000000004,-0.1699999999999999,1.6500000000000128,-0.008,0.0,0.2529999999999996,-0.0087,-0.646,2.0004,0.6490989547570001,0.2000000000000028,0.1,0.200000000000017
7.515999998897314,-0.0065,0.0,0.3887999999999998,0.0,-1.6437,2.8576,0.6433417257953765,0.730000000000004,-0.1699999999999999,1.6500000000000128,0.0,0.0,0.2472,-0.0055,-0.6427,2.0042,0.6490989547570001,0.2000000000000028,0.1,0.200000000000017
7.54700000025332,-0.0103,0.0,0.3928,0.0,-1.6408,2.8474,0.6441809719996948,0.730000000000004,-0.1699999999999999,1.6500000000000128,-0.0132,0.0,0.2456,-0.004,-0.6509,2.004,0.6490989547570001,0.2000000000000028,0.1,0.200000000000017
7.562999999150634,-0.0142,0.0,0.3907999999999998,0.0,-1.6527,2.8482,0.6442114900434882,0.730000000000004,-0.1699999999999999,1.6500000000000128,-0.0029,0.0,0.2488,0.0,-0.6475,2.0059999999999993,0.6490989547570001,0.2000000000000028,0.1,0.200000000000017
7.57799999974668,-0.0198,0.0,0.4006,0.0,-1.6516,2.855,0.6442877851529717,0.730000000000004,-0.1699999999999999,1.6500000000000128,-0.0038,0.0,0.2451999999999996,0.0,-0.6521,2.0052000000000003,0.6490989547570001,0.2000000000000028,0.1,0.200000000000017
7.6099999994039536,-0.0265,0.0,0.3939999999999998,0.0,-1.6455,2.8612,0.6442877851529717,0.730000000000004,-0.1699999999999999,1.6500000000000128,-0.0078,0.0,0.2463999999999998,0.0,-0.6397,2.0026,0.6491294728007935,0.2000000000000028,0.1,0.200000000000017
7.625,-0.0153,0.0,0.3858,0.0,-1.6393,2.8498,0.6442877851529717,0.730000000000004,-0.1699999999999999,1.6500000000000128,-0.0032,0.0,0.2378,0.0,-0.6471,2.017,0.649205767910277,0.1000000000000085,0.1,0.200000000000017
7.640999998897314,-0.024,0.0,0.3964,0.0,-1.6621,2.8434000000000004,0.6444403753719387,0.6299999999999955,-0.1699999999999999,1.6500000000000128,-0.0125,0.0,0.2371999999999996,-0.0035,-0.6493,2.0162,0.6496482795452811,0.1000000000000085,0.1,0.200000000000017
7.656999999657273,-0.015,0.0,0.3806,0.0,-1.6549,2.8484,0.6445319295033188,0.6299999999999955,-0.1699999999999999,1.6500000000000128,-0.0064,0.0,0.2353999999999998,0.0,-0.6404,2.0104,0.6496482795452811,0.2000000000000028,0.1,0.200000000000017
7.67200000025332,-0.0192,0.0,0.3846,0.0,-1.6547,2.846,0.6444403753719387,0.6299999999999955,-0.1699999999999999,1.6500000000000128,0.0,0.0,0.2332,-0.0013,-0.641,2.0052000000000003,0.6496940566109712,0.2000000000000028,0.1,0.200000000000017
7.687999999150634,-0.028,0.0,0.399,0.0,-1.6407,2.841800000000001,0.6444403753719387,0.6299999999999955,-0.1699999999999999,1.6500000000000128,-0.0052,0.0,0.2383999999999998,0.0,-0.6437,2.0124,0.6498161287861448,0.2000000000000028,0.1,0.200000000000017
7.70299999974668,-0.0201,0.0,0.3849999999999996,0.0,-1.6449,2.8488,0.6445319295033188,0.6299999999999955,-0.1699999999999999,1.6500000000000128,0.0,0.0,0.2388,0.0,-0.6521,2.0132,0.6500144960708019,0.2000000000000028,0.1,0.200000000000017
7.7349999994039536,-0.0297,0.0,0.3893999999999998,0.0,-1.6571,2.8422,0.6445319295033188,0.6299999999999955,-0.1699999999999999,1.6500000000000128,-0.0062,0.0,0.2432,0.0,-0.6472,2.0112,0.6501213092240787,0.2000000000000028,0.1,0.200000000000017
7.75,-0.0287,0.0,0.3827999999999998,0.0,-1.6506,2.8484,0.6444403753719387,0.6299999999999955,-0.1699999999999999,1.6500000000000128,-0.0046,0.0,0.2398,0.0,-0.6551,2.0058,0.6501518272678721,0.2000000000000028,0.1,0.200000000000017
7.765999998897314,-0.0397,0.0,0.3838,0.0,-1.6585,2.8504,0.6445319295033188,0.6299999999999955,-0.1699999999999999,1.6500000000000128,-0.0068,0.0,0.2348,0.0,-0.6533,2.0184000000000006,0.6502281223773556,0.2000000000000028,0.1,0.1000000000000227
7.781999999657273,-0.0305,0.0,0.3904,0.0,-1.6489,2.846,0.6445929655909056,0.6299999999999955,-0.1699999999999999,1.6500000000000128,-0.0039,0.0,0.2515999999999998,0.0,-0.6439,2.0106,0.6505027847714961,0.2000000000000028,0.1,0.1000000000000227
7.79700000025332,-0.0375,0.0,0.3907999999999998,0.0,-1.6382,2.856,0.6445929655909056,0.6299999999999955,-0.1699999999999999,1.6500000000000128,0.0,0.0,0.2373999999999996,0.0,-0.648,2.0012,0.6505638208590829,0.1000000000000085,0.1,0.1000000000000227
7.812999999150634,-0.0425,0.0,0.3943999999999998,0.0,-1.6531,2.8436,0.6445929655909056,0.6299999999999955,-0.1699999999999999,1.6500000000000128,-0.0083,0.0,0.229,0.0,-0.6516,2.0126,0.6506401159685664,0.1000000000000085,0.1,0.1000000000000227
7.82799999974668,-0.0267,0.0,0.3876,0.0,-1.6445,2.8432,0.6445929655909056,0.6299999999999955,-0.1699999999999999,1.6500000000000128,0.0,0.0,0.2338,0.0,-0.6554,2.0196,0.6507316700999466,0.1000000000000085,0.1,0.1000000000000227
7.844000000506639,-0.0388,0.0,0.3901999999999998,0.0,-1.6518,2.8436,0.6445929655909056,0.6299999999999955,-0.1699999999999999,1.6500000000000128,-0.0045,0.0,0.2344,0.0,-0.6532,2.0262,0.6507774471656367,0.1000000000000085,0.1,0.1000000000000227
7.875,-0.0324,0.0,0.3866,0.0,-1.6557,2.843,0.6445929655909056,0.6299999999999955,-0.1699999999999999,1.6500000000000128,-0.0081,0.0,0.2373999999999996,0.0,-0.6609,2.0072,0.650914778362707,0.1000000000000085,0.1,0.1000000000000227
7.890999998897314,-0.0371,0.0,0.3912,0.0,-1.6619,2.8432,0.6442572671091783,0.6299999999999955,-0.1699999999999999,1.6500000000000128,0.0,0.0,0.2257999999999996,0.0,-0.6541,2.0008,0.6510368505378805,0.2000000000000028,0.1,0.1000000000000227
7.906999999657273,-0.035,0.0,0.3776,0.0,-1.6441,2.8446,0.6441962310215915,0.6299999999999955,-0.1699999999999999,1.6500000000000128,-0.0109,0.0,0.2338,0.0,-0.6554,2.0216,0.6513878080415045,0.2000000000000028,0.1,0.1000000000000227
7.92200000025332,-0.0382,0.0,0.3802,0.0,-1.6526,2.8476000000000004,0.6441809719996948,0.6299999999999955,-0.1699999999999999,1.6500000000000128,-0.0085,0.0,0.2151999999999996,0.0,-0.6597,2.0112,0.651616693369955,0.1000000000000085,5.551115123125783e-17,0.1000000000000227
7.937999999150634,-0.0413,0.0,0.3878,0.0,-1.6482,2.8406,0.643921568627451,0.6299999999999955,-0.1699999999999999,1.6500000000000128,-0.0129,0.0,0.2253999999999998,0.0,-0.6639,2.0162,0.651616693369955,0.1000000000000085,5.551115123125783e-17,0.1000000000000227
7.969000000506639,-0.0428,0.0,0.3824,0.0,-1.6478,2.8462,0.6437537193865873,0.6299999999999955,-0.1699999999999999,1.6500000000000128,-0.0055,0.0,0.2184,0.0,-0.6555,2.0034,0.6517235065232319,0.1000000000000085,5.551115123125783e-17,0.1000000000000227
7.9849999994039536,-0.0412,0.0,0.3796,0.0,-1.653,2.8354000000000004,0.6436469062333104,0.730000000000004,-0.1699999999999999,1.6500000000000128,-0.0047,0.0,0.2101999999999996,0.0,-0.6555,2.0114,0.6517692835889219,0.1000000000000085,5.551115123125783e-17,0.1000000000000227
8.0,-0.0445,0.0,0.3866,0.0,-1.6472,2.8422,0.6435553521019303,0.730000000000004,-0.1699999999999999,1.6500000000000128,-0.0075,0.0,0.2245999999999996,0.0,-0.6477,2.0108,0.6518455786984054,0.1000000000000085,5.551115123125783e-17,0.1000000000000227
8.015999998897314,-0.0415,0.0,0.3924,0.0,-1.6558,2.8554,0.6434943160143435,0.730000000000004,-0.1699999999999999,1.6500000000000128,-0.0082,0.0,0.2388,0.0,-0.6575,2.0059999999999993,0.6518913557640955,0.1000000000000085,5.551115123125783e-17,0.1000000000000227
8.031999999657273,-0.0431,0.0,0.3818,0.0,-1.6485,2.85,0.6433722438391699,0.730000000000004,-0.1699999999999999,1.6500000000000128,-0.0118,0.0,0.2251999999999998,0.0,-0.6556,2.0097999999999994,0.6519371328297856,0.1000000000000085,5.551115123125783e-17,0.1000000000000227
8.04700000025332,-0.0419,0.0,0.3846,0.0,-1.6568,2.8458,0.6433417257953765,0.730000000000004,-0.1699999999999999,1.6500000000000128,0.0,0.0,0.2185999999999998,0.0,-0.6654,2.012,0.6519371328297856,0.1000000000000085,5.551115123125783e-17,0.1000000000000227
8.07799999974668,-0.0425,0.0,0.3833999999999998,0.0,-1.653,2.8446,0.6431280994888228,0.730000000000004,-0.1699999999999999,1.6500000000000128,0.0,0.0,0.222,0.0,-0.6607,2.0136,0.6519523918516823,0.1000000000000085,5.551115123125783e-17,0.1000000000000227
8.09400000050664,-0.049,0.0,0.3808,0.0,-1.6545,2.8464000000000005,0.6431280994888228,0.730000000000004,-0.1699999999999999,1.6500000000000128,0.0,0.0,0.224,0.0,-0.6569,2.0174000000000003,0.6519981689173724,0.1000000000000085,5.551115123125783e-17,0.1000000000000227
8.109999999403954,-0.0492,0.0,0.3939999999999998,0.0,-1.6606,2.8474,0.6429907682917525,0.730000000000004,-0.1699999999999999,1.6500000000000128,0.0,0.0,0.2094,0.0,-0.6601,2.018,0.6520592050049592,0.1000000000000085,5.551115123125783e-17,0.1000000000000227
8.125,-0.0461,0.0,0.3774,0.0,-1.6533,2.8518000000000003,0.6428992141603723,0.730000000000004,-0.1699999999999999,1.6500000000000128,0.0,0.0,0.2137999999999996,0.0,-0.6685,2.011,0.652120241092546,0.1000000000000085,5.551115123125783e-17,0.1000000000000227
8.140999998897314,-0.0534,0.0,0.3859999999999998,0.0,-1.6678,2.8458,0.642563515678645,0.730000000000004,-0.1699999999999999,1.6500000000000128,0.0,0.0,0.2131999999999998,0.0,-0.6661,2.0208,0.6521507591363394,0.1000000000000085,5.551115123125783e-17,0.1000000000000227
8.156999999657273,-0.0408,0.0,0.3824,0.0,-1.6645,2.8566,0.6425329976348516,0.730000000000004,-0.1699999999999999,1.6500000000000128,0.0,0.0,0.2077999999999998,0.0,-0.661,2.0146,0.6521507591363394,0.1000000000000085,5.551115123125783e-17,0.200000000000017
8.17200000025332,-0.0473,0.0,0.3824,0.0,-1.6677,2.8455999999999997,0.642365148393988,0.730000000000004,-0.1699999999999999,1.6500000000000128,0.0,0.0,0.215,0.0,-0.6697,2.0206,0.6521812771801327,0.1000000000000085,5.551115123125783e-17,0.200000000000017
8.20299999974668,-0.0496,0.0,0.3814,0.0,-1.6691,2.8400000000000003,0.6420752269779507,0.730000000000004,-0.1699999999999999,1.5500000000000114,0.0,0.0,0.2204,0.0,-0.6648,2.0146,0.6522270542458228,0.1000000000000085,5.551115123125783e-17,0.200000000000017
8.21900000050664,-0.0441,0.0,0.3856,0.0,-1.6636,2.845,0.6419226367589838,0.730000000000004,-0.1699999999999999,1.5500000000000114,-0.0041,0.0,0.2056,0.0,-0.6777,2.0116,0.6523796444647898,0.1000000000000085,5.551115123125783e-17,0.200000000000017
8.234999999403954,-0.0565,0.0,0.3826,0.0,-1.6611,2.8552,0.6418310826276036,0.730000000000004,-0.1699999999999999,1.5500000000000114,0.0,0.0,0.2157999999999996,0.0,-0.6778,2.0134,0.6523796444647898,0.1000000000000085,5.551115123125783e-17,0.200000000000017
8.25,-0.0387,0.0,0.3752,0.0,-1.6563,2.8488,0.6416327153429465,0.730000000000004,-0.1699999999999999,1.5500000000000114,0.0,0.0,0.2079999999999996,0.0,-0.6649,2.02,0.6526085297932402,0.1000000000000085,5.551115123125783e-17,0.200000000000017
8.265999998897314,-0.0495,0.0,0.3818,0.0,-1.6627,2.8570000000000007,0.6415411612115663,0.730000000000004,-0.1699999999999999,1.5500000000000114,0.0,0.0,0.2042,0.0,-0.6768,2.016,0.6526085297932402,0.1000000000000085,5.551115123125783e-17,0.200000000000017
8.281999999657273,-0.0516,0.0,0.3799999999999998,0.0,-1.657,2.8514,0.6412512397955291,0.730000000000004,-0.1699999999999999,1.5500000000000114,0.0,0.0,0.2009999999999998,0.0,-0.6743,2.0226,0.6527458609903105,0.1000000000000085,5.551115123125783e-17,0.200000000000017
8.29700000025332,-0.0579,0.0,0.3819999999999998,0.0,-1.6567,2.8526,0.6412512397955291,0.730000000000004,-0.1699999999999999,1.5500000000000114,0.0,0.0,0.2101999999999996,0.0,-0.6665,2.0152,0.6527763790341039,0.1000000000000085,5.551115123125783e-17,0.200000000000017
8.32799999974668,-0.0589,0.0,0.3853999999999998,0.0,-1.6669,2.8478,0.6411749446860456,0.730000000000004,-0.1699999999999999,1.5500000000000114,0.0,0.0,0.2006,0.0,-0.6706,2.0114,0.6527763790341039,0.1000000000000085,5.551115123125783e-17,0.200000000000017
8.34400000050664,-0.0635,0.0,0.3804,0.0,-1.656,2.8547999999999996,0.6410833905546655,0.730000000000004,-0.1699999999999999,1.5500000000000114,0.0,0.0,0.207,0.0,-0.6603,2.0178,0.6528374151216907,0.1000000000000085,5.551115123125783e-17,0.200000000000017
8.359999999403954,-0.0629,0.0,0.3771999999999998,0.0,-1.6638,2.8532,0.6410376134889754,0.730000000000004,-0.1699999999999999,1.5500000000000114,0.0,0.0,0.1962,0.0,-0.6693,2.0118,0.6528526741435874,0.1000000000000085,5.551115123125783e-17,0.200000000000017
8.375,-0.0587,0.0,0.387,0.0,-1.671,2.8496,0.6409308003356985,0.730000000000004,-0.1699999999999999,1.5500000000000114,0.0,0.0,0.1971999999999996,0.0,-0.6814,2.0164,0.6529900053406577,0.1000000000000085,5.551115123125783e-17,0.200000000000017
8.390999998897314,-0.0599,0.0,0.3814,0.0,-1.6584,2.8518000000000003,0.6408392462043183,0.730000000000004,-0.1699999999999999,1.5500000000000114,0.0,0.0,0.1976,0.0,-0.6746,2.0056,0.6530052643625543,0.1000000000000085,5.551115123125783e-17,0.200000000000017
8.406999999657273,-0.0539,0.0,0.3849999999999996,0.0,-1.6691,2.8506000000000005,0.6408087281605249,0.730000000000004,-0.1699999999999999,1.5500000000000114,0.0,0.0,0.2014,0.0,-0.6833,2.0204,0.653020523384451,0.1000000000000085,5.551115123125783e-17,0.200000000000017
8.437999999150634,-0.0589,0.0,0.3873999999999998,0.0,-1.671,2.8524,0.6408087281605249,0.730000000000004,-0.1699999999999999,1.5500000000000114,0.0,0.0,0.1983999999999996,0.0,-0.6731,2.0097999999999994,0.6530968184939345,0.1000000000000085,5.551115123125783e-17,0.200000000000017
8.45299999974668,-0.0641,0.0,0.3846,0.0,-1.6694,2.8394,0.640656137941558,0.730000000000004,-0.1699999999999999,1.5500000000000114,0.0,0.0,0.2001999999999996,0.0,-0.676,2.0219999999999994,0.6531425955596246,0.1000000000000085,5.551115123125783e-17,0.200000000000017
8.46900000050664,-0.0556,0.0,0.3777999999999998,0.0,-1.6492,2.8444,0.6406256198977646,0.730000000000004,-0.1699999999999999,1.5500000000000114,0.0,0.0,0.2067999999999998,0.0,-0.6678,2.0258,0.6532646677347982,0.1000000000000085,5.551115123125783e-17,0.200000000000017
8.484999999403954,-0.063,0.0,0.3864,0.0,-1.6607,2.8566,0.6406256198977646,0.730000000000004,-0.1699999999999999,1.5500000000000114,0.0,0.0,0.1957999999999996,0.0,-0.6837,2.0124,0.6532951857785916,0.1000000000000085,5.551115123125783e-17,0.200000000000017
8.5,-0.0622,0.0,0.3812,0.0,-1.6629,2.8516,0.6406103608758679,0.730000000000004,-0.1699999999999999,1.45000000000001,0.0,0.0,0.1905999999999996,0.0,-0.6726,2.0206,0.6534172579537652,0.1000000000000085,5.551115123125783e-17,0.200000000000017
8.515999998897314,-0.0643,0.0,0.3832,0.0,-1.6651,2.8448000000000007,0.6405798428320745,0.730000000000004,-0.1699999999999999,1.45000000000001,0.0,0.0,0.2047999999999998,0.0,-0.6772,2.0136,0.6534935530632486,0.1000000000000085,5.551115123125783e-17,0.200000000000017
8.531999999657273,-0.0634,0.0,0.3786,0.0,-1.6654,2.841,0.6405645838101778,0.730000000000004,-0.1699999999999999,1.45000000000001,0.0,0.0,0.1952,0.0,-0.6674,2.0238,0.6535851071946288,0.1000000000000085,5.551115123125783e-17,0.200000000000017
8.562999999150634,-0.0632,0.0,0.3804,0.0,-1.6701,2.8458,0.640503547722591,0.730000000000004,-0.1699999999999999,1.45000000000001,0.0,0.0,0.1929999999999996,0.0,-0.6893,2.0168000000000004,0.6536614023041123,0.1000000000000085,5.551115123125783e-17,0.1000000000000227
8.57799999974668,-0.0675,0.0,0.3808,0.0,-1.6637,2.847,0.6404272526131075,0.730000000000004,-0.1699999999999999,1.45000000000001,0.0,0.0,0.1976,0.0,-0.6714,2.0176,0.6538445105668726,0.1000000000000085,5.551115123125783e-17,0.1000000000000227
8.59400000050664,-0.0697,0.0,0.3853999999999998,0.0,-1.6722,2.8492,0.6403814755474174,0.730000000000004,-0.1699999999999999,1.45000000000001,0.0,0.0,0.1973999999999996,0.0,-0.673,2.0138,0.6539055466544594,0.1000000000000085,5.551115123125783e-17,0.1000000000000227
8.609999999403954,-0.0621,0.0,0.3708,0.0,-1.6807,2.847,0.6402899214160372,0.730000000000004,-0.1699999999999999,1.45000000000001,0.0,0.0,0.2007999999999996,0.0,-0.6821,2.019,0.6539055466544594,0.1000000000000085,5.551115123125783e-17,0.1000000000000227
8.625,-0.0596,0.0,0.3786,0.0,-1.6779,2.8488,0.6402899214160372,0.730000000000004,-0.1699999999999999,1.45000000000001,0.0,0.0,0.1945999999999996,0.0,-0.6902,2.0224,0.6539055466544594,0.1000000000000085,5.551115123125783e-17,0.1000000000000227
8.656999999657273,-0.0719,0.0,0.3816,0.0,-1.6666,2.8462,0.6402899214160372,0.730000000000004,-0.1699999999999999,1.45000000000001,0.0,0.0,0.1964,0.0,-0.688,2.0272,0.6539665827420462,0.1000000000000085,5.551115123125783e-17,0.1000000000000227
8.67200000025332,-0.0475,0.0,0.3826,0.0,-1.664,2.8438,0.6402746623941405,0.730000000000004,-0.1699999999999999,1.45000000000001,0.0,0.0,0.1941999999999996,0.0,-0.6804,2.0284,0.6540428778515297,0.1000000000000085,5.551115123125783e-17,0.1000000000000227
8.687999999150634,-0.0635,0.0,0.3806,0.0,-1.6653,2.8496,0.6402136263065538,0.730000000000004,-0.1699999999999999,1.45000000000001,0.0,0.0,0.1926,0.0,-0.6866,2.0232,0.6541496910048066,0.1000000000000085,5.551115123125783e-17,0.1000000000000227
8.70299999974668,-0.0555,0.0,0.3832,0.0,-1.6552,2.8547999999999996,0.6402136263065538,0.730000000000004,-0.1699999999999999,1.45000000000001,0.0,0.0,0.1994,0.0,-0.6783,2.0304,0.6542259861142901,0.1000000000000085,5.551115123125783e-17,0.1000000000000227
8.71900000050664,-0.0692,0.0,0.3788,0.0,-1.6569,2.8538,0.6401983672846571,0.730000000000004,-0.1699999999999999,1.45000000000001,0.0,0.0,0.1948,0.0,-0.6789,2.0276,0.6542717631799801,0.1000000000000085,5.551115123125783e-17,0.200000000000017
8.734999999403954,-0.0725,0.0,0.391,0.0,-1.6798,2.8422,0.6401678492408637,0.730000000000004,-0.1699999999999999,1.5500000000000114,0.0,0.0,0.1909999999999998,0.0,-0.6795,2.0186,0.6543480582894636,0.1000000000000085,5.551115123125783e-17,0.200000000000017
8.75,-0.0654,0.0,0.3792,0.0,-1.6695,2.8412,0.6401373311970703,0.730000000000004,-0.1699999999999999,1.5500000000000114,0.0,0.0,0.1895999999999996,0.0,-0.6796,2.0348,0.6544396124208438,0.1000000000000085,5.551115123125783e-17,0.200000000000017
8.781999999657273,-0.0609,0.0,0.3792,0.0,-1.6763,2.8442,0.6399389639124132,0.730000000000004,-0.1699999999999999,1.5500000000000114,0.0,0.0,0.1884,0.0,-0.6926,2.02,0.6544701304646372,0.1000000000000085,5.551115123125783e-17,0.200000000000017
8.79700000025332,-0.0724,0.0,0.3757999999999998,0.0,-1.6728,2.853,0.6398931868467231,0.730000000000004,-0.1699999999999999,1.5500000000000114,0.0,0.0,0.1851999999999996,0.0,-0.6834,2.0296,0.6545006485084306,0.1000000000000085,5.551115123125783e-17,0.200000000000017
8.812999999150634,-0.0728,0.0,0.3808,0.0,-1.6764,2.8464000000000005,0.6398931868467231,0.730000000000004,-0.1699999999999999,1.5500000000000114,0.0,0.0,0.1804,0.0,-0.69,2.019,0.6545006485084306,0.1000000000000085,5.551115123125783e-17,0.200000000000017
8.82799999974668,-0.067,0.0,0.3774,0.0,-1.6726,2.8446,0.6398931868467231,0.6299999999999955,-0.1699999999999999,1.5500000000000114,0.0,0.0,0.1845999999999996,0.0,-0.6877,2.0288,0.6545769436179141,0.1000000000000085,5.551115123125783e-17,0.200000000000017
8.84400000050664,-0.0692,0.0,0.3776,0.0,-1.6723,2.8464000000000005,0.6398931868467231,0.6299999999999955,-0.1699999999999999,1.5500000000000114,0.0,0.0,0.1872,0.0,-0.6964,2.0219999999999994,0.654683756771191,0.1000000000000085,5.551115123125783e-17,0.200000000000017
8.859999999403954,-0.0737,0.0,0.3824,0.0,-1.6808,2.8455999999999997,0.6398931868467231,0.6299999999999955,-0.1699999999999999,1.5500000000000114,0.0,0.0,0.1938,0.0,-0.6901,2.027,0.654683756771191,0.1000000000000085,5.551115123125783e-17,0.200000000000017
8.875,-0.0671,0.0,0.387,0.0,-1.6769,2.8462,0.6399084458686198,0.6299999999999955,-0.1699999999999999,1.5500000000000114,0.0,0.0,0.1824,0.0,-0.6891,2.0214000000000003,0.6548363469901579,0.1000000000000085,5.551115123125783e-17,0.200000000000017
8.890999998897314,-0.0578,0.0,0.3757999999999998,0.0,-1.6661,2.8474,0.6399084458686198,0.6299999999999955,-0.0699999999999999,1.5500000000000114,0.0,0.0,0.1848,0.0,-0.6782,2.0324,0.6549889372091249,0.1000000000000085,5.551115123125783e-17,0.200000000000017
8.92200000025332,-0.0576,0.0,0.3749999999999996,0.0,-1.6693,2.8398,0.6399694819562066,0.6299999999999955,-0.0699999999999999,1.5500000000000114,0.0,0.0,0.1953999999999998,0.0,-0.6881,2.0306,0.6549889372091249,0.1000000000000085,5.551115123125783e-17,0.200000000000017
8.937999999150634,-0.0716,0.0,0.389,0.0,-1.6769,2.8414000000000015,0.6400152590218967,0.6299999999999955,-0.0699999999999999,1.5500000000000114,0.0,0.0,0.1865999999999996,0.0,-0.6857,2.0286,0.6549889372091249,0.1000000000000085,5.551115123125783e-17,0.200000000000017
8.95299999974668,-0.0714,0.0,0.379,0.0,-1.6781,2.8434000000000004,0.6400762951094835,0.6299999999999955,-0.0699999999999999,1.5500000000000114,0.0,0.0,0.1815999999999998,0.0,-0.69,2.0338,0.6549889372091249,0.1000000000000085,5.551115123125783e-17,0.200000000000017
8.96900000050664,-0.065,0.0,0.3844,0.0,-1.6808,2.8412,0.6400305180437934,0.6299999999999955,-0.0699999999999999,1.5500000000000114,0.0,0.0,0.1769999999999998,0.0,-0.6921,2.0234,0.6549889372091249,0.1000000000000085,5.551115123125783e-17,0.200000000000017
8.984999999403954,-0.0651,0.0,0.3794,0.0,-1.6816,2.8455999999999997,0.6400305180437934,0.6299999999999955,-0.0699999999999999,1.6500000000000128,0.0,0.0,0.1761999999999996,0.0,-0.6915,2.0218,0.6549889372091249,0.1000000000000085,5.551115123125783e-17,0.200000000000017
9.0,-0.0676,0.0,0.3826,0.0,-1.6823,2.8478,0.6401983672846571,0.6299999999999955,-0.0699999999999999,1.6500000000000128,0.0,0.0,0.1769999999999998,0.0,-0.6916,2.0338,0.6549889372091249,0.1000000000000085,5.551115123125783e-17,0.200000000000017
9.015999998897314,-0.064,0.0,0.3699999999999998,0.0,-1.6847,2.8392,0.6402441443503472,0.5300000000000011,-0.0699999999999999,1.6500000000000128,0.0,0.0,0.1814,0.0,-0.694,2.0302,0.6550194552529183,0.1000000000000085,5.551115123125783e-17,0.200000000000017
9.04700000025332,-0.0735,0.0,0.3802,0.0,-1.6762,2.85,0.6402441443503472,0.5300000000000011,-0.0699999999999999,1.6500000000000128,0.0,0.0,0.1862,0.0,-0.6918,2.0226,0.6550804913405051,0.1000000000000085,5.551115123125783e-17,0.200000000000017
9.062999999150634,-0.0651,0.0,0.3797999999999998,0.0,-1.6864,2.8458,0.6402441443503472,0.5300000000000011,-0.0699999999999999,1.6500000000000128,0.0,0.0,0.1744,0.0,-0.6914,2.0238,0.6550804913405051,0.1000000000000085,5.551115123125783e-17,0.200000000000017
9.07799999974668,-0.0688,0.0,0.3847999999999998,0.0,-1.6796,2.8476000000000004,0.6404119935912108,0.5300000000000011,-0.0699999999999999,1.6500000000000128,0.0,0.0,0.1812,0.0,-0.6885,2.03,0.6551262684061951,0.1000000000000085,5.551115123125783e-17,0.200000000000017
9.09400000050664,-0.0658,0.0,0.3776,0.0,-1.6817,2.8416,0.6405645838101778,0.5300000000000011,-0.0699999999999999,1.6500000000000128,0.0,0.0,0.1691999999999998,0.0,-0.6891,2.0292,0.6551262684061951,0.1000000000000085,5.551115123125783e-17,0.200000000000017
9.109999999403954,-0.0644,0.0,0.3867999999999998,0.0,-1.6816,2.8404,0.640701915007248,0.5300000000000011,-0.0699999999999999,1.6500000000000128,0.0,0.0,0.1751999999999996,0.0,-0.695,2.0366000000000004,0.6551567864499885,0.1000000000000085,5.551115123125783e-17,0.200000000000017
9.140999998897314,-0.0697,0.0,0.3704,0.0,-1.68,2.839,0.6408392462043183,0.5300000000000011,-0.0699999999999999,1.6500000000000128,0.0,0.0,0.1707999999999998,0.0,-0.6965,2.0354,0.6551567864499885,0.1000000000000085,5.551115123125783e-17,0.200000000000017
9.156999999657272,-0.0648,0.0,0.3786,0.0,-1.6875,2.8388000000000004,0.6409613183794919,0.5300000000000011,-0.0699999999999999,1.6500000000000128,0.0,0.0,0.1694,0.0,-0.6918,2.0262,0.6552483405813687,0.1000000000000085,5.551115123125783e-17,0.200000000000017
9.17200000025332,-0.0625,0.0,0.3812,0.0,-1.6831,2.8480000000000003,0.6409765774013886,0.5300000000000011,-0.0699999999999999,1.6500000000000128,0.0,0.0,0.1695999999999996,0.0,-0.6951,2.0284,0.6552788586251621,0.1000000000000085,5.551115123125783e-17,0.200000000000017
9.187999999150634,-0.0684,0.0,0.3748,0.0,-1.6828,2.8350000000000004,0.6409765774013886,0.5300000000000011,-0.0699999999999999,1.6500000000000128,0.0,0.0,0.1829999999999996,0.0,-0.6954,2.0298,0.6553398947127489,0.1000000000000085,5.551115123125783e-17,0.200000000000017
9.20299999974668,-0.0677,0.0,0.3827999999999998,0.0,-1.6887,2.8516,0.6411444266422522,0.5300000000000011,-0.0699999999999999,1.6500000000000128,0.0,0.0,0.1754,0.0,-0.6924,2.0392,0.6555077439536126,0.1000000000000085,5.551115123125783e-17,0.200000000000017
9.21900000050664,-0.066,0.0,0.3812,0.0,-1.6841,2.8414000000000015,0.6412664988174258,0.5300000000000011,-0.0699999999999999,1.6500000000000128,0.0,0.0,0.1801999999999996,0.0,-0.6875,2.0374,0.655584039063096,0.1000000000000085,5.551115123125783e-17,0.200000000000017
9.234999999403954,-0.0618,0.0,0.3748,0.0,-1.6905,2.842,0.6412664988174258,0.5300000000000011,-0.0699999999999999,1.6500000000000128,0.0,0.0,0.1822,0.0,-0.6904,2.0294,0.6556603341725795,0.1000000000000085,5.551115123125783e-17,0.1000000000000227
9.265999998897314,-0.0576,0.0,0.3832,0.0,-1.6869,2.8396000000000003,0.6417395284962234,0.4300000000000068,-0.0699999999999999,1.6500000000000128,0.0,0.0,0.1772,0.0,-0.6889,2.0346,0.6556603341725795,0.1000000000000085,5.551115123125783e-17,0.1000000000000227
9.281999999657272,-0.0485,0.0,0.3674,0.0,-1.6811,2.8364,0.6417547875181201,0.4300000000000068,-0.0699999999999999,1.6500000000000128,0.0,0.0,0.1706,0.0,-0.6894,2.0312,0.655584039063096,0.1000000000000085,5.551115123125783e-17,0.1000000000000227
9.29700000025332,-0.0635,0.0,0.3818,0.0,-1.6887,2.836,0.6417547875181201,0.4300000000000068,0.03,1.6500000000000128,0.0,0.0,0.1754,0.0,-0.6864,2.0242,0.655584039063096,0.1000000000000085,5.551115123125783e-17,0.1000000000000227
9.312999999150634,-0.0594,0.0,0.379,0.0,-1.6838,2.8358000000000003,0.6417547875181201,0.4300000000000068,0.03,1.6500000000000128,0.0,0.0,0.1657999999999996,0.0,-0.6885,2.039,0.655584039063096,0.1000000000000085,5.551115123125783e-17,0.1000000000000227
9.32799999974668,-0.0613,0.0,0.389,0.0,-1.6972,2.8404,0.6418463416495003,0.4300000000000068,0.03,1.6500000000000128,0.0,0.0,0.1701999999999996,0.0,-0.6891,2.046,0.6555230029755093,0.1000000000000085,5.551115123125783e-17,0.1000000000000227
9.34400000050664,-0.0527,0.0,0.3797999999999998,0.0,-1.6949,2.831,0.6420447089341573,0.4300000000000068,0.03,1.6500000000000128,0.0,0.0,0.1735999999999996,0.0,-0.6944,2.0366000000000004,0.6555230029755093,0.1000000000000085,5.551115123125783e-17,0.1000000000000227
9.359999999403954,-0.0549,0.0,0.3734,0.0,-1.6964,2.8358000000000003,0.642716105897612,0.4300000000000068,0.03,1.6500000000000128,0.0,0.0,0.1714,0.0,-0.6931,2.0408,0.6555230029755093,0.1000000000000085,5.551115123125783e-17,0.1000000000000227
9.375,-0.0456,0.0,0.3781999999999998,0.0,-1.6922,2.8484,0.6428381780727855,0.4300000000000068,0.03,1.6500000000000128,0.0,0.0,0.1716,0.0,-0.6991,2.0294,0.655538261997406,0.1000000000000085,5.551115123125783e-17,0.1000000000000227
9.406999999657272,-0.0497,0.0,0.3754,0.0,-1.7106,2.8414000000000015,0.6428839551384756,0.4300000000000068,0.03,1.5500000000000114,0.0,0.0,0.1789999999999996,0.0,-0.7038,2.0386,0.655538261997406,0.1000000000000085,-0.0999999999999999,0.1000000000000227
9.42200000025332,-0.0521,0.0,0.3847999999999998,0.0,-1.6909,2.8284,0.6428839551384756,0.4300000000000068,0.03,1.5500000000000114,0.0,0.0,0.1711999999999996,0.0,-0.693,2.0379999999999994,0.655538261997406,0.1000000000000085,-0.0999999999999999,0.1000000000000227
9.437999999150634,-0.042,0.0,0.3802,0.0,-1.6995,2.8358000000000003,0.6428839551384756,0.4300000000000068,0.03,1.5500000000000114,0.0,0.0,0.1776,0.0,-0.6922,2.031,0.655538261997406,0.1000000000000085,-0.0999999999999999,2.8421709430404014e-14
9.45299999974668,-0.0461,0.0,0.3802,0.0,-1.6964,2.8298,0.6431586175326162,0.4300000000000068,0.03,1.5500000000000114,0.0,0.0,0.1651999999999998,0.0,-0.6808,2.0288,0.6557824063477531,0.1000000000000085,-0.0999999999999999,2.8421709430404014e-14
9.484999999403954,-0.0582,0.0,0.3804,0.0,-1.6966,2.8318,0.6431586175326162,0.4300000000000068,0.03,1.45000000000001,0.0,0.0,0.1727999999999998,0.0,-0.6833,2.0452,0.6557824063477531,0.1000000000000085,-0.0999999999999999,2.8421709430404014e-14
9.5,-0.0534,0.0,0.3808,0.0,-1.7038,2.8388000000000004,0.6431586175326162,0.4300000000000068,0.03,1.45000000000001,0.0,0.0,0.1787999999999996,0.0,-0.6958,2.0402,0.6554772259098192,0.1000000000000085,-0.0999999999999999,2.8421709430404014e-14
9.515999998897314,-0.0499,0.0,0.371,0.0,-1.6989,2.8312000000000004,0.6432501716639963,0.4300000000000068,0.13,1.45000000000001,0.0,0.0,0.1691999999999998,0.0,-0.6892,2.0314,0.6554772259098192,0.1000000000000085,-0.0999999999999999,-0.0999999999999943
9.531999999657272,-0.0447,0.0,0.3824,0.0,-1.6972,2.8324,0.6433417257953765,0.4300000000000068,0.13,1.3500000000000156,0.0,0.0,0.172,0.0,-0.6947,2.037200000000001,0.6557824063477531,0.1000000000000085,-0.0999999999999999,-0.0999999999999943
9.54700000025332,-0.0466,0.0,0.3873999999999998,0.0,-1.7015,2.8386,0.6433417257953765,0.4300000000000068,0.13,1.3500000000000156,0.0,0.0,0.1744,0.0,-0.6944,2.0392,0.6557824063477531,0.1000000000000085,-0.0999999999999999,-0.0999999999999943
9.562999999150634,-0.0407,0.0,0.3836,0.0,-1.702,2.8358000000000003,0.6433417257953765,0.4300000000000068,0.13,1.2500000000000142,0.0,0.0,0.1683999999999996,0.0,-0.695,2.0396,0.6554772259098192,0.1000000000000085,-0.0999999999999999,-0.1999999999999886
9.57799999974668,-0.0481,0.0,0.381,0.0,-1.7053,2.8394,0.6437537193865873,0.4300000000000068,0.13,1.2500000000000142,0.0,0.0,0.1673999999999996,0.0,-0.6902,2.0298,0.6554772259098192,0.1000000000000085,-0.0999999999999999,-0.1999999999999886
9.59400000050664,-0.0555,0.0,0.3896,0.0,-1.7036,2.8350000000000004,0.6438605325398642,0.4300000000000068,0.13,1.1500000000000128,0.0,0.0,0.1716,0.0,-0.681,2.0354,0.6561181048294804,0.1000000000000085,-0.0999999999999999,-0.2999999999999829
9.625,-0.0448,0.0,0.3884,0.0,-1.698,2.8400000000000003,0.6441657129777981,0.4300000000000068,0.13,1.1500000000000128,0.0,0.0,0.1723999999999996,0.0,-0.6816,2.028,0.6561486228732738,0.1000000000000085,-0.0999999999999999,-0.2999999999999829
9.640999998897314,-0.0462,0.0,0.3704,0.0,-1.6992,2.8342000000000005,0.6442877851529717,0.4300000000000068,0.13,1.0500000000000114,0.0,0.0,0.164,0.0,-0.6911,2.026,0.6561791409170672,0.1000000000000085,-0.0999999999999999,-0.3999999999999772
9.656999999657272,-0.05,0.0,0.3946,0.0,-1.6986,2.8366,0.644425116350042,0.4300000000000068,0.13,1.0500000000000114,0.0,0.0,0.1657999999999996,0.0,-0.6893,2.039,0.6561943999389639,0.1000000000000085,-0.0999999999999999,-0.3999999999999772
9.67200000025332,-0.0443,0.0,0.3858,0.0,-1.7065,2.8398,0.6442877851529717,0.4300000000000068,0.13,0.95000000000001,0.0,0.0,0.166,0.0,-0.6839,2.0206,0.6561791409170672,0.1000000000000085,-0.1999999999999999,-0.4999999999999716
9.687999999150634,-0.0482,0.0,0.3766,0.0,-1.7065,2.8400000000000003,0.6441657129777981,0.4300000000000068,0.13,0.8500000000000156,0.0,0.0,0.1626,0.0,-0.6886,2.0418,0.6561791409170672,0.1000000000000085,-0.1999999999999999,-0.4999999999999716
9.70299999974668,-0.0561,0.0,0.3766,0.0,-1.7133,2.841800000000001,0.6439826047150378,0.4300000000000068,0.13,0.8500000000000156,0.0,0.0,0.1681999999999998,0.0,-0.6932,2.035,0.6561791409170672,0.1000000000000085,-0.1999999999999999,-0.5999999999999943
9.71900000050664,-0.0595,0.0,0.3799999999999998,0.0,-1.6976,2.8336,0.643768978408484,0.4300000000000068,0.13,0.7500000000000142,0.0,0.0,0.1754,0.0,-0.6904,2.031,0.6558281834134432,0.1000000000000085,-0.1999999999999999,-0.6999999999999886
9.75,-0.0523,0.0,0.3812,0.0,-1.7086,2.839,0.643570611123827,0.4300000000000068,0.13,0.6500000000000128,0.0,0.0,0.1621999999999998,0.0,-0.6973,2.0316,0.655538261997406,0.1000000000000085,-0.1999999999999999,-0.6999999999999886
9.765999998897314,-0.0535,0.0,0.3741999999999998,0.0,-1.7019,2.8346000000000005,0.6435248340581369,0.4300000000000068,0.13,0.5500000000000114,0.0,0.0,0.1635999999999996,0.0,-0.697,2.0364,0.655385671778439,0.1000000000000085,-0.1999999999999999,-0.799999999999983
9.781999999657272,-0.0507,0.0,0.3776,0.0,-1.6966,2.8384000000000005,0.6435248340581369,0.4300000000000068,0.13,0.5500000000000114,0.0,0.0,0.1697999999999998,0.0,-0.6856,2.031,0.6553704127565423,0.1000000000000085,-0.1999999999999999,-0.8999999999999773
9.79700000025332,-0.0536,0.0,0.3726,0.0,-1.7125,2.833,0.6435248340581369,0.4300000000000068,0.13,0.4500000000000099,0.0,0.0,0.1657999999999996,0.0,-0.6859,2.0316,0.6553704127565423,0.1000000000000085,-0.1999999999999999,-0.8999999999999773
9.812999999150634,-0.0534,0.0,0.3774,0.0,-1.7081,2.8412,0.6434790569924468,0.4300000000000068,0.13,0.3500000000000156,0.0,0.0,0.1747999999999998,0.0,-0.6947,2.0346,0.6553551537346456,0.1000000000000085,-0.1999999999999999,-0.9999999999999716
9.84400000050664,-0.0523,0.0,0.3853999999999998,0.0,-1.6997,2.8398,0.6435248340581369,0.4300000000000068,0.13,0.2500000000000142,0.0,0.0,0.1656,0.0,-0.6878,2.032,0.6553551537346456,0.1000000000000085,-0.1999999999999999,-1.0999999999999943
9.859999999403954,-0.0441,0.0,0.3886,0.0,-1.6999,2.841800000000001,0.6435248340581369,0.4300000000000068,0.13,0.1500000000000128,0.0,0.0,0.1691999999999998,0.0,-0.6934,2.0264,0.6553551537346456,0.1000000000000085,-0.1999999999999999,-1.1999999999999886
9.875,-0.0553,0.0,0.3788,0.0,-1.7053,2.8472000000000004,0.6435400930800336,0.4300000000000068,0.13,0.0500000000000113,0.0,0.0,0.1664,0.0,-0.6857,2.0248,0.6553704127565423,0.1000000000000085,-0.1999999999999999,-1.299999999999983
9.890999998897314,-0.0545,0.0,0.3832,0.0,-1.7122,2.8398,0.6435400930800336,0.4300000000000068,0.13,-0.04999999999999,0.0,0.0,0.1671999999999996,0.0,-0.6874,2.0296,0.6553704127565423,0.1000000000000085,-0.1999999999999999,-1.3999999999999773
9.906999999657272,-0.0553,0.0,0.3736,0.0,-1.7019,2.8482,0.6434790569924468,0.4300000000000068,0.13,-0.1499999999999843,0.0,0.0,0.1714,0.0,-0.69,2.02,0.6553551537346456,0.1000000000000085,-0.1999999999999999,-1.3999999999999773
9.92200000025332,-0.0613,0.0,0.3776,0.0,-1.7198,2.8455999999999997,0.6431280994888228,0.4300000000000068,0.2300000000000001,-0.1499999999999843,0.0,0.0,0.1677999999999998,0.0,-0.6896,2.0356,0.6549584191653315,0.1000000000000085,-0.1999999999999999,-1.4999999999999716
9.937999999150634,-0.0547,0.0,0.3847999999999998,0.0,-1.7029,2.8428,0.6424872205691615,0.4300000000000068,0.2300000000000001,-0.3499999999999872,0.0,0.0,0.166,0.0,-0.6902,2.032,0.6548363469901579,0.1000000000000085,-0.1999999999999999,-1.5999999999999943
9.96900000050664,-0.0474,0.0,0.3779999999999998,0.0,-1.7068,2.841800000000001,0.6424872205691615,0.4300000000000068,0.2300000000000001,-0.4499999999999886,0.0,0.0,0.1641999999999996,0.0,-0.6878,2.0324,0.6548363469901579,0.1000000000000085,-0.2999999999999999,-1.6999999999999886
9.984999999403954,-0.0619,0.0,0.383,0.0,-1.6993,2.8486,0.6424872205691615,0.4300000000000068,0.2300000000000001,-0.54999999999999,0.0,0.0,0.1749999999999996,0.0,-0.6822,2.0278,0.6548363469901579,0.1000000000000085,-0.2999999999999999,-1.799999999999983
10.0,-0.0543,0.0,0.3853999999999998,0.0,-1.7103,2.8444,0.642410925459678,0.4300000000000068,0.2300000000000001,-0.6499999999999844,0.0,0.0,0.1641999999999996,0.0,-0.6869,2.019,0.6548363469901579,0.1000000000000085,-0.2999999999999999,-1.8999999999999773
10.015999998897314,-0.0585,0.0,0.3827999999999998,0.0,-1.7193,2.8478,0.6423041123064012,0.4300000000000068,0.2300000000000001,-0.7499999999999858,0.0,0.0,0.1635999999999996,0.0,-0.6864,2.0328,0.6548363469901579,0.1000000000000085,-0.2999999999999999,-1.999999999999972
10.031999999657272,-0.0535,0.0,0.3819999999999998,0.0,-1.715,2.8536000000000006,0.6419226367589838,0.4300000000000068,0.2300000000000001,-0.8499999999999872,0.0,0.0,0.1687999999999998,0.0,-0.6859,2.0256,0.6548210879682612,0.1000000000000085,-0.2999999999999999,-2.0999999999999943
10.04700000025332,-0.0581,0.0,0.3853999999999998,0.0,-1.7052,2.847,0.6419226367589838,0.4300000000000068,0.2300000000000001,-0.9499999999999886,0.0,0.0,0.1747999999999998,0.0,-0.6865,2.0164,0.6547447928587777,0.1000000000000085,-0.2999999999999999,-2.299999999999983
10.062999999150634,-0.0536,0.0,0.3849999999999996,0.0,-1.7147,2.8408,0.6416784924086366,0.4300000000000068,0.2300000000000001,-1.04999999999999,0.0,0.0,0.1687999999999998,0.0,-0.6759,2.0218,0.6544396124208438,0.1000000000000085,-0.2999999999999999,-2.3999999999999773
10.07799999974668,-0.0551,0.0,0.3797999999999998,0.0,-1.7049,2.8538,0.6416784924086366,0.4300000000000068,0.2300000000000001,-1.1499999999999844,0.0,0.0,0.1673999999999996,0.0,-0.697,2.0176,0.6542412451361868,0.1000000000000085,-0.2999999999999999,-2.499999999999972
10.109999999403954,-0.0546,0.0,0.3739999999999998,0.0,-1.7234,2.8446,0.6412664988174258,0.4300000000000068,0.2300000000000001,-1.2499999999999858,0.0,0.0,0.1779999999999996,0.0,-0.684,2.019,0.6542259861142901,0.1000000000000085,-0.2999999999999999,-2.5999999999999943
10.125,-0.0566,0.0,0.3781999999999998,0.0,-1.7092,2.8444,0.6411902037079423,0.4300000000000068,0.2300000000000001,-1.4499999999999886,0.0,0.0,0.1603999999999998,0.0,-0.6933,2.0182,0.6541191729610132,0.1000000000000085,-0.2999999999999999,-2.6999999999999886
10.140999998897314,-0.0532,0.0,0.3724,0.0,-1.714,2.8508,0.6411291676203555,0.4300000000000068,0.2300000000000001,-1.54999999999999,0.0,0.0,0.166,0.0,-0.6881,2.0244,0.6539818417639429,0.1000000000000085,-0.2999999999999999,-2.8999999999999773
10.156999999657272,-0.0484,0.0,0.3726,0.0,-1.704,2.8484,0.6407324330510414,0.4300000000000068,0.2300000000000001,-1.6499999999999844,0.0,0.0,0.1563999999999996,0.0,-0.6924,2.0092000000000003,0.6539208056763561,0.1000000000000085,-0.2999999999999999,-2.999999999999972
10.187999999150634,-0.0584,0.0,0.3771999999999998,0.0,-1.7095,2.8522,0.6407324330510414,0.4300000000000068,0.2300000000000001,-1.7499999999999858,0.0,0.0,0.169,0.0,-0.6899,2.0188,0.6539208056763561,0.1000000000000085,-0.2999999999999999,-3.0999999999999943
10.20299999974668,-0.0615,0.0,0.3832,0.0,-1.7125,2.8542,0.6407324330510414,0.4300000000000068,0.2300000000000001,-1.9499999999999889,0.0,0.0,0.1787999999999996,0.0,-0.6872,2.0194,0.6539055466544594,0.1000000000000085,-0.2999999999999999,-3.1999999999999886
10.21900000050664,-0.0645,0.0,0.3871999999999998,0.0,-1.7088,2.853,0.6406866559853513,0.4300000000000068,0.2300000000000001,-2.04999999999999,0.0,0.0,0.1772,0.0,-0.6768,2.0202,0.653875028610666,0.1000000000000085,-0.2999999999999999,-3.3999999999999773
10.234999999403954,-0.0592,0.0,0.3858,0.0,-1.7224,2.8492,0.6406866559853513,0.4300000000000068,0.2300000000000001,-2.1499999999999844,0.0,0.0,0.1691999999999998,0.0,-0.6917,2.0226,0.6536614023041123,0.1000000000000085,-0.2999999999999999,-3.499999999999972
10.25,-0.0541,0.0,0.3859999999999998,0.0,-1.7081,2.8606,0.6401373311970703,0.3299999999999983,0.2300000000000001,-2.249999999999986,0.0,0.0,0.1673999999999996,0.0,-0.6786,2.0164,0.6534630350194552,0.1000000000000085,-0.2999999999999999,-3.5999999999999943
10.265999998897314,-0.0652,0.0,0.3839999999999998,0.0,-1.7171,2.8658000000000015,0.6395727473868925,0.3299999999999983,0.2300000000000001,-2.4499999999999886,0.0,0.0,0.176,0.0,-0.6881,2.0212,0.6531120775158312,0.1000000000000085,-0.2999999999999999,-3.799999999999983
10.281999999657272,-0.0586,0.0,0.3879999999999998,0.0,-1.7182,2.8699999999999997,0.6394201571679256,0.3299999999999983,0.2300000000000001,-2.54999999999999,0.0,0.0,0.1613999999999998,0.0,-0.6849,2.0092000000000003,0.653020523384451,0.1000000000000085,-0.2999999999999999,-3.899999999999977
10.312999999150634,-0.0507,0.0,0.3836,0.0,-1.717,2.8564,0.63829098954757,0.3299999999999983,0.2300000000000001,-2.749999999999986,0.0,0.0,0.1626,0.0,-0.6748,2.014,0.6527763790341039,0.1000000000000085,-0.2999999999999999,-4.099999999999994
10.32799999974668,-0.059,0.0,0.3839999999999998,0.0,-1.7196,2.858,0.63829098954757,0.3299999999999983,0.2300000000000001,-2.849999999999987,0.0,0.0,0.1716,0.0,-0.6854,2.0082,0.6527763790341039,0.1000000000000085,-0.2999999999999999,-4.199999999999989
10.34400000050664,-0.0552,0.0,0.3853999999999998,0.0,-1.7155,2.8516,0.63829098954757,0.3299999999999983,0.2300000000000001,-2.9499999999999886,0.0,0.0,0.167,0.0,-0.6748,2.0078,0.6527763790341039,0.1000000000000085,-0.2999999999999999,-4.299999999999983
10.359999999403954,-0.05,0.0,0.3839999999999998,0.0,-1.7281,2.8558,0.6381994354161898,0.3299999999999983,0.2300000000000001,-3.1499999999999844,0.0,0.0,0.169,0.0,-0.6859,2.0142,0.6527763790341039,0.1000000000000085,-0.2999999999999999,-4.499999999999972
10.375,-0.0563,0.0,0.3922,0.0,-1.7322,2.8634,0.6381689173723964,0.3299999999999983,0.2300000000000001,-3.249999999999986,0.0,0.0,0.1685999999999996,0.0,-0.6835,2.0062000000000006,0.6527763790341039,0.1000000000000085,-0.2999999999999999,-4.599999999999994
10.390999998897314,-0.0569,0.0,0.3873999999999998,0.0,-1.7304,2.8628000000000005,0.6380621042191196,0.2300000000000039,0.2300000000000001,-3.349999999999987,0.0,0.0,0.1732,0.0,-0.6909,2.0092000000000003,0.6527763790341039,0.1000000000000085,-0.1999999999999999,-4.799999999999983
10.406999999657272,-0.0493,0.0,0.3852,0.0,-1.7259,2.8776,0.6376043335622187,0.2300000000000039,0.2300000000000001,-3.4499999999999886,0.0,0.0,0.164,0.0,-0.6857,2.016,0.6528068970778973,0.1000000000000085,-0.1999999999999999,-4.899999999999977
10.42200000025332,-0.061,0.0,0.3833999999999998,0.0,-1.7137,2.8778,0.6372838941023881,0.2300000000000039,0.2300000000000001,-3.649999999999984,0.0,0.0,0.1737999999999998,0.0,-0.6844,2.0218,0.6528068970778973,0.1000000000000085,-0.1999999999999999,-5.099999999999994
10.45299999974668,-0.0538,0.0,0.3842,0.0,-1.726,2.8716000000000004,0.6372075989929046,0.2300000000000039,0.2300000000000001,-3.749999999999986,0.0,0.0,0.1691999999999998,0.0,-0.6756,2.0088000000000004,0.6527306019684138,0.1000000000000085,-0.1999999999999999,-5.199999999999989
10.46900000050664,-0.0509,0.0,0.3979999999999998,0.0,-1.7253,2.8794,0.6371313038834211,0.2300000000000039,0.2300000000000001,-3.9499999999999886,0.0,0.0,0.1747999999999998,0.0,-0.6835,2.02,0.6527000839246204,0.1000000000000085,-0.1999999999999999,-5.399999999999977
10.484999999403954,-0.0576,0.0,0.3864,0.0,-1.7262,2.8800000000000003,0.6371313038834211,0.2300000000000039,0.2300000000000001,-4.04999999999999,0.0,0.0,0.1691999999999998,0.0,-0.6764,2.0176,0.6527000839246204,0.1000000000000085,-0.1999999999999999,-5.499999999999972
10.5,-0.0535,0.0,0.3956,0.0,-1.7454,2.8916,0.6371313038834211,0.1299999999999954,0.2300000000000001,-4.149999999999984,0.0,0.0,0.1767999999999998,0.0,-0.6772,2.019,0.6526543068589303,0.1000000000000085,-0.1999999999999999,-5.699999999999989
10.515999998897314,-0.0401,0.0,0.3928,0.0,-1.7383,2.8778,0.6371313038834211,0.1299999999999954,0.2300000000000001,-4.349999999999987,0.0,0.0,0.1681999999999998,0.0,-0.6851,2.0034,0.6527000839246204,0.1000000000000085,-0.1999999999999999,-5.799999999999983
10.54700000025332,-0.0477,0.0,0.3948,0.0,-1.7454,2.8956000000000004,0.6371313038834211,0.1299999999999954,0.2300000000000001,-4.449999999999989,0.0,0.0,0.1776,0.0,-0.6754,2.0146,0.6527000839246204,0.1000000000000085,-0.1999999999999999,-5.999999999999972
10.562999999150634,-0.0502,0.0,0.3958,0.0,-1.7372,2.8798,0.6374670023651484,0.1299999999999954,0.2300000000000001,-4.54999999999999,0.0,0.0,0.1747999999999998,0.0,-0.6901,2.023,0.6527306019684138,0.1000000000000085,-0.1999999999999999,-6.099999999999994
10.57799999974668,-0.0479,0.0,0.3971999999999996,0.0,-1.7425,2.8816,0.6376043335622187,0.1299999999999954,0.2300000000000001,-4.749999999999986,0.0,0.0,0.1685999999999996,0.0,-0.6833,2.015,0.652822156099794,0.1000000000000085,-0.1999999999999999,-6.299999999999983
10.59400000050664,-0.0443,0.0,0.3936,0.0,-1.7321,2.8788,0.6389166094453346,0.0300000000000011,0.2300000000000001,-4.849999999999987,0.0,0.0,0.1727999999999998,0.0,-0.6865,2.011,0.6528984512092775,0.1000000000000085,-0.1999999999999999,-6.399999999999977
10.609999999403954,-0.039,0.0,0.3983999999999998,0.0,-1.7326,2.8829999999999996,0.6390081635767147,0.0300000000000011,0.2300000000000001,-4.949999999999989,0.0,0.0,0.1737999999999998,0.0,-0.6769,2.0046,0.652822156099794,0.1000000000000085,-0.1999999999999999,-6.599999999999994
10.625,-0.0457,0.0,0.3928,0.0,-1.7298,2.894,0.639801632715343,0.0300000000000011,0.2300000000000001,-5.149999999999984,0.0,0.0,0.1732,0.0,-0.6721,2.017,0.652822156099794,0.1000000000000085,-0.1999999999999999,-6.699999999999989
10.656999999657272,-0.0502,0.0,0.4072,0.0,-1.7408,2.873,0.6406103608758679,0.0300000000000011,0.2300000000000001,-5.249999999999986,0.0,0.0,0.1814,0.0,-0.687,2.0184000000000006,0.65247119859617,0.1000000000000085,-0.1999999999999999,-6.799999999999983
10.67200000025332,-0.0557,0.0,0.4001999999999998,0.0,-1.7347,2.8758,0.6412817578393225,0.0300000000000011,0.2300000000000001,-5.449999999999989,0.0,0.0,0.1732,0.0,-0.681,2.0158,0.65247119859617,0.1000000000000085,-0.1999999999999999,-6.999999999999972
10.687999999150634,-0.0402,0.0,0.4018,0.0,-1.7363,2.8768,0.6431891355764096,0.0300000000000011,0.2300000000000001,-5.54999999999999,0.0,0.0,0.176,0.0,-0.6829,2.0244,0.65247119859617,0.1000000000000085,-0.1999999999999999,-7.099999999999994
10.70299999974668,-0.0417,0.0,0.3906,0.0,-1.7516,2.897,0.6448828870069429,0.0300000000000011,0.2300000000000001,-5.649999999999984,0.0,0.0,0.1681999999999998,0.0,-0.687,2.0158,0.65247119859617,0.1000000000000085,-0.1999999999999999,-7.299999999999983
10.71900000050664,-0.0483,0.0,0.4044,0.0,-1.7487,2.893,0.6451422903791867,-0.0699999999999931,0.2300000000000001,-5.849999999999987,0.0,0.0,0.1789999999999996,0.0,-0.6762,2.014,0.65247119859617,0.1000000000000085,-0.1999999999999999,-7.399999999999977
10.734999999403954,-0.0424,0.0,0.393,0.0,-1.7446,2.8904,0.6468207827878233,-0.0699999999999931,0.13,-5.949999999999989,0.0,0.0,0.1766,0.0,-0.6727,2.0186,0.653173113603418,0.1000000000000085,-0.1999999999999999,-7.599999999999994
10.75,-0.0449,0.0,0.4063999999999998,0.0,-1.7487,2.8848,0.6500404364080262,-0.0699999999999931,0.13,-6.149999999999984,0.0,0.0,0.1838,0.0,-0.6832,2.0262,0.6534172579537652,0.1000000000000085,-0.0999999999999999,-7.699999999999989
10.765999998897314,-0.0427,0.0,0.4026,0.0,-1.7547,2.8922000000000003,0.6501930266269932,-0.0699999999999931,0.13,-6.249999999999986,0.0,0.0,0.1746,0.0,-0.6837,2.0178,0.6535088120851453,0.1000000000000085,-0.0999999999999999,-7.899999999999977
10.79700000025332,-0.0433,0.0,0.4032,0.0,-1.7423,2.8978,0.6504371709773403,-0.0699999999999931,0.13,-6.349999999999987,0.0,0.0,0.1794,0.0,-0.6813,2.024,0.6534325169756618,0.1000000000000085,-0.0999999999999999,-7.999999999999972
10.812999999150634,-0.0465,0.0,0.3959999999999998,0.0,-1.7542,2.8928,0.6512001220721751,-0.0699999999999931,0.13,-6.54999999999999,0.0,0.0,0.1772,0.0,-0.6757,2.0210000000000004,0.6534325169756618,0.1000000000000085,-0.0999999999999999,-8.099999999999994
10.82799999974668,-0.0438,0.0,0.3978,0.0,-1.7392,2.898200000000001,0.6537483787289236,-0.0699999999999931,0.13,-6.649999999999984,0.0,0.0,0.169,0.0,-0.6672,2.02,0.6534325169756618,0.1000000000000085,-0.0999999999999999,-8.299999999999983
10.84400000050664,-0.0463,0.0,0.3952,0.0,-1.7415,2.8936000000000006,0.6567238879987793,-0.0699999999999931,0.13,-6.849999999999987,0.0,0.0,0.1895999999999996,0.0,-0.6949,2.0184000000000006,0.6534325169756618,0.1000000000000085,-0.0999999999999999,-8.399999999999977
10.859999999403954,-0.0449,0.0,0.4052,0.0,-1.7432,2.8984,0.6576852063782712,-0.0699999999999931,0.13,-6.949999999999989,0.0,0.0,0.1764,0.0,-0.6866,2.0284,0.6534325169756618,0.1000000000000085,-0.0999999999999999,-8.599999999999994
10.890999998897314,-0.0462,0.0,0.3821999999999998,0.0,-1.7587,2.8943999999999996,0.6588754100862135,-0.0699999999999931,0.13,-7.149999999999984,0.0,0.0,0.1809999999999998,0.0,-0.6731,2.0206,0.6538139925230793,0.1000000000000085,-0.0999999999999999,-8.699999999999989
10.890999998897314,-0.05,0.0,0.4068,0.0,-1.7414,2.8960000000000004,0.6615609979400321,-0.0699999999999931,0.13,-7.249999999999986,0.0,0.0,0.1727999999999998,0.0,-0.6692,2.0248,0.6536003662165255,0.1000000000000085,-0.0999999999999999,-8.899999999999977
10.92200000025332,-0.0536,0.0,0.3954,0.0,-1.7492,2.8994,0.6626596475165942,-0.0699999999999931,0.13,-7.349999999999987,0.0,0.0,0.1805999999999998,0.0,-0.6821,2.0272,0.6538139925230793,0.1000000000000085,-0.0999999999999999,-8.999999999999972
10.937999999150634,-0.0502,0.0,0.4004,0.0,-1.747,2.8976,0.6648416876478218,-0.0699999999999931,0.13,-7.54999999999999,0.0,0.0,0.1664,0.0,-0.674,2.0186,0.6537376974135958,0.1000000000000085,-0.0999999999999999,-9.199999999999989
10.95299999974668,-0.0538,0.0,0.3968,0.0,-1.7551,2.9016,0.6764538033112077,-0.0699999999999931,0.13,-7.649999999999984,0.0,0.0,0.1716,0.0,-0.6717,2.0232,0.6537376974135958,0.1000000000000085,-0.0999999999999999,-9.299999999999985
10.96900000050664,-0.0592,0.0,0.4001999999999998,0.0,-1.7422,2.9004,0.6651926451514458,-0.0699999999999931,0.13,-7.849999999999987,0.0,0.0,0.1805999999999998,0.0,-0.6764,2.0188,0.6537376974135958,0.1000000000000085,-0.0999999999999999,-9.499999999999972
10.984999999403954,-0.0485,0.0,0.3941999999999998,0.0,-1.7534,2.9056,0.666794842450599,-0.0699999999999931,0.13,-7.949999999999989,0.0,0.0,0.1769999999999998,0.0,-0.6721,2.0262,0.6536003662165255,0.1000000000000085,-0.0999999999999999,-9.599999999999994
11.015999998897314,-0.0472,0.0,0.4063999999999998,0.0,-1.7556,2.8943999999999996,0.6701213092240788,-0.0699999999999931,0.13,-8.149999999999984,0.0,0.0,0.1792,0.0,-0.678,2.019,0.6535698481727321,0.1000000000000085,-0.0999999999999999,-9.799999999999985
11.031999999657272,-0.0403,0.0,0.4041999999999998,0.0,-1.7503,2.8984,0.6764538033112077,-0.0699999999999931,0.13,-8.249999999999986,0.0,0.0,0.1756,0.0,-0.6784,2.0072,0.6535545891508354,0.1000000000000085,-0.0999999999999999,-9.899999999999975
11.04700000025332,-0.0404,0.0,0.3996,0.0,-1.7423,2.9022,0.6779797055008774,-0.0699999999999931,0.13,-8.449999999999989,0.0,0.0,0.1782,0.0,-0.6764,2.0146,0.6532951857785916,0.1000000000000085,-0.0999999999999999,-10.099999999999994
11.062999999150634,-0.0452,0.0,0.4066,0.0,-1.7403,2.9014,0.6796734569314107,-0.0699999999999931,0.13,-8.54999999999999,0.0,0.0,0.1789999999999996,0.0,-0.6688,2.0182,0.6532951857785916,0.1000000000000085,-0.0999999999999999,-10.199999999999989
11.07799999974668,-0.0619,0.0,0.4066,0.0,-1.7518,2.9065999999999996,0.6801770046540017,-0.0699999999999931,0.03,-8.749999999999986,0.0,0.0,0.1799999999999996,0.0,-0.675,2.0088000000000004,0.6532951857785916,0.1000000000000085,-0.0999999999999999,-10.299999999999985
11.09400000050664,-0.0625,0.0,0.4032,0.0,-1.7517,2.9072,0.6830457007705806,-0.0699999999999931,0.13,-8.849999999999987,0.0,0.0,0.1776,0.0,-0.676,2.0238,0.6532951857785916,0.1000000000000085,-0.0999999999999999,-10.499999999999972
11.109999999403954,-0.0536,0.0,0.3926,0.0,-1.7534,2.8938,0.683076218814374,-0.0699999999999931,0.03,-9.04999999999999,0.0,0.0,0.1812,0.0,-0.673,2.0154,0.653173113603418,0.1000000000000085,-0.0999999999999999,-10.599999999999994
11.140999998897314,-0.0466,0.0,0.3939999999999998,0.0,-1.7474,2.8960000000000004,0.6839459830624857,-0.0699999999999931,0.03,-9.149999999999984,0.0,0.0,0.1809999999999998,0.0,-0.665,2.0126,0.6527916380560006,0.1000000000000085,-0.0999999999999999,-10.799999999999985
11.156999999657272,-0.0525,0.0,0.4001999999999998,0.0,-1.7549,2.8988,0.6853803311207752,-0.0699999999999931,0.03,-9.349999999999987,0.0,0.0,0.1769999999999998,0.0,-0.6693,2.0210000000000004,0.6527306019684138,1.4210854715202004e-14,-0.0999999999999999,-10.899999999999975
11.17200000025332,-0.0515,0.0,0.3998,0.0,-1.7611,2.9006,0.6861738002594034,-0.0699999999999931,0.03,-9.449999999999989,0.0,0.0,0.1928,0.0,-0.6707,2.0122,0.6524254215304799,0.1000000000000085,-0.0999999999999999,-11.099999999999994
11.187999999150634,-0.045,0.0,0.401,0.0,-1.7519,2.890600000000001,0.6861738002594034,-0.0699999999999931,0.03,-9.649999999999984,0.0,0.0,0.1849999999999998,0.0,-0.6717,2.0176,0.6520744640268559,0.1000000000000085,-0.0999999999999999,-11.199999999999989
11.20299999974668,-0.0373,0.0,0.3926,0.0,-1.7529,2.8966,0.6861738002594034,-0.0699999999999931,0.03,-9.849999999999987,0.0,0.0,0.1767999999999998,0.0,-0.6748,2.0064,0.6515709163042649,0.1000000000000085,-0.0999999999999999,-11.399999999999975
11.234999999403954,-0.0485,0.0,0.3983999999999998,0.0,-1.7553,2.894200000000001,0.6861738002594034,-0.0699999999999931,0.03,-9.949999999999989,0.0,0.0,0.1807999999999996,0.0,-0.6779,2.0166,0.6515098802166781,0.1000000000000085,-0.0999999999999999,-11.499999999999972
11.25,-0.0623,0.0,0.4124,0.0,-1.7437,2.8994,0.6861738002594034,-0.0699999999999931,0.03,-10.149999999999984,0.0,0.0,0.1767999999999998,0.0,-0.6933,2.013,0.6512962539101244,0.1000000000000085,-0.0999999999999999,-11.699999999999989
11.265999998897314,-0.0413,0.0,0.3922,0.0,-1.739,2.8956000000000004,0.6861738002594034,-0.0699999999999931,0.03,-10.249999999999986,0.0,0.0,0.1884,0.0,-0.6699,2.0219999999999994,0.6508995193408103,0.1000000000000085,-0.0999999999999999,-11.799999999999985
11.281999999657272,-0.0505,0.0,0.3941999999999998,0.0,-1.7429,2.8960000000000004,0.6861738002594034,-0.0699999999999931,0.03,-10.449999999999989,0.0,0.0,0.1792,0.0,-0.6685,2.0168000000000004,0.6508384832532235,0.1000000000000085,-0.0999999999999999,-11.999999999999972
11.29700000025332,-0.0478,0.0,0.3926,0.0,-1.7527,2.8986,0.6861738002594034,-0.0699999999999931,0.03,-10.54999999999999,0.0,0.0,0.1792,0.0,-0.6771,2.0196,0.6508384832532235,0.1000000000000085,-0.0999999999999999,-12.099999999999994
11.312999999150634,-0.0554,0.0,0.4012,0.0,-1.7626,2.904,0.6861738002594034,-0.0699999999999931,0.03,-10.749999999999986,0.0,0.0,0.1681999999999998,0.0,-0.6719,2.0072,0.6508384832532235,0.1000000000000085,-0.0999999999999999,-12.299999999999985
11.32799999974668,-0.0517,0.0,0.3901999999999998,0.0,-1.7485,2.905,0.6861738002594034,-0.0699999999999931,0.03,-10.849999999999987,0.0,0.0,0.1794,0.0,-0.6714,2.01,0.6504570077058061,0.1000000000000085,-0.0999999999999999,-12.399999999999975
11.359999999403954,-0.0601,0.0,0.4049999999999996,0.0,-1.7581,2.9002,0.6861738002594034,-0.0699999999999931,0.03,-11.04999999999999,0.0,0.0,0.176,0.0,-0.6806,2.0118,0.6500450141145953,0.1000000000000085,-0.0999999999999999,-12.599999999999994
11.375,-0.0563,0.0,0.4058,0.0,-1.7419,2.9006,0.6861738002594034,-0.0699999999999931,0.03,-11.149999999999984,0.0,0.0,0.182,0.0,-0.6698,2.0210000000000004,0.6499839780270085,0.1000000000000085,-0.0999999999999999,-12.699999999999989
11.390999998897314,-0.0487,0.0,0.3938,0.0,-1.7518,2.8826,0.6861738002594034,-0.0699999999999931,0.03,-11.349999999999987,0.0,0.0,0.1766,0.0,-0.6762,2.0142,0.649755092698558,1.4210854715202004e-14,-0.0999999999999999,-12.899999999999975
11.406999999657272,-0.0502,0.0,0.4068,0.0,-1.7415,2.8884000000000003,0.6861738002594034,-0.0699999999999931,0.03,-11.449999999999989,0.0,0.0,0.1798,0.0,-0.681,2.0214000000000003,0.649755092698558,0.1000000000000085,-0.0999999999999999,-12.999999999999972
11.42200000025332,-0.0477,0.0,0.3887999999999998,0.0,-1.7412,2.8918,0.6861738002594034,-0.0699999999999931,0.03,-11.649999999999984,0.0,0.0,0.1757999999999998,0.0,-0.6779,2.011,0.649755092698558,0.1000000000000085,-0.0999999999999999,-13.199999999999989
11.437999999150634,-0.0603,0.0,0.4001999999999998,0.0,-1.7382,2.8894,0.6861738002594034,-0.0699999999999931,0.03,-11.749999999999986,0.0,0.0,0.182,0.0,-0.6598,2.01,0.6495719844357977,0.1000000000000085,5.551115123125783e-17,-13.299999999999985
11.45299999974668,-0.0566,0.0,0.397,0.0,-1.7454,2.8964,0.6861738002594034,-0.0699999999999931,0.03,-11.949999999999989,0.0,0.0,0.1779999999999996,0.0,-0.6678,2.0216,0.6495109483482109,0.1000000000000085,5.551115123125783e-17,-13.399999999999975
11.46900000050664,-0.0588,0.0,0.399,0.0,-1.7488,2.894,0.6861738002594034,-0.0699999999999931,0.03,-12.04999999999999,0.0,0.0,0.1782,0.0,-0.6869,2.0248,0.6495719844357977,0.1000000000000085,5.551115123125783e-17,-13.599999999999994
11.5,-0.0636,0.0,0.3933999999999998,0.0,-1.7336,2.8996,0.6861738002594034,-0.0699999999999931,0.03,-12.249999999999986,0.0,0.0,0.1757999999999998,0.0,-0.6717,2.0244,0.6496177615014878,0.1000000000000085,5.551115123125783e-17,-13.699999999999989
11.515999998897314,-0.0612,0.0,0.4049999999999996,0.0,-1.7552,2.908,0.6861738002594034,0.0300000000000011,0.03,-12.349999999999987,0.0,0.0,0.1714,0.0,-0.669,2.0244,0.6493583581292439,0.1000000000000085,5.551115123125783e-17,-13.899999999999975
11.531999999657272,-0.0633,0.0,0.4019999999999998,0.0,-1.7241,2.907,0.6861738002594034,0.0300000000000011,0.03,-12.54999999999999,0.0,0.0,0.1764,0.0,-0.6648,2.0304,0.649251544975967,0.1000000000000085,5.551115123125783e-17,-13.999999999999972
11.54700000025332,-0.067,0.0,0.4074,0.0,-1.7339,2.9138,0.6861738002594034,0.0300000000000011,0.03,-12.649999999999984,0.0,0.0,0.1769999999999998,0.0,-0.6741,2.0384,0.649251544975967,0.1000000000000085,5.551115123125783e-17,-14.199999999999989
11.562999999150634,-0.0561,0.0,0.4086,0.0,-1.7419,2.9178,0.6861738002594034,0.0300000000000011,0.03,-12.849999999999987,0.0,0.0,0.1754,0.0,-0.6725,2.0276,0.6487785152971695,0.1000000000000085,5.551115123125783e-17,-14.299999999999985
11.57799999974668,-0.056,0.0,0.4069999999999998,0.0,-1.7448,2.9088,0.6861738002594034,0.0300000000000011,0.03,-12.949999999999989,0.0,0.0,0.1685999999999996,0.0,-0.6857,2.0288,0.6479850461585412,0.1000000000000085,5.551115123125783e-17,-14.499999999999972
11.59400000050664,-0.0642,0.0,0.4101999999999998,0.0,-1.7342,2.9122,0.6861738002594034,0.0300000000000011,-0.0699999999999999,-13.04999999999999,0.0,0.0,0.1656,0.0,-0.6734,2.023,0.6476340886549172,0.1000000000000085,5.551115123125783e-17,-14.599999999999994
11.625,-0.0508,0.0,0.3978,0.0,-1.7263,2.9044000000000003,0.6861738002594034,0.0300000000000011,-0.0699999999999999,-13.249999999999986,0.0,0.0,0.1789999999999996,0.0,-0.6699,2.0344000000000007,0.6474509803921569,0.1000000000000085,5.551115123125783e-17,-14.799999999999985
11.640999998897314,-0.0705,0.0,0.3976,0.0,-1.7342,2.903,0.6861738002594034,0.0300000000000011,-0.0699999999999999,-13.349999999999987,0.0,0.0,0.1744,0.0,-0.6684,2.0248,0.6473899443045701,0.1000000000000085,5.551115123125783e-17,-14.899999999999975
11.656999999657272,-0.0666,0.0,0.4041999999999998,0.0,-1.7391,2.9042,0.6861738002594034,0.0300000000000011,-0.0699999999999999,-13.54999999999999,0.0,0.0,0.1664,0.0,-0.6794,2.0326,0.6473899443045701,0.1000000000000085,5.551115123125783e-17,-15.099999999999994
11.67200000025332,-0.0654,0.0,0.4021999999999998,0.0,-1.7301,2.9026,0.6861738002594034,0.0300000000000011,-0.0699999999999999,-13.649999999999984,0.0,0.0,0.1714,0.0,-0.6789,2.0354,0.6472526131074998,0.1000000000000085,5.551115123125783e-17,-15.199999999999989
11.687999999150634,-0.0679,0.0,0.4063999999999998,0.0,-1.7409,2.906400000000001,0.6861738002594034,0.0300000000000011,-0.0699999999999999,-13.749999999999986,0.0,0.0,0.1732,0.0,-0.6743,2.0244,0.6471000228885329,0.1000000000000085,5.551115123125783e-17,-15.399999999999975
11.70299999974668,-0.0652,0.0,0.4012,0.0,-1.7299,2.910400000000001,0.6861738002594034,0.0300000000000011,-0.0699999999999999,-13.949999999999989,0.0,0.0,0.166,0.0,-0.672,2.0362,0.6470542458228428,0.1000000000000085,5.551115123125783e-17,-15.499999999999972
11.71900000050664,-0.0797,0.0,0.4128,0.0,-1.73,2.8956000000000004,0.6861738002594034,0.0300000000000011,-0.0699999999999999,-14.04999999999999,0.0,0.0,0.1751999999999996,0.0,-0.6659,2.0306,0.6470542458228428,0.1000000000000085,5.551115123125783e-17,-15.699999999999989
11.75,-0.0604,0.0,0.4041999999999998,0.0,-1.7428,2.9056,0.6861738002594034,0.0300000000000011,-0.0699999999999999,-14.249999999999986,0.0,0.0,0.1707999999999998,0.0,-0.6711,2.0288,0.646993209735256,0.1000000000000085,5.551115123125783e-17,-15.799999999999985
11.765999998897314,-0.0582,0.0,0.3958,0.0,-1.7315,2.8989999999999996,0.6861738002594034,0.0300000000000011,0.03,-14.349999999999987,0.0,0.0,0.1714,0.0,-0.6682,2.0338,0.6469321736476692,1.4210854715202004e-14,5.551115123125783e-17,-15.999999999999972
11.781999999657272,-0.0571,0.0,0.4072,0.0,-1.7303,2.8962,0.6861738002594034,0.0300000000000011,0.03,-14.54999999999999,0.0,0.0,0.1635999999999996,0.0,-0.6677,2.02,0.6466575112535285,1.4210854715202004e-14,5.551115123125783e-17,-16.099999999999994
11.79700000025332,-0.0763,0.0,0.3924,0.0,-1.7336,2.8954,0.6861738002594034,0.0300000000000011,0.03,-14.649999999999984,0.0,0.0,0.159,0.0,-0.6708,2.0326,0.6465049210345616,1.4210854715202004e-14,5.551115123125783e-17,-16.19999999999999
11.812999999150634,-0.076,0.0,0.4049999999999996,0.0,-1.7444,2.8956000000000004,0.6861738002594034,0.0300000000000011,0.03,-14.749999999999986,0.0,0.0,0.1723999999999996,0.0,-0.6652,2.0302,0.6463675898374913,1.4210854715202004e-14,5.551115123125783e-17,-16.399999999999977
11.84400000050664,-0.0723,0.0,0.4008,0.0,-1.7352,2.8964,0.6861738002594034,0.0300000000000011,0.03,-14.949999999999989,0.0,0.0,0.1751999999999996,0.0,-0.6665,2.034,0.6462455176623177,1.4210854715202004e-14,5.551115123125783e-17,-16.49999999999997
11.859999999403954,-0.0777,0.0,0.3962,0.0,-1.7414,2.8894,0.6861738002594034,0.0300000000000011,-0.0699999999999999,-15.04999999999999,0.0,0.0,0.1611999999999998,0.0,-0.6706,2.0318,0.646184481574731,1.4210854715202004e-14,5.551115123125783e-17,-16.69999999999999
11.875,-0.0774,0.0,0.4044,0.0,-1.7344,2.8962,0.6861738002594034,0.0300000000000011,-0.0699999999999999,-15.149999999999984,0.0,0.0,0.1723999999999996,0.0,-0.6693,2.0274,0.6458945601586937,1.4210854715202004e-14,5.551115123125783e-17,-16.799999999999983
11.890999998897314,-0.0627,0.0,0.391,0.0,-1.7376,2.9048,0.6861738002594034,0.0300000000000011,-0.0699999999999999,-15.349999999999987,0.0,0.0,0.1754,0.0,-0.6674,2.0418,0.6458182650492102,1.4210854715202004e-14,5.551115123125783e-17,-16.99999999999997
11.906999999657272,-0.0766,0.0,0.3892,0.0,-1.7309,2.8892,0.6861738002594034,0.0300000000000011,-0.0699999999999999,-15.449999999999989,0.0,0.0,0.169,0.0,-0.6594,2.0386,0.645528343633173,1.4210854715202004e-14,5.551115123125783e-17,-17.099999999999994
11.92200000025332,-0.0779,0.0,0.3966,0.0,-1.7349,2.8912,0.6861738002594034,0.0300000000000011,-0.0699999999999999,-15.54999999999999,0.0,0.0,0.1764,0.0,-0.6789,2.0316,0.645329976348516,1.4210854715202004e-14,5.551115123125783e-17,-17.299999999999983
11.937999999150634,-0.0776,0.0,0.4001999999999998,0.0,-1.742,2.8986,0.6861738002594034,0.0300000000000011,-0.0699999999999999,-15.749999999999986,0.0,0.0,0.1764,0.0,-0.6632,2.0336,0.6452536812390325,1.4210854715202004e-14,5.551115123125783e-17,-17.399999999999977
11.95299999974668,-0.0744,0.0,0.3892,0.0,-1.7392,2.9044000000000003,0.6861738002594034,-0.0699999999999931,-0.0699999999999999,-15.849999999999987,0.0,0.0,0.1779999999999996,0.0,-0.6707,2.0362,0.6451468680857556,1.4210854715202004e-14,5.551115123125783e-17,-17.49999999999997
11.984999999403954,-0.0796,0.0,0.4048,0.0,-1.727,2.898,0.6861738002594034,-0.0699999999999931,-0.0699999999999999,-15.949999999999989,0.0,0.0,0.1801999999999996,0.0,-0.6708,2.043,0.6450858319981688,1.4210854715202004e-14,0.1,-17.69999999999999
12.0,-0.0772,0.0,0.3919999999999998,0.0,-1.7292,2.889,0.6861738002594034,-0.0699999999999931,-0.0699999999999999,-16.04999999999999,0.0,0.0,0.1789999999999996,0.0,-0.6606,2.0344000000000007,0.6447043564507514,1.4210854715202004e-14,0.1,-17.799999999999983
12.015999998897314,-0.0748,0.0,0.3946,0.0,-1.7379,2.8938,0.6861738002594034,-0.0699999999999931,-0.0699999999999999,-16.249999999999986,0.0,0.0,0.1747999999999998,0.0,-0.6713,2.0362,0.6445670252536811,1.4210854715202004e-14,0.1,-17.899999999999977
12.031999999657272,-0.0784,0.0,0.389,0.0,-1.7351,2.8844,0.6861738002594034,-0.0699999999999931,-0.0699999999999999,-16.349999999999987,0.0,0.0,0.1737999999999998,0.0,-0.6615,2.0296,0.6444907301441977,1.4210854715202004e-14,0.1,-18.099999999999994
12.04700000025332,-0.0737,0.0,0.3826,0.0,-1.7294,2.8938,0.6861738002594034,-0.0699999999999931,-0.0699999999999999,-16.44999999999999,0.0,0.0,0.1835999999999998,0.0,-0.6679,2.0442,0.6443991760128175,1.4210854715202004e-14,0.1,-18.19999999999999
12.062999999150634,-0.0835,0.0,0.3836,0.0,-1.7265,2.8858,0.6861738002594034,-0.0699999999999931,-0.0699999999999999,-16.54999999999999,0.0,0.0,0.1747999999999998,0.0,-0.667,2.0338,0.6443991760128175,1.4210854715202004e-14,0.1,-18.299999999999983
12.07799999974668,-0.0773,0.0,0.3884,0.0,-1.7226,2.8829999999999996,0.6861738002594034,-0.0699999999999931,-0.1699999999999999,-16.649999999999984,0.0,0.0,0.165,0.0,-0.6664,2.0364,0.6443839169909208,1.4210854715202004e-14,0.1,-18.399999999999977
12.109999999403954,-0.0865,0.0,0.3932,0.0,-1.7357,2.8960000000000004,0.6861738002594034,-0.0699999999999931,-0.1699999999999999,-16.749999999999986,0.0,0.0,0.1726,0.0,-0.6548,2.0368,0.6441550316624703,1.4210854715202004e-14,0.1,-18.49999999999997
12.125,-0.0791,0.0,0.3899999999999998,0.0,-1.7293,2.887,0.6861738002594034,-0.0699999999999931,-0.1699999999999999,-16.849999999999987,0.0,0.0,0.1657999999999996,0.0,-0.6612,2.0354,0.6441092545967803,1.4210854715202004e-14,0.1,-18.69999999999999
12.140999998897314,-0.0744,0.0,0.3974,0.0,-1.734,2.8866,0.6861738002594034,-0.0699999999999931,-0.1699999999999999,-16.94999999999999,0.0,0.0,0.1798,0.0,-0.6626,2.0382,0.6438040741588463,1.4210854715202004e-14,0.1,-18.799999999999983
12.156999999657272,-0.0751,0.0,0.3827999999999998,0.0,-1.7258,2.877,0.6861738002594034,-0.0699999999999931,-0.1699999999999999,-17.04999999999999,0.0,0.0,0.1779999999999996,0.0,-0.6703,2.0346,0.6438040741588463,1.4210854715202004e-14,0.1,-18.899999999999977
12.187999999150634,-0.0811,0.0,0.3919999999999998,0.0,-1.7412,2.8816,0.6861738002594034,-0.0699999999999931,-0.1699999999999999,-17.149999999999984,0.0,0.0,0.186,0.0,-0.6553,2.0368,0.6437125200274662,1.4210854715202004e-14,0.1,-18.99999999999997
12.20299999974668,-0.0829,0.0,0.3752,0.0,-1.7362,2.8748,0.6861738002594034,-0.0699999999999931,-0.1699999999999999,-17.249999999999986,0.0,0.0,0.1754,0.0,-0.6654,2.0344000000000007,0.643620965896086,1.4210854715202004e-14,0.1,-19.099999999999994
12.21900000050664,-0.0899,0.0,0.3812,0.0,-1.7371,2.8874,0.6861738002594034,-0.0699999999999931,-0.1699999999999999,-17.349999999999987,0.0,0.0,0.1749999999999996,0.0,-0.6566,2.0248,0.6435904478522926,1.4210854715202004e-14,0.2,-19.19999999999999
12.234999999403954,-0.0743,0.0,0.3861999999999998,0.0,-1.7287,2.8768,0.6861738002594034,-0.0699999999999931,-0.1699999999999999,-17.44999999999999,0.0,0.0,0.1726,0.0,-0.6677,2.0336,0.6432547493705653,1.4210854715202004e-14,0.2,-19.299999999999983
12.25,-0.088,0.0,0.3842,0.0,-1.7179,2.887,0.6861738002594034,-0.0699999999999931,-0.1699999999999999,-17.54999999999999,0.0,0.0,0.1776,0.0,-0.6609,2.0352,0.6432242313267719,1.4210854715202004e-14,0.2,-19.399999999999977
12.265999998897314,-0.0913,0.0,0.3924,0.0,-1.7231,2.889,0.6861738002594034,-0.0699999999999931,-0.1699999999999999,-17.649999999999984,0.0,0.0,0.1749999999999996,0.0,-0.6682,2.0352,0.6431784542610818,1.4210854715202004e-14,0.2,-19.49999999999997
12.281999999657272,-0.0845,0.0,0.3879999999999998,0.0,-1.7285,2.894200000000001,0.6861738002594034,-0.0699999999999931,-0.1699999999999999,-17.749999999999986,0.0,0.0,0.1776,0.0,-0.6499,2.0236,0.6429953459983214,-0.0999999999999943,0.2,-19.599999999999994
12.29700000025332,-0.0904,0.0,0.3799999999999998,0.0,-1.7245,2.8762000000000003,0.6861738002594034,-0.0699999999999931,-0.1699999999999999,-17.849999999999987,0.0,0.0,0.182,0.0,-0.6536,2.0378,0.6427817196917677,-0.0999999999999943,0.2,-19.69999999999999
12.32799999974668,-0.0904,0.0,0.389,0.0,-1.7264,2.8816,0.6861738002594034,-0.0699999999999931,-0.1699999999999999,-17.94999999999999,0.0,0.0,0.1817999999999996,0.0,-0.6593,2.0334,0.642613870450904,-0.0999999999999943,0.2,-19.799999999999983
12.34400000050664,-0.09,0.0,0.3776,0.0,-1.7382,2.8772,0.6861738002594034,-0.0699999999999931,-0.1699999999999999,-17.94999999999999,0.0,0.0,0.1767999999999998,0.0,-0.6581,2.0282,0.6425375753414205,-0.0999999999999943,0.2,-19.799999999999983
12.359999999403954,-0.0878,0.0,0.3846,0.0,-1.7243,2.8742,0.6861738002594034,-0.0699999999999931,-0.2699999999999999,-18.04999999999999,0.0,0.0,0.1695999999999996,0.0,-0.6622,2.0362,0.6422934309910734,-0.0999999999999943,0.2,-19.899999999999977
12.375,-0.0871,0.0,0.3754,0.0,-1.7278,2.8788,0.6861738002594034,-0.0699999999999931,-0.2699999999999999,-18.149999999999984,0.0,0.0,0.1827999999999996,0.0,-0.6727,2.0362,0.6422171358815899,-0.0999999999999943,0.2,-19.99999999999997
12.390999998897314,-0.0866,0.0,0.3716,0.0,-1.7298,2.8768,0.6861738002594034,-0.0699999999999931,-0.2699999999999999,-18.249999999999982,0.0,0.0,0.1729999999999996,0.0,-0.673,2.034,0.6422171358815899,-0.0999999999999943,0.2,-20.099999999999994
12.406999999657272,-0.0767,0.0,0.3728,0.0,-1.7118,2.8686,0.6861738002594034,-0.0699999999999931,-0.2699999999999999,-18.249999999999982,0.0,0.0,0.1772,0.0,-0.6563,2.0344000000000007,0.642110322728313,-0.0999999999999943,0.2,-20.19999999999999
12.42200000025332,-0.0851,0.0,0.3784,0.0,-1.7181,2.8714,0.6861738002594034,-0.0699999999999931,-0.2699999999999999,-18.349999999999987,0.0,0.0,0.1749999999999996,0.0,-0.6609,2.0341999999999993,0.6420340276188296,-0.0999999999999943,0.2,-20.19999999999999
12.437999999150634,-0.077,0.0,0.3724,0.0,-1.7201,2.878400000000001,0.6861738002594034,-0.0699999999999931,-0.2699999999999999,-18.44999999999999,0.0,0.0,0.1761999999999996,0.0,-0.6664,2.0386,0.6418814373998626,-0.0999999999999943,0.3,-20.299999999999983
12.46900000050664,-0.094,0.0,0.3779999999999998,0.0,-1.733,2.8792000000000004,0.6861738002594034,-0.0699999999999931,-0.2699999999999999,-18.54999999999999,0.0,0.0,0.1732,0.0,-0.671,2.0394,0.6418661783779659,-0.0999999999999943,0.3,-20.399999999999977
12.484999999403954,-0.0935,0.0,0.3768,0.0,-1.7191,2.8694,0.6861738002594034,-0.0699999999999931,-0.2699999999999999,-18.54999999999999,0.0,0.0,0.1857999999999996,0.0,-0.6567,2.041,0.6418661783779659,-0.0999999999999943,0.3,-20.399999999999977
12.5,-0.0851,0.0,0.3766,0.0,-1.717,2.869,0.6861738002594034,-0.0699999999999931,-0.2699999999999999,-18.649999999999984,0.0,0.0,0.1814,0.0,-0.6573,2.041,0.6418051422903791,-0.0999999999999943,0.3,-20.49999999999997
12.515999998897314,-0.0869,0.0,0.3871999999999998,0.0,-1.7322,2.8748,0.6861738002594034,-0.0699999999999931,-0.2699999999999999,-18.649999999999984,0.0,0.0,0.1792,0.0,-0.6561,2.0378,0.641759365224689,-0.0999999999999943,0.3,-20.599999999999994
12.54700000025332,-0.0823,0.0,0.3788,0.0,-1.7167,2.8664,0.6861738002594034,-0.0699999999999931,-0.2699999999999999,-18.749999999999982,0.0,0.0,0.1863999999999996,0.0,-0.6549,2.0308,0.6411642633707179,-0.0999999999999943,0.3,-20.599999999999994
12.562999999150634,-0.0853,0.0,0.3697999999999998,0.0,-1.723,2.8596,0.6861738002594034,0.0300000000000011,-0.2699999999999999,-18.849999999999987,0.0,0.0,0.1966,0.0,-0.6545,2.0316,0.640904859998474,-0.0999999999999943,0.3,-20.69999999999999
12.57799999974668,-0.0802,0.0,0.3786,0.0,-1.7214,2.8692000000000006,0.6861738002594034,0.0300000000000011,-0.3699999999999999,-18.849999999999987,0.0,0.0,0.1885999999999996,0.0,-0.6575,2.0374,0.640904859998474,-0.0999999999999943,0.3,-20.69999999999999
12.59400000050664,-0.0859,0.0,0.3716,0.0,-1.7208,2.8704,0.6861738002594034,0.0300000000000011,-0.3699999999999999,-18.94999999999999,0.0,0.0,0.1894,0.0,-0.6578,2.0322,0.6407217517357137,-0.0999999999999943,0.3,-20.799999999999983
12.609999999403954,-0.088,0.0,0.3762,0.0,-1.7189,2.8608,0.6861738002594034,0.0300000000000011,-0.3699999999999999,-18.94999999999999,0.0,0.0,0.1909999999999998,0.0,-0.6638,2.0341999999999993,0.6406454566262302,-0.0999999999999943,0.3,-20.799999999999983
12.625,-0.0857,0.0,0.3754,0.0,-1.7235,2.8628000000000005,0.6861738002594034,0.0300000000000011,-0.3699999999999999,-19.04999999999999,0.0,0.0,0.1749999999999996,0.0,-0.6557,2.0328,0.6406454566262302,-0.0999999999999943,0.3,-20.899999999999977
12.640999998897314,-0.1003,0.0,0.3766,0.0,-1.7209,2.8694,0.6861738002594034,0.0300000000000011,-0.3699999999999999,-19.04999999999999,0.0,0.0,0.1832,0.0,-0.6586,2.0294,0.6406454566262302,-0.0999999999999943,0.3,-20.899999999999977
12.656999999657272,-0.0921,0.0,0.3766,0.0,-1.7231,2.8658000000000015,0.6861738002594034,0.0300000000000011,-0.3699999999999999,-19.149999999999984,0.0,0.0,0.1814,0.0,-0.6581,2.0326,0.6406454566262302,-0.0999999999999943,0.3,-20.899999999999977
12.687999999150634,-0.0928,0.0,0.371,0.0,-1.7124,2.8634,0.6861738002594034,0.0300000000000011,-0.3699999999999999,-19.149999999999984,0.0,0.0,0.1867999999999996,0.0,-0.6614,2.033,0.6405691615167467,-0.0999999999999943,0.3,-20.99999999999997
12.70299999974668,-0.093,0.0,0.3694,0.0,-1.7136,2.8644,0.6861738002594034,0.0300000000000011,-0.3699999999999999,-19.149999999999984,0.0,0.0,0.1902,0.0,-0.6576,2.039,0.6405691615167467,-0.0999999999999943,0.3,-20.99999999999997
12.71900000050664,-0.0859,0.0,0.3686,0.0,-1.7144,2.8532,0.6861738002594034,0.0300000000000011,-0.3699999999999999,-19.249999999999982,0.0,0.0,0.1854,0.0,-0.661,2.0336,0.6405691615167467,-0.0999999999999943,0.3,-20.99999999999997
12.734999999403954,-0.0915,0.0,0.3668,0.0,-1.7165,2.8606,0.6861738002594034,0.0300000000000011,-0.3699999999999999,-19.249999999999982,0.0,0.0,0.1832,0.0,-0.6508,2.031,0.6405996795605401,-0.0999999999999943,0.3,-21.099999999999994
12.75,-0.0939,0.0,0.3676,0.0,-1.7192,2.8616000000000006,0.6861738002594034,0.0300000000000011,-0.3699999999999999,-19.249999999999982,0.0,0.0,0.1863999999999996,0.0,-0.6472,2.033,0.6405691615167467,-0.0999999999999943,0.3,-21.099999999999994
12.781999999657272,-0.0915,0.0,0.3732,0.0,-1.7129,2.8576,0.6861738002594034,0.0300000000000011,-0.3699999999999999,-19.349999999999987,0.0,0.0,0.1805999999999998,0.0,-0.6611,2.0218,0.64055390249485,-0.0999999999999943,0.3,-21.099999999999994
12.79700000025332,-0.085,0.0,0.3712,0.0,-1.7232,2.855,0.6861738002594034,0.0300000000000011,-0.3699999999999999,-19.349999999999987,0.0,0.0,0.1829999999999996,0.0,-0.655,2.0402,0.6405691615167467,-0.0999999999999943,0.4000000000000001,-21.099999999999994
12.812999999150634,-0.1041,0.0,0.369,0.0,-1.7289,2.8547999999999996,0.6861738002594034,0.0300000000000011,-0.3699999999999999,-19.349999999999987,0.0,0.0,0.1839999999999996,0.0,-0.6514,2.0232,0.6403860532539863,-0.0999999999999943,0.4000000000000001,-21.099999999999994
12.82799999974668,-0.0982,0.0,0.3597999999999998,0.0,-1.7162,2.8501999999999996,0.6861738002594034,0.0300000000000011,-0.3699999999999999,-19.349999999999987,0.0,0.0,0.1928,0.0,-0.6603,2.037,0.6403707942320896,-0.0999999999999943,0.4000000000000001,-21.099999999999994
12.84400000050664,-0.0889,0.0,0.3696,0.0,-1.7169,2.8498,0.6861738002594034,0.0300000000000011,-0.3699999999999999,-19.349999999999987,0.0,0.0,0.1876,0.0,-0.658,2.0406,0.6403250171663996,-0.0999999999999943,0.3,-21.19999999999999
12.859999999403954,-0.0864,0.0,0.357,0.0,-1.7096,2.8574,0.6861738002594034,0.0300000000000011,-0.3699999999999999,-19.349999999999987,0.0,0.0,0.1994,0.0,-0.6521,2.0432,0.6403250171663996,-0.0999999999999943,0.3,-21.19999999999999
12.875,-0.0971,0.0,0.3706,0.0,-1.7066,2.8606,0.6861738002594034,0.1299999999999954,-0.3699999999999999,-19.44999999999999,0.0,0.0,0.1857999999999996,0.0,-0.6546,2.0324,0.6403250171663996,-0.0999999999999943,0.3,-21.19999999999999
12.906999999657272,-0.1043,0.0,0.3579999999999998,0.0,-1.714,2.8574,0.6861738002594034,0.1299999999999954,-0.3699999999999999,-19.44999999999999,0.0,0.0,0.1909999999999998,0.0,-0.6558,2.0382,0.6403250171663996,-0.0999999999999943,0.3,-21.19999999999999
12.92200000025332,-0.097,0.0,0.3686,0.0,-1.7051,2.853,0.6861738002594034,0.1299999999999954,-0.3699999999999999,-19.44999999999999,0.0,0.0,0.1882,0.0,-0.6478,2.0298,0.6403097581445029,-0.0999999999999943,0.3,-21.19999999999999
12.937999999150634,-0.1051,0.0,0.3625999999999998,0.0,-1.7165,2.8508,0.6861738002594034,0.1299999999999954,-0.3699999999999999,-19.44999999999999,0.0,0.0,0.1865999999999996,0.0,-0.6595,2.0316,0.6403097581445029,-0.0999999999999943,0.3,-21.19999999999999
12.95299999974668,-0.0983,0.0,0.365,0.0,-1.7252,2.8484,0.6861738002594034,0.1299999999999954,-0.3699999999999999,-19.44999999999999,0.0,0.0,0.1867999999999996,0.0,-0.6562,2.033,0.6403097581445029,-0.0999999999999943,0.3,-21.19999999999999
12.96900000050664,-0.0856,0.0,0.355,0.0,-1.7145,2.8522,0.6861738002594034,0.1299999999999954,-0.3699999999999999,-19.44999999999999,0.0,0.0,0.1726,0.0,-0.6554,2.0348,0.6403097581445029,-0.0999999999999943,0.3,-21.19999999999999
12.984999999403954,-0.0969,0.0,0.3637999999999998,0.0,-1.714,2.8547999999999996,0.6861738002594034,0.1299999999999954,-0.3699999999999999,-19.44999999999999,0.0,0.0,0.1877999999999996,0.0,-0.6466,2.0268,0.6402792401007095,-0.0999999999999943,0.3,-21.19999999999999
13.0,-0.0914,0.0,0.3544,0.0,-1.7117,2.8512,0.6861738002594034,0.1299999999999954,-0.3699999999999999,-19.44999999999999,0.0,0.0,0.1968,0.0,-0.6645,2.0382,0.6402944991226062,-0.0999999999999943,0.3,-21.19999999999999
13.015999998897314,-0.1073,0.0,0.3577999999999998,0.0,-1.7118,2.8468000000000004,0.6861738002594034,0.1299999999999954,-0.3699999999999999,-19.44999999999999,0.0,0.0,0.1855999999999996,0.0,-0.6621,2.0292,0.6403097581445029,-0.0999999999999943,0.3,-21.19999999999999
13.04700000025332,-0.1016,0.0,0.3548,0.0,-1.7096,2.8382,0.6861738002594034,0.1299999999999954,-0.3699999999999999,-19.44999999999999,0.0,0.0,0.1913999999999998,0.0,-0.6575,2.034,0.6403250171663996,-0.0999999999999943,0.3,-21.19999999999999
13.062999999150634,-0.1015,0.0,0.365,0.0,-1.701,2.8348,0.6861738002594034,0.1299999999999954,-0.3699999999999999,-19.44999999999999,0.0,0.0,0.1957999999999996,0.0,-0.6543,2.0364,0.640401312275883,-0.0999999999999943,0.3,-21.19999999999999
13.07799999974668,-0.0947,0.0,0.3539999999999998,0.0,-1.707,2.85,0.6861738002594034,0.1299999999999954,-0.3699999999999999,-19.44999999999999,0.0,0.0,0.1979999999999998,0.0,-0.6517,2.0288,0.6403860532539863,-0.0999999999999943,0.3,-21.19999999999999
13.09400000050664,-0.1018,0.0,0.3537999999999998,0.0,-1.7067,2.8542,0.6861738002594034,0.1299999999999954,-0.3699999999999999,-19.44999999999999,0.0,0.0,0.1922,0.0,-0.6443,2.0324,0.6403860532539863,-0.0999999999999943,0.3,-21.19999999999999
13.109999999403954,-0.1043,0.0,0.353,0.0,-1.7119,2.8378,0.6861738002594034,0.1299999999999954,-0.3699999999999999,-19.44999999999999,0.0,0.0,0.2028,0.0,-0.6452,2.0382,0.6403860532539863,-0.0999999999999943,0.3,-21.19999999999999
13.125,-0.1032,0.0,0.3565999999999998,0.0,-1.7075,2.841,0.6861738002594034,0.1299999999999954,-0.3699999999999999,-19.44999999999999,0.0,0.0,0.1894,0.0,-0.6537,2.0364,0.6403860532539863,-0.0999999999999943,0.3,-21.19999999999999
13.140999998897314,-0.095,0.0,0.356,0.0,-1.7109,2.8302,0.6861738002594034,0.1299999999999954,-0.3699999999999999,-19.54999999999999,0.0,0.0,0.1983999999999996,0.0,-0.6545,2.0382,0.6402487220569161,-0.0999999999999943,0.3,-21.19999999999999
13.17200000025332,-0.0965,0.0,0.3457999999999998,0.0,-1.7057,2.8306,0.6861738002594034,0.1299999999999954,-0.2699999999999999,-19.54999999999999,0.0,0.0,0.1882,0.0,-0.6499,2.0338,0.6402182040131227,-0.0999999999999943,0.3,-21.19999999999999
13.187999999150634,-0.107,0.0,0.3582,0.0,-1.7194,2.8302,0.6861738002594034,0.1299999999999954,-0.2699999999999999,-19.44999999999999,0.0,0.0,0.1949999999999998,0.0,-0.652,2.0298,0.6402182040131227,-0.0999999999999943,0.2,-21.19999999999999
13.20299999974668,-0.0964,0.0,0.3478,0.0,-1.7063,2.8336,0.6861738002594034,0.1299999999999954,-0.2699999999999999,-19.44999999999999,0.0,0.0,0.2016,0.0,-0.6413,2.0356,0.6401876859693293,-0.0999999999999943,0.2,-21.19999999999999
13.21900000050664,-0.1056,0.0,0.3564,0.0,-1.7092,2.8406,0.6861738002594034,0.1299999999999954,-0.2699999999999999,-19.44999999999999,0.0,0.0,0.1948,0.0,-0.6563,2.0182,0.6401571679255359,-0.0999999999999943,0.2,-21.19999999999999
13.25,-0.1033,0.0,0.3492,0.0,-1.7061,2.8346000000000005,0.6861738002594034,0.1299999999999954,-0.2699999999999999,-19.44999999999999,0.0,0.0,0.1933999999999996,0.0,-0.6423,2.0272,0.6401266498817425,-0.0999999999999943,0.2,-21.19999999999999
13.265999998897314,-0.0964,0.0,0.3577999999999998,0.0,-1.7011,2.8404,0.6861738002594034,0.1299999999999954,-0.2699999999999999,-19.44999999999999,0.0,0.0,0.1919999999999998,0.0,-0.6461,2.0216,0.6401113908598458,-0.0999999999999943,0.2,-21.19999999999999
13.281999999657272,-0.1023,0.0,0.3604,0.0,-1.7134,2.8308,0.6861738002594034,0.1299999999999954,-0.2699999999999999,-19.44999999999999,0.0,0.0,0.1971999999999996,0.0,-0.657,2.024,0.640050354772259,-0.0999999999999943,0.2,-21.19999999999999
13.29700000025332,-0.1043,0.0,0.3544,0.0,-1.7155,2.8308,0.6861738002594034,0.1299999999999954,-0.2699999999999999,-19.44999999999999,0.0,0.0,0.2023999999999996,0.0,-0.6449,2.033,0.6400350957503623,-0.0999999999999943,0.2,-21.19999999999999
13.312999999150634,-0.0917,0.0,0.353,0.0,-1.7136,2.83,0.6861738002594034,0.1299999999999954,-0.2699999999999999,-19.44999999999999,0.0,0.0,0.1888,0.0,-0.6564,2.037200000000001,0.6400350957503623,-0.0999999999999943,0.2,-21.19999999999999
13.32799999974668,-0.1008,0.0,0.3494,0.0,-1.7105,2.8272,0.6861738002594034,0.1299999999999954,-0.2699999999999999,-19.44999999999999,0.0,0.0,0.1948,0.0,-0.6532,2.0302,0.6399588006408788,-0.0999999999999943,0.2,-21.19999999999999
13.34400000050664,-0.1009,0.0,0.3557999999999998,0.0,-1.7003,2.8218,0.6861738002594034,0.1299999999999954,-0.2699999999999999,-19.44999999999999,0.0,0.0,0.2085999999999996,0.0,-0.6539,2.0379999999999994,0.6399588006408788,-0.0999999999999943,0.2,-21.19999999999999
13.359999999403954,-0.1032,0.0,0.3494,0.0,-1.7128,2.8272,0.6861738002594034,0.1299999999999954,-0.2699999999999999,-19.44999999999999,0.0,0.0,0.1888,0.0,-0.6515,2.0288,0.6399588006408788,-0.0999999999999943,0.2,-21.19999999999999
13.390999998897314,-0.1042,0.0,0.353,0.0,-1.7047,2.8312000000000004,0.6861738002594034,0.1299999999999954,-0.2699999999999999,-19.44999999999999,0.0,0.0,0.1999999999999998,0.0,-0.6454,2.0334,0.6399588006408788,-0.0999999999999943,0.2,-21.19999999999999
13.406999999657272,-0.0955,0.0,0.3504,0.0,-1.7044,2.8284,0.6861738002594034,0.1299999999999954,-0.2699999999999999,-19.44999999999999,0.0,0.0,0.1922,0.0,-0.659,2.0168000000000004,0.6399588006408788,-0.0999999999999943,0.2,-21.19999999999999
13.42200000025332,-0.1019,0.0,0.348,0.0,-1.7019,2.8322,0.6861738002594034,0.0300000000000011,-0.2699999999999999,-19.44999999999999,0.0,0.0,0.1976,0.0,-0.6489,2.028,0.6399282825970855,-0.0999999999999943,0.2,-21.19999999999999
13.437999999150634,-0.1018,0.0,0.3452,0.0,-1.6968,2.8248,0.6861738002594034,0.0300000000000011,-0.2699999999999999,-19.44999999999999,0.0,0.0,0.2067999999999998,0.0,-0.6491,2.032,0.6399588006408788,-0.0999999999999943,0.2,-21.19999999999999
13.45299999974668,-0.1026,0.0,0.3499999999999998,0.0,-1.715,2.8284,0.6861738002594034,0.0300000000000011,-0.2699999999999999,-19.44999999999999,0.0,0.0,0.1885999999999996,0.0,-0.6536,2.0288,0.6399588006408788,-0.0999999999999943,0.2,-21.19999999999999
13.484999999403954,-0.1026,0.0,0.3454,0.0,-1.7155,2.8236000000000003,0.6861738002594034,0.0300000000000011,-0.1699999999999999,-19.44999999999999,0.0,0.0,0.1923999999999996,0.0,-0.646,2.0186,0.6397604333562218,-0.0999999999999943,0.2,-21.19999999999999
13.5,-0.1052,0.0,0.3514,0.0,-1.7044,2.8288,0.6861738002594034,0.0300000000000011,-0.1699999999999999,-19.44999999999999,0.0,0.0,0.1959999999999998,0.0,-0.6492,2.0212,0.639699397268635,-0.0999999999999943,0.2,-21.19999999999999
13.515999998897314,-0.1149,0.0,0.3548,0.0,-1.7045,2.8226,0.6861738002594034,0.0300000000000011,-0.1699999999999999,-19.44999999999999,0.0,0.0,0.2059999999999996,0.0,-0.6554,2.0278,0.6395925841153581,-0.0999999999999943,0.2,-21.19999999999999
13.531999999657272,-0.1116,0.0,0.3514,0.0,-1.7028,2.8254,0.6861738002594034,0.0300000000000011,-0.1699999999999999,-19.44999999999999,0.0,0.0,0.1983999999999996,0.0,-0.648,2.032,0.6395620660715647,-0.0999999999999943,0.2,-21.19999999999999
13.54700000025332,-0.1103,0.0,0.3625999999999998,0.0,-1.7044,2.8302,0.6861738002594034,0.0300000000000011,-0.1699999999999999,-19.44999999999999,0.0,0.0,0.2004,0.0,-0.6536,2.0338,0.6395620660715647,-0.0999999999999943,0.2,-21.19999999999999
13.562999999150634,-0.1073,0.0,0.3432,0.0,-1.6991,2.8224000000000005,0.6861738002594034,0.0300000000000011,-0.1699999999999999,-19.44999999999999,0.0,0.0,0.2059999999999996,0.0,-0.6513,2.0341999999999993,0.639546807049668,-0.0999999999999943,0.2,-21.19999999999999
13.59400000050664,-0.1144,0.0,0.355,0.0,-1.6986,2.8236000000000003,0.6861738002594034,0.0300000000000011,-0.1699999999999999,-19.349999999999987,0.0,0.0,0.2056,0.0,-0.649,2.0312,0.6394857709620813,-0.0999999999999943,0.2,-21.19999999999999
13.609999999403954,-0.1046,0.0,0.3466,0.0,-1.7006,2.8246,0.6861738002594034,0.0300000000000011,-0.1699999999999999,-19.349999999999987,0.0,0.0,0.2104,0.0,-0.6491,2.0306,0.6394247348744945,-0.0999999999999943,0.2,-21.19999999999999
13.625,-0.1071,0.0,0.3528,0.0,-1.704,2.824,0.6861738002594034,0.0300000000000011,-0.1699999999999999,-19.349999999999987,0.0,0.0,0.2059999999999996,0.0,-0.6543,2.0298,0.6394094758525978,-0.0999999999999943,0.2,-21.19999999999999
13.640999998897314,-0.1002,0.0,0.3428,0.0,-1.7094,2.817400000000001,0.6861738002594034,0.0300000000000011,-0.1699999999999999,-19.349999999999987,0.0,0.0,0.2106,0.0,-0.6547,2.0396,0.6392874036774242,-0.0999999999999943,0.2,-21.19999999999999
13.656999999657272,-0.1072,0.0,0.3402,0.0,-1.7065,2.8182000000000005,0.6861738002594034,0.0300000000000011,-0.1699999999999999,-19.349999999999987,0.0,0.0,0.207,0.0,-0.6591,2.0246,0.6392874036774242,-0.0999999999999943,0.2,-21.19999999999999
13.67200000025332,-0.1093,0.0,0.3499999999999998,0.0,-1.7054,2.8182000000000005,0.6861738002594034,0.0300000000000011,-0.1699999999999999,-19.349999999999987,0.0,0.0,0.2059999999999996,0.0,-0.65,2.0382,0.6392874036774242,-0.0999999999999943,0.2,-21.19999999999999
13.687999999150634,-0.1122,0.0,0.3409999999999998,0.0,-1.7099,2.8244,0.6861738002594034,0.0300000000000011,-0.1699999999999999,-19.349999999999987,0.0,0.0,0.1971999999999996,0.0,-0.654,2.0392,0.6392874036774242,-0.0999999999999943,0.2,-21.19999999999999
13.70299999974668,-0.1199,0.0,0.3522,0.0,-1.7043,2.8196,0.6861738002594034,0.0300000000000011,-0.1699999999999999,-19.349999999999987,0.0,0.0,0.1941999999999996,0.0,-0.6537,2.0328,0.6393789578088044,-0.0999999999999943,0.2,-21.19999999999999
13.734999999403954,-0.1111,0.0,0.333,0.0,-1.7014,2.8166,0.6861738002594034,0.0300000000000011,-0.1699999999999999,-19.349999999999987,0.0,0.0,0.2033999999999996,0.0,-0.6537,2.0356,0.6393789578088044,-0.0999999999999943,0.2,-21.19999999999999
13.75,-0.1155,0.0,0.3444,0.0,-1.7052,2.8135999999999997,0.6861738002594034,0.0300000000000011,-0.1699999999999999,-19.349999999999987,0.0,0.0,0.2051999999999996,0.0,-0.651,2.0234,0.6393789578088044,-0.0999999999999943,0.2,-21.19999999999999
13.765999998897314,-0.115,0.0,0.355,0.0,-1.705,2.8106000000000004,0.6861738002594034,0.0300000000000011,-0.1699999999999999,-19.349999999999987,0.0,0.0,0.2061999999999996,0.0,-0.649,2.037200000000001,0.6393789578088044,-0.0999999999999943,0.2,-21.19999999999999
13.781999999657272,-0.1143,0.0,0.345,0.0,-1.7082,2.8176,0.6861738002594034,0.0300000000000011,-0.1699999999999999,-19.349999999999987,0.0,0.0,0.2064,0.0,-0.6538,2.0348,0.6392874036774242,-0.0999999999999943,0.2,-21.19999999999999
13.79700000025332,-0.1205,0.0,0.3415999999999998,0.0,-1.698,2.8084,0.6861738002594034,0.0300000000000011,-0.1699999999999999,-19.349999999999987,0.0,0.0,0.2023999999999996,0.0,-0.652,2.0356,0.6392111085679407,-0.0999999999999943,0.2,-21.19999999999999
13.812999999150634,-0.1046,0.0,0.3414,0.0,-1.6963,2.8096,0.6861738002594034,0.0300000000000011,-0.1699999999999999,-19.349999999999987,0.0,0.0,0.2111999999999996,0.0,-0.6603,2.0188,0.6391195544365605,-0.0999999999999943,0.1,-21.19999999999999
13.84400000050664,-0.0997,0.0,0.3412,0.0,-1.7092,2.8064,0.6861738002594034,0.0300000000000011,-0.1699999999999999,-19.349999999999987,0.0,0.0,0.2124,0.0,-0.6542,2.0268,0.6390890363927672,-0.0999999999999943,0.1,-21.19999999999999
13.859999999403954,-0.1062,0.0,0.3406,0.0,-1.6996,2.8013999999999997,0.6861738002594034,0.0300000000000011,-0.1699999999999999,-19.349999999999987,0.0,0.0,0.2028,0.0,-0.6617,2.0172,0.638997482261387,-0.0999999999999943,0.1,-21.19999999999999
13.875,-0.1063,0.0,0.342,0.0,-1.6995,2.8143999999999996,0.6861738002594034,0.0300000000000011,-0.1699999999999999,-19.349999999999987,0.0,0.0,0.2134,0.0,-0.6456,2.0206,0.6389669642175936,-0.0999999999999943,0.1,-21.19999999999999
13.890999998897314,-0.1102,0.0,0.3428,0.0,-1.6963,2.8088,0.6861738002594034,0.0300000000000011,-0.1699999999999999,-19.349999999999987,0.0,0.0,0.2079999999999996,0.0,-0.6469,2.027,0.6389517051956969,-0.0999999999999943,0.1,-21.19999999999999
13.906999999657272,-0.1191,0.0,0.3377999999999998,0.0,-1.6993,2.8124,0.6861738002594034,0.0300000000000011,-0.1699999999999999,-19.349999999999987,0.0,0.0,0.2046,0.0,-0.6419,2.0322,0.6389364461738002,-0.0999999999999943,0.1,-21.19999999999999
13.92200000025332,-0.1162,0.0,0.3444,0.0,-1.6958,2.8122,0.6861738002594034,0.0300000000000011,-0.1699999999999999,-19.349999999999987,0.0,0.0,0.2014,0.0,-0.6375,2.0334,0.6388754100862134,-0.0999999999999943,0.1,-21.19999999999999
13.95299999974668,-0.1159,0.0,0.3409999999999998,0.0,-1.7017,2.8112,0.6861738002594034,0.0300000000000011,-0.0699999999999999,-19.349999999999987,0.0,0.0,0.2098,0.0,-0.6564,2.0348,0.6388296330205233,-0.0999999999999943,0.1,-21.19999999999999
13.96900000050664,-0.1156,0.0,0.3459999999999998,0.0,-1.6905,2.8146,0.6861738002594034,0.0300000000000011,-0.0699999999999999,-19.349999999999987,0.0,0.0,0.2067999999999998,0.0,-0.6551,2.0236,0.6388296330205233,-0.0999999999999943,0.1,-21.19999999999999
13.984999999403954,-0.1136,0.0,0.344,0.0,-1.7001,2.8062,0.6861738002594034,0.0300000000000011,-0.0699999999999999,-19.349999999999987,0.0,0.0,0.2056,0.0,-0.6529,2.0306,0.6388296330205233,-0.0999999999999943,0.1,-21.19999999999999
14.0,-0.1153,0.0,0.3354,0.0,-1.6877,2.8004,0.6861738002594034,0.0300000000000011,-0.0699999999999999,-19.349999999999987,0.0,0.0,0.1978,0.0,-0.6448,2.0224,0.6388296330205233,-0.0999999999999943,0.1,-21.19999999999999
14.015999998897314,-0.1163,0.0,0.3474,0.0,-1.7006,2.797800000000001,0.6861738002594034,0.0300000000000011,-0.0699999999999999,-19.349999999999987,0.0,0.0,0.2117999999999996,0.0,-0.6407,2.0292,0.6388296330205233,-0.0999999999999943,0.1,-21.19999999999999
14.031999999657272,-0.1063,0.0,0.3371999999999996,0.0,-1.696,2.8048000000000006,0.6861738002594034,0.0300000000000011,-0.0699999999999999,-19.349999999999987,0.0,0.0,0.2161999999999998,0.0,-0.6643,2.035,0.6388906691081101,-0.0999999999999943,0.1,-21.19999999999999
14.04700000025332,-0.1122,0.0,0.3371999999999996,0.0,-1.71,2.809,0.6861738002594034,0.0300000000000011,-0.0699999999999999,-19.349999999999987,0.0,0.0,0.2082,0.0,-0.6403,2.0186,0.6388906691081101,-0.0999999999999943,0.1,-21.19999999999999
14.07799999974668,-0.114,0.0,0.3393999999999996,0.0,-1.6904,2.8034000000000003,0.6861738002594034,0.0300000000000011,-0.0699999999999999,-19.349999999999987,0.0,0.0,0.207,0.0,-0.6536,2.0204,0.6388906691081101,-0.0999999999999943,0.1,-21.19999999999999
14.09400000050664,-0.1183,0.0,0.3452,0.0,-1.6849,2.8018,0.6861738002594034,0.0300000000000011,-0.0699999999999999,-19.349999999999987,0.0,0.0,0.2104,0.0,-0.6485,2.0316,0.6388906691081101,1.4210854715202004e-14,0.1,-21.19999999999999
14.109999999403954,-0.1141,0.0,0.3434,0.0,-1.6961,2.8072,0.6861738002594034,0.0300000000000011,-0.0699999999999999,-19.349999999999987,0.0,0.0,0.2073999999999996,0.0,-0.6539,2.032,0.6388143739986266,-0.0999999999999943,0.1,-21.19999999999999
14.125,-0.1014,0.0,0.3342,0.0,-1.6966,2.8018,0.6861738002594034,0.0300000000000011,-0.0699999999999999,-19.349999999999987,0.0,0.0,0.2104,0.0,-0.6526,2.0208,0.6386770428015563,-0.0999999999999943,0.1,-21.19999999999999
14.140999998897314,-0.111,0.0,0.3438,0.0,-1.6835,2.8052000000000006,0.6861738002594034,0.0300000000000011,-0.0699999999999999,-19.349999999999987,0.0,0.0,0.212,0.0,-0.6585,2.0238,0.6384786755168993,-0.0999999999999943,0.1,-21.19999999999999
14.156999999657272,-0.1156,0.0,0.3383999999999998,0.0,-1.7043,2.805,0.6861738002594034,0.0300000000000011,-0.0699999999999999,-19.349999999999987,0.0,0.0,0.2114,0.0,-0.6519,2.026,0.6384328984512092,-0.0999999999999943,0.1,-21.19999999999999
14.17200000025332,-0.1077,0.0,0.3334,0.0,-1.6831,2.7974,0.6861738002594034,0.0300000000000011,-0.0699999999999999,-19.349999999999987,0.0,0.0,0.2054,0.0,-0.644,2.0198,0.6384176394293125,-0.0999999999999943,0.1,-21.19999999999999
14.20299999974668,-0.1114,0.0,0.3366,0.0,-1.6886,2.7962,0.6861738002594034,0.0300000000000011,-0.0699999999999999,-19.349999999999987,0.0,0.0,0.207,0.0,-0.6445,2.0286,0.6383566033417257,1.4210854715202004e-14,0.1,-21.19999999999999
14.21900000050664,-0.1119,0.0,0.333,0.0,-1.695,2.7954000000000003,0.6861738002594034,0.0300000000000011,-0.1699999999999999,-19.349999999999987,0.0,0.0,0.2098,0.0,-0.6479,2.0210000000000004,0.6383108262760356,1.4210854715202004e-14,0.1,-21.19999999999999
14.234999999403954,-0.1075,0.0,0.329,0.0,-1.709,2.7948000000000004,0.6861738002594034,0.0300000000000011,-0.1699999999999999,-19.349999999999987,0.0,0.0,0.2071999999999998,0.0,-0.63,2.0244,0.6379751277943083,1.4210854715202004e-14,0.1,-21.19999999999999
14.25,-0.12,0.0,0.336,0.0,-1.684,2.801,0.6861738002594034,0.0300000000000011,-0.1699999999999999,-19.349999999999987,0.0,0.0,0.2079999999999996,0.0,-0.6616,2.034,0.6376852063782711,1.4210854715202004e-14,0.1,-21.19999999999999
14.265999998897314,-0.1163,0.0,0.3408,0.0,-1.7069,2.801,0.6861738002594034,0.0300000000000011,-0.1699999999999999,-19.349999999999987,0.0,0.0,0.2073999999999996,0.0,-0.6472,2.0268,0.6374563210498206,1.4210854715202004e-14,0.1,-21.19999999999999
14.281999999657272,-0.1127,0.0,0.3374,0.0,-1.6905,2.8092,0.6861738002594034,0.0300000000000011,-0.1699999999999999,-19.349999999999987,0.0,0.0,0.2137999999999996,0.0,-0.6416,2.0198,0.6372274357213702,1.4210854715202004e-14,0.1,-21.19999999999999
14.312999999150634,-0.1118,0.0,0.3422,0.0,-1.6996,2.7954000000000003,0.6861738002594034,0.0300000000000011,-0.1699999999999999,-19.44999999999999,0.0,0.0,0.2136,0.0,-0.6524,2.0294,0.6372274357213702,1.4210854715202004e-14,0.1,-21.19999999999999
14.32799999974668,-0.1187,0.0,0.3429999999999998,0.0,-1.6993,2.796,0.6861738002594034,0.0300000000000011,-0.1699999999999999,-19.44999999999999,0.0,0.0,0.2175999999999998,0.0,-0.6585,2.0210000000000004,0.6372274357213702,1.4210854715202004e-14,0.1,-21.19999999999999
14.34400000050664,-0.1029,0.0,0.3256,0.0,-1.7064,2.7982,0.6861738002594034,0.1299999999999954,-0.1699999999999999,-19.44999999999999,0.0,0.0,0.2171999999999998,0.0,-0.6478,2.03,0.6372274357213702,1.4210854715202004e-14,0.1,-21.19999999999999
14.359999999403954,-0.1168,0.0,0.3371999999999996,0.0,-1.6859,2.794,0.6861738002594034,0.0300000000000011,-0.1699999999999999,-19.44999999999999,0.0,0.0,0.2033999999999996,0.0,-0.6566,2.0194,0.6372274357213702,1.4210854715202004e-14,0.1,-21.19999999999999
14.375,-0.1091,0.0,0.3363999999999998,0.0,-1.6978,2.797,0.6861738002594034,0.0300000000000011,-0.1699999999999999,-19.44999999999999,0.0,0.0,0.2164,0.0,-0.6573,2.0254,0.6373189898527504,1.4210854715202004e-14,0.1,-21.19999999999999
14.390999998897314,-0.1092,0.0,0.3369999999999998,0.0,-1.6943,2.799,0.6861738002594034,0.0300000000000011,-0.1699999999999999,-19.44999999999999,0.0,0.0,0.2124,0.0,-0.6458,2.0262,0.6373189898527504,1.4210854715202004e-14,0.1,-21.19999999999999
14.406999999657272,-0.1069,0.0,0.3277999999999998,0.0,-1.6943,2.7992000000000004,0.6861738002594034,0.0300000000000011,-0.1699999999999999,-19.44999999999999,0.0,0.0,0.2089999999999996,0.0,-0.658,2.0308,0.6373189898527504,1.4210854715202004e-14,0.1,-21.19999999999999
14.437999999150634,-0.1207,0.0,0.3406,0.0,-1.6719,2.8,0.6861738002594034,0.0300000000000011,-0.1699999999999999,-19.44999999999999,0.0,0.0,0.2134,0.0,-0.6428,2.0298,0.6370748455024032,1.4210854715202004e-14,0.1,-21.19999999999999
14.45299999974668,-0.1171,0.0,0.3428,0.0,-1.6857,2.7982,0.6861738002594034,0.1299999999999954,-0.1699999999999999,-19.44999999999999,0.0,0.0,0.2175999999999998,0.0,-0.6467,2.0168000000000004,0.6369222552834363,1.4210854715202004e-14,0.1,-21.19999999999999
14.46900000050664,-0.1101,0.0,0.3398,0.0,-1.6771,2.7946000000000004,0.6861738002594034,0.1299999999999954,-0.1699999999999999,-19.44999999999999,0.0,0.0,0.221,0.0,-0.653,2.0202,0.6369222552834363,1.4210854715202004e-14,0.1,-21.19999999999999
14.484999999403954,-0.1151,0.0,0.3354,0.0,-1.6937,2.7912000000000003,0.6861738002594034,0.1299999999999954,-0.1699999999999999,-19.44999999999999,0.0,0.0,0.2217999999999996,0.0,-0.6436,2.015,0.6369222552834363,1.4210854715202004e-14,0.1,-21.19999999999999
14.5,-0.112,0.0,0.3395999999999998,0.0,-1.6855,2.7888,0.6861738002594034,0.1299999999999954,-0.1699999999999999,-19.44999999999999,0.0,0.0,0.2106,0.0,-0.6457,2.019,0.6369222552834363,1.4210854715202004e-14,0.1,-21.19999999999999
14.531999999657272,-0.1119,0.0,0.3352,0.0,-1.6865,2.7884000000000007,0.6861738002594034,0.1299999999999954,-0.1699999999999999,-19.44999999999999,0.0,0.0,0.2191999999999998,0.0,-0.6449,2.0156,0.6368307011520561,1.4210854715202004e-14,0.1,-21.19999999999999
14.54700000025332,-0.1175,0.0,0.3363999999999998,0.0,-1.6859,2.7948000000000004,0.6861738002594034,0.1299999999999954,-0.1699999999999999,-19.44999999999999,0.0,0.0,0.2146,0.0,-0.6431,2.0238,0.6368612191958495,1.4210854715202004e-14,0.1,-21.19999999999999
14.562999999150634,-0.1181,0.0,0.3374,0.0,-1.7008,2.7924,0.6861738002594034,0.1299999999999954,-0.1699999999999999,-19.44999999999999,0.0,0.0,0.2096,0.0,-0.6466,2.0268,0.6369222552834363,1.4210854715202004e-14,0.1,-21.19999999999999
14.57799999974668,-0.1124,0.0,0.3293999999999998,0.0,-1.6921,2.7861999999999996,0.6861738002594034,0.1299999999999954,-0.1699999999999999,-19.44999999999999,0.0,0.0,0.2188,0.0,-0.6442,2.0192,0.6368612191958495,1.4210854715202004e-14,0.1,-21.19999999999999
14.59400000050664,-0.1162,0.0,0.3326,0.0,-1.6955,2.788,0.6861738002594034,0.1299999999999954,-0.1699999999999999,-19.44999999999999,0.0,0.0,0.2151999999999996,0.0,-0.6571,2.0202,0.6368612191958495,1.4210854715202004e-14,0.1,-21.19999999999999
14.609999999403954,-0.1141,0.0,0.3293999999999998,0.0,-1.6889,2.802,0.6861738002594034,0.1299999999999954,-0.1699999999999999,-19.44999999999999,0.0,0.0,0.2215999999999996,0.0,-0.6558,2.02,0.6368612191958495,1.4210854715202004e-14,0.1,-21.19999999999999
14.625,-0.109,0.0,0.3263999999999998,0.0,-1.6994,2.7932,0.6861738002594034,0.1299999999999954,-0.1699999999999999,-19.44999999999999,0.0,0.0,0.2154,0.0,-0.6561,2.0282,0.6368612191958495,1.4210854715202004e-14,0.1,-21.19999999999999
14.656999999657272,-0.1249,0.0,0.3337999999999998,0.0,-1.7008,2.7899999999999996,0.6861738002594034,0.1299999999999954,-0.1699999999999999,-19.44999999999999,0.0,0.0,0.2044,0.0,-0.6454,2.016,0.6368612191958495,1.4210854715202004e-14,0.1,-21.19999999999999
14.67200000025332,-0.111,0.0,0.3301999999999998,0.0,-1.6911,2.7888,0.6861738002594034,0.1299999999999954,-0.1699999999999999,-19.44999999999999,0.0,0.0,0.2175999999999998,0.0,-0.654,2.027,0.6368917372396429,1.4210854715202004e-14,0.1,-21.19999999999999
14.687999999150634,-0.1135,0.0,0.3375999999999998,0.0,-1.6834,2.7896,0.6861738002594034,0.1299999999999954,-0.0699999999999999,-19.44999999999999,0.0,0.0,0.2217999999999996,0.0,-0.6548,2.0328,0.6368917372396429,1.4210854715202004e-14,0.1,-21.19999999999999
14.70299999974668,-0.1173,0.0,0.3301999999999998,0.0,-1.6806,2.7884000000000007,0.6861738002594034,0.1299999999999954,-0.0699999999999999,-19.44999999999999,0.0,0.0,0.217,0.0,-0.6482,2.0206,0.6369222552834363,1.4210854715202004e-14,0.1,-21.19999999999999
14.71900000050664,-0.1146,0.0,0.3281999999999998,0.0,-1.6836,2.7942,0.6861738002594034,0.1299999999999954,-0.0699999999999999,-19.44999999999999,0.0,0.0,0.2117999999999996,0.0,-0.6531,2.0086,0.6368917372396429,1.4210854715202004e-14,0.1,-21.19999999999999
14.734999999403954,-0.1137,0.0,0.3368,0.0,-1.6869,2.7882,0.6861738002594034,0.1299999999999954,-0.0699999999999999,-19.44999999999999,0.0,0.0,0.2164,0.0,-0.6436,2.028,0.6368307011520561,1.4210854715202004e-14,0.1,-21.19999999999999
14.75,-0.1147,0.0,0.3233999999999998,0.0,-1.6882,2.7928,0.6861738002594034,0.1299999999999954,-0.0699999999999999,-19.44999999999999,0.0,0.0,0.2165999999999996,0.0,-0.6438,2.0210000000000004,0.6367696650644693,1.4210854715202004e-14,0.1,-21.19999999999999
14.765999998897314,-0.1209,0.0,0.318,0.0,-1.6804,2.7864,0.6861738002594034,0.1299999999999954,-0.0699999999999999,-19.44999999999999,0.0,0.0,0.2229999999999996,0.0,-0.6529,2.0136,0.6367696650644693,1.4210854715202004e-14,0.1,-21.19999999999999
14.79700000025332,-0.1137,0.0,0.3217999999999998,0.0,-1.7072,2.788,0.6861738002594034,0.1299999999999954,-0.0699999999999999,-19.44999999999999,0.0,0.0,0.2146,0.0,-0.6631,2.0286,0.6364187075608453,1.4210854715202004e-14,0.1,-21.19999999999999
14.812999999150634,-0.1156,0.0,0.328,0.0,-1.7,2.793800000000001,0.6861738002594034,0.0300000000000011,-0.0699999999999999,-19.44999999999999,0.0,0.0,0.2167999999999996,0.0,-0.6616,2.0304,0.6362203402761882,1.4210854715202004e-14,0.1,-21.19999999999999
14.82799999974668,-0.1206,0.0,0.331,0.0,-1.6824,2.7824000000000004,0.6861738002594034,0.0300000000000011,-0.0699999999999999,-19.44999999999999,0.0,0.0,0.224,0.0,-0.6446,2.017,0.6361898222323948,1.4210854715202004e-14,0.1,-21.19999999999999
14.84400000050664,-0.1241,0.0,0.334,0.0,-1.682,2.7928,0.6861738002594034,0.0300000000000011,-0.0699999999999999,-19.44999999999999,0.0,0.0,0.2201999999999998,0.0,-0.6547,2.0324,0.6361898222323948,1.4210854715202004e-14,0.1,-21.19999999999999
14.875,-0.1183,0.0,0.3308,0.0,-1.6997,2.7796,0.6861738002594034,0.0300000000000011,-0.0699999999999999,-19.44999999999999,0.0,0.0,0.2292,0.0,-0.6616,2.0272,0.636083009079118,1.4210854715202004e-14,0.1,-21.19999999999999
14.890999998897314,-0.1064,0.0,0.319,0.0,-1.6976,2.7942,0.6861738002594034,0.0300000000000011,-0.0699999999999999,-19.44999999999999,0.0,0.0,0.2215999999999996,0.0,-0.6452,2.0192,0.6359456778820477,1.4210854715202004e-14,0.1,-21.19999999999999
14.906999999657272,-0.1252,0.0,0.331,0.0,-1.6755,2.7836,0.6861738002594034,0.0300000000000011,-0.0699999999999999,-19.44999999999999,0.0,0.0,0.225,0.0,-0.6436,2.0146,0.635732051575494,1.4210854715202004e-14,0.1,-21.19999999999999
14.92200000025332,-0.1178,0.0,0.3342,0.0,-1.6845,2.7808000000000006,0.6861738002594034,0.0300000000000011,-0.0699999999999999,-19.44999999999999,0.0,0.0,0.2226,0.0,-0.6548,2.0214000000000003,0.6355184252689402,1.4210854715202004e-14,0.1,-21.19999999999999
14.937999999150634,-0.1198,0.0,0.3422,0.0,-1.6951,2.7984000000000004,0.6861738002594034,0.0300000000000011,-0.0699999999999999,-19.44999999999999,0.0,0.0,0.2299999999999998,0.0,-0.6465,2.01,0.6355184252689402,1.4210854715202004e-14,0.1,-21.19999999999999
14.95299999974668,-0.1159,0.0,0.3287999999999998,0.0,-1.6857,2.7769999999999997,0.6861738002594034,0.0300000000000011,-0.0699999999999999,-19.44999999999999,0.0,0.0,0.2238,0.0,-0.6566,2.0226,0.6355184252689402,1.4210854715202004e-14,0.1,-21.19999999999999
14.96900000050664,-0.121,0.0,0.3249999999999996,0.0,-1.6788,2.7768,0.6861738002594034,0.0300000000000011,-0.0699999999999999,-19.44999999999999,0.0,0.0,0.217,0.0,-0.6467,2.0216,0.6354421301594567,1.4210854715202004e-14,0.1,-21.19999999999999
14.984999999403954,-0.1139,0.0,0.3343999999999998,0.0,-1.6918,2.7946000000000004,0.6861738002594034,0.0300000000000011,-0.0699999999999999,-19.44999999999999,0.0,0.0,0.2194,0.0,-0.6433,2.0166,0.6352590218966964,1.4210854715202004e-14,0.1,-21.19999999999999
15.015999998897314,-0.1163,0.0,0.3375999999999998,0.0,-1.6931,2.7902,0.6861738002594034,0.0300000000000011,-0.0699999999999999,-19.44999999999999,0.0,0.0,0.2339999999999998,0.0,-0.6493,2.0152,0.6352590218966964,1.4210854715202004e-14,0.1,-21.19999999999999
15.031999999657272,-0.1149,0.0,0.3349999999999996,0.0,-1.6815,2.778,0.6861738002594034,0.0300000000000011,-0.0699999999999999,-19.44999999999999,0.0,0.0,0.2223999999999996,0.0,-0.6509,2.0172,0.6354421301594567,1.4210854715202004e-14,0.1,-21.19999999999999
15.04700000025332,-0.1256,0.0,0.3233999999999998,0.0,-1.6891,2.7870000000000004,0.6861738002594034,0.0300000000000011,-0.0699999999999999,-19.44999999999999,0.0,0.0,0.227,0.0,-0.649,2.0214000000000003,0.6354421301594567,1.4210854715202004e-14,0.1,-21.19999999999999
15.062999999150634,-0.1166,0.0,0.3363999999999998,0.0,-1.6879,2.7948000000000004,0.6861738002594034,0.0300000000000011,-0.0699999999999999,-19.44999999999999,0.0,0.0,0.2298,0.0,-0.6372,2.0136,0.6354421301594567,1.4210854715202004e-14,0.1,-21.19999999999999
15.07799999974668,-0.1131,0.0,0.3252,0.0,-1.6874,2.7812,0.6861738002594034,0.0300000000000011,-0.0699999999999999,-19.44999999999999,0.0,0.0,0.2285999999999996,0.0,-0.6388,2.0132,0.6354421301594567,1.4210854715202004e-14,0.1,-21.19999999999999
15.09400000050664,-0.1175,0.0,0.3273999999999998,0.0,-1.6733,2.7868,0.6861738002594034,0.0300000000000011,-0.0699999999999999,-19.349999999999987,0.0,0.0,0.2151999999999996,0.0,-0.6435,2.0188,0.6354421301594567,1.4210854715202004e-14,0.1,-21.19999999999999
15.109999999403954,-0.1217,0.0,0.3393999999999996,0.0,-1.6852,2.7832000000000003,0.6861738002594034,0.0300000000000011,-0.0699999999999999,-19.349999999999987,0.0,0.0,0.229,0.0,-0.6553,2.0182,0.6354421301594567,1.4210854715202004e-14,0.1,-21.19999999999999
15.140999998897314,-0.1279,0.0,0.336,0.0,-1.6841,2.7826000000000004,0.6861738002594034,0.0300000000000011,-0.0699999999999999,-19.349999999999987,0.0,0.0,0.2215999999999996,0.0,-0.6474,2.0194,0.635228503852903,1.4210854715202004e-14,0.1,-21.19999999999999
15.156999999657272,-0.1186,0.0,0.3271999999999996,0.0,-1.6796,2.7739999999999996,0.6861738002594034,0.0300000000000011,-0.0699999999999999,-19.349999999999987,0.0,0.0,0.2194,0.0,-0.6433,2.0196,0.6352132448310063,1.4210854715202004e-14,0.1,-21.19999999999999
15.17200000025332,-0.128,0.0,0.3363999999999998,0.0,-1.6854,2.7748000000000004,0.6861738002594034,0.0300000000000011,-0.0699999999999999,-19.349999999999987,0.0,0.0,0.2229999999999996,0.0,-0.6353,2.0224,0.6348317692835889,1.4210854715202004e-14,0.1,-21.19999999999999
15.187999999150634,-0.1093,0.0,0.3287999999999998,0.0,-1.6971,2.7904,0.6861738002594034,0.0300000000000011,-0.0699999999999999,-19.349999999999987,0.0,0.0,0.2231999999999998,0.0,-0.6509,2.0194,0.6342519264515144,1.4210854715202004e-14,0.1,-21.19999999999999
15.20299999974668,-0.1148,0.0,0.3271999999999996,0.0,-1.6799,2.781,0.6861738002594034,0.0300000000000011,-0.0699999999999999,-19.349999999999987,0.0,0.0,0.2332,0.0,-0.6438,2.0036,0.6339772640573739,1.4210854715202004e-14,0.1,-21.19999999999999
15.21900000050664,-0.1278,0.0,0.3217999999999998,0.0,-1.6874,2.7792,0.6861738002594034,0.0300000000000011,-0.0699999999999999,-19.349999999999987,0.0,0.0,0.228,0.0,-0.6392,2.0216,0.6339772640573739,1.4210854715202004e-14,0.1,-21.19999999999999
15.234999999403954,-0.1304,0.0,0.3383999999999998,0.0,-1.6823,2.785400000000001,0.6861738002594034,0.0300000000000011,-0.0699999999999999,-19.349999999999987,0.0,0.0,0.2304,0.0,-0.6517,2.0164,0.634221408407721,1.4210854715202004e-14,0.1,-21.19999999999999
15.25,-0.1228,0.0,0.338,0.0,-1.6743,2.782,0.6861738002594034,0.0300000000000011,-0.0699999999999999,-19.349999999999987,0.0,0.0,0.2329999999999998,0.0,-0.6494,2.0152,0.634221408407721,1.4210854715202004e-14,0.1,-21.19999999999999
15.281999999657272,-0.1192,0.0,0.3237999999999998,0.0,-1.6633,2.7814,0.6861738002594034,0.0300000000000011,-0.0699999999999999,-19.349999999999987,0.0,0.0,0.2264,0.0,-0.6418,2.013,0.6335652704661631,1.4210854715202004e-14,0.1,-21.19999999999999
15.29700000025332,-0.1229,0.0,0.3261999999999998,0.0,-1.6747,2.7778000000000005,0.6861738002594034,0.0300000000000011,-0.0699999999999999,-19.349999999999987,0.0,0.0,0.2281999999999996,0.0,-0.639,2.0148,0.633519493400473,1.4210854715202004e-14,0.1,-21.19999999999999
15.312999999150634,-0.1216,0.0,0.3369999999999998,0.0,-1.6921,2.791,0.6861738002594034,0.0300000000000011,-0.0699999999999999,-19.349999999999987,0.0,0.0,0.2403999999999998,0.0,-0.6454,2.0112,0.6335652704661631,1.4210854715202004e-14,0.1,-21.19999999999999
15.32799999974668,-0.121,0.0,0.3267999999999998,0.0,-1.6667,2.7790000000000004,0.6861738002594034,0.0300000000000011,-0.0699999999999999,-19.349999999999987,0.0,0.0,0.2358,0.0,-0.6549,2.0034,0.634023041123064,1.4210854715202004e-14,0.1,-21.19999999999999
15.34400000050664,-0.128,0.0,0.329,0.0,-1.6769,2.781,0.6861738002594034,-0.0699999999999931,-0.0699999999999999,-19.349999999999987,0.0,0.0,0.2276,0.0,-0.6501,2.018,0.6337026016632333,1.4210854715202004e-14,0.1,-21.19999999999999
15.359999999403954,-0.1171,0.0,0.336,0.0,-1.6889,2.781,0.6861738002594034,-0.0699999999999931,-0.0699999999999999,-19.349999999999987,0.0,0.0,0.2359999999999996,0.0,-0.6367,2.016,0.6335652704661631,1.4210854715202004e-14,0.1,-21.19999999999999
15.375,-0.1179,0.0,0.324,0.0,-1.6703,2.7798,0.6861738002594034,-0.0699999999999931,-0.0699999999999999,-19.349999999999987,0.0,0.0,0.2319999999999998,0.0,-0.6358,2.0134,0.6335652704661631,1.4210854715202004e-14,0.1,-21.19999999999999
15.406999999657272,-0.112,0.0,0.321,0.0,-1.6766,2.7742,0.6861738002594034,-0.0699999999999931,-0.0699999999999999,-19.349999999999987,0.0,0.0,0.2194,0.0,-0.6429,2.0126,0.633214312962539,1.4210854715202004e-14,0.1,-21.19999999999999
15.42200000025332,-0.1219,0.0,0.333,0.0,-1.6907,2.778,0.6861738002594034,-0.0699999999999931,-0.0699999999999999,-19.349999999999987,0.0,0.0,0.2344,0.0,-0.6344,2.0138,0.6328938735027084,1.4210854715202004e-14,0.1,-21.19999999999999
15.437999999150634,-0.127,0.0,0.3406,0.0,-1.6757,2.7784,0.6861738002594034,-0.0699999999999931,-0.0699999999999999,-19.349999999999987,0.0,0.0,0.2267999999999996,0.0,-0.6415,2.0086,0.6328786144808117,1.4210854715202004e-14,0.1,-21.19999999999999
15.45299999974668,-0.1218,0.0,0.3342,0.0,-1.6729,2.7774,0.6861738002594034,-0.0699999999999931,-0.0699999999999999,-19.349999999999987,0.0,0.0,0.2307999999999996,0.0,-0.6463,2.0214000000000003,0.6328786144808117,1.4210854715202004e-14,0.1,-21.19999999999999
15.484999999403954,-0.1289,0.0,0.3332,0.0,-1.6847,2.7769999999999997,0.6861738002594034,-0.0699999999999931,0.03,-19.249999999999982,0.0,0.0,0.2345999999999996,0.0,-0.6497,2.0266,0.6328786144808117,1.4210854715202004e-14,0.1,-21.19999999999999
15.5,-0.1209,0.0,0.3316,0.0,-1.6749,2.7814,0.6861738002594034,-0.0699999999999931,-0.0699999999999999,-19.249999999999982,0.0,0.0,0.2364,0.0,-0.6422,2.0192,0.6328786144808117,1.4210854715202004e-14,0.1,-21.19999999999999
15.515999998897314,-0.1262,0.0,0.3314,0.0,-1.6729,2.7754,0.6861738002594034,-0.0699999999999931,-0.0699999999999999,-19.249999999999982,0.0,0.0,0.2364,0.0,-0.6386,2.0126,0.6326344701304646,1.4210854715202004e-14,0.1,-21.19999999999999
15.531999999657272,-0.1266,0.0,0.33,0.0,-1.6815,2.7782,0.6861738002594034,-0.0699999999999931,-0.0699999999999999,-19.249999999999982,0.0,0.0,0.2332,0.0,-0.6449,2.0084,0.6322072175173571,1.4210854715202004e-14,0.1,-21.19999999999999
15.54700000025332,-0.1454,0.0,0.3368,0.0,-1.679,2.7848,0.6861738002594034,-0.0699999999999931,-0.0699999999999999,-19.249999999999982,0.0,0.0,0.2376,0.0,-0.639,2.0208,0.6322072175173571,1.4210854715202004e-14,0.1,-21.19999999999999
15.562999999150634,-0.1128,0.0,0.3223999999999998,0.0,-1.6718,2.7746,0.6861738002594034,-0.0699999999999931,-0.0699999999999999,-19.349999999999987,0.0,0.0,0.241,0.0,-0.6449,2.0122,0.6322072175173571,1.4210854715202004e-14,5.551115123125783e-17,-21.19999999999999
15.57799999974668,-0.122,0.0,0.3303999999999998,0.0,-1.6644,2.7608,0.6861738002594034,-0.0699999999999931,-0.0699999999999999,-19.349999999999987,0.0,0.0,0.2399999999999996,0.0,-0.6403,2.0122,0.6318410009918364,1.4210854715202004e-14,0.1,-21.19999999999999
15.59400000050664,-0.131,0.0,0.331,0.0,-1.6832,2.7758,0.6861738002594034,-0.0699999999999931,-0.0699999999999999,-19.349999999999987,0.0,0.0,0.2311999999999996,0.0,-0.6448,2.0238,0.6313984893568322,1.4210854715202004e-14,0.1,-21.19999999999999
15.625,-0.1237,0.0,0.344,0.0,-1.6867,2.7774,0.6861738002594034,-0.0699999999999931,-0.0699999999999999,-19.349999999999987,0.0,0.0,0.246,0.0,-0.6469,2.0078,0.6317189288166628,1.4210854715202004e-14,0.1,-21.19999999999999
15.640999998897314,-0.1248,0.0,0.327,0.0,-1.6627,2.7724,0.6861738002594034,0.0300000000000011,-0.0699999999999999,-19.349999999999987,0.0,0.0,0.237,0.0,-0.6361,2.0022,0.6313984893568322,1.4210854715202004e-14,0.1,-21.19999999999999
15.656999999657272,-0.1168,0.0,0.3281999999999998,0.0,-1.6689,2.7772,0.6861738002594034,0.0300000000000011,-0.0699999999999999,-19.349999999999987,0.0,0.0,0.2383999999999998,0.0,-0.6333,2.009,0.6313832303349355,1.4210854715202004e-14,0.1,-21.19999999999999
15.67200000025332,-0.1251,0.0,0.33,0.0,-1.6883,2.778,0.6861738002594034,0.0300000000000011,-0.0699999999999999,-19.349999999999987,0.0,0.0,0.2359999999999996,0.0,-0.6351,2.0032,0.6312458991378652,1.4210854715202004e-14,0.1,-21.19999999999999
15.687999999150634,-0.1234,0.0,0.3342,0.0,-1.6763,2.7746,0.6861738002594034,0.0300000000000011,-0.0699999999999999,-19.349999999999987,0.0,0.0,0.241,0.0,-0.6353,2.0068,0.6312458991378652,1.4210854715202004e-14,5.551115123125783e-17,-21.19999999999999
15.70299999974668,-0.1211,0.0,0.334,0.0,-1.6721,2.7702000000000004,0.6861738002594034,0.0300000000000011,-0.0699999999999999,-19.349999999999987,0.0,0.0,0.2442,0.0,-0.6348,2.016,0.6303303578240634,1.4210854715202004e-14,0.1,-21.19999999999999
15.734999999403954,-0.1349,0.0,0.3271999999999996,0.0,-1.6761,2.7844,0.6861738002594034,0.0300000000000011,-0.0699999999999999,-19.349999999999987,0.0,0.0,0.2429999999999996,0.0,-0.6405,2.008,0.6301167315175097,1.4210854715202004e-14,0.1,-21.19999999999999
15.734999999403954,-0.126,0.0,0.3337999999999998,0.0,-1.6773,2.7786000000000004,0.6861738002594034,0.0300000000000011,-0.0699999999999999,-19.349999999999987,0.0,0.0,0.2493999999999998,0.0,-0.6422,2.012,0.6298268101014725,1.4210854715202004e-14,5.551115123125783e-17,-21.19999999999999
15.765999998897314,-0.1326,0.0,0.3346,0.0,-1.6719,2.7784,0.6861738002594034,0.0300000000000011,-0.0699999999999999,-19.349999999999987,0.0,0.0,0.2349999999999996,0.0,-0.6415,2.0056,0.6298268101014725,1.4210854715202004e-14,0.1,-21.19999999999999
15.781999999657272,-0.1413,0.0,0.336,0.0,-1.6676,2.7716,0.6861738002594034,0.0300000000000011,-0.0699999999999999,-19.349999999999987,0.0,0.0,0.2356,0.0,-0.6344,2.008,0.6297352559700923,1.4210854715202004e-14,0.1,-21.19999999999999
15.79700000025332,-0.1227,0.0,0.3452,0.0,-1.6697,2.783,0.6840833142595559,0.0300000000000011,-0.0699999999999999,-19.349999999999987,0.0,0.0,0.2423999999999996,0.0,-0.6463,2.0102,0.6295063706416418,1.4210854715202004e-14,0.1,-21.19999999999999
15.82799999974668,-0.1286,0.0,0.3355999999999998,0.0,-1.6785,2.773,0.6840833142595559,0.0300000000000011,-0.0699999999999999,-19.349999999999987,0.0,0.0,0.2392,0.0,-0.639,2.0074,0.6291706721599145,1.4210854715202004e-14,5.551115123125783e-17,-21.19999999999999
15.84400000050664,-0.1309,0.0,0.3363999999999998,0.0,-1.6628,2.7782,0.6861738002594034,0.0300000000000011,-0.0699999999999999,-19.349999999999987,0.0,0.0,0.2301999999999996,0.0,-0.6538,2.007,0.6291706721599145,1.4210854715202004e-14,0.1,-21.19999999999999
15.859999999403954,-0.1304,0.0,0.336,0.0,-1.6703,2.7802,0.6830914778362707,0.0300000000000011,-0.0699999999999999,-19.44999999999999,0.0,0.0,0.2299999999999998,0.0,-0.6403,2.0166,0.6293690394445716,1.4210854715202004e-14,0.1,-21.19999999999999
15.875,-0.1272,0.0,0.3342,0.0,-1.6728,2.7752,0.6817944609750515,0.0300000000000011,-0.0699999999999999,-19.44999999999999,0.0,0.0,0.2529999999999996,0.0,-0.6424,2.012,0.6289570458533608,1.4210854715202004e-14,0.1,-21.19999999999999
15.890999998897314,-0.1256,0.0,0.333,0.0,-1.6577,2.7706,0.6817334248874647,0.0300000000000011,-0.0699999999999999,-19.44999999999999,0.0,0.0,0.2371999999999996,0.0,-0.6403,2.0024,0.6285603112840467,1.4210854715202004e-14,0.1,-21.19999999999999
15.906999999657272,-0.1415,0.0,0.3446,0.0,-1.6628,2.7794000000000003,0.6817334248874647,0.0300000000000011,-0.0699999999999999,-19.44999999999999,0.0,0.0,0.2472,-0.0079,-0.6455,2.0166,0.6285603112840467,1.4210854715202004e-14,0.1,-21.19999999999999
15.92200000025332,-0.126,0.0,0.3406,0.0,-1.662,2.7806,0.6830914778362707,0.0300000000000011,-0.0699999999999999,-19.44999999999999,0.0,0.0,0.2348,0.0,-0.6456,2.0134,0.6285603112840467,1.4210854715202004e-14,0.1,-21.19999999999999
15.937999999150634,-0.1294,0.0,0.3403999999999998,0.0,-1.6795,2.778,0.6817334248874647,0.0300000000000011,-0.0699999999999999,-19.44999999999999,0.0,0.0,0.2288,0.0,-0.652,2.0024,0.6287129015030136,1.4210854715202004e-14,0.1,-21.19999999999999
15.96900000050664,-0.1261,0.0,0.333,0.0,-1.6568,2.7666,0.674882124055848,0.0300000000000011,-0.0699999999999999,-19.44999999999999,0.0,0.0,0.2472,0.0,-0.6457,1.9956,0.6287129015030136,1.4210854715202004e-14,0.1,-21.19999999999999
15.984999999403954,-0.1186,0.0,0.33,0.0,-1.6699,2.7676,0.674882124055848,0.0300000000000011,-0.0699999999999999,-19.44999999999999,0.0,0.0,0.2396,-0.0019,-0.6419,2.0134,0.6287129015030136,1.4210854715202004e-14,0.1,-21.19999999999999
16.0,-0.1305,0.0,0.3377999999999998,0.0,-1.6743,2.7878,0.6780407415884642,0.0300000000000011,-0.0699999999999999,-19.44999999999999,0.0,0.0,0.2267999999999996,0.0,-0.645,2.0096,0.6287129015030136,1.4210854715202004e-14,5.551115123125783e-17,-21.19999999999999
16.015999998897314,-0.1264,0.0,0.3261999999999998,0.0,-1.6607,2.7766,0.6748363469901579,0.0300000000000011,-0.0699999999999999,-19.44999999999999,0.0,0.0,0.2439999999999996,0.0,-0.6456,2.0097999999999994,0.6287129015030136,1.4210854715202004e-14,0.1,-21.19999999999999
16.031999999657273,-0.1297,0.0,0.3386,0.0,-1.6565,2.7734,0.6745922026398108,0.0300000000000011,-0.0699999999999999,-19.44999999999999,0.0,0.0,0.2344,0.0,-0.6384,2.0118,0.6287281605249103,1.4210854715202004e-14,0.1,-21.19999999999999
16.04700000025332,-0.1373,0.0,0.3414,0.0,-1.6681,2.7904,0.6745922026398108,0.0300000000000011,-0.0699999999999999,-19.44999999999999,0.0,0.0,0.2473999999999998,0.0,-0.6385,2.0126,0.6287281605249103,1.4210854715202004e-14,5.551115123125783e-17,-21.19999999999999
16.062999999150634,-0.1266,0.0,0.3395999999999998,0.0,-1.6727,2.7636,0.6745922026398108,0.0300000000000011,-0.0699999999999999,-19.44999999999999,0.0,0.0,0.2456,0.0,-0.6415,2.011,0.6286671244373235,1.4210854715202004e-14,5.551115123125783e-17,-21.19999999999999
16.07799999974668,-0.1296,0.0,0.3368,0.0,-1.6629,2.7636,0.670914778362707,0.0300000000000011,-0.0699999999999999,-19.44999999999999,0.0,0.0,0.2382,0.0,-0.6457,2.0092000000000003,0.6286518654154268,1.4210854715202004e-14,0.1,-21.19999999999999
16.109999999403954,-0.1368,0.0,0.3417999999999998,0.0,-1.6733,2.7790000000000004,0.6683970397497521,0.0300000000000011,-0.0699999999999999,-19.44999999999999,0.0,0.0,0.2447999999999998,0.0,-0.6487,2.0088000000000004,0.6286518654154268,1.4210854715202004e-14,0.1,-21.19999999999999
16.125,-0.1307,0.0,0.336,0.0,-1.6703,2.7756,0.6683970397497521,0.0300000000000011,-0.0699999999999999,-19.54999999999999,0.0,0.0,0.2379999999999996,0.0,-0.6443,2.0078,0.6286671244373235,1.4210854715202004e-14,5.551115123125783e-17,-21.19999999999999
16.140999998897314,-0.1244,0.0,0.3343999999999998,0.0,-1.663,2.7688,0.670914778362707,0.0300000000000011,-0.0699999999999999,-19.54999999999999,0.0,0.0,0.2389999999999996,0.0,-0.6477,2.003,0.6287281605249103,1.4210854715202004e-14,0.1,-21.19999999999999
16.156999999657273,-0.1249,0.0,0.3497999999999998,0.0,-1.6662,2.7772,0.670914778362707,0.0300000000000011,-0.0699999999999999,-19.54999999999999,0.0,0.0,0.2396,0.0,-0.6452,2.0012,0.628743419546807,1.4210854715202004e-14,0.1,-21.19999999999999
16.187999999150634,-0.1289,0.0,0.3368,0.0,-1.6754,2.7739999999999996,0.6682902265964752,0.0300000000000011,-0.0699999999999999,-19.54999999999999,0.0,0.0,0.2298,0.0,-0.6473,2.0078,0.628743419546807,1.4210854715202004e-14,5.551115123125783e-17,-21.19999999999999
16.20299999974668,-0.1363,0.0,0.3412,0.0,-1.6653,2.7638,0.6682902265964752,0.0300000000000011,-0.0699999999999999,-19.54999999999999,0.0,0.0,0.2383999999999998,0.0,-0.6454,1.9984,0.628743419546807,1.4210854715202004e-14,5.551115123125783e-17,-21.19999999999999
16.21900000050664,-0.1264,0.0,0.3343999999999998,0.0,-1.6603,2.768,0.6682902265964752,0.0300000000000011,-0.0699999999999999,-19.54999999999999,0.0,0.0,0.2388,0.0,-0.6421,1.9984,0.6287891966124971,1.4210854715202004e-14,0.1,-21.19999999999999
16.234999999403954,-0.1367,0.0,0.3371999999999996,0.0,-1.6731,2.7782,0.6686106660563058,0.0300000000000011,-0.0699999999999999,-19.54999999999999,0.0,0.0,0.2368,0.0,-0.6394,2.0059999999999993,0.6287891966124971,1.4210854715202004e-14,5.551115123125783e-17,-21.19999999999999
16.25,-0.1288,0.0,0.336,0.0,-1.6744,2.769,0.6682902265964752,0.0300000000000011,-0.0699999999999999,-19.54999999999999,0.0,0.0,0.2436,0.0,-0.6513,2.0106,0.6287891966124971,1.4210854715202004e-14,5.551115123125783e-17,-21.19999999999999
16.265999998897314,-0.1269,0.0,0.3326,0.0,-1.6545,2.7676,0.662568093385214,0.0300000000000011,-0.1699999999999999,-19.54999999999999,0.0,0.0,0.2453999999999998,0.0,-0.6399,1.9984,0.6288349736781872,1.4210854715202004e-14,0.1,-21.19999999999999
16.281999999657273,-0.1342,0.0,0.333,0.0,-1.6612,2.763,0.662568093385214,0.0300000000000011,-0.0699999999999999,-19.54999999999999,0.0,0.0,0.2345999999999996,0.0,-0.6425,2.0032,0.6287891966124971,1.4210854715202004e-14,0.1,-21.19999999999999
16.312999999150634,-0.1231,0.0,0.3393999999999996,0.0,-1.6672,2.7686000000000006,0.6686106660563058,0.0300000000000011,-0.0699999999999999,-19.54999999999999,0.0,0.0,0.2449999999999996,0.0,-0.6464,2.0042,0.6287586785687037,1.4210854715202004e-14,5.551115123125783e-17,-21.19999999999999
16.32799999974668,-0.133,0.0,0.3382,0.0,-1.675,2.7612,0.6606454566262303,0.0300000000000011,-0.0699999999999999,-19.54999999999999,0.0,0.0,0.2475999999999996,0.0,-0.6448,1.9986,0.6287891966124971,1.4210854715202004e-14,5.551115123125783e-17,-21.19999999999999
16.34400000050664,-0.1215,0.0,0.3273999999999998,0.0,-1.656,2.7686000000000006,0.6597146562905318,0.0300000000000011,-0.1699999999999999,-19.54999999999999,0.0,0.0,0.2366,0.0,-0.6328,2.0,0.6288654917219806,1.4210854715202004e-14,5.551115123125783e-17,-21.19999999999999
16.359999999403954,-0.1376,0.0,0.338,0.0,-1.6559,2.777600000000001,0.6597146562905318,0.0300000000000011,-0.0699999999999999,-19.54999999999999,0.0,0.0,0.2422,0.0,-0.6406,1.9958,0.6287586785687037,1.4210854715202004e-14,5.551115123125783e-17,-21.19999999999999
16.375,-0.1406,0.0,0.345,0.0,-1.6588,2.7686000000000006,0.6597146562905318,0.0300000000000011,-0.0699999999999999,-19.54999999999999,0.0,0.0,0.2566,0.0,-0.65,2.0072,0.628743419546807,1.4210854715202004e-14,5.551115123125783e-17,-21.19999999999999
16.390999998897314,-0.1287,0.0,0.3343999999999998,0.0,-1.6572,2.7512000000000003,0.6597146562905318,0.0300000000000011,-0.0699999999999999,-19.54999999999999,0.0,0.0,0.2472,0.0,-0.6364,1.9914,0.628743419546807,1.4210854715202004e-14,5.551115123125783e-17,-21.19999999999999
16.406999999657273,-0.128,0.0,0.3374,0.0,-1.6593,2.77,0.6597146562905318,0.0300000000000011,-0.0699999999999999,-19.44999999999999,0.0,0.0,0.2526,0.0,-0.6397,1.9988,0.6284687571526665,1.4210854715202004e-14,0.1,-21.19999999999999
16.42200000025332,-0.1333,0.0,0.3343999999999998,0.0,-1.6726,2.7748000000000004,0.6573342488746472,0.0300000000000011,-0.0699999999999999,-19.44999999999999,0.0,0.0,0.2453999999999998,0.0,-0.652,2.0024,0.6282551308461127,1.4210854715202004e-14,5.551115123125783e-17,-21.19999999999999
16.45299999974668,-0.1352,0.0,0.3355999999999998,0.0,-1.6651,2.768,0.6573342488746472,0.0300000000000011,-0.0699999999999999,-19.44999999999999,0.0,0.0,0.252,0.0,-0.648,2.011,0.6282551308461127,1.4210854715202004e-14,5.551115123125783e-17,-21.19999999999999
16.46900000050664,-0.1212,0.0,0.3337999999999998,0.0,-1.6611,2.7596,0.6597146562905318,0.0300000000000011,-0.0699999999999999,-19.44999999999999,0.0,0.0,0.2575999999999998,0.0,-0.6418,1.9956,0.6282551308461127,1.4210854715202004e-14,0.1,-21.19999999999999
16.484999999403954,-0.1335,0.0,0.3312,0.0,-1.6479,2.7632,0.6579598687724117,0.0300000000000011,-0.0699999999999999,-19.44999999999999,0.0,0.0,0.2399999999999996,0.0,-0.6332,1.9942,0.6284077210650797,1.4210854715202004e-14,0.1,-21.19999999999999
16.5,-0.1319,0.0,0.3342,0.0,-1.6624,2.7636,0.6573342488746472,0.0300000000000011,-0.0699999999999999,-19.44999999999999,0.0,0.0,0.252,0.0,-0.6394,2.0028,0.6282551308461127,1.4210854715202004e-14,0.1,-21.19999999999999
16.531999999657273,-0.1317,0.0,0.3369999999999998,0.0,-1.6597,2.761000000000001,0.6533669031815061,0.0300000000000011,-0.0699999999999999,-19.44999999999999,0.0,0.0,0.2388,0.0,-0.6409,2.0058,0.6281330586709392,1.4210854715202004e-14,5.551115123125783e-17,-21.19999999999999
16.54700000025332,-0.1315,0.0,0.3256,0.0,-1.6531,2.7582,0.6573342488746472,0.0300000000000011,-0.0699999999999999,-19.44999999999999,0.0,0.0,0.2449999999999996,0.0,-0.6403,2.0024,0.6280262455176623,1.4210854715202004e-14,5.551115123125783e-17,-21.19999999999999
16.562999999150634,-0.135,0.0,0.3388,0.0,-1.6499,2.7598,0.6579598687724117,0.0300000000000011,-0.0699999999999999,-19.44999999999999,0.0,0.0,0.2531999999999998,0.0,-0.6528,2.0092000000000003,0.6281330586709392,1.4210854715202004e-14,0.1,-21.19999999999999
16.57799999974668,-0.1328,0.0,0.3266,0.0,-1.6624,2.7646,0.6533669031815061,0.0300000000000011,-0.0699999999999999,-19.44999999999999,0.0,0.0,0.2566,0.0,-0.6434,1.9964,0.6281330586709392,1.4210854715202004e-14,5.551115123125783e-17,-21.19999999999999
16.59400000050664,-0.1358,0.0,0.347,0.0,-1.6619,2.7646,0.6528328374151217,0.0300000000000011,-0.0699999999999999,-19.44999999999999,0.0,0.0,0.2504,0.0,-0.6402,1.9924,0.6280262455176623,1.4210854715202004e-14,5.551115123125783e-17,-21.19999999999999
16.609999999403954,-0.1304,0.0,0.3366,0.0,-1.6572,2.7536,0.6469428549629969,0.0300000000000011,-0.0699999999999999,-19.44999999999999,0.0,0.0,0.2429999999999996,0.0,-0.6344,1.9982,0.6278431372549019,1.4210854715202004e-14,5.551115123125783e-17,-21.19999999999999
16.625,-0.1301,0.0,0.334,0.0,-1.6682,2.7652,0.6528328374151217,0.0300000000000011,-0.0699999999999999,-19.44999999999999,0.0,0.0,0.2437999999999996,0.0,-0.6343,2.0034,0.6276600289921416,1.4210854715202004e-14,0.1,-21.19999999999999
16.640999998897314,-0.1291,0.0,0.3293999999999998,0.0,-1.6758,2.7626000000000004,0.6476752880140383,0.0300000000000011,-0.0699999999999999,-19.44999999999999,0.0,0.0,0.2462,0.0,-0.6362,2.0122,0.6278431372549019,1.4210854715202004e-14,5.551115123125783e-17,-21.19999999999999
16.67200000025332,-0.1193,0.0,0.3243999999999998,0.0,-1.6677,2.7584,0.645630579079881,0.0300000000000011,-0.0699999999999999,-19.44999999999999,0.0,0.0,0.2542,0.0,-0.6419,1.9988,0.6276600289921416,1.4210854715202004e-14,0.1,-21.19999999999999
16.687999999150634,-0.1243,0.0,0.3362,0.0,-1.6549,2.7622,0.645630579079881,0.0300000000000011,-0.0699999999999999,-19.349999999999987,0.0,0.0,0.2437999999999996,0.0,-0.6417,1.9914,0.6276600289921416,1.4210854715202004e-14,5.551115123125783e-17,-21.19999999999999
16.70299999974668,-0.1324,0.0,0.3318,0.0,-1.6691,2.763,0.645630579079881,0.0300000000000011,-0.0699999999999999,-19.349999999999987,0.0,0.0,0.2479999999999996,0.0,-0.641,1.9938,0.6276600289921416,1.4210854715202004e-14,5.551115123125783e-17,-21.19999999999999
16.71900000050664,-0.1285,0.0,0.3261999999999998,0.0,-1.6543,2.7582,0.6476752880140383,0.0300000000000011,-0.0699999999999999,-19.349999999999987,0.0,0.0,0.2467999999999996,0.0,-0.6456,2.0056,0.6276600289921416,1.4210854715202004e-14,5.551115123125783e-17,-21.19999999999999
16.734999999403954,-0.1331,0.0,0.3216,0.0,-1.6525,2.752,0.6476752880140383,0.0300000000000011,-0.0699999999999999,-19.349999999999987,0.0,0.0,0.2451999999999996,0.0,-0.6347,1.9948,0.6270801861600671,1.4210854715202004e-14,0.1,-21.19999999999999
16.75,-0.1263,0.0,0.3328,0.0,-1.6526,2.7628,0.6426092927443351,-0.0699999999999931,-0.0699999999999999,-19.349999999999987,0.0,0.0,0.2505999999999996,0.0,-0.6364,1.9954,0.6269581139848935,1.4210854715202004e-14,5.551115123125783e-17,-21.19999999999999
16.765999998897314,-0.1343,0.0,0.3386,0.0,-1.6701,2.7622,0.6426092927443351,-0.0699999999999931,0.03,-19.349999999999987,0.0,0.0,0.2588,0.0,-0.6351,1.9942,0.6269123369192035,1.4210854715202004e-14,5.551115123125783e-17,-21.19999999999999
16.79700000025332,-0.1378,0.0,0.3369999999999998,0.0,-1.6607,2.7594,0.6463172350652323,-0.0699999999999931,-0.0699999999999999,-19.349999999999987,0.0,0.0,0.2488,0.0,-0.6311,1.9834,0.6269123369192035,1.4210854715202004e-14,5.551115123125783e-17,-21.19999999999999
16.812999999150634,-0.1311,0.0,0.3326,0.0,-1.6393,2.7568,0.6463172350652323,-0.0699999999999931,-0.0699999999999999,-19.349999999999987,0.0,0.0,0.2492,0.0,-0.6425,1.9974,0.6269733730067902,1.4210854715202004e-14,0.1,-21.19999999999999
16.82799999974668,-0.1322,0.0,0.3277999999999998,0.0,-1.6607,2.7588000000000004,0.6426092927443351,-0.0699999999999931,-0.0699999999999999,-19.349999999999987,0.0,0.0,0.2511999999999998,0.0,-0.6309,1.9954,0.6269733730067902,1.4210854715202004e-14,5.551115123125783e-17,-21.19999999999999
16.84400000050664,-0.1317,0.0,0.3335999999999998,0.0,-1.6626,2.7566,0.6410681315327688,-0.0699999999999931,-0.0699999999999999,-19.349999999999987,0.0,0.0,0.2447999999999998,0.0,-0.6389,2.0036,0.6266224155031662,1.4210854715202004e-14,5.551115123125783e-17,-21.19999999999999
16.859999999403954,-0.1255,0.0,0.3277999999999998,0.0,-1.6612,2.7550000000000003,0.6410681315327688,-0.0699999999999931,-0.0699999999999999,-19.349999999999987,0.0,0.0,0.2423999999999996,0.0,-0.638,1.9976,0.6264698252841993,1.4210854715202004e-14,5.551115123125783e-17,-21.099999999999994
16.875,-0.144,0.0,0.3374,0.0,-1.6411,2.7622,0.6436926832990005,-0.0699999999999931,-0.0699999999999999,-19.349999999999987,0.0,0.0,0.2627999999999996,0.0,-0.6479,1.9996,0.6264698252841993,1.4210854715202004e-14,5.551115123125783e-17,-21.099999999999994
16.906999999657273,-0.1318,0.0,0.3358,0.0,-1.6561,2.7538,0.6410681315327688,-0.0699999999999931,0.03,-19.349999999999987,0.0,0.0,0.2557999999999998,0.0,-0.6301,1.9834,0.6269733730067902,1.4210854715202004e-14,5.551115123125783e-17,-21.099999999999994
16.92200000025332,-0.1279,0.0,0.3267999999999998,0.0,-1.6602,2.7584,0.6406866559853513,-0.0699999999999931,-0.0699999999999999,-19.249999999999982,0.0,0.0,0.2443999999999998,0.0,-0.6392,1.9954,0.6262409399557488,1.4210854715202004e-14,5.551115123125783e-17,-21.099999999999994
16.937999999150634,-0.1282,0.0,0.3301999999999998,0.0,-1.6416,2.7466000000000004,0.6404119935912108,-0.0699999999999931,-0.0699999999999999,-19.249999999999982,0.0,0.0,0.251,0.0,-0.6383,1.9904,0.6258594644083314,1.4210854715202004e-14,5.551115123125783e-17,-21.099999999999994
16.95299999974668,-0.1326,0.0,0.3366,0.0,-1.6496,2.7584,0.6404119935912108,-0.0699999999999931,-0.0699999999999999,-19.249999999999982,0.0,0.0,0.2479999999999996,0.0,-0.6496,1.9914,0.6258594644083314,1.4210854715202004e-14,5.551115123125783e-17,-21.099999999999994
16.96900000050664,-0.1332,0.0,0.3312,0.0,-1.6657,2.753400000000001,0.6404119935912108,-0.0699999999999931,-0.0699999999999999,-19.249999999999982,0.0,0.0,0.2495999999999996,0.0,-0.6407,1.9906,0.6262409399557488,1.4210854715202004e-14,5.551115123125783e-17,-21.099999999999994
16.984999999403954,-0.1344,0.0,0.3292,0.0,-1.6472,2.7474,0.637787441824979,-0.0699999999999931,-0.0699999999999999,-19.249999999999982,0.0,0.0,0.2475999999999996,0.0,-0.6407,1.9998,0.6257526512550545,1.4210854715202004e-14,5.551115123125783e-17,-21.19999999999999
17.015999998897314,-0.1341,0.0,0.3323999999999998,0.0,-1.6498,2.748,0.6370244907301442,-0.0699999999999931,-0.0699999999999999,-19.249999999999982,0.0,0.0,0.2467999999999996,0.0,-0.6305,1.9918,0.6252491035324635,1.4210854715202004e-14,5.551115123125783e-17,-21.19999999999999
17.031999999657273,-0.1387,0.0,0.3321999999999998,0.0,-1.6452,2.7518,0.6370244907301442,-0.0699999999999931,-0.0699999999999999,-19.249999999999982,0.0,0.0,0.2575999999999998,-0.0071,-0.6324,1.9906,0.6252491035324635,1.4210854715202004e-14,5.551115123125783e-17,-21.19999999999999
17.04700000025332,-0.1292,0.0,0.3233999999999998,0.0,-1.6631,2.772,0.637787441824979,-0.0699999999999931,-0.0699999999999999,-19.249999999999982,0.0,0.0,0.2545999999999996,0.0,-0.6274,1.9988,0.6252491035324635,1.4210854715202004e-14,5.551115123125783e-17,-21.19999999999999
17.062999999150634,-0.1369,0.0,0.336,0.0,-1.6453,2.7566,0.637787441824979,-0.0699999999999931,-0.0699999999999999,-19.249999999999982,0.0,0.0,0.2547999999999998,0.0,-0.634,1.9898,0.625325398641947,1.4210854715202004e-14,5.551115123125783e-17,-21.19999999999999
17.07799999974668,-0.1244,0.0,0.3334,0.0,-1.6547,2.748800000000001,0.6370244907301442,-0.0699999999999931,-0.0699999999999999,-19.249999999999982,0.0,0.0,0.2477999999999996,0.0,-0.6342,1.9888,0.625325398641947,1.4210854715202004e-14,5.551115123125783e-17,-21.19999999999999
17.09400000050664,-0.1239,0.0,0.332,0.0,-1.6463,2.7526,0.6356054016937515,-0.0699999999999931,-0.0699999999999999,-19.249999999999982,0.0,0.0,0.2557999999999998,0.0,-0.6316,1.9956,0.6252338445105668,1.4210854715202004e-14,5.551115123125783e-17,-21.19999999999999
17.109999999403954,-0.1424,0.0,0.3362,0.0,-1.6575,2.7612,0.6356054016937515,-0.0699999999999931,-0.0699999999999999,-19.249999999999982,0.0,0.0,0.2531999999999998,0.0,-0.6373,1.9944,0.6252338445105668,1.4210854715202004e-14,5.551115123125783e-17,-21.19999999999999
17.125,-0.132,0.0,0.3316,0.0,-1.6531,2.7506,0.6356054016937515,-0.0699999999999931,-0.0699999999999999,-19.349999999999987,0.0,0.0,0.2632,0.0,-0.6301,1.9906,0.6251117723353933,1.4210854715202004e-14,5.551115123125783e-17,-21.19999999999999
17.156999999657273,-0.1304,0.0,0.336,0.0,-1.6502,2.7378,0.6356054016937515,-0.0699999999999931,-0.0699999999999999,-19.349999999999987,0.0,0.0,0.247,0.0,-0.6405,1.9962,0.6251117723353933,1.4210854715202004e-14,5.551115123125783e-17,-21.19999999999999
17.17200000025332,-0.1288,0.0,0.3303999999999998,0.0,-1.6466,2.7442000000000006,0.6356054016937515,-0.0699999999999931,-0.0699999999999999,-19.349999999999987,0.0,0.0,0.2595999999999996,0.0,-0.6352,1.9884,0.6251117723353933,1.4210854715202004e-14,5.551115123125783e-17,-21.19999999999999
17.187999999150634,-0.1468,0.0,0.3508,0.0,-1.6546,2.751,0.6353154802777142,-0.0699999999999931,-0.0699999999999999,-19.349999999999987,0.0014,0.0,0.2505999999999996,0.0,-0.6357,1.9986,0.6251117723353933,1.4210854715202004e-14,5.551115123125783e-17,-21.19999999999999
17.20299999974668,-0.1357,0.0,0.34,0.0,-1.6467,2.7566,0.6304173342488747,0.0300000000000011,-0.0699999999999999,-19.349999999999987,0.0,0.0,0.2588,0.0,-0.6225,1.9932,0.624974441138323,1.4210854715202004e-14,5.551115123125783e-17,-21.19999999999999
17.21900000050664,-0.1314,0.0,0.3398,0.0,-1.6517,2.7402,0.6323247119859617,0.0300000000000011,-0.0699999999999999,-19.349999999999987,0.0,0.0,0.269,0.0,-0.6226,1.981,0.6250812542915999,1.4210854715202004e-14,5.551115123125783e-17,-21.19999999999999
17.25,-0.1294,0.0,0.3464,0.0,-1.6456,2.7457999999999996,0.6323247119859617,0.0300000000000011,-0.0699999999999999,-19.349999999999987,0.0,0.0,0.2568,0.0,-0.6418,2.0018,0.6251117723353933,1.4210854715202004e-14,5.551115123125783e-17,-21.19999999999999
17.265999998897314,-0.1349,0.0,0.3415999999999998,0.0,-1.6593,2.7588000000000004,0.6323247119859617,0.0300000000000011,-0.0699999999999999,-19.349999999999987,0.0029,0.0,0.2584,0.0,-0.6292,1.992,0.6252643625543602,1.4210854715202004e-14,5.551115123125783e-17,-21.19999999999999
17.281999999657273,-0.1275,0.0,0.3424,0.0,-1.6594,2.7449999999999997,0.6306462195773251,0.0300000000000011,-0.0699999999999999,-19.349999999999987,0.004,0.0,0.2636,0.0,-0.6336,1.9884,0.6252643625543602,1.4210854715202004e-14,5.551115123125783e-17,-21.19999999999999
17.29700000025332,-0.1404,0.0,0.3369999999999998,0.0,-1.6496,2.7354,0.6304173342488747,0.0300000000000011,-0.0699999999999999,-19.349999999999987,0.0,0.0,0.2561999999999996,0.0,-0.6303,1.9962,0.6250812542915999,1.4210854715202004e-14,5.551115123125783e-17,-21.19999999999999
17.312999999150634,-0.1372,0.0,0.3377999999999998,0.0,-1.6473,2.7402,0.6306462195773251,0.0300000000000011,-0.0699999999999999,-19.349999999999987,0.0,0.0,0.2637999999999998,0.0,-0.6265,1.9858,0.6250812542915999,1.4210854715202004e-14,5.551115123125783e-17,-21.19999999999999
17.32799999974668,-0.1426,0.0,0.3409999999999998,0.0,-1.6606,2.7556,0.6323247119859617,0.0300000000000011,-0.0699999999999999,-19.349999999999987,0.0024,0.0,0.2584,0.0,-0.6271,2.0024,0.6250965133134966,1.4210854715202004e-14,5.551115123125783e-17,-21.19999999999999
17.359999999403954,-0.1316,0.0,0.3392,0.0,-1.6456,2.7474,0.6306462195773251,0.0300000000000011,-0.0699999999999999,-19.349999999999987,0.0,0.0,0.2521999999999996,0.0,-0.6286,1.9845999999999997,0.6250965133134966,1.4210854715202004e-14,5.551115123125783e-17,-21.19999999999999
17.375,-0.1391,0.0,0.3374,0.0,-1.6437,2.751,0.6280369268329901,0.0300000000000011,-0.0699999999999999,-19.349999999999987,0.0,0.0,0.2595999999999996,0.0,-0.6289,1.9832,0.624821850919356,1.4210854715202004e-14,5.551115123125783e-17,-21.19999999999999
17.390999998897314,-0.1372,0.0,0.33,0.0,-1.6443,2.7404,0.6260990310521096,0.0300000000000011,-0.0699999999999999,-19.44999999999999,0.0022,0.0,0.2624,0.0,-0.6373,1.9954,0.6245319295033188,1.4210854715202004e-14,5.551115123125783e-17,-21.19999999999999
17.406999999657273,-0.1426,0.0,0.3402,0.0,-1.659,2.7498,0.6260990310521096,0.0300000000000011,-0.0699999999999999,-19.44999999999999,0.0,0.0,0.2627999999999996,0.0,-0.6303,1.9932,0.6244098573281452,1.4210854715202004e-14,5.551115123125783e-17,-21.19999999999999
17.42200000025332,-0.1221,0.0,0.3296,0.0,-1.6564,2.7457999999999996,0.6260990310521096,0.0300000000000011,-0.0699999999999999,-19.44999999999999,0.0,0.0,0.2477999999999996,0.0,-0.6373,1.992,0.6245319295033188,1.4210854715202004e-14,5.551115123125783e-17,-21.19999999999999
17.437999999150634,-0.1353,0.0,0.3334,0.0,-1.6401,2.7434,0.6260990310521096,0.0300000000000011,-0.0699999999999999,-19.44999999999999,0.0004,0.0,0.2505999999999996,0.0,-0.6352,1.9936,0.6245319295033188,1.4210854715202004e-14,5.551115123125783e-17,-21.19999999999999
17.45299999974668,-0.146,0.0,0.3497999999999998,0.0,-1.651,2.7404,0.6260990310521096,0.0300000000000011,-0.0699999999999999,-19.44999999999999,0.0,0.0,0.2585999999999996,0.0,-0.6303,1.9892,0.6245319295033188,1.4210854715202004e-14,5.551115123125783e-17,-21.19999999999999
17.46900000050664,-0.1363,0.0,0.3386,0.0,-1.6506,2.7434,0.6253208209353781,0.0300000000000011,-0.0699999999999999,-19.44999999999999,0.0,0.0,0.2574,0.0,-0.6167,1.9878,0.6245319295033188,1.4210854715202004e-14,5.551115123125783e-17,-21.19999999999999
17.5,-0.1311,0.0,0.33,0.0,-1.6359,2.7449999999999997,0.6253208209353781,0.0300000000000011,-0.0699999999999999,-19.44999999999999,0.0,0.0,0.2615999999999998,0.0,-0.6302,1.9822,0.6244098573281452,1.4210854715202004e-14,5.551115123125783e-17,-21.19999999999999
17.515999998897314,-0.1338,0.0,0.3354,0.0,-1.6509,2.7494,0.6253208209353781,0.0300000000000011,-0.0699999999999999,-19.44999999999999,0.0032,0.0,0.2626,0.0,-0.6397,1.9834,0.6244098573281452,1.4210854715202004e-14,5.551115123125783e-17,-21.19999999999999
17.531999999657273,-0.1303,0.0,0.3343999999999998,0.0,-1.6481,2.748,0.6253208209353781,0.0300000000000011,-0.0699999999999999,-19.44999999999999,0.0091,0.0,0.2601999999999996,0.0,-0.6292,1.9882,0.6245014114595254,1.4210854715202004e-14,5.551115123125783e-17,-21.19999999999999
17.54700000025332,-0.1288,0.0,0.3332,0.0,-1.6409,2.7388,0.6253208209353781,0.0300000000000011,-0.0699999999999999,-19.44999999999999,0.0008,0.0,0.2577999999999998,0.0,-0.6286,1.9998,0.6245014114595254,1.4210854715202004e-14,5.551115123125783e-17,-21.19999999999999
17.562999999150634,-0.1397,0.0,0.3422,0.0,-1.6546,2.7442000000000006,0.6253208209353781,0.0300000000000011,-0.0699999999999999,-19.44999999999999,0.0,0.0,0.2716,0.0,-0.6327,1.9928,0.6245014114595254,1.4210854715202004e-14,5.551115123125783e-17,-21.19999999999999
17.59400000050664,-0.1413,0.0,0.3403999999999998,0.0,-1.6506,2.741200000000001,0.6233829251544977,0.0300000000000011,-0.0699999999999999,-19.44999999999999,0.0069,0.0,0.2594,0.0,-0.6283,1.9910000000000003,0.6245014114595254,1.4210854715202004e-14,5.551115123125783e-17,-21.19999999999999
17.609999999403954,-0.1297,0.0,0.3326,0.0,-1.6454,2.7420000000000004,0.6224673838406959,0.0300000000000011,-0.0699999999999999,-19.44999999999999,0.0,0.0,0.264,0.0,-0.6163,1.9942,0.6237994964522774,1.4210854715202004e-14,5.551115123125783e-17,-21.19999999999999
17.625,-0.1285,0.0,0.3293999999999998,0.0,-1.6274,2.7338,0.6224673838406959,0.0300000000000011,-0.0699999999999999,-19.44999999999999,0.0,0.0,0.2652,0.0,-0.6331,1.9794,0.6237994964522774,1.4210854715202004e-14,5.551115123125783e-17,-21.19999999999999
17.640999998897314,-0.1329,0.0,0.3402,0.0,-1.6467,2.7396,0.6224673838406959,0.0300000000000011,-0.0699999999999999,-19.44999999999999,0.0,0.0,0.261,0.0,-0.6316,1.9874,0.6242877851529717,1.4210854715202004e-14,5.551115123125783e-17,-21.19999999999999
17.656999999657273,-0.1434,0.0,0.3472,0.0,-1.6391,2.7362,0.6224673838406959,0.1299999999999954,-0.0699999999999999,-19.44999999999999,0.0053,0.0,0.2624,0.0,-0.6222,1.9794,0.6242114900434882,1.4210854715202004e-14,5.551115123125783e-17,-21.19999999999999
17.67200000025332,-0.1392,0.0,0.3422,0.0,-1.6448,2.7418,0.6224673838406959,0.1299999999999954,-0.0699999999999999,-19.44999999999999,0.0026,0.0,0.2605999999999996,0.0,-0.6346,1.9888,0.6239520866712444,1.4210854715202004e-14,5.551115123125783e-17,-21.19999999999999
17.687999999150634,-0.1301,0.0,0.3358,0.0,-1.6489,2.7316,0.6222537575341421,0.1299999999999954,-0.0699999999999999,-19.54999999999999,0.0,0.0,0.2632,0.0,-0.625,1.9822,0.6232959487296864,1.4210854715202004e-14,5.551115123125783e-17,-21.19999999999999
17.71900000050664,-0.1436,0.0,0.3392,0.0,-1.6485,2.7404,0.6207583733882658,0.1299999999999954,-0.0699999999999999,-19.54999999999999,0.0,0.0,0.2601999999999996,0.0,-0.6223,1.9976,0.6230212863355459,1.4210854715202004e-14,5.551115123125783e-17,-21.19999999999999
17.734999999403954,-0.1473,0.0,0.3424,0.0,-1.6368,2.7304,0.6216281376363775,0.1299999999999954,-0.0699999999999999,-19.54999999999999,0.0061,0.0,0.2688,0.0,-0.6371,1.9904,0.6230212863355459,1.4210854715202004e-14,5.551115123125783e-17,-21.19999999999999
17.75,-0.1414,0.0,0.3448,0.0,-1.6491,2.7442000000000006,0.6216281376363775,0.1299999999999954,-0.0699999999999999,-19.54999999999999,0.0135,0.0,0.2594,0.0,-0.6245,1.9804,0.6230975814450294,1.4210854715202004e-14,5.551115123125783e-17,-21.19999999999999
17.765999998897314,-0.1326,0.0,0.3354,0.0,-1.639,2.731,0.6216281376363775,0.1299999999999954,-0.0699999999999999,-19.54999999999999,0.0159,0.0,0.2746,0.0,-0.6255,1.9832,0.6230975814450294,1.4210854715202004e-14,5.551115123125783e-17,-21.19999999999999
17.781999999657273,-0.1391,0.0,0.3486,0.0,-1.6376,2.7258000000000018,0.6204684519722286,0.1299999999999954,-0.0699999999999999,-19.54999999999999,0.009,0.0,0.2762,0.0,-0.6157,1.9692,0.6230975814450294,1.4210854715202004e-14,5.551115123125783e-17,-21.19999999999999
17.79700000025332,-0.1449,0.0,0.347,0.0,-1.6473,2.7386,0.6204531929503319,0.1299999999999954,-0.0699999999999999,-19.54999999999999,0.0103,0.0,0.2712,0.0,-0.6214,1.9766,0.6230212863355459,1.4210854715202004e-14,5.551115123125783e-17,-21.19999999999999
17.812999999150634,-0.1464,0.0,0.3392,0.0,-1.6433,2.7404,0.6201785305561913,0.1299999999999954,-0.0699999999999999,-19.54999999999999,0.0092,0.0,0.2614,0.0,-0.6294,1.99,0.6226855878538186,1.4210854715202004e-14,5.551115123125783e-17,-21.19999999999999
17.84400000050664,-0.1457,0.0,0.3368,0.0,-1.64,2.734,0.6204531929503319,0.1299999999999954,-0.0699999999999999,-19.54999999999999,0.0013,0.0,0.2732,0.0,-0.623,1.9824,0.6230060273136492,1.4210854715202004e-14,5.551115123125783e-17,-21.19999999999999
17.859999999403954,-0.1356,0.0,0.3417999999999998,0.0,-1.652,2.73,0.6204531929503319,0.1299999999999954,-0.0699999999999999,-19.54999999999999,0.0065,0.0,0.2646,0.0,-0.6238,1.9902,0.6230060273136492,1.4210854715202004e-14,5.551115123125783e-17,-21.19999999999999
17.875,-0.1381,0.0,0.3393999999999996,0.0,-1.6413,2.748,0.6204531929503319,0.1299999999999954,-0.0699999999999999,-19.54999999999999,0.0114,0.0,0.2604,0.0,-0.6276,1.9876,0.6230060273136492,1.4210854715202004e-14,5.551115123125783e-17,-21.19999999999999
17.890999998897314,-0.1436,0.0,0.3406,0.0,-1.6463,2.737,0.6204531929503319,0.1299999999999954,-0.0699999999999999,-19.54999999999999,0.0025,0.0,0.2535999999999996,0.0,-0.6207,1.9864,0.6230060273136492,1.4210854715202004e-14,5.551115123125783e-17,-21.19999999999999
17.906999999657273,-0.1398,0.0,0.3335999999999998,0.0,-1.6369,2.7354,0.6206820782787823,0.1299999999999954,-0.0699999999999999,-19.54999999999999,0.0,0.0,0.2621999999999996,0.0,-0.6199,1.9888,0.6230060273136492,1.4210854715202004e-14,5.551115123125783e-17,-21.19999999999999
17.937999999150634,-0.1333,0.0,0.3428,0.0,-1.6373,2.733,0.6208651865415427,0.1299999999999954,-0.0699999999999999,-19.54999999999999,0.0156,0.0,0.2594,0.0,-0.6201,1.9858,0.6230060273136492,1.4210854715202004e-14,5.551115123125783e-17,-21.19999999999999
17.95299999974668,-0.1363,0.0,0.3296,0.0,-1.6416,2.7332,0.6209414816510261,0.0300000000000011,-0.0699999999999999,-19.44999999999999,0.0057,0.0,0.2582,0.0,-0.6266,1.9752,0.623067063401236,1.4210854715202004e-14,5.551115123125783e-17,-21.19999999999999
17.96900000050664,-0.141,0.0,0.3435999999999998,0.0,-1.645,2.7362,0.6209414816510261,0.0300000000000011,-0.0699999999999999,-19.44999999999999,0.0,0.0,0.2627999999999996,0.0,-0.6315,1.9834,0.623067063401236,1.4210854715202004e-14,5.551115123125783e-17,-21.19999999999999
17.984999999403954,-0.1408,0.0,0.3395999999999998,0.0,-1.6466,2.7356,0.6209414816510261,0.0300000000000011,-0.0699999999999999,-19.44999999999999,0.0085,0.0,0.269,0.0,-0.6246,1.9796,0.6228839551384756,1.4210854715202004e-14,5.551115123125783e-17,-21.19999999999999
18.0,-0.1379,0.0,0.3429999999999998,0.0,-1.6471,2.727,0.6209414816510261,0.0300000000000011,-0.0699999999999999,-19.44999999999999,0.005,0.0,0.2637999999999998,0.0,-0.6403,1.9908,0.6226398107881285,1.4210854715202004e-14,5.551115123125783e-17,-21.19999999999999
18.01599999889732,-0.1414,0.0,0.3377999999999998,0.0,-1.6431,2.7316,0.6210788128480964,0.0300000000000011,-0.0699999999999999,-19.44999999999999,0.0062,0.0,0.264,0.0,-0.6245,1.9914,0.622563515678645,1.4210854715202004e-14,5.551115123125783e-17,-21.19999999999999
18.03199999965728,-0.1357,0.0,0.3375999999999998,0.0,-1.6533,2.7346,0.6211551079575799,0.0300000000000011,-0.0699999999999999,-19.44999999999999,0.0093,0.0,0.2611999999999996,0.0,-0.6163,1.983,0.6224872205691615,1.4210854715202004e-14,5.551115123125783e-17,-21.19999999999999
18.06299999915064,-0.1356,0.0,0.3438,0.0,-1.6331,2.7232,0.6211551079575799,0.0300000000000011,-0.0699999999999999,-19.44999999999999,0.0078,0.0,0.2664,0.0,-0.6301,1.999,0.6224872205691615,1.4210854715202004e-14,5.551115123125783e-17,-21.19999999999999
18.07799999974668,-0.1426,0.0,0.336,0.0,-1.6439,2.7350000000000008,0.6211551079575799,0.0300000000000011,-0.0699999999999999,-19.44999999999999,0.019,0.0,0.2611999999999996,0.0,-0.6184,1.981,0.6223956664377813,1.4210854715202004e-14,5.551115123125783e-17,-21.19999999999999
18.09400000050664,-0.1418,0.0,0.3414,0.0,-1.6435,2.7264,0.6212161440451667,0.0300000000000011,-0.0699999999999999,-19.44999999999999,0.017,0.0,0.2686,0.0,-0.6182,1.9856,0.6223956664377813,1.4210854715202004e-14,5.551115123125783e-17,-21.19999999999999
18.10999999940396,-0.1357,0.0,0.3369999999999998,0.0,-1.6407,2.7284,0.6212161440451667,0.0300000000000011,-0.0699999999999999,-19.44999999999999,0.0,0.0,0.2604,0.0,-0.6192,1.9854,0.6223956664377813,1.4210854715202004e-14,5.551115123125783e-17,-21.19999999999999
18.125,-0.1358,0.0,0.3389999999999998,0.0,-1.6497,2.7264,0.6212161440451667,0.0300000000000011,-0.0699999999999999,-19.44999999999999,0.013,0.0,0.2624,0.0,-0.6271,1.9904,0.6223956664377813,1.4210854715202004e-14,5.551115123125783e-17,-21.19999999999999
18.14099999889732,-0.1293,0.0,0.3286,0.0,-1.6378,2.7390000000000003,0.6212161440451667,0.0300000000000011,-0.0699999999999999,-19.44999999999999,0.0063,0.0,0.2739999999999998,0.0,-0.6152,1.9932,0.6223956664377813,1.4210854715202004e-14,5.551115123125783e-17,-21.19999999999999
18.15699999965728,-0.1503,0.0,0.3466,0.0,-1.6344,2.7316,0.6213229571984435,0.0300000000000011,-0.0699999999999999,-19.44999999999999,0.0087,0.0,0.261,0.0,-0.6167,1.9826,0.6223346303501945,1.4210854715202004e-14,5.551115123125783e-17,-21.19999999999999
18.18799999915064,-0.1412,0.0,0.3383999999999998,0.0,-1.6444,2.7268000000000003,0.6213382162203402,0.0300000000000011,-0.0699999999999999,-19.44999999999999,0.0109,0.0,0.2642,0.0,-0.6202,1.9807999999999997,0.6223346303501945,1.4210854715202004e-14,5.551115123125783e-17,-21.19999999999999
18.20299999974668,-0.1389,0.0,0.3382,0.0,-1.6345,2.7260000000000004,0.621399252307927,0.0300000000000011,-0.0699999999999999,-19.349999999999987,0.0076,0.0,0.2713999999999998,0.0,-0.6186,1.9884,0.6223346303501945,1.4210854715202004e-14,5.551115123125783e-17,-21.19999999999999
18.21900000050664,-0.1404,0.0,0.3352,0.0,-1.6493,2.7282,0.6216739147020676,0.0300000000000011,-0.0699999999999999,-19.349999999999987,0.0126,0.0,0.2642,0.0,-0.6327,1.9826,0.6223346303501945,1.4210854715202004e-14,5.551115123125783e-17,-21.19999999999999
18.23499999940396,-0.1276,0.0,0.3335999999999998,0.0,-1.6315,2.7266,0.621704432745861,0.0300000000000011,0.03,-19.349999999999987,0.0082,0.0,0.257,0.0,-0.6199,1.9884,0.6223346303501945,1.4210854715202004e-14,5.551115123125783e-17,-21.19999999999999
18.25,-0.1413,0.0,0.3348,0.0,-1.6445,2.7326,0.621750209811551,0.0300000000000011,0.03,-19.349999999999987,0.012,0.0,0.2648,0.0,-0.6212,1.9786,0.6225329976348516,1.4210854715202004e-14,5.551115123125783e-17,-21.19999999999999
18.26599999889732,-0.1407,0.0,0.3346,0.0,-1.6355,2.7238,0.621750209811551,0.0300000000000011,0.03,-19.349999999999987,0.0053,0.0,0.2611999999999996,0.0,-0.6103,1.979,0.6225482566567483,1.4210854715202004e-14,5.551115123125783e-17,-21.19999999999999
18.28199999965728,-0.142,0.0,0.3426,0.0,-1.6349,2.7182,0.6217807278553444,-0.0699999999999931,0.03,-19.349999999999987,0.0027,0.0,0.2582,0.0,-0.6144,1.9816,0.6225482566567483,1.4210854715202004e-14,5.551115123125783e-17,-21.19999999999999
18.29700000025332,-0.1504,0.0,0.3348,0.0,-1.6361,2.7264,0.6218417639429312,-0.0699999999999931,0.03,-19.349999999999987,0.0215,0.0,0.2674,-0.0006,-0.6047,1.9822,0.6225329976348516,1.4210854715202004e-14,5.551115123125783e-17,-21.19999999999999
18.32799999974668,-0.1409,0.0,0.3435999999999998,0.0,-1.6476,2.734,0.6218417639429312,-0.0699999999999931,0.03,-19.349999999999987,0.0,0.0,0.2627999999999996,0.0,-0.6238,1.992,0.6223498893720912,1.4210854715202004e-14,5.551115123125783e-17,-21.19999999999999
18.34400000050664,-0.147,0.0,0.3432,0.0,-1.6319,2.7164,0.6219638361181049,-0.0699999999999931,0.03,-19.349999999999987,0.0107,0.0,0.2642,-0.0044,-0.6245,1.9826,0.6223346303501945,1.4210854715202004e-14,5.551115123125783e-17,-21.19999999999999
18.35999999940396,-0.1409,0.0,0.3343999999999998,0.0,-1.6345,2.7236,0.6220706492713818,-0.0699999999999931,0.03,-19.349999999999987,0.0125,0.0,0.2566,0.0,-0.6197,1.9812,0.6222583352407111,1.4210854715202004e-14,5.551115123125783e-17,-21.19999999999999
18.375,-0.1284,0.0,0.3328,0.0,-1.6351,2.715,0.6220859082932785,-0.0699999999999931,0.03,-19.349999999999987,0.0097,0.0,0.2644,0.0,-0.6235,1.986,0.6222278171969177,1.4210854715202004e-14,5.551115123125783e-17,-21.19999999999999
18.40699999965728,-0.1484,0.0,0.3408,0.0,-1.6496,2.7226,0.6221011673151752,-0.0699999999999931,0.03,-19.349999999999987,0.008,0.0,0.268,0.0,-0.6177,1.979,0.622212558175021,1.4210854715202004e-14,5.551115123125783e-17,-21.19999999999999
18.42200000025332,-0.1436,0.0,0.33,0.0,-1.6438,2.7216,0.6221316853589686,-0.0699999999999931,0.03,-19.349999999999987,0.0129,0.0,0.2571999999999996,0.0,-0.6299,1.982,0.6221820401312276,1.4210854715202004e-14,5.551115123125783e-17,-21.19999999999999
18.43799999915064,-0.151,0.0,0.338,0.0,-1.6329,2.7108000000000003,0.6221316853589686,-0.0699999999999931,0.03,-19.349999999999987,0.0165,0.0,0.2693999999999996,0.0,-0.6231,1.9868,0.6221820401312276,1.4210854715202004e-14,5.551115123125783e-17,-21.19999999999999
18.45299999974668,-0.1441,0.0,0.342,0.0,-1.6389,2.7224,0.6221316853589686,-0.0699999999999931,0.03,-19.349999999999987,0.0131,0.0,0.2611999999999996,0.0,-0.6271,1.9754,0.6221820401312276,1.4210854715202004e-14,5.551115123125783e-17,-21.19999999999999
18.46900000050664,-0.1463,0.0,0.3332,0.0,-1.6374,2.727,0.6221316853589686,-0.0699999999999931,0.03,-19.249999999999982,0.0117,0.0,0.264,-0.0006,-0.6217,1.9814,0.6221820401312276,1.4210854715202004e-14,5.551115123125783e-17,-21.19999999999999
18.48499999940396,-0.1498,0.0,0.3349999999999996,0.0,-1.6275,2.715,0.6221774624246587,-0.0699999999999931,0.03,-19.249999999999982,0.013,0.0,0.263,0.0,-0.62,1.9842,0.6221820401312276,1.4210854715202004e-14,5.551115123125783e-17,-21.19999999999999
18.51599999889732,-0.1329,0.0,0.334,0.0,-1.6348,2.708,0.6223910887312124,-0.0699999999999931,0.03,-19.249999999999982,0.0082,0.0,0.2732,0.0,-0.6245,1.9896,0.622212558175021,1.4210854715202004e-14,5.551115123125783e-17,-21.19999999999999
18.53199999965728,-0.1376,0.0,0.3281999999999998,0.0,-1.6388,2.7148,0.6224368657969025,-0.0699999999999931,0.03,-19.249999999999982,0.0142,0.0,0.2722,0.0,-0.6135,1.9786,0.622212558175021,1.4210854715202004e-14,5.551115123125783e-17,-21.19999999999999
18.54700000025332,-0.1529,0.0,0.3337999999999998,0.0,-1.6374,2.716800000000001,0.622513160906386,-0.0699999999999931,0.03,-19.249999999999982,0.0011,0.0,0.267,-0.0025,-0.617,1.9766,0.622212558175021,1.4210854715202004e-14,5.551115123125783e-17,-21.19999999999999
18.56299999915064,-0.1435,0.0,0.3332,0.0,-1.6341,2.72,0.6225589379720761,-0.0699999999999931,0.03,-19.249999999999982,0.0035,0.0,0.264,0.0,-0.6174,1.9807999999999997,0.6221362630655375,1.4210854715202004e-14,5.551115123125783e-17,-21.19999999999999
18.57799999974668,-0.1469,0.0,0.3392,0.0,-1.6249,2.717,0.6225894560158695,-0.0699999999999931,0.03,-19.249999999999982,0.022,0.0,0.2749999999999996,0.0,-0.6186,1.9814,0.6220904859998474,1.4210854715202004e-14,5.551115123125783e-17,-21.19999999999999
18.59400000050664,-0.1465,0.0,0.3455999999999998,0.0,-1.6379,2.7042,0.6227267872129397,-0.0699999999999931,0.03,-19.249999999999982,0.002,0.0,0.2696,0.0,-0.6111,1.978,0.6220294499122606,1.4210854715202004e-14,5.551115123125783e-17,-21.19999999999999
18.60999999940396,-0.1395,0.0,0.3293999999999998,0.0,-1.6311,2.7186,0.6227267872129397,-0.0699999999999931,0.03,-19.249999999999982,0.006,0.0,0.267,0.0,-0.6179,1.9766,0.6220294499122606,1.4210854715202004e-14,5.551115123125783e-17,-21.19999999999999
18.64099999889732,-0.1312,0.0,0.3326,0.0,-1.6397,2.7164,0.6227878233005265,-0.0699999999999931,0.03,-19.249999999999982,0.0164,0.0,0.268,0.0,-0.6246,1.9824,0.6220141908903639,1.4210854715202004e-14,5.551115123125783e-17,-21.19999999999999
18.65699999965728,-0.1465,0.0,0.3286,0.0,-1.6355,2.7216,0.6228030823224232,-0.0699999999999931,0.03,-19.249999999999982,0.0161,0.0,0.2736,0.0,-0.6213,1.9722,0.6220141908903639,1.4210854715202004e-14,5.551115123125783e-17,-21.19999999999999
18.67200000025332,-0.1456,0.0,0.3321999999999998,0.0,-1.6358,2.7164,0.6228183413443199,-0.0699999999999931,0.03,-19.249999999999982,0.0033,0.0,0.2677999999999998,0.0,-0.6181,1.979,0.6220141908903639,1.4210854715202004e-14,5.551115123125783e-17,-21.19999999999999
18.68799999915064,-0.1399,0.0,0.3374,0.0,-1.6446,2.7226,0.6228793774319067,-0.0699999999999931,0.03,-19.249999999999982,0.0046,0.0,0.2752,0.0,-0.6263,1.988,0.6220141908903639,1.4210854715202004e-14,5.551115123125783e-17,-21.19999999999999
18.70299999974668,-0.1393,0.0,0.3369999999999998,0.0,-1.6483,2.7124,0.6228946364538034,-0.0699999999999931,0.03,-19.249999999999982,0.0165,0.0,0.2688,-0.0023,-0.6226,1.9828,0.6220141908903639,1.4210854715202004e-14,5.551115123125783e-17,-21.19999999999999
18.71900000050664,-0.1326,0.0,0.3217999999999998,0.0,-1.6318,2.7154,0.6229709315632869,0.0300000000000011,-0.0699999999999999,-19.349999999999987,0.0023,0.0,0.262,0.0,-0.6159,1.9910000000000003,0.6220141908903639,1.4210854715202004e-14,5.551115123125783e-17,-21.19999999999999
18.75,-0.1334,0.0,0.3354,0.0,-1.6165,2.7048,0.6230319676508737,0.0300000000000011,-0.0699999999999999,-19.349999999999987,0.0081,0.0,0.2597999999999998,0.0,-0.6229,1.9732,0.6220141908903639,1.4210854715202004e-14,5.551115123125783e-17,-21.19999999999999
18.76599999889732,-0.1484,0.0,0.3438,0.0,-1.627,2.7098,0.6230319676508737,0.0300000000000011,-0.0699999999999999,-19.349999999999987,0.0116,0.0,0.261,0.0,-0.6201,1.9792,0.6220141908903639,1.4210854715202004e-14,5.551115123125783e-17,-21.19999999999999
18.78199999965728,-0.1325,0.0,0.3321999999999998,0.0,-1.6395,2.707,0.6230930037384604,0.0300000000000011,-0.0699999999999999,-19.349999999999987,0.0164,0.0,0.2686,0.0,-0.6188,1.9664,0.6220141908903639,1.4210854715202004e-14,5.551115123125783e-17,-21.19999999999999
18.79700000025332,-0.1399,0.0,0.3257999999999998,0.0,-1.6335,2.7104,0.6230930037384604,0.0300000000000011,-0.0699999999999999,-19.349999999999987,0.0033,0.0,0.2634,0.0,-0.624,1.9768,0.6220141908903639,1.4210854715202004e-14,5.551115123125783e-17,-21.19999999999999
18.81299999915064,-0.1446,0.0,0.3286,0.0,-1.6395,2.711,0.6230930037384604,0.0300000000000011,-0.0699999999999999,-19.349999999999987,0.0054,0.0,0.2674,0.0,-0.628,1.9796,0.6220294499122606,1.4210854715202004e-14,5.551115123125783e-17,-21.19999999999999
18.82799999974668,-0.1494,0.0,0.3374,0.0,-1.6377,2.7004,0.6230930037384604,0.0300000000000011,-0.0699999999999999,-19.349999999999987,0.0115,0.0,0.2615999999999998,0.0,-0.6282,1.9782,0.6220294499122606,1.4210854715202004e-14,5.551115123125783e-17,-21.19999999999999
18.84400000050664,-0.1492,0.0,0.3335999999999998,0.0,-1.6397,2.698400000000001,0.6230930037384604,0.0300000000000011,-0.0699999999999999,-19.349999999999987,0.0217,0.0,0.2756,0.0,-0.6238,1.9758,0.6220294499122606,1.4210854715202004e-14,5.551115123125783e-17,-21.19999999999999
18.85999999940396,-0.1369,0.0,0.3312,0.0,-1.6232,2.7126,0.6230930037384604,0.0300000000000011,-0.0699999999999999,-19.349999999999987,0.0086,0.0,0.264,0.0,-0.6209,1.9898,0.6218768596932936,1.4210854715202004e-14,5.551115123125783e-17,-21.19999999999999
18.89099999889732,-0.144,0.0,0.334,0.0,-1.6289,2.712,0.6230930037384604,0.0300000000000011,-0.0699999999999999,-19.349999999999987,0.0113,0.0,0.2674,0.0,-0.6295,1.978,0.621861600671397,1.4210854715202004e-14,5.551115123125783e-17,-21.19999999999999
18.90699999965728,-0.1471,0.0,0.3334,0.0,-1.6264,2.7036,0.6232608529793241,0.0300000000000011,-0.0699999999999999,-19.349999999999987,0.0155,0.0,0.2713999999999998,0.0,-0.6142,1.9748,0.621861600671397,1.4210854715202004e-14,5.551115123125783e-17,-21.19999999999999
18.92200000025332,-0.1491,0.0,0.3335999999999998,0.0,-1.6315,2.7088,0.6232913710231175,0.0300000000000011,-0.0699999999999999,-19.349999999999987,0.0085,0.0,0.2786,-0.0007,-0.6223,1.9776,0.621861600671397,1.4210854715202004e-14,5.551115123125783e-17,-21.19999999999999
18.93799999915064,-0.1331,0.0,0.334,0.0,-1.6401,2.7066000000000003,0.6234287022201878,0.0300000000000011,-0.0699999999999999,-19.349999999999987,0.0134,0.0,0.2577999999999998,0.0,-0.6266,1.9804,0.621861600671397,1.4210854715202004e-14,5.551115123125783e-17,-21.19999999999999
19.0,-0.1435,0.0,0.327,0.0,-1.6296,2.7088,0.6234897383077745,0.0300000000000011,-0.0699999999999999,-19.44999999999999,0.0097,0.0,0.2624,0.0,-0.6143,1.9792,0.621861600671397,1.4210854715202004e-14,5.551115123125783e-17,-21.19999999999999
19.01599999889732,-0.1468,0.0,0.328,0.0,-1.6407,2.7146000000000003,0.6234897383077745,0.0300000000000011,-0.0699999999999999,-19.44999999999999,0.0206,0.0,0.2728,0.0,-0.6302,1.989,0.621861600671397,1.4210854715202004e-14,5.551115123125783e-17,-21.19999999999999
19.03199999965728,-0.1504,0.0,0.3236,0.0,-1.6223,2.7007999999999996,0.6234897383077745,0.0300000000000011,-0.0699999999999999,-19.44999999999999,0.0094,0.0,0.269,-0.0013,-0.6124,1.972,0.621861600671397,1.4210854715202004e-14,5.551115123125783e-17,-21.19999999999999
19.04700000025332,-0.148,0.0,0.3412,0.0,-1.6189,2.7052,0.6235202563515679,0.0300000000000011,-0.0699999999999999,-19.44999999999999,0.0135,0.0,0.2693999999999996,0.0,-0.614,1.9708,0.621861600671397,1.4210854715202004e-14,5.551115123125783e-17,-21.19999999999999
19.06299999915064,-0.1406,0.0,0.3277999999999998,0.0,-1.6235,2.703,0.6235202563515679,0.1299999999999954,-0.0699999999999999,-19.44999999999999,0.0125,0.0,0.2671999999999996,-0.0034,-0.6217,1.9836,0.6218921187151903,1.4210854715202004e-14,5.551115123125783e-17,-21.19999999999999
19.07799999974668,-0.1433,0.0,0.3321999999999998,0.0,-1.6416,2.7026,0.6235507743953613,0.1299999999999954,-0.0699999999999999,-19.44999999999999,0.0039,0.0,0.2642,0.0,-0.6213,1.9784,0.6219226367589837,1.4210854715202004e-14,5.551115123125783e-17,-21.19999999999999
19.09400000050664,-0.1501,0.0,0.3342,0.0,-1.6276,2.6964,0.6235965514610514,0.1299999999999954,-0.0699999999999999,-19.44999999999999,0.0099,0.0,0.2719999999999998,0.0,-0.6243,1.9766,0.6218768596932936,1.4210854715202004e-14,5.551115123125783e-17,-21.19999999999999
19.125,-0.1438,0.0,0.3306,0.0,-1.6094,2.677,0.6236728465705349,0.1299999999999954,-0.0699999999999999,-19.44999999999999,0.015,0.0,0.2657999999999998,0.0,-0.6219,1.9818,0.6218768596932936,1.4210854715202004e-14,5.551115123125783e-17,-21.19999999999999
19.14099999889732,-0.1389,0.0,0.3174,0.0,-1.5486,2.5272,0.6236728465705349,0.0300000000000011,-0.0699999999999999,-19.44999999999999,0.0097,0.0,0.2617999999999998,0.0,-0.6135,1.9754,0.6218768596932936,1.4210854715202004e-14,5.551115123125783e-17,-21.19999999999999
19.15699999965728,-0.1384,0.0,0.3046,-0.013,-1.4069,2.309800000000001,0.6236728465705349,0.0300000000000011,-0.0699999999999999,-19.54999999999999,0.0,0.0,0.1582,0.0,-0.4431,1.7232,0.6216937514305333,-0.0999999999999943,5.551115123125783e-17,-21.099999999999994
19.18799999915064,-0.1482,0.0,0.2896,-0.1082,-1.2494,2.0728,0.6198275730525673,-0.0699999999999931,-0.0699999999999999,-19.54999999999999,0.0,0.0,0.1132,0.0,-0.3497,1.5118,0.6188250553139544,-0.1999999999999886,5.551115123125783e-17,-21.099999999999994
19.20299999974668,-0.1664,0.0,0.2608,-0.1679,-1.0495,1.7994,0.6098481727321279,-0.0699999999999931,-0.0699999999999999,-19.54999999999999,0.0,0.0,0.0971999999999996,0.0,-0.2757,1.3528000000000002,0.5912214847028305,-0.1999999999999886,5.551115123125783e-17,-21.19999999999999
19.21900000050664,-0.1455,0.0,0.2064,-0.1505,-0.8641,1.5252,0.5989074540321966,0.0300000000000011,-0.0699999999999999,-19.54999999999999,0.0,0.0,0.0572,0.0,-0.2056,1.1228,0.5566445410849165,-0.1999999999999886,5.551115123125783e-17,-21.19999999999999
19.23499999940396,-0.1057,0.0,0.1409999999999996,-0.0916,-0.7799,1.3246,0.5916899366750592,0.0300000000000011,-0.0699999999999999,-19.54999999999999,0.0,0.0,0.0179999999999996,0.0,-0.186,1.0122,0.5238529030289159,-0.2999999999999971,5.551115123125783e-17,-21.19999999999999
19.25,-0.111,0.0,0.1376,-0.1666,-0.8209,1.3097999999999999,0.5916899366750592,-0.0699999999999931,-0.0699999999999999,-19.54999999999999,0.0,0.0,0.0105999999999996,0.0,-0.1831,0.9452000000000002,0.5238529030289159,-0.2999999999999971,5.551115123125783e-17,-21.19999999999999
19.26599999889732,-0.1241,0.0,0.1107999999999996,-0.2258,-0.7421,1.2404,0.5733791103990235,-0.0699999999999931,-0.0699999999999999,-19.54999999999999,0.0,0.0,0.0,0.0,-0.184,0.9668,0.5195803768978408,-0.3999999999999915,5.551115123125783e-17,-21.19999999999999
19.28199999965728,-0.1058,0.0,0.0684,-0.1208,-0.6896,1.0816,0.5556023498893721,0.0300000000000011,-0.0699999999999999,-19.54999999999999,0.0,0.0,0.0,0.0,-0.1419,0.9654000000000001,0.4605737392233158,-0.3999999999999915,5.551115123125783e-17,-21.19999999999999
19.31299999915064,-0.0505,0.0,0.0218,-0.0148,-0.6017,0.92,0.3180041199359121,0.0300000000000011,-0.0699999999999999,-19.54999999999999,0.0,0.0,0.0,0.0,-0.1088,0.7592,0.3057404440375372,-0.3999999999999915,5.551115123125783e-17,-21.19999999999999
19.32799999974668,-0.0365,0.0,0.0,0.0,-0.5589,0.8106,0.2646433203631647,0.1299999999999954,-0.0699999999999999,-19.54999999999999,0.0,0.0,0.0,0.0,-0.0825,0.6298,0.2732234683756771,-0.3999999999999915,5.551115123125783e-17,-21.19999999999999
19.34400000050664,-0.0116,0.0,0.0,0.0,-0.5171,0.7498,0.2060334172579537,0.1299999999999954,-0.1699999999999999,-19.649999999999984,0.0,0.0,0.0,0.0,-0.0751,0.533,0.2624963759822995,-0.3999999999999915,5.551115123125783e-17,-21.19999999999999
19.35999999940396,0.0,0.0,0.0,0.0,-0.4924,0.6956,0.1818326085297932,0.2300000000000039,-0.1699999999999999,-19.649999999999984,0.0,0.0,0.0,0.0,-0.0442,0.4807999999999998,0.1609170672159914,-0.3999999999999915,5.551115123125783e-17,-21.19999999999999
19.375,0.0,0.0,0.0,0.0,-0.4249,0.6328,0.1192858777752346,0.2300000000000039,-0.1699999999999999,-19.649999999999984,0.0,0.0,0.0,0.0,-0.0307,0.425,0.151990539406424,-0.3999999999999915,5.551115123125783e-17,-21.19999999999999
19.39099999889732,0.0,0.0,0.0,0.0,-0.3881,0.6016,0.1099931334401465,0.2300000000000039,-0.1699999999999999,-19.649999999999984,0.0,0.0,0.0,0.0,-0.0143,0.3746,0.1230594338902876,-0.3999999999999915,5.551115123125783e-17,-21.19999999999999
19.40699999965728,0.0,0.0,0.0,0.0,-0.3589,0.5368,0.1084367132066834,0.2300000000000039,-0.1699999999999999,-19.649999999999984,0.0,0.0,0.0,0.0,-0.0063,0.3486,0.1165590905622949,-0.3999999999999915,5.551115123125783e-17,-21.19999999999999
19.43799999915064,0.0,0.0,0.0,0.0,-0.3456,0.4921999999999998,0.1050949874113069,0.2300000000000039,-0.1699999999999999,-19.649999999999984,0.0,0.0,0.0,0.0,0.0,0.3056,0.1106843671320668,-0.2999999999999971,5.551115123125783e-17,-21.19999999999999
19.45299999974668,0.0,0.0,0.0,0.0,-0.3187,0.4454,0.1040421149004349,0.3299999999999983,-0.1699999999999999,-19.749999999999982,0.0,0.0,0.0,0.0,0.0,0.2782,0.101376363775082,-0.2999999999999971,5.551115123125783e-17,-21.19999999999999
19.46900000050664,0.0,0.0,0.0,0.0,-0.3045,0.4146,0.1021347371633478,0.3299999999999983,-0.1699999999999999,-19.749999999999982,0.0,0.0,0.0,0.0,0.0,0.2534,0.0992248416876478,-0.2999999999999971,5.551115123125783e-17,-21.19999999999999
19.48499999940396,0.0,0.0,0.0,0.0,-0.2821,0.3776,0.101371786068513,0.3299999999999983,-0.1699999999999999,-19.749999999999982,0.0,0.0,0.0,0.0,0.0,0.2231999999999998,0.0965392538338292,-0.2999999999999971,5.551115123125783e-17,-21.19999999999999
19.5,0.0,0.0,0.0,0.0,-0.2648,0.3512,0.1001205462729839,0.3299999999999983,-0.1699999999999999,-19.749999999999982,0.0,0.0,0.0,0.0,0.0,0.1928,0.0950591287098497,-0.2999999999999971,5.551115123125783e-17,-21.19999999999999
19.51599999889732,0.0,0.0,0.0,0.0,-0.2502,0.3194,0.0994949263752193,0.3299999999999983,-0.1699999999999999,-19.749999999999982,0.0,0.0,0.0,0.0,0.0,0.1757999999999998,0.0937163347829404,-0.2999999999999971,5.551115123125783e-17,-21.19999999999999
19.53199999965728,0.0,0.0,0.0,0.0,-0.2319,0.2942,0.0981826504921034,0.4300000000000068,-0.1699999999999999,-19.849999999999987,0.0,0.0,0.0,0.0,0.0,0.1602,0.092175173571374,-0.2999999999999971,5.551115123125783e-17,-21.19999999999999
19.54700000025332,0.0,0.0,0.0,0.0,-0.2259,0.2822,0.0975570305943389,0.4300000000000068,-0.1699999999999999,-19.849999999999987,0.0,0.0,0.0,0.0,0.0,0.1469999999999998,0.0913511863889524,-0.2999999999999971,5.551115123125783e-17,-21.19999999999999
19.57799999974668,0.0,0.0,0.0,0.0,-0.2053,0.2472,0.0968856336308842,0.4300000000000068,-0.1699999999999999,-19.849999999999987,0.0,0.0,0.0,0.0,0.0,0.1323999999999996,0.0902983138780804,-0.2999999999999971,5.551115123125783e-17,-21.19999999999999
19.59400000050664,0.0,0.0,0.0,0.0,-0.1957,0.2283999999999996,0.0963973449301899,0.4300000000000068,-0.1699999999999999,-19.849999999999987,0.0,0.0,0.0,0.0,0.0,0.1166,0.0891996643015182,-0.2999999999999971,5.551115123125783e-17,-21.19999999999999
19.60999999940396,0.0,0.0,0.0,0.0,-0.1943,0.2141999999999998,0.0960616464484626,0.4300000000000068,-0.1699999999999999,-19.849999999999987,0.0,0.0,0.0,0.0,0.0,0.0833999999999998,0.0885893034256504,-0.2999999999999971,5.551115123125783e-17,-21.19999999999999
19.625,0.0,0.0,0.0,0.0,-0.1812,0.2016,0.0957106889448386,0.4300000000000068,-0.1699999999999999,-19.849999999999987,0.0,0.0,0.0,0.0,0.0,0.0883999999999998,0.0875822079804684,-0.2999999999999971,5.551115123125783e-17,-21.19999999999999
19.64099999889732,0.0,0.0,0.0,0.0,-0.1803,0.1829999999999996,0.095390249485008,0.4300000000000068,-0.1699999999999999,-19.849999999999987,0.0,0.0,0.0,0.0,0.0,0.0661999999999996,0.0868955519951171,-0.2999999999999971,5.551115123125783e-17,-21.19999999999999
19.65699999965728,0.0,0.0,0.0,0.0,-0.1513,0.1605999999999996,0.0950850690470741,0.4300000000000068,-0.1699999999999999,-19.849999999999987,0.0,0.0,0.0,0.0,0.0,0.0587999999999996,0.0862241550316624,-0.2999999999999971,5.551115123125783e-17,-21.19999999999999
19.68799999915064,0.0,0.0,0.0,0.0,-0.1633,0.1582,0.0947493705653467,0.4300000000000068,-0.1699999999999999,-19.849999999999987,0.0,0.0,0.0,0.0,0.0,0.0423999999999996,0.0857663843747615,-0.2999999999999971,5.551115123125783e-17,-21.299999999999983
19.70299999974668,0.0,0.0,0.0,0.0,-0.1445,0.1282,0.09473411154345,0.4300000000000068,-0.1699999999999999,-19.849999999999987,0.0,0.0,0.0,0.0,0.0,0.0309999999999996,0.0851865415426871,-0.2999999999999971,5.551115123125783e-17,-21.299999999999983
19.71900000050664,0.0,0.0,0.0,0.0,-0.1494,0.1246,0.0946272983901732,0.4300000000000068,-0.1699999999999999,-19.849999999999987,0.0,0.0,0.0,0.0,0.0,0.0215999999999998,0.084484626535439,-0.2999999999999971,5.551115123125783e-17,-21.299999999999983
19.73499999940396,0.0,0.0,0.0,0.0,-0.1337,0.1102,0.0942000457770657,0.5300000000000011,-0.1699999999999999,-19.849999999999987,0.0,0.0,0.0,0.0,0.0,0.0,0.0831418326085298,-0.1999999999999886,5.551115123125783e-17,-21.299999999999983
19.75,0.0,0.0,0.0,0.0,-0.1241,0.0922,0.0940474555580987,0.5300000000000011,-0.1699999999999999,-19.849999999999987,0.0,0.0,0.0,0.0,0.0,0.0,0.0827450980392157,-0.1999999999999886,5.551115123125783e-17,-21.299999999999983
19.76599999889732,0.0,0.0,0.0,0.0,-0.1197,0.0852,0.0939406424048218,0.5300000000000011,-0.1699999999999999,-19.849999999999987,0.0,0.0,0.0,0.0,0.0,0.0,0.0827603570611124,-0.1999999999999886,5.551115123125783e-17,-21.299999999999983
19.78199999965728,0.0,0.0,0.0,0.0,-0.1136,0.0833999999999998,0.0939406424048218,0.5300000000000011,-0.1699999999999999,-19.849999999999987,0.0,0.0,0.0,0.0,0.0,0.0,0.0827603570611124,-0.1999999999999886,5.551115123125783e-17,-21.299999999999983
19.81299999915064,0.0,0.0,0.0,0.0,-0.1129,0.0651999999999996,0.0939406424048218,0.5300000000000011,-0.1699999999999999,-19.849999999999987,0.0,0.0,0.0,0.0,0.0,0.0,0.0827450980392157,-0.1999999999999886,5.551115123125783e-17,-21.299999999999983
19.82799999974668,0.0,0.0,0.0,0.0,-0.1046,0.057,0.0938948653391317,0.5300000000000011,-0.1699999999999999,-19.849999999999987,0.0,0.0,0.0,0.0,0.0,0.0,0.0826688029297322,-0.1999999999999886,5.551115123125783e-17,-21.299999999999983
19.84400000050664,0.0,0.0,0.0,0.0,-0.0997,0.0472,0.0938948653391317,0.5300000000000011,-0.1699999999999999,-19.849999999999987,0.0,0.0,0.0,0.0,0.0,0.0,0.0826688029297322,-0.1999999999999886,5.551115123125783e-17,-21.299999999999983
19.85999999940396,0.0,0.0,0.0,0.0,-0.0861,0.0417999999999996,0.0938948653391317,0.5300000000000011,-0.1699999999999999,-19.849999999999987,0.0,0.0,0.0,0.0,0.0,0.0,0.0826688029297322,-0.1999999999999886,5.551115123125783e-17,-21.299999999999983
19.875,0.0,0.0,0.0,0.0,-0.0786,0.0268,0.0939253833829251,0.5300000000000011,-0.1699999999999999,-19.849999999999987,0.0,0.0,0.0,0.0,0.0,0.0,0.0826688029297322,-0.0999999999999943,5.551115123125783e-17,-21.299999999999983
19.89099999889732,0.0,0.0,0.0,0.0,-0.093,0.0268,0.0939253833829251,0.5300000000000011,-0.1699999999999999,-19.849999999999987,0.0,0.0,0.0,0.0,0.0,0.0,0.0826688029297322,-0.0999999999999943,5.551115123125783e-17,-21.299999999999983
19.90699999965728,0.0,0.0,0.0,0.0,-0.0781,0.0149999999999996,0.0939253833829251,0.5300000000000011,-0.1699999999999999,-19.849999999999987,0.0,0.0,0.0,0.0,0.0,0.0,0.0826840619516289,-0.0999999999999943,5.551115123125783e-17,-21.299999999999983
19.92200000025332,0.0,0.0,0.0,0.0,-0.0759,0.0104,0.0939711604486152,0.5300000000000011,-0.1699999999999999,-19.849999999999987,0.0,0.0,0.0,0.0,0.0,0.0,0.0831570916304265,-0.1999999999999886,5.551115123125783e-17,-21.299999999999983
19.93799999915064,0.0,0.0,0.0,0.0,-0.0709,0.0046,0.0939711604486152,0.5300000000000011,-0.1699999999999999,-19.849999999999987,0.0,0.0,0.0,0.0,0.0,0.0,0.0826840619516289,-0.1999999999999886,5.551115123125783e-17,-21.299999999999983
19.95299999974668,0.0,0.0,0.0,0.0,-0.0745,0.0,0.0939253833829251,0.5300000000000011,-0.1699999999999999,-19.849999999999987,0.0,0.0,0.0,0.0,0.0,0.0,0.0807003891050583,-0.1999999999999886,5.551115123125783e-17,-21.299999999999983
19.98499999940396,0.0,0.0,0.0,0.0,-0.0712,0.0,0.0938490882734417,0.5300000000000011,-0.1699999999999999,-19.849999999999987,0.0,0.0,0.0,0.0,0.0,0.0,0.0827450980392157,-0.1999999999999886,5.551115123125783e-17,-21.299999999999983
20.0,0.0,0.0,0.0,0.0,-0.0736,0.0,0.0937880521858549,0.5300000000000011,-0.1699999999999999,-19.849999999999987,0.0,0.0,0.0,0.0,0.0,0.0,0.0845609216449225,-0.1999999999999886,5.551115123125783e-17,-21.299999999999983
20.01599999889732,0.0,0.0,0.0,0.0,-0.0531,0.0,0.0937575341420615,0.5300000000000011,-0.1699999999999999,-19.849999999999987,0.0,0.0,0.0,0.0,0.0,0.0,0.0827756160830091,-0.1999999999999886,5.551115123125783e-17,-21.299999999999983
20.03199999965728,0.0,0.0,0.0,0.0,-0.059,0.0,0.0937575341420615,0.5300000000000011,-0.1699999999999999,-19.849999999999987,0.0,0.0,0.0,0.0,0.0,0.0,0.0827450980392157,-0.1999999999999886,5.551115123125783e-17,-21.299999999999983
20.04700000025332,0.0,0.0,0.0,0.0,-0.0481,0.0,0.0937575341420615,0.5300000000000011,-0.1699999999999999,-19.849999999999987,0.0,0.0,0.0,0.0,0.0,0.0,0.081921110856794,-0.1999999999999886,5.551115123125783e-17,-21.299999999999983
20.06299999915064,0.0,0.0,0.0,0.0,-0.0475,0.0,0.0937575341420615,0.5300000000000011,-0.1699999999999999,-19.849999999999987,0.0,0.0,0.0,0.0,0.0,0.0,0.081921110856794,-0.1999999999999886,5.551115123125783e-17,-21.299999999999983
20.07799999974668,0.0,0.0,0.0,0.0,-0.0526,0.0,0.0937880521858549,0.5300000000000011,-0.1699999999999999,-19.849999999999987,0.0,0.0,0.0,0.0,0.0,0.0,0.081921110856794,-0.1999999999999886,5.551115123125783e-17,-21.299999999999983
20.09400000050664,0.0,0.0,0.0,0.0,-0.0573,0.0,0.0938033112077516,0.5300000000000011,-0.1699999999999999,-19.849999999999987,0.0,0.0,0.0,0.0,0.0,0.0,0.0831570916304265,-0.1999999999999886,5.551115123125783e-17,-21.299999999999983
20.10999999940396,0.0,0.0,0.0,0.0,-0.0347,0.0,0.0938643472953384,0.5300000000000011,-0.1699999999999999,-19.849999999999987,0.0,0.0,0.0,0.0,0.0,0.0,0.0831570916304265,-0.1999999999999886,5.551115123125783e-17,-21.299999999999983
20.125,0.0,0.0,0.0,0.0,-0.0265,0.0,0.0939101243610284,0.5300000000000011,-0.1699999999999999,-19.849999999999987,0.0,0.0,0.0,0.0,0.0,0.0,0.0830350194552529,-0.1999999999999886,5.551115123125783e-17,-21.299999999999983
20.14099999889732,0.0,0.0,0.0,0.0,-0.0322,0.0,0.0940474555580987,0.5300000000000011,-0.1699999999999999,-19.849999999999987,0.0,0.0,0.0,0.0,0.0,0.0,0.0833401998931868,-0.1999999999999886,5.551115123125783e-17,-21.299999999999983
20.17200000025332,0.0,0.0,0.0,0.0,-0.0273,0.0,0.0940016784924086,0.4300000000000068,-0.1699999999999999,-19.849999999999987,0.0,0.0,0.0,0.0,0.0,0.0,0.0833859769588769,-0.1999999999999886,5.551115123125783e-17,-21.299999999999983
20.18799999915064,0.0,0.0,0.0,0.0,-0.0394,0.0,0.0971450370031281,0.4300000000000068,-0.1699999999999999,-19.849999999999987,0.0,0.0,0.0,0.0,0.0,0.0,0.0835690852216373,-0.1999999999999886,5.551115123125783e-17,-21.299999999999983
20.20299999974668,0.0,0.0,0.0,0.0,-0.0316,0.0,0.0940016784924086,0.4300000000000068,-0.1699999999999999,-19.849999999999987,0.0,0.0,0.0,0.0,0.0,0.0,0.0835690852216373,-0.1999999999999886,5.551115123125783e-17,-21.299999999999983
20.21900000050664,0.0,0.0,0.0,0.0,-0.0156,0.0,0.0940169375143053,0.4300000000000068,-0.1699999999999999,-19.849999999999987,0.0,0.0,0.0,0.0,0.0,0.0,0.0835690852216373,-0.1999999999999886,5.551115123125783e-17,-21.299999999999983
20.23499999940396,0.0,0.0,0.0,0.0,-0.0262,0.0,0.094032196536202,0.4300000000000068,-0.1699999999999999,-19.849999999999987,0.0,0.0,0.0,0.0,0.0,0.0,0.0835690852216373,-0.1999999999999886,5.551115123125783e-17,-21.299999999999983
20.25,0.0,0.0,0.0,0.0,-0.0138,0.0,0.0940169375143053,0.4300000000000068,-0.1699999999999999,-19.849999999999987,0.0,0.0,0.0,0.0,0.0,0.0,0.083584344243534,-0.1999999999999886,5.551115123125783e-17,-21.299999999999983
20.26599999889732,0.0,0.0,0.0,0.0,-0.0254,0.0,0.0940474555580987,0.4300000000000068,-0.1699999999999999,-19.849999999999987,0.0,0.0,0.0,0.0,0.0,0.0,0.0837216754406042,-0.1999999999999886,5.551115123125783e-17,-21.299999999999983
20.28199999965728,0.0,0.0,0.0,0.0,-0.0081,0.0,0.094383154039826,0.4300000000000068,-0.1699999999999999,-19.849999999999987,0.0,0.0,0.0,0.0,0.0,0.0,0.0837369344625009,-0.1999999999999886,5.551115123125783e-17,-21.299999999999983
20.29700000025332,0.0,0.0,0.0,0.0,-0.0125,0.0,0.094383154039826,0.4300000000000068,-0.1699999999999999,-19.849999999999987,0.0,0.0,0.0,0.0,0.0,0.0,0.0837369344625009,-0.1999999999999886,5.551115123125783e-17,-21.299999999999983
20.31299999915064,0.0,0.0,0.0,0.0,-0.0039,0.0,0.0945052262149996,0.4300000000000068,-0.1699999999999999,-19.849999999999987,0.0,0.0,0.0,0.0,0.0,0.0,0.0837369344625009,-0.1999999999999886,5.551115123125783e-17,-21.299999999999983
20.32799999974668,0.0,0.0,0.0,0.0,-0.0069,0.0,0.0945052262149996,0.4300000000000068,-0.1699999999999999,-19.849999999999987,0.0,0.0,0.0,0.0,0.0,0.0,0.0837369344625009,-0.1999999999999886,5.551115123125783e-17,-21.299999999999983
20.35999999940396,0.0,0.0,0.0,0.0,-0.0085,0.0,0.0945052262149996,0.4300000000000068,-0.1699999999999999,-19.849999999999987,0.0,0.0,0.0,0.0,0.0,0.0,0.083782711528191,-0.1999999999999886,5.551115123125783e-17,-21.299999999999983
20.375,0.0,0.0,0.0,0.0,-0.0089,0.0,0.0945510032806897,0.4300000000000068,-0.1699999999999999,-19.849999999999987,0.0,0.0,0.0,0.0,0.0,0.0,0.0837979705500877,-0.1999999999999886,5.551115123125783e-17,-21.299999999999983
20.39099999889732,0.0,0.0,0.0,0.0,-0.0108,0.0,0.0945815213244831,0.4300000000000068,-0.1699999999999999,-19.849999999999987,0.0,0.0,0.0,0.0,0.0,0.0,0.0838132295719844,-0.1999999999999886,5.551115123125783e-17,-21.299999999999983
20.40699999965728,0.0,0.0,0.0,0.0,-0.0046,0.0,0.0945510032806897,0.4300000000000068,-0.1699999999999999,-19.849999999999987,0.0,0.0,0.0,0.0,0.0,0.0,0.083935301747158,-0.1999999999999886,5.551115123125783e-17,-21.299999999999983
20.42200000025332,0.0,0.0,0.0,0.0,0.0,0.0,0.0945510032806897,0.4300000000000068,-0.1699999999999999,-19.849999999999987,0.0,0.0,0.0,0.0,0.0,0.0,0.0839505607690547,-0.1999999999999886,5.551115123125783e-17,-21.299999999999983
20.43799999915064,0.0,0.0,0.0,0.0,-0.0028,0.0,0.0945815213244831,0.4300000000000068,-0.1699999999999999,-19.849999999999987,0.0,0.0,0.0,0.0,0.0,0.0,0.0839505607690547,-0.1999999999999886,5.551115123125783e-17,-21.299999999999983
20.45299999974668,0.0,0.0,0.0,0.0,-0.0034,0.0,0.0947646295872434,0.4300000000000068,-0.1699999999999999,-19.849999999999987,0.0,0.0,0.0,0.0,0.0,0.0,0.0840726329442282,-0.1999999999999886,5.551115123125783e-17,-21.299999999999983
20.46900000050664,0.0,0.0,0.0,0.0,-0.0026,0.0,0.0948714427405203,0.4300000000000068,-0.1699999999999999,-19.849999999999987,0.0,0.0,0.0,0.0,0.0,0.0,0.0840878919661249,-0.1999999999999886,5.551115123125783e-17,-21.299999999999983
20.48499999940396,0.0,0.0,0.0,0.0,0.0,0.0,0.0948714427405203,0.4300000000000068,-0.1699999999999999,-19.849999999999987,0.0,0.0,0.0,0.0,0.0,0.0,0.0840878919661249,-0.1999999999999886,5.551115123125783e-17,-21.299999999999983
20.5,0.0,0.0,0.0,0.0,0.0,0.0,0.0949324788281071,0.4300000000000068,-0.1699999999999999,-19.849999999999987,0.0,0.0,0.0,0.0,0.0,0.0,0.0841489280537117,-0.1999999999999886,5.551115123125783e-17,-21.299999999999983
20.51599999889732,0.0,0.0,0.0,0.0,0.0,0.0,0.0950087739375906,0.4300000000000068,-0.1699999999999999,-19.849999999999987,0.0,0.0,0.0,0.0,0.0,0.0,0.0841947051194018,-0.1999999999999886,5.551115123125783e-17,-21.299999999999983
20.53199999965728,0.0,0.0,0.0,0.0,0.0,0.0,0.0950087739375906,0.4300000000000068,-0.1699999999999999,-19.849999999999987,0.0,0.0,0.0,0.0,0.0,0.0,0.084286259250782,-0.1999999999999886,5.551115123125783e-17,-21.299999999999983
20.56299999915064,0.0,0.0,0.0,0.0,0.0,0.0,0.0950850690470741,0.3299999999999983,-0.1699999999999999,-19.849999999999987,0.0,0.0,0.0,0.0,0.0,0.0,0.0843472953383688,-0.1999999999999886,5.551115123125783e-17,-21.299999999999983
20.57799999974668,0.0,0.0,0.0,0.0,0.0,0.0,0.0950850690470741,0.3299999999999983,-0.1699999999999999,-19.849999999999987,0.0,0.0,0.0,0.0,0.0,0.0,0.0843778133821622,-0.1999999999999886,5.551115123125783e-17,-21.299999999999983
20.59400000050664,0.0,0.0,0.0,0.0,0.0,0.0,0.0954207675288014,0.3299999999999983,-0.1699999999999999,-19.849999999999987,0.0,0.0,0.0,0.0,0.0,0.0,0.0844083314259556,-0.1999999999999886,5.551115123125783e-17,-21.299999999999983
20.60999999940396,0.0,0.0,0.0,0.0,0.0,0.0,0.0955123216601816,0.3299999999999983,-0.1699999999999999,-19.849999999999987,0.0,0.0,0.0,0.0,0.0,0.0,0.084438849469749,-0.1999999999999886,5.551115123125783e-17,-21.299999999999983
20.625,0.0,0.0,0.0,0.0,0.0,0.0,0.0956191348134584,0.3299999999999983,-0.1699999999999999,-19.849999999999987,0.0,0.0,0.0,0.0,0.0,0.0,0.084438849469749,-0.1999999999999886,5.551115123125783e-17,-21.19999999999999
20.64099999889732,0.0,0.0,0.0,0.0,0.0,0.0,0.0957564660105287,0.3299999999999983,-0.0699999999999999,-19.849999999999987,0.0,0.0,0.0,0.0,0.0,0.0,0.0844693675135423,-0.1999999999999886,5.551115123125783e-17,-21.19999999999999
20.65699999965728,0.0,0.0,0.0,0.0,0.0,0.0,0.0957717250324254,0.3299999999999983,-0.0699999999999999,-19.849999999999987,0.0,0.0,0.0,0.0,0.0,0.0,0.0846677347981994,-0.1999999999999886,5.551115123125783e-17,-21.19999999999999
20.67200000025332,0.0,0.0,0.0,0.0,0.0,0.0,0.0959243152513924,0.3299999999999983,-0.0699999999999999,-19.849999999999987,0.0,0.0,0.0,0.0,0.0,0.0,0.0846677347981994,-0.1999999999999886,5.551115123125783e-17,-21.19999999999999
20.68799999915064,0.0,0.0,0.0,0.0,0.0,0.0,0.0961074235141527,0.3299999999999983,-0.0699999999999999,-19.849999999999987,0.0,0.0,0.0,0.0,0.0,0.0,0.0847440299076829,-0.1999999999999886,5.551115123125783e-17,-21.19999999999999
20.70299999974668,0.0,0.0,0.0,0.0,0.0,0.0,0.0961074235141527,0.3299999999999983,-0.0699999999999999,-19.849999999999987,0.0,0.0,0.0,0.0,0.0,0.0,0.0848508430609598,-0.1999999999999886,5.551115123125783e-17,-21.19999999999999
20.71900000050664,0.0,0.0,0.0,0.0,0.0,0.0,0.0963210498207065,0.3299999999999983,-0.0699999999999999,-19.849999999999987,0.0,0.0,0.0,0.0,0.0,0.0,0.0848508430609598,-0.1999999999999886,5.551115123125783e-17,-21.19999999999999
20.73499999940396,0.0,0.0,0.0,0.0,0.0,0.0,0.0963973449301899,0.3299999999999983,-0.0699999999999999,-19.849999999999987,0.0,0.0,0.0,0.0,0.0,0.0,0.0848508430609598,-0.1999999999999886,5.551115123125783e-17,-21.19999999999999
20.75,0.0,0.0,0.0,0.0,0.0,0.0,0.0964888990615701,0.3299999999999983,-0.0699999999999999,-19.849999999999987,0.0,0.0,0.0,0.0,0.0,0.0,0.0848508430609598,-0.1999999999999886,5.551115123125783e-17,-21.19999999999999
20.78199999965728,0.0,0.0,0.0,0.0,0.0,0.0,0.0966109712367437,0.3299999999999983,-0.0699999999999999,-19.849999999999987,0.0,0.0,0.0,0.0,0.0,0.0,0.0848508430609598,-0.1999999999999886,5.551115123125783e-17,-21.19999999999999
20.79700000025332,0.0,0.0,0.0,0.0,0.0,0.0,0.0967330434119173,0.3299999999999983,-0.0699999999999999,-19.849999999999987,0.0,0.0,0.0,0.0,0.0,0.0,0.0848813611047532,-0.1999999999999886,5.551115123125783e-17,-21.19999999999999
20.81299999915064,0.0,0.0,0.0,0.0,0.0,0.0,0.0967940794995041,0.3299999999999983,-0.0699999999999999,-19.849999999999987,0.0,0.0,0.0,0.0,0.0,0.0,0.0849271381704432,-0.1999999999999886,5.551115123125783e-17,-21.19999999999999
20.82799999974668,0.0,0.0,0.0,0.0,0.0,0.0,0.0969314106965743,0.3299999999999983,-0.0699999999999999,-19.849999999999987,0.0,0.0,0.0,0.0,0.0,0.0,0.0849423971923399,-0.1999999999999886,5.551115123125783e-17,-21.19999999999999
20.84400000050664,0.0,0.0,0.0,0.0,0.0,0.0,0.0969771877622644,0.3299999999999983,-0.0699999999999999,-19.849999999999987,0.0,0.0,0.0,0.0,0.0,0.0,0.0849576562142366,-0.1999999999999886,5.551115123125783e-17,-21.19999999999999
20.85999999940396,0.0,0.0,0.0,0.0,0.0,0.0,0.0970687418936446,0.3299999999999983,-0.0699999999999999,-19.849999999999987,0.0,0.0,0.0,0.0,0.0,0.0,0.0850034332799267,-0.1999999999999886,5.551115123125783e-17,-21.19999999999999
20.875,0.0,0.0,0.0,0.0,0.0,0.0,0.0971908140688182,0.3299999999999983,-0.0699999999999999,-19.849999999999987,0.0,0.0,0.0,0.0,0.0,0.0,0.0850034332799267,-0.1999999999999886,5.551115123125783e-17,-21.19999999999999
20.89099999889732,0.0,0.0,0.0,0.0,0.0,0.0,0.0972365911345083,0.3299999999999983,-0.0699999999999999,-19.849999999999987,0.0,0.0,0.0,0.0,0.0,0.0,0.0850034332799267,-0.1999999999999886,5.551115123125783e-17,-21.19999999999999
20.90699999965728,0.0,0.0,0.0,0.0,0.0,0.0,0.097251850156405,0.3299999999999983,-0.0699999999999999,-19.849999999999987,0.0,0.0,0.0,0.0,0.0,0.0,0.0850034332799267,-0.1999999999999886,5.551115123125783e-17,-21.19999999999999
20.92200000025332,0.0,0.0,0.0,0.0,0.0,0.0,0.0973739223315785,0.3299999999999983,-0.0699999999999999,-19.849999999999987,0.0,0.0,0.0,0.0,0.0,0.0,0.0850034332799267,-0.1999999999999886,5.551115123125783e-17,-21.19999999999999
20.93799999915064,0.0,0.0,0.0,0.0,0.0,0.0,0.097450217441062,0.3299999999999983,-0.0699999999999999,-19.849999999999987,0.0,0.0,0.0,0.0,0.0,0.0,0.0850492103456168,-0.1999999999999886,5.551115123125783e-17,-21.19999999999999
20.95299999974668,0.0,0.0,0.0,0.0,0.0,0.0,0.0974959945067521,0.3299999999999983,-0.0699999999999999,-19.849999999999987,0.0,0.0,0.0,0.0,0.0,0.0,0.0850492103456168,-0.1999999999999886,5.551115123125783e-17,-21.19999999999999
20.98499999940396,0.0,0.0,0.0,0.0,0.0,0.0,0.0976485847257191,0.3299999999999983,-0.0699999999999999,-19.849999999999987,0.0,0.0,0.0,0.0,0.0,0.0,0.0850492103456168,-0.1999999999999886,5.551115123125783e-17,-21.19999999999999
21.0,0.0,0.0,0.0,0.0,0.0,0.0,0.0977401388570992,0.3299999999999983,-0.0699999999999999,-19.849999999999987,0.0,0.0,0.0,0.0,0.0,0.0,0.0850492103456168,-0.1999999999999886,5.551115123125783e-17,-21.19999999999999
21.01599999889732,0.0,0.0,0.0,0.0,0.0,0.0,0.0977401388570992,0.3299999999999983,-0.0699999999999999,-19.849999999999987,0.0,0.0,0.0,0.0,0.0,0.0,0.0850492103456168,-0.1999999999999886,5.551115123125783e-17,-21.19999999999999
21.03199999965728,0.0,0.0,0.0,0.0,0.0,0.0,0.0977706569008926,0.3299999999999983,-0.0699999999999999,-19.849999999999987,0.0,0.0,0.0,0.0,0.0,0.0,0.0850492103456168,-0.1999999999999886,5.551115123125783e-17,-21.19999999999999
21.04700000025332,0.0,0.0,0.0,0.0,0.0,0.0,0.0977859159227893,0.3299999999999983,-0.0699999999999999,-19.849999999999987,0.0,0.0,0.0,0.0,0.0,0.0,0.0850644693675135,-0.1999999999999886,5.551115123125783e-17,-21.19999999999999
21.06299999915064,0.0,0.0,0.0,0.0,0.0,0.0,0.0978316929884794,0.3299999999999983,-0.0699999999999999,-19.849999999999987,0.0,0.0,0.0,0.0,0.0,0.0,0.0850644693675135,-0.1999999999999886,5.551115123125783e-17,-21.19999999999999
21.07799999974668,0.0,0.0,0.0,0.0,0.0,0.0,0.0978774700541695,0.3299999999999983,-0.0699999999999999,-19.849999999999987,0.0,0.0,0.0,0.0,0.0,0.0,0.0850339513237201,-0.1999999999999886,5.551115123125783e-17,-21.19999999999999
21.09400000050664,0.0,0.0,0.0,0.0,0.0,0.0,0.0979690241855497,0.3299999999999983,-0.0699999999999999,-19.849999999999987,0.0,0.0,0.0,0.0,0.0,0.0,0.0850339513237201,-0.1999999999999886,5.551115123125783e-17,-21.19999999999999
21.10999999940396,0.0,0.0,0.0,0.0,0.0,0.0,0.0980605783169299,0.3299999999999983,-0.0699999999999999,-19.849999999999987,0.0,0.0,0.0,0.0,0.0,0.0,0.0850339513237201,-0.1999999999999886,5.551115123125783e-17,-21.19999999999999
21.125,0.0,0.0,0.0,0.0,0.0,0.0,0.0980758373388266,0.3299999999999983,-0.0699999999999999,-19.849999999999987,0.0,0.0,0.0,0.0,0.0,0.0,0.0850339513237201,-0.1999999999999886,5.551115123125783e-17,-21.19999999999999
21.14099999889732,0.0,0.0,0.0,0.0,0.0,0.0,0.0981368734264133,0.3299999999999983,-0.0699999999999999,-19.849999999999987,0.0,0.0,0.0,0.0,0.0,0.0,0.0850034332799267,-0.1999999999999886,5.551115123125783e-17,-21.19999999999999
21.15699999965728,0.0,0.0,0.0,0.0,0.0,0.0,0.0981673914702067,0.3299999999999983,-0.0699999999999999,-19.849999999999987,0.0,0.0,0.0,0.0,0.0,0.0,0.0850034332799267,-0.1999999999999886,5.551115123125783e-17,-21.19999999999999
21.18799999915064,0.0,0.0,0.0,0.0,0.0,0.0,0.0981673914702067,0.2300000000000039,-0.0699999999999999,-19.849999999999987,0.0,0.0,0.0,0.0,0.0,0.0,0.0850034332799267,-0.1999999999999886,5.551115123125783e-17,-21.19999999999999
21.20299999974668,0.0,0.0,0.0,0.0,0.0,0.0,0.0981673914702067,0.2300000000000039,-0.0699999999999999,-19.849999999999987,0.0,0.0,0.0,0.0,0.0,0.0,0.0850034332799267,-0.1999999999999886,5.551115123125783e-17,-21.19999999999999
21.21900000050664,0.0,0.0,0.0,0.0,0.0,0.0,0.0982131685358968,0.2300000000000039,-0.0699999999999999,-19.849999999999987,0.0,0.0,0.0,0.0,0.0,0.0,0.0850034332799267,-0.1999999999999886,5.551115123125783e-17,-21.19999999999999
21.23499999940396,0.0,0.0,0.0,0.0,0.0,0.0,0.0982284275577935,0.2300000000000039,-0.0699999999999999,-19.849999999999987,0.0,0.0,0.0,0.0,0.0,0.0,0.0850339513237201,-0.1999999999999886,5.551115123125783e-17,-21.19999999999999
21.25,0.0,0.0,0.0,0.0,0.0,0.0,0.0982284275577935,0.2300000000000039,-0.0699999999999999,-19.849999999999987,0.0,0.0,0.0,0.0,0.0,0.0,0.0850644693675135,-0.1999999999999886,5.551115123125783e-17,-21.19999999999999
21.26599999889732,0.0,0.0,0.0,0.0,0.0,0.0,0.0982284275577935,0.2300000000000039,-0.0699999999999999,-19.849999999999987,0.0,0.0,0.0,0.0,0.0,0.0,0.0850644693675135,-0.1999999999999886,5.551115123125783e-17,-21.19999999999999
21.28199999965728,0.0,0.0,0.0,0.0,0.0,0.0,0.0982284275577935,0.2300000000000039,-0.0699999999999999,-19.849999999999987,0.0,0.0,0.0,0.0,0.0,0.0,0.0850339513237201,-0.1999999999999886,5.551115123125783e-17,-21.19999999999999
21.29700000025332,0.0,0.0,0.0,0.0,0.0,0.0,0.0982284275577935,0.2300000000000039,-0.0699999999999999,-19.849999999999987,0.0,0.0,0.0,0.0,0.0,0.0,0.0850034332799267,-0.1999999999999886,5.551115123125783e-17,-21.19999999999999
21.32799999974668,0.0,0.0,0.0,0.0,0.0,0.0,0.0982284275577935,0.2300000000000039,-0.0699999999999999,-19.849999999999987,0.0,0.0,0.0,0.0,0.0,0.0,0.0850034332799267,-0.1999999999999886,5.551115123125783e-17,-21.19999999999999
21.34400000050664,0.0,0.0,0.0,0.0,0.0,0.0,0.0981826504921034,0.2300000000000039,-0.0699999999999999,-19.849999999999987,0.0,0.0,0.0,0.0,0.0,0.0,0.0850034332799267,-0.1999999999999886,5.551115123125783e-17,-21.19999999999999
21.34400000050664,0.0,0.0,0.0,0.0,0.0,0.0,0.0981673914702067,0.2300000000000039,-0.0699999999999999,-19.849999999999987,0.0,0.0,0.0,0.0,0.0,0.0,0.0850034332799267,-0.1999999999999886,5.551115123125783e-17,-21.19999999999999
21.375,0.0,0.0,0.0,0.0,0.0,0.0,0.0981673914702067,0.2300000000000039,-0.0699999999999999,-19.849999999999987,0.0,0.0,0.0,0.0,0.0,0.0,0.0850034332799267,-0.1999999999999886,5.551115123125783e-17,-21.19999999999999
21.39099999889732,0.0,0.0,0.0,0.0,0.0,0.0,0.0981673914702067,0.2300000000000039,-0.0699999999999999,-19.849999999999987,0.0,0.0,0.0,0.0,0.0,0.0,0.0850034332799267,-0.1999999999999886,5.551115123125783e-17,-21.19999999999999
21.40699999965728,0.0,0.0,0.0,0.0,0.0,0.0,0.0981673914702067,0.2300000000000039,-0.0699999999999999,-19.849999999999987,0.0,0.0,0.0,0.0,0.0,0.0,0.0850339513237201,-0.1999999999999886,5.551115123125783e-17,-21.19999999999999
21.42200000025332,0.0,0.0,0.0,0.0,0.0,0.0,0.09815213244831,0.2300000000000039,-0.0699999999999999,-19.849999999999987,0.0,0.0,0.0,0.0,0.0,0.0,0.0850492103456168,-0.1999999999999886,5.551115123125783e-17,-21.19999999999999
21.43799999915064,0.0,0.0,0.0,0.0,0.0,0.0,0.0981368734264133,0.2300000000000039,-0.0699999999999999,-19.849999999999987,0.0,0.0,0.0,0.0,0.0,0.0,0.0850949874113069,-0.1999999999999886,5.551115123125783e-17,-21.19999999999999
21.45299999974668,0.0,0.0,0.0,0.0,0.0,0.0,0.09810635538262,0.2300000000000039,-0.0699999999999999,-19.849999999999987,0.0,0.0,0.0,0.0,0.0,0.0,0.0850949874113069,-0.1999999999999886,5.551115123125783e-17,-21.19999999999999
21.46900000050664,0.0,0.0,0.0,0.0,0.0,0.0,0.0980453192950332,0.2300000000000039,-0.0699999999999999,-19.849999999999987,0.0,0.0,0.0,0.0,0.0,0.0,0.0850949874113069,-0.1999999999999886,5.551115123125783e-17,-21.19999999999999
21.48499999940396,0.0,0.0,0.0,0.0,0.0,0.0,0.0980300602731365,0.2300000000000039,-0.0699999999999999,-19.849999999999987,0.0,0.0,0.0,0.0,0.0,0.0,0.0850949874113069,-0.1999999999999886,5.551115123125783e-17,-21.19999999999999
21.5,0.0,0.0,0.0,0.0,0.0,0.0,0.0980300602731365,0.2300000000000039,-0.0699999999999999,-19.849999999999987,0.0,0.0,0.0,0.0,0.0,0.0,0.085140764476997,-0.1999999999999886,5.551115123125783e-17,-21.19999999999999
21.53199999965728,0.0,0.0,0.0,0.0,0.0,0.0,0.0980300602731365,0.2300000000000039,-0.0699999999999999,-19.849999999999987,0.0,0.0,0.0,0.0,0.0,0.0,0.0852018005645838,-0.1999999999999886,5.551115123125783e-17,-21.19999999999999
21.54700000025332,0.0,0.0,0.0,0.0,0.0,0.0,0.0980148012512398,0.2300000000000039,-0.0699999999999999,-19.849999999999987,0.0,0.0,0.0,0.0,0.0,0.0,0.0852170595864805,-0.1999999999999886,5.551115123125783e-17,-21.19999999999999
21.56299999915064,0.0,0.0,0.0,0.0,0.0,0.0,0.0979995422293431,0.2300000000000039,-0.0699999999999999,-19.849999999999987,0.0,0.0,0.0,0.0,0.0,0.0,0.0852170595864805,-0.1999999999999886,5.551115123125783e-17,-21.19999999999999
21.57799999974668,0.0,0.0,0.0,0.0,0.0,0.0,0.0980148012512398,0.2300000000000039,-0.0699999999999999,-19.849999999999987,0.0,0.0,0.0,0.0,0.0,0.0,0.0852170595864805,-0.1999999999999886,5.551115123125783e-17,-21.19999999999999
21.59400000050664,0.0,0.0,0.0,0.0,0.0,0.0,0.0980148012512398,0.2300000000000039,-0.0699999999999999,-19.849999999999987,0.0,0.0,0.0,0.0,0.0,0.0,0.0852170595864805,-0.1999999999999886,5.551115123125783e-17,-21.19999999999999
21.60999999940396,0.0,0.0,0.0,0.0,0.0,0.0,0.0979995422293431,0.2300000000000039,-0.0699999999999999,-19.849999999999987,0.0,0.0,0.0,0.0,0.0,0.0,0.0852323186083772,-0.1999999999999886,5.551115123125783e-17,-21.19999999999999
21.625,0.0,0.0,0.0,0.0,0.0,0.0,0.0979995422293431,0.2300000000000039,-0.0699999999999999,-19.849999999999987,0.0,0.0,0.0,0.0,0.0,0.0,0.0852323186083772,-0.1999999999999886,5.551115123125783e-17,-21.19999999999999
21.64099999889732,0.0,0.0,0.0,0.0,0.0,0.0,0.0979690241855497,0.2300000000000039,-0.0699999999999999,-19.849999999999987,0.0,0.0,0.0,0.0,0.0,0.0,0.0852475776302739,-0.1999999999999886,5.551115123125783e-17,-21.19999999999999
21.65699999965728,0.0,0.0,0.0,0.0,0.0,0.0,0.0979690241855497,0.2300000000000039,-0.0699999999999999,-19.849999999999987,0.0,0.0,0.0,0.0,0.0,0.0,0.0852323186083772,-0.1999999999999886,5.551115123125783e-17,-21.19999999999999
21.67200000025332,0.0,0.0,0.0,0.0,0.0,0.0,0.0979690241855497,0.2300000000000039,-0.0699999999999999,-19.849999999999987,0.0,0.0,0.0,0.0,0.0,0.0,0.0852323186083772,-0.1999999999999886,5.551115123125783e-17,-21.19999999999999
21.70299999974668,0.0,0.0,0.0,0.0,0.0,0.0,0.0979385061417563,0.2300000000000039,-0.0699999999999999,-19.849999999999987,0.0,0.0,0.0,0.0,0.0,0.0,0.0852323186083772,-0.1999999999999886,5.551115123125783e-17,-21.19999999999999
21.71900000050664,0.0,0.0,0.0,0.0,0.0,0.0,0.0977859159227893,0.2300000000000039,-0.0699999999999999,-19.849999999999987,0.0,0.0,0.0,0.0,0.0,0.0,0.0852475776302739,-0.1999999999999886,5.551115123125783e-17,-21.19999999999999
21.73499999940396,0.0,0.0,0.0,0.0,0.0,0.0,0.0979079880979629,0.2300000000000039,-0.0699999999999999,-19.849999999999987,0.0,0.0,0.0,0.0,0.0,0.0,0.0852475776302739,-0.1999999999999886,5.551115123125783e-17,-21.19999999999999
21.75,0.0,0.0,0.0,0.0,0.0,0.0,0.0977248798352025,0.2300000000000039,-0.0699999999999999,-19.849999999999987,0.0,0.0,0.0,0.0,0.0,0.0,0.0852475776302739,-0.1999999999999886,5.551115123125783e-17,-21.19999999999999
21.76599999889732,0.0,0.0,0.0,0.0,0.0,0.0,0.0977248798352025,0.2300000000000039,-0.0699999999999999,-19.849999999999987,0.0,0.0,0.0,0.0,0.0,0.0,0.0852475776302739,-0.1999999999999886,5.551115123125783e-17,-21.19999999999999
21.78199999965728,0.0,0.0,0.0,0.0,0.0,0.0,0.0977248798352025,0.2300000000000039,-0.0699999999999999,-19.849999999999987,0.0,0.0,0.0,0.0,0.0,0.0,0.0852475776302739,-0.1999999999999886,5.551115123125783e-17,-21.19999999999999
21.79700000025332,0.0,0.0,0.0,0.0,0.0,0.0,0.0977248798352025,0.2300000000000039,-0.0699999999999999,-19.849999999999987,0.0,0.0,0.0,0.0,0.0,0.0,0.0852628366521706,-0.1999999999999886,5.551115123125783e-17,-21.19999999999999
21.81299999915064,0.0,0.0,0.0,0.0,0.0,0.0,0.0977859159227893,0.2300000000000039,-0.0699999999999999,-19.849999999999987,0.0,0.0,0.0,0.0,0.0,0.0,0.0852628366521706,-0.1999999999999886,5.551115123125783e-17,-21.19999999999999
21.82799999974668,0.0,0.0,0.0,0.0,0.0,0.0,0.0978469520103761,0.2300000000000039,-0.0699999999999999,-19.849999999999987,0.0,0.0,0.0,0.0,0.0,0.0,0.085293354695964,-0.1999999999999886,5.551115123125783e-17,-21.19999999999999
21.84400000050664,0.0,0.0,0.0,0.0,0.0,0.0,0.0978469520103761,0.2300000000000039,-0.0699999999999999,-19.849999999999987,0.0,0.0,0.0,0.0,0.0,0.0,0.085293354695964,-0.1999999999999886,5.551115123125783e-17,-21.19999999999999
21.85999999940396,0.0,0.0,0.0,0.0,0.0,0.0,0.0978469520103761,0.2300000000000039,-0.0699999999999999,-19.849999999999987,0.0,0.0,0.0,0.0,0.0,0.0,0.085293354695964,-0.1999999999999886,5.551115123125783e-17,-21.19999999999999
21.875,0.0,0.0,0.0,0.0,0.0,0.0,0.0978469520103761,0.2300000000000039,-0.0699999999999999,-19.849999999999987,0.0,0.0,0.0,0.0,0.0,0.0,0.085293354695964,-0.1999999999999886,5.551115123125783e-17,-21.19999999999999
