time_s,L_fx1,L_fy1,L_fz1,L_fx2,L_fy2,L_fz2,L_proximity,L_roll,L_pitch,L_yaw,R_fx1,R_fy1,R_fz1,R_fx2,R_fy2,R_fz2,R_proximity,R_roll,R_pitch,R_yaw
0.0,0.0,0.0,0.0,0.0,0.0,0.0,0.0,-0.0200000000000102,1.1102230246251563e-16,0.0700000000000002,0.0,0.0,0.0,0.0,0.0,0.0,0.0,1.4210854715202004e-14,5.551115123125783e-17,0.0
0.0310000013560056,0.0,0.0,0.0,0.0,0.0,0.0,0.0,-0.0200000000000102,1.1102230246251563e-16,-0.0300000000000011,0.0,0.0,0.0,0.0,0.0,0.0,0.0,1.4210854715202004e-14,5.551115123125783e-17,0.0
0.0470000002533197,0.0,0.0,0.0,0.0,0.0,0.0,0.0,-0.0200000000000102,1.1102230246251563e-16,-0.0300000000000011,0.0,0.0,0.0,0.0,0.0,0.0,0.0,0.1000000000000227,5.551115123125783e-17,0.0
0.0620000008493661,0.0,0.0,0.0,0.0,0.0,0.0,0.0,-0.0200000000000102,1.1102230246251563e-16,-0.0300000000000011,0.0,0.0,0.0,0.0,0.0,0.0,0.0,0.1000000000000227,5.551115123125783e-17,0.0
0.0780000016093254,0.0,0.0,0.0,0.0,0.0,0.0,0.0,-0.0200000000000102,1.1102230246251563e-16,-0.0300000000000011,0.0,0.0,0.0,0.0,0.0,0.0,0.0,0.1000000000000227,5.551115123125783e-17,0.0
0.0940000005066394,0.0,0.0,0.0,0.0,0.0,0.0,0.0,0.079999999999984,1.1102230246251563e-16,0.0700000000000002,0.0,0.0,0.0,0.0,0.0,0.0,0.0,0.1000000000000227,5.551115123125783e-17,0.0
0.1090000011026859,0.0,0.0,0.0,0.0,0.0,0.0,0.0,0.079999999999984,1.1102230246251563e-16,0.0700000000000002,0.0,0.0,0.0,0.0,0.0,0.0,0.0,0.200000000000017,5.551115123125783e-17,0.0
0.125,0.0,0.0,0.0,0.0,0.0,0.0,0.0,0.079999999999984,1.1102230246251563e-16,0.0700000000000002,0.0,0.0,0.0,0.0,0.0,0.0,0.0,0.200000000000017,5.551115123125783e-17,0.0
0.1410000007599592,0.0,0.0,0.0,0.0,0.0,0.0,0.0,0.079999999999984,1.1102230246251563e-16,0.0700000000000002,0.0,0.0,0.0,0.0,0.0,0.0,0.0,0.200000000000017,5.551115123125783e-17,0.0
0.1560000013560056,0.0,0.0,0.0,0.0,0.0,0.0,0.0,0.079999999999984,1.1102230246251563e-16,0.0700000000000002,0.0,0.0,0.0,0.0,0.0,0.0,0.0,0.200000000000017,5.551115123125783e-17,0.0
0.1720000002533197,0.0,0.0,0.0,0.0,0.0,0.0,0.0005004959182116,0.079999999999984,1.1102230246251563e-16,0.0700000000000002,0.0,0.0,0.0,0.0,0.0,0.0,0.0,0.200000000000017,5.551115123125783e-17,0.0
0.1870000008493662,0.0,0.0,0.0,0.0,0.0,0.0,0.0025452048523689,0.079999999999984,1.1102230246251563e-16,0.0700000000000002,0.0,0.0,0.0,0.0,0.0,0.0,0.0,0.200000000000017,5.551115123125783e-17,0.0
0.2030000016093254,0.0,0.0,0.0,0.0,0.0,0.0,0.0042389562829022,0.079999999999984,1.1102230246251563e-16,0.0700000000000002,0.0,0.0,0.0,0.0,0.0,0.0,0.0,0.200000000000017,5.551115123125783e-17,0.0
0.2340000011026859,0.0,0.0,0.0,0.0,0.0,0.0,0.0063141832608529,0.1799999999999926,1.1102230246251563e-16,0.0700000000000002,0.0,0.0,0.0,0.0,0.0,0.0,0.0011459525444418,0.3000000000000113,5.551115123125783e-17,0.0
0.25,0.0,0.0,0.0,0.0,0.0,0.0,0.0105104142824444,0.1799999999999926,1.1102230246251563e-16,0.0700000000000002,0.0,0.0,0.0,0.0,0.0,0.0,0.0028549629968718,0.3000000000000113,5.551115123125783e-17,0.0
0.2660000007599592,0.0,0.0,0.0,0.0,0.0,0.0,0.0129213397421225,0.1799999999999926,1.1102230246251563e-16,0.0700000000000002,0.0,0.0,0.0,0.0,0.0,0.0,0.0043961242084382,0.3000000000000113,5.551115123125783e-17,0.0
0.2810000013560056,0.0,0.0,0.0,0.0,0.0,0.0,0.0161257343404287,0.1799999999999926,1.1102230246251563e-16,0.0700000000000002,0.0,0.0,0.0,0.0,0.0,0.0,0.0058762493324177,0.3000000000000113,5.551115123125783e-17,0.0
0.2970000002533197,0.0,0.0,0.0,0.0,0.0,0.0,0.0195895323109788,0.1799999999999926,1.1102230246251563e-16,0.0700000000000002,0.0,0.0,0.0,0.0,0.0,0.0,0.0074174105439841,0.3000000000000113,5.551115123125783e-17,0.0
0.3120000008493662,0.0,0.0,0.0,0.0,0.0,0.0,0.0229922941939421,0.1799999999999926,1.1102230246251563e-16,0.0700000000000002,0.0,0.0,0.0,0.0,0.0,0.0,0.0085008010986495,0.3000000000000113,5.551115123125783e-17,0.0
0.3280000016093254,0.0,0.0,0.0,0.0,0.0,0.0,0.0265629053177691,0.1799999999999926,1.1102230246251563e-16,0.0700000000000002,0.0,0.0,0.0,0.0,0.0,0.0,0.0092179751277942,0.3000000000000113,5.551115123125783e-17,0.0
0.3440000005066395,0.0,0.0,0.0,0.0,0.0,0.0,0.0305455100328068,0.1799999999999926,1.1102230246251563e-16,0.0700000000000002,0.0,0.0,0.0,0.0,0.0,0.0,0.009782558937972,0.3000000000000113,5.551115123125783e-17,0.0
0.3590000011026859,0.0,0.0,0.0,0.0,0.0,0.0,0.0343144884412909,0.1799999999999926,1.1102230246251563e-16,0.0700000000000002,0.0,0.0,0.0,0.0,0.0,0.0,0.0100267032883191,0.3000000000000113,5.551115123125783e-17,0.0
0.375,0.0,0.0,0.0,0.0,0.0,0.0,0.0387548638132295,0.1799999999999926,1.1102230246251563e-16,0.0700000000000002,0.0,0.0,0.0,0.0,0.0,0.0,0.010133516441596,0.3000000000000113,5.551115123125783e-17,0.0
0.3910000007599592,0.0,0.0,0.0,0.0,0.0,0.0,0.0436377508201724,0.1799999999999926,1.1102230246251563e-16,0.0700000000000002,0.0,0.0,0.0,0.0,0.0,0.0,0.0103013656824597,0.3000000000000113,5.551115123125783e-17,0.0
0.4220000002533197,0.0,0.0,0.0,0.0,0.0,0.0,0.0496192874036774,0.1799999999999926,1.1102230246251563e-16,0.0700000000000002,0.0,0.0,0.0,0.0,0.0,0.0,0.0104997329671167,0.3000000000000113,5.551115123125783e-17,0.0
0.4370000008493662,0.0,0.0,0.0,0.0,0.0,0.0,0.0559822995345998,0.1799999999999926,1.1102230246251563e-16,0.0700000000000002,0.0,0.0,0.0,0.0,0.0,0.0,0.0108354314488441,0.3000000000000113,5.551115123125783e-17,0.0
0.4530000016093254,0.0,0.0,0.0,0.0,0.0,0.0,0.0638864728770885,0.1799999999999926,1.1102230246251563e-16,0.0700000000000002,0.0,0.0,0.0,0.0,0.0,0.0,0.0108354314488441,0.3000000000000113,5.551115123125783e-17,0.0
0.4690000005066395,0.0,0.0,0.0,0.0,0.0,0.0,0.071805905241474,0.1799999999999926,1.1102230246251563e-16,0.0700000000000002,0.0,0.0,0.0,0.0,0.0,0.0,0.0108354314488441,0.3000000000000113,5.551115123125783e-17,0.0
0.4840000011026859,0.0,0.0,0.0,0.0,0.0,0.0,0.0798931868467231,0.1799999999999926,1.1102230246251563e-16,0.0700000000000002,0.0,0.0,0.0,0.0,0.0,0.0,0.0116899366750591,0.3000000000000113,5.551115123125783e-17,0.0
0.5,0.0,0.0,0.0,0.0,0.0,0.0,0.1179797055008773,0.1799999999999926,1.1102230246251563e-16,0.0700000000000002,0.0,0.0,0.0,0.0,0.0,0.0,0.0129564354924849,0.3000000000000113,5.551115123125783e-17,0.0
0.5160000007599592,0.0,0.0,0.0,0.0,0.0,0.0,0.0896742198825055,0.1799999999999926,1.1102230246251563e-16,0.0700000000000002,0.0,0.0,0.0,0.0,0.0,0.0,0.0146807049668116,0.3000000000000113,5.551115123125783e-17,0.0
0.5310000013560057,0.0,0.0,0.0,0.0,0.0,0.0,0.105833524071107,0.1799999999999926,1.1102230246251563e-16,0.0700000000000002,0.0,0.0,0.0,0.0,0.0,0.0,0.0174120698863202,0.3000000000000113,5.551115123125783e-17,0.0
0.5470000002533197,0.0,0.0,0.0,0.0,0.0,0.0,0.1179797055008773,0.1799999999999926,-0.0999999999999998,0.0700000000000002,0.0,0.0,0.0,0.0,0.0,0.0,0.0211657892729075,0.3000000000000113,5.551115123125783e-17,0.0
0.5620000008493662,0.0,0.0,0.0,0.0,0.0,0.0,0.2440497444113832,0.1799999999999926,-0.0999999999999998,0.0700000000000002,0.0,0.0,0.0,0.0,0.0,0.0,0.0238361181048294,0.3000000000000113,5.551115123125783e-17,0.0
0.5780000016093254,0.0,0.0,0.0,0.0,0.0,0.0,0.1188036926832989,0.1799999999999926,-0.0999999999999998,0.0700000000000002,0.0,0.0,0.0,0.0,0.0,0.0,0.0258350499732966,0.3000000000000113,5.551115123125783e-17,0.0
0.5940000005066395,0.0,0.0,0.0,0.0,0.0,0.0,0.3032852674143587,0.1799999999999926,-0.0999999999999998,0.0700000000000002,0.0,0.0,0.0,0.0,0.0,0.0,0.0279713130388341,0.3000000000000113,5.551115123125783e-17,0.0
0.625,0.0,0.0,0.0,0.0,0.0,0.0,0.147353322652018,0.1799999999999926,1.1102230246251563e-16,0.0700000000000002,0.0,0.0,0.0,0.0,0.0,0.0,0.0303822384985122,0.4000000000000199,5.551115123125783e-17,0.0
0.6410000007599592,0.0,0.0,0.0,0.0,0.0,0.0,0.1842496375982299,0.1799999999999926,1.1102230246251563e-16,0.0700000000000002,0.0,0.0,0.0,0.0,0.0,0.0,0.0338155184252689,0.4000000000000199,5.551115123125783e-17,0.0
0.6560000013560057,0.0,0.0,0.0,0.0,0.0,0.0,0.2440497444113832,0.1799999999999926,1.1102230246251563e-16,0.0700000000000002,0.0,0.0,0.0,0.0,0.0,0.0,0.0376607919432364,0.4000000000000199,5.551115123125783e-17,0.0
0.6720000002533197,0.0,0.0,0.0,0.0,0.0,0.0,0.2900099183642328,0.1799999999999926,1.1102230246251563e-16,0.1700000000000017,0.0,0.0,0.0,0.0,0.0,0.0,0.0413534752422369,0.4000000000000199,5.551115123125783e-17,0.0
0.6870000008493662,0.0,0.0,0.0,0.0,0.0,0.0,0.2900099183642328,0.1799999999999926,1.1102230246251563e-16,0.1700000000000017,0.0,0.0,0.0,0.0,0.0,0.0,0.0452140077821011,0.4000000000000199,5.551115123125783e-17,0.0
0.7030000016093254,0.0,0.0,0.0,0.0,0.0,0.0,0.2900099183642328,0.1799999999999926,1.1102230246251563e-16,0.1700000000000017,0.0,0.0,0.0,0.0,0.0,0.0,0.0497001602197298,0.4000000000000199,5.551115123125783e-17,0.0
0.7190000005066395,0.0,0.0,0.0,0.0,0.0,0.0,0.2867292286564431,0.1799999999999926,1.1102230246251563e-16,0.1700000000000017,0.0,0.0,0.0,0.0,0.0,0.0,0.0545525291828793,0.4000000000000199,5.551115123125783e-17,0.0
0.7340000011026859,0.0,0.0,0.0,0.0,0.0,0.0,0.2867292286564431,0.1799999999999926,1.1102230246251563e-16,0.1700000000000017,0.0,0.0,0.0,0.0,0.0,0.0,0.0597405966277561,0.4000000000000199,5.551115123125783e-17,0.0
0.75,0.0,0.0,0.0,0.0,0.0,0.0,0.2867292286564431,0.1799999999999926,1.1102230246251563e-16,0.1700000000000017,0.0,0.0,0.0,0.0,0.0,0.0,0.0671107042038605,0.4000000000000199,5.551115123125783e-17,0.0
0.7660000007599592,0.0,0.0,0.0,0.0,0.0,0.0,0.2867292286564431,0.1799999999999926,-0.0999999999999998,0.0700000000000002,0.0,0.0,0.0,0.0,0.0,0.0,0.0769832913710231,0.4000000000000199,5.551115123125783e-17,0.0
0.7810000013560057,0.0,0.0,0.0,0.0,0.0,0.0,0.2867292286564431,0.1799999999999926,-0.0999999999999998,0.0700000000000002,0.0,0.0,0.0,0.0,0.0,0.0,0.0912352178225375,0.4000000000000199,5.551115123125783e-17,0.0
0.8120000008493662,0.0,0.0,0.0,0.0,0.0,0.0,0.2922835126268406,0.1799999999999926,-0.0999999999999998,0.0700000000000002,0.0,0.0,0.0,0.0,0.0,0.0,0.1080201419089036,0.4000000000000199,5.551115123125783e-17,0.0
0.8280000016093254,0.0,0.0,0.0,0.0,0.0,0.0,0.2975020981155107,0.1799999999999926,-0.0999999999999998,0.0700000000000002,0.0,0.0,0.0,0.0,0.0,0.0,0.122928206301976,0.4000000000000199,5.551115123125783e-17,0.0
0.8440000005066395,0.0,0.0,0.0,0.0,0.0,0.0,0.2975783932249942,0.1799999999999926,-0.0999999999999998,0.0700000000000002,0.0,0.0,0.0,0.0,0.0,0.0,0.1377904936293583,0.4000000000000199,5.551115123125783e-17,0.0
0.8590000011026859,0.0,0.0,0.0,0.0,0.0,0.0,0.3125322346837567,0.079999999999984,-0.0999999999999998,0.0700000000000002,0.0,0.0,0.0,0.0,0.0,0.0,0.1620675974670023,0.3000000000000113,5.551115123125783e-17,0.0
0.875,0.0,0.0,0.0,0.0,0.0,0.0,0.3255939574273289,0.079999999999984,-0.0999999999999998,0.0700000000000002,0.0,0.0,0.0,0.0,0.0,0.0,0.2323353933012893,0.3000000000000113,5.551115123125783e-17,0.0
0.8910000007599592,0.0,0.0,0.0,0.0,0.0,0.0,0.3279285877775234,0.079999999999984,-0.0999999999999998,0.0700000000000002,0.0,0.0,0.0,0.0,0.0,0.0,0.2749691004806591,0.200000000000017,5.551115123125783e-17,0.0
0.9060000013560056,0.0,0.0,0.0,0.0,0.0,0.0,0.329759670405127,-0.0200000000000102,-0.0999999999999998,0.0700000000000002,0.0,0.0,0.0,0.0,0.0,0.0,0.2760372320134279,0.200000000000017,5.551115123125783e-17,0.0
0.9220000002533196,0.0,0.0,0.0,0.0,0.0,0.0,0.3441641870756084,-0.0200000000000102,1.1102230246251563e-16,0.0700000000000002,0.0,0.0,0.0,0.0,0.0,0.0,0.3147493705653467,0.200000000000017,5.551115123125783e-17,0.0
0.9370000008493662,0.0,0.0,0.0,0.0488,0.0,0.1166,0.357302204928664,-0.1200000000000045,1.1102230246251563e-16,0.0700000000000002,0.0,0.0,0.0551999999999996,0.0,0.0372,0.0,0.3353337911039902,0.200000000000017,5.551115123125783e-17,-0.0999999999999943
0.9690000005066396,0.0,0.0,0.0,0.0965,-0.0492,0.2526,0.3645349813076982,-0.1200000000000045,1.1102230246251563e-16,0.0700000000000002,-0.0393,0.0,0.1287999999999998,0.0,0.0464,0.0,0.3489906157015335,0.200000000000017,5.551115123125783e-17,-0.0999999999999943
0.984000001102686,0.0,0.0,0.0,0.1424,-0.0938,0.4019999999999998,0.3848447394522011,-0.1200000000000045,1.1102230246251563e-16,0.0700000000000002,-0.1131,0.0,0.2255999999999996,-0.0508,0.0392,0.0,0.3585580224307622,0.1000000000000227,5.551115123125783e-17,-0.0999999999999943
1.0,0.0,0.0,0.0,0.1792,-0.1549,0.5726,0.4054596780346379,-0.1200000000000045,1.1102230246251563e-16,0.0700000000000002,-0.1859,0.0,0.3108,-0.0994,0.0,0.0112,0.3736186770428015,0.1000000000000227,5.551115123125783e-17,-0.0999999999999943
1.0160000007599592,0.0,0.0,0.0,0.2279,-0.2351,0.6750000000000002,0.4119447623407339,-0.1200000000000045,1.1102230246251563e-16,0.0700000000000002,-0.2421,0.0,0.401,-0.1325,0.0,0.0291999999999996,0.3836896314946211,0.1000000000000227,5.551115123125783e-17,0.0
1.0310000013560057,0.0,0.0,0.0,0.2666,-0.2806,0.7936,0.437473105973907,-0.1200000000000045,-0.0999999999999998,0.0700000000000002,-0.2941,0.0,0.5022,-0.1675,0.0,0.0458,0.3885572594796673,0.1000000000000227,5.551115123125783e-17,0.0
1.0470000002533195,0.0,0.0,0.0208,0.3036,-0.3306,0.8948,0.4595834287022202,-0.0200000000000102,-0.0999999999999998,0.0700000000000002,-0.3299,0.0,0.5772,-0.1958,0.0,0.0994,0.3885572594796673,1.4210854715202004e-14,5.551115123125783e-17,0.0
1.0780000016093254,0.0,0.0,0.0324,0.3415,-0.3699,0.9975999999999998,0.4773296711680781,0.079999999999984,-0.0999999999999998,-0.0300000000000011,-0.3759,-0.0069,0.6784,-0.2117,0.0,0.1794,0.3885572594796673,1.4210854715202004e-14,5.551115123125783e-17,0.0
1.0940000005066397,0.0,0.0,0.0488,0.3873,-0.409,1.1032000000000002,0.5092362859540703,0.1799999999999926,-0.0999999999999998,-0.0300000000000011,-0.3976,-0.0267,0.7642,-0.2352,0.0,0.2626,0.376105897611963,1.4210854715202004e-14,5.551115123125783e-17,0.0
1.109000001102686,0.0,0.0,0.0615999999999998,0.4328,-0.4639,1.234,0.5261127641718166,0.2799999999999869,-0.0999999999999998,-0.0300000000000011,-0.4334,-0.0521,0.8338,-0.2511,-0.0282,0.3714,0.3677592126344701,1.4210854715202004e-14,5.551115123125783e-17,0.1000000000000085
1.125,0.0105,0.0,0.0889999999999996,0.4797,-0.5149,1.3674,0.5473533226520181,0.3799999999999954,-0.1999999999999998,-0.0300000000000011,-0.4583,-0.0561,0.903,-0.2929,-0.0914,0.4998,0.3577645532921339,-0.0999999999999801,5.551115123125783e-17,0.1000000000000085
1.1410000007599592,0.0291,0.0,0.1048,0.5167,-0.569,1.5213999999999999,0.5653894865339132,0.5799999999999841,-0.1999999999999998,-0.0300000000000011,-0.487,-0.0568,0.9562,-0.3273,-0.1365,0.5974,0.350775921263447,-0.0999999999999801,5.551115123125783e-17,0.1000000000000085
1.1720000002533195,0.0573,0.0,0.1233999999999996,0.5688,-0.616,1.6676,0.5842801556420234,0.6799999999999926,-0.1999999999999998,-0.0300000000000011,-0.4996,-0.0568,0.9724,-0.3793,-0.1917,0.6831999999999998,0.350775921263447,-0.0999999999999801,5.551115123125783e-17,0.1000000000000085
1.1870000008493662,0.0792,0.0,0.132,0.6272,-0.658,1.8406,0.598623636224918,0.8799999999999955,-0.1999999999999998,-0.1299999999999954,-0.5428,-0.0625,1.008,-0.4303,-0.2416,0.7824,0.350775921263447,-0.0999999999999801,5.551115123125783e-17,0.1000000000000085
1.2030000016093254,0.0973,0.0,0.1633999999999996,0.691,-0.6925,2.0026,0.6166750591287099,1.079999999999984,-0.2999999999999999,-0.1299999999999954,-0.5656,-0.0507,1.0236,-0.4689,-0.3076,0.8606,0.350775921263447,1.4210854715202004e-14,5.551115123125783e-17,0.1000000000000085
1.2190000005066397,0.1193,0.0,0.2056,0.7459,-0.7226,2.1716000000000006,0.6357946135652706,1.279999999999987,-0.2999999999999999,-0.1299999999999954,-0.5927,-0.0531,1.0450000000000002,-0.5093,-0.3605,0.9674,0.350775921263447,1.4210854715202004e-14,5.551115123125783e-17,0.1000000000000085
1.25,0.1412,0.0,0.2385999999999996,0.8195,-0.7427,2.3656,0.6531746395056077,1.3799999999999957,-0.2999999999999999,-0.2299999999999968,-0.6362,-0.0599,1.0556,-0.529,-0.4207,1.0742,0.3520576791027694,0.1000000000000227,5.551115123125783e-17,0.1000000000000085
1.2660000007599592,0.1612,0.0,0.2585999999999996,0.9116,-0.7674,2.5542,0.6727519645990693,1.579999999999984,-0.3999999999999998,-0.2299999999999968,-0.6536,-0.0658,1.0564,-0.5723,-0.4688,1.1924,0.3539497978179598,0.1000000000000227,5.551115123125783e-17,0.0
1.2810000013560057,0.1689,-0.012,0.3346,1.0011,-0.7726,2.7402,0.6813885709925994,1.779999999999987,-0.3999999999999998,-0.2299999999999968,-0.7109,-0.0686,1.065,-0.6367,-0.5281,1.3184,0.355551995117113,0.200000000000017,5.551115123125783e-17,0.0
1.2970000002533195,0.1825,-0.0912,0.4331999999999998,1.0962,-0.7707,2.937,0.6838300144960708,1.979999999999989,-0.3999999999999998,-0.3299999999999983,-0.7645,-0.0661,1.0514,-0.6792,-0.5863,1.4484000000000001,0.3599313344014648,0.3000000000000113,5.551115123125783e-17,0.0
1.3120000008493662,0.2019,-0.1359,0.5894,1.1886,-0.7541,3.118,0.6870954451819639,2.1799999999999926,-0.3999999999999998,-0.3299999999999983,-0.8167,-0.0402,1.0336,-0.7358,-0.6569,1.5759999999999998,0.3672404058899824,0.4000000000000199,5.551115123125783e-17,0.0
1.3440000005066397,0.2737,-0.2323,0.902,1.3501,-0.7168,3.5048,0.6870954451819639,2.4799999999999898,-0.4999999999999999,-0.3299999999999983,-0.8403,-0.0308,1.0292,-0.777,-0.7219,1.7090000000000003,0.3770061799038681,0.5000000000000142,5.551115123125783e-17,0.1000000000000085
1.359000001102686,0.3271,-0.2486,1.07,1.4442,-0.6693,3.7174,0.6840588998245213,2.6799999999999926,-0.4999999999999999,-0.3299999999999983,-0.8715,-0.0019,1.0364,-0.8154,-0.7866,1.8358,0.3898237582970931,0.6000000000000227,0.1,0.1000000000000085
1.375,0.3921,-0.253,1.2592,1.5069,-0.6364,3.9018,0.6799847409781034,2.779999999999987,-0.4999999999999999,-0.3299999999999983,-0.8915,0.0,1.0628,-0.8772,-0.849,1.9502,0.4042130159456779,0.700000000000017,0.1,0.1000000000000085
1.4060000013560057,0.4232,-0.2557,1.385,1.5263,-0.6079,4.0258,0.6799847409781034,2.8799999999999955,-0.4999999999999999,-0.3299999999999983,-0.9001,0.0,1.1186,-0.929,-0.9315,2.0834,0.438637369344625,0.8000000000000114,0.1,0.1000000000000085
1.4220000002533195,0.4292,-0.2536,1.4590000000000003,1.5651,-0.5753,4.0946,0.6799847409781034,2.9799999999999898,-0.4999999999999999,-0.2299999999999968,-0.8695,0.0,1.1396,-0.9543,-0.979,2.154,0.4582909895475699,0.9000000000000199,0.1,0.1000000000000085
1.4370000008493662,0.4357,-0.2679,1.5122000000000002,1.5929,-0.5542,4.129,0.6799847409781034,2.9799999999999898,-0.4999999999999999,-0.2299999999999968,-0.8525,0.0,1.148,-0.9607,-0.9994,2.1822,0.471459525444419,1.0000000000000142,0.1,0.1000000000000085
1.4530000016093254,0.4358,-0.2723,1.5568000000000002,1.6159,-0.5248,4.1774,0.6799847409781034,3.079999999999984,-0.4999999999999999,-0.2299999999999968,-0.8384,0.0,1.1436,-0.9718,-1.009,2.1984,0.4843228809033341,1.1000000000000227,0.1,0.1000000000000085
1.484000001102686,0.4482,-0.2889,1.5908000000000007,1.6313,-0.5126,4.2078,0.682868696116579,3.079999999999984,-0.4999999999999999,-0.1299999999999954,-0.811,0.0,1.1376,-0.9649,-1.0184,2.2118,0.4920592050049591,1.200000000000017,0.1,0.0
1.5,0.4281,-0.2941,1.5653999999999997,1.6259,-0.5105,4.1804,0.682868696116579,3.079999999999984,-0.4999999999999999,-0.1299999999999954,-0.8024,0.0,1.1464,-0.9562,-1.0417,2.2212,0.49588921950103,1.200000000000017,0.1,0.0
1.5160000007599592,0.379,-0.3113,1.4482000000000002,1.5735,-0.5167,4.0504,0.682868696116579,3.1799999999999926,-0.4999999999999999,-0.1299999999999954,-0.7716,0.0,1.0974,-0.9496,-1.0155,2.191,0.49588921950103,1.3000000000000114,5.551115123125783e-17,0.0
1.5310000013560057,0.3226,-0.316,1.3078,1.5205,-0.5415,3.879,0.6819836728465706,3.1799999999999926,-0.4999999999999999,-0.1299999999999954,-0.7448,0.0,1.0146,-0.9063,-0.9531,2.0808,0.49588921950103,1.3000000000000114,5.551115123125783e-17,0.0
1.5470000002533195,0.2854,-0.3093,1.1608,1.4488,-0.5775,3.682,0.6807934691386283,3.1799999999999926,-0.4999999999999999,-0.1299999999999954,-0.6973,0.0,0.9170000000000001,-0.8607,-0.8747,1.9796,0.4945311665522239,1.3000000000000114,5.551115123125783e-17,0.0
1.5780000016093254,0.2672,-0.269,1.0252,1.3539,-0.595,3.4738,0.6788860914015412,3.079999999999984,-0.4999999999999999,-0.1299999999999954,-0.6412,0.0,0.8252,-0.7961,-0.7912,1.839,0.4897856107423514,1.3000000000000114,5.551115123125783e-17,-0.0999999999999943
1.5940000005066397,0.2443,-0.2408,0.9068,1.2854,-0.6124,3.2796,0.677238117036698,3.079999999999984,-0.4999999999999999,-0.1299999999999954,-0.5931,0.0,0.7395999999999998,-0.7493,-0.7083,1.6994,0.4844907301441977,1.3000000000000114,5.551115123125783e-17,-0.0999999999999943
1.609000001102686,0.2393,-0.2387,0.8494,1.2597,-0.6318,3.2164,0.6738963912413215,3.079999999999984,-0.4999999999999999,-0.1299999999999954,-0.5643,0.0,0.6994,-0.7217,-0.6305,1.5801999999999998,0.4778072785534447,1.3000000000000114,5.551115123125783e-17,-0.0999999999999943
1.625,0.2413,-0.2272,0.8287999999999998,1.2471,-0.6496,3.1782,0.6689677271686886,3.079999999999984,-0.4999999999999999,-0.2299999999999968,-0.5519,0.0,0.6766,-0.6842,-0.6221,1.5428,0.4727718013275349,1.3000000000000114,5.551115123125783e-17,-0.0999999999999943
1.6410000007599592,0.2311,-0.2305,0.8047999999999998,1.2424,-0.6617,3.1606,0.6673197528038454,3.079999999999984,-0.4999999999999999,-0.2299999999999968,-0.5503,0.0,0.6856,-0.6815,-0.5951,1.5186,0.4683619439993896,1.200000000000017,5.551115123125783e-17,-0.1999999999999886
1.6720000002533195,0.2341,-0.2374,0.7914,1.2337,-0.6593,3.1534,0.6659616998550394,3.079999999999984,-0.4999999999999999,-0.2299999999999968,-0.5496,0.0,0.674,-0.6768,-0.603,1.513,0.4679957274738689,1.200000000000017,5.551115123125783e-17,-0.1999999999999886
1.6870000008493662,0.2315,-0.2355,0.7814,1.2298,-0.6719,3.1300000000000003,0.6659616998550394,3.079999999999984,-0.4999999999999999,-0.3299999999999983,-0.5545,0.0,0.6709999999999998,-0.6797,-0.598,1.502,0.4646997787441825,1.200000000000017,5.551115123125783e-17,-0.1999999999999886
1.7030000016093254,0.2306,-0.2229,0.7765999999999998,1.2189,-0.6702,3.1300000000000003,0.6659616998550394,3.079999999999984,-0.4999999999999999,-0.3299999999999983,-0.5404,0.0,0.6654,-0.6778,-0.5867,1.492,0.4628839551384756,1.200000000000017,5.551115123125783e-17,-0.1999999999999886
1.7190000005066397,0.2251,-0.2379,0.76,1.2237,-0.6844,3.1248,0.6659616998550394,3.079999999999984,-0.4999999999999999,-0.3299999999999983,-0.5425,0.0,0.6670000000000001,-0.6537,-0.5923,1.4958000000000002,0.4628839551384756,1.1000000000000227,5.551115123125783e-17,-0.1999999999999886
1.75,0.235,-0.2282,0.7632,1.2191,-0.6884,3.1076,0.6659616998550394,3.079999999999984,-0.4999999999999999,-0.3299999999999983,-0.5366,0.0,0.661,-0.6616,-0.5882,1.4875999999999998,0.4628839551384756,1.1000000000000227,5.551115123125783e-17,-0.0999999999999943
1.7660000007599592,0.225,-0.233,0.7524,1.2243,-0.6759,3.1122,0.6662058442053865,2.9799999999999898,-0.4999999999999999,-0.3299999999999983,-0.5418,0.0,0.6636,-0.6718,-0.5846,1.4786000000000001,0.4627466239414053,1.1000000000000227,5.551115123125783e-17,-0.0999999999999943
1.7810000013560057,0.2358,-0.233,0.7534,1.2182,-0.678,3.1064,0.6662058442053865,2.9799999999999898,-0.4999999999999999,-0.3299999999999983,-0.539,0.0,0.6713999999999998,-0.6783,-0.5815,1.4848,0.4625940337224383,1.1000000000000227,5.551115123125783e-17,-0.0999999999999943
1.7970000002533195,0.2271,-0.2342,0.7472,1.2191,-0.6933,3.1010000000000004,0.6662058442053865,2.9799999999999898,-0.4999999999999999,-0.2299999999999968,-0.5374,0.0,0.666,-0.6624,-0.5715,1.477,0.4618921187151903,1.0000000000000142,5.551115123125783e-17,-0.0999999999999943
1.8120000008493664,0.23,-0.2309,0.7516000000000002,1.2141,-0.6987,3.1026,0.666129549095903,2.8799999999999955,-0.4999999999999999,-0.2299999999999968,-0.5348,0.0,0.665,-0.6629,-0.5854,1.4851999999999999,0.4606866559853513,1.0000000000000142,5.551115123125783e-17,-0.0999999999999943
1.84400000050664,0.2368,-0.2297,0.7416,1.2279,-0.6941,3.1014,0.6659006637674526,2.8799999999999955,-0.4999999999999999,-0.2299999999999968,-0.5296,0.0,0.6682,-0.6653,-0.5774,1.4764,0.4599389639124132,1.0000000000000142,5.551115123125783e-17,0.0
1.859000001102686,0.2289,-0.2346,0.7414,1.2124,-0.6966,3.0955999999999997,0.6657633325703823,2.8799999999999955,-0.4999999999999999,-0.1299999999999954,-0.5289,0.0,0.6523999999999998,-0.6594,-0.5856,1.4762000000000002,0.4599084458686198,1.0000000000000142,5.551115123125783e-17,0.0
1.875,0.2271,-0.227,0.7378,1.2171,-0.6929,3.1052,0.6656260013733121,2.8799999999999955,-0.4999999999999999,-0.1299999999999954,-0.5332,0.0,0.659,-0.6573,-0.5775,1.4712000000000003,0.4596490424963759,1.0000000000000142,5.551115123125783e-17,0.0
1.8910000007599592,0.2278,-0.2282,0.7392,1.2179,-0.7051,3.0938,0.6656107423514153,2.8799999999999955,-0.4999999999999999,-0.1299999999999954,-0.5244,0.0,0.654,-0.6644,-0.5776,1.4752,0.4596032654306858,1.0000000000000142,5.551115123125783e-17,0.0
1.9060000013560057,0.2277,-0.2449,0.7414,1.2217,-0.6883,3.102,0.6655191882200351,2.8799999999999955,-0.4999999999999999,-0.1299999999999954,-0.5302,0.0,0.658,-0.6652,-0.5818,1.4669999999999999,0.4594354161898222,1.0000000000000142,5.551115123125783e-17,0.0
1.9370000008493664,0.223,-0.2364,0.7378,1.2191,-0.6966,3.0972000000000004,0.6655191882200351,2.8799999999999955,-0.4999999999999999,-0.1299999999999954,-0.5221,0.0,0.6602,-0.6657,-0.584,1.4692,0.4592217898832684,0.9000000000000199,5.551115123125783e-17,0.0
1.9530000016093247,0.2327,-0.2369,0.7338,1.2228,-0.6938,3.0914,0.6652292668039979,2.8799999999999955,-0.4999999999999999,-0.1299999999999954,-0.5182,0.0,0.6467999999999998,-0.6597,-0.5755,1.466,0.4585809109636072,0.9000000000000199,5.551115123125783e-17,0.0
1.96900000050664,0.2316,-0.2294,0.7364,1.2188,-0.6972,3.0942,0.6652140077821012,2.779999999999987,-0.4999999999999999,-0.1299999999999954,-0.5208,0.0,0.6542,-0.6584,-0.575,1.4658,0.4578789959563591,0.9000000000000199,5.551115123125783e-17,0.0
1.984000001102686,0.2224,-0.2298,0.7338,1.2267,-0.6948,3.0944,0.664969863431754,2.779999999999987,-0.3999999999999998,-0.0300000000000011,-0.5128,0.0,0.6514,-0.6562,-0.5782,1.4762000000000002,0.4575280384527351,1.0000000000000142,5.551115123125783e-17,0.0
2.0,0.2335,-0.2297,0.7296,1.2207,-0.7023,3.0925999999999996,0.6649240863660639,2.779999999999987,-0.3999999999999998,-0.0300000000000011,-0.5282,0.0,0.6547999999999996,-0.6591,-0.5734,1.4680000000000002,0.4574059662775616,1.0000000000000142,5.551115123125783e-17,0.0
2.0310000013560057,0.2305,-0.2331,0.7374,1.215,-0.6955,3.088000000000001,0.6648325322346837,2.779999999999987,-0.3999999999999998,0.0700000000000002,-0.5223,0.0,0.6472,-0.6578,-0.5838,1.4768,0.4573144121461814,1.0000000000000142,5.551115123125783e-17,0.0
2.04700000025332,0.2314,-0.2288,0.7313999999999998,1.2162,-0.7044,3.0892,0.664817273212787,2.6799999999999926,-0.3999999999999998,0.0700000000000002,-0.5212,0.0,0.6495999999999998,-0.6538,-0.583,1.474,0.4565209430075532,1.0000000000000142,5.551115123125783e-17,-0.0999999999999943
2.062000000849366,0.2281,-0.2275,0.7368,1.2293,-0.6948,3.0896000000000003,0.664817273212787,2.6799999999999926,-0.3999999999999998,0.0700000000000002,-0.5255,0.0,0.651,-0.6629,-0.5724,1.47,0.4562920576791027,1.0000000000000142,5.551115123125783e-17,-0.0999999999999943
2.0780000016093254,0.2373,-0.2357,0.7281999999999998,1.228,-0.6941,3.0928,0.6645731288624399,2.6799999999999926,-0.3999999999999998,0.1700000000000017,-0.5095,0.0,0.6405999999999998,-0.6593,-0.5744,1.4616,0.4558037689784084,1.0000000000000142,5.551115123125783e-17,-0.0999999999999943
2.109000001102686,0.2322,-0.2391,0.7294,1.2181,-0.7018,3.0925999999999996,0.6644052796215763,2.6799999999999926,-0.3999999999999998,0.1700000000000017,-0.5106,0.0,0.6414,-0.6456,-0.5913,1.4635999999999998,0.4553002212558175,1.0000000000000142,5.551115123125783e-17,-0.0999999999999943
2.125,0.2339,-0.2519,0.737,1.2294,-0.6974,3.0886,0.6643747615777829,2.579999999999984,-0.3999999999999998,0.1700000000000017,-0.5045,0.0,0.6483999999999998,-0.6655,-0.5822,1.4800000000000002,0.4549797817959868,1.0000000000000142,5.551115123125783e-17,-0.0999999999999943
2.141000000759959,0.2361,-0.2379,0.7288,1.2169,-0.6922,3.0972000000000004,0.6643137254901961,2.579999999999984,-0.3999999999999998,0.1700000000000017,-0.5097,0.0,0.6394,-0.6584,-0.5769,1.4698,0.4547661554894331,1.0000000000000142,5.551115123125783e-17,-0.0999999999999943
2.1560000013560057,0.233,-0.2335,0.7402,1.2282,-0.7094,3.0818,0.6640238040741588,2.579999999999984,-0.3999999999999998,0.1700000000000017,-0.5069,0.0,0.651,-0.6625,-0.5789,1.4676,0.4546593423361562,1.0000000000000142,5.551115123125783e-17,-0.1999999999999886
2.17200000025332,0.2417,-0.2398,0.7402,1.2235,-0.6893,3.0778,0.6638559548332952,2.579999999999984,-0.3999999999999998,0.1700000000000017,-0.4965,0.0,0.6382,-0.661,-0.5857,1.478,0.4544609750514992,1.0000000000000142,5.551115123125783e-17,-0.1999999999999886
2.2030000016093254,0.2309,-0.2335,0.7272,1.2286,-0.694,3.095,0.6638254367895018,2.6799999999999926,-0.3999999999999998,0.1700000000000017,-0.5047,0.0,0.638,-0.6578,-0.5807,1.4672,0.4532860303654535,1.0000000000000142,5.551115123125783e-17,-0.1999999999999886
2.2190000005066395,0.2401,-0.2372,0.728,1.2208,-0.6977,3.092,0.663764400701915,2.6799999999999926,-0.3999999999999998,0.1700000000000017,-0.4933,0.0,0.642,-0.664,-0.5828,1.4600000000000002,0.4529198138399328,1.0000000000000142,5.551115123125783e-17,-0.1999999999999886
2.234000001102686,0.2484,-0.2342,0.7416,1.2283,-0.7024,3.0980000000000003,0.6636270695048447,2.6799999999999926,-0.3999999999999998,0.1700000000000017,-0.5019,0.0,0.6485999999999998,-0.6667,-0.5783,1.4656,0.4526146334019989,1.0000000000000142,5.551115123125783e-17,-0.1999999999999886
2.25,0.2308,-0.2286,0.7426,1.2291,-0.7085,3.0908,0.6633981841763943,2.6799999999999926,-0.3999999999999998,0.0700000000000002,-0.5024,0.0,0.6464,-0.6614,-0.5871,1.4666,0.4525383382925154,1.0000000000000142,5.551115123125783e-17,-0.2999999999999971
2.2810000013560057,0.2333,-0.2479,0.7386,1.2393,-0.6989,3.0966,0.6633066300450141,2.6799999999999926,-0.3999999999999998,0.0700000000000002,-0.5044,0.0,0.6368,-0.663,-0.5797,1.4635999999999998,0.4523704890516518,1.0000000000000142,5.551115123125783e-17,-0.2999999999999971
2.29700000025332,0.2413,-0.2338,0.7361999999999999,1.2275,-0.7074,3.0892,0.6632303349355306,2.6799999999999926,-0.3999999999999998,0.0700000000000002,-0.4905,0.0,0.6392,-0.6596,-0.5763,1.4562,0.4524773022049286,1.1000000000000227,5.551115123125783e-17,-0.2999999999999971
2.312000000849366,0.2294,-0.2333,0.7386,1.2325,-0.703,3.0924,0.6631540398260471,2.779999999999987,-0.3999999999999998,0.0700000000000002,-0.4942,0.0,0.6374,-0.6748,-0.5831,1.4614,0.4523704890516518,1.1000000000000227,5.551115123125783e-17,-0.2999999999999971
2.3280000016093254,0.2375,-0.2367,0.7348,1.231,-0.6906,3.094,0.6628793774319066,2.779999999999987,-0.3999999999999998,0.0700000000000002,-0.4993,0.0,0.6418,-0.6644,-0.5676,1.4678000000000002,0.4523247119859617,1.1000000000000227,5.551115123125783e-17,-0.3999999999999915
2.3440000005066395,0.2282,-0.2344,0.7234000000000002,1.2269,-0.6869,3.0942,0.6627420462348363,2.779999999999987,-0.3999999999999998,0.0700000000000002,-0.5006,0.0,0.644,-0.6494,-0.5741,1.4706000000000001,0.4521416037232013,1.1000000000000227,-0.0999999999999999,-0.3999999999999915
2.375,0.2418,-0.2446,0.7352,1.2362,-0.6995,3.0878,0.6625741969939727,2.779999999999987,-0.3999999999999998,0.0700000000000002,-0.5029,0.0,0.6343999999999999,-0.6669,-0.5796,1.4593999999999998,0.45145494773785,1.1000000000000227,-0.0999999999999999,-0.3999999999999915
2.391000000759959,0.2414,-0.2335,0.7306,1.2314,-0.6986,3.1016,0.662558937972076,2.6799999999999926,-0.3999999999999998,0.0700000000000002,-0.4942,0.0,0.6372,-0.6557,-0.5869,1.4640000000000002,0.4512718394750896,1.1000000000000227,-0.0999999999999999,-0.3999999999999915
2.4060000013560057,0.2434,-0.2393,0.7284,1.2271,-0.7038,3.0936,0.6623758297093156,2.6799999999999926,-0.3999999999999998,0.0700000000000002,-0.4965,0.0,0.6443999999999998,-0.6734,-0.5734,1.4723999999999997,0.4512260624093995,1.1000000000000227,-0.0999999999999999,-0.3999999999999915
2.42200000025332,0.2345,-0.2396,0.7336,1.229,-0.6991,3.0765999999999996,0.6623605706874189,2.6799999999999926,-0.3999999999999998,0.0700000000000002,-0.4885,0.0,0.6462,-0.6474,-0.5729,1.463,0.4511650263218127,1.1000000000000227,-0.0999999999999999,-0.5
2.437000000849366,0.2372,-0.2427,0.7366,1.2311,-0.6954,3.091800000000001,0.6623147936217288,2.6799999999999926,-0.3999999999999998,0.1700000000000017,-0.4906,0.0,0.6382,-0.67,-0.568,1.4662,0.4510429541466392,1.1000000000000227,-0.0999999999999999,-0.5
2.4690000005066395,0.2391,-0.2373,0.7338,1.2282,-0.6998,3.0864,0.662207980468452,2.6799999999999926,-0.3999999999999998,0.1700000000000017,-0.4985,0.0,0.636,-0.6688,-0.5677,1.4680000000000002,0.4510276951247425,1.1000000000000227,-0.0999999999999999,-0.5
2.484000001102686,0.2356,-0.238,0.7304,1.2342,-0.6997,3.0882,0.662207980468452,2.6799999999999926,-0.3999999999999998,0.1700000000000017,-0.483,0.0,0.6348,-0.6606,-0.5858,1.4684,0.4509056229495689,1.1000000000000227,-0.0999999999999999,-0.3999999999999915
2.5,0.2302,-0.2377,0.7296,1.2371,-0.6904,3.0896000000000003,0.6620401312275883,2.579999999999984,-0.3999999999999998,0.1700000000000017,-0.485,0.0,0.6338,-0.6606,-0.5734,1.4646,0.450798809796292,1.1000000000000227,-0.0999999999999999,-0.3999999999999915
2.516000000759959,0.2398,-0.2381,0.7424,1.2375,-0.692,3.091800000000001,0.6619638361181048,2.579999999999984,-0.3999999999999998,0.2700000000000031,-0.4995,0.0,0.6375999999999998,-0.6612,-0.5759,1.4628000000000003,0.4507225146868086,1.1000000000000227,-0.0999999999999999,-0.3999999999999915
2.5310000013560057,0.2474,-0.2382,0.7328,1.2482,-0.6852,3.094,0.661857022964828,2.579999999999984,-0.3999999999999998,0.2700000000000031,-0.4905,0.0,0.6304,-0.6545,-0.5853,1.4593999999999998,0.4501884489204242,1.0000000000000142,-0.0999999999999999,-0.3999999999999915
2.562000000849366,0.2347,-0.2383,0.7378,1.2377,-0.6923,3.0968,0.6616891737239643,2.579999999999984,-0.3999999999999998,0.2700000000000031,-0.4766,0.0,0.6345999999999998,-0.6643,-0.5779,1.4694,0.4499900816357671,1.0000000000000142,5.551115123125783e-17,-0.3999999999999915
2.5780000016093254,0.2351,-0.2452,0.7272,1.2392,-0.6948,3.0878,0.6616281376363775,2.579999999999984,-0.3999999999999998,0.2700000000000031,-0.4845,0.0,0.632,-0.6586,-0.5848,1.4646,0.4498527504386969,1.0000000000000142,5.551115123125783e-17,-0.3999999999999915
2.5940000005066395,0.2353,-0.2383,0.7386,1.257,-0.6953,3.0844,0.6615671015487907,2.579999999999984,-0.3999999999999998,0.1700000000000017,-0.4882,0.0,0.6338,-0.6631,-0.5741,1.4612,0.4492881666285191,1.0000000000000142,5.551115123125783e-17,-0.2999999999999971
2.609000001102686,0.2351,-0.2404,0.7333999999999998,1.2394,-0.6809,3.0798,0.661551842526894,2.6799999999999926,-0.3999999999999998,0.1700000000000017,-0.4776,0.0,0.6243999999999998,-0.6557,-0.583,1.4662,0.4489219501029984,1.0000000000000142,5.551115123125783e-17,-0.2999999999999971
2.641000000759959,0.2263,-0.2456,0.7298,1.2494,-0.6824,3.0864,0.6612619211108568,2.6799999999999926,-0.3999999999999998,0.1700000000000017,-0.4877,0.0,0.6159999999999998,-0.6583,-0.5764,1.4732,0.4475028610666056,1.0000000000000142,5.551115123125783e-17,-0.2999999999999971
2.6560000013560057,0.2363,-0.2438,0.7483999999999998,1.2409,-0.6804,3.0784,0.6608957045853361,2.6799999999999926,-0.3999999999999998,0.1700000000000017,-0.4799,0.0,0.6328,-0.658,-0.5598,1.4644000000000001,0.4464194705119401,1.0000000000000142,5.551115123125783e-17,-0.2999999999999971
2.67200000025332,0.2178,-0.2581,0.7398,1.2539,-0.6762,3.0803999999999996,0.6596902418554971,2.6799999999999926,-0.3999999999999998,0.0700000000000002,-0.4889,0.0,0.6265999999999998,-0.6574,-0.5713,1.4734,0.4455802243076218,1.0000000000000142,5.551115123125783e-17,-0.2999999999999971
2.687000000849366,0.2244,-0.2423,0.7313999999999998,1.2384,-0.6746,3.0638,0.6594613565270466,2.6799999999999926,-0.3999999999999998,0.0700000000000002,-0.4897,0.0,0.6265999999999998,-0.6543,-0.573,1.4646,0.4435965514610513,1.0000000000000142,5.551115123125783e-17,-0.2999999999999971
2.7030000016093254,0.2188,-0.2386,0.7348,1.2337,-0.6883,3.068800000000001,0.6594613565270466,2.6799999999999926,-0.3999999999999998,0.0700000000000002,-0.4885,0.0,0.6222,-0.6462,-0.5849,1.4842000000000002,0.442055390249485,1.0000000000000142,5.551115123125783e-17,-0.2999999999999971
2.734000001102686,0.2223,-0.2448,0.7384,1.2405,-0.6719,3.0756,0.6594613565270466,2.779999999999987,-0.3999999999999998,0.0700000000000002,-0.4873,0.0,0.6238,-0.6584,-0.5547,1.4806,0.4415671015487907,1.0000000000000142,5.551115123125783e-17,-0.2999999999999971
2.75,0.2216,-0.2433,0.736,1.252,-0.6634,3.0714,0.6588204776073854,2.779999999999987,-0.3999999999999998,0.0700000000000002,-0.4803,0.0,0.6203999999999998,-0.6662,-0.5727,1.4746,0.4413229571984435,1.0000000000000142,5.551115123125783e-17,-0.2999999999999971
2.766000000759959,0.2291,-0.2345,0.7256,1.2576,-0.6669,3.066,0.6588204776073854,2.779999999999987,-0.3999999999999998,0.0700000000000002,-0.4891,0.0,0.6159999999999998,-0.6651,-0.5835,1.4736,0.4408804455634393,1.0000000000000142,5.551115123125783e-17,-0.2999999999999971
2.7810000013560057,0.2194,-0.2525,0.7398,1.2435,-0.6726,3.077,0.6586221103227283,2.6799999999999926,-0.3999999999999998,0.0700000000000002,-0.4816,0.0,0.6173999999999998,-0.6625,-0.567,1.4715999999999998,0.4406363012130922,1.0000000000000142,5.551115123125783e-17,-0.2999999999999971
2.79700000025332,0.2171,-0.2527,0.7384,1.2564,-0.6661,3.0826,0.6586221103227283,2.6799999999999926,-0.3999999999999998,0.0700000000000002,-0.4821,0.0,0.6201999999999998,-0.655,-0.573,1.4694,0.4406363012130922,1.0000000000000142,5.551115123125783e-17,-0.3999999999999915
2.8280000016093254,0.2346,-0.2472,0.737,1.2558,-0.6646,3.0798,0.6585763332570382,2.6799999999999926,-0.3999999999999998,0.0700000000000002,-0.4815,0.0,0.6138,-0.6581,-0.577,1.4768,0.4405905241474021,1.0000000000000142,5.551115123125783e-17,-0.3999999999999915
2.8440000005066395,0.227,-0.2541,0.735,1.258,-0.6678,3.0768,0.6585458152132448,2.6799999999999926,-0.3999999999999998,0.1700000000000017,-0.4762,0.0,0.6225999999999998,-0.6714,-0.5912,1.4772,0.4405905241474021,1.0000000000000142,5.551115123125783e-17,-0.3999999999999915
2.859000001102686,0.22,-0.2526,0.7368,1.2549,-0.6719,3.0750000000000006,0.6585305561913481,2.579999999999984,-0.3999999999999998,0.1700000000000017,-0.4751,0.0,0.6138,-0.6525,-0.5603,1.4729999999999999,0.4405905241474021,1.1000000000000227,5.551115123125783e-17,-0.3999999999999915
2.875,0.2182,-0.247,0.736,1.2509,-0.6845,3.0706,0.6585152971694515,2.579999999999984,-0.3999999999999998,0.1700000000000017,-0.4822,0.0,0.6262,-0.6496,-0.5753,1.4748,0.4406363012130922,1.1000000000000227,5.551115123125783e-17,-0.3999999999999915
2.9060000013560057,0.2178,-0.2534,0.728,1.2596,-0.6711,3.0744,0.6585152971694515,2.579999999999984,-0.3999999999999998,0.2700000000000031,-0.484,0.0,0.6166,-0.6619,-0.5621,1.4706000000000001,0.4406363012130922,1.1000000000000227,5.551115123125783e-17,-0.5
2.92200000025332,0.2333,-0.2464,0.7318,1.2484,-0.6822,3.0768,0.6585458152132448,2.579999999999984,-0.3999999999999998,0.2700000000000031,-0.4804,0.0,0.6176,-0.6612,-0.5812,1.4794,0.4405905241474021,1.1000000000000227,5.551115123125783e-17,-0.5
2.937000000849366,0.2171,-0.244,0.7308,1.261,-0.6704,3.0782,0.6585458152132448,2.579999999999984,-0.3999999999999998,0.2700000000000031,-0.4766,0.0,0.6176,-0.6717,-0.5754,1.4712000000000003,0.4404074158846418,1.1000000000000227,5.551115123125783e-17,-0.5
2.9530000016093254,0.2298,-0.2448,0.7296,1.2599,-0.6783,3.067400000000001,0.6585458152132448,2.579999999999984,-0.3999999999999998,0.2700000000000031,-0.4728,0.0,0.6153999999999996,-0.6646,-0.5676,1.4732,0.4404074158846418,1.1000000000000227,5.551115123125783e-17,-0.5
2.9690000005066395,0.2312,-0.2437,0.731,1.2508,-0.6888,3.0722,0.658637369344625,2.579999999999984,-0.3999999999999998,0.2700000000000031,-0.4831,0.0,0.6166,-0.6604,-0.5741,1.4742000000000004,0.4403921568627451,1.1000000000000227,5.551115123125783e-17,-0.5
3.0,0.2314,-0.2305,0.735,1.2567,-0.6875,3.068,0.658637369344625,2.579999999999984,-0.3999999999999998,0.2700000000000031,-0.4736,0.0,0.6108,-0.647,-0.5749,1.4726,0.4403921568627451,1.1000000000000227,5.551115123125783e-17,-0.5
3.016000000759959,0.2367,-0.241,0.7357999999999998,1.2472,-0.689,3.066,0.658637369344625,2.579999999999984,-0.3999999999999998,0.2700000000000031,-0.4727,0.0,0.6172,-0.653,-0.5666,1.4736,0.4402090485999847,1.1000000000000227,-0.0999999999999999,-0.5
3.0310000013560057,0.2283,-0.2444,0.7186,1.2659,-0.6876,3.0726,0.658637369344625,2.579999999999984,-0.3999999999999998,0.1700000000000017,-0.4672,0.0,0.6066,-0.6542,-0.5785,1.4753999999999998,0.440193789578088,1.1000000000000227,-0.0999999999999999,-0.5
3.04700000025332,0.225,-0.241,0.728,1.2549,-0.6802,3.0792,0.6586831464103151,2.579999999999984,-0.3999999999999998,0.1700000000000017,-0.4636,0.0,0.6103999999999998,-0.6674,-0.5747,1.4814,0.4399801632715343,1.1000000000000227,-0.0999999999999999,-0.5999999999999943
3.062000000849366,0.2302,-0.237,0.723,1.2475,-0.6914,3.0765999999999996,0.6586831464103151,2.6799999999999926,-0.3999999999999998,0.1700000000000017,-0.4762,0.0,0.617,-0.665,-0.5871,1.4816000000000005,0.4399801632715343,1.1000000000000227,-0.0999999999999999,-0.5999999999999943
3.0940000005066395,0.2302,-0.2417,0.7234000000000002,1.2478,-0.6821,3.0778,0.6586831464103151,2.6799999999999926,-0.3999999999999998,0.1700000000000017,-0.4759,0.0,0.6056,-0.6724,-0.5717,1.4794,0.4399191271839475,1.1000000000000227,-0.0999999999999999,-0.5999999999999943
3.109000001102686,0.2354,-0.238,0.7162,1.2565,-0.6971,3.0714,0.6586831464103151,2.6799999999999926,-0.3999999999999998,0.0700000000000002,-0.462,0.0,0.615,-0.6638,-0.5758,1.4728,0.4397207598992904,1.1000000000000227,-0.0999999999999999,-0.5999999999999943
3.125,0.2386,-0.2302,0.7162,1.2532,-0.6983,3.0806,0.6588509956511788,2.6799999999999926,-0.3999999999999998,0.0700000000000002,-0.4616,0.0,0.6102,-0.6658,-0.5737,1.4844000000000002,0.4397207598992904,1.1000000000000227,-0.0999999999999999,-0.6999999999999886
3.141000000759959,0.2423,-0.2312,0.7146,1.2423,-0.705,3.0716,0.658988326848249,2.6799999999999926,-0.3999999999999998,0.0700000000000002,-0.4537,0.0,0.6088,-0.6527,-0.5702,1.4851999999999999,0.4396139467460135,1.1000000000000227,-0.0999999999999999,-0.6999999999999886
3.1560000013560057,0.2389,-0.2323,0.7122,1.2541,-0.7053,3.0778,0.6590035858701457,2.6799999999999926,-0.3999999999999998,0.0700000000000002,-0.4593,0.0,0.6103999999999998,-0.659,-0.5786,1.4934,0.4395529106584268,1.1000000000000227,-0.0999999999999999,-0.6999999999999886
3.187000000849366,0.2461,-0.2357,0.7124,1.2588,-0.6993,3.0731999999999986,0.6592324711985962,2.6799999999999926,-0.3999999999999998,0.0700000000000002,-0.4696,0.0,0.613,-0.6557,-0.5831,1.4866000000000001,0.4395529106584268,1.1000000000000227,-0.0999999999999999,-0.6999999999999886
3.2030000016093254,0.2476,-0.2274,0.7098,1.2621,-0.6939,3.075800000000001,0.659293507286183,2.6799999999999926,-0.3999999999999998,0.0700000000000002,-0.4584,0.0,0.609,-0.6648,-0.5834,1.4742000000000004,0.4395529106584268,1.1000000000000227,-0.0999999999999999,-0.6999999999999886
3.2190000005066395,0.2498,-0.2192,0.7054,1.2532,-0.7114,3.0803999999999996,0.6595376516365301,2.6799999999999926,-0.3999999999999998,0.0700000000000002,-0.4435,0.0,0.618,-0.6594,-0.5908,1.4818,0.43949187457084,1.1000000000000227,-0.0999999999999999,-0.6999999999999886
3.234000001102686,0.2467,-0.2199,0.6904,1.2399,-0.7071,3.0754,0.659644464789807,2.6799999999999926,-0.3999999999999998,0.0700000000000002,-0.4543,0.0,0.61,-0.6665,-0.5772,1.4917999999999998,0.43949187457084,1.1000000000000227,-0.0999999999999999,-0.6999999999999886
3.266000000759959,0.2541,-0.2383,0.7011999999999996,1.2425,-0.7141,3.0868,0.6596749828336004,2.6799999999999926,-0.3999999999999998,0.1700000000000017,-0.4671,0.0,0.6051999999999998,-0.6575,-0.5812,1.4854,0.43949187457084,1.1000000000000227,-0.0999999999999999,-0.6999999999999886
3.2810000013560057,0.2615,-0.206,0.7036,1.242,-0.7205,3.0902,0.6599496452277409,2.6799999999999926,-0.3999999999999998,0.1700000000000017,-0.441,0.0,0.6126,-0.6647,-0.5868,1.4882000000000002,0.439690241855497,1.1000000000000227,-0.0999999999999999,-0.6999999999999886
3.29700000025332,0.2521,-0.2167,0.6796,1.2543,-0.7356,3.0884,0.6605905241474022,2.6799999999999926,-0.3999999999999998,0.1700000000000017,-0.4437,0.0,0.6158,-0.6535,-0.5776,1.4898,0.4402243076218814,1.1000000000000227,-0.0999999999999999,-0.6999999999999886
3.312000000849366,0.248,-0.2185,0.6936,1.2342,-0.7372,3.0996,0.6611856260013733,2.6799999999999926,-0.3999999999999998,0.1700000000000017,-0.445,0.0,0.6054,-0.6555,-0.5848,1.4898,0.4406668192568856,1.1000000000000227,-0.0999999999999999,-0.6999999999999886
3.3280000016093254,0.2713,-0.2149,0.6859999999999998,1.2257,-0.7403,3.1094000000000004,0.6622690165560388,2.579999999999984,-0.3999999999999998,0.1700000000000017,-0.4343,0.0,0.6026,-0.6717,-0.5855,1.4974,0.4409109636072327,1.1000000000000227,-0.0999999999999999,-0.6999999999999886
3.359000001102686,0.2657,-0.205,0.672,1.2469,-0.7538,3.102,0.6628641184100099,2.579999999999984,-0.3999999999999998,0.1700000000000017,-0.4348,0.0,0.6166,-0.6489,-0.5829,1.4906,0.4417654688334477,1.1000000000000227,-0.0999999999999999,-0.6999999999999886
3.375,0.2784,-0.1933,0.6709999999999998,1.2303,-0.7639,3.0998,0.6636728465705348,2.6799999999999926,-0.3999999999999998,0.1700000000000017,-0.4267,0.0,0.598,-0.6591,-0.5994,1.498,0.4418112458991378,1.0000000000000142,-0.0999999999999999,-0.5999999999999943
3.391000000759959,0.2728,-0.2238,0.6782,1.2153,-0.7679,3.1236,0.6641306172274357,2.6799999999999926,-0.3999999999999998,0.1700000000000017,-0.4389,0.0,0.6018,-0.6578,-0.6123,1.4944,0.4418112458991378,1.0000000000000142,-0.0999999999999999,-0.5999999999999943
3.4060000013560057,0.275,-0.1946,0.6654,1.2373,-0.7737,3.1,0.666434729533837,2.6799999999999926,-0.3999999999999998,0.1700000000000017,-0.4255,0.0,0.6192,-0.6649,-0.5916,1.5026,0.4426962691691462,1.0000000000000142,5.551115123125783e-17,-0.5999999999999943
3.437000000849366,0.269,-0.2004,0.6634,1.214,-0.8038,3.1272,0.6687541008621348,2.6799999999999926,-0.3999999999999998,0.1700000000000017,-0.414,0.0,0.6196,-0.6571,-0.605,1.5044000000000002,0.4442832074464026,1.0000000000000142,-0.0999999999999999,-0.5999999999999943
3.4530000016093254,0.2797,-0.2015,0.6665999999999997,1.1957,-0.7903,3.1436000000000006,0.6719890135042345,2.6799999999999926,-0.3999999999999998,0.1700000000000017,-0.421,0.0,0.6092,-0.6672,-0.6171,1.5118,0.4452140077821011,1.0000000000000142,-0.0999999999999999,-0.5999999999999943
3.4690000005066395,0.2895,-0.1695,0.638,1.2245,-0.8028,3.1318,0.6726909285114825,2.6799999999999926,-0.3999999999999998,0.1700000000000017,-0.4012,0.0,0.6136,-0.658,-0.6099,1.5022,0.4453971160448615,1.0000000000000142,5.551115123125783e-17,-0.5999999999999943
3.484000001102686,0.2899,-0.18,0.6415999999999998,1.1854,-0.8372,3.1588,0.6740184634164951,2.6799999999999926,-0.3999999999999998,0.0700000000000002,-0.4001,0.0,0.6051999999999998,-0.6551,-0.6061,1.5110000000000001,0.4459769588769359,1.0000000000000142,-0.0999999999999999,-0.5999999999999943
3.5,0.3045,-0.1659,0.6441999999999998,1.1914,-0.8335,3.1582000000000003,0.6744609750514993,2.6799999999999926,-0.3999999999999998,0.0700000000000002,-0.3987,0.0,0.6102,-0.664,-0.6165,1.5184,0.4464042114900434,1.0000000000000142,5.551115123125783e-17,-0.5999999999999943
3.5310000013560057,0.2987,-0.154,0.6158,1.209,-0.8522,3.1534,0.6744609750514993,2.6799999999999926,-0.3999999999999998,0.0700000000000002,-0.3924,0.0,0.622,-0.6607,-0.6109,1.5270000000000001,0.4505394064240482,1.0000000000000142,-0.0999999999999999,-0.6999999999999886
3.54700000025332,0.2985,-0.1622,0.6343999999999999,1.1611,-0.8691,3.1836,0.6744609750514993,2.6799999999999926,-0.3999999999999998,0.0700000000000002,-0.3827,0.0,0.6161999999999997,-0.649,-0.6199,1.523,0.4551781490806439,1.0000000000000142,-0.0999999999999999,-0.6999999999999886
3.562000000849366,0.3055,-0.1427,0.6144,1.1793,-0.8885,3.186,0.6720042725261312,2.6799999999999926,-0.3999999999999998,0.0700000000000002,-0.3926,0.0,0.6273999999999998,-0.6622,-0.6216,1.5296,0.4556664377813382,1.0000000000000142,5.551115123125783e-17,-0.6999999999999886
3.5780000016093254,0.3126,-0.1285,0.599,1.1756,-0.8957,3.179,0.6681742580300604,2.6799999999999926,-0.3999999999999998,0.0700000000000002,-0.3766,0.0,0.6245999999999996,-0.6573,-0.6318,1.5338,0.4602288853284504,1.0000000000000142,-0.0999999999999999,-0.6999999999999886
3.5940000005066395,0.3124,-0.1355,0.5926,1.1439,-0.9104,3.2146000000000003,0.6672434576943619,2.6799999999999926,-0.3999999999999998,0.0700000000000002,-0.365,0.0,0.622,-0.6456,-0.6401,1.5393999999999999,0.4658136873426413,1.1000000000000227,-0.0999999999999999,-0.6999999999999886
3.625,0.3225,-0.0981,0.5886,1.1407,-0.918,3.209,0.6629098954757,2.6799999999999926,-0.3999999999999998,0.0700000000000002,-0.3588,0.0,0.6325999999999998,-0.6405,-0.6447,1.543,0.4682703898680094,1.1000000000000227,5.551115123125783e-17,-0.6999999999999886
3.641000000759959,0.3085,-0.0902,0.5677999999999997,1.157,-0.9466,3.2134,0.6499397268635081,2.6799999999999926,-0.3999999999999998,0.1700000000000017,-0.3421,0.0,0.6334,-0.6446,-0.6359,1.5442,0.4710322728313115,1.1000000000000227,-0.0999999999999999,-0.6999999999999886
3.6560000013560057,0.3152,-0.1026,0.5761999999999998,1.104,-0.9637,3.2466000000000004,0.6390753032730603,2.6799999999999926,-0.3999999999999998,0.1700000000000017,-0.3487,0.0,0.64,-0.6468,-0.6418,1.5636,0.4712611581597619,1.1000000000000227,-0.0999999999999999,-0.6999999999999886
3.67200000025332,0.3229,-0.0706,0.5536,1.1221,-0.9756,3.2424,0.6290196078431373,2.6799999999999926,-0.3999999999999998,0.1700000000000017,-0.3308,0.0,0.6382,-0.644,-0.6611,1.5752,0.4712611581597619,1.0000000000000142,5.551115123125783e-17,-0.6999999999999886
3.687000000849366,0.3041,-0.0626,0.5496,1.1115,-1.0091,3.2464,0.6042542153047991,2.579999999999984,-0.3999999999999998,0.1700000000000017,-0.3203,0.0,0.644,-0.6326,-0.6586,1.5836,0.4712611581597619,1.0000000000000142,-0.0999999999999999,-0.6999999999999886
3.71900000050664,0.3116,-0.0619,0.5539999999999998,1.0754,-1.0223,3.2710000000000004,0.5800839246204319,2.579999999999984,-0.3999999999999998,0.1700000000000017,-0.3159,0.0,0.6443999999999998,-0.6306,-0.6636,1.594,0.4643488212405585,1.0000000000000142,-0.0999999999999999,-0.6999999999999886
3.734000001102686,0.315,-0.0322,0.5275999999999998,1.1025,-1.021,3.265600000000001,0.5671900511177234,2.579999999999984,-0.3999999999999998,0.1700000000000017,-0.299,0.0,0.6487999999999998,-0.6361,-0.6711,1.6050000000000002,0.4592523079270618,1.0000000000000142,5.551115123125783e-17,-0.6999999999999886
3.75,0.3151,-0.0237,0.5233999999999998,1.0757,-1.0604,3.2746,0.5626581216144045,2.579999999999984,-0.3999999999999998,0.1700000000000017,-0.305,0.0,0.649,-0.6313,-0.6787,1.6264,0.457283894102388,1.0000000000000142,-0.0999999999999999,-0.6999999999999886
3.766000000759959,0.2964,-0.0252,0.5248,1.0618,-1.057,3.3021999999999996,0.557912565804532,2.579999999999984,-0.3999999999999998,0.1700000000000017,-0.2907,0.0,0.662,-0.6204,-0.6841,1.6298000000000001,0.4534691386282139,1.0000000000000142,-0.0999999999999999,-0.6999999999999886
3.79700000025332,0.3017,-0.0105,0.5086,1.058,-1.0891,3.3012,0.5477195391775388,2.579999999999984,-0.3999999999999998,0.1700000000000017,-0.283,0.0,0.662,-0.6276,-0.6933,1.6494,0.4482963302052338,1.0000000000000142,5.551115123125783e-17,-0.6999999999999886
3.812000000849366,0.2923,0.0,0.5111999999999998,1.0456,-1.1089,3.3064,0.5438132295719845,2.579999999999984,-0.3999999999999998,0.1700000000000017,-0.2835,0.0,0.6624,-0.6056,-0.6992,1.6609999999999998,0.4463889524681467,1.0000000000000142,-0.0999999999999999,-0.6999999999999886
3.828000001609325,0.2895,-0.0032,0.5144,1.0265,-1.1279,3.3316000000000003,0.5438132295719845,2.579999999999984,-0.3999999999999998,0.1700000000000017,-0.2686,0.0,0.6622,-0.6194,-0.7087,1.6790000000000005,0.4463889524681467,1.0000000000000142,5.551115123125783e-17,-0.6999999999999886
3.84400000050664,0.2828,0.0,0.5098,1.0182,-1.1279,3.3454,0.5438132295719845,2.579999999999984,-0.3999999999999998,0.1700000000000017,-0.2605,0.0,0.6657999999999998,-0.6179,-0.6954,1.6830000000000005,0.4463889524681467,1.0000000000000142,5.551115123125783e-17,-0.6999999999999886
3.859000001102686,0.2659,0.0,0.4947999999999998,1.0123,-1.1662,3.3474,0.5438132295719845,2.579999999999984,-0.3999999999999998,0.1700000000000017,-0.2499,0.0,0.6748,-0.6019,-0.7095,1.6988,0.4463889524681467,1.0000000000000142,5.551115123125783e-17,-0.6999999999999886
3.891000000759959,0.2483,0.0,0.5038,0.9859,-1.1808,3.3642,0.5438132295719845,2.579999999999984,-0.3999999999999998,0.1700000000000017,-0.2421,0.0,0.6668,-0.6057,-0.7191,1.7252,0.4463889524681467,1.0000000000000142,5.551115123125783e-17,-0.6999999999999886
3.9060000013560057,0.2419,0.0,0.5151999999999998,0.981,-1.189,3.381,0.5464835584039064,2.579999999999984,-0.3999999999999998,0.1700000000000017,-0.2347,0.0,0.6717999999999998,-0.5988,-0.7338,1.7400000000000002,0.4531792172121767,1.0000000000000142,5.551115123125783e-17,-0.6999999999999886
3.92200000025332,0.2315,0.0,0.511,0.9785,-1.2001,3.3838000000000004,0.5496116578927291,2.579999999999984,-0.3999999999999998,0.0700000000000002,-0.2216,0.0,0.6812,-0.6083,-0.7192,1.7451999999999999,0.4531792172121767,1.0000000000000142,5.551115123125783e-17,-0.6999999999999886
3.937000000849366,0.1994,0.0,0.5148,0.96,-1.243,3.3958,0.5533348592355231,2.579999999999984,-0.3999999999999998,0.0700000000000002,-0.2153,0.0,0.6751999999999998,-0.5898,-0.7308,1.7744000000000002,0.4531792172121767,1.0000000000000142,-0.0999999999999999,-0.6999999999999886
3.953000001609325,0.1856,0.0,0.5245999999999998,0.9258,-1.2558,3.4126,0.5566460669871062,2.579999999999984,-0.3999999999999998,0.0700000000000002,-0.2033,0.0,0.6716,-0.5815,-0.7445,1.796,0.4449546044098573,1.0000000000000142,5.551115123125783e-17,-0.6999999999999886
3.984000001102686,0.1797,0.0,0.523,0.9359,-1.273,3.4364000000000003,0.5566460669871062,2.6799999999999926,-0.3999999999999998,0.0700000000000002,-0.1825,0.0,0.6742,-0.5737,-0.7332,1.8008,0.4390646219577325,1.0000000000000142,5.551115123125783e-17,-0.6999999999999886
4.0,0.1592,0.0,0.5254,0.9293,-1.2809,3.4385999999999997,0.5566460669871062,2.6799999999999926,-0.3999999999999998,0.0700000000000002,-0.1783,0.0,0.6734,-0.5632,-0.7583,1.84,0.4390646219577325,1.0000000000000142,-0.0999999999999999,-0.6999999999999886
4.016000000759959,0.1339,0.0,0.553,0.8808,-1.3076,3.4498,0.5384420538643473,2.6799999999999926,-0.3999999999999998,0.0700000000000002,-0.1761,0.0,0.6778,-0.5611,-0.7743,1.8504,0.4390646219577325,1.0000000000000142,5.551115123125783e-17,-0.6999999999999886
4.031000001356006,0.1182,0.0,0.5522,0.8995,-1.3146,3.449,0.5384420538643473,2.6799999999999926,-0.3999999999999998,0.0700000000000002,-0.1634,0.0,0.6778,-0.5573,-0.7598,1.8674,0.4390646219577325,0.9000000000000199,5.551115123125783e-17,-0.6999999999999886
4.04700000025332,0.0931,0.0,0.5496,0.8664,-1.3154,3.4444,0.5384420538643473,2.6799999999999926,-0.3999999999999998,-0.0300000000000011,-0.1379,0.0,0.6734,-0.5469,-0.7805,1.901,0.4390646219577325,0.9000000000000199,-0.0999999999999999,-0.6999999999999886
4.078000001609325,0.079,0.0,0.5674,0.8347,-1.324,3.446,0.5384420538643473,2.6799999999999926,-0.3999999999999998,-0.0300000000000011,-0.135,0.0,0.6652,-0.5419,-0.7875,1.9214,0.4574059662775616,0.9000000000000199,5.551115123125783e-17,-0.5999999999999943
4.09400000050664,0.0526,0.0,0.5772,0.8391,-1.3307,3.4350000000000005,0.5384420538643473,2.6799999999999926,-0.3999999999999998,-0.0300000000000011,-0.139,0.0,0.6699999999999998,-0.5428,-0.7765,1.9342,0.4635095750362401,0.9000000000000199,5.551115123125783e-17,-0.5999999999999943
4.109000001102686,0.0431,0.0,0.5832,0.8288,-1.3322,3.4318000000000004,0.5690516517891203,2.6799999999999926,-0.3999999999999998,-0.0300000000000011,-0.1153,0.0,0.6557999999999998,-0.5344,-0.7928,1.962,0.4656458381017777,0.9000000000000199,5.551115123125783e-17,-0.5999999999999943
4.125,0.027,0.0,0.5948,0.8066,-1.3322,3.4263999999999997,0.5855466544594492,2.6799999999999926,-0.3999999999999998,-0.0300000000000011,-0.1165,0.0,0.6605999999999999,-0.5388,-0.7907,1.9758,0.4736263065537499,0.9000000000000199,5.551115123125783e-17,-0.5999999999999943
4.156000001356006,0.0054,0.0,0.5884,0.8256,-1.3192,3.418800000000001,0.5960753795681697,2.6799999999999926,-0.3999999999999998,-0.0300000000000011,-0.1093,0.0,0.6546,-0.5523,-0.777,1.9872,0.4736263065537499,0.9000000000000199,5.551115123125783e-17,-0.5999999999999943
4.17200000025332,0.0,0.0,0.6078,0.8045,-1.3412,3.423,0.6005462729839017,2.6799999999999926,-0.3999999999999998,-0.0300000000000011,-0.0862,0.0,0.6478,-0.5328,-0.8014,2.0097999999999994,0.4787075608453497,0.9000000000000199,5.551115123125783e-17,-0.5999999999999943
4.187000000849366,0.0,0.0,0.5961999999999998,0.7765,-1.3395,3.4212,0.6058869306477456,2.6799999999999926,-0.3999999999999998,-0.0300000000000011,-0.0868,0.0,0.6323999999999999,-0.5466,-0.8004,2.043,0.4808133058670939,0.8000000000000114,5.551115123125783e-17,-0.5999999999999943
4.203000001609325,0.0,0.0,0.6255999999999996,0.7812,-1.3315,3.4156,0.6073670557717251,2.6799999999999926,-0.3999999999999998,-0.0300000000000011,-0.0866,0.0,0.6358,-0.5407,-0.7985,2.052,0.4846738384069581,0.8000000000000114,5.551115123125783e-17,-0.5999999999999943
4.21900000050664,0.0,0.0,0.6199999999999998,0.785,-1.3322,3.4120000000000004,0.6112733653772794,2.6799999999999926,-0.3999999999999998,-0.0300000000000011,-0.0717,0.0,0.6235999999999998,-0.5398,-0.7906,2.0626000000000007,0.4850095368886854,0.8000000000000114,5.551115123125783e-17,-0.5999999999999943
4.234000001102686,0.0,0.0,0.6258,0.7609,-1.3444,3.4008,0.6157289997711147,2.579999999999984,-0.3999999999999998,-0.0300000000000011,-0.0716,0.0,0.6166,-0.5289,-0.8039,2.081,0.4882902265964751,0.8000000000000114,5.551115123125783e-17,-0.5999999999999943
4.266000000759959,0.0,0.0,0.6424,0.7504,-1.3454,3.4038,0.6176363775082018,2.579999999999984,-0.3999999999999998,-0.0300000000000011,-0.0537,0.0,0.6182,-0.5426,-0.794,2.0822,0.4884580758373388,0.8000000000000114,5.551115123125783e-17,-0.5999999999999943
4.281000001356006,0.0,0.0,0.6358,0.7491,-1.3282,3.3928,0.6318883039597162,2.579999999999984,-0.3999999999999998,-0.0300000000000011,-0.0459,0.0,0.6036,-0.5466,-0.8058,2.1194,0.4884580758373388,0.8000000000000114,5.551115123125783e-17,-0.5999999999999943
4.29700000025332,0.0,0.0,0.6475999999999998,0.7489,-1.3307,3.3936000000000006,0.65431906614786,2.579999999999984,-0.3999999999999998,-0.0300000000000011,-0.0389,0.0,0.5971999999999998,-0.548,-0.7974,2.1180000000000003,0.4882902265964751,0.700000000000017,5.551115123125783e-17,-0.5999999999999943
4.328000001609325,0.0,0.0,0.6515999999999998,0.7283,-1.3338,3.3924,0.6681589990081637,2.579999999999984,-0.3999999999999998,-0.0300000000000011,-0.0461,0.0,0.5911999999999998,-0.5478,-0.7922,2.1146,0.488244449530785,0.700000000000017,5.551115123125783e-17,-0.5999999999999943
4.34400000050664,0.0,0.0,0.6557999999999998,0.7217,-1.331,3.3908,0.6740032043945984,2.579999999999984,-0.3999999999999998,0.0700000000000002,-0.0372,0.0,0.5828,-0.5378,-0.8035,2.1452,0.488244449530785,0.700000000000017,5.551115123125783e-17,-0.5999999999999943
4.359000001102686,0.0,0.0,0.6652,0.7334,-1.3386,3.373,0.6808850232700084,2.579999999999984,-0.3999999999999998,0.0700000000000002,-0.0333,0.0,0.5721999999999998,-0.5535,-0.7939,2.1424000000000003,0.488244449530785,0.700000000000017,5.551115123125783e-17,-0.6999999999999886
4.375,0.0,0.0,0.6586,0.7308,-1.3311,3.3754000000000004,0.6926497291523613,2.4799999999999898,-0.3999999999999998,0.0700000000000002,-0.0273,0.0,0.5856,-0.5432,-0.786,2.1442,0.488244449530785,0.700000000000017,5.551115123125783e-17,-0.6999999999999886
4.391000000759959,0.0,0.0,0.6682,0.7128,-1.344,3.3844,0.7109300373846037,2.4799999999999898,-0.2999999999999999,0.0700000000000002,-0.0228,0.0,0.5632,-0.5324,-0.8096,2.17,0.488244449530785,0.700000000000017,5.551115123125783e-17,-0.6999999999999886
4.42200000025332,0.0,0.0,0.6862,0.7101,-1.3169,3.375,0.7196734569314107,2.4799999999999898,-0.2999999999999999,0.0700000000000002,-0.0087,0.0,0.5656,-0.5415,-0.7957,2.1606,0.4884885938811322,0.700000000000017,5.551115123125783e-17,-0.6999999999999886
4.437000000849366,0.0,0.0,0.688,0.722,-1.3348,3.3696,0.7196734569314107,2.4799999999999898,-0.3999999999999998,0.0700000000000002,-0.0095,0.0,0.5579999999999998,-0.5453,-0.8029,2.1778,0.4891294728007934,0.6000000000000227,5.551115123125783e-17,-0.6999999999999886
4.453000001609325,0.0,0.0,0.6999999999999998,0.6987,-1.3251,3.375,0.7196734569314107,2.4799999999999898,-0.2999999999999999,0.1700000000000017,-0.0097,0.0,0.5498,-0.54,-0.8004,2.1904,0.4893125810635538,0.6000000000000227,5.551115123125783e-17,-0.6999999999999886
4.46900000050664,0.0,0.0,0.6999999999999998,0.6882,-1.3303,3.3726,0.7196734569314107,2.4799999999999898,-0.2999999999999999,0.1700000000000017,-0.0045,0.0,0.5526,-0.5565,-0.8141,2.199,0.4893125810635538,0.6000000000000227,5.551115123125783e-17,-0.6999999999999886
4.5,0.0,0.0,0.715,0.6909,-1.3187,3.3594000000000004,0.7196734569314107,2.4799999999999898,-0.2999999999999999,0.1700000000000017,0.0,0.0,0.541,-0.5403,-0.7938,2.2166,0.4893430991073472,0.6000000000000227,5.551115123125783e-17,-0.6999999999999886
4.516000000759959,0.0,0.0,0.725,0.6852,-1.3279,3.3592,0.7196734569314107,2.3799999999999955,-0.2999999999999999,0.1700000000000017,0.0,0.0,0.5407999999999998,-0.54,-0.8174,2.2358,0.4893430991073472,0.6000000000000227,5.551115123125783e-17,-0.6999999999999886
4.531000001356006,0.0,0.0,0.7408,0.6601,-1.336,3.3608,0.7196734569314107,2.3799999999999955,-0.2999999999999999,0.1700000000000017,0.0,0.0,0.5402,-0.5341,-0.8138,2.239,0.4893430991073472,0.5000000000000142,5.551115123125783e-17,-0.6999999999999886
4.54700000025332,0.0,0.0,0.7416,0.6764,-1.3095,3.3501999999999996,0.7196734569314107,2.3799999999999955,-0.2999999999999999,0.2700000000000031,0.0,0.0,0.5382,-0.552,-0.8187,2.2419999999999995,0.4887785152971694,0.5000000000000142,5.551115123125783e-17,-0.6999999999999886
4.578000001609325,0.0,0.0,0.747,0.6825,-1.3237,3.3544,0.7196734569314107,2.3799999999999955,-0.2999999999999999,0.2700000000000031,0.0,0.0,0.5256,-0.5373,-0.8258,2.2574,0.4887785152971694,0.5000000000000142,5.551115123125783e-17,-0.5999999999999943
4.59400000050664,0.0,0.0,0.7416,0.6648,-1.3051,3.353800000000001,0.7196734569314107,2.3799999999999955,-0.2999999999999999,0.2700000000000031,0.0,0.0,0.5228,-0.5452,-0.8165,2.2584,0.4882291905088883,0.5000000000000142,5.551115123125783e-17,-0.5999999999999943
4.609000001102686,0.0,0.0,0.7482,0.6539,-1.3222,3.3428,0.7196734569314107,2.3799999999999955,-0.2999999999999999,0.2700000000000031,0.0,0.0,0.5217999999999998,-0.5373,-0.8136,2.2648,0.4882291905088883,0.5000000000000142,5.551115123125783e-17,-0.5999999999999943
4.625,0.0,0.0,0.7514,0.6545,-1.3206,3.3396000000000003,0.7196734569314107,2.3799999999999955,-0.2999999999999999,0.2700000000000031,0.0,0.0,0.5102,-0.5471,-0.8321,2.2824000000000004,0.4882291905088883,0.4000000000000199,5.551115123125783e-17,-0.5999999999999943
4.641000000759959,0.0,0.0,0.7592,0.6632,-1.3206,3.331,0.7196734569314107,2.3799999999999955,-0.2999999999999999,0.2700000000000031,0.0,0.0,0.504,-0.5473,-0.8261,2.282,0.4882291905088883,0.4000000000000199,5.551115123125783e-17,-0.5999999999999943
4.67200000025332,0.0,0.0,0.7648,0.6503,-1.3091,3.3414,0.7196734569314107,2.3799999999999955,-0.2999999999999999,0.2700000000000031,0.0,0.0,0.5042,-0.5427,-0.8242,2.286,0.4888242923628595,0.4000000000000199,5.551115123125783e-17,-0.5999999999999943
4.687000000849366,0.0,0.0,0.7814,0.6378,-1.3156,3.3338,0.7196734569314107,2.3799999999999955,-0.2999999999999999,0.2700000000000031,0.0,0.0,0.5026,-0.5405,-0.8472,2.3036,0.4892973220416571,0.4000000000000199,5.551115123125783e-17,-0.5999999999999943
4.703000001609325,0.0,0.0,0.7952,0.6533,-1.3024,3.3284,0.7196734569314107,2.3799999999999955,-0.2999999999999999,0.2700000000000031,0.0,0.0,0.4996,-0.5406,-0.8345,2.3046,0.4902891584649423,0.4000000000000199,5.551115123125783e-17,-0.5999999999999943
4.71900000050664,0.0,0.0,0.7984,0.6346,-1.31,3.3192,0.7196734569314107,2.3799999999999955,-0.2999999999999999,0.2700000000000031,0.0,0.0,0.4962,-0.5546,-0.8403,2.3254,0.4919371328297856,0.4000000000000199,5.551115123125783e-17,-0.5999999999999943
4.734000001102686,0.0,0.0,0.7914,0.6374,-1.3036,3.3294,0.7196734569314107,2.3799999999999955,-0.2999999999999999,0.2700000000000031,0.0,0.0,0.4966,-0.5266,-0.8397,2.3334,0.4924711985961699,0.3000000000000113,5.551115123125783e-17,-0.5
4.75,0.0,0.0,0.7928,0.6215,-1.3195,3.3294,0.7196734569314107,2.3799999999999955,-0.2999999999999999,0.2700000000000031,0.0,0.0,0.4956,-0.5387,-0.8429,2.327,0.4934172579537651,0.3000000000000113,5.551115123125783e-17,-0.5
4.781000001356006,0.0,0.0,0.8078,0.6371,-1.3048,3.315,0.7196734569314107,2.3799999999999955,-0.2999999999999999,0.2700000000000031,0.0,0.0,0.4974,-0.5367,-0.8397,2.345,0.4960112916762035,0.3000000000000113,5.551115123125783e-17,-0.5
4.79700000025332,0.0,0.0,0.8001999999999998,0.622,-1.3165,3.3248,0.7196734569314107,2.3799999999999955,-0.2999999999999999,0.2700000000000031,0.0,0.0,0.4802,-0.5451,-0.8602,2.3588,0.4982238498512245,0.3000000000000113,5.551115123125783e-17,-0.5
4.812000000849366,0.0,0.0,0.8314,0.6192,-1.2984,3.315,0.7196734569314107,2.3799999999999955,-0.2999999999999999,0.2700000000000031,0.0,0.0,0.4827999999999998,-0.5388,-0.8468,2.3418,0.4991088731212329,0.3000000000000113,0.1,-0.5
4.84400000050664,0.0,0.0,0.807,0.623,-1.293,3.3072000000000004,0.7196734569314107,2.3799999999999955,-0.2999999999999999,0.2700000000000031,0.0,0.0,0.4875999999999998,-0.5352,-0.855,2.359600000000001,0.4991699092088197,0.3000000000000113,5.551115123125783e-17,-0.5
4.859000001102686,0.0,0.0,0.8366,0.6026,-1.2925,3.3152000000000004,0.7196734569314107,2.3799999999999955,-0.2999999999999999,0.2700000000000031,0.0,0.0,0.4827999999999998,-0.5426,-0.8597,2.3744,0.4999023422598611,0.3000000000000113,0.1,-0.5
4.875,0.0,0.0,0.8309999999999996,0.6008,-1.2915,3.3178,0.7196734569314107,2.3799999999999955,-0.2999999999999999,0.2700000000000031,0.0,0.0,0.4785999999999998,-0.5345,-0.8403,2.3716,0.5042053864347296,0.3000000000000113,0.1,-0.3999999999999915
4.891000000759959,0.0,0.0,0.8342,0.6229,-1.2829,3.3028,0.7196734569314107,2.4799999999999898,-0.2999999999999999,0.2700000000000031,0.0,0.0,0.48,-0.5402,-0.8619,2.3898,0.5045258258945602,0.200000000000017,5.551115123125783e-17,-0.3999999999999915
4.906000001356006,0.0,0.0,0.8446,0.5992,-1.297,3.2966,0.7196734569314107,2.4799999999999898,-0.2999999999999999,0.2700000000000031,0.0,0.0,0.4696,-0.5413,-0.8731,2.3864,0.5080811779964904,0.200000000000017,0.1,-0.3999999999999915
4.92200000025332,0.0,0.0,0.845,0.588,-1.296,3.309,0.7196734569314107,2.4799999999999898,-0.2999999999999999,0.2700000000000031,0.0,0.0,0.481,-0.5419,-0.8542,2.4056,0.5086610208285649,0.200000000000017,5.551115123125783e-17,-0.3999999999999915
4.953000001609325,0.0,0.0,0.859,0.596,-1.2864,3.288,0.7196734569314107,2.4799999999999898,-0.3999999999999998,0.1700000000000017,0.0,0.0,0.4707999999999998,-0.5469,-0.8835,2.4154000000000004,0.5124452582589456,0.200000000000017,5.551115123125783e-17,-0.3999999999999915
4.96900000050664,0.0,0.0,0.8572,0.5874,-1.2999,3.2868,0.7196734569314107,2.4799999999999898,-0.2999999999999999,0.1700000000000017,0.0,0.0,0.4678,-0.5328,-0.8598,2.407,0.5126894026092927,0.200000000000017,0.1,-0.3999999999999915
4.984000001102686,0.0,0.0,0.8548,0.587,-1.2855,3.3,0.7196734569314107,2.4799999999999898,-0.2999999999999999,0.1700000000000017,0.0,0.0,0.4602,-0.5323,-0.8561,2.4204,0.5135591668574044,0.200000000000017,5.551115123125783e-17,-0.3999999999999915
5.016000000759959,-0.0005,0.0,0.8664,0.5928,-1.2888,3.2842,0.7196734569314107,2.4799999999999898,-0.3999999999999998,0.1700000000000017,0.0,0.0,0.4618,-0.536,-0.8754,2.4362,0.5138796063172351,0.200000000000017,5.551115123125783e-17,-0.3999999999999915
5.031000001356006,-0.0066,0.0,0.8756,0.5975,-1.279,3.2796,0.7196734569314107,2.4799999999999898,-0.3999999999999998,0.1700000000000017,0.0,0.0,0.4625999999999998,-0.5279,-0.8656,2.4154000000000004,0.5167177843900206,0.200000000000017,0.1,-0.3999999999999915
5.04700000025332,-0.0137,0.0,0.8725999999999998,0.5772,-1.2975,3.2884000000000007,0.7196734569314107,2.4799999999999898,-0.3999999999999998,0.1700000000000017,0.0,0.0,0.459,-0.524,-0.8764,2.4442,0.5174654764629587,0.200000000000017,5.551115123125783e-17,-0.5
5.062000000849366,-0.0188,0.0,0.882,0.5675,-1.2866,3.2834,0.7196734569314107,2.4799999999999898,-0.3999999999999998,0.1700000000000017,0.0,0.0,0.4512,-0.5395,-0.8836,2.459000000000001,0.5190676737621118,0.200000000000017,5.551115123125783e-17,-0.5
5.078000001609325,-0.0064,0.0,0.886,0.5819,-1.2732,3.2842,0.7196734569314107,2.579999999999984,-0.3999999999999998,0.0700000000000002,0.0,0.0,0.4593999999999996,-0.5276,-0.8809,2.4558,0.5191744869153887,0.200000000000017,5.551115123125783e-17,-0.5
5.09400000050664,-0.0362,0.0,0.8889999999999998,0.557,-1.2761,3.273,0.7196734569314107,2.579999999999984,-0.3999999999999998,0.0700000000000002,0.0,0.0,0.4496,-0.5376,-0.8903,2.467,0.5209292744335088,0.200000000000017,5.551115123125783e-17,-0.5
5.125,-0.0162,0.0,0.9042,0.5771,-1.2763,3.2654,0.7196734569314107,2.579999999999984,-0.3999999999999998,0.0700000000000002,0.0,0.0,0.4452,-0.5443,-0.8893,2.4676,0.5216922255283436,0.200000000000017,5.551115123125783e-17,-0.5
5.141000000759959,-0.0269,0.0,0.8964,0.5659,-1.2766,3.268,0.7196734569314107,2.579999999999984,-0.3999999999999998,0.0700000000000002,0.0,0.0,0.4465999999999998,-0.5241,-0.8894,2.471,0.5217380025940337,0.200000000000017,5.551115123125783e-17,-0.5
5.156000001356006,-0.043,0.0,0.8956,0.5556,-1.2758,3.2774,0.7196734569314107,2.579999999999984,-0.3999999999999998,0.0700000000000002,0.0,0.0,0.438,-0.5212,-0.8897,2.4854,0.5229739833676661,0.200000000000017,5.551115123125783e-17,-0.5
5.17200000025332,-0.0386,0.0,0.906,0.5614,-1.2648,3.2594,0.7196734569314107,2.579999999999984,-0.3999999999999998,0.0700000000000002,0.0,0.0,0.4446,-0.5337,-0.892,2.4742,0.5257053482871747,0.200000000000017,5.551115123125783e-17,-0.5
5.187000000849366,-0.0329,0.0,0.9098,0.5526,-1.2769,3.2616,0.7196734569314107,2.579999999999984,-0.3999999999999998,0.0700000000000002,0.0,0.0,0.4463999999999998,-0.5267,-0.9058,2.491400000000001,0.5257663843747615,0.200000000000017,5.551115123125783e-17,-0.5
5.21900000050664,-0.0466,0.0,0.9207999999999998,0.5512,-1.2687,3.2664000000000004,0.7196734569314107,2.579999999999984,-0.3999999999999998,0.0700000000000002,0.0,0.0,0.4362,-0.5303,-0.9007,2.5084,0.5259189745937285,0.200000000000017,5.551115123125783e-17,-0.5
5.234000001102686,-0.0411,0.0,0.926,0.5619,-1.2611,3.2602,0.7196734569314107,2.579999999999984,-0.3999999999999998,0.0700000000000002,0.0,0.0,0.4334,-0.5232,-0.8935,2.503,0.5259647516594186,0.200000000000017,5.551115123125783e-17,-0.5
5.25,-0.0545,0.0,0.9312,0.5371,-1.2725,3.2592,0.7196734569314107,2.579999999999984,-0.3999999999999998,0.0700000000000002,0.0,0.0,0.421,-0.5279,-0.9165,2.5324,0.5259647516594186,0.1000000000000227,5.551115123125783e-17,-0.5
5.266000000759959,-0.0623,0.0,0.9512,0.5542,-1.2605,3.2542000000000004,0.7196734569314107,2.579999999999984,-0.3999999999999998,0.0700000000000002,0.0,0.0,0.4337999999999998,-0.5338,-0.9044,2.5192,0.5259647516594186,0.1000000000000227,5.551115123125783e-17,-0.5
5.29700000025332,-0.0574,0.0,0.9428,0.545,-1.2715,3.2516,0.7196734569314107,2.4799999999999898,-0.3999999999999998,0.0700000000000002,0.0,0.0,0.4394,-0.513,-0.9138,2.5234,0.5254154268711375,0.1000000000000227,5.551115123125783e-17,-0.5
5.312000000849366,-0.0576,0.0,0.9426,0.5197,-1.2729,3.256,0.7196734569314107,2.4799999999999898,-0.3999999999999998,0.0700000000000002,0.0,0.0,0.4103999999999998,-0.5178,-0.9208,2.5308,0.5252323186083772,0.1000000000000227,5.551115123125783e-17,-0.5
5.328000001609325,-0.0594,0.0,0.9528,0.5464,-1.2673,3.2442000000000006,0.7196734569314107,2.4799999999999898,-0.3999999999999998,0.0700000000000002,0.0,0.0,0.4248,-0.5249,-0.9026,2.520800000000001,0.5251865415426871,0.1000000000000227,5.551115123125783e-17,-0.5
5.34400000050664,-0.0636,0.0,0.9532000000000002,0.5232,-1.2586,3.233,0.7196734569314107,2.4799999999999898,-0.3999999999999998,0.0700000000000002,0.0,0.0,0.4263999999999998,-0.5212,-0.9154,2.5568,0.5246677347981994,0.1000000000000227,5.551115123125783e-17,-0.3999999999999915
5.359000001102686,-0.0683,0.0,0.9537999999999998,0.5264,-1.2581,3.246,0.7196734569314107,2.4799999999999898,-0.3999999999999998,0.0700000000000002,0.0,0.0,0.4124,-0.521,-0.9133,2.5466000000000006,0.5236148622873273,0.1000000000000227,0.1,-0.3999999999999915
5.375,-0.0695,0.0,0.9596,0.5464,-1.2406,3.234,0.7196734569314107,2.4799999999999898,-0.3999999999999998,0.0700000000000002,0.0,0.0,0.423,-0.5188,-0.9062,2.5484,0.5229434653238727,0.1000000000000227,5.551115123125783e-17,-0.3999999999999915
5.406000001356006,-0.0843,0.0,0.9634,0.5135,-1.253,3.2436,0.7196734569314107,2.4799999999999898,-0.3999999999999998,0.0700000000000002,0.0,0.0,0.4196,-0.5243,-0.9381,2.5648,0.5195712214847028,0.1000000000000227,5.551115123125783e-17,-0.3999999999999915
5.42200000025332,-0.0707,0.0,0.9704,0.5144,-1.2459,3.2234,0.7196734569314107,2.579999999999984,-0.3999999999999998,0.0700000000000002,0.0,0.0,0.416,-0.5198,-0.9224,2.5619999999999994,0.5182436865796902,0.1000000000000227,0.1,-0.3999999999999915
5.437000000849366,-0.0931,0.0,0.979,0.5187,-1.2489,3.2232,0.7196734569314107,2.579999999999984,-0.3999999999999998,0.0700000000000002,0.0,0.0,0.4146,-0.519,-0.9358,2.581,0.5180453192950332,0.1000000000000227,5.551115123125783e-17,-0.3999999999999915
5.46900000050664,-0.079,0.0,0.9806,0.5199,-1.2462,3.2332,0.7196734569314107,2.579999999999984,-0.3999999999999998,0.0700000000000002,0.0,0.0,0.4069999999999998,-0.5223,-0.942,2.58,0.5169924467841611,0.1000000000000227,5.551115123125783e-17,-0.3999999999999915
5.484000001102686,-0.0864,0.0,0.9926,0.5235,-1.238,3.219,0.7196734569314107,2.579999999999984,-0.3999999999999998,0.0700000000000002,0.0,0.0,0.418,-0.5275,-0.934,2.5834,0.5162905317769131,0.1000000000000227,5.551115123125783e-17,-0.3999999999999915
5.5,-0.0847,0.0,0.9898,0.5095,-1.2453,3.2205999999999997,0.7196734569314107,2.579999999999984,-0.3999999999999998,0.0700000000000002,0.0,0.0,0.4036,-0.514,-0.9344,2.5902,0.512323186083772,0.1000000000000227,5.551115123125783e-17,-0.3999999999999915
5.516000000759959,-0.078,0.0,0.9768,0.5115,-1.246,3.22,0.7196734569314107,2.579999999999984,-0.3999999999999998,0.0700000000000002,0.0,0.0,0.4138,-0.5216,-0.9419,2.5902,0.511972228580148,1.4210854715202004e-14,0.1,-0.3999999999999915
5.531000001356006,-0.0894,0.0,0.9838,0.5115,-1.2464,3.211,0.7196734569314107,2.579999999999984,-0.3999999999999998,0.0700000000000002,0.0,0.0,0.4038,-0.5218,-0.9317,2.5934,0.5117128252079042,1.4210854715202004e-14,5.551115123125783e-17,-0.3999999999999915
5.54700000025332,-0.086,0.0,0.9822,0.5092,-1.2374,3.2158,0.7196734569314107,2.579999999999984,-0.3999999999999998,0.0700000000000002,0.0,0.0,0.4034,-0.5133,-0.9444,2.6046,0.5095460440985733,1.4210854715202004e-14,5.551115123125783e-17,-0.3999999999999915
5.578000001609325,-0.0892,0.0,0.996,0.4996,-1.2401,3.2074,0.7196734569314107,2.579999999999984,-0.3999999999999998,0.0700000000000002,0.0,0.0,0.4016,-0.5258,-0.9375,2.6022,0.5095460440985733,1.4210854715202004e-14,5.551115123125783e-17,-0.3999999999999915
5.59400000050664,-0.1056,0.0,0.9979999999999998,0.5132,-1.2333,3.1948000000000003,0.7196734569314107,2.579999999999984,-0.3999999999999998,0.0700000000000002,0.0,0.0,0.4048,-0.5078,-0.9387,2.6190000000000007,0.5091950865949493,1.4210854715202004e-14,5.551115123125783e-17,-0.3999999999999915
5.609000001102686,-0.099,0.0,0.994,0.4981,-1.2309,3.2112,0.7196734569314107,2.579999999999984,-0.3999999999999998,0.0700000000000002,0.0,0.0,0.3882,-0.5164,-0.9615,2.6156,0.5089509422446021,1.4210854715202004e-14,5.551115123125783e-17,-0.3999999999999915
5.641000000759959,-0.0971,0.0,0.9998,0.5136,-1.2283,3.2038,0.7196734569314107,2.579999999999984,-0.3999999999999998,0.0700000000000002,0.0,0.0,0.3946,-0.5104,-0.9496,2.6166,0.506845197222858,1.4210854715202004e-14,5.551115123125783e-17,-0.3999999999999915
5.656000001356006,-0.101,0.0,1.008,0.5032,-1.2325,3.2018,0.7196734569314107,2.579999999999984,-0.3999999999999998,0.0700000000000002,0.0,0.0,0.3899999999999998,-0.5118,-0.9423,2.622,0.506845197222858,1.4210854715202004e-14,5.551115123125783e-17,-0.3999999999999915
5.67200000025332,-0.1027,0.0,1.0106,0.4856,-1.249,3.19,0.7196734569314107,2.4799999999999898,-0.3999999999999998,0.0700000000000002,0.0,0.0,0.3959999999999998,-0.5079,-0.9496,2.627,0.5065857938506142,1.4210854715202004e-14,0.1,-0.3999999999999915
5.687000000849366,-0.1015,0.0,1.0112,0.5035,-1.2318,3.1778,0.7196734569314107,2.4799999999999898,-0.3999999999999998,0.0700000000000002,0.0,0.0,0.3899999999999998,-0.5101,-0.9298,2.6146,0.5062348363469902,1.4210854715202004e-14,0.1,-0.3999999999999915
5.703000001609325,-0.1083,0.0,1.0076,0.4908,-1.2381,3.1882,0.7196734569314107,2.4799999999999898,-0.3999999999999998,0.0700000000000002,0.0,0.0,0.3924,-0.5083,-0.9616,2.6304,0.502114900434882,1.4210854715202004e-14,5.551115123125783e-17,-0.3999999999999915
5.71900000050664,-0.1048,0.0,1.015,0.4973,-1.2215,3.1788,0.7196734569314107,2.4799999999999898,-0.3999999999999998,0.0700000000000002,0.0,0.0,0.3919999999999998,-0.5109,-0.9539,2.6312000000000006,0.502114900434882,1.4210854715202004e-14,0.1,-0.3999999999999915
5.75,-0.0938,0.0,1.006,0.5004,-1.2191,3.1926,0.7196734569314107,2.4799999999999898,-0.3999999999999998,0.0700000000000002,0.0,0.0,0.3912,-0.5079,-0.941,2.6348,0.5019470511940184,1.4210854715202004e-14,5.551115123125783e-17,-0.3999999999999915
5.766000000759959,-0.118,0.0,1.0146,0.4878,-1.219,3.1774,0.7196734569314107,2.4799999999999898,-0.3999999999999998,0.0700000000000002,0.0,0.0,0.3867999999999998,-0.4995,-0.9763,2.6502,0.5017792019531547,1.4210854715202004e-14,5.551115123125783e-17,-0.3999999999999915
5.781000001356006,-0.1073,0.0,1.0174,0.4844,-1.2177,3.1808,0.7196734569314107,2.4799999999999898,-0.3999999999999998,0.0700000000000002,0.0,0.0,0.3804,-0.4987,-0.957,2.646,0.5006195162890058,0.1000000000000227,5.551115123125783e-17,-0.3999999999999915
5.812000000849366,-0.1219,0.0,1.0316,0.5032,-1.2125,3.1854,0.7196734569314107,2.4799999999999898,-0.3999999999999998,0.0700000000000002,0.0,0.0,0.3861999999999998,-0.5072,-0.96,2.6456000000000004,0.5005889982452124,1.4210854715202004e-14,5.551115123125783e-17,-0.3999999999999915
5.828000001609325,-0.1213,0.0,1.0224,0.4815,-1.2266,3.171,0.7196734569314107,2.4799999999999898,-0.3999999999999998,0.0700000000000002,0.0,0.0,0.383,-0.5071,-0.9682,2.6748,0.4997192339971008,0.1000000000000227,5.551115123125783e-17,-0.3999999999999915
5.84400000050664,-0.1236,0.0,1.0308000000000002,0.4887,-1.227,3.172,0.7196734569314107,2.4799999999999898,-0.3999999999999998,0.0700000000000002,0.0,0.0,0.3844,-0.514,-0.9444,2.6562,0.4993835355153734,1.4210854715202004e-14,5.551115123125783e-17,-0.3999999999999915
5.859000001102686,-0.1276,0.0,1.0438,0.4996,-1.2206,3.1684,0.7196734569314107,2.4799999999999898,-0.3999999999999998,0.0700000000000002,0.0,0.0,0.3814,-0.5015,-0.9649,2.6624,0.49930724040589,0.1000000000000227,5.551115123125783e-17,-0.3999999999999915
5.875,-0.1279,0.0,1.0236,0.4783,-1.2282,3.1704000000000003,0.7196734569314107,2.4799999999999898,-0.3999999999999998,0.0700000000000002,0.0,0.0,0.3824,-0.5025,-0.9692,2.6682,0.4992462043183032,0.1000000000000227,5.551115123125783e-17,-0.3999999999999915
5.891000000759959,-0.1295,-0.0052,1.0456,0.4912,-1.2145,3.1556,0.7196734569314107,2.4799999999999898,-0.3999999999999998,0.0700000000000002,0.0,0.0,0.3786,-0.5018,-0.97,2.6692,0.49930724040589,1.4210854715202004e-14,0.1,-0.3999999999999915
5.92200000025332,-0.1346,-0.0096,1.0406,0.4704,-1.2151,3.1644,0.7196734569314107,2.579999999999984,-0.3999999999999998,0.0700000000000002,0.0,0.0,0.371,-0.5075,-0.9911,2.691,0.49930724040589,1.4210854715202004e-14,5.551115123125783e-17,-0.3999999999999915
5.937000000849366,-0.1315,-0.0005,1.052,0.4787,-1.2166,3.1620000000000004,0.7196734569314107,2.579999999999984,-0.3999999999999998,0.0700000000000002,0.0,0.0,0.377,-0.5013,-0.9645,2.6696000000000004,0.49930724040589,1.4210854715202004e-14,0.1,-0.3999999999999915
5.953000001609325,-0.1367,-0.0029,1.0628,0.4732,-1.2123,3.1518,0.7196734569314107,2.579999999999984,-0.3999999999999998,0.0700000000000002,0.0,0.0,0.3756,-0.4924,-0.981,2.6912,0.49930724040589,1.4210854715202004e-14,5.551115123125783e-17,-0.3999999999999915
5.984000001102686,-0.1423,-0.0083,1.0698,0.4591,-1.2166,3.1565999999999996,0.7196734569314107,2.579999999999984,-0.3999999999999998,0.0700000000000002,0.0,0.0,0.3696,-0.4902,-0.9805,2.7000000000000006,0.4996734569314107,1.4210854715202004e-14,0.1,-0.3999999999999915
6.0,-0.1334,0.0,1.071,0.4711,-1.208,3.1498000000000004,0.7148668650339514,2.579999999999984,-0.3999999999999998,0.0700000000000002,0.0,0.0,0.3774,-0.4911,-0.9711,2.6742000000000004,0.4999633783474479,1.4210854715202004e-14,5.551115123125783e-17,-0.3999999999999915
6.016000000759959,-0.143,-0.0171,1.0634,0.4593,-1.2151,3.1443999999999996,0.7042618448157474,2.579999999999984,-0.3999999999999998,0.0700000000000002,0.0,0.0,0.3608,-0.494,-0.9778,2.7028,0.4999633783474479,1.4210854715202004e-14,5.551115123125783e-17,-0.3999999999999915
6.031000001356006,-0.15,-0.0044,1.074,0.4473,-1.2125,3.1436000000000006,0.7026901655603877,2.579999999999984,-0.3999999999999998,0.0700000000000002,0.0,0.0,0.3605999999999998,-0.4912,-0.9951,2.704600000000001,0.5015503166247043,1.4210854715202004e-14,5.551115123125783e-17,-0.3999999999999915
6.04700000025332,-0.1588,-0.0129,1.0766,0.4661,-1.2068,3.1408000000000005,0.6843335622186618,2.579999999999984,-0.3999999999999998,0.0700000000000002,0.0,0.0,0.3684,-0.4933,-0.9782,2.7032,0.5035645075150683,1.4210854715202004e-14,5.551115123125783e-17,-0.3999999999999915
6.062000000849366,-0.1487,-0.0136,1.077,0.4464,-1.2098,3.1329999999999996,0.6843335622186618,2.579999999999984,-0.3999999999999998,0.0700000000000002,0.0,0.0,0.3642,-0.4947,-0.9954,2.7146000000000003,0.5036408026245518,1.4210854715202004e-14,5.551115123125783e-17,-0.3999999999999915
6.09400000050664,-0.1486,-0.0144,1.07,0.4537,-1.2023,3.137,0.6842114900434882,2.579999999999984,-0.3999999999999998,0.0700000000000002,0.0,0.0,0.3574,-0.4987,-0.983,2.7096000000000005,0.5064484626535439,1.4210854715202004e-14,5.551115123125783e-17,-0.3999999999999915
6.109000001102686,-0.1551,-0.0213,1.077,0.4709,-1.1947,3.136000000000001,0.6800152590218967,2.579999999999984,-0.3999999999999998,0.0700000000000002,0.0,0.0,0.3644,-0.4967,-0.9821,2.706,0.5065400167849241,1.4210854715202004e-14,5.551115123125783e-17,-0.3999999999999915
6.125,-0.1463,-0.0114,1.0742,0.4562,-1.2037,3.137,0.6783978027008469,2.579999999999984,-0.3999999999999998,0.0700000000000002,0.0,0.0,0.3572,-0.489,-0.9961,2.716800000000001,0.5084016174563211,1.4210854715202004e-14,5.551115123125783e-17,-0.3999999999999915
6.156000001356006,-0.1503,-0.0064,1.0802,0.4569,-1.1999,3.1282,0.6737743190661479,2.579999999999984,-0.3999999999999998,0.0700000000000002,0.0,0.0,0.3579999999999998,-0.487,-0.9839,2.7066000000000003,0.5091493095292592,1.4210854715202004e-14,5.551115123125783e-17,-0.3999999999999915
6.17200000025332,-0.1581,-0.0123,1.0852,0.4597,-1.1972,3.1248,0.6695933470664531,2.579999999999984,-0.3999999999999998,0.0700000000000002,0.0,0.0,0.3664,-0.4913,-1.0027,2.7226,0.5102479591058213,1.4210854715202004e-14,5.551115123125783e-17,-0.3999999999999915
6.187000000849366,-0.1654,-0.0222,1.0836,0.4443,-1.1962,3.1232,0.6690897993438621,2.579999999999984,-0.3999999999999998,0.0700000000000002,0.0,0.0,0.3528,-0.501,-1.0014,2.7312,0.5105989166094453,1.4210854715202004e-14,5.551115123125783e-17,-0.3999999999999915
6.203000001609325,-0.1565,-0.0167,1.0882,0.4525,-1.1947,3.116400000000001,0.6612619211108568,2.579999999999984,-0.3999999999999998,0.0700000000000002,0.0,0.0,0.3596,-0.4888,-0.9727,2.715,0.5105989166094453,1.4210854715202004e-14,5.551115123125783e-17,-0.3999999999999915
6.21900000050664,-0.1599,-0.012,1.0908,0.448,-1.1897,3.1222,0.6589730678263523,2.579999999999984,-0.3999999999999998,0.0700000000000002,0.0,0.0,0.3568,-0.4885,-1.0125,2.7506,0.513681239032578,1.4210854715202004e-14,5.551115123125783e-17,-0.3999999999999915
6.234000001102686,-0.1629,-0.0218,1.09,0.4403,-1.1956,3.112,0.6566384374761578,2.4799999999999898,-0.3999999999999998,0.0700000000000002,0.0,0.0,0.353,-0.4887,-1.0076,2.7286,0.5137880521858549,1.4210854715202004e-14,5.551115123125783e-17,-0.3999999999999915
6.266000000759959,-0.1637,-0.0342,1.1,0.4598,-1.1797,3.1182,0.6536476691844053,2.4799999999999898,-0.3999999999999998,0.0700000000000002,0.0,0.0,0.3462,-0.4903,-1.0013,2.738000000000001,0.5146272983901732,1.4210854715202004e-14,5.551115123125783e-17,-0.3999999999999915
6.281000001356006,-0.172,-0.0274,1.0894,0.4433,-1.1901,3.1154,0.6496803234912643,2.579999999999984,-0.3999999999999998,0.0700000000000002,0.0,0.0,0.3482,-0.4927,-1.0168,2.7404,0.5148714427405203,1.4210854715202004e-14,5.551115123125783e-17,-0.3999999999999915
6.29700000025332,-0.1792,-0.0264,1.1004,0.4343,-1.1941,3.108,0.6476203555352102,2.4799999999999898,-0.3999999999999998,0.0700000000000002,0.0,0.0,0.3517999999999998,-0.4804,-0.9894,2.7436,0.5162905317769131,1.4210854715202004e-14,5.551115123125783e-17,-0.3999999999999915
6.312000000849366,-0.1748,-0.0453,1.1014,0.444,-1.1833,3.102,0.6438513771267262,2.4799999999999898,-0.3999999999999998,0.0700000000000002,0.0,0.0,0.3455999999999998,-0.4912,-1.0094,2.748,0.5166414892805371,1.4210854715202004e-14,5.551115123125783e-17,-0.3999999999999915
6.34400000050664,-0.1734,-0.0277,1.0992000000000002,0.4401,-1.1891,3.1108,0.6415320057984284,2.4799999999999898,-0.3999999999999998,0.0700000000000002,0.0,0.0,0.3366,-0.4881,-1.0187,2.7542000000000004,0.5166414892805371,1.4210854715202004e-14,5.551115123125783e-17,-0.3999999999999915
6.359000001102686,-0.1757,-0.0299,1.094,0.4355,-1.1811,3.1004,0.6410131990539407,2.4799999999999898,-0.3999999999999998,0.0700000000000002,0.0,0.0,0.3415999999999998,-0.4849,-0.9879,2.7457999999999996,0.5178622110322728,1.4210854715202004e-14,5.551115123125783e-17,-0.3999999999999915
6.375,-0.1722,-0.0355,1.1066,0.4331,-1.185,3.094,0.6391973754482339,2.4799999999999898,-0.3999999999999998,0.0700000000000002,0.0,0.0,0.3409999999999998,-0.485,-1.0035,2.7562,0.5201510643167773,1.4210854715202004e-14,5.551115123125783e-17,-0.3999999999999915
6.391000000759959,-0.1816,-0.0328,1.1026,0.4325,-1.1847,3.1024,0.6388921950102999,2.4799999999999898,-0.3999999999999998,0.0700000000000002,0.0,0.0,0.3406,-0.4937,-1.014,2.7466000000000004,0.5216617074845502,1.4210854715202004e-14,5.551115123125783e-17,-0.3999999999999915
6.406000001356006,-0.1744,-0.0394,1.1032000000000002,0.4394,-1.1864,3.099,0.6374731059739072,2.4799999999999898,-0.3999999999999998,0.0700000000000002,0.0,0.0,0.3428,-0.4832,-1.0036,2.757,0.5220431830319676,1.4210854715202004e-14,5.551115123125783e-17,-0.3999999999999915
6.437000000849366,-0.1835,-0.0395,1.1136,0.44,-1.1792,3.0928,0.635672541390097,2.579999999999984,-0.3999999999999998,0.0700000000000002,0.0,0.0,0.3398,-0.4766,-1.0195,2.762400000000001,0.5220431830319676,1.4210854715202004e-14,5.551115123125783e-17,-0.3999999999999915
6.453000001609325,-0.1735,-0.0285,1.1,0.425,-1.172,3.0966,0.6353368429083697,2.579999999999984,-0.3999999999999998,0.0700000000000002,0.0,0.0,0.3362,-0.4809,-1.008,2.7522,0.5247135118638895,1.4210854715202004e-14,5.551115123125783e-17,-0.3999999999999915
6.46900000050664,-0.1816,-0.052,1.126,0.4345,-1.1754,3.093,0.6346196688792249,2.579999999999984,-0.3999999999999998,0.0700000000000002,0.0,0.0,0.3316,-0.479,-1.0152,2.7678,0.5264835584039063,1.4210854715202004e-14,5.551115123125783e-17,-0.3999999999999915
6.484000001102686,-0.186,-0.038,1.1124,0.4294,-1.175,3.096200000000001,0.63385671778439,2.579999999999984,-0.3999999999999998,0.0700000000000002,0.0,0.0,0.3321999999999998,-0.4902,-1.0354,2.7714,0.5264835584039063,1.4210854715202004e-14,0.1,-0.3999999999999915
6.516000000759959,-0.1746,-0.046,1.1228,0.4353,-1.1641,3.0874,0.6332310978866255,2.579999999999984,-0.3999999999999998,0.0700000000000002,0.0,0.0,0.3287999999999998,-0.4792,-1.0025,2.7674,0.527353322652018,1.4210854715202004e-14,5.551115123125783e-17,-0.3999999999999915
6.531000001356006,-0.1891,-0.0559,1.1262,0.4225,-1.1855,3.0852,0.6330785076676585,2.579999999999984,-0.3999999999999998,0.0700000000000002,0.0,0.0,0.329,-0.4753,-1.0175,2.7756,0.5321293965056839,1.4210854715202004e-14,5.551115123125783e-17,-0.3999999999999915
6.54700000025332,-0.1871,-0.0511,1.1198,0.4248,-1.1701,3.0833999999999997,0.6330785076676585,2.579999999999984,-0.3999999999999998,0.0700000000000002,0.0,0.0,0.3374,-0.4918,-1.018,2.7642,0.5333196002136262,1.4210854715202004e-14,0.1,-0.5
6.562000000849366,-0.1835,-0.0533,1.1274,0.4329,-1.1715,3.08,0.6326054779888609,2.579999999999984,-0.3999999999999998,0.0700000000000002,0.0,0.0,0.3417999999999998,-0.4698,-1.0214,2.7872,0.5333196002136262,1.4210854715202004e-14,0.1,-0.5
6.578000001609325,-0.1946,-0.0414,1.1418,0.4182,-1.168,3.0828,0.6318272678721294,2.579999999999984,-0.3999999999999998,0.0700000000000002,0.0,0.0,0.3267999999999998,-0.481,-1.0345,2.786,0.534036774242771,1.4210854715202004e-14,5.551115123125783e-17,-0.5
6.609000001102686,-0.1881,-0.0513,1.1258,0.4187,-1.1664,3.0774000000000004,0.6318272678721294,2.579999999999984,-0.3999999999999998,0.0700000000000002,0.0,0.0,0.3348,-0.4796,-1.0076,2.7790000000000004,0.5372259098191806,1.4210854715202004e-14,0.1,-0.5
6.625,-0.1909,-0.055,1.147,0.4125,-1.1633,3.067400000000001,0.6318272678721294,2.579999999999984,-0.3999999999999998,0.0700000000000002,0.0,0.0,0.3442,-0.4746,-1.0227,2.7914,0.5393621728847181,1.4210854715202004e-14,5.551115123125783e-17,-0.5
6.641000000759959,-0.1895,-0.0527,1.1230000000000002,0.4027,-1.1734,3.0716,0.6326054779888609,2.579999999999984,-0.3999999999999998,0.0700000000000002,0.0,0.0,0.3227999999999998,-0.4847,-1.0313,2.7898,0.5397589074540322,1.4210854715202004e-14,0.1,-0.5
6.656000001356006,-0.1913,-0.0549,1.1298,0.4156,-1.1572,3.0634,0.6332463569085222,2.579999999999984,-0.3999999999999998,0.0700000000000002,0.0,0.0,0.3358,-0.4646,-1.0207,2.7876,0.5400640878919661,1.4210854715202004e-14,5.551115123125783e-17,-0.5
6.687000000849366,-0.194,-0.0661,1.1356,0.4279,-1.1605,3.067400000000001,0.6332463569085222,2.579999999999984,-0.3999999999999998,0.0700000000000002,0.0,0.0,0.3207999999999998,-0.4821,-1.0323,2.8054,0.5411322194247349,1.4210854715202004e-14,5.551115123125783e-17,-0.5
6.703000001609325,-0.1934,-0.052,1.1294,0.407,-1.1635,3.0676,0.6339024948500801,2.4799999999999898,-0.3999999999999998,0.0700000000000002,0.0,0.0,0.3256,-0.4888,-1.0168,2.7812,0.5411322194247349,1.4210854715202004e-14,0.1,-0.5
6.71900000050664,-0.1965,-0.0505,1.1358,0.4163,-1.1654,3.0635999999999997,0.6345586327916382,2.4799999999999898,-0.3999999999999998,0.0700000000000002,0.0,0.0,0.3298,-0.468,-1.0147,2.794,0.542230869001297,1.4210854715202004e-14,5.551115123125783e-17,-0.5
6.734000001102686,-0.1991,-0.0529,1.1508,0.4126,-1.1538,3.052,0.6367559319447624,2.4799999999999898,-0.3999999999999998,0.0700000000000002,0.0,0.0,0.3186,-0.4607,-1.0478,2.8116,0.5447028305485618,1.4210854715202004e-14,5.551115123125783e-17,-0.5
6.75,-0.1993,-0.0589,1.133,0.3934,-1.165,3.055,0.6367559319447624,2.4799999999999898,-0.3999999999999998,0.0700000000000002,0.0,0.0,0.3312,-0.4647,-1.0206,2.796,0.5467322804608225,1.4210854715202004e-14,0.1,-0.5
6.781000001356006,-0.1988,-0.063,1.1616000000000002,0.405,-1.1601,3.0521999999999996,0.6378545815213246,2.4799999999999898,-0.3999999999999998,0.0700000000000002,0.0,0.0,0.3277999999999998,-0.4671,-1.0267,2.8096,0.5473121232928969,1.4210854715202004e-14,5.551115123125783e-17,-0.5
6.79700000025332,-0.2166,-0.068,1.1456,0.4115,-1.1569,3.0518,0.6389227130540933,2.4799999999999898,-0.3999999999999998,0.0700000000000002,0.0,0.0,0.3217999999999998,-0.4715,-1.0542,2.8268,0.5474647135118639,1.4210854715202004e-14,5.551115123125783e-17,-0.5
6.812000000849366,-0.2092,-0.0518,1.1536,0.3814,-1.1698,3.0521999999999996,0.642005035477226,2.4799999999999898,-0.3999999999999998,0.0700000000000002,0.0,0.0,0.3261999999999998,-0.4625,-1.0174,2.812,0.5490363927672236,1.4210854715202004e-14,0.1,-0.5
6.828000001609325,-0.19,-0.0726,1.1604,0.4098,-1.1448,3.0462,0.642005035477226,2.4799999999999898,-0.3999999999999998,0.0700000000000002,0.0,0.0,0.326,-0.4535,-1.0438,2.8232000000000004,0.5497993438620584,1.4210854715202004e-14,5.551115123125783e-17,-0.5
6.84400000050664,-0.2109,-0.0673,1.1594,0.3987,-1.1485,3.0504,0.6466742961776151,2.4799999999999898,-0.3999999999999998,0.0700000000000002,0.0,0.0,0.323,-0.4516,-1.041,2.8318,0.5498603799496452,1.4210854715202004e-14,0.1,-0.5
6.859000001102686,-0.2052,-0.0624,1.1738000000000002,0.3909,-1.1513,3.047,0.6477271686884871,2.4799999999999898,-0.3999999999999998,0.0700000000000002,0.0,0.0,0.32,-0.4529,-1.0224,2.8252,0.552835889219501,1.4210854715202004e-14,5.551115123125783e-17,-0.5
6.891000000759959,-0.2184,-0.0674,1.1762,0.3962,-1.1502,3.0494,0.6508094911116198,2.4799999999999898,-0.3999999999999998,0.0700000000000002,0.0,0.0,0.3149999999999996,-0.4611,-1.0529,2.8346000000000005,0.5550942244602121,1.4210854715202004e-14,5.551115123125783e-17,-0.5
6.906000001356006,-0.2086,-0.0612,1.1698000000000002,0.38,-1.1676,3.0472,0.6577370870527199,2.4799999999999898,-0.3999999999999998,0.0700000000000002,0.0,0.0,0.3192,-0.4534,-1.0368,2.8376,0.5559792477302204,1.4210854715202004e-14,0.1,-0.3999999999999915
6.92200000025332,-0.2003,-0.0673,1.1696000000000002,0.4009,-1.1424,3.0452,0.6590341039139391,2.4799999999999898,-0.3999999999999998,0.0700000000000002,0.0,0.0,0.3201999999999998,-0.4487,-1.0439,2.8356,0.5578561074235141,1.4210854715202004e-14,5.551115123125783e-17,-0.3999999999999915
6.953000001609325,-0.2203,-0.0779,1.1798000000000002,0.3905,-1.1481,3.0414000000000008,0.6598275730525673,2.4799999999999898,-0.3999999999999998,0.0700000000000002,0.0,0.0,0.321,-0.4515,-1.0565,2.846,0.5578561074235141,1.4210854715202004e-14,0.1,-0.3999999999999915
6.96900000050664,-0.2125,-0.0752,1.1854000000000002,0.3755,-1.1529,3.035,0.6636575875486381,2.4799999999999898,-0.3999999999999998,0.0700000000000002,0.0,0.0,0.3152,-0.4529,-1.0385,2.8404,0.5585885404745555,1.4210854715202004e-14,0.1,-0.5
6.984000001102686,-0.2171,-0.0803,1.1892,0.4,-1.136,3.0412,0.6668314641031511,2.4799999999999898,-0.3999999999999998,0.0700000000000002,0.0,0.0,0.3204,-0.4439,-1.0714,2.8626,0.5618692301823452,1.4210854715202004e-14,5.551115123125783e-17,-0.5
7.0,-0.2136,-0.0747,1.1884,0.3874,-1.1462,3.035400000000001,0.6706157015335318,2.4799999999999898,-0.3999999999999998,0.0700000000000002,0.0,0.0,0.3232,-0.4586,-1.0679,2.8623999999999996,0.5621286335545891,1.4210854715202004e-14,0.1,-0.5
7.031000001356006,-0.2254,-0.0832,1.1906,0.3774,-1.1504,3.0396,0.6728282597085528,2.4799999999999898,-0.3999999999999998,0.0700000000000002,0.0,0.0,0.319,-0.438,-1.0515,2.8658000000000015,0.5638986800946059,1.4210854715202004e-14,5.551115123125783e-17,-0.5
7.04700000025332,-0.2321,-0.0703,1.1882,0.3729,-1.1493,3.031,0.6759716182192722,2.4799999999999898,-0.3999999999999998,0.0700000000000002,0.0,0.0,0.3227999999999998,-0.4408,-1.0697,2.8648,0.5656534676127261,1.4210854715202004e-14,0.1,-0.5
7.062000000849366,-0.2061,-0.0903,1.2047999999999999,0.3958,-1.1372,3.0224,0.6765514610513467,2.4799999999999898,-0.3999999999999998,0.0700000000000002,0.0,0.0,0.3119999999999998,-0.4426,-1.0483,2.8584,0.565806057831693,1.4210854715202004e-14,0.1,-0.5
7.078000001609325,-0.2266,-0.0829,1.2062000000000002,0.3673,-1.1472,3.035,0.6793591210803388,2.4799999999999898,-0.3999999999999998,0.0700000000000002,0.0,0.0,0.3148,-0.4252,-1.0652,2.8752,0.5661875333791104,1.4210854715202004e-14,5.551115123125783e-17,-0.5
7.09400000050664,-0.2224,-0.0851,1.2092,0.3785,-1.1374,3.0256,0.6793591210803388,2.4799999999999898,-0.3999999999999998,0.0700000000000002,0.0,0.0,0.3213999999999998,-0.4422,-1.0779,2.8782,0.5669047074082552,1.4210854715202004e-14,0.1,-0.5
7.125,-0.2301,-0.0884,1.2116,0.3775,-1.133,3.0324000000000004,0.6793591210803388,2.4799999999999898,-0.3999999999999998,0.0700000000000002,0.0,0.0,0.3252,-0.4283,-1.0568,2.881,0.5669810025177386,1.4210854715202004e-14,5.551115123125783e-17,-0.5
7.141000000759959,-0.2234,-0.0787,1.2138000000000002,0.3639,-1.1413,3.0208,0.6797100785839628,2.4799999999999898,-0.3999999999999998,0.0700000000000002,0.0,0.0,0.3178,-0.4245,-1.0822,2.8916,0.5689494163424125,-0.0999999999999801,5.551115123125783e-17,-0.5
7.156000001356006,-0.225,-0.0937,1.2268000000000001,0.3736,-1.1286,3.0158,0.6797100785839628,2.4799999999999898,-0.3999999999999998,0.0700000000000002,0.0,0.0,0.3197999999999998,-0.4333,-1.0622,2.8764,0.569025711451896,-0.0999999999999801,5.551115123125783e-17,-0.5
7.17200000025332,-0.227,-0.0905,1.2036000000000002,0.3538,-1.1455,3.0208,0.6797100785839628,2.4799999999999898,-0.3999999999999998,0.0700000000000002,0.0,0.0,0.3051999999999998,-0.4303,-1.0938,2.9038,0.5699717708094911,-0.0999999999999801,5.551115123125783e-17,-0.5
7.187000000849366,-0.2288,-0.097,1.2207999999999999,0.362,-1.1416,3.0138,0.6797100785839628,2.4799999999999898,-0.3999999999999998,0.0700000000000002,0.0,0.0,0.313,-0.4442,-1.0727,2.8918,0.5717570763714046,-0.0999999999999801,5.551115123125783e-17,-0.5
7.219000000506639,-0.2348,-0.0963,1.2318,0.3611,-1.1321,3.0204,0.6805493247882811,2.4799999999999898,-0.3999999999999998,0.0700000000000002,0.0,0.0,0.3106,-0.4212,-1.0744,2.8984,0.5730693522545205,-0.0999999999999801,5.551115123125783e-17,-0.5
7.234000001102686,-0.2253,-0.0811,1.2176,0.3662,-1.1311,3.0160000000000005,0.6805493247882811,2.4799999999999898,-0.3999999999999998,0.0700000000000002,0.0,0.0,0.3059999999999998,-0.4307,-1.0755,2.8974,0.5745189593347066,1.4210854715202004e-14,5.551115123125783e-17,-0.5
7.25,-0.2281,-0.0899,1.2289999999999999,0.3699,-1.1352,3.0112,0.6805493247882811,2.4799999999999898,-0.3999999999999998,0.0700000000000002,0.0,0.0,0.3116,-0.4138,-1.0725,2.895,0.5748088807507439,1.4210854715202004e-14,5.551115123125783e-17,-0.5
7.266000000759959,-0.2264,-0.099,1.2406,0.3588,-1.1359,3.0152,0.6768719005111773,2.4799999999999898,-0.3999999999999998,0.0700000000000002,0.0,0.0,0.2999999999999998,-0.4242,-1.0893,2.9118,0.5753887235828183,1.4210854715202004e-14,5.551115123125783e-17,-0.5
7.29700000025332,-0.2329,-0.0952,1.2254000000000005,0.3563,-1.1347,3.0050000000000003,0.6768719005111773,2.4799999999999898,-0.3999999999999998,0.0700000000000002,0.0,0.0,0.3076,-0.4142,-1.0758,2.894,0.5769298847943847,1.4210854715202004e-14,5.551115123125783e-17,-0.5
7.312000000849366,-0.2438,-0.0903,1.2364,0.363,-1.1252,3.0106,0.6761699855039293,2.4799999999999898,-0.3999999999999998,0.0700000000000002,0.0,0.0,0.3094,-0.4204,-1.0851,2.9214000000000007,0.5770214389257649,1.4210854715202004e-14,5.551115123125783e-17,-0.5
7.328000001609325,-0.2389,-0.0957,1.2312,0.3542,-1.1289,3.0158,0.6761699855039293,2.4799999999999898,-0.3999999999999998,0.0700000000000002,0.0,0.0,0.3056,-0.4227,-1.1035,2.9144,0.5771587701228351,1.4210854715202004e-14,5.551115123125783e-17,-0.5
7.344000000506639,-0.2414,-0.1055,1.2494,0.3578,-1.129,2.9994,0.673316548409247,2.4799999999999898,-0.3999999999999998,0.0700000000000002,0.0,0.0,0.3138,-0.4264,-1.0777,2.910400000000001,0.5775707637140459,-0.0999999999999801,5.551115123125783e-17,-0.5
7.359000001102686,-0.2522,-0.0966,1.2358,0.359,-1.137,2.9998000000000005,0.673316548409247,2.4799999999999898,-0.3999999999999998,0.0700000000000002,0.0,0.0,0.2958,-0.4056,-1.0966,2.9149999999999996,0.577616540779736,1.4210854715202004e-14,5.551115123125783e-17,-0.5
7.391000000759959,-0.2439,-0.0926,1.2376000000000005,0.3526,-1.1263,3.0006,0.6725688563363089,2.4799999999999898,-0.3999999999999998,0.0700000000000002,0.0,0.0,0.3061999999999998,-0.4179,-1.0984,2.9212,0.5781506065461204,1.4210854715202004e-14,5.551115123125783e-17,-0.5
7.406000001356006,-0.2463,-0.1052,1.2322,0.3579,-1.1222,2.9918,0.6719279774166477,2.4799999999999898,-0.3999999999999998,0.0700000000000002,0.0,0.0,0.3025999999999998,-0.416,-1.0899,2.9132,0.5781506065461204,1.4210854715202004e-14,5.551115123125783e-17,-0.5
7.42200000025332,-0.2402,-0.1103,1.2362,0.3494,-1.1278,2.9972,0.6699748226138705,2.4799999999999898,-0.3999999999999998,0.0700000000000002,0.0,0.0,0.2994,-0.414,-1.0867,2.916,0.5781506065461204,1.4210854715202004e-14,5.551115123125783e-17,-0.5
7.437000000849366,-0.2374,-0.1034,1.2362,0.3609,-1.1191,2.991200000000001,0.6698680094605937,2.4799999999999898,-0.3999999999999998,0.0700000000000002,0.0,0.0,0.3044,-0.436,-1.1071,2.9282,0.5774944686045624,1.4210854715202004e-14,5.551115123125783e-17,-0.5
7.453000001609325,-0.2438,-0.1162,1.2316,0.3462,-1.1275,2.9942000000000006,0.6698680094605937,2.4799999999999898,-0.3999999999999998,0.0700000000000002,0.0,0.0,0.3094,-0.4177,-1.0935,2.9192,0.5774944686045624,1.4210854715202004e-14,5.551115123125783e-17,-0.5
7.484000001102686,-0.2457,-0.1135,1.2451999999999999,0.3536,-1.1288,2.9854,0.6699748226138705,2.4799999999999898,-0.3999999999999998,0.0700000000000002,0.0,0.0,0.2994,-0.4179,-1.092,2.918600000000001,0.5774944686045624,1.4210854715202004e-14,5.551115123125783e-17,-0.5
7.5,-0.2447,-0.1101,1.2424,0.3557,-1.1214,2.9884,0.6699748226138705,2.4799999999999898,-0.3999999999999998,0.0700000000000002,0.0,0.0,0.3056,-0.4175,-1.0917,2.9187999999999996,0.577418173495079,1.4210854715202004e-14,5.551115123125783e-17,-0.5
7.516000000759959,-0.2494,-0.1049,1.2394,0.3491,-1.1136,2.9892,0.6699748226138705,2.4799999999999898,-0.3999999999999998,0.0700000000000002,0.0,0.0,0.2984,-0.4167,-1.0987,2.922600000000001,0.5771740291447318,1.4210854715202004e-14,5.551115123125783e-17,-0.5
7.531000001356006,-0.2479,-0.1168,1.2432,0.3425,-1.1142,2.9862,0.6710276951247426,2.4799999999999898,-0.3999999999999998,0.0700000000000002,0.0,0.0,0.3004,-0.4169,-1.0972,2.923,0.5771740291447318,1.4210854715202004e-14,5.551115123125783e-17,-0.5
7.562000000849366,-0.2482,-0.1138,1.2328,0.3453,-1.1142,2.9832,0.6719584954604411,2.4799999999999898,-0.3999999999999998,0.0700000000000002,0.0,0.0,0.3035999999999998,-0.4198,-1.0988,2.9322000000000004,0.5771740291447318,1.4210854715202004e-14,5.551115123125783e-17,-0.5
7.578000001609325,-0.2514,-0.1076,1.2278,0.352,-1.1265,2.9866000000000006,0.6724925612268254,2.4799999999999898,-0.3999999999999998,0.0700000000000002,0.0,0.0,0.2944,-0.4198,-1.0878,2.918600000000001,0.5771740291447318,1.4210854715202004e-14,5.551115123125783e-17,-0.5
7.594000000506639,-0.2409,-0.1143,1.2336,0.3567,-1.1207,2.977,0.6729045548180362,2.4799999999999898,-0.3999999999999998,0.0700000000000002,0.0,0.0,0.2918,-0.4324,-1.0997,2.9284,0.5771740291447318,1.4210854715202004e-14,5.551115123125783e-17,-0.5
7.609000001102686,-0.2547,-0.1141,1.2322,0.3475,-1.1239,2.9802,0.6732860303654536,2.4799999999999898,-0.3999999999999998,0.0700000000000002,0.0,0.0,0.2952,-0.4209,-1.0922,2.9294,0.5771740291447318,1.4210854715202004e-14,5.551115123125783e-17,-0.5
7.625,-0.2374,-0.1091,1.2366,0.3525,-1.12,2.9728,0.6734843976501107,2.4799999999999898,-0.3999999999999998,0.0700000000000002,0.0,0.0,0.2912,-0.4162,-1.0892,2.927,0.5773113603418021,1.4210854715202004e-14,5.551115123125783e-17,-0.5
7.656000001356006,-0.245,-0.114,1.2328,0.3512,-1.1084,2.9751999999999996,0.6737590600442512,2.4799999999999898,-0.3999999999999998,0.0700000000000002,0.0,0.0,0.3005999999999998,-0.4219,-1.0945,2.9214000000000007,0.577418173495079,1.4210854715202004e-14,5.551115123125783e-17,-0.5
7.67200000025332,-0.2482,-0.1226,1.2374,0.3435,-1.1191,2.9728,0.6743541618982224,2.4799999999999898,-0.3999999999999998,0.0700000000000002,0.0,0.0,0.2959999999999998,-0.414,-1.0865,2.917,0.577418173495079,1.4210854715202004e-14,5.551115123125783e-17,-0.5
7.687000000849366,-0.2664,-0.1151,1.2484,0.3458,-1.0997,2.9716,0.6746135652704662,2.4799999999999898,-0.3999999999999998,0.0700000000000002,0.0,0.0,0.293,-0.4197,-1.0971,2.9282,0.5773113603418021,-0.0999999999999801,5.551115123125783e-17,-0.5
7.703000001609325,-0.255,-0.1166,1.2428000000000001,0.3341,-1.1118,2.9644,0.6746135652704662,2.4799999999999898,-0.3999999999999998,0.0700000000000002,0.0,0.0,0.2938,-0.4055,-1.1,2.9322000000000004,0.5770061799038682,-0.0999999999999801,5.551115123125783e-17,-0.5
7.719000000506639,-0.2527,-0.1195,1.2382000000000002,0.3334,-1.1073,2.9596,0.6746135652704662,2.4799999999999898,-0.3999999999999998,0.0700000000000002,0.0,0.0,0.2926,-0.422,-1.0897,2.9200000000000004,0.5761516746776532,-0.0999999999999801,5.551115123125783e-17,-0.5
7.75,-0.2605,-0.1187,1.2352,0.3374,-1.1074,2.9628,0.6744609750514993,2.4799999999999898,-0.3999999999999998,0.0700000000000002,0.0,0.0,0.2922,-0.4219,-1.0951,2.9332,0.5758464942397192,-0.0999999999999801,5.551115123125783e-17,-0.5
7.766000000759959,-0.2559,-0.12,1.2422,0.3494,-1.0973,2.9648,0.6744304570077059,2.4799999999999898,-0.3999999999999998,0.0700000000000002,0.0,0.0,0.2944,-0.4165,-1.0858,2.9256000000000006,0.5756939040207523,-0.0999999999999801,5.551115123125783e-17,-0.5
7.781000001356006,-0.2583,-0.1229,1.2458,0.3536,-1.0993,2.9656,0.6743694209201191,2.4799999999999898,-0.3999999999999998,0.0700000000000002,0.0,0.0,0.2928,-0.4141,-1.1022,2.9224,0.5756939040207523,-0.0999999999999801,5.551115123125783e-17,-0.5
7.79700000025332,-0.2575,-0.1232,1.2424,0.3493,-1.1068,2.961,0.6740489814602885,2.4799999999999898,-0.3999999999999998,0.0700000000000002,0.0,0.0,0.2916,-0.4215,-1.0847,2.923,0.5756939040207523,-0.0999999999999801,5.551115123125783e-17,-0.5
7.812000000849366,-0.268,-0.1147,1.2449999999999999,0.342,-1.0987,2.9542,0.6740489814602885,2.4799999999999898,-0.3999999999999998,0.0700000000000002,0.0,0.0,0.2932,-0.4195,-1.0903,2.9314,0.5756633859769589,-0.0999999999999801,5.551115123125783e-17,-0.5
7.844000000506639,-0.2652,-0.1141,1.2402,0.3411,-1.1006,2.9492,0.6740489814602885,2.4799999999999898,-0.3999999999999998,0.0700000000000002,0.0,0.0,0.2837999999999998,-0.4202,-1.0825,2.93,0.5755107957579919,-0.0999999999999801,5.551115123125783e-17,-0.5
7.859000001102686,-0.2569,-0.1284,1.235,0.3353,-1.1019,2.9492,0.6740489814602885,2.4799999999999898,-0.3999999999999998,0.0700000000000002,0.0,0.0,0.2852,-0.4093,-1.0904,2.9224,0.5755107957579919,-0.0999999999999801,5.551115123125783e-17,-0.5
7.875,-0.2594,-0.1291,1.2446,0.3557,-1.0994,2.9583999999999997,0.6740184634164951,2.4799999999999898,-0.3999999999999998,0.0700000000000002,0.0,0.0,0.2872,-0.4113,-1.0921,2.9366,0.5744579232471199,-0.0999999999999801,5.551115123125783e-17,-0.5
7.891000000759959,-0.2667,-0.1301,1.2552,0.332,-1.1075,2.9464,0.6738048371099413,2.4799999999999898,-0.3999999999999998,0.0700000000000002,0.0,0.0,0.2864,-0.4086,-1.0929,2.9252,0.5740154116121157,-0.0999999999999801,5.551115123125783e-17,-0.5
7.92200000025332,-0.2644,-0.131,1.2322,0.3351,-1.1097,2.9542,0.6737438010223545,2.4799999999999898,-0.3999999999999998,0.0700000000000002,0.0,0.0,0.2958,-0.4107,-1.0867,2.9396,0.573496604867628,-0.0999999999999801,5.551115123125783e-17,-0.5
7.937000000849366,-0.2624,-0.1161,1.2382000000000002,0.3277,-1.0961,2.9532,0.6736369878690777,2.4799999999999898,-0.3999999999999998,0.0700000000000002,0.0,0.0,0.2842,-0.4119,-1.0877,2.9372,0.5732524605172808,-0.0999999999999801,5.551115123125783e-17,-0.5
7.953000001609325,-0.2622,-0.1242,1.2366,0.3525,-1.0901,2.9515999999999996,0.6735759517814909,2.4799999999999898,-0.3999999999999998,0.0700000000000002,0.0,0.0,0.2918,-0.4101,-1.096,2.9362,0.5730083161669337,-0.0999999999999801,5.551115123125783e-17,-0.5
7.969000000506639,-0.2616,-0.1267,1.2356000000000005,0.3346,-1.0885,2.9378000000000006,0.6732555123216603,2.4799999999999898,-0.3999999999999998,0.0700000000000002,0.0,0.0,0.2836,-0.4134,-1.0929,2.9322000000000004,0.5730083161669337,-0.0999999999999801,5.551115123125783e-17,-0.5
7.984000001102686,-0.2581,-0.1378,1.2334,0.346,-1.0887,2.9392,0.6730266269932098,2.4799999999999898,-0.3999999999999998,0.0700000000000002,0.0,0.0,0.291,-0.4076,-1.0901,2.9384,0.572993057145037,-0.0999999999999801,5.551115123125783e-17,-0.5
8.01600000075996,-0.2573,-0.1226,1.2282,0.3407,-1.0971,2.9478000000000004,0.6730113679713131,2.4799999999999898,-0.3999999999999998,0.0700000000000002,0.0,0.0,0.2857999999999998,-0.4061,-1.0967,2.9314,0.5729777981231403,-0.0999999999999801,5.551115123125783e-17,-0.5
8.031000001356006,-0.2745,-0.1314,1.2436,0.3428,-1.0916,2.9396,0.6729198138399329,2.4799999999999898,-0.3999999999999998,0.0700000000000002,0.0,0.0,0.2844,-0.4001,-1.0854,2.9366,0.5729625391012436,-0.0999999999999801,5.551115123125783e-17,-0.5
8.04700000025332,-0.2711,-0.1374,1.2524,0.3376,-1.0907,2.9382,0.6728892957961395,2.4799999999999898,-0.3999999999999998,0.0700000000000002,0.0,0.0,0.2753999999999998,-0.4245,-1.0882,2.9456,0.5719707026779584,-0.0999999999999801,5.551115123125783e-17,-0.5
8.062000000849366,-0.2678,-0.1301,1.2402,0.3382,-1.0915,2.9280000000000004,0.6728435187304495,2.4799999999999898,-0.3999999999999998,0.0700000000000002,0.0,0.0,0.2894,-0.4093,-1.0943,2.9336000000000007,0.5713450827801938,-0.0999999999999801,5.551115123125783e-17,-0.5
8.09400000050664,-0.2648,-0.1368,1.2418,0.337,-1.1069,2.9248,0.6727214465552759,2.4799999999999898,-0.3999999999999998,0.0700000000000002,0.0,0.0,0.2854,-0.4105,-1.0929,2.933,0.5708567940794995,-0.0999999999999801,5.551115123125783e-17,-0.5
8.109000001102686,-0.2589,-0.1362,1.2342,0.3377,-1.0818,2.9352,0.6726604104676891,2.4799999999999898,-0.3999999999999998,0.0700000000000002,0.0,0.0,0.2884,-0.3979,-1.0902,2.9336000000000007,0.5704905775539788,-0.0999999999999801,5.551115123125783e-17,-0.5
8.125,-0.2774,-0.1391,1.2458,0.3266,-1.092,2.9218,0.6725078202487221,2.4799999999999898,-0.3999999999999998,0.0700000000000002,0.0,0.0,0.2848,-0.4131,-1.0971,2.9338,0.5701396200503548,-0.0999999999999801,5.551115123125783e-17,-0.5
8.14100000075996,-0.2659,-0.131,1.2396,0.3442,-1.0911,2.9374,0.672416266117342,2.4799999999999898,-0.3999999999999998,0.0700000000000002,0.0,0.0,0.2834,-0.4132,-1.0969,2.9393999999999996,0.5701396200503548,-0.0999999999999801,5.551115123125783e-17,-0.5
8.156000001356006,-0.2602,-0.1263,1.2284,0.3444,-1.0837,2.9212,0.6721568627450981,2.4799999999999898,-0.3999999999999998,0.0700000000000002,0.0,0.0,0.2789999999999998,-0.4058,-1.1002,2.935,0.5700480659189746,-0.0999999999999801,5.551115123125783e-17,-0.5
8.17200000025332,-0.2684,-0.1283,1.2426,0.3337,-1.092,2.9338,0.6721568627450981,2.4799999999999898,-0.3999999999999998,0.0700000000000002,0.0,0.0,0.2814,-0.4073,-1.1004,2.9422,0.5700480659189746,-0.0999999999999801,5.551115123125783e-17,-0.5
8.203000001609325,-0.2707,-0.1344,1.2474,0.3305,-1.0871,2.9214000000000007,0.6721263447013047,2.4799999999999898,-0.3999999999999998,0.0700000000000002,0.0,0.0,0.2848,-0.4238,-1.0925,2.9442,0.5700175478751812,-0.0999999999999801,5.551115123125783e-17,-0.5
8.21900000050664,-0.2655,-0.1375,1.2426,0.3282,-1.0904,2.9122,0.6720653086137179,2.4799999999999898,-0.3999999999999998,0.0700000000000002,0.0,0.0,0.2793999999999996,-0.4163,-1.0963,2.9431999999999996,0.569071488517586,-0.0999999999999801,5.551115123125783e-17,-0.5
8.234000001102686,-0.2711,-0.1364,1.2458,0.3269,-1.0873,2.9204000000000003,0.6718364232852675,2.4799999999999898,-0.3999999999999998,0.0700000000000002,0.0,0.0,0.2757999999999998,-0.415,-1.0955,2.9446,0.5685374227512017,-0.0999999999999801,5.551115123125783e-17,-0.5
8.26600000075996,-0.2701,-0.1375,1.2438,0.3231,-1.0861,2.9180000000000006,0.6718211642633708,2.4799999999999898,-0.3999999999999998,0.0700000000000002,0.0,0.0,0.283,-0.4028,-1.0992,2.953,0.567866025787747,-0.0999999999999801,5.551115123125783e-17,-0.5
8.281000001356006,-0.2718,-0.1427,1.2436,0.3226,-1.0801,2.9184,0.6711497672999162,2.4799999999999898,-0.3999999999999998,0.0700000000000002,0.0,0.0,0.2837999999999998,-0.4031,-1.1021,2.9442,0.5674845502403296,-0.0999999999999801,5.551115123125783e-17,-0.5
8.29700000025332,-0.2721,-0.139,1.2512,0.3293,-1.0839,2.9202,0.6709208819714657,2.4799999999999898,-0.3999999999999998,-0.0300000000000011,0.0,0.0,0.2799999999999998,-0.4111,-1.1156,2.938,0.5671335927367056,-0.0999999999999801,5.551115123125783e-17,-0.5
8.312000000849366,-0.2736,-0.1347,1.2496,0.3241,-1.0751,2.9194,0.6703868162050813,2.4799999999999898,-0.3999999999999998,-0.0300000000000011,0.0,0.0,0.2752,-0.4031,-1.1037,2.9414,0.5669199664301519,-0.0999999999999801,5.551115123125783e-17,-0.5
8.328000001609325,-0.2761,-0.1403,1.247,0.3302,-1.0843,2.9236000000000004,0.6696543831540399,2.4799999999999898,-0.3999999999999998,-0.0300000000000011,0.0,0.0,0.2792,-0.4003,-1.1009,2.9418,0.5669199664301519,-0.0999999999999801,5.551115123125783e-17,-0.5
8.34400000050664,-0.268,-0.1434,1.2514,0.3368,-1.073,2.9046,0.6693186846723126,2.4799999999999898,-0.3999999999999998,-0.0300000000000011,0.0,0.0,0.2878,-0.4035,-1.0989,2.9468,0.5668589303425651,-0.0999999999999801,5.551115123125783e-17,-0.5
8.375,-0.2696,-0.1443,1.2502,0.3238,-1.0757,2.9078000000000004,0.668693064774548,2.4799999999999898,-0.3999999999999998,-0.0300000000000011,0.0,0.0,0.2762,-0.4015,-1.0988,2.9498,0.5665690089265278,-0.0999999999999801,5.551115123125783e-17,-0.5
8.39100000075996,-0.2706,-0.1507,1.2524,0.3258,-1.0806,2.9082000000000003,0.6682047760738538,2.4799999999999898,-0.3999999999999998,-0.0300000000000011,0.0,0.0,0.2766,-0.4003,-1.0973,2.9414,0.5653940642404821,-0.0999999999999801,5.551115123125783e-17,-0.5
8.406000001356006,-0.2736,-0.1498,1.2562,0.3274,-1.0722,2.913,0.6675791561760892,2.4799999999999898,-0.3999999999999998,-0.0300000000000011,0.0,0.0,0.2819999999999998,-0.4071,-1.1055,2.9507999999999996,0.5647226672770275,-0.0999999999999801,5.551115123125783e-17,-0.5
8.437000000849366,-0.2698,-0.1435,1.2512,0.3141,-1.0868,2.908,0.6668925001907379,2.4799999999999898,-0.3999999999999998,-0.0300000000000011,0.0,0.0,0.2834,-0.4008,-1.1092,2.9522,0.563990234225986,-0.0999999999999801,5.551115123125783e-17,-0.5
8.453000001609325,-0.2801,-0.1452,1.2488,0.3247,-1.0751,2.9068,0.665931181811246,2.4799999999999898,-0.3999999999999998,-0.0300000000000011,0.0,0.0,0.2878,-0.4021,-1.1044,2.945,0.5633035782406347,-0.0999999999999801,5.551115123125783e-17,-0.5
8.46900000050664,-0.2755,-0.1369,1.2534,0.3291,-1.0702,2.9012,0.665320820935378,2.4799999999999898,-0.3999999999999998,0.0700000000000002,0.0,0.0,0.2726,-0.4037,-1.0979,2.9462,0.5626321812771801,-0.0999999999999801,5.551115123125783e-17,-0.5
8.484000001102686,-0.2674,-0.1435,1.2608,0.3236,-1.0794,2.9054,0.6646646829938201,2.4799999999999898,-0.3999999999999998,0.0700000000000002,0.0,0.0,0.2814,-0.4051,-1.1006,2.9553999999999996,0.5623575188830395,-0.0999999999999801,5.551115123125783e-17,-0.5
8.5,-0.2787,-0.1421,1.2600000000000002,0.3293,-1.0708,2.909,0.6637491416800183,2.4799999999999898,-0.3999999999999998,0.0700000000000002,0.0,0.0,0.2862,-0.3957,-1.103,2.9616,0.5623270008392461,-0.0999999999999801,5.551115123125783e-17,-0.5
8.51600000075996,-0.278,-0.145,1.2628000000000001,0.3072,-1.0752,2.9072,0.6632913710231174,2.4799999999999898,-0.3999999999999998,0.0700000000000002,0.0,0.0,0.2836,-0.4068,-1.1143,2.9538,0.5619455252918287,-0.0999999999999801,5.551115123125783e-17,-0.5
8.54700000025332,-0.2848,-0.1485,1.2611999999999999,0.3193,-1.0734,2.8954,0.662757305256733,2.4799999999999898,-0.3999999999999998,0.0700000000000002,0.0,0.0,0.2832,-0.4007,-1.1062,2.9568,0.5605416952773327,-0.0999999999999801,5.551115123125783e-17,-0.5
8.562000000849366,-0.2637,-0.1438,1.2566,0.3186,-1.0645,2.8978,0.6622842755779355,2.4799999999999898,-0.3999999999999998,0.0700000000000002,0.0,0.0,0.2819999999999998,-0.3998,-1.0871,2.9594,0.5605416952773327,-0.0999999999999801,5.551115123125783e-17,-0.5
8.578000001609325,-0.2672,-0.1498,1.2624,0.3117,-1.0776,2.8934,0.6617349507896544,2.4799999999999898,-0.3999999999999998,0.0700000000000002,0.0,0.0,0.2819999999999998,-0.3843,-1.107,2.9583999999999997,0.5597024490730144,-0.0999999999999801,5.551115123125783e-17,-0.5
8.59400000050664,-0.2838,-0.1514,1.265,0.3183,-1.0705,2.8943999999999996,0.6609262226291295,2.4799999999999898,-0.3999999999999998,0.0700000000000002,0.0,0.0,0.2773999999999998,-0.4,-1.1004,2.9582,0.559015793087663,-0.0999999999999801,5.551115123125783e-17,-0.5
8.609000001102686,-0.2844,-0.1452,1.2668,0.3187,-1.0744,2.8956000000000004,0.660148012512398,2.4799999999999898,-0.3999999999999998,0.0700000000000002,0.0,0.0,0.2816,-0.4022,-1.1049,2.9708,0.5581918059052414,-0.0999999999999801,5.551115123125783e-17,-0.5
8.64100000075996,-0.287,-0.1456,1.2628000000000001,0.3105,-1.0689,2.8989999999999996,0.6596292057679103,2.4799999999999898,-0.3999999999999998,0.0700000000000002,0.0,0.0,0.2882,-0.3948,-1.1107,2.971,0.557306782635233,-0.0999999999999801,5.551115123125783e-17,-0.5
8.656000001356006,-0.2805,-0.1434,1.2670000000000001,0.3168,-1.0747,2.8928,0.6590951400015259,2.4799999999999898,-0.3999999999999998,-0.0300000000000011,0.0,0.0,0.2739999999999998,-0.388,-1.1181,2.9654,0.557108415350576,-0.0999999999999801,5.551115123125783e-17,-0.5
8.67200000025332,-0.2823,-0.1487,1.2748000000000002,0.3186,-1.0637,2.8924,0.6577218280308232,2.4799999999999898,-0.3999999999999998,-0.0300000000000011,0.0,0.0,0.2844,-0.3787,-1.1145,2.977,0.5570321202410925,-0.0999999999999801,5.551115123125783e-17,-0.5
8.687000000849366,-0.2776,-0.1603,1.2636,0.3174,-1.0638,2.8962,0.6570351720454719,2.4799999999999898,-0.3999999999999998,-0.0300000000000011,0.0,0.0,0.2783999999999998,-0.3846,-1.0969,2.9716,0.5565438315403982,-0.0999999999999801,5.551115123125783e-17,-0.5
8.71900000050664,-0.2859,-0.1489,1.2772,0.3101,-1.0634,2.888,0.6564705882352941,2.4799999999999898,-0.3999999999999998,-0.0300000000000011,0.0,0.0,0.2783999999999998,-0.3921,-1.1122,2.9796,0.5554604409857328,-0.0999999999999801,5.551115123125783e-17,-0.5
8.734000001102686,-0.2845,-0.1375,1.2744,0.308,-1.069,2.887,0.6558907454032197,2.4799999999999898,-0.3999999999999998,-0.0300000000000011,0.0,0.0,0.2839999999999998,-0.3893,-1.1087,2.9797999999999996,0.5551857785915922,-0.0999999999999801,5.551115123125783e-17,-0.5
8.75,-0.2784,-0.1473,1.2754,0.3047,-1.0613,2.885,0.6553261615930419,2.4799999999999898,-0.3999999999999998,-0.0300000000000011,0.0,0.0,0.2777999999999998,-0.3805,-1.1119,2.9751999999999996,0.5551247425040055,-0.0999999999999801,5.551115123125783e-17,-0.5
8.781000001356006,-0.277,-0.1613,1.2818,0.3034,-1.0714,2.8796,0.6549294270237278,2.4799999999999898,-0.3999999999999998,-0.0300000000000011,0.0,0.0,0.283,-0.3924,-1.1137,2.9835999999999996,0.554743266956588,-0.0999999999999801,5.551115123125783e-17,-0.5
8.79700000025332,-0.2847,-0.1646,1.2792000000000001,0.3027,-1.0722,2.8800000000000003,0.6545479514763104,2.4799999999999898,-0.3999999999999998,-0.0300000000000011,0.0,0.0,0.283,-0.3845,-1.1099,2.9712,0.554392309452964,-0.0999999999999801,5.551115123125783e-17,-0.5
8.812000000849366,-0.273,-0.1504,1.2613999999999999,0.3058,-1.072,2.889,0.6543801022354467,2.4799999999999898,-0.3999999999999998,-0.0300000000000011,0.0,0.0,0.2748,-0.3781,-1.1165,2.9738,0.5540718699931334,-0.0999999999999801,5.551115123125783e-17,-0.5
8.828000001609325,-0.2914,-0.1484,1.2752000000000001,0.2969,-1.0664,2.8886,0.6539375906004425,2.4799999999999898,-0.3999999999999998,-0.0300000000000011,0.0,0.0,0.2862,-0.3756,-1.1062,2.9794,0.5538735027084764,-0.0999999999999801,5.551115123125783e-17,-0.5
8.84400000050664,-0.2884,-0.1537,1.2870000000000001,0.3119,-1.0624,2.8812,0.6534187838559549,2.4799999999999898,-0.3999999999999998,-0.0300000000000011,0.0,0.0,0.2814,-0.3782,-1.1145,2.9738,0.5537666895551995,-0.0999999999999801,5.551115123125783e-17,-0.5
8.859000001102686,-0.2791,-0.1508,1.27,0.3112,-1.0588,2.882,0.6531136034180209,2.4799999999999898,-0.3999999999999998,-0.0300000000000011,0.0,0.0,0.2884,-0.3756,-1.0991,2.9774,0.5537514305333028,-0.0999999999999801,5.551115123125783e-17,-0.5
8.89100000075996,-0.2904,-0.1465,1.2830000000000001,0.3101,-1.0667,2.8758,0.6527779049362936,2.4799999999999898,-0.3999999999999998,0.0700000000000002,0.0,0.0,0.2716,-0.3785,-1.1079,2.98,0.5533089188982986,-0.0999999999999801,5.551115123125783e-17,-0.5
8.906000001356006,-0.2807,-0.1478,1.2848,0.3048,-1.0583,2.8786,0.65265583276112,2.4799999999999898,-0.3999999999999998,0.0700000000000002,0.0,0.0,0.2824,-0.3778,-1.1092,2.9868,0.5531563286793316,-0.0999999999999801,5.551115123125783e-17,-0.5
8.92200000025332,-0.2869,-0.1555,1.2809999999999997,0.3106,-1.0623,2.8706,0.6524269474326696,2.4799999999999898,-0.3999999999999998,0.0700000000000002,0.0,0.0,0.2737999999999998,-0.3798,-1.1059,2.9808,0.553034256504158,-0.0999999999999801,5.551115123125783e-17,-0.5
8.937000000849366,-0.2782,-0.1492,1.2798,0.3118,-1.0508,2.8852,0.6524116884107729,2.4799999999999898,-0.3999999999999998,0.0700000000000002,0.0,0.0,0.2836,-0.3648,-1.1107,2.9794,0.5529732204165713,-0.0999999999999801,5.551115123125783e-17,-0.3999999999999915
8.953000001609325,-0.273,-0.1662,1.2762000000000002,0.2981,-1.0568,2.871,0.6520912489509423,2.4799999999999898,-0.3999999999999998,0.0700000000000002,0.0,0.0,0.2797999999999998,-0.3756,-1.105,2.9756000000000005,0.5529732204165713,-0.0999999999999801,5.551115123125783e-17,-0.3999999999999915
8.96900000050664,-0.2849,-0.1469,1.2766,0.3021,-1.0661,2.8750000000000004,0.6518776226443885,2.4799999999999898,-0.3999999999999998,0.0700000000000002,0.0,0.0,0.2769999999999998,-0.3706,-1.1134,2.9820000000000007,0.5529732204165713,-0.0999999999999801,5.551115123125783e-17,-0.3999999999999915
9.0,-0.2812,-0.1446,1.276,0.306,-1.0575,2.8768,0.6517097734035249,2.4799999999999898,-0.3999999999999998,0.0700000000000002,0.0,0.0,0.2748,-0.3711,-1.108,2.9756000000000005,0.5529732204165713,-0.0999999999999801,5.551115123125783e-17,-0.3999999999999915
9.01600000075996,-0.2829,-0.1546,1.2676,0.303,-1.0575,2.871,0.6510231174181735,2.4799999999999898,-0.3999999999999998,0.0700000000000002,0.0,0.0,0.2839999999999998,-0.3558,-1.1055,2.9764000000000004,0.553034256504158,-0.0999999999999801,5.551115123125783e-17,-0.3999999999999915
9.031000001356006,-0.2803,-0.1537,1.268,0.3036,-1.0681,2.8670000000000004,0.6508705271992066,2.4799999999999898,-0.3999999999999998,0.0700000000000002,0.0,0.0,0.2757999999999998,-0.3707,-1.1155,2.9718,0.5530495155260547,-0.0999999999999801,5.551115123125783e-17,-0.3999999999999915
9.062000000849366,-0.2784,-0.1461,1.269,0.3043,-1.0688,2.8618,0.6506111238269627,2.4799999999999898,-0.3999999999999998,0.0700000000000002,0.0,0.0,0.2756,-0.3702,-1.1094,2.9754000000000005,0.5532021057450217,-0.0999999999999801,5.551115123125783e-17,-0.3999999999999915
9.078000001609324,-0.2839,-0.1542,1.2796,0.3081,-1.05,2.8652,0.6505195696955826,2.4799999999999898,-0.3999999999999998,-0.0300000000000011,0.0,0.0,0.2729999999999998,-0.3731,-1.1052,2.9748,0.5532173647669184,-0.0999999999999801,5.551115123125783e-17,-0.3999999999999915
9.09400000050664,-0.2837,-0.1605,1.2748000000000002,0.3065,-1.0617,2.8664,0.6504585336079958,2.4799999999999898,-0.3999999999999998,-0.0300000000000011,0.0,0.0,0.2808,-0.3608,-1.1142,2.9782,0.5532478828107118,-0.0999999999999801,5.551115123125783e-17,-0.3999999999999915
9.109000001102686,-0.2824,-0.1572,1.2762000000000002,0.3011,-1.0589,2.8764,0.6503669794766156,2.4799999999999898,-0.3999999999999998,-0.0300000000000011,0.0,0.0,0.2804,-0.3597,-1.1086,2.9776,0.5532478828107118,-0.0999999999999801,5.551115123125783e-17,-0.3999999999999915
9.125,-0.2916,-0.1511,1.2813999999999999,0.3088,-1.0525,2.8572,0.6503669794766156,2.4799999999999898,-0.3999999999999998,-0.0300000000000011,0.0,0.0,0.2712,-0.377,-1.1037,2.984,0.5532173647669184,-0.0999999999999801,5.551115123125783e-17,-0.3999999999999915
9.14100000075996,-0.286,-0.1655,1.2733999999999999,0.2974,-1.0522,2.872,0.6501838712138552,2.4799999999999898,-0.3999999999999998,-0.0300000000000011,0.0,0.0,0.2804,-0.3674,-1.1162,2.9826,0.5532936598764019,-0.0999999999999801,5.551115123125783e-17,-0.3999999999999915
9.17200000025332,-0.286,-0.1516,1.2808,0.2914,-1.05,2.8536000000000006,0.6500312809948883,2.4799999999999898,-0.3999999999999998,-0.0300000000000011,0.0,0.0,0.2766,-0.3662,-1.1134,2.9844000000000004,0.5533852140077821,-0.0999999999999801,5.551115123125783e-17,-0.3999999999999915
9.187000000849366,-0.2828,-0.1584,1.2852,0.3036,-1.0501,2.8585999999999996,0.6487953002212559,2.4799999999999898,-0.3999999999999998,-0.0300000000000011,0.0,0.0,0.268,-0.366,-1.1049,2.9786,0.5534309910734722,-0.0999999999999801,5.551115123125783e-17,-0.3999999999999915
9.203000001609324,-0.2862,-0.1627,1.2908,0.3005,-1.0557,2.8594000000000004,0.648337529564355,2.4799999999999898,-0.3999999999999998,-0.0300000000000011,0.0,0.0,0.2768,-0.366,-1.1095,2.9768000000000003,0.553537804226749,-0.0999999999999801,5.551115123125783e-17,-0.3999999999999915
9.234000001102686,-0.2969,-0.1628,1.2838,0.295,-1.0624,2.8638,0.6482001983672847,2.4799999999999898,-0.2999999999999999,-0.0300000000000011,0.0,0.0,0.2757999999999998,-0.3625,-1.1121,2.9852,0.5536293583581292,-0.0999999999999801,5.551115123125783e-17,-0.3999999999999915
9.25,-0.2933,-0.1509,1.2796,0.2935,-1.0479,2.8614,0.6482001983672847,2.4799999999999898,-0.2999999999999999,-0.0300000000000011,0.0,0.0,0.2832,-0.356,-1.0977,2.9702000000000015,0.553842984664683,-0.0999999999999801,5.551115123125783e-17,-0.3999999999999915
9.26600000075996,-0.2963,-0.1504,1.2828000000000002,0.2841,-1.0578,2.858,0.6469031815060655,2.4799999999999898,-0.2999999999999999,-0.0300000000000011,0.0,0.0,0.2822,-0.3681,-1.11,2.9816,0.553842984664683,-0.0999999999999801,5.551115123125783e-17,-0.5
9.281000001356006,-0.2956,-0.1492,1.274,0.3012,-1.0409,2.8612,0.6466437781338217,2.579999999999984,-0.2999999999999999,-0.0300000000000011,0.0,0.0,0.2742,-0.3649,-1.1202,2.9788,0.553842984664683,-0.0999999999999801,-0.0999999999999999,-0.5
9.312000000849366,-0.2971,-0.1583,1.289,0.2978,-1.0503,2.8526,0.6466437781338217,2.4799999999999898,-0.2999999999999999,-0.0300000000000011,0.0,0.0,0.2857999999999998,-0.352,-1.1117,2.9792,0.553842984664683,-0.0999999999999801,-0.0999999999999999,-0.5
9.328000001609324,-0.2936,-0.155,1.296,0.2897,-1.0511,2.8546,0.6464301518272679,2.579999999999984,-0.2999999999999999,-0.0300000000000011,0.0,0.0,0.2762,-0.3596,-1.1145,2.9922,0.5541481651026169,-0.0999999999999801,-0.0999999999999999,-0.5
9.34400000050664,-0.3001,-0.1614,1.2958,0.2874,-1.0468,2.8496,0.6462165255207142,2.579999999999984,-0.2999999999999999,-0.0300000000000011,0.0,0.0,0.2763999999999998,-0.3533,-1.1145,2.993,0.5541481651026169,-0.0999999999999801,-0.0999999999999999,-0.5
9.359000001102686,-0.2887,-0.1558,1.2938,0.2928,-1.0622,2.8484,0.64577401388571,2.579999999999984,-0.2999999999999999,-0.1299999999999954,0.0,0.0,0.2726,-0.3555,-1.0952,2.9866000000000006,0.554697489890898,-0.0999999999999801,-0.0999999999999999,-0.5
9.375,-0.2885,-0.1661,1.2852,0.2934,-1.0483,2.8494000000000006,0.6448432135500115,2.579999999999984,-0.2999999999999999,-0.1299999999999954,0.0,0.0,0.2773999999999998,-0.3605,-1.1122,2.9862,0.5551552605477988,-0.0999999999999801,-0.0999999999999999,-0.5999999999999943
9.406000001356006,-0.3044,-0.1515,1.2962,0.3012,-1.0513,2.8626,0.6438208590829329,2.579999999999984,-0.2999999999999999,-0.1299999999999954,0.0,0.0,0.2719999999999998,-0.3381,-1.1069,2.9762,0.5554146639200427,-0.0999999999999801,-0.0999999999999999,-0.5999999999999943
9.42200000025332,-0.2992,-0.1503,1.3042,0.2983,-1.0518,2.8448000000000007,0.6437598229953461,2.579999999999984,-0.2999999999999999,-0.1299999999999954,0.0,0.0,0.2814,-0.3537,-1.1002,2.9868,0.5556282902265964,-0.0999999999999801,-0.0999999999999999,-0.5999999999999943
9.437000000849366,-0.2943,-0.1503,1.2813999999999999,0.3015,-1.0463,2.85,0.6426001373311971,2.579999999999984,-0.1999999999999998,-0.2299999999999968,0.0,0.0,0.2769999999999998,-0.3437,-1.1071,2.9848,0.5557808804455634,-0.0999999999999801,-0.0999999999999999,-0.6999999999999886
9.453000001609324,-0.3045,-0.1601,1.313,0.2853,-1.0574,2.852,0.6419439993896392,2.579999999999984,-0.1999999999999998,-0.2299999999999968,0.0,0.0,0.2918,-0.3375,-1.0933,2.978,0.5559487296864271,-0.0999999999999801,-0.0999999999999999,-0.6999999999999886
9.46900000050664,-0.2974,-0.1612,1.3104,0.2799,-1.0444,2.8501999999999996,0.6410131990539407,2.579999999999984,-0.1999999999999998,-0.2299999999999968,0.0,0.0,0.2808,-0.331,-1.1142,2.9858,0.5564370183871213,-0.0999999999999801,-0.1999999999999999,-0.6999999999999886
9.5,-0.2908,-0.1531,1.3134,0.2761,-1.0509,2.8478,0.6407843137254903,2.579999999999984,-0.1999999999999998,-0.3299999999999983,0.0178,0.0,0.2814,-0.3412,-1.1202,2.9882000000000004,0.5571236743724727,-0.0999999999999801,-0.1999999999999999,-0.7999999999999972
9.51600000075996,-0.2827,-0.1502,1.3152000000000001,0.2829,-1.0541,2.8498,0.6399603265430687,2.579999999999984,-0.1999999999999998,-0.3299999999999983,0.0135,0.0,0.2796,-0.3387,-1.1029,2.996,0.5577340352483405,-0.0999999999999801,-0.1999999999999999,-0.7999999999999972
9.531000001356006,-0.2942,-0.1531,1.3148000000000002,0.2684,-1.0591,2.845,0.6395025558861678,2.579999999999984,-0.1999999999999998,-0.4299999999999997,0.0047,0.0,0.2899999999999998,-0.3375,-1.1171,2.9962,0.5580239566643778,-0.0999999999999801,-0.1999999999999999,-0.8999999999999915
9.54700000025332,-0.2989,-0.157,1.3146,0.2828,-1.0521,2.8384000000000005,0.6378545815213246,2.579999999999984,-0.1999999999999998,-0.4299999999999997,0.0035,0.0,0.2662,-0.3302,-1.1086,2.9892,0.5581918059052414,-0.0999999999999801,-0.1999999999999999,-0.8999999999999915
9.578000001609324,-0.3054,-0.1537,1.3182,0.2826,-1.0532,2.8478,0.6377630273899444,2.579999999999984,-0.1999999999999998,-0.5300000000000011,0.0,0.0,0.2757999999999998,-0.3178,-1.1149,2.987,0.5593820096131837,-0.0999999999999801,-0.1999999999999999,-1.0
9.59400000050664,-0.2864,-0.1535,1.3002,0.2823,-1.0502,2.8504,0.6368169680323492,2.579999999999984,-0.1999999999999998,-0.5300000000000011,0.0025,0.0,0.283,-0.3337,-1.104,2.998,0.5606790264744029,-0.0999999999999801,-0.1999999999999999,-1.0
9.609000001102686,-0.2924,-0.1536,1.3112000000000001,0.2913,-1.0465,2.8416,0.6368169680323492,2.579999999999984,-0.1999999999999998,-0.6299999999999955,0.0,0.0,0.2804,-0.3316,-1.1034,2.9924,0.5614114595254444,-0.0999999999999801,-0.1999999999999999,-1.0999999999999943
9.625,-0.2953,-0.1524,1.3028,0.2964,-1.0449,2.8472000000000004,0.6368169680323492,2.579999999999984,-0.1999999999999998,-0.6299999999999955,0.0,0.0,0.2809999999999998,-0.3283,-1.1165,2.9866000000000006,0.5615487907225146,-0.0999999999999801,-0.1999999999999999,-1.0999999999999943
9.656000001356006,-0.3006,-0.1547,1.3114000000000001,0.2906,-1.0466,2.8394,0.6364965285725186,2.579999999999984,-0.0999999999999998,-0.7299999999999969,0.0056,0.0,0.2812,-0.319,-1.1079,2.999,0.5616098268101014,-0.0999999999999801,-0.1999999999999999,-1.1999999999999886
9.67200000025332,-0.2989,-0.1556,1.3116,0.2778,-1.0472,2.846,0.6364660105287252,2.579999999999984,-0.0999999999999998,-0.8299999999999983,0.0,0.0,0.2848,-0.3198,-1.1225,2.9966000000000004,0.5616098268101014,-0.0999999999999801,-0.1999999999999999,-1.1999999999999886
9.687000000849366,-0.2937,-0.1572,1.3095999999999999,0.285,-1.0403,2.8414000000000015,0.6359166857404441,2.579999999999984,-0.0999999999999998,-0.8299999999999983,0.0024,0.0,0.2792,-0.3262,-1.1121,2.9944,0.5617471580071717,-0.0999999999999801,-0.1999999999999999,-1.2999999999999972
9.703000001609324,-0.2951,-0.1628,1.319,0.2831,-1.0426,2.8424,0.6347722590981919,2.579999999999984,-0.0999999999999998,-0.9299999999999996,0.0,0.0,0.2879999999999998,-0.3285,-1.1037,2.9892,0.5617471580071717,-0.0999999999999801,-0.1999999999999999,-1.3999999999999917
9.71900000050664,-0.3058,-0.1605,1.3172,0.283,-1.0345,2.8278000000000003,0.6339635309376669,2.579999999999984,-0.0999999999999998,-1.0300000000000011,0.0093,0.0,0.2783999999999998,-0.327,-1.1039,2.9904,0.5624948500801098,-0.0999999999999801,-0.1999999999999999,-1.5
9.75,-0.2975,-0.1527,1.3162,0.2847,-1.0469,2.8244,0.6327275501640345,2.579999999999984,-0.0999999999999998,-1.0300000000000011,0.0053,0.0,0.2934,-0.319,-1.1061,2.9916000000000005,0.5634561684596017,-0.0999999999999801,-0.1999999999999999,-1.5
9.76600000075996,-0.2932,-0.1572,1.316,0.2759,-1.0497,2.8303999999999996,0.6326970321202411,2.579999999999984,-0.0999999999999998,-1.1299999999999957,0.0,0.0,0.2808,-0.3305,-1.1048,2.994,0.5644174868390935,-0.0999999999999801,-0.2999999999999999,-1.5999999999999943
9.781000001356006,-0.2931,-0.1502,1.3064,0.2927,-1.0451,2.8358000000000003,0.6326970321202411,2.579999999999984,-0.0999999999999998,-1.2299999999999969,0.0,0.0,0.2888,-0.3211,-1.1205,2.9949999999999997,0.5651346608682383,-0.0999999999999801,-0.2999999999999999,-1.6999999999999886
9.79700000025332,-0.3006,-0.1571,1.312,0.2901,-1.0335,2.8346000000000005,0.6325902189669642,2.579999999999984,-0.0999999999999998,-1.3299999999999983,0.006,0.0,0.2844,-0.3308,-1.0999,2.9982,0.5654703593499656,-0.0999999999999801,-0.2999999999999999,-1.7999999999999972
9.812000000849366,-0.2888,-0.1509,1.3066,0.2868,-1.042,2.8268,0.6325902189669642,2.579999999999984,-0.0999999999999998,-1.4299999999999995,0.0044,0.0,0.2752,-0.3201,-1.1074,2.9894,0.5654703593499656,-0.0999999999999801,-0.2999999999999999,-1.899999999999992
9.828000001609324,-0.2973,-0.1567,1.3072000000000001,0.2859,-1.0422,2.8328,0.6325291828793774,2.579999999999984,-0.0999999999999998,-1.5300000000000011,0.0,0.0,0.2706,-0.3236,-1.126,3.004,0.5655313954375524,-0.0999999999999801,-0.2999999999999999,-2.0
9.859000001102686,-0.2969,-0.1517,1.303,0.2903,-1.0427,2.8342000000000005,0.6324071107042039,2.579999999999984,-0.0999999999999998,-1.6299999999999957,0.0,0.0,0.2844,-0.3337,-1.1104,2.9938,0.5655313954375524,-0.0999999999999801,-0.2999999999999999,-2.0999999999999943
9.875,-0.2908,-0.1506,1.3038,0.2906,-1.0353,2.8354000000000004,0.6322240024414435,2.579999999999984,-0.0999999999999998,-1.7299999999999969,0.0016,0.0,0.2783999999999998,-0.3186,-1.1006,2.9902,0.5655313954375524,-0.0999999999999801,-0.2999999999999999,-2.1999999999999886
9.89100000075996,-0.3063,-0.1612,1.3058,0.2812,-1.0314,2.8324,0.6322240024414435,2.579999999999984,-0.0999999999999998,-1.8299999999999983,0.0,0.0,0.2736,-0.3221,-1.1155,2.9964,0.5655313954375524,-0.0999999999999801,-0.2999999999999999,-2.299999999999997
9.906000001356006,-0.2885,-0.151,1.3118,0.2857,-1.0253,2.8344000000000005,0.6317204547188525,2.579999999999984,-0.0999999999999998,-1.93,0.0003,0.0,0.2779999999999998,-0.3329,-1.099,2.998,0.5661264972915236,-0.0999999999999801,-0.2999999999999999,-2.3999999999999915
9.937000000849366,-0.2989,-0.1603,1.3066,0.2685,-1.0535,2.8138,0.6314915693904021,2.579999999999984,1.1102230246251563e-16,-2.030000000000001,0.0,0.0,0.2832,-0.318,-1.1004,2.9892,0.5665232318608378,-0.0999999999999801,-0.2999999999999999,-2.5
9.953000001609324,-0.2955,-0.1529,1.3142000000000005,0.2921,-1.0186,2.8194,0.6314915693904021,2.579999999999984,1.1102230246251563e-16,-2.1299999999999955,0.0,0.0,0.2837999999999998,-0.3206,-1.1087,2.9978,0.5665232318608378,-0.0999999999999801,-0.2999999999999999,-2.5999999999999943
9.96900000050664,-0.298,-0.1613,1.316,0.2912,-1.0312,2.8303999999999996,0.6312779430838483,2.579999999999984,1.1102230246251563e-16,-2.229999999999997,0.0,0.0,0.2797999999999998,-0.3138,-1.1007,3.002,0.5665537499046311,-0.0999999999999801,-0.2999999999999999,-2.6999999999999886
9.984000001102686,-0.2949,-0.1584,1.3006000000000002,0.2964,-1.0311,2.8182000000000005,0.6309575036240177,2.579999999999984,1.1102230246251563e-16,-2.3299999999999983,0.0,0.0,0.2748,-0.3131,-1.1075,2.9904,0.5668284122987717,-0.0999999999999801,-0.2999999999999999,-2.799999999999983
10.0,-0.3117,-0.1472,1.3104,0.2943,-1.0275,2.8238,0.6309575036240177,2.579999999999984,1.1102230246251563e-16,-2.43,0.0035,0.0,0.2729999999999998,-0.3296,-1.0995,2.9974,0.5668589303425651,-0.0999999999999801,-0.2999999999999999,-2.9000000000000057
10.031000001356006,-0.293,-0.1603,1.3068,0.2968,-1.028,2.8226,0.6304692149233234,2.579999999999984,1.1102230246251563e-16,-2.6299999999999955,0.0,0.0,0.2717999999999998,-0.3206,-1.097,2.9966000000000004,0.5668589303425651,-0.0999999999999801,-0.2999999999999999,-3.0999999999999943
10.04700000025332,-0.2979,-0.1436,1.3104,0.2919,-1.0406,2.8126,0.6299504081788357,2.579999999999984,1.1102230246251563e-16,-2.729999999999997,0.0,0.0,0.2797999999999998,-0.3217,-1.104,2.9942000000000006,0.5674845502403296,-0.0999999999999801,-0.2999999999999999,-3.1999999999999886
10.062000000849366,-0.2895,-0.154,1.3058,0.297,-1.0221,2.8138,0.6299504081788357,2.579999999999984,1.1102230246251563e-16,-2.8299999999999983,0.0,0.0,0.2788,-0.3148,-1.1046,2.9916000000000005,0.5674845502403296,-0.0999999999999801,-0.2999999999999999,-3.299999999999983
10.078000001609324,-0.2959,-0.1508,1.3092,0.2992,-1.0252,2.8190000000000004,0.6299504081788357,2.579999999999984,1.1102230246251563e-16,-2.93,0.0,0.0,0.2771999999999996,-0.3183,-1.0948,2.9896,0.5674845502403296,-0.0999999999999801,-0.2999999999999999,-3.5
10.09400000050664,-0.291,-0.1534,1.3106,0.2851,-1.0294,2.8094,0.6299504081788357,2.579999999999984,1.1102230246251563e-16,-3.1299999999999955,0.0,0.0,0.2792,-0.3179,-1.1052,2.9896,0.5678812848096437,-0.0999999999999801,-0.2999999999999999,-3.5999999999999943
10.109000001102686,-0.3049,-0.1514,1.304,0.2778,-1.0267,2.8170000000000015,0.6299504081788357,2.579999999999984,1.1102230246251563e-16,-3.229999999999997,0.0043,0.0,0.2836,-0.3153,-1.0988,2.9904,0.568018616006714,-0.0999999999999801,-0.2999999999999999,-3.6999999999999886
10.14100000075996,-0.2855,-0.1575,1.3114000000000001,0.2886,-1.0256,2.808,0.6299504081788357,2.579999999999984,1.1102230246251563e-16,-3.3299999999999983,0.0,0.0,0.2817999999999998,-0.3227,-1.1121,2.994,0.568018616006714,-0.0999999999999801,-0.2999999999999999,-3.9000000000000057
10.156000001356006,-0.3172,-0.164,1.3208,0.2933,-1.0136,2.8042,0.6299504081788357,2.579999999999984,1.1102230246251563e-16,-3.530000000000001,0.0039,0.0,0.2854,-0.3206,-1.0956,2.9974,0.5680338750286107,-0.0999999999999801,-0.3999999999999999,-4.0
10.17200000025332,-0.3038,-0.15,1.3055999999999999,0.28,-1.0199,2.8088,0.6295994506752117,2.579999999999984,1.1102230246251563e-16,-3.629999999999996,0.0047,0.0,0.2782,-0.3094,-1.0984,2.9827999999999997,0.5685374227512017,-0.0999999999999801,-0.3999999999999999,-4.199999999999989
10.203000001609324,-0.307,-0.1597,1.2996,0.2877,-1.0259,2.8006000000000006,0.6295994506752117,2.579999999999984,1.1102230246251563e-16,-3.8299999999999983,0.009,0.0,0.2756,-0.3111,-1.1058,2.9918,0.5697428854810407,-0.0999999999999801,-0.2999999999999999,-4.299999999999983
10.21900000050664,-0.3075,-0.1551,1.2988,0.2907,-1.0242,2.8126,0.6295994506752117,2.579999999999984,1.1102230246251563e-16,-3.93,0.0001,0.0,0.2634,-0.3024,-1.0956,2.9894,0.5709025711451896,-0.0999999999999801,-0.2999999999999999,-4.5
10.234000001102686,-0.3043,-0.1461,1.3053999999999997,0.2967,-1.0265,2.8086,0.6295994506752117,2.579999999999984,-0.0999999999999998,-4.030000000000001,0.0,0.0,0.2728,-0.3146,-1.1075,2.997,0.5710399023422599,-0.0999999999999801,-0.2999999999999999,-4.599999999999994
10.25,-0.3021,-0.1521,1.3084,0.2932,-1.0313,2.8046,0.6292484931715877,2.4799999999999898,-0.0999999999999998,-4.229999999999997,0.0,0.0,0.2709999999999998,-0.3127,-1.115,3.0076,0.5713603418020905,-0.0999999999999801,-0.2999999999999999,-4.799999999999983
10.26600000075996,-0.2949,-0.1547,1.3097999999999999,0.3022,-1.0044,2.7974,0.6282566567483024,2.4799999999999898,-0.0999999999999998,-4.329999999999998,0.0027,0.0,0.2771999999999996,-0.3156,-1.1055,2.9888,0.5715892271305409,-0.0999999999999801,-0.2999999999999999,-4.900000000000006
10.281000001356006,-0.2985,-0.1582,1.3132,0.2925,-1.0262,2.804,0.628027771419852,2.4799999999999898,-0.0999999999999998,-4.530000000000001,0.0,0.0,0.2752,-0.3065,-1.0981,2.9908,0.5715892271305409,-0.0999999999999801,-0.2999999999999999,-5.0
10.312000000849366,-0.3071,-0.1441,1.306,0.2832,-1.018,2.8042,0.6279362172884718,2.4799999999999898,-0.0999999999999998,-4.629999999999996,0.0,0.0,0.2828,-0.3047,-1.1058,3.0052,0.5717265583276112,-0.0999999999999801,-0.2999999999999999,-5.199999999999989
10.328000001609324,-0.3055,-0.1478,1.318,0.2955,-1.0259,2.8052000000000006,0.6279362172884718,2.4799999999999898,-0.0999999999999998,-4.829999999999998,0.0117,0.0,0.2836,-0.2996,-1.1112,3.0086,0.5722148470283055,-0.0999999999999801,-0.2999999999999999,-5.299999999999983
10.359000001102686,-0.2976,-0.1486,1.3236,0.2833,-1.0232,2.8082,0.6279362172884718,2.4799999999999898,-0.0999999999999998,-4.93,0.0107,0.0,0.2814,-0.3024,-1.1008,3.0006,0.5723064011596857,-0.0999999999999801,-0.2999999999999999,-5.5
10.375,-0.3143,-0.1475,1.3372,0.2657,-1.0246,2.8084,0.6276157778286412,2.4799999999999898,-0.0999999999999998,-5.129999999999996,0.0153,0.0,0.2793999999999996,-0.2858,-1.1121,3.0088000000000004,0.5723064011596857,-0.0999999999999801,-0.2999999999999999,-5.599999999999994
10.39100000075996,-0.291,-0.1468,1.3376000000000001,0.2863,-1.0101,2.8046,0.6276157778286412,2.4799999999999898,-0.0999999999999998,-5.229999999999997,0.0047,0.0,0.2773999999999998,-0.2871,-1.1123,3.0096,0.5725200274662394,-0.0999999999999801,-0.1999999999999999,-5.799999999999983
10.406000001356006,-0.3052,-0.1403,1.3506,0.2742,-1.0302,2.8172,0.6276157778286412,2.4799999999999898,-0.0999999999999998,-5.43,0.0022,0.0,0.2806,-0.2839,-1.11,3.002,0.5778759441519798,-0.0999999999999801,-0.2999999999999999,-5.900000000000006
10.42200000025332,-0.3045,-0.1256,1.3338,0.2674,-1.0322,2.8004,0.6325597009231708,2.579999999999984,-0.0999999999999998,-5.530000000000001,0.0218,0.0,0.2846,-0.2746,-1.1205,3.0108,0.5878858625162127,-0.0999999999999801,-0.2999999999999999,-6.099999999999994
10.437000000849366,-0.2987,-0.1424,1.3392000000000002,0.2846,-1.0282,2.8052000000000006,0.6330632486457618,2.579999999999984,-0.1999999999999998,-5.729999999999997,0.0182,0.0,0.2788,-0.2835,-1.1082,3.0042000000000004,0.5888014038300144,-0.0999999999999801,-0.1999999999999999,-6.199999999999989
10.46900000050664,-0.3132,-0.1466,1.3399999999999999,0.2825,-1.0246,2.8021999999999996,0.6336888685435264,2.579999999999984,-0.1999999999999998,-5.93,0.0154,0.0,0.2945999999999998,-0.2849,-1.129,3.0094,0.591990539406424,-0.0999999999999801,-0.1999999999999999,-6.400000000000006
10.484000001102686,-0.2949,-0.1287,1.3374,0.2742,-1.0224,2.8013999999999997,0.6337651636530098,2.579999999999984,-0.1999999999999998,-6.030000000000001,0.0095,0.0,0.2834,-0.2827,-1.1196,3.0134000000000003,0.5939589532310978,-0.0999999999999801,-0.1999999999999999,-6.5
10.5,-0.2995,-0.1306,1.3338,0.2663,-1.0383,2.8026,0.6388921950102999,2.579999999999984,-0.1999999999999998,-6.229999999999997,0.0161,0.0,0.2797999999999998,-0.2807,-1.1184,3.007,0.5948439765011062,-0.1999999999999886,-0.1999999999999999,-6.699999999999989
10.51600000075996,-0.2999,-0.1411,1.3470000000000002,0.2768,-1.0153,2.8064,0.6390600442511636,2.579999999999984,-0.1999999999999998,-6.329999999999998,0.0119,0.0,0.2919999999999998,-0.283,-1.119,3.0079999999999996,0.5960494392309452,-0.1999999999999886,-0.1999999999999999,-6.799999999999983
10.531000001356006,-0.3085,-0.1343,1.3390000000000002,0.2791,-1.0334,2.8,0.6390600442511636,2.579999999999984,-0.1999999999999998,-6.530000000000001,0.0208,0.0,0.2898,-0.2838,-1.1157,3.0166,0.5961257343404287,-0.1999999999999886,-0.1999999999999999,-7.0
10.54700000025332,-0.3015,-0.1359,1.337,0.2806,-1.0165,2.7964,0.6390600442511636,2.579999999999984,-0.1999999999999998,-6.629999999999996,0.0149,0.0,0.2814,-0.277,-1.1187,3.0152,0.5961257343404287,-0.1999999999999886,-0.1999999999999999,-7.199999999999989
10.578000001609324,-0.3067,-0.1421,1.3343999999999998,0.2903,-1.0211,2.7954000000000003,0.6397619592584116,2.579999999999984,-0.1999999999999998,-6.829999999999998,0.0,0.0,0.2776,-0.2825,-1.1095,3.01,0.5962935835812924,-0.1999999999999886,-0.1999999999999999,-7.299999999999983
10.59400000050664,-0.3058,-0.1335,1.3340000000000003,0.2669,-1.0217,2.7964,0.6400366216525522,2.579999999999984,-0.1999999999999998,-6.93,0.0146,0.0,0.2852,-0.2829,-1.1091,3.0104,0.59681239032578,-0.1999999999999886,-0.1999999999999999,-7.5
10.609000001102686,-0.3037,-0.1305,1.338,0.2828,-1.0169,2.793800000000001,0.640494392309453,2.579999999999984,-0.1999999999999998,-7.129999999999996,0.0173,0.0,0.2854,-0.2828,-1.1185,3.0092,0.596919203479057,-0.1999999999999886,-0.1999999999999999,-7.599999999999994
10.64100000075996,-0.2982,-0.1351,1.3372,0.2809,-1.0255,2.7914,0.640494392309453,2.579999999999984,-0.1999999999999998,-7.229999999999997,0.0055,0.0,0.2856,-0.276,-1.1097,3.0094,0.596919203479057,-0.0999999999999801,-0.1999999999999999,-7.799999999999983
10.656000001356006,-0.2994,-0.1281,1.33,0.2814,-1.0085,2.7896,0.640494392309453,2.579999999999984,-0.1999999999999998,-7.43,0.0065,0.0,0.2832,-0.2775,-1.1087,3.0128,0.5974380102235447,-0.0999999999999801,-0.1999999999999999,-7.900000000000006
10.67200000025332,-0.2929,-0.1263,1.328,0.2819,-1.0194,2.7896,0.640494392309453,2.579999999999984,-0.1999999999999998,-7.530000000000001,0.0067,0.0,0.2928,-0.2795,-1.1075,3.0172000000000003,0.5976058594644084,-0.1999999999999886,-0.1999999999999999,-8.099999999999994
10.687000000849366,-0.2999,-0.1354,1.3332,0.2916,-1.0242,2.7928,0.6400366216525522,2.579999999999984,-0.1999999999999998,-7.729999999999997,0.0161,0.0,0.2819999999999998,-0.2759,-1.1042,3.0128,0.5977279316395819,-0.1999999999999886,-0.1999999999999999,-8.199999999999989
10.703000001609324,-0.2987,-0.1357,1.3302,0.2858,-1.0139,2.7988,0.6400061036087588,2.579999999999984,-0.1999999999999998,-7.829999999999998,0.0,0.0,0.2816,-0.2765,-1.1019,3.0071999999999997,0.5982925154497597,-0.1999999999999886,-0.1999999999999999,-8.400000000000006
10.71900000050664,-0.2979,-0.1342,1.3288,0.2918,-1.0141,2.7864,0.6400061036087588,2.579999999999984,-0.1999999999999998,-8.030000000000001,0.009,0.0,0.2884,-0.2735,-1.0904,3.0004000000000004,0.5985519188220035,-0.0999999999999801,-0.1999999999999999,-8.599999999999994
10.75,-0.2987,-0.1308,1.3294,0.2769,-1.0122,2.7882,0.6399755855649654,2.579999999999984,-0.1999999999999998,-8.129999999999995,0.0177,0.0,0.2822,-0.2937,-1.0972,3.014,0.5987197680628672,-0.1999999999999886,-0.1999999999999999,-8.699999999999989
10.76600000075996,-0.3,-0.1461,1.3342,0.2853,-1.0155,2.7814,0.6400061036087588,2.579999999999984,-0.1999999999999998,-8.329999999999998,0.0069,0.0,0.2836,-0.282,-1.1087,3.0028,0.5987502861066606,-0.0999999999999801,-0.1999999999999999,-8.900000000000006
10.781000001356006,-0.2995,-0.1298,1.3262,0.2847,-1.0112,2.784,0.6400061036087588,2.579999999999984,-0.1999999999999998,-8.43,0.0115,0.0,0.2814,-0.2724,-1.0993,3.0014,0.5987502861066606,-0.0999999999999801,-0.1999999999999999,-9.0
10.812000000849366,-0.3051,-0.1267,1.3406000000000002,0.2944,-1.002,2.7918,0.6400061036087588,2.579999999999984,-0.1999999999999998,-8.629999999999995,0.0143,0.0,0.2824,-0.2669,-1.1074,3.0071999999999997,0.598979171435111,-0.0999999999999801,-0.1999999999999999,-9.199999999999989
10.828000001609324,-0.3056,-0.1312,1.3282,0.2898,-1.0132,2.7766,0.6402349889372092,2.579999999999984,-0.1999999999999998,-8.729999999999997,0.0141,0.0,0.2938,-0.2682,-1.0922,3.0082,0.5989944304570077,-0.0999999999999801,-0.1999999999999999,-9.299999999999985
10.84400000050664,-0.3013,-0.13,1.3296,0.2889,-1.0065,2.7734,0.6408911268787671,2.579999999999984,-0.1999999999999998,-8.93,0.0161,0.0,0.2938,-0.2799,-1.1016,3.0053999999999994,0.5989944304570077,-0.0999999999999801,-0.1999999999999999,-9.5
10.859000001102686,-0.2992,-0.1279,1.3296,0.2822,-1.0158,2.7754,0.6402349889372092,2.579999999999984,-0.1999999999999998,-9.03,0.0132,0.0,0.2918,-0.2807,-1.0951,3.0,0.5989944304570077,-0.0999999999999801,-0.1999999999999999,-9.699999999999989
10.875,-0.3052,-0.1315,1.3270000000000002,0.2872,-1.0101,2.7738,0.6408911268787671,2.579999999999984,-0.2999999999999999,-9.229999999999997,0.0032,0.0,0.2985999999999998,-0.2609,-1.099,3.0082,0.5989944304570077,-0.0999999999999801,-0.1999999999999999,-9.799999999999985
10.89100000075996,-0.3041,-0.1348,1.3264,0.2769,-1.012,2.7668000000000004,0.6408911268787671,2.579999999999984,-0.2999999999999999,-9.329999999999998,0.0116,0.0,0.2846,-0.2752,-1.0982,3.009,0.5989944304570077,-0.0999999999999801,-0.1999999999999999,-10.0
10.92200000025332,-0.3045,-0.1357,1.3334000000000001,0.2894,-1.017,2.773,0.6408758678568705,2.579999999999984,-0.2999999999999999,-9.53,0.0,0.0,0.2904,-0.2709,-1.1049,3.004800000000001,0.5995742732890822,-0.0999999999999801,-0.1999999999999999,-10.099999999999994
10.937000000849366,-0.303,-0.1242,1.3232,0.2837,-1.0083,2.769,0.6408758678568705,2.579999999999984,-0.2999999999999999,-9.729999999999997,0.0106,0.0,0.2783999999999998,-0.2796,-1.0976,3.0066,0.6002304112306401,-0.0999999999999801,-0.0999999999999999,-10.299999999999985
10.953000001609324,-0.3116,-0.1327,1.3226,0.2922,-1.0108,2.7718,0.6407690547035936,2.579999999999984,-0.2999999999999999,-9.829999999999998,0.0,0.0,0.2908,-0.2654,-1.1009,3.0138,0.600489814602884,-0.0999999999999801,-0.1999999999999999,-10.5
10.984000001102686,-0.3079,-0.1253,1.3206,0.2918,-1.0199,2.7714,0.6407690547035936,2.579999999999984,-0.2999999999999999,-10.03,0.0063,0.0,0.2788,-0.2735,-1.1035,3.0056,0.6005050736247807,-0.0999999999999801,-0.0999999999999999,-10.599999999999994
11.0,-0.3027,-0.1275,1.3186,0.2895,-1.0109,2.762400000000001,0.6407690547035936,2.579999999999984,-0.2999999999999999,-10.129999999999995,0.0005,0.0,0.2878,-0.2788,-1.0876,3.0078,0.6005050736247807,-0.0999999999999801,-0.0999999999999999,-10.799999999999985
11.01600000075996,-0.3021,-0.1324,1.3202,0.2912,-1.0091,2.772,0.6407690547035936,2.579999999999984,-0.2999999999999999,-10.329999999999998,0.0,0.0,0.2908,-0.2717,-1.101,3.015600000000001,0.6005813687342642,-0.0999999999999801,-0.0999999999999999,-10.900000000000006
11.031000001356006,-0.3029,-0.1241,1.329,0.2958,-1.009,2.7708,0.6407690547035936,2.579999999999984,-0.2999999999999999,-10.43,0.006,0.0,0.2942,-0.2709,-1.1086,2.9994,0.6005813687342642,-0.0999999999999801,-0.0999999999999999,-11.099999999999994
11.04700000025332,-0.3134,-0.1247,1.3324,0.28,-1.0144,2.7638,0.6407690547035936,2.579999999999984,-0.2999999999999999,-10.629999999999995,0.0,0.0,0.2839999999999998,-0.2785,-1.0989,3.0068000000000006,0.600688181887541,-0.0999999999999801,-0.0999999999999999,-11.199999999999989
11.062000000849366,-0.3095,-0.129,1.3248,0.2894,-1.0044,2.77,0.6407690547035936,2.579999999999984,-0.2999999999999999,-10.729999999999997,0.0074,0.0,0.2908,-0.2683,-1.0893,3.0008000000000004,0.600688181887541,-0.0999999999999801,-0.0999999999999999,-11.400000000000006
11.09400000050664,-0.3048,-0.1309,1.315,0.2926,-1.0008,2.768,0.6408300907911804,2.579999999999984,-0.2999999999999999,-10.93,0.0,0.0,0.2782,-0.2714,-1.0907,3.0004000000000004,0.6007339589532311,-0.0999999999999801,-0.0999999999999999,-11.5
11.109000001102686,-0.3108,-0.123,1.3156,0.2842,-0.9991,2.7666,0.6408300907911804,2.579999999999984,-0.2999999999999999,-11.03,0.0,0.0,0.2906,-0.2652,-1.0853,2.9982,0.6007339589532311,-0.0999999999999801,-0.0999999999999999,-11.699999999999989
11.125,-0.3047,-0.128,1.3246,0.2933,-0.9977,2.762,0.6415320057984284,2.579999999999984,-0.2999999999999999,-11.229999999999997,0.004,0.0,0.287,-0.2791,-1.1019,3.0124,0.6007339589532311,-0.0999999999999801,-0.0999999999999999,-11.799999999999985
11.156000001356006,-0.3086,-0.1344,1.3236,0.2802,-1.0077,2.7516,0.6415320057984284,2.4799999999999898,-0.2999999999999999,-11.329999999999998,0.0067,0.0,0.2768,-0.2749,-1.0962,3.0006,0.6009628442816816,-0.0999999999999801,-0.0999999999999999,-12.0
11.17200000025332,-0.3088,-0.1302,1.3214,0.2856,-1.0051,2.7626000000000004,0.641699855039292,2.4799999999999898,-0.2999999999999999,-11.53,0.0035,0.0,0.2836,-0.271,-1.0974,3.0038000000000005,0.6009628442816816,-0.0999999999999801,-0.0999999999999999,-12.099999999999994
11.187000000849366,-0.3063,-0.1248,1.3343999999999998,0.2876,-0.9975,2.7648,0.6423102159151599,2.4799999999999898,-0.2999999999999999,-11.629999999999995,0.0031,0.0,0.2872,-0.2704,-1.0855,3.0044,0.6012527656977188,-0.0999999999999801,-0.0999999999999999,-12.299999999999985
11.203000001609324,-0.3078,-0.1288,1.322,0.2936,-0.9966,2.7636,0.6427222095063707,2.4799999999999898,-0.2999999999999999,-11.829999999999998,0.0,0.0,0.2808,-0.2632,-1.0892,2.9974,0.6012832837415122,-0.0999999999999801,-0.0999999999999999,-12.5
11.21900000050664,-0.3174,-0.1347,1.3288,0.277,-1.0058,2.7592,0.6427527275501641,2.4799999999999898,-0.2999999999999999,-11.93,0.0043,0.0,0.293,-0.2563,-1.0909,3.0106,0.6012832837415122,-0.0999999999999801,-0.0999999999999999,-12.599999999999994
11.234000001102686,-0.3126,-0.1248,1.3308,0.2898,-1.0035,2.7506,0.6428137636377509,2.4799999999999898,-0.2999999999999999,-12.129999999999995,0.0022,0.0,0.285,-0.2509,-1.08,2.991200000000001,0.6017105363546197,-0.0999999999999801,-0.0999999999999999,-12.799999999999985
11.26600000075996,-0.3039,-0.1201,1.3206,0.2803,-0.9964,2.7586,0.6427832455939575,2.579999999999984,-0.2999999999999999,-12.229999999999997,0.0045,0.0,0.2928,-0.2631,-1.0885,2.993,0.6020614938582437,-0.0999999999999801,-0.0999999999999999,-12.900000000000006
11.281000001356006,-0.305,-0.131,1.3306,0.2895,-1.0053,2.7568,0.643210498207065,2.579999999999984,-0.2999999999999999,-12.43,0.0,0.0,0.2926,-0.2668,-1.0855,3.0014,0.6031143663691158,-0.0999999999999801,-0.0999999999999999,-13.099999999999994
11.29700000025332,-0.3053,-0.1198,1.3224,0.2944,-1.0072,2.7524,0.643210498207065,2.579999999999984,-0.2999999999999999,-12.53,0.0,0.0,0.2926,-0.2635,-1.0878,3.001,0.6034195468070497,-0.0999999999999801,-0.0999999999999999,-13.199999999999989
11.328000001609324,-0.3035,-0.1225,1.324,0.2842,-1.0067,2.7518,0.6432257572289617,2.4799999999999898,-0.2999999999999999,-12.729999999999997,0.0002,0.0,0.2908,-0.2587,-1.0951,3.0066,0.6044113832303349,-0.0999999999999801,-0.0999999999999999,-13.400000000000006
11.34400000050664,-0.3133,-0.1216,1.3244000000000002,0.3021,-0.9921,2.7538,0.6432257572289617,2.4799999999999898,-0.2999999999999999,-12.829999999999998,0.0059,0.0,0.2904,-0.2526,-1.084,2.9962,0.6048691538872358,-0.0999999999999801,-0.0999999999999999,-13.599999999999994
11.359000001102686,-0.3086,-0.1212,1.3128,0.2946,-0.9936,2.751,0.6444464789806974,2.4799999999999898,-0.2999999999999999,-13.03,0.0027,0.0,0.2984,-0.2657,-1.0923,2.9914,0.6049759670405127,-0.0999999999999801,-0.0999999999999999,-13.699999999999989
11.375,-0.3096,-0.125,1.321,0.2865,-0.999,2.7518,0.645117875944152,2.4799999999999898,-0.2999999999999999,-13.129999999999995,0.0,0.0,0.2912,-0.2599,-1.0896,2.9995999999999996,0.6049912260624094,-0.0999999999999801,-0.0999999999999999,-13.900000000000006
11.39100000075996,-0.3085,-0.1181,1.3297999999999999,0.3039,-0.993,2.7514,0.6456672007324331,2.4799999999999898,-0.2999999999999999,-13.329999999999998,0.0125,0.0,0.2906,-0.2416,-1.0854,2.991,0.6051438162813764,-0.0999999999999801,-0.0999999999999999,-14.0
11.406000001356006,-0.3115,-0.1242,1.3306,0.2828,-1.006,2.75,0.6472236209658961,2.4799999999999898,-0.2999999999999999,-13.43,0.0019,0.0,0.2899999999999998,-0.2591,-1.0902,3.006,0.6053269245441367,-0.0999999999999801,-0.0999999999999999,-14.199999999999989
11.437000000849366,-0.3133,-0.1221,1.3419999999999999,0.2724,-1.0066,2.7428000000000003,0.6474525062943466,2.4799999999999898,-0.2999999999999999,-13.629999999999995,0.0031,0.0,0.2959999999999998,-0.2616,-1.0941,3.014,0.605464255741207,-0.0999999999999801,-0.0999999999999999,-14.299999999999985
11.453000001609324,-0.3071,-0.1232,1.3328,0.2729,-1.0004,2.7538,0.6475135423819334,2.4799999999999898,-0.2999999999999999,-13.729999999999997,0.0104,0.0,0.2902,-0.2494,-1.0884,3.0079999999999996,0.606822308690013,-0.0999999999999801,-0.0999999999999999,-14.5
11.46900000050664,-0.299,-0.1104,1.332,0.2761,-0.9926,2.750200000000001,0.6486732280460823,2.4799999999999898,-0.2999999999999999,-13.93,0.0076,0.0,0.2874,-0.2505,-1.0926,3.0108,0.6076310368505379,-0.0999999999999801,-0.0999999999999999,-14.599999999999994
11.5,-0.31,-0.1116,1.3312,0.2813,-0.9908,2.7579999999999996,0.6486732280460823,2.579999999999984,-0.2999999999999999,-14.03,0.0138,0.0,0.2932,-0.2601,-1.0844,3.0112,0.6089738307774472,-0.0999999999999801,-0.0999999999999999,-14.799999999999985
11.51600000075996,-0.3036,-0.1056,1.3378000000000003,0.2898,-0.9898,2.753,0.6488715953307393,2.579999999999984,-0.2999999999999999,-14.229999999999997,0.0088,0.0,0.2878,-0.237,-1.0999,3.0108,0.6098435950255588,-0.0999999999999801,-0.0999999999999999,-15.0
11.531000001356006,-0.3117,-0.1158,1.3316000000000001,0.2751,-1.0029,2.7344000000000004,0.6511451895933471,2.579999999999984,-0.2999999999999999,-14.329999999999998,0.0119,0.0,0.295,-0.2477,-1.0901,3.01,0.6098588540474555,-0.1999999999999886,-0.0999999999999999,-15.099999999999994
11.54700000025332,-0.314,-0.1189,1.3282,0.2789,-1.0011,2.7454,0.6529762722209507,2.579999999999984,-0.2999999999999999,-14.53,0.0093,0.0,0.2939999999999998,-0.2511,-1.0914,3.0053999999999994,0.6101640344853895,-0.1999999999999886,-0.0999999999999999,-15.299999999999985
11.562000000849366,-0.3142,-0.1219,1.3297999999999999,0.2895,-0.9856,2.7495999999999996,0.6535255970092317,2.579999999999984,-0.2999999999999999,-14.629999999999995,0.0138,0.0,0.2934,-0.241,-1.0912,3.0130000000000003,0.6101945525291829,-0.0999999999999801,-0.0999999999999999,-15.400000000000006
11.578000001609324,-0.3085,-0.1192,1.328,0.2916,-0.9935,2.741000000000001,0.6552803845273518,2.579999999999984,-0.3999999999999998,-14.829999999999998,0.004,0.0,0.2904,-0.2464,-1.0907,3.007,0.6101945525291829,-0.0999999999999801,-0.0999999999999999,-15.599999999999994
11.609000001102686,-0.31,-0.1201,1.331,0.2839,-0.9997,2.7382000000000004,0.655875486381323,2.579999999999984,-0.3999999999999998,-14.93,0.0,0.0,0.2936,-0.2463,-1.0956,3.0082,0.6101945525291829,-0.1999999999999886,-0.0999999999999999,-15.699999999999989
11.625,-0.31,-0.1291,1.3437999999999999,0.2828,-0.9936,2.7297999999999996,0.65607385366598,2.579999999999984,-0.3999999999999998,-15.129999999999995,0.0045,0.0,0.2932,-0.2395,-1.0878,3.0036,0.6113542381933318,-0.1999999999999886,-0.0999999999999999,-15.900000000000006
11.64100000075996,-0.3109,-0.1101,1.3302,0.2744,-0.9983,2.7404,0.6561043717097734,2.579999999999984,-0.2999999999999999,-15.229999999999997,0.003,0.0,0.2904,-0.2511,-1.0901,3.0204,0.6113847562371252,-0.1999999999999886,-0.0999999999999999,-16.0
11.656000001356006,-0.3057,-0.1173,1.324,0.2919,-0.988,2.750200000000001,0.6561043717097734,2.579999999999984,-0.2999999999999999,-15.43,0.0054,0.0,0.2955999999999998,-0.2324,-1.0868,2.9968,0.612498664835584,-0.1999999999999886,-0.0999999999999999,-16.19999999999999
11.67200000025332,-0.3088,-0.1167,1.3304,0.2885,-0.9992,2.7368,0.6563027389944305,2.579999999999984,-0.2999999999999999,-15.629999999999995,0.0038,0.0,0.2984,-0.2549,-1.0941,3.001,0.6125749599450675,-0.1999999999999886,-0.0999999999999999,-16.400000000000006
11.703000001609324,-0.3085,-0.1204,1.3326,0.2824,-0.9935,2.7382000000000004,0.6564705882352941,2.579999999999984,-0.2999999999999999,-15.729999999999997,0.011,0.0,0.295,-0.2374,-1.0929,3.0098,0.6132921339742122,-0.1999999999999886,-0.0999999999999999,-16.5
11.71900000050664,-0.309,-0.1161,1.3266,0.2939,-0.9899,2.7327999999999997,0.6565011062790875,2.579999999999984,-0.2999999999999999,-15.93,0.0044,0.0,0.2985999999999998,-0.2404,-1.0906,3.003400000000001,0.6132921339742122,-0.1999999999999886,-0.0999999999999999,-16.69999999999999
11.734000001102686,-0.3073,-0.1148,1.3206,0.2791,-1.0019,2.7326,0.6565011062790875,2.579999999999984,-0.2999999999999999,-16.03,0.0,0.0,0.3008,-0.2398,-1.0864,3.0028,0.6134599832150759,-0.1999999999999886,-0.0999999999999999,-16.799999999999983
11.75,-0.3072,-0.1187,1.3354,0.29,-0.9857,2.737,0.6568520637827115,2.579999999999984,-0.2999999999999999,-16.229999999999997,0.0019,0.0,0.2876,-0.2473,-1.0855,3.0074,0.6135820553902495,-0.1999999999999886,-0.0999999999999999,-17.0
11.781000001356006,-0.3059,-0.1153,1.3114000000000001,0.2861,-0.9891,2.7248,0.6569741359578851,2.579999999999984,-0.3999999999999998,-16.33,0.0112,0.0,0.3015999999999998,-0.2419,-1.0853,2.999,0.6135820553902495,-0.1999999999999886,-0.0999999999999999,-17.099999999999994
11.79700000025332,-0.3054,-0.1078,1.322,0.2885,-0.9946,2.7332,0.6572945754177157,2.579999999999984,-0.3999999999999998,-16.53,0.0103,0.0,0.3072,-0.2405,-1.0914,3.0064000000000006,0.6135820553902495,-0.1999999999999886,-0.0999999999999999,-17.299999999999983
11.812000000849366,-0.304,-0.1142,1.3072000000000001,0.2893,-0.9877,2.7318,0.6574013885709926,2.579999999999984,-0.3999999999999998,-16.629999999999995,0.004,0.0,0.2914,-0.2393,-1.0823,3.0044,0.6135820553902495,-0.1999999999999886,5.551115123125783e-17,-17.400000000000006
11.828000001609324,-0.3143,-0.1047,1.3092,0.3001,-0.9828,2.7296,0.657584496833753,2.579999999999984,-0.3999999999999998,-16.83,0.0,0.0,0.3021999999999998,-0.2376,-1.0854,3.0078,0.6136430914778362,-0.1999999999999886,5.551115123125783e-17,-17.599999999999994
11.84400000050664,-0.3161,-0.1192,1.3270000000000002,0.2925,-0.9756,2.728800000000001,0.6577218280308232,2.579999999999984,-0.3999999999999998,-16.93,0.0061,0.0,0.3079999999999998,-0.2435,-1.0868,3.0036,0.6136583504997329,-0.1999999999999886,5.551115123125783e-17,-17.69999999999999
11.859000001102686,-0.3128,-0.1094,1.3175999999999999,0.2853,-0.9897,2.7318,0.6578133821622034,2.579999999999984,-0.3999999999999998,-17.03,0.0023,0.0,0.2936,-0.2375,-1.0714,3.0056,0.6143144884412909,-0.1999999999999886,5.551115123125783e-17,-17.900000000000006
11.89100000075996,-0.3114,-0.1174,1.3192,0.2955,-0.9857,2.7314,0.6578133821622034,2.579999999999984,-0.3999999999999998,-17.229999999999997,0.0,0.0,0.2942,-0.2342,-1.083,3.0046,0.6144365606164645,-0.1999999999999886,5.551115123125783e-17,-18.0
11.906000001356006,-0.3111,-0.1074,1.32,0.2884,-0.9884,2.734,0.6578133821622034,2.579999999999984,-0.3999999999999998,-17.33,0.0,0.0,0.2998,-0.2349,-1.0754,3.0082,0.6147875181200885,-0.1999999999999886,5.551115123125783e-17,-18.19999999999999
11.92200000025332,-0.3063,-0.1123,1.3168,0.2855,-0.9827,2.7202,0.6582253757534142,2.579999999999984,-0.3999999999999998,-17.43,0.0012,0.0,0.3004,-0.2506,-1.0974,3.0082,0.6148790722514687,-0.1999999999999886,5.551115123125783e-17,-18.299999999999983
11.953000001609324,-0.2999,-0.1102,1.3084,0.2911,-0.9862,2.7226,0.6582253757534142,2.579999999999984,-0.3999999999999998,-17.629999999999995,0.0,0.0,0.297,-0.2526,-1.0916,3.0126000000000004,0.6153368429083695,-0.1999999999999886,5.551115123125783e-17,-18.40000000000001
11.96900000050664,-0.3065,-0.1069,1.3286,0.2966,-0.9823,2.7178,0.6582253757534142,2.579999999999984,-0.4999999999999999,-17.729999999999997,0.0052,0.0,0.3078,-0.2444,-1.0762,3.0086,0.6153673609521629,-0.1999999999999886,5.551115123125783e-17,-18.599999999999994
11.984000001102686,-0.3117,-0.1061,1.3238,0.2983,-0.9859,2.7192,0.6583169298847944,2.579999999999984,-0.4999999999999999,-17.83,0.0009,0.0,0.2968,-0.2285,-1.0792,3.0096,0.615413138017853,-0.1999999999999886,5.551115123125783e-17,-18.69999999999999
12.0,-0.3064,-0.1033,1.3134,0.2955,-0.9788,2.718,0.6585152971694515,2.579999999999984,-0.4999999999999999,-18.03,0.0048,0.0,0.299,-0.229,-1.0723,2.999,0.6155504692149233,-0.1999999999999886,5.551115123125783e-17,-18.90000000000001
12.01600000075996,-0.3128,-0.1095,1.3252,0.2934,-0.9833,2.7256,0.6585152971694515,2.579999999999984,-0.4999999999999999,-18.129999999999995,0.0021,0.0,0.301,-0.2462,-1.0736,3.0052,0.6156115053025101,-0.1999999999999886,0.1,-19.0
12.031000001356006,-0.3122,-0.1055,1.3262,0.2904,-0.9812,2.727,0.6592172121766995,2.579999999999984,-0.4999999999999999,-18.23,0.0,0.0,0.2945999999999998,-0.2465,-1.0819,3.007,0.6161455710688944,-0.1999999999999886,0.1,-19.099999999999994
12.062000000849366,-0.3109,-0.1018,1.3186,0.295,-0.9816,2.7154,0.6592782482642863,2.579999999999984,-0.4999999999999999,-18.33,0.0027,0.0,0.2936,-0.2276,-1.0781,3.004,0.6161760891126878,-0.1999999999999886,0.1,-19.19999999999999
12.078000001609324,-0.3111,-0.0937,1.3106,0.2893,-0.981,2.724,0.6592782482642863,2.579999999999984,-0.4999999999999999,-18.53,0.0,0.0,0.297,-0.2486,-1.0925,3.0088000000000004,0.616267643244068,-0.1999999999999886,0.1,-19.40000000000001
12.09400000050664,-0.3079,-0.1094,1.316,0.2907,-0.9807,2.7138000000000004,0.6592782482642863,2.579999999999984,-0.4999999999999999,-18.629999999999995,0.0,0.0,0.2938,-0.235,-1.0756,3.0082,0.6163286793316548,-0.1999999999999886,0.1,-19.5
12.125,-0.3126,-0.1055,1.3174,0.3011,-0.9752,2.7156,0.659293507286183,2.579999999999984,-0.4999999999999999,-18.73,0.0,0.0,0.3068,-0.2313,-1.0757,3.0042000000000004,0.6165880827038986,-0.1999999999999886,0.1,-19.599999999999994
12.14100000075996,-0.3141,-0.1115,1.315,0.2916,-0.9783,2.7129999999999996,0.6599038681620508,2.579999999999984,-0.4999999999999999,-18.83,0.0031,0.0,0.2975999999999998,-0.2284,-1.078,2.9964,0.616923781185626,-0.1999999999999886,0.1,-19.69999999999999
12.156000001356006,-0.3131,-0.1119,1.317,0.2935,-0.98,2.7072,0.6599038681620508,2.579999999999984,-0.5999999999999999,-18.93,0.0,0.0,0.2942,-0.23,-1.0643,3.0092,0.616969558251316,-0.1999999999999886,0.1,-19.799999999999983
12.17200000025332,-0.3133,-0.1111,1.3095999999999999,0.295,-0.9815,2.7156,0.6599649042496376,2.579999999999984,-0.5999999999999999,-19.03,0.0,0.0,0.2999999999999998,-0.234,-1.0744,3.0056,0.616923781185626,-0.1999999999999886,0.1,-19.90000000000001
12.187000000849366,-0.3207,-0.1015,1.3212,0.291,-0.9978,2.7224,0.6602548256656748,2.579999999999984,-0.5999999999999999,-19.129999999999995,0.0,0.0,0.2936,-0.2371,-1.0806,3.0158,0.616969558251316,-0.2999999999999829,0.1,-20.0
12.203000001609324,-0.3137,-0.1064,1.3196,0.2922,-0.9851,2.7038,0.6607278553444724,2.579999999999984,-0.5999999999999999,-19.23,0.0,0.0,0.2968,-0.229,-1.0688,3.0096,0.616969558251316,-0.2999999999999829,0.2,-20.099999999999994
12.234000001102686,-0.3173,-0.1114,1.3242,0.2789,-0.9757,2.7036,0.6611856260013733,2.579999999999984,-0.5999999999999999,-19.33,0.0018,0.0,0.299,-0.229,-1.0725,3.0076,0.6171374074921797,-0.2999999999999829,0.1,-20.19999999999999
12.25,-0.3206,-0.1122,1.3238,0.2887,-0.9775,2.7124,0.6612924391546502,2.579999999999984,-0.5999999999999999,-19.43,0.0061,0.0,0.3008,-0.212,-1.0711,3.0006,0.6175341420614938,-0.2999999999999829,0.1,-20.299999999999983
12.26600000075996,-0.3125,-0.0986,1.3198,0.2783,-0.9758,2.7096000000000005,0.6613687342641337,2.579999999999984,-0.5999999999999999,-19.53,0.011,0.0,0.3031999999999998,-0.2327,-1.07,3.0079999999999996,0.6175646601052872,-0.2999999999999829,0.2,-20.40000000000001
12.29700000025332,-0.3143,-0.0969,1.3118,0.2892,-0.9761,2.7042,0.6615213244831006,2.579999999999984,-0.5999999999999999,-19.629999999999995,0.0007,0.0,0.2948,-0.2386,-1.0729,3.006,0.6178850995651178,-0.2999999999999829,0.2,-20.5
12.312000000849366,-0.3046,-0.0975,1.3058,0.2906,-0.9728,2.7062000000000004,0.6621011673151751,2.579999999999984,-0.5999999999999999,-19.629999999999995,0.0,0.0,0.2954,-0.2294,-1.0829,3.007,0.6179461356527046,-0.2999999999999829,0.2,-20.599999999999994
12.328000001609324,-0.31,-0.0995,1.3104,0.2969,-0.9838,2.6994,0.6623758297093156,2.579999999999984,-0.5999999999999999,-19.73,0.0155,0.0,0.2978,-0.2173,-1.0703,2.9995999999999996,0.6180682078278782,-0.2999999999999829,0.2,-20.599999999999994
12.34400000050664,-0.3256,-0.1049,1.3212,0.29,-0.9768,2.7004,0.6626047150377661,2.579999999999984,-0.5999999999999999,-19.83,0.0041,0.0,0.2975999999999998,-0.2272,-1.0731,3.0079999999999996,0.6187396047913328,-0.2999999999999829,0.2,-20.69999999999999
12.359000001102686,-0.3146,-0.1118,1.3292,0.2915,-0.9768,2.7092000000000005,0.6632761120012207,2.579999999999984,-0.5999999999999999,-19.93,0.0,0.0,0.3014,-0.2264,-1.0766,3.0050000000000003,0.6188006408789196,-0.2999999999999829,0.2,-20.799999999999983
12.375,-0.3131,-0.1023,1.3202,0.2978,-0.9738,2.7014,0.6637186236362249,2.579999999999984,-0.5999999999999999,-19.93,0.0,0.0,0.2991999999999998,-0.2267,-1.0681,3.0058,0.618831158922713,-0.2999999999999829,0.2,-20.90000000000001
12.406000001356006,-0.3144,-0.1045,1.3206,0.2938,-0.9867,2.7048,0.6638864728770886,2.579999999999984,-0.5999999999999999,-20.03,0.0004,0.0,0.3008,-0.2299,-1.0684,3.0062,0.618831158922713,-0.2999999999999829,0.2,-21.0
12.42200000025332,-0.3141,-0.1047,1.3118,0.2897,-0.9785,2.7048,0.6642221713588159,2.579999999999984,-0.5999999999999999,-20.129999999999995,0.0069,0.0,0.3021999999999998,-0.2249,-1.074,3.0053999999999994,0.6195483329518577,-0.2999999999999829,0.2,-21.0
12.437000000849366,-0.3076,-0.0962,1.322,0.2936,-0.9786,2.7154,0.664267948424506,2.579999999999984,-0.5999999999999999,-20.129999999999995,0.0,0.0,0.3021999999999998,-0.2272,-1.0771,3.007,0.6206164644846265,-0.2999999999999829,0.2,-21.099999999999994
12.46900000050664,-0.3115,-0.1096,1.328,0.2871,-0.986,2.701,0.6643442435339895,2.579999999999984,-0.6999999999999998,-20.23,0.0,0.0,0.3116,-0.2228,-1.0751,3.0036,0.6207080186160067,-0.2999999999999829,0.2,-21.19999999999999
12.484000001102686,-0.3097,-0.0998,1.3232,0.2905,-0.9702,2.7038,0.6643442435339895,2.579999999999984,-0.6999999999999998,-20.33,0.0067,0.0,0.3014,-0.2054,-1.0705,3.003400000000001,0.620891126878767,-0.2999999999999829,0.2,-21.19999999999999
12.5,-0.3164,-0.0981,1.3206,0.2874,-0.97,2.6988,0.6651682307164111,2.579999999999984,-0.6999999999999998,-20.33,0.0031,0.0,0.2934,-0.2177,-1.0808,3.0094,0.6214251926451514,-0.2999999999999829,0.2,-21.299999999999983
12.51600000075996,-0.316,-0.1092,1.312,0.3027,-0.963,2.6954,0.6653360799572747,2.579999999999984,-0.6999999999999998,-20.43,0.0,0.0,0.3079999999999998,-0.2238,-1.0599,3.0086,0.6216540779736018,-0.2999999999999829,0.2,-21.299999999999983
12.531000001356006,-0.313,-0.0985,1.3148000000000002,0.2872,-0.9737,2.6944000000000004,0.6653818570229648,2.4799999999999898,-0.6999999999999998,-20.43,0.0085,0.0,0.3098,-0.2113,-1.0713,3.0036,0.6216540779736018,-0.2999999999999829,0.2,-21.40000000000001
12.54700000025332,-0.3205,-0.099,1.3294,0.2881,-0.9748,2.6892,0.6661448081177997,2.4799999999999898,-0.6999999999999998,-20.53,0.0,0.0,0.3005999999999998,-0.2232,-1.0671,3.0098,0.6216540779736018,-0.2999999999999829,0.2,-21.40000000000001
12.578000001609324,-0.308,-0.1013,1.3174,0.2898,-0.9692,2.6885999999999997,0.6662516212710766,2.4799999999999898,-0.6999999999999998,-20.53,0.0035,0.0,0.3001999999999998,-0.2182,-1.0735,3.0008000000000004,0.6216540779736018,-0.2999999999999829,0.2,-21.5
12.59400000050664,-0.3117,-0.1021,1.3215999999999999,0.2985,-0.9674,2.6968,0.6665873197528039,2.4799999999999898,-0.6999999999999998,-20.53,0.0064,0.0,0.3096,-0.2225,-1.0669,3.001,0.6219897764553292,-0.2999999999999829,0.3,-21.5
12.609000001102686,-0.3132,-0.1015,1.323,0.2824,-0.9749,2.6876,0.6667551689936676,2.4799999999999898,-0.6999999999999998,-20.629999999999995,0.0,0.0,0.3031999999999998,-0.2199,-1.0761,3.0071999999999997,0.6219897764553292,-0.2999999999999829,0.3,-21.599999999999994
12.64100000075996,-0.3172,-0.0972,1.318,0.2846,-0.9779,2.6914,0.6667551689936676,2.4799999999999898,-0.6999999999999998,-20.629999999999995,0.0021,0.0,0.3048,-0.2129,-1.0638,3.001,0.6220813305867093,-0.2999999999999829,0.3,-21.599999999999994
12.656000001356006,-0.321,-0.1047,1.3348000000000002,0.2942,-0.9663,2.6952,0.6667551689936676,2.579999999999984,-0.6999999999999998,-20.73,0.0,0.0,0.3039999999999998,-0.2209,-1.0665,3.0064000000000006,0.6220813305867093,-0.2999999999999829,0.3,-21.599999999999994
12.67200000025332,-0.3189,-0.1001,1.3222,0.2901,-0.9766,2.6946,0.666938277256428,2.579999999999984,-0.6999999999999998,-20.73,0.0012,0.0,0.3044,-0.21,-1.0667,2.991200000000001,0.6220813305867093,-0.2999999999999829,0.3,-21.69999999999999
12.687000000849366,-0.3203,-0.1013,1.3206,0.2937,-0.9726,2.6996,0.666938277256428,2.579999999999984,-0.6999999999999998,-20.73,0.0,0.0,0.2968,-0.2107,-1.0734,3.0082,0.6226153963530937,-0.2999999999999829,0.3,-21.69999999999999
12.703000001609324,-0.3228,-0.1008,1.3112000000000001,0.2859,-0.9686,2.6918,0.666938277256428,2.579999999999984,-0.6999999999999998,-20.73,0.0,0.0,0.3011999999999998,-0.2206,-1.0745,3.0102,0.6232410162508583,-0.2999999999999829,0.3,-21.69999999999999
12.71900000050664,-0.3176,-0.0943,1.3038,0.2956,-0.9686,2.6906,0.6669535362783247,2.579999999999984,-0.7999999999999998,-20.83,0.0002,0.0,0.2984,-0.21,-1.0684,3.0006,0.6234393835355153,-0.2999999999999829,0.3,-21.69999999999999
12.75,-0.3119,-0.1001,1.316,0.2956,-0.9633,2.6898,0.6671061264972916,2.579999999999984,-0.7999999999999998,-20.83,0.0012,0.0,0.2988,-0.2118,-1.056,2.9974,0.6234699015793087,-0.2999999999999829,0.3,-21.69999999999999
12.76600000075996,-0.3221,-0.0927,1.33,0.289,-0.9764,2.6922,0.6671061264972916,2.579999999999984,-0.7999999999999998,-20.83,0.0,0.0,0.3051999999999998,-0.212,-1.0592,3.0024,0.6236530098420691,-0.2999999999999829,0.3,-21.799999999999983
12.781000001356006,-0.3165,-0.1046,1.3132,0.2887,-0.97,2.685,0.6670145723659114,2.579999999999984,-0.7999999999999998,-20.83,0.0,0.0,0.3008,-0.2091,-1.0617,2.999,0.6236530098420691,-0.2999999999999829,0.3,-21.799999999999983
12.79700000025332,-0.3233,-0.0985,1.3202,0.2757,-0.9656,2.684,0.6670145723659114,2.579999999999984,-0.6999999999999998,-20.83,0.0,0.0,0.3005999999999998,-0.2039,-1.0612,2.9984,0.6236530098420691,-0.2999999999999829,0.3,-21.799999999999983
12.828000001609324,-0.3156,-0.1011,1.3192,0.2878,-0.9673,2.6818000000000004,0.6670450904097048,2.579999999999984,-0.6999999999999998,-20.83,0.0,0.0,0.3015999999999998,-0.2004,-1.0598,2.9968,0.623805600061036,-0.2999999999999829,0.3,-21.799999999999983
12.84400000050664,-0.3084,-0.0962,1.3232,0.2934,-0.9622,2.6854,0.6670450904097048,2.579999999999984,-0.6999999999999998,-20.93,0.004,0.0,0.3059999999999998,-0.1971,-1.0569,3.0016,0.6242633707179369,-0.2999999999999829,0.3,-21.799999999999983
12.859000001102686,-0.3177,-0.0975,1.3174,0.2864,-0.9668,2.6896,0.6670450904097048,2.579999999999984,-0.6999999999999998,-20.93,0.0,0.0,0.3028,-0.2073,-1.0498,2.9942000000000006,0.6242633707179369,-0.2999999999999829,0.2,-21.799999999999983
12.875,-0.3136,-0.1013,1.317,0.2872,-0.965,2.6756000000000006,0.6670450904097048,2.579999999999984,-0.6999999999999998,-20.93,0.0,0.0,0.3041999999999998,-0.2079,-1.0549,3.0058,0.6249042496375982,-0.2999999999999829,0.2,-21.799999999999983
12.89100000075996,-0.3214,-0.0955,1.3256,0.2957,-0.9635,2.6778,0.6670450904097048,2.579999999999984,-0.6999999999999998,-20.93,0.0039,0.0,0.3031999999999998,-0.2062,-1.058,3.0064000000000006,0.6250263218127717,-0.2999999999999829,0.2,-21.799999999999983
12.92200000025332,-0.3103,-0.0938,1.3214,0.2914,-0.968,2.6918,0.6670603494316015,2.579999999999984,-0.6999999999999998,-20.93,0.0078,0.0,0.2999999999999998,-0.1984,-1.0549,2.9924,0.6251483939879453,-0.2999999999999829,0.2,-21.799999999999983
12.937000000849366,-0.3182,-0.0875,1.308,0.2959,-0.964,2.6866,0.6671824216067751,2.579999999999984,-0.6999999999999998,-20.93,0.0045,0.0,0.2998,-0.2072,-1.0496,2.9888,0.6251789120317387,-0.2999999999999829,0.2,-21.799999999999983
12.953000001609324,-0.3209,-0.1047,1.322,0.2895,-0.9578,2.6836,0.6671824216067751,2.579999999999984,-0.6999999999999998,-20.93,0.0,0.0,0.3046,-0.2092,-1.0515,2.9922,0.6251789120317387,-0.2999999999999829,0.2,-21.90000000000001
12.96900000050664,-0.3245,-0.0974,1.3328,0.2906,-0.9557,2.6698,0.6671671625848784,2.579999999999984,-0.6999999999999998,-20.93,0.0,0.0,0.3099999999999998,-0.2033,-1.0572,2.998800000000001,0.6251789120317387,-0.2999999999999829,0.2,-21.90000000000001
13.0,-0.3205,-0.0928,1.3228000000000002,0.3074,-0.9566,2.678599999999999,0.6670908674753949,2.579999999999984,-0.6999999999999998,-20.93,0.0,0.0,0.2981999999999998,-0.1955,-1.0498,3.002,0.6251941710536354,-0.2999999999999829,0.2,-21.90000000000001
13.01600000075996,-0.3214,-0.0942,1.315,0.2964,-0.9646,2.6836,0.6670603494316015,2.579999999999984,-0.6999999999999998,-20.93,0.0,0.0,0.3079999999999998,-0.2001,-1.048,2.9986,0.6255909056229495,-0.2999999999999829,0.2,-21.90000000000001
13.031000001356006,-0.3114,-0.0948,1.3224,0.293,-0.956,2.6734000000000004,0.6670908674753949,2.579999999999984,-0.6999999999999998,-20.93,0.0008,0.0,0.307,-0.2024,-1.0444,3.0026,0.6258503089951933,-0.2999999999999829,0.2,-21.799999999999983
13.04700000025332,-0.3159,-0.0982,1.3198,0.2954,-0.9617,2.6758,0.6670908674753949,2.579999999999984,-0.6999999999999998,-20.93,0.0,0.0,0.3014,-0.2098,-1.0459,2.9992,0.6262928206301975,-0.2999999999999829,0.2,-21.799999999999983
13.062000000849366,-0.3236,-0.0963,1.3148000000000002,0.2925,-0.9635,2.6812000000000005,0.6670908674753949,2.579999999999984,-0.6999999999999998,-20.93,0.0134,0.0,0.3098,-0.2051,-1.0445,3.0018,0.6265522240024414,-0.2999999999999829,0.2,-21.799999999999983
13.09400000050664,-0.3186,-0.1015,1.3182,0.2987,-0.9547,2.678599999999999,0.6671671625848784,2.579999999999984,-0.6999999999999998,-20.93,0.0014,0.0,0.305,-0.2017,-1.0481,3.0012000000000003,0.6267048142214083,-0.2999999999999829,0.2,-21.799999999999983
13.109000001102686,-0.3277,-0.0923,1.3182,0.2966,-0.96,2.676,0.6670908674753949,2.579999999999984,-0.6999999999999998,-20.93,0.0,0.0,0.3038,-0.1973,-1.0428,2.9976,0.626720073243305,-0.2999999999999829,0.2,-21.799999999999983
13.125,-0.3251,-0.0959,1.3126,0.2914,-0.9633,2.6738,0.6672434576943619,2.579999999999984,-0.5999999999999999,-20.93,0.0,0.0,0.3086,-0.1955,-1.0345,3.001,0.6267353322652017,-0.2999999999999829,0.2,-21.799999999999983
13.14100000075996,-0.3312,-0.0926,1.3135999999999999,0.2823,-0.9623,2.6776,0.6672434576943619,2.579999999999984,-0.5999999999999999,-20.93,0.0,0.0,0.3051999999999998,-0.1959,-1.0589,3.0066,0.6267963683527885,-0.2999999999999829,0.2,-21.799999999999983
13.17200000025332,-0.3243,-0.1044,1.3102,0.2795,-0.9773,2.6826000000000003,0.6672434576943619,2.579999999999984,-0.5999999999999999,-20.93,0.0,0.0,0.3076,-0.1901,-1.0497,2.9944,0.627025253681239,-0.2999999999999829,0.2,-21.799999999999983
13.187000000849366,-0.324,-0.0961,1.3032000000000001,0.3009,-0.9566,2.6722,0.6672434576943619,2.579999999999984,-0.5999999999999999,-20.93,0.0,0.0,0.2952,-0.2045,-1.0364,2.9890000000000003,0.6270557717250324,-0.2999999999999829,0.2,-21.799999999999983
13.203000001609324,-0.3261,-0.1013,1.3294,0.2947,-0.9482,2.6778,0.6671976806286718,2.579999999999984,-0.5999999999999999,-20.93,0.0,0.0,0.3004,-0.1972,-1.0399,3.0002,0.6276203555352101,-0.2999999999999829,0.2,-21.799999999999983
13.21900000050664,-0.3281,-0.1024,1.3242,0.2896,-0.9693,2.6690000000000005,0.6671976806286718,2.579999999999984,-0.5999999999999999,-20.93,0.0,0.0,0.3059999999999998,-0.191,-1.028,2.99,0.6278644998855573,-0.2999999999999829,0.2,-21.799999999999983
13.234000001102686,-0.3155,-0.1065,1.3146,0.3016,-0.9628,2.677,0.6671976806286718,2.579999999999984,-0.5999999999999999,-20.93,0.0,0.0,0.3005999999999998,-0.1918,-1.0366,2.9932000000000003,0.6279560540169374,-0.2999999999999829,0.2,-21.799999999999983
13.26600000075996,-0.3283,-0.0903,1.3177999999999999,0.2938,-0.9634,2.677,0.6671976806286718,2.579999999999984,-0.5999999999999999,-20.93,0.0,0.0,0.3146,-0.2086,-1.0385,3.0018,0.628078126192111,-0.2999999999999829,0.2,-21.799999999999983
13.281000001356006,-0.3255,-0.094,1.3048,0.29,-0.955,2.6634,0.6671519035629817,2.579999999999984,-0.5999999999999999,-20.93,0.0025,0.0,0.314,-0.1873,-1.0391,2.994,0.6281086442359044,-0.2999999999999829,0.2,-21.799999999999983
13.29700000025332,-0.3174,-0.0951,1.3116,0.2881,-0.967,2.6646,0.667136644541085,2.579999999999984,-0.5999999999999999,-20.93,0.0,0.0,0.2954,-0.1998,-1.0452,2.9984,0.628184939345388,-0.2999999999999829,0.2,-21.799999999999983
13.312000000849366,-0.3252,-0.0996,1.3132,0.2889,-0.9679,2.674,0.667136644541085,2.579999999999984,-0.5999999999999999,-20.93,0.0,0.0,0.3121999999999998,-0.2018,-1.0359,3.0,0.6282154573891814,-0.2999999999999829,0.2,-21.799999999999983
13.34400000050664,-0.3242,-0.1058,1.3272,0.2978,-0.957,2.6642,0.6671213855191883,2.579999999999984,-0.5999999999999999,-20.93,0.0,0.0,0.3058,-0.2005,-1.0325,2.9968,0.6282459754329748,-0.2999999999999829,0.2,-21.799999999999983
13.359000001102686,-0.3168,-0.0892,1.31,0.2872,-0.953,2.6658,0.6671213855191883,2.579999999999984,-0.5999999999999999,-20.93,0.0004,0.0,0.3146,-0.182,-1.0395,2.9968,0.6283527885862517,-0.2999999999999829,0.2,-21.799999999999983
13.375,-0.3336,-0.1017,1.3226,0.3001,-0.9471,2.6592,0.6671213855191883,2.579999999999984,-0.5999999999999999,-20.93,0.0,0.0,0.3059999999999998,-0.1987,-1.0325,3.0012000000000003,0.6288258182650492,-0.2999999999999829,0.2,-21.799999999999983
13.39100000075996,-0.3313,-0.0988,1.3154000000000001,0.2948,-0.9586,2.6582,0.6671519035629817,2.579999999999984,-0.5999999999999999,-20.93,0.0,0.0,0.3038,-0.1874,-1.0381,2.9998000000000005,0.6289784084840162,-0.2999999999999829,0.2,-21.799999999999983
13.406000001356006,-0.3223,-0.1018,1.3202,0.291,-0.9667,2.6576,0.6671519035629817,2.579999999999984,-0.5999999999999999,-20.93,0.0,0.0,0.3108,-0.1841,-1.03,3.0,0.6292225528343633,-0.2999999999999829,0.2,-21.799999999999983
13.437000000849366,-0.3292,-0.0932,1.3095999999999999,0.2964,-0.9502,2.667,0.6671213855191883,2.579999999999984,-0.5999999999999999,-20.93,0.0,0.0,0.3081999999999998,-0.189,-1.0414,2.9942000000000006,0.6292988479438468,-0.2999999999999829,0.2,-21.799999999999983
13.453000001609324,-0.335,-0.111,1.3114000000000001,0.2879,-0.9539,2.6598,0.6671519035629817,2.579999999999984,-0.5999999999999999,-20.93,0.0,0.0,0.314,-0.1931,-1.0302,2.9998000000000005,0.6293446250095369,-0.2999999999999829,0.2,-21.799999999999983
13.46900000050664,-0.3256,-0.0856,1.3028,0.2932,-0.9577,2.6616,0.6671213855191883,2.579999999999984,-0.5999999999999999,-20.93,0.0,0.0,0.309,-0.1876,-1.0274,3.0008000000000004,0.6294056610971237,-0.2999999999999829,0.2,-21.799999999999983
13.484000001102686,-0.3308,-0.0937,1.3046000000000002,0.2946,-0.9592,2.6658,0.6670756084534982,2.579999999999984,-0.5999999999999999,-20.93,0.0,0.0,0.3011999999999998,-0.1788,-1.0224,2.9884,0.6294819562066072,-0.2999999999999829,0.1,-21.799999999999983
13.5,-0.3165,-0.0947,1.3126,0.2927,-0.9564,2.6680000000000006,0.6670756084534982,2.579999999999984,-0.5999999999999999,-20.93,0.0,0.0,0.3108,-0.176,-1.0236,2.992600000000001,0.6294819562066072,-0.2999999999999829,0.1,-21.799999999999983
13.531000001356006,-0.3308,-0.0954,1.3118,0.2972,-0.9454,2.6676,0.6670756084534982,2.579999999999984,-0.5999999999999999,-20.93,0.0,0.0,0.3081999999999998,-0.1874,-1.0164,2.9873999999999996,0.6297718776226444,-0.2999999999999829,0.1,-21.799999999999983
13.54700000025332,-0.3338,-0.0906,1.3038,0.2947,-0.9557,2.656,0.6670756084534982,2.579999999999984,-0.4999999999999999,-20.93,0.0,0.0,0.3019999999999998,-0.1964,-1.0326,2.9964,0.630092317082475,-0.2999999999999829,0.1,-21.799999999999983
13.562000000849366,-0.3234,-0.098,1.3128,0.2945,-0.9564,2.6608,0.6670756084534982,2.579999999999984,-0.4999999999999999,-20.93,0.0,0.0,0.3138,-0.1808,-1.0263,2.9868,0.6303364614328222,-0.2999999999999829,0.1,-21.799999999999983
13.578000001609324,-0.3263,-0.0989,1.2972,0.2918,-0.955,2.6518,0.6670756084534982,2.579999999999984,-0.4999999999999999,-20.93,0.0,0.0,0.3154,-0.1879,-1.0292,2.997,0.6305348287174792,-0.2999999999999829,0.1,-21.799999999999983
13.609000001102686,-0.3257,-0.0966,1.3086000000000002,0.2986,-0.9529,2.6700000000000004,0.6670756084534982,2.579999999999984,-0.4999999999999999,-20.93,0.0,0.0,0.3101999999999998,-0.1889,-1.0165,2.9922,0.6306874189364462,-0.2999999999999829,0.1,-21.799999999999983
13.625,-0.3238,-0.0955,1.3068,0.2966,-0.9516,2.6584,0.6670756084534982,2.579999999999984,-0.4999999999999999,-20.93,0.0,0.0,0.3078,-0.1838,-1.0193,2.9952,0.6307637140459297,-0.2999999999999829,0.1,-21.799999999999983
13.64100000075996,-0.3334,-0.1041,1.3166,0.2973,-0.9473,2.662,0.6670756084534982,2.579999999999984,-0.4999999999999999,-20.93,0.0,0.0,0.3035999999999998,-0.1909,-1.0234,2.9994,0.6308094911116198,-0.1999999999999886,0.1,-21.799999999999983
13.656000001356006,-0.3286,-0.0984,1.3154000000000001,0.2909,-0.9418,2.6574,0.6670756084534982,2.579999999999984,-0.4999999999999999,-20.93,0.0,0.0,0.3074,-0.1822,-1.0201,2.9932000000000003,0.6309163042648966,-0.1999999999999886,0.1,-21.799999999999983
13.67200000025332,-0.3319,-0.1024,1.317,0.2971,-0.9399,2.655,0.6670756084534982,2.579999999999984,-0.4999999999999999,-20.93,0.0,0.0,0.3072,-0.1912,-1.0233,2.9954,0.6309315632867933,-0.1999999999999886,0.1,-21.799999999999983
13.703000001609324,-0.3343,-0.0951,1.3072000000000001,0.2994,-0.9408,2.6622,0.6670756084534982,2.579999999999984,-0.4999999999999999,-20.93,0.0,0.0,0.3058,-0.1868,-1.027,3.0014,0.6312214847028306,-0.1999999999999886,0.1,-21.799999999999983
13.71900000050664,-0.3361,-0.0977,1.3194000000000001,0.2893,-0.9521,2.6532,0.6670298313878081,2.579999999999984,-0.4999999999999999,-20.93,0.0023,0.0,0.313,-0.1939,-1.0305,2.9944,0.6314198519874876,-0.1999999999999886,0.1,-21.799999999999983
13.734000001102686,-0.3239,-0.0969,1.31,0.2908,-0.9539,2.648,0.6670298313878081,2.579999999999984,-0.4999999999999999,-20.93,0.0004,0.0,0.3138,-0.1912,-1.0264,2.996,0.6316182192721447,-0.1999999999999886,0.1,-21.799999999999983
13.75,-0.3352,-0.1003,1.316,0.2951,-0.9543,2.6534,0.6670298313878081,2.579999999999984,-0.4999999999999999,-20.93,0.0,0.0,0.3184,-0.1818,-1.0314,2.9974,0.6318318455786984,-0.1999999999999886,0.1,-21.799999999999983
13.781000001356006,-0.3187,-0.0911,1.321,0.2985,-0.9461,2.6544,0.6671061264972916,2.579999999999984,-0.4999999999999999,-20.93,0.0,0.0,0.3094,-0.1851,-1.0125,2.9816,0.6318318455786984,-0.1999999999999886,0.1,-21.799999999999983
13.79700000025332,-0.3302,-0.0981,1.3214,0.29,-0.9375,2.644,0.6669230182345313,2.579999999999984,-0.4999999999999999,-20.93,0.0,0.0,0.313,-0.1805,-1.0103,2.9873999999999996,0.6320149538414588,-0.1999999999999886,0.1,-21.799999999999983
13.812000000849366,-0.3285,-0.1067,1.319,0.2941,-0.9463,2.6518,0.6669077592126346,2.579999999999984,-0.4999999999999999,-20.93,0.0,0.0,0.3068,-0.183,-1.0268,2.991200000000001,0.6320607309071489,-0.1999999999999886,0.1,-21.799999999999983
13.828000001609324,-0.3283,-0.0942,1.3104,0.2965,-0.9571,2.6478,0.6668467231250478,2.579999999999984,-0.4999999999999999,-20.93,0.0,0.0,0.3021999999999998,-0.1786,-1.021,2.9918,0.6320759899290456,-0.1999999999999886,0.1,-21.799999999999983
13.84400000050664,-0.3363,-0.0987,1.3068,0.2857,-0.9464,2.646,0.6668467231250478,2.579999999999984,-0.4999999999999999,-20.93,0.0,0.0,0.3148,-0.1873,-1.0253,3.0026,0.6322590981918059,-0.1999999999999886,0.1,-21.799999999999983
13.859000001102686,-0.3355,-0.1025,1.3126,0.2832,-0.953,2.6434000000000006,0.6668314641031511,2.579999999999984,-0.4999999999999999,-20.93,0.0,0.0,0.316,-0.1792,-1.0165,2.9856,0.6325337605859465,-0.1999999999999886,0.1,-21.799999999999983
13.89100000075996,-0.3292,-0.0978,1.3086000000000002,0.2952,-0.9439,2.6492,0.6668009460593577,2.579999999999984,-0.4999999999999999,-20.93,0.0,0.0,0.3108,-0.1664,-1.0147,2.9968,0.6326253147173266,-0.1999999999999886,0.1,-21.799999999999983
13.906000001356006,-0.3352,-0.1008,1.318,0.2948,-0.9542,2.654,0.6668009460593577,2.579999999999984,-0.4999999999999999,-20.93,0.0,0.0,0.3099999999999998,-0.1647,-1.0217,2.9924,0.6326253147173266,-0.1999999999999886,0.1,-21.799999999999983
13.92200000025332,-0.3279,-0.1003,1.3116,0.2952,-0.946,2.6404,0.6668009460593577,2.579999999999984,-0.4999999999999999,-20.93,0.0,0.0,0.3024,-0.1829,-1.0116,2.9972,0.6328999771114672,-0.1999999999999886,0.1,-21.799999999999983
13.937000000849366,-0.3263,-0.0908,1.3066,0.2858,-0.9429,2.6422,0.6668009460593577,2.579999999999984,-0.4999999999999999,-20.93,0.0,0.0,0.3174,-0.1815,-1.0049,2.9866000000000006,0.6329915312428473,-0.1999999999999886,0.1,-21.799999999999983
13.96900000050664,-0.3246,-0.0957,1.3052,0.2977,-0.9341,2.6358,0.6666788738841841,2.579999999999984,-0.4999999999999999,-20.93,0.0,0.0,0.316,-0.1743,-1.0212,3.004,0.6330678263523308,-0.1999999999999886,0.1,-21.799999999999983
13.984000001102686,-0.3381,-0.0993,1.3108,0.2991,-0.9408,2.646,0.6666636148622874,2.579999999999984,-0.4999999999999999,-20.93,0.0,0.0,0.3038,-0.1756,-1.0039,2.9928000000000003,0.6331441214618143,-0.1999999999999886,0.1,-21.799999999999983
14.0,-0.3333,-0.0972,1.3072000000000001,0.3012,-0.9488,2.637,0.6666636148622874,2.579999999999984,-0.4999999999999999,-20.93,0.0,0.0,0.3134,-0.179,-1.0085,2.9956,0.633159380483711,-0.1999999999999886,0.1,-21.799999999999983
14.01600000075996,-0.3319,-0.0935,1.3086000000000002,0.295,-0.9568,2.6432,0.6666636148622874,2.579999999999984,-0.4999999999999999,-20.93,0.0,0.0,0.311,-0.1864,-1.0115,2.9952,0.6331898985275044,-0.1999999999999886,0.1,-21.799999999999983
14.031000001356006,-0.3218,-0.101,1.3102,0.3,-0.9382,2.6408,0.6666483558403907,2.579999999999984,-0.4999999999999999,-20.93,0.0,0.0,0.3127999999999996,-0.1743,-1.0123,2.986,0.6335561150530251,-0.1999999999999886,0.1,-21.799999999999983
14.062000000849366,-0.3345,-0.1014,1.3095999999999999,0.3038,-0.9384,2.638,0.6666483558403907,2.579999999999984,-0.4999999999999999,-20.93,0.0,0.0,0.3186,-0.1687,-1.0161,2.9868,0.6336018921187152,-0.1999999999999886,0.1,-21.799999999999983
14.078000001609324,-0.3328,-0.0915,1.3156,0.2942,-0.9438,2.6382,0.666633096818494,2.579999999999984,-0.4999999999999999,-20.93,0.0,0.0,0.3192,-0.1723,-1.0144,2.987,0.6336171511406119,-0.1999999999999886,0.1,-21.799999999999983
14.09400000050664,-0.339,-0.0958,1.3058,0.2936,-0.9394,2.6434000000000006,0.666633096818494,2.579999999999984,-0.4999999999999999,-20.93,0.0,0.0,0.3178,-0.1754,-1.0202,2.9834,0.6336324101625086,-0.1999999999999886,0.1,-21.799999999999983
14.109000001102686,-0.3297,-0.097,1.3182,0.2973,-0.9425,2.6384,0.6666178377965973,2.579999999999984,-0.4999999999999999,-20.93,0.0,0.0,0.313,-0.1858,-1.0104,2.9928000000000003,0.6336171511406119,-0.1999999999999886,0.1,-21.799999999999983
14.14100000075996,-0.3318,-0.1008,1.3142000000000005,0.2899,-0.9408,2.6346,0.6666178377965973,2.579999999999984,-0.4999999999999999,-20.93,0.0,0.0,0.3044,-0.1766,-1.0157,2.9974,0.6338460364690623,-0.1999999999999886,0.1,-21.799999999999983
14.156000001356006,-0.3261,-0.0921,1.31,0.2994,-0.944,2.6396,0.6664652475776304,2.579999999999984,-0.4999999999999999,-20.93,0.0,0.0,0.305,-0.1639,-1.0059,2.9866000000000006,0.6341054398413062,-0.1999999999999886,0.1,-21.799999999999983
14.17200000025332,-0.3307,-0.0984,1.3174,0.2947,-0.931,2.628,0.6664652475776304,2.579999999999984,-0.4999999999999999,-20.93,0.0,0.0,0.305,-0.1665,-1.0146,2.983,0.6341054398413062,-0.1999999999999886,0.1,-21.799999999999983
14.187000000849366,-0.3379,-0.092,1.31,0.3007,-0.948,2.6492,0.6663584344243535,2.579999999999984,-0.4999999999999999,-20.93,0.0,0.0,0.3114,-0.1582,-1.0111,2.9820000000000007,0.6339681086442359,-0.1999999999999886,0.1,-21.799999999999983
14.203000001609324,-0.3257,-0.088,1.3118,0.3086,-0.942,2.6312000000000006,0.6659616998550394,2.579999999999984,-0.4999999999999999,-20.93,0.0,0.0,0.3119999999999998,-0.1714,-1.0221,2.9844000000000004,0.633510337987335,-0.2999999999999829,0.1,-21.799999999999983
14.234000001102686,-0.3366,-0.0919,1.3082,0.2848,-0.9442,2.6402,0.6659616998550394,2.579999999999984,-0.3999999999999998,-20.93,0.0,0.0,0.3094,-0.1748,-1.0155,2.9966000000000004,0.633510337987335,-0.2999999999999829,0.1,-21.799999999999983
14.25,-0.3377,-0.0949,1.3124,0.2954,-0.9364,2.6396,0.6663584344243535,2.579999999999984,-0.4999999999999999,-20.93,0.0,0.0,0.3184,-0.1581,-0.9956,2.9820000000000007,0.6339681086442359,-0.2999999999999829,0.1,-21.799999999999983
14.26600000075996,-0.3361,-0.1009,1.3238,0.3053,-0.9406,2.6352,0.6659616998550394,2.579999999999984,-0.3999999999999998,-20.93,0.0,0.0,0.313,-0.1653,-1.0062,2.9834,0.6339681086442359,-0.2999999999999829,0.1,-21.799999999999983
14.281000001356006,-0.3328,-0.0898,1.3042,0.2874,-0.9486,2.6352,0.6663431754024568,2.579999999999984,-0.3999999999999998,-20.93,0.0,0.0,0.3148,-0.1673,-1.0141,2.9876000000000005,0.6339681086442359,-0.2999999999999829,0.1,-21.799999999999983
14.29700000025332,-0.3284,-0.0875,1.3094,0.2935,-0.9478,2.6286,0.6656107423514153,2.579999999999984,-0.3999999999999998,-20.93,0.0,0.0,0.3079999999999998,-0.1716,-1.023,2.991,0.6340444037537194,-0.2999999999999829,0.1,-21.799999999999983
14.328000001609324,-0.3316,-0.0925,1.3044,0.2966,-0.9406,2.6342,0.6656107423514153,2.579999999999984,-0.3999999999999998,-20.93,0.0,0.0,0.3148,-0.1623,-1.0038,2.974,0.6354787518120089,-0.2999999999999829,0.1,-21.799999999999983
14.34400000050664,-0.337,-0.098,1.3066,0.2949,-0.9459,2.6222,0.6662516212710766,2.579999999999984,-0.3999999999999998,-20.93,0.0,0.0,0.3149999999999996,-0.1721,-1.0079,2.9858,0.635524528877699,-0.1999999999999886,0.1,-21.799999999999983
14.359000001102686,-0.3424,-0.0925,1.3114000000000001,0.2899,-0.9403,2.6372,0.6656107423514153,2.579999999999984,-0.3999999999999998,-20.93,0.0,0.0,0.3166,-0.1717,-1.0059,2.9920000000000004,0.6355397878995956,-0.1999999999999886,0.1,-21.799999999999983
14.375,-0.3227,-0.1037,1.3052,0.3022,-0.9353,2.6426,0.6656107423514153,2.579999999999984,-0.3999999999999998,-20.93,0.0,0.0,0.3054,-0.167,-1.0045,2.9876000000000005,0.635570305943389,-0.1999999999999886,0.1,-21.799999999999983
14.406000001356006,-0.3299,-0.0901,1.3095999999999999,0.2946,-0.9456,2.6358,0.665320820935378,2.579999999999984,-0.3999999999999998,-20.93,0.0,0.0,0.318,-0.1604,-1.0039,2.9802,0.635570305943389,-0.1999999999999886,0.1,-21.799999999999983
14.42200000025332,-0.3251,-0.0866,1.3175999999999999,0.2946,-0.9411,2.636,0.665320820935378,2.579999999999984,-0.3999999999999998,-20.93,0.0,0.0,0.3074,-0.1501,-1.0074,2.9888,0.635570305943389,-0.1999999999999886,0.1,-21.799999999999983
14.437000000849366,-0.3404,-0.0969,1.3088,0.2983,-0.9404,2.632,0.665473411154345,2.579999999999984,-0.3999999999999998,-20.93,0.0,0.0,0.3086,-0.1553,-1.0162,2.983,0.6355855649652857,-0.1999999999999886,0.1,-21.799999999999983
14.453000001609324,-0.3345,-0.0872,1.3146,0.2946,-0.9372,2.6274,0.665473411154345,2.579999999999984,-0.3999999999999998,-20.93,0.0,0.0,0.3054,-0.1492,-1.0042,2.9842,0.6355855649652857,-0.1999999999999886,0.1,-21.799999999999983
14.46900000050664,-0.339,-0.0939,1.3094,0.2936,-0.9449,2.6326,0.665473411154345,2.579999999999984,-0.3999999999999998,-20.93,0.0,0.0,0.3046,-0.1655,-0.998,2.9866000000000006,0.6356771190966659,-0.1999999999999886,0.1,-21.799999999999983
14.5,-0.3378,-0.101,1.299,0.3005,-0.9379,2.6262,0.6657175555046922,2.579999999999984,-0.3999999999999998,-20.93,0.0,0.0,0.3101999999999998,-0.1628,-1.0001,2.9842,0.6359517814908064,-0.2999999999999829,0.1,-21.799999999999983
14.51600000075996,-0.334,-0.0951,1.3156,0.2864,-0.9477,2.628400000000001,0.665473411154345,2.579999999999984,-0.3999999999999998,-20.93,0.0,0.0,0.3194,-0.164,-1.0007,2.9876000000000005,0.6359822995345998,-0.1999999999999886,0.1,-21.799999999999983
14.531000001356006,-0.3379,-0.0916,1.318,0.3085,-0.942,2.6292,0.665473411154345,2.579999999999984,-0.3999999999999998,-20.93,0.0,0.0,0.3161999999999998,-0.1697,-1.0088,2.991200000000001,0.6362722209506371,-0.1999999999999886,0.1,-21.799999999999983
14.54700000025332,-0.3349,-0.09,1.2988,0.3023,-0.9364,2.6214,0.6654428931105516,2.579999999999984,-0.3999999999999998,-20.93,0.0,0.0,0.3141999999999998,-0.1716,-1.0046,2.9890000000000003,0.6362722209506371,-0.1999999999999886,0.1,-21.799999999999983
14.578000001609324,-0.3323,-0.0972,1.3022,0.2999,-0.9381,2.6302,0.6654428931105516,2.579999999999984,-0.3999999999999998,-20.93,0.0,0.0,0.3068,-0.1588,-1.0117,2.9796,0.6363179980163272,-0.1999999999999886,0.1,-21.799999999999983
14.59400000050664,-0.3185,-0.0826,1.2998,0.2972,-0.9322,2.623,0.6652140077821012,2.579999999999984,-0.3999999999999998,-20.93,0.0,0.0,0.3152,-0.1617,-1.0099,2.985,0.6362722209506371,-0.1999999999999886,0.1,-21.799999999999983
14.609000001102686,-0.33,-0.0956,1.3000000000000005,0.2986,-0.9335,2.6190000000000007,0.6652140077821012,2.579999999999984,-0.3999999999999998,-20.93,0.0,0.0,0.3136,-0.1604,-1.0015,2.9760000000000004,0.6362722209506371,-0.1999999999999886,0.1,-21.799999999999983
14.625,-0.349,-0.1001,1.3106,0.3034,-0.9407,2.628,0.6650766765850309,2.579999999999984,-0.3999999999999998,-20.93,0.0,0.0,0.3136,-0.1622,-1.0111,2.9792,0.6363179980163272,-0.1999999999999886,0.1,-21.799999999999983
14.64100000075996,-0.3395,-0.0933,1.3104,0.2868,-0.9316,2.6196,0.6650766765850309,2.579999999999984,-0.3999999999999998,-20.93,0.0,0.0,0.3044,-0.1636,-0.9991,2.9848,0.6363179980163272,-0.1999999999999886,0.1,-21.799999999999983
14.656000001356006,-0.334,-0.0909,1.3072000000000001,0.298,-0.9328,2.6256,0.6649240863660639,2.579999999999984,-0.3999999999999998,-20.93,0.0,0.0,0.3004,-0.1523,-1.0131,2.9902,0.6366842145418479,-0.1999999999999886,0.1,-21.799999999999983
14.687000000849366,-0.3272,-0.0895,1.3146,0.2981,-0.9378,2.6204,0.6649240863660639,2.579999999999984,-0.3999999999999998,-20.93,0.0,0.0,0.3092,-0.1459,-1.0009,2.9852,0.6366842145418479,-0.1999999999999886,0.1,-21.799999999999983
14.703000001609324,-0.3346,-0.089,1.3142000000000005,0.2823,-0.9428,2.6238,0.6647867551689937,2.579999999999984,-0.3999999999999998,-20.93,0.0,0.0,0.3084,-0.15,-1.0071,2.9804,0.6365468833447776,-0.1999999999999886,0.1,-21.799999999999983
14.71900000050664,-0.3368,-0.0851,1.3202,0.2792,-0.9397,2.6336,0.6647867551689937,2.579999999999984,-0.3999999999999998,-20.93,0.0,0.0,0.3116,-0.1489,-1.0061,2.9844000000000004,0.6366842145418479,-0.1999999999999886,0.1,-21.799999999999983
14.75,-0.3247,-0.0916,1.3094,0.3016,-0.9357,2.6258,0.6647867551689937,2.579999999999984,-0.3999999999999998,-20.93,0.0,0.0,0.3074,-0.1513,-1.0163,2.9822,0.6367605096513314,-0.1999999999999886,0.1,-21.799999999999983
14.76600000075996,-0.3443,-0.0959,1.328,0.2908,-0.9401,2.616200000000001,0.663566033417258,2.579999999999984,-0.3999999999999998,-20.93,0.0,0.0,0.2979999999999998,-0.1474,-1.0204,2.9854,0.6367605096513314,-0.1999999999999886,0.1,-21.69999999999999
14.781000001356006,-0.3337,-0.0893,1.3297999999999999,0.2835,-0.9475,2.6308,0.6607125963225757,2.579999999999984,-0.3999999999999998,-20.93,0.0015,0.0,0.313,-0.1614,-1.0098,2.9826,0.6372945754177157,-0.1999999999999886,0.1,-21.69999999999999
14.79700000025332,-0.3305,-0.088,1.3304,0.297,-0.939,2.628400000000001,0.6590951400015259,2.579999999999984,-0.3999999999999998,-20.93,0.0007,0.0,0.3011999999999998,-0.1227,-1.0224,2.9856,0.6377676050965133,-0.1999999999999886,0.1,-21.799999999999983
14.812000000849366,-0.3296,-0.0734,1.3366,0.2898,-0.9376,2.6302,0.6574776836804761,2.579999999999984,-0.3999999999999998,-20.93,0.0,0.0,0.3054,-0.1508,-1.026,2.9918,0.6402243076218814,-0.1999999999999886,0.1,-21.799999999999983
14.828000001609324,-0.3191,-0.0775,1.3316000000000001,0.2858,-0.9461,2.6286,0.657233539330129,2.579999999999984,-0.3999999999999998,-20.93,0.0007,0.0,0.3084,-0.1493,-1.0113,2.9806000000000004,0.640498970016022,-0.1999999999999886,0.1,-21.799999999999983
14.859000001102686,-0.33,-0.0884,1.3496,0.28,-0.9383,2.6266,0.6571267261768521,2.579999999999984,-0.3999999999999998,-20.93,0.0133,0.0,0.3061999999999998,-0.1341,-1.0232,2.9968,0.6425436789501793,-0.1999999999999886,0.1,-21.799999999999983
14.875,-0.3407,-0.0731,1.3414000000000001,0.2766,-0.9456,2.6336,0.6548531319142443,2.579999999999984,-0.3999999999999998,-20.93,0.003,0.0,0.3121999999999998,-0.144,-1.0223,2.9957999999999996,0.6433676661326009,-0.1999999999999886,0.1,-21.799999999999983
14.89100000075996,-0.3283,-0.0797,1.3502,0.298,-0.9398,2.629,0.6527473868925002,2.579999999999984,-0.3999999999999998,-20.93,0.0016,0.0,0.3059999999999998,-0.1308,-1.0274,2.99,0.64461890592813,-0.1999999999999886,0.1,-21.799999999999983
14.92200000025332,-0.3262,-0.0722,1.3612,0.2759,-0.949,2.624400000000001,0.6491767757686733,2.579999999999984,-0.3999999999999998,-20.93,0.0152,0.0,0.313,-0.1354,-1.0388,2.992600000000001,0.6454581521324483,-0.1999999999999886,0.1,-21.799999999999983
14.937000000849366,-0.3347,-0.0702,1.3426000000000002,0.2852,-0.9376,2.6288,0.6488715953307393,2.579999999999984,-0.3999999999999998,-20.93,0.0053,0.0,0.3076,-0.1312,-1.031,2.988,0.6469993133440146,-0.1999999999999886,0.1,-21.799999999999983
14.953000001609324,-0.3233,-0.0834,1.357,0.2916,-0.9336,2.624400000000001,0.6462470435645076,2.579999999999984,-0.3999999999999998,-20.93,0.0203,0.0,0.3112,-0.1222,-1.0345,3.0024,0.647731746395056,-0.1999999999999886,5.551115123125783e-17,-21.799999999999983
14.96900000050664,-0.328,-0.0748,1.3532,0.2807,-0.9394,2.6378,0.6428900587472344,2.579999999999984,-0.3999999999999998,-20.93,0.0151,0.0,0.3028,-0.1249,-1.0338,2.996,0.6479148546578164,-0.1999999999999886,0.1,-21.799999999999983
14.984000001102686,-0.3347,-0.0586,1.338,0.276,-0.9528,2.6368,0.6428137636377509,2.579999999999984,-0.3999999999999998,-20.93,0.0,0.0,0.3081999999999998,-0.1319,-1.0249,2.9894,0.6484031433585107,-0.1999999999999886,0.1,-21.799999999999983
15.0,-0.3242,-0.0636,1.3586,0.2899,-0.9247,2.626,0.6423865110246434,2.579999999999984,-0.3999999999999998,-20.93,0.0152,0.0,0.3118,-0.1104,-1.029,2.9957999999999996,0.6498222323949034,-0.1999999999999886,0.1,-21.799999999999983
15.031000001356006,-0.3325,-0.0634,1.359,0.2743,-0.9539,2.627,0.6400213626306555,2.579999999999984,-0.3999999999999998,-20.93,0.0107,0.0,0.3114,-0.1432,-1.0222,2.9934,0.6498222323949034,-0.1999999999999886,0.1,-21.799999999999983
15.04700000025332,-0.3215,-0.0751,1.357,0.2766,-0.9495,2.6254,0.6372899977111468,2.579999999999984,-0.3999999999999998,-20.93,0.0064,0.0,0.3028,-0.1213,-1.0225,3.003,0.6514091706721599,-0.1999999999999886,5.551115123125783e-17,-21.799999999999983
15.062000000849366,-0.3238,-0.0726,1.3716000000000002,0.2946,-0.9403,2.623,0.6359166857404441,2.579999999999984,-0.3999999999999998,-20.93,0.0226,0.0,0.3136,-0.1245,-1.0371,3.0056,0.651653315022507,-0.1999999999999886,5.551115123125783e-17,-21.799999999999983
15.09400000050664,-0.332,-0.0632,1.3642,0.2752,-0.9457,2.629,0.6351232166018159,2.579999999999984,-0.3999999999999998,-20.93,0.0093,0.0,0.3092,-0.1441,-1.0266,3.0028,0.6516685740444037,-0.1999999999999886,5.551115123125783e-17,-21.799999999999983
15.109000001102686,-0.3185,-0.0758,1.3514000000000002,0.2838,-0.9429,2.6296,0.6341161211566338,2.579999999999984,-0.3999999999999998,-20.93,0.011,0.0,0.3072,-0.1161,-1.0276,2.9866000000000006,0.6520195315480277,-0.1999999999999886,5.551115123125783e-17,-21.799999999999983
15.125,-0.3203,-0.0769,1.3806,0.2875,-0.9251,2.6318,0.6321934843976501,2.579999999999984,-0.3999999999999998,-20.93,0.012,0.0,0.3046,-0.1211,-1.0359,2.9982,0.6525688563363088,-0.1999999999999886,5.551115123125783e-17,-21.799999999999983
15.14100000075996,-0.3384,-0.0637,1.3636,0.2672,-0.9524,2.6288,0.6319035629816129,2.579999999999984,-0.3999999999999998,-20.93,0.0159,0.0,0.3149999999999996,-0.1192,-1.0336,2.9928000000000003,0.6525688563363088,-0.1999999999999886,5.551115123125783e-17,-21.799999999999983
15.156000001356006,-0.3226,-0.059,1.3660000000000003,0.2818,-0.9475,2.629799999999999,0.6318425268940261,2.579999999999984,-0.3999999999999998,-20.93,0.014,0.0,0.3108,-0.1161,-1.0194,2.9902,0.6525993743801022,-0.1999999999999886,5.551115123125783e-17,-21.799999999999983
15.17200000025332,-0.3308,-0.07,1.3674,0.2909,-0.9315,2.6378,0.6308049134050507,2.579999999999984,-0.3999999999999998,-20.93,0.02,0.0,0.3092,-0.1222,-1.043,3.0006,0.6525688563363088,-0.1999999999999886,5.551115123125783e-17,-21.799999999999983
15.203000001609324,-0.3444,-0.0677,1.38,0.2684,-0.9541,2.6232,0.6294926375219349,2.579999999999984,-0.3999999999999998,-20.93,0.0175,0.0,0.3126,-0.1292,-1.0422,3.0038000000000005,0.6525688563363088,-0.1999999999999886,0.1,-21.799999999999983
15.21900000050664,-0.3264,-0.0665,1.375,0.2808,-0.9436,2.6262,0.628882276646067,2.579999999999984,-0.3999999999999998,-20.93,0.0181,0.0,0.307,-0.1156,-1.032,3.0038000000000005,0.6525230792706187,-0.1999999999999886,5.551115123125783e-17,-21.799999999999983
15.234000001102686,-0.3288,-0.0662,1.3846,0.2821,-0.9393,2.6286,0.6277531090257115,2.579999999999984,-0.3999999999999998,-20.93,0.0263,0.0,0.3101999999999998,-0.1121,-1.0503,3.0002,0.652309452964065,-0.1999999999999886,5.551115123125783e-17,-21.799999999999983
15.26600000075996,-0.3384,-0.0696,1.3839999999999997,0.2702,-0.9395,2.6354,0.6265323872739758,2.579999999999984,-0.3999999999999998,-20.93,0.0244,0.0,0.323,-0.1247,-1.0337,3.0024,0.6522331578545815,-0.1999999999999886,0.1,-21.799999999999983
15.281000001356006,-0.3294,-0.0699,1.3826,0.2751,-0.9276,2.629,0.6262577248798352,2.579999999999984,-0.3999999999999998,-20.93,0.0096,0.0,0.3076,-0.1119,-1.0286,3.0062,0.652309452964065,-0.1999999999999886,5.551115123125783e-17,-21.799999999999983
15.29700000025332,-0.3252,-0.0635,1.3796,0.2801,-0.9451,2.6314,0.6247165636682689,2.579999999999984,-0.3999999999999998,-20.93,0.0175,0.0,0.3018,-0.116,-1.0433,3.0071999999999997,0.652309452964065,-0.1999999999999886,5.551115123125783e-17,-21.799999999999983
15.312000000849366,-0.3335,-0.0547,1.3612,0.2728,-0.9443,2.6268,0.6247165636682689,2.579999999999984,-0.3999999999999998,-20.93,0.0164,0.0,0.3121999999999998,-0.1176,-1.0332,2.9858,0.6522331578545815,-0.1999999999999886,0.1,-21.799999999999983
15.328000001609324,-0.3146,-0.0658,1.3774,0.2773,-0.9433,2.6286,0.624106202792401,2.579999999999984,-0.3999999999999998,-20.93,0.0109,0.0,0.3081999999999998,-0.1143,-1.0353,3.004,0.6522331578545815,-0.1999999999999886,5.551115123125783e-17,-21.799999999999983
15.34400000050664,-0.3317,-0.0604,1.3744000000000003,0.265,-0.9369,2.6228,0.6234958419165332,2.579999999999984,-0.3999999999999998,-20.93,0.0218,0.0,0.3018,-0.1161,-1.0506,2.9942000000000006,0.6494102388036926,-0.1999999999999886,5.551115123125783e-17,-21.799999999999983
15.375,-0.3305,-0.0571,1.3636,0.2723,-0.9448,2.6316,0.6224124513618677,2.579999999999984,-0.3999999999999998,-20.93,0.0118,0.0,0.3118,-0.1113,-1.0366,2.998,0.6505699244678416,-0.1999999999999886,0.1,-21.799999999999983
15.39100000075996,-0.3093,-0.0719,1.3736000000000004,0.278,-0.9442,2.6278,0.6214663920042726,2.579999999999984,-0.3999999999999998,-20.93,0.0165,0.0,0.319,-0.1021,-1.0379,2.9932000000000003,0.6494102388036926,-0.1999999999999886,5.551115123125783e-17,-21.69999999999999
15.406000001356006,-0.3406,-0.0648,1.3992000000000002,0.2711,-0.9313,2.617,0.6212985427634089,2.579999999999984,-0.3999999999999998,-20.93,0.0207,0.0,0.3079999999999998,-0.1198,-1.0422,3.009,0.6494102388036926,-0.1999999999999886,5.551115123125783e-17,-21.69999999999999
15.42200000025332,-0.3324,-0.0457,1.3736000000000004,0.2713,-0.9463,2.6226,0.6205966277561609,2.579999999999984,-0.3999999999999998,-20.93,0.0212,0.0,0.3126,-0.1111,-1.0199,2.9957999999999996,0.6494102388036926,-0.1999999999999886,5.551115123125783e-17,-21.69999999999999
15.437000000849366,-0.3226,-0.0604,1.3774,0.2799,-0.9435,2.6112,0.6199710078583963,2.579999999999984,-0.3999999999999998,-20.93,0.0182,0.0,0.3061999999999998,-0.094,-1.0296,3.0044,0.6503562981612878,-0.1999999999999886,5.551115123125783e-17,-21.69999999999999
15.453000001609324,-0.3303,-0.0549,1.3826,0.2656,-0.9397,2.6190000000000007,0.6199710078583963,2.579999999999984,-0.3999999999999998,-20.93,0.0189,0.0,0.3126,-0.106,-1.034,3.0053999999999994,0.6498374914168001,-0.1999999999999886,5.551115123125783e-17,-21.69999999999999
15.484000001102686,-0.3245,-0.0527,1.3766000000000005,0.2736,-0.9534,2.6252,0.6187502861066606,2.579999999999984,-0.3999999999999998,-20.93,0.0085,0.0,0.3088,-0.1081,-1.0315,2.9998000000000005,0.6498374914168001,-0.1999999999999886,5.551115123125783e-17,-21.69999999999999
15.5,-0.3177,-0.0591,1.389,0.2708,-0.9293,2.617599999999999,0.6186129549095903,2.579999999999984,-0.3999999999999998,-20.93,0.0181,0.0,0.3039999999999998,-0.0961,-1.0415,3.0094,0.6498374914168001,-0.1999999999999886,5.551115123125783e-17,-21.69999999999999
15.51600000075996,-0.3348,-0.0473,1.3866000000000003,0.2671,-0.9501,2.6236,0.6174837872892348,2.579999999999984,-0.2999999999999999,-20.93,0.0079,0.0,0.3056,-0.1029,-1.0315,2.9962,0.6503562981612878,-0.1999999999999886,5.551115123125783e-17,-21.69999999999999
15.54700000025332,-0.3341,-0.0616,1.377,0.2774,-0.9455,2.6104,0.6174837872892348,2.579999999999984,-0.3999999999999998,-20.93,0.0178,0.0,0.3108,-0.0929,-1.0448,2.987,0.6498374914168001,-0.1999999999999886,5.551115123125783e-17,-21.69999999999999
15.562000000849366,-0.3326,-0.0593,1.3949999999999998,0.2748,-0.9404,2.6184,0.6163851377126727,2.579999999999984,-0.3999999999999998,-20.93,0.021,0.0,0.3088,-0.0982,-1.046,3.0056,0.6496543831540398,-0.1999999999999886,5.551115123125783e-17,-21.69999999999999
15.578000001609324,-0.3416,-0.0533,1.3804,0.2658,-0.9434,2.6188,0.6158205539024949,2.579999999999984,-0.2999999999999999,-20.93,0.0193,0.0,0.3152,-0.1122,-1.0249,2.9928000000000003,0.6495628290226596,-0.1999999999999886,5.551115123125783e-17,-21.69999999999999
15.59400000050664,-0.3338,-0.0595,1.3926,0.2843,-0.9247,2.6138,0.6139894712748913,2.579999999999984,-0.3999999999999998,-20.93,0.0161,0.0,0.3024,-0.0942,-1.0397,2.9976,0.6488761730373083,-0.1999999999999886,5.551115123125783e-17,-21.69999999999999
15.609000001102686,-0.3261,-0.0609,1.4042000000000001,0.2801,-0.939,2.6206,0.6139894712748913,2.579999999999984,-0.3999999999999998,-20.93,0.0219,0.0,0.3166,-0.1062,-1.0316,3.0062,0.6495628290226596,-0.1999999999999886,5.551115123125783e-17,-21.69999999999999
15.625,-0.3364,-0.0626,1.3972,0.2658,-0.9436,2.6154,0.6139894712748913,2.579999999999984,-0.2999999999999999,-20.93,0.0185,0.0,0.3076,-0.1055,-1.0348,2.998800000000001,0.6495628290226596,-0.1999999999999886,5.551115123125783e-17,-21.799999999999983
15.656000001356006,-0.3399,-0.058,1.3918,0.2702,-0.9387,2.6082,0.6131960021362631,2.579999999999984,-0.3999999999999998,-20.93,0.0253,0.0,0.3014,-0.0875,-1.0192,3.0098,0.6495628290226596,-0.1999999999999886,5.551115123125783e-17,-21.799999999999983
15.67200000025332,-0.3248,-0.054,1.3866000000000003,0.281,-0.9308,2.6082,0.6126619363698788,2.579999999999984,-0.3999999999999998,-20.93,0.0229,0.0,0.3059999999999998,-0.101,-1.037,3.0108,0.6495628290226596,-0.1999999999999886,5.551115123125783e-17,-21.799999999999983
15.687000000849366,-0.339,-0.0498,1.3940000000000001,0.2673,-0.9463,2.616,0.6126619363698788,2.579999999999984,-0.3999999999999998,-20.93,0.0139,0.0,0.3088,-0.1125,-1.0378,3.011000000000001,0.6496696421759365,-0.1999999999999886,0.1,-21.799999999999983
15.71900000050664,-0.3387,-0.0664,1.398,0.2692,-0.9365,2.615,0.611944762340734,2.579999999999984,-0.3999999999999998,-20.93,0.0154,0.0,0.309,-0.0951,-1.0331,3.007,0.6496696421759365,-0.1999999999999886,5.551115123125783e-17,-21.799999999999983
15.734000001102686,-0.3248,-0.0579,1.4016,0.2817,-0.924,2.6124,0.6107240405889983,2.579999999999984,-0.3999999999999998,-20.93,0.0219,0.0,0.3041999999999998,-0.0917,-1.0444,3.002,0.6496696421759365,-0.1999999999999886,5.551115123125783e-17,-21.799999999999983
15.75,-0.3429,-0.0511,1.4056000000000004,0.2593,-0.9467,2.6190000000000007,0.6100984206912338,2.579999999999984,-0.3999999999999998,-20.93,0.0069,0.0,0.3146,-0.0968,-1.0257,3.0014,0.6488761730373083,-0.1999999999999886,5.551115123125783e-17,-21.799999999999983
15.76600000075996,-0.3324,-0.057,1.3963999999999999,0.2707,-0.9393,2.6112,0.6088014038300146,2.579999999999984,-0.3999999999999998,-20.93,0.0134,0.0,0.3098,-0.0853,-1.0284,3.0022,0.6488761730373083,-0.1999999999999886,5.551115123125783e-17,-21.799999999999983
15.781000001356006,-0.3386,-0.0492,1.3987999999999998,0.2734,-0.9394,2.6036,0.6088014038300146,2.579999999999984,-0.3999999999999998,-20.93,0.0304,0.0,0.3104,-0.106,-1.036,3.0116,0.6479911497672999,-0.1999999999999886,5.551115123125783e-17,-21.799999999999983
15.79700000025332,-0.3263,-0.0522,1.3844,0.2644,-0.9365,2.611,0.6088014038300146,2.579999999999984,-0.3999999999999998,-20.93,0.0123,0.0,0.305,-0.0981,-1.039,3.003400000000001,0.647884336614023,-0.1999999999999886,5.551115123125783e-17,-21.799999999999983
15.828000001609324,-0.3271,-0.0507,1.4022,0.274,-0.9407,2.6134,0.6077637903410392,2.579999999999984,-0.3999999999999998,-20.93,0.0168,0.0,0.2999999999999998,-0.0853,-1.0399,3.0053999999999994,0.647884336614023,-0.1999999999999886,5.551115123125783e-17,-21.799999999999983
15.84400000050664,-0.3385,-0.0548,1.3942000000000003,0.2753,-0.937,2.61,0.6075196459906921,2.579999999999984,-0.3999999999999998,-20.93,0.0118,0.0,0.3096,-0.1051,-1.0254,3.0022,0.647884336614023,-0.1999999999999886,0.1,-21.799999999999983
15.859000001102686,-0.3253,-0.0395,1.3920000000000001,0.2597,-0.9374,2.6098,0.6072907606622416,2.579999999999984,-0.3999999999999998,-20.93,0.0221,0.0,0.3112,-0.0881,-1.0404,3.0053999999999994,0.647884336614023,-0.1999999999999886,5.551115123125783e-17,-21.799999999999983
15.89100000075996,-0.3356,-0.0574,1.4029999999999998,0.2718,-0.9361,2.5992,0.6067414358739606,2.579999999999984,-0.3999999999999998,-20.93,0.0171,0.0,0.3088,-0.105,-1.0391,3.0121999999999995,0.6474418249790188,-0.1999999999999886,5.551115123125783e-17,-21.799999999999983
15.906000001356006,-0.3404,-0.0502,1.4032,0.253,-0.9442,2.604000000000001,0.6064820325017167,2.579999999999984,-0.2999999999999999,-20.93,0.0141,0.0,0.313,-0.0947,-1.0243,2.9942000000000006,0.6474418249790188,-0.1999999999999886,0.1,-21.799999999999983
15.92200000025332,-0.3216,-0.0478,1.4058,0.2771,-0.9317,2.6024,0.6052765697718777,2.579999999999984,-0.3999999999999998,-20.93,0.0192,0.0,0.3078,-0.0707,-1.0315,2.9936,0.6467246509498741,-0.1999999999999886,5.551115123125783e-17,-21.799999999999983
15.937000000849366,-0.3366,-0.0566,1.409,0.2725,-0.9377,2.6024,0.6046509498741132,2.579999999999984,-0.3999999999999998,-20.93,0.0254,0.0,0.309,-0.0925,-1.0423,3.0112,0.6460532539864194,-0.1999999999999886,5.551115123125783e-17,-21.799999999999983
15.953000001609324,-0.351,-0.0546,1.4002,0.2589,-0.946,2.6022,0.604559395742733,2.579999999999984,-0.3999999999999998,-20.93,0.0156,0.0,0.317,-0.093,-1.0276,3.0014,0.6460532539864194,-0.1999999999999886,0.1,-21.799999999999983
15.96900000050664,-0.341,-0.0528,1.3998,0.2731,-0.9307,2.605399999999999,0.6044983596551462,2.579999999999984,-0.3999999999999998,-20.93,0.0188,0.0,0.3118,-0.0678,-1.0302,2.997,0.6467246509498741,-0.1999999999999886,5.551115123125783e-17,-21.799999999999983
16.0,-0.3339,-0.0455,1.4034000000000002,0.2699,-0.9402,2.616200000000001,0.6041931792172123,2.579999999999984,-0.3999999999999998,-20.93,0.0347,0.0,0.3134,-0.0943,-1.0343,3.0056,0.6467246509498741,-0.1999999999999886,5.551115123125783e-17,-21.799999999999983
16.01600000075996,-0.3411,-0.0452,1.3932,0.2633,-0.9425,2.6068,0.6029877164873731,2.579999999999984,-0.2999999999999999,-20.93,0.0141,0.0,0.3112,-0.0803,-1.0238,2.9946000000000015,0.6463584344243534,-0.1999999999999886,0.1,-21.799999999999983
16.031000001356006,-0.3492,-0.053,1.3992000000000002,0.2769,-0.9368,2.6084,0.6028046082246128,2.579999999999984,-0.3999999999999998,-20.93,0.0186,0.0,0.3132,-0.0688,-1.036,3.0024,0.6455191882200351,-0.1999999999999886,5.551115123125783e-17,-21.799999999999983
16.062000000849366,-0.3346,-0.0506,1.406,0.2783,-0.9254,2.6116,0.6022095063706416,2.579999999999984,-0.3999999999999998,-20.93,0.0176,0.0,0.3116,-0.0833,-1.0482,3.012,0.6455191882200351,-0.1999999999999886,0.1,-21.799999999999983
16.078000001609325,-0.3394,-0.0452,1.4062000000000001,0.2569,-0.9394,2.6084,0.601736476691844,2.579999999999984,-0.2999999999999999,-20.93,0.0112,0.0,0.3148,-0.0893,-1.0272,3.0006,0.6463584344243534,-0.1999999999999886,0.1,-21.799999999999983
16.09400000050664,-0.3289,-0.0544,1.4088,0.2592,-0.9339,2.6096,0.6015991454947738,2.579999999999984,-0.2999999999999999,-20.93,0.0196,0.0,0.3079999999999998,-0.0836,-1.0288,3.0088000000000004,0.6463584344243534,-0.1999999999999886,5.551115123125783e-17,-21.799999999999983
16.109000001102686,-0.3313,-0.0609,1.3994,0.2802,-0.9292,2.6138,0.6001647974364843,2.579999999999984,-0.3999999999999998,-20.93,0.0316,0.0,0.311,-0.0906,-1.0369,3.003,0.6455191882200351,-0.1999999999999886,5.551115123125783e-17,-21.799999999999983
16.125,-0.3434,-0.0541,1.4034000000000002,0.2523,-0.9467,2.5906,0.6001342793926909,2.579999999999984,-0.2999999999999999,-20.93,0.0253,0.0,0.322,-0.083,-1.0184,2.9924,0.6454123750667582,-0.1999999999999886,0.1,-21.69999999999999
16.14100000075996,-0.3254,-0.0476,1.4100000000000001,0.2688,-0.9426,2.5996,0.5996917677576867,2.579999999999984,-0.3999999999999998,-20.93,0.0209,0.0,0.322,-0.0755,-1.0297,3.003,0.6454123750667582,-0.1999999999999886,5.551115123125783e-17,-21.69999999999999
16.17200000025332,-0.3332,-0.0435,1.407,0.2613,-0.9314,2.6024,0.598776226443885,2.579999999999984,-0.3999999999999998,-20.93,0.0171,0.0,0.3148,-0.0778,-1.0315,3.0084,0.6454123750667582,-0.1999999999999886,5.551115123125783e-17,-21.69999999999999
16.187000000849366,-0.3452,-0.0468,1.3898000000000001,0.2586,-0.9504,2.6016,0.598776226443885,2.579999999999984,-0.2999999999999999,-20.93,0.0258,0.0,0.3164,-0.0751,-1.0224,2.997,0.6444205386434729,-0.1999999999999886,5.551115123125783e-17,-21.69999999999999
16.203000001609325,-0.326,-0.0465,1.4050000000000002,0.2714,-0.9347,2.6026,0.5976928358892195,2.579999999999984,-0.3999999999999998,-20.93,0.0193,0.0,0.3098,-0.0754,-1.0317,3.0032,0.6441306172274357,-0.1999999999999886,5.551115123125783e-17,-21.69999999999999
16.21900000050664,-0.3462,-0.0445,1.4034000000000002,0.2678,-0.9384,2.5988,0.597616540779736,2.579999999999984,-0.2999999999999999,-20.93,0.021,0.0,0.3114,-0.0832,-1.0236,3.0008000000000004,0.6441306172274357,-0.1999999999999886,5.551115123125783e-17,-21.69999999999999
16.25,-0.3441,-0.053,1.4042000000000001,0.2582,-0.9466,2.6038,0.5966247043564508,2.579999999999984,-0.3999999999999998,-20.93,0.0247,0.0,0.3054,-0.0691,-1.0257,3.009,0.6441306172274357,-0.1999999999999886,5.551115123125783e-17,-21.69999999999999
16.26600000075996,-0.3264,-0.0497,1.4112000000000002,0.2782,-0.9304,2.5894,0.5966094453345541,2.579999999999984,-0.3999999999999998,-20.93,0.0248,0.0,0.3059999999999998,-0.0722,-1.0352,3.0098,0.6437796597238117,-0.1999999999999886,5.551115123125783e-17,-21.69999999999999
16.281000001356006,-0.3418,-0.0429,1.4058,0.2549,-0.9335,2.5944,0.5958922713054093,2.579999999999984,-0.2999999999999999,-20.93,0.0173,0.0,0.313,-0.0728,-1.0228,2.9936,0.6433218890669108,-0.1999999999999886,5.551115123125783e-17,-21.69999999999999
16.29700000025332,-0.3319,-0.0387,1.415,0.2698,-0.9306,2.5974,0.5956786449988556,2.579999999999984,-0.3999999999999998,-20.93,0.0195,0.0,0.3124,-0.0639,-1.0373,3.0112,0.6433218890669108,-0.1999999999999886,5.551115123125783e-17,-21.69999999999999
16.312000000849366,-0.347,-0.0526,1.4138,0.2621,-0.9367,2.5942,0.594152742809186,2.579999999999984,-0.2999999999999999,-20.93,0.0319,0.0,0.3144,-0.0755,-1.0407,3.0098,0.6433218890669108,-0.1999999999999886,0.1,-21.799999999999983
16.34400000050664,-0.3417,-0.0419,1.4034000000000002,0.2606,-0.9466,2.5978,0.5938628213931487,2.579999999999984,-0.2999999999999999,-20.93,0.017,0.0,0.3072,-0.0815,-1.0282,3.004,0.6416281376363775,-0.1999999999999886,0.1,-21.799999999999983
16.359000001102686,-0.3324,-0.0415,1.4098,0.2728,-0.9305,2.5916,0.5937865262836652,2.579999999999984,-0.3999999999999998,-20.93,0.0222,0.0,0.3174,-0.0623,-1.0474,3.0024,0.6416281376363775,-0.1999999999999886,5.551115123125783e-17,-21.799999999999983
16.375,-0.3362,-0.0501,1.4126,0.2659,-0.932,2.5918,0.5934203097581445,2.579999999999984,-0.2999999999999999,-20.93,0.0154,0.0,0.3126,-0.0776,-1.032,3.0024,0.6416281376363775,-0.1999999999999886,0.1,-21.799999999999983
16.406000001356006,-0.344,-0.0407,1.3952,0.2507,-0.9499,2.5998,0.5929472800793469,2.579999999999984,-0.2999999999999999,-20.93,0.0175,0.0,0.297,-0.0657,-1.0306,3.0114,0.6416281376363775,-0.1999999999999886,5.551115123125783e-17,-21.799999999999983
16.42200000025332,-0.3364,-0.0415,1.4058,0.2716,-0.9403,2.5918,0.5923826962691692,2.579999999999984,-0.3999999999999998,-20.93,0.0281,0.0,0.3084,-0.0667,-1.0429,3.0076,0.6408346684977493,-0.1999999999999886,5.551115123125783e-17,-21.799999999999983
16.437000000849366,-0.3383,-0.0513,1.4200000000000002,0.2678,-0.922,2.591,0.5923216601815824,2.579999999999984,-0.2999999999999999,-20.93,0.0285,0.0,0.3134,-0.0736,-1.032,2.9984,0.6408346684977493,-0.1999999999999886,0.1,-21.799999999999983
16.453000001609325,-0.3405,-0.0418,1.4085999999999999,0.2561,-0.9355,2.5926,0.5911772335393302,2.579999999999984,-0.2999999999999999,-20.93,0.0258,0.0,0.3166,-0.0672,-1.0305,3.012,0.6416281376363775,-0.1999999999999886,5.551115123125783e-17,-21.799999999999983
16.46900000050664,-0.339,-0.0474,1.4214,0.2702,-0.927,2.5852,0.5907652399481194,2.579999999999984,-0.3999999999999998,-20.93,0.0282,0.0,0.3074,-0.0644,-1.0407,3.0114,0.6419638361181048,-0.1999999999999886,5.551115123125783e-17,-21.799999999999983
16.484000001102686,-0.3419,-0.0342,1.4098,0.2576,-0.9323,2.5932,0.5903990234225986,2.579999999999984,-0.2999999999999999,-20.93,0.0191,0.0,0.3086,-0.078,-1.0159,3.0152,0.6408346684977493,-0.1999999999999886,5.551115123125783e-17,-21.799999999999983
16.51600000075996,-0.3296,-0.0435,1.4056000000000004,0.2686,-0.937,2.5946,0.5900022888532845,2.579999999999984,-0.3999999999999998,-20.93,0.024,0.0,0.303,-0.0651,-1.0389,3.011000000000001,0.6408346684977493,-0.1999999999999886,5.551115123125783e-17,-21.799999999999983
16.531000001356006,-0.3365,-0.0345,1.406,0.2632,-0.9338,2.587800000000001,0.5899412527656978,2.579999999999984,-0.2999999999999999,-20.93,0.0264,0.0,0.3114,-0.0676,-1.0378,3.0036,0.6419638361181048,-0.1999999999999886,5.551115123125783e-17,-21.799999999999983
16.54700000025332,-0.3499,-0.0418,1.3956000000000002,0.2553,-0.9409,2.5972,0.5892393377584497,2.579999999999984,-0.3999999999999998,-20.93,0.0249,0.0,0.3161999999999998,-0.0525,-1.0355,3.002,0.6419638361181048,-0.1999999999999886,5.551115123125783e-17,-21.799999999999983
16.562000000849366,-0.3401,-0.0497,1.4245999999999999,0.2813,-0.9098,2.5874,0.588720531013962,2.579999999999984,-0.3999999999999998,-20.93,0.0262,0.0,0.3127999999999996,-0.0547,-1.0403,3.0152,0.6397207598992904,-0.1999999999999886,5.551115123125783e-17,-21.799999999999983
16.59400000050664,-0.3451,-0.0476,1.4206,0.2765,-0.9155,2.5856,0.5879118028534371,2.579999999999984,-0.2999999999999999,-20.93,0.0146,0.0,0.3114,-0.0721,-1.0318,2.9986,0.6397207598992904,-0.1999999999999886,0.1,-21.799999999999983
16.609000001102686,-0.3351,-0.0484,1.4042000000000001,0.2478,-0.9342,2.5842,0.5876981765468834,2.579999999999984,-0.2999999999999999,-20.93,0.0103,0.0,0.3166,-0.0654,-1.0317,3.006,0.6397207598992904,-0.1999999999999886,5.551115123125783e-17,-21.799999999999983
16.625,-0.3435,-0.0402,1.4236000000000002,0.2648,-0.9259,2.5892,0.5876981765468834,2.579999999999984,-0.3999999999999998,-20.93,0.018,0.0,0.3161999999999998,-0.0642,-1.0378,3.0053999999999994,0.6397665369649805,-0.1999999999999886,5.551115123125783e-17,-21.799999999999983
16.64100000075996,-0.342,-0.0452,1.4146,0.2482,-0.9368,2.5822,0.5871793698023957,2.579999999999984,-0.2999999999999999,-20.93,0.0154,0.0,0.3114,-0.0637,-1.0138,2.9934,0.6391103990234226,-0.1999999999999886,0.1,-21.799999999999983
16.656000001356006,-0.3494,-0.05,1.422,0.2504,-0.9397,2.5936,0.5858976119630732,2.579999999999984,-0.2999999999999999,-20.93,0.0137,0.0,0.3114,-0.059,-1.0442,3.0144,0.6391103990234226,-0.1999999999999886,5.551115123125783e-17,-21.799999999999983
16.687000000849366,-0.3301,-0.0372,1.4121999999999997,0.2685,-0.9239,2.5804,0.5858518348973831,2.579999999999984,-0.3999999999999998,-20.93,0.0204,0.0,0.3178,-0.0676,-1.028,3.0117999999999996,0.6397665369649805,-0.1999999999999886,5.551115123125783e-17,-21.799999999999983
16.703000001609325,-0.349,-0.0384,1.4062000000000001,0.2562,-0.9354,2.593,0.585806057831693,2.579999999999984,-0.2999999999999999,-20.93,0.0201,0.0,0.3184,-0.0582,-1.03,3.0042000000000004,0.6397665369649805,-0.1999999999999886,5.551115123125783e-17,-21.799999999999983
16.71900000050664,-0.3364,-0.0447,1.4054,0.2642,-0.9305,2.5858,0.585806057831693,2.579999999999984,-0.2999999999999999,-20.93,0.0279,0.0,0.313,-0.0565,-1.0364,3.0084,0.6380117494468605,-0.1999999999999886,5.551115123125783e-17,-21.799999999999983
16.734000001102686,-0.3402,-0.0458,1.4146,0.2576,-0.9132,2.5802,0.5856839856565195,2.579999999999984,-0.3999999999999998,-20.93,0.0289,0.0,0.3136,-0.0639,-1.0435,2.9992,0.6380117494468605,-0.1999999999999886,5.551115123125783e-17,-21.799999999999983
16.75,-0.3439,-0.0345,1.4085999999999999,0.2648,-0.9336,2.5856,0.5856839856565195,2.579999999999984,-0.2999999999999999,-20.93,0.0148,0.0,0.3081999999999998,-0.051,-1.0418,3.0014,0.6380117494468605,-0.1999999999999886,5.551115123125783e-17,-21.799999999999983
16.76600000075996,-0.3297,-0.0347,1.418,0.2608,-0.9308,2.5828,0.585104142824445,2.579999999999984,-0.2999999999999999,-20.93,0.028,0.0,0.3201999999999998,-0.0461,-1.0383,3.01,0.6383932249942779,-0.1999999999999886,5.551115123125783e-17,-21.799999999999983
16.79700000025332,-0.3343,-0.0379,1.421,0.2732,-0.9161,2.58,0.5842648966201267,2.579999999999984,-0.3999999999999998,-20.93,0.023,0.0,0.3076,-0.0743,-1.0418,3.0058,0.6380117494468605,-0.1999999999999886,0.1,-21.799999999999983
16.812000000849366,-0.3537,-0.0451,1.4136,0.2556,-0.9378,2.575,0.5839597161821928,2.579999999999984,-0.2999999999999999,-20.93,0.0188,0.0,0.3149999999999996,-0.057,-1.0297,3.0082,0.6374776836804761,-0.1999999999999886,0.1,-21.799999999999983
16.828000001609325,-0.3429,-0.0417,1.4143999999999999,0.2674,-0.9215,2.5746,0.5831815060654613,2.579999999999984,-0.2999999999999999,-20.93,0.022,0.0,0.3174,-0.0465,-1.0434,3.0206,0.6374776836804761,-0.1999999999999886,5.551115123125783e-17,-21.799999999999983
16.859000001102686,-0.3357,-0.0363,1.4288,0.2702,-0.9254,2.577,0.5824185549706264,2.579999999999984,-0.2999999999999999,-20.93,0.028,0.0,0.316,-0.0515,-1.0395,3.0046,0.6383932249942779,-0.1999999999999886,5.551115123125783e-17,-21.799999999999983
16.875,-0.3444,-0.0399,1.4078000000000002,0.2532,-0.929,2.5786,0.5824032959487297,2.579999999999984,-0.2999999999999999,-20.93,0.0216,0.0,0.3267999999999998,-0.0614,-1.0267,2.9982,0.6374776836804761,-0.1999999999999886,5.551115123125783e-17,-21.69999999999999
16.89100000075996,-0.3537,-0.0344,1.4109999999999998,0.2641,-0.933,2.589,0.5819302662699322,2.579999999999984,-0.2999999999999999,-20.93,0.0198,0.0,0.3156,-0.0519,-1.0339,3.014,0.6359517814908064,-0.1999999999999886,5.551115123125783e-17,-21.69999999999999
16.906000001356006,-0.3361,-0.0404,1.4158000000000002,0.2663,-0.913,2.5728,0.5818844892042421,2.579999999999984,-0.3999999999999998,-20.93,0.0232,0.0,0.3092,-0.0663,-1.0443,3.006,0.6359517814908064,-0.1999999999999886,0.1,-21.69999999999999
16.92200000025332,-0.3469,-0.0362,1.4132000000000007,0.2574,-0.929,2.5784,0.5816250858319982,2.579999999999984,-0.2999999999999999,-20.93,0.0209,0.0,0.309,-0.0529,-1.0326,2.9994,0.6365163653009842,-0.1999999999999886,5.551115123125783e-17,-21.69999999999999
16.937000000849366,-0.3448,-0.0278,1.3998,0.2486,-0.9375,2.5716,0.5812283512626841,2.579999999999984,-0.2999999999999999,-20.83,0.0152,0.0,0.3156,-0.0474,-1.0445,3.011000000000001,0.6365163653009842,-0.1999999999999886,5.551115123125783e-17,-21.69999999999999
16.96900000050664,-0.3411,-0.042,1.4088,0.2688,-0.9315,2.581,0.5808468757152667,2.579999999999984,-0.3999999999999998,-20.83,0.0137,0.0,0.3066,-0.0641,-1.0331,3.0016,0.6345632104982071,-0.1999999999999886,5.551115123125783e-17,-21.69999999999999
16.984000001102686,-0.3386,-0.0312,1.422,0.2577,-0.9343,2.5846,0.5802670328831923,2.579999999999984,-0.2999999999999999,-20.83,0.0128,0.0,0.3171999999999996,-0.0545,-1.0239,2.9978,0.6345632104982071,-0.1999999999999886,5.551115123125783e-17,-21.69999999999999
17.0,-0.3573,-0.0371,1.426,0.2525,-0.9262,2.5728,0.5800991836423286,2.579999999999984,-0.2999999999999999,-20.83,0.0194,0.0,0.3174,-0.0351,-1.0185,3.0084,0.6365163653009842,-0.1999999999999886,5.551115123125783e-17,-21.69999999999999
17.031000001356006,-0.3382,-0.0398,1.4136,0.2714,-0.9286,2.5748000000000006,0.579275196459907,2.579999999999984,-0.3999999999999998,-20.93,0.0229,0.0,0.324,-0.0472,-1.0331,3.0132,0.6368825818265049,-0.1999999999999886,5.551115123125783e-17,-21.69999999999999
17.04700000025332,-0.3484,-0.0401,1.4302000000000001,0.2588,-0.924,2.5692,0.5787106126497292,2.579999999999984,-0.2999999999999999,-20.93,0.0173,0.0,0.3166,-0.0719,-1.0266,3.009,0.6374929427023728,-0.1999999999999886,5.551115123125783e-17,-21.69999999999999
17.062000000849366,-0.3537,-0.0267,1.4128,0.253,-0.9317,2.5782,0.5782070649271382,2.579999999999984,-0.2999999999999999,-20.93,0.0304,0.0,0.3241999999999998,-0.0532,-1.0343,3.0132,0.6368825818265049,-0.1999999999999886,5.551115123125783e-17,-21.69999999999999
17.078000001609325,-0.3477,-0.0434,1.4280000000000002,0.27,-0.9251,2.5618,0.577764553292134,2.579999999999984,-0.3999999999999998,-20.93,0.0281,0.0,0.319,-0.0531,-1.0333,3.0018,0.6341206988632029,-0.1999999999999886,5.551115123125783e-17,-21.69999999999999
17.09400000050664,-0.341,-0.0339,1.4200000000000002,0.2514,-0.9206,2.5712,0.5766506446936752,2.579999999999984,-0.2999999999999999,-20.93,0.0155,0.0,0.3164,-0.0545,-1.0225,3.0042000000000004,0.6368825818265049,-0.1999999999999886,5.551115123125783e-17,-21.69999999999999
17.109000001102686,-0.343,-0.0324,1.4168,0.2487,-0.9354,2.5702,0.5764827954528116,2.579999999999984,-0.2999999999999999,-20.93,0.0259,0.0,0.3267999999999998,-0.0327,-1.0352,3.0086,0.6370199130235752,-0.1999999999999886,5.551115123125783e-17,-21.69999999999999
17.14100000075996,-0.3447,-0.0278,1.4231999999999998,0.2524,-0.926,2.5628,0.576009765774014,2.579999999999984,-0.3999999999999998,-20.93,0.0354,0.0,0.322,-0.0506,-1.0382,3.0128,0.6351125352864881,-0.1999999999999886,5.551115123125783e-17,-21.69999999999999
17.156000001356006,-0.3497,-0.032,1.4240000000000002,0.2653,-0.9294,2.575,0.5758876935988404,2.6799999999999926,-0.3999999999999998,-20.93,0.0207,0.0,0.3178,-0.047,-1.0212,3.0138,0.633861295490959,-0.1999999999999886,5.551115123125783e-17,-21.69999999999999
17.17200000025332,-0.346,-0.0416,1.4286,0.2544,-0.9245,2.572,0.5757503624017701,2.6799999999999926,-0.3999999999999998,-20.93,0.0334,0.0,0.319,-0.0328,-1.029,3.0152,0.633861295490959,-0.1999999999999886,5.551115123125783e-17,-21.69999999999999
17.203000001609325,-0.3268,-0.0378,1.4214,0.2725,-0.9183,2.5682,0.5754146639200428,2.6799999999999926,-0.3999999999999998,-20.93,0.0251,0.0,0.3233999999999998,-0.0515,-1.0304,3.0152,0.6351125352864881,-0.1999999999999886,5.551115123125783e-17,-21.69999999999999
17.21900000050664,-0.3543,-0.0407,1.4256,0.2537,-0.9213,2.57,0.5743160143434807,2.579999999999984,-0.3999999999999998,-20.93,0.0206,0.0,0.3298,-0.0439,-1.0268,3.0032,0.6351125352864881,-0.1999999999999886,5.551115123125783e-17,-21.69999999999999
17.234000001102686,-0.351,-0.0209,1.4268000000000007,0.2477,-0.9227,2.563,0.5741176470588236,2.579999999999984,-0.3999999999999998,-20.93,0.0202,0.0,0.3161999999999998,-0.04,-1.0361,3.0146,0.6336324101625086,-0.1999999999999886,5.551115123125783e-17,-21.69999999999999
17.25,-0.3452,-0.0316,1.4273999999999998,0.2526,-0.9266,2.565,0.5740108339055467,2.579999999999984,-0.3999999999999998,-20.93,0.0253,0.0,0.3164,-0.0376,-1.0307,3.0148,0.6332814526588846,-0.1999999999999886,5.551115123125783e-17,-21.69999999999999
17.26600000075996,-0.3428,-0.0336,1.4178000000000004,0.2702,-0.9143,2.5622,0.5726527809567408,2.579999999999984,-0.3999999999999998,-20.93,0.0162,0.0,0.316,-0.0429,-1.0229,3.01,0.6332814526588846,-0.1999999999999886,5.551115123125783e-17,-21.69999999999999
17.281000001356006,-0.3381,-0.0383,1.4314000000000002,0.2595,-0.9186,2.553,0.5722865644312201,2.579999999999984,-0.3999999999999998,-20.93,0.0189,0.0,0.3174,-0.0366,-1.0179,3.0160000000000005,0.6336324101625086,-0.1999999999999886,5.551115123125783e-17,-21.69999999999999
17.312000000849366,-0.3446,-0.0351,1.433,0.2495,-0.924,2.5686000000000004,0.5719203479056993,2.579999999999984,-0.3999999999999998,-20.93,0.0289,0.0,0.3221999999999998,-0.0412,-1.0227,3.0136,0.6336324101625086,-0.1999999999999886,5.551115123125783e-17,-21.69999999999999
17.328000001609325,-0.3399,-0.0182,1.4102,0.2545,-0.9341,2.5652,0.5719203479056993,2.579999999999984,-0.3999999999999998,-20.93,0.0155,0.0,0.3204,-0.0476,-1.0252,3.015,0.6336324101625086,-0.1999999999999886,5.551115123125783e-17,-21.69999999999999
17.34400000050664,-0.3473,-0.0316,1.4318,0.2676,-0.9225,2.5642,0.5719203479056993,2.579999999999984,-0.3999999999999998,-20.93,0.0105,0.0,0.318,-0.0353,-1.0315,3.0134000000000003,0.6346242465857939,-0.1999999999999886,5.551115123125783e-17,-21.69999999999999
17.375,-0.341,-0.0302,1.4165999999999999,0.2528,-0.9274,2.5656,0.5719203479056993,2.579999999999984,-0.3999999999999998,-20.93,0.0218,0.0,0.3312,-0.0491,-1.0173,3.0062,0.6346242465857939,-0.1999999999999886,5.551115123125783e-17,-21.69999999999999
17.39100000075996,-0.3461,-0.0268,1.4192000000000002,0.2571,-0.9225,2.571,0.5718440527962158,2.579999999999984,-0.3999999999999998,-20.93,0.0236,0.0,0.3201999999999998,-0.0298,-1.0134,3.009,0.6346242465857939,-0.1999999999999886,5.551115123125783e-17,-21.69999999999999
17.406000001356006,-0.3373,-0.0236,1.4276,0.2557,-0.9257,2.5598,0.5716762035553521,2.579999999999984,-0.3999999999999998,-20.93,0.0331,0.0,0.3176,-0.0354,-1.0329,3.0222,0.6331288624399176,-0.1999999999999886,5.551115123125783e-17,-21.69999999999999
17.42200000025332,-0.3413,-0.0323,1.4352,0.2646,-0.9129,2.5564000000000004,0.5716151674677653,2.579999999999984,-0.3999999999999998,-20.93,0.0226,0.0,0.3296,-0.0448,-1.0179,3.0053999999999994,0.6331288624399176,-0.1999999999999886,5.551115123125783e-17,-21.69999999999999
17.437000000849366,-0.3621,-0.037,1.425,0.2474,-0.9356,2.5578,0.5701503013656825,2.579999999999984,-0.3999999999999998,-20.93,0.0248,0.0,0.3187999999999998,-0.0243,-1.0071,3.0106,0.6331288624399176,-0.1999999999999886,5.551115123125783e-17,-21.69999999999999
17.453000001609325,-0.3529,-0.0278,1.426,0.2566,-0.9127,2.5626000000000007,0.5701503013656825,2.579999999999984,-0.3999999999999998,-20.93,0.0277,0.0,0.32,-0.037,-1.0322,3.0132,0.63265583276112,-0.1999999999999886,5.551115123125783e-17,-21.69999999999999
17.484000001102686,-0.3485,-0.0331,1.4294000000000002,0.2672,-0.9087,2.554,0.5695246814679179,2.579999999999984,-0.3999999999999998,-20.93,0.0215,0.0,0.3132,-0.0354,-1.0185,3.0024,0.6309620813305867,-0.1999999999999886,0.1,-21.69999999999999
17.5,-0.3464,-0.0281,1.4172000000000002,0.2567,-0.9221,2.5706,0.5693873502708476,2.579999999999984,-0.3999999999999998,-20.93,0.0167,0.0,0.317,-0.0191,-1.026,3.009,0.6309620813305867,-0.1999999999999886,5.551115123125783e-17,-21.69999999999999
17.51600000075996,-0.3531,-0.0227,1.4136,0.2581,-0.9311,2.5546,0.5686396581979095,2.579999999999984,-0.3999999999999998,-20.93,0.0135,0.0,0.3216,-0.0204,-1.0254,3.0134000000000003,0.63265583276112,-0.1999999999999886,5.551115123125783e-17,-21.69999999999999
17.54700000025332,-0.3517,-0.0209,1.4154,0.2622,-0.9137,2.5606,0.5686396581979095,2.579999999999984,-0.3999999999999998,-20.93,0.0128,0.0,0.3174,-0.0368,-1.0189,3.0022,0.6332051575494011,-0.1999999999999886,5.551115123125783e-17,-21.69999999999999
17.562000000849366,-0.3568,-0.0301,1.437,0.2474,-0.9271,2.554,0.5686243991760128,2.579999999999984,-0.3999999999999998,-20.93,0.0215,0.0,0.3283999999999998,-0.0313,-1.0183,3.012,0.63265583276112,-0.1999999999999886,5.551115123125783e-17,-21.69999999999999
17.578000001609325,-0.3634,-0.0335,1.4189999999999998,0.2572,-0.9222,2.561,0.5683192187380789,2.579999999999984,-0.3999999999999998,-20.93,0.0223,0.0,0.319,-0.0263,-1.028,3.0193999999999996,0.6293751430533303,-0.1999999999999886,5.551115123125783e-17,-21.69999999999999
17.59400000050664,-0.3466,-0.0262,1.4272,0.2679,-0.9192,2.55,0.5681666285191119,2.579999999999984,-0.3999999999999998,-20.93,0.0248,0.0,0.328,-0.025,-1.0233,3.0168,0.6293751430533303,-0.1999999999999886,5.551115123125783e-17,-21.69999999999999
17.609000001102686,-0.343,-0.0253,1.4311999999999998,0.2692,-0.8979,2.5514,0.5672663462272068,2.579999999999984,-0.3999999999999998,-20.93,0.015,0.0,0.3292,-0.0283,-1.0123,3.0124,0.6298023956664378,-0.1999999999999886,0.1,-21.69999999999999
17.625,-0.3543,-0.0235,1.4286,0.258,-0.9266,2.5592,0.5664576180666819,2.579999999999984,-0.3999999999999998,-20.93,0.023,0.0,0.3249999999999996,-0.0264,-1.0218,3.0084,0.6298023956664378,-0.1999999999999886,5.551115123125783e-17,-21.69999999999999
17.656000001356006,-0.3538,-0.027,1.4242,0.2449,-0.925,2.5512,0.5664576180666819,2.579999999999984,-0.3999999999999998,-20.93,0.0295,0.0,0.3281999999999998,-0.0305,-1.0277,3.0092,0.6298023956664378,-0.1999999999999886,5.551115123125783e-17,-21.69999999999999
17.67200000025332,-0.34,-0.0227,1.4302000000000001,0.259,-0.9126,2.5544,0.5664576180666819,2.579999999999984,-0.3999999999999998,-20.93,0.027,0.0,0.3241999999999998,-0.0196,-1.0163,3.0088000000000004,0.62923781185626,-0.1999999999999886,5.551115123125783e-17,-21.69999999999999
17.687000000849366,-0.3557,-0.026,1.4231999999999998,0.2538,-0.9174,2.5468,0.5664576180666819,2.579999999999984,-0.3999999999999998,-20.93,0.0158,0.0,0.3267999999999998,-0.0252,-1.0227,3.0168,0.6285664148928054,-0.1999999999999886,5.551115123125783e-17,-21.69999999999999
17.703000001609325,-0.3601,-0.0234,1.4262,0.2464,-0.9219,2.5454,0.5663202868696117,2.579999999999984,-0.3999999999999998,-20.93,0.0264,0.0,0.3246,-0.0254,-1.0295,3.01,0.6298023956664378,-0.1999999999999886,5.551115123125783e-17,-21.69999999999999
17.71900000050664,-0.3532,-0.0224,1.4362000000000001,0.2639,-0.9098,2.552,0.565999847409781,2.579999999999984,-0.3999999999999998,-20.93,0.0205,0.0,0.3101999999999998,-0.0149,-1.0203,3.0098,0.6305806057831693,-0.1999999999999886,5.551115123125783e-17,-21.69999999999999
17.75,-0.3467,-0.0252,1.4414,0.2572,-0.917,2.5488,0.5654962996871901,2.579999999999984,-0.3999999999999998,-20.93,0.0264,0.0,0.3335999999999998,-0.0385,-1.0094,3.0184,0.6305806057831693,-0.1999999999999886,5.551115123125783e-17,-21.69999999999999
17.76600000075996,-0.3589,-0.017,1.4218,0.2543,-0.9159,2.5604000000000005,0.5654962996871901,2.579999999999984,-0.3999999999999998,-20.93,0.0197,0.0,0.3196,-0.0185,-1.0257,3.0160000000000005,0.6296040283817808,-0.1999999999999886,5.551115123125783e-17,-21.69999999999999
17.781000001356006,-0.3513,-0.0261,1.4344000000000001,0.2503,-0.9262,2.5464,0.5653437094682231,2.579999999999984,-0.3999999999999998,-20.93,0.0115,0.0,0.3204,-0.0183,-1.0112,3.012,0.6285664148928054,-0.1999999999999886,5.551115123125783e-17,-21.69999999999999
17.79700000025332,-0.3528,-0.023,1.434,0.2669,-0.9191,2.5528,0.5650537880521859,2.579999999999984,-0.3999999999999998,-20.93,0.0089,0.0,0.322,-0.0371,-1.0165,3.0088000000000004,0.6272693980315861,-0.1999999999999886,5.551115123125783e-17,-21.69999999999999
17.828000001609325,-0.3585,-0.0223,1.4214,0.2585,-0.9178,2.545,0.5649164568551156,2.579999999999984,-0.3999999999999998,-20.93,0.0211,0.0,0.3321999999999998,-0.0243,-1.0116,3.0178,0.6285206378271153,-0.1999999999999886,5.551115123125783e-17,-21.69999999999999
17.84400000050664,-0.36,-0.0222,1.4316000000000002,0.2649,-0.9169,2.5476,0.5646570534828718,2.579999999999984,-0.3999999999999998,-20.93,0.0125,0.0,0.3171999999999996,-0.0291,-1.023,3.0138,0.6285206378271153,-0.1999999999999886,5.551115123125783e-17,-21.69999999999999
17.859000001102686,-0.3503,-0.024,1.4308000000000003,0.2515,-0.9176,2.548,0.5646570534828718,2.579999999999984,-0.3999999999999998,-20.93,0.0204,0.0,0.316,-0.0268,-1.0143,3.0128,0.6285206378271153,-0.1999999999999886,5.551115123125783e-17,-21.69999999999999
17.875,-0.3514,-0.029,1.4352,0.2519,-0.9181,2.545200000000001,0.5646570534828718,2.579999999999984,-0.3999999999999998,-20.93,0.0232,0.0,0.3204,-0.0197,-1.0167,3.0136,0.6285206378271153,-0.1999999999999886,5.551115123125783e-17,-21.69999999999999
17.906000001356006,-0.3433,-0.0337,1.4376000000000007,0.2675,-0.9041,2.5514,0.564290836957351,2.579999999999984,-0.3999999999999998,-20.93,0.0339,0.0,0.331,-0.0162,-1.0065,3.0104,0.6284290836957351,-0.1999999999999886,5.551115123125783e-17,-21.69999999999999
17.906000001356006,-0.3507,-0.0138,1.4314000000000002,0.2555,-0.9179,2.5478,0.5641535057602808,2.579999999999984,-0.3999999999999998,-20.93,0.0091,0.0,0.3249999999999996,-0.0277,-1.0116,3.0175999999999994,0.6285206378271153,-0.1999999999999886,5.551115123125783e-17,-21.69999999999999
17.937000000849366,-0.3591,-0.024,1.423,0.2592,-0.9229,2.5478,0.564290836957351,2.579999999999984,-0.3999999999999998,-20.93,0.0228,0.0,0.3221999999999998,-0.0208,-1.0107,3.0026,0.6285206378271153,-0.1999999999999886,5.551115123125783e-17,-21.69999999999999
17.953000001609325,-0.3568,-0.0227,1.4224000000000003,0.2592,-0.9143,2.5456,0.5643976501106279,2.579999999999984,-0.3999999999999998,-20.93,0.0204,0.0,0.3158,-0.0255,-1.0141,3.0078,0.6285816739147021,-0.1999999999999886,5.551115123125783e-17,-21.69999999999999
17.96900000050664,-0.3492,-0.0239,1.4311999999999998,0.2627,-0.9163,2.5426,0.5643976501106279,2.579999999999984,-0.3999999999999998,-20.93,0.0176,0.0,0.3263999999999998,-0.0196,-1.0173,3.0258,0.6285816739147021,-0.0999999999999801,5.551115123125783e-17,-21.69999999999999
18.0,-0.3483,-0.0301,1.433,0.2607,-0.9174,2.5412000000000003,0.5643976501106279,2.579999999999984,-0.3999999999999998,-20.93,0.0177,0.0,0.3243999999999998,-0.0235,-1.0298,3.0112,0.6285816739147021,-0.0999999999999801,5.551115123125783e-17,-21.69999999999999
18.01600000075996,-0.3546,-0.0191,1.418,0.2666,-0.9095,2.536,0.5641535057602808,2.579999999999984,-0.3999999999999998,-20.93,0.0222,0.0,0.3286,-0.0135,-1.0103,3.0124,0.6285816739147021,-0.0999999999999801,5.551115123125783e-17,-21.69999999999999
18.03100000135601,-0.3541,-0.0218,1.4182,0.2694,-0.9116,2.538,0.564290836957351,2.579999999999984,-0.3999999999999998,-20.93,0.0139,0.0,0.326,-0.0212,-1.0149,3.0071999999999997,0.6291004806591898,-0.0999999999999801,5.551115123125783e-17,-21.69999999999999
18.04700000025332,-0.3507,-0.0162,1.4138,0.2659,-0.9258,2.548,0.5643976501106279,2.579999999999984,-0.3999999999999998,-20.93,0.0126,0.0,0.3216,-0.0267,-1.0148,3.0124,0.629390402075227,-0.0999999999999801,5.551115123125783e-17,-21.69999999999999
18.06200000084937,-0.3562,-0.0209,1.4242,0.2675,-0.9152,2.556,0.5643976501106279,2.579999999999984,-0.3999999999999998,-20.93,0.0165,0.0,0.321,-0.0196,-1.0142,3.0044,0.6294209201190204,-0.0999999999999801,5.551115123125783e-17,-21.69999999999999
18.078000001609325,-0.3553,-0.0242,1.4334,0.2521,-0.9119,2.5396,0.5643976501106279,2.579999999999984,-0.3999999999999998,-20.93,0.0193,0.0,0.322,-0.0216,-1.0139,3.0053999999999994,0.6294209201190204,-0.1999999999999886,5.551115123125783e-17,-21.69999999999999
18.10900000110269,-0.357,-0.0211,1.4252,0.2605,-0.9073,2.5374,0.5644586861982147,2.579999999999984,-0.3999999999999998,-20.93,0.0226,0.0,0.3308,-0.0165,-1.0138,3.0024,0.6294209201190204,-0.1999999999999886,5.551115123125783e-17,-21.69999999999999
18.125,-0.3498,-0.0196,1.4192000000000002,0.2527,-0.9118,2.5386,0.5644586861982147,2.579999999999984,-0.3999999999999998,-20.93,0.0174,0.0,0.3187999999999998,-0.0221,-1.0122,3.0106,0.6294209201190204,-0.1999999999999886,5.551115123125783e-17,-21.69999999999999
18.14100000075996,-0.3536,-0.0351,1.4096,0.2577,-0.9063,2.5394,0.5644892042420081,2.579999999999984,-0.3999999999999998,-20.93,0.0093,0.0,0.3216,-0.0141,-1.0192,3.0148,0.6299855039291982,-0.1999999999999886,5.551115123125783e-17,-21.69999999999999
18.17200000025332,-0.3623,-0.0225,1.4178000000000004,0.2624,-0.9128,2.54,0.5644892042420081,2.579999999999984,-0.3999999999999998,-20.93,0.0093,0.0,0.3237999999999998,-0.0211,-1.0229,3.0174,0.6300160219729916,-0.1999999999999886,5.551115123125783e-17,-21.69999999999999
18.18700000084937,-0.3561,-0.0287,1.4123999999999999,0.2643,-0.9127,2.5282,0.5644892042420081,2.579999999999984,-0.3999999999999998,-20.93,0.0192,0.0,0.327,-0.024,-1.0102,3.0086,0.6302296482795453,-0.1999999999999886,5.551115123125783e-17,-21.69999999999999
18.203000001609325,-0.3533,-0.019,1.4092,0.252,-0.9047,2.5368,0.5644892042420081,2.579999999999984,-0.3999999999999998,-20.93,0.0153,0.0,0.3186,-0.0232,-1.0092,3.0160000000000005,0.6303212024109255,-0.1999999999999886,5.551115123125783e-17,-21.69999999999999
18.21900000050664,-0.3588,-0.0244,1.4176,0.262,-0.9114,2.5388,0.5644892042420081,2.579999999999984,-0.3999999999999998,-20.93,0.0146,0.0,0.3346,-0.0228,-1.0055,3.0036,0.6304585336079958,-0.1999999999999886,5.551115123125783e-17,-21.69999999999999
18.23400000110269,-0.3603,-0.0167,1.4224000000000003,0.2602,-0.9099,2.5306,0.5644892042420081,2.579999999999984,-0.3999999999999998,-20.93,0.0119,0.0,0.3308,-0.0162,-1.014,3.0136,0.6304585336079958,-0.1999999999999886,5.551115123125783e-17,-21.69999999999999
18.25,-0.358,-0.0325,1.4176,0.2707,-0.9008,2.5328,0.5645654993514916,2.579999999999984,-0.3999999999999998,-20.93,0.0158,0.0,0.3226,-0.0269,-1.0236,3.0071999999999997,0.6304585336079958,-0.1999999999999886,5.551115123125783e-17,-21.69999999999999
18.28100000135601,-0.3642,-0.0247,1.4214,0.2629,-0.9179,2.537,0.564596017395285,2.579999999999984,-0.3999999999999998,-20.93,0.0174,0.0,0.3226,-0.0241,-1.0142,3.0106,0.6304585336079958,-0.1999999999999886,5.551115123125783e-17,-21.69999999999999
18.29700000025332,-0.3579,-0.0195,1.4043999999999999,0.2644,-0.9081,2.533000000000001,0.5647028305485619,2.579999999999984,-0.3999999999999998,-20.93,0.0116,0.0,0.3154,-0.0227,-1.0224,3.0121999999999995,0.6307331960021363,-0.1999999999999886,5.551115123125783e-17,-21.69999999999999
18.31200000084937,-0.37,-0.0251,1.4189999999999998,0.267,-0.913,2.5362,0.5647028305485619,2.579999999999984,-0.3999999999999998,-20.93,0.0159,0.0,0.328,-0.0284,-1.0141,3.0162,0.6308857862211033,-0.1999999999999886,5.551115123125783e-17,-21.69999999999999
18.34400000050664,-0.3619,-0.0269,1.4202000000000001,0.2666,-0.9145,2.5344000000000007,0.5647180895704585,2.579999999999984,-0.3999999999999998,-20.93,0.0174,0.0,0.3206,-0.0286,-1.0111,3.0074,0.6310078583962768,-0.1999999999999886,5.551115123125783e-17,-21.69999999999999
18.35900000110269,-0.3585,-0.0181,1.4088,0.2644,-0.9117,2.5284,0.5647180895704585,2.579999999999984,-0.3999999999999998,-20.93,0.0134,0.0,0.3271999999999996,-0.0274,-1.0122,3.0160000000000005,0.6310078583962768,-0.1999999999999886,5.551115123125783e-17,-21.69999999999999
18.375,-0.3638,-0.0221,1.4151999999999998,0.2659,-0.8992,2.5344000000000007,0.5647180895704585,2.579999999999984,-0.3999999999999998,-20.93,0.0121,0.0,0.3277999999999998,-0.0217,-1.0121,3.0168,0.6312062256809339,-0.1999999999999886,5.551115123125783e-17,-21.69999999999999
18.39100000075996,-0.3598,-0.0252,1.4092,0.2631,-0.911,2.5248,0.5647180895704585,2.579999999999984,-0.3999999999999998,-20.93,0.0112,0.0,0.331,-0.0153,-1.0211,3.0064000000000006,0.6312672617685207,-0.1999999999999886,5.551115123125783e-17,-21.69999999999999
18.40600000135601,-0.3647,-0.025,1.4178000000000004,0.2688,-0.9076,2.5326,0.5647638666361486,2.579999999999984,-0.3999999999999998,-20.93,0.0136,0.0,0.3237999999999998,-0.0157,-1.0038,3.0052,0.6312672617685207,-0.1999999999999886,5.551115123125783e-17,-21.69999999999999
18.42200000025332,-0.3493,-0.0126,1.4108,0.2611,-0.9017,2.5348,0.5648859388113222,2.579999999999984,-0.3999999999999998,-20.93,0.0015,0.0,0.327,-0.0161,-1.0069,3.004,0.6313893339436942,-0.1999999999999886,5.551115123125783e-17,-21.69999999999999
18.453000001609325,-0.3615,-0.0199,1.4142000000000001,0.2636,-0.9097,2.5292,0.5648859388113222,2.579999999999984,-0.3999999999999998,-20.93,0.0065,0.0,0.322,-0.0146,-0.9977,3.0078,0.6315877012283513,-0.1999999999999886,5.551115123125783e-17,-21.69999999999999
18.46900000050664,-0.3724,-0.0228,1.4151999999999998,0.2519,-0.9114,2.5258,0.5649011978332189,2.579999999999984,-0.3999999999999998,-20.93,0.0177,0.0,0.3283999999999998,-0.0207,-1.0038,3.0098,0.631602960250248,-0.1999999999999886,5.551115123125783e-17,-21.69999999999999
18.48400000110269,-0.36,-0.0196,1.4096,0.2682,-0.8985,2.5248,0.5649011978332189,2.579999999999984,-0.3999999999999998,-20.93,0.0126,0.0,0.3253999999999998,-0.0248,-0.9968,3.0126000000000004,0.6316792553597315,-0.1999999999999886,5.551115123125783e-17,-21.69999999999999
18.51600000075996,-0.3491,-0.0269,1.4098,0.2647,-0.9095,2.5326,0.5649164568551156,2.579999999999984,-0.3999999999999998,-20.93,0.0083,0.0,0.3266,-0.018,-1.0108,3.0058,0.6318165865568017,-0.1999999999999886,5.551115123125783e-17,-21.69999999999999
18.53100000135601,-0.3614,-0.0238,1.4212,0.2594,-0.9071,2.5264,0.5649164568551156,2.579999999999984,-0.3999999999999998,-20.93,0.0105,0.0,0.318,-0.0194,-1.0009,3.0108,0.6320759899290456,-0.1999999999999886,5.551115123125783e-17,-21.69999999999999
18.54700000025332,-0.3595,-0.0226,1.4096,0.2719,-0.8939,2.527,0.5649622339208057,2.579999999999984,-0.3999999999999998,-20.93,0.0108,0.0,0.3314,-0.0113,-0.9975,3.0188,0.6320759899290456,-0.1999999999999886,5.551115123125783e-17,-21.69999999999999
18.56200000084937,-0.3599,-0.0238,1.4037999999999997,0.253,-0.9169,2.5246,0.5649622339208057,2.579999999999984,-0.3999999999999998,-20.93,0.014,0.0,0.3287999999999998,-0.021,-1.0043,3.0096,0.6321675440604257,-0.1999999999999886,5.551115123125783e-17,-21.69999999999999
18.578000001609325,-0.359,-0.0272,1.4050000000000002,0.261,-0.9006,2.5244,0.5649622339208057,2.579999999999984,-0.3999999999999998,-20.93,0.0043,0.0,0.3318,-0.0207,-1.0176,3.014,0.6321828030823224,-0.1999999999999886,5.551115123125783e-17,-21.69999999999999
18.59400000050664,-0.3715,-0.0284,1.4156000000000002,0.2731,-0.8892,2.5304,0.5650080109864958,2.579999999999984,-0.3999999999999998,-20.93,0.0113,0.0,0.3293999999999998,-0.0211,-1.0064,3.0134000000000003,0.6322896162355993,-0.1999999999999886,5.551115123125783e-17,-21.69999999999999
18.625,-0.3685,-0.0315,1.4098,0.277,-0.8885,2.5226,0.5650385290302892,2.579999999999984,-0.3999999999999998,-20.93,0.0159,0.0,0.3386,-0.0148,-1.0131,3.0106,0.6324422064545663,-0.1999999999999886,5.551115123125783e-17,-21.69999999999999
18.64100000075996,-0.371,-0.0261,1.4104,0.269,-0.8968,2.5174,0.5651300831616693,2.579999999999984,-0.3999999999999998,-20.93,0.012,0.0,0.3287999999999998,-0.0221,-1.0061,3.0218,0.6324727244983597,-0.1999999999999886,5.551115123125783e-17,-21.69999999999999
18.65600000135601,-0.3579,-0.0198,1.4018,0.2648,-0.9115,2.522,0.565145342183566,2.579999999999984,-0.3999999999999998,-20.93,0.0059,0.0,0.3306,-0.0234,-1.0039,3.014,0.6325490196078432,-0.1999999999999886,5.551115123125783e-17,-21.69999999999999
18.68700000084937,-0.3512,-0.0222,1.4037999999999997,0.2677,-0.8997,2.5194,0.565145342183566,2.579999999999984,-0.3999999999999998,-20.93,0.0039,0.0,0.3267999999999998,-0.0181,-1.0041,3.0117999999999996,0.6325642786297399,-0.1999999999999886,5.551115123125783e-17,-21.69999999999999
18.703000001609325,-0.3729,-0.0358,1.4234000000000002,0.2664,-0.9115,2.5166,0.565145342183566,2.579999999999984,-0.3999999999999998,-20.93,0.0059,0.0,0.33,-0.0098,-1.0013,3.0152,0.6329762722209507,-0.1999999999999886,5.551115123125783e-17,-21.69999999999999
18.71900000050664,-0.3591,-0.0341,1.413,0.2713,-0.8928,2.5262,0.5651606012054627,2.579999999999984,-0.3999999999999998,-20.93,0.0,0.0,0.3249999999999996,0.0,-1.0039,3.0062,0.6330525673304341,-0.1999999999999886,5.551115123125783e-17,-21.69999999999999
18.73400000110269,-0.3643,-0.0264,1.4165999999999999,0.2622,-0.9076,2.5218,0.5652063782711528,2.579999999999984,-0.3999999999999998,-20.93,0.006,0.0,0.3243999999999998,-0.0064,-1.0073,3.0058,0.6330983443961242,-0.1999999999999886,5.551115123125783e-17,-21.69999999999999
18.75,-0.3631,-0.0301,1.4121999999999997,0.2707,-0.9053,2.513199999999999,0.5652216372930495,2.579999999999984,-0.3999999999999998,-20.93,0.0095,0.0,0.3283999999999998,-0.0147,-1.0123,3.0130000000000003,0.6331746395056077,-0.1999999999999886,5.551115123125783e-17,-21.69999999999999
18.76600000075996,-0.3676,-0.0296,1.3936,0.2665,-0.907,2.5226,0.5653131914244297,2.579999999999984,-0.3999999999999998,-20.93,0.0043,0.0,0.3293999999999998,-0.0089,-1.0134,3.0032,0.6332814526588846,-0.1999999999999886,5.551115123125783e-17,-21.69999999999999
18.79700000025332,-0.3593,-0.0196,1.4121999999999997,0.2573,-0.9124,2.518,0.5653284504463264,2.579999999999984,-0.3999999999999998,-20.93,0.0209,0.0,0.3326,-0.0096,-0.9891,3.0079999999999996,0.6334035248340582,-0.1999999999999886,5.551115123125783e-17,-21.69999999999999
18.81200000084937,-0.3675,-0.0342,1.4036000000000002,0.2687,-0.8961,2.520800000000001,0.5653284504463264,2.579999999999984,-0.3999999999999998,-20.93,0.0065,0.0,0.3366,-0.019,-1.0069,3.0092,0.6334493018997482,-0.1999999999999886,5.551115123125783e-17,-21.69999999999999
18.828000001609325,-0.3677,-0.0364,1.4184,0.266,-0.8969,2.520800000000001,0.5653284504463264,2.579999999999984,-0.3999999999999998,-20.93,0.0047,0.0,0.3281999999999998,-0.0213,-1.0122,3.012,0.6335408560311284,-0.1999999999999886,5.551115123125783e-17,-21.69999999999999
18.84400000050664,-0.36,-0.0277,1.3962,0.2661,-0.9042,2.5264,0.5653284504463264,2.579999999999984,-0.3999999999999998,-20.93,0.0107,0.0,0.3321999999999998,-0.0114,-0.9972,3.0028,0.6336324101625086,-0.1999999999999886,5.551115123125783e-17,-21.69999999999999
18.85900000110269,-0.3601,-0.0297,1.391,0.2585,-0.9002,2.5142,0.5653284504463264,2.6799999999999926,-0.3999999999999998,-20.93,0.0113,0.0,0.3389999999999998,-0.0032,-1.0043,3.004800000000001,0.6339833676661326,-0.1999999999999886,5.551115123125783e-17,-21.69999999999999
18.90600000135601,-0.3486,-0.0177,1.4006,0.2619,-0.9135,2.5154,0.5654200045777066,2.6799999999999926,-0.3999999999999998,-21.03,0.0164,0.0,0.3204,-0.018,-1.0004,3.0186000000000006,0.6341206988632029,-0.1999999999999886,5.551115123125783e-17,-21.69999999999999
18.92200000025332,-0.3643,-0.0247,1.4118000000000002,0.2659,-0.9016,2.517,0.5654505226215,2.6799999999999926,-0.3999999999999998,-21.03,0.001,0.0,0.3332,-0.0166,-0.9929,3.0053999999999994,0.6341969939726864,-0.1999999999999886,5.551115123125783e-17,-21.69999999999999
18.93700000084937,-0.3709,-0.0303,1.4198000000000002,0.2779,-0.9,2.516,0.5654657816433967,2.6799999999999926,-0.3999999999999998,-21.03,0.0,0.0,0.3178,-0.0008,-0.9883,2.999,0.6342885481040665,-0.1999999999999886,5.551115123125783e-17,-21.69999999999999
18.96900000050664,-0.3637,-0.0275,1.404,0.2651,-0.8994,2.5102,0.5654505226215,2.6799999999999926,-0.3999999999999998,-21.03,0.0136,0.0,0.3323999999999998,-0.0064,-0.9965,3.0142,0.6342885481040665,-0.1999999999999886,5.551115123125783e-17,-21.69999999999999
18.98400000110269,-0.3311,-0.0332,1.3297999999999999,0.2293,-0.8637,2.3936,0.5654505226215,2.579999999999984,-0.3999999999999998,-21.03,0.0065,0.0,0.3241999999999998,0.0,-0.9242,2.91,0.6343495841916533,-0.1999999999999886,5.551115123125783e-17,-21.69999999999999
19.0,-0.2369,-0.0111,1.1322,0.1684,-0.7689,2.1068,0.5654810406652934,2.4799999999999898,-0.3999999999999998,-21.03,0.0,0.0,0.3024,0.0,-0.822,2.697000000000001,0.6343495841916533,-0.1999999999999886,5.551115123125783e-17,-21.69999999999999
19.01600000075996,-0.1944,0.0,0.9442,0.1152,-0.6294,1.7009999999999998,0.5654810406652934,2.1799999999999926,-0.2999999999999999,-21.03,0.001,0.0,0.2961999999999998,0.0,-0.6929,2.455,0.6343495841916533,-0.2999999999999829,5.551115123125783e-17,-21.69999999999999
19.03100000135601,-0.1867,0.0,0.7862,0.0399,-0.51,1.3662,0.5654810406652934,1.779999999999987,-0.2999999999999999,-21.03,0.0054,0.0,0.2768,0.0,-0.5967,2.1934,0.584956130312047,-0.2999999999999829,5.551115123125783e-17,-21.69999999999999
19.04700000025332,-0.1823,0.0,0.6831999999999998,0.0,-0.4484,1.2006,0.5654810406652934,1.3799999999999957,-0.1999999999999998,-21.03,0.0,0.0,0.2432,0.0,-0.5133,1.9168,0.4831174181734951,-0.1999999999999886,5.551115123125783e-17,-21.69999999999999
19.06200000084937,-0.1684,0.0,0.6054,0.0,-0.3923,1.0830000000000002,0.5710048065918975,1.079999999999984,-0.1999999999999998,-21.03,0.0,0.0,0.2039999999999996,0.0,-0.4256,1.5978,0.4524925612268253,-0.1999999999999886,5.551115123125783e-17,-21.69999999999999
19.09400000050664,-0.1543,0.0,0.5532,0.0,-0.3441,1.0018,0.5710048065918975,0.8799999999999955,-0.1999999999999998,-21.03,0.0,0.0,0.1225999999999996,0.0,-0.3974,1.4143999999999999,0.4124834058136873,-0.1999999999999886,5.551115123125783e-17,-21.69999999999999
19.10900000110269,-0.1322,0.0,0.4951999999999998,0.0,-0.3154,0.9448,0.5710048065918975,0.6799999999999926,-0.1999999999999998,-21.03,0.0,0.0,0.0906,0.0,-0.3696,1.3036,0.3873517967498283,-0.1999999999999886,5.551115123125783e-17,-21.69999999999999
19.125,-0.1185,0.0,0.4536,0.0,-0.2792,0.8678,0.5681971465629053,0.4799999999999897,-0.0999999999999998,-21.03,0.0,0.0,0.0759999999999998,0.0,-0.3251,1.2209999999999999,0.3447333485923552,-0.1999999999999886,5.551115123125783e-17,-21.69999999999999
19.14100000075996,-0.099,0.0,0.4026,0.0,-0.2828,0.7226,0.3604150453955901,0.2799999999999869,-0.0999999999999998,-21.03,0.0,0.0,0.0711999999999996,0.0,-0.2732,1.0512,0.2561699855039291,-0.1999999999999886,5.551115123125783e-17,-21.69999999999999
19.15600000135601,-0.0726,0.0,0.3369999999999998,0.0,-0.2514,0.6603999999999998,0.2767498283360036,0.1799999999999926,-0.0999999999999998,-21.03,0.0,0.0,0.0587999999999996,0.0,-0.2389,0.9346,0.238835736629282,-0.1999999999999886,5.551115123125783e-17,-21.69999999999999
19.17200000025332,-0.061,0.0,0.2961999999999998,0.0,-0.2401,0.5861999999999998,0.2145387960631723,0.079999999999984,-0.0999999999999998,-21.03,0.0,0.0,0.0122,0.0,-0.2158,0.8346,0.2156267643244068,-0.1999999999999886,5.551115123125783e-17,-21.69999999999999
19.18700000084937,-0.03,0.0,0.2674,0.0,-0.2093,0.5374,0.1655420767528801,-0.0200000000000102,-0.0999999999999998,-21.03,0.0,0.0,0.0,0.0,-0.1945,0.763,0.1614877546349279,-0.0999999999999801,5.551115123125783e-17,-21.69999999999999
19.203000001609325,-0.036,0.0,0.2221999999999998,0.0,-0.1966,0.4884,0.1392355230029755,-0.0200000000000102,-0.0999999999999998,-21.03,0.0,0.0,0.0,0.0,-0.1812,0.7014,0.1407202258335241,-0.0999999999999801,5.551115123125783e-17,-21.69999999999999
19.23400000110269,-0.0106,0.0,0.1978,0.0,-0.1834,0.4465999999999998,0.1388235294117647,-0.1200000000000045,-0.0999999999999998,-21.03,0.0,0.0,0.0,0.0,-0.1635,0.6318,0.1260868238345922,-0.0999999999999801,5.551115123125783e-17,-21.69999999999999
19.25,-0.0166,0.0,0.1876,0.0,-0.1786,0.4066,0.1358937972075989,-0.1200000000000045,-0.0999999999999998,-21.03,0.0,0.0,0.0,0.0,-0.1433,0.5766,0.1241947051194018,-0.0999999999999801,5.551115123125783e-17,-21.69999999999999
19.26600000075996,0.0,0.0,0.1539999999999996,0.0,-0.1741,0.3774,0.1342153047989623,-0.220000000000013,-0.0999999999999998,-21.03,0.0,0.0,0.0,0.0,-0.1367,0.5407999999999998,0.1223178454261081,-0.0999999999999801,5.551115123125783e-17,-21.69999999999999
19.28100000135601,0.0,0.0,0.1426,0.0,-0.1508,0.3434,0.1327199206530861,-0.220000000000013,-0.0999999999999998,-21.03,0.0,0.0,0.0,0.0,-0.1285,0.4987999999999998,0.1221499961852445,-0.0999999999999801,5.551115123125783e-17,-21.69999999999999
19.31200000084937,0.0,0.0,0.1333999999999996,0.0,-0.1471,0.3138,0.1311024643320363,-0.220000000000013,-0.0999999999999998,-21.03,0.0,0.0,0.0,0.0,-0.1009,0.4564,0.1132845044632638,-0.0999999999999801,5.551115123125783e-17,-21.69999999999999
19.328000001609325,0.0,0.0,0.1042,0.0,-0.1331,0.2944,0.1302327000839246,-0.3200000000000074,1.1102230246251563e-16,-21.03,0.0,0.0,0.0,0.0,-0.0842,0.4268,0.1124910353246356,-0.0999999999999801,5.551115123125783e-17,-21.69999999999999
19.34400000050664,0.0,0.0,0.0853999999999998,0.0,-0.1264,0.2666,0.1298207064927138,-0.3200000000000074,1.1102230246251563e-16,-21.03,0.0,0.0,0.0,0.0,-0.0881,0.3988,0.1095918211642633,-0.0999999999999801,5.551115123125783e-17,-21.69999999999999
19.35900000110269,0.0,0.0,0.0734,0.0,-0.1328,0.2422,0.1291493095292591,-0.3200000000000074,1.1102230246251563e-16,-21.03,0.0,0.0,0.0,0.0,-0.0778,0.3608,0.1067383840695811,-0.0999999999999801,5.551115123125783e-17,-21.799999999999983
19.375,0.0,0.0,0.0551999999999996,0.0,-0.1136,0.2319999999999998,0.1285694666971847,-0.3200000000000074,1.1102230246251563e-16,-21.03,0.0,0.0,0.0,0.0,-0.0615,0.3377999999999998,0.103427176317998,-0.0999999999999801,5.551115123125783e-17,-21.799999999999983
19.39100000075996,0.0,0.0,0.0485999999999996,0.0,-0.1052,0.211,0.1280811779964904,-0.3200000000000074,1.1102230246251563e-16,-21.03,0.0,0.0,0.0,0.0,-0.0529,0.3158,0.1001922636758983,-0.0999999999999801,5.551115123125783e-17,-21.799999999999983
19.40600000135601,0.0,0.0,0.0396,0.0,-0.1025,0.1929999999999996,0.1274860761425192,-0.3200000000000074,1.1102230246251563e-16,-21.03,0.0,0.0,0.0,0.0,-0.042,0.2899999999999998,0.0982085908293278,-0.0999999999999801,5.551115123125783e-17,-21.799999999999983
19.43700000084937,0.0,0.0,0.0249999999999998,0.0,-0.0968,0.1769999999999998,0.1269520103761348,-0.3200000000000074,1.1102230246251563e-16,-21.03,0.0,0.0,0.0,0.0,-0.04,0.2692,0.0967284657053482,-0.0999999999999801,5.551115123125783e-17,-21.799999999999983
19.453000001609325,0.0,0.0,0.0253999999999998,0.0,-0.0884,0.1661999999999996,0.1265857938506141,-0.3200000000000074,1.1102230246251563e-16,-21.03,0.0,0.0,0.0,0.0,-0.0356,0.2453999999999998,0.0956908522163729,-0.0999999999999801,5.551115123125783e-17,-21.799999999999983
19.46900000050664,0.0,0.0,0.0198,0.0,-0.0966,0.1371999999999996,0.1262653543907835,-0.3200000000000074,1.1102230246251563e-16,-21.03,0.0,0.0,0.0,0.0,-0.0314,0.2313999999999998,0.0946684977492942,1.4210854715202004e-14,5.551115123125783e-17,-21.799999999999983
19.48400000110269,0.0,0.0,0.0024,0.0,-0.0824,0.128,0.1258686198214694,-0.3200000000000074,1.1102230246251563e-16,-21.03,0.0,0.0,0.0,0.0,-0.0306,0.2171999999999998,0.0939055466544594,-0.0999999999999801,5.551115123125783e-17,-21.799999999999983
19.5,0.0,0.0,0.0,0.0,-0.0779,0.1144,0.1257007705806057,-0.3200000000000074,1.1102230246251563e-16,-21.03,0.0,0.0,0.0,0.0,-0.0187,0.2035999999999996,0.0930663004501411,1.4210854715202004e-14,5.551115123125783e-17,-21.799999999999983
19.51600000075996,0.0,0.0,0.0,0.0,-0.0729,0.1074,0.1254718852521553,-0.3200000000000074,1.1102230246251563e-16,-21.03,0.0,0.0,0.0,0.0,-0.0023,0.1817999999999996,0.0924101625085832,-0.0999999999999801,5.551115123125783e-17,-21.799999999999983
19.53100000135601,0.0,0.0,0.0,0.0,-0.0771,0.0977999999999996,0.1251972228580148,-0.3200000000000074,1.1102230246251563e-16,-21.03,0.0,0.0,0.0,0.0,-0.0109,0.161,0.0919066147859922,1.4210854715202004e-14,5.551115123125783e-17,-21.799999999999983
19.56200000084937,0.0,0.0,0.0,0.0,-0.0693,0.0875999999999996,0.1250141145952544,-0.3200000000000074,1.1102230246251563e-16,-21.03,0.0,0.0,0.0,0.0,0.0,0.1504,0.091311512932021,1.4210854715202004e-14,5.551115123125783e-17,-21.799999999999983
19.578000001609325,0.0,0.0,0.0,0.0,-0.0627,0.0682,0.1245868619821469,-0.220000000000013,1.1102230246251563e-16,-21.03,0.0,0.0,0.0,0.0,0.0,0.13,0.0909300373846036,1.4210854715202004e-14,5.551115123125783e-17,-21.799999999999983
19.59400000050664,0.0,0.0,0.0,0.0,-0.056,0.0509999999999996,0.1245868619821469,-0.220000000000013,1.1102230246251563e-16,-21.03,0.0,0.0,0.0,0.0,0.0,0.1323999999999996,0.0906401159685664,0.1000000000000227,5.551115123125783e-17,-21.799999999999983
19.60900000110269,0.0,0.0,0.0,0.0,-0.0545,0.043,0.1245868619821469,-0.220000000000013,1.1102230246251563e-16,-21.03,0.0,0.0,0.0,0.0,0.0,0.123,0.0906401159685664,0.1000000000000227,5.551115123125783e-17,-21.799999999999983
19.625,0.0,0.0,0.0,0.0,-0.0511,0.0347999999999998,0.1245868619821469,-0.220000000000013,1.1102230246251563e-16,-21.03,0.0,0.0,0.0,0.0,0.0,0.1089999999999996,0.0905333028152895,0.1000000000000227,5.551115123125783e-17,-21.799999999999983
19.64100000075996,0.0,0.0,0.0,0.0,-0.044,0.0315999999999998,0.1245868619821469,-0.220000000000013,1.1102230246251563e-16,-21.03,0.0,0.0,0.0,0.0,0.0,0.093,0.0905333028152895,0.1000000000000227,5.551115123125783e-17,-21.799999999999983
19.65600000135601,0.0,0.0,0.0,0.0,-0.0519,0.0229999999999996,0.1246173800259403,-0.1200000000000045,1.1102230246251563e-16,-21.03,0.0,0.0,0.0,0.0,0.0,0.0866,0.0905333028152895,0.1000000000000227,5.551115123125783e-17,-21.799999999999983
19.67200000025332,0.0,0.0,0.0,0.0,-0.0402,0.016,0.124632639047837,-0.1200000000000045,1.1102230246251563e-16,-21.03,0.0,0.0,0.0,0.0,0.0,0.0783999999999996,0.0905333028152895,0.1000000000000227,5.551115123125783e-17,-21.799999999999983
19.68700000084937,0.0,0.0,0.0,0.0,-0.0294,0.0135999999999998,0.1248157473105973,-0.1200000000000045,1.1102230246251563e-16,-21.03,0.0,0.0,0.0,0.0,0.0,0.057,0.0905333028152895,0.1000000000000227,5.551115123125783e-17,-21.799999999999983
19.703000001609325,0.0,0.0,0.0,0.0,-0.04,0.0048,0.1248920424200808,-0.1200000000000045,1.1102230246251563e-16,-21.03,0.0,0.0,0.0,0.0,0.0,0.053,0.0905180437933928,0.1000000000000227,5.551115123125783e-17,-21.799999999999983
19.73400000110269,0.0,0.0,0.0,0.0,-0.0402,0.0,0.1250141145952544,-0.1200000000000045,1.1102230246251563e-16,-21.03,0.0,0.0,0.0,0.0,0.0,0.0463999999999996,0.0904417486839093,0.1000000000000227,5.551115123125783e-17,-21.799999999999983
19.75,0.0,0.0,0.0,0.0,-0.0338,0.0,0.1250598916609445,-0.1200000000000045,1.1102230246251563e-16,-21.03,0.0,0.0,0.0,0.0,0.0,0.0337999999999996,0.0904417486839093,0.1000000000000227,5.551115123125783e-17,-21.799999999999983
19.76600000075996,0.0,0.0,0.0,0.0,-0.02,0.0,0.1251209277485313,-0.1200000000000045,1.1102230246251563e-16,-21.03,0.0,0.0,0.0,0.0,0.0,0.0361999999999996,0.0903959716182192,0.1000000000000227,5.551115123125783e-17,-21.799999999999983
19.78100000135601,0.0,0.0,0.0,0.0,-0.0329,0.0,0.1251972228580148,-0.1200000000000045,1.1102230246251563e-16,-21.03,0.0,0.0,0.0,0.0,0.0,0.0203999999999998,0.0903959716182192,0.1000000000000227,5.551115123125783e-17,-21.799999999999983
19.79700000025332,0.0,0.0,0.0,0.0,-0.0328,0.0,0.1252582589456015,-0.1200000000000045,1.1102230246251563e-16,-21.03,0.0,0.0,0.0,0.0,0.0,0.0129999999999996,0.0903807125963225,0.1000000000000227,5.551115123125783e-17,-21.799999999999983
19.81200000084937,0.0,0.0,0.0,0.0,-0.0155,0.0,0.1253650720988784,-0.1200000000000045,1.1102230246251563e-16,-21.03,0.0,0.0,0.0,0.0,0.0,0.0164,0.0903807125963225,0.1000000000000227,5.551115123125783e-17,-21.799999999999983
19.828000001609325,0.0,0.0,0.0,0.0,-0.0194,0.0,0.1254261081864652,-0.1200000000000045,1.1102230246251563e-16,-21.03,0.0,0.0,0.0,0.0,0.0,0.0,0.0903807125963225,0.1000000000000227,5.551115123125783e-17,-21.799999999999983
19.84400000050664,0.0,0.0,0.0,0.0,-0.018,0.0,0.1254413672083619,-0.1200000000000045,1.1102230246251563e-16,-21.03,0.0,0.0,0.0,0.0,0.0,0.0,0.0903654535744258,0.1000000000000227,5.551115123125783e-17,-21.799999999999983
19.85900000110269,0.0,0.0,0.0,0.0,-0.0067,0.0,0.1255024032959487,-0.1200000000000045,1.1102230246251563e-16,-21.03,0.0,0.0,0.0,0.0,0.0,0.0,0.0903349355306324,0.1000000000000227,5.551115123125783e-17,-21.799999999999983
19.875,0.0,0.0,0.0,0.0,-0.0129,0.0,0.1255176623178454,-0.1200000000000045,1.1102230246251563e-16,-21.03,0.0,0.0,0.0,0.0,0.0,0.0,0.0902738994430456,0.1000000000000227,5.551115123125783e-17,-21.799999999999983
19.89100000075996,0.0,0.0,0.0,0.0,-0.0226,0.0,0.1255939574273289,-0.1200000000000045,1.1102230246251563e-16,-21.03,0.0,0.0,0.0,0.0,0.0,0.0,0.0902738994430456,0.1000000000000227,5.551115123125783e-17,-21.799999999999983
19.90600000135601,0.0,0.0,0.0,0.0,-0.0101,0.0,0.1256092164492256,-0.1200000000000045,1.1102230246251563e-16,-21.03,0.0,0.0,0.0,0.0,0.0,0.0,0.0902738994430456,0.1000000000000227,5.551115123125783e-17,-21.799999999999983
19.93700000084937,0.0,0.0,0.0,0.0,-0.0081,0.0,0.1256092164492256,-0.1200000000000045,1.1102230246251563e-16,-21.03,0.0,0.0,0.0,0.0,0.0,0.0,0.0902738994430456,0.1000000000000227,5.551115123125783e-17,-21.799999999999983
19.953000001609325,0.0,0.0,0.0,0.0,-0.0086,0.0,0.1255939574273289,-0.1200000000000045,1.1102230246251563e-16,-21.03,0.0,0.0,0.0,0.0,0.0,0.0,0.0902738994430456,0.1000000000000227,5.551115123125783e-17,-21.799999999999983
19.96900000050664,0.0,0.0,0.0,0.0,-0.0067,0.0,0.1255786984054322,-0.1200000000000045,1.1102230246251563e-16,-21.03,0.0,0.0,0.0,0.0,0.0,0.0,0.0902738994430456,0.1000000000000227,5.551115123125783e-17,-21.799999999999983
19.98400000110269,0.0,0.0,0.0,0.0,-0.0012,0.0,0.1255481803616388,-0.1200000000000045,1.1102230246251563e-16,-21.03,0.0,0.0,0.0,0.0,0.0,0.0,0.0902738994430456,0.1000000000000227,5.551115123125783e-17,-21.799999999999983
20.0,0.0,0.0,0.0,0.0,-0.0035,0.0,0.1253803311207751,-0.1200000000000045,1.1102230246251563e-16,-21.03,0.0,0.0,0.0,0.0,0.0,0.0,0.0902738994430456,0.1000000000000227,5.551115123125783e-17,-21.799999999999983
20.01600000075996,0.0,0.0,0.0,0.0,0.0,0.0,0.1253803311207751,-0.1200000000000045,1.1102230246251563e-16,-21.03,0.0,0.0,0.0,0.0,0.0,0.0,0.0902586404211489,0.1000000000000227,5.551115123125783e-17,-21.799999999999983
20.03100000135601,0.0,0.0,0.0,0.0,-0.0065,0.0,0.1253803311207751,-0.0200000000000102,1.1102230246251563e-16,-21.03,0.0,0.0,0.0,0.0,0.0,0.0,0.0902586404211489,0.1000000000000227,5.551115123125783e-17,-21.799999999999983
20.04700000025332,0.0,0.0,0.0,0.0,-0.0013,0.0,0.1253803311207751,-0.0200000000000102,1.1102230246251563e-16,-21.03,0.0,0.0,0.0,0.0,0.0,0.0,0.0902586404211489,1.4210854715202004e-14,5.551115123125783e-17,-21.799999999999983
20.06200000084937,0.0,0.0,0.0,0.0,0.0,0.0,0.1253803311207751,-0.0200000000000102,1.1102230246251563e-16,-21.03,0.0,0.0,0.0,0.0,0.0,0.0,0.0902586404211489,1.4210854715202004e-14,5.551115123125783e-17,-21.799999999999983
20.078000001609325,0.0,0.0,0.0,0.0,0.0,0.0,0.1254108491645685,-0.0200000000000102,1.1102230246251563e-16,-21.03,0.0,0.0,0.0,0.0,0.0,0.0,0.0902586404211489,1.4210854715202004e-14,5.551115123125783e-17,-21.799999999999983
20.10900000110269,0.0,0.0,0.0,0.0,0.0,0.0,0.1253803311207751,-0.0200000000000102,1.1102230246251563e-16,-21.03,0.0,0.0,0.0,0.0,0.0,0.0,0.0902586404211489,1.4210854715202004e-14,5.551115123125783e-17,-21.799999999999983
20.125,0.0,0.0,0.0,0.0,0.0,0.0,0.1253955901426718,-0.0200000000000102,1.1102230246251563e-16,-21.03,0.0,0.0,0.0,0.0,0.0,0.0,0.0902738994430456,1.4210854715202004e-14,5.551115123125783e-17,-21.799999999999983
20.14100000075996,0.0,0.0,0.0,0.0,0.0,0.0,0.1254108491645685,-0.0200000000000102,1.1102230246251563e-16,-21.03,0.0,0.0,0.0,0.0,0.0,0.0,0.0902738994430456,1.4210854715202004e-14,5.551115123125783e-17,-21.799999999999983
20.15600000135601,0.0,0.0,0.0,0.0,0.0,0.0,0.1254108491645685,-0.0200000000000102,1.1102230246251563e-16,-21.03,0.0,0.0,0.0,0.0,0.0,0.0,0.0902586404211489,1.4210854715202004e-14,5.551115123125783e-17,-21.799999999999983
20.17200000025332,0.0,0.0,0.0,0.0,0.0,0.0,0.1254108491645685,-0.0200000000000102,1.1102230246251563e-16,-21.03,0.0,0.0,0.0,0.0,0.0,0.0,0.0898771648737315,1.4210854715202004e-14,5.551115123125783e-17,-21.799999999999983
20.18700000084937,0.0,0.0,0.0,0.0,0.0,0.0,0.1254108491645685,-0.0200000000000102,1.1102230246251563e-16,-21.03,0.0,0.0,0.0,0.0,0.0,0.0,0.0898161287861448,1.4210854715202004e-14,5.551115123125783e-17,-21.799999999999983
20.203000001609325,0.0,0.0,0.0,0.0,0.0,0.0,0.1254261081864652,-0.0200000000000102,1.1102230246251563e-16,-21.03,0.0,0.0,0.0,0.0,0.0,0.0,0.0898161287861448,1.4210854715202004e-14,5.551115123125783e-17,-21.799999999999983
20.21900000050664,0.0,0.0,0.0,0.0,0.0,0.0,0.1254413672083619,-0.0200000000000102,1.1102230246251563e-16,-21.03,0.0,0.0,0.0,0.0,0.0,0.0,0.0898161287861448,1.4210854715202004e-14,5.551115123125783e-17,-21.799999999999983
20.23400000110269,0.0,0.0,0.0,0.0,0.0,0.0,0.1254413672083619,-0.0200000000000102,1.1102230246251563e-16,-21.03,0.0,0.0,0.0,0.0,0.0,0.0,0.0898161287861448,1.4210854715202004e-14,5.551115123125783e-17,-21.799999999999983
20.25,0.0,0.0,0.0,0.0,0.0,0.0,0.1254413672083619,-0.0200000000000102,1.1102230246251563e-16,-21.03,0.0,0.0,0.0,0.0,0.0,0.0,0.0898161287861448,1.4210854715202004e-14,5.551115123125783e-17,-21.69999999999999
20.26600000075996,0.0,0.0,0.0,0.0,0.0,0.0,0.125487144274052,-0.0200000000000102,1.1102230246251563e-16,-21.03,0.0,0.0,0.0,0.0,0.0,0.0,0.0902586404211489,1.4210854715202004e-14,5.551115123125783e-17,-21.69999999999999
20.28100000135601,0.0,0.0,0.0,0.0,0.0,0.0,0.125487144274052,-0.0200000000000102,1.1102230246251563e-16,-21.03,0.0,0.0,0.0,0.0,0.0,0.0,0.0904264896620126,1.4210854715202004e-14,5.551115123125783e-17,-21.69999999999999
20.31200000084937,0.0,0.0,0.0,0.0,0.0,0.0,0.125487144274052,-0.0200000000000102,1.1102230246251563e-16,-21.03,0.0,0.0,0.0,0.0,0.0,0.0,0.0904264896620126,1.4210854715202004e-14,5.551115123125783e-17,-21.69999999999999
20.328000001609325,0.0,0.0,0.0,0.0,0.0,0.0,0.125487144274052,-0.0200000000000102,1.1102230246251563e-16,-21.03,0.0,0.0,0.0,0.0,0.0,0.0,0.0902586404211489,1.4210854715202004e-14,5.551115123125783e-17,-21.69999999999999
20.34400000050664,0.0,0.0,0.0,0.0,0.0,0.0,0.125487144274052,-0.0200000000000102,1.1102230246251563e-16,-21.03,0.0,0.0,0.0,0.0,0.0,0.0,0.0901976043335622,1.4210854715202004e-14,5.551115123125783e-17,-21.69999999999999
20.35900000110269,0.0,0.0,0.0,0.0,0.0,0.0,0.1255024032959487,-0.0200000000000102,1.1102230246251563e-16,-21.03,0.0,0.0,0.0,0.0,0.0,0.0,0.089953459983215,1.4210854715202004e-14,5.551115123125783e-17,-21.69999999999999
20.375,0.0,0.0,0.0,0.0,0.0,0.0,0.1255481803616388,-0.0200000000000102,1.1102230246251563e-16,-21.03,0.0,0.0,0.0,0.0,0.0,0.0,0.089953459983215,1.4210854715202004e-14,5.551115123125783e-17,-21.69999999999999
20.39100000075996,0.0,0.0,0.0,0.0,0.0,0.0,0.1257007705806057,-0.0200000000000102,1.1102230246251563e-16,-21.03,0.0,0.0,0.0,0.0,0.0,0.0,0.089953459983215,1.4210854715202004e-14,5.551115123125783e-17,-21.69999999999999
20.40600000135601,0.0,0.0,0.0,0.0,0.0,0.0,0.1260212100404364,-0.0200000000000102,-0.0999999999999998,-21.03,0.0,0.0,0.0,0.0,0.0,0.0,0.089953459983215,1.4210854715202004e-14,5.551115123125783e-17,-21.69999999999999
20.42200000025332,0.0,0.0,0.0,0.0,0.0,0.0,0.1261738002594033,-0.0200000000000102,-0.0999999999999998,-21.03,0.0,0.0,0.0,0.0,0.0,0.0,0.089953459983215,1.4210854715202004e-14,5.551115123125783e-17,-21.69999999999999
20.43700000084937,0.0,0.0,0.0,0.0,0.0,0.0,0.1262043183031967,-0.0200000000000102,-0.0999999999999998,-21.03,0.0,0.0,0.0,0.0,0.0,0.0,0.0905485618371862,1.4210854715202004e-14,5.551115123125783e-17,-21.69999999999999
20.453000001609325,0.0,0.0,0.0,0.0,0.0,0.0,0.1262195773250934,-0.0200000000000102,-0.0999999999999998,-21.03,0.0,0.0,0.0,0.0,0.0,0.0,0.0914946211947814,1.4210854715202004e-14,5.551115123125783e-17,-21.69999999999999
20.46900000050664,0.0,0.0,0.0,0.0,0.0,0.0,0.1267383840695811,-0.0200000000000102,-0.0999999999999998,-21.03,0.0,0.0,0.0,0.0,0.0,0.0,0.0923949034866865,1.4210854715202004e-14,5.551115123125783e-17,-21.69999999999999
20.5,0.0,0.0,0.0,0.0,0.0,0.0,0.1272419317921721,-0.0200000000000102,-0.0999999999999998,-21.03,0.0,0.0,0.0,0.0,0.0,0.0,0.0923949034866865,1.4210854715202004e-14,5.551115123125783e-17,-21.69999999999999
20.51600000075996,0.0,0.0,0.0,0.0,0.0,0.0,0.1275623712520027,-0.0200000000000102,-0.0999999999999998,-21.03,0.0,0.0,0.0,0.0,0.0,0.0,0.0923949034866865,1.4210854715202004e-14,5.551115123125783e-17,-21.69999999999999
20.53100000135601,0.0,0.0,0.0,0.0,0.0,0.0,0.1282185091935606,-0.0200000000000102,-0.0999999999999998,-21.03,0.0,0.0,0.0,0.0,0.0,0.0,0.0918608377203021,1.4210854715202004e-14,5.551115123125783e-17,-21.69999999999999
20.54700000025332,0.0,0.0,0.0,0.0,0.0,0.0,0.1284473945220111,-0.0200000000000102,-0.0999999999999998,-21.03,0.0,0.0,0.0,0.0,0.0,0.0,0.0918455786984054,1.4210854715202004e-14,5.551115123125783e-17,-21.69999999999999
20.56200000084937,0.0,0.0,0.0,0.0,0.0,0.0,0.129256122682536,-0.0200000000000102,-0.0999999999999998,-21.03,0.0,0.0,0.0,0.0,0.0,0.0,0.0918455786984054,1.4210854715202004e-14,5.551115123125783e-17,-21.69999999999999
20.578000001609325,0.0,0.0,0.0,0.0,0.0,0.0,0.1297291523613336,-0.0200000000000102,-0.0999999999999998,-21.03,0.0,0.0,0.0,0.0,0.0,0.0,0.0918455786984054,1.4210854715202004e-14,5.551115123125783e-17,-21.69999999999999
20.59400000050664,0.0,0.0,0.0,0.0,0.0,0.0,0.129958037689784,-0.0200000000000102,-0.0999999999999998,-21.03,0.0,0.0,0.0,0.0,0.0,0.0,0.0918455786984054,1.4210854715202004e-14,5.551115123125783e-17,-21.69999999999999
20.60900000110269,0.0,0.0,0.0,0.0,0.0,0.0,0.1303852903028915,-0.0200000000000102,-0.0999999999999998,-21.03,0.0,0.0,0.0,0.0,0.0,0.0,0.0918455786984054,1.4210854715202004e-14,5.551115123125783e-17,-21.69999999999999
20.625,0.0,0.0,0.0,0.0,0.0,0.0,0.1307362478065156,-0.0200000000000102,-0.0999999999999998,-21.03,0.0,0.0,0.0,0.0,0.0,0.0,0.0922575722896162,1.4210854715202004e-14,5.551115123125783e-17,-21.69999999999999
20.64100000075996,0.0,0.0,0.0,0.0,0.0,0.0,0.1310414282444495,-0.0200000000000102,-0.0999999999999998,-21.03,0.0,0.0,0.0,0.0,0.0,0.0,0.0931425955596246,1.4210854715202004e-14,5.551115123125783e-17,-21.69999999999999
20.65600000135601,0.0,0.0,0.0,0.0,0.0,0.0,0.1314839398794537,-0.0200000000000102,-0.0999999999999998,-21.03,0.0,0.0,0.0,0.0,0.0,0.0,0.0931425955596246,1.4210854715202004e-14,5.551115123125783e-17,-21.69999999999999
20.67200000025332,0.0,0.0,0.0,0.0,0.0,0.0,0.1314839398794537,-0.0200000000000102,-0.0999999999999998,-21.03,0.0,0.0,0.0,0.0,0.0,0.0,0.0931425955596246,1.4210854715202004e-14,5.551115123125783e-17,-21.69999999999999
20.703000001609325,0.0,0.0,0.0,0.0,0.0,0.0,0.1314839398794537,-0.0200000000000102,-0.0999999999999998,-21.03,0.0,0.0,0.0,0.0,0.0,0.0,0.0931425955596246,1.4210854715202004e-14,5.551115123125783e-17,-21.69999999999999
20.71900000050664,0.0,0.0,0.0,0.0,0.0,0.0,0.1315754940108339,0.079999999999984,-0.0999999999999998,-21.03,0.0,0.0,0.0,0.0,0.0,0.0,0.0930815594720378,1.4210854715202004e-14,5.551115123125783e-17,-21.69999999999999
20.73400000110269,0.0,0.0,0.0,0.0,0.0,0.0,0.1314076447699702,0.079999999999984,1.1102230246251563e-16,-21.03,0.0,0.0,0.0,0.0,0.0,0.0,0.0923491264209964,1.4210854715202004e-14,5.551115123125783e-17,-21.69999999999999
20.75,0.0,0.0,0.0,0.0,0.0,0.0,0.1308583199816891,0.079999999999984,1.1102230246251563e-16,-21.03,0.0,0.0,0.0,0.0,0.0,0.0,0.0922728313115129,1.4210854715202004e-14,5.551115123125783e-17,-21.69999999999999
20.76600000075996,0.0,0.0,0.0,0.0,0.0,0.0,0.1305989166094453,0.079999999999984,1.1102230246251563e-16,-21.03,0.0,0.0,0.0,0.0,0.0,0.0,0.0922728313115129,1.4210854715202004e-14,5.551115123125783e-17,-21.69999999999999
20.78100000135601,0.0,0.0,0.0,0.0,0.0,0.0,0.1298054474708171,0.079999999999984,1.1102230246251563e-16,-21.03,0.0,0.0,0.0,0.0,0.0,0.0,0.0920592050049591,1.4210854715202004e-14,5.551115123125783e-17,-21.69999999999999
20.79700000025332,0.0,0.0,0.0,0.0,0.0,0.0,0.1287830930037384,0.079999999999984,1.1102230246251563e-16,-21.03,0.0,0.0,0.0,0.0,0.0,0.0,0.0920592050049591,1.4210854715202004e-14,5.551115123125783e-17,-21.69999999999999
20.81200000084937,0.0,0.0,0.0,0.0,0.0,0.0,0.1274555580987258,0.079999999999984,1.1102230246251563e-16,-21.03,0.0,0.0,0.0,0.0,0.0,0.0,0.0919066147859922,1.4210854715202004e-14,5.551115123125783e-17,-21.69999999999999
20.828000001609325,0.0,0.0,0.0,0.0,0.0,0.0,0.1265552758068207,0.079999999999984,1.1102230246251563e-16,-21.03,0.0,0.0,0.0,0.0,0.0,0.0,0.0919066147859922,1.4210854715202004e-14,5.551115123125783e-17,-21.69999999999999
20.84400000050664,0.0,0.0,0.0,0.0,0.0,0.0,0.1260822461280231,0.079999999999984,1.1102230246251563e-16,-21.03,0.0,0.0,0.0,0.0,0.0,0.0,0.0914335851071946,1.4210854715202004e-14,5.551115123125783e-17,-21.69999999999999
20.85900000110269,0.0,0.0,0.0,0.0,0.0,0.0,0.1252887769893949,0.079999999999984,1.1102230246251563e-16,-21.03,0.0,0.0,0.0,0.0,0.0,0.0,0.0900297550926985,1.4210854715202004e-14,5.551115123125783e-17,-21.69999999999999
20.875,0.0,0.0,0.0,0.0,0.0,0.0,0.1249683375295643,0.079999999999984,1.1102230246251563e-16,-21.03,0.0,0.0,0.0,0.0,0.0,0.0,0.0885648889906157,1.4210854715202004e-14,5.551115123125783e-17,-21.69999999999999
20.90600000135601,0.0,0.0,0.0,0.0,0.0,0.0,0.1248462653543907,0.079999999999984,1.1102230246251563e-16,-21.03,0.0,0.0,0.0,0.0,0.0,0.0,0.0878782330052643,1.4210854715202004e-14,5.551115123125783e-17,-21.69999999999999
20.92200000025332,0.0,0.0,0.0,0.0,0.0,0.0,0.1245868619821469,0.079999999999984,1.1102230246251563e-16,-21.03,0.0,0.0,0.0,0.0,0.0,0.0,0.0873289082169832,1.4210854715202004e-14,5.551115123125783e-17,-21.69999999999999
20.93700000084937,0.0,0.0,0.0,0.0,0.0,0.0,0.1244495307850766,0.079999999999984,1.1102230246251563e-16,-21.03,0.0,0.0,0.0,0.0,0.0,0.0,0.0873289082169832,1.4210854715202004e-14,5.551115123125783e-17,-21.69999999999999
20.953000001609325,0.0,0.0,0.0,0.0,0.0,0.0,0.124327458609903,0.079999999999984,1.1102230246251563e-16,-21.03,0.0,0.0,0.0,0.0,0.0,0.0,0.0872526131074998,1.4210854715202004e-14,5.551115123125783e-17,-21.69999999999999
20.96900000050664,0.0,0.0,0.0,0.0,0.0,0.0,0.1242206454566262,0.079999999999984,1.1102230246251563e-16,-21.03,0.0,0.0,0.0,0.0,0.0,0.0,0.0857572289616235,1.4210854715202004e-14,5.551115123125783e-17,-21.69999999999999
20.98400000110269,0.0,0.0,0.0,0.0,0.0,0.0,0.1241596093690394,0.079999999999984,1.1102230246251563e-16,-21.03,0.0,0.0,0.0,0.0,0.0,0.0,0.0836972610055695,1.4210854715202004e-14,5.551115123125783e-17,-21.69999999999999
21.0,0.0,0.0,0.0,0.0,0.0,0.0,0.124129091325246,0.079999999999984,1.1102230246251563e-16,-21.03,0.0,0.0,0.0,0.0,0.0,0.0,0.0832089723048752,1.4210854715202004e-14,5.551115123125783e-17,-21.69999999999999
21.01600000075996,0.0,0.0,0.0,0.0,0.0,0.0,0.124129091325246,0.079999999999984,1.1102230246251563e-16,-21.03,0.0,0.0,0.0,0.0,0.0,0.0,0.0830106050202181,1.4210854715202004e-14,5.551115123125783e-17,-21.69999999999999
21.03100000135601,0.0,0.0,0.0,0.0,0.0,0.0,0.124129091325246,0.079999999999984,1.1102230246251563e-16,-21.03,0.0,0.0,0.0,0.0,0.0,0.0,0.0829800869764248,1.4210854715202004e-14,5.551115123125783e-17,-21.69999999999999
21.04700000025332,0.0,0.0,0.0,0.0,0.0,0.0,0.124129091325246,0.079999999999984,1.1102230246251563e-16,-21.03,0.0,0.0,0.0,0.0,0.0,0.0,0.0828580148012512,1.4210854715202004e-14,5.551115123125783e-17,-21.69999999999999
21.06200000084937,0.0,0.0,0.0,0.0,0.0,0.0,0.124129091325246,0.079999999999984,1.1102230246251563e-16,-21.03,0.0,0.0,0.0,0.0,0.0,0.0,0.0828427557793545,1.4210854715202004e-14,5.551115123125783e-17,-21.69999999999999
21.078000001609325,0.0,0.0,0.0,0.0,0.0,0.0,0.1240527962157625,0.079999999999984,1.1102230246251563e-16,-21.03,0.0,0.0,0.0,0.0,0.0,0.0,0.0828122377355611,1.4210854715202004e-14,5.551115123125783e-17,-21.69999999999999
21.10900000110269,0.0,0.0,0.0,0.0,0.0,0.0,0.1237323567559319,0.079999999999984,1.1102230246251563e-16,-21.03,0.0,0.0,0.0,0.0,0.0,0.0,0.0827512016479743,1.4210854715202004e-14,5.551115123125783e-17,-21.69999999999999
21.125,0.0,0.0,0.0,0.0,0.0,0.0,0.1235187304493781,0.079999999999984,1.1102230246251563e-16,-21.03,0.0,0.0,0.0,0.0,0.0,0.0,0.0827359426260776,1.4210854715202004e-14,5.551115123125783e-17,-21.69999999999999
21.14100000075996,0.0,0.0,0.0,0.0,0.0,0.0,0.1234576943617914,0.079999999999984,1.1102230246251563e-16,-21.03,0.0,0.0,0.0,0.0,0.0,0.0,0.0826749065384908,1.4210854715202004e-14,5.551115123125783e-17,-21.69999999999999
21.15600000135601,0.0,0.0,0.0,0.0,0.0,0.0,0.1233966582742046,0.079999999999984,1.1102230246251563e-16,-21.03,0.0,0.0,0.0,0.0,0.0,0.0,0.0825833524071106,1.4210854715202004e-14,5.551115123125783e-17,-21.69999999999999
21.17200000025332,0.0,0.0,0.0,0.0,0.0,0.0,0.1233661402304112,0.079999999999984,1.1102230246251563e-16,-21.03,0.0,0.0,0.0,0.0,0.0,0.0,0.0825833524071106,1.4210854715202004e-14,5.551115123125783e-17,-21.69999999999999
21.18700000084937,0.0,0.0,0.0,0.0,0.0,0.0,0.1233661402304112,0.079999999999984,1.1102230246251563e-16,-21.03,0.0,0.0,0.0,0.0,0.0,0.0,0.0825528343633173,1.4210854715202004e-14,5.551115123125783e-17,-21.69999999999999
21.203000001609325,0.0,0.0,0.0,0.0,0.0,0.0,0.1232593270771343,0.079999999999984,1.1102230246251563e-16,-21.03,0.0,0.0,0.0,0.0,0.0,0.0,0.0825528343633173,1.4210854715202004e-14,5.551115123125783e-17,-21.69999999999999
21.21900000050664,0.0,0.0,0.0,0.0,0.0,0.0,0.1232440680552376,0.079999999999984,1.1102230246251563e-16,-21.03,0.0,0.0,0.0,0.0,0.0,0.0,0.0825223163195239,1.4210854715202004e-14,5.551115123125783e-17,-21.69999999999999
21.23400000110269,0.0,0.0,0.0,0.0,0.0,0.0,0.1231830319676508,0.079999999999984,1.1102230246251563e-16,-21.03,0.0,0.0,0.0,0.0,0.0,0.0,0.0824917982757305,1.4210854715202004e-14,5.551115123125783e-17,-21.69999999999999
21.25,0.0,0.0,0.0,0.0,0.0,0.0,0.1231677729457541,0.079999999999984,-0.0999999999999998,-21.03,0.0,0.0,0.0,0.0,0.0,0.0,0.0824765392538338,1.4210854715202004e-14,5.551115123125783e-17,-21.69999999999999
21.26600000075996,0.0,0.0,0.0,0.0,0.0,0.0,0.1231677729457541,0.079999999999984,-0.0999999999999998,-21.03,0.0,0.0,0.0,0.0,0.0,0.0,0.0824765392538338,1.4210854715202004e-14,5.551115123125783e-17,-21.69999999999999
21.29700000025332,0.0,0.0,0.0,0.0,0.0,0.0,0.1230914778362706,0.079999999999984,1.1102230246251563e-16,-21.03,0.0,0.0,0.0,0.0,0.0,0.0,0.0824765392538338,1.4210854715202004e-14,5.551115123125783e-17,-21.69999999999999
21.31200000084937,0.0,0.0,0.0,0.0,0.0,0.0,0.1230762188143739,0.079999999999984,1.1102230246251563e-16,-21.03,0.0,0.0,0.0,0.0,0.0,0.0,0.0824460212100404,1.4210854715202004e-14,5.551115123125783e-17,-21.69999999999999
21.328000001609325,0.0,0.0,0.0,0.0,0.0,0.0,0.1230609597924772,0.079999999999984,1.1102230246251563e-16,-21.03,0.0,0.0,0.0,0.0,0.0,0.0,0.0824460212100404,1.4210854715202004e-14,5.551115123125783e-17,-21.69999999999999
21.34400000050664,0.0,0.0,0.0,0.0,0.0,0.0,0.1229999237048905,0.079999999999984,1.1102230246251563e-16,-21.03,0.0,0.0,0.0,0.0,0.0,0.0,0.0823849851224536,1.4210854715202004e-14,5.551115123125783e-17,-21.69999999999999
21.35900000110269,0.0,0.0,0.0,0.0,0.0,0.0,0.1229694056610971,0.079999999999984,1.1102230246251563e-16,-21.03,0.0,0.0,0.0,0.0,0.0,0.0,0.0823849851224536,1.4210854715202004e-14,5.551115123125783e-17,-21.69999999999999
21.375,0.0,0.0,0.0,0.0,0.0,0.0,0.1229694056610971,0.079999999999984,1.1102230246251563e-16,-21.03,0.0,0.0,0.0,0.0,0.0,0.0,0.0824460212100404,1.4210854715202004e-14,5.551115123125783e-17,-21.69999999999999
21.39100000075996,0.0,0.0,0.0,0.0,0.0,0.0,0.1229694056610971,0.079999999999984,1.1102230246251563e-16,-21.03,0.0,0.0,0.0,0.0,0.0,0.0,0.0823849851224536,1.4210854715202004e-14,5.551115123125783e-17,-21.69999999999999
21.40600000135601,0.0,0.0,0.0,0.0,0.0,0.0,0.122923628595407,0.079999999999984,-0.0999999999999998,-21.03,0.0,0.0,0.0,0.0,0.0,0.0,0.0823849851224536,1.4210854715202004e-14,5.551115123125783e-17,-21.69999999999999
21.43700000084937,0.0,0.0,0.0,0.0,0.0,0.0,0.122923628595407,0.079999999999984,-0.0999999999999998,-21.03,0.0,0.0,0.0,0.0,0.0,0.0,0.0823086900129701,1.4210854715202004e-14,5.551115123125783e-17,-21.69999999999999
21.453000001609325,0.0,0.0,0.0,0.0,0.0,0.0,0.122923628595407,0.079999999999984,-0.0999999999999998,-21.03,0.0,0.0,0.0,0.0,0.0,0.0,0.0823086900129701,1.4210854715202004e-14,5.551115123125783e-17,-21.69999999999999
21.46900000050664,0.0,0.0,0.0,0.0,0.0,0.0,0.122923628595407,0.079999999999984,-0.0999999999999998,-21.03,0.0,0.0,0.0,0.0,0.0,0.0,0.0823086900129701,1.4210854715202004e-14,5.551115123125783e-17,-21.69999999999999
21.48400000110269,0.0,0.0,0.0,0.0,0.0,0.0,0.1228931105516136,0.079999999999984,-0.0999999999999998,-21.03,0.0,0.0,0.0,0.0,0.0,0.0,0.0823239490348668,1.4210854715202004e-14,5.551115123125783e-17,-21.69999999999999
21.5,0.0,0.0,0.0,0.0,0.0,0.0,0.1228931105516136,0.079999999999984,-0.0999999999999998,-21.03,0.0,0.0,0.0,0.0,0.0,0.0,0.0823239490348668,1.4210854715202004e-14,5.551115123125783e-17,-21.69999999999999
21.51600000075996,0.0,0.0,0.0,0.0,0.0,0.0,0.1228931105516136,0.079999999999984,-0.0999999999999998,-21.03,0.0,0.0,0.0,0.0,0.0,0.0,0.0823849851224536,1.4210854715202004e-14,5.551115123125783e-17,-21.69999999999999
21.53100000135601,0.0,0.0,0.0,0.0,0.0,0.0,0.1228778515297169,0.079999999999984,-0.0999999999999998,-21.03,0.0,0.0,0.0,0.0,0.0,0.0,0.0823849851224536,1.4210854715202004e-14,5.551115123125783e-17,-21.69999999999999
21.54700000025332,0.0,0.0,0.0,0.0,0.0,0.0,0.1228778515297169,0.079999999999984,-0.0999999999999998,-21.03,0.0,0.0,0.0,0.0,0.0,0.0,0.0824002441443503,1.4210854715202004e-14,5.551115123125783e-17,-21.69999999999999
21.56200000084937,0.0,0.0,0.0,0.0,0.0,0.0,0.1228778515297169,0.079999999999984,-0.0999999999999998,-21.03,0.0,0.0,0.0,0.0,0.0,0.0,0.0824002441443503,1.4210854715202004e-14,5.551115123125783e-17,-21.69999999999999
21.578000001609325,0.0,0.0,0.0,0.0,0.0,0.0,0.1228778515297169,0.079999999999984,-0.0999999999999998,-21.03,0.0,0.0,0.0,0.0,0.0,0.0,0.0823849851224536,1.4210854715202004e-14,5.551115123125783e-17,-21.69999999999999
21.59400000050664,0.0,0.0,0.0,0.0,0.0,0.0,0.1228625925078202,0.079999999999984,-0.0999999999999998,-21.03,0.0,0.0,0.0,0.0,0.0,0.0,0.0823849851224536,1.4210854715202004e-14,5.551115123125783e-17,-21.69999999999999
21.60900000110269,0.0,0.0,0.0,0.0,0.0,0.0,0.1228625925078202,0.079999999999984,-0.0999999999999998,-21.03,0.0,0.0,0.0,0.0,0.0,0.0,0.0823849851224536,1.4210854715202004e-14,5.551115123125783e-17,-21.69999999999999
21.64100000075996,0.0,0.0,0.0,0.0,0.0,0.0,0.1228625925078202,0.079999999999984,-0.0999999999999998,-21.03,0.0,0.0,0.0,0.0,0.0,0.0,0.0823697261005569,1.4210854715202004e-14,5.551115123125783e-17,-21.69999999999999
21.65600000135601,0.0,0.0,0.0,0.0,0.0,0.0,0.1228625925078202,0.079999999999984,-0.0999999999999998,-21.03,0.0,0.0,0.0,0.0,0.0,0.0,0.0823086900129701,1.4210854715202004e-14,5.551115123125783e-17,-21.69999999999999
21.67200000025332,0.0,0.0,0.0,0.0,0.0,0.0,0.1228320744640268,0.079999999999984,-0.0999999999999998,-21.03,0.0,0.0,0.0,0.0,0.0,0.0,0.0823086900129701,1.4210854715202004e-14,5.551115123125783e-17,-21.69999999999999
21.68700000084937,0.0,0.0,0.0,0.0,0.0,0.0,0.1228320744640268,0.079999999999984,-0.0999999999999998,-21.03,0.0,0.0,0.0,0.0,0.0,0.0,0.0823086900129701,1.4210854715202004e-14,5.551115123125783e-17,-21.69999999999999
21.703000001609325,0.0,0.0,0.0,0.0,0.0,0.0,0.1228320744640268,0.079999999999984,-0.0999999999999998,-21.03,0.0,0.0,0.0,0.0,0.0,0.0,0.0823086900129701,1.4210854715202004e-14,5.551115123125783e-17,-21.69999999999999
21.71900000050664,0.0,0.0,0.0,0.0,0.0,0.0,0.1227557793545433,0.079999999999984,-0.0999999999999998,-21.03,0.0,0.0,0.0,0.0,0.0,0.0,0.0823392080567635,1.4210854715202004e-14,5.551115123125783e-17,-21.69999999999999
