time_s,L_fx1,L_fy1,L_fz1,L_fx2,L_fy2,L_fz2,L_proximity,L_roll,L_pitch,L_yaw,R_fx1,R_fy1,R_fz1,R_fx2,R_fy2,R_fz2,R_proximity,R_roll,R_pitch,R_yaw
0.0,0.0,0.0,0.0,0.0,0.0,0.0,0.0005783169298848,0.0,-0.0699999999999999,-1.0699999999999932,0.0,0.0,0.0,0.0,0.0,0.0,0.0,1.4210854715202004e-14,5.551115123125783e-17,-0.7700000000000067
0.0150000005960464,0.0,0.0,0.0,0.0,0.0,0.0,0.0005783169298848,0.0,-0.0699999999999999,-1.0699999999999932,0.0,0.0,0.0,0.0,0.0,0.0,0.0,1.4210854715202004e-14,5.551115123125783e-17,-0.7700000000000067
0.0310000013560056,0.0,0.0,0.0,0.0,0.0,0.0,0.0005783169298848,0.0,0.03,-1.0699999999999932,0.0,0.0,0.0,0.0,0.0,0.0,0.0,1.4210854715202004e-14,5.551115123125783e-17,-0.8700000000000045
0.0470000002533197,0.0,0.0,0.0,0.0,0.0,0.0,0.0005783169298848,0.0,0.03,-1.1699999999999946,0.0,0.0,0.0,0.0,0.0,0.0,0.0,1.4210854715202004e-14,5.551115123125783e-17,-0.8700000000000045
0.0620000008493661,0.0,0.0,0.0,0.0,0.0,0.0,0.0005783169298848,0.0,0.03,-1.1699999999999946,0.0,0.0,0.0,0.0,0.0,0.0,0.0,1.4210854715202004e-14,5.551115123125783e-17,-0.970000000000006
0.0779999997466802,0.0,0.0,0.0,0.0,0.0,0.0,0.0005783169298848,-0.0999999999999943,0.03,-1.1699999999999946,0.0,0.0,0.0,0.0,0.0,0.0,0.0,1.4210854715202004e-14,5.551115123125783e-17,-0.970000000000006
0.0940000005066394,0.0,0.0,0.0,0.0,0.0,0.0,0.0005783169298848,-0.0999999999999943,0.03,-1.1699999999999946,0.0,0.0,0.0,0.0,0.0,0.0,0.0,1.4210854715202004e-14,5.551115123125783e-17,-1.0700000000000074
0.1090000011026859,0.0,0.0,0.0,0.0,0.0,0.0,0.0005935759517815,-0.0999999999999943,0.03,-1.269999999999996,0.0,0.0,0.0,0.0,0.0,0.0,0.0,1.4210854715202004e-14,5.551115123125783e-17,-1.0700000000000074
0.125,0.0,0.0,0.0,0.0,0.0,0.0,0.0006088349736782,0.0,0.03,-1.269999999999996,0.0,0.0,0.0,0.0,0.0,0.0,0.0,1.4210854715202004e-14,5.551115123125783e-17,-1.0700000000000074
0.1400000005960464,0.0,0.0,0.0,0.0,0.0,0.0,0.0006088349736782,0.0,0.03,-1.269999999999996,0.0,0.0,0.0,0.0,0.0,0.0,0.0,0.1000000000000085,5.551115123125783e-17,-1.1700000000000053
0.1560000013560056,0.0,0.0,0.0,0.0,0.0,0.0,0.0006088349736782,0.0,0.03,-1.3699999999999974,0.0,0.0,0.0,0.0,0.0,0.0,0.0,0.1000000000000085,5.551115123125783e-17,-1.1700000000000053
0.1720000002533197,0.0,0.0,0.0,0.0,0.0,0.0,0.0006240939955749,0.0999999999999943,0.03,-1.3699999999999974,0.0,0.0,0.0,0.0,0.0,0.0,0.0,0.1000000000000085,5.551115123125783e-17,-1.1700000000000053
0.1870000008493662,0.0,0.0,0.0,0.0,0.0,0.0,0.0006240939955749,0.0999999999999943,0.03,-1.3699999999999974,0.0,0.0,0.0,0.0,0.0,0.0,5.340657663843748e-05,0.2000000000000028,5.551115123125783e-17,-1.270000000000007
0.2029999997466802,0.0,0.0,0.0,0.0,0.0,0.0,0.0006393530174716,0.0999999999999943,0.03,-1.4699999999999989,0.0,0.0,0.0,0.0,0.0,0.0,8.392462043183032e-05,0.2000000000000028,5.551115123125783e-17,-1.270000000000007
0.2340000011026859,0.0,0.0,0.0,0.0,0.0,0.0,0.0006698710612649,0.0999999999999943,0.03,-1.4699999999999989,0.0,0.0,0.0,0.0,0.0,0.0,0.0002365148393987,0.2000000000000028,5.551115123125783e-17,-1.3700000000000043
0.25,0.0,0.0,0.0,0.0,0.0,0.0,0.0008072022583352,0.2000000000000028,0.03,-1.5699999999999932,0.0,0.0,0.0,0.0,0.0,0.0,0.0002365148393987,0.2000000000000028,5.551115123125783e-17,-1.3700000000000043
0.2650000005960464,0.0,0.0,0.0,0.0,0.0,0.0,0.0008377203021286,0.2000000000000028,0.03,-1.5699999999999932,0.0,0.0,0.0,0.0,0.0,0.0,0.0002975509269855,0.2000000000000028,5.551115123125783e-17,-1.470000000000006
0.2810000013560056,0.0,0.0,0.0,0.0,0.0,0.0,0.0009140154116121,0.2000000000000028,0.03,-1.6699999999999946,0.0,0.0,0.0,0.0,0.0,0.0,0.0004654001678492,0.2000000000000028,5.551115123125783e-17,-1.470000000000006
0.2970000002533197,0.0,0.0,0.0,0.0,0.0,0.0,0.0010055695429923,0.2000000000000028,0.03,-1.6699999999999946,0.0,0.0,0.0,0.0,0.0,0.0,0.0004654001678492,0.2000000000000028,5.551115123125783e-17,-1.5700000000000074
0.3120000008493662,0.0,0.0,0.0,0.0,0.0,0.0,0.0010360875867857,0.2000000000000028,0.03,-1.6699999999999946,0.0,0.0,0.0,0.0,0.0,0.0,0.0006027313649195,0.3000000000000113,5.551115123125783e-17,-1.5700000000000074
0.3279999997466802,0.0,0.0,0.0,0.0,0.0,0.0,0.0011581597619592,0.2000000000000028,0.03,-1.769999999999996,0.0,0.0,0.0,0.0,0.0,0.0,0.0007858396276798,0.3000000000000113,5.551115123125783e-17,-1.5700000000000074
0.3440000005066395,0.0,0.0,0.0,0.0,0.0,0.0,0.0012344548714427,0.2000000000000028,0.03,-1.769999999999996,0.0,0.0,0.0,0.0,0.0,0.0,0.0008316166933699,0.3000000000000113,5.551115123125783e-17,-1.6700000000000053
0.3590000011026859,0.0,0.0,0.0,0.0,0.0,0.0,0.0014023041123064,0.2000000000000028,0.03,-1.769999999999996,0.0,0.0,0.0,0.0,0.0,0.0,0.0010147249561303,0.3000000000000113,5.551115123125783e-17,-1.6700000000000053
0.375,0.0,0.0,0.0,0.0,0.0,0.0,0.0014785992217899,0.2000000000000028,0.03,-1.8699999999999968,0.0,0.0,0.0,0.0,0.0,0.0,0.0010605020218204,0.3000000000000113,5.551115123125783e-17,-1.6700000000000053
0.4060000013560056,0.0,0.0,0.0,0.0,0.0,0.0,0.0015396353093766,0.2000000000000028,0.03,-1.8699999999999968,0.0,0.0,0.0,0.0,0.0,0.0,0.0012741283283741,0.3000000000000113,5.551115123125783e-17,-1.770000000000007
0.4060000013560056,0.0,0.0,0.0,0.0,0.0,0.0,0.0016617074845502,0.2000000000000028,0.03,-1.9699999999999989,0.0,0.0,0.0,0.0,0.0,0.0,0.0013199053940642,0.3000000000000113,5.551115123125783e-17,-1.770000000000007
0.4370000008493662,0.0,0.0,0.0,0.0,0.0,0.0,0.0017837796597238,0.2000000000000028,0.03,-1.9699999999999989,0.0,0.0,0.0,0.0,0.0,0.0,0.001380941481651,0.3000000000000113,5.551115123125783e-17,-1.8700000000000043
0.4529999997466802,0.0,0.0,0.0,0.0,0.0,0.0,0.0019211108567941,0.2000000000000028,0.03,-2.069999999999993,0.0,0.0,0.0,0.0,0.0,0.0,0.0015945677882047,0.3000000000000113,5.551115123125783e-17,-1.8700000000000043
0.4690000005066395,0.0,0.0,0.0,0.0,0.0,0.0,0.0021042191195544,0.2000000000000028,0.03,-2.069999999999993,0.0,0.0,0.0,0.0,0.0,0.0,0.0017776760509651,0.3000000000000113,5.551115123125783e-17,-1.970000000000006
0.4840000011026859,0.0,0.0,0.0,0.0,0.0,0.0,0.0021957732509346,0.2000000000000028,0.03,-2.1699999999999946,0.0,0.0,0.0,0.0,0.0,0.0,0.001884489204242,0.3000000000000113,5.551115123125783e-17,-1.970000000000006
0.5,0.0,0.0,0.0,0.0,0.0,0.0,0.0024399176012817,0.2000000000000028,0.03,-2.1699999999999946,0.0,0.0,0.0,0.0,0.0,0.0,0.0020370794232089,0.3000000000000113,5.551115123125783e-17,-2.0700000000000074
0.5150000005960464,0.0,0.0,0.0,0.0,0.0,0.0,0.0025467307545586,0.2000000000000028,0.03,-2.1699999999999946,0.0,0.0,0.0,0.0,0.0,0.0,0.0021744106202792,0.3000000000000113,5.551115123125783e-17,-2.0700000000000074
0.5310000013560057,0.0,0.0,0.0,0.0,0.0,0.0,0.0028061341268024,0.2000000000000028,0.03,-2.269999999999996,0.0,0.0,0.0,0.0,0.0,0.0,0.0024185549706263,0.3000000000000113,5.551115123125783e-17,-2.0700000000000074
0.5470000002533197,0.0,0.0,0.0,0.0,0.0,0.0,0.0029587243457694,0.2000000000000028,0.03,-2.269999999999996,0.0,0.0,0.0,0.0,0.0,0.0,0.0025558861676966,0.3000000000000113,5.551115123125783e-17,-2.1700000000000053
0.5620000008493662,0.0,0.0,0.0,0.0,0.0,0.0,0.003080796520943,0.2000000000000028,0.03,-2.269999999999996,0.0,0.0,0.0,0.0,0.0,0.0,0.0028458075837338,0.3000000000000113,5.551115123125783e-17,-2.1700000000000053
0.5779999997466803,0.0,0.0,0.0,0.0,0.0,0.0,0.0032639047837033,0.2000000000000028,0.03,-2.269999999999996,0.0,0.0,0.0,0.0,0.0,0.0,0.0030441748683909,0.3000000000000113,5.551115123125783e-17,-2.1700000000000053
0.5940000005066395,0.0,0.0,0.0,0.0,0.0,0.0,0.0035233081559472,0.2000000000000028,0.03,-2.369999999999997,0.0,0.0,0.0,0.0,0.0,0.0,0.0033493553063248,0.3000000000000113,5.551115123125783e-17,-2.2700000000000067
0.6090000011026859,0.0,0.0,0.0,0.0,0.0,0.0,0.0038132295719844,0.2000000000000028,0.03,-2.369999999999997,0.0,0.0,0.0,0.0,0.0,0.0,0.0035019455252918,0.3000000000000113,5.551115123125783e-17,-2.2700000000000067
0.6400000005960464,0.0,0.0,0.0,0.0,0.0,0.0,0.0040726329442282,0.2000000000000028,0.03,-2.369999999999997,0.0,0.0,0.0,0.0,0.0,0.0,0.0037308308537422,0.3000000000000113,5.551115123125783e-17,-2.2700000000000067
0.6560000013560057,0.0,0.0,0.0,0.0,0.0,0.0,0.0042252231631952,0.2000000000000028,0.03,-2.469999999999999,0.0,0.0,0.0,0.0,0.0,0.0,0.0039749752040894,0.3000000000000113,5.551115123125783e-17,-2.3700000000000045
0.6720000002533197,0.0,0.0,0.0,0.0,0.0,0.0,0.0042710002288853,0.2000000000000028,0.03,-2.469999999999999,0.0,0.0,0.0,0.0,0.0,0.0,0.0042496375982299,0.3000000000000113,5.551115123125783e-17,-2.3700000000000045
0.6870000008493662,0.0,0.0,0.0,0.0,0.0,0.0,0.0049423971923399,0.2000000000000028,0.03,-2.569999999999993,0.0,0.0,0.0,0.0,0.0,0.0,0.0045700770580605,0.3000000000000113,5.551115123125783e-17,-2.470000000000006
0.7029999997466803,0.0,0.0,0.0,0.0,0.0,0.0,0.0051865415426871,0.2000000000000028,0.03,-2.569999999999993,0.0,0.0,0.0,0.0,0.0,0.0,0.004997329671168,0.4000000000000057,5.551115123125783e-17,-2.470000000000006
0.7190000005066395,0.0,0.0,0.0,0.0,0.0,0.0,0.0055069810025177,0.2000000000000028,0.03,-2.569999999999993,0.0,0.0,0.0,0.0,0.0,0.0,0.005302510109102,0.4000000000000057,5.551115123125783e-17,-2.470000000000006
0.7340000011026859,0.0,0.0,0.0,0.0,0.0,0.0,0.0059037155718318,0.2000000000000028,0.03,-2.6699999999999946,0.0,0.0,0.0,0.0,0.0,0.0,0.0056839856565194,0.3000000000000113,5.551115123125783e-17,-2.5700000000000074
0.75,0.0,0.0,0.0,0.0,0.0,0.0,0.0062241550316624,0.2000000000000028,0.03,-2.6699999999999946,0.0,0.0,0.0,0.0,0.0,0.0,0.0059891660944533,0.3000000000000113,5.551115123125783e-17,-2.5700000000000074
0.7650000005960464,0.0,0.0,0.0,0.0,0.0,0.0,0.00669718471046,0.2000000000000028,0.03,-2.769999999999996,0.0,0.0,0.0,0.0,0.0,0.0,0.0078049897001602,0.4000000000000057,5.551115123125783e-17,-2.6700000000000053
0.7810000013560057,0.0,0.0,0.0,0.0,0.0,0.0,0.0071702143892576,0.2000000000000028,0.03,-2.769999999999996,0.0,0.0,0.0,0.0,0.0,0.0,0.0064774547951476,0.4000000000000057,5.551115123125783e-17,-2.6700000000000053
0.7970000002533197,0.0,0.0,0.0,0.0,0.0,0.0,0.007551689936675,0.2000000000000028,0.03,-2.769999999999996,0.0,0.0,0.0,0.0,0.0,0.0,0.0069047074082551,0.4000000000000057,5.551115123125783e-17,-2.6700000000000053
0.8120000008493662,0.0,0.0,0.0,0.0,0.0,0.0,0.0079636835278858,0.2000000000000028,0.03,-2.769999999999996,0.0,0.0,0.0,0.0,0.0,0.0,0.0074235141527428,0.3000000000000113,5.551115123125783e-17,-2.7700000000000067
0.8440000005066395,0.0,0.0,0.0,0.0,0.0,0.0,0.0083299000534065,0.2000000000000028,0.03,-2.869999999999997,0.0,0.0,0.0,0.0,0.0,0.0,0.0078049897001602,0.3000000000000113,5.551115123125783e-17,-2.7700000000000067
0.8590000011026859,0.0,0.0,0.0,0.0,0.0,0.0,0.0086198214694438,0.2000000000000028,0.03,-2.869999999999997,0.0,0.0,0.0,0.0,0.0,0.0,0.0091630426489662,0.4000000000000057,5.551115123125783e-17,-2.7700000000000067
0.875,0.0,0.0,0.0,0.0,0.0,0.0,0.0088487067978942,0.2000000000000028,0.03,-2.869999999999997,0.0,0.0,0.0,0.0,0.0,0.0,0.0098954757000076,0.4000000000000057,5.551115123125783e-17,-2.8700000000000045
0.8900000005960464,0.0,0.0,0.0,0.0,0.0,0.0,0.0090775921263447,0.0999999999999943,0.03,-2.969999999999999,0.0,0.0,0.0,0.0,0.0,0.0,0.010627908751049,0.3000000000000113,5.551115123125783e-17,-2.8700000000000045
0.9060000013560056,0.0,0.0,0.0,0.0,0.0,0.0,0.0093217364766918,0.0999999999999943,0.03,-2.969999999999999,0.0,0.0,0.0,0.0,0.0,0.0,0.0115587090867475,0.3000000000000113,5.551115123125783e-17,-2.970000000000006
0.9220000002533196,0.0,-0.0125,0.0,0.0,0.0,0.0,0.0095963988708324,0.0999999999999943,0.03,-3.069999999999993,0.0307,-0.0376,0.0,0.0,0.0,0.0,0.012489509422446,0.2000000000000028,5.551115123125783e-17,-3.0700000000000074
0.9370000008493662,0.0,-0.0696,0.0,0.0,0.0,0.0,0.0099931334401465,0.0,0.03,-3.069999999999993,0.1096,-0.0929,0.1289999999999996,0.0263,0.0,0.0,0.013542381933318,0.1000000000000085,5.551115123125783e-17,-3.0700000000000074
0.9529999997466804,0.0,-0.2387,0.2201999999999998,0.0,0.0591,0.2278,0.0103288319218738,0.0,0.03,-3.1699999999999946,0.2852,-0.3,0.4587999999999998,0.1338,0.0645,0.2098,0.0142595559624628,0.1000000000000085,5.551115123125783e-17,-3.1700000000000053
0.984000001102686,0.0,-0.4765,0.5158,0.0,0.2133,0.6232,0.0103898680094606,0.0,0.03,-3.1699999999999946,0.5438,-0.544,0.887,0.3112,0.2155,0.536,0.0145494773785,1.4210854715202004e-14,5.551115123125783e-17,-3.1700000000000053
1.0,0.0,-0.7211,0.8092,0.0,0.3549,1.0072,0.0110612649729152,-0.0999999999999943,0.03,-3.269999999999996,0.8394,-0.7758,1.3202,0.5023,0.3414,0.8386,0.0147936217288471,1.4210854715202004e-14,5.551115123125783e-17,-3.2700000000000067
1.0150000005960464,0.0,-0.9362,1.0808,0.0,0.5031,1.3616000000000001,0.0115190356298161,-0.0999999999999943,-0.0699999999999999,-3.269999999999996,1.1037,-0.9629,1.6786,0.6764,0.4376,1.082,0.0152666514076447,-0.0999999999999943,5.551115123125783e-17,-3.2700000000000067
1.0620000008493662,0.0,-1.3604,1.6288000000000002,0.0,0.8352,2.0783999999999994,0.0136095216296635,-0.2000000000000028,-0.0699999999999999,-3.469999999999999,1.3391,-1.1173,1.9584,0.8183,0.5315,1.2768,0.0155260547798886,-0.0999999999999943,5.551115123125783e-17,-3.3700000000000045
1.0779999997466805,0.0,-1.3956,1.6618000000000002,0.0,0.8451,2.1262,0.0147539482719157,-0.2000000000000028,-0.0699999999999999,-3.569999999999993,1.5299,-1.2604,2.2118,0.9617,0.6165,1.4776,0.0160448615243762,-0.1999999999999886,5.551115123125783e-17,-3.3700000000000045
1.0940000005066397,0.0,-1.4073,1.6700000000000002,0.0,0.8587,2.168,0.0156237125200274,-0.2000000000000028,-0.0699999999999999,-3.569999999999993,1.6034,-1.3079,2.3052,1.0193,0.6286,1.5515999999999999,0.016960402838178,-0.1999999999999886,5.551115123125783e-17,-3.5700000000000074
1.109000001102686,0.0,-1.4226,1.6778000000000002,0.0,0.8606,2.1996,0.0160204470893416,-0.2999999999999971,-0.0699999999999999,-3.569999999999993,1.6135,-1.321,2.3364,1.0391,0.6301,1.5818,0.017311360341802,-0.2999999999999971,5.551115123125783e-17,-3.5700000000000074
1.125,0.0,-1.43,1.6814,0.0,0.8752,2.2208,0.0166155489433127,-0.2999999999999971,-0.0699999999999999,-3.6699999999999946,1.6161,-1.3189,2.347,1.0507,0.6407,1.6016000000000001,0.0177996490424963,-0.2999999999999971,5.551115123125783e-17,-3.670000000000005
1.1400000005960464,0.0,-1.4518,1.6956,0.0,0.8778,2.221,0.0166918440527962,-0.2999999999999971,-0.0699999999999999,-3.6699999999999946,1.6287,-1.3284,2.356,1.0604,0.6513,1.6106,0.0185473411154345,-0.2999999999999971,-0.0999999999999999,-3.770000000000007
1.1720000002533195,0.0,-1.4401,1.6978000000000002,0.0,0.8812,2.2222,0.017103837644007,-0.2999999999999971,-0.0699999999999999,-3.769999999999996,1.6436,-1.3501,2.3686,1.0558,0.6408,1.6130000000000002,0.0185626001373311,-0.2999999999999971,-0.0999999999999999,-3.770000000000007
1.1870000008493662,0.0,-1.3749,1.6326,0.0,0.8184,2.1192,0.0172411688410773,-0.2999999999999971,-0.0699999999999999,-3.769999999999996,1.6189,-1.3128,2.3386,1.0565,0.6413,1.5912,0.0186083772030212,-0.2999999999999971,-0.0999999999999999,-3.870000000000005
1.2029999997466805,0.0,-1.1807,1.3646,0.0,0.6779,1.8062,0.0172411688410773,-0.2999999999999971,-0.0699999999999999,-3.869999999999997,1.4185,-1.1519,2.075,0.9429,0.5426,1.3914000000000002,0.0185626001373311,-0.2999999999999971,-0.0999999999999999,-3.970000000000006
1.234000001102686,0.0,-1.0719,1.1854000000000002,0.0,0.5928,1.6050000000000002,0.0172411688410773,-0.2999999999999971,-0.0699999999999999,-3.869999999999997,1.2027,-0.9994,1.7912,0.8057,0.4535,1.1932,0.0185473411154345,-0.2999999999999971,-0.0999999999999999,-3.970000000000006
1.25,0.0,-1.0465,1.1486,0.0,0.5793,1.5804,0.0167376211184863,-0.2999999999999971,-0.0699999999999999,-3.969999999999999,1.1522,-0.9788,1.7332,0.7918,0.4433,1.1714,0.0184863050278477,-0.1999999999999886,-0.0999999999999999,-4.070000000000007
1.2650000005960464,0.0,-1.0291,1.1312000000000002,0.0,0.5579,1.5680000000000003,0.0159594110017548,-0.2999999999999971,-0.0699999999999999,-3.969999999999999,1.1245,-0.9793,1.7329999999999999,0.7972,0.4464,1.1718000000000002,0.0183947508964675,-0.1999999999999886,-0.0999999999999999,-4.070000000000007
1.2810000013560057,0.0,-1.0227,1.1334,0.0,0.5517,1.5584,0.0158678568703746,-0.2999999999999971,-0.0699999999999999,-3.969999999999999,1.1181,-0.9716,1.7192,0.7844,0.4519,1.1618,0.0183489738307774,-0.1999999999999886,-0.0999999999999999,-4.170000000000005
1.2970000002533195,0.0,-1.0123,1.1392000000000002,0.0,0.5424,1.5226,0.0158678568703746,-0.2999999999999971,-0.0699999999999999,-3.969999999999999,1.1263,-0.9718,1.7345999999999997,0.7661,0.438,1.1498,0.0183489738307774,-0.1999999999999886,-0.0999999999999999,-4.270000000000007
1.3120000008493662,0.0,-1.0194,1.1486,0.0,0.541,1.5080000000000002,0.0158525978484779,-0.2999999999999971,-0.0699999999999999,-4.069999999999993,1.1482,-0.9719,1.7474,0.7547,0.4512,1.1444,0.0177843900205996,-0.1999999999999886,-0.0999999999999999,-4.270000000000007
1.3440000005066397,0.0,-1.0136,1.1462,0.0,0.5417,1.5077999999999998,0.0158068207827878,-0.2999999999999971,-0.0699999999999999,-4.069999999999993,1.1368,-0.9653,1.736,0.749,0.4449,1.1452,0.0177233539330128,-0.1999999999999886,-0.0999999999999999,-4.3700000000000045
1.359000001102686,0.0,-0.9994,1.1332000000000002,0.0,0.5381,1.5212,0.0158068207827878,-0.4000000000000057,0.03,-4.069999999999993,1.1344,-0.9776,1.7380000000000002,0.761,0.4413,1.15,0.0176623178454261,-0.1999999999999886,-0.0999999999999999,-4.3700000000000045
1.375,0.0,-1.0168,1.112,0.0,0.5338,1.5326000000000002,0.0158068207827878,-0.4000000000000057,0.03,-4.069999999999993,1.1186,-0.9783,1.7394,0.7717,0.4451,1.1548,0.0176623178454261,-0.1999999999999886,-0.0999999999999999,-4.470000000000006
1.4060000013560057,0.0,-0.9998,1.1128000000000002,0.0,0.5358,1.5304000000000002,0.0158068207827878,-0.4000000000000057,0.03,-4.169999999999995,1.1154,-0.9767,1.7384000000000002,0.7621,0.4403,1.156,0.0176623178454261,-0.0999999999999943,-0.0999999999999999,-4.570000000000007
1.4220000002533195,0.0,-1.0153,1.1264,0.0,0.5378,1.5350000000000001,0.0158525978484779,-0.4000000000000057,0.03,-4.169999999999995,1.1196,-0.981,1.7446,0.7719,0.4425,1.1532,0.0176623178454261,-0.0999999999999943,-0.0999999999999999,-4.570000000000007
1.4370000008493662,0.0,-1.0024,1.1274,0.0,0.5348,1.5224,0.015745784695201,-0.4000000000000057,0.03,-4.169999999999995,1.1275,-0.9776,1.7482,0.7611,0.4499,1.1448,0.0176623178454261,-0.0999999999999943,-0.0999999999999999,-4.670000000000005
1.4529999997466805,0.0,-1.0003,1.1342,0.0,0.5426,1.5089999999999997,0.015745784695201,-0.4000000000000057,0.03,-4.169999999999995,1.1358,-0.9781,1.7451999999999999,0.7549,0.445,1.148,0.0176928358892195,-0.0999999999999943,-0.1999999999999999,-4.770000000000007
1.484000001102686,0.0,-1.0158,1.1356,0.0,0.5365,1.5233999999999999,0.015593194476234,-0.4000000000000057,0.03,-4.169999999999995,1.1211,-0.961,1.7426000000000001,0.7532,0.4448,1.1494000000000002,0.0177996490424963,-0.0999999999999943,-0.1999999999999999,-4.8700000000000045
1.5,0.0,-1.0096,1.1254,0.0,0.5328,1.5270000000000001,0.015593194476234,-0.5,0.03,-4.169999999999995,1.1226,-0.9691,1.7535999999999998,0.7598,0.4456,1.1524,0.0177996490424963,-0.0999999999999943,-0.1999999999999999,-4.8700000000000045
1.5150000005960464,0.0,-1.0199,1.1144,0.0,0.5397,1.5398000000000003,0.015593194476234,-0.5,0.03,-4.169999999999995,1.1149,-0.978,1.7442,0.7623,0.4351,1.1498,0.0177996490424963,-0.0999999999999943,-0.1999999999999999,-4.970000000000006
1.5310000013560057,0.0,-1.0055,1.126,0.0,0.5307,1.5316,0.015593194476234,-0.5,0.03,-4.269999999999996,1.1111,-0.9712,1.7492,0.767,0.4377,1.1552,0.0177996490424963,-0.0999999999999943,-0.1999999999999999,-5.070000000000007
1.5470000002533195,0.0,-1.0123,1.132,0.0,0.547,1.524,0.015593194476234,-0.5,0.03,-4.269999999999996,1.1326,-0.994,1.7573999999999999,0.7596,0.4456,1.1588,0.0177843900205996,-0.0999999999999943,-0.1999999999999999,-5.070000000000007
1.5779999997466805,0.0,-1.0098,1.1356,0.0,0.5333,1.5218,0.0156084534981307,-0.5,0.13,-4.269999999999996,1.125,-0.981,1.7522000000000002,0.7628,0.4453,1.148,0.0177843900205996,-0.0999999999999943,-0.1999999999999999,-5.170000000000005
1.5940000005066397,0.0,-1.007,1.1376,0.0,0.5391,1.5276000000000003,0.0156084534981307,-0.5,0.13,-4.269999999999996,1.1348,-0.9825,1.7508,0.7536,0.4401,1.146,0.0177996490424963,-0.0999999999999943,-0.1999999999999999,-5.170000000000005
1.609000001102686,0.0,-1.0063,1.1274,0.0,0.5348,1.526,0.0156694895857175,-0.5999999999999943,0.13,-4.269999999999996,1.1281,-0.9831,1.7562000000000006,0.754,0.4462,1.158,0.0177843900205996,-0.0999999999999943,-0.1999999999999999,-5.270000000000007
1.625,0.0,-1.0104,1.1286,0.0,0.5416,1.5368000000000002,0.0156694895857175,-0.5999999999999943,0.13,-4.269999999999996,1.133,-0.9841,1.7611999999999999,0.7664,0.4344,1.153,0.0177843900205996,-0.0999999999999943,-0.1999999999999999,-5.270000000000007
1.6400000005960464,0.0,-1.0063,1.134,0.0,0.5377,1.5422,0.0156694895857175,-0.5999999999999943,0.13,-4.269999999999996,1.119,-0.9853,1.7488000000000001,0.7696,0.4462,1.1574,0.0177080949111161,-0.0999999999999943,-0.1999999999999999,-5.270000000000007
1.6720000002533195,0.0,-1.011,1.1338,0.0,0.5271,1.5236,0.0156694895857175,-0.5999999999999943,0.13,-4.269999999999996,1.1274,-0.9821,1.7627999999999997,0.7593,0.4382,1.1472,0.0177080949111161,-0.0999999999999943,-0.1999999999999999,-5.3700000000000045
1.6870000008493662,0.0,-1.0131,1.1314,0.0,0.5373,1.524,0.0156694895857175,-0.5999999999999943,0.13,-4.269999999999996,1.1278,-0.977,1.7582000000000002,0.753,0.4507,1.1492,0.0177080949111161,-0.0999999999999943,-0.1999999999999999,-5.3700000000000045
1.7029999997466805,0.0,-1.0098,1.1326,0.0,0.5373,1.5242000000000002,0.0157305256733043,-0.7000000000000028,0.13,-4.269999999999996,1.1322,-0.9847,1.7633999999999999,0.7581,0.4464,1.1434000000000002,0.0177080949111161,-0.0999999999999943,-0.1999999999999999,-5.3700000000000045
1.7190000005066397,0.0,-1.0111,1.1382,0.0,0.5324,1.5114,0.0158525978484779,-0.7000000000000028,0.13,-4.269999999999996,1.1231,-0.9866,1.7591999999999999,0.7603,0.4609,1.158,0.0177080949111161,-0.0999999999999943,-0.0999999999999999,-5.3700000000000045
1.75,0.0,-1.0152,1.1334,0.0,0.5338,1.5364000000000002,0.0158525978484779,-0.7000000000000028,0.13,-4.369999999999997,1.1276,-0.9929,1.7616000000000003,0.7672,0.4568,1.1588,0.0177080949111161,-0.0999999999999943,-0.0999999999999999,-5.3700000000000045
1.7650000005960464,0.0,-1.0114,1.1302,0.0,0.5286,1.5368000000000002,0.0158373388265812,-0.7000000000000028,0.13,-4.369999999999997,1.123,-0.9819,1.7652,0.7659,0.4456,1.1590000000000005,0.0177080949111161,-0.0999999999999943,-0.0999999999999999,-5.470000000000006
1.7810000013560057,0.0,-1.0161,1.1432,0.0,0.5341,1.5293999999999999,0.0156847486076142,-0.7000000000000028,0.13,-4.369999999999997,1.1242,-0.9844,1.7633999999999999,0.7642,0.4483,1.1556000000000002,0.0177233539330128,-0.0999999999999943,-0.0999999999999999,-5.470000000000006
1.7970000002533195,0.0,-1.0074,1.1178,0.0,0.5439,1.5355999999999999,0.0156847486076142,-0.7000000000000028,0.13,-4.369999999999997,1.115,-0.98,1.7706,0.7562,0.4455,1.1506,0.0177080949111161,-0.0999999999999943,-0.0999999999999999,-5.470000000000006
1.8120000008493664,0.0,-1.0163,1.1322,0.0,0.5308,1.5292000000000001,0.0156694895857175,-0.7000000000000028,0.13,-4.369999999999997,1.1265,-0.9756,1.7664000000000002,0.7628,0.4613,1.1544,0.0177233539330128,-0.0999999999999943,-0.0999999999999999,-5.570000000000007
1.8279999997466805,0.0,-1.0242,1.1302,0.0,0.5415,1.5400000000000003,0.0156694895857175,-0.7000000000000028,0.13,-4.469999999999999,1.1312,-0.9916,1.7699999999999998,0.7694,0.4585,1.1622,0.0177538719768062,-0.0999999999999943,-0.0999999999999999,-5.570000000000007
1.859000001102686,0.0,-1.0073,1.1326,0.0,0.5323,1.534,0.0156694895857175,-0.7000000000000028,0.13,-4.469999999999999,1.1249,-0.9806,1.7644,0.7636,0.4383,1.1584,0.0177538719768062,-0.0999999999999943,-0.0999999999999999,-5.670000000000005
1.875,0.0,-1.0181,1.1228,0.0,0.538,1.539,0.0156694895857175,-0.7000000000000028,0.13,-4.469999999999999,1.1231,-0.9962,1.7796,0.7638,0.4497,1.1572,0.0177538719768062,-0.0999999999999943,-0.0999999999999999,-5.670000000000005
1.8900000005960464,0.0,-1.0108,1.1354,0.0,0.5379,1.5376,0.0156694895857175,-0.7000000000000028,0.13,-4.469999999999999,1.132,-0.9873,1.7670000000000001,0.7678,0.4476,1.1552,0.0177538719768062,-0.0999999999999943,-0.0999999999999999,-5.770000000000007
1.92200000025332,0.0,-1.0132,1.1254,0.0,0.5401,1.5314000000000003,0.0156694895857175,-0.7000000000000028,0.13,-4.569999999999993,1.1266,-0.9843,1.7722,0.7705,0.4498,1.1508,0.0177538719768062,-0.0999999999999943,-0.0999999999999999,-5.770000000000007
1.9370000008493664,0.0,-1.0176,1.1264,0.0,0.529,1.5282,0.0156694895857175,-0.7000000000000028,0.13,-4.569999999999993,1.1272,-0.9839,1.7748,0.7565,0.4455,1.1526,0.017814908064393,-0.0999999999999943,-0.0999999999999999,-5.8700000000000045
1.9529999997466805,0.0,-1.0235,1.1398,0.0,0.536,1.537,0.0156542305638208,-0.7000000000000028,0.13,-4.669999999999995,1.1242,-0.9811,1.7676,0.7667,0.4592,1.1514000000000002,0.0177538719768062,-0.0999999999999943,-0.0999999999999999,-5.970000000000006
1.96900000050664,0.0,-1.0182,1.1366,0.0,0.5371,1.5355999999999999,0.0156694895857175,-0.7000000000000028,0.13,-4.669999999999995,1.1489,-0.9955,1.7748,0.7665,0.4487,1.1462,0.0177691309987029,-0.0999999999999943,-0.0999999999999999,-6.070000000000007
1.984000001102686,0.0,-1.0197,1.1348,0.0,0.5385,1.5186,0.0156847486076142,-0.7000000000000028,0.13,-4.769999999999996,1.1286,-0.9867,1.7642,0.763,0.456,1.1548,0.0177691309987029,-0.0999999999999943,-0.0999999999999999,-6.070000000000007
2.0,0.0,-1.0054,1.1216000000000002,0.0,0.5323,1.5444000000000002,0.0156847486076142,-0.7000000000000028,0.13,-4.769999999999996,1.1293,-0.9888,1.7736,0.7785,0.455,1.1738000000000002,0.0177080949111161,-0.0999999999999943,-0.0999999999999999,-6.170000000000005
2.0310000013560057,0.0,-1.0239,1.1448,0.0,0.5309,1.5393999999999999,0.0156847486076142,-0.7000000000000028,0.13,-4.769999999999996,1.1307,-0.9856,1.7671999999999999,0.771,0.4548,1.1586,0.0177080949111161,-0.0999999999999943,-0.0999999999999999,-6.170000000000005
2.04700000025332,0.0,-1.0177,1.1408,0.0,0.541,1.5373999999999999,0.015745784695201,-0.7000000000000028,0.13,-4.869999999999997,1.1245,-0.9895,1.7646,0.7748,0.4468,1.1566,0.0177080949111161,-0.0999999999999943,-0.0999999999999999,-6.270000000000007
2.062000000849366,0.0,-1.0126,1.1396,0.0,0.5227,1.5292000000000001,0.0157610437170977,-0.7000000000000028,0.13,-4.869999999999997,1.1292,-0.9937,1.7686,0.7614,0.4571,1.1604,0.0177080949111161,-0.0999999999999943,-0.0999999999999999,-6.270000000000007
2.0940000005066395,0.0,-1.023,1.1374,0.0,0.5366,1.531,0.0158831158922713,-0.5999999999999943,0.03,-5.069999999999993,1.1329,-0.9947,1.7670000000000001,0.7708,0.4565,1.1624000000000003,0.0177691309987029,-0.0999999999999943,-0.0999999999999999,-6.3700000000000045
2.109000001102686,0.0,-1.0136,1.1278,0.0,0.5387,1.5344000000000007,0.0158831158922713,-0.5999999999999943,0.03,-5.069999999999993,1.129,-0.9896,1.7708000000000002,0.7702,0.4491,1.1646,0.0177996490424963,-0.0999999999999943,-0.0999999999999999,-6.3700000000000045
2.125,0.0,-1.0164,1.1328,0.0,0.5415,1.5412,0.0157610437170977,-0.5999999999999943,0.03,-5.169999999999995,1.1287,-0.9904,1.7614,0.7539,0.4481,1.1608,0.0177996490424963,-0.0999999999999943,-0.0999999999999999,-6.470000000000006
2.1400000005960464,0.0,-1.0093,1.132,0.0,0.5296,1.5373999999999999,0.0157610437170977,-0.5,0.03,-5.269999999999996,1.1229,-0.9721,1.7622000000000002,0.7689,0.4425,1.155,0.0177996490424963,-0.0999999999999943,-0.0999999999999999,-6.470000000000006
2.1560000013560057,0.0,-1.0197,1.1372000000000002,0.0,0.5359,1.5352,0.0157305256733043,-0.5,0.03,-5.269999999999996,1.1257,-0.988,1.7778,0.7646,0.4567,1.1576000000000002,0.0177996490424963,-0.0999999999999943,-0.0999999999999999,-6.570000000000007
2.17200000025332,0.0,-1.0206,1.1368,0.0,0.5377,1.5344000000000007,0.0157305256733043,-0.5,0.03,-5.369999999999997,1.1379,-0.988,1.7688,0.7713,0.4478,1.1696000000000002,0.0177996490424963,-0.0999999999999943,-0.0999999999999999,-6.570000000000007
2.2029999997466803,0.0,-1.0163,1.1324,0.0,0.5358,1.5422,0.0157152666514076,-0.5,0.03,-5.369999999999997,1.1306,-0.9717,1.768,0.7622,0.4493,1.1624000000000003,0.0177538719768062,-0.0999999999999943,-0.0999999999999999,-6.670000000000005
2.2190000005066395,0.0,-1.0195,1.1438,0.0,0.5339,1.5388,0.0157152666514076,-0.5,0.03,-5.469999999999999,1.14,-0.9903,1.7738000000000005,0.7667,0.4463,1.153,0.0177538719768062,-0.0999999999999943,-0.0999999999999999,-6.670000000000005
2.234000001102686,0.0,-1.0218,1.1306,0.0,0.5285,1.5424,0.0157152666514076,-0.5,-0.0699999999999999,-5.569999999999993,1.1254,-0.9768,1.765,0.7686,0.4503,1.1578,0.0177538719768062,1.4210854715202004e-14,-0.0999999999999999,-6.770000000000007
2.25,0.0,-1.0187,1.1328,0.0,0.5441,1.5498,0.0157152666514076,-0.4000000000000057,-0.0699999999999999,-5.669999999999995,1.1284,-0.98,1.7614,0.7646,0.4637,1.1506,0.0177843900205996,1.4210854715202004e-14,-0.0999999999999999,-6.770000000000007
2.2650000005960464,0.0,-1.0234,1.1304,0.0,0.5352,1.5544,0.0157152666514076,-0.4000000000000057,-0.0699999999999999,-5.669999999999995,1.1259,-0.981,1.7564,0.7599,0.4558,1.1544,0.0177843900205996,1.4210854715202004e-14,-0.0999999999999999,-6.8700000000000045
2.29700000025332,0.0,-1.0134,1.1270000000000002,0.0,0.5412,1.5609999999999993,0.0157152666514076,-0.4000000000000057,-0.0699999999999999,-5.769999999999996,1.1298,-0.9784,1.7684000000000006,0.7685,0.4528,1.1616000000000002,0.0177386129549095,1.4210854715202004e-14,-0.0999999999999999,-6.970000000000006
2.312000000849366,0.0,-1.0226,1.1376,0.0,0.5361,1.5518,0.0156847486076142,-0.2999999999999971,-0.0699999999999999,-5.869999999999997,1.1276,-0.9799,1.7619999999999998,0.7593,0.4565,1.153,0.0176928358892195,1.4210854715202004e-14,-0.1999999999999999,-6.970000000000006
2.3279999997466803,0.0,-1.0386,1.1398,0.0,0.543,1.5488000000000002,0.0157152666514076,-0.2999999999999971,-0.0699999999999999,-5.969999999999999,1.1321,-0.9856,1.7636,0.7729,0.453,1.1506,0.0176928358892195,1.4210854715202004e-14,-0.1999999999999999,-6.970000000000006
2.3440000005066395,0.0,-1.0366,1.1454000000000002,0.0,0.5406,1.5522000000000002,0.0157152666514076,-0.2999999999999971,-0.0699999999999999,-6.069999999999993,1.1312,-0.9786,1.7611999999999999,0.745,0.4471,1.1494000000000002,0.0176775768673228,-0.0999999999999943,-0.0999999999999999,-7.070000000000007
2.375,0.0,-1.026,1.149,0.0,0.5483,1.5412,0.0157305256733043,-0.2999999999999971,-0.1699999999999999,-6.069999999999993,1.1464,-0.9841,1.7708000000000002,0.7477,0.4497,1.1542,0.0176470588235294,-0.0999999999999943,-0.0999999999999999,-7.070000000000007
2.3900000005960464,0.0,-1.0281,1.1494000000000002,0.0,0.5365,1.5204000000000002,0.0158068207827878,-0.2999999999999971,-0.1699999999999999,-6.169999999999995,1.1449,-0.9795,1.7786000000000002,0.7329,0.4504,1.1464,0.017616540779736,-0.0999999999999943,-0.0999999999999999,-7.070000000000007
2.4060000013560057,0.0,-1.0151,1.1668,0.0,0.5462,1.4962,0.0158068207827878,-0.2000000000000028,-0.1699999999999999,-6.269999999999996,1.1668,-0.9713,1.7770000000000001,0.7254,0.4412,1.1438,0.017616540779736,-0.0999999999999943,-0.0999999999999999,-7.170000000000005
2.42200000025332,0.0,-1.0085,1.2186000000000001,0.0,0.5339,1.4396000000000002,0.0158373388265812,-0.2000000000000028,-0.1699999999999999,-6.369999999999997,1.1854,-0.9738,1.7832,0.7161,0.4492,1.1402,0.017616540779736,-0.0999999999999943,-0.0999999999999999,-7.170000000000005
2.437000000849366,0.0,-1.0047,1.2378,0.0,0.5298,1.4006,0.0157610437170977,-0.2000000000000028,-0.1699999999999999,-6.469999999999999,1.2098,-0.9779,1.8056,0.686,0.4621,1.128,0.0175402456702525,-0.0999999999999943,-0.0999999999999999,-7.170000000000005
2.4529999997466803,0.0,-0.9955,1.272,0.0,0.524,1.3608,0.0154253452353704,-0.2000000000000028,-0.1699999999999999,-6.569999999999993,1.2321,-0.9698,1.8108,0.6753,0.4567,1.1174000000000002,0.0175249866483558,-0.0999999999999943,-0.0999999999999999,-7.170000000000005
2.484000001102686,0.0,-0.9882,1.2832000000000001,0.0,0.5274,1.3488,0.0147234302281224,-0.0999999999999943,-0.1699999999999999,-6.569999999999993,1.2462,-0.9617,1.8088,0.6542,0.4565,1.117,0.0171435111009384,-0.0999999999999943,-0.0999999999999999,-7.270000000000007
2.5,0.0,-0.9829,1.2864,0.0,0.5163,1.328,0.014387731746395,-0.0999999999999943,-0.1699999999999999,-6.669999999999995,1.2477,-0.9499,1.8244,0.6439,0.4583,1.1046,0.0170366979476615,-0.0999999999999943,-0.0999999999999999,-7.270000000000007
2.5150000005960464,0.0,-0.985,1.304,0.0,0.5264,1.3144,0.0142809185931182,-0.0999999999999943,-0.1699999999999999,-6.769999999999996,1.2591,-0.954,1.8224,0.6409,0.4552,1.1048,0.0170061799038681,-0.0999999999999943,-0.0999999999999999,-7.270000000000007
2.54700000025332,0.0,-0.9799,1.3148000000000002,0.0,0.5255,1.3034000000000001,0.0141435873960479,-0.0999999999999943,-0.1699999999999999,-6.769999999999996,1.2619,-0.9486,1.843,0.6361,0.4628,1.1086,0.0170061799038681,-0.0999999999999943,-0.0999999999999999,-7.270000000000007
2.562000000849366,0.0,-0.9674,1.3204,0.0,0.5216,1.2882,0.0139757381551842,-0.0999999999999943,-0.1699999999999999,-6.869999999999997,1.2658,-0.9543,1.8286,0.6402,0.4698,1.1032000000000002,0.0170061799038681,-0.0999999999999943,-0.0999999999999999,-7.370000000000003
2.5779999997466803,0.0,-0.9652,1.3202,0.0,0.5233,1.2790000000000001,0.0139604791332875,-0.0999999999999943,-0.1699999999999999,-6.869999999999997,1.2746,-0.9591,1.8346,0.6233,0.4554,1.0916,0.0170061799038681,-0.0999999999999943,-0.0999999999999999,-7.370000000000003
2.5940000005066395,0.0,-0.9666,1.3252,0.0,0.5251,1.2738,0.0139452201113908,-0.0999999999999943,-0.1699999999999999,-6.969999999999995,1.2755,-0.956,1.8348,0.6331,0.4532,1.0894,0.0170061799038681,-0.0999999999999943,-0.0999999999999999,-7.470000000000006
2.609000001102686,0.0,-0.9694,1.3362,0.0,0.5294,1.2646,0.0138994430457007,-0.0999999999999943,-0.1699999999999999,-6.969999999999995,1.2887,-0.9609,1.8448,0.6257,0.4716,1.0906,0.0170061799038681,-0.0999999999999943,-0.0999999999999999,-7.470000000000006
2.625,0.0,-0.9647,1.3394000000000001,0.0,0.5291,1.2668,0.0138078889143206,-0.0999999999999943,-0.2699999999999999,-7.069999999999997,1.282,-0.9458,1.8296,0.6161,0.4592,1.0998,0.0169756618600747,-0.0999999999999943,-0.0999999999999999,-7.570000000000007
2.6560000013560057,0.0,-0.9741,1.3568000000000007,0.0,0.5251,1.2582,0.0137468528267338,-0.0999999999999943,-0.2699999999999999,-7.169999999999995,1.2995,-0.9442,1.845,0.614,0.4632,1.0938,0.0168383306630045,-0.0999999999999943,-0.0999999999999999,-7.570000000000007
2.67200000025332,0.0,-0.9638,1.3639999999999999,0.0,0.523,1.2442,0.0137468528267338,-0.0999999999999943,-0.1699999999999999,-7.269999999999996,1.291,-0.9394,1.8534,0.6138,0.4648,1.0986000000000002,0.0168230716411078,-0.0999999999999943,-0.0999999999999999,-7.670000000000009
2.687000000849366,0.0,-0.9569,1.3654,0.0,0.5217,1.2398,0.0137468528267338,-0.0999999999999943,-0.1699999999999999,-7.269999999999996,1.2934,-0.9362,1.849,0.606,0.4673,1.0898,0.0168078126192111,-0.0999999999999943,-0.0999999999999999,-7.770000000000003
2.7190000005066395,0.0,-0.9694,1.3622000000000003,0.0,0.5361,1.2398,0.0137468528267338,-0.0999999999999943,-0.1699999999999999,-7.269999999999996,1.3033,-0.9448,1.8448,0.6102,0.4566,1.0946,0.0167315175097276,-0.0999999999999943,-0.0999999999999999,-7.770000000000003
2.734000001102686,0.0,-0.9604,1.3608,0.0,0.5226,1.2449999999999999,0.0137468528267338,-0.0999999999999943,-0.1699999999999999,-7.369999999999997,1.3091,-0.9445,1.844,0.6002,0.4616,1.0888,0.0167315175097276,-0.0999999999999943,-0.0999999999999999,-7.870000000000003
2.75,0.0,-0.9628,1.3738000000000001,0.0,0.533,1.2292,0.0137010757610437,-0.0999999999999943,-0.1699999999999999,-7.369999999999997,1.2984,-0.9459,1.8556,0.59,0.4596,1.082,0.0167315175097276,-0.0999999999999943,-0.0999999999999999,-7.970000000000006
2.7650000005960464,0.0,-0.9626,1.3662,0.0,0.5269,1.2204,0.013685816739147,-0.0999999999999943,-0.1699999999999999,-7.469999999999995,1.304,-0.9332,1.8462,0.6114,0.4647,1.0862,0.0167162584878309,-0.0999999999999943,-0.0999999999999999,-7.970000000000006
2.7810000013560057,0.0,-0.9613,1.3678,0.0,0.5279,1.2256,0.0135637445639734,-0.0999999999999943,-0.1699999999999999,-7.469999999999995,1.3104,-0.9422,1.8542,0.6014,0.4694,1.0958,0.0166857404440375,-0.0999999999999943,-0.0999999999999999,-8.070000000000007
2.79700000025332,0.0,-0.962,1.3841999999999999,0.0,0.5235,1.2268000000000001,0.0133806363012131,-0.0999999999999943,-0.1699999999999999,-7.469999999999995,1.3128,-0.9519,1.8614,0.5957,0.4649,1.0838,0.016609445334554,-0.0999999999999943,-0.0999999999999999,-8.070000000000007
2.8279999997466803,0.0,-0.9525,1.3760000000000001,0.0,0.5269,1.2156,0.0132890821698329,-0.0999999999999943,-0.1699999999999999,-7.569999999999997,1.3107,-0.9412,1.848,0.5918,0.4694,1.0858,0.0165484092469672,-0.0999999999999943,-0.0999999999999999,-8.170000000000009
2.8440000005066395,0.0,-0.9529,1.385,0.0,0.5301,1.2192,0.0131364919508659,-0.0999999999999943,-0.1699999999999999,-7.569999999999997,1.3103,-0.9392,1.8544,0.5948,0.4642,1.0942,0.016609445334554,-0.0999999999999943,-0.0999999999999999,-8.170000000000009
2.859000001102686,0.0,-0.9577,1.3872,0.0,0.5324,1.2129999999999999,0.0129991607537957,-0.0999999999999943,-0.1699999999999999,-7.569999999999997,1.3109,-0.9396,1.8518,0.6034,0.4695,1.0778,0.0165026321812771,-0.0999999999999943,-0.0999999999999999,-8.270000000000003
2.8900000005960464,0.0,-0.9632,1.3789999999999998,0.0,0.5337,1.2116,0.0129686427100023,-0.0999999999999943,-0.1699999999999999,-7.669999999999995,1.3024,-0.9261,1.8474,0.5921,0.4679,1.0858,0.016456855115587,-0.0999999999999943,-0.0999999999999999,-8.270000000000003
2.9060000013560057,0.0,-0.9579,1.3958000000000002,0.0,0.5254,1.2112000000000005,0.0129076066224155,-0.0999999999999943,-0.1699999999999999,-7.669999999999995,1.3151,-0.933,1.8622,0.5899,0.4677,1.0824,0.016456855115587,-0.0999999999999943,-0.0999999999999999,-8.270000000000003
2.92200000025332,0.0,-0.9542,1.3908000000000005,0.0,0.5192,1.2092,0.0128465705348287,-0.0999999999999943,-0.1699999999999999,-7.669999999999995,1.329,-0.9393,1.8582,0.5941,0.4641,1.0834,0.016456855115587,-0.0999999999999943,-0.0999999999999999,-8.370000000000005
2.937000000849366,0.0,-0.9564,1.3958000000000002,0.0,0.5314,1.1926,0.0128160524910353,-0.2000000000000028,-0.1699999999999999,-7.669999999999995,1.3177,-0.9375,1.8618,0.5882,0.4605,1.073,0.016456855115587,-0.0999999999999943,-0.0999999999999999,-8.370000000000005
2.9529999997466803,0.0,-0.9561,1.3962,0.0,0.5265,1.2056,0.0128160524910353,-0.2000000000000028,-0.1699999999999999,-7.769999999999996,1.3303,-0.9493,1.8648,0.5806,0.4623,1.078,0.0163653009842069,-0.0999999999999943,-0.0999999999999999,-8.370000000000005
2.9690000005066395,0.0,-0.9433,1.4004,0.0,0.5308,1.2108,0.0126482032501716,-0.2000000000000028,-0.1699999999999999,-7.769999999999996,1.3169,-0.9268,1.8552,0.5928,0.4603,1.0814,0.0161516746776531,-0.0999999999999943,-0.0999999999999999,-8.470000000000006
3.0,0.0,-0.9652,1.3992000000000002,0.0,0.5251,1.1962000000000002,0.0125719081406882,-0.2000000000000028,-0.1699999999999999,-7.769999999999996,1.3182,-0.9364,1.8492,0.5851,0.4548,1.0814,0.0160906385900663,-0.0999999999999943,-0.0999999999999999,-8.470000000000006
3.0150000005960464,0.0,-0.9473,1.3921999999999999,0.0,0.5271,1.1896,0.0124498359655146,-0.2000000000000028,-0.1699999999999999,-7.869999999999997,1.3273,-0.9333,1.8576,0.5845,0.4649,1.0798,0.0158770122835126,-0.0999999999999943,-0.0999999999999999,-8.570000000000007
3.0310000013560057,0.0,-0.9534,1.4014,0.0,0.5318,1.1972,0.0123887998779278,-0.2000000000000028,-0.0699999999999999,-7.869999999999997,1.3294,-0.9333,1.8592,0.5897,0.4677,1.0794,0.0158464942397192,-0.0999999999999943,-0.0999999999999999,-8.570000000000007
3.062000000849366,0.0,-0.9504,1.398,0.0,0.5314,1.1916,0.0123430228122377,-0.2000000000000028,-0.0699999999999999,-7.869999999999997,1.324,-0.9361,1.8584,0.5806,0.4624,1.0742,0.0158464942397192,-0.0999999999999943,-0.0999999999999999,-8.570000000000007
3.0779999997466803,0.0,-0.9531,1.4074,0.0,0.5203,1.1842,0.0120531013962005,-0.2000000000000028,-0.0699999999999999,-7.969999999999995,1.331,-0.9342,1.8756,0.5746,0.4618,1.0788000000000002,0.0157091630426489,-0.0999999999999943,-0.0999999999999999,-8.670000000000009
3.0940000005066395,0.0,-0.948,1.4098,0.0,0.5217,1.1898,0.011976806286717,-0.2999999999999971,-0.0699999999999999,-7.969999999999995,1.3283,-0.9335,1.8554,0.5751,0.471,1.0824,0.0157091630426489,-0.0999999999999943,-0.0999999999999999,-8.670000000000009
3.109000001102686,0.0,-0.9466,1.4088,0.0,0.5304,1.1908,0.01182421606775,-0.2999999999999971,-0.0699999999999999,-7.969999999999995,1.3205,-0.9225,1.8524,0.5877,0.461,1.0838,0.0155107957579919,-0.0999999999999943,-0.0999999999999999,-8.770000000000003
3.125,0.0,-0.953,1.4100000000000001,0.0,0.5233,1.1984,0.0115190356298161,-0.2999999999999971,-0.0699999999999999,-7.969999999999995,1.3324,-0.94,1.8626,0.5764,0.4548,1.0848,0.0154192416266117,-0.0999999999999943,-0.0999999999999999,-8.770000000000003
3.1400000005960464,0.0,-0.9505,1.4048,0.0,0.5216,1.1758000000000002,0.011473258564126,-0.2999999999999971,-0.0699999999999999,-8.069999999999997,1.3382,-0.9421,1.8660000000000003,0.5794,0.4694,1.0792,0.0151293202105745,-0.1999999999999886,-0.0999999999999999,-8.770000000000003
3.17200000025332,0.0,-0.9545,1.4136,0.0,0.5371,1.1900000000000002,0.011473258564126,-0.2999999999999971,-0.0699999999999999,-8.069999999999997,1.3306,-0.9257,1.8566,0.5739,0.4618,1.0716,0.0149462119478141,-0.1999999999999886,-0.0999999999999999,-8.870000000000005
3.187000000849366,0.0,-0.9528,1.4080000000000001,0.0,0.5188,1.1784,0.0114579995422293,-0.2999999999999971,-0.0699999999999999,-8.069999999999997,1.3317,-0.9294,1.8595999999999997,0.58,0.458,1.0844000000000005,0.0149462119478141,-0.1999999999999886,-0.0999999999999999,-8.870000000000005
3.2029999997466803,0.0,-0.9542,1.4174,0.0,0.5312,1.1838000000000002,0.0114274814984359,-0.2999999999999971,-0.0699999999999999,-8.169999999999995,1.3337,-0.9388,1.8636,0.5827,0.4628,1.0794,0.0149462119478141,-0.1999999999999886,-0.0999999999999999,-8.870000000000005
3.234000001102686,0.0,-0.9422,1.4172000000000002,0.0,0.5327,1.1742,0.0114274814984359,-0.2999999999999971,-0.0699999999999999,-8.169999999999995,1.3403,-0.947,1.8626,0.5799,0.4612,1.0792,0.0149462119478141,-0.1999999999999886,-0.0999999999999999,-8.870000000000005
3.25,0.0,-0.9483,1.4212,0.0,0.5215,1.1814,0.0114274814984359,-0.2999999999999971,-0.0699999999999999,-8.169999999999995,1.327,-0.9322,1.8642,0.5808,0.4687,1.0718,0.0149462119478141,-0.1999999999999886,-0.0999999999999999,-8.970000000000006
3.2650000005960464,0.0,-0.9391,1.421,0.0,0.524,1.174,0.0114274814984359,-0.2999999999999971,-0.0699999999999999,-8.169999999999995,1.3298,-0.9283,1.8546,0.5778,0.4694,1.0824,0.0149614709697108,-0.1999999999999886,-0.0999999999999999,-8.970000000000006
3.2810000013560057,0.0,-0.9521,1.4165999999999999,0.0,0.5267,1.1684,0.0114274814984359,-0.2999999999999971,-0.0699999999999999,-8.269999999999996,1.3353,-0.9352,1.8588,0.572,0.4644,1.0852,0.0150377660791943,-0.1999999999999886,-0.0999999999999999,-8.970000000000006
3.29700000025332,0.0,-0.9477,1.4288,0.0,0.5277,1.1856,0.0116716258487831,-0.2999999999999971,-0.0699999999999999,-8.269999999999996,1.3352,-0.9368,1.861,0.5712,0.4665,1.0762,0.0153124284733348,-0.1999999999999886,-0.0999999999999999,-9.070000000000007
3.312000000849366,0.0,-0.9449,1.4088,0.0,0.5247,1.168,0.0118547341115434,-0.4000000000000057,-0.0699999999999999,-8.269999999999996,1.3219,-0.9237,1.8752,0.5711,0.4596,1.0732,0.0153429465171282,-0.1999999999999886,-0.0999999999999999,-9.070000000000007
3.3440000005066395,0.0,-0.9462,1.426,0.0,0.5283,1.1678000000000002,0.0119310292210269,-0.4000000000000057,-0.0699999999999999,-8.369999999999997,1.3302,-0.9246,1.8602,0.5755,0.465,1.0706,0.0156176089112687,-0.1999999999999886,-0.0999999999999999,-9.170000000000009
3.359000001102686,0.0,-0.9444,1.4252,0.0,0.5272,1.1674,0.0127855344472419,-0.4000000000000057,-0.0699999999999999,-8.469999999999995,1.3359,-0.9283,1.8496,0.5698,0.47,1.076,0.0158464942397192,-0.1999999999999886,-0.0999999999999999,-9.170000000000009
3.375,0.0,-0.9584,1.4252,0.0,0.5305,1.1786,0.0128007934691386,-0.4000000000000057,-0.0699999999999999,-8.469999999999995,1.3447,-0.927,1.8592,0.5769,0.4652,1.0886,0.0160296025024795,-0.1999999999999886,-0.0999999999999999,-9.270000000000003
3.3900000005960464,0.0,-0.95,1.4189999999999998,0.0,0.5305,1.1678000000000002,0.0132433051041428,-0.4000000000000057,-0.0699999999999999,-8.469999999999995,1.342,-0.93,1.8638,0.5703,0.4681,1.08,0.0162890058747234,-0.1999999999999886,-0.0999999999999999,-9.270000000000003
3.42200000025332,0.0,-0.9403,1.4222000000000001,0.0,0.5235,1.1662,0.0142351415274281,-0.4000000000000057,-0.0699999999999999,-8.569999999999997,1.3481,-0.9261,1.8694,0.568,0.4721,1.0822,0.0171892881666285,-0.1999999999999886,-0.0999999999999999,-9.370000000000005
3.437000000849366,0.0,-0.9429,1.433,0.0,0.5425,1.169,0.0147081712062257,-0.4000000000000057,-0.0699999999999999,-8.569999999999997,1.3313,-0.9287,1.8674,0.5727,0.468,1.0786,0.0177691309987029,-0.1999999999999886,-0.0999999999999999,-9.370000000000005
3.4529999997466803,0.0,-0.9504,1.4352,0.0,0.5293,1.1676000000000002,0.0153032730601968,-0.4000000000000057,-0.0699999999999999,-8.569999999999997,1.3416,-0.9293,1.8642,0.5629,0.4679,1.084,0.0191882200350957,-0.1999999999999886,-0.0999999999999999,-9.470000000000006
3.4690000005066395,0.0,-0.9498,1.4236000000000002,0.0,0.5313,1.1704,0.0169817654688334,-0.4000000000000057,-0.0699999999999999,-8.669999999999995,1.3341,-0.9286,1.8708,0.5723,0.4676,1.0626000000000002,0.0214312962539101,-0.1999999999999886,-0.0999999999999999,-9.470000000000006
3.484000001102686,0.0,-0.9379,1.422,0.0,0.5285,1.1654,0.019163805600061,-0.2999999999999971,-0.0699999999999999,-8.669999999999995,1.343,-0.9311,1.864,0.5731,0.4596,1.0838,0.0227893492027161,-0.1999999999999886,-0.0999999999999999,-9.570000000000007
3.5150000005960464,0.0,-0.9275,1.4164,0.0,0.5306,1.1584,0.0223529411764706,-0.2999999999999971,-0.0699999999999999,-8.769999999999996,1.3365,-0.9326,1.8674,0.5703,0.467,1.0782,0.0252613107499809,-0.0999999999999943,-0.0999999999999999,-9.570000000000007
3.5310000013560057,0.0,-0.9395,1.4288,0.0,0.5293,1.1538,0.0244129091325246,-0.2999999999999971,-0.0699999999999999,-8.769999999999996,1.3386,-0.9262,1.873,0.5696,0.4629,1.0758,0.0262836652170595,-0.1999999999999886,-0.0999999999999999,-9.670000000000009
3.54700000025332,0.0,-0.9508,1.4338,0.0,0.5352,1.1652,0.0245044632639048,-0.2999999999999971,-0.0699999999999999,-8.869999999999997,1.3553,-0.9347,1.8786,0.5667,0.4702,1.082,0.0288319218738078,-0.0999999999999943,-0.0999999999999999,-9.670000000000009
3.562000000849366,0.0,-0.9383,1.4252,0.0,0.5316,1.1534000000000002,0.0275867856870374,-0.2999999999999971,-0.0699999999999999,-8.869999999999997,1.3386,-0.9259,1.8814,0.5655,0.4668,1.0796,0.0324177920195315,-0.1999999999999886,-0.0999999999999999,-9.770000000000003
3.5940000005066395,0.0,-0.9483,1.4414,0.0,0.5232,1.1502,0.0341481651026169,-0.2999999999999971,-0.0699999999999999,-8.969999999999995,1.3469,-0.9211,1.8714,0.562,0.4689,1.074,0.0343251697566186,-0.1999999999999886,-0.0999999999999999,-9.770000000000003
3.609000001102686,0.0,-0.9509,1.4424000000000001,0.0,0.5253,1.1462,0.0453330281528954,-0.2999999999999971,-0.0699999999999999,-9.069999999999997,1.3497,-0.9303,1.8678,0.5578,0.4709,1.0708000000000002,0.0357900358587014,-0.1999999999999886,-0.0999999999999999,-9.870000000000005
3.625,0.0,-0.944,1.4480000000000002,0.0,0.5335,1.1454000000000002,0.0599053940642405,-0.2999999999999971,-0.0699999999999999,-9.069999999999997,1.3583,-0.9229,1.872,0.5612,0.4592,1.0672,0.0415579461356527,-0.1999999999999886,-0.0999999999999999,-9.870000000000005
3.6400000005960464,0.0,-0.9543,1.4616,0.0,0.5231,1.1442,0.0745235370412756,-0.2999999999999971,-0.0699999999999999,-9.169999999999996,1.3574,-0.9322,1.8866,0.5582,0.4722,1.076,0.0498588540474555,-0.1999999999999886,-0.0999999999999999,-9.970000000000006
3.6560000013560057,0.0,-0.94,1.45,0.0,0.525,1.1396,0.0879514763103685,-0.2999999999999971,-0.0699999999999999,-9.169999999999996,1.3572,-0.9158,1.875,0.5449,0.4669,1.0684,0.0588616769665064,-0.1999999999999886,-0.0999999999999999,-9.970000000000006
3.687000000849366,0.0,-0.9446,1.4527999999999999,0.0,0.541,1.1376,0.1006012054627298,-0.2000000000000028,-0.0699999999999999,-9.269999999999996,1.35,-0.918,1.8766,0.5546,0.4689,1.0686,0.0705653467612726,-0.1999999999999886,-0.0999999999999999,-9.970000000000006
3.70299999974668,0.0,-0.932,1.4586,0.0,0.5241,1.1308,0.1100617990386816,-0.2000000000000028,-0.0699999999999999,-9.369999999999996,1.36,-0.9216,1.8798,0.5467,0.4719,1.0786,0.0705806057831693,-0.1999999999999886,-0.0999999999999999,-10.070000000000007
3.71900000050664,0.0,-0.9441,1.4593999999999998,0.0,0.5197,1.124,0.1122285801480125,-0.2000000000000028,-0.1699999999999999,-9.369999999999996,1.3615,-0.9254,1.8794,0.5495,0.4638,1.0638,0.0717860685130083,-0.1999999999999886,-0.0999999999999999,-10.070000000000007
3.734000001102686,0.0,-0.9359,1.4720000000000002,0.0,0.5197,1.122,0.113006790264744,-0.2000000000000028,-0.1699999999999999,-9.469999999999995,1.3716,-0.9312,1.8802,0.535,0.4667,1.0614,0.0717860685130083,-0.1999999999999886,-0.0999999999999999,-10.070000000000007
3.75,0.0,-0.944,1.4798,0.0,0.5182,1.1152,0.1134950789654383,-0.2000000000000028,-0.1699999999999999,-9.469999999999995,1.3816,-0.9219,1.8868,0.5355,0.4597,1.071,0.0717860685130083,-0.1999999999999886,-0.0999999999999999,-10.170000000000009
3.7650000005960464,0.0,-0.9382,1.4806,0.0,0.522,1.112,0.1134950789654383,-0.2000000000000028,-0.1699999999999999,-9.569999999999997,1.3777,-0.9133,1.8854,0.5345,0.4636,1.068,0.0721065079728389,-0.1999999999999886,-0.0999999999999999,-10.170000000000009
3.79700000025332,0.0,-0.9392,1.4874,0.0,0.5214,1.109,0.1134950789654383,-0.2000000000000028,-0.1699999999999999,-9.669999999999996,1.3781,-0.9168,1.8942000000000003,0.53,0.4603,1.0584,0.0734798199435416,-0.1999999999999886,-0.0999999999999999,-10.170000000000009
3.812000000849366,0.0,-0.933,1.4874,0.0,0.5246,1.0904,0.1134950789654383,-0.2000000000000028,-0.1699999999999999,-9.669999999999996,1.3858,-0.9189,1.892,0.5196,0.4645,1.0544,0.0745937285420004,-0.1999999999999886,-0.0999999999999999,-10.270000000000003
3.82799999974668,0.0,-0.9406,1.4964000000000002,0.0,0.5282,1.0942,0.1135408560311284,-0.2000000000000028,-0.1699999999999999,-9.769999999999996,1.3863,-0.9216,1.8854,0.5214,0.4585,1.0584,0.074914168001831,-0.1999999999999886,-0.0999999999999999,-10.270000000000003
3.859000001102686,0.0,-0.9298,1.5080000000000002,0.0,0.5226,1.0992000000000002,0.1138460364690623,-0.0999999999999943,-0.1699999999999999,-9.769999999999996,1.3793,-0.9197,1.8938,0.5217,0.4699,1.0558,0.0782253757534142,-0.1999999999999886,-0.0999999999999999,-10.270000000000003
3.875,0.0,-0.9299,1.5060000000000002,0.0,0.5204,1.0858,0.1142275120164797,-0.0999999999999943,-0.1699999999999999,-9.869999999999996,1.3962,-0.9159,1.8928,0.5229,0.4671,1.062,0.0806363012130922,-0.1999999999999886,-0.0999999999999999,-10.370000000000005
3.8900000005960464,0.0,-0.9299,1.5084,0.0,0.5256,1.079,0.1142275120164797,-0.0999999999999943,-0.1699999999999999,-9.969999999999995,1.3981,-0.9171,1.8996,0.5085,0.4535,1.0531999999999997,0.0824216067750057,-0.1999999999999886,-0.0999999999999999,-10.370000000000005
3.9060000013560057,0.0,-0.9424,1.5236,0.0,0.525,1.067,0.1154940108339055,-0.0999999999999943,-0.1699999999999999,-9.969999999999995,1.404,-0.913,1.9064000000000003,0.5077,0.4684,1.0444,0.0849546044098573,-0.1999999999999886,5.551115123125783e-17,-10.370000000000005
3.92200000025332,-0.0006,-0.9262,1.5222000000000007,0.0,0.5231,1.0688000000000002,0.1173250934615091,-0.0999999999999943,-0.1699999999999999,-10.069999999999997,1.4117,-0.9142,1.8964,0.4965,0.4624,1.0408,0.0867399099717708,-0.2999999999999971,5.551115123125783e-17,-10.470000000000006
3.937000000849366,-0.0135,-0.924,1.5400000000000003,0.0,0.5194,1.0454,0.1198275730525673,-0.0999999999999943,-0.1699999999999999,-10.069999999999997,1.4149,-0.9138,1.8978,0.4928,0.4528,1.0348000000000002,0.0877622644388494,-0.2999999999999971,5.551115123125783e-17,-10.470000000000006
3.96900000050664,-0.0148,-0.9257,1.5396,0.0,0.5183,1.0504,0.1224521248187991,-0.0999999999999943,-0.1699999999999999,-10.169999999999996,1.4069,-0.9052,1.9054,0.4913,0.4649,1.0452,0.0887235828183413,-0.2999999999999971,5.551115123125783e-17,-10.470000000000006
3.984000001102686,-0.0031,-0.9237,1.5401999999999998,0.0,0.5225,1.0528,0.1257938506141756,-0.0999999999999943,-0.1699999999999999,-10.169999999999996,1.4137,-0.9058,1.9036,0.489,0.4542,1.0426,0.090646219577325,-0.2999999999999971,5.551115123125783e-17,-10.570000000000007
4.0,-0.0123,-0.9376,1.543,0.0,0.5193,1.0378,0.1293186846723125,-0.0999999999999943,-0.1699999999999999,-10.269999999999996,1.4155,-0.8991,1.912,0.4945,0.4576,1.0364,0.0927977416647592,-0.2999999999999971,5.551115123125783e-17,-10.570000000000007
4.031000001356006,-0.0182,-0.9232,1.5574000000000001,0.0,0.513,1.0316,0.1328282597085527,-0.0999999999999943,-0.1699999999999999,-10.369999999999996,1.4293,-0.9062,1.9142,0.4895,0.4597,1.0318,0.0927977416647592,-0.2999999999999971,5.551115123125783e-17,-10.570000000000007
4.04700000025332,-0.0138,-0.9293,1.5634,0.0,0.5132,1.015,0.1352086671244373,-0.0999999999999943,-0.1699999999999999,-10.369999999999996,1.4395,-0.9045,1.9078,0.4717,0.4632,1.0332,0.0927977416647592,-0.2999999999999971,5.551115123125783e-17,-10.670000000000009
4.062000000849366,-0.0152,-0.9218,1.5561999999999998,0.0,0.5213,1.0336,0.1352086671244373,-0.0999999999999943,-0.1699999999999999,-10.469999999999995,1.431,-0.8969,1.9102,0.4805,0.4606,1.043,0.0866025787747005,-0.2999999999999971,5.551115123125783e-17,-10.670000000000009
4.07799999974668,-0.0196,-0.9287,1.5738,0.0,0.5162,1.02,0.1352086671244373,-0.0999999999999943,-0.1699999999999999,-10.469999999999995,1.4446,-0.9044,1.919,0.4748,0.4582,1.0286,0.0866025787747005,-0.2999999999999971,5.551115123125783e-17,-10.670000000000009
4.09400000050664,-0.0264,-0.93,1.5731999999999993,0.0,0.513,1.0106,0.1293339436942092,-0.0999999999999943,-0.1699999999999999,-10.569999999999997,1.4365,-0.9012,1.918,0.4679,0.4626,1.0306,0.0866025787747005,-0.2999999999999971,5.551115123125783e-17,-10.770000000000003
4.109000001102686,-0.0154,-0.9106,1.5716,0.0,0.5151,1.0112,0.1293339436942092,-0.0999999999999943,-0.1699999999999999,-10.669999999999996,1.4378,-0.892,1.9226,0.4731,0.4598,1.0404,0.0866025787747005,-0.2999999999999971,5.551115123125783e-17,-10.770000000000003
4.1400000005960464,-0.0141,-0.9257,1.5797999999999999,0.0,0.5116,1.008,0.1293339436942092,-0.0999999999999943,-0.1699999999999999,-10.669999999999996,1.4371,-0.8955,1.923,0.4671,0.4588,1.0222,0.0866025787747005,-0.2999999999999971,5.551115123125783e-17,-10.870000000000005
4.156000001356006,-0.0245,-0.925,1.5816,0.0,0.5168,1.0074,0.1293339436942092,-0.0999999999999943,-0.1699999999999999,-10.769999999999996,1.4413,-0.8926,1.9164,0.451,0.4619,1.0176,0.0869840543221179,-0.2999999999999971,5.551115123125783e-17,-10.970000000000006
4.17200000025332,-0.0221,-0.9186,1.5766000000000002,0.0,0.523,1.0038,0.1398779278248264,-0.0999999999999943,-0.1699999999999999,-10.769999999999996,1.4424,-0.9013,1.9178,0.4594,0.462,1.0328000000000002,0.1008087281605249,-0.1999999999999886,5.551115123125783e-17,-10.970000000000006
4.20299999974668,-0.0215,-0.9258,1.5784,0.0,0.5195,1.0018,0.1426092927443351,-0.0999999999999943,-0.1699999999999999,-10.769999999999996,1.4396,-0.8986,1.9224000000000003,0.4592,0.4653,1.0252,0.1049897001602197,-0.1999999999999886,5.551115123125783e-17,-11.070000000000007
4.21900000050664,-0.0293,-0.9298,1.5914000000000001,0.0,0.5252,0.9978,0.1436774242771038,-0.0999999999999943,-0.1699999999999999,-10.869999999999996,1.4442,-0.8936,1.9266,0.4623,0.4615,1.0214,0.1075837338826581,-0.1999999999999886,5.551115123125783e-17,-11.070000000000007
4.234000001102686,-0.0212,-0.9129,1.5872,0.0,0.522,0.9874,0.1444098573281452,-0.0999999999999943,-0.1699999999999999,-10.969999999999995,1.4539,-0.906,1.9164,0.4651,0.4596,1.0244000000000002,0.1095521477073319,-0.1999999999999886,5.551115123125783e-17,-11.170000000000009
4.25,-0.019,-0.9179,1.5812000000000002,0.0,0.5177,0.9903999999999998,0.1448828870069428,-0.0999999999999943,-0.1699999999999999,-10.969999999999995,1.4539,-0.8926,1.9176,0.4458,0.4624,1.0272,0.1113221942473487,-0.1999999999999886,5.551115123125783e-17,-11.170000000000009
4.2650000005960464,-0.0233,-0.9171,1.5843999999999998,0.0,0.5222,1.0038,0.1450049591821164,-0.0999999999999943,-0.1699999999999999,-10.969999999999995,1.4556,-0.8912,1.9278,0.4623,0.4601,1.0226,0.1126497291523613,-0.1999999999999886,5.551115123125783e-17,-11.270000000000003
4.281000001356006,-0.0225,-0.9215,1.5842,0.0,0.526,0.995,0.1450812542915999,-0.0999999999999943,-0.1699999999999999,-11.069999999999997,1.4536,-0.8866,1.9206,0.4576,0.4673,1.0204,0.1137941557946135,-0.1999999999999886,5.551115123125783e-17,-11.370000000000005
4.312000000849366,-0.0285,-0.9164,1.5888000000000002,0.0,0.5157,0.9982,0.1453101396200503,-0.0999999999999943,-0.1699999999999999,-11.069999999999997,1.4543,-0.8936,1.9258,0.457,0.4553,1.0228,0.1157778286411841,-0.1999999999999886,-0.0999999999999999,-11.370000000000005
4.32799999974668,-0.0271,-0.9204,1.6056,0.0,0.5191,0.9903999999999998,0.1457831692988479,-0.0999999999999943,-0.1699999999999999,-11.169999999999996,1.4517,-0.8892,1.9234,0.4661,0.454,1.0126,0.1158083466849775,-0.1999999999999886,-0.0999999999999999,-11.470000000000006
4.34400000050664,-0.0339,-0.9091,1.5928000000000002,0.0,0.5201,0.9941999999999998,0.1460883497367818,-0.0999999999999943,-0.1699999999999999,-11.169999999999996,1.4538,-0.8825,1.918,0.4658,0.4528,1.032,0.1158083466849775,-0.1999999999999886,-0.0999999999999999,-11.470000000000006
4.375,-0.0366,-0.9228,1.593,0.0,0.5212,0.9884,0.1465156023498893,-0.0999999999999943,-0.1699999999999999,-11.269999999999996,1.4572,-0.8959,1.9266,0.463,0.4657,1.0188,0.1159151598382543,-0.1999999999999886,-0.0999999999999999,-11.470000000000006
4.3900000005960464,-0.0347,-0.9311,1.6014000000000002,0.0,0.5216,0.9882,0.1470496681162737,-0.0999999999999943,-0.1699999999999999,-11.269999999999996,1.452,-0.893,1.9276,0.4585,0.4649,1.0148,0.1159151598382543,-0.1999999999999886,-0.0999999999999999,-11.570000000000007
4.406000001356006,-0.0288,-0.9096,1.5922000000000007,0.0,0.5109,0.9756,0.147385366598001,-0.0999999999999943,-0.1699999999999999,-11.369999999999996,1.4473,-0.8953,1.922,0.457,0.456,1.0224,0.1159151598382543,-0.1999999999999886,-0.0999999999999999,-11.570000000000007
4.42200000025332,-0.0302,-0.9137,1.591,0.0,0.5157,0.9926,0.147736324101625,-0.0999999999999943,-0.1699999999999999,-11.369999999999996,1.444,-0.892,1.9188,0.4573,0.4635,1.0196,0.1159151598382543,-0.1999999999999886,-0.0999999999999999,-11.670000000000009
4.437000000849366,-0.0343,-0.9191,1.5970000000000002,0.0,0.5169,0.9808,0.1479652094300755,-0.0999999999999943,-0.1699999999999999,-11.469999999999995,1.4641,-0.8956,1.9244,0.4568,0.4576,1.02,0.1159456778820477,-0.1999999999999886,-0.0999999999999999,-11.670000000000009
4.45299999974668,-0.0309,-0.9178,1.5974000000000002,0.0,0.5186,0.989,0.1482093537804226,-0.0999999999999943,-0.1699999999999999,-11.469999999999995,1.4583,-0.8933,1.933,0.4575,0.4588,1.0186000000000002,0.1163271534294651,-0.1999999999999886,-0.0999999999999999,-11.670000000000009
4.484000001102686,-0.0317,-0.9177,1.6050000000000002,0.0,0.5216,0.9802,0.1486366063935301,-0.0999999999999943,-0.1699999999999999,-11.469999999999995,1.4486,-0.8861,1.9264,0.4402,0.4555,1.0094,0.1163881895170519,-0.1999999999999886,-0.0999999999999999,-11.770000000000003
4.5,-0.0378,-0.9068,1.5974000000000002,0.0,0.5225,0.9876,0.1489265278095674,-0.0999999999999943,-0.1699999999999999,-11.569999999999997,1.4529,-0.8922,1.9238,0.4596,0.4535,1.0162,0.1164492256046387,-0.1999999999999886,-0.0999999999999999,-11.770000000000003
4.5150000005960464,-0.0332,-0.9046,1.5932000000000002,0.0,0.5129,0.9739999999999998,0.149094377050431,-0.0999999999999943,-0.1699999999999999,-11.569999999999997,1.457,-0.8937,1.935,0.4537,0.4577,1.01,0.1164492256046387,-0.1999999999999886,5.551115123125783e-17,-11.770000000000003
4.54700000025332,-0.0319,-0.9088,1.6016000000000001,0.0,0.5179,0.9714,0.149246967269398,-0.0999999999999943,-0.1699999999999999,-11.569999999999997,1.4595,-0.888,1.935,0.4668,0.4629,1.021,0.1166628519111925,-0.1999999999999886,-0.0999999999999999,-11.870000000000005
4.562000000849366,-0.0401,-0.9144,1.6070000000000002,0.0,0.5266,0.9848,0.1496589608606088,-0.0999999999999943,-0.1699999999999999,-11.669999999999996,1.4666,-0.8956,1.9312,0.4492,0.4646,1.0066,0.116784924086366,-0.1999999999999886,5.551115123125783e-17,-11.870000000000005
4.57799999974668,-0.0391,-0.9148,1.6026,0.0,0.5141,0.979,0.1497810330357824,-0.0999999999999943,-0.1699999999999999,-11.669999999999996,1.468,-0.8958,1.9398,0.4494,0.4571,1.0192,0.1168307011520561,-0.1999999999999886,-0.0999999999999999,-11.970000000000006
4.59400000050664,-0.0356,-0.9206,1.6106,0.0,0.5189,0.9784,0.1499031052109559,-0.0999999999999943,-0.1699999999999999,-11.669999999999996,1.462,-0.8864,1.9342,0.4504,0.4579,1.0246,0.116937514305333,-0.1999999999999886,5.551115123125783e-17,-11.970000000000006
4.609000001102686,-0.0283,-0.9119,1.6118,0.0,0.51,0.9706,0.150101472495613,-0.0999999999999943,-0.1699999999999999,-11.769999999999996,1.4658,-0.8895,1.9396,0.4527,0.4689,1.0228,0.1169680323491264,-0.1999999999999886,-0.0999999999999999,-12.070000000000007
4.625,-0.0444,-0.9157,1.6139999999999999,0.0,0.5206,0.979,0.1501472495613031,-0.0999999999999943,-0.1699999999999999,-11.769999999999996,1.4605,-0.8783,1.9366,0.448,0.4499,1.01,0.1171816586556801,-0.1999999999999886,-0.0999999999999999,-12.070000000000007
4.656000001356006,-0.0465,-0.9156,1.6082,0.0,0.5145,0.977,0.1502998397802701,-0.2000000000000028,-0.1699999999999999,-11.869999999999996,1.4579,-0.8813,1.9332,0.4533,0.4506,1.0168,0.1172274357213702,-0.1999999999999886,5.551115123125783e-17,-12.170000000000009
4.67200000025332,-0.0458,-0.9154,1.6156,0.0,0.5077,0.9716,0.1508796826123445,-0.2000000000000028,-0.1699999999999999,-11.869999999999996,1.4651,-0.8794,1.9294,0.4463,0.4563,1.0086,0.1172274357213702,-0.1999999999999886,-0.0999999999999999,-12.170000000000009
4.687000000849366,-0.042,-0.9078,1.6076,0.0,0.5231,0.979,0.1510475318532082,-0.2000000000000028,-0.1699999999999999,-11.969999999999995,1.4649,-0.8871,1.9334,0.4538,0.4645,1.012,0.1172274357213702,-0.1999999999999886,-0.0999999999999999,-12.270000000000003
4.70299999974668,-0.0358,-0.9199,1.6158000000000001,0.0,0.5211,0.9666,0.1511238269626917,-0.2000000000000028,-0.0699999999999999,-11.969999999999995,1.4576,-0.8935,1.9368,0.4495,0.4672,1.025,0.1172274357213702,-0.1999999999999886,-0.0999999999999999,-12.270000000000003
4.71900000050664,-0.0343,-0.91,1.6138000000000001,0.0,0.5202,0.9659999999999997,0.1511238269626917,-0.2000000000000028,-0.0699999999999999,-11.969999999999995,1.4675,-0.8872,1.93,0.4497,0.467,1.0172,0.1172579537651636,-0.1999999999999886,-0.0999999999999999,-12.370000000000005
4.75,-0.0532,-0.912,1.6176000000000001,0.0,0.5168,0.9738,0.1511238269626917,-0.2000000000000028,-0.0699999999999999,-12.069999999999997,1.461,-0.8895,1.9372,0.4536,0.4697,1.0212,0.117288471808957,-0.1999999999999886,-0.0999999999999999,-12.370000000000005
4.7650000005960464,-0.0439,-0.9111,1.6114,0.0,0.5169,0.969,0.1511390859845884,-0.2000000000000028,-0.0699999999999999,-12.069999999999997,1.4699,-0.8833,1.9326,0.4445,0.4622,1.009,0.1173495078965438,-0.1999999999999886,-0.0999999999999999,-12.370000000000005
4.781000001356006,-0.0379,-0.9165,1.611,0.0,0.5142,0.9706,0.1511848630502784,-0.2000000000000028,-0.0699999999999999,-12.069999999999997,1.4654,-0.8929,1.931,0.447,0.457,1.0132,0.1173800259403372,-0.1999999999999886,-0.0999999999999999,-12.470000000000006
4.79700000025332,-0.0429,-0.9146,1.618,0.0,0.517,0.9742,0.1511848630502784,-0.2000000000000028,-0.0699999999999999,-12.169999999999996,1.4666,-0.8771,1.9376,0.4382,0.4598,1.0084000000000002,0.1174868390936141,-0.1999999999999886,-0.0999999999999999,-12.470000000000006
4.82799999974668,-0.0417,-0.9075,1.6158000000000001,0.0,0.5211,0.9652,0.1513374532692454,-0.2000000000000028,-0.0699999999999999,-12.169999999999996,1.4758,-0.891,1.9382,0.4439,0.4573,1.0072,0.1175783932249942,-0.1999999999999886,-0.0999999999999999,-12.570000000000007
4.84400000050664,-0.0332,-0.9165,1.6104,0.0,0.5007,0.962,0.1513984893568322,-0.2000000000000028,-0.0699999999999999,-12.169999999999996,1.4701,-0.8785,1.9364,0.4427,0.4595,1.011,0.117639429312581,-0.1999999999999886,-0.0999999999999999,-12.570000000000007
4.859000001102686,-0.0337,-0.9173,1.6224,0.0,0.518,0.9636,0.1514290074006256,-0.2999999999999971,-0.0699999999999999,-12.169999999999996,1.4645,-0.8966,1.947,0.4452,0.4578,1.0196,0.1175936522468909,-0.1999999999999886,-0.0999999999999999,-12.670000000000009
4.875,-0.0358,-0.9122,1.6132000000000002,0.0,0.5157,0.9579999999999999,0.1514442664225223,-0.2999999999999971,-0.0699999999999999,-12.269999999999996,1.4648,-0.8896,1.9438,0.4444,0.4622,1.0196,0.1175936522468909,-0.1999999999999886,-0.0999999999999999,-12.670000000000009
4.8900000005960464,-0.0344,-0.9027,1.6044000000000007,0.0,0.5208,0.9682,0.151459525444419,-0.2999999999999971,-0.0699999999999999,-12.269999999999996,1.4704,-0.8859,1.9376,0.4533,0.4561,1.0066,0.117639429312581,-0.1999999999999886,-0.0999999999999999,-12.770000000000003
4.906000001356006,-0.0347,-0.9093,1.619,0.0,0.5167,0.9632,0.1514747844663157,-0.2999999999999971,-0.0699999999999999,-12.269999999999996,1.4688,-0.8847,1.9362,0.4394,0.4588,1.0104,0.1176699473563744,-0.1999999999999886,-0.0999999999999999,-12.770000000000003
4.937000000849366,-0.042,-0.917,1.6206000000000005,0.0,0.5175,0.9598,0.1515205615320058,-0.2999999999999971,-0.0699999999999999,-12.369999999999996,1.466,-0.8823,1.926,0.4427,0.4585,1.0136,0.1177004654001678,-0.1999999999999886,-0.0999999999999999,-12.870000000000005
4.95299999974668,-0.049,-0.9016,1.6160000000000003,0.0,0.5048,0.9532000000000002,0.1515205615320058,-0.2999999999999971,-0.0699999999999999,-12.369999999999996,1.4888,-0.8935,1.938,0.4412,0.4599,1.0162,0.1177309834439612,-0.1999999999999886,-0.0999999999999999,-12.970000000000006
4.96900000050664,-0.0498,-0.9042,1.615,0.0,0.5126,0.96,0.1515510795757992,-0.2999999999999971,-0.0699999999999999,-12.369999999999996,1.4643,-0.884,1.9332,0.4376,0.4529,1.0172,0.1177004654001678,-0.1999999999999886,-0.0999999999999999,-12.970000000000006
5.0,-0.0389,-0.9116,1.62,0.0,0.5148,0.9556,0.1515510795757992,-0.2999999999999971,-0.0699999999999999,-12.469999999999995,1.4758,-0.8882,1.9356,0.4423,0.4677,1.0188,0.1177004654001678,-0.1999999999999886,-0.0999999999999999,-13.070000000000007
5.0150000005960464,-0.0318,-0.914,1.6090000000000002,0.0,0.5201,0.957,0.1518867780575265,-0.2999999999999971,-0.0699999999999999,-12.469999999999995,1.4739,-0.8709,1.9364,0.4466,0.4586,1.0144,0.1177004654001678,-0.1999999999999886,-0.0999999999999999,-13.070000000000007
5.031000001356006,-0.0468,-0.9018,1.6124,0.0,0.5163,0.9544,0.1518867780575265,-0.2999999999999971,-0.0699999999999999,-12.469999999999995,1.4757,-0.8922,1.9418,0.4423,0.4679,1.0116,0.1176852063782711,-0.0999999999999943,-0.0999999999999999,-13.170000000000009
5.04700000025332,-0.0455,-0.9127,1.615,0.0,0.5047,0.9588,0.1518867780575265,-0.2999999999999971,-0.0699999999999999,-12.569999999999997,1.468,-0.8882,1.9372,0.4451,0.4566,1.021,0.1176852063782711,-0.0999999999999943,-0.0999999999999999,-13.170000000000009
5.062000000849366,-0.0436,-0.8945,1.6178,0.0,0.5121,0.9536,0.1518410009918364,-0.2999999999999971,-0.0699999999999999,-12.569999999999997,1.4782,-0.8887,1.9482,0.4513,0.4482,1.0178,0.1176852063782711,-0.0999999999999943,-0.0999999999999999,-13.270000000000003
5.07799999974668,-0.0468,-0.9109,1.6258,0.0,0.506,0.96,0.1518410009918364,-0.4000000000000057,-0.0699999999999999,-12.569999999999997,1.4778,-0.8807,1.9408,0.4337,0.466,1.0134,0.1176852063782711,-0.1999999999999886,-0.0999999999999999,-13.270000000000003
5.109000001102686,-0.0373,-0.9112,1.615,0.0,0.5169,0.9558,0.1518410009918364,-0.4000000000000057,-0.0699999999999999,-12.669999999999996,1.4631,-0.8779,1.938,0.4406,0.459,1.0182,0.1177157244220645,-0.0999999999999943,-0.0999999999999999,-13.370000000000005
5.125,-0.0323,-0.9026,1.619,0.0,0.5054,0.9552,0.1517647058823529,-0.4000000000000057,-0.0699999999999999,-12.669999999999996,1.4792,-0.8851,1.9316,0.4469,0.4672,1.0034,0.1177462424658579,-0.0999999999999943,-0.0999999999999999,-13.370000000000005
5.1400000005960464,-0.0381,-0.911,1.6252000000000002,0.0,0.5154,0.9596,0.1517647058823529,-0.4000000000000057,-0.0699999999999999,-12.769999999999996,1.4692,-0.8737,1.9336,0.4456,0.4466,1.0162,0.1177157244220645,-0.0999999999999943,-0.0999999999999999,-13.370000000000005
5.17200000025332,-0.0449,-0.9091,1.6312,0.0,0.5115,0.9584,0.1517647058823529,-0.4000000000000057,-0.0699999999999999,-12.769999999999996,1.4724,-0.8746,1.9368,0.4322,0.4562,1.0128,0.117792019531548,-0.1999999999999886,-0.0999999999999999,-13.470000000000006
5.187000000849366,-0.0325,-0.918,1.62,0.0,0.5058,0.9474,0.1518257419699397,-0.4000000000000057,-0.0699999999999999,-12.769999999999996,1.4656,-0.8809,1.9332,0.4349,0.4462,1.0182,0.117792019531548,-0.1999999999999886,-0.0999999999999999,-13.470000000000006
5.20299999974668,-0.0369,-0.9102,1.6178,0.0,0.5195,0.9604,0.1518257419699397,-0.4000000000000057,-0.0699999999999999,-12.869999999999996,1.4792,-0.8901,1.9414,0.4432,0.4674,1.0132,0.117792019531548,-0.1999999999999886,-0.0999999999999999,-13.470000000000006
5.21900000050664,-0.0493,-0.9097,1.6214000000000002,0.0,0.5142,0.9522,0.1517189288166628,-0.4000000000000057,-0.0699999999999999,-12.869999999999996,1.4751,-0.8803,1.9406,0.4415,0.4644,1.0264,0.1178225375753414,-0.1999999999999886,-0.0999999999999999,-13.570000000000007
5.234000001102686,-0.0429,-0.9051,1.6206000000000005,0.0,0.5149,0.9482,0.1518257419699397,-0.4000000000000057,-0.0699999999999999,-12.869999999999996,1.4895,-0.8824,1.939,0.433,0.4575,1.0108,0.1178377965972381,-0.1999999999999886,-0.0999999999999999,-13.570000000000007
5.25,-0.0409,-0.9062,1.6246,0.0,0.5178,0.96,0.1518257419699397,-0.4000000000000057,-0.0699999999999999,-12.969999999999995,1.4697,-0.8771,1.935,0.4355,0.4585,1.0042,0.1178835736629282,-0.1999999999999886,-0.0999999999999999,-13.670000000000009
5.281000001356006,-0.0447,-0.9135,1.6316,0.0,0.5176,0.9558,0.1518257419699397,-0.4000000000000057,-0.0699999999999999,-12.969999999999995,1.4847,-0.8766,1.9422,0.4348,0.4643,1.0006000000000002,0.1178835736629282,-0.1999999999999886,-0.0999999999999999,-13.670000000000009
5.29700000025332,-0.0501,-0.922,1.6326,0.0,0.5133,0.9502,0.1518257419699397,-0.4000000000000057,-0.0699999999999999,-13.069999999999997,1.466,-0.8849,1.9334,0.4424,0.4591,1.016,0.1178835736629282,-0.1999999999999886,-0.0999999999999999,-13.770000000000003
5.312000000849366,-0.0459,-0.8968,1.6198,0.0,0.5123,0.9504,0.1518410009918364,-0.4000000000000057,-0.0699999999999999,-13.069999999999997,1.4766,-0.8813,1.941,0.4452,0.4642,1.0118,0.1179140917067216,-0.1999999999999886,-0.0999999999999999,-13.770000000000003
5.34400000050664,-0.0452,-0.9096,1.6224,0.0,0.5082,0.9592,0.1518410009918364,-0.4000000000000057,-0.0699999999999999,-13.169999999999996,1.4805,-0.8883,1.9446,0.4473,0.4635,1.017,0.1179140917067216,-0.1999999999999886,-0.0999999999999999,-13.870000000000005
5.359000001102686,-0.0455,-0.9071,1.6292,0.0,0.5147,0.9556,0.1519172961013199,-0.4000000000000057,-0.0699999999999999,-13.269999999999996,1.4778,-0.8806,1.9334,0.4475,0.4654,1.02,0.1179140917067216,-0.1999999999999886,-0.0999999999999999,-13.870000000000005
5.375,-0.0479,-0.9114,1.6288000000000002,0.0,0.5148,0.9384,0.1519172961013199,-0.4000000000000057,-0.0699999999999999,-13.269999999999996,1.4761,-0.8829,1.9362,0.4391,0.4627,1.0152,0.1179140917067216,-0.1999999999999886,-0.0999999999999999,-13.870000000000005
5.3900000005960464,-0.0499,-0.9082,1.6244000000000003,0.0,0.5163,0.9484,0.1519172961013199,-0.4000000000000057,-0.0699999999999999,-13.369999999999996,1.4775,-0.8801,1.9334,0.4409,0.4691,1.0112,0.1179140917067216,-0.1999999999999886,-0.0999999999999999,-13.970000000000006
5.42200000025332,-0.0396,-0.9119,1.6198,0.0,0.5185,0.9432,0.1518867780575265,-0.2999999999999971,-0.0699999999999999,-13.369999999999996,1.4615,-0.8723,1.9304,0.4417,0.4618,1.0066,0.1179140917067216,-0.1999999999999886,-0.0999999999999999,-13.970000000000006
5.437000000849366,-0.045,-0.9097,1.6222,0.0,0.5138,0.9372,0.1518715190356298,-0.2999999999999971,-0.0699999999999999,-13.469999999999995,1.4766,-0.8759,1.9418,0.4485,0.4559,1.016,0.1179598687724116,-0.1999999999999886,-0.0999999999999999,-14.070000000000007
5.45299999974668,-0.0459,-0.9128,1.6261999999999999,0.0,0.5216,0.9574,0.1517799649042496,-0.2999999999999971,-0.0699999999999999,-13.469999999999995,1.4718,-0.8734,1.9388,0.437,0.4675,1.0206000000000002,0.1179751277943083,-0.1999999999999886,-0.0999999999999999,-14.070000000000007
5.46900000050664,-0.0511,-0.9085,1.6336000000000002,0.0,0.5169,0.9438,0.1517799649042496,-0.2999999999999971,-0.0699999999999999,-13.569999999999997,1.4677,-0.8793,1.9434,0.4393,0.4664,0.9954,0.1180361638818951,-0.1999999999999886,-0.0999999999999999,-14.170000000000009
5.484000001102686,-0.0415,-0.9066,1.6238000000000001,0.0,0.513,0.9598,0.1518562600137331,-0.2999999999999971,-0.0699999999999999,-13.569999999999997,1.4797,-0.8855,1.944,0.4428,0.4594,1.0194,0.1180514229037918,-0.1999999999999886,-0.0999999999999999,-14.170000000000009
5.5150000005960464,-0.0454,-0.9027,1.6285999999999998,0.0,0.5167,0.9376,0.1517799649042496,-0.2999999999999971,-0.0699999999999999,-13.669999999999996,1.4752,-0.8809,1.9444,0.4453,0.4578,1.0094,0.1180514229037918,-0.1999999999999886,-0.0999999999999999,-14.270000000000003
5.531000001356006,-0.0284,-0.911,1.6234,0.0,0.5126,0.9308,0.1517952239261463,-0.2999999999999971,-0.0699999999999999,-13.669999999999996,1.4784,-0.8847,1.943,0.443,0.456,1.0082,0.1180514229037918,-0.1999999999999886,-0.0999999999999999,-14.270000000000003
5.54700000025332,-0.044,-0.8944,1.6217999999999997,0.0,0.5197,0.946,0.1517952239261463,-0.2999999999999971,-0.0699999999999999,-13.769999999999996,1.4708,-0.8746,1.9298,0.439,0.4639,1.0242,0.1180514229037918,-0.1999999999999886,-0.0999999999999999,-14.370000000000005
5.562000000849366,-0.0448,-0.9082,1.6204,0.0,0.5175,0.9402,0.1517952239261463,-0.2999999999999971,-0.0699999999999999,-13.769999999999996,1.4789,-0.868,1.929,0.4298,0.4624,1.0126,0.118142977035172,-0.1999999999999886,-0.0999999999999999,-14.370000000000005
5.59400000050664,-0.0469,-0.9135,1.6336000000000002,0.0,0.5215,0.9522,0.1517799649042496,-0.2999999999999971,-0.0699999999999999,-13.869999999999996,1.4795,-0.8767,1.9352,0.4314,0.4679,1.013,0.118142977035172,-0.1999999999999886,-0.0999999999999999,-14.370000000000005
5.609000001102686,-0.0412,-0.9231,1.6316,0.0,0.503,0.9326,0.1517799649042496,-0.2999999999999971,-0.0699999999999999,-13.969999999999995,1.4932,-0.8824,1.9432,0.4416,0.4556,1.0146,0.118142977035172,-0.0999999999999943,-0.0999999999999999,-14.470000000000006
5.625,-0.039,-0.8993,1.6238000000000001,0.0,0.5117,0.9446,0.1517952239261463,-0.2000000000000028,-0.0699999999999999,-14.069999999999997,1.4893,-0.8884,1.9403999999999997,0.4376,0.4499,1.0116,0.1180666819256885,-0.1999999999999886,-0.0999999999999999,-14.470000000000006
5.6400000005960464,-0.0402,-0.9094,1.6332000000000002,0.0,0.5157,0.9373999999999998,0.1518257419699397,-0.2000000000000028,-0.1699999999999999,-14.069999999999997,1.4718,-0.8824,1.9456,0.444,0.4615,1.001,0.1180666819256885,-0.1999999999999886,-0.0999999999999999,-14.570000000000007
5.656000001356006,-0.0456,-0.9007,1.6328000000000005,0.0,0.5138,0.939,0.1518257419699397,-0.2000000000000028,-0.1699999999999999,-14.169999999999996,1.4811,-0.8797,1.9318,0.4281,0.4504,1.0044000000000002,0.1180514229037918,-0.0999999999999943,-0.0999999999999999,-14.570000000000007
5.687000000849366,-0.05,-0.907,1.6361999999999999,0.0,0.5179,0.9394,0.1520851453421835,-0.2000000000000028,-0.1699999999999999,-14.169999999999996,1.48,-0.882,1.9364,0.4308,0.4589,1.0064000000000002,0.1180514229037918,-0.0999999999999943,-0.0999999999999999,-14.670000000000009
5.70299999974668,-0.0372,-0.9057,1.6228,0.0,0.516,0.9366,0.1520851453421835,-0.2000000000000028,-0.1699999999999999,-14.269999999999996,1.4862,-0.887,1.9492,0.441,0.4603,1.014,0.1180514229037918,-0.1999999999999886,-0.0999999999999999,-14.670000000000009
5.71900000050664,-0.046,-0.9057,1.6374000000000002,0.0,0.5158,0.9438,0.1520851453421835,-0.2000000000000028,-0.1699999999999999,-14.269999999999996,1.4896,-0.8747,1.9432,0.4416,0.4548,1.0004,0.1180666819256885,-0.1999999999999886,-0.0999999999999999,-14.770000000000003
5.734000001102686,-0.0554,-0.9016,1.6274000000000004,0.0,0.5151,0.9402,0.15196307316701,-0.2000000000000028,-0.1699999999999999,-14.369999999999996,1.4829,-0.8708,1.9394,0.4264,0.4614,1.018,0.1181124589913786,-0.1999999999999886,-0.0999999999999999,-14.770000000000003
5.75,-0.0443,-0.9036,1.6326,0.0,0.5057,0.9372,0.1519172961013199,-0.2000000000000028,-0.1699999999999999,-14.469999999999995,1.4809,-0.8796,1.9368,0.4307,0.4593,1.0116,0.1181124589913786,-0.1999999999999886,-0.0999999999999999,-14.870000000000005
5.7650000005960464,-0.0392,-0.9003,1.6276,0.0,0.5233,0.9438,0.1518867780575265,-0.2000000000000028,-0.1699999999999999,-14.469999999999995,1.4833,-0.8786,1.9486,0.4417,0.4623,1.004,0.118142977035172,-0.1999999999999886,-0.0999999999999999,-14.870000000000005
5.79700000025332,-0.0399,-0.903,1.6238000000000001,0.0,0.5166,0.9434,0.1518867780575265,-0.2000000000000028,-0.1699999999999999,-14.569999999999997,1.4835,-0.8725,1.9466,0.4317,0.4659,1.0032,0.118295567254139,-0.1999999999999886,-0.0999999999999999,-14.970000000000006
5.812000000849366,-0.0447,-0.9058,1.6358,0.0,0.5149,0.9418,0.1518867780575265,-0.2000000000000028,-0.1699999999999999,-14.569999999999997,1.4801,-0.8774,1.9456,0.4371,0.4778,1.023,0.1183108262760357,-0.1999999999999886,-0.0999999999999999,-14.970000000000006
5.82799999974668,-0.0459,-0.9136,1.6298000000000001,0.0,0.5113,0.9386,0.1518867780575265,-0.2000000000000028,-0.1699999999999999,-14.669999999999996,1.4749,-0.8689,1.9316,0.4346,0.4705,1.006,0.1183108262760357,-0.1999999999999886,-0.0999999999999999,-14.970000000000006
5.84400000050664,-0.0366,-0.9046,1.633,0.0,0.5112,0.939,0.1518867780575265,-0.2000000000000028,-0.1699999999999999,-14.669999999999996,1.4828,-0.8711,1.9482,0.4411,0.4573,1.0054,0.1183108262760357,-0.1999999999999886,-0.0999999999999999,-15.070000000000007
5.859000001102686,-0.0502,-0.899,1.6284,0.0,0.5071,0.9408,0.1518867780575265,-0.2000000000000028,-0.1699999999999999,-14.769999999999996,1.4796,-0.8737,1.9438,0.4304,0.4607,1.0092,0.1183108262760357,-0.1999999999999886,-0.0999999999999999,-15.070000000000007
5.8900000005960464,-0.0486,-0.9067,1.6328000000000005,0.0,0.5095,0.9442,0.1518867780575265,-0.2000000000000028,-0.1699999999999999,-14.769999999999996,1.4852,-0.8834,1.9518,0.4312,0.4651,1.0066,0.1183413443198291,-0.1999999999999886,-0.0999999999999999,-15.170000000000009
5.906000001356006,-0.0506,-0.905,1.6332000000000002,0.0,0.5232,0.9438,0.1518867780575265,-0.2000000000000028,-0.1699999999999999,-14.869999999999996,1.487,-0.8822,1.9504,0.4336,0.4564,1.0128,0.1183413443198291,-0.1999999999999886,-0.0999999999999999,-15.170000000000009
5.92200000025332,-0.0585,-0.9025,1.635,0.0,0.5212,0.9373999999999998,0.1518867780575265,-0.2000000000000028,-0.1699999999999999,-14.869999999999996,1.4757,-0.8756,1.941,0.4311,0.4528,1.005,0.1183413443198291,-0.0999999999999943,-0.0999999999999999,-15.270000000000003
5.937000000849366,-0.0387,-0.9058,1.627,0.0,0.5099,0.9338,0.1518867780575265,-0.2000000000000028,-0.1699999999999999,-14.969999999999995,1.4772,-0.8755,1.9432,0.4396,0.4632,1.005,0.1183260852979324,-0.1999999999999886,-0.0999999999999999,-15.270000000000003
5.96900000050664,-0.0402,-0.9004,1.6334000000000002,0.0,0.4984,0.9331999999999998,0.1519172961013199,-0.2000000000000028,-0.1699999999999999,-14.969999999999995,1.485,-0.8733,1.9312,0.4345,0.4557,1.0076,0.1183260852979324,-0.1999999999999886,-0.0999999999999999,-15.270000000000003
5.984000001102686,-0.0347,-0.9037,1.632,0.0,0.5137,0.9293999999999998,0.1519478141451133,-0.2000000000000028,-0.1699999999999999,-15.069999999999997,1.4879,-0.8884,1.9462,0.4354,0.4557,1.024,0.1182650492103456,-0.1999999999999886,-0.0999999999999999,-15.370000000000005
6.0,-0.0549,-0.8942,1.6236,0.0,0.5015,0.9343999999999998,0.1519935912108033,-0.0999999999999943,-0.1699999999999999,-15.069999999999997,1.4839,-0.8757,1.9563999999999997,0.4273,0.4535,1.0038,0.1182650492103456,-0.1999999999999886,-0.0999999999999999,-15.370000000000005
6.0150000005960464,-0.0526,-0.9095,1.6360000000000001,0.0,0.5148,0.9278,0.1520546272983901,-0.0999999999999943,-0.1699999999999999,-15.169999999999996,1.4835,-0.8858,1.9398,0.4428,0.4651,1.0156,0.1182650492103456,-0.1999999999999886,-0.0999999999999999,-15.470000000000006
6.031000001356006,-0.0474,-0.9052,1.6366000000000003,0.0,0.5148,0.9411999999999998,0.1522987716487373,-0.0999999999999943,-0.1699999999999999,-15.169999999999996,1.4913,-0.8689,1.933,0.429,0.4679,1.0068,0.1182650492103456,-0.1999999999999886,-0.0999999999999999,-15.470000000000006
6.062000000849366,-0.0523,-0.8969,1.6316,0.0,0.5117,0.9326,0.1522987716487373,-0.0999999999999943,-0.1699999999999999,-15.269999999999996,1.4775,-0.8723,1.9518,0.4354,0.4595,1.0102,0.1182650492103456,-0.1999999999999886,-0.0999999999999999,-15.570000000000007
6.07799999974668,-0.0578,-0.9089,1.6338,0.0,0.5173,0.9334,0.1522682536049439,-0.2000000000000028,-0.1699999999999999,-15.269999999999996,1.484,-0.8713,1.9464,0.433,0.4631,1.0042,0.1183871213855191,-0.0999999999999943,-0.0999999999999999,-15.570000000000007
6.09400000050664,-0.0502,-0.91,1.6274000000000004,0.0,0.5146,0.9342,0.1522682536049439,-0.2000000000000028,-0.1699999999999999,-15.369999999999996,1.4934,-0.8899,1.9528,0.4283,0.462,1.016,0.1183871213855191,-0.0999999999999943,-0.0999999999999999,-15.570000000000007
6.109000001102686,-0.0497,-0.908,1.6410000000000002,0.0,0.5164,0.9302,0.1522529945830472,-0.2000000000000028,-0.1699999999999999,-15.369999999999996,1.4796,-0.8766,1.9496,0.4316,0.4664,1.0116,0.1184328984512092,-0.0999999999999943,-0.0999999999999999,-15.670000000000009
6.1400000005960464,-0.0439,-0.9104,1.6296,0.0,0.5052,0.936,0.1522529945830472,-0.2000000000000028,-0.1699999999999999,-15.369999999999996,1.4766,-0.879,1.9398,0.4378,0.4674,1.0158,0.1184328984512092,-0.0999999999999943,-0.0999999999999999,-15.670000000000009
6.156000001356006,-0.0514,-0.8997,1.6372,0.0,0.5125,0.9328,0.1522072175173571,-0.2000000000000028,-0.1699999999999999,-15.469999999999995,1.4906,-0.8747,1.9478,0.4457,0.4595,1.0058,0.1184481574731059,-0.1999999999999886,-0.0999999999999999,-15.770000000000003
6.17200000025332,-0.0476,-0.9025,1.6352,0.0,0.5133,0.9289999999999998,0.1522529945830472,-0.2000000000000028,-0.1699999999999999,-15.469999999999995,1.4787,-0.8666,1.9326,0.4287,0.4636,1.0058,0.1184328984512092,-0.1999999999999886,-0.0999999999999999,-15.770000000000003
6.187000000849366,-0.0496,-0.9075,1.6372,0.0,0.5174,0.9424,0.1522529945830472,-0.2000000000000028,-0.1699999999999999,-15.469999999999995,1.4828,-0.8723,1.936,0.428,0.4542,1.0018,0.1184328984512092,-0.1999999999999886,-0.0999999999999999,-15.870000000000005
6.20299999974668,-0.0498,-0.9001,1.6298000000000001,0.0,0.5113,0.9346,0.1522529945830472,-0.2000000000000028,-0.0699999999999999,-15.569999999999997,1.487,-0.8754,1.9426,0.4288,0.4556,1.0094,0.1184328984512092,-0.0999999999999943,-0.0999999999999999,-15.870000000000005
6.21900000050664,-0.0505,-0.9113,1.6424,0.0,0.5126,0.9330000000000002,0.1522377355611505,-0.2000000000000028,-0.0699999999999999,-15.569999999999997,1.4817,-0.8776,1.9414,0.4316,0.4663,1.0094,0.1184481574731059,-0.1999999999999886,-0.0999999999999999,-15.970000000000006
6.25,-0.0445,-0.9055,1.6356,0.0,0.5179,0.9356,0.1522377355611505,-0.2000000000000028,-0.0699999999999999,-15.569999999999997,1.4913,-0.8837,1.9434,0.4322,0.4464,1.0028,0.1184023804074158,-0.0999999999999943,-0.0999999999999999,-15.970000000000006
6.2650000005960464,-0.0485,-0.91,1.6314,0.0,0.5102,0.9343999999999998,0.1522377355611505,-0.2000000000000028,-0.0699999999999999,-15.669999999999996,1.4775,-0.872,1.9406,0.4313,0.4586,1.017,0.1184023804074158,-0.0999999999999943,-0.0999999999999999,-16.070000000000007
6.281000001356006,-0.0526,-0.9107,1.6338,0.0,0.5125,0.9312,0.1522377355611505,-0.2999999999999971,-0.0699999999999999,-15.669999999999996,1.4895,-0.8906,1.9472,0.4328,0.4554,1.011,0.1184023804074158,-0.0999999999999943,-0.0999999999999999,-16.070000000000007
6.312000000849366,-0.0447,-0.9116,1.6348000000000005,0.0,0.5218,0.9377999999999997,0.1522377355611505,-0.2999999999999971,-0.0699999999999999,-15.669999999999996,1.4944,-0.8792,1.9572,0.4319,0.4603,1.011,0.1183718623636224,-0.0999999999999943,-0.0999999999999999,-16.070000000000007
6.32799999974668,-0.0443,-0.8995,1.6414000000000002,0.0,0.5159,0.9394,0.1523598077363241,-0.2999999999999971,-0.0699999999999999,-15.669999999999996,1.483,-0.8699,1.9388,0.4357,0.4621,1.0082,0.1182497901884489,-0.0999999999999943,-0.0999999999999999,-16.17000000000001
6.34400000050664,-0.0443,-0.9078,1.6306,0.0,0.5159,0.9366,0.1523598077363241,-0.2999999999999971,-0.0699999999999999,-15.769999999999996,1.4872,-0.875,1.9398,0.4315,0.4622,0.999,0.1182192721446555,-0.1999999999999886,-0.0999999999999999,-16.17000000000001
6.359000001102686,-0.047,-0.9035,1.6392,0.0,0.5108,0.9288,0.1523903257801175,-0.2999999999999971,-0.0699999999999999,-15.769999999999996,1.4878,-0.8752,1.945,0.4269,0.4668,1.0054,0.1182192721446555,-0.1999999999999886,-0.0999999999999999,-16.270000000000003
6.375,-0.0492,-0.9066,1.6285999999999998,0.0,0.5127,0.9322,0.1523903257801175,-0.2999999999999971,-0.0699999999999999,-15.869999999999996,1.4925,-0.8814,1.956,0.4372,0.4523,0.9922,0.1182192721446555,-0.1999999999999886,-0.0999999999999999,-16.270000000000003
6.3900000005960464,-0.0537,-0.912,1.6438,0.0,0.5119,0.941,0.1522529945830472,-0.2999999999999971,-0.0699999999999999,-15.869999999999996,1.4844,-0.8737,1.9402,0.4351,0.4588,1.0102,0.1182192721446555,-0.1999999999999886,-0.0999999999999999,-16.370000000000005
6.42200000025332,-0.045,-0.9006,1.6360000000000001,0.0,0.5118,0.936,0.1522529945830472,-0.2999999999999971,-0.0699999999999999,-15.869999999999996,1.4803,-0.8769,1.9382,0.4293,0.4644,1.0044000000000002,0.1182192721446555,-0.1999999999999886,-0.0999999999999999,-16.370000000000005
6.437000000849366,-0.0555,-0.9074,1.6296,0.0,0.5145,0.9352,0.1522377355611505,-0.2999999999999971,-0.0699999999999999,-15.869999999999996,1.4799,-0.8756,1.9368,0.4369,0.4579,1.0098,0.1182192721446555,-0.1999999999999886,-0.0999999999999999,-16.370000000000005
6.45299999974668,-0.0381,-0.9072,1.6358,0.0,0.5148,0.9372,0.1522224765392538,-0.2999999999999971,-0.0699999999999999,-15.969999999999995,1.4861,-0.8734,1.9524,0.4223,0.4669,1.0138,0.1182192721446555,-0.1999999999999886,-0.0999999999999999,-16.470000000000006
6.484000001102686,-0.0435,-0.9152,1.6376,0.0,0.5177,0.9293999999999998,0.1522072175173571,-0.2999999999999971,-0.0699999999999999,-15.969999999999995,1.4968,-0.8808,1.944,0.4482,0.4647,1.0132,0.1182192721446555,-0.1999999999999886,-0.0999999999999999,-16.470000000000006
6.5,-0.047,-0.9064,1.6356,0.0,0.5128,0.9272,0.1522072175173571,-0.4000000000000057,-0.0699999999999999,-15.969999999999995,1.4828,-0.8676,1.9406,0.4343,0.4573,1.004,0.1182192721446555,-0.1999999999999886,-0.0999999999999999,-16.570000000000007
6.5150000005960464,-0.0547,-0.9031,1.6454000000000002,0.0,0.5149,0.9272,0.1521919584954604,-0.4000000000000057,-0.0699999999999999,-16.069999999999997,1.4926,-0.8729,1.9378,0.4356,0.4589,1.0076,0.1182192721446555,-0.1999999999999886,-0.0999999999999999,-16.570000000000007
6.531000001356006,-0.0378,-0.9051,1.6392,0.0,0.5122,0.9217999999999998,0.1521919584954604,-0.4000000000000057,-0.0699999999999999,-16.069999999999997,1.4925,-0.8762,1.9406,0.4257,0.4593,1.009,0.1182192721446555,-0.1999999999999886,-0.0999999999999999,-16.67000000000001
6.54700000025332,-0.0469,-0.9035,1.6386,0.0,0.5072,0.9246,0.1521766994735637,-0.2999999999999971,-0.0699999999999999,-16.069999999999997,1.4918,-0.873,1.9456,0.426,0.4638,1.0042,0.1182192721446555,-0.1999999999999886,-0.0999999999999999,-16.67000000000001
6.562000000849366,-0.0542,-0.8988,1.6358,0.0,0.5086,0.923,0.1521766994735637,-0.4000000000000057,-0.0699999999999999,-16.169999999999995,1.4813,-0.8842,1.9358,0.4293,0.4537,1.0008,0.1182803082322423,-0.1999999999999886,-0.0999999999999999,-16.770000000000003
6.59400000050664,-0.0482,-0.9065,1.6398000000000001,0.0,0.504,0.9286,0.1521766994735637,-0.4000000000000057,-0.0699999999999999,-16.169999999999995,1.4819,-0.8669,1.9446,0.4324,0.4651,1.0106,0.1182803082322423,-0.1999999999999886,-0.0999999999999999,-16.770000000000003
6.609000001102686,-0.0427,-0.9055,1.6294000000000002,0.0,0.5031,0.9296,0.1521919584954604,-0.4000000000000057,-0.0699999999999999,-16.269999999999996,1.4835,-0.8779,1.9424,0.4379,0.453,1.0024,0.1181734950789654,-0.1999999999999886,-0.0999999999999999,-16.870000000000005
6.625,-0.0551,-0.9019,1.6388,0.0,0.5132,0.94,0.1521919584954604,-0.4000000000000057,0.03,-16.269999999999996,1.4828,-0.8766,1.944,0.4215,0.4614,1.004,0.1180361638818951,-0.1999999999999886,-0.0999999999999999,-16.870000000000005
6.656000001356006,-0.0477,-0.9098,1.6406,0.0,0.5165,0.9334,0.1521919584954604,-0.4000000000000057,0.03,-16.269999999999996,1.4946,-0.8739,1.9378,0.4274,0.4645,1.0166000000000002,0.1180056458381017,-0.1999999999999886,-0.0999999999999999,-16.870000000000005
6.67200000025332,-0.0413,-0.9068,1.6406,0.0,0.5166,0.9236,0.1522072175173571,-0.4000000000000057,-0.0699999999999999,-16.369999999999997,1.4884,-0.8736,1.9472,0.4303,0.4549,1.0086,0.1180056458381017,-0.1999999999999886,-0.0999999999999999,-16.970000000000006
6.687000000849366,-0.0498,-0.8996,1.6424,0.0,0.5145,0.9268,0.1523292896925307,-0.4000000000000057,0.03,-16.369999999999997,1.4924,-0.8716,1.9326,0.4385,0.4605,1.0096,0.1180056458381017,-0.1999999999999886,-0.0999999999999999,-16.970000000000006
6.70299999974668,-0.0531,-0.9053,1.6377999999999997,0.0,0.5074,0.9182,0.1523292896925307,-0.4000000000000057,-0.0699999999999999,-16.369999999999997,1.4909,-0.8743,1.941,0.4279,0.4621,1.0038,0.1180056458381017,-0.1999999999999886,-0.0999999999999999,-17.070000000000007
6.71900000050664,-0.0533,-0.8958,1.6478,0.0,0.5184,0.9316,0.1523292896925307,-0.4000000000000057,-0.0699999999999999,-16.469999999999995,1.4951,-0.8822,1.9474,0.4233,0.4635,1.009,0.1180056458381017,-0.1999999999999886,-0.0999999999999999,-17.070000000000007
6.734000001102686,-0.0484,-0.9108,1.6356,0.0,0.5197,0.9369999999999998,0.1521004043640802,-0.4000000000000057,0.03,-16.469999999999995,1.4877,-0.8702,1.945,0.4356,0.4636,1.0128,0.1180056458381017,-0.1999999999999886,-0.0999999999999999,-17.17000000000001
6.7650000005960464,-0.0507,-0.8991,1.6341999999999999,0.0,0.5126,0.9274,0.1521004043640802,-0.4000000000000057,0.03,-16.569999999999997,1.4871,-0.872,1.948,0.4314,0.4611,1.0152,0.1180056458381017,-0.1999999999999886,-0.0999999999999999,-17.17000000000001
6.781000001356006,-0.0537,-0.903,1.6449999999999998,0.0,0.5136,0.924,0.1521004043640802,-0.4000000000000057,-0.0699999999999999,-16.569999999999997,1.4961,-0.8723,1.9532,0.4261,0.4566,1.0036,0.1180056458381017,-0.1999999999999886,-0.0999999999999999,-17.17000000000001
6.79700000025332,-0.05,-0.9021,1.6368,0.0,0.5082,0.9158,0.1520851453421835,-0.4000000000000057,-0.0699999999999999,-16.569999999999997,1.482,-0.8749,1.9452,0.4328,0.4576,1.001,0.1178530556191348,-0.1999999999999886,-0.0999999999999999,-17.270000000000003
6.82799999974668,-0.0577,-0.9008,1.6445999999999998,0.0,0.5202,0.9276,0.1520851453421835,-0.4000000000000057,-0.0699999999999999,-16.669999999999995,1.492,-0.8812,1.9514,0.4274,0.4679,1.0114,0.1178530556191348,-0.1999999999999886,-0.0999999999999999,-17.270000000000003
6.84400000050664,-0.0495,-0.9134,1.6442000000000003,0.0,0.5101,0.926,0.1520851453421835,-0.4000000000000057,-0.0699999999999999,-16.669999999999995,1.4845,-0.875,1.95,0.4302,0.4604,0.995,0.1178530556191348,-0.1999999999999886,-0.0999999999999999,-17.370000000000005
6.859000001102686,-0.051,-0.902,1.6339999999999997,0.0,0.5169,0.9262,0.1520698863202868,-0.4000000000000057,-0.0699999999999999,-16.769999999999996,1.4913,-0.8814,1.9484,0.4333,0.4636,1.0074,0.1178530556191348,-0.1999999999999886,-0.0999999999999999,-17.370000000000005
6.875,-0.0525,-0.9018,1.6386,0.0,0.5134,0.9244,0.1520546272983901,-0.4000000000000057,-0.0699999999999999,-16.769999999999996,1.4844,-0.8714,1.94,0.4238,0.4509,1.0118,0.1178530556191348,-0.1999999999999886,-0.0999999999999999,-17.470000000000006
6.8900000005960464,-0.0414,-0.9124,1.6312,0.0,0.514,0.9212,0.1520393682764934,-0.4000000000000057,-0.0699999999999999,-16.869999999999997,1.4921,-0.8683,1.9494,0.4348,0.4555,1.0004,0.1178683146410315,-0.1999999999999886,-0.0999999999999999,-17.470000000000006
6.906000001356006,-0.0458,-0.9002,1.6376,0.0,0.5121,0.9202,0.1520393682764934,-0.4000000000000057,-0.0699999999999999,-16.869999999999997,1.4909,-0.8704,1.9508,0.4321,0.4639,0.9979999999999998,0.1178835736629282,-0.1999999999999886,-0.0999999999999999,-17.570000000000007
6.937000000849366,-0.0541,-0.9032,1.627,0.0,0.5111,0.9326,0.1519935912108033,-0.4000000000000057,-0.0699999999999999,-16.869999999999997,1.4925,-0.8743,1.9422,0.43,0.4444,0.9988,0.1178835736629282,-0.1999999999999886,-0.0999999999999999,-17.570000000000007
6.95299999974668,-0.0481,-0.9062,1.6504,0.0,0.5156,0.9168,0.1519935912108033,-0.4000000000000057,-0.0699999999999999,-16.969999999999995,1.4897,-0.8751,1.9482,0.4242,0.4648,1.0098,0.1178683146410315,-0.1999999999999886,-0.0999999999999999,-17.67000000000001
6.96900000050664,-0.0518,-0.9026,1.6396000000000004,0.0,0.5112,0.9234,0.1520393682764934,-0.4000000000000057,-0.0699999999999999,-17.069999999999997,1.4888,-0.8773,1.9432,0.432,0.4526,1.0056,0.1178377965972381,-0.1999999999999886,-0.0999999999999999,-17.67000000000001
6.984000001102686,-0.0553,-0.8906,1.6328000000000005,0.0,0.5165,0.9274,0.1520698863202868,-0.4000000000000057,-0.0699999999999999,-17.069999999999997,1.4889,-0.8731,1.9572,0.429,0.4584,1.0118,0.117792019531548,-0.1999999999999886,-0.0999999999999999,-17.770000000000003
7.0,-0.0387,-0.9058,1.6377999999999997,0.0,0.5091,0.932,0.152161440451667,-0.4000000000000057,-0.0699999999999999,-17.069999999999997,1.4979,-0.868,1.9448,0.4277,0.4636,1.0128,0.117792019531548,-0.1999999999999886,-0.0999999999999999,-17.770000000000003
7.031000001356006,-0.0535,-0.9049,1.6504,0.0,0.499,0.9236,0.1520851453421835,-0.4000000000000057,-0.0699999999999999,-17.169999999999995,1.4874,-0.8782,1.9462,0.4165,0.4613,1.0,0.117792019531548,-0.1999999999999886,-0.0999999999999999,-17.770000000000003
7.04700000025332,-0.0499,-0.9038,1.6398000000000001,0.0,0.5132,0.916,0.152161440451667,-0.2999999999999971,-0.0699999999999999,-17.169999999999995,1.4955,-0.8756,1.938,0.4283,0.4644,1.01,0.117792019531548,-0.1999999999999886,-0.0999999999999999,-17.870000000000005
7.062000000849366,-0.0517,-0.9017,1.6470000000000002,0.0,0.503,0.9226,0.152161440451667,-0.2999999999999971,-0.0699999999999999,-17.269999999999996,1.486,-0.88,1.9446,0.4207,0.4627,1.0034,0.117792019531548,-0.1999999999999886,-0.0999999999999999,-17.870000000000005
7.07799999974668,-0.0523,-0.9065,1.6472,0.0,0.5051,0.924,0.1521156633859769,-0.2999999999999971,-0.0699999999999999,-17.269999999999996,1.4933,-0.8793,1.9528,0.4246,0.4722,1.0092,0.1177157244220645,-0.1999999999999886,-0.0999999999999999,-17.970000000000006
7.109000001102686,-0.0666,-0.9055,1.6434,0.0,0.5198,0.922,0.1520851453421835,-0.4000000000000057,-0.0699999999999999,-17.369999999999997,1.5001,-0.8758,1.957,0.4344,0.4629,1.0054,0.1177157244220645,-0.1999999999999886,-0.0999999999999999,-17.970000000000006
7.125,-0.0567,-0.9061,1.6448,0.0,0.5232,0.9221999999999998,0.1520546272983901,-0.2999999999999971,-0.0699999999999999,-17.369999999999997,1.4939,-0.8776,1.9466,0.4237,0.4561,0.9983999999999998,0.1177157244220645,-0.1999999999999886,-0.0999999999999999,-18.070000000000007
7.1400000005960464,-0.0467,-0.9047,1.6386,0.0,0.512,0.9226,0.1520088502327,-0.2999999999999971,-0.0699999999999999,-17.469999999999995,1.4889,-0.8589,1.9548,0.435,0.4599,1.0128,0.1177004654001678,-0.1999999999999886,-0.0999999999999999,-18.070000000000007
7.17200000025332,-0.0457,-0.8961,1.6374000000000002,0.0,0.5068,0.9204,0.1520088502327,-0.2999999999999971,-0.0699999999999999,-17.469999999999995,1.4943,-0.8732,1.9318,0.4304,0.4533,1.0076,0.1176699473563744,-0.1999999999999886,-0.0999999999999999,-18.17000000000001
7.187000000849366,-0.0491,-0.9071,1.6410000000000002,0.0,0.5131,0.9244,0.1519783321889067,-0.2999999999999971,-0.0699999999999999,-17.569999999999997,1.4934,-0.8756,1.9516,0.4248,0.4522,0.9996,0.1176699473563744,-0.1999999999999886,-0.0999999999999999,-18.17000000000001
7.20299999974668,-0.0566,-0.8998,1.6442000000000003,0.0,0.5068,0.9196,0.15196307316701,-0.2999999999999971,-0.0699999999999999,-17.569999999999997,1.4892,-0.8682,1.9416,0.4317,0.4553,1.0128,0.1176699473563744,-0.1999999999999886,-0.0999999999999999,-18.17000000000001
7.219000000506639,-0.0511,-0.9043,1.6344,0.0,0.5057,0.919,0.15196307316701,-0.2999999999999971,-0.0699999999999999,-17.569999999999997,1.4955,-0.8737,1.9488,0.4284,0.4588,1.0068,0.1176699473563744,-0.1999999999999886,-0.0999999999999999,-18.270000000000003
7.234000001102686,-0.0563,-0.8928,1.6374000000000002,0.0,0.5102,0.9244,0.1519478141451133,-0.2999999999999971,-0.0699999999999999,-17.669999999999995,1.4949,-0.8778,1.9488,0.4231,0.456,1.0008,0.1176546883344777,-0.1999999999999886,-0.0999999999999999,-18.270000000000003
7.25,-0.0577,-0.902,1.64,0.0,0.5221,0.9242,0.15196307316701,-0.2999999999999971,-0.0699999999999999,-17.669999999999995,1.4816,-0.8656,1.9424,0.4229,0.4499,0.9972,0.117639429312581,-0.1999999999999886,-0.0999999999999999,-18.370000000000005
7.281000001356006,-0.0399,-0.8997,1.6366000000000003,0.0,0.5124,0.9170000000000001,0.15196307316701,-0.2999999999999971,-0.0699999999999999,-17.769999999999996,1.4869,-0.858,1.9466,0.4333,0.4717,1.0024,0.1176699473563744,-0.1999999999999886,-0.0999999999999999,-18.370000000000005
7.29700000025332,-0.0504,-0.905,1.6456000000000002,0.0,0.5041,0.9255999999999998,0.15196307316701,-0.2999999999999971,-0.0699999999999999,-17.869999999999997,1.4971,-0.8741,1.938,0.4284,0.4549,1.0038,0.1176852063782711,-0.1999999999999886,-0.0999999999999999,-18.47000000000001
7.312000000849366,-0.0583,-0.9053,1.6454000000000002,0.0,0.5257,0.9288,0.1519783321889067,-0.2999999999999971,-0.0699999999999999,-17.869999999999997,1.4892,-0.8771,1.9386,0.4267,0.4579,0.9928,0.1176852063782711,-0.1999999999999886,-0.0999999999999999,-18.47000000000001
7.32799999974668,-0.0541,-0.9055,1.6468,0.0,0.5066,0.9171999999999998,0.1520698863202868,-0.2999999999999971,-0.0699999999999999,-17.969999999999995,1.4853,-0.8648,1.9456,0.4314,0.472,1.0042,0.1176852063782711,-0.1999999999999886,-0.0999999999999999,-18.47000000000001
7.344000000506639,-0.0415,-0.9155,1.6499999999999997,0.0,0.5104,0.9292,0.1520851453421835,-0.2999999999999971,-0.0699999999999999,-17.969999999999995,1.4886,-0.8689,1.949,0.4378,0.4626,1.003,0.1176852063782711,-0.1999999999999886,-0.0999999999999999,-18.570000000000007
7.359000001102686,-0.0531,-0.8936,1.6410000000000002,0.0,0.5094,0.9162,0.1520851453421835,-0.2999999999999971,-0.0699999999999999,-18.07,1.4957,-0.8656,1.9466,0.428,0.4573,1.0076,0.1176852063782711,-0.1999999999999886,-0.0999999999999999,-18.570000000000007
7.3900000005960464,-0.0538,-0.9146,1.654,0.0,0.5093,0.9244,0.1520851453421835,-0.2999999999999971,-0.0699999999999999,-18.07,1.4899,-0.8682,1.9438,0.4238,0.4604,1.0044000000000002,0.1176852063782711,-0.1999999999999886,-0.0999999999999999,-18.67000000000001
7.406000001356006,-0.058,-0.8974,1.6496000000000002,0.0,0.5034,0.9178,0.1518562600137331,-0.2999999999999971,-0.0699999999999999,-18.07,1.4992,-0.8651,1.947,0.4306,0.4555,1.008,0.1176852063782711,-0.1999999999999886,-0.0999999999999999,-18.67000000000001
7.42200000025332,-0.047,-0.8985,1.6404000000000003,0.0,0.5038,0.9094,0.1518562600137331,-0.2999999999999971,-0.0699999999999999,-18.169999999999995,1.4905,-0.8634,1.9448,0.4282,0.4578,1.0084000000000002,0.1176852063782711,-0.1999999999999886,-0.0999999999999999,-18.770000000000003
7.45299999974668,-0.0636,-0.8992,1.648,0.0,0.5164,0.9171999999999998,0.1518562600137331,-0.2999999999999971,-0.0699999999999999,-18.169999999999995,1.4995,-0.8852,1.9548,0.4303,0.4645,1.0014,0.117639429312581,-0.1999999999999886,-0.0999999999999999,-18.770000000000003
7.469000000506639,-0.0549,-0.9094,1.6458000000000002,0.0,0.5138,0.919,0.1518562600137331,-0.2999999999999971,-0.0699999999999999,-18.27,1.495,-0.8691,1.944,0.4247,0.4594,1.0012,0.1175783932249942,-0.1999999999999886,-0.0999999999999999,-18.770000000000003
7.484000001102686,-0.0478,-0.91,1.6462,0.0,0.5222,0.9232,0.1518562600137331,-0.2999999999999971,-0.0699999999999999,-18.27,1.489,-0.8697,1.9384,0.4259,0.4665,1.0056,0.1175783932249942,-0.1999999999999886,-0.0999999999999999,-18.870000000000005
7.5,-0.0545,-0.9019,1.651,0.0,0.5092,0.9197999999999996,0.1518867780575265,-0.2999999999999971,-0.0699999999999999,-18.37,1.4915,-0.8867,1.9492,0.427,0.4661,1.0068,0.1175631342030975,-0.1999999999999886,-0.0999999999999999,-18.870000000000005
7.5150000005960464,-0.0589,-0.8927,1.6452,0.0,0.5179,0.9274,0.1519020370794232,-0.2999999999999971,-0.0699999999999999,-18.37,1.4823,-0.8815,1.9408,0.4326,0.4581,1.0074,0.1175631342030975,-0.1999999999999886,-0.0999999999999999,-18.97000000000001
7.531000001356006,-0.0503,-0.9012,1.6470000000000002,0.0,0.5093,0.9216,0.1519020370794232,-0.2999999999999971,-0.0699999999999999,-18.469999999999995,1.495,-0.8725,1.9386,0.4244,0.4633,1.0052,0.1175631342030975,-0.1999999999999886,-0.0999999999999999,-18.97000000000001
7.562000000849366,-0.0524,-0.9051,1.6454000000000002,0.0,0.506,0.9137999999999998,0.1519020370794232,-0.2999999999999971,-0.0699999999999999,-18.469999999999995,1.4927,-0.8675,1.9452,0.4376,0.4558,1.0058,0.1175783932249942,-0.1999999999999886,-0.0999999999999999,-19.070000000000007
7.57799999974668,-0.0475,-0.9015,1.643,0.0,0.5203,0.9202,0.1519020370794232,-0.2999999999999971,-0.0699999999999999,-18.469999999999995,1.4972,-0.8683,1.95,0.4312,0.4563,0.9992,0.1175936522468909,-0.1999999999999886,-0.0999999999999999,-19.070000000000007
7.594000000506639,-0.0587,-0.9003,1.6456000000000002,0.0,0.5084,0.9129999999999998,0.1518867780575265,-0.2999999999999971,-0.0699999999999999,-18.57,1.4963,-0.8829,1.939,0.4193,0.4669,1.0068,0.1175936522468909,-0.1999999999999886,-0.0999999999999999,-19.17000000000001
7.625,-0.062,-0.9027,1.6463999999999999,0.0,0.5076,0.9265999999999998,0.1518715190356298,-0.2999999999999971,-0.0699999999999999,-18.57,1.4889,-0.873,1.9466,0.4183,0.4599,0.996,0.1175631342030975,-0.1999999999999886,-0.0999999999999999,-19.17000000000001
7.6400000005960464,-0.0575,-0.9049,1.6571999999999998,0.0,0.511,0.9236,0.1518715190356298,-0.2999999999999971,-0.0699999999999999,-18.669999999999995,1.48,-0.8664,1.9442,0.4294,0.4645,0.9958,0.1175478751812008,-0.1999999999999886,-0.0999999999999999,-19.270000000000003
7.656000001356006,-0.0561,-0.9007,1.6434,0.0,0.5041,0.926,0.1519172961013199,-0.2999999999999971,-0.0699999999999999,-18.77,1.4893,-0.8636,1.9536,0.4295,0.4659,1.0,0.1175478751812008,-0.1999999999999886,-0.0999999999999999,-19.270000000000003
7.67200000025332,-0.0539,-0.9009,1.6529999999999998,0.0,0.514,0.9152,0.1520546272983901,-0.2999999999999971,-0.0699999999999999,-18.77,1.4995,-0.8813,1.9468000000000003,0.4264,0.4591,1.0128,0.1175173571374074,-0.1999999999999886,-0.0999999999999999,-19.270000000000003
7.687000000849366,-0.05,-0.9014,1.6492000000000002,0.0,0.5161,0.9187999999999996,0.1520241092545967,-0.2999999999999971,-0.0699999999999999,-18.77,1.4849,-0.8608,1.9494,0.4267,0.466,1.0002,0.1175173571374074,-0.1999999999999886,-0.0999999999999999,-19.370000000000005
7.70299999974668,-0.0411,-0.91,1.6434,0.0,0.512,0.9234,0.1520241092545967,-0.2999999999999971,-0.0699999999999999,-18.87,1.4897,-0.8558,1.9478,0.4179,0.462,1.0042,0.1175173571374074,-0.1999999999999886,-0.0999999999999999,-19.370000000000005
7.734000001102686,-0.0478,-0.9096,1.64,0.0,0.5052,0.9170000000000001,0.1520241092545967,-0.2999999999999971,-0.0699999999999999,-18.87,1.4893,-0.8704,1.9378,0.427,0.4579,1.0074,0.1174868390936141,-0.1999999999999886,-0.0999999999999999,-19.47000000000001
7.75,-0.0449,-0.9122,1.6492000000000002,0.0,0.5165,0.9264,0.1519020370794232,-0.2999999999999971,-0.0699999999999999,-18.969999999999995,1.4956,-0.8681,1.94,0.4295,0.4627,0.995,0.117441062027924,-0.1999999999999886,-0.0999999999999999,-19.47000000000001
7.7650000005960464,-0.0535,-0.8936,1.6416000000000002,0.0,0.5112,0.9228,0.1518562600137331,-0.2999999999999971,-0.0699999999999999,-18.969999999999995,1.4928,-0.8766,1.9536,0.433,0.4615,0.9912,0.1174105439841306,-0.1999999999999886,-0.0999999999999999,-19.570000000000007
7.79700000025332,-0.0603,-0.9053,1.6438,0.0,0.505,0.9232,0.1518257419699397,-0.2999999999999971,-0.0699999999999999,-19.07,1.4898,-0.8654,1.934,0.4245,0.4741,1.0012,0.1173800259403372,-0.1999999999999886,-0.0999999999999999,-19.570000000000007
7.812000000849366,-0.0405,-0.8988,1.6487999999999998,0.0,0.5114,0.9166,0.1518257419699397,-0.2999999999999971,-0.0699999999999999,-19.07,1.4897,-0.8747,1.9424,0.4231,0.4553,0.996,0.1173647669184405,-0.1999999999999886,-0.0999999999999999,-19.67000000000001
7.82799999974668,-0.0575,-0.9006,1.6512000000000002,0.0,0.5156,0.9192,0.1518257419699397,-0.2999999999999971,-0.0699999999999999,-19.07,1.4958,-0.8804,1.9512,0.4263,0.4575,0.9986,0.1173647669184405,-0.1999999999999886,-0.0999999999999999,-19.67000000000001
7.844000000506639,-0.053,-0.8946,1.643,0.0,0.5065,0.9136,0.1518562600137331,-0.2999999999999971,-0.0699999999999999,-19.169999999999995,1.4967,-0.8662,1.9556,0.4283,0.4616,0.9978,0.1173647669184405,-0.1999999999999886,-0.0999999999999999,-19.770000000000003
7.859000001102686,-0.0582,-0.9042,1.6512000000000002,0.0,0.5101,0.9156,0.1518562600137331,-0.2999999999999971,-0.0699999999999999,-19.169999999999995,1.4972,-0.8728,1.9403999999999997,0.4291,0.4574,1.0074,0.1173647669184405,-0.1999999999999886,-0.0999999999999999,-19.770000000000003
7.875,-0.0512,-0.8957,1.6418,0.0,0.5036,0.9078,0.1518867780575265,-0.2999999999999971,-0.0699999999999999,-19.27,1.4933,-0.864,1.9466,0.4269,0.4598,1.0116,0.1173647669184405,-0.1999999999999886,-0.0999999999999999,-19.770000000000003
7.906000001356006,-0.0514,-0.897,1.638,0.0,0.5203,0.922,0.1519172961013199,-0.2999999999999971,-0.0699999999999999,-19.27,1.4895,-0.8738,1.9486,0.4344,0.454,0.9912,0.1173647669184405,-0.1999999999999886,-0.0999999999999999,-19.870000000000005
7.92200000025332,-0.0545,-0.8941,1.6432,0.0,0.5161,0.9143999999999998,0.1519172961013199,-0.2999999999999971,-0.0699999999999999,-19.27,1.4836,-0.8693,1.948,0.426,0.4519,0.9994,0.1173647669184405,-0.1999999999999886,-0.0999999999999999,-19.870000000000005
7.937000000849366,-0.0678,-0.8911,1.6558,0.0,0.5094,0.9166,0.1519172961013199,-0.2999999999999971,-0.0699999999999999,-19.37,1.4906,-0.8726,1.95,0.4275,0.4534,0.9974,0.1173647669184405,-0.1999999999999886,-0.0999999999999999,-19.97000000000001
7.969000000506639,-0.0476,-0.8988,1.6482,0.0,0.504,0.9152,0.1519172961013199,-0.2999999999999971,-0.0699999999999999,-19.37,1.4841,-0.8699,1.9488,0.4208,0.453,1.0118,0.1173647669184405,-0.1999999999999886,-0.0999999999999999,-19.97000000000001
7.984000001102686,-0.0486,-0.9051,1.6502,0.0,0.5139,0.9133999999999998,0.1519783321889067,-0.2999999999999971,-0.0699999999999999,-19.469999999999995,1.5029,-0.8733,1.9546,0.4239,0.454,1.0024,0.1173647669184405,-0.1999999999999886,-0.0999999999999999,-20.070000000000007
8.0,-0.0577,-0.8947,1.6418,0.0,0.5144,0.9154,0.1519935912108033,-0.2999999999999971,-0.0699999999999999,-19.57,1.4952,-0.8809,1.955,0.4248,0.4636,1.0116,0.1173037308308537,-0.1999999999999886,-0.0999999999999999,-20.070000000000007
8.015000000596046,-0.0558,-0.9016,1.6452,0.0,0.5106,0.9171999999999998,0.1519935912108033,-0.2999999999999971,-0.0699999999999999,-19.57,1.4922,-0.8733,1.9428,0.4228,0.464,1.0108,0.1173037308308537,-0.1999999999999886,-0.0999999999999999,-20.17000000000001
8.031000001356006,-0.0638,-0.9036,1.6532000000000002,0.0,0.5009,0.9152,0.1519783321889067,-0.2999999999999971,-0.0699999999999999,-19.57,1.5031,-0.8748,1.9414,0.4265,0.4682,1.0082,0.1173037308308537,-0.1999999999999886,-0.0999999999999999,-20.17000000000001
8.04700000025332,-0.059,-0.9107,1.6518,0.0,0.5104,0.918,0.1521766994735637,-0.2999999999999971,-0.0699999999999999,-19.669999999999995,1.4949,-0.8666,1.9403999999999997,0.4217,0.4609,0.9982,0.1173037308308537,-0.1999999999999886,-0.0999999999999999,-20.17000000000001
8.07799999974668,-0.0519,-0.903,1.6483999999999999,0.0,0.5091,0.9184,0.1521766994735637,-0.2999999999999971,-0.0699999999999999,-19.669999999999995,1.5003,-0.864,1.951,0.4217,0.4622,1.011,0.1172732127870603,-0.1999999999999886,-0.0999999999999999,-20.270000000000003
8.09400000050664,-0.0556,-0.8912,1.6344,0.0,0.5106,0.9178,0.15196307316701,-0.2999999999999971,-0.0699999999999999,-19.77,1.497,-0.8752,1.9452,0.4229,0.4563,1.0044000000000002,0.1172732127870603,-0.1999999999999886,-0.0999999999999999,-20.270000000000003
8.109000001102686,-0.0547,-0.9067,1.6487999999999998,0.0,0.516,0.9142,0.15196307316701,-0.2999999999999971,-0.0699999999999999,-19.77,1.5011,-0.8673,1.9424,0.4252,0.4572,1.0064000000000002,0.1172732127870603,-0.1999999999999886,-0.0999999999999999,-20.370000000000005
8.140000000596046,-0.0545,-0.8999,1.6434,0.0,0.5135,0.9108,0.15196307316701,-0.2999999999999971,-0.0699999999999999,-19.77,1.4909,-0.869,1.9436,0.422,0.4527,1.0038,0.117288471808957,-0.1999999999999886,-0.0999999999999999,-20.370000000000005
8.156000001356006,-0.0533,-0.9031,1.6538000000000002,0.0,0.5035,0.9148,0.15196307316701,-0.2999999999999971,-0.0699999999999999,-19.87,1.4935,-0.8668,1.9482,0.4187,0.4634,1.0006000000000002,0.117288471808957,-0.1999999999999886,-0.0999999999999999,-20.47000000000001
8.17200000025332,-0.0458,-0.8988,1.6414000000000002,0.0,0.5061,0.9095999999999999,0.15196307316701,-0.2999999999999971,-0.0699999999999999,-19.87,1.5014,-0.8693,1.9534,0.414,0.4563,0.9924,0.117288471808957,-0.1999999999999886,-0.0999999999999999,-20.47000000000001
8.187000000849366,-0.0672,-0.9044,1.6546000000000003,0.0,0.5092,0.9078,0.15196307316701,-0.2999999999999971,-0.0699999999999999,-19.969999999999995,1.497,-0.8764,1.9456,0.4232,0.4622,0.9988,0.117288471808957,-0.1999999999999886,-0.0999999999999999,-20.570000000000007
8.20299999974668,-0.0553,-0.9009,1.6312,0.0,0.5217,0.9112,0.15196307316701,-0.2999999999999971,-0.0699999999999999,-19.969999999999995,1.4928,-0.8826,1.955,0.424,0.4589,0.9946,0.1173189898527504,-0.1999999999999886,-0.0999999999999999,-20.570000000000007
8.21900000050664,-0.0512,-0.8993,1.6398000000000001,0.0,0.4946,0.9206,0.15196307316701,-0.2999999999999971,-0.0699999999999999,-20.07,1.4908,-0.8724,1.9416,0.4204,0.4602,0.992,0.1173495078965438,-0.1999999999999886,-0.0999999999999999,-20.570000000000007
8.25,-0.0576,-0.9005,1.6502,0.0,0.5161,0.9162,0.1519325551232166,-0.2999999999999971,-0.0699999999999999,-20.07,1.4957,-0.8721,1.9534,0.4217,0.4597,1.0034,0.1173495078965438,-0.1999999999999886,-0.0999999999999999,-20.67000000000001
8.265000000596046,-0.0553,-0.8987,1.6394,0.0,0.5169,0.9170000000000001,0.1519325551232166,-0.2999999999999971,-0.0699999999999999,-20.07,1.4939,-0.8628,1.9408,0.4288,0.4599,0.9898,0.1173495078965438,-0.1999999999999886,-0.0999999999999999,-20.67000000000001
8.281000001356006,-0.0567,-0.8931,1.6496000000000002,0.0,0.5178,0.9129999999999998,0.1519172961013199,-0.2999999999999971,-0.0699999999999999,-20.169999999999995,1.4808,-0.8612,1.9432,0.4261,0.4554,0.9912,0.117288471808957,-0.1999999999999886,-0.0999999999999999,-20.770000000000003
8.312000000849366,-0.0579,-0.9005,1.6536000000000002,0.0,0.5094,0.9091999999999998,0.1519172961013199,-0.2999999999999971,-0.0699999999999999,-20.169999999999995,1.4915,-0.8722,1.95,0.4211,0.4595,1.0064000000000002,0.1172732127870603,-0.1999999999999886,-0.0999999999999999,-20.770000000000003
8.32799999974668,-0.0473,-0.9076,1.656,0.0,0.506,0.9154,0.1520088502327,-0.2999999999999971,-0.0699999999999999,-20.27,1.498,-0.8732,1.9396,0.4152,0.4582,1.003,0.1172732127870603,-0.1999999999999886,-0.0999999999999999,-20.870000000000005
8.34400000050664,-0.0613,-0.9017,1.6504,0.0,0.5093,0.918,0.1520088502327,-0.2999999999999971,-0.0699999999999999,-20.27,1.4999,-0.8694,1.9522,0.431,0.4598,1.0124,0.1172579537651636,-0.1999999999999886,-0.0999999999999999,-20.870000000000005
8.359000001102686,-0.056,-0.894,1.6412000000000002,0.0,0.5087,0.9084,0.1522072175173571,-0.2999999999999971,-0.0699999999999999,-20.37,1.4896,-0.8643,1.9436,0.4219,0.4586,1.003,0.1172579537651636,-0.1999999999999886,-0.0999999999999999,-20.97000000000001
8.390000000596046,-0.054,-0.8984,1.6496000000000002,0.0,0.4976,0.9044,0.1522072175173571,-0.2999999999999971,-0.0699999999999999,-20.37,1.4955,-0.8696,1.9544,0.4148,0.4565,1.0046000000000002,0.1172579537651636,-0.1999999999999886,-0.0999999999999999,-20.97000000000001
8.406000001356006,-0.049,-0.8984,1.6418,0.0,0.5065,0.9184,0.1522072175173571,-0.2999999999999971,-0.0699999999999999,-20.469999999999995,1.4992,-0.87,1.9518,0.4209,0.4593,0.9884,0.1172426947432669,-0.1999999999999886,-0.0999999999999999,-21.070000000000007
8.42200000025332,-0.0651,-0.8958,1.6502,0.0,0.5042,0.9166,0.152161440451667,-0.2999999999999971,-0.0699999999999999,-20.469999999999995,1.4889,-0.8585,1.933,0.4199,0.4598,1.0066,0.1172274357213702,-0.1999999999999886,-0.0999999999999999,-21.070000000000007
8.437000000849366,-0.0555,-0.9003,1.6414000000000002,0.0,0.5088,0.9162,0.1521461814297703,-0.2999999999999971,-0.0699999999999999,-20.57,1.4945,-0.8636,1.9412,0.4265,0.4666,1.0052,0.1172274357213702,-0.1999999999999886,-0.0999999999999999,-21.070000000000007
8.45299999974668,-0.0489,-0.9047,1.6518,0.0,0.5112,0.9242,0.1520546272983901,-0.2999999999999971,-0.0699999999999999,-20.57,1.4899,-0.8658,1.937,0.4197,0.4569,0.9992,0.1171969176775768,-0.1999999999999886,-0.0999999999999999,-21.17000000000001
8.46900000050664,-0.0615,-0.9003,1.6538000000000002,0.0,0.5185,0.9133999999999998,0.1520546272983901,-0.2999999999999971,-0.0699999999999999,-20.669999999999995,1.4909,-0.8704,1.941,0.4294,0.4638,1.0024,0.1171816586556801,-0.1999999999999886,-0.0999999999999999,-21.17000000000001
8.5,-0.0586,-0.897,1.6528,0.0,0.5158,0.9137999999999998,0.1520546272983901,-0.2999999999999971,-0.0699999999999999,-20.669999999999995,1.4924,-0.8629,1.938,0.4257,0.4617,1.0052,0.1171816586556801,-0.1999999999999886,-0.0999999999999999,-21.270000000000003
8.5,-0.055,-0.8873,1.6360000000000001,0.0,0.5069,0.9224,0.1520546272983901,-0.2999999999999971,-0.0699999999999999,-20.669999999999995,1.505,-0.8693,1.9542,0.4215,0.4636,1.0072,0.11713588158999,-0.1999999999999886,-0.0999999999999999,-21.270000000000003
8.531000001356006,-0.0592,-0.9046,1.6482,0.0,0.511,0.9133999999999998,0.1520546272983901,-0.2999999999999971,-0.0699999999999999,-20.77,1.5002,-0.8745,1.9448,0.415,0.4562,0.9982,0.11713588158999,-0.1999999999999886,-0.0999999999999999,-21.370000000000005
8.54700000025332,-0.0543,-0.9032,1.6474,0.0,0.5208,0.9212,0.1520546272983901,-0.2999999999999971,-0.0699999999999999,-20.77,1.4812,-0.8644,1.9494,0.4215,0.46,0.9975999999999998,0.11713588158999,-0.1999999999999886,-0.0999999999999999,-21.370000000000005
8.562000000849366,-0.0634,-0.9133,1.6538000000000002,0.0,0.5062,0.9052,0.1520241092545967,-0.2999999999999971,-0.0699999999999999,-20.87,1.4828,-0.8651,1.9466,0.4162,0.4588,0.9994,0.11713588158999,-0.1999999999999886,-0.0999999999999999,-21.47000000000001
8.59400000050664,-0.0599,-0.9105,1.6486,0.0,0.508,0.9072,0.1520241092545967,-0.2999999999999971,-0.0699999999999999,-20.87,1.4994,-0.8686,1.9546,0.4256,0.4588,0.995,0.11713588158999,-0.1999999999999886,-0.0999999999999999,-21.47000000000001
8.609000001102686,-0.0583,-0.8978,1.6542000000000001,0.0,0.512,0.9158,0.1520546272983901,-0.2999999999999971,-0.0699999999999999,-20.969999999999995,1.4933,-0.8657,1.9508,0.4298,0.4545,1.0112,0.1171969176775768,-0.1999999999999886,-0.0999999999999999,-21.570000000000007
8.625,-0.0588,-0.9082,1.6536000000000002,0.0,0.5139,0.9156,0.1520393682764934,-0.2999999999999971,-0.0699999999999999,-20.969999999999995,1.4969,-0.8695,1.9525999999999997,0.4248,0.4626,1.0104,0.1171969176775768,-0.1999999999999886,-0.0999999999999999,-21.570000000000007
8.640000000596046,-0.0603,-0.9015,1.6476,0.0,0.5128,0.906,0.1520393682764934,-0.2999999999999971,-0.0699999999999999,-20.969999999999995,1.4887,-0.8624,1.9418,0.4138,0.4591,0.9894,0.1171969176775768,-0.1999999999999886,-0.0999999999999999,-21.570000000000007
8.656000001356006,-0.0519,-0.8993,1.6462,0.0,0.5133,0.9129999999999998,0.1520393682764934,-0.2999999999999971,-0.0699999999999999,-21.07,1.4911,-0.8588,1.9416,0.421,0.4628,0.9988,0.1171816586556801,-0.1999999999999886,-0.0999999999999999,-21.67000000000001
8.687000000849366,-0.0508,-0.9084,1.6470000000000002,0.0,0.5092,0.9178,0.1521156633859769,-0.2999999999999971,-0.0699999999999999,-21.169999999999995,1.51,-0.8724,1.9525999999999997,0.4306,0.4557,0.9979999999999998,0.1171816586556801,-0.1999999999999886,-0.0999999999999999,-21.67000000000001
8.70299999974668,-0.0648,-0.8913,1.6462,0.0,0.5165,0.9250000000000002,0.1522987716487373,-0.2999999999999971,-0.0699999999999999,-21.169999999999995,1.4966,-0.8638,1.9456,0.4239,0.4669,0.9944,0.1171816586556801,-0.1999999999999886,-0.0999999999999999,-21.770000000000003
8.71900000050664,-0.0542,-0.9067,1.6424,0.0,0.5048,0.9058,0.1522987716487373,-0.2999999999999971,-0.0699999999999999,-21.27,1.4919,-0.8525,1.9396,0.4144,0.4645,1.0036,0.1171816586556801,-0.1999999999999886,-0.0999999999999999,-21.770000000000003
8.734000001102686,-0.0566,-0.8977,1.6463999999999999,0.0,0.5007,0.9158,0.1522987716487373,-0.2999999999999971,-0.0699999999999999,-21.27,1.4974,-0.8684,1.9492,0.4135,0.4565,1.0046000000000002,0.1170901045242999,-0.1999999999999886,-0.0999999999999999,-21.870000000000005
8.765000000596046,-0.0576,-0.8978,1.6508,0.0,0.511,0.9154,0.1521461814297703,-0.2999999999999971,-0.0699999999999999,-21.27,1.4902,-0.8701,1.9424,0.4269,0.4624,0.996,0.1170901045242999,-0.1999999999999886,-0.0999999999999999,-21.870000000000005
8.781000001356006,-0.0601,-0.8861,1.6344,0.0,0.519,0.918,0.1520851453421835,-0.2999999999999971,-0.0699999999999999,-21.37,1.4959,-0.8743,1.954,0.4262,0.4547,0.9902,0.1170901045242999,-0.1999999999999886,-0.0999999999999999,-21.97000000000001
8.79700000025332,-0.0456,-0.9048,1.6476,0.0,0.5061,0.9162,0.1520546272983901,-0.2999999999999971,-0.0699999999999999,-21.37,1.4951,-0.8653,1.945,0.4214,0.4726,1.0018,0.1170595864805066,-0.1999999999999886,-0.0999999999999999,-21.97000000000001
8.812000000849366,-0.0513,-0.8959,1.6492000000000002,0.0,0.5086,0.9094,0.1520546272983901,-0.2999999999999971,-0.0699999999999999,-21.469999999999995,1.4875,-0.8648,1.9402,0.4216,0.4489,1.0088,0.1170595864805066,-0.1999999999999886,-0.0999999999999999,-21.97000000000001
8.82799999974668,-0.0552,-0.8918,1.6494,0.0,0.5109,0.914,0.1520546272983901,-0.2999999999999971,-0.0699999999999999,-21.469999999999995,1.4976,-0.8637,1.95,0.4116,0.4641,1.0038,0.1170595864805066,-0.1999999999999886,-0.0999999999999999,-22.070000000000007
8.84400000050664,-0.0506,-0.8923,1.6432,0.0,0.5104,0.918,0.1520546272983901,-0.2999999999999971,-0.0699999999999999,-21.57,1.5102,-0.8665,1.9566,0.4281,0.4646,0.994,0.1170595864805066,-0.1999999999999886,-0.0999999999999999,-22.070000000000007
8.875,-0.0511,-0.8941,1.64,0.0,0.5106,0.904,0.1520546272983901,-0.2999999999999971,-0.0699999999999999,-21.57,1.4941,-0.8652,1.9514,0.4181,0.4516,1.001,0.1171053635461966,-0.1999999999999886,-0.0999999999999999,-22.17000000000001
8.890000000596046,-0.0527,-0.8993,1.6538000000000002,0.0,0.5075,0.909,0.1520546272983901,-0.2999999999999971,-0.0699999999999999,-21.669999999999995,1.4932,-0.8708,1.946,0.4293,0.4575,1.0034,0.1170595864805066,-0.1999999999999886,-0.0999999999999999,-22.17000000000001
8.906000001356006,-0.0462,-0.9165,1.6518,0.0,0.5093,0.9186,0.1520546272983901,-0.2999999999999971,-0.0699999999999999,-21.669999999999995,1.4904,-0.8718,1.941,0.4195,0.4675,0.9988,0.1171053635461966,-0.1999999999999886,-0.0999999999999999,-22.270000000000003
8.937000000849366,-0.0671,-0.8925,1.6478,0.0,0.5116,0.9072,0.1520698863202868,-0.2999999999999971,-0.0699999999999999,-21.77,1.4845,-0.8588,1.9394,0.4135,0.4554,0.989,0.1171053635461966,-0.1999999999999886,-0.0999999999999999,-22.270000000000003
8.95299999974668,-0.0516,-0.9076,1.6578000000000002,0.0,0.5048,0.9152,0.1521004043640802,-0.2000000000000028,-0.0699999999999999,-21.77,1.4938,-0.8698,1.9458,0.4171,0.4596,0.9876,0.1170748455024033,-0.1999999999999886,-0.0999999999999999,-22.370000000000005
8.96900000050664,-0.0525,-0.8915,1.6436,0.0,0.4913,0.9094,0.1521461814297703,-0.2000000000000028,-0.0699999999999999,-21.77,1.5005,-0.8659,1.9524,0.4235,0.4601,1.0094,0.1170595864805066,-0.1999999999999886,-0.0999999999999999,-22.370000000000005
8.984000001102686,-0.0592,-0.8991,1.6486,0.0,0.5132,0.9171999999999998,0.1522224765392538,-0.2000000000000028,-0.0699999999999999,-21.87,1.4865,-0.8636,1.9474,0.4315,0.4507,1.0056,0.1169680323491264,-0.1999999999999886,-0.0999999999999999,-22.47000000000001
9.0,-0.0529,-0.898,1.6462,0.0,0.5037,0.9058,0.1523445487144274,-0.2000000000000028,-0.0699999999999999,-21.969999999999995,1.4959,-0.8679,1.9416,0.4273,0.461,1.0118,0.1169527733272297,-0.1999999999999886,-0.0999999999999999,-22.47000000000001
9.015000000596046,-0.0665,-0.8872,1.6516,0.0,0.5095,0.9086,0.1523445487144274,-0.2000000000000028,-0.0699999999999999,-21.969999999999995,1.4943,-0.8612,1.9574,0.4168,0.4557,1.0034,0.1169527733272297,-0.1999999999999886,-0.0999999999999999,-22.570000000000007
9.04700000025332,-0.0537,-0.9043,1.6487999999999998,0.0,0.506,0.9129999999999998,0.1522987716487373,-0.2000000000000028,-0.0699999999999999,-22.07,1.4979,-0.863,1.9494,0.4133,0.458,0.9972,0.1169527733272297,-0.1999999999999886,-0.0999999999999999,-22.67000000000001
9.062000000849366,-0.0496,-0.8955,1.6524,0.0,0.5104,0.9132,0.1522529945830472,-0.2000000000000028,0.03,-22.169999999999995,1.4986,-0.8622,1.9452,0.4152,0.4621,1.0012,0.1169222552834363,-0.1999999999999886,-0.1999999999999999,-22.67000000000001
9.07799999974668,-0.0498,-0.8904,1.6532000000000002,0.0,0.498,0.9184,0.152161440451667,-0.2000000000000028,0.03,-22.169999999999995,1.4967,-0.8629,1.9544,0.4188,0.4512,1.0032,0.1169222552834363,-0.1999999999999886,-0.1999999999999999,-22.770000000000003
9.109000001102686,-0.0618,-0.8943,1.6506,0.0,0.4993,0.9086,0.152161440451667,-0.2000000000000028,0.03,-22.27,1.4906,-0.8704,1.953,0.417,0.4609,1.0058,0.1169222552834363,-0.1999999999999886,-0.1999999999999999,-22.770000000000003
9.125,-0.054,-0.8896,1.6482,0.0,0.5168,0.9086,0.152161440451667,-0.2000000000000028,0.03,-22.27,1.4996,-0.8675,1.941,0.4284,0.4664,1.0072,0.1169222552834363,-0.1999999999999886,-0.1999999999999999,-22.870000000000005
9.140000000596046,-0.0567,-0.9083,1.6522,0.0,0.5205,0.915,0.1521461814297703,-0.2000000000000028,0.03,-22.37,1.487,-0.8642,1.9474,0.4158,0.4556,0.995,0.1169222552834363,-0.1999999999999886,-0.1999999999999999,-22.97000000000001
9.156000001356006,-0.0512,-0.9096,1.6474,0.0,0.5122,0.9148,0.1521461814297703,-0.2000000000000028,0.03,-22.469999999999995,1.4989,-0.8626,1.9272,0.4271,0.4598,1.013,0.1168764782177462,-0.1999999999999886,-0.1999999999999999,-23.070000000000007
9.17200000025332,-0.0602,-0.9047,1.6490000000000002,0.0,0.5263,0.9137999999999998,0.1521461814297703,-0.2000000000000028,0.03,-22.469999999999995,1.5038,-0.8709,1.9446,0.4261,0.4666,0.9966,0.1168764782177462,-0.1999999999999886,-0.1999999999999999,-23.070000000000007
9.187000000849366,-0.0514,-0.911,1.6508,0.0,0.5116,0.9146,0.1521461814297703,-0.2000000000000028,0.03,-22.57,1.4978,-0.8697,1.9464,0.4196,0.4562,0.992,0.1169222552834363,-0.1999999999999886,-0.1999999999999999,-23.17000000000001
9.21900000050664,-0.055,-0.9065,1.6567999999999998,0.0,0.5114,0.9192,0.1521309224078736,-0.2000000000000028,0.03,-22.669999999999995,1.4873,-0.8614,1.9444,0.4148,0.4616,1.0046000000000002,0.1169222552834363,-0.1999999999999886,-0.1999999999999999,-23.270000000000003
9.234000001102686,-0.0579,-0.8965,1.654,0.0,0.5109,0.9024,0.1521156633859769,-0.2000000000000028,0.13,-22.77,1.4991,-0.8578,1.943,0.4227,0.4637,0.9979999999999998,0.1169222552834363,-0.1999999999999886,-0.1999999999999999,-23.370000000000005
9.25,-0.0618,-0.8884,1.6445999999999998,0.0,0.5021,0.9064,0.1521156633859769,-0.2000000000000028,0.13,-22.87,1.498,-0.864,1.944,0.4218,0.455,1.0004,0.1169222552834363,-0.1999999999999886,-0.1999999999999999,-23.47000000000001
9.281000001356006,-0.0513,-0.9068,1.6516,0.0,0.5137,0.911,0.1521156633859769,-0.2000000000000028,0.13,-22.969999999999995,1.4907,-0.8706,1.9546,0.4202,0.4598,1.0066,0.116937514305333,-0.1999999999999886,-0.1999999999999999,-23.47000000000001
9.29700000025332,-0.0532,-0.9091,1.6594,0.0,0.5104,0.9126,0.1521156633859769,-0.2000000000000028,0.13,-23.07,1.4917,-0.8571,1.9498,0.4152,0.4668,1.0026000000000002,0.116937514305333,-0.1999999999999886,-0.1999999999999999,-23.570000000000007
9.312000000849366,-0.0596,-0.8991,1.651,0.0,0.5106,0.9213999999999998,0.1521309224078736,-0.2000000000000028,0.13,-23.169999999999995,1.4917,-0.8666,1.955,0.413,0.4585,0.9996,0.1169222552834363,-0.1999999999999886,-0.1999999999999999,-23.67000000000001
9.32799999974668,-0.0581,-0.907,1.6552,0.0,0.5101,0.9095999999999999,0.152161440451667,-0.2999999999999971,0.13,-23.27,1.4932,-0.8677,1.9464,0.4175,0.4471,1.0108,0.1169222552834363,-0.1999999999999886,-0.2999999999999999,-23.770000000000003
9.34400000050664,-0.0559,-0.9011,1.6487999999999998,0.0,0.5089,0.9026,0.1522224765392538,-0.2999999999999971,0.13,-23.37,1.489,-0.8524,1.938,0.4139,0.4554,1.002,0.1169222552834363,-0.1999999999999886,-0.2999999999999999,-23.870000000000005
9.359000001102686,-0.0627,-0.9016,1.6576000000000002,0.0,0.5112,0.9146,0.1523750667582208,-0.2999999999999971,0.13,-23.469999999999995,1.4939,-0.8635,1.9426,0.4254,0.4689,0.9994,0.116937514305333,-0.1999999999999886,-0.2999999999999999,-23.97000000000001
9.390000000596046,-0.058,-0.8953,1.6498,0.0,0.5091,0.904,0.1523750667582208,-0.2999999999999971,0.13,-23.57,1.4942,-0.8632,1.9506,0.4241,0.4597,1.0064000000000002,0.116937514305333,-0.1999999999999886,-0.2999999999999999,-24.070000000000007
9.406000001356006,-0.0544,-0.8976,1.6392,0.0,0.5182,0.911,0.1523750667582208,-0.2000000000000028,0.13,-23.669999999999995,1.4924,-0.8639,1.9498,0.4199,0.4677,0.9914,0.116937514305333,-0.1999999999999886,-0.2999999999999999,-24.270000000000003
9.42200000025332,-0.0541,-0.8944,1.655,0.0,0.5213,0.9108,0.1522987716487373,-0.2000000000000028,0.13,-23.77,1.49,-0.8624,1.9414,0.4083,0.4477,0.9872,0.116937514305333,-0.1999999999999886,-0.2999999999999999,-24.370000000000005
9.45299999974668,-0.0584,-0.8919,1.6502,0.0,0.5171,0.9104,0.152161440451667,-0.2000000000000028,0.13,-23.87,1.4868,-0.8548,1.9394,0.4241,0.4562,1.0066,0.116937514305333,-0.1999999999999886,-0.2999999999999999,-24.47000000000001
9.46900000050664,-0.062,-0.9018,1.6546000000000003,0.0,0.521,0.912,0.1521309224078736,-0.2000000000000028,0.13,-23.969999999999995,1.4893,-0.8556,1.9396,0.4171,0.4546,1.0002,0.1168917372396429,-0.1999999999999886,-0.2999999999999999,-24.570000000000007
9.484000001102686,-0.0558,-0.9122,1.6578000000000002,0.0,0.5055,0.9132,0.1521309224078736,-0.2000000000000028,0.2300000000000001,-24.07,1.487,-0.8629,1.9456,0.4189,0.4605,1.0044000000000002,0.1168917372396429,-0.1999999999999886,-0.2999999999999999,-24.67000000000001
9.5,-0.0645,-0.8952,1.659,0.0,0.5028,0.9114,0.1521309224078736,-0.2000000000000028,0.2300000000000001,-24.169999999999995,1.4995,-0.8729,1.9562,0.4191,0.4513,0.9964,0.1168917372396429,-0.1999999999999886,-0.2999999999999999,-24.770000000000003
9.515000000596046,-0.059,-0.8994,1.6558,0.0,0.5041,0.8964,0.1521309224078736,-0.2000000000000028,0.2300000000000001,-24.37,1.4928,-0.874,1.942,0.4297,0.4588,0.9979999999999998,0.1168917372396429,-0.1999999999999886,-0.2999999999999999,-24.97000000000001
9.531000001356006,-0.0534,-0.8948,1.6404000000000003,0.0,0.5083,0.9026,0.1521461814297703,-0.2000000000000028,0.2300000000000001,-24.469999999999995,1.4944,-0.8668,1.956,0.4193,0.457,1.0004,0.1168917372396429,-0.1999999999999886,-0.2999999999999999,-25.070000000000007
9.562000000849366,-0.0655,-0.8937,1.6529999999999998,0.0,0.502,0.9122,0.152161440451667,-0.2000000000000028,0.2300000000000001,-24.57,1.5015,-0.8661,1.943,0.4206,0.4677,1.0,0.1168917372396429,-0.1999999999999886,-0.2999999999999999,-25.17000000000001
9.57799999974668,-0.0456,-0.908,1.6518,0.0,0.5092,0.9166,0.152161440451667,-0.2000000000000028,0.2300000000000001,-24.87,1.5006,-0.872,1.9442,0.4166,0.4661,1.0086,0.1168917372396429,-0.1999999999999886,-0.2999999999999999,-25.370000000000005
9.59400000050664,-0.0521,-0.8961,1.6502,0.0,0.5156,0.9133999999999998,0.152161440451667,-0.2000000000000028,0.2300000000000001,-24.969999999999995,1.4956,-0.8662,1.949,0.416,0.4597,0.9948,0.1169222552834363,-0.1999999999999886,-0.2999999999999999,-25.47000000000001
9.625,-0.0534,-0.8991,1.6578000000000002,0.0,0.5008,0.9082,0.1522224765392538,-0.2000000000000028,0.2300000000000001,-25.07,1.4895,-0.8513,1.9334,0.4147,0.4519,1.0008,0.1168612191958495,-0.1999999999999886,-0.2999999999999999,-25.67000000000001
9.640000000596046,-0.0421,-0.9017,1.6518,0.0,0.5052,0.9084,0.1522224765392538,-0.2000000000000028,0.2300000000000001,-25.27,1.5024,-0.8648,1.9438,0.4215,0.4608,1.0096,0.1168459601739528,-0.1999999999999886,-0.3999999999999999,-25.770000000000003
9.656000001356006,-0.0588,-0.8923,1.6434,0.0,0.5039,0.907,0.1522224765392538,-0.2000000000000028,0.2300000000000001,-25.37,1.4942,-0.873,1.9458,0.4271,0.4548,1.0154,0.1168459601739528,-0.1999999999999886,-0.3999999999999999,-25.97000000000001
9.67200000025332,-0.0632,-0.8904,1.6526000000000003,0.0,0.5179,0.9136,0.1522529945830472,-0.2000000000000028,0.2300000000000001,-25.57,1.4982,-0.8545,1.9428,0.4112,0.4563,0.9946,0.1168307011520561,-0.1999999999999886,-0.3999999999999999,-26.070000000000007
9.687000000849366,-0.0551,-0.893,1.6438,0.0,0.5103,0.9082,0.1522987716487373,-0.2000000000000028,0.2300000000000001,-25.669999999999995,1.4956,-0.8622,1.9516,0.4125,0.4554,1.0162,0.1168459601739528,-0.1999999999999886,-0.3999999999999999,-26.270000000000003
9.70299999974668,-0.0614,-0.9025,1.6580000000000001,0.0,0.4973,0.9137999999999998,0.152314030670634,-0.2000000000000028,0.2300000000000001,-25.77,1.4965,-0.8673,1.9604,0.4251,0.452,0.9966,0.1168459601739528,-0.1999999999999886,-0.3999999999999999,-26.370000000000005
9.734000001102686,-0.0541,-0.9158,1.6548,0.0,0.5124,0.9202,0.152314030670634,-0.2000000000000028,0.2300000000000001,-25.969999999999995,1.4941,-0.867,1.9563999999999997,0.417,0.4553,1.0068,0.1168307011520561,-0.1999999999999886,-0.3999999999999999,-26.570000000000007
9.75,-0.0545,-0.883,1.6356,0.0,0.5079,0.9053999999999998,0.152314030670634,-0.2000000000000028,0.2300000000000001,-26.169999999999995,1.4952,-0.8587,1.9262,0.4283,0.452,1.008,0.1168154421301594,-0.1999999999999886,-0.3999999999999999,-26.67000000000001
9.765000000596046,-0.0579,-0.8964,1.6498,0.0,0.512,0.9072,0.152161440451667,-0.2000000000000028,0.2300000000000001,-26.27,1.502,-0.87,1.9462,0.4269,0.4578,1.0006000000000002,0.1167696650644693,-0.1999999999999886,-0.3999999999999999,-26.870000000000005
9.79700000025332,-0.0482,-0.9014,1.6478,0.0,0.5074,0.9122,0.152161440451667,-0.2000000000000028,0.2300000000000001,-26.469999999999995,1.5037,-0.8674,1.9422,0.4172,0.4609,1.008,0.1167544060425726,-0.1999999999999886,-0.3999999999999999,-27.070000000000007
9.812000000849366,-0.0542,-0.8939,1.6372,0.0,0.5116,0.91,0.1521004043640802,-0.2000000000000028,0.2300000000000001,-26.57,1.4967,-0.8604,1.9408,0.4187,0.4605,1.0126,0.1167544060425726,-0.1999999999999886,-0.3999999999999999,-27.270000000000003
9.82799999974668,-0.0505,-0.8975,1.6494,0.0,0.5134,0.9094,0.1521004043640802,-0.2000000000000028,0.2300000000000001,-26.77,1.5003,-0.8647,1.9434,0.4287,0.4592,1.0012,0.1167544060425726,-0.1999999999999886,-0.3999999999999999,-27.370000000000005
9.84400000050664,-0.053,-0.9073,1.6398000000000001,0.0,0.5053,0.9026,0.1521004043640802,-0.2999999999999971,0.2300000000000001,-26.969999999999995,1.4919,-0.8611,1.9338,0.4201,0.448,1.0154,0.1167544060425726,-0.1999999999999886,-0.3999999999999999,-27.570000000000007
9.859000001102686,-0.0477,-0.9027,1.6528,0.0,0.4993,0.9094,0.1521309224078736,-0.2000000000000028,0.2300000000000001,-27.27,1.4927,-0.8637,1.9338,0.4203,0.4569,1.0086,0.1167696650644693,-0.1999999999999886,-0.3999999999999999,-27.770000000000003
9.875,-0.0516,-0.9111,1.6588,0.0,0.5137,0.9143999999999998,0.1521309224078736,-0.2000000000000028,0.2300000000000001,-27.469999999999995,1.4913,-0.8564,1.9336,0.4288,0.4597,1.011,0.1168459601739528,-0.1999999999999886,-0.3999999999999999,-27.97000000000001
9.906000001356006,-0.0381,-0.9016,1.6529999999999998,0.0,0.4998,0.9062,0.1521156633859769,-0.2000000000000028,0.2300000000000001,-27.669999999999995,1.5011,-0.8628,1.9354,0.4111,0.4519,1.009,0.1168459601739528,-0.1999999999999886,-0.3999999999999999,-28.17000000000001
9.92200000025332,-0.0484,-0.9056,1.6504,0.0,0.5073,0.8984,0.1521309224078736,-0.2000000000000028,0.2300000000000001,-27.77,1.4988,-0.853,1.943,0.4165,0.4597,1.0102,0.1168459601739528,-0.1999999999999886,-0.3999999999999999,-28.270000000000003
9.937000000849366,-0.0439,-0.9079,1.6438,0.0,0.4975,0.898,0.1521766994735637,-0.2000000000000028,0.2300000000000001,-27.969999999999995,1.4973,-0.8647,1.948,0.4119,0.4434,1.006,0.1168459601739528,-0.1999999999999886,-0.3999999999999999,-28.47000000000001
9.95299999974668,-0.0506,-0.8948,1.6444,0.0,0.5093,0.9004,0.1521766994735637,-0.2000000000000028,0.2300000000000001,-28.169999999999995,1.4999,-0.8639,1.937,0.4237,0.4604,1.0046000000000002,0.1168154421301594,-0.1999999999999886,-0.3999999999999999,-28.67000000000001
9.96900000050664,-0.0468,-0.8993,1.6487999999999998,0.0,0.5076,0.9068,0.1521766994735637,-0.2000000000000028,0.2300000000000001,-28.37,1.4898,-0.8538,1.9358,0.4288,0.4527,1.0136,0.116784924086366,-0.1999999999999886,-0.3999999999999999,-28.870000000000005
9.984000001102686,-0.0466,-0.9042,1.6536000000000002,0.0,0.5057,0.9084,0.1521766994735637,-0.2000000000000028,0.2300000000000001,-28.57,1.5037,-0.8482,1.947,0.4329,0.4577,1.015,0.1167391470206759,-0.1999999999999886,-0.3999999999999999,-29.070000000000007
10.015000000596046,-0.0397,-0.8979,1.6543999999999999,0.0,0.5091,0.9056,0.1522072175173571,-0.2000000000000028,0.2300000000000001,-28.669999999999995,1.5017,-0.858,1.932,0.4255,0.4591,1.0126,0.1167391470206759,-0.1999999999999886,-0.3999999999999999,-29.270000000000003
10.031000001356006,-0.0528,-0.8929,1.6468,0.0,0.5131,0.9091999999999998,0.1522987716487373,-0.2999999999999971,0.2300000000000001,-28.87,1.4898,-0.8571,1.9454,0.4215,0.4585,1.008,0.116784924086366,-0.1999999999999886,-0.3999999999999999,-29.47000000000001
10.04700000025332,-0.0525,-0.8984,1.6438,0.0,0.5177,0.9065999999999996,0.1523292896925307,-0.2999999999999971,0.2300000000000001,-29.07,1.4942,-0.8594,1.943,0.4291,0.448,1.0072,0.116784924086366,-0.1999999999999886,-0.3999999999999999,-29.67000000000001
10.07799999974668,-0.0484,-0.8966,1.6458000000000002,0.0,0.5135,0.9118,0.1523292896925307,-0.2999999999999971,0.2300000000000001,-29.27,1.4993,-0.8602,1.9442,0.4212,0.4677,1.015,0.1167391470206759,-0.1999999999999886,-0.2999999999999999,-29.870000000000005
10.09400000050664,-0.0413,-0.9001,1.6518,0.0,0.506,0.9143999999999998,0.1521919584954604,-0.2999999999999971,0.13,-29.669999999999995,1.5094,-0.8614,1.9492,0.4202,0.4616,1.002,0.116784924086366,-0.1999999999999886,-0.2999999999999999,-30.070000000000007
10.109000001102686,-0.0458,-0.8919,1.643,0.0,0.5113,0.9042,0.1521919584954604,-0.2000000000000028,0.13,-29.77,1.4917,-0.8568,1.9444,0.4214,0.4572,1.0062,0.1167391470206759,-0.1999999999999886,-0.2999999999999999,-30.270000000000003
10.125,-0.0471,-0.8987,1.6538000000000002,0.0,0.4953,0.9046,0.1521919584954604,-0.2000000000000028,0.13,-29.969999999999995,1.4882,-0.8551,1.9334,0.4339,0.4577,1.0178,0.1167238879987792,-0.1999999999999886,-0.2999999999999999,-30.47000000000001
10.140000000596046,-0.0479,-0.904,1.6562000000000001,0.0,0.5058,0.9078,0.1521919584954604,-0.2000000000000028,0.13,-30.169999999999995,1.5002,-0.8638,1.9378,0.4194,0.4664,1.012,0.1167238879987792,-0.2999999999999971,-0.2999999999999999,-30.67000000000001
10.17200000025332,-0.0364,-0.8942,1.6383999999999999,0.0,0.5188,0.9129999999999998,0.1521461814297703,-0.2000000000000028,0.13,-30.37,1.4873,-0.859,1.9472,0.4107,0.4565,1.004,0.1167238879987792,-0.2999999999999971,-0.2999999999999999,-30.870000000000005
10.187000000849366,-0.0478,-0.8856,1.646,0.0,0.5138,0.9064,0.1521461814297703,-0.2000000000000028,0.13,-30.57,1.4987,-0.8452,1.9344,0.4228,0.4579,0.9996,0.1167238879987792,-0.1999999999999886,-0.2999999999999999,-31.070000000000007
10.20299999974668,-0.0424,-0.8919,1.6377999999999997,0.0,0.5071,0.9002,0.1521461814297703,-0.2000000000000028,0.13,-30.77,1.5019,-0.867,1.9454,0.4199,0.4599,1.0158,0.1167238879987792,-0.1999999999999886,-0.2999999999999999,-31.270000000000003
10.21900000050664,-0.0445,-0.8863,1.635,0.0,0.5086,0.9021999999999998,0.152161440451667,-0.2000000000000028,0.13,-30.969999999999995,1.5009,-0.8546,1.946,0.4263,0.4591,1.0122,0.1167238879987792,-0.1999999999999886,-0.2999999999999999,-31.47000000000001
10.25,-0.0491,-0.8927,1.6516,0.0,0.5045,0.9007999999999998,0.1521309224078736,-0.2000000000000028,0.13,-31.169999999999995,1.5011,-0.8568,1.9338,0.4184,0.4585,1.0098,0.1167238879987792,-0.1999999999999886,-0.2999999999999999,-31.67000000000001
10.265000000596046,-0.0459,-0.8952,1.657,0.0,0.5028,0.9011999999999998,0.152161440451667,-0.2000000000000028,0.13,-31.27,1.4886,-0.8626,1.9332,0.4204,0.4565,1.0072,0.1167391470206759,-0.1999999999999886,-0.2999999999999999,-31.870000000000005
10.281000001356006,-0.0502,-0.9078,1.648,0.0,0.5058,0.899,0.1521461814297703,-0.2000000000000028,0.13,-31.469999999999995,1.5043,-0.8572,1.9422,0.4139,0.453,1.0078,0.116784924086366,-0.1999999999999886,-0.2999999999999999,-32.07000000000001
10.29700000025332,-0.0452,-0.8947,1.6490000000000002,0.0,0.5048,0.9053999999999998,0.152161440451667,-0.2000000000000028,0.13,-31.669999999999995,1.5014,-0.8597,1.9422,0.4266,0.4516,1.0104,0.116784924086366,-0.1999999999999886,-0.2999999999999999,-32.27
10.312000000849366,-0.0444,-0.8974,1.6412000000000002,0.0,0.5213,0.9062,0.1522072175173571,-0.2000000000000028,0.13,-31.87,1.5082,-0.8577,1.9422,0.428,0.447,1.0122,0.1167544060425726,-0.1999999999999886,-0.2999999999999999,-32.470000000000006
10.32799999974668,-0.0446,-0.9069,1.6456000000000002,0.0,0.4906,0.9062,0.1522072175173571,-0.2000000000000028,0.13,-32.06999999999999,1.5012,-0.8487,1.9418,0.428,0.4532,1.0114,0.1167544060425726,-0.1999999999999886,-0.2999999999999999,-32.67000000000001
10.359000001102686,-0.0519,-0.8983,1.6520000000000001,0.0,0.4992,0.9,0.1522072175173571,-0.2000000000000028,0.13,-32.27,1.5025,-0.8557,1.9346000000000003,0.4286,0.4482,1.0204,0.1167544060425726,-0.1999999999999886,-0.2999999999999999,-32.870000000000005
10.375,-0.0409,-0.8978,1.6476,0.0,0.505,0.9036,0.1523903257801175,-0.2000000000000028,0.13,-32.47,1.4952,-0.8471,1.936,0.4262,0.4574,1.0172,0.116784924086366,-0.1999999999999886,-0.2999999999999999,-33.07000000000001
10.390000000596046,-0.0421,-0.8985,1.6498,0.0,0.5071,0.9053999999999998,0.1523903257801175,-0.2000000000000028,0.13,-32.56999999999999,1.5007,-0.8599,1.9384,0.4279,0.4602,1.0118,0.1167544060425726,-0.1999999999999886,-0.2999999999999999,-33.27
10.42200000025332,-0.0437,-0.9014,1.6564000000000003,0.0,0.5091,0.9098,0.1523903257801175,-0.2999999999999971,0.13,-32.77,1.4903,-0.8566,1.9278,0.4157,0.4583,1.0142,0.1167544060425726,-0.1999999999999886,-0.2999999999999999,-33.470000000000006
10.437000000849366,-0.0449,-0.8933,1.6478,0.0,0.5089,0.8992,0.1522224765392538,-0.2999999999999971,0.03,-32.97,1.5054,-0.8605,1.945,0.425,0.4666,1.0206000000000002,0.1167544060425726,-0.1999999999999886,-0.2999999999999999,-33.67000000000001
10.45299999974668,-0.0544,-0.897,1.6612000000000002,0.0,0.5024,0.9056,0.152161440451667,-0.2000000000000028,0.03,-33.37,1.4957,-0.8542,1.9428,0.4217,0.4542,1.011,0.1167238879987792,-0.1999999999999886,-0.2999999999999999,-33.870000000000005
10.46900000050664,-0.0439,-0.8906,1.6470000000000002,0.0,0.5155,0.8998,0.152161440451667,-0.2000000000000028,0.03,-33.56999999999999,1.5008,-0.8603,1.9412,0.4281,0.4486,1.019,0.1167238879987792,-0.1999999999999886,-0.2999999999999999,-34.07000000000001
10.484000001102686,-0.0545,-0.8918,1.648,0.0,0.5048,0.8973999999999998,0.1521461814297703,-0.2000000000000028,0.03,-33.77,1.5025,-0.8494,1.9346000000000003,0.4243,0.4627,1.0174,0.1167238879987792,-0.1999999999999886,-0.2999999999999999,-34.27
10.5,-0.0444,-0.8966,1.6376,0.0,0.5067,0.9042,0.1521309224078736,-0.2999999999999971,0.03,-33.87,1.4954,-0.8549,1.9288,0.4282,0.4585,1.0106,0.1167238879987792,-0.1999999999999886,-0.2999999999999999,-34.470000000000006
10.531000001356006,-0.0331,-0.9013,1.6406,0.0,0.5194,0.9087999999999998,0.1521461814297703,-0.2999999999999971,0.03,-34.06999999999999,1.4998,-0.8511,1.944,0.4281,0.4548,1.0182,0.1167391470206759,-0.1999999999999886,-0.1999999999999999,-34.67000000000001
10.54700000025332,-0.0472,-0.8981,1.6434,0.0,0.5095,0.9106,0.1521004043640802,-0.2999999999999971,0.03,-34.27,1.4881,-0.8471,1.93,0.422,0.4587,1.0228,0.1167238879987792,-0.1999999999999886,-0.1999999999999999,-34.870000000000005
10.562000000849366,-0.0349,-0.8895,1.6374000000000002,0.0,0.5138,0.8966,0.1521004043640802,-0.2999999999999971,0.03,-34.47,1.506,-0.8562,1.9392,0.4212,0.456,1.0202,0.1167238879987792,-0.1999999999999886,-0.1999999999999999,-35.07000000000001
10.59400000050664,-0.0495,-0.9041,1.6605999999999999,0.0,0.5062,0.8938,0.1520851453421835,-0.2999999999999971,0.03,-34.669999999999995,1.4919,-0.8551,1.9346000000000003,0.4265,0.467,1.022,0.1166933699549858,-0.1999999999999886,-0.1999999999999999,-35.27
10.609000001102686,-0.0388,-0.8954,1.6482,0.0,0.5083,0.9034,0.1520851453421835,-0.2999999999999971,0.03,-34.87,1.499,-0.8491,1.9232,0.4215,0.4563,1.0132,0.1166475928892958,-0.1999999999999886,-0.1999999999999999,-35.470000000000006
10.625,-0.0369,-0.897,1.6456000000000002,0.0,0.5095,0.904,0.1521004043640802,-0.2000000000000028,0.03,-35.06999999999999,1.4836,-0.8496,1.9348,0.4271,0.4658,1.0226,0.1166475928892958,-0.1999999999999886,-0.1999999999999999,-35.67000000000001
10.640000000596046,-0.0308,-0.9111,1.651,0.0,0.507,0.9044,0.1521461814297703,-0.2000000000000028,0.03,-35.169999999999995,1.4852,-0.8488,1.9276,0.4237,0.4683,1.0322,0.1166475928892958,-0.1999999999999886,-0.1999999999999999,-35.870000000000005
10.656000001356006,-0.0507,-0.9001,1.6534000000000002,0.0,0.52,0.9098,0.1521461814297703,-0.2000000000000028,0.03,-35.37,1.4989,-0.859,1.9354,0.4272,0.4662,1.0146,0.1166475928892958,-0.1999999999999886,-0.1999999999999999,-36.07000000000001
10.67200000025332,-0.0314,-0.8882,1.6414000000000002,0.0,0.5136,0.9018,0.1523598077363241,-0.2000000000000028,0.03,-35.56999999999999,1.4944,-0.8507,1.937,0.4262,0.4626,1.0198,0.1166475928892958,-0.1999999999999886,-0.1999999999999999,-36.27
10.70299999974668,-0.041,-0.8953,1.6462,0.0,0.5033,0.9053999999999998,0.1523598077363241,-0.2000000000000028,0.03,-35.77,1.4952,-0.8528,1.9232,0.4423,0.4589,1.0264,0.1167391470206759,-0.1999999999999886,-0.1999999999999999,-36.470000000000006
10.71900000050664,-0.0354,-0.8993,1.648,0.0,0.5112,0.9058,0.1523598077363241,-0.2000000000000028,0.03,-35.97,1.4935,-0.8621,1.93,0.4227,0.4532,1.0138,0.1167391470206759,-0.1999999999999886,-0.1999999999999999,-36.67000000000001
10.734000001102686,-0.03,-0.8885,1.6440000000000001,0.0,0.5096,0.911,0.1523598077363241,-0.2000000000000028,0.03,-36.17,1.488,-0.8507,1.9218,0.4253,0.4401,1.0208,0.1167391470206759,-0.1999999999999886,-0.1999999999999999,-36.870000000000005
10.765000000596046,-0.0384,-0.8982,1.6442000000000003,0.0,0.5031,0.9028,0.1521461814297703,-0.2999999999999971,0.03,-36.37,1.5016,-0.8621,1.9414,0.4221,0.4636,1.0188,0.1166475928892958,-0.1999999999999886,-0.1999999999999999,-37.07000000000001
10.781000001356006,-0.0413,-0.9021,1.6440000000000001,0.0,0.5104,0.8969999999999998,0.1520851453421835,-0.2999999999999971,0.03,-36.47,1.4971,-0.854,1.9312,0.4266,0.4653,1.0168,0.1166475928892958,-0.1999999999999886,-0.1999999999999999,-37.27
10.79700000025332,-0.04,-0.888,1.6432,0.0,0.5109,0.8996,0.1520698863202868,-0.2000000000000028,0.03,-36.67,1.49,-0.857,1.9384,0.4202,0.4528,1.0152,0.1166475928892958,-0.1999999999999886,-0.1999999999999999,-37.470000000000006
10.812000000849366,-0.0412,-0.8979,1.6474,0.0,0.5061,0.896,0.1520698863202868,-0.2000000000000028,0.03,-36.87,1.4972,-0.8501,1.9258,0.4206,0.4585,1.0158,0.1166475928892958,-0.1999999999999886,-0.1999999999999999,-37.67000000000001
10.82799999974668,-0.0357,-0.9046,1.6548,0.0,0.497,0.9018,0.1520698863202868,-0.2000000000000028,0.03,-37.06999999999999,1.4949,-0.8505,1.933,0.415,0.4458,1.0136,0.1166475928892958,-0.1999999999999886,-0.1999999999999999,-37.870000000000005
10.84400000050664,-0.0436,-0.8909,1.6490000000000002,0.0,0.505,0.8916,0.1520851453421835,-0.2000000000000028,0.03,-37.27,1.5035,-0.85,1.9198,0.4342,0.4594,1.0158,0.1166475928892958,-0.1999999999999886,-0.1999999999999999,-38.07000000000001
10.875,-0.0311,-0.9087,1.6522,0.0,0.5083,0.9021999999999998,0.1520851453421835,-0.2000000000000028,0.03,-37.47,1.4975,-0.8464,1.9248,0.426,0.4602,1.0274,0.1166628519111925,-0.1999999999999886,-0.1999999999999999,-38.27
10.890000000596046,-0.0437,-0.8888,1.6494,0.0,0.5144,0.9046,0.1520851453421835,-0.2000000000000028,0.03,-37.77,1.4948,-0.8452,1.9288,0.4226,0.4547,1.0292,0.1166933699549858,-0.1999999999999886,-0.1999999999999999,-38.470000000000006
10.906000001356006,-0.035,-0.8891,1.6348000000000005,0.0,0.5121,0.901,0.1520851453421835,-0.2999999999999971,-0.0699999999999999,-37.97,1.486,-0.8464,1.9198,0.4195,0.4436,1.0276,0.1166933699549858,-0.1999999999999886,-0.1999999999999999,-38.67000000000001
10.937000000849366,-0.0329,-0.8897,1.6506,0.0,0.5067,0.9032,0.1520546272983901,-0.2999999999999971,-0.0699999999999999,-38.17,1.5004,-0.8608,1.9236,0.425,0.4556,1.0204,0.1166628519111925,-0.1999999999999886,-0.1999999999999999,-38.870000000000005
10.95299999974668,-0.0311,-0.9033,1.6487999999999998,0.0,0.5153,0.9042,0.1520546272983901,-0.2999999999999971,-0.0699999999999999,-38.37,1.4948,-0.8466,1.9276,0.4205,0.4593,1.0204,0.1166933699549858,-0.1999999999999886,-0.1999999999999999,-39.07000000000001
10.96900000050664,-0.0423,-0.898,1.6466,0.0,0.5004,0.8942,0.1520546272983901,-0.2999999999999971,-0.0699999999999999,-38.56999999999999,1.4909,-0.8518,1.9184,0.4195,0.4564,1.0184,0.1166323338673991,-0.1999999999999886,-0.1999999999999999,-39.27
10.984000001102686,-0.0372,-0.8905,1.6418,0.0,0.497,0.8914,0.1520546272983901,-0.2999999999999971,-0.0699999999999999,-38.77,1.5032,-0.8612,1.9294,0.4245,0.4566,1.0234,0.1166323338673991,-0.1999999999999886,-0.1999999999999999,-39.470000000000006
11.0,-0.0296,-0.9022,1.6421999999999999,0.0,0.5115,0.9034,0.1520546272983901,-0.2000000000000028,-0.0699999999999999,-38.97,1.4883,-0.8511,1.9212,0.4162,0.45,1.021,0.1166323338673991,-0.1999999999999886,-0.1999999999999999,-39.57
11.015000000596046,-0.0342,-0.8858,1.6454000000000002,0.0,0.5042,0.892,0.1520698863202868,-0.2000000000000028,-0.0699999999999999,-39.06999999999999,1.5008,-0.8518,1.9314,0.4397,0.4581,1.0276,0.1166323338673991,-0.1999999999999886,-0.1999999999999999,-39.87000000000001
11.04700000025332,-0.0435,-0.8995,1.6538000000000002,0.0,0.5021,0.8984,0.1520698863202868,-0.2000000000000028,-0.0699999999999999,-39.27,1.4951,-0.843,1.9268,0.4288,0.4485,1.0278,0.1166323338673991,-0.1999999999999886,-0.1999999999999999,-40.07
11.062000000849366,-0.0359,-0.9041,1.6448,0.0,0.5067,0.911,0.1520698863202868,-0.2999999999999971,-0.0699999999999999,-39.47,1.489,-0.8544,1.9182,0.4245,0.4613,1.028,0.1166323338673991,-0.1999999999999886,-0.1999999999999999,-40.27
11.07799999974668,-0.0306,-0.9004,1.6448,0.0,0.5134,0.8956,0.1521309224078736,-0.2999999999999971,-0.0699999999999999,-39.67,1.4943,-0.8559,1.9316,0.44,0.45,1.0222,0.1166018158236057,-0.1999999999999886,-0.0999999999999999,-40.470000000000006
11.09400000050664,-0.025,-0.9029,1.6504,0.0,0.5088,0.893,0.1520851453421835,-0.2999999999999971,-0.0699999999999999,-39.87,1.4883,-0.8499,1.926,0.4276,0.4513,1.0234,0.1166018158236057,-0.1999999999999886,-0.0999999999999999,-40.67000000000001
11.109000001102686,-0.0321,-0.8897,1.6420000000000001,0.0,0.5054,0.886,0.1520851453421835,-0.2999999999999971,-0.0699999999999999,-40.06999999999999,1.5058,-0.8563,1.9288,0.4201,0.4484,1.0146,0.116586556801709,-0.1999999999999886,-0.0999999999999999,-40.87000000000001
11.140000000596046,-0.037,-0.8929,1.6402,0.0,0.5044,0.8976,0.1520851453421835,-0.2999999999999971,-0.0699999999999999,-40.27,1.497,-0.8518,1.9334,0.4308,0.4543,1.03,0.1165712977798123,-0.1999999999999886,-0.0999999999999999,-41.07
11.156000001356006,-0.039,-0.8976,1.6448,0.0,0.5019,0.8862,0.1520851453421835,-0.2999999999999971,-0.0699999999999999,-40.37,1.4952,-0.8514,1.921,0.4288,0.4522,1.022,0.1165712977798123,-0.1999999999999886,-0.0999999999999999,-41.27
11.17200000025332,-0.0336,-0.9055,1.6492000000000002,0.0,0.5058,0.893,0.1521004043640802,-0.2999999999999971,-0.0699999999999999,-40.56999999999999,1.5039,-0.8613,1.9278,0.4248,0.4598,1.029,0.1165712977798123,-0.1999999999999886,-0.0999999999999999,-41.470000000000006
11.187000000849366,-0.0323,-0.8948,1.6468,0.0,0.5105,0.903,0.1521004043640802,-0.2999999999999971,-0.0699999999999999,-40.77,1.4977,-0.8442,1.9246,0.4328,0.4493,1.0404,0.1165712977798123,-0.1999999999999886,-0.0999999999999999,-41.67000000000001
11.21900000050664,-0.0249,-0.8938,1.6492000000000002,0.0,0.5066,0.9044,0.1521004043640802,-0.2999999999999971,-0.0699999999999999,-40.97,1.4948,-0.8416,1.9208,0.4322,0.4531,1.0298,0.1165712977798123,-0.1999999999999886,-0.0999999999999999,-41.87000000000001
11.234000001102686,-0.0454,-0.8938,1.6478,0.0,0.5004,0.8918,0.1521004043640802,-0.2999999999999971,-0.0699999999999999,-41.37,1.4872,-0.8492,1.9292,0.4267,0.4535,1.0322,0.1165712977798123,-0.1999999999999886,-0.0999999999999999,-42.07
11.25,-0.0329,-0.9025,1.6508,0.0,0.5111,0.903,0.1521004043640802,-0.2999999999999971,-0.0699999999999999,-41.56999999999999,1.5024,-0.8538,1.9376,0.4253,0.4535,1.0322,0.1165712977798123,-0.1999999999999886,-0.0999999999999999,-42.27
11.265000000596046,-0.0339,-0.8905,1.6421999999999999,0.0,0.5058,0.9042,0.1521004043640802,-0.2999999999999971,-0.0699999999999999,-41.77,1.4755,-0.8343,1.9242,0.4183,0.4502,1.0308000000000002,0.1165712977798123,-0.1999999999999886,-0.0999999999999999,-42.470000000000006
11.281000001356006,-0.0366,-0.8942,1.6449999999999998,0.0,0.505,0.9024,0.1521156633859769,-0.2999999999999971,-0.0699999999999999,-41.87,1.4887,-0.8424,1.9216,0.4187,0.4498,1.0216,0.116586556801709,-0.1999999999999886,-0.0999999999999999,-42.67000000000001
11.312000000849366,-0.0274,-0.8944,1.6470000000000002,0.0,0.5025,0.8938,0.1521309224078736,-0.2999999999999971,-0.0699999999999999,-42.06999999999999,1.496,-0.8512,1.919,0.4323,0.4524,1.0296,0.1165560387579156,-0.1999999999999886,-0.0999999999999999,-42.87000000000001
11.32799999974668,-0.0321,-0.8972,1.6414000000000002,0.0,0.5056,0.8882,0.152161440451667,-0.2999999999999971,-0.0699999999999999,-42.27,1.4847,-0.8479,1.9254,0.4271,0.4531,1.021,0.1165407797360189,-0.1999999999999886,-0.0999999999999999,-43.07
11.34400000050664,-0.0252,-0.8939,1.6476,0.0,0.5079,0.902,0.1522377355611505,-0.2999999999999971,-0.0699999999999999,-42.47,1.4988,-0.8556,1.9284,0.4284,0.4558,1.029,0.1165407797360189,-0.1999999999999886,-0.0999999999999999,-43.27
11.359000001102686,-0.0386,-0.8923,1.6407999999999998,0.0,0.4984,0.8836,0.1522224765392538,-0.2999999999999971,-0.0699999999999999,-42.67,1.4975,-0.8468,1.9254,0.4255,0.4569,1.0336,0.1165407797360189,-0.1999999999999886,-0.0999999999999999,-43.470000000000006
11.390000000596046,-0.0348,-0.8852,1.6396000000000004,0.0,0.5038,0.8972,0.1523292896925307,-0.2999999999999971,-0.0699999999999999,-42.87,1.4928,-0.8438,1.9234,0.4246,0.4602,1.0216,0.1164644846265354,-0.1999999999999886,-0.0999999999999999,-43.67000000000001
11.406000001356006,-0.0301,-0.8982,1.6483999999999999,0.0,0.5072,0.8864,0.1523292896925307,-0.2999999999999971,-0.0699999999999999,-43.06999999999999,1.4957,-0.8426,1.9286,0.4203,0.4514,1.0252,0.1164644846265354,-0.1999999999999886,-0.0999999999999999,-43.87000000000001
11.42200000025332,-0.0324,-0.8967,1.651,0.0,0.5114,0.8926,0.1522224765392538,-0.2999999999999971,-0.0699999999999999,-43.17,1.4944,-0.8433,1.9238,0.4302,0.4525,1.0252,0.1164644846265354,-0.1999999999999886,-0.0999999999999999,-44.07
11.437000000849366,-0.0245,-0.8939,1.6336000000000002,0.0,0.5081,0.8938,0.1520546272983901,-0.2999999999999971,-0.0699999999999999,-43.37,1.4931,-0.848,1.9258,0.4281,0.4482,1.0432,0.1164797436484321,-0.1999999999999886,-0.0999999999999999,-44.27
11.45299999974668,-0.0274,-0.8961,1.6432,0.0,0.5075,0.8958,0.1510627908751049,-0.2999999999999971,-0.0699999999999999,-43.56999999999999,1.4873,-0.8393,1.9298,0.4222,0.4448,1.0174,0.1164797436484321,-0.1999999999999886,-0.0999999999999999,-44.470000000000006
11.46900000050664,-0.0275,-0.8992,1.6442000000000003,0.0,0.5074,0.8914,0.1510627908751049,-0.2999999999999971,-0.0699999999999999,-43.77,1.4918,-0.8448,1.9298,0.4319,0.4567,1.0304,0.1166018158236057,-0.1999999999999886,-0.0999999999999999,-44.67000000000001
11.5,-0.032,-0.8986,1.6418,0.0,0.5057,0.8976,0.1510627908751049,-0.2999999999999971,-0.0699999999999999,-43.97,1.492,-0.8504,1.9362,0.432,0.4614,1.028,0.1166018158236057,-0.1999999999999886,-0.0999999999999999,-44.87000000000001
11.515000000596046,-0.0256,-0.8982,1.6374000000000002,0.0,0.5045,0.901,0.1510627908751049,-0.2999999999999971,-0.0699999999999999,-44.17,1.4963,-0.8465,1.9302,0.4277,0.4433,1.0308000000000002,0.116784924086366,-0.1999999999999886,-0.0999999999999999,-45.07
11.531000001356006,-0.0288,-0.8991,1.6438,0.0,0.5017,0.8927999999999998,0.1520241092545967,-0.2999999999999971,-0.0699999999999999,-44.37,1.4895,-0.8439,1.9188,0.4268,0.457,1.018,0.1168154421301594,-0.1999999999999886,-0.0999999999999999,-45.27
11.562000000849366,-0.0302,-0.9033,1.6442000000000003,0.0,0.5114,0.8958,0.1520241092545967,-0.2999999999999971,-0.0699999999999999,-44.56999999999999,1.5022,-0.8485,1.9294,0.4331,0.4489,1.039,0.116784924086366,-0.1999999999999886,-0.0999999999999999,-45.470000000000006
11.57799999974668,-0.0269,-0.9015,1.6528,0.0,0.5013,0.8943999999999998,0.1520241092545967,-0.2999999999999971,-0.1699999999999999,-44.87,1.4929,-0.8429,1.9248,0.4295,0.4523,1.0214,0.116784924086366,-0.2999999999999971,-0.0999999999999999,-45.67000000000001
11.59400000050664,-0.0152,-0.8911,1.6352,0.0,0.5085,0.8958,0.1520241092545967,-0.2999999999999971,-0.1699999999999999,-45.06999999999999,1.4931,-0.8432,1.9222,0.4301,0.4549,1.0254,0.1166170748455024,-0.2999999999999971,-0.0999999999999999,-45.87000000000001
11.609000001102686,-0.0264,-0.9031,1.6466,0.0,0.5088,0.8964,0.1520241092545967,-0.2999999999999971,-0.1699999999999999,-45.27,1.4961,-0.8508,1.9212,0.4397,0.4611,1.0312,0.1165407797360189,-0.2999999999999971,-0.0999999999999999,-45.970000000000006
11.625,-0.028,-0.9069,1.6514,0.0,0.5009,0.8968000000000002,0.1520698863202868,-0.2999999999999971,-0.1699999999999999,-45.47,1.4948,-0.8516,1.917,0.4276,0.4554,1.0302,0.1165407797360189,-0.2999999999999971,5.551115123125783e-17,-46.17000000000001
11.640000000596046,-0.0248,-0.9021,1.6376,0.0,0.5067,0.9056,0.1520698863202868,-0.2999999999999971,-0.1699999999999999,-45.56999999999999,1.485,-0.843,1.922,0.445,0.4486,1.0326,0.1165407797360189,-0.2999999999999971,5.551115123125783e-17,-46.37000000000001
11.67200000025332,-0.0195,-0.8975,1.638,0.0,0.5071,0.8954,0.1520851453421835,-0.2000000000000028,-0.1699999999999999,-45.77,1.4957,-0.8423,1.9168,0.4242,0.457,1.0368,0.1165407797360189,-0.2999999999999971,5.551115123125783e-17,-46.57
11.687000000849366,-0.0233,-0.8966,1.6361999999999999,0.0,0.5077,0.903,0.1520851453421835,-0.2000000000000028,-0.1699999999999999,-45.97,1.4953,-0.8495,1.9274,0.4382,0.4566,1.0332,0.1166170748455024,-0.2999999999999971,5.551115123125783e-17,-46.77
11.70299999974668,-0.0203,-0.8949,1.6372,0.0,0.5114,0.898,0.1521309224078736,-0.2999999999999971,-0.1699999999999999,-46.17,1.4935,-0.852,1.9152,0.4261,0.4591,1.033,0.1165560387579156,-0.2999999999999971,5.551115123125783e-17,-46.970000000000006
11.734000001102686,-0.0373,-0.8974,1.6463999999999999,0.0,0.5052,0.9018,0.152314030670634,-0.2999999999999971,-0.1699999999999999,-46.27,1.4919,-0.8497,1.9212,0.4343,0.4649,1.0226,0.1165560387579156,-0.2999999999999971,5.551115123125783e-17,-47.17000000000001
11.75,-0.0338,-0.8974,1.635,0.0,0.506,0.8855999999999998,0.1521309224078736,-0.2000000000000028,-0.2699999999999999,-46.67,1.4905,-0.8557,1.9186000000000003,0.432,0.4591,1.033,0.1165560387579156,-0.2999999999999971,5.551115123125783e-17,-47.27
11.765000000596046,-0.0247,-0.8955,1.6404000000000003,0.0,0.5119,0.887,0.1520546272983901,-0.2000000000000028,-0.2699999999999999,-46.77,1.4909,-0.8472,1.921,0.4264,0.459,1.0284,0.1165560387579156,-0.2999999999999971,5.551115123125783e-17,-47.470000000000006
11.781000001356006,-0.0334,-0.8893,1.6454000000000002,0.0,0.509,0.8934,0.1520546272983901,-0.2000000000000028,-0.2699999999999999,-46.97,1.4995,-0.8514,1.9238,0.4299,0.4602,1.04,0.1165102616922255,-0.2999999999999971,5.551115123125783e-17,-47.67000000000001
11.79700000025332,-0.027,-0.9021,1.6360000000000001,0.0,0.5082,0.8884,0.1520393682764934,-0.2000000000000028,-0.2699999999999999,-47.06999999999999,1.4829,-0.838,1.923,0.4392,0.4592,1.0372,0.1165102616922255,-0.2999999999999971,5.551115123125783e-17,-47.77
11.812000000849366,-0.0231,-0.8917,1.6440000000000001,0.0,0.5045,0.8977999999999998,0.1520393682764934,-0.2000000000000028,-0.2699999999999999,-47.27,1.4823,-0.8417,1.9156,0.4419,0.4548,1.0372,0.1164644846265354,-0.2999999999999971,0.1,-47.970000000000006
11.84400000050664,-0.0171,-0.8998,1.6426,0.0,0.5084,0.8934,0.1520241092545967,-0.2000000000000028,-0.2699999999999999,-47.37,1.4873,-0.8311,1.9064000000000003,0.4214,0.4551,1.0284,0.1164644846265354,-0.2999999999999971,0.1,-48.17000000000001
11.859000001102686,-0.0092,-0.907,1.6416000000000002,0.0,0.5122,0.8968000000000002,0.1520241092545967,-0.2000000000000028,-0.2699999999999999,-47.56999999999999,1.4842,-0.842,1.922,0.4281,0.4561,1.0264,0.1165102616922255,-0.2999999999999971,0.1,-48.27
11.875,-0.0322,-0.8944,1.6452,0.0,0.5035,0.8918,0.1520241092545967,-0.2000000000000028,-0.2699999999999999,-47.67,1.4891,-0.8363,1.9152,0.4194,0.4529,1.0344,0.1164644846265354,-0.2999999999999971,0.1,-48.470000000000006
11.906000001356006,-0.021,-0.8986,1.64,0.0,0.4921,0.8968000000000002,0.1520241092545967,-0.2000000000000028,-0.2699999999999999,-47.87,1.4869,-0.8412,1.9242,0.4445,0.4649,1.0428,0.1164644846265354,-0.2999999999999971,0.1,-48.67000000000001
11.92200000025332,-0.0317,-0.8917,1.6442000000000003,0.0,0.5098,0.8931999999999998,0.1520241092545967,-0.2000000000000028,-0.2699999999999999,-47.97,1.4828,-0.8465,1.9202,0.4242,0.4458,1.0352,0.1164644846265354,-0.2999999999999971,0.1,-48.77
11.937000000849366,-0.0218,-0.9064,1.6420000000000001,0.0,0.4992,0.8924,0.1520241092545967,-0.2000000000000028,-0.3699999999999999,-48.17,1.4845,-0.8349,1.9164,0.4309,0.447,1.0374,0.1164034485389486,-0.2999999999999971,0.1,-48.970000000000006
11.95299999974668,-0.0322,-0.8958,1.6452,0.0,0.4963,0.8885999999999998,0.1520241092545967,-0.2000000000000028,-0.3699999999999999,-48.27,1.492,-0.8344,1.9126,0.4338,0.4462,1.0346,0.1163881895170519,-0.2999999999999971,0.1,-49.07
11.96900000050664,-0.0257,-0.8827,1.6382,0.0,0.5018,0.8966,0.1520393682764934,-0.2000000000000028,-0.3699999999999999,-48.37,1.4921,-0.8451,1.9212,0.4329,0.4515,1.033,0.1163881895170519,-0.2999999999999971,0.1,-49.27
11.984000001102686,-0.0287,-0.893,1.6410000000000002,0.0,0.5091,0.8934,0.1520393682764934,-0.2000000000000028,-0.3699999999999999,-48.56999999999999,1.4896,-0.8466,1.9144,0.4362,0.4505,1.036,0.1163881895170519,-0.2999999999999971,0.1,-49.37000000000001
12.015000000596046,-0.0226,-0.8929,1.6346,0.0,0.5067,0.8982,0.1520393682764934,-0.2000000000000028,-0.3699999999999999,-48.67,1.4987,-0.8395,1.9142,0.4228,0.4532,1.0374,0.1164034485389486,-0.2999999999999971,0.1,-49.470000000000006
12.031000001356006,-0.0297,-0.8932,1.6407999999999998,0.0,0.5039,0.887,0.1522835126268406,-0.2000000000000028,-0.3699999999999999,-48.77,1.493,-0.842,1.9196,0.431,0.4482,1.031,0.1164034485389486,-0.2999999999999971,0.1,-49.67000000000001
12.04700000025332,-0.0331,-0.9032,1.6448,0.0,0.5007,0.8992,0.1522835126268406,-0.2000000000000028,-0.3699999999999999,-48.87,1.4857,-0.8414,1.9172,0.44,0.4563,1.0346,0.1164644846265354,-0.2999999999999971,0.1,-49.77
12.07799999974668,-0.0183,-0.887,1.6260000000000001,0.0,0.5112,0.8968000000000002,0.1522835126268406,-0.2000000000000028,-0.3699999999999999,-49.06999999999999,1.4853,-0.8416,1.9068,0.4353,0.462,1.0326,0.1164644846265354,-0.3999999999999915,0.1,-49.87000000000001
12.09400000050664,-0.0223,-0.9001,1.6426,0.0,0.5109,0.8864,0.1522224765392538,-0.2000000000000028,-0.3699999999999999,-49.17,1.4947,-0.8532,1.9292,0.4263,0.4543,1.035,0.1164644846265354,-0.3999999999999915,0.2,-50.07
12.109000001102686,-0.0169,-0.8934,1.6260000000000001,0.0,0.5037,0.902,0.1522224765392538,-0.2000000000000028,-0.3699999999999999,-49.27,1.497,-0.848,1.9194,0.4383,0.4582,1.0352,0.1164644846265354,-0.3999999999999915,0.2,-50.17000000000001
12.125,-0.0184,-0.8923,1.6276,0.0,0.4999,0.8813999999999999,0.1522072175173571,-0.2000000000000028,-0.3699999999999999,-49.37,1.4925,-0.853,1.922,0.4327,0.462,1.0442,0.1164644846265354,-0.3999999999999915,0.2,-50.27
12.140000000596046,-0.0316,-0.8928,1.6356,0.0,0.4972,0.9,0.1521766994735637,-0.2000000000000028,-0.47,-49.47,1.4987,-0.8464,1.9174,0.4276,0.4596,1.0412,0.1164644846265354,-0.3999999999999915,0.2,-50.37000000000001
12.156000001356006,-0.026,-0.8913,1.6394,0.0,0.5084,0.888,0.152161440451667,-0.0999999999999943,-0.47,-49.67,1.4956,-0.8441,1.9246,0.4224,0.4529,1.0322,0.1164644846265354,-0.3999999999999915,0.2,-50.470000000000006
12.187000000849366,-0.0275,-0.8995,1.6440000000000001,0.0,0.5025,0.8927999999999998,0.152161440451667,-0.0999999999999943,-0.47,-49.77,1.4992,-0.8466,1.923,0.4379,0.4558,1.026,0.1164644846265354,-0.3999999999999915,0.2,-50.57
12.20299999974668,-0.0235,-0.8902,1.64,0.0,0.5094,0.8952,0.1522072175173571,-0.0999999999999943,-0.47,-49.87,1.4889,-0.8381,1.9158,0.4309,0.4554,1.0452,0.1164644846265354,-0.3999999999999915,0.2,-50.77
12.21900000050664,-0.0331,-0.9037,1.6396000000000004,0.0,0.4955,0.8912,0.1522072175173571,-0.0999999999999943,-0.47,-49.97,1.4918,-0.8484,1.9234,0.4387,0.4527,1.0368,0.1164492256046387,-0.4999999999999858,0.2,-50.87000000000001
12.25,-0.0322,-0.8879,1.6426,0.0,0.513,0.8994,0.1522072175173571,-0.0999999999999943,-0.47,-50.06999999999999,1.4865,-0.8336,1.9228,0.4302,0.4524,1.0398,0.1164034485389486,-0.4999999999999858,0.2,-50.970000000000006
12.265000000596046,-0.023,-0.8852,1.633,0.0,0.5053,0.8792,0.1522072175173571,-0.0999999999999943,-0.47,-50.17,1.487,-0.841,1.916,0.4312,0.4589,1.0348000000000002,0.1164034485389486,-0.3999999999999915,0.2,-51.07
12.281000001356006,-0.0166,-0.894,1.6416000000000002,0.0,0.5032,0.894,0.1522224765392538,-0.0999999999999943,-0.47,-50.27,1.4883,-0.8414,1.9208,0.4338,0.4559,1.0362,0.1163881895170519,-0.3999999999999915,0.2,-51.17000000000001
12.29700000025332,-0.0162,-0.9086,1.6360000000000001,0.0,0.5175,0.8922,0.1522224765392538,-0.0999999999999943,-0.47,-50.37,1.4876,-0.8402,1.91,0.4232,0.4584,1.0358,0.1163881895170519,-0.3999999999999915,0.2,-51.27
12.312000000849366,-0.0225,-0.9091,1.6472,0.0,0.506,0.9007999999999998,0.1522072175173571,-0.0999999999999943,-0.47,-50.47,1.4934,-0.8402,1.9168,0.4292,0.4558,1.0336,0.1163881895170519,-0.3999999999999915,0.2,-51.27
12.32799999974668,-0.0269,-0.8968,1.6449999999999998,0.0,0.5109,0.8943999999999998,0.1522072175173571,-0.0999999999999943,-0.47,-50.56999999999999,1.4916,-0.8335,1.918,0.4286,0.4488,1.0254,0.1164034485389486,-0.3999999999999915,0.2,-51.37000000000001
12.359000001102686,-0.0218,-0.8998,1.6449999999999998,0.0,0.5101,0.8845999999999998,0.1522072175173571,-0.0999999999999943,-0.47,-50.56999999999999,1.485,-0.837,1.9104,0.4304,0.4493,1.0274,0.1164492256046387,-0.3999999999999915,0.2,-51.470000000000006
12.375,-0.0311,-0.8922,1.6398000000000001,0.0,0.5065,0.8938,0.1522072175173571,-0.0999999999999943,-0.47,-50.67,1.4869,-0.8367,1.9116,0.436,0.4502,1.0336,0.1164492256046387,-0.3999999999999915,0.2,-51.57
12.390000000596046,-0.0154,-0.895,1.6344,0.0,0.5094,0.894,0.1522224765392538,-0.0999999999999943,-0.47,-50.77,1.4864,-0.8373,1.913,0.4342,0.4602,1.0274,0.1164492256046387,-0.3999999999999915,0.2,-51.67000000000001
12.42200000025332,-0.0244,-0.8955,1.6344,0.0,0.5047,0.8868,0.1522377355611505,-0.0999999999999943,-0.47,-50.87,1.4825,-0.8368,1.916,0.4222,0.4508,1.034,0.1165102616922255,-0.3999999999999915,0.2,-51.77
12.437000000849366,-0.0223,-0.8937,1.6445999999999998,0.0,0.5207,0.8948,0.1522377355611505,-0.0999999999999943,-0.47,-50.97,1.4867,-0.8467,1.9116,0.4379,0.4619,1.0398,0.1165102616922255,-0.3999999999999915,0.2,-51.77
12.45299999974668,-0.0363,-0.8909,1.6398000000000001,0.0,0.5101,0.8968000000000002,0.1522377355611505,0.0,-0.47,-50.97,1.4948,-0.8449,1.9186000000000003,0.4291,0.4494,1.0394,0.1165102616922255,-0.3999999999999915,0.2,-51.87000000000001
12.46900000050664,-0.0298,-0.8952,1.643,0.0,0.5039,0.8899999999999998,0.1522224765392538,-0.0999999999999943,-0.57,-51.06999999999999,1.4926,-0.8387,1.9248,0.4454,0.4583,1.0436,0.1165102616922255,-0.3999999999999915,0.2,-51.970000000000006
12.484000001102686,-0.0228,-0.8903,1.6406,0.0,0.515,0.8893999999999997,0.1521919584954604,-0.0999999999999943,-0.57,-51.17,1.487,-0.8429,1.9164,0.4303,0.4542,1.0334,0.1165102616922255,-0.3999999999999915,0.2,-51.970000000000006
12.5,-0.0229,-0.9036,1.6442000000000003,0.0,0.4962,0.8868,0.1521766994735637,-0.0999999999999943,-0.57,-51.17,1.493,-0.8373,1.9164,0.4291,0.4546,1.0318,0.1165102616922255,-0.3999999999999915,0.2,-52.07
12.531000001356006,-0.0199,-0.9037,1.6442000000000003,0.0,0.4999,0.8844,0.1521766994735637,-0.0999999999999943,-0.57,-51.27,1.4842,-0.8376,1.9242,0.4359,0.4576,1.033,0.1165102616922255,-0.3999999999999915,0.2,-52.17000000000001
12.54700000025332,-0.022,-0.8918,1.6421999999999999,0.0,0.5064,0.8926,0.1521766994735637,-0.0999999999999943,-0.47,-51.27,1.4861,-0.8407,1.9224000000000003,0.4362,0.444,1.0434,0.1165102616922255,-0.3999999999999915,0.2,-52.17000000000001
12.562000000849366,-0.0273,-0.8952,1.6421999999999999,0.0,0.5059,0.8912,0.1521766994735637,-0.0999999999999943,-0.47,-51.37,1.4804,-0.8412,1.9136,0.4267,0.4513,1.0376,0.1165407797360189,-0.3999999999999915,0.2,-52.27
12.57799999974668,-0.0309,-0.9003,1.6490000000000002,0.0,0.4978,0.8914,0.1521766994735637,-0.0999999999999943,-0.47,-51.37,1.4837,-0.8387,1.9176,0.4326,0.4535,1.0348000000000002,0.1165102616922255,-0.3999999999999915,0.2,-52.27
12.609000001102686,-0.0201,-0.9018,1.6434,0.0,0.5026,0.8842,0.1521766994735637,-0.0999999999999943,-0.47,-51.47,1.4909,-0.8368,1.926,0.4197,0.4539,1.0326,0.1164187075608453,-0.3999999999999915,0.2,-52.37000000000001
12.625,-0.0204,-0.8938,1.6416000000000002,0.0,0.4961,0.8918,0.1521919584954604,-0.0999999999999943,-0.47,-51.47,1.4979,-0.8454,1.9264,0.4317,0.4539,1.0388,0.1164187075608453,-0.3999999999999915,0.2,-52.37000000000001
12.640000000596046,-0.0318,-0.8927,1.6406,0.0,0.5041,0.8914,0.1522072175173571,-0.0999999999999943,-0.47,-51.56999999999999,1.4871,-0.8465,1.9236,0.4317,0.4591,1.0338,0.1164187075608453,-0.3999999999999915,0.2,-52.470000000000006
12.656000001356006,-0.0273,-0.8928,1.6358,0.0,0.5121,0.8962,0.1521919584954604,-0.0999999999999943,-0.47,-51.56999999999999,1.4844,-0.8389,1.9214,0.4369,0.4563,1.0364,0.1164187075608453,-0.3999999999999915,0.2,-52.470000000000006
12.67200000025332,-0.0254,-0.8849,1.6412000000000002,0.0,0.4994,0.8954,0.1521766994735637,-0.0999999999999943,-0.47,-51.67,1.4857,-0.8498,1.908,0.4354,0.4539,1.0374,0.1164797436484321,-0.3999999999999915,0.2,-52.57
12.70299999974668,-0.015,-0.9038,1.6394,0.0,0.4961,0.8893999999999997,0.1521766994735637,-0.0999999999999943,-0.47,-51.67,1.4844,-0.8374,1.916,0.4311,0.4536,1.041,0.1164797436484321,-0.3999999999999915,0.2,-52.57
12.71900000050664,-0.028,-0.901,1.6482,0.0,0.5098,0.8968000000000002,0.1521919584954604,-0.0999999999999943,-0.47,-51.77,1.4875,-0.8367,1.9232,0.4309,0.4541,1.0296,0.1164797436484321,-0.3999999999999915,0.2,-52.67000000000001
12.734000001102686,-0.0236,-0.9005,1.6377999999999997,0.0,0.5015,0.8748,0.1521919584954604,-0.0999999999999943,-0.47,-51.77,1.4872,-0.8409,1.9116,0.4361,0.461,1.0344,0.1164797436484321,-0.3999999999999915,0.2,-52.67000000000001
12.75,-0.0273,-0.8917,1.6483999999999999,0.0,0.5057,0.8788,0.152161440451667,-0.0999999999999943,-0.47,-51.87,1.4915,-0.8434,1.9186000000000003,0.442,0.4555,1.0368,0.1164797436484321,-0.3999999999999915,0.2,-52.77
12.781000001356006,-0.0265,-0.9016,1.6456000000000002,0.0,0.5036,0.8898,0.152161440451667,-0.0999999999999943,-0.47,-51.87,1.4891,-0.8376,1.9116,0.4346,0.4605,1.0354,0.1164644846265354,-0.3999999999999915,0.2,-52.77
12.79700000025332,-0.0309,-0.8916,1.6438,0.0,0.5035,0.8838,0.1521919584954604,-0.0999999999999943,-0.47,-51.97,1.4893,-0.8352,1.916,0.4272,0.4508,1.0226,0.1164034485389486,-0.3999999999999915,0.2,-52.87000000000001
12.812000000849366,-0.025,-0.8913,1.6388,0.0,0.5055,0.8844,0.1522224765392538,0.0,-0.47,-51.97,1.4942,-0.8432,1.9184,0.4291,0.4526,1.0286,0.1164034485389486,-0.3999999999999915,0.2,-52.87000000000001
12.82799999974668,-0.0225,-0.8948,1.6386,0.0,0.5022,0.8875999999999996,0.1521919584954604,-0.0999999999999943,-0.47,-52.06999999999999,1.4961,-0.8435,1.9281999999999997,0.4261,0.457,1.0338,0.1164034485389486,-0.3999999999999915,0.2,-52.87000000000001
12.84400000050664,-0.0136,-0.9054,1.6396000000000004,0.0,0.5178,0.8966,0.1521919584954604,-0.0999999999999943,-0.3699999999999999,-52.06999999999999,1.4863,-0.8426,1.9164,0.4368,0.445,1.0306,0.1164034485389486,-0.3999999999999915,0.2,-52.970000000000006
12.875,-0.0363,-0.901,1.6542000000000001,0.0,0.5078,0.892,0.1521919584954604,-0.0999999999999943,-0.3699999999999999,-52.17,1.4911,-0.8422,1.9114,0.4332,0.4567,1.0318,0.1164187075608453,-0.3999999999999915,0.1,-52.970000000000006
12.890000000596046,-0.0204,-0.8947,1.6382,0.0,0.5058,0.8889999999999998,0.1522224765392538,-0.0999999999999943,-0.3699999999999999,-52.17,1.4933,-0.8425,1.9232,0.417,0.4501,1.0318,0.1164187075608453,-0.3999999999999915,0.1,-53.07
12.906000001356006,-0.0336,-0.8992,1.646,0.0,0.512,0.8943999999999998,0.1521919584954604,-0.0999999999999943,-0.3699999999999999,-52.27,1.4953,-0.8378,1.913,0.4292,0.454,1.043,0.116433966582742,-0.3999999999999915,0.1,-53.07
12.92200000025332,-0.0197,-0.897,1.6424,0.0,0.515,0.8908,0.152161440451667,-0.0999999999999943,-0.3699999999999999,-52.27,1.494,-0.8432,1.918,0.4257,0.4501,1.0382,0.116433966582742,-0.3999999999999915,0.1,-53.17000000000001
12.937000000849366,-0.0335,-0.8959,1.6494,0.0,0.5013,0.8832,0.152161440451667,-0.0999999999999943,-0.3699999999999999,-52.27,1.4838,-0.8405,1.9316,0.4279,0.4502,1.0364,0.1164492256046387,-0.3999999999999915,0.1,-53.17000000000001
12.95299999974668,-0.0261,-0.8972,1.6466,0.0,0.5097,0.8794,0.1521766994735637,-0.0999999999999943,-0.3699999999999999,-52.37,1.4905,-0.8396,1.9206,0.4318,0.4475,1.0312,0.116433966582742,-0.3999999999999915,0.1,-53.27
12.984000001102686,-0.0261,-0.9061,1.6414000000000002,0.0,0.5126,0.8826,0.1521766994735637,-0.0999999999999943,-0.3699999999999999,-52.37,1.485,-0.837,1.915,0.4229,0.4494,1.0248,0.116433966582742,-0.3999999999999915,0.1,-53.27
13.0,-0.0214,-0.9051,1.6421999999999999,0.0,0.5096,0.8788,0.152161440451667,-0.0999999999999943,-0.3699999999999999,-52.47,1.4972,-0.8449,1.9226,0.4342,0.4491,1.0246,0.116433966582742,-0.3999999999999915,0.1,-53.37000000000001
13.015000000596046,-0.0291,-0.902,1.6448,0.0,0.4896,0.8771999999999998,0.152161440451667,-0.0999999999999943,-0.3699999999999999,-52.47,1.489,-0.8426,1.9144,0.4294,0.4489,1.0274,0.1164492256046387,-0.3999999999999915,0.1,-53.37000000000001
13.04700000025332,-0.0289,-0.8957,1.6383999999999999,0.0,0.5071,0.8874,0.152161440451667,-0.0999999999999943,-0.3699999999999999,-52.56999999999999,1.4804,-0.8356,1.9146,0.4248,0.4569,1.0326,0.1164492256046387,-0.3999999999999915,0.1,-53.37000000000001
13.062000000849366,-0.0284,-0.8865,1.6383999999999999,0.0,0.5103,0.8847999999999998,0.1521766994735637,-0.0999999999999943,-0.3699999999999999,-52.56999999999999,1.4857,-0.8369,1.918,0.4304,0.4458,1.0334,0.1164492256046387,-0.3999999999999915,0.1,-53.470000000000006
13.07799999974668,-0.0309,-0.9045,1.6482,0.0,0.5097,0.8908,0.152161440451667,-0.0999999999999943,-0.3699999999999999,-52.67,1.4975,-0.8387,1.9108,0.4244,0.4567,1.0476,0.1164644846265354,-0.3999999999999915,0.1,-53.470000000000006
13.09400000050664,-0.0297,-0.8961,1.646,0.0,0.5043,0.8898,0.152161440451667,-0.0999999999999943,-0.3699999999999999,-52.67,1.489,-0.8383,1.9168,0.4329,0.4525,1.0236,0.1164644846265354,-0.3999999999999915,0.1,-53.57
13.109000001102686,-0.0218,-0.8945,1.6436,0.0,0.5045,0.8888000000000001,0.152161440451667,-0.0999999999999943,-0.3699999999999999,-52.67,1.4923,-0.8334,1.9142,0.4237,0.4549,1.036,0.116433966582742,-0.3999999999999915,0.1,-53.57
13.125,-0.0319,-0.8891,1.6440000000000001,0.0,0.5094,0.8934,0.1522224765392538,-0.0999999999999943,-0.3699999999999999,-52.77,1.4963,-0.8409,1.9212,0.4248,0.4612,1.0404,0.116433966582742,-0.3999999999999915,0.1,-53.67000000000001
13.156000001356006,-0.0273,-0.8937,1.6412000000000002,0.0,0.5224,0.891,0.1522377355611505,-0.0999999999999943,-0.3699999999999999,-52.77,1.4877,-0.8377,1.9236,0.4365,0.4485,1.0358,0.1164034485389486,-0.3999999999999915,0.1,-53.67000000000001
13.17200000025332,-0.0281,-0.8957,1.6432,0.0,0.5047,0.8784,0.1522224765392538,-0.0999999999999943,-0.3699999999999999,-52.87,1.4968,-0.8451,1.9234,0.4307,0.4543,1.0368,0.1164034485389486,-0.3999999999999915,0.1,-53.77
13.187000000849366,-0.0167,-0.9001,1.6407999999999998,0.0,0.5035,0.8868,0.1522224765392538,-0.0999999999999943,-0.3699999999999999,-52.87,1.4954,-0.8428,1.9196,0.4412,0.4519,1.0402,0.116433966582742,-0.3999999999999915,0.1,-53.77
13.21900000050664,-0.0252,-0.8992,1.643,0.0,0.5063,0.8916,0.1522377355611505,-0.0999999999999943,-0.3699999999999999,-52.97,1.4838,-0.8414,1.916,0.4323,0.4523,1.036,0.116433966582742,-0.3999999999999915,0.1,-53.87000000000001
13.234000001102686,-0.0365,-0.8909,1.6470000000000002,0.0,0.5044,0.8776,0.1522529945830472,-0.0999999999999943,-0.3699999999999999,-52.97,1.4907,-0.8367,1.9236,0.4265,0.4552,1.0326,0.1163576714732585,-0.3999999999999915,0.1,-53.87000000000001
13.25,-0.0316,-0.9019,1.6448,0.0,0.518,0.9074,0.1522529945830472,-0.0999999999999943,-0.2699999999999999,-53.06999999999999,1.4872,-0.8368,1.9154,0.4258,0.4491,1.0306,0.1163881895170519,-0.3999999999999915,0.1,-53.970000000000006
13.265000000596046,-0.0225,-0.8957,1.638,0.0,0.51,0.88,0.1522529945830472,-0.0999999999999943,-0.2699999999999999,-53.06999999999999,1.4886,-0.8444,1.9208,0.4334,0.4476,1.0272,0.1163729304951552,-0.3999999999999915,0.1,-53.970000000000006
13.281000001356006,-0.0195,-0.9015,1.6418,0.0,0.5192,0.8916,0.1522529945830472,-0.0999999999999943,-0.2699999999999999,-53.17,1.4928,-0.8367,1.9144,0.4356,0.4559,1.0362,0.1163729304951552,-0.3999999999999915,0.1,-53.970000000000006
13.312000000849366,-0.0312,-0.905,1.6428,0.0,0.4999,0.8858,0.1522682536049439,-0.0999999999999943,-0.2699999999999999,-53.17,1.4919,-0.8297,1.9136,0.4344,0.4562,1.0392,0.1163729304951552,-0.3999999999999915,0.1,-54.07
13.32799999974668,-0.0226,-0.8998,1.6407999999999998,0.0,0.5026,0.879,0.1522224765392538,-0.0999999999999943,-0.2699999999999999,-53.27,1.4906,-0.8452,1.924,0.4369,0.4568,1.0318,0.1163729304951552,-0.3999999999999915,0.1,-54.07
13.34400000050664,-0.0164,-0.9012,1.6449999999999998,0.0,0.5003,0.8813999999999999,0.1522224765392538,-0.0999999999999943,-0.2699999999999999,-53.27,1.4893,-0.8336,1.9226,0.434,0.4564,1.0322,0.1163729304951552,-0.3999999999999915,0.1,-54.17000000000001
13.359000001102686,-0.0366,-0.8972,1.6404000000000003,0.0,0.5018,0.884,0.1522224765392538,-0.0999999999999943,-0.2699999999999999,-53.37,1.4872,-0.8414,1.9262,0.4336,0.4631,1.0364,0.1163881895170519,-0.3999999999999915,0.1,-54.17000000000001
13.390000000596046,-0.0267,-0.9006,1.6472,0.0,0.4963,0.8916,0.1522682536049439,-0.0999999999999943,-0.2699999999999999,-53.37,1.4906,-0.8388,1.9096,0.4331,0.4545,1.0308000000000002,0.1163881895170519,-0.3999999999999915,0.1,-54.27
13.406000001356006,-0.0208,-0.8968,1.6444,0.0,0.5049,0.885,0.1522682536049439,-0.0999999999999943,-0.2699999999999999,-53.47,1.5022,-0.8547,1.9204,0.4318,0.4494,1.0396,0.1163881895170519,-0.3999999999999915,0.1,-54.27
13.42200000025332,-0.016,-0.89,1.6352,0.0,0.5081,0.8895999999999998,0.1521919584954604,-0.0999999999999943,-0.2699999999999999,-53.47,1.4913,-0.8379,1.9166,0.4356,0.4617,1.04,0.1163881895170519,-0.3999999999999915,0.1,-54.37000000000001
13.437000000849366,-0.0218,-0.8915,1.64,0.0,0.505,0.8958,0.1521919584954604,-0.0999999999999943,-0.2699999999999999,-53.47,1.4907,-0.8484,1.9222,0.4257,0.4497,1.0328000000000002,0.1163881895170519,-0.3999999999999915,0.1,-54.37000000000001
13.45299999974668,-0.023,-0.9069,1.6528,0.0,0.5081,0.8864,0.1521919584954604,-0.0999999999999943,-0.2699999999999999,-53.56999999999999,1.4795,-0.8373,1.9202,0.4355,0.4486,1.0306,0.1163424124513618,-0.3999999999999915,0.1,-54.37000000000001
13.484000001102686,-0.0279,-0.9005,1.6478,0.0,0.5103,0.8902,0.1521919584954604,-0.0999999999999943,-0.2699999999999999,-53.56999999999999,1.4903,-0.8444,1.9176,0.4294,0.4526,1.0402,0.1163424124513618,-0.3999999999999915,5.551115123125783e-17,-54.470000000000006
13.5,-0.0248,-0.8982,1.648,0.0,0.5068,0.8836,0.1521919584954604,-0.0999999999999943,-0.2699999999999999,-53.67,1.4974,-0.8422,1.9248,0.4272,0.4547,1.0256,0.1163424124513618,-0.3999999999999915,5.551115123125783e-17,-54.470000000000006
13.515000000596046,-0.0206,-0.8943,1.6407999999999998,0.0,0.5012,0.884,0.1521919584954604,-0.0999999999999943,-0.2699999999999999,-53.67,1.4803,-0.8349,1.9234,0.4321,0.4472,1.0254,0.1163424124513618,-0.3999999999999915,5.551115123125783e-17,-54.57
13.531000001356006,-0.0295,-0.8905,1.6410000000000002,0.0,0.4996,0.8764,0.1521919584954604,-0.0999999999999943,-0.2699999999999999,-53.77,1.4897,-0.8419,1.9114,0.4282,0.4466,1.0354,0.1163729304951552,-0.3999999999999915,5.551115123125783e-17,-54.57
13.562000000849366,-0.0335,-0.8878,1.6534000000000002,0.0,0.4993,0.8885999999999998,0.1522377355611505,-0.0999999999999943,-0.2699999999999999,-53.77,1.4998,-0.8391,1.9226,0.4234,0.4463,1.0242,0.1163881895170519,-0.3999999999999915,5.551115123125783e-17,-54.67000000000001
13.57799999974668,-0.0314,-0.8937,1.6478,0.0,0.5029,0.893,0.1522224765392538,-0.0999999999999943,-0.2699999999999999,-53.87,1.4953,-0.8369,1.9176,0.4323,0.4479,1.022,0.1163729304951552,-0.3999999999999915,5.551115123125783e-17,-54.67000000000001
13.59400000050664,-0.0233,-0.8909,1.6364,0.0,0.5002,0.8836,0.1522224765392538,-0.0999999999999943,-0.2699999999999999,-53.87,1.4859,-0.831,1.9232,0.4272,0.4572,1.0276,0.1163729304951552,-0.3999999999999915,5.551115123125783e-17,-54.77
13.609000001102686,-0.03,-0.8983,1.6428,0.0,0.5013,0.8918,0.1522224765392538,-0.0999999999999943,-0.2699999999999999,-53.97,1.4906,-0.8426,1.926,0.4297,0.4538,1.039,0.1163576714732585,-0.3999999999999915,5.551115123125783e-17,-54.77
13.625,-0.0178,-0.885,1.6372,0.0,0.4961,0.8855999999999998,0.1522224765392538,-0.0999999999999943,-0.2699999999999999,-53.97,1.4969,-0.839,1.9262,0.4321,0.4587,1.0434,0.1163576714732585,-0.3999999999999915,5.551115123125783e-17,-54.77
13.640000000596046,-0.037,-0.8936,1.6522,0.0,0.5066,0.894,0.1522224765392538,-0.0999999999999943,-0.2699999999999999,-53.97,1.4858,-0.8421,1.9186000000000003,0.4392,0.4592,1.0368,0.1163576714732585,-0.3999999999999915,5.551115123125783e-17,-54.87000000000001
13.67200000025332,-0.0203,-0.9018,1.6470000000000002,0.0,0.4992,0.8784,0.1522224765392538,-0.0999999999999943,-0.2699999999999999,-54.06999999999999,1.4878,-0.8374,1.9228,0.4251,0.4494,1.031,0.1163576714732585,-0.3999999999999915,5.551115123125783e-17,-54.87000000000001
13.687000000849366,-0.0246,-0.9086,1.6426,0.0,0.4958,0.8954,0.1522224765392538,-0.0999999999999943,-0.2699999999999999,-54.06999999999999,1.5006,-0.8492,1.922,0.4337,0.4494,1.0302,0.1163576714732585,-0.3999999999999915,5.551115123125783e-17,-54.970000000000006
13.70299999974668,-0.0261,-0.8915,1.6483999999999999,0.0,0.5057,0.8874,0.1522224765392538,-0.0999999999999943,-0.2699999999999999,-54.17,1.4927,-0.8409,1.919,0.4282,0.4535,1.0296,0.1163576714732585,-0.3999999999999915,5.551115123125783e-17,-54.970000000000006
13.734000001102686,-0.0301,-0.9033,1.6458000000000002,0.0,0.5059,0.8927999999999998,0.1522377355611505,-0.0999999999999943,-0.2699999999999999,-54.17,1.4869,-0.832,1.9204,0.4344,0.4559,1.0314,0.116433966582742,-0.3999999999999915,5.551115123125783e-17,-55.07
13.75,-0.0292,-0.9091,1.646,0.0,0.5037,0.8902,0.1522377355611505,-0.0999999999999943,-0.2699999999999999,-54.27,1.5026,-0.8485,1.9344,0.428,0.4536,1.0276,0.116433966582742,-0.3999999999999915,5.551115123125783e-17,-55.07
13.765000000596046,-0.0356,-0.8879,1.6394,0.0,0.509,0.8952,0.1521766994735637,-0.0999999999999943,-0.2699999999999999,-54.27,1.4913,-0.8415,1.9184,0.4353,0.4609,1.0334,0.1164034485389486,-0.3999999999999915,5.551115123125783e-17,-55.17000000000001
13.781000001356006,-0.0276,-0.8865,1.6376,0.0,0.508,0.8824,0.1521766994735637,-0.0999999999999943,-0.2699999999999999,-54.37,1.4926,-0.841,1.9146,0.4294,0.4541,1.0356,0.1163576714732585,-0.3999999999999915,5.551115123125783e-17,-55.17000000000001
13.79700000025332,-0.0202,-0.9006,1.6339999999999997,0.0,0.4977,0.8842,0.1522224765392538,-0.0999999999999943,-0.2699999999999999,-54.37,1.4942,-0.8488,1.9222,0.4326,0.4574,1.0358,0.1163576714732585,-0.3999999999999915,5.551115123125783e-17,-55.17000000000001
13.812000000849366,-0.014,-0.9009,1.6354,0.0,0.5059,0.8892,0.1521766994735637,-0.0999999999999943,-0.2699999999999999,-54.47,1.4762,-0.8273,1.9152,0.4205,0.4499,1.0342,0.1163576714732585,-0.3999999999999915,5.551115123125783e-17,-55.27
13.84400000050664,-0.022,-0.901,1.6421999999999999,0.0,0.5161,0.8938,0.1521766994735637,-0.0999999999999943,-0.2699999999999999,-54.47,1.4975,-0.8464,1.9252,0.4306,0.4558,1.031,0.1164034485389486,-0.3999999999999915,5.551115123125783e-17,-55.27
13.859000001102686,-0.0293,-0.8898,1.6440000000000001,0.0,0.4975,0.88,0.1521766994735637,-0.0999999999999943,-0.2699999999999999,-54.47,1.4941,-0.8409,1.9216,0.441,0.4546,1.0362,0.1163729304951552,-0.3999999999999915,5.551115123125783e-17,-55.37000000000001
13.875,-0.0263,-0.8967,1.638,0.0,0.5056,0.892,0.1522224765392538,-0.0999999999999943,-0.2699999999999999,-54.56999999999999,1.4896,-0.8401,1.9198,0.4349,0.4538,1.0282,0.1163729304951552,-0.3999999999999915,5.551115123125783e-17,-55.37000000000001
13.890000000596046,-0.0199,-0.8947,1.6438,0.0,0.4985,0.8892,0.1522377355611505,-0.0999999999999943,-0.1699999999999999,-54.56999999999999,1.4977,-0.8443,1.92,0.4205,0.4574,1.0394,0.116433966582742,-0.3999999999999915,5.551115123125783e-17,-55.470000000000006
13.906000001356006,-0.0232,-0.8982,1.6432,0.0,0.5024,0.887,0.1522224765392538,-0.0999999999999943,-0.1699999999999999,-54.67,1.4852,-0.8408,1.9182,0.4361,0.4564,1.0316,0.116433966582742,-0.3999999999999915,5.551115123125783e-17,-55.470000000000006
13.937000000849366,-0.0199,-0.8934,1.6428,0.0,0.5013,0.8902,0.1522835126268406,-0.0999999999999943,-0.1699999999999999,-54.67,1.4894,-0.8428,1.9144,0.4226,0.4581,1.0354,0.116433966582742,-0.3999999999999915,5.551115123125783e-17,-55.57
13.95299999974668,-0.0196,-0.9102,1.6502,0.0,0.5017,0.8924,0.1522835126268406,-0.0999999999999943,-0.1699999999999999,-54.77,1.4982,-0.8379,1.9284,0.432,0.4588,1.027,0.116433966582742,-0.3999999999999915,5.551115123125783e-17,-55.57
13.96900000050664,-0.0241,-0.8943,1.6361999999999999,0.0,0.506,0.8948,0.1522072175173571,-0.0999999999999943,-0.1699999999999999,-54.77,1.486,-0.8405,1.9216,0.4254,0.4571,1.0376,0.1163881895170519,-0.3999999999999915,5.551115123125783e-17,-55.67000000000001
13.984000001102686,-0.0232,-0.891,1.6372,0.0,0.5056,0.8904,0.1522072175173571,-0.0999999999999943,-0.1699999999999999,-54.87,1.4968,-0.8495,1.9308,0.4208,0.4519,1.0256,0.116433966582742,-0.3999999999999915,5.551115123125783e-17,-55.67000000000001
14.015000000596046,-0.024,-0.9037,1.6483999999999999,0.0,0.5032,0.8818,0.1521919584954604,-0.0999999999999943,-0.1699999999999999,-54.87,1.4902,-0.839,1.9152,0.4275,0.4535,1.0448,0.116433966582742,-0.3999999999999915,5.551115123125783e-17,-55.67000000000001
14.031000001356006,-0.0279,-0.8979,1.6407999999999998,0.0,0.5085,0.892,0.1521919584954604,-0.0999999999999943,-0.1699999999999999,-54.97,1.4846,-0.8251,1.9128,0.4249,0.4496,1.0244000000000002,0.1163881895170519,-0.3999999999999915,5.551115123125783e-17,-55.77
14.04700000025332,-0.0248,-0.8934,1.6432,0.0,0.5124,0.8914,0.1522072175173571,-0.0999999999999943,-0.1699999999999999,-54.97,1.4897,-0.8366,1.9188,0.4301,0.452,1.0262,0.1163881895170519,-0.3999999999999915,5.551115123125783e-17,-55.77
14.062000000849366,-0.0188,-0.8924,1.6332000000000002,0.0,0.5043,0.8816,0.1521766994735637,-0.0999999999999943,-0.1699999999999999,-54.97,1.491,-0.8465,1.9184,0.4231,0.4451,1.0214,0.1163881895170519,-0.3999999999999915,5.551115123125783e-17,-55.87000000000001
14.07799999974668,-0.0236,-0.8996,1.64,0.0,0.5094,0.8927999999999998,0.1522072175173571,-0.0999999999999943,-0.1699999999999999,-55.06999999999999,1.4931,-0.8459,1.9238,0.4325,0.459,1.04,0.1163881895170519,-0.3999999999999915,5.551115123125783e-17,-55.87000000000001
14.109000001102686,-0.0317,-0.8831,1.643,0.0,0.5015,0.8844,0.1522377355611505,-0.0999999999999943,-0.1699999999999999,-55.06999999999999,1.491,-0.834,1.9138,0.4331,0.465,1.0394,0.1163881895170519,-0.3999999999999915,5.551115123125783e-17,-55.970000000000006
14.125,-0.0244,-0.8984,1.6420000000000001,0.0,0.5057,0.8908,0.1521766994735637,-0.0999999999999943,-0.1699999999999999,-55.17,1.5021,-0.8496,1.9264,0.4255,0.4578,1.04,0.1163729304951552,-0.3999999999999915,5.551115123125783e-17,-55.970000000000006
14.140000000596046,-0.0311,-0.899,1.6444,0.0,0.5028,0.879,0.1521766994735637,-0.0999999999999943,-0.1699999999999999,-55.17,1.4863,-0.8335,1.9036,0.4342,0.4575,1.028,0.1163729304951552,-0.3999999999999915,5.551115123125783e-17,-56.07
14.156000001356006,-0.0347,-0.8881,1.6466,0.0,0.5092,0.894,0.1521766994735637,-0.0999999999999943,-0.1699999999999999,-55.27,1.498,-0.8358,1.9228,0.4368,0.4465,1.0382,0.1163729304951552,-0.3999999999999915,5.551115123125783e-17,-56.07
14.187000000849366,-0.022,-0.8951,1.6383999999999999,0.0,0.5064,0.8842,0.152161440451667,-0.0999999999999943,-0.1699999999999999,-55.27,1.4829,-0.8338,1.912,0.4262,0.4501,1.036,0.1163729304951552,-0.3999999999999915,5.551115123125783e-17,-56.17000000000001
14.20299999974668,-0.0319,-0.8873,1.6374000000000002,0.0,0.5141,0.879,0.1521766994735637,-0.0999999999999943,-0.1699999999999999,-55.37,1.4876,-0.8401,1.9162,0.4275,0.4529,1.0414,0.1163729304951552,-0.3999999999999915,5.551115123125783e-17,-56.17000000000001
14.21900000050664,-0.0193,-0.8945,1.6354,0.0,0.5083,0.8756,0.1521766994735637,-0.0999999999999943,-0.1699999999999999,-55.37,1.4948,-0.8401,1.9184,0.429,0.4595,1.028,0.1163729304951552,-0.3999999999999915,5.551115123125783e-17,-56.17000000000001
14.234000001102686,-0.0259,-0.901,1.6438,0.0,0.5005,0.8906,0.1521766994735637,-0.0999999999999943,-0.1699999999999999,-55.47,1.4892,-0.8444,1.9094,0.437,0.4561,1.0364,0.1163881895170519,-0.3999999999999915,5.551115123125783e-17,-56.27
14.25,-0.0214,-0.8913,1.6372,0.0,0.5106,0.8934,0.1521766994735637,-0.0999999999999943,-0.1699999999999999,-55.47,1.496,-0.8333,1.916,0.4262,0.4474,1.035,0.1164034485389486,-0.3999999999999915,5.551115123125783e-17,-56.27
14.265000000596046,-0.0286,-0.8986,1.6382,0.0,0.4996,0.8847999999999998,0.152161440451667,-0.0999999999999943,-0.1699999999999999,-55.47,1.4984,-0.8502,1.921,0.4311,0.4596,1.0256,0.1163881895170519,-0.3999999999999915,5.551115123125783e-17,-56.37000000000001
14.29700000025332,-0.0277,-0.9003,1.6410000000000002,0.0,0.5111,0.8902,0.1521919584954604,-0.0999999999999943,-0.1699999999999999,-55.56999999999999,1.4956,-0.8372,1.9168,0.4303,0.4486,1.0356,0.1163881895170519,-0.3999999999999915,5.551115123125783e-17,-56.37000000000001
14.312000000849366,-0.0188,-0.8965,1.6470000000000002,0.0,0.5003,0.8938,0.1521919584954604,-0.0999999999999943,-0.1699999999999999,-55.56999999999999,1.4962,-0.8454,1.9256,0.4346,0.4605,1.0352,0.1163881895170519,-0.3999999999999915,5.551115123125783e-17,-56.470000000000006
14.32799999974668,-0.0245,-0.897,1.6486,0.0,0.5098,0.8946,0.1521919584954604,-0.0999999999999943,-0.1699999999999999,-55.67,1.4974,-0.8305,1.9162,0.4259,0.4506,1.038,0.1163881895170519,-0.3999999999999915,5.551115123125783e-17,-56.470000000000006
14.359000001102686,-0.0269,-0.8991,1.6449999999999998,0.0,0.4982,0.8824,0.1521919584954604,-0.0999999999999943,-0.1699999999999999,-55.67,1.4866,-0.8333,1.9196,0.436,0.4497,1.0384,0.1163881895170519,-0.3999999999999915,5.551115123125783e-17,-56.470000000000006
14.375,-0.0289,-0.893,1.6483999999999999,0.0,0.5045,0.8904,0.1521919584954604,-0.0999999999999943,-0.1699999999999999,-55.77,1.4915,-0.8408,1.9314,0.4393,0.4503,1.042,0.1163881895170519,-0.3999999999999915,5.551115123125783e-17,-56.57
14.390000000596046,-0.0324,-0.9011,1.6520000000000001,0.0,0.5063,0.8816,0.1521919584954604,-0.0999999999999943,-0.1699999999999999,-55.77,1.4842,-0.8353,1.913,0.4356,0.4461,1.0256,0.1163576714732585,-0.3999999999999915,5.551115123125783e-17,-56.57
14.406000001356006,-0.0348,-0.8875,1.6448,0.0,0.5095,0.8926,0.1521919584954604,-0.0999999999999943,-0.1699999999999999,-55.87,1.5004,-0.8459,1.9196,0.4316,0.4584,1.0384,0.1163576714732585,-0.3999999999999915,5.551115123125783e-17,-56.67000000000001
14.42200000025332,-0.0213,-0.9001,1.6344,0.0,0.5051,0.893,0.1521919584954604,-0.0999999999999943,-0.1699999999999999,-55.87,1.4893,-0.8328,1.928,0.4394,0.4565,1.032,0.1163881895170519,-0.3999999999999915,5.551115123125783e-17,-56.67000000000001
14.437000000849366,-0.0211,-0.8886,1.633,0.0,0.4936,0.888,0.1521919584954604,-0.0999999999999943,-0.1699999999999999,-55.87,1.4887,-0.8464,1.9242,0.4261,0.4575,1.0318,0.1163424124513618,-0.3999999999999915,5.551115123125783e-17,-56.77
14.46900000050664,-0.0261,-0.8988,1.6394,0.0,0.5034,0.8809999999999998,0.1521919584954604,-0.0999999999999943,-0.1699999999999999,-55.97,1.4862,-0.8347,1.918,0.423,0.4545,1.036,0.1163424124513618,-0.3999999999999915,5.551115123125783e-17,-56.77
14.484000001102686,-0.017,-0.8944,1.6442000000000003,0.0,0.5131,0.8924,0.1521919584954604,-0.0999999999999943,-0.1699999999999999,-55.97,1.4837,-0.8464,1.9156,0.4352,0.457,1.0314,0.1163881895170519,-0.3999999999999915,5.551115123125783e-17,-56.87000000000001
14.5,-0.0201,-0.8919,1.6302,0.0,0.4979,0.8824,0.1521919584954604,-0.0999999999999943,-0.1699999999999999,-56.06999999999999,1.4878,-0.839,1.924,0.426,0.4478,1.0232,0.1163881895170519,-0.3999999999999915,5.551115123125783e-17,-56.87000000000001
14.531000001356006,-0.0234,-0.8928,1.6390000000000002,0.0,0.5004,0.8813999999999999,0.1521766994735637,-0.0999999999999943,-0.1699999999999999,-56.06999999999999,1.4914,-0.8356,1.9182,0.4287,0.4534,1.0354,0.1164034485389486,-0.3999999999999915,5.551115123125783e-17,-56.87000000000001
14.54700000025332,-0.0199,-0.8953,1.6386,0.0,0.5068,0.891,0.1521919584954604,-0.0999999999999943,-0.1699999999999999,-56.17,1.4952,-0.8343,1.9134,0.439,0.4565,1.0334,0.1164187075608453,-0.3999999999999915,5.551115123125783e-17,-56.970000000000006
14.562000000849366,-0.0333,-0.8965,1.6562000000000001,0.0,0.5127,0.8908,0.1521919584954604,-0.2000000000000028,-0.1699999999999999,-56.17,1.4875,-0.8339,1.921,0.4276,0.4461,1.0296,0.1164492256046387,-0.3999999999999915,5.551115123125783e-17,-56.970000000000006
14.57799999974668,-0.0099,-0.893,1.6392,0.0,0.5103,0.8882,0.1521766994735637,-0.2000000000000028,-0.1699999999999999,-56.27,1.4858,-0.8364,1.9222,0.4265,0.4442,1.032,0.1164492256046387,-0.3999999999999915,5.551115123125783e-17,-57.07
14.59400000050664,-0.02,-0.8966,1.6334000000000002,0.0,0.5129,0.8796,0.1521461814297703,-0.2000000000000028,-0.1699999999999999,-56.27,1.4978,-0.844,1.9106,0.4251,0.4555,1.0284,0.1164644846265354,-0.3999999999999915,5.551115123125783e-17,-57.07
14.609000001102686,-0.0221,-0.9032,1.6421999999999999,0.0,0.5047,0.8875999999999996,0.1521309224078736,-0.0999999999999943,-0.1699999999999999,-56.27,1.503,-0.8523,1.93,0.4307,0.4612,1.033,0.1164492256046387,-0.3999999999999915,5.551115123125783e-17,-57.17000000000001
14.640000000596046,-0.0335,-0.8935,1.646,0.0,0.5031,0.8813999999999999,0.1520851453421835,-0.2000000000000028,-0.1699999999999999,-56.37,1.4914,-0.8427,1.9238,0.4235,0.4584,1.0382,0.1164492256046387,-0.3999999999999915,5.551115123125783e-17,-57.17000000000001
14.656000001356006,-0.0218,-0.9076,1.6438,0.0,0.5084,0.8898,0.1520851453421835,-0.2000000000000028,-0.1699999999999999,-56.37,1.4938,-0.8226,1.9121999999999997,0.4256,0.4549,1.031,0.1164644846265354,-0.3999999999999915,5.551115123125783e-17,-57.27
14.67200000025332,-0.0231,-0.8938,1.6388,0.0,0.508,0.878,0.1520851453421835,-0.2000000000000028,-0.1699999999999999,-56.47,1.483,-0.8351,1.9074,0.4354,0.4597,1.034,0.1164950026703288,-0.3999999999999915,5.551115123125783e-17,-57.27
14.70299999974668,-0.0295,-0.8984,1.6374000000000002,0.0,0.5058,0.8834,0.1520851453421835,-0.0999999999999943,-0.1699999999999999,-56.47,1.4859,-0.8504,1.915,0.4223,0.4579,1.0386000000000002,0.1164950026703288,-0.3999999999999915,5.551115123125783e-17,-57.27
14.71900000050664,-0.0253,-0.8998,1.6456000000000002,0.0,0.5089,0.8854,0.1520851453421835,-0.0999999999999943,-0.1699999999999999,-56.56999999999999,1.4912,-0.8389,1.9178,0.4232,0.4486,1.0304,0.1164492256046387,-0.3999999999999915,5.551115123125783e-17,-57.37000000000001
14.734000001102686,-0.0168,-0.8982,1.6412000000000002,0.0,0.4975,0.8906,0.1520851453421835,-0.0999999999999943,-0.1699999999999999,-56.56999999999999,1.499,-0.824,1.9176,0.4275,0.4487,1.037,0.1164034485389486,-0.2999999999999971,5.551115123125783e-17,-57.37000000000001
14.75,-0.0306,-0.8906,1.6542000000000001,0.0,0.5011,0.8842,0.1520851453421835,-0.0999999999999943,-0.1699999999999999,-56.56999999999999,1.4957,-0.838,1.9216,0.4368,0.4521,1.0324,0.1163881895170519,-0.3999999999999915,5.551115123125783e-17,-57.470000000000006
14.765000000596046,-0.0342,-0.894,1.6398000000000001,0.0,0.5073,0.8782,0.1520851453421835,-0.0999999999999943,-0.0699999999999999,-56.67,1.487,-0.8561,1.9206,0.4254,0.4549,1.0334,0.1163881895170519,-0.3999999999999915,5.551115123125783e-17,-57.470000000000006
14.781000001356006,-0.0332,-0.8972,1.6438,0.0,0.5023,0.8824,0.1519325551232166,-0.0999999999999943,-0.1699999999999999,-56.67,1.4988,-0.8445,1.9212,0.4287,0.4518,1.0266,0.1163881895170519,-0.3999999999999915,5.551115123125783e-17,-57.57
14.812000000849366,-0.0268,-0.8946,1.6382,0.0,0.4983,0.888,0.1519325551232166,-0.2000000000000028,-0.1699999999999999,-56.77,1.4966,-0.8183,1.9166,0.4362,0.449,1.0334,0.1163881895170519,-0.3999999999999915,5.551115123125783e-17,-57.57
14.82799999974668,-0.0197,-0.8912,1.6341999999999999,0.0,0.5057,0.887,0.1519325551232166,-0.2000000000000028,-0.1699999999999999,-56.77,1.4965,-0.8455,1.9146,0.4271,0.4536,1.0296,0.1163881895170519,-0.3999999999999915,5.551115123125783e-17,-57.67000000000001
14.84400000050664,-0.0325,-0.8959,1.6394,0.0,0.5025,0.888,0.1519325551232166,-0.2000000000000028,-0.0699999999999999,-56.87,1.4973,-0.8467,1.918,0.4214,0.4491,1.039,0.1163881895170519,-0.3999999999999915,5.551115123125783e-17,-57.67000000000001
14.875,-0.0331,-0.8824,1.6438,0.0,0.4975,0.8874,0.1519325551232166,-0.2000000000000028,-0.1699999999999999,-56.87,1.4873,-0.8339,1.9204,0.4275,0.4459,1.0402,0.1163881895170519,-0.3999999999999915,5.551115123125783e-17,-57.77
14.890000000596046,-0.014,-0.8972,1.6392,0.0,0.5039,0.8884,0.15196307316701,-0.2000000000000028,-0.1699999999999999,-56.87,1.4959,-0.8305,1.9174,0.423,0.4593,1.0318,0.1163729304951552,-0.3999999999999915,5.551115123125783e-17,-57.77
14.906000001356006,-0.041,-0.8832,1.6366000000000003,0.0,0.5011,0.878,0.1520698863202868,-0.0999999999999943,-0.0699999999999999,-56.97,1.4933,-0.8564,1.9214,0.4305,0.4554,1.0304,0.1163729304951552,-0.3999999999999915,5.551115123125783e-17,-57.77
14.92200000025332,-0.035,-0.8982,1.6406,0.0,0.5111,0.887,0.1521461814297703,-0.2000000000000028,-0.0699999999999999,-56.97,1.4888,-0.8375,1.9146,0.4278,0.4536,1.0334,0.1163424124513618,-0.3999999999999915,5.551115123125783e-17,-57.87000000000001
14.937000000849366,-0.0329,-0.8998,1.6504,0.0,0.5014,0.8885999999999998,0.1521004043640802,-0.0999999999999943,-0.1699999999999999,-57.06999999999999,1.5021,-0.8298,1.911,0.4374,0.4505,1.0402,0.1163271534294651,-0.3999999999999915,5.551115123125783e-17,-57.87000000000001
14.95299999974668,-0.0281,-0.9004,1.6322,0.0,0.5003,0.8788,0.1521004043640802,-0.0999999999999943,-0.0699999999999999,-57.06999999999999,1.4944,-0.846,1.9196,0.4342,0.4492,1.036,0.1163271534294651,-0.3999999999999915,5.551115123125783e-17,-57.970000000000006
14.984000001102686,-0.0261,-0.9016,1.6452,0.0,0.5036,0.8866,0.1521004043640802,-0.0999999999999943,-0.0699999999999999,-57.17,1.4976,-0.8517,1.9242,0.4328,0.4543,1.0354,0.1163271534294651,-0.3999999999999915,5.551115123125783e-17,-57.970000000000006
15.0,-0.0239,-0.9035,1.6445999999999998,0.0,0.5152,0.894,0.1520698863202868,-0.0999999999999943,-0.1699999999999999,-57.17,1.5058,-0.8305,1.9322,0.4361,0.4439,1.0356,0.1163271534294651,-0.3999999999999915,5.551115123125783e-17,-58.07
15.015000000596046,-0.019,-0.8927,1.6520000000000001,0.0,0.4974,0.8836,0.1520393682764934,-0.0999999999999943,-0.1699999999999999,-57.27,1.4874,-0.834,1.9136,0.4253,0.4564,1.0288000000000002,0.1163118944075684,-0.3999999999999915,5.551115123125783e-17,-58.07
15.04700000025332,-0.0328,-0.8907,1.6448,0.0,0.5155,0.8809999999999998,0.1520393682764934,-0.0999999999999943,-0.0699999999999999,-57.27,1.4959,-0.8517,1.921,0.4227,0.4509,1.0268,0.116281376363775,-0.3999999999999915,5.551115123125783e-17,-58.17000000000001
15.062000000849366,-0.0253,-0.9025,1.6496000000000002,0.0,0.4942,0.8812,0.1520393682764934,-0.2000000000000028,-0.0699999999999999,-57.37,1.493,-0.8346,1.9172,0.4331,0.4449,1.0354,0.1162661173418783,-0.3999999999999915,5.551115123125783e-17,-58.17000000000001
15.07799999974668,-0.0323,-0.8921,1.6421999999999999,0.0,0.4934,0.8838,0.1520393682764934,-0.2000000000000028,-0.1699999999999999,-57.37,1.4938,-0.8375,1.916,0.4254,0.4604,1.0372,0.1162661173418783,-0.3999999999999915,5.551115123125783e-17,-58.17000000000001
15.09400000050664,-0.0257,-0.8857,1.6474,0.0,0.505,0.8866,0.1519783321889067,-0.2000000000000028,-0.0699999999999999,-57.37,1.4894,-0.8503,1.9216,0.4414,0.4603,1.026,0.1162661173418783,-0.3999999999999915,5.551115123125783e-17,-58.27
15.109000001102686,-0.0335,-0.8896,1.6360000000000001,0.0,0.4981,0.88,0.1520088502327,-0.2000000000000028,-0.0699999999999999,-57.47,1.4885,-0.8365,1.92,0.4305,0.4556,1.0352,0.1162661173418783,-0.3999999999999915,5.551115123125783e-17,-58.27
15.125,-0.0315,-0.8936,1.6536000000000002,0.0,0.5143,0.8964,0.1520393682764934,-0.2000000000000028,-0.1699999999999999,-57.47,1.4878,-0.8355,1.918,0.4199,0.4546,1.0298,0.1162661173418783,-0.3999999999999915,5.551115123125783e-17,-58.37000000000001
15.156000001356006,-0.023,-0.8898,1.6407999999999998,0.0,0.5023,0.886,0.1521156633859769,-0.2000000000000028,-0.0699999999999999,-57.56999999999999,1.4885,-0.8498,1.933,0.4314,0.4603,1.0228,0.1163118944075684,-0.3999999999999915,5.551115123125783e-17,-58.37000000000001
15.17200000025332,-0.0281,-0.8962,1.6426,0.0,0.5066,0.8862,0.1521156633859769,-0.2000000000000028,-0.0699999999999999,-57.56999999999999,1.5127,-0.8479,1.9318,0.4297,0.4525,1.0296,0.1163729304951552,-0.3999999999999915,5.551115123125783e-17,-58.470000000000006
15.187000000849366,-0.0198,-0.8966,1.6444,0.0,0.5018,0.8824,0.1520088502327,-0.2000000000000028,-0.1699999999999999,-57.67,1.4872,-0.8227,1.9028,0.4313,0.4563,1.0312,0.1163881895170519,-0.3999999999999915,5.551115123125783e-17,-58.470000000000006
15.21900000050664,-0.02,-0.8906,1.6434,0.0,0.5133,0.8986,0.1520088502327,-0.2000000000000028,-0.1699999999999999,-57.67,1.4993,-0.843,1.926,0.4314,0.4564,1.039,0.1163881895170519,-0.3999999999999915,5.551115123125783e-17,-58.57
15.21900000050664,-0.0217,-0.8939,1.6440000000000001,0.0,0.4983,0.88,0.1520546272983901,-0.2000000000000028,-0.0699999999999999,-57.77,1.4948,-0.8482,1.929,0.4282,0.4464,1.0198,0.1163881895170519,-0.3999999999999915,5.551115123125783e-17,-58.57
15.234000001102686,-0.0269,-0.8905,1.6376,0.0,0.5033,0.8802,0.1521156633859769,-0.2000000000000028,-0.0699999999999999,-57.77,1.4915,-0.8264,1.9104,0.4316,0.4535,1.0302,0.1163271534294651,-0.3999999999999915,5.551115123125783e-17,-58.67000000000001
15.265000000596046,-0.0203,-0.8946,1.6436,0.0,0.5062,0.8855999999999998,0.1521156633859769,-0.2000000000000028,-0.0699999999999999,-57.77,1.489,-0.8458,1.9144,0.4316,0.4549,1.0286,0.1163271534294651,-0.3999999999999915,5.551115123125783e-17,-58.67000000000001
15.281000001356006,-0.0213,-0.9024,1.6374000000000002,0.0,0.497,0.8845999999999998,0.1520546272983901,-0.0999999999999943,-0.0699999999999999,-57.87,1.5018,-0.8472,1.9312,0.4316,0.4504,1.0276,0.116235599298085,-0.3999999999999915,5.551115123125783e-17,-58.77
15.29700000025332,-0.0297,-0.9002,1.6452,0.0,0.5065,0.8884,0.1520393682764934,-0.0999999999999943,-0.0699999999999999,-57.87,1.4933,-0.8334,1.9214,0.4219,0.4508,1.0226,0.116235599298085,-0.3999999999999915,5.551115123125783e-17,-58.77
15.32799999974668,-0.0239,-0.8801,1.631,0.0,0.503,0.8862,0.1520546272983901,-0.0999999999999943,-0.1699999999999999,-57.97,1.4989,-0.8374,1.9274,0.4181,0.4558,1.0326,0.116235599298085,-0.3999999999999915,5.551115123125783e-17,-58.77
15.34400000050664,-0.0256,-0.8947,1.6376,0.0,0.5066,0.8816,0.1521461814297703,-0.0999999999999943,-0.0699999999999999,-57.97,1.4938,-0.8489,1.9136,0.431,0.4601,1.0346,0.1162050812542916,-0.3999999999999915,5.551115123125783e-17,-58.87000000000001
15.359000001102686,-0.0237,-0.9025,1.6448,0.0,0.4958,0.8798,0.1520393682764934,-0.0999999999999943,-0.0699999999999999,-58.06999999999999,1.4993,-0.8362,1.924,0.4276,0.4511,1.0296,0.1162050812542916,-0.3999999999999915,5.551115123125783e-17,-58.87000000000001
15.375,-0.0304,-0.8983,1.6502,0.0,0.4989,0.887,0.1520393682764934,-0.0999999999999943,-0.0699999999999999,-58.06999999999999,1.4991,-0.8261,1.912,0.4346,0.4443,1.0382,0.1162050812542916,-0.3999999999999915,5.551115123125783e-17,-58.970000000000006
15.390000000596046,-0.0142,-0.9063,1.6506,0.0,0.5089,0.8922,0.1520393682764934,-0.0999999999999943,-0.0699999999999999,-58.17,1.4886,-0.8357,1.9198,0.4324,0.4478,1.0414,0.1161745632104982,-0.3999999999999915,5.551115123125783e-17,-58.970000000000006
15.406000001356006,-0.0356,-0.892,1.6426,0.0,0.5036,0.8862,0.1521461814297703,-0.0999999999999943,-0.0699999999999999,-58.17,1.4976,-0.8526,1.9254,0.4198,0.4651,1.0434,0.1161745632104982,-0.3999999999999915,5.551115123125783e-17,-59.07
15.437000000849366,-0.0308,-0.8824,1.6449999999999998,0.0,0.5023,0.8889999999999998,0.152161440451667,-0.0999999999999943,-0.0699999999999999,-58.27,1.4951,-0.8303,1.9244,0.4239,0.4398,1.0304,0.1161593041886015,-0.3999999999999915,5.551115123125783e-17,-59.07
15.45299999974668,-0.032,-0.8942,1.6438,0.0,0.4962,0.8826,0.152161440451667,-0.0999999999999943,-0.1699999999999999,-58.27,1.4968,-0.8263,1.9116,0.4348,0.4487,1.0358,0.1161593041886015,-0.3999999999999915,5.551115123125783e-17,-59.17000000000001
15.46900000050664,-0.0283,-0.8971,1.654,0.0,0.5099,0.8935999999999998,0.1522682536049439,-0.0999999999999943,-0.1699999999999999,-58.27,1.495,-0.8413,1.9148,0.4184,0.4573,1.0262,0.1161745632104982,-0.3999999999999915,5.551115123125783e-17,-59.17000000000001
15.5,-0.0306,-0.9016,1.6514,0.0,0.5042,0.8855999999999998,0.1522835126268406,-0.0999999999999943,-0.0699999999999999,-58.37,1.4955,-0.8426,1.926,0.4292,0.4562,1.0324,0.1162203402761883,-0.3999999999999915,5.551115123125783e-17,-59.27
15.515000000596046,-0.0194,-0.9008,1.6466,0.0,0.5062,0.8872,0.1522682536049439,-0.0999999999999943,-0.0699999999999999,-58.37,1.5012,-0.8274,1.9214,0.4328,0.4537,1.0388,0.1162203402761883,-0.3999999999999915,5.551115123125783e-17,-59.27
15.531000001356006,-0.0285,-0.9103,1.6580000000000001,0.0,0.5037,0.8844,0.152161440451667,-0.0999999999999943,-0.1699999999999999,-58.47,1.489,-0.841,1.9272,0.4302,0.4593,1.0244000000000002,0.1162661173418783,-0.3999999999999915,5.551115123125783e-17,-59.37000000000001
15.54700000025332,-0.0323,-0.8935,1.6454000000000002,0.0,0.5009,0.88,0.1522682536049439,-0.0999999999999943,-0.0699999999999999,-58.47,1.4989,-0.8437,1.9198,0.4282,0.4633,1.0402,0.1162661173418783,-0.3999999999999915,5.551115123125783e-17,-59.37000000000001
15.562000000849366,-0.0375,-0.8863,1.6410000000000002,0.0,0.5066,0.8821999999999998,0.1522682536049439,-0.0999999999999943,-0.0699999999999999,-58.56999999999999,1.4983,-0.8314,1.9186000000000003,0.4259,0.4632,1.0328000000000002,0.1162661173418783,-0.3999999999999915,5.551115123125783e-17,-59.470000000000006
15.57799999974668,-0.0179,-0.8918,1.6407999999999998,0.0,0.5004,0.8826,0.1519478141451133,-0.0999999999999943,-0.0699999999999999,-58.56999999999999,1.4778,-0.8182,1.9166,0.4299,0.4417,1.0316,0.1162661173418783,-0.3999999999999915,5.551115123125783e-17,-59.470000000000006
15.609000001102686,-0.0226,-0.8911,1.6466,0.0,0.5055,0.8786,0.1519478141451133,-0.0999999999999943,-0.1699999999999999,-58.56999999999999,1.489,-0.8477,1.923,0.4153,0.4415,1.032,0.1162661173418783,-0.3999999999999915,5.551115123125783e-17,-59.470000000000006
15.625,-0.0262,-0.8912,1.64,0.0,0.4938,0.8858,0.1519478141451133,-0.0999999999999943,-0.0699999999999999,-58.67,1.49,-0.8387,1.9218,0.4274,0.4499,1.0284,0.1162661173418783,-0.3999999999999915,5.551115123125783e-17,-59.57
15.640000000596046,-0.0287,-0.9,1.6496000000000002,0.0,0.5074,0.8858,0.1519478141451133,-0.0999999999999943,-0.0699999999999999,-58.67,1.5004,-0.8358,1.9248,0.4324,0.4582,1.0438,0.1162661173418783,-0.3999999999999915,5.551115123125783e-17,-59.57
15.67200000025332,-0.0256,-0.8968,1.6508,0.0,0.5038,0.8858,0.1519935912108033,-0.0999999999999943,-0.0699999999999999,-58.77,1.5027,-0.8418,1.9284,0.4333,0.4589,1.0292,0.1162661173418783,-0.3999999999999915,5.551115123125783e-17,-59.67000000000001
15.687000000849366,-0.0263,-0.8783,1.6398000000000001,0.0,0.506,0.8868,0.1519935912108033,-0.0999999999999943,-0.0699999999999999,-58.77,1.4915,-0.8491,1.9216,0.4227,0.4468,1.0312,0.1162661173418783,-0.3999999999999915,5.551115123125783e-17,-59.67000000000001
15.70299999974668,-0.0317,-0.8995,1.6416000000000002,0.0,0.5014,0.8816,0.1519935912108033,-0.0999999999999943,-0.0699999999999999,-58.87,1.507,-0.836,1.9244,0.4349,0.4412,1.0348000000000002,0.1162661173418783,-0.3999999999999915,5.551115123125783e-17,-59.77
15.71900000050664,-0.0312,-0.8893,1.6528,0.0,0.5027,0.8914,0.1521766994735637,-0.2000000000000028,-0.0699999999999999,-58.87,1.5015,-0.8419,1.9212,0.4251,0.4503,1.0212,0.1162661173418783,-0.3999999999999915,5.551115123125783e-17,-59.77
15.734000001102686,-0.0339,-0.8928,1.6456000000000002,0.0,0.499,0.8821999999999998,0.1521156633859769,-0.0999999999999943,-0.0699999999999999,-58.97,1.4971,-0.8477,1.9174,0.4207,0.463,1.0356,0.1162661173418783,-0.3999999999999915,5.551115123125783e-17,-59.87000000000001
15.75,-0.0307,-0.8938,1.6418,0.0,0.4954,0.8771999999999998,0.1521919584954604,-0.0999999999999943,-0.0699999999999999,-58.97,1.4986,-0.8206,1.9216,0.4288,0.4555,1.037,0.1162508583199816,-0.3999999999999915,5.551115123125783e-17,-59.87000000000001
15.781000001356006,-0.0298,-0.9013,1.6528,0.0,0.493,0.8742,0.1521919584954604,-0.2000000000000028,-0.0699999999999999,-58.97,1.4905,-0.8457,1.9194,0.4224,0.4574,1.03,0.1162508583199816,-0.3999999999999915,5.551115123125783e-17,-59.87000000000001
15.79700000025332,-0.0347,-0.8958,1.6440000000000001,0.0,0.5084,0.8918,0.1521919584954604,-0.2000000000000028,-0.0699999999999999,-59.06999999999999,1.4994,-0.8372,1.9188,0.4247,0.4492,1.0404,0.1162508583199816,-0.3999999999999915,5.551115123125783e-17,-59.970000000000006
15.812000000849366,-0.0274,-0.8997,1.6372,0.0,0.4891,0.8805999999999998,0.1521156633859769,-0.0999999999999943,-0.0699999999999999,-59.06999999999999,1.4897,-0.8173,1.9156,0.4237,0.4455,1.0328000000000002,0.1162508583199816,-0.3999999999999915,5.551115123125783e-17,-59.970000000000006
15.84400000050664,-0.027,-0.8938,1.6396000000000004,0.0,0.4933,0.8826,0.1521156633859769,-0.0999999999999943,-0.1699999999999999,-59.17,1.4894,-0.8423,1.9204,0.427,0.4463,1.0248,0.116281376363775,-0.3999999999999915,5.551115123125783e-17,-60.07
15.859000001102686,-0.0249,-0.8929,1.6366000000000003,0.0,0.5009,0.8748,0.1521156633859769,-0.0999999999999943,-0.0699999999999999,-59.17,1.4846,-0.8332,1.921,0.4254,0.4543,1.0518,0.116281376363775,-0.3999999999999915,5.551115123125783e-17,-60.07
15.875,-0.0284,-0.9,1.6454000000000002,0.0,0.5086,0.8855999999999998,0.1521919584954604,-0.0999999999999943,-0.0699999999999999,-59.27,1.4993,-0.8228,1.9166,0.4293,0.4602,1.0212,0.116281376363775,-0.3999999999999915,5.551115123125783e-17,-60.17000000000001
15.890000000596046,-0.022,-0.8916,1.6442000000000003,0.0,0.4934,0.8802,0.1521919584954604,-0.0999999999999943,-0.1699999999999999,-59.27,1.4998,-0.8313,1.914,0.4247,0.4531,1.0302,0.116281376363775,-0.3999999999999915,5.551115123125783e-17,-60.17000000000001
15.906000001356006,-0.0387,-0.8901,1.6449999999999998,0.0,0.5012,0.8776,0.1522224765392538,-0.0999999999999943,-0.0699999999999999,-59.37,1.502,-0.8469,1.926,0.4205,0.4598,1.0332,0.116281376363775,-0.3999999999999915,5.551115123125783e-17,-60.27
15.92200000025332,-0.0415,-0.8917,1.6474,0.0,0.496,0.8794,0.1522224765392538,-0.0999999999999943,-0.0699999999999999,-59.37,1.5026,-0.8306,1.9236,0.4237,0.4493,1.0284,0.116281376363775,-0.3999999999999915,5.551115123125783e-17,-60.27
15.95299999974668,-0.016,-0.8903,1.6436,0.0,0.5099,0.885,0.1522224765392538,-0.0999999999999943,-0.1699999999999999,-59.37,1.4934,-0.8342,1.9206,0.4202,0.4538,1.0244000000000002,0.116281376363775,-0.3999999999999915,5.551115123125783e-17,-60.27
15.96900000050664,-0.0361,-0.8861,1.6448,0.0,0.5007,0.8786,0.1521919584954604,-0.0999999999999943,-0.0699999999999999,-59.47,1.4994,-0.8446,1.9224000000000003,0.423,0.4548,1.0234,0.116281376363775,-0.3999999999999915,5.551115123125783e-17,-60.37000000000001
15.984000001102686,-0.0311,-0.889,1.6420000000000001,0.0,0.4949,0.8802,0.1521461814297703,-0.0999999999999943,-0.0699999999999999,-59.47,1.4988,-0.8181,1.9142,0.4207,0.4482,1.0316,0.116281376363775,-0.3999999999999915,5.551115123125783e-17,-60.37000000000001
16.015000000596046,-0.0232,-0.8903,1.6444,0.0,0.5117,0.8969999999999998,0.1521461814297703,-0.0999999999999943,-0.1699999999999999,-59.56999999999999,1.4954,-0.8413,1.9152,0.4236,0.4516,1.0344,0.116281376363775,-0.3999999999999915,5.551115123125783e-17,-60.470000000000006
16.031000001356006,-0.0296,-0.8908,1.6474,0.0,0.5048,0.8818,0.1521461814297703,-0.0999999999999943,-0.0699999999999999,-59.56999999999999,1.4989,-0.8437,1.919,0.4259,0.4542,1.0192,0.1162508583199816,-0.3999999999999915,5.551115123125783e-17,-60.470000000000006
16.04700000025332,-0.0371,-0.8834,1.6426,0.0,0.5089,0.8872,0.1521461814297703,-0.0999999999999943,-0.0699999999999999,-59.67,1.4985,-0.8303,1.9138,0.4205,0.4525,1.0346,0.1162203402761883,-0.3999999999999915,5.551115123125783e-17,-60.57
16.062000000849366,-0.0257,-0.8886,1.6428,0.0,0.5009,0.8836,0.152161440451667,-0.0999999999999943,-0.0699999999999999,-59.67,1.4853,-0.8323,1.9064000000000003,0.4238,0.4565,1.0258,0.1162050812542916,-0.3999999999999915,5.551115123125783e-17,-60.57
16.07799999974668,-0.0303,-0.8982,1.6404000000000003,0.0,0.5002,0.8788,0.152161440451667,-0.0999999999999943,-0.0699999999999999,-59.77,1.4978,-0.8426,1.9264,0.4229,0.4549,1.035,0.1161440451667048,-0.3999999999999915,5.551115123125783e-17,-60.67000000000001
16.09400000050664,-0.0198,-0.8923,1.638,0.0,0.5079,0.8818,0.1522377355611505,-0.0999999999999943,-0.0699999999999999,-59.77,1.4986,-0.8256,1.9206,0.4216,0.4553,1.0276,0.1161440451667048,-0.3999999999999915,5.551115123125783e-17,-60.67000000000001
16.125,-0.0215,-0.8994,1.6470000000000002,0.0,0.5059,0.8868,0.1522377355611505,-0.0999999999999943,-0.0699999999999999,-59.77,1.4946,-0.8453,1.9232,0.4245,0.4561,1.022,0.1161440451667048,-0.3999999999999915,5.551115123125783e-17,-60.67000000000001
16.140000000596046,-0.0526,-0.8804,1.6529999999999998,0.0,0.4956,0.8826,0.1522529945830472,-0.0999999999999943,-0.0699999999999999,-59.87,1.4979,-0.8402,1.9196,0.4334,0.4597,1.0362,0.1161440451667048,-0.3999999999999915,5.551115123125783e-17,-60.77
16.156000001356006,-0.036,-0.8924,1.6486,0.0,0.5049,0.8798,0.1522529945830472,-0.0999999999999943,-0.0699999999999999,-59.87,1.5084,-0.8339,1.9194,0.4299,0.4499,1.04,0.1161440451667048,-0.3999999999999915,5.551115123125783e-17,-60.77
16.187000000849366,-0.0237,-0.9055,1.6420000000000001,0.0,0.4965,0.8818,0.1522377355611505,-0.0999999999999943,-0.0699999999999999,-59.97,1.4931,-0.8278,1.9054,0.4228,0.4489,1.0232,0.1161440451667048,-0.2999999999999971,5.551115123125783e-17,-60.87000000000001
16.20299999974668,-0.0285,-0.8969,1.6444,0.0,0.4984,0.8916,0.1519935912108033,-0.0999999999999943,-0.1699999999999999,-59.97,1.487,-0.8461,1.921,0.4229,0.4463,1.0328000000000002,0.1161593041886015,-0.3999999999999915,5.551115123125783e-17,-60.87000000000001
16.21900000050664,-0.0405,-0.8911,1.6506,0.0,0.513,0.8771999999999998,0.1519935912108033,-0.0999999999999943,-0.0699999999999999,-60.06999999999999,1.4959,-0.8299,1.9184,0.4256,0.4532,1.032,0.1161745632104982,-0.3999999999999915,5.551115123125783e-17,-60.970000000000006
16.234000001102686,-0.0349,-0.8991,1.6490000000000002,0.0,0.4989,0.8794,0.1519935912108033,-0.0999999999999943,-0.0699999999999999,-60.06999999999999,1.5028,-0.8366,1.9188,0.434,0.4479,1.0298,0.1161745632104982,-0.2999999999999971,5.551115123125783e-17,-60.970000000000006
16.25,-0.027,-0.8965,1.6512000000000002,0.0,0.4968,0.894,0.1519935912108033,-0.0999999999999943,-0.1699999999999999,-60.17,1.4865,-0.8392,1.9184,0.4276,0.45,1.0356,0.1161898222323949,-0.2999999999999971,5.551115123125783e-17,-61.07
16.265000000596046,-0.0374,-0.8988,1.6452,0.0,0.5043,0.8892,0.1519783321889067,-0.0999999999999943,-0.0699999999999999,-60.17,1.4987,-0.8416,1.9204,0.4236,0.4546,1.0244000000000002,0.1161898222323949,-0.2999999999999971,5.551115123125783e-17,-61.07
16.29700000025332,-0.0378,-0.8789,1.6449999999999998,0.0,0.4884,0.8733999999999998,0.1519783321889067,-0.0999999999999943,-0.0699999999999999,-60.27,1.5002,-0.8203,1.9174,0.4202,0.4567,1.0258,0.1161898222323949,-0.3999999999999915,5.551115123125783e-17,-61.07
16.312000000849366,-0.0301,-0.8961,1.6482,0.0,0.496,0.8767999999999998,0.1519783321889067,-0.2000000000000028,-0.1699999999999999,-60.27,1.4863,-0.8374,1.9216,0.4221,0.4418,1.022,0.1162203402761883,-0.2999999999999971,5.551115123125783e-17,-61.17000000000001
16.32799999974668,-0.0256,-0.8859,1.6426,0.0,0.4886,0.8844,0.1522529945830472,-0.2000000000000028,-0.1699999999999999,-60.37,1.5047,-0.8413,1.9214,0.4309,0.4577,1.0354,0.1162966353856717,-0.2999999999999971,5.551115123125783e-17,-61.17000000000001
16.359000001102686,-0.0478,-0.8843,1.6529999999999998,0.0,0.5051,0.8836,0.1522529945830472,-0.0999999999999943,-0.0699999999999999,-60.37,1.4975,-0.8253,1.9194,0.4227,0.44,1.0392,0.1162966353856717,-0.2999999999999971,5.551115123125783e-17,-61.27
16.375,-0.0256,-0.9005,1.6438,0.0,0.5008,0.8844,0.1520393682764934,-0.2000000000000028,-0.1699999999999999,-60.37,1.5,-0.8359,1.9216,0.426,0.4428,1.0382,0.1162966353856717,-0.2999999999999971,5.551115123125783e-17,-61.27
16.390000000596046,-0.0327,-0.8987,1.6548,0.0,0.5028,0.885,0.1519783321889067,-0.2000000000000028,-0.1699999999999999,-60.47,1.4885,-0.8395,1.9196,0.4258,0.4528,1.014,0.1162203402761883,-0.2999999999999971,5.551115123125783e-17,-61.37000000000001
16.406000001356006,-0.0314,-0.8838,1.6374000000000002,0.0,0.4899,0.8828,0.1520393682764934,-0.0999999999999943,-0.0699999999999999,-60.47,1.4955,-0.83,1.9166,0.42,0.4565,1.025,0.1161898222323949,-0.3999999999999915,5.551115123125783e-17,-61.37000000000001
16.42200000025332,-0.0362,-0.9016,1.6529999999999998,0.0,0.5044,0.8836,0.1522529945830472,-0.0999999999999943,-0.0699999999999999,-60.56999999999999,1.4999,-0.8166,1.9158,0.4336,0.4475,1.0268,0.1161898222323949,-0.3999999999999915,5.551115123125783e-17,-61.470000000000006
16.437000000849366,-0.0279,-0.8967,1.6448,0.0,0.5135,0.887,0.1522529945830472,-0.0999999999999943,-0.1699999999999999,-60.56999999999999,1.5022,-0.8326,1.9242,0.4252,0.4548,1.028,0.1161898222323949,-0.2999999999999971,5.551115123125783e-17,-61.470000000000006
16.46900000050664,-0.0305,-0.8955,1.6506,0.0,0.5033,0.8968000000000002,0.1522529945830472,-0.0999999999999943,-0.1699999999999999,-60.67,1.4878,-0.841,1.912,0.4243,0.4565,1.0318,0.1161898222323949,-0.3999999999999915,5.551115123125783e-17,-61.470000000000006
16.484000001102686,-0.0253,-0.8999,1.643,0.0,0.5104,0.8766000000000002,0.1522529945830472,-0.0999999999999943,-0.1699999999999999,-60.67,1.5049,-0.8304,1.9148,0.4181,0.4453,1.0358,0.1161898222323949,-0.3999999999999915,5.551115123125783e-17,-61.57
16.5,-0.0261,-0.8884,1.6382,0.0,0.4941,0.8878,0.1522529945830472,-0.0999999999999943,-0.0699999999999999,-60.77,1.4943,-0.84,1.9242,0.4241,0.4434,1.024,0.1161593041886015,-0.3999999999999915,5.551115123125783e-17,-61.57
16.515000000596046,-0.0342,-0.8932,1.6490000000000002,0.0,0.5023,0.878,0.1522529945830472,-0.0999999999999943,-0.0699999999999999,-60.77,1.502,-0.8286,1.9152,0.4297,0.4518,1.0256,0.1161287861448081,-0.3999999999999915,5.551115123125783e-17,-61.67000000000001
16.531000001356006,-0.0292,-0.9051,1.6466,0.0,0.5077,0.8802,0.1521461814297703,-0.0999999999999943,-0.1699999999999999,-60.77,1.4953,-0.847,1.9128,0.4228,0.4488,1.028,0.1161593041886015,-0.2999999999999971,5.551115123125783e-17,-61.67000000000001
16.562000000849366,-0.0276,-0.8968,1.6518,0.0,0.499,0.8834,0.1520698863202868,-0.0999999999999943,-0.1699999999999999,-60.87,1.4923,-0.8448,1.9204,0.423,0.4557,1.0418,0.1161287861448081,-0.3999999999999915,5.551115123125783e-17,-61.77
16.57799999974668,-0.0274,-0.8867,1.6348000000000005,0.0,0.4967,0.8845999999999998,0.1520698863202868,-0.0999999999999943,-0.0699999999999999,-60.87,1.4998,-0.8146,1.9138,0.4253,0.4472,1.0334,0.1161287861448081,-0.3999999999999915,5.551115123125783e-17,-61.77
16.59400000050664,-0.0411,-0.8998,1.6556000000000004,0.0,0.4962,0.8706,0.1520698863202868,-0.0999999999999943,-0.0699999999999999,-60.97,1.494,-0.8306,1.9152,0.4265,0.445,1.0234,0.1161287861448081,-0.3999999999999915,5.551115123125783e-17,-61.87000000000001
16.609000001102686,-0.0245,-0.8965,1.6476,0.0,0.5094,0.8874,0.1520698863202868,-0.0999999999999943,-0.1699999999999999,-60.97,1.5001,-0.8504,1.9232,0.4364,0.4613,1.0450000000000002,0.1161287861448081,-0.3999999999999915,5.551115123125783e-17,-61.87000000000001
16.640000000596046,-0.0417,-0.8951,1.6498,0.0,0.4991,0.8866,0.15196307316701,-0.0999999999999943,-0.0699999999999999,-61.06999999999999,1.5001,-0.8247,1.919,0.4183,0.4385,1.0316,0.1161593041886015,-0.3999999999999915,5.551115123125783e-17,-61.970000000000006
16.656000001356006,-0.0376,-0.894,1.643,0.0,0.5078,0.8792,0.1519325551232166,-0.0999999999999943,-0.0699999999999999,-61.06999999999999,1.4945,-0.8306,1.9166,0.4237,0.4505,1.0222,0.1161593041886015,-0.2999999999999971,5.551115123125783e-17,-61.970000000000006
16.67200000025332,-0.0181,-0.9003,1.6412000000000002,0.0,0.4981,0.8805999999999998,0.1519325551232166,-0.0999999999999943,-0.1699999999999999,-61.17,1.4988,-0.8444,1.928,0.4288,0.4451,1.0404,0.1161593041886015,-0.3999999999999915,5.551115123125783e-17,-61.970000000000006
16.687000000849366,-0.0211,-0.8892,1.6348000000000005,0.0,0.507,0.8798,0.1519325551232166,-0.0999999999999943,-0.1699999999999999,-61.17,1.5012,-0.8443,1.922,0.4192,0.451,1.0312,0.1161593041886015,-0.3999999999999915,5.551115123125783e-17,-62.07
16.70299999974668,-0.0303,-0.8969,1.6444,0.0,0.5015,0.8884,0.1519325551232166,-0.0999999999999943,-0.0699999999999999,-61.27,1.5015,-0.8315,1.9274,0.4253,0.4444,1.0326,0.1161593041886015,-0.3999999999999915,5.551115123125783e-17,-62.07
16.71900000050664,-0.032,-0.8924,1.6456000000000002,0.0,0.4997,0.8834,0.1519325551232166,-0.0999999999999943,-0.0699999999999999,-61.27,1.4958,-0.8253,1.9144,0.4276,0.4411,1.0322,0.1161593041886015,-0.3999999999999915,-0.0999999999999999,-62.17000000000001
16.75,-0.0343,-0.8984,1.6506,0.0,0.4914,0.8824,0.1519325551232166,-0.0999999999999943,-0.1699999999999999,-61.37,1.4926,-0.8449,1.9216,0.4235,0.4563,1.0246,0.1161593041886015,-0.3999999999999915,5.551115123125783e-17,-62.17000000000001
16.765000000596046,-0.0244,-0.8957,1.643,0.0,0.5042,0.8808,0.1521309224078736,-0.0999999999999943,-0.0699999999999999,-61.37,1.5044,-0.8387,1.9281999999999997,0.4185,0.4488,1.0312,0.1161593041886015,-0.3999999999999915,5.551115123125783e-17,-62.27
16.781000001356006,-0.0451,-0.8858,1.6458000000000002,0.0,0.4943,0.8842,0.1521309224078736,-0.0999999999999943,-0.0699999999999999,-61.37,1.4995,-0.8212,1.9182,0.4282,0.4481,1.0322,0.1161593041886015,-0.3999999999999915,-0.0999999999999999,-62.27
16.812000000849366,-0.0262,-0.8924,1.6445999999999998,0.0,0.4914,0.8782,0.1522224765392538,-0.0999999999999943,-0.1699999999999999,-61.47,1.4865,-0.8345,1.9094,0.4279,0.4533,1.027,0.1161593041886015,-0.3999999999999915,5.551115123125783e-17,-62.37000000000001
16.82799999974668,-0.0333,-0.9025,1.6494,0.0,0.4904,0.8813999999999999,0.1521919584954604,-0.0999999999999943,-0.1699999999999999,-61.47,1.4983,-0.845,1.9238,0.4233,0.4487,1.0252,0.1161593041886015,-0.3999999999999915,5.551115123125783e-17,-62.37000000000001
16.84400000050664,-0.0358,-0.8872,1.6424,0.0,0.4994,0.8732,0.1521919584954604,-0.0999999999999943,-0.0699999999999999,-61.56999999999999,1.5115,-0.8223,1.9114,0.4262,0.4535,1.0468,0.1161593041886015,-0.3999999999999915,-0.0999999999999999,-62.470000000000006
16.859000001102686,-0.0347,-0.8905,1.6546000000000003,0.0,0.5086,0.8899999999999998,0.1521309224078736,-0.0999999999999943,-0.0699999999999999,-61.56999999999999,1.5014,-0.8276,1.9192,0.4223,0.4503,1.0316,0.1161593041886015,-0.3999999999999915,-0.0999999999999999,-62.470000000000006
16.875,-0.0234,-0.9023,1.6571999999999998,0.0,0.4873,0.8762,0.1520698863202868,-0.0999999999999943,-0.1699999999999999,-61.67,1.5001,-0.849,1.9281999999999997,0.4254,0.4461,1.019,0.1161898222323949,-0.3999999999999915,5.551115123125783e-17,-62.57
16.890000000596046,-0.0351,-0.8893,1.6564000000000003,0.0,0.5023,0.8826,0.1520698863202868,-0.0999999999999943,-0.0699999999999999,-61.67,1.4905,-0.8211,1.9092,0.4294,0.4474,1.0214,0.1161287861448081,-0.3999999999999915,-0.0999999999999999,-62.57
16.92200000025332,-0.0339,-0.8853,1.6426,0.0,0.503,0.8784,0.1521919584954604,-0.0999999999999943,-0.0699999999999999,-61.77,1.4924,-0.8247,1.9236,0.4296,0.4392,1.0346,0.1161287861448081,-0.3999999999999915,-0.0999999999999999,-62.57
16.937000000849366,-0.0261,-0.8952,1.6534000000000002,0.0,0.4963,0.8771999999999998,0.1521919584954604,-0.0999999999999943,-0.1699999999999999,-61.77,1.5018,-0.8436,1.9288,0.4325,0.4494,1.0284,0.1161287861448081,-0.3999999999999915,5.551115123125783e-17,-62.67000000000001
16.95299999974668,-0.0361,-0.8899,1.6534000000000002,0.0,0.4975,0.8776,0.1521461814297703,-0.0999999999999943,-0.1699999999999999,-61.77,1.498,-0.8407,1.9264,0.4174,0.4523,1.0246,0.1161287861448081,-0.3999999999999915,5.551115123125783e-17,-62.67000000000001
16.984000001102686,-0.0284,-0.8928,1.6402,0.0,0.5084,0.8767999999999998,0.1520851453421835,-0.0999999999999943,-0.0699999999999999,-61.87,1.49,-0.8189,1.9148,0.4228,0.4364,1.0226,0.1161898222323949,-0.3999999999999915,-0.0999999999999999,-62.77
17.0,-0.0314,-0.8942,1.6440000000000001,0.0,0.4927,0.8786,0.1520851453421835,-0.0999999999999943,-0.0699999999999999,-61.87,1.5032,-0.834,1.917,0.417,0.4511,1.0322,0.1162050812542916,-0.3999999999999915,-0.0999999999999999,-62.77
17.015000000596046,-0.0279,-0.8873,1.6623999999999999,0.0,0.5024,0.872,0.1520851453421835,-0.0999999999999943,-0.0699999999999999,-61.97,1.502,-0.8423,1.9216,0.425,0.4481,1.023,0.1162203402761883,-0.3999999999999915,5.551115123125783e-17,-62.87000000000001
17.031000001356006,-0.0305,-0.8784,1.6490000000000002,0.0,0.5072,0.8702,0.1520851453421835,-0.0999999999999943,-0.1699999999999999,-61.97,1.4965,-0.8409,1.92,0.4227,0.4523,1.0244000000000002,0.1162203402761883,-0.3999999999999915,5.551115123125783e-17,-62.87000000000001
17.04700000025332,-0.0271,-0.8919,1.6442000000000003,0.0,0.4977,0.8804,0.1520851453421835,-0.0999999999999943,-0.1699999999999999,-62.06999999999999,1.4954,-0.8231,1.916,0.4251,0.4492,1.0418,0.1162050812542916,-0.3999999999999915,-0.0999999999999999,-62.87000000000001
17.062000000849366,-0.0423,-0.8846,1.646,0.0,0.512,0.8798,0.1520851453421835,-0.0999999999999943,-0.0699999999999999,-62.06999999999999,1.488,-0.8123,1.907,0.4324,0.4425,1.0332,0.1161898222323949,-0.3999999999999915,-0.0999999999999999,-62.970000000000006
17.09400000050664,-0.0222,-0.9041,1.6499999999999997,0.0,0.4936,0.8714,0.1520851453421835,-0.0999999999999943,-0.0699999999999999,-62.17,1.4897,-0.829,1.9074,0.4252,0.4571,1.0294,0.1161898222323949,-0.3999999999999915,5.551115123125783e-17,-62.970000000000006
17.109000001102686,-0.0298,-0.8927,1.6487999999999998,0.0,0.4983,0.8762,0.1522377355611505,-0.0999999999999943,-0.1699999999999999,-62.17,1.4923,-0.8349,1.9158,0.4238,0.454,1.0346,0.1161745632104982,-0.3999999999999915,5.551115123125783e-17,-63.07
17.125,-0.037,-0.8925,1.6508,0.0,0.496,0.883,0.1522377355611505,-0.0999999999999943,-0.1699999999999999,-62.27,1.4961,-0.8292,1.9148,0.4239,0.456,1.0232,0.1161745632104982,-0.3999999999999915,-0.0999999999999999,-63.07
17.156000001356006,-0.0348,-0.8912,1.6486,0.0,0.494,0.8834,0.1522377355611505,-0.0999999999999943,-0.0699999999999999,-62.27,1.5026,-0.8161,1.9234,0.4268,0.4374,1.0288000000000002,0.1161745632104982,-0.3999999999999915,-0.0999999999999999,-63.17000000000001
17.17200000025332,-0.0313,-0.8919,1.6518,0.0,0.5064,0.8868,0.1520088502327,-0.0999999999999943,-0.0699999999999999,-62.27,1.5014,-0.8378,1.917,0.4363,0.4614,1.0388,0.1161745632104982,-0.3999999999999915,-0.0999999999999999,-63.17000000000001
17.187000000849366,-0.0292,-0.8906,1.6476,0.0,0.5057,0.8753999999999996,0.1520088502327,-0.0999999999999943,-0.0699999999999999,-62.37,1.4957,-0.8432,1.9268,0.4317,0.4482,1.0268,0.1161593041886015,-0.3999999999999915,5.551115123125783e-17,-63.27
17.20299999974668,-0.0313,-0.8978,1.6588,0.0,0.4914,0.8672,0.15196307316701,-0.0999999999999943,-0.1699999999999999,-62.37,1.4884,-0.8329,1.9248,0.4205,0.4438,1.0336,0.1161593041886015,-0.3999999999999915,-0.0999999999999999,-63.27
17.21900000050664,-0.026,-0.8997,1.6445999999999998,0.0,0.5058,0.8874,0.15196307316701,-0.0999999999999943,-0.0699999999999999,-62.47,1.503,-0.8181,1.926,0.4136,0.447,1.0362,0.1161593041886015,-0.3999999999999915,-0.0999999999999999,-63.27
17.234000001102686,-0.0228,-0.8858,1.6376,0.0,0.4975,0.887,0.15196307316701,-0.0999999999999943,-0.0699999999999999,-62.47,1.5047,-0.8226,1.9124,0.4183,0.4476,1.0178,0.1161593041886015,-0.3999999999999915,-0.0999999999999999,-63.37000000000001
17.265000000596046,-0.0324,-0.8904,1.6504,0.0,0.4981,0.8882,0.15196307316701,-0.0999999999999943,-0.0699999999999999,-62.56999999999999,1.5003,-0.8294,1.9154,0.4187,0.4507,1.0226,0.1161440451667048,-0.3999999999999915,-0.0999999999999999,-63.37000000000001
17.281000001356006,-0.0265,-0.897,1.6508,0.0,0.5016,0.8702,0.1520546272983901,-0.0999999999999943,-0.0699999999999999,-62.56999999999999,1.496,-0.8477,1.9208,0.4197,0.4538,1.029,0.1161440451667048,-0.3999999999999915,5.551115123125783e-17,-63.470000000000006
17.29700000025332,-0.0274,-0.8967,1.6499999999999997,0.0,0.5042,0.8746,0.1523445487144274,-0.0999999999999943,-0.1699999999999999,-62.67,1.4913,-0.8354,1.923,0.4131,0.4639,1.0274,0.1161440451667048,-0.3999999999999915,-0.0999999999999999,-63.470000000000006
17.32799999974668,-0.0381,-0.8985,1.6492000000000002,0.0,0.4908,0.8756,0.1523445487144274,-0.0999999999999943,-0.0699999999999999,-62.67,1.4862,-0.8139,1.9124,0.421,0.4508,1.0432,0.1161593041886015,-0.3999999999999915,-0.0999999999999999,-63.57
17.34400000050664,-0.0243,-0.8959,1.6449999999999998,0.0,0.5052,0.882,0.1523445487144274,-0.0999999999999943,-0.0699999999999999,-62.67,1.4955,-0.8144,1.921,0.4224,0.4481,1.04,0.1161593041886015,-0.3999999999999915,-0.0999999999999999,-63.57
17.359000001102686,-0.0302,-0.892,1.6440000000000001,0.0,0.4953,0.8762,0.1521766994735637,-0.0999999999999943,-0.0699999999999999,-62.77,1.4932,-0.842,1.9234,0.4205,0.4452,1.0318,0.1161135271229114,-0.3999999999999915,-0.0999999999999999,-63.57
17.375,-0.0316,-0.8858,1.6478,0.0,0.5064,0.8824,0.1519783321889067,-0.0999999999999943,-0.1699999999999999,-62.77,1.4995,-0.8426,1.92,0.4235,0.4467,1.0182,0.1161135271229114,-0.3999999999999915,-0.0999999999999999,-63.67000000000001
17.390000000596046,-0.0325,-0.8913,1.6472,0.0,0.4981,0.8834,0.1519783321889067,-0.0999999999999943,-0.0699999999999999,-62.87,1.4988,-0.8203,1.9134,0.4254,0.4485,1.0226,0.1161593041886015,-0.3999999999999915,-0.0999999999999999,-63.67000000000001
17.406000001356006,-0.0337,-0.8902,1.6463999999999999,0.0,0.4971,0.8767999999999998,0.1519783321889067,-0.0999999999999943,-0.0699999999999999,-62.87,1.5088,-0.8257,1.918,0.4332,0.4478,1.0342,0.1161593041886015,-0.3999999999999915,-0.0999999999999999,-63.77
17.437000000849366,-0.0357,-0.8893,1.6536000000000002,0.0,0.5055,0.8712,0.1519783321889067,-0.0999999999999943,-0.0699999999999999,-62.97,1.4966,-0.8431,1.9138,0.4371,0.4581,1.0296,0.1161593041886015,-0.3999999999999915,-0.0999999999999999,-63.77
17.45299999974668,-0.0399,-0.8897,1.6478,0.0,0.5043,0.878,0.1519783321889067,-0.0999999999999943,-0.0699999999999999,-62.97,1.4989,-0.8311,1.9172,0.4299,0.4437,1.0248,0.1161593041886015,-0.3999999999999915,-0.0999999999999999,-63.87000000000001
17.46900000050664,-0.0356,-0.9003,1.6529999999999998,0.0,0.4923,0.8762,0.1521309224078736,-0.0999999999999943,-0.0699999999999999,-63.06999999999999,1.4993,-0.8234,1.9212,0.4211,0.4457,1.0322,0.1161745632104982,-0.3999999999999915,-0.0999999999999999,-63.87000000000001
17.5,-0.0401,-0.8837,1.6470000000000002,0.0,0.5018,0.8844,0.1521309224078736,-0.0999999999999943,-0.0699999999999999,-63.06999999999999,1.4972,-0.8162,1.9174,0.432,0.4323,1.0298,0.1161745632104982,-0.3999999999999915,-0.0999999999999999,-63.970000000000006
17.515000000596046,-0.0281,-0.8897,1.6449999999999998,0.0,0.5023,0.8809999999999998,0.1521309224078736,-0.0999999999999943,-0.0699999999999999,-63.06999999999999,1.4835,-0.833,1.9104,0.4231,0.4569,1.0352,0.1161745632104982,-0.3999999999999915,-0.0999999999999999,-63.970000000000006
17.531000001356006,-0.0297,-0.8844,1.6445999999999998,0.0,0.4964,0.8899999999999998,0.1521309224078736,-0.0999999999999943,-0.0699999999999999,-63.17,1.4984,-0.8391,1.9106,0.4235,0.4562,1.0368,0.1161593041886015,-0.3999999999999915,-0.0999999999999999,-64.07
17.54700000025332,-0.0323,-0.9003,1.6504,0.0,0.493,0.8802,0.1521309224078736,-0.0999999999999943,-0.0699999999999999,-63.17,1.4977,-0.8252,1.9166,0.432,0.4532,1.0470000000000002,0.1161440451667048,-0.3999999999999915,-0.0999999999999999,-64.07
17.562000000849366,-0.0345,-0.8923,1.6462,0.0,0.5012,0.8809999999999998,0.1521309224078736,-0.0999999999999943,-0.0699999999999999,-63.27,1.5004,-0.8304,1.9196,0.4203,0.452,1.0402,0.1161440451667048,-0.3999999999999915,-0.0999999999999999,-64.07
17.57799999974668,-0.0301,-0.8894,1.6490000000000002,0.0,0.4952,0.8858,0.1521309224078736,-0.0999999999999943,-0.0699999999999999,-63.27,1.5034,-0.8287,1.9336,0.426,0.4449,1.0412,0.1161135271229114,-0.3999999999999915,-0.0999999999999999,-64.17000000000002
17.609000001102686,-0.0357,-0.8889,1.6529999999999998,0.0,0.5053,0.8836,0.1521461814297703,-0.0999999999999943,-0.0699999999999999,-63.37,1.4902,-0.8332,1.9126,0.4202,0.4522,1.033,0.1161135271229114,-0.3999999999999915,-0.0999999999999999,-64.17000000000002
17.625,-0.0196,-0.8917,1.643,0.0,0.5026,0.8796,0.1523750667582208,-0.0999999999999943,-0.0699999999999999,-63.37,1.4816,-0.8223,1.9118,0.4276,0.4448,1.0206000000000002,0.1161440451667048,-0.3999999999999915,-0.0999999999999999,-64.27000000000001
17.640000000596046,-0.0351,-0.8861,1.6463999999999999,0.0,0.494,0.8722,0.1523750667582208,-0.0999999999999943,-0.0699999999999999,-63.47,1.4974,-0.8391,1.9288,0.4268,0.4446,1.0292,0.1161593041886015,-0.3999999999999915,-0.0999999999999999,-64.27000000000001
17.656000001356006,-0.0343,-0.8897,1.6558,0.0,0.5038,0.8845999999999998,0.1523750667582208,-0.0999999999999943,-0.0699999999999999,-63.47,1.5035,-0.8226,1.922,0.4244,0.4598,1.0284,0.1162050812542916,-0.3999999999999915,-0.0999999999999999,-64.37
17.67200000025332,-0.0357,-0.8944,1.6552,0.0,0.4962,0.8714,0.1522987716487373,-0.0999999999999943,-0.0699999999999999,-63.47,1.4978,-0.8283,1.915,0.42,0.4365,1.0142,0.1162050812542916,-0.3999999999999915,-0.0999999999999999,-64.37
17.70299999974668,-0.0309,-0.8953,1.6463999999999999,0.0,0.5031,0.8744,0.1522987716487373,-0.0999999999999943,-0.0699999999999999,-63.56999999999999,1.4984,-0.835,1.9154,0.4287,0.4531,1.0216,0.116235599298085,-0.3999999999999915,-0.0999999999999999,-64.47
17.71900000050664,-0.0431,-0.8878,1.6458000000000002,0.0,0.5033,0.878,0.1522987716487373,-0.0999999999999943,-0.0699999999999999,-63.56999999999999,1.4951,-0.828,1.9216,0.424,0.4515,1.026,0.116235599298085,-0.3999999999999915,-0.0999999999999999,-64.47
17.734000001102686,-0.0313,-0.879,1.6436,0.0,0.503,0.884,0.1522987716487373,-0.0999999999999943,-0.0699999999999999,-63.67,1.5048,-0.8334,1.92,0.4193,0.4511,1.0326,0.116235599298085,-0.3999999999999915,-0.0999999999999999,-64.57
17.75,-0.0406,-0.8874,1.6372,0.0,0.4932,0.8696,0.1522987716487373,-0.0999999999999943,-0.0699999999999999,-63.67,1.4968,-0.8246,1.9156,0.4204,0.4556,1.03,0.116235599298085,-0.2999999999999971,-0.0999999999999999,-64.57
17.781000001356006,-0.0351,-0.8868,1.6463999999999999,0.0,0.502,0.8904,0.1523903257801175,-0.0999999999999943,-0.0699999999999999,-63.77,1.4985,-0.8332,1.9202,0.4197,0.4434,1.0292,0.116235599298085,-0.2999999999999971,-0.0999999999999999,-64.57
17.79700000025332,-0.0336,-0.895,1.6482,0.0,0.507,0.8758,0.1523903257801175,-0.0999999999999943,-0.0699999999999999,-63.87,1.5042,-0.8329,1.924,0.4316,0.4471,1.0428,0.116235599298085,-0.2999999999999971,-0.0999999999999999,-64.67000000000002
17.812000000849366,-0.0223,-0.8805,1.6449999999999998,0.0,0.4897,0.8782,0.1523903257801175,-0.0999999999999943,-0.0699999999999999,-63.87,1.4975,-0.8307,1.9156,0.4298,0.452,1.0282,0.116235599298085,-0.3999999999999915,-0.0999999999999999,-64.67000000000002
17.84400000050664,-0.0334,-0.8933,1.6543999999999999,0.0,0.4853,0.8725999999999998,0.152314030670634,-0.0999999999999943,-0.0699999999999999,-63.97,1.5053,-0.8309,1.9184,0.4258,0.4481,1.0338,0.116281376363775,-0.3999999999999915,-0.0999999999999999,-64.77000000000001
17.859000001102686,-0.043,-0.8822,1.6428,0.0,0.5005,0.88,0.152314030670634,-0.0999999999999943,-0.0699999999999999,-63.97,1.504,-0.8309,1.9104,0.4243,0.4548,1.0312,0.116281376363775,-0.3999999999999915,-0.0999999999999999,-64.77000000000001
17.875,-0.0378,-0.8789,1.6462,0.0,0.4999,0.8778,0.152314030670634,-0.0999999999999943,-0.0699999999999999,-64.07,1.5009,-0.8276,1.9162,0.4168,0.4494,1.0336,0.116281376363775,-0.3999999999999915,-0.0999999999999999,-64.87
17.890000000596046,-0.0336,-0.8908,1.6487999999999998,0.0,0.4892,0.8764,0.152314030670634,-0.0999999999999943,-0.0699999999999999,-64.07,1.4942,-0.833,1.9214,0.4261,0.448,1.0268,0.1162661173418783,-0.3999999999999915,-0.0999999999999999,-64.87
17.906000001356006,-0.035,-0.8923,1.6463999999999999,0.0,0.5021,0.876,0.1523445487144274,-0.0999999999999943,-0.0699999999999999,-64.16999999999999,1.4945,-0.8279,1.9214,0.4162,0.4573,1.029,0.1162203402761883,-0.3999999999999915,-0.0999999999999999,-64.97
17.937000000849366,-0.0267,-0.9052,1.6543999999999999,0.0,0.4925,0.8736,0.1523445487144274,-0.0999999999999943,-0.0699999999999999,-64.16999999999999,1.5021,-0.8391,1.9118,0.4211,0.4496,1.0354,0.1162203402761883,-0.3999999999999915,-0.0999999999999999,-64.97
17.95299999974668,-0.0335,-0.8872,1.6468,0.0,0.5004,0.8736,0.1523445487144274,-0.0999999999999943,-0.0699999999999999,-64.16999999999999,1.5047,-0.8348,1.916,0.4293,0.4547,1.0304,0.1162203402761883,-0.3999999999999915,-0.0999999999999999,-64.97
17.96900000050664,-0.0322,-0.8869,1.6528,0.0,0.5001,0.8776,0.1523445487144274,-0.0999999999999943,-0.0699999999999999,-64.27,1.5044,-0.8302,1.9258,0.4279,0.4504,1.033,0.1162203402761883,-0.3999999999999915,-0.0999999999999999,-65.07
17.984000001102686,-0.0283,-0.896,1.6520000000000001,0.0,0.5036,0.8776,0.152314030670634,-0.0999999999999943,-0.0699999999999999,-64.27,1.4918,-0.8317,1.918,0.4329,0.4509,1.035,0.1162661173418783,-0.3999999999999915,-0.0999999999999999,-65.07
18.0,-0.0295,-0.8915,1.646,0.0,0.4901,0.8742,0.152314030670634,-0.0999999999999943,-0.0699999999999999,-64.37,1.4994,-0.8283,1.9146,0.4227,0.4547,1.0326,0.1162661173418783,-0.3999999999999915,-0.0999999999999999,-65.17000000000002
18.03100000135601,-0.0319,-0.8888,1.655,0.0,0.5013,0.872,0.1522987716487373,-0.0999999999999943,-0.0699999999999999,-64.37,1.4974,-0.8421,1.9242,0.4181,0.4497,1.0214,0.1162661173418783,-0.3999999999999915,-0.0999999999999999,-65.17000000000002
18.04700000025332,-0.029,-0.8879,1.648,0.0,0.4947,0.868,0.1522682536049439,-0.0999999999999943,-0.0699999999999999,-64.47,1.4948,-0.8267,1.912,0.4188,0.4497,1.0238,0.1162661173418783,-0.3999999999999915,-0.0999999999999999,-65.27000000000001
18.06200000084937,-0.0286,-0.8895,1.6344,0.0,0.4975,0.882,0.1522682536049439,-0.0999999999999943,-0.0699999999999999,-64.47,1.5,-0.8379,1.9222,0.4274,0.4516,1.0344,0.1162661173418783,-0.3999999999999915,-0.0999999999999999,-65.27000000000001
18.07799999974668,-0.0313,-0.9046,1.6436,0.0,0.4932,0.8764,0.1522682536049439,-0.0999999999999943,-0.0699999999999999,-64.57,1.5021,-0.8324,1.918,0.4276,0.4538,1.036,0.1162661173418783,-0.3999999999999915,-0.0999999999999999,-65.27000000000001
18.10900000110269,-0.0339,-0.894,1.6536000000000002,0.0,0.5035,0.88,0.1522682536049439,-0.0999999999999943,-0.0699999999999999,-64.57,1.4954,-0.8267,1.908,0.4294,0.4551,1.0352,0.1162661173418783,-0.3999999999999915,-0.0999999999999999,-65.37
18.125,-0.0305,-0.8842,1.6434,0.0,0.496,0.8746,0.1522682536049439,-0.0999999999999943,-0.0699999999999999,-64.66999999999999,1.4902,-0.8365,1.9202,0.4236,0.446,1.0374,0.1162661173418783,-0.3999999999999915,-0.0999999999999999,-65.37
18.140000000596046,-0.0362,-0.8861,1.6442000000000003,0.0,0.4872,0.8746,0.1522682536049439,-0.0999999999999943,-0.0699999999999999,-64.66999999999999,1.503,-0.8263,1.9138,0.4252,0.4481,1.0298,0.1163118944075684,-0.3999999999999915,-0.0999999999999999,-65.47
18.15600000135601,-0.0326,-0.891,1.6585999999999999,0.0,0.5005,0.8818,0.1522682536049439,-0.0999999999999943,-0.0699999999999999,-64.66999999999999,1.4968,-0.8349,1.9202,0.4255,0.452,1.0318,0.1163271534294651,-0.3999999999999915,-0.0999999999999999,-65.47
18.17200000025332,-0.0421,-0.8935,1.648,0.0,0.4958,0.8855999999999998,0.1522682536049439,-0.0999999999999943,-0.0699999999999999,-64.77,1.4981,-0.833,1.9216,0.4244,0.4437,1.0264,0.1163271534294651,-0.3999999999999915,-0.0999999999999999,-65.57
18.20299999974668,-0.0216,-0.9007,1.6512000000000002,0.0,0.5078,0.8786,0.1522682536049439,-0.0999999999999943,-0.0699999999999999,-64.77,1.5074,-0.8321,1.916,0.4274,0.4455,1.0346,0.1163118944075684,-0.3999999999999915,-0.0999999999999999,-65.57
18.21900000050664,-0.0222,-0.8851,1.6407999999999998,0.0,0.5026,0.8746,0.1522682536049439,-0.0999999999999943,-0.0699999999999999,-64.87,1.4939,-0.8235,1.92,0.4204,0.443,1.0276,0.1163118944075684,-0.3999999999999915,-0.0999999999999999,-65.67000000000002
18.23400000110269,-0.0242,-0.8888,1.6402,0.0,0.5012,0.8842,0.1522682536049439,-0.0999999999999943,-0.0699999999999999,-64.87,1.5043,-0.829,1.9194,0.4259,0.4471,1.0328000000000002,0.1163118944075684,-0.3999999999999915,-0.0999999999999999,-65.67000000000002
18.25,-0.0289,-0.8953,1.6374000000000002,0.0,0.4879,0.8672,0.1522987716487373,-0.0999999999999943,-0.0699999999999999,-64.97,1.491,-0.8255,1.9094,0.4182,0.4455,1.0262,0.1162966353856717,-0.2999999999999971,-0.0999999999999999,-65.77000000000001
18.265000000596046,-0.027,-0.8968,1.6536000000000002,0.0,0.4901,0.8753999999999996,0.1522987716487373,-0.0999999999999943,-0.0699999999999999,-64.97,1.4988,-0.8313,1.9138,0.4251,0.455,1.0328000000000002,0.1162966353856717,-0.2999999999999971,-0.0999999999999999,-65.77000000000001
18.29700000025332,-0.031,-0.8926,1.6499999999999997,0.0,0.4922,0.8724,0.1522224765392538,-0.0999999999999943,-0.0699999999999999,-65.07,1.4961,-0.8204,1.9172,0.417,0.4467,1.0378,0.1162966353856717,-0.2999999999999971,-0.0999999999999999,-65.87
18.31200000084937,-0.0241,-0.8819,1.6418,0.0,0.4983,0.8802,0.1522987716487373,-0.0999999999999943,-0.0699999999999999,-65.07,1.4998,-0.83,1.9172,0.4221,0.4526,1.0268,0.1162966353856717,-0.2999999999999971,-0.0999999999999999,-65.87
18.32799999974668,-0.0332,-0.8905,1.6424,0.0,0.5024,0.8778,0.1522529945830472,-0.0999999999999943,-0.0699999999999999,-65.16999999999999,1.5042,-0.8314,1.9192,0.4159,0.4517,1.032,0.1162661173418783,-0.2999999999999971,-0.0999999999999999,-65.87
18.34400000050664,-0.0341,-0.8945,1.6444,0.0,0.4963,0.8733999999999998,0.1522529945830472,-0.0999999999999943,-0.0699999999999999,-65.16999999999999,1.4985,-0.8215,1.9174,0.4194,0.4582,1.0324,0.1162661173418783,-0.2999999999999971,-0.0999999999999999,-65.97
18.375,-0.0328,-0.9015,1.6528,0.0,0.4919,0.8824,0.1522529945830472,-0.0999999999999943,-0.0699999999999999,-65.16999999999999,1.4913,-0.8335,1.9126,0.4256,0.4494,1.0162,0.1162966353856717,-0.2999999999999971,-0.0999999999999999,-65.97
18.390000000596046,-0.0312,-0.8911,1.6562000000000001,0.0,0.5008,0.8796,0.1522072175173571,-0.0999999999999943,-0.0699999999999999,-65.27,1.494,-0.8206,1.9138,0.4336,0.4617,1.036,0.1162966353856717,-0.2999999999999971,-0.0999999999999999,-66.07
18.40600000135601,-0.0327,-0.8934,1.6499999999999997,0.0,0.4945,0.8922,0.1522529945830472,-0.0999999999999943,-0.0699999999999999,-65.27,1.5057,-0.8425,1.9136,0.4147,0.4454,1.0268,0.116281376363775,-0.2999999999999971,-0.0999999999999999,-66.07
18.42200000025332,-0.0216,-0.8968,1.6538000000000002,0.0,0.5018,0.8758,0.1522987716487373,-0.0999999999999943,-0.0699999999999999,-65.37,1.493,-0.8268,1.9176,0.4236,0.4477,1.0238,0.116281376363775,-0.2999999999999971,-0.0999999999999999,-66.17000000000002
18.43700000084937,-0.0207,-0.8918,1.6504,0.0,0.4982,0.8798,0.1522529945830472,-0.0999999999999943,-0.0699999999999999,-65.37,1.4995,-0.8351,1.9222,0.4291,0.4484,1.0378,0.116281376363775,-0.2999999999999971,-0.0999999999999999,-66.17000000000002
18.46900000050664,-0.0293,-0.8834,1.6438,0.0,0.497,0.8798,0.1522377355611505,-0.0999999999999943,-0.0699999999999999,-65.47,1.5029,-0.8295,1.9154,0.4165,0.4489,1.0366000000000002,0.1162966353856717,-0.2999999999999971,-0.0999999999999999,-66.27000000000001
18.48400000110269,-0.0347,-0.8951,1.6470000000000002,0.0,0.4939,0.8824,0.1521919584954604,-0.0999999999999943,-0.0699999999999999,-65.47,1.4987,-0.8304,1.9121999999999997,0.4099,0.4528,1.0296,0.1163118944075684,-0.3999999999999915,-0.0999999999999999,-66.27000000000001
18.5,-0.0317,-0.888,1.6416000000000002,0.0,0.4995,0.8784,0.1521919584954604,-0.0999999999999943,-0.0699999999999999,-65.57,1.5085,-0.8312,1.92,0.4322,0.4574,1.029,0.1163118944075684,-0.3999999999999915,-0.0999999999999999,-66.27000000000001
18.515000000596046,-0.0357,-0.8914,1.6512000000000002,0.0,0.4978,0.8826,0.1522377355611505,-0.0999999999999943,-0.0699999999999999,-65.57,1.5019,-0.8368,1.9268,0.4247,0.4499,1.0356,0.116281376363775,-0.3999999999999915,-0.0999999999999999,-66.37
18.53100000135601,-0.0287,-0.892,1.6564000000000003,0.0,0.4917,0.8802,0.1522377355611505,-0.0999999999999943,-0.0699999999999999,-65.66999999999999,1.4913,-0.8337,1.9234,0.4192,0.4516,1.025,0.1163118944075684,-0.3999999999999915,-0.0999999999999999,-66.37
18.56200000084937,-0.0335,-0.8905,1.6574,0.0,0.5041,0.8724,0.1521919584954604,-0.0999999999999943,-0.0699999999999999,-65.66999999999999,1.4919,-0.8293,1.9124,0.4158,0.4457,1.021,0.1162661173418783,-0.3999999999999915,-0.0999999999999999,-66.47
18.57799999974668,-0.0294,-0.8945,1.6476,0.0,0.4903,0.871,0.1522377355611505,-0.0999999999999943,-0.0699999999999999,-65.66999999999999,1.4988,-0.8252,1.9262,0.42,0.4492,1.0294,0.1162661173418783,-0.3999999999999915,-0.0999999999999999,-66.47
18.59400000050664,-0.0411,-0.8859,1.6463999999999999,0.0,0.4919,0.8674,0.1522682536049439,-0.0999999999999943,-0.0699999999999999,-65.77,1.5024,-0.8258,1.9166,0.4249,0.4569,1.0438,0.1162508583199816,-0.3999999999999915,-0.0999999999999999,-66.57
18.60900000110269,-0.0267,-0.8956,1.6514,0.0,0.4956,0.8736,0.1522682536049439,-0.0999999999999943,-0.0699999999999999,-65.77,1.4967,-0.8298,1.9182,0.4296,0.4479,1.0232,0.1162508583199816,-0.3999999999999915,-0.0999999999999999,-66.57
18.67200000025332,-0.0286,-0.8937,1.6449999999999998,0.0,0.5007,0.8805999999999998,0.1522529945830472,-0.0999999999999943,-0.0699999999999999,-65.87,1.501,-0.8205,1.9188,0.4237,0.4532,1.026,0.1162661173418783,-0.3999999999999915,-0.0999999999999999,-66.67000000000002
18.68700000084937,-0.044,-0.891,1.6556000000000004,0.0,0.5007,0.8788,0.1522529945830472,-0.0999999999999943,-0.0699999999999999,-65.97,1.4954,-0.8324,1.925,0.4178,0.4482,1.028,0.116281376363775,-0.3999999999999915,-0.0999999999999999,-66.77000000000001
18.71900000050664,-0.0368,-0.8533,1.6239999999999999,0.0,0.4837,0.848,0.1522835126268406,-0.0999999999999943,-0.0699999999999999,-66.07,1.4908,-0.8288,1.9142,0.4235,0.4534,1.0298,0.1162661173418783,-0.3999999999999915,-0.0999999999999999,-66.77000000000001
18.73400000110269,-0.0112,-0.7137,1.3818000000000001,0.0,0.3745,0.6481999999999998,0.1522529945830472,-0.0999999999999943,-0.0699999999999999,-66.07,1.3787,-0.7505,1.7776000000000003,0.3772,0.4204,0.9554,0.1162966353856717,-0.3999999999999915,-0.0999999999999999,-66.87
18.75,0.0,-0.585,1.1464,0.0,0.2906,0.4576,0.1522835126268406,-0.0999999999999943,-0.0699999999999999,-66.07,1.1452,-0.5872,1.4492,0.2617,0.3117,0.7512,0.1162966353856717,-0.3999999999999915,-0.0999999999999999,-66.87
18.765000000596046,0.0,-0.4421,0.8845999999999998,0.0,0.2252,0.3161999999999998,0.1522529945830472,-0.0999999999999943,-0.0699999999999999,-66.16999999999999,0.9602,-0.4844,1.1900000000000002,0.1797,0.2303,0.5669999999999998,0.1162661173418783,-0.3999999999999915,-0.0999999999999999,-66.97
18.78100000135601,0.0,-0.391,0.7197999999999998,0.0,0.1845,0.2574,0.152161440451667,-0.0999999999999943,-0.0699999999999999,-66.16999999999999,0.7487,-0.3594,0.9042,0.1315,0.1713,0.4146,0.1162661173418783,-0.3999999999999915,-0.0999999999999999,-66.97
18.81200000084937,0.0,-0.3407,0.6225999999999998,0.0,0.1497,0.2175999999999998,0.1521156633859769,-0.0999999999999943,-0.0699999999999999,-66.27,0.6338,-0.3059,0.7319999999999998,0.1106,0.1331,0.3287999999999998,0.1162508583199816,-0.3999999999999915,-0.0999999999999999,-66.97
18.82799999974668,0.0,-0.3083,0.535,0.0,0.1293,0.1766,0.1517189288166628,-0.0999999999999943,-0.0699999999999999,-66.27,0.5463,-0.2544,0.6198,0.0993,0.1025,0.2729999999999998,0.1160524910353246,-0.3999999999999915,-0.0999999999999999,-67.07
18.84400000050664,0.0,-0.2596,0.4549999999999996,0.0,0.0981,0.1345999999999996,0.1482703898680094,-0.0999999999999943,-0.0699999999999999,-66.37,0.4897,-0.2231,0.5357999999999998,0.0631,0.08,0.2285999999999996,0.1147096971084153,-0.3999999999999915,-0.0999999999999999,-67.07
18.85900000110269,0.0,-0.2445,0.4128,0.0,0.0858,0.111,0.1481177996490424,-0.0999999999999943,-0.0699999999999999,-66.37,0.4357,-0.1868,0.4625999999999998,0.0567,0.0667,0.1769999999999998,0.1098420691233691,-0.3999999999999915,-0.0999999999999999,-67.07
18.890000000596046,0.0,-0.2168,0.3546,0.0,0.0703,0.0878,0.1480872816052491,-0.0999999999999943,-0.0699999999999999,-66.37,0.4077,-0.1586,0.3981999999999998,0.0418,0.0384,0.1474,0.1092011902037079,-0.3999999999999915,-0.0999999999999999,-67.17000000000002
18.90600000135601,0.0,-0.2049,0.317,0.0,0.0614,0.0594,0.1474006256198977,-0.0999999999999943,-0.0699999999999999,-66.47,0.359,-0.1362,0.3565999999999998,0.0425,0.0423,0.1198,0.1087129015030136,-0.3999999999999915,-0.0999999999999999,-67.17000000000002
18.92200000025332,0.0,-0.1862,0.2856,0.0,0.053,0.0547999999999998,0.1473548485542076,-0.0999999999999943,-0.0699999999999999,-66.47,0.3222,-0.1187,0.3168,0.0277,0.0314,0.0789999999999996,0.108392462043183,-0.2999999999999971,-0.0999999999999999,-67.27000000000001
18.93700000084937,0.0,-0.1616,0.2475999999999996,0.0,0.0375,0.0307999999999998,0.1467750057221332,-0.0999999999999943,-0.0699999999999999,-66.57,0.3001,-0.1109,0.2709999999999998,0.0202,0.0067,0.0579999999999998,0.1079957274738689,-0.2999999999999971,-0.0999999999999999,-67.27000000000001
18.95299999974668,0.0,-0.1553,0.2217999999999996,0.0,0.0275,0.0162,0.1466681925688563,-0.0999999999999943,-0.0699999999999999,-66.57,0.2743,-0.0791,0.2359999999999996,0.0,0.0,0.0427999999999996,0.1074921797512779,-0.2999999999999971,-0.0999999999999999,-67.37
18.96900000050664,0.0,-0.1425,0.1973999999999996,0.0,0.0182,0.0086,0.146332494087129,-0.0999999999999943,-0.0699999999999999,-66.57,0.2557,-0.082,0.2016,0.0084,0.0,0.0355999999999996,0.107385366598001,-0.2999999999999971,-0.0999999999999999,-67.37
18.98400000110269,0.0,-0.1242,0.1822,0.0,0.0135,0.0,0.1462104219119554,-0.0999999999999943,-0.0699999999999999,-66.66999999999999,0.2484,-0.0716,0.1851999999999996,0.0,0.0,0.0028,0.1069886320286869,-0.2999999999999971,-0.0999999999999999,-67.37
19.015000000596046,0.0,-0.1195,0.157,0.0,0.0206,0.0,0.1461036087586785,-0.0999999999999943,-0.0699999999999999,-66.66999999999999,0.2271,-0.0584,0.1552,0.0,0.0,0.0053999999999998,0.1069581139848935,-0.2999999999999971,-0.0999999999999999,-67.47
19.03100000135601,0.0,-0.1042,0.1357999999999996,0.0,0.0042,0.0,0.1459510185397116,0.0,-0.0699999999999999,-66.77,0.2197,-0.0612,0.1536,0.0,0.0,0.0,0.106179903868162,-0.2999999999999971,-0.0999999999999999,-67.47
19.04700000025332,0.0,-0.1078,0.126,0.0,0.0,0.0,0.1457679102769512,0.0,-0.0699999999999999,-66.77,0.1968,-0.0407,0.1182,0.0,0.0,0.0,0.1057373922331578,-0.2999999999999971,-0.0999999999999999,-67.57
19.06200000084937,0.0,-0.0912,0.1097999999999996,0.0,0.0,0.0,0.1457679102769512,0.0,-0.0699999999999999,-66.77,0.1858,-0.0423,0.1049999999999996,0.0,0.0,0.0,0.1056000610360875,-0.2999999999999971,-0.0999999999999999,-67.57
19.07799999974668,0.0,-0.0776,0.0866,0.0,0.0,0.0,0.145676356145571,0.0,-0.0699999999999999,-66.87,0.1907,-0.0333,0.0888,0.0,0.0,0.0,0.1054474708171206,-0.2999999999999971,-0.0999999999999999,-67.67000000000002
19.09400000050664,0.0,-0.0826,0.0815999999999998,0.0,0.0,0.0,0.1456000610360875,0.0,-0.0699999999999999,-66.87,0.1708,-0.0268,0.0774,0.0,0.0,0.0,0.1052033264667734,-0.2999999999999971,-0.0999999999999999,-67.67000000000002
19.10900000110269,0.0,-0.053,0.0633999999999996,0.0,0.0,0.0,0.1456000610360875,0.0,-0.0699999999999999,-66.97,0.1582,-0.0208,0.0627999999999996,0.0,0.0,0.0,0.1050812542915999,-0.2999999999999971,-0.0999999999999999,-67.77000000000001
19.125,0.0,-0.0669,0.0519999999999996,0.0,0.0,0.0,0.1456000610360875,0.0,-0.0699999999999999,-66.97,0.146,-0.0077,0.0376,0.0,0.0,0.0,0.1049134050507362,-0.2999999999999971,-0.0999999999999999,-67.77000000000001
19.15600000135601,0.0,-0.0553,0.0347999999999998,0.0,0.0,0.0,0.1455237659266041,0.0,-0.0699999999999999,-66.97,0.1461,-0.0079,0.0318,0.0,0.0,0.0,0.1048828870069428,-0.2999999999999971,-0.0999999999999999,-67.77000000000001
19.17200000025332,0.0,-0.0496,0.0275999999999996,0.0,0.0,0.0,0.1452643625543602,0.0,-0.0699999999999999,-67.07,0.1292,-0.0005,0.0277999999999996,0.0,0.0,0.0,0.1048676279850461,-0.1999999999999886,-0.0999999999999999,-67.87
19.18700000084937,0.0,-0.0532,0.0202,0.0,0.0,0.0,0.1451117723353933,0.0,-0.0699999999999999,-67.07,0.1231,0.0,0.0112,0.0,0.0,0.0,0.1047608148317692,-0.1999999999999886,-0.0999999999999999,-67.87
19.20299999974668,0.0,-0.0335,0.0096,0.0,0.0,0.0,0.1450202182040131,0.0999999999999943,-0.0699999999999999,-67.16999999999999,0.1257,0.0,0.0028,0.0,0.0,0.0,0.104623483634699,-0.0999999999999943,-0.0999999999999999,-67.97
19.21900000050664,0.0,-0.0412,0.0,0.0,0.0,0.0,0.1450202182040131,0.0999999999999943,-0.0699999999999999,-67.16999999999999,0.101,0.0,0.0,0.0,0.0,0.0,0.104623483634699,-0.0999999999999943,-0.0999999999999999,-67.97
19.23400000110269,0.0,-0.0374,0.0024,0.0,0.0,0.0,0.1450202182040131,0.0999999999999943,-0.0699999999999999,-67.16999999999999,0.1046,0.0,0.0,0.0,0.0,0.0,0.1045929655909056,-0.0999999999999943,-0.0999999999999999,-68.07
19.25,0.0,-0.0242,0.0,0.0,0.0,0.0,0.1449897001602197,0.0999999999999943,-0.0699999999999999,-67.27,0.0907,0.0,0.0,0.0,0.0,0.0,0.1045777065690089,-0.0999999999999943,-0.0999999999999999,-68.07
19.265000000596046,0.0,-0.0143,0.0,0.0,0.0,0.0,0.1449591821164263,0.0999999999999943,-0.0699999999999999,-67.27,0.0865,0.0,0.0,0.0,0.0,0.0,0.1045777065690089,-0.0999999999999943,-0.0999999999999999,-68.07
19.28100000135601,0.0,-0.0162,0.0,0.0,0.0,0.0,0.1449591821164263,0.0999999999999943,-0.0699999999999999,-67.37,0.0767,0.0,0.0,0.0,0.0,0.0,0.1045777065690089,-0.0999999999999943,-0.0999999999999999,-68.17000000000002
19.31200000084937,0.0,-0.0063,0.0,0.0,0.0,0.0,0.1449134050507362,0.0999999999999943,-0.0699999999999999,-67.37,0.0781,0.0,0.0,0.0,0.0,0.0,0.1045777065690089,-0.0999999999999943,-0.0999999999999999,-68.17000000000002
19.32799999974668,0.0,-0.0101,0.0,0.0,0.0,0.0,0.1449134050507362,0.0999999999999943,-0.0699999999999999,-67.37,0.0699,0.0,0.0,0.0,0.0,0.0,0.1046082246128023,-0.0999999999999943,-0.0999999999999999,-68.17000000000002
19.34400000050664,0.0,-0.0157,0.0,0.0,0.0,0.0,0.1449897001602197,0.0999999999999943,-0.0699999999999999,-67.47,0.0577,0.0,0.0,0.0,0.0,0.0,0.1046082246128023,-0.0999999999999943,-0.0999999999999999,-68.27000000000001
19.35900000110269,0.0,0.0,0.0,0.0,0.0,0.0,0.1449897001602197,0.0999999999999943,-0.0699999999999999,-67.47,0.0614,0.0,0.0,0.0,0.0,0.0,0.1046082246128023,-0.0999999999999943,-0.0999999999999999,-68.27000000000001
19.375,0.0,-0.0031,0.0,0.0,0.0,0.0,0.1450049591821164,0.0999999999999943,-0.0699999999999999,-67.57,0.0596,0.0,0.0,0.0,0.0,0.0,0.1046692607003891,-0.0999999999999943,-0.0999999999999999,-68.37
19.390000000596046,0.0,-0.0004,0.0,0.0,0.0,0.0,0.1450659952697032,0.0999999999999943,-0.0699999999999999,-67.57,0.0643,0.0,0.0,0.0,0.0,0.0,0.1046540016784924,-0.0999999999999943,-0.0999999999999999,-68.37
19.40600000135601,0.0,0.0,0.0,0.0,0.0,0.0,0.1450659952697032,0.0999999999999943,-0.0699999999999999,-67.57,0.0435,0.0,0.0,0.0,0.0,0.0,0.1046082246128023,-0.0999999999999943,-0.0999999999999999,-68.37
19.42200000025332,0.0,0.0,0.0,0.0,0.0,0.0,0.1450659952697032,0.0999999999999943,-0.0699999999999999,-67.66999999999999,0.0464,0.0,0.0,0.0,0.0,0.0,0.1046082246128023,-0.0999999999999943,-0.0999999999999999,-68.47
19.43700000084937,0.0,0.0,0.0,0.0,0.0,0.0,0.1450659952697032,0.0999999999999943,-0.0699999999999999,-67.66999999999999,0.0494,0.0,0.0,0.0,0.0,0.0,0.1046082246128023,-0.0999999999999943,-0.0999999999999999,-68.47
19.45299999974668,0.0,0.0,0.0,0.0,0.0,0.0,0.1450659952697032,0.0999999999999943,-0.0699999999999999,-67.77,0.0499,0.0,0.0,0.0,0.0,0.0,0.1046540016784924,-0.0999999999999943,-0.0999999999999999,-68.57
19.46900000050664,0.0,0.0,0.0,0.0,0.0,0.0,0.1450659952697032,0.0999999999999943,-0.0699999999999999,-67.77,0.0356,0.0,0.0,0.0,0.0,0.0,0.1045777065690089,-0.0999999999999943,-0.0999999999999999,-68.57
19.5,0.0,0.0,0.0,0.0,0.0,0.0,0.1450659952697032,0.0999999999999943,-0.0699999999999999,-67.77,0.0331,0.0,0.0,0.0,0.0,0.0,0.1045777065690089,-0.0999999999999943,-0.0999999999999999,-68.57
19.515000000596046,0.0,0.0,0.0,0.0,0.0,0.0,0.1451117723353933,0.0999999999999943,-0.0699999999999999,-67.87,0.0308,0.0,0.0,0.0,0.0,0.0,0.1045624475471122,-0.0999999999999943,-0.0999999999999999,-68.67000000000002
19.53100000135601,0.0,0.0,0.0,0.0,0.0,0.0,0.1451117723353933,0.0999999999999943,-0.0699999999999999,-67.87,0.019,0.0,0.0,0.0,0.0,0.0,0.1045777065690089,-0.0999999999999943,-0.0999999999999999,-68.67000000000002
19.54700000025332,0.0,0.0,0.0,0.0,0.0,0.0,0.1451117723353933,0.0999999999999943,-0.0699999999999999,-67.97,0.0263,0.0,0.0,0.0,0.0,0.0,0.1045929655909056,-0.0999999999999943,-0.0999999999999999,-68.77000000000001
19.56200000084937,0.0,0.0,0.0,0.0,0.0,0.0,0.1451117723353933,0.0999999999999943,-0.0699999999999999,-67.97,0.0176,0.0,0.0,0.0,0.0,0.0,0.1045929655909056,-0.0999999999999943,-0.0999999999999999,-68.77000000000001
19.57799999974668,0.0,0.0,0.0,0.0,0.0,0.0,0.1450812542915999,0.0999999999999943,-0.0699999999999999,-67.97,0.016,0.0,0.0,0.0,0.0,0.0,0.1045929655909056,-0.0999999999999943,-0.0999999999999999,-68.77000000000001
19.59400000050664,0.0,0.0,0.0,0.0,0.0,0.0,0.1450659952697032,0.0999999999999943,-0.0699999999999999,-68.07,0.0143,0.0,0.0,0.0,0.0,0.0,0.104623483634699,-0.0999999999999943,5.551115123125783e-17,-68.87
19.60900000110269,0.0,0.0,0.0,0.0,0.0,0.0,0.1450659952697032,0.0999999999999943,-0.0699999999999999,-68.07,0.0144,0.0,0.0,0.0,0.0,0.0,0.104623483634699,-0.0999999999999943,5.551115123125783e-17,-68.87
19.625,0.0,0.0,0.0,0.0,0.0,0.0,0.1450507362478065,0.0999999999999943,-0.0699999999999999,-68.16999999999999,0.0001,0.0,0.0,0.0,0.0,0.0,0.104623483634699,-0.0999999999999943,5.551115123125783e-17,-68.97
19.65600000135601,0.0,0.0,0.0,0.0,0.0,0.0,0.1450507362478065,0.0999999999999943,-0.0699999999999999,-68.16999999999999,0.0057,0.0,0.0,0.0,0.0,0.0,0.104623483634699,-0.0999999999999943,5.551115123125783e-17,-68.97
19.65600000135601,0.0,0.0,0.0,0.0,0.0,0.0,0.1450507362478065,0.0999999999999943,-0.0699999999999999,-68.16999999999999,0.0,0.0,0.0,0.0,0.0,0.0,0.104623483634699,-0.0999999999999943,5.551115123125783e-17,-68.97
19.68700000084937,0.0,0.0,0.0,0.0,0.0,0.0,0.1450507362478065,0.0999999999999943,-0.0699999999999999,-68.27,0.0,0.0,0.0,0.0,0.0,0.0,0.104623483634699,-0.0999999999999943,5.551115123125783e-17,-69.07
19.70299999974668,0.0,0.0,0.0,0.0,0.0,0.0,0.1450507362478065,0.0999999999999943,-0.0699999999999999,-68.27,0.0,0.0,0.0,0.0,0.0,0.0,0.104623483634699,-0.0999999999999943,5.551115123125783e-17,-69.07
19.71900000050664,0.0,0.0,0.0,0.0,0.0,0.0,0.1450965133134966,0.0999999999999943,-0.0699999999999999,-68.37,0.0048,0.0,0.0,0.0,0.0,0.0,0.104623483634699,-0.0999999999999943,5.551115123125783e-17,-69.17000000000002
19.73400000110269,0.0,0.0,0.0,0.0,0.0,0.0,0.1450965133134966,0.0999999999999943,-0.0699999999999999,-68.37,0.0,0.0,0.0,0.0,0.0,0.0,0.104623483634699,-0.0999999999999943,5.551115123125783e-17,-69.17000000000002
19.75,0.0,0.0,0.0,0.0,0.0,0.0,0.14512703135729,0.0999999999999943,-0.0699999999999999,-68.47,0.0,0.0,0.0,0.0,0.0,0.0,0.104623483634699,-0.0999999999999943,5.551115123125783e-17,-69.17000000000002
19.765000000596046,0.0,0.0,0.0,0.0,0.0,0.0,0.1450965133134966,0.0999999999999943,-0.0699999999999999,-68.47,0.0,0.0,0.0,0.0,0.0,0.0,0.104623483634699,-0.0999999999999943,5.551115123125783e-17,-69.27000000000001
19.78100000135601,0.0,0.0,0.0,0.0,0.0,0.0,0.1450965133134966,0.0999999999999943,-0.0699999999999999,-68.57,0.0,0.0,0.0,0.0,0.0,0.0,0.104623483634699,-0.0999999999999943,5.551115123125783e-17,-69.27000000000001
19.79700000025332,0.0,0.0,0.0,0.0,0.0,0.0,0.1450507362478065,0.0999999999999943,-0.0699999999999999,-68.57,0.0,0.0,0.0,0.0,0.0,0.0,0.1046387426565957,-0.0999999999999943,5.551115123125783e-17,-69.37
19.82799999974668,0.0,0.0,0.0,0.0,0.0,0.0,0.1450507362478065,0.0999999999999943,-0.0699999999999999,-68.57,0.0,0.0,0.0,0.0,0.0,0.0,0.1046387426565957,-0.0999999999999943,5.551115123125783e-17,-69.37
19.84400000050664,0.0,0.0,0.0,0.0,0.0,0.0,0.1450354772259098,0.0999999999999943,-0.0699999999999999,-68.66999999999999,0.0,0.0,0.0,0.0,0.0,0.0,0.1046387426565957,-0.0999999999999943,5.551115123125783e-17,-69.47
19.85900000110269,0.0,0.0,0.0,0.0,0.0,0.0,0.1450049591821164,0.0999999999999943,-0.0699999999999999,-68.66999999999999,0.0,0.0,0.0,0.0,0.0,0.0,0.1046387426565957,-0.0999999999999943,5.551115123125783e-17,-69.47
19.875,0.0,0.0,0.0,0.0,0.0,0.0,0.1450049591821164,0.0999999999999943,-0.0699999999999999,-68.77,0.0,0.0,0.0,0.0,0.0,0.0,0.1046387426565957,-0.0999999999999943,5.551115123125783e-17,-69.47
19.890000000596046,0.0,0.0,0.0,0.0,0.0,0.0,0.1450049591821164,0.0999999999999943,-0.0699999999999999,-68.77,0.0,0.0,0.0,0.0,0.0,0.0,0.1046387426565957,-0.0999999999999943,5.551115123125783e-17,-69.57
19.90600000135601,0.0,0.0,0.0,0.0,0.0,0.0,0.1449591821164263,0.0999999999999943,-0.0699999999999999,-68.77,0.0,0.0,0.0,0.0,0.0,0.0,0.1046387426565957,-0.0999999999999943,5.551115123125783e-17,-69.57
19.92200000025332,0.0,0.0,0.0,0.0,0.0,0.0,0.1450049591821164,0.0999999999999943,-0.0699999999999999,-68.87,0.0,0.0,0.0,0.0,0.0,0.0,0.1046387426565957,-0.0999999999999943,5.551115123125783e-17,-69.67000000000002
19.93700000084937,0.0,0.0,0.0,0.0,0.0,0.0,0.1484229800869764,0.0999999999999943,-0.0699999999999999,-68.87,0.0,0.0,0.0,0.0,0.0,0.0,0.1046387426565957,-0.0999999999999943,5.551115123125783e-17,-69.67000000000002
19.95299999974668,0.0,0.0,0.0,0.0,0.0,0.0,0.1450049591821164,0.0999999999999943,-0.0699999999999999,-68.97,0.0,0.0,0.0,0.0,0.0,0.0,0.1046387426565957,-0.0999999999999943,5.551115123125783e-17,-69.67000000000002
19.96900000050664,0.0,0.0,0.0,0.0,0.0,0.0,0.1449591821164263,0.0999999999999943,-0.0699999999999999,-68.97,0.0,0.0,0.0,0.0,0.0,0.0,0.1046387426565957,-0.0999999999999943,5.551115123125783e-17,-69.77000000000001
19.98400000110269,0.0,0.0,0.0,0.0,0.0,0.0,0.144119935912108,0.0999999999999943,-0.0699999999999999,-68.97,0.0,0.0,0.0,0.0,0.0,0.0,0.1046387426565957,-0.0999999999999943,5.551115123125783e-17,-69.77000000000001
20.0,0.0,0.0,0.0,0.0,0.0,0.0,0.144119935912108,0.0999999999999943,-0.0699999999999999,-69.07,0.0,0.0,0.0,0.0,0.0,0.0,0.1046540016784924,-0.0999999999999943,5.551115123125783e-17,-69.87
20.03100000135601,0.0,0.0,0.0,0.0,0.0,0.0,0.144119935912108,0.0999999999999943,-0.0699999999999999,-69.07,0.0,0.0,0.0,0.0,0.0,0.0,0.1046540016784924,-0.0999999999999943,5.551115123125783e-17,-69.87
20.04700000025332,0.0,0.0,0.0,0.0,0.0,0.0,0.144119935912108,0.0999999999999943,-0.0699999999999999,-69.16999999999999,0.0,0.0,0.0,0.0,0.0,0.0,0.1046997787441825,-0.0999999999999943,5.551115123125783e-17,-69.87
20.06200000084937,0.0,0.0,0.0,0.0,0.0,0.0,0.144119935912108,0.0999999999999943,-0.0699999999999999,-69.16999999999999,0.0,0.0,0.0,0.0,0.0,0.0,0.1046997787441825,-0.0999999999999943,5.551115123125783e-17,-69.97
20.07799999974668,0.0,0.0,0.0,0.0,0.0,0.0,0.1441809719996948,0.0999999999999943,-0.0699999999999999,-69.27,0.0,0.0,0.0,0.0,0.0,0.0,0.1046997787441825,-0.0999999999999943,5.551115123125783e-17,-69.97
20.09400000050664,0.0,0.0,0.0,0.0,0.0,0.0,0.1449286640726329,0.0999999999999943,-0.0699999999999999,-69.27,0.0,0.0,0.0,0.0,0.0,0.0,0.1047302967879759,-0.0999999999999943,5.551115123125783e-17,-70.07
20.10900000110269,0.0,0.0,0.0,0.0,0.0,0.0,0.1450049591821164,0.0999999999999943,-0.0699999999999999,-69.27,0.0,0.0,0.0,0.0,0.0,0.0,0.1047302967879759,-0.0999999999999943,5.551115123125783e-17,-70.07
20.125,0.0,0.0,0.0,0.0,0.0,0.0,0.1450202182040131,0.0999999999999943,-0.0699999999999999,-69.37,0.0,0.0,0.0,0.0,0.0,0.0,0.1047608148317692,-0.0999999999999943,5.551115123125783e-17,-70.07
20.140000000596046,0.0,0.0,0.0,0.0,0.0,0.0,0.1450659952697032,0.0999999999999943,-0.0699999999999999,-69.37,0.0,0.0,0.0,0.0,0.0,0.0,0.1047608148317692,-0.0999999999999943,5.551115123125783e-17,-70.17000000000002
20.15600000135601,0.0,0.0,0.0,0.0,0.0,0.0,0.1450659952697032,0.0999999999999943,-0.0699999999999999,-69.47,0.0,0.0,0.0,0.0,0.0,0.0,0.1047608148317692,-0.0999999999999943,5.551115123125783e-17,-70.17000000000002
20.17200000025332,0.0,0.0,0.0,0.0,0.0,0.0,0.1450812542915999,0.0999999999999943,-0.0699999999999999,-69.47,0.0,0.0,0.0,0.0,0.0,0.0,0.1047302967879759,-0.0999999999999943,5.551115123125783e-17,-70.27000000000001
20.18700000084937,0.0,0.0,0.0,0.0,0.0,0.0,0.1450812542915999,0.0999999999999943,-0.0699999999999999,-69.47,0.0,0.0,0.0,0.0,0.0,0.0,0.1047302967879759,-0.0999999999999943,5.551115123125783e-17,-70.27000000000001
20.21900000050664,0.0,0.0,0.0,0.0,0.0,0.0,0.1450812542915999,0.0999999999999943,-0.0699999999999999,-69.57,0.0,0.0,0.0,0.0,0.0,0.0,0.1046845197222858,-0.0999999999999943,5.551115123125783e-17,-70.27000000000001
20.23400000110269,0.0,0.0,0.0,0.0,0.0,0.0,0.1450812542915999,0.0999999999999943,-0.0699999999999999,-69.57,0.0,0.0,0.0,0.0,0.0,0.0,0.1046845197222858,-0.0999999999999943,5.551115123125783e-17,-70.37
20.25,0.0,0.0,0.0,0.0,0.0,0.0,0.1451117723353933,0.0999999999999943,-0.0699999999999999,-69.66999999999999,0.0,0.0,0.0,0.0,0.0,0.0,0.1046845197222858,-0.0999999999999943,5.551115123125783e-17,-70.37
20.265000000596046,0.0,0.0,0.0,0.0,0.0,0.0,0.1451117723353933,0.0999999999999943,-0.0699999999999999,-69.66999999999999,0.0,0.0,0.0,0.0,0.0,0.0,0.1046845197222858,-0.0999999999999943,5.551115123125783e-17,-70.47
20.28100000135601,0.0,0.0,0.0,0.0,0.0,0.0,0.1450659952697032,0.0999999999999943,-0.0699999999999999,-69.66999999999999,0.0,0.0,0.0,0.0,0.0,0.0,0.1046845197222858,-0.0999999999999943,5.551115123125783e-17,-70.47
20.29700000025332,0.0,0.0,0.0,0.0,0.0,0.0,0.1450354772259098,0.0999999999999943,-0.0699999999999999,-69.77,0.0,0.0,0.0,0.0,0.0,0.0,0.1046845197222858,-0.0999999999999943,5.551115123125783e-17,-70.47
20.31200000084937,0.0,0.0,0.0,0.0,0.0,0.0,0.1450354772259098,0.0999999999999943,-0.0699999999999999,-69.77,0.0,0.0,0.0,0.0,0.0,0.0,0.1046845197222858,-0.0999999999999943,5.551115123125783e-17,-70.57
20.32799999974668,0.0,0.0,0.0,0.0,0.0,0.0,0.1450354772259098,0.0999999999999943,-0.0699999999999999,-69.87,0.0,0.0,0.0,0.0,0.0,0.0,0.1046997787441825,-0.0999999999999943,5.551115123125783e-17,-70.57
20.34400000050664,0.0,0.0,0.0,0.0,0.0,0.0,0.1450354772259098,0.0999999999999943,-0.0699999999999999,-69.87,0.0,0.0,0.0,0.0,0.0,0.0,0.1046997787441825,-0.0999999999999943,5.551115123125783e-17,-70.67000000000002
20.35900000110269,0.0,0.0,0.0,0.0,0.0,0.0,0.1450354772259098,0.0999999999999943,-0.0699999999999999,-69.87,0.0,0.0,0.0,0.0,0.0,0.0,0.1046997787441825,-0.0999999999999943,5.551115123125783e-17,-70.67000000000002
20.375,0.0,0.0,0.0,0.0,0.0,0.0,0.1450659952697032,0.0999999999999943,-0.0699999999999999,-69.97,0.0,0.0,0.0,0.0,0.0,0.0,0.1046997787441825,-0.0999999999999943,5.551115123125783e-17,-70.67000000000002
20.390000000596046,0.0,0.0,0.0,0.0,0.0,0.0,0.1450659952697032,0.0999999999999943,-0.0699999999999999,-69.97,0.0,0.0,0.0,0.0,0.0,0.0,0.1046997787441825,-0.0999999999999943,5.551115123125783e-17,-70.77000000000001
20.42200000025332,0.0,0.0,0.0,0.0,0.0,0.0,0.1452338445105668,0.0999999999999943,-0.0699999999999999,-70.07,0.0,0.0,0.0,0.0,0.0,0.0,0.1046997787441825,-0.0999999999999943,5.551115123125783e-17,-70.77000000000001
20.43700000084937,0.0,0.0,0.0,0.0,0.0,0.0,0.1452338445105668,0.0999999999999943,-0.0699999999999999,-70.07,0.0,0.0,0.0,0.0,0.0,0.0,0.1046997787441825,-0.0999999999999943,5.551115123125783e-17,-70.87
20.45299999974668,0.0,0.0,0.0,0.0,0.0,0.0,0.1452338445105668,0.0999999999999943,-0.0699999999999999,-70.07,0.0,0.0,0.0,0.0,0.0,0.0,0.1046997787441825,-0.0999999999999943,5.551115123125783e-17,-70.87
20.46900000050664,0.0,0.0,0.0,0.0,0.0,0.0,0.1452338445105668,0.0999999999999943,-0.0699999999999999,-70.16999999999999,0.0,0.0,0.0,0.0,0.0,0.0,0.1046997787441825,-0.0999999999999943,5.551115123125783e-17,-70.87
20.48400000110269,0.0,0.0,0.0,0.0,0.0,0.0,0.1452491035324635,0.0999999999999943,-0.0699999999999999,-70.16999999999999,0.0,0.0,0.0,0.0,0.0,0.0,0.1046845197222858,-0.0999999999999943,5.551115123125783e-17,-70.97
20.5,0.0,0.0,0.0,0.0,0.0,0.0,0.1452491035324635,0.0999999999999943,-0.0699999999999999,-70.27,0.0,0.0,0.0,0.0,0.0,0.0,0.1046845197222858,-0.0999999999999943,5.551115123125783e-17,-70.97
20.515000000596046,0.0,0.0,0.0,0.0,0.0,0.0,0.1452491035324635,0.0999999999999943,-0.0699999999999999,-70.27,0.0,0.0,0.0,0.0,0.0,0.0,0.1046845197222858,-0.0999999999999943,5.551115123125783e-17,-71.07
20.53100000135601,0.0,0.0,0.0,0.0,0.0,0.0,0.1452491035324635,0.0999999999999943,-0.0699999999999999,-70.27,0.0,0.0,0.0,0.0,0.0,0.0,0.1046845197222858,-0.0999999999999943,5.551115123125783e-17,-71.07
20.54700000025332,0.0,0.0,0.0,0.0,0.0,0.0,0.1452643625543602,0.0999999999999943,-0.0699999999999999,-70.37,0.0,0.0,0.0,0.0,0.0,0.0,0.1046845197222858,-0.0999999999999943,5.551115123125783e-17,-71.17000000000002
20.56200000084937,0.0,0.0,0.0,0.0,0.0,0.0,0.1452643625543602,0.0999999999999943,-0.0699999999999999,-70.37,0.0,0.0,0.0,0.0,0.0,0.0,0.1046845197222858,-0.0999999999999943,5.551115123125783e-17,-71.17000000000002
20.57799999974668,0.0,0.0,0.0,0.0,0.0,0.0,0.1452796215762569,0.0999999999999943,-0.0699999999999999,-70.47,0.0,0.0,0.0,0.0,0.0,0.0,0.1046845197222858,-0.0999999999999943,5.551115123125783e-17,-71.17000000000002
20.59400000050664,0.0,0.0,0.0,0.0,0.0,0.0,0.1453101396200503,0.0999999999999943,-0.0699999999999999,-70.47,0.0,0.0,0.0,0.0,0.0,0.0,0.1046845197222858,-0.0999999999999943,5.551115123125783e-17,-71.27000000000001
20.625,0.0,0.0,0.0,0.0,0.0,0.0,0.1453101396200503,0.0999999999999943,-0.0699999999999999,-70.47,0.0,0.0,0.0,0.0,0.0,0.0,0.1046845197222858,-0.0999999999999943,5.551115123125783e-17,-71.27000000000001
20.640000000596046,0.0,0.0,0.0,0.0,0.0,0.0,0.1453101396200503,0.0999999999999943,-0.0699999999999999,-70.57,0.0,0.0,0.0,0.0,0.0,0.0,0.1046845197222858,-0.0999999999999943,5.551115123125783e-17,-71.37
20.65600000135601,0.0,0.0,0.0,0.0,0.0,0.0,0.1453101396200503,0.0999999999999943,-0.0699999999999999,-70.57,0.0,0.0,0.0,0.0,0.0,0.0,0.1046845197222858,-0.0999999999999943,5.551115123125783e-17,-71.37
20.67200000025332,0.0,0.0,0.0,0.0,0.0,0.0,0.1452948805981536,0.0999999999999943,-0.0699999999999999,-70.66999999999999,0.0,0.0,0.0,0.0,0.0,0.0,0.1046692607003891,-0.0999999999999943,5.551115123125783e-17,-71.37
20.68700000084937,0.0,0.0,0.0,0.0,0.0,0.0,0.1452796215762569,0.0999999999999943,-0.0699999999999999,-70.66999999999999,0.0,0.0,0.0,0.0,0.0,0.0,0.1046692607003891,-0.0999999999999943,5.551115123125783e-17,-71.47
20.70299999974668,0.0,0.0,0.0,0.0,0.0,0.0,0.1452796215762569,0.0999999999999943,-0.0699999999999999,-70.66999999999999,0.0,0.0,0.0,0.0,0.0,0.0,0.1046692607003891,-0.0999999999999943,5.551115123125783e-17,-71.47
20.71900000050664,0.0,0.0,0.0,0.0,0.0,0.0,0.1452491035324635,0.0999999999999943,-0.0699999999999999,-70.77,0.0,0.0,0.0,0.0,0.0,0.0,0.1046845197222858,-0.0999999999999943,5.551115123125783e-17,-71.57
20.73400000110269,0.0,0.0,0.0,0.0,0.0,0.0,0.1452491035324635,0.0999999999999943,-0.0699999999999999,-70.77,0.0,0.0,0.0,0.0,0.0,0.0,0.1046845197222858,-0.0999999999999943,5.551115123125783e-17,-71.57
20.75,0.0,0.0,0.0,0.0,0.0,0.0,0.1452491035324635,0.0999999999999943,-0.0699999999999999,-70.87,0.0,0.0,0.0,0.0,0.0,0.0,0.1046845197222858,-0.0999999999999943,5.551115123125783e-17,-71.57
20.765000000596046,0.0,0.0,0.0,0.0,0.0,0.0,0.1452491035324635,0.0999999999999943,-0.0699999999999999,-70.87,0.0,0.0,0.0,0.0,0.0,0.0,0.1046845197222858,-0.0999999999999943,5.551115123125783e-17,-71.67000000000002
20.78100000135601,0.0,0.0,0.0,0.0,0.0,0.0,0.1452643625543602,0.0999999999999943,-0.0699999999999999,-70.87,0.0,0.0,0.0,0.0,0.0,0.0,0.1046845197222858,-0.0999999999999943,5.551115123125783e-17,-71.67000000000002
20.79700000025332,0.0,0.0,0.0,0.0,0.0,0.0,0.1452796215762569,0.0999999999999943,-0.0699999999999999,-70.97,0.0,0.0,0.0,0.0,0.0,0.0,0.1046845197222858,-0.0999999999999943,5.551115123125783e-17,-71.77000000000001
20.82799999974668,0.0,0.0,0.0,0.0,0.0,0.0,0.1452796215762569,0.0999999999999943,-0.0699999999999999,-70.97,0.0,0.0,0.0,0.0,0.0,0.0,0.1046845197222858,-0.0999999999999943,5.551115123125783e-17,-71.77000000000001
20.84400000050664,0.0,0.0,0.0,0.0,0.0,0.0,0.1452948805981536,0.0999999999999943,-0.0699999999999999,-71.07,0.0,0.0,0.0,0.0,0.0,0.0,0.1046845197222858,-0.0999999999999943,5.551115123125783e-17,-71.77000000000001
20.85900000110269,0.0,0.0,0.0,0.0,0.0,0.0,0.1452796215762569,0.0999999999999943,-0.0699999999999999,-71.07,0.0,0.0,0.0,0.0,0.0,0.0,0.1047150377660792,-0.0999999999999943,5.551115123125783e-17,-71.87
20.875,0.0,0.0,0.0,0.0,0.0,0.0,0.1452796215762569,0.0999999999999943,-0.0699999999999999,-71.07,0.0,0.0,0.0,0.0,0.0,0.0,0.1047150377660792,-0.0999999999999943,5.551115123125783e-17,-71.87
20.890000000596046,0.0,0.0,0.0,0.0,0.0,0.0,0.1452948805981536,0.0999999999999943,-0.0699999999999999,-71.16999999999999,0.0,0.0,0.0,0.0,0.0,0.0,0.1047150377660792,-0.0999999999999943,5.551115123125783e-17,-71.97
20.90600000135601,0.0,0.0,0.0,0.0,0.0,0.0,0.1452948805981536,0.0999999999999943,-0.0699999999999999,-71.16999999999999,0.0,0.0,0.0,0.0,0.0,0.0,0.1046997787441825,-0.0999999999999943,5.551115123125783e-17,-71.97
20.92200000025332,0.0,0.0,0.0,0.0,0.0,0.0,0.1452948805981536,0.0999999999999943,-0.0699999999999999,-71.27,0.0,0.0,0.0,0.0,0.0,0.0,0.1047150377660792,-0.0999999999999943,5.551115123125783e-17,-71.97
20.93700000084937,0.0,0.0,0.0,0.0,0.0,0.0,0.1452948805981536,0.0999999999999943,-0.0699999999999999,-71.27,0.0,0.0,0.0,0.0,0.0,0.0,0.1046997787441825,-0.0999999999999943,5.551115123125783e-17,-72.07
20.95299999974668,0.0,0.0,0.0,0.0,0.0,0.0,0.1453101396200503,0.0999999999999943,-0.0699999999999999,-71.27,0.0,0.0,0.0,0.0,0.0,0.0,0.1046997787441825,-0.0999999999999943,5.551115123125783e-17,-72.07
20.96900000050664,0.0,0.0,0.0,0.0,0.0,0.0,0.1453101396200503,0.0999999999999943,-0.0699999999999999,-71.37,0.0,0.0,0.0,0.0,0.0,0.0,0.1046997787441825,-0.0999999999999943,5.551115123125783e-17,-72.17000000000002
20.98400000110269,0.0,0.0,0.0,0.0,0.0,0.0,0.1452948805981536,0.0999999999999943,-0.0699999999999999,-71.37,0.0,0.0,0.0,0.0,0.0,0.0,0.1046997787441825,-0.0999999999999943,5.551115123125783e-17,-72.17000000000002
21.015000000596046,0.0,0.0,0.0,0.0,0.0,0.0,0.1452948805981536,0.0999999999999943,-0.0699999999999999,-71.47,0.0,0.0,0.0,0.0,0.0,0.0,0.1046997787441825,-0.0999999999999943,5.551115123125783e-17,-72.17000000000002
21.03100000135601,0.0,0.0,0.0,0.0,0.0,0.0,0.1452948805981536,0.0999999999999943,-0.0699999999999999,-71.47,0.0,0.0,0.0,0.0,0.0,0.0,0.1046997787441825,-0.0999999999999943,5.551115123125783e-17,-72.27000000000001
21.04700000025332,0.0,0.0,0.0,0.0,0.0,0.0,0.1452796215762569,0.0999999999999943,-0.0699999999999999,-71.47,0.0,0.0,0.0,0.0,0.0,0.0,0.1046997787441825,-0.0999999999999943,5.551115123125783e-17,-72.27000000000001
21.06200000084937,0.0,0.0,0.0,0.0,0.0,0.0,0.1452948805981536,0.0999999999999943,-0.0699999999999999,-71.57,0.0,0.0,0.0,0.0,0.0,0.0,0.1047455558098725,-0.0999999999999943,5.551115123125783e-17,-72.37
21.07799999974668,0.0,0.0,0.0,0.0,0.0,0.0,0.1452948805981536,0.0999999999999943,-0.0699999999999999,-71.57,0.0,0.0,0.0,0.0,0.0,0.0,0.1047455558098725,-0.0999999999999943,5.551115123125783e-17,-72.37
21.09400000050664,0.0,0.0,0.0,0.0,0.0,0.0,0.1453864347295338,0.0999999999999943,-0.0699999999999999,-71.66999999999999,0.0,0.0,0.0,0.0,0.0,0.0,0.1046997787441825,-0.0999999999999943,5.551115123125783e-17,-72.47
21.10900000110269,0.0,0.0,0.0,0.0,0.0,0.0,0.1453864347295338,0.0999999999999943,-0.0699999999999999,-71.66999999999999,0.0,0.0,0.0,0.0,0.0,0.0,0.1046997787441825,-0.0999999999999943,5.551115123125783e-17,-72.47
21.125,0.0,0.0,0.0,0.0,0.0,0.0,0.1453864347295338,0.0999999999999943,-0.0699999999999999,-71.66999999999999,0.0,0.0,0.0,0.0,0.0,0.0,0.1046997787441825,-0.0999999999999943,5.551115123125783e-17,-72.47
21.140000000596046,0.0,0.0,0.0,0.0,0.0,0.0,0.1453864347295338,0.0999999999999943,-0.0699999999999999,-71.77,0.0,0.0,0.0,0.0,0.0,0.0,0.1047302967879759,-0.0999999999999943,5.551115123125783e-17,-72.57
21.15600000135601,0.0,0.0,0.0,0.0,0.0,0.0,0.1454016937514305,0.0999999999999943,-0.0699999999999999,-71.77,0.0,0.0,0.0,0.0,0.0,0.0,0.1046997787441825,-0.0999999999999943,5.551115123125783e-17,-72.57
21.17200000025332,0.0,0.0,0.0,0.0,0.0,0.0,0.1454169527733272,0.0999999999999943,-0.0699999999999999,-71.87,0.0,0.0,0.0,0.0,0.0,0.0,0.1046997787441825,-0.0999999999999943,5.551115123125783e-17,-72.67000000000002
21.18700000084937,0.0,0.0,0.0,0.0,0.0,0.0,0.1454169527733272,0.0999999999999943,-0.0699999999999999,-71.87,0.0,0.0,0.0,0.0,0.0,0.0,0.1047302967879759,-0.0999999999999943,5.551115123125783e-17,-72.67000000000002
21.21900000050664,0.0,0.0,0.0,0.0,0.0,0.0,0.1454016937514305,0.0999999999999943,-0.0699999999999999,-71.87,0.0,0.0,0.0,0.0,0.0,0.0,0.1047302967879759,-0.0999999999999943,5.551115123125783e-17,-72.67000000000002
21.23400000110269,0.0,0.0,0.0,0.0,0.0,0.0,0.1454016937514305,0.0999999999999943,-0.0699999999999999,-71.97,0.0,0.0,0.0,0.0,0.0,0.0,0.1047302967879759,-0.0999999999999943,5.551115123125783e-17,-72.77000000000001
21.25,0.0,0.0,0.0,0.0,0.0,0.0,0.1453711757076371,0.0999999999999943,-0.0699999999999999,-71.97,0.0,0.0,0.0,0.0,0.0,0.0,0.1046997787441825,-0.0999999999999943,5.551115123125783e-17,-72.77000000000001
21.265000000596046,0.0,0.0,0.0,0.0,0.0,0.0,0.1453406576638437,0.0999999999999943,-0.0699999999999999,-72.07,0.0,0.0,0.0,0.0,0.0,0.0,0.1046997787441825,-0.0999999999999943,5.551115123125783e-17,-72.87
21.28100000135601,0.0,0.0,0.0,0.0,0.0,0.0,0.1453101396200503,0.0999999999999943,-0.0699999999999999,-72.07,0.0,0.0,0.0,0.0,0.0,0.0,0.1046997787441825,-0.0999999999999943,5.551115123125783e-17,-72.87
21.29700000025332,0.0,0.0,0.0,0.0,0.0,0.0,0.1452796215762569,0.0999999999999943,-0.0699999999999999,-72.07,0.0,0.0,0.0,0.0,0.0,0.0,0.1046997787441825,-0.0999999999999943,5.551115123125783e-17,-72.87
21.31200000084937,0.0,0.0,0.0,0.0,0.0,0.0,0.1451880674448767,0.0999999999999943,-0.0699999999999999,-72.16999999999999,0.0,0.0,0.0,0.0,0.0,0.0,0.1046845197222858,-0.0999999999999943,5.551115123125783e-17,-72.97
21.32799999974668,0.0,0.0,0.0,0.0,0.0,0.0,0.14517280842298,0.0999999999999943,-0.0699999999999999,-72.16999999999999,0.0,0.0,0.0,0.0,0.0,0.0,0.1046387426565957,-0.0999999999999943,5.551115123125783e-17,-72.97
